date,sys,spy,live
2012-01-03,1.0,1.0,0
2012-01-04,0.9848107695,1.0015690928,0
2012-01-05,0.9844765617,1.0042359791,0
2012-01-06,0.9960206492,1.0016473853,0
2012-01-09,0.9946564343,1.0040790853,0
2012-01-10,0.9914842706,1.0127849173,0
2012-01-11,1.009446564,1.0133338141,0
2012-01-12,1.0074877719,1.0157651281,0
2012-01-13,1.0227533992,1.0105102655,0
2012-01-17,1.0292291358,1.0144319165,0
2012-01-18,1.0117470929,1.0256475094,0
2012-01-19,0.9902527854,1.0310591886,0
2012-01-20,0.9739644235,1.0349023927,0
2012-01-23,0.9646609688,1.0322357379,0
2012-01-24,0.9659033592,1.0310591886,0
2012-01-25,0.9658826432,1.0396869597,0
2012-01-26,0.9835547911,1.0343532642,0
2012-01-27,0.990502356,1.0338828916,0
2012-01-30,1.0068686844,1.0303535524,0
2012-01-31,1.0240359774,1.0299614722,0
2012-02-01,1.0075641637,1.0389807831,0
2012-02-02,1.0055269469,1.0406277051,0
2012-02-03,0.9785219887,1.0552160522,0
2012-02-06,0.9925757453,1.0545103387,0
2012-02-07,0.9780319635,1.0571770707,0
2012-02-08,0.972170953,1.0603140209,0
2012-02-09,0.9637286178,1.0616473868,0
2012-02-10,0.9663507319,1.0538040848,0
2012-02-13,0.9898353173,1.0616473868,0
2012-02-14,0.9911555083,1.0603140209,0
2012-02-15,0.9885098645,1.055372946,0
2012-02-16,0.9897945999,1.067059452,0
2012-02-17,0.9756595173,1.069883155,0
2012-02-21,0.9632095773,1.0703537593,0
2012-02-22,0.9611014145,1.0669025582,0
2012-02-23,0.969866034,1.0716082923,0
2012-02-24,0.9806510395,1.0739615454,0
2012-02-27,0.9862656939,1.0757655157,0
2012-02-28,0.9978105753,1.0789025431,0
2012-02-29,0.9828900242,1.0746671044,0
2012-03-01,0.9913110075,1.0802358318,0
2012-03-02,0.992003769,1.0769417562,0
2012-03-05,0.9683319503,1.0725496553,0
2012-03-06,0.9589780606,1.0568629742,0
2012-03-07,0.9675592758,1.0642359035,0
2012-03-08,0.9780628648,1.074823921,0
2012-03-09,0.9854824845,1.0789809128,0
2012-03-12,0.9878552805,1.0790595141,0
2012-03-13,1.0291481317,1.0985104119,0
2012-03-14,1.0386373636,1.0973338626,0
2012-03-15,1.0462021071,1.1036868276,0
2012-03-16,1.0450110055,1.1052150754,0
2012-03-19,1.0600014616,1.1095478778,0
2012-03-20,1.0601218798,1.1063177333,0
2012-03-21,1.0577471415,1.1045058103,0
2012-03-22,1.0446454724,1.096549625,0
2012-03-23,1.0486616841,1.1000948698,0
2012-03-26,1.0915616725,1.1155343969,0
2012-03-27,1.0897980972,1.1120687572,0
2012-03-28,1.0814645215,1.1065543867,0
2012-03-29,1.0732487429,1.1046637851,0
2012-03-30,1.0706334709,1.109232932,0
2012-04-02,1.0941170162,1.1173464743,0
2012-04-03,1.0902080373,1.1127775591,0
2012-04-04,1.0521334628,1.1017490497,0
2012-04-05,1.0543190048,1.1011976821,0
2012-04-09,1.031490713,1.0888298615,0
2012-04-10,0.9906450719,1.0705538916,0
2012-04-11,1.0083545564,1.079219342,0
2012-04-12,1.028417654,1.093320021,0
2012-04-13,0.9989400137,1.0803223859,0
2012-04-16,0.9851983452,1.0796130436,0
2012-04-17,1.0238203334,1.0956046331,0
2012-04-18,1.0133986637,1.0919021084,0
2012-04-19,0.9915930239,1.0848909152,0
2012-04-20,0.9886101476,1.0867028382,0
2012-04-23,0.9714935057,1.0775650077,0
2012-04-24,0.9670663497,1.0816613111,0
2012-04-25,0.9943205404,1.0964712553,0
2012-04-26,1.016839611,1.1041126492,0
2012-04-27,1.0253813244,1.1059240317,0
2012-04-30,1.0085610644,1.1018275738,0
2012-05-01,1.0054668795,1.1086815644,0
2012-05-02,1.0226413691,1.105372587,0
2012-05-03,1.0039669248,1.0969435583,0
2012-05-04,0.9698461262,1.079219342,0
2012-05-07,0.9639520182,1.080007054,0
2012-05-08,0.9631549933,1.0756743289,0
2012-05-09,0.9554254984,1.0692935677,0
2012-05-10,0.9522866182,1.0714991152,0
2012-05-11,0.9655234335,1.0682696656,0
2012-05-14,0.9798995843,1.056453367,0
2012-05-15,0.9857960725,1.0503871657,0
2012-05-16,0.9894447873,1.0463700812,0
2012-05-17,1.005962216,1.0308514123,0
2012-05-18,1.0056836481,1.0220287593,0
2012-05-21,1.0013333336,1.0395953096,0
2012-05-22,0.9872056838,1.0414069239,0
2012-05-23,0.9993035328,1.0419588319,0
2012-05-24,0.9946125465,1.0440066362,0
2012-05-25,0.9981150886,1.0406195206,0
2012-05-29,1.000917143,1.053223763,0
2012-05-30,1.0214180751,1.0379409753,0
2012-05-31,1.0352409951,1.0356565949,0
2012-06-01,1.0623838578,1.0095820285,0
2012-06-04,1.0493740351,1.0091096483,0
2012-06-05,1.0303989196,1.0167505789,0
2012-06-06,0.9998852922,1.0395953096,0
2012-06-07,1.0002446279,1.0402257418,0
2012-06-08,1.0011238437,1.0484971817,0
2012-06-11,1.0037717675,1.0351843692,0
2012-06-12,0.9898635318,1.0470791147,0
2012-06-13,1.0054562171,1.040383485,0
2012-06-14,1.0026060172,1.0514116083,0
2012-06-15,1.0129799201,1.0621645497,0
2012-06-18,1.0207443791,1.0642235496,0
2012-06-19,1.0058301298,1.074517314,0
2012-06-20,1.0072535233,1.0727750358,0
2012-06-21,1.0065206633,1.0487037998,0
2012-06-22,0.9931904574,1.0567805895,0
2012-06-25,1.0084496901,1.0398351287,0
2012-06-26,1.0037307179,1.0450610369,0
2012-06-27,1.0108146022,1.0544839324,0
2012-06-28,1.0161344676,1.0514747673,0
2012-06-29,1.0015366868,1.0776846855,0
2012-07-02,1.0183376778,1.0809312761,0
2012-07-03,1.0070447466,1.0880578234,0
2012-07-05,1.0149854406,1.0831484053,0
2012-07-06,1.0271358624,1.0728544092,0
2012-07-09,1.0378820029,1.0715082262,0
2012-07-10,1.0393473413,1.0621645497,0
2012-07-11,1.0328698709,1.0623233738,0
2012-07-12,1.0430668881,1.057176453,0
2012-07-13,1.042093661,1.0749136408,0
2012-07-16,1.0498509826,1.0723790178,0
2012-07-17,1.0414166605,1.0797432222,0
2012-07-18,1.0376132232,1.0877412561,0
2012-07-19,1.0301973566,1.0905915971,0
2012-07-20,1.0468154574,1.0806145544,0
2012-07-23,1.0559965277,1.0696868833,0
2012-07-24,1.0654166891,1.0605017221,0
2012-07-25,1.0625022316,1.0607395336,0
2012-07-26,1.0531373524,1.0782389871,0
2012-07-27,1.0242780616,1.0981136991,0
2012-07-30,1.0328623436,1.0981136991,0
2012-07-31,1.03433416,1.0904334679,0
2012-08-01,1.0198781277,1.0894826078,0
2012-08-02,1.0283842002,1.0819606603,0
2012-08-03,1.0109512601,1.1034192896,0
2012-08-06,1.0114995708,1.1055570453,0
2012-08-07,0.9944749547,1.1110999069,0
2012-08-08,0.9973216295,1.1124463216,0
2012-08-09,1.0021717842,1.1133961006,0
2012-08-10,1.0082498375,1.1152174435,0
2012-08-13,1.0050849987,1.1146632963,0
2012-08-14,1.0015056734,1.1148216572,0
2012-08-15,0.997117215,1.1160886212,0
2012-08-16,1.0214606211,1.1243235401,0
2012-08-17,1.0268927471,1.125828084,0
2012-08-20,1.0237923924,1.1259074575,0
2012-08-21,1.0157750328,1.1225020428,0
2012-08-22,1.0210714709,1.1229778975,0
2012-08-23,1.0088300835,1.1137920414,0
2012-08-24,1.0253291373,1.120523034,0
2012-08-27,1.025473659,1.1207603823,0
2012-08-28,1.026326225,1.1196515474,0
2012-08-29,1.0305098034,1.120523034,0
2012-08-30,1.0160634736,1.1124463216,0
2012-08-31,1.030220699,1.1177519121,0
2012-09-04,1.040742782,1.1167221419,0
2012-09-05,1.0367619353,1.1157715907,0
2012-09-06,1.0768472415,1.1384181194,0
2012-09-07,1.0760776349,1.1428526866,0
2012-09-10,1.0597404789,1.1363595828,0
2012-09-11,1.0641676933,1.1395270315,0
2012-09-12,1.078903733,1.1433275376,0
2012-09-13,1.1109037433,1.1607476949,0
2012-09-14,1.1290255122,1.1658950017,0
2012-09-17,1.1137317275,1.1619360576,0
2012-09-18,1.1044919944,1.1609858152,0
2012-09-19,1.1147396978,1.1616191042,0
2012-09-20,1.116805481,1.1616982461,0
2012-09-21,1.1255347515,1.1612126627,0
2012-09-24,1.1168167558,1.1594611963,0
2012-09-25,1.0930269499,1.14712233,0
2012-09-26,1.0657203384,1.140674086,0
2012-09-27,1.0895434511,1.1514212366,0
2012-09-28,1.0718485838,1.1460873866,0
2012-10-01,1.0762562336,1.1491126117,0
2012-10-02,1.0840987911,1.1503066881,0
2012-10-03,1.1085948901,1.155003234,0
2012-10-04,1.1263778981,1.1632821634,0
2012-10-05,1.1293787407,1.1633618458,0
2012-10-08,1.1194227833,1.1593817456,0
2012-10-09,1.0889400197,1.1479183037,0
2012-10-10,1.0774054799,1.1405942493,0
2012-10-11,1.0762570496,1.1412317849,0
2012-10-12,1.0648966914,1.1374902685,0
2012-10-15,1.0934859475,1.1469634287,0
2012-10-16,1.1120746594,1.1585855403,0
2012-10-17,1.1304239593,1.1638394763,0
2012-10-18,1.1351855538,1.1608144828,0
2012-10-19,1.1080152792,1.1414701369,0
2012-10-22,1.1011975872,1.1416295788,0
2012-10-23,1.0756208479,1.1257878568,0
2012-10-24,1.0777253678,1.1226037304,0
2012-10-25,1.0748906836,1.1258677708,0
2012-10-26,1.0651844908,1.1252306984,0
2012-10-31,1.0724085606,1.1252306984,0
2012-11-01,1.0972786039,1.1370123291,0
2012-11-02,1.0764247387,1.1269025597,0
2012-11-05,1.083123639,1.1292114934,0
2012-11-06,1.0941601203,1.1380471952,0
2012-11-07,1.0500165597,1.1122546826,0
2012-11-08,1.0366773327,1.0988811817,0
2012-11-09,1.0283599256,1.0998362884,0
2012-11-12,1.0216508062,1.1007124849,0
2012-11-13,1.0179496214,1.0968909,0
2012-11-14,0.9811469356,1.0820843531,0
2012-11-15,0.972960727,1.0802532044,0
2012-11-16,0.9906860518,1.0855868999,0
2012-11-19,1.0096135949,1.1075581366,0
2012-11-20,1.025427128,1.10803569,0
2012-11-21,1.0284116496,1.1101053451,0
2012-11-23,1.04749463,1.1252306984,0
2012-11-26,1.0422907117,1.1228423141,0
2012-11-27,1.0329614355,1.1171109019,0
2012-11-28,1.0406930697,1.1261067405,0
2012-11-29,1.051754758,1.131360136,0
2012-11-30,1.0519293001,1.1315996462,0
2012-12-03,1.0452615811,1.1260265949,0
2012-12-04,1.044895652,1.1244345703,0
2012-12-05,1.0422070451,1.126424852,0
2012-12-06,1.0444351415,1.1302459736,0
2012-12-07,1.0526274284,1.1336689152,0
2012-12-10,1.0549935058,1.1341463914,0
2012-12-11,1.0638103792,1.1418685484,0
2012-12-12,1.0758736206,1.1424257841,0
2012-12-13,1.0638133954,1.1354204589,0
2012-12-14,1.0586278981,1.1312008486,0
2012-12-17,1.0923819046,1.1444951304,0
2012-12-18,1.1181527495,1.1572324082,0
2012-12-19,1.1065250588,1.1486345951,0
2012-12-20,1.1203742681,1.1552420493,0
2012-12-21,1.0969737755,1.1447557193,0
2012-12-24,1.0907623378,1.1412283104,0
2012-12-26,1.0859087059,1.1364184179,0
2012-12-27,1.0849236713,1.1348950344,0
2012-12-28,1.076639326,1.122628747,0
2012-12-31,1.1077892363,1.1417094155,0
2013-01-02,1.1513560454,1.1709717373,0
2013-01-03,1.1486065008,1.1683260069,0
2013-01-04,1.16557176,1.1734573309,0
2013-01-07,1.1588088204,1.1702501955,0
2013-01-08,1.1546150502,1.16688246,0
2013-01-09,1.1663114651,1.1698493132,0
2013-01-10,1.180261489,1.1791489791,0
2013-01-11,1.1754573993,1.1790692196,0
2013-01-14,1.1723181654,1.178267069,0
2013-01-15,1.1754532755,1.1790692196,0
2013-01-16,1.1719522481,1.178908774,0
2013-01-17,1.1922182031,1.1865244564,0
2013-01-18,1.1969909766,1.1891703412,0
2013-01-22,1.2097505615,1.1955841489,0
2013-01-23,1.2129009482,1.1975081059,0
2013-01-24,1.22585337,1.1978288426,0
2013-01-25,1.242411564,1.2045631553,0
2013-01-28,1.2381764985,1.2031206122,0
2013-01-29,1.2569692106,1.2078500503,0
2013-01-30,1.2393267502,1.2031206122,0
2013-01-31,1.2403201187,1.2001538363,0
2013-02-01,1.2544516059,1.2125005009,0
2013-02-04,1.2226550189,1.1988708894,0
2013-02-05,1.2497149134,1.2109765769,0
2013-02-06,1.2542199957,1.2118582554,0
2013-02-07,1.2427138829,1.2102554984,0
2013-02-08,1.2573961956,1.2169898111,0
2013-02-11,1.2579163699,1.2167490655,0
2013-02-12,1.2787278497,1.2187531681,0
2013-02-13,1.2780134447,1.2197949061,0
2013-02-14,1.2837836156,1.2209180251,0
2013-02-15,1.2813994261,1.2194747871,0
2013-02-19,1.2993834616,1.2286146251,0
2013-02-20,1.2474262452,1.2133023427,0
2013-02-21,1.2256736948,1.2059262477,0
2013-02-22,1.2549072014,1.2177115845,0
2013-02-25,1.1915060863,1.1945414843,0
2013-02-26,1.2128972946,1.2027191122,0
2013-02-27,1.2485645715,1.2178707947,0
2013-02-28,1.2444338749,1.2154665047,0
2013-03-01,1.2561509934,1.2194747871,0
2013-03-04,1.2804263598,1.2259690491,0
2013-03-05,1.3092183373,1.2369519265,0
2013-03-06,1.3185663641,1.2386356784,0
2013-03-07,1.3230660603,1.2408800632,0
2013-03-08,1.3374190623,1.2461713696,0
2013-03-11,1.3486763094,1.2509018886,0
2013-03-12,1.3400206809,1.2480954038,0
2013-03-13,1.3481344661,1.2498591469,0
2013-03-14,1.3666650485,1.2565133912,0
2013-03-15,1.3624730785,1.2548544242,0
2013-03-18,1.3443564886,1.2479297079,0
2013-03-19,1.3408374489,1.2450308008,0
2013-03-20,1.3679178623,1.2537273675,0
2013-03-21,1.3404339385,1.2430172785,0
2013-03-22,1.3557580244,1.2530028144,0
2013-03-25,1.3456097019,1.2477685674,0
2013-03-26,1.3691834834,1.2577535629,0
2013-03-27,1.3686120903,1.2577535629,0
2013-03-28,1.381226918,1.2616193127,0
2013-04-01,1.3722726364,1.256625734,0
2013-04-02,1.3939632546,1.2628267467,0
2013-04-03,1.3566331716,1.2500230669,0
2013-04-04,1.3852455314,1.2550964052,0
2013-04-05,1.3757654746,1.2494596544,0
2013-04-08,1.4024908502,1.2579147805,0
2013-04-09,1.4049775221,1.2622634885,0
2013-04-10,1.4538519454,1.2777244032,0
2013-04-11,1.4771196737,1.2819118162,0
2013-04-12,1.4722555316,1.278770465,0
2013-04-15,1.3762084541,1.2491374507,0
2013-04-16,1.433684885,1.2675783444,0
2013-04-17,1.3902138298,1.2490566102,0
2013-04-18,1.3680497778,1.2412454282,0
2013-04-19,1.4075235442,1.2520360488,0
2013-04-22,1.4140588222,1.2575931173,0
2013-04-23,1.4393127495,1.270557397,0
2013-04-24,1.4287159559,1.2713624817,0
2013-04-25,1.4397366569,1.2765164287,0
2013-04-26,1.4316425512,1.2742619292,0
2013-04-29,1.4558912803,1.282797587,0
2013-04-30,1.4675132146,1.2858577889,0
2013-05-01,1.4198252125,1.2745832836,0
2013-05-02,1.4595265801,1.2864212014,0
2013-05-03,1.4909644814,1.2994671709,0
2013-05-06,1.5078217817,1.3027682728,0
2013-05-07,1.5300652721,1.309371712,0
2013-05-08,1.5477181454,1.3153313614,0
2013-05-09,1.5325321559,1.3116261343,0
2013-05-10,1.5596564789,1.3158945423,0
2013-05-13,1.5687073618,1.3169413763,0
2013-05-14,1.615962774,1.3305502179,0
2013-05-15,1.6451402089,1.3377173012,0
2013-05-16,1.6177283188,1.331436143,0
2013-05-17,1.659356598,1.3443196595,0
2013-05-20,1.6539472591,1.3442398227,0
2013-05-21,1.6748571501,1.3461725818,0
2013-05-22,1.6095148161,1.3361871231,0
2013-05-23,1.5874277359,1.3323219137,0
2013-05-24,1.5802373001,1.3311944709,0
2013-05-28,1.621975507,1.3391662529,0
2013-05-29,1.5917663049,1.3304697635,0
2013-05-30,1.6203916876,1.3353819612,0
2013-05-31,1.5478801548,1.3162165144,0
2013-06-03,1.5712270385,1.3234635889,0
2013-06-04,1.5510725425,1.3171024396,0
2013-06-05,1.4810015129,1.2986615458,0
2013-06-06,1.5182865488,1.310418546,0
2013-06-07,1.5760819857,1.3270875895,0
2013-06-10,1.583713592,1.3270875895,0
2013-06-11,1.5335393958,1.3133978302,0
2013-06-12,1.4894480756,1.302527064,0
2013-06-13,1.5602159342,1.322336455,0
2013-06-14,1.5322358675,1.3140419288,0
2013-06-17,1.5651110642,1.3241884508,0
2013-06-18,1.6081435666,1.3346572538,0
2013-06-19,1.5454559994,1.3162165144,0
2013-06-20,1.4308734919,1.2836029032,0
2013-06-21,1.4437679856,1.2877235284,0
2013-06-24,1.3866876396,1.2714522787,0
2013-06-25,1.4355448844,1.2836754049,0
2013-06-26,1.4723303406,1.2963855042,0
2013-06-27,1.5046372663,1.3039945464,0
2013-06-28,1.4825427204,1.2986522804,0
2013-07-01,1.5081777295,1.3062617859,0
2013-07-02,1.5030969601,1.3050475573,0
2013-07-03,1.5072333926,1.3056136722,0
2013-07-05,1.5602488201,1.3197001444,0
2013-07-08,1.5686676413,1.3272284233,0
2013-07-09,1.5998782519,1.3367807253,0
2013-07-10,1.6102716477,1.3372670036,0
2013-07-11,1.6736211032,1.3554815131,0
2013-07-12,1.6894530739,1.3560480914,0
2013-07-15,1.7054815573,1.3612294485,0
2013-07-16,1.6890594472,1.3561293179,0
2013-07-17,1.7017782102,1.3596100138,0
2013-07-18,1.7246475543,1.3670576839,0
2013-07-19,1.7375339852,1.3694866043,0
2013-07-22,1.7519043258,1.3721578145,0
2013-07-23,1.7407722751,1.3692435424,0
2013-07-24,1.7054506973,1.364224175,0
2013-07-25,1.7265283377,1.3675436533,0
2013-07-26,1.7226068169,1.3690006349,0
2013-07-29,1.6990066535,1.3647910621,0
2013-07-30,1.7060390115,1.3647910621,0
2013-07-31,1.7078274922,1.3657622288,0
2013-08-01,1.7669390307,1.3815487445,0
2013-08-02,1.767129213,1.3838962839,0
2013-08-05,1.7625909044,1.3818714887,0
2013-08-06,1.7284444491,1.3740200023,0
2013-08-07,1.7049200343,1.369567522,0
2013-08-08,1.7178410367,1.3745865805,0
2013-08-09,1.7066772693,1.3706194519,0
2013-08-12,1.7018788636,1.3690006349,0
2013-08-13,1.7113960603,1.3730486812,0
2013-08-14,1.6894468904,1.3660055995,0
2013-08-15,1.6179157464,1.3469005322,0
2013-08-16,1.6018236877,1.3424478975,0
2013-08-19,1.5696565741,1.3338672253,0
2013-08-20,1.6062184118,1.3404238743,0
2013-08-21,1.5815953671,1.3321665641,0
2013-08-22,1.6228764052,1.3443099308,0
2013-08-23,1.6318926415,1.3488431743,0
2013-08-26,1.627879553,1.3438239614,0
2013-08-27,1.5349633375,1.3222095192,0
2013-08-28,1.5476071912,1.3269045981,0
2013-08-29,1.5703364969,1.3290100022,0
2013-08-30,1.5398151626,1.3247999662,0
2013-09-03,1.5647353573,1.3307906546,0
2013-09-04,1.5999716338,1.3418002471,0
2013-09-05,1.6059017075,1.3435002907,0
2013-09-06,1.605975954,1.3441477866,0
2013-09-09,1.6556554891,1.3570195669,0
2013-09-10,1.7026755751,1.3670576839,0
2013-09-11,1.709674844,1.3713481744,0
2013-09-12,1.6915467973,1.3677051798,0
2013-09-13,1.7055965972,1.3707811329,0
2013-09-16,1.7299896591,1.37871539,0
2013-09-17,1.7559077512,1.3848674506,0
2013-09-18,1.8089542254,1.400896256,0
2013-09-19,1.7983479753,1.3985482533,0
2013-09-20,1.7730114508,1.3887704936,0
2013-09-23,1.747452077,1.3823440232,0
2013-09-24,1.741553712,1.3790901748,0
2013-09-25,1.732131818,1.3751042066,0
2013-09-26,1.7506269695,1.3803918068,0
2013-09-27,1.7354747728,1.3740467175,0
2013-09-30,1.7267296782,1.3667249022,0
2013-10-01,1.7771709725,1.3775448632,0
2013-10-02,1.7663571076,1.3762433856,0
2013-10-03,1.7213869519,1.363552898,0
2013-10-04,1.7611856409,1.3738838011,0
2013-10-07,1.7142360652,1.3620065054,0
2013-10-08,1.6388298524,1.3461443224,0
2013-10-09,1.6258343019,1.3471208939,0
2013-10-10,1.7316129391,1.3761618502,0
2013-10-11,1.7719564519,1.3850289771,0
2013-10-14,1.8012716013,1.3905604113,0
2013-10-15,1.7675594594,1.3804731878,0
2013-10-16,1.8377512791,1.3997524444,0
2013-10-17,1.8786700083,1.4091075482,0
2013-10-18,1.9141318835,1.4186249506,0
2013-10-21,1.9066748768,1.4187066404,0
2013-10-22,1.9239813989,1.4269222564,0
2013-10-23,1.8837244433,1.420089499,0
2013-10-24,1.9047506355,1.4248075869,0
2013-10-25,1.9167918758,1.4313154382,0
2013-10-28,1.9245030096,1.4335928696,0
2013-10-29,1.9537286705,1.4412400543,0
2013-10-30,1.9201948053,1.4340813098,0
2013-10-31,1.8996380671,1.430014115,0
2013-11-01,1.9053089539,1.433430571,0
2013-11-04,1.9206564673,1.4384740283,0
2013-11-05,1.9078848366,1.4339187023,0
2013-11-06,1.9089758881,1.4412400543,0
2013-11-07,1.8298929358,1.4230189045,0
2013-11-08,1.9098449101,1.4422156992,0
2013-11-11,1.9146911593,1.4424599965,0
2013-11-12,1.9117686598,1.4395319807,0
2013-11-13,1.9576226811,1.451083135,0
2013-11-14,1.9830652371,1.4583229516,0
2013-11-15,2.0072404299,1.4646681954,0
2013-11-18,1.973572889,1.4595430482,0
2013-11-19,1.9588859074,1.4563707352,0
2013-11-20,1.9500310541,1.4518152547,0
2013-11-21,2.0131494904,1.4635293253,0
2013-11-22,2.0492208988,1.4708503684,0
2013-11-25,2.0592378351,1.4693862834,0
2013-11-26,2.0714387652,1.4697927249,0
2013-11-27,2.0923867885,1.4733717883,0
2013-11-29,2.0914422248,1.472396761,0
2013-12-02,2.0732993319,1.4685729371,0
2013-12-03,2.0472490903,1.4622276933,0
2013-12-04,2.0401409306,1.4620653946,0
2013-12-05,2.0257421401,1.455638461,0
2013-12-06,2.0898500278,1.4719081665,0
2013-12-09,2.1041924828,1.4756503006,0
2013-12-10,2.0805124117,1.4703622371,0
2013-12-11,1.9968262845,1.4538488521,0
2013-12-12,1.9760137224,1.4490490743,0
2013-12-13,1.9792096076,1.4488866213,0
2013-12-16,2.0181461057,1.4579162012,0
2013-12-17,2.009047673,1.4532793398,0
2013-12-18,2.1053102779,1.4780901851,0
2013-12-19,2.086311988,1.4763825748,0
2013-12-20,2.1369458485,1.4849703504,0
2013-12-23,2.1837526234,1.4929033722,0
2013-12-24,2.1932848003,1.4961752881,0
2013-12-26,2.217619697,1.5037815507,0
2013-12-27,2.2112667694,1.5037004785,0
2013-12-30,2.2117934752,1.5034541738,0
2013-12-31,2.239512018,1.5105702975,0
2014-01-02,2.1821911357,1.496093135,0
2014-01-03,2.1840665604,1.4958479112,0
2014-01-06,2.1620570795,1.4915131013,0
2014-01-07,2.2074710981,1.5006734776,0
2014-01-08,2.236533043,1.5010008545,0
2014-01-09,2.2402305788,1.5019820587,0
2014-01-10,2.2599847859,1.5060714903,0
2014-01-13,2.1783302493,1.4860335532,0
2014-01-14,2.2655399734,1.5022272825,0
2014-01-15,2.3062994276,1.5103249193,0
2014-01-16,2.3026136254,1.5083620477,0
2014-01-17,2.2740325389,1.5019820587,0
2014-01-21,2.3070843034,1.5063990216,0
2014-01-22,2.3299679482,1.5073803802,0
2014-01-23,2.2816540497,1.4950299322,0
2014-01-24,2.1489254652,1.4631323036,0
2014-01-27,2.0777858813,1.4559349533,0
2014-01-28,2.107515161,1.4646045731,0
2014-01-29,2.061815884,1.450537095,0
2014-01-30,2.1379940194,1.4659126909,0
2014-01-31,2.0992593535,1.4573249153,0
2014-02-03,1.9873103606,1.4245280812,0
2014-02-04,2.016594898,1.4345064365,0
2014-02-05,1.9928733355,1.4327069445,0
2014-02-06,2.0241085946,1.4516002978,0
2014-02-07,2.1094933625,1.4695941368,0
2014-02-10,2.1482953971,1.4722929887,0
2014-02-11,2.2012650165,1.4884048738,0
2014-02-12,2.2145247459,1.4891417807,0
2014-02-13,2.2575530355,1.496829733,0
2014-02-14,2.2556696236,1.5050902861,0
2014-02-18,2.2954012818,1.5068893149,0
2014-02-19,2.2613891236,1.4969115773,0
2014-02-20,2.3065692936,1.5057448855,0
2014-02-21,2.3045882864,1.5040269289,0
2014-02-24,2.3376446913,1.5123694807,0
2014-02-25,2.3446859364,1.5117967255,0
2014-02-26,2.345634117,1.5118791874,0
2014-02-27,2.3676471523,1.519812518,0
2014-02-28,2.333809067,1.523656417,0
2014-03-03,2.2920883824,1.5129422358,0
2014-03-04,2.405409652,1.5342076819,0
2014-03-05,2.4099656105,1.5355977983,0
2014-03-06,2.4117479666,1.5391147837,0
2014-03-07,2.3959944709,1.5397690742,0
2014-03-10,2.3950339455,1.5389518673,0
2014-03-11,2.3614847762,1.5313445238,0
2014-03-12,2.3802906928,1.5317537449,0
2014-03-13,2.2839104748,1.5145783482,0
2014-03-14,2.254800843,1.5103249193,0
2014-03-17,2.294580177,1.5239837939,0
2014-03-18,2.3765544901,1.534861818,0
2014-03-19,2.3465134918,1.526682337,0
2014-03-20,2.3659554702,1.5355977983,0
2014-03-21,2.2978423221,1.5296413918,0
2014-03-24,2.2552184917,1.5233163774,0
2014-03-25,2.2872839627,1.5305453844,0
2014-03-26,2.2271134908,1.5195370273,0
2014-03-27,2.1862277376,1.5163335208,0
2014-03-28,2.2118043437,1.5238094503,0
2014-03-31,2.2793867603,1.5362960994,0
2014-04-01,2.3480048476,1.5464824626,0
2014-04-02,2.3544460981,1.5516582605,0
2014-04-03,2.3314647247,1.5496039705,0
2014-04-04,2.1922027243,1.5312849165,0
2014-04-07,2.1287812191,1.5143613838,0
2014-04-08,2.1627284016,1.5206051716,0
2014-04-09,2.2408785409,1.536953324,0
2014-04-10,2.0762585572,1.5046680935,0
2014-04-11,2.0140755962,1.4911134544,0
2014-04-14,2.0391497987,1.5028605715,0
2014-04-15,2.0898735044,1.5132121673,0
2014-04-16,2.1195397095,1.529066938,0
2014-04-17,2.1640554085,1.5312024546,0
2014-04-21,2.2000888073,1.5365428675,0
2014-04-22,2.2310749392,1.5435252609,0
2014-04-23,2.2055617014,1.5399106802,0
2014-04-24,2.2357688343,1.5430324969,0
2014-04-25,2.1365607545,1.5303812327,0
2014-04-28,2.1481776983,1.5352285728,0
2014-04-29,2.1823267696,1.5423752723,0
2014-04-30,2.1965637363,1.5469758443,0
2014-05-01,2.1987599689,1.5471404593,0
2014-05-02,2.1887362129,1.5449218631,0
2014-05-05,2.214547464,1.5478793737,0
2014-05-06,2.1669330119,1.5344062699,0
2014-05-07,2.1913475077,1.5434429534,0
2014-05-08,2.1786452221,1.5418000464,0
2014-05-09,2.1814299525,1.5441006412,0
2014-05-12,2.2521673456,1.5591337267,0
2014-05-13,2.2535620146,1.5605306378,0
2014-05-14,2.2320756732,1.553136707,0
2014-05-15,2.1683214917,1.539499606,0
2014-05-16,2.1966100936,1.5448395556,0
2014-05-19,2.2347790173,1.5505079631,0
2014-05-20,2.2056392635,1.540731902,0
2014-05-21,2.2520761583,1.5537114696,0
2014-05-22,2.2769185138,1.5574906653,0
2014-05-23,2.3078308933,1.5637346076,0
2014-05-27,2.3632243758,1.5733460537,0
2014-05-28,2.3616579802,1.5721956018,0
2014-05-29,2.3978549828,1.5803287559,0
2014-05-30,2.4056387765,1.5828755011,0
2014-06-02,2.4129117038,1.5846827143,0
2014-06-03,2.434417008,1.5838608747,0
2014-06-04,2.4530845443,1.5870651533,0
2014-06-05,2.4899466177,1.5974155138,0
2014-06-06,2.5101056148,1.6050559039,0
2014-06-09,2.5157583743,1.6066989653,0
2014-06-10,2.527909519,1.6068629626,0
2014-06-11,2.533587951,1.6012768626,0
2014-06-12,2.502666508,1.5899397387,0
2014-06-13,2.5574507453,1.5947869244,0
2014-06-16,2.5779526262,1.5961010646,0
2014-06-17,2.5916887039,1.6005381026,0
2014-06-18,2.6205815974,1.6122850653,0
2014-06-19,2.6291541622,1.6140927417,0
2014-06-20,2.6605703668,1.6173695992,0
2014-06-23,2.6476099375,1.6168743644,0
2014-06-24,2.6061893368,1.6071344383,0
2014-06-25,2.6543232522,1.6143978817,0
2014-06-26,2.6465252216,1.6132423339,0
2014-06-27,2.6585034763,1.6163789752,0
2014-06-30,2.6774463722,1.6155532751,0
2014-07-01,2.75252959,1.6263670592,0
2014-07-02,2.7656765267,1.6280175329,0
2014-07-03,2.804645628,1.6360245233,0
2014-07-07,2.765175589,1.6303290918,0
2014-07-08,2.7088380927,1.6198457731,0
2014-07-09,2.7466968631,1.6271096797,0
2014-07-10,2.725580515,1.6206713188,0
2014-07-11,2.7362262973,1.6229001069,0
2014-07-14,2.7803672533,1.6310715579,0
2014-07-15,2.7523322614,1.6280175329,0
2014-07-16,2.830810993,1.6340437386,0
2014-07-17,2.7038588197,1.6154709676,0
2014-07-18,2.7960910826,1.6319798744,0
2014-07-21,2.7955929612,1.6289256949,0
2014-07-22,2.8525880883,1.6360245233,0
2014-07-23,2.8240688437,1.6396567083,0
2014-07-24,2.8008863515,1.6397390158,0
2014-07-25,2.7420146852,1.6320620274,0
2014-07-28,2.7436127557,1.632723267,0
2014-07-29,2.735170489,1.6257065917,0
2014-07-30,2.7568350818,1.6259536686,0
2014-07-31,2.5977234177,1.5938444804,0
2014-08-01,2.5817052808,1.5889745945,0
2014-08-04,2.6351310191,1.600448074,0
2014-08-05,2.5479812441,1.5849299456,0
2014-08-06,2.5512920273,1.5854248715,0
2014-08-07,2.4915514136,1.5768401844,0
2014-08-08,2.5443164719,1.5950820268,0
2014-08-11,2.5773432466,1.5997048358,0
2014-08-12,2.5688938319,1.5974769742,0
2014-08-13,2.6430048818,1.6082896773,0
2014-08-14,2.646625262,1.615883586,0
2014-08-15,2.6801389377,1.6155532751,0
2014-08-18,2.727794006,1.6290903099,0
2014-08-19,2.7735582162,1.6375929984,0
2014-08-20,2.7944424138,1.641967495,0
2014-08-21,2.815736417,1.6467549189,0
2014-08-22,2.8049335059,1.6441959743,0
2014-08-25,2.8093766711,1.6525334301,0
2014-08-26,2.8252151024,1.6536062071,0
2014-08-27,2.832014499,1.6529465118,0
2014-08-28,2.8225912784,1.652037732,0
2014-08-29,2.8495852446,1.6567433117,0
2014-09-02,2.8469529809,1.6559174572,0
2014-09-03,2.8552187114,1.6550091407,0
2014-09-04,2.8433589313,1.652615892,0
2014-09-05,2.8996803555,1.6600447225,0
2014-09-08,2.9081513772,1.6557525333,0
2014-09-09,2.8521464312,1.6452695235,0
2014-09-10,2.8596208083,1.6514600353,0
2014-09-11,2.860226023,1.653358667,0
2014-09-12,2.8076885478,1.6437010484,0
2014-09-15,2.7521182459,1.6424625754,0
2014-09-16,2.8340691791,1.6548445257,0
2014-09-17,2.8547348375,1.6570734682,0
2014-09-18,2.9177267291,1.6659063132,0
2014-09-19,2.890485613,1.6644045489,0
2014-09-22,2.8239585197,1.6515503728,0
2014-09-23,2.800894919,1.6420964383,0
2014-09-24,2.8787520442,1.6549507688,0
2014-09-25,2.734662478,1.6282470056,0
2014-09-26,2.7958641868,1.6411839524,0
2014-09-29,2.8006784186,1.6381984912,0
2014-09-30,2.783888196,1.6338866904,0
2014-10-01,2.6600467616,1.6117438124,0
2014-10-02,2.6336624351,1.6119930513,0
2014-10-03,2.7014699437,1.6297398133,0
2014-10-06,2.6781951611,1.6278319164,0
2014-10-07,2.5775777126,1.6027048127,0
2014-10-08,2.6907516065,1.6307349156,0
2014-10-09,2.5619821751,1.5983920853,0
2014-10-10,2.4098581342,1.5801479265,0
2014-10-13,2.3688049085,1.5541901811,0
2014-10-14,2.3897406386,1.5565948571,0
2014-10-15,2.3882727518,1.5460633584,0
2014-10-16,2.3940147523,1.5447365554,0
2014-10-17,2.3958489601,1.5629808686,0
2014-10-20,2.4299578669,1.5781574132,0
2014-10-21,2.4473045447,1.6094219072,0
2014-10-22,2.4233024048,1.5979774593,0
2014-10-23,2.4658191745,1.6165539365,0
2014-10-24,2.5230357872,1.6289936411,0
2014-10-27,2.5304380158,1.6267541978,0
2014-10-28,2.5930428132,1.6454134458,0
2014-10-29,2.5882883629,1.6429256902,0
2014-10-30,2.6115667149,1.6534574977,0
2014-10-31,2.6713091933,1.6723656757,0
2014-11-03,2.7094792749,1.6732781616,0
2014-11-04,2.7058071614,1.6674726264,0
2014-11-05,2.7122304281,1.6780050516,0
2014-11-06,2.705522018,1.6847226095,0
2014-11-07,2.6783585354,1.6862978792,0
2014-11-10,2.7173759799,1.6916054,0
2014-11-11,2.7193999711,1.6932637493,0
2014-11-12,2.7140227949,1.6914400129,0
2014-11-13,2.7377482157,1.6933469833,0
2014-11-14,2.7390282203,1.6937617637,0
2014-11-17,2.7289304535,1.6948396367,0
2014-11-18,2.8057245958,1.7046260441,0
2014-11-19,2.7554128007,1.7018881231,0
2014-11-20,2.7905990667,1.7048745108,0
2014-11-21,2.823838655,1.7139961269,0
2014-11-24,2.8762853892,1.718806251,0
2014-11-25,2.8876818219,1.7175629909,0
2014-11-26,2.9746186384,1.7219581802,0
2014-11-28,3.0106191539,1.7183085455,0
2014-12-01,2.9441262899,1.7063668553,0
2014-12-02,2.989822166,1.7173960596,0
2014-12-03,3.0347361106,1.724031001,0
2014-12-04,3.0397228309,1.7221234129,0
2014-12-05,3.0611133302,1.7249434869,0
2014-12-08,3.0181897834,1.7134162683,0
2014-12-09,2.9907815345,1.7122548524,0
2014-12-10,2.9123944656,1.6848050714,0
2014-12-11,2.9487078314,1.6933469833,0
2014-12-12,2.8815298494,1.6659802819,0
2014-12-15,2.8119361369,1.6545352163,0
2014-12-16,2.797178605,1.6412667231,0
2014-12-17,2.8510992525,1.6734440119,0
2014-12-18,2.8833835829,1.7148261509,0
2014-12-19,2.8925399752,1.7221221775,0
2014-12-22,2.9465557408,1.730043772,0
2014-12-23,2.8715880799,1.7323789576,0
2014-12-24,2.8833838941,1.7325455801,0
2014-12-26,2.9121118099,1.7381329155,0
2014-12-29,2.9287512381,1.7404677923,0
2014-12-30,2.8969940718,1.7311284396,0
2014-12-31,2.8238083111,1.7139502633,0
2015-01-02,2.8847381141,1.7130329902,0
2015-01-05,2.8961311546,1.6820966452,0
2015-01-06,2.9157628169,1.6662523753,0
2015-01-07,2.9760882621,1.6870161008,0
2015-01-08,2.9777012116,1.7169519388,0
2015-01-09,2.9783407299,1.703192998,0
2015-01-12,2.9733835566,1.6898509995,0
2015-01-13,2.9517896764,1.6850980119,0
2015-01-14,2.9999218029,1.6749253924,0
2015-01-15,3.0263230991,1.6595811444,0
2015-01-16,3.0497780999,1.6813459947,0
2015-01-20,3.0676499515,1.6849318527,0
2015-01-21,3.0471882934,1.6934365487,0
2015-01-22,3.0957999082,1.7186198624,0
2015-01-23,3.1043674434,1.7091972757,0
2015-01-26,3.12773991,1.713200076,0
2015-01-27,3.0944089384,1.69060165,0
2015-01-28,3.095144237,1.6689211148,0
2015-01-29,3.1008737932,1.6843476703,0
2015-01-30,3.049462287,1.6631674657,0
2015-02-02,3.0424703545,1.6837644143,0
2015-02-03,2.9954514501,1.7081135346,0
2015-02-04,2.9828907717,1.7016089262,0
2015-02-05,3.019127588,1.7187867937,0
2015-02-06,2.8802889837,1.7140338061,0
2015-02-09,2.8259901527,1.7063619138,0
2015-02-10,2.8786330613,1.7245405972,0
2015-02-11,2.8869043378,1.7255404865,0
2015-02-12,2.9352269512,1.7421355614,0
2015-02-13,2.940180738,1.749307123,0
2015-02-17,2.9438431709,1.7520584788,0
2015-02-18,2.9547426997,1.7522249468,0
2015-02-19,2.9348336966,1.7509744289,0
2015-02-20,2.992236646,1.7614815287,0
2015-02-23,3.007806669,1.7612309001,0
2015-02-24,3.0238760075,1.7662346707,0
2015-02-25,3.0142730809,1.7647336785,0
2015-02-26,3.0172246693,1.7626485038,0
2015-02-27,3.0132444035,1.7566446894,0
2015-03-02,3.0849305395,1.7677351996,0
2015-03-03,3.0080195887,1.7604807128,0
2015-03-04,2.983183921,1.7530585226,0
2015-03-05,3.0077156109,1.7549769203,0
2015-03-06,2.8770357194,1.7302945551,0
2015-03-09,2.9099198576,1.737465499,0
2015-03-10,2.8574943586,1.7092806642,0
2015-03-11,2.8838716574,1.7052778638,0
2015-03-12,2.9094173162,1.726958708,0
2015-03-13,2.9135325624,1.7163686829,0
2015-03-16,3.0080529889,1.7393001994,0
2015-03-17,3.0112574541,1.7341305784,0
2015-03-18,3.0862932875,1.7549769203,0
2015-03-19,3.1185633992,1.7469714741,0
2015-03-20,3.1654937399,1.762392316,0
2015-03-23,3.1245176929,1.7589584102,0
2015-03-24,3.0912601343,1.7490744074,0
2015-03-25,2.8992243152,1.7234435757,0
2015-03-26,2.8108995979,1.7193394739,0
2015-03-27,2.866163225,1.7232764899,0
2015-03-30,2.9074991872,1.7442998006,0
2015-03-31,2.8570746427,1.7290557732,0
2015-04-01,2.8444857886,1.722941083,0
2015-04-02,2.8349080839,1.7291394705,0
2015-04-06,2.8436962523,1.7407820432,0
2015-04-07,2.8187443784,1.736174831,0
2015-04-08,2.8703266525,1.7420388925,0
2015-04-09,2.8574161476,1.7497441403,0
2015-04-10,2.9010037262,1.7592927362,0
2015-04-13,2.8970883596,1.7513359333,0
2015-04-14,2.8982687095,1.7546858328,0
2015-04-15,2.9410439986,1.7625592473,0
2015-04-16,2.9400802141,1.7620567546,0
2015-04-17,2.8577612858,1.7417867197,0
2015-04-20,2.9037051803,1.7577015609,0
2015-04-21,2.9397703412,1.7556074297,0
2015-04-22,2.9579846903,1.7642347376,0
2015-04-23,2.9822697866,1.768673783,0
2015-04-24,2.9709810193,1.772778657,0
2015-04-27,2.8820632215,1.7654078896,0
2015-04-28,2.8795653346,1.7710191606,0
2015-04-29,2.8361221511,1.7637325538,0
2015-04-30,2.7272767671,1.7460589882,0
2015-05-01,2.8319213336,1.7649883221,0
2015-05-04,2.8476648594,1.7700138664,0
2015-05-05,2.7340008769,1.7497441403,0
2015-05-06,2.7096707554,1.7425409219,0
2015-05-07,2.7464948511,1.7494927395,0
2015-05-08,2.8374245335,1.772526793,0
2015-05-11,2.8313389728,1.7640670341,0
2015-05-12,2.8051590028,1.7587902435,0
2015-05-13,2.8143377426,1.7591258048,0
2015-05-14,2.8946980139,1.7774687944,0
2015-05-15,2.8945163391,1.7793950677,0
2015-05-18,2.9420700309,1.7849235679,0
2015-05-19,2.9418438421,1.784337378,0
2015-05-20,2.9640043562,1.7830805286,0
2015-05-21,2.9680352908,1.7882742396,0
2015-05-22,2.9731890372,1.7840021255,0
2015-05-26,2.9116789952,1.7648206187,0
2015-05-27,3.0154851833,1.7815727418,0
2015-05-28,3.0115337924,1.7795632344,0
2015-05-29,3.0145065799,1.7685059252,0
2015-06-01,3.0241314252,1.772108152,0
2015-06-02,2.9886618332,1.7703492733,0
2015-06-03,3.0001352911,1.775039874,0
2015-06-04,2.9576674129,1.760046784,0
2015-06-05,2.9824028783,1.7570312104,0
2015-06-08,2.9420333696,1.7462266917,0
2015-06-09,2.9158352052,1.7459752909,0
2015-06-10,2.9810045719,1.7669153676,0
2015-06-11,3.0051664747,1.7726109536,0
2015-06-12,2.9475818321,1.7590419531,0
2015-06-15,2.9365755653,1.7515031734,0
2015-06-16,2.9588285876,1.7610520782,0
2015-06-17,2.9713189707,1.7638994851,0
2015-06-18,3.0720963492,1.7822429379,0
2015-06-19,3.0580633843,1.7743315354,0
2015-06-22,3.1244816151,1.7834216492,0
2015-06-23,3.1298327144,1.7846837489,0
2015-06-24,3.0723219061,1.7717224032,0
2015-06-25,3.0634317642,1.7663353546,0
2015-06-26,3.0314711324,1.7659988667,0
2015-06-29,2.877404869,1.7289655901,0
2015-06-30,2.9603259763,1.7325841859,0
2015-07-01,2.9680932123,1.7464714522,0
2015-07-02,2.9509474027,1.7448730191,0
2015-07-06,2.9662879146,1.7399075454,0
2015-07-07,2.9814544734,1.7508490373,0
2015-07-08,2.8557297962,1.7214745272,0
2015-07-09,2.8912507624,1.7245889316,0
2015-07-10,2.9818676238,1.7463035944,0
2015-07-13,3.0726864069,1.7655782183,0
2015-07-14,3.1498484231,1.7732371391,0
2015-07-15,3.1660095181,1.7726486328,0
2015-07-16,3.2379176311,1.7868725414,0
2015-07-17,3.266505891,1.7883872773,0
2015-07-20,3.2805637166,1.7893130436,0
2015-07-21,3.2458510578,1.7822429379,0
2015-07-22,3.2303568786,1.7790443729,0
2015-07-23,3.1948968411,1.7690288017,0
2015-07-24,3.0521056855,1.7506802529,0
2015-07-27,3.000094292,1.7404963605,0
2015-07-28,3.098724249,1.7618745354,0
2015-07-29,3.0762850828,1.7739947387,0
2015-07-30,3.0822366217,1.7744156959,0
2015-07-31,3.1073395637,1.7717224032,0
2015-08-03,3.1003277033,1.7657465394,0
2015-08-04,3.1003222608,1.7622958016,0
2015-08-05,3.137377371,1.7681033442,0
2015-08-06,2.9743168459,1.7536261818,0
2015-08-07,2.9389837896,1.7502597589,0
2015-08-10,2.9931904497,1.7723113728,0
2015-08-11,2.9202823167,1.7563196289,0
2015-08-12,2.9310433173,1.758423952,0
2015-08-13,2.9022623142,1.7562357772,0
2015-08-14,2.8945390573,1.7626322894,0
2015-08-17,2.982447139,1.7724795395,0
2015-08-18,2.9380065556,1.7673454358,0
2015-08-19,2.8918113778,1.7533741633,0
2015-08-20,2.732179585,1.7167612263,0
2015-08-21,2.6549349389,1.665082775,0
2015-08-24,2.4882882651,1.5949711511,0
2015-08-25,2.4764293197,1.5762010273,0
2015-08-26,2.446052957,1.6367180373,0
2015-08-27,2.4470143386,1.677202515,0
2015-08-28,2.4389106038,1.6772865211,0
2015-08-31,2.4066353458,1.6637352793,0
2015-09-01,2.3811666713,1.6140768361,0
2015-09-02,2.3978699187,1.6447139093,0
2015-09-03,2.3937288681,1.6458923117,0
2015-09-04,2.3889846184,1.6209783118,0
2015-09-08,2.4046143505,1.6617151168,0
2015-09-09,2.3355280376,1.6394950273,0
2015-09-10,2.3639565632,1.6484166656,0
2015-09-11,2.3965701753,1.6559081918,0
2015-09-14,2.3984281991,1.6497638524,0
2015-09-15,2.3988798473,1.6703847366,0
2015-09-16,2.3885411622,1.6848617446,0
2015-09-17,2.4380571875,1.6810739012,0
2015-09-18,2.4005079518,1.6536018833,0
2015-09-21,2.3123063053,1.6621476558,0
2015-09-22,2.2547232701,1.6405736724,0
2015-09-23,2.2547878248,1.6379509511,0
2015-09-24,2.2591058513,1.6320285176,0
2015-09-25,2.1876881305,1.6316053984,0
2015-09-28,2.190712476,1.5906565706,0
2015-09-29,2.1873026651,1.5915872784,0
2015-09-30,2.191256422,1.6212837606,0
2015-10-01,2.1973301851,1.6255138717,0
2015-10-02,2.2056228293,1.6497961268,0
2015-10-05,2.1953420637,1.6791536504,0
2015-10-06,2.1707337419,1.6734000014,0
2015-10-07,2.1732222049,1.6871064383,0
2015-10-08,2.221602001,1.7023353323,0
2015-10-09,2.1910877762,1.7033505096,0
2015-10-12,2.2000222119,1.7049578993,0
2015-10-13,2.1845468937,1.6942134511,0
2015-10-14,2.134896389,1.6860915699,0
2015-10-15,2.1620741239,1.7119804426,0
2015-10-16,2.1775375576,1.7197638285,0
2015-10-19,2.1895515395,1.7206096036,0
2015-10-20,2.178525925,1.7184103103,0
2015-10-21,2.1742092485,1.7077495595,0
2015-10-22,2.1974676594,1.7365999577,0
2015-10-23,2.1928174671,1.7556361524,0
2015-10-26,2.1752301178,1.7513215719,0
2015-10-27,2.157635348,1.747937236,0
2015-10-28,2.2036100337,1.7678195146,0
2015-10-29,2.2117998088,1.7668043374,0
2015-10-30,2.1839842258,1.7591895816,0
2015-11-02,2.2186977216,1.7800028769,0
2015-11-03,2.2255671369,1.7851636958,0
2015-11-04,2.222063931,1.7797479244,0
2015-11-05,2.2136649425,1.7779719047,0
2015-11-06,2.2286537844,1.7770413513,0
2015-11-09,2.1833252338,1.7604590936,0
2015-11-10,2.1810145963,1.7645201114,0
2015-11-11,2.1708651339,1.7575825007,0
2015-11-12,2.1215062863,1.7330469918,0
2015-11-13,2.0568680556,1.7135873691,0
2015-11-16,2.0600446324,1.7396457983,0
2015-11-17,2.0638812455,1.7383770584,0
2015-11-18,2.0808648737,1.7659582534,0
2015-11-19,2.0782676183,1.7644357964,0
2015-11-20,2.0941266026,1.7708650464,0
2015-11-23,2.0910124707,1.7688345375,0
2015-11-24,2.0975697671,1.7712033873,0
2015-11-25,2.0979273518,1.7709496702,0
2015-11-27,2.1001645851,1.7729803335,0
2015-11-30,2.0918168079,1.7656194492,0
2015-12-01,2.1170009338,1.7824557329,0
2015-12-02,2.0680315291,1.764265931,0
2015-12-03,2.0077557745,1.7395616377,0
2015-12-04,2.0783839116,1.7734879221,0
2015-12-07,2.0450002827,1.7627430108,0
2015-12-08,2.0346564216,1.7508984527,0
2015-12-09,1.9615001918,1.7372766396,0
2015-12-10,1.9718512724,1.7417612399,0
2015-12-11,1.9011761408,1.708003431,0
2015-12-14,1.9119316964,1.7166332096,0
2015-12-15,1.9212003586,1.7346546903,0
2015-12-16,1.9626411344,1.7600359744,0
2015-12-17,1.9149473181,1.7332159306,0
2015-12-18,1.8631996973,1.702338884,0
2015-12-21,1.8614996779,1.7163811912,0
2015-12-22,1.8616993003,1.7319563017,0
2015-12-23,1.8725232245,1.7534031948,0
2015-12-24,1.8695868716,1.7505097698,0
2015-12-28,1.8671576424,1.7465102124,0
2015-12-29,1.9267969606,1.7651487677,0
2015-12-30,1.8923662612,1.7526380285,0
2015-12-31,1.8468692893,1.7351052968,0
2016-01-04,1.7776291806,1.7108494481,0
2016-01-05,1.7828655205,1.7137436452,0
2016-01-06,1.7609754872,1.6921258057,0
2016-01-07,1.6970312037,1.6515290625,0
2016-01-08,1.7118187046,1.6334008754,0
2016-01-11,1.7129709529,1.6350179938,0
2016-01-12,1.7161610516,1.6482098931,0
2016-01-13,1.7163784877,1.6071020095,0
2016-01-14,1.7093328196,1.6334861169,0
2016-01-15,1.7277738926,1.598420808,0
2016-01-19,1.7282556243,1.6005492211,0
2016-01-20,1.7316874993,1.5800378228,0
2016-01-21,1.7209283624,1.5888891986,0
2016-01-22,1.715874356,1.6214863637,0
2016-01-25,1.7174341792,1.5969743271,0
2016-01-26,1.7172816384,1.6187628041,0
2016-01-27,1.7177269346,1.6011448308,0
2016-01-28,1.7180819264,1.6094858384,0
2016-01-29,1.7265926106,1.6487199525,0
2016-02-01,1.7218239884,1.648124806,0
2016-02-02,1.7279455769,1.6184215291,0
2016-02-03,1.7202106991,1.6281243936,0
2016-02-04,1.7185818861,1.6306776246,0
2016-02-05,1.7225547788,1.5996123363,0
2016-02-08,1.7566482928,1.5780803561,0
2016-02-09,1.7657369303,1.5781654432,0
2016-02-10,1.7810784056,1.5768037406,0
2016-02-11,1.8052163607,1.5562926512,0
2016-02-12,1.7722953505,1.5883788304,0
2016-02-16,1.7217778354,1.6151876012,0
2016-02-17,1.7127704542,1.6415709366,0
2016-02-18,1.7683795305,1.6348476651,0
2016-02-19,1.7400773269,1.63408219,0
2016-02-22,1.7556240441,1.6577418113,0
2016-02-23,1.765360481,1.6368055952,0
2016-02-24,1.783164219,1.6442941874,0
2016-02-25,1.7901945399,1.6642092037,0
2016-02-26,1.7474034442,1.6603804382,0
2016-02-29,1.7716307971,1.6473584043,0
2016-03-01,1.7268551825,1.6860829223,0
2016-03-02,1.7462876975,1.6936572192,0
2016-03-03,1.7674596171,1.7002960213,0
2016-03-04,1.7556223261,1.7058274555,0
2016-03-07,1.7882534899,1.7071896214,0
2016-03-08,1.7719817056,1.6885509117,0
2016-03-09,1.7717895793,1.6968920736,0
2016-03-10,1.7984625175,1.698253313,0
2016-03-11,1.7782711686,1.7256583113,0
2016-03-14,1.7580120002,1.7234455832,0
2016-03-15,1.764181831,1.7206369365,0
2016-03-16,1.8295204763,1.7305945991,0
2016-03-17,1.8395877945,1.7415739247,0
2016-03-18,1.8411176477,1.7484176461,0
2016-03-21,1.840341201,1.7508979894,0
2016-03-22,1.8461509783,1.7499570897,0
2016-03-23,1.7886718559,1.7384080974,0
2016-03-24,1.7862214157,1.737638144,0
2016-03-28,1.7779341946,1.7386649029,0
2016-03-29,1.820604585,1.7547483742,0
2016-03-30,1.7999465027,1.7624465185,0
2016-03-31,1.7893579387,1.7581697716,0
2016-04-01,1.8045136981,1.770146207,0
2016-04-04,1.7717464901,1.7644149493,0
2016-04-05,1.7665776986,1.7467918801,0
2016-04-06,1.781269131,1.7658693057,0
2016-04-07,1.8033874292,1.7447383622,0
2016-04-08,1.8300122665,1.7494439418,0
2016-04-11,1.8896272613,1.7453376781,0
2016-04-12,1.9084896932,1.7615914779,0
2016-04-13,1.9143689242,1.7793854935,0
2016-04-14,1.8770656588,1.7794710439,0
2016-04-15,1.9140036985,1.7775035396,0
2016-04-18,1.9307068556,1.7899937405,0
2016-04-19,2.0068055635,1.7956391389,0
2016-04-20,1.9635266644,1.7973507642,0
2016-04-21,1.9590398224,1.7876835714,0
2016-04-22,1.933584819,1.7876835714,0
2016-04-25,1.9080649034,1.784604221,0
2016-04-26,1.9489923499,1.7872559739,0
2016-04-27,1.974026702,1.7909349491,0
2016-04-28,1.9737923673,1.7746802226,0
2016-04-29,2.0366951635,1.7650993523,0
2016-05-02,2.0138274859,1.7791286879,0
2016-05-03,1.9506268723,1.7636448415,0
2016-05-04,1.8883975898,1.7538068567,0
2016-05-05,1.9240942071,1.7534645008,0
2016-05-06,1.972306553,1.7598801615,0
2016-05-09,1.9009105335,1.7613349812,0
2016-05-10,1.9302761023,1.7832347973,0
2016-05-11,1.921695071,1.7665533999,0
2016-05-12,1.9213799811,1.7670667022,0
2016-05-13,1.9227495064,1.7516682517,0
2016-05-16,1.9456446341,1.7689488105,0
2016-05-17,1.9343128217,1.7524385139,0
2016-05-18,1.8319988497,1.752951353,0
2016-05-19,1.824878662,1.7468774305,0
2016-05-20,1.8372314787,1.7579131205,0
2016-05-23,1.8274473158,1.7555180187,0
2016-05-24,1.7742575242,1.7782733386,0
2016-05-25,1.8072325407,1.7903354787,0
2016-05-26,1.8086391842,1.790848781,0
2016-05-27,1.7751328228,1.7985478518,0
2016-05-31,1.7919598539,1.7951266088,0
2016-06-01,1.7867299768,1.7988049662,0
2016-06-02,1.8005472669,1.8042797272,0
2016-06-03,1.9152537395,1.7988902077,0
2016-06-06,1.9058187125,1.808043635,0
2016-06-07,1.9054064949,1.8108669519,0
2016-06-08,1.9540621735,1.8167697737,0
2016-06-09,1.9689121334,1.8142889671,0
2016-06-10,1.9490962275,1.7970936498,0
2016-06-13,1.9586877794,1.7832347973,0
2016-06-14,1.9370202208,1.779727695,0
2016-06-15,1.9816431262,1.7772470429,0
2016-06-16,1.9770091932,1.7825507031,0
2016-06-17,1.977977602,1.7759123643,0
2016-06-20,1.966546894,1.7873493999,0
2016-06-21,1.9391835067,1.7924225065,0
2016-06-22,1.9463007292,1.789498969,0
2016-06-23,1.9476690805,1.8128031084,0
2016-06-24,1.9852388631,1.7477071456,0
2016-06-27,2.0249419196,1.7164054356,0
2016-06-28,2.0432605004,1.7473632454,0
2016-06-29,2.0754305787,1.7771165554,0
2016-06-30,2.1110147964,1.8013654551,0
2016-07-01,2.194306639,1.8051494379,0
2016-07-05,2.2523126415,1.7921647744,0
2016-07-06,2.291402968,1.8029140096,0
2016-07-07,2.2371188111,1.801796141,0
2016-07-08,2.3216258057,1.8286254502,0
2016-07-11,2.3433703633,1.8350744663,0
2016-07-12,2.2939967183,1.8484036477,0
2016-07-13,2.3573049574,1.8481457612,0
2016-07-14,2.3331930957,1.8584646193,0
2016-07-15,2.310492191,1.8559709956,0
2016-07-18,2.3144225113,1.8609587063,0
2016-07-19,2.2905856227,1.8590673325,0
2016-07-20,2.2149350345,1.8668059357,0
2016-07-21,2.260050944,1.8597543608,0
2016-07-22,2.2715388345,1.8680964493,0
2016-07-25,2.2215694806,1.8630222617,0
2016-07-26,2.3023640759,1.8638825526,0
2016-07-27,2.3497588529,1.8619042387,0
2016-07-28,2.3692117145,1.8640544255,0
2016-07-29,2.4235403428,1.8670639766,0
2016-08-01,2.4418678777,1.8655161942,0
2016-08-02,2.4130361032,1.8535630768,0
2016-08-03,2.3986115066,1.8589805468,0
2016-08-04,2.4095699573,1.8609587063,0
2016-08-05,2.3816441066,1.8761787981,0
2016-08-08,2.3873646668,1.8750615472,0
2016-08-09,2.4015118913,1.8761787981,0
2016-08-10,2.4026905817,1.8715356054,0
2016-08-11,2.3865510658,1.8802202042,0
2016-08-12,2.3776023138,1.8785870259,0
2016-08-15,2.3982385374,1.8840044959,0
2016-08-16,2.3768220981,1.8742878877,0
2016-08-17,2.3532692735,1.8778130574,0
2016-08-18,2.3875631427,1.8820266452,0
2016-08-19,2.3687269085,1.8792743629,0
2016-08-22,2.3221898719,1.879188967,0
2016-08-23,2.3112948204,1.8829724865,0
2016-08-24,2.1906272159,1.8733414287,0
2016-08-25,2.2241514432,1.8720518417,0
2016-08-26,2.213684526,1.8685260542,0
2016-08-29,2.2428556608,1.8777275071,0
2016-08-30,2.1759380289,1.8746313246,0
2016-08-31,2.1581813574,1.8692998682,0
2016-09-01,2.2041198847,1.8693860363,0
2016-09-02,2.2609425084,1.8778130574,0
2016-09-06,2.3332522359,1.883488414,0
2016-09-07,2.3208709892,1.88331685,0
2016-09-08,2.2826188877,1.8790167852,0
2016-09-09,2.1009599818,1.8340426113,0
2016-09-12,2.1816334757,1.8603564563,0
2016-09-13,2.1033926603,1.833612852,0
2016-09-14,2.1268916666,1.832925206,0
2016-09-15,2.1900664747,1.8512411715,0
2016-09-16,2.1750777811,1.8440850522,0
2016-09-19,2.1826921557,1.8444312687,0
2016-09-20,2.1712575713,1.8445174368,0
2016-09-21,2.2810211193,1.8652598519,0
2016-09-22,2.2855267204,1.8770137637,0
2016-09-23,2.2219639823,1.8667291874,0
2016-09-26,2.1830193555,1.8516042202,0
2016-09-27,2.2154469018,1.8630988555,0
2016-09-28,2.2329397352,1.8723470986,0
2016-09-29,2.2150219853,1.8554068882,0
2016-09-30,2.2310011659,1.8694084276,0
2016-10-03,2.1956171734,1.8649144075,0
2016-10-04,2.0924316471,1.8554068882,0
2016-10-05,2.1222337986,1.8636177171,0
2016-10-06,2.1141800288,1.8649144075,0
2016-10-07,2.1233767783,1.8585180497,0
2016-10-10,2.1307821138,1.8681982141,0
2016-10-11,2.0697511808,1.8446036049,0
2016-10-12,2.059835363,1.847024032,0
2016-10-13,2.021429138,1.8409741995,0
2016-10-14,2.0298141631,1.8419246735,0
2016-10-17,2.0277769442,1.8355293966,0
2016-10-18,2.0787865062,1.847024032,0
2016-10-19,2.0714756056,1.8519504367,0
2016-10-20,2.0779858791,1.8484933675,0
2016-10-21,2.0769947189,1.8493570557,0
2016-10-24,2.1091360183,1.8572219769,0
2016-10-25,2.1119770452,1.8509998083,0
2016-10-26,2.0800767815,1.8472829995,0
2016-10-27,2.0644746317,1.8423567492,0
2016-10-28,2.0493217152,1.8369117919,0
2016-10-31,2.0723164527,1.8369981144,0
2016-11-01,2.0588263689,1.8236885447,0
2016-11-02,2.0405751174,1.812712462,0
2016-11-03,2.0426911739,1.8044151562,0
2016-11-04,2.0085162223,1.8024272681,0
2016-11-07,2.0199313792,1.8421841043,0
2016-11-08,2.0286943964,1.8504806379,0
2016-11-09,2.0590675145,1.8701000885,0
2016-11-10,2.0172466962,1.8747661359,0
2016-11-11,2.0512564133,1.8704455329,0
2016-11-14,2.0674513469,1.8719148684,0
2016-11-15,2.0989298445,1.8865209742,0
2016-11-16,2.0907851901,1.8829769648,0
2016-11-17,2.1158650836,1.8926572836,0
2016-11-18,2.1243963046,1.888422231,0
2016-11-21,2.1599594,1.9026828923,0
2016-11-22,2.2478156584,1.9063993923,0
2016-11-23,2.2696404692,1.9074361887,0
2016-11-25,2.289200222,1.9145226632,0
2016-11-28,2.2531236585,1.9055343142,0
2016-11-29,2.2246885916,1.909251123,0
2016-11-30,2.2200107309,1.9046703172,0
2016-12-01,2.1625199094,1.8976697019,0
2016-12-02,2.1786848403,1.8986201759,0
2016-12-05,2.2613276386,1.9100284887,0
2016-12-06,2.2894620661,1.9160784756,0
2016-12-07,2.3427414869,1.9411424203,0
2016-12-08,2.3957713324,1.9458957167,0
2016-12-09,2.3846364375,1.9576499373,0
2016-12-12,2.3389649584,1.955402464,0
2016-12-13,2.3307359235,1.9684530662,0
2016-12-14,2.2773506101,1.9522046711,0
2016-12-15,2.2848796334,1.9602427006,0
2016-12-16,2.2370857222,1.9564086847,0
2016-12-19,2.2333381213,1.9606685994,0
2016-12-20,2.2753996824,1.9682320868,0
2016-12-21,2.2635018954,1.9627551638,0
2016-12-22,2.2460917364,1.9593648054,0
2016-12-23,2.2567730513,1.9622338316,0
2016-12-27,2.2990254065,1.9671015555,0
2016-12-28,2.2308284164,1.950844976,0
2016-12-29,2.2166610795,1.9504104295,0
2016-12-30,2.181095591,1.943281643,0
2017-01-03,2.2093248,1.9581474884,0
2017-01-04,2.2795714965,1.969797319,0
2017-01-05,2.2568398507,1.9682320868,0
2017-01-06,2.242083793,1.9752743963,0
2017-01-09,2.2219294142,1.9687535734,0
2017-01-10,2.2797938413,1.9687535734,0
2017-01-11,2.3024255654,1.9743177454,0
2017-01-12,2.2714536254,1.9693624636,0
2017-01-13,2.3031553989,1.97388289,0
2017-01-17,2.2202686797,1.9669278295,0
2017-01-18,2.25658729,1.9712746844,0
2017-01-19,2.2328721892,1.9639723265,0
2017-01-20,2.2597284358,1.9711878987,0
2017-01-23,2.260726363,1.9660582732,0
2017-01-24,2.3533526061,1.9786644459,0
2017-01-25,2.4082505197,1.9957910449,0
2017-01-26,2.3857178486,1.9937046348,0
2017-01-27,2.3861664161,1.9905744793,0
2017-01-30,2.3381208933,1.9782300538,0
2017-01-31,2.3421230851,1.9780555557,0
2017-02-01,2.3586493664,1.9788381718,0
2017-02-02,2.3537460786,1.9801427379,0
2017-02-03,2.3923663191,1.9937912662,0
2017-02-06,2.3778589332,1.9902270274,0
2017-02-07,2.3774306948,1.9903135043,0
2017-02-08,2.3709875263,1.9929217099,0
2017-02-09,2.3974971826,2.0047452664,0
2017-02-10,2.4384516185,2.0126565145,0
2017-02-13,2.4782586428,2.0236100515,0
2017-02-14,2.5035214108,2.0316956433,0
2017-02-15,2.4975085873,2.0423015739,0
2017-02-16,2.4885550505,2.040563079,0
2017-02-17,2.4815267334,2.0437798659,0
2017-02-21,2.537930157,2.0559505655,0
2017-02-22,2.5165165156,2.0541257481,0
2017-02-23,2.4805136788,2.0555155557,0
2017-02-24,2.4652263502,2.0581239157,0
2017-02-27,2.4948346332,2.0613403938,0
2017-02-28,2.4489870866,2.0557763763,0
2017-03-01,2.5825365534,2.0845526514,0
2017-03-02,2.500559758,2.0714251465,0
2017-03-03,2.5112390959,2.0727289405,0
2017-03-06,2.4906895518,2.0665568049,0
2017-03-07,2.4803030716,2.0603842061,0
2017-03-08,2.4741685138,2.0565589924,0
2017-03-09,2.4767162058,2.0591671979,0
2017-03-10,2.5007243328,2.066383079,0
2017-03-13,2.5173664145,2.0674257435,0
2017-03-14,2.4898632817,2.0595149587,0
2017-03-15,2.523915073,2.077336616,0
2017-03-16,2.5269046448,2.0732504272,0
2017-03-17,2.5038933019,2.069609749,0
2017-03-20,2.4845533659,2.0673395755,0
2017-03-21,2.2874023328,2.0407957946,0
2017-03-22,2.3086732999,2.0455986608,0
2017-03-23,2.3018558796,2.0434157363,0
2017-03-24,2.3191982983,2.0419312674,0
2017-03-27,2.3221862076,2.0398360552,0
2017-03-28,2.3677804119,2.0546792004,0
2017-03-29,2.370825947,2.0566003777,0
2017-03-30,2.420688065,2.0631482246,0
2017-03-31,2.4034574902,2.0583461305,0
2017-04-03,2.3770349333,2.054766295,0
2017-04-04,2.3717072993,2.0560758026,0
2017-04-05,2.3321708663,2.0499643553,0
2017-04-06,2.3473967797,2.0557268064,0
2017-04-07,2.3439330385,2.0536315943,0
2017-04-10,2.3321653763,2.054853544,0
2017-04-11,2.327987851,2.0524090269,0
2017-04-12,2.2749808927,2.0434157363,0
2017-04-13,2.2384287056,2.0301444636,0
2017-04-17,2.3027590135,2.0481305814,0
2017-04-18,2.2992769555,2.0420182076,0
2017-04-19,2.3016697111,2.038263874,0
2017-04-20,2.361510814,2.054853544,0
2017-04-21,2.3511815775,2.048304925,0
2017-04-24,2.4339630847,2.070832162,0
2017-04-25,2.4732465658,2.0828816394,0
2017-04-26,2.4698594287,2.0815716686,0
2017-04-27,2.4980146457,2.0833185023,0
2017-04-28,2.4607709204,2.078777692,0
2017-05-01,2.5150314789,2.0840172667,0
2017-05-02,2.4833275145,2.0848026624,0
2017-05-03,2.477137659,2.0822699697,0
2017-05-04,2.4834104462,2.0847152589,0
2017-05-05,2.4959039393,2.0929226905,0
2017-05-08,2.4795474186,2.0925729222,0
2017-05-09,2.5208503996,2.0906523626,0
2017-05-10,2.5553928096,2.0944066962,0
2017-05-11,2.5466663312,2.0901287139,0
2017-05-12,2.5514940936,2.086635973,0
2017-05-15,2.6001927758,2.0981621107,0
2017-05-16,2.656473484,2.0962407789,0
2017-05-17,2.4545335371,2.059044586,0
2017-05-18,2.4920534336,2.0673395755,0
2017-05-19,2.5626688624,2.0807862728,0
2017-05-22,2.61764329,2.0913508181,0
2017-05-23,2.5987143602,2.0959793407,0
2017-05-24,2.6346611114,2.100868375,0
2017-05-25,2.6740447053,2.1109095804,0
2017-05-26,2.6848355432,2.1104730264,0
2017-05-30,2.6968616027,2.1086390981,0
2017-05-31,2.6738712644,2.1081156039,0
2017-06-01,2.6988391183,2.1248799264,0
2017-06-02,2.7686434129,2.1319518852,0
2017-06-05,2.7771989342,2.1303807849,0
2017-06-06,2.7711224361,2.1235704188,0
2017-06-07,2.7954403431,2.127499096,0
2017-06-08,2.8476482751,2.1285468566,0
2017-06-09,2.6411730756,2.125316326,0
2017-06-12,2.6015916146,2.1248799264,0
2017-06-13,2.6508214535,2.1352699736,0
2017-06-14,2.6291746841,2.1325635549,0
2017-06-15,2.5708211295,2.1284597619,0
2017-06-16,2.5564871896,2.1289247298,0
2017-06-19,2.6583944464,2.146648174,0
2017-06-20,2.6284232035,2.1321714748,0
2017-06-21,2.7137157128,2.1316445833,0
2017-06-22,2.7058142339,2.1306794391,0
2017-06-23,2.7444964012,2.1332240224,0
2017-06-26,2.7356122503,2.1346277281,0
2017-06-27,2.5893005331,2.117431021,0
2017-06-28,2.6985413402,2.1363832095,0
2017-06-29,2.5639319753,2.1176061367,0
2017-06-30,2.5674330508,2.1215545801,0
2017-07-03,2.5457255665,2.1251520199,0
2017-07-05,2.5920478211,2.1300656074,0
2017-07-06,2.5147499704,2.1105872995,0
2017-07-07,2.602736955,2.1242742791,0
2017-07-10,2.6299536738,2.1265557255,0
2017-07-11,2.6404588609,2.1249765953,0
2017-07-12,2.6991380044,2.1409447124,0
2017-07-13,2.7238836052,2.1445426155,0
2017-07-14,2.7848227633,2.1545449063,0
2017-07-17,2.7692016753,2.1542817694,0
2017-07-18,2.7752236269,2.1554220294,0
2017-07-19,2.8302403798,2.1670916261,0
2017-07-20,2.8467588365,2.1680573879,0
2017-07-21,2.8372763231,2.1661264819,0
2017-07-24,2.8606511727,2.1655998993,0
2017-07-25,2.8462572789,2.1708647993,0
2017-07-26,2.8595918499,2.1709520483,0
2017-07-27,2.78884736,2.1689342021,0
2017-07-28,2.7900818904,2.1663900821,0
2017-07-31,2.7642736182,2.1651614922,0
2017-08-01,2.7865691341,2.169987213,0
2017-08-02,2.7940129927,2.171039915,0
2017-08-03,2.7644400443,2.1668286436,0
2017-08-04,2.7961172122,2.1707764693,0
2017-08-07,2.8378649405,2.1748129338,0
2017-08-08,2.8193090227,2.1694606303,0
2017-08-09,2.7898479892,2.169372918,0
2017-08-10,2.5935532044,2.1387515961,0
2017-08-11,2.6143921815,2.1419104743,0
2017-08-14,2.7190549707,2.1631433371,0
2017-08-15,2.7243749074,2.1628803546,0
2017-08-16,2.7372741164,2.166653219,0
2017-08-17,2.5998019419,2.1328730188,0
2017-08-18,2.5757390052,2.1295387159,0
2017-08-21,2.5710035036,2.1312060218,0
2017-08-22,2.6680035756,2.153491741,0
2017-08-23,2.663249641,2.1457705877,0
2017-08-24,2.6821559172,2.1407695967,0
2017-08-25,2.6690396442,2.1457705877,0
2017-08-28,2.7157290951,2.1458583,0
2017-08-29,2.7096413444,2.1483154798,0
2017-08-30,2.7652840988,2.1584933497,0
2017-08-31,2.8475386639,2.1714784766,0
2017-09-01,2.858722367,2.1745493337,0
2017-09-05,2.7768388281,2.1589317568,0
2017-09-06,2.8044716309,2.1663017521,0
2017-09-07,2.8230238041,2.1660384608,0
2017-09-08,2.7554357459,2.1634944952,0
2017-09-11,2.8238552977,2.1865700884,0
2017-09-12,2.8321427815,2.1939402381,0
2017-09-13,2.8243891984,2.194993249,0
2017-09-14,2.8136779815,2.1942913962,0
2017-09-15,2.859665119,2.1972450462,0
2017-09-18,2.8887020354,2.2019180426,0
2017-09-19,2.9042917063,2.2041230495,0
2017-09-20,2.8927366811,2.2049161664,0
2017-09-21,2.8569193856,2.1990082487,0
2017-09-22,2.8389862066,2.1994497443,0
2017-09-25,2.7809779121,2.1949521725,0
2017-09-26,2.7807065229,2.1962746516,0
2017-09-27,2.8447006108,2.2048281453,0
2017-09-28,2.8855426193,2.2074735668,0
2017-09-29,2.9310200031,2.2152328626,0
2017-10-02,2.9866063874,2.2248439999,0
2017-10-03,3.0180557335,2.229605944,0
2017-10-04,3.0338563728,2.2322507479,0
2017-10-05,3.0643646707,2.2454769291,0
2017-10-06,3.0676350036,2.2429195287,0
2017-10-09,3.0583303024,2.239216618,0
2017-10-10,3.0800889661,2.2451245356,0
2017-10-11,3.1028765616,2.2486515585,0
2017-10-12,3.090282634,2.2453004235,0
2017-10-13,3.1125828821,2.2480341751,0
2017-10-16,3.1339922535,2.2510318356,0
2017-10-17,3.1155023538,2.2526193048,0
2017-10-18,3.1429566372,2.2548232308,0
2017-10-19,3.1355290538,2.255440923,0
2017-10-20,3.1835907125,2.2670797895,0
2017-10-23,3.1745009868,2.258262078,0
2017-10-24,3.2167902238,2.2622299787,0
2017-10-25,3.1502400283,2.2510318356,0
2017-10-26,3.1865408312,2.2539419383,0
2017-10-27,3.2777917598,2.272370015,0
2017-10-30,3.2958966731,2.2639059323,0
2017-10-31,3.3444019568,2.267432183,0
2017-11-01,3.3417357816,2.2704303068,0
2017-11-02,3.3437376091,2.2713123714,0
2017-11-03,3.4315711566,2.2788954705,0
2017-11-06,3.4758549276,2.2824226477,0
2017-11-07,3.4620504763,2.280835333,0
2017-11-08,3.4884651197,2.2847150582,0
2017-11-09,3.4126383682,2.2764267089,0
2017-11-10,3.4264950498,2.2757209955,0
2017-11-13,3.4353218237,2.2778370548,0
2017-11-14,3.4228500561,2.2725471382,0
2017-11-15,3.3549415581,2.261172644,0
2017-11-16,3.4853646143,2.280394764,0
2017-11-17,3.4698834223,2.273692803,0
2017-11-20,3.5229830935,2.2775728369,0
2017-11-21,3.6404433886,2.292474354,0
2017-11-22,3.6286665755,2.2904467791,0
2017-11-24,3.6726323708,2.2957368501,0
2017-11-27,3.6096192,2.294591031,0
2017-11-28,3.6542277256,2.3178686096,0
2017-11-29,3.4512523992,2.3164581093,0
2017-11-30,3.5154553348,2.3367384906,0
2017-12-01,3.4714724491,2.3318889887,0
2017-12-04,3.399734781,2.3290679881,0
2017-12-05,3.3349020645,2.3206905367,0
2017-12-06,3.3302364555,2.3211312601,0
2017-12-07,3.3775373418,2.3284501414,0
2017-12-08,3.4057763377,2.3411474236,0
2017-12-11,3.4150811742,2.3482017781,0
2017-12-12,3.3999472377,2.35234603,0
2017-12-13,3.3937393548,2.3520811944,0
2017-12-14,3.3609855865,2.3424705204,0
2017-12-15,3.4450669187,2.3619772422,0
2017-12-18,3.5539855051,2.3769544266,0
2017-12-19,3.5053435199,2.3678255526,0
2017-12-20,3.5179005432,2.3665849177,0
2017-12-21,3.532751134,2.3714602083,0
2017-12-22,3.5306726446,2.3708389643,0
2017-12-26,3.5027010134,2.3680032935,0
2017-12-27,3.517247325,2.3691549808,0
2017-12-28,3.5491929222,2.374030117,0
2017-12-29,3.5062157388,2.365077903,0
2018-01-02,3.6351832141,2.3820057595,0
2018-01-03,3.7729518653,2.3970723549,0
2018-01-04,3.7808155074,2.4071759472,0
2018-01-05,3.8899817314,2.423217261,0
2018-01-08,3.9177353162,2.4276484309,0
2018-01-09,3.9110285053,2.4331438845,0
2018-01-10,3.8472630096,2.4294212077,0
2018-01-11,3.9403403338,2.4471461961,0
2018-01-12,4.0226853585,2.4630991798,0
2018-01-16,3.9791667124,2.454679571,0
2018-01-17,4.1589500918,2.4780765186,0
2018-01-18,4.1478554355,2.4739121918,0
2018-01-19,4.197153973,2.4851663905,0
2018-01-22,4.2899094603,2.5053735753,0
2018-01-23,4.3466381506,2.5106925234,0
2018-01-24,4.2980971949,2.5097164152,0
2018-01-25,4.2588436937,2.5107806989,0
2018-01-26,4.4110827861,2.5398494514,0
2018-01-29,4.2908475287,2.5230105425,0
2018-01-30,4.1196675911,2.4971313985,0
2018-01-31,4.1389922177,2.4983724967,0
2018-02-01,4.0903187973,2.4955362082,0
2018-02-02,3.7607874399,2.4412086292,0
2018-02-05,3.3058216054,2.3391108922,0
2018-02-06,3.572640868,2.3851964489,0
2018-02-07,3.430108649,2.3722570313,0
2018-02-08,3.0043040119,2.2832767617,0
2018-02-09,3.114053156,2.3175742792,0
2018-02-12,3.2534719213,2.3516071156,0
2018-02-13,3.2704248744,2.3574566614,0
2018-02-14,3.4615460257,2.3892738356,0
2018-02-15,3.5845849634,2.4197601918,0
2018-02-16,3.5754564856,2.4204696114,0
2018-02-20,3.5361418538,2.4053148405,0
2018-02-21,3.488161415,2.3933509134,0
2018-02-22,3.4819043338,2.3964521918,0
2018-02-23,3.6550340622,2.4346496639,0
2018-02-26,3.7977180978,2.4629215933,0
2018-02-27,3.6587534977,2.432169475,0
2018-02-28,3.5395867285,2.4075308115,0
2018-03-01,3.3800432313,2.37252372,0
2018-03-02,3.4475957248,2.3847532547,0
2018-03-05,3.5593197784,2.4123163823,0
2018-03-06,3.6502172399,2.4184312269,0
2018-03-07,3.6930835447,2.4175456106,0
2018-03-08,3.713699175,2.4292440844,0
2018-03-09,3.9156969063,2.4715184798,0
2018-03-12,3.9797386408,2.4684162749,0
2018-03-13,3.8486970651,2.4524637544,0
2018-03-14,3.8341685565,2.4398785833,0
2018-03-15,3.8003756058,2.4372198814,0
2018-03-16,3.7860191431,2.4398634499,0
2018-03-19,3.5830747437,2.40685135,0
2018-03-20,3.5913146729,2.4109446422,0
2018-03-21,3.604126935,2.406317355,0
2018-03-22,3.3011652283,2.3461661733,0
2018-03-23,3.0471222819,2.2961584251,0
2018-03-26,3.3027491909,2.3589789639,0
2018-03-27,2.9553941907,2.3188490416,0
2018-03-28,2.86779967,2.3119968269,0
2018-03-29,2.9966644402,2.3415390405,0
2018-04-02,2.8006376306,2.2909977606,0
2018-04-03,2.8789563958,2.3203609979,0
2018-04-04,2.9507695249,2.3451875943,0
2018-04-05,2.9611951171,2.3636950444,0
2018-04-06,2.803934977,2.3110184024,0
2018-04-09,2.820928187,2.3224078756,0
2018-04-10,2.9705030045,2.3593347547,0
2018-04-11,2.9607583706,2.3469668569,0
2018-04-12,3.0506345602,2.3662760715,0
2018-04-13,3.0114605731,2.3593347547,0
2018-04-16,3.0317955015,2.3787332259,0
2018-04-17,3.1570850911,2.404181684,0
2018-04-18,3.1448543356,2.4059614098,0
2018-04-19,3.0197120141,2.3926147786,0
2018-04-20,2.9415391053,2.3723262129,0
2018-04-23,2.9012396859,2.3719702677,0
2018-04-24,2.822468562,2.3400261577,0
2018-04-25,2.8001572909,2.3458096104,0
2018-04-26,2.8941284245,2.3696571646,0
2018-04-27,2.8836494941,2.37188132,0
2018-04-30,2.8354115634,2.353640713,0
2018-05-01,2.8836523864,2.3578227985,0
2018-05-02,2.8679759563,2.3419842422,0
2018-05-03,2.8738906456,2.3368226512,0
2018-05-04,2.9616066694,2.3670764463,0
2018-05-07,3.0251509723,2.3750855986,0
2018-05-08,3.0409895748,2.3750855986,0
2018-05-09,3.1298022904,2.3980422861,0
2018-05-10,3.1990073083,2.4204651331,0
2018-05-11,3.1848595602,2.4278507251,0
2018-05-14,3.2334523725,2.429007045,0
2018-05-15,3.1798035123,2.4122785486,0
2018-05-16,3.2228945893,2.4224227543,0
2018-05-17,3.2505875166,2.4203769575,0
2018-05-18,3.2046157946,2.414325272,0
2018-05-21,3.2611558717,2.4324780123,0
2018-05-22,3.2241380795,2.4257145908,0
2018-05-23,3.2368939164,2.432389219,0
2018-05-24,3.2013845484,2.4274056778,0
2018-05-25,3.1612961046,2.4216220707,0
2018-05-29,3.0991743317,2.3937707897,0
2018-05-30,3.2344025126,2.4257145908,0
2018-05-31,3.1992862294,2.4108550768,0
2018-06-01,3.3117266894,2.4345242723,0
2018-06-04,3.3529605688,2.4460914866,0
2018-06-05,3.3864317105,2.4478719845,0
2018-06-06,3.4413167457,2.4683369014,0
2018-06-07,3.3762899507,2.4680695951,0
2018-06-08,3.3532795512,2.4753663938,0
2018-06-11,3.3380008668,2.478658848,0
2018-06-12,3.3634205658,2.4818620457,0
2018-06-13,3.3445924029,2.4739426131,0
2018-06-14,3.399264237,2.480171422,0
2018-06-15,3.3488207855,2.477007911,0
2018-06-18,3.3330445694,2.4719125675,0
2018-06-19,3.293870085,2.4624382491,0
2018-06-20,3.3690422418,2.4666391742,0
2018-06-21,3.267985567,2.4511764837,0
2018-06-22,3.2360426611,2.4556456417,0
2018-06-25,3.0547860067,2.4222167539,0
2018-06-26,3.1038081211,2.4275803303,0
2018-06-27,2.9972651476,2.4074690422,0
2018-06-28,3.045305743,2.4212349321,0
2018-06-29,3.0512463683,2.4247194886,0
2018-07-02,3.0931061635,2.4299034709,0
2018-07-03,3.0569313743,2.4213237253,0
2018-07-05,3.1399990443,2.4410758254,0
2018-07-06,3.2449818317,2.4617232703,0
2018-07-09,3.2947110864,2.4838900838,0
2018-07-10,3.2844770214,2.4928276276,0
2018-07-11,3.2322597681,2.4745945873,0
2018-07-12,3.3269904669,2.4970287072,0
2018-07-13,3.3212616987,2.4989946672,0
2018-07-16,3.2744516636,2.4967612464,0
2018-07-17,3.340202068,2.506860515,0
2018-07-18,3.3335630635,2.5121342171,0
2018-07-19,3.333598941,2.5026600531,0
2018-07-20,3.3183325079,2.4997995203,0
2018-07-23,3.3336429993,2.5044471913,0
2018-07-24,3.2963001411,2.5170491945,0
2018-07-25,3.3847675797,2.538501338,0
2018-07-26,3.3029005481,2.5325129659,0
2018-07-27,3.1714319701,2.5153523938,0
2018-07-30,3.0723680213,2.5022126895,0
2018-07-31,3.1198329799,2.5145467687,0
2018-08-01,3.1513210653,2.5103461524,0
2018-08-02,3.2470821147,2.524022168,0
2018-08-03,3.2475577883,2.5348376508,0
2018-08-06,3.3021035483,2.5441325296,0
2018-08-07,3.3328110825,2.5525343798,0
2018-08-08,3.345512158,2.5514611395,0
2018-08-09,3.3358302169,2.5479756564,0
2018-08-10,3.253599257,2.5309046497,0
2018-08-13,3.2396008569,2.5214297136,0
2018-08-14,3.3008010236,2.5375184352,0
2018-08-15,3.2240678018,2.5185691807,0
2018-08-16,3.287190944,2.5389483928,0
2018-08-17,3.3207815822,2.5478867088,0
2018-08-20,3.3278734758,2.5533384607,0
2018-08-21,3.3415806858,2.5593266784,0
2018-08-22,3.351652954,2.5578073098,0
2018-08-23,3.3446190496,2.5544113922,0
2018-08-24,3.4089466713,2.5697857527,0
2018-08-27,3.4624838135,2.5900738551,0
2018-08-28,3.4710387226,2.5913252997,0
2018-08-29,3.5481387199,2.605268776,0
2018-08-30,3.5257514096,2.5947226071,0
2018-08-31,3.533036295,2.5948109371,0
2018-09-04,3.4913603268,2.5903425513,0
2018-09-05,3.4128099199,2.5833708131,0
2018-09-06,3.3740877423,2.5755946852,0
2018-09-07,3.355136092,2.5705892159,0
2018-09-10,3.3587657877,2.5750583738,0
2018-09-11,3.396244424,2.5835493262,0
2018-09-12,3.3764265436,2.5841753573,0
2018-09-13,3.4480863484,2.5994593803,0
2018-09-14,3.4456781049,2.5999053541,0
2018-09-17,3.3589125647,2.5861413173,0
2018-09-18,3.4161622225,2.6001740502,0
2018-09-19,3.4215743137,2.6029444001,0
2018-09-20,3.5141497807,2.6240385909,0
2018-09-21,3.5007425225,2.6216413273,0
2018-09-24,3.5040908625,2.612932484,0
2018-09-25,3.4911944624,2.6105080419,0
2018-09-26,3.4698434526,2.6026967055,0
2018-09-27,3.5172612576,2.6099691053,0
2018-09-28,3.5294164138,2.610238728,0
2018-10-01,3.5688042105,2.619307377,0
2018-10-02,3.5674848052,2.6177813683,0
2018-10-03,3.5817196458,2.6192175028,0
2018-10-04,3.4430078914,2.5987459457,0
2018-10-05,3.3671673212,2.5842011459,0
2018-10-08,3.3333956668,2.5842011459,0
2018-10-09,3.3395501682,2.5804299802,0
2018-10-10,2.996947962,2.4987239636,0
2018-10-11,2.8232720176,2.443686965,0
2018-10-12,2.919821649,2.4776259121,0
2018-10-15,2.852095077,2.4637086877,0
2018-10-16,2.977473583,2.5175797921,0
2018-10-17,2.9566801284,2.5180296265,0
2018-10-18,2.8170557641,2.481665774,0
2018-10-19,2.7969927265,2.4803193593,0
2018-10-22,2.7922760203,2.4691859194,0
2018-10-23,2.766378395,2.4566163451,0
2018-10-24,2.4853471426,2.382184427,0
2018-10-25,2.5554394967,2.4249214739,0
2018-10-26,2.5945186298,2.3822732203,0
2018-10-29,2.5920538067,2.3690745263,0
2018-10-30,2.6075752535,2.4041809119,0
2018-10-31,2.593425184,2.4298597692,0
2018-11-01,2.6458856669,2.4557180661,0
2018-11-02,2.6309023213,2.441172803,0
2018-11-05,2.6519546224,2.4546409652,0
2018-11-06,2.6680036492,2.4701737638,0
2018-11-07,2.7350993388,2.5230571783,0
2018-11-08,2.7354820822,2.5184788432,0
2018-11-09,2.6973052361,2.4938781678,0
2018-11-12,2.6299657799,2.447277919,0
2018-11-13,2.6133946387,2.4426989662,0
2018-11-14,2.5850023663,2.4259996558,0
2018-11-15,2.5982321565,2.4513185529,0
2018-11-16,2.611025837,2.4576931371,0
2018-11-19,2.5822504698,2.4161230653,0
2018-11-20,2.5420126061,2.3714100208,0
2018-11-21,2.5210633234,2.3794905166,0
2018-11-23,2.5155944,2.3635980667,0
2018-11-26,2.5305506226,2.4017567786,0
2018-11-27,2.5555369273,2.4098375832,0
2018-11-28,2.5750841894,2.4653253428,0
2018-11-29,2.5778241318,2.4599390662,0
2018-11-30,2.6085053467,2.4749318473,0
2018-12-03,2.6219603989,2.507704437,0
2018-12-04,2.5652678809,2.4264481004,0
2018-12-06,2.5450802335,2.4227672722,0
2018-12-07,2.5038361668,2.3664714167,0
2018-12-10,2.5086804805,2.3709612674,0
2018-12-11,2.5125270503,2.3714997406,0
2018-12-12,2.5039138255,2.3834406587,0
2018-12-13,2.5126082587,2.3826325627,0
2018-12-14,2.4856473915,2.338638512,0
2018-12-17,2.4307822608,2.2927572571,0
2018-12-18,2.4322522174,2.2902440216,0
2018-12-19,2.4277293489,2.2559455776,0
2018-12-20,2.4194424921,2.2192233091,0
2018-12-21,2.4210532305,2.1737529739,0
2018-12-24,2.4180729831,2.116315932,0
2018-12-26,2.3962237928,2.2232423238,0
2018-12-27,2.4032332582,2.2403110142,0
2018-12-28,2.4240551317,2.2374209865,0
2018-12-31,2.4321890607,2.2570180458,0
2019-01-02,2.4352007711,2.2593660485,0
2019-01-03,2.4626985779,2.2054512423,0
2019-01-04,2.4292866667,2.2793247666,0
2019-01-07,2.4130664891,2.2972966775,0
2019-01-08,2.4034043429,2.3188803895,0
2019-01-09,2.3984066119,2.3297176459,0
2019-01-10,2.3853080375,2.3379354238,0
2019-01-11,2.3977163262,2.3388389532,0
2019-01-14,2.3885935951,2.324569953,0
2019-01-15,2.3870393517,2.3512113293,0
2019-01-16,2.3863248463,2.3569007383,0
2019-01-17,2.3935089603,2.3747823117,0
2019-01-18,2.3883202468,2.406390706,0
2019-01-22,2.3958664889,2.3738781647,0
2019-01-23,2.3983930831,2.378846418,0
2019-01-24,2.4125694844,2.3801103708,0
2019-01-25,2.3989322833,2.4002491462,0
2019-01-28,2.4075467352,2.3820068405,0
2019-01-29,2.43178287,2.378846418,0
2019-01-30,2.4559033052,2.416505108,0
2019-01-31,2.4980972539,2.4377283965,0
2019-02-01,2.4770486698,2.4389015486,0
2019-02-04,2.488172604,2.4560608853,0
2019-02-05,2.5121717257,2.4663561167,0
2019-02-06,2.4936091079,2.4631050479,0
2019-02-07,2.524652768,2.4396247118,0
2019-02-08,2.537356378,2.4426046137,0
2019-02-11,2.531092696,2.4439590584,0
2019-02-12,2.5111264223,2.4753870865,0
2019-02-13,2.518016735,2.4834241894,0
2019-02-14,2.5354089297,2.4779157642,0
2019-02-15,2.5491698271,2.5049183361,0
2019-02-19,2.5803475925,2.509253146,0
2019-02-20,2.5635678334,2.5143105014,0
2019-02-21,2.5409747151,2.5053703324,0
2019-02-22,2.5715259867,2.5209032854,0
2019-02-25,2.5452609678,2.5243344115,0
2019-02-26,2.5445860439,2.5225284337,0
2019-02-27,2.5180224884,2.5214450015,0
2019-02-28,2.5182867308,2.5167488416,0
2019-03-01,2.5020441749,2.5324627784,0
2019-03-04,2.498945876,2.5232519058,0
2019-03-05,2.5035362079,2.5198187722,0
2019-03-06,2.4832559793,2.5045566772,0
2019-03-07,2.4853365012,2.4836051733,0
2019-03-08,2.4981549155,2.4786376921,0
2019-03-11,2.5279905815,2.5145810506,0
2019-03-12,2.5520699082,2.5240630902,0
2019-03-13,2.5683303067,2.5407712027,0
2019-03-14,2.5579783245,2.5391449734,0
2019-03-15,2.5566946639,2.5516906122,0
2019-03-18,2.5382898242,2.5609430246,0
2019-03-19,2.5252489623,2.561577549,0
2019-03-20,2.547566901,2.5538668964,0
2019-03-21,2.6108062969,2.5827131253,0
2019-03-22,2.5178796612,2.5330044946,0
2019-03-25,2.5077526387,2.531099686,0
2019-03-26,2.5250647795,2.5499663242,0
2019-03-27,2.4908416314,2.5366332822,0
2019-03-28,2.5248200755,2.54624828,0
2019-03-29,2.5550608461,2.562303183,0
2019-04-01,2.5687091848,2.5926910173,0
2019-04-02,2.6007966597,2.593960066,0
2019-04-03,2.6324183012,2.5980414677,0
2019-04-04,2.620345327,2.6049355311,0
2019-04-05,2.6581601331,2.6175438656,0
2019-04-08,2.6512415929,2.619540247,0
2019-04-09,2.6175614777,2.6061150145,0
2019-04-10,2.6677150044,2.6150042239,0
2019-04-11,2.6616655051,2.6142784354,0
2019-04-12,2.6982786385,2.6319657446,0
2019-04-15,2.6816800621,2.6302433098,0
2019-04-16,2.6508080952,2.6319657446,0
2019-04-17,2.6684355184,2.6255256851,0
2019-04-18,2.682933705,2.630696387,0
2019-04-22,2.6899424054,2.632964553,0
2019-04-23,2.763324076,2.6566388445,0
2019-04-24,2.7743293904,2.6507429718,0
2019-04-25,2.7284974146,2.6491094846,0
2019-04-26,2.6966936343,2.6614466523,0
2019-04-29,2.6892609855,2.6656191635,0
2019-04-30,2.6838328976,2.6669793219,0
2019-05-01,2.6559966734,2.6469324282,0
2019-05-02,2.6570747895,2.6412187748,0
2019-05-03,2.7331263941,2.6670704315,0
2019-05-06,2.6748914292,2.6560952753,0
2019-05-07,2.514025205,2.6117387937,0
2019-05-08,2.4793542138,2.6081095428,0
2019-05-09,2.4612721459,2.6002191418,0
2019-05-10,2.4759799186,2.6132811713,0
2019-05-13,2.3466533935,2.5476084384,0
2019-05-14,2.3731269913,2.570647279,0
2019-05-15,2.4206970806,2.5857056899,0
2019-05-16,2.4313253843,2.6096522292,0
2019-05-17,2.4047423993,2.5927815092,0
2019-05-20,2.3214310519,2.575636225,0
2019-05-21,2.3546685112,2.5988583657,0
2019-05-22,2.368616506,2.5908762374,0
2019-05-23,2.3739827762,2.559219972,0
2019-05-24,2.3871596058,2.5650238086,0
2019-05-28,2.3935194553,2.54116807,0
2019-05-29,2.3780240917,2.5241149763,0
2019-05-30,2.4080167613,2.5310087308,0
2019-05-31,2.4630347901,2.4969031612,0
2019-06-03,2.4890471736,2.4905535936,0
2019-06-04,2.4410015676,2.5446146384,0
2019-06-05,2.4323138842,2.5666565236,0
2019-06-06,2.4442160374,2.5833470319,0
2019-06-07,2.4814622098,2.6091991519,0
2019-06-10,2.4486175649,2.6211731165,0
2019-06-11,2.4379007624,2.6205375112,0
2019-06-12,2.4351239854,2.6159116138,0
2019-06-13,2.4608371992,2.6267048596,0
2019-06-14,2.4694524927,2.6238029413,0
2019-06-17,2.485555247,2.6248017497,0
2019-06-18,2.4959714415,2.6522838052,0
2019-06-19,2.4959068492,2.658271714,0
2019-06-20,2.5409926688,2.6836693669,0
2019-06-21,2.4665706561,2.6797686403,0
2019-06-24,2.4562281109,2.6764871501,0
2019-06-25,2.3554005791,2.6502361553,0
2019-06-26,2.3539897024,2.6475930501,0
2019-06-27,2.3818579571,2.6569813549,0
2019-06-28,2.4205416683,2.6706545909,0
2019-07-01,2.5062094832,2.6948990123,0
2019-07-02,2.5179476271,2.7019172319,0
2019-07-03,2.567307252,2.7235194746,0
2019-07-05,2.5457326099,2.7204208214,0
2019-07-08,2.5153200786,2.7054726685,0
2019-07-09,2.5290358586,2.7088452683,0
2019-07-10,2.5517486117,2.7217880832,0
2019-07-11,2.53988004,2.7281682266,0
2019-07-12,2.577133712,2.7403824735,0
2019-07-15,2.5849149019,2.741294805,0
2019-07-16,2.5506403958,2.7324516137,0
2019-07-17,2.5165779664,2.7138572234,0
2019-07-18,2.5667464657,2.7237928035,0
2019-07-19,2.5318552744,2.7086636668,0
2019-07-22,2.5748017405,2.7153162125,0
2019-07-23,2.5832527609,2.7347308981,0
2019-07-24,2.6489648322,2.7475832211,0
2019-07-25,2.5798536843,2.7344578781,0
2019-07-26,2.6007361184,2.7527783219,0
2019-07-29,2.6124912134,2.7477648226,0
2019-07-30,2.6039236509,2.7410208585,0
2019-07-31,2.5105433845,2.7110328255,0
2019-08-01,2.5578426058,2.6874249359,0
2019-08-02,2.5446626875,2.6671896461,0
2019-08-05,2.5962574372,2.5869796802,0
2019-08-06,2.6243527432,2.6232562837,0
2019-08-07,2.6437419867,2.6248057647,0
2019-08-08,2.658352311,2.676304622,0
2019-08-09,2.6445203297,2.6580755967,0
2019-08-12,2.7037176256,2.6257171697,0
2019-08-13,2.6715553227,2.6665512612,0
2019-08-14,2.7515502201,2.5877082482,0
2019-08-15,2.8043317142,2.5945444029,0
2019-08-16,2.7594394627,2.6328277342,0
2019-08-19,2.6980656287,2.6645468498,0
2019-08-20,2.7569738153,2.6441302673,0
2019-08-21,2.7267261665,2.6656404739,0
2019-08-22,2.695567327,2.6648204874,0
2019-08-23,2.7877461952,2.5963681393,0
2019-08-26,2.7728166229,2.6250790936,0
2019-08-27,2.8498089081,2.6147803104,0
2019-08-28,2.8497248167,2.6331924815,0
2019-08-29,2.8153616663,2.6668252077,0
2019-08-30,2.8197045119,2.6656404739,0
2019-09-03,2.8354864503,2.6500539361,0
2019-09-04,2.8584439214,2.6801336964,0
2019-09-05,2.7347271594,2.7145870268,0
2019-09-06,2.7358818742,2.7166834743,0
2019-09-09,2.6533677562,2.718051045,0
2019-09-10,2.6029564692,2.7174126601,0
2019-09-11,2.6321196103,2.7367368538,0
2019-09-12,2.6074519519,2.7462159593,0
2019-09-13,2.5260770041,2.7443928405,0
2019-09-16,2.5712890768,2.7359159407,0
2019-09-17,2.6165939276,2.7428427418,0
2019-09-18,2.6085010587,2.7444848767,0
2019-09-19,2.6245918816,2.7443017309,0
2019-09-20,2.6593400306,2.7313354437,0
2019-09-23,2.6723755531,2.7306939703,0
2019-09-24,2.6997585142,2.7092671521,0
2019-09-25,2.6241775998,2.7252922514,0
2019-09-26,2.6543986332,2.719614733,0
2019-09-27,2.6091473533,2.7049636901,0
2019-09-30,2.6273083006,2.7175080935,0
2019-10-01,2.6183517955,2.6851842572,0
2019-10-02,2.6259703375,2.6377516681,0
2019-10-03,2.6466318683,2.6593625586,0
2019-10-04,2.6831463559,2.6953486923,0
2019-10-07,2.648567518,2.6837194,0
2019-10-08,2.6594273786,2.6420548213,0
2019-10-09,2.6315601159,2.6671460988,0
2019-10-10,2.5666570697,2.6851842572,0
2019-10-11,2.511556293,2.7130214857,0
2019-10-14,2.5392818612,2.7099997352,0
2019-10-15,2.5281089171,2.7368291987,0
2019-10-16,2.532032033,2.7324340094,0
2019-10-17,2.5564938536,2.7404930404,0
2019-10-18,2.5866770217,2.7284971478,0
2019-10-21,2.5840686233,2.7469936338,0
2019-10-22,2.5928158807,2.7380204183,0
2019-10-23,2.5948703075,2.7459855601,0
2019-10-24,2.6024245164,2.7504740209,0
2019-10-25,2.5714514874,2.7617360951,0
2019-10-28,2.5225881091,2.7773025579,0
2019-10-29,2.506743319,2.7764791742,0
2019-10-30,2.5462545411,2.7849952974,0
2019-10-31,2.5485349717,2.7775777399,0
2019-11-01,2.5882895051,2.8033092554,0
2019-11-04,2.5389652196,2.8145719474,0
2019-11-05,2.4864344566,2.811459396,0
2019-11-06,2.5033563514,2.8120993252,0
2019-11-07,2.4817869782,2.8219888873,0
2019-11-08,2.4973713021,2.828948426,0
2019-11-11,2.5094492332,2.8235463983,0
2019-11-12,2.527631083,2.8294975544,0
2019-11-13,2.5371143188,2.8304139009,0
2019-11-14,2.5339800097,2.8345339083,0
2019-11-15,2.5727364354,2.8550468508,0
2019-11-18,2.5907255974,2.8571516372,0
2019-11-19,2.5833695173,2.8563276357,0
2019-11-20,2.5369641009,2.8457051818,0
2019-11-21,2.5027868249,2.841126229,0
2019-11-22,2.5003645472,2.8474455298,0
2019-11-25,2.6003240178,2.8695144391,0
2019-11-26,2.6068449836,2.8760156502,0
2019-11-27,2.6391377609,2.8888352355,0
2019-11-29,2.6019427434,2.8781210542,0
2019-12-02,2.5113910315,2.8536721767,0
2019-12-03,2.4512572928,2.8345339083,0
2019-12-04,2.4978465237,2.8520241737,0
2019-12-05,2.5141448774,2.8571516372,0
2019-12-06,2.5784078408,2.8832494443,0
2019-12-09,2.5469461334,2.8741841926,0
2019-12-10,2.5459665228,2.8709792963,0
2019-12-11,2.6080873591,2.8791285103,0
2019-12-12,2.6742326731,2.9039436794,0
2019-12-13,2.6825575383,2.9056837186,0
2019-12-16,2.7337994642,2.9256450618,0
2019-12-17,2.732085102,2.9262868441,0
2019-12-18,2.7206657024,2.9264702987,0
2019-12-19,2.7560582541,2.9384652648,0
2019-12-20,2.8118303635,2.9513481636,0
2019-12-23,2.824738566,2.9558570083,0
2019-12-24,2.8522461177,2.9559493532,0
2019-12-26,2.8670404227,2.9716847549,0
2019-12-27,2.8442359769,2.970947848,0
2019-12-30,2.7837968846,2.9545691199,0
2019-12-31,2.8057376745,2.9617460863,0
2020-01-02,2.9075308225,2.9894449518,0
2020-01-03,2.8228495665,2.9668077656,0
2020-01-06,2.8358471978,2.978125741,0
2020-01-07,2.8588396418,2.9697526135,0
2020-01-08,2.9102775762,2.9855800513,0
2020-01-09,2.9682969265,3.0058236799,0
2020-01-10,2.951580284,2.9971741351,0
2020-01-13,3.0425469242,3.0177868349,0
2020-01-14,3.025592498,3.0131850275,0
2020-01-15,3.0255706376,3.0199950847,0
2020-01-16,3.1179263269,3.045116938,0
2020-01-17,3.1649465633,3.0545948082,0
2020-01-21,3.181145582,3.0486124586,0
2020-01-22,3.2253621849,3.048980912,0
2020-01-23,3.2819958264,3.0524782856,0
2020-01-24,3.2231212031,3.0253322547,0
2020-01-27,3.0268589672,2.9768375438,0
2020-01-28,3.1813248816,3.0080325474,0
2020-01-29,3.1381617356,3.0055475715,0
2020-01-30,3.1593567857,3.0153018589,0
2020-01-31,2.9459400355,2.9605514695,0
2020-02-03,3.0424914977,2.9825428584,0
2020-02-04,3.2088727533,3.0280016119,0
2020-02-05,3.3081098689,3.0629679357,0
2020-02-06,3.3572861049,3.0732753665,0
2020-02-07,3.2762313986,3.0568947853,0
2020-02-10,3.3869744271,3.0797154261,0
2020-02-11,3.4225977329,3.0850535226,0
2020-02-12,3.5060662377,3.1049296244,0
2020-02-13,3.4975596619,3.1016157054,0
2020-02-14,3.5184533,3.1065859662,0
2020-02-18,3.4777804619,3.0985800567,0
2020-02-19,3.5959239501,3.1133947881,0
2020-02-20,3.5166215497,3.100604852,0
2020-02-21,3.3235172008,3.0686741768,0
2020-02-24,2.9843828349,2.9669004194,0
2020-02-25,2.832299653,2.8769968543,0
2020-02-26,2.7823732956,2.8664139327,0
2020-02-27,2.6044976743,2.7376782168,0
2020-02-28,2.580754523,2.7261774045,0
2020-03-02,2.641026319,2.8442372361,0
2020-03-03,2.5734917425,2.7627997612,0
2020-03-04,2.6705165107,2.878928378,0
2020-03-05,2.6601209883,2.7832283887,0
2020-03-06,2.6682157419,2.7372186537,0
2020-03-09,2.6553795346,2.5234568252,0
2020-03-10,2.4573980413,2.6540331097,0
2020-03-11,2.3824201736,2.5246528319,0
2020-03-12,2.3561177691,2.2831011827,0
2020-03-13,2.2763143289,2.4782751067,0
2020-03-16,2.4656533741,2.2070932228,0
2020-03-17,2.2487496139,2.326258106,0
2020-03-18,2.1076323435,2.2084731473,0
2020-03-19,2.1309813181,2.2131663732,0
2020-03-20,2.3324963718,2.1177915988,0
2020-03-23,2.4908581484,2.0636437682,0
2020-03-24,2.4442280071,2.250616592,0
2020-03-25,2.4359946466,2.2843081534,0
2020-03-26,2.4560505321,2.4176884519,0
2020-03-27,2.5497079667,2.3456764977,0
2020-03-30,2.5262475071,2.4218535509,0
2020-03-31,2.5013699939,2.3857549971,0
2020-04-01,2.5455621471,2.2783844846,0
2020-04-02,2.5650810095,2.3309588985,0
2020-04-03,2.5735992349,2.2972668739,0
2020-04-06,2.5607064058,2.4515654754,0
2020-04-07,2.5277113352,2.4540648128,0
2020-04-08,2.4978956969,2.5364442684,0
2020-04-09,2.5057704969,2.5750421594,0
2020-04-13,2.482846391,2.5515312475,0
2020-04-14,2.4846613163,2.6267839242,0
2020-04-15,2.5690014663,2.5709689422,0
2020-04-16,2.6119512894,2.5833728206,0
2020-04-17,2.5629446167,2.653163399,0
2020-04-20,2.5913790988,2.6064198456,0
2020-04-21,2.6418415532,2.5272803403,0
2020-04-22,2.6027000886,2.5833728206,0
2020-04-23,2.618793198,2.5831868952,0
2020-04-24,2.6312948167,2.6191940305,0
2020-04-27,2.5673796861,2.6569575737,0
2020-04-28,2.6056266772,2.6447411649,0
2020-04-29,2.5914153619,2.7139758203,0
2020-04-30,2.5426253812,2.6887069562,0
2020-05-01,2.5718695423,2.6175274968,0
2020-05-04,2.5601358351,2.6247473928,0
2020-05-05,2.5456598986,2.6489976823,0
2020-05-06,2.4853812148,2.631041677,0
2020-05-07,2.550773275,2.6627892064,0
2020-05-08,2.5063198709,2.7068482692,0
2020-05-11,2.4713289348,2.7074038834,0
2020-05-12,2.5027219772,2.6534419782,0
2020-05-13,2.5289737074,2.6065131171,0
2020-05-14,2.5684916397,2.6377053412,0
2020-05-15,2.571167289,2.6498306404,0
2020-05-18,2.492272858,2.7305441799,0
2020-05-19,2.5151043045,2.7024984803,0
2020-05-20,2.5128059713,2.7484090757,0
2020-05-21,2.4810692188,2.7294332604,0
2020-05-22,2.494903802,2.734616625,0
2020-05-26,2.3996888282,2.7683092674,0
2020-05-27,2.3901365053,2.8094988408,0
2020-05-28,2.3812944349,2.8043148584,0
2020-05-29,2.4257268688,2.8168104641,0
2020-06-01,2.4683368289,2.828195768,0
2020-06-02,2.4278469158,2.8516137172,0
2020-06-03,2.3863348643,2.8895638035,0
2020-06-04,2.3434908991,2.8819732921,0
2020-06-05,2.3946949948,2.9558372421,0
2020-06-08,2.4206761003,2.9915664159,0
2020-06-09,2.4506743371,2.9692590774,0
2020-06-10,2.5175450885,2.9526897912,0
2020-06-11,2.2631962981,2.7824698626,0
2020-06-12,2.3148083102,2.8157934338,0
2020-06-15,2.3710594632,2.8420796371,0
2020-06-16,2.3592876383,2.8967833907,0
2020-06-17,2.3662449232,2.8847504365,0
2020-06-18,2.388319056,2.885861356,0
2020-06-19,2.4014867073,2.8693692814,0
2020-06-22,2.5057565152,2.8877765109,0
2020-06-23,2.5538335611,2.9010707927,0
2020-06-24,2.419301063,2.8270678619,0
2020-06-25,2.4867209917,2.8573752418,0
2020-06-26,2.357393613,2.789508466,0
2020-06-29,2.3990730949,2.8305084078,0
2020-06-30,2.4917625689,2.8667653996,0
2020-07-01,2.5319330232,2.8868462664,0
2020-07-02,2.560401577,2.9027444299,0
2020-07-06,2.6711290814,2.9475539888,0
2020-07-07,2.6707769232,2.9171545728,0
2020-07-08,2.7592120727,2.9394668528,0
2020-07-09,2.7874285913,2.9227326428,0
2020-07-10,2.7946230831,2.9525755181,0
2020-07-13,2.703540637,2.9270086175,0
2020-07-14,2.7529324906,2.9649398642,0
2020-07-15,2.7959910912,2.9921797843,0
2020-07-16,2.7681091137,2.9823257396,0
2020-07-17,2.7950470099,2.9909706517,0
2020-07-20,2.9100304508,3.0151424943,0
2020-07-21,2.8510682304,3.0215575373,0
2020-07-22,2.8847971658,3.0387574873,0
2020-07-23,2.7641790309,3.0024989513,0
2020-07-24,2.7632048495,2.9831614772,0
2020-07-27,2.8773406231,3.0049159811,0
2020-07-28,2.8523432578,2.9858570862,0
2020-07-29,2.8526440712,3.022579818,0
2020-07-30,2.814953758,3.0117961464,0
2020-07-31,2.8653484383,3.0355961383,0
2020-08-03,2.8900332943,3.0566999034,0
2020-08-04,2.9467388909,3.0685058557,0
2020-08-05,2.9765241681,3.0875644417,0
2020-08-06,3.021466487,3.1082040111,0
2020-08-07,2.9150806609,3.1104351156,0
2020-08-10,2.9213635699,3.1197320019,0
2020-08-11,2.7532163078,3.0939794847,0
2020-08-12,2.871802391,3.1371169507,0
2020-08-13,2.9238243573,3.131445918,0
2020-08-14,2.8967685024,3.1315391895,0
2020-08-17,2.9893138195,3.1414861969,0
2020-08-18,3.0243198711,3.1482730907,0
2020-08-19,2.9824364465,3.1351641166,0
2020-08-20,3.0597436757,3.1449261252,0
2020-08-21,3.0988099482,3.1560822652,0
2020-08-24,3.121587902,3.1880635911,0
2020-08-25,3.1671895086,3.1992194223,0
2020-08-26,3.3089077256,3.2312934021,0
2020-08-27,3.2855699007,3.2383591839,0
2020-08-28,3.3401195438,3.2592773325,0
2020-08-31,3.4036484582,3.2474704537,0
2020-09-01,3.5206538093,3.2780570304,0
2020-09-02,3.569098834,3.3254710888,0
2020-09-03,3.182933475,3.2110269188,0
2020-09-04,3.0898835762,3.1848108236,0
2020-09-08,2.8730735178,3.0977912637,0
2020-09-09,3.0228476995,3.1589647261,0
2020-09-10,2.9249109652,3.1041133441,0
2020-09-11,2.8823955944,3.1056934009,0
2020-09-14,3.0174235125,3.1465991447,0
2020-09-15,3.0772185005,3.1624973082,0
2020-09-16,3.0889654416,3.1499473456,0
2020-09-17,3.0041578208,3.1222426121,0
2020-09-18,2.9588320874,3.086297246,0
2020-09-21,2.9063359817,3.051947688,0
2020-09-22,3.0541797226,3.0830299628,0
2020-09-23,2.8295208865,3.0115314653,0
2020-09-24,2.8631384095,3.0195583763,0
2020-09-25,2.9870406023,3.0683755226,0
2020-09-28,3.1324750815,3.1193385319,0
2020-09-29,3.1212301475,3.1023516857,0
2020-09-30,3.162367418,3.1258730984,0
2020-10-01,3.286020761,3.1459425378,0
2020-10-02,3.1259489083,3.1160721752,0
2020-10-05,3.2691913614,3.1713296899,0
2020-10-06,3.1831034117,3.1262464933,0
2020-10-07,3.3177451357,3.1806639466,0
2020-10-08,3.3976003269,3.2088520243,0
2020-10-09,3.4972883183,3.2375080039,0
2020-10-12,3.6014216315,3.2895921247,0
2020-10-13,3.6071438451,3.2681233034,0
2020-10-14,3.5602572907,3.2475887417,0
2020-10-15,3.5399577765,3.2435749774,0
2020-10-16,3.5079075535,3.241614731,0
2020-10-19,3.4014602298,3.1923315358,0
2020-10-20,3.4026112652,3.2051199277,0
2020-10-21,3.3284247351,3.1990517188,0
2020-10-22,3.3054102887,3.2165997384,0
2020-10-23,3.3280543738,3.2275202288,0
2020-10-26,3.1742816605,3.1678764813,0
2020-10-27,3.2177383208,3.1569553732,0
2020-10-28,2.955690488,3.0490537997,0
2020-10-29,3.0440729938,3.080042803,0
2020-10-30,2.8909482867,3.0479339236,0
2020-11-02,2.8959968165,3.0820963209,0
2020-11-03,3.0018527088,3.1365134653,0
2020-11-04,3.2787007986,3.206612581,0
2020-11-05,3.4528437558,3.2691502168,0
2020-11-06,3.4858086494,3.268403118,0
2020-11-09,3.3225209857,3.3094722414,0
2020-11-10,3.1485287425,3.3046193421,0
2020-11-11,3.3164521743,3.329167977,0
2020-11-12,3.2511836415,3.2968722457,0
2020-11-13,3.311123283,3.3425144538,0
2020-11-16,3.3928998651,3.3842389487,0
2020-11-17,3.3894587074,3.3660377195,0
2020-11-18,3.3175272647,3.3255276076,0
2020-11-19,3.3988482374,3.3395291471,0
2020-11-20,3.3908230205,3.3166606352,0
2020-11-23,3.4454240607,3.3365416784,0
2020-11-24,3.4884115436,3.3903059221,0
2020-11-25,3.5026488826,3.3850796279,0
2020-11-27,3.5921660717,3.3945065384,0
2020-11-30,3.5878911714,3.3794783944,0
2020-12-01,3.6862753494,3.4164410996,0
2020-12-02,3.6946129415,3.4236285668,0
2020-12-03,3.7235850542,3.4226952338,0
2020-12-04,3.8436873162,3.452190966,0
2020-12-07,3.906851726,3.4450970792,0
2020-12-08,3.9655497873,3.455177817,0
2020-12-09,3.7725256235,3.4241891225,0
2020-12-10,3.8860167249,3.4230689376,0
2020-12-11,3.8328779225,3.4190545556,0
2020-12-14,3.9213798344,3.4037475235,0
2020-12-15,4.0195055723,3.4497631266,0
2020-12-16,4.0051717549,3.455177817,0
2020-12-17,4.0845036243,3.4744986134,0
2020-12-18,4.0728661628,3.4606255539,0
2020-12-21,4.1146283268,3.4482519425,0
2020-12-22,4.1821699688,3.4424400759,0
2020-12-23,4.1600477219,3.4455347142,0
2020-12-24,4.1490458921,3.4589383275,0
2020-12-28,4.0932648129,3.4886530317,0
2020-12-29,3.9682027117,3.4819973975,0
2020-12-30,4.0454281947,3.4869658053,0
2020-12-31,4.0143822606,3.504682146,0
2021-01-04,3.9353944022,3.4569697423,0
2021-01-05,4.0353981469,3.4807786907,0
2021-01-06,4.1718644931,3.501589052,0
2021-01-07,4.4714306016,3.5536138742,0
2021-01-08,4.4649236671,3.573861209,0
2021-01-11,4.4191578957,3.549770593,0
2021-01-12,4.5598957887,3.5505207802,0
2021-01-13,4.5161601789,3.5600826565,0
2021-01-14,4.7331684737,3.5476151558,0
2021-01-15,4.5261851992,3.5217431152,0
2021-01-19,4.7127605821,3.5493950361,0
2021-01-20,4.7250247822,3.5985145428,0
2021-01-21,4.6394529183,3.6017957241,0
2021-01-22,4.6161810842,3.5890471734,0
2021-01-25,4.6678518017,3.6032012828,0
2021-01-26,4.5680365959,3.5975771947,0
2021-01-27,4.2657761783,3.5096505537,0
2021-01-28,4.2542048868,3.5398343952,0
2021-01-29,4.2086159016,3.4689687234,0
2021-02-01,4.4261606879,3.5267109053,0
2021-02-02,4.5289263456,3.576579055,0
2021-02-03,4.4716968051,3.5793923344,0
2021-02-04,4.632738368,3.6200735471,0
2021-02-05,4.7269622177,3.6343221634,0
2021-02-08,5.0167575124,3.6605697609,0
2021-02-09,5.0460494528,3.6581314207,0
2021-02-10,4.9606109762,3.6565380835,0
2021-02-11,5.0070028537,3.6624444569,0
2021-02-12,5.0620460621,3.6805351192,0
2021-02-16,5.0446064787,3.6773481359,0
2021-02-17,4.9617353095,3.6781922124,0
2021-02-18,4.7728088154,3.6625374196,0
2021-02-19,5.0196162929,3.6560695639,0
2021-02-22,4.8933453356,3.6279485058,0
2021-02-23,4.8173226746,3.6323541959,0
2021-02-24,4.9777486313,3.6723803459,0
2021-02-25,4.5505639947,3.583891296,0
2021-02-26,4.5009531565,3.5654250769,0
2021-03-01,4.8002508407,3.6518510346,0
2021-03-02,4.6222326197,3.6233559638,0
2021-03-03,4.4614168962,3.5753615835,0
2021-03-04,4.1405743722,3.5311175219,0
2021-03-05,4.3228963046,3.5960774379,0
2021-03-08,4.3133883892,3.5781739364,0
2021-03-09,4.3776545771,3.6292604841,0
2021-03-10,4.5401724955,3.6518510346,0
2021-03-11,4.673749771,3.6888782886,0
2021-03-12,4.7865123202,3.6938460787,0
2021-03-15,4.8045683979,3.7158745291,0
2021-03-16,4.651380604,3.7111874802,0
2021-03-17,4.7552994127,3.7238421416,0
2021-03-18,4.4709991105,3.669662191,0
2021-03-19,4.5069799039,3.6628712823,0
2021-03-22,4.4353403492,3.6921193199,0
2021-03-23,4.0448478434,3.6630590607,0
2021-03-24,3.9500202846,3.6444390362,0
2021-03-25,4.1517307064,3.6649408602,0
2021-03-26,4.4536596885,3.7240015062,0
2021-03-29,4.1910587294,3.7221200156,0
2021-03-30,4.3108315315,3.7122458959,0
2021-03-31,4.3086625902,3.7272925706,0
2021-04-01,4.5026214066,3.7675435606,0
2021-04-05,4.6112204945,3.8216200478,0
2021-04-06,4.5842078624,3.8193630002,0
2021-04-07,4.4986813643,3.8237841326,0
2021-04-08,4.5456196513,3.8419334756,0
2021-04-09,4.6637819566,3.8698652111,0
2021-04-12,4.6762146037,3.871276329,0
2021-04-13,4.6190630367,3.8827493452,0
2021-04-14,4.6193120863,3.8694887276,0
2021-04-15,4.6668516477,3.9110575641,0
2021-04-16,4.7544953724,3.9241294766,0
2021-04-19,4.6188481704,3.9048500656,0
2021-04-20,4.3411084005,3.8762601791,0
2021-04-21,4.5642360701,3.9129378193,0
2021-04-22,4.4145994129,3.8772006156,0
2021-04-23,4.6541323593,3.9192388981,0
2021-04-26,4.7821707555,3.9274202322,0
2021-04-27,4.815374206,3.9265746115,0
2021-04-28,4.7584860449,3.9254460877,0
2021-04-29,4.8645386166,3.9504620068,0
2021-04-30,4.635910347,3.9245059601,0
2021-05-03,4.7161396265,3.9329692707,0
2021-05-04,4.7116695217,3.9087060096,0
2021-05-05,4.8011185691,3.9099287314,0
2021-05-06,4.8878819283,3.9411509136,0
2021-05-07,5.0391561635,3.9698346893,0
2021-05-10,4.8644018739,3.9305241358,0
2021-05-11,4.6264743398,3.895445392,0
2021-05-12,4.3476073209,3.8126857468,0
2021-05-13,4.4718169249,3.8584867018,0
2021-05-14,4.646977886,3.9177341998,0
2021-05-17,4.682783593,3.9077652643,0
2021-05-18,4.5456914263,3.8740979473,0
2021-05-19,4.3844673007,3.863939998,0
2021-05-20,4.4250559071,3.9055072902,0
2021-05-21,4.4457532478,3.9023110416,0
2021-05-24,4.4972675656,3.9420916589,0
2021-05-25,4.4140356364,3.9333460629,0
2021-05-26,4.525326647,3.9411509136,0
2021-05-27,4.6321685189,3.9432204915,0
2021-05-28,4.6544195944,3.9502742283,0
2021-06-01,4.7242142319,3.9467941501,0
2021-06-02,4.724868169,3.9530013397,0
2021-06-03,4.6539530861,3.9383296041,0
2021-06-04,4.7228581962,3.9743487844,0
2021-06-07,4.7592565266,3.970493767,0
2021-06-08,4.774437306,3.9713400054,0
2021-06-09,4.657124815,3.9654151012,0
2021-06-10,4.5675527453,3.9838479649,0
2021-06-11,4.6212996781,3.9904307114,0
2021-06-14,4.572790502,3.9993662477,0
2021-06-15,4.5541854775,3.9920308432,0
2021-06-16,4.5127528614,3.9697408001,0
2021-06-17,4.3647112222,3.9684244979,0
2021-06-18,4.095963509,3.9148891092,0
2021-06-21,4.3374842582,3.9709341816,0
2021-06-22,4.350729506,3.9921636471,0
2021-06-23,4.3468882215,3.9873515155,0
2021-06-24,4.4535511582,4.0109387123,0
2021-06-25,4.5101721805,4.025186711,0
2021-06-28,4.4859012048,4.0333016431,0
2021-06-29,4.4882566337,4.0354719049,0
2021-06-30,4.4858323509,4.0388685947,0
2021-07-01,4.5489765513,4.061230599,0
2021-07-02,4.5370494953,4.0922714884,0
2021-07-06,4.3310113315,4.0848177958,0
2021-07-07,4.3131064793,4.0992544995,0
2021-07-08,4.1305886063,4.065853099,0
2021-07-09,4.3854872305,4.1092552461,0
2021-07-12,4.4598545869,4.1239751617,0
2021-07-13,4.3097609332,4.109915868,0
2021-07-14,4.2903163465,4.1160486257,0
2021-07-15,4.2353687645,4.1019908762,0
2021-07-16,4.1203338186,4.0698159038,0
2021-07-19,3.9123596977,4.0097132109,0
2021-07-20,4.1154758083,4.0671743428,0
2021-07-21,4.2300535016,4.1001035175,0
2021-07-22,4.148262403,4.1086891312,0
2021-07-23,4.2516890938,4.1509590483,0
2021-07-26,4.2630483988,4.1611497353,0
2021-07-27,4.1810082444,4.1421853474,0
2021-07-28,4.1878720458,4.1404857671,0
2021-07-29,4.2605265792,4.1576588475,0
2021-07-30,4.2308204745,4.1374667961,0
2021-08-02,4.2063681927,4.1287869844,0
2021-08-03,4.300762177,4.1623761633,0
2021-08-04,4.2811320002,4.1419018266,0
2021-08-05,4.3803555134,4.1681321287,0
2021-08-06,4.4466504987,4.1750190886,0
2021-08-09,4.4117946108,4.1716230165,0
2021-08-10,4.3615211875,4.1768125581,0
2021-08-11,4.4271941556,4.1871913324,0
2021-08-12,4.4357808527,4.1997400597,0
2021-08-13,4.4507426885,4.2073827661,0
2021-08-16,4.4531793125,4.21729055,0
2021-08-17,4.3379836033,4.1896448061,0
2021-08-18,4.1822066638,4.1437885676,0
2021-08-19,4.196203827,4.1502045372,0
2021-08-20,4.3088150213,4.18322791,0
2021-08-23,4.3836919675,4.2200266179,0
2021-08-24,4.381825872,4.2267242551,0
2021-08-25,4.4140845324,4.2355943161,0
2021-08-26,4.3523714225,4.2105910597,0
2021-08-27,4.4969769655,4.2482375502,0
2021-08-30,4.5052392945,4.2669190351,0
2021-08-31,4.4963798077,4.2605975725,0
2021-09-01,4.5226238146,4.2628620323,0
2021-09-02,4.5455901775,4.2759774922,0
2021-09-03,4.5527299194,4.2749391515,0
2021-09-07,4.4956737377,4.2596540475,0
2021-09-08,4.4636520796,4.2544641971,0
2021-09-09,4.376557039,4.236254938,0
2021-09-10,4.2714530041,4.2028538464,0
2021-09-13,4.3376305631,4.2136097218,0
2021-09-14,4.2580829071,4.1908715429,0
2021-09-15,4.3583864509,4.2258761637,0
2021-09-16,4.332112958,4.2191766733,0
2021-09-17,4.1694642712,4.1780779007,0
2021-09-20,3.9113776054,4.1084117873,0
2021-09-21,3.9091091622,4.104530518,0
2021-09-22,4.0703707732,4.1445696395,0
2021-09-23,4.2523984484,4.194926075,0
2021-09-24,4.2601361569,4.2018358895,0
2021-09-27,4.2872172593,4.1898149803,0
2021-09-28,4.0009698762,4.1053826245,0
2021-09-29,4.007681153,4.1122927478,0
2021-09-30,3.9040039933,4.0620305104,0
2021-10-01,4.0745688782,4.1103034699,0
2021-10-04,4.090689665,4.0572974435,0
2021-10-05,4.1575529082,4.0995139302,0
2021-10-06,4.0829921358,4.116551736,0
2021-10-07,4.1802988875,4.152141929,0
2021-10-08,4.2210398649,4.1445696395,0
2021-10-11,4.1847068122,4.11456462,0
2021-10-12,4.257281614,4.1044363199,0
2021-10-13,4.2932719957,4.1192016358,0
2021-10-14,4.3604160539,4.1884900304,0
2021-10-15,4.3702158127,4.2203882767,0
2021-10-18,4.4105222615,4.2328832647,0
2021-10-19,4.4749869232,4.2655391106,0
2021-10-20,4.5762399006,4.2822930868,0
2021-10-21,4.4920862304,4.293462816,0
2021-10-22,4.5747231077,4.2890135787,0
2021-10-25,4.6568396121,4.3120139679,0
2021-10-26,4.6603067165,4.3158955461,0
2021-10-27,4.4170331275,4.2967751908,0
2021-10-28,4.5290547985,4.3382343869,0
2021-10-29,4.4610751016,4.3470371194,0
2021-11-01,4.5808943548,4.3545149019,0
2021-11-02,4.6256074515,4.3721203669,0
2021-11-03,4.7242720719,4.3988136293,0
2021-11-04,4.773914311,4.4195436906,0
2021-11-05,4.8362290061,4.4348766658,0
2021-11-08,4.9798100727,4.4386634282,0
2021-11-09,4.9684122911,4.4239916927,0
2021-11-10,4.7124327125,4.3884011908,0
2021-11-11,4.8581642556,4.3898206476,0
2021-11-12,4.884784529,4.4229502635,0
2021-11-15,4.8834279915,4.4244651538,0
2021-11-16,4.945180336,4.441975803,0
2021-11-17,4.8610754799,4.4311853368,0
2021-11-18,5.0053887001,4.4462357177,0
2021-11-19,5.0190558578,4.4382841652,0
2021-11-22,4.8774601512,4.4257907214,0
2021-11-23,4.9202634164,4.4316587979,0
2021-11-24,4.984402717,4.4434903844,0
2021-11-26,4.5735473728,4.3443869107,0
2021-11-29,4.8499773121,4.3976780021,0
2021-11-30,4.624022523,4.3121090925,0
2021-12-01,4.4556230822,4.2642138519,0
2021-12-02,4.6134259073,4.3295258525,0
2021-12-03,4.4600142115,4.2918534188,0
2021-12-06,4.5670054277,4.3426826977,0
2021-12-07,4.941287911,4.4325102867,0
2021-12-08,4.9438022206,4.444247984,0
2021-12-09,4.731652569,4.4142420379,0
2021-12-10,4.872384595,4.4557954321,0
2021-12-13,4.6160608355,4.4163248962,0
2021-12-14,4.4624926168,4.3859403048,0
2021-12-15,4.7281757566,4.4544704821,0
2021-12-16,4.4675223798,4.4151886513,0
2021-12-17,4.3355766142,4.3681983299,0
2021-12-20,4.1858010992,4.3217497245,0
2021-12-21,4.4760148671,4.3985001505,0
2021-12-22,4.6203107204,4.4424789133,0
2021-12-23,4.6855195262,4.4701203334,0
2021-12-27,4.9425853437,4.5333825222,0
2021-12-28,4.9119718886,4.5296769863,0
2021-12-29,4.9660153548,4.5354712486,0
2021-12-30,4.8970030147,4.522933331,0
2021-12-31,4.8963958991,4.5115347468,0
2022-01-03,4.918853959,4.537656335,0
2022-01-04,4.8890617757,4.536136812,0
2022-01-05,4.509352265,4.4490326283,0
2022-01-06,4.5429881146,4.4448536313,0
2022-01-07,4.3878003782,4.4272805951,0
2022-01-10,4.3206425928,4.421771089,0
2022-01-11,4.4780974831,4.4620467866,0
2022-01-12,4.5061195121,4.4741096989,0
2022-01-13,4.4166759372,4.4124630842,0
2022-01-14,4.4418303932,4.414267981,0
2022-01-18,4.1603368662,4.3360925389,0
2022-01-19,3.9381334392,4.2910686408,0
2022-01-20,3.8675931557,4.2435745913,0
2022-01-21,3.7562643642,4.1602707592,0
2022-01-24,3.7972521268,4.1779376846,0
2022-01-25,3.9227439382,4.1269295838,0
2022-01-26,3.9098776874,4.116575826,0
2022-01-27,3.8939655747,4.0962491178,0
2022-01-28,3.9167038265,4.1979799455,0
2022-01-31,3.9583324194,4.2735904205,0
2022-02-01,4.1314298686,4.3024669162,0
2022-02-02,4.142700368,4.3442615192,0
2022-02-03,4.0748226351,4.2421498841,0
2022-02-04,4.1671673939,4.2620976382,0
2022-02-07,4.2072661345,4.2484185341,0
2022-02-08,4.1737650443,4.2833740483,0
2022-02-09,4.2106729475,4.3460661071,0
2022-02-10,4.1678578854,4.2679867162,0
2022-02-11,4.2524853211,4.1838273803,0
2022-02-14,4.1338914014,4.1701488939,0
2022-02-15,4.1281951871,4.2374007571,0
2022-02-16,4.1834413141,4.2421498841,0
2022-02-17,4.0955884427,4.1515319579,0
2022-02-18,4.0315128523,4.1246496816,0
2022-02-22,4.0007873851,4.0803858538,0
2022-02-23,4.0466725891,4.0080056006,0
2022-02-24,4.0426024748,4.0683223239,0
2022-02-25,4.1115267205,4.158085364,0
2022-02-28,4.2243389208,4.1474468501,0
2022-03-01,4.3035510657,4.0842810213,0
2022-03-02,4.4428669055,4.1594152554,0
2022-03-03,4.484174054,4.1387074311,0
2022-03-04,4.646845525,4.105082426,0
2022-03-07,4.734972894,3.9840681722,0
2022-03-08,4.806535553,3.9538620939,0
2022-03-09,4.6024245458,4.0598685875,0
2022-03-10,4.744437214,4.0415354811,0
2022-03-11,4.6946063147,3.9901478084,0
2022-03-14,4.4927874909,3.9609859388,0
2022-03-15,4.3721015154,4.0480898137,0
2022-03-16,4.3542052879,4.1378531627,0
2022-03-17,4.5582846977,4.1896219515,0
2022-03-18,4.5616623494,4.2355096922,0
2022-03-21,4.7541290804,4.2342709104,0
2022-03-22,4.7229441423,4.2838172425,0
2022-03-23,4.8215745165,4.2286492931,0
2022-03-24,4.8590913627,4.2923935907,0
2022-03-25,4.9796068261,4.3133552866,0
2022-03-28,4.8201463513,4.344036988,0
2022-03-29,4.8107836487,4.3977759063,0
2022-03-30,4.8693179899,4.3706206101,0
2022-03-31,4.8004717847,4.3033511427,0
2022-04-01,4.8802162083,4.3155471676,0
2022-04-04,4.8955977189,4.3525166675,0
2022-04-05,4.7907719161,4.2975383496,0
2022-04-06,4.7862449422,4.2545664252,0
2022-04-07,4.8489278414,4.2760049795,0
2022-04-08,4.9675413844,4.2645711868,0
2022-04-11,4.8096234294,4.191680411,0
2022-04-12,4.9056633876,4.1761479212,0
2022-04-13,5.0372797122,4.2239801573,0
2022-04-14,5.0758645881,4.1713845873,0
2022-04-18,5.1452375232,4.1730996099,0
2022-04-19,5.0783250136,4.2404642019,0
2022-04-20,5.0878272382,4.2373201483,0
2022-04-21,4.8919719867,4.1739566579,0
2022-04-22,4.7302843825,4.0594275552,0
2022-04-25,4.5944730242,4.0829622483,0
2022-04-26,4.5870269589,3.9647161824,0
2022-04-27,4.6511398293,3.9758633659,0
2022-04-28,4.7679420418,4.0762924072,0
2022-04-29,4.6389993925,3.9256489996,0
2022-05-02,4.6737156883,3.9492803615,0
2022-05-03,4.7819164433,3.9673843041,0
2022-05-04,4.9811939239,4.0882027495,0
2022-05-05,4.8549339857,3.9428965119,0
2022-05-06,4.915473761,3.9193621277,0
2022-05-09,4.4904737345,3.7938742377,0
2022-05-10,4.4954470154,3.8026402175,0
2022-05-11,4.5658817135,3.7422311492,0
2022-05-12,4.576809652,3.738323628,0
2022-05-13,4.7204037966,3.8276996839,0
2022-05-16,4.8380916192,3.8121687384,0
2022-05-17,4.8844374454,3.8905856981,0
2022-05-18,4.7384358642,3.7337505433,0
2022-05-19,4.7607918602,3.7108823402,0
2022-05-20,4.7658936968,3.7125022382,0
2022-05-23,4.9074875715,3.7819638954,0
2022-05-24,4.9072315199,3.7530935766,0
2022-05-25,4.965686428,3.7862506798,0
2022-05-26,5.0686219041,3.8619059374,0
2022-05-27,5.1769192544,3.956712126,0
2022-05-31,5.0788072455,3.9345107217,0
2022-06-01,5.1479477775,3.9026872162,0
2022-06-02,5.1747701635,3.9770082585,0
2022-06-03,5.2260909728,3.9117382609,0
2022-06-06,5.2516298889,3.9236492209,0
2022-06-07,5.3966535258,3.9612858284,0
2022-06-08,5.3757471899,3.9182184705,0
2022-06-09,5.2605424376,3.8250315621,0
2022-06-10,5.1717016056,3.7141227538,0
2022-06-13,4.9081702662,3.5731036095,0
2022-06-14,4.8758050116,3.5623366156,0
2022-06-15,4.8087826265,3.6131235825,0
2022-06-16,4.6352536352,3.4935426837,0
2022-06-17,4.4079523783,3.5010738966,0
2022-06-21,4.5349018407,3.5892077734,0
2022-06-22,4.3702086763,3.5827006942,0
2022-06-23,4.2211856028,3.6178208234,0
2022-06-24,4.2740407786,3.732845933,0
2022-06-27,4.3044708558,3.7185874335,0
2022-06-28,4.3466126323,3.6426060344,0
2022-06-29,4.2021172532,3.6396395673,0
2022-06-30,4.0924244289,3.610069712,0
2022-07-01,4.1127958871,3.6482520506,0
2022-07-05,4.0329696076,3.6551417901,0
2022-07-06,4.0123957512,3.6674872966,0
2022-07-07,4.0773620574,3.7224146548,0
2022-07-08,4.0845934957,3.7193527542,0
2022-07-11,4.09101264,3.6768651006,0
2022-07-12,4.0331829382,3.644329087,0
2022-07-13,4.0371741419,3.6251889656,0
2022-07-14,4.0235529583,3.6163853066,0
2022-07-15,4.0428747962,3.6854775838,0
2022-07-18,4.0724156762,3.6550466655,0
2022-07-19,4.1008418105,3.7538029962,0
2022-07-20,4.115338763,3.7777262176,0
2022-07-21,4.0793656842,3.8161951654,0
2022-07-22,4.0572716901,3.7807893536,0
2022-07-25,4.1075612938,3.7853818956,0
2022-07-26,4.1063341482,3.7405973532,0
2022-07-27,4.1357055365,3.8377263736,0
2022-07-28,4.1421602929,3.88586097,0
2022-07-29,4.2293470552,3.9425123073,0
2022-08-01,4.1580831049,3.9308376146,0
2022-08-02,4.1522353613,3.9049044225,0
2022-08-03,4.0859682975,3.9660531773,0
2022-08-04,3.9998472782,3.9633739371,0
2022-08-05,4.0341307476,3.9566747556,0
2022-08-08,4.0573071059,3.9520815959,0
2022-08-09,4.1140102486,3.9363881974,0
2022-08-10,4.1501162966,4.0190681603,0
2022-08-11,4.2462240255,4.0190681603,0
2022-08-12,4.2817191211,4.0871060368,0
2022-08-15,4.2305851498,4.103948343,0
2022-08-16,4.225325539,4.1119869902,0
2022-08-17,4.244497688,4.0827997952,0
2022-08-18,4.3271028448,4.0946659725,0
2022-08-19,4.3196752341,4.0396419454,0
2022-08-22,4.3090136381,3.9555270834,0
2022-08-23,4.3936958308,3.9459571771,0
2022-08-24,4.4452783526,3.9585899105,0
2022-08-25,4.4433894925,4.0144746917,0
2022-08-26,4.3859337271,3.8785882612,0
2022-08-29,4.4383369194,3.8529416783,0
2022-08-30,4.296517452,3.8106448916,0
2022-08-31,4.2832963646,3.7816497989,0
2022-09-01,4.2099989797,3.793516285,0
2022-09-02,4.2244207133,3.7535160781,0
2022-09-06,4.2204475343,3.7393536298,0
2022-09-07,4.2316452242,3.8065307522,0
2022-09-08,4.2359563518,3.831410779,0
2022-09-09,4.2659951359,3.89093315,0
2022-09-12,4.2883961485,3.9327515341,0
2022-09-13,4.2476785203,3.7617452833,0
2022-09-14,4.2919588618,3.7760998339,0
2022-09-15,4.2347039104,3.733229211,0
2022-09-16,4.203078153,3.7047477295,0
2022-09-19,4.2102841367,3.7334778321,0
2022-09-20,4.1916134559,3.6906232693,0
2022-09-21,4.171807723,3.6262446017,0
2022-09-22,4.1599660363,3.5957846518,0
2022-09-23,4.0815824231,3.5355386543,0
2022-09-26,4.0431999733,3.5005621386,0
2022-09-27,4.0439715512,3.4916259846,0
2022-09-28,4.0931239412,3.5603288069,0
2022-09-29,4.0538826067,3.4859571138,0
2022-09-30,4.0539304177,3.4320514186,0
2022-10-03,4.1422237121,3.5226625502,0
2022-10-04,4.2011018807,3.6318174213,0
2022-10-05,4.2523685426,3.6233624495,0
2022-10-06,4.2955667998,3.585984964,0
2022-10-07,4.2773934141,3.4859571138,0
2022-10-10,4.2409749768,3.4593401363,0
2022-10-11,4.2153835976,3.4374321359,0
2022-10-12,4.2219754228,3.4260953209,0
2022-10-13,4.285943937,3.5165131148,0
2022-10-14,4.209388995,3.4363758821,0
2022-10-17,4.223476402,3.5246799331,0
2022-10-18,4.2335719226,3.5660937288,0
2022-10-19,4.2973849885,3.5408233205,0
2022-10-20,4.2991769159,3.5111320886,0
2022-10-21,4.3531301463,3.5964582452,0
2022-10-24,4.3753799886,3.6404660395,0
2022-10-25,4.3681084951,3.6985982941,0
2022-10-26,4.399140513,3.6707326517,0
2022-10-27,4.404309484,3.6511311142,0
2022-10-28,4.4075949345,3.737994398,0
2022-10-31,4.4487883132,3.7109935248,0
2022-11-01,4.464263902,3.694754704,0
2022-11-02,4.413807638,3.602030756,0
2022-11-03,4.4704645639,3.5649414239,0
2022-11-04,4.4835196466,3.6162515762,0
2022-11-07,4.5314347951,3.6508432696,0
2022-11-08,4.5037711305,3.6705405495,0
2022-11-09,4.3260669413,3.5949201915,0
2022-11-10,4.3640086294,3.7924757824,0
2022-11-11,4.4358028438,3.8291815276,0
2022-11-14,4.4077448238,3.7966081437,0
2022-11-15,4.4680743502,3.8289891165,0
2022-11-16,4.3785381425,3.7997790669,0
2022-11-17,4.3464151293,3.7881519365,0
2022-11-18,4.3089025604,3.8053515777,0
2022-11-21,4.2456297653,3.7915149621,0
2022-11-22,4.3551670255,3.8425372698,0
2022-11-23,4.3244210924,3.8667517332,0
2022-11-25,4.3024227775,3.8658866552,0
2022-11-28,4.1685951867,3.8041983462,0
2022-11-29,4.2205997236,3.7976650151,0
2022-11-30,4.3328392311,3.9172928586,0
2022-12-01,4.3114541994,3.9144107065,0
2022-12-02,4.3305111738,3.9098947584,0
2022-12-05,4.1553486143,3.83955814,0
2022-12-06,4.0670097501,3.7842126041,0
2022-12-07,4.0592777841,3.7777750153,0
2022-12-08,4.0856435714,3.8073692695,0
2022-12-09,3.9833202346,3.7789273202,0
2022-12-12,4.0785600863,3.8334090135,0
2022-12-13,4.1608877327,3.8624272696,0
2022-12-14,4.1509335395,3.8377325505,0
2022-12-15,4.0391363073,3.7438559888,0
2022-12-16,3.9910948031,3.6996551656,0
2022-12-19,3.9627317485,3.6682835019,0
2022-12-20,4.0396790884,3.6733025604,0
2022-12-21,4.1355097328,3.7282277567,0
2022-12-22,4.016837782,3.6750410553,0
2022-12-23,4.1391451415,3.6961806466,0
2022-12-27,4.1825340472,3.6816040356,0
2022-12-28,4.0540573229,3.6358497164,0
2022-12-29,4.1078227724,3.7012963739,0
2022-12-30,4.1154071561,3.6915467192,0
2023-01-03,3.9781923371,3.6760058906,0
2023-01-04,3.9766068906,3.7043851441,0
2023-01-05,4.0241970078,3.6621056527,0
2023-01-06,4.1637094347,3.7460852401,0
2023-01-09,4.1813953885,3.7439622318,0
2023-01-10,4.2551367119,3.7702178593,0
2023-01-11,4.2581283303,3.8179024669,0
2023-01-12,4.3531110986,3.8318027048,0
2023-01-13,4.3816619549,3.8466680868,0
2023-01-17,4.3365967824,3.83962238,0
2023-01-18,4.2611712343,3.7790014433,0
2023-01-19,4.3054030106,3.7514906652,0
2023-01-20,4.3722088698,3.8213779124,0
2023-01-23,4.3602951406,3.8672292093,0
2023-01-24,4.3639379144,3.8630783173,0
2023-01-25,4.4036706466,3.8645258791,0
2023-01-26,4.4680808784,3.906999017,0
2023-01-27,4.402529248,3.9159762476,0
2023-01-30,4.317966966,3.8668431516,0
2023-01-31,4.3727637793,3.9236980186,0
2023-02-01,4.3736800829,3.9653990412,0
2023-02-02,4.2788285894,4.0231230011,0
2023-02-03,4.1935904897,3.9803598567,0
2023-02-06,4.1307959338,3.9560360618,0
2023-02-07,4.2178770445,4.0077748926,0
2023-02-08,4.1603913289,3.9639505528,0
2023-02-09,4.1000419027,3.929586479,0
2023-02-10,4.163516021,3.938757356,0
2023-02-13,4.2015735964,3.9849937841,0
2023-02-14,4.2067498979,3.9831604734,0
2023-02-15,4.1647409542,3.9960946406,0
2023-02-16,4.1446160809,3.9410733932,0
2023-02-17,4.0227149878,3.9312279962,0
2023-02-21,3.9555231916,3.8523635184,0
2023-02-22,3.9210231906,3.8470547622,0
2023-02-23,3.9438618808,3.8675185981,0
2023-02-24,3.9279392232,3.8262039421,0
2023-02-27,3.9727758578,3.8392360135,0
2023-02-28,3.955768699,3.8250466956,0
2023-03-01,4.0120224148,3.8103734158,0
2023-03-02,4.0377441073,3.8400084377,0
2023-03-03,4.1377505967,3.9015932832,0
2023-03-06,4.0631468961,3.9042966134,0
2023-03-07,3.9661641346,3.8444487185,0
2023-03-08,3.9715947646,3.8507226189,0
2023-03-09,3.8948680285,3.7796775075,0
2023-03-10,3.8159589811,3.7251386777,0
2023-03-13,3.7832604339,3.7198296127,0
2023-03-14,3.8384076857,3.781318407,0
2023-03-15,3.8147293324,3.7576694409,0
2023-03-16,3.9157940386,3.8235982072,0
2023-03-17,3.9225446752,3.7788902587,0
2023-03-20,3.938663037,3.8152256974,0
2023-03-21,3.9273730637,3.8653223933,0
2023-03-22,3.871135447,3.7994319239,0
2023-03-23,3.9740622227,3.8097035286,0
2023-03-24,3.9204783305,3.8347030788,0
2023-03-27,3.8713862063,3.8418726329,0
2023-03-28,3.8529353262,3.8332490312,0
2023-03-29,3.9626165302,3.8889645648,0
2023-03-30,4.0152439434,3.9117357902,0
2023-03-31,4.1210630745,3.9668697665,0
2023-04-03,4.1006566119,3.9819859316,0
2023-04-04,3.9941362944,3.9598938588,0
2023-04-05,3.9046836543,3.9495258942,0
2023-04-06,3.872579171,3.9649323747,0
2023-04-10,3.9528145873,3.9690026579,0
2023-04-11,3.968710592,3.9700675593,0
2023-04-12,3.8986486472,3.9538855662,0
2023-04-13,3.9501142397,4.0064039246,0
2023-04-14,3.9355114824,3.9966181348,0
2023-04-17,3.9643805502,4.0109581696,0
2023-04-18,4.0545644763,4.0135750229,0
2023-04-19,4.0390914267,4.0128961791,0
2023-04-20,4.0506541142,3.9909980618,0
2023-04-21,4.011869877,3.9940982592,0
2023-04-24,4.0205675934,3.9982652113,0
2023-04-25,3.8983483065,3.9347970221,0
2023-04-26,3.8738447961,3.918131067,0
2023-04-27,3.968291916,3.9961338641,0
2023-04-28,4.0225713997,4.030240978,0
2023-05-01,4.0229685543,4.0261716213,0
2023-05-02,3.9626421611,3.9809207213,0
2023-05-03,3.9858608047,3.953594942,0
2023-05-04,3.9821441129,3.9255918631,0
2023-05-05,4.0290803317,3.9982652113,0
2023-05-08,4.0412699458,3.9993307304,0
2023-05-09,4.0160144711,3.9817922851,0
2023-05-10,4.0324541695,4.0003965584,0
2023-05-11,3.9987845909,3.993420342,0
2023-05-12,3.9714218789,3.9881875619,0
2023-05-15,4.0403220638,4.0019472749,0
2023-05-16,4.0454671815,3.9752030528,0
2023-05-17,4.1576015318,4.0234580992,0
2023-05-18,4.3242486972,4.0622170535,0
2023-05-19,4.2613157476,4.0563063562,0
2023-05-22,4.2348796753,4.0579534326,0
2023-05-23,4.0981614906,4.0124119084,0
2023-05-24,4.0344339333,3.9833430015,0
2023-05-25,4.3860022485,4.0178377173,0
2023-05-26,4.6692368925,4.0698714961,0
2023-05-30,4.7050389419,4.0714219037,0
2023-05-31,4.5422679067,4.0488452513,0
2023-06-01,4.6996393293,4.0873132726,0
2023-06-02,4.8199309642,4.1464205544,0
2023-06-05,4.7666730742,4.1384748699,0
2023-06-06,4.8154828119,4.1474866912,0
2023-06-07,4.6658979747,4.1331457299,0
2023-06-08,4.7767383847,4.1581449713,0
2023-06-09,4.8207822051,4.165606385,0
2023-06-12,5.0873661916,4.2033961802,0
2023-06-13,5.2032826028,4.231108326,0
2023-06-14,5.3121426768,4.2361471507,0
2023-06-15,5.4303904911,4.2886652002,0
2023-06-16,5.3326017458,4.2740573958,0
2023-06-20,5.2998843347,4.2518819346,0
2023-06-21,5.1089176505,4.2300977815,0
2023-06-22,5.1946809888,4.2453671343,0
2023-06-23,5.061316715,4.213272153,0
2023-06-26,4.9717604295,4.1960567607,0
2023-06-27,5.2769202172,4.2420600099,0
2023-06-28,5.2491163996,4.2441996959,0
2023-06-29,5.2546363412,4.260927729,0
2023-06-30,5.4568966878,4.3112094237,0
2023-07-03,5.4590035088,4.3161701103,0
2023-07-05,5.3497162326,4.3097510523,0
2023-07-06,5.2155178712,4.2760025088,0
2023-07-07,5.1823807273,4.2652067922,0
2023-07-10,5.2956961254,4.2760025088,0
2023-07-11,5.3444649292,4.30323409,0
2023-07-12,5.5616167283,4.3378575946,0
2023-07-13,5.7874304509,4.3722871438,0
2023-07-14,5.7614757159,4.3695640475,0
2023-07-17,5.9365941195,4.3847358049,0
2023-07-18,6.058276912,4.4173166012,0
2023-07-19,6.0096167956,4.427140379,0
2023-07-20,5.6124375242,4.397768494,0
2023-07-21,5.6132321433,4.397768494,0
2023-07-24,5.6478391216,4.4174148143,0
2023-07-25,5.8252155429,4.4294740204,0
2023-07-26,5.6864301852,4.4301553349,0
2023-07-27,5.6927099838,4.4007831411,0
2023-07-28,5.9273207737,4.4438687209,0
2023-07-31,5.9439438285,4.4523292519,0
2023-08-01,5.965466863,4.4395887312,0
2023-08-02,5.5715742111,4.3778312408,0
2023-08-03,5.4950287431,4.3652840578,0
2023-08-04,5.4291460535,4.3455416864,0
2023-08-07,5.5507185726,4.3834713888,0
2023-08-08,5.3977809608,4.3644090967,0
2023-08-09,5.1999507834,4.3352324025,0
2023-08-10,5.1401624009,4.3367880604,0
2023-08-11,4.9817126095,4.3342595371,0
2023-08-14,5.086925209,4.3581846117,0
2023-08-15,4.9772863112,4.3074167932,0
2023-08-16,4.826172833,4.2758085534,0
2023-08-17,4.6454157158,4.2432268306,0
2023-08-18,4.6719993187,4.2452695389,0
2023-08-21,4.7393387554,4.2728905751,0
2023-08-22,4.6941031316,4.2613168751,0
2023-08-23,4.8549310092,4.3087778781,0
2023-08-24,4.5312669007,4.2490627871,0
2023-08-25,4.5591686152,4.2790177736,0
2023-08-28,4.6698573298,4.3061520683,0
2023-08-29,4.8836347517,4.3683972268,0
2023-08-30,4.9783480761,4.3863893671,0
2023-08-31,5.0305994134,4.3799706179,0
2023-09-01,5.060265569,4.388139907,0
2023-09-05,4.9913813866,4.3691745925,0
2023-09-06,4.8889315988,4.3398027075,0
2023-09-07,4.7389489311,4.3264790854,0
2023-09-08,4.7219212551,4.3329954299,0
2023-09-11,4.800612565,4.3614914272,0
2023-09-12,4.6314173448,4.3375663527,0
2023-09-13,4.6111932805,4.3426237081,0
2023-09-14,4.6959232037,4.3800675956,0
2023-09-15,4.5126804071,4.3272956745,0
2023-09-18,4.5378670165,4.3298328455,0
2023-09-19,4.4891621375,4.3208534531,0
2023-09-20,4.3674635093,4.28113059,0
2023-09-21,4.1990519211,4.2103705436,0
2023-09-22,4.225959343,4.2009031742,0
2023-09-25,4.3054103516,4.218569173,0
2023-09-26,4.2083299416,4.1565927106,0
2023-09-27,4.2962459605,4.1582518321,0
2023-09-28,4.3623912846,4.1823581993,0
2023-09-29,4.2557767483,4.1722092065,0
2023-10-02,4.1767251997,4.1705494674,0
2023-10-03,4.0219042583,4.1147221315,0
2023-10-04,4.054763155,4.1446848391,0
2023-10-05,4.0609095177,4.1431239308,0
2023-10-06,4.1978999632,4.1923150898,0
2023-10-09,4.2179479353,4.2191541276,0
2023-10-10,4.2936029292,4.2411146319,0
2023-10-11,4.3802617267,4.258486918,0
2023-10-12,4.3151551731,4.2325253121,0
2023-10-13,4.1350018159,4.2114440927,0
2023-10-16,4.2505376637,4.2557545563,0
2023-10-17,4.1814385476,4.2555587478,0
2023-10-18,4.0348389457,4.1988536713,0
2023-10-19,3.9459226809,4.161961383,0
2023-10-20,3.8143239668,4.1108189341,0
2023-10-23,3.8226933999,4.1036932361,0
2023-10-24,3.9122171995,4.134632824,0
2023-10-25,3.7270004532,4.0752914369,0
2023-10-26,3.5978653389,4.0264918948,0
2023-10-27,3.6137677186,4.0082409414,0
2023-10-30,3.6601782594,4.0561624339,0
2023-10-31,3.7301821889,4.0816363718,0
2023-11-01,3.8556595251,4.1251654547,0
2023-11-02,3.9877334278,4.204221417,0
2023-11-03,4.0745345705,4.2425779448,0
2023-11-06,4.1073838952,4.2523381003,0
2023-11-07,4.2075296078,4.2644405449,0
2023-11-08,4.2445865338,4.2675639059,0
2023-11-09,4.1813090402,4.2342826466,0
2023-11-10,4.4771381689,4.3003574971,0
2023-11-13,4.4131047627,4.2962584912,0
2023-11-14,4.6856723449,4.3796089591,0
2023-11-15,4.6877173914,4.38888052,0
2023-11-16,4.7207807814,4.3942488835,0
2023-11-17,4.7341794483,4.3997139158,0
2023-11-20,4.8965533416,4.4335813651,0
2023-11-21,4.7617241839,4.4239197315,0
2023-11-22,4.7912672762,4.4409995404,0
2023-11-24,4.7718064693,4.4437319021,0
2023-11-27,4.7618456481,4.4357290811,0
2023-11-28,4.7342813807,4.4401208731,0
2023-11-29,4.7181234513,4.4369972033,0
2023-11-30,4.6773495963,4.4544683202,0
2023-12-01,4.7241374503,4.4808203077,0
2023-12-04,4.6426753991,4.4572985862,0
2023-12-05,4.6554099896,4.4564202278,0
2023-12-06,4.5996154069,4.4384614428,0
2023-12-07,4.7364294391,4.4723288921,0
2023-12-08,4.8378043789,4.4915561081,0
2023-12-11,4.9971960228,4.5090262985,0
2023-12-12,5.0918616019,4.5296195409,0
2023-12-13,5.2760495951,4.5920839802,0
2023-12-14,5.4582083023,4.6068224265,0
2023-12-15,5.4874662273,4.5992365478,0
2023-12-18,5.5092196793,4.6251085884,0
2023-12-19,5.5847983494,4.6532330438,0
2023-12-20,5.3173232308,4.5887515304,0
2023-12-21,5.5180035942,4.632261156,0
2023-12-22,5.5390573895,4.6415710138,0
2023-12-26,5.6574661199,4.6611700806,0
2023-12-27,5.6819418644,4.669597565,0
2023-12-28,5.6703695275,4.6713613853,0
2023-12-29,5.6016088913,4.6578379396,0
2024-01-02,5.242876462,4.631771326,0
2024-01-03,5.0354895755,4.593945087,0
2024-01-04,4.9584794946,4.5791479599,0
2024-01-05,5.0025913718,4.5854193895,0
2024-01-08,5.3458474489,4.6508805628,0
2024-01-09,5.3652334197,4.643824664,0
2024-01-10,5.4654265568,4.670087395,0
2024-01-11,5.5178269498,4.6680301709,0
2024-01-12,5.4985932715,4.6712637899,0
2024-01-16,5.564234,4.6541151083,0
2024-01-17,5.47127266,4.6282439943,0
2024-01-18,5.7609085983,4.6694014477,0
2024-01-19,6.1482718291,4.7276115315,0
2024-01-22,6.2310969921,4.7376070277,0
2024-01-23,6.1839575711,4.751424186,0
2024-01-24,6.2868106816,4.7566183603,0
2024-01-25,6.3413056973,4.7824891655,0
2024-01-26,6.1159105392,4.7764129267,0
2024-01-29,6.27995199,4.8142388568,0
2024-01-30,6.1625095356,4.8105160255,0
2024-01-31,5.8749398908,4.7320212366,0
2024-02-01,6.0638941401,4.7939547693,0
2024-02-02,6.2589100043,4.8444226982,0
2024-02-05,6.3344170503,4.8267829514,0
2024-02-06,6.2306235752,4.8407968446,0
2024-02-07,6.4565470547,4.8811713731,0
2024-02-08,6.5492885723,4.8833265014,0
2024-02-09,6.7877790693,4.9115500964,0
2024-02-12,6.7650168756,4.9093940416,0
2024-02-13,6.436151421,4.8417758869,0
2024-02-14,6.6788663845,4.8857768866,0
2024-02-15,6.6710935528,4.919487442,0
2024-02-16,6.5113013557,4.8949885314,0
2024-02-20,6.3125491624,4.8680389267,0
2024-02-21,6.2301526176,4.8724489406,0
2024-02-22,6.895237022,4.9732875119,0
2024-02-23,6.8496842363,4.9767172482,0
2024-02-26,6.8992242397,4.9584894583,0
2024-02-27,6.9920459776,4.9677007942,0
2024-02-28,6.8446982639,4.9611356519,0
2024-02-29,7.0167172039,4.978969663,0
2024-03-01,7.5217723182,5.0257147607,0
2024-03-04,7.5535608896,5.0203244691,0
2024-03-05,7.1899955448,4.9701508706,0
2024-03-06,7.4651684073,4.9953357285,0
2024-03-07,7.8527583341,5.0449215928,0
2024-03-08,7.4163381588,5.0146407737,0
2024-03-11,7.2552065343,5.0103292817,0
2024-03-12,7.6027647533,5.0642272558,0
2024-03-13,7.4282478133,5.0562886748,0
2024-03-14,7.2152403923,5.0462937962,0
2024-03-15,7.070832009,5.0116428043,0
2024-03-18,7.177149049,5.0414282342,0
2024-03-19,7.264585441,5.0694433581,0
2024-03-20,7.5566909791,5.1163320692,0
2024-03-21,7.7780225894,5.1332404684,0
2024-03-22,7.7104332521,5.1235087268,0
2024-03-25,7.6253716466,5.1093543085,0
2024-03-26,7.5634390135,5.0999162795,0
2024-03-27,7.7323445663,5.1427748574,0
2024-03-28,7.7878238184,5.141792109,0
2024-04-01,7.7390480036,5.1328476162,0
2024-04-02,7.5131640265,5.1002118453,0
2024-04-03,7.5583262765,5.105814623,0
2024-04-04,7.1719064658,5.0434922529,0
2024-04-05,7.4040300522,5.0961807856,0
2024-04-08,7.4118585394,5.0990317442,0
2024-04-09,7.4417155648,5.1049297788,0
2024-04-10,7.1092222105,5.0538138907,0
2024-04-11,7.4715628466,5.0919545351,0
2024-04-12,7.1297810164,5.0216698029,0
2024-04-15,6.7826203021,4.9587578456,0
2024-04-16,6.7735278676,4.9497135954,0
2024-04-17,6.4784461732,4.9204204662,0
2024-04-18,6.3418057031,4.9102952546,0
2024-04-19,5.973161272,4.8674366767,0
2024-04-22,6.1591577087,4.9122616779,0
2024-04-23,6.4378562667,4.9705532971,0
2024-04-24,6.4577445334,4.9681940215,0
2024-04-25,6.4610439049,4.9493207431,0
2024-04-26,6.7335527331,4.996209763,0
2024-04-29,6.8230174603,5.0139038669,0
2024-04-30,6.4931967071,4.9344769803,0
2024-05-01,6.3181616864,4.9184543517,0
2024-05-02,6.5330303198,4.9644585275,0
2024-05-03,6.8234968862,5.0259948841,0
2024-05-06,7.097430409,5.0778974033,0
2024-05-07,7.0321632769,5.0835004899,0
2024-05-08,7.013086429,5.0839915552,0
2024-05-09,7.0534912619,5.1132853021,0
2024-05-10,7.115489193,5.1198717547,0
2024-05-13,7.1015607426,5.1205592462,0
2024-05-14,7.2344999312,5.1440537893,0
2024-05-15,7.6025762233,5.2077529954,0
2024-05-16,7.4593436368,5.1970372699,0
2024-05-17,7.4421528734,5.2045082579,0
2024-05-20,7.523465803,5.2105048144,0
2024-05-21,7.5494153854,5.2232830143,0
2024-05-22,7.492354375,5.208243443,0
2024-05-23,7.3849132289,5.1702022471,0
2024-05-24,7.6053309315,5.2044100448,0
2024-05-28,7.7675546385,5.2080463992,0
2024-05-29,7.6093714736,5.1715763036,0
2024-05-30,7.3606827778,5.1372706016,0
2024-05-31,7.3437614203,5.1840614085,0
2024-06-03,7.4123603607,5.1882882767,0
2024-06-04,7.3308706197,5.1940884071,0
2024-06-05,7.7433698492,5.2558199544,0
2024-06-06,7.7078157198,5.2557229768,0
2024-06-07,7.6783903383,5.249333568,0
2024-06-10,7.7873677905,5.2655523138,0
2024-06-11,7.9081141698,5.2782341537,0
2024-06-12,8.2804590874,5.3215837969,0
2024-06-13,8.4754683608,5.3322995224,0
2024-06-14,8.5285941703,5.3355430245,0
2024-06-17,8.7683516087,5.3780081324,0
2024-06-18,8.8848972648,5.3916714853,0
2024-06-20,8.5603801233,5.377025384,0
2024-06-21,8.4180792538,5.3698156799,0
2024-06-24,7.9917948877,5.3523609318,0
2024-06-25,8.3273143738,5.372972705,0
2024-06-26,8.3732994651,5.3796783723,0
2024-06-27,8.3324847278,5.3881586694,0
2024-06-28,8.3109339743,5.3669557647,0
2024-07-01,8.4432975128,5.3780031908,0
2024-07-02,8.6410677896,5.4141937807,0
2024-07-03,8.9353364566,5.4383572845,0
2024-07-05,9.0583332985,5.4697150501,0
2024-07-08,9.219023305,5.4760272473,0
2024-07-09,9.28700092,5.4813517547,0
2024-07-10,9.5969020242,5.5355925479,0
2024-07-11,8.9348149774,5.4878616135,0
2024-07-12,9.0760289045,5.5224758527,0
2024-07-15,9.1198209432,5.5376642878,0
2024-07-16,9.0869051641,5.5705032794,0
2024-07-17,8.2015949297,5.4923979455,0
2024-07-18,8.1764372486,5.4501891798,0
2024-07-19,7.8979046034,5.4139967369,0
2024-07-22,8.2534353643,5.4698144985,0
2024-07-23,8.1886785593,5.4612353706,0
2024-07-24,7.3133255266,5.3374696066,0
2024-07-25,7.2572189949,5.3096592477,0
2024-07-26,7.5467192742,5.3691257176,0
2024-07-29,7.4441444609,5.3722821251,0
2024-07-30,7.3990997887,5.3450635154,0
2024-07-31,7.6089354332,5.4319450211,0
2024-08-01,7.0856109703,5.3550238032,0
2024-08-02,6.6026567117,5.2553214768,0
2024-08-05,6.0410948824,5.1022675251,0
2024-08-06,6.2296421808,5.1493088062,0
2024-08-07,5.9991628324,5.1148900666,0
2024-08-08,6.2748985513,5.2331327352,0
2024-08-09,6.3334862068,5.2562084829,0
2024-08-12,6.3286711983,5.258970185,0
2024-08-13,6.5863717276,5.345457603,0
2024-08-14,6.6140738049,5.3623212196,0
2024-08-15,6.9036895246,5.4542325934,0
2024-08-16,6.9640191159,5.4664622826,0
2024-08-19,7.1981145973,5.5187295491,0
2024-08-20,7.1053412186,5.5097544805,0
2024-08-21,7.1988594689,5.5286886015,0
2024-08-22,7.0213013679,5.4852975729,0
2024-08-23,7.4563056325,5.5435805443,0
2024-08-26,7.3236347104,5.5303644006,0
2024-08-27,7.3252716649,5.537958927,0
2024-08-28,7.2682470839,5.5058092799,0
2024-08-29,7.243401247,5.5063021984,0
2024-08-30,7.4504172442,5.5588665748,0
2024-09-03,7.109751022,5.4444699671,0
2024-09-04,7.059477989,5.4333255633,0
2024-09-05,6.9210233653,5.4201112726,0
2024-09-06,6.6784767153,5.3288904788,0
2024-09-09,6.9023263654,5.3885539924,0
2024-09-10,6.9857289492,5.4120250632,0
2024-09-11,6.9680905355,5.4675450971,0
2024-09-12,7.0531014651,5.5136008502,0
2024-09-13,7.2711874379,5.5423970459,0
2024-09-16,7.3707482477,5.5505820862,0
2024-09-17,7.3495674263,5.5528502522,0
2024-09-18,7.3048459063,5.5363807233,0
2024-09-19,7.5029990189,5.6308573731,0
2024-09-20,7.3270568049,5.621122543,0
2024-09-23,7.4148795699,5.6351682474,0
2024-09-24,7.3869929228,5.6512937217,0
2024-09-25,7.2744294258,5.6388293095,0
2024-09-26,7.3049529777,5.6611860633,0
2024-09-27,7.3372133583,5.6529744624,0
2024-09-30,7.4352413544,5.6756270908,0
2024-10-01,7.2190951153,5.6247823696,0
2024-10-02,7.1830218509,5.6271567787,0
2024-10-03,7.1315361827,5.616869114,0
2024-10-04,7.2448070179,5.6679121144,0
2024-10-07,7.1012528626,5.6166708348,0
2024-10-08,7.2233062295,5.6697911343,0
2024-10-09,7.300037912,5.7090621555,0
2024-10-10,7.207022022,5.6990716008,0
2024-10-11,7.4549215648,5.7331990985,0
2024-10-14,7.673444973,5.780086883,0
2024-10-15,7.6588467934,5.7351781845,0
2024-10-16,7.8885149557,5.7601057736,0
2024-10-17,7.8878571841,5.7605993097,0
2024-10-18,7.9386094048,5.7827590198,0
2024-10-21,7.6311686297,5.7732613835,0
2024-10-22,7.5704100552,5.7701945414,0
2024-10-23,7.485474091,5.7174708003,0
2024-10-24,7.5525446457,5.7298357641,0
2024-10-25,7.4463879248,5.7278566781,0
2024-10-28,7.6016815536,5.74556468,0
2024-10-29,7.5066010059,5.7548628017,0
2024-10-30,7.5414184412,5.7374531451,0
2024-10-31,7.1257804416,5.6249806489,0
2024-11-01,7.1815127679,5.6487210334,0
2024-11-04,7.1270217594,5.6365549665,0
2024-11-05,7.4273045742,5.7047092781,0
2024-11-06,8.3739988439,5.846560454,0
2024-11-07,8.3478051113,5.8917681155,0
2024-11-08,8.4016895716,5.9172899246,0
2024-11-11,8.4782456151,5.9229276019,0
2024-11-12,8.2260181666,5.9045290201,0
2024-11-13,8.175797366,5.9073969653,0
2024-11-14,8.0167373429,5.8694113617,0
2024-11-15,7.8424508516,5.7942332713,0
2024-11-18,7.8999272842,5.8179736559,0
2024-11-19,7.9666663216,5.8392408006,0
2024-11-20,7.9111742277,5.8412192689,0
2024-11-21,8.0441261693,5.8725776522,0
2024-11-22,8.1316346117,5.8907785725,0
2024-11-25,8.1978576841,5.9107609173,0
2024-11-26,8.1395606501,5.9416232937,0
2024-11-27,8.13472005,5.9236194172,0
2024-11-29,8.2105318973,5.960418434,0
2024-12-02,8.1911953105,5.9711014217,0
2024-12-03,8.1615890317,5.9738711539,0
2024-12-04,8.3016851228,6.0109672806,0
2024-12-05,8.2779824051,6.0010743213,0
2024-12-06,8.3712857753,6.0124503597,0
2024-12-09,8.1598779646,5.9814879172,0
2024-12-10,8.0965150653,5.9628916738,0
2024-12-11,8.3483793196,6.0089881946,0
2024-12-12,8.1879428373,5.9780257521,0
2024-12-13,8.2314181449,5.9768379298,0
2024-12-16,8.4285257342,6.0023603566,0
2024-12-17,8.274389788,5.977630429,0
2024-12-18,7.4949159213,5.7994762433,0
2024-12-19,7.4752429648,5.7976948188,0
2024-12-20,7.7041141368,5.8673309741,0
2024-12-23,7.9220937072,5.9024659279,0
2024-12-24,8.1766164363,5.9680728766,0
2024-12-26,8.1847374214,5.968469435,0
2024-12-27,7.9403078967,5.9056421015,0
2024-12-30,7.7372458359,5.8382500222,0
2024-12-31,7.6270551303,5.8170094383,0
2025-01-02,7.6241106363,5.8027172746,0
2025-01-03,7.8677148625,5.8752714082,0
2025-01-06,8.0000643871,5.9091160028,0
2025-01-07,7.7029768999,5.8423193789,0
2025-01-08,7.7046076563,5.8508546506,0
2025-01-10,7.3665388066,5.7615270835,0
2025-01-13,7.3583913599,5.7704601491,0
2025-01-14,7.3870180493,5.7783999655,0
2025-01-15,7.7645811527,5.8835089523,0
2025-01-16,7.6665081449,5.8721940653,0
2025-01-17,7.8704484521,5.9311509391,0
2025-01-21,7.9850479544,5.9854411477,0
2025-01-22,8.0965909274,6.0190886985,0
2025-01-23,8.1642572781,6.0519412794,0
2025-01-24,8.1069336101,6.0342740452,0
2025-01-27,7.765246638,5.9489157686,0
2025-01-28,7.926044871,6.0000322744,0
2025-01-29,7.8697307652,5.9731330116,0
2025-01-30,7.9868468839,6.0051930933,0
2025-01-31,7.9151777857,5.9732336955,0
2025-02-03,7.7769792807,5.9330361358,0
2025-02-04,7.8738135752,5.972837137,0
2025-02-05,7.952677845,5.9970537623,0
2025-02-06,8.0453960985,6.0178971701,0
2025-02-07,7.8863515006,5.9628126092,0
2025-02-10,7.8382734656,6.0033060434,0
2025-02-11,7.8388442,6.0078726424,0
2025-02-12,7.7653669546,5.9885178729,0
2025-02-13,7.9322476873,6.0517430002,0
2025-02-14,7.9430289073,6.0514440371,0
2025-02-18,8.011262193,6.0692107198,0
2025-02-19,7.9803228545,6.0835028834,0
2025-02-20,7.7438316079,6.0581941782,0
2025-02-21,7.4406450151,5.9545744475,0
2025-02-24,7.4037258155,5.9274775231,0
2025-02-25,7.307149764,5.8980000128,0
2025-02-26,7.3212372371,5.9009766718,0
2025-02-27,7.1430654487,5.8067866313,0
2025-02-28,7.2322548688,5.8974045575,0
2025-03-03,7.0744727718,5.7940819367,0
2025-03-04,6.9288255651,5.725498329,0
2025-03-05,7.0518442254,5.7870346857,0
2025-03-06,6.9929605933,5.6843087556,0
2025-03-07,7.014171021,5.716168705,0
2025-03-10,6.8732623633,5.5639155914,0
2025-03-11,7.023162509,5.5176621768,0
2025-03-12,7.0923744947,5.5469426433,0
2025-03-13,7.2351698909,5.4729993198,0
2025-03-14,7.258634903,5.5860487407,0
2025-03-17,7.3420906315,5.6291235109,0
2025-03-18,7.3902413942,5.5682814404,0
2025-03-19,7.4282256793,5.628924614,0
2025-03-20,7.4179125183,5.6126478051,0
2025-03-21,7.3359371564,5.6144990288,0
2025-03-24,7.3319876049,5.7150469759,0
2025-03-25,7.4004558891,5.7287844519,0
2025-03-26,7.3673857335,5.6603935642,0
2025-03-27,7.4892577315,5.6453614052,0
2025-03-28,7.4610419948,5.5316720551,0
2025-03-31,7.5534218995,5.5688058611,0
2025-04-01,7.528386979,5.584534777,0
2025-04-02,7.548142746,5.6198754223,0
2025-04-03,7.4334452777,5.3429238294,0
2025-04-04,7.019091686,5.0301328046,0
2025-04-07,6.8956659574,5.0211734871,0
2025-04-08,6.8676928126,4.9425276724,0
2025-04-09,7.1762574773,5.4615886906,0
2025-04-10,7.3731335388,5.2222675282,0
2025-04-11,7.59622136,5.3154470243,0
2025-04-14,7.6160374202,5.3670144454,0
2025-04-15,7.6567743539,5.3519816687,0
2025-04-16,7.8338279854,5.2330184621,0
2025-04-17,7.7770250382,5.2404845085,0
2025-04-21,7.9115801868,5.1157471146,0
2025-04-22,7.7746432114,5.2488468264,0
2025-04-23,7.630550801,5.3301808379,0
2025-04-24,7.7554709152,5.4423753727,0
2025-04-25,7.644295294,5.4816976623,0
2025-04-28,7.7281829566,5.4837885507,0
2025-04-29,7.6545257742,5.5183336083,0
2025-04-30,7.664835903,5.520522092,0
2025-05-01,7.4574600859,5.5596461025,0
2025-05-02,7.4947619501,5.6421753485,0
2025-05-05,7.6852489928,5.6098206276,0
2025-05-06,7.901061692,5.5629322253,0
2025-05-07,7.7700937773,5.5863273199,0
2025-05-08,7.654872474,5.6252511981,0
2025-05-09,7.8022012654,5.618083497,0
2025-05-12,7.525418347,5.8037469676,0
2025-05-13,7.5494658307,5.842074155,0
2025-05-14,7.3927549088,5.8495402015,0
2025-05-15,7.502234617,5.8781121749,0
2025-05-16,7.4694700164,5.9153448117,0
2025-05-19,7.6001115962,5.9218145204,0
2025-05-20,7.764712369,5.9019038279,0
2025-05-21,7.8278183423,5.8024522846,0
2025-05-22,7.770112548,5.8047420699,0
2025-05-23,7.9166517637,5.7651214348,0
2025-05-27,7.8702150995,5.8849809129,0
2025-05-28,7.8597123543,5.8509343329,0
2025-05-29,7.8900521523,5.8740298467,0
2025-05-30,7.8921272982,5.8674594541,0
2025-06-02,8.2132442257,5.9005109319,0
2025-06-03,8.1403997552,5.9341584827,0
2025-06-04,8.1999550128,5.932566072,0
2025-06-05,8.2468347104,5.9038952678,0
2025-06-06,8.1481724433,5.9645223814,0
2025-06-09,8.2195804394,5.9698987749,0
2025-06-10,8.135757059,6.0037458403,0
2025-06-11,8.1890413975,5.986622793,0
2025-06-12,8.302986217,6.0104156814,0
2025-06-13,8.3965744278,5.9432187929,0
2025-06-16,8.3391189314,5.9997635783,0
2025-06-17,8.3364767016,5.9484951202,0
2025-06-18,8.2837164813,5.9475988487,0
2025-06-20,8.1724061685,5.9336303558,0
2025-06-23,8.2696287525,5.9922400865,0
2025-06-24,8.2104068624,6.058437549,0
2025-06-25,8.1886370284,6.061831768,0
2025-06-26,8.2991694759,6.1092587978,0
2025-06-27,8.081961979,6.1396115781,0
2025-06-30,8.2465402568,6.1689661677,0
2025-07-01,8.1294390425,6.1669691686,0
2025-07-02,8.2024648531,6.1949271559,0
2025-07-03,8.2625301078,6.2437514057,0
2025-07-07,8.2456548517,6.1972225004,0
2025-07-08,8.0304612032,6.1938282814,0
2025-07-09,8.0792526221,6.2309701174,0
2025-07-10,8.1555701739,6.2485428446,0
2025-07-11,8.1659538989,6.2265777077,0
2025-07-14,8.1916557124,6.2384596361,0
2025-07-15,8.0700959786,6.2118006556,0
2025-07-16,8.1998117146,6.2325680873,0
2025-07-17,8.3030052533,6.2707087316,0
2025-07-18,8.3115725822,6.2661161896,0
2025-07-21,8.319450321,6.277998118,0
2025-07-22,8.1647259324,6.2788968603,0
2025-07-23,8.3050765518,6.3323142698,0
2025-07-24,8.3267687673,6.3344100996,0
2025-07-25,8.3263110755,6.3611691463,0
2025-07-28,8.3013130189,6.3595717941,0
2025-07-29,8.2355867537,6.3427977429,0
2025-07-30,8.2280138747,6.3348103642,0
2025-07-31,8.0321993341,6.3110465074,0
2025-08-01,7.6833895976,6.2076059074,0
2025-08-04,8.0189416478,6.3019608718,0
2025-08-05,8.0989123321,6.2700101217,0
2025-08-06,8.2631468156,6.3180356954,0
2025-08-07,8.3579480026,6.3127439257,0
2025-08-08,8.4470708685,6.3619678224,0
2025-08-11,8.3857645595,6.3493879017,0
2025-08-12,8.6047305044,6.4169825841,0
2025-08-13,8.583661272,6.4389501918,0
2025-08-14,8.5180344984,6.439548118,0
2025-08-15,8.5276167837,6.4244721028,0
2025-08-18,8.5334526603,6.4230736475,0
2025-08-19,8.1891259232,6.388227156,0
2025-08-20,8.2720477165,6.3712535902,0
2025-08-21,8.3682704532,6.3456934843,0
2025-08-22,8.6367237722,6.4431430869,0
2025-08-25,8.6214901717,6.4147860704,0
2025-08-26,8.7791804196,6.4416451832,0
2025-08-27,8.7424550265,6.4563227868,0
2025-08-28,8.8014753379,6.4791872838,0
2025-08-29,8.8601438171,6.440545691,0
2025-09-02,8.9695967717,6.3928215511,0
2025-09-03,9.0630822026,6.4274666749,0
2025-09-04,8.9894888458,6.4811842829,0
2025-09-05,9.142869083,6.4624119972,0
2025-09-08,9.3037391041,6.4782885415,0
2025-09-09,9.2888555939,6.4932651082,0
2025-09-10,9.5071799761,6.5120361585,0
2025-09-11,9.6397758934,6.5661527956,0
2025-09-12,9.6347299089,6.5639556642,0
2025-09-15,9.8761646439,6.5989022219,0
2025-09-16,9.6627577808,6.5898159686,0
2025-09-17,9.5090710775,6.5816284576,0
2025-09-18,9.6756930998,6.6123815025,0
2025-09-19,9.9602670202,6.6451315464,0
2025-09-22,10.2364744352,6.6765689943,0
2025-09-23,10.1219414213,6.6402258345,0
2025-09-24,9.9034745237,6.6190982882,0
2025-09-25,9.9810881331,6.5885620533,0
2025-09-26,10.1184085412,6.6263079923,0
2025-09-29,10.2650540815,6.6449314142,0
2025-09-30,10.3504764195,6.6699615402,0
2025-10-01,10.4963678635,6.6926901448,0
2025-10-02,10.5947573472,6.7003983266,0
2025-10-03,10.513652553,6.7002988781,0
2025-10-06,10.7803546019,6.724327725,0
2025-10-07,10.5614387234,6.6993976651,0
2025-10-08,11.0261159332,6.7393462947,0
2025-10-09,10.8579758747,6.7198222776,0
2025-10-10,10.2193191973,6.5382003675,0
2025-10-13,10.9738772383,6.6385228569,0
2025-10-14,10.7443633208,6.6304131751,0
2025-10-15,11.1317109064,6.6598493001,0
2025-10-16,11.2817132916,6.6144946277,0
2025-10-17,10.7676231335,6.6520398168,0
2025-10-20,11.0691215093,6.721224439,0
2025-10-21,10.5734469712,6.7211237552,0
2025-10-22,10.0693697665,6.6861815214,0
2025-10-23,10.3157647125,6.7258299526,0
2025-10-24,10.609042013,6.7807971519,0
2025-10-27,10.8452822801,6.860795095,0
2025-10-28,11.1798865004,6.8790170169,0
2025-10-29,11.4133400264,6.8823216705,0
2025-10-30,11.1310433374,6.8066284248,0
2025-10-31,11.1713985598,6.8289561472,0
2025-11-03,11.0447246106,6.8417720263,0
2025-11-04,10.2814942995,6.7606727379,0
2025-11-05,10.5615757715,6.7841018056,0
2025-11-06,10.0905228706,6.7113123312,0
2025-11-07,9.9309299039,6.7179197854,0
2025-11-10,10.4660329219,6.8227489576,0
2025-11-11,10.388252731,6.8383673065,0
2025-11-12,10.6828308314,6.8421722909,0
2025-11-13,10.2154157062,6.7286330401,0
2025-11-14,10.101689178,6.7275323124,0
2025-11-17,9.9426754678,6.6648544605,0
2025-11-18,9.880470531,6.6088865997,0
2025-11-19,9.9589808631,6.6344182918,0
2025-11-20,9.2828867428,6.5332946555,0
2025-11-21,9.4095141722,6.598374095,0
2025-11-24,9.9553962036,6.6954926146,0
2025-11-25,10.090047478,6.7584694296,0
2025-11-26,10.6017321509,6.8051274326,0
2025-11-28,11.0274429258,6.842272357,0
2025-12-01,10.9697753615,6.8110344238,0
2025-12-02,10.9350684979,6.8236501706,0
2025-12-03,11.0522636848,6.8472787529,0
2025-12-04,11.0054176774,6.8522851487,0
2025-12-05,11.082604888,6.8653005424,0
2025-12-08,10.9878323516,6.8446757977,0
2025-12-09,11.2181809456,6.8387675711,0
2025-12-10,11.4221257782,6.8841240965,0
2025-12-11,11.7567222587,6.9001433278,0
2025-12-12,11.487079931,6.8259523097,0
2025-12-15,11.4854889846,6.8156393196,0
2025-12-16,11.4282555622,6.7970171332,0
2025-12-17,11.4835651635,6.7222257182,0
2025-12-18,11.4784071906,6.7729870509,0
2025-12-19,11.8394623633,6.834373926,0
2025-12-22,12.2940854219,6.8769508363,0
2025-12-23,12.3973507045,6.9083814895,0
2025-12-24,12.3939979144,6.9326833564,0
2025-12-26,12.7414069764,6.9319804226,0
2025-12-29,12.0556413091,6.9072770558,0
2025-12-30,12.2161888028,6.8988418502,0
2025-12-31,11.9637860331,6.8477290505,0
2026-01-02,12.0166878712,6.8602811751,0
2026-01-05,12.4262270568,6.905971872,0
2026-01-06,13.0455365922,6.9470428485,0
2026-01-07,12.9879734622,6.9246496507,0
2026-01-08,12.7970554545,6.9239467169,0
2026-01-09,13.0681179674,6.96973748,0
2026-01-12,13.5340316056,6.980682987,0
2026-01-13,13.6318420399,6.9667249948,0
2026-01-14,13.9029213897,6.9324819887,0
2026-01-15,13.9069268291,6.9513611351,0
2026-01-16,13.99522343,6.945536297,0
2026-01-20,14.5751531414,6.804147155,0
2026-01-21,14.6868021752,6.8826749905,0
2026-01-22,15.39162817,6.9186246804,0
2026-01-23,15.525414727,6.9211343641,0
2026-01-26,15.6222108099,6.9562816717,0
2026-01-27,15.9718072992,6.9839962883,0
2026-01-28,16.2424905093,6.9832933545,0
2026-01-29,15.7215983982,6.9694360462,0
2026-01-30,13.4688668466,6.9486500837,0
2026-02-02,13.698346286,6.9831932883,0
2026-02-03,14.1935940611,6.9241474669,0
2026-02-04,13.7225113379,6.8906080123,0
2026-02-05,12.595749786,6.8045492727,0
2026-02-06,13.4307118833,6.9350929739,0
2026-02-09,14.1471041237,6.9685323624,0
2026-02-10,14.0073246788,6.9501553998,0
2026-02-11,14.4344698018,6.9485493999,0
2026-02-12,13.3260950137,6.841202514,0
2026-02-13,13.9003935721,6.8460217491,0
2026-02-17,13.4171704702,6.8570679399,0
2026-02-18,13.8669885905,6.8916117622,0
2026-02-19,14.0387400024,6.8734361673,0
2026-02-20,14.4452939589,6.923143717,0
2026-02-23,14.8199485242,6.8524488371,0
2026-02-24,15.017826544,6.9022558353,0
2026-02-25,15.2597536413,6.9604992745,0
2026-02-26,15.1091295947,6.9218372978,0
2026-02-27,15.1853728868,6.888599277,0
2026-03-02,14.9830950379,6.892515446,0
2026-03-03,13.6203774555,6.8317629408,0
2026-03-04,13.8247766704,6.8799639391,0
2026-03-05,13.2473723464,6.8416033963,0
2026-03-06,13.0533378839,6.7519293039,0
2026-03-09,13.4957156161,6.8110764268,0
2026-03-10,13.7191124751,6.8001309199,0
2026-03-11,13.4697188541,6.7915956481,0
2026-03-12,12.8675103521,6.6884657474,0
2026-03-13,12.3089210414,6.6506080061,0
2026-03-16,12.5582462887,6.7182904008,0
2026-03-17,12.5951919378,6.7359631942,0
2026-03-18,12.0718215607,6.6419714328,0
2026-03-19,11.929016737,6.6256032055,0
2026-03-20,11.5546313845,6.5306206657,0
2026-03-23,11.9612920708,6.5991919195,0
2026-03-24,12.155560971,6.5770396218,0
2026-03-25,12.4085535825,6.6136916278,0
2026-03-26,12.2139775591,6.4955796011,0
2026-03-27,12.2455829534,6.3848174947,0
2026-03-30,11.869698529,6.3634706677,0
2026-03-31,12.2170727938,6.5484429406,0
2026-04-01,11.9843636903,6.5977823458,0
2026-04-02,12.2799798236,6.60372331,0
2026-04-06,12.3288206208,6.6349383887,0
2026-04-07,12.4553940672,6.6378576023,0
2026-04-08,12.9040865807,6.806921211,0
2026-04-09,13.1276721799,6.8461903791,0
2026-04-10,13.2471550015,6.841660224,0
2026-04-13,13.5695829706,6.9085198526,0
2026-04-14,14.0498393367,6.9926989546,0
2026-04-15,14.0947497866,7.0478786401,0
2026-04-16,14.2872925561,7.0651974959,0
2026-04-17,14.6649070158,7.1505854217,0
2026-04-20,14.6328244201,7.1362858457,0
2026-04-21,14.3950760063,7.0895654558,0
2026-04-22,15.1198408431,7.1613592102,0
2026-04-23,14.9911162218,7.1335679998,0
2026-04-24,15.9486590039,7.1888483691,0
2026-04-27,15.8864815145,7.2012330991,0
2026-04-28,15.0816351187,7.1661920345,0
2026-04-29,15.3054892586,7.1650845123,0
2026-04-30,15.8055287365,7.2363748475,0
2026-05-01,15.8432773109,7.2564127846,0
2026-05-04,15.8431590545,7.2298297802,0
2026-05-05,16.6254309678,7.2878292309,0
2026-05-06,17.670318379,7.3891258211,0
2026-05-07,17.0258922363,7.3664701041,0
2026-05-08,18.3448626265,7.4272880846,0
2026-05-11,18.8613714396,7.444204205,0
2026-05-12,18.0076580251,7.4329269973,0
2026-05-13,18.5939513079,7.4745131292,0
2026-05-14,18.9154293157,7.5335188006,0
2026-05-15,17.5190085381,7.4428959328,0
2026-05-18,16.943888782,7.4376597555,0
2026-05-19,16.8139796156,7.3881189827,0
2026-05-20,17.8772970842,7.4638394068,0
2026-05-21,18.0831630846,7.4786411666,0
2026-05-22,18.4005144839,7.5080439361,0
2026-05-26,19.6499940019,7.5578867605,0
2026-05-27,19.4978105375,7.5565778706,0
2026-05-28,19.9180487359,7.5982640685,0
2026-05-29,20.2440143258,7.6171944834,0
2026-06-01,20.830318279,7.6379372074,0
2026-06-02,21.8079907913,7.6483088783,0
2026-06-03,21.6625578062,7.5946394503,0
2026-06-04,20.8476929667,7.6233368153,0
2026-06-05,17.4214451299,7.4265832978,0
2026-06-08,18.6070844584,7.4433987343,0
2026-06-09,18.1348880018,7.4215484881,0
2026-06-10,17.1975374116,7.3045439837,0
2026-06-11,18.8459008023,7.4286982761,0
2026-06-12,19.2381406784,7.4688742165,0
2026-06-15,20.7532668572,7.6005804145,0
2026-06-16,19.27386549,7.5552689807,0
2026-06-17,19.4497962271,7.4609195755,0
2026-06-18,20.9816126286,7.5384906056,0
2026-06-22,21.8283233773,7.5147675165,0
2026-06-23,19.5833952892,7.4056379707,0
2026-06-24,19.7025756584,7.4022054548,0
2026-06-25,20.4961501654,7.4129063556,0
2026-06-26,19.7183706985,7.3593011677,0
2026-06-29,20.7583945359,7.4805442765,0
2026-06-30,21.7152792403,7.5387938925,0
2026-07-01,20.1929459439,7.5285976463,0
2026-07-02,19.4061878405,7.518704687,0
2026-07-06,19.9899131714,7.5843233718,0
2026-07-07,19.5381711481,7.5482834988,0
2026-07-08,19.9691079335,7.5249637627,0
2026-07-09,20.7534869608,7.588664513,0
2026-07-10,20.506107495,7.6213725539,0
2026-07-13,19.1515907385,7.563022254,0
2026-07-14,19.7589450099,7.5898758076,0
2026-07-15,19.3737468914,7.619959274,0
2026-07-16,18.1297586227,7.5786696345,0
2026-07-17,17.8625628094,7.5036620272,0
2026-07-20,17.7348394874,7.4915484642,0
2026-07-21,18.9680911549,7.55403792,0
2026-07-22,18.9317576157,7.5452543359,0
2026-07-23,18.6879157367,7.4520760753,0
2026-07-24,17.7990216637,7.4596471294,0
2026-07-27,17.3162321847,7.4612630124,0
2026-07-28,16.5025476829,7.4791309965,0
2026-07-29,15.6746685521,7.3640462797,0
2026-07-30,16.2948382955,7.4875099921,0
2026-07-31,15.7587435574,7.5414190847,0
2026-08-03,16.1192071137,7.6488314459,0
2026-08-04,17.4959127086,7.786731862,0
2026-08-05,17.3016573353,7.7711851654,0
2026-08-06,17.2907807848,7.7587683154,0
2026-08-07,17.8759270699,7.8062157292,0
2026-08-10,17.4719020765,7.8038938239,0
2026-08-11,17.6505339057,7.7789588225,0
2026-08-12,18.0633846769,7.798442072,0
2026-08-13,18.2177693292,7.8528558191,0
2026-08-14,18.1137201781,7.8373091225,0
2026-08-17,18.4080501858,7.8002593227,0
2026-08-18,17.3002119251,7.74756276,0
2026-08-19,17.5543008021,7.763815479,0
2026-08-20,17.1099225501,7.6986007649,0
2026-08-21,17.3146485739,7.7300975112,0
2026-08-24,16.8667611379,7.7073831135,0
2026-08-25,17.1054234437,7.7320154457,0
2026-08-26,16.9604106425,7.7337320125,0
2026-08-27,17.1745589061,7.7844099568,0
2026-08-28,16.2516702762,7.7667433403,0
2026-08-31,16.3776840657,7.743524288,0
2026-09-01,16.0782493375,7.6903230708,0
2026-09-02,16.2520306156,7.7244443916,0
2026-09-03,16.3225010243,7.8053071039,0
2026-09-04,16.4135864995,7.7752236374,0
2026-09-08,16.3173685467,7.732520718,0
2026-09-09,16.2231779156,7.6965821465,0
2026-09-10,15.6270522609,7.6504467112,0
2026-09-11,15.8951557028,7.7156614253,0
2026-09-14,15.0896719036,7.6812368176,0
2026-09-15,15.1238202111,7.6460048861,0
2026-09-16,14.9951050015,7.6122869184,0
2026-09-17,15.700963499,7.6986007649,0
2026-09-18,15.8751352924,7.7085085488,0
2026-09-21,16.5568242626,7.8280289139,0
2026-09-22,17.0021099324,7.8268145309,0
2026-09-23,16.4823375787,7.7704445524,0
2026-09-24,16.4635709799,7.7640687328,0
2026-09-25,16.6755361369,7.8062700861,0
2026-09-28,16.3866362327,7.7481798346,0
2026-09-29,16.5004175792,7.7339105256,0
2026-09-30,16.6808480581,7.7180216274,0
2026-10-01,16.8732070701,7.7317850465,0
2026-10-02,17.2961564288,7.7889648196,0
2026-10-05,17.5166015488,7.841489046,0
2026-10-06,17.2133866586,7.8846014954,1
