date,spot,diff,fair,gap_pct,z,vol_3m,carry_to_vol,reer_dev
2007-07-30,80.85,1.00466,,,,,,-9.95887
2007-07-31,80.77,0.93897,,,,,,-9.95887
2007-08-01,80.87,0.95835,,,,,,-9.96527
2007-08-02,80.71,0.95475,,,,,,-9.96527
2007-08-03,80.18,0.85619,,,,,,-9.96527
2007-08-06,80.25,0.87615,,,,,,-9.96527
2007-08-07,80.48,0.95405,,,,,,-9.96527
2007-08-08,80.34,0.97635,,,,,,-9.96527
2007-08-09,80.74,0.88411,,,,,,-9.96527
2007-08-10,80.68,0.93384,,,,,,-9.96527
2007-08-13,81.05,0.91907,,,,,,-9.96527
2007-08-14,81.49,0.82925,,,,,,-9.96527
2007-08-15,81.82,0.80857,,,,,,-9.96527
2007-08-16,81.73,0.73164,,,,,,-9.96527
2007-08-17,81.43,0.87153,,,,,,-9.96527
2007-08-20,81.4,0.78364,,,,,,-9.96527
2007-08-21,81.49,0.8154,,,,,,-9.96527
2007-08-22,81.25,0.77197,,,,,,-9.96527
2007-08-23,81.14,0.82193,,,,,,-9.96527
2007-08-24,80.67,0.9335,,,,,,-9.96527
2007-08-27,80.74,0.87347,,,,,,-9.96527
2007-08-28,80.76,0.76219,,,,,,-9.96527
2007-08-29,80.7,0.79849,,,,,,-9.96527
2007-08-30,80.79,0.72843,,,,,,-9.96527
2007-08-31,80.79,0.7518,,,,,,-9.96527
2007-09-04,80.88,0.7547,,,,,,-11.22333
2007-09-05,80.62,0.67516,,,,,,-11.22333
2007-09-06,80.47,0.74876,,,,,,-11.22333
2007-09-07,79.96,0.62931,,,,,,-11.22333
2007-09-11,79.7,0.70474,,,,,,-11.22333
2007-09-12,79.36,0.66915,,,,,,-11.22333
2007-09-13,79.51,0.75553,,,,,,-11.22333
2007-09-14,79.62,0.744,,,,,,-11.22333
2007-09-17,79.72,0.74704,,,,,,-11.22333
2007-09-18,79.21,0.63656,,,,,,-11.22333
2007-09-19,79.3,0.63074,,,,,,-11.22333
2007-09-20,78.58,0.6975,,,,,,-11.22333
2007-09-21,78.6,0.6722,,,,,,-11.22333
2007-09-24,78.53,0.66691,,,,,,-11.22333
2007-09-25,78.31,0.6346,,,,,,-11.22333
2007-09-26,78.49,0.55952,,,,,,-11.22333
2007-09-27,78.34,0.52677,,,,,,-11.22333
2007-09-28,77.72,0.57341,,,,,,-11.22333
2007-10-01,77.9,0.65286,,,,,,-13.10644
2007-10-02,78.3,0.60973,,,,,,-13.10644
2007-10-03,78.57,0.67254,,,,,,-13.10644
2007-10-04,78.48,0.64871,,,,,,-13.10644
2007-10-05,78.31,0.71024,,,,,,-13.10644
2007-10-08,78.67,0.70208,,,,,,-13.10644
2007-10-09,78.53,0.76543,,,,,,-13.10644
2007-10-10,78.38,0.72628,,,,,,-13.10644
2007-10-11,78.08,0.68471,,,,,,-13.10644
2007-10-12,78.22,0.74703,,,,,,-13.10644
2007-10-15,78.09,0.68861,,,,,,-13.10644
2007-10-16,78.25,0.61316,,,,,,-13.10644
2007-10-17,78.12,0.5174,,,,,,-13.10644
2007-10-18,77.59,0.513,,,,,,-13.10644
2007-10-19,77.41,0.43322,,,,,,-13.10644
2007-10-22,78.06,0.51515,,,,,,-13.10644
2007-10-23,77.59,0.46066,,,,,,-13.10644
2007-10-24,77.55,0.43562,,,,,,-13.10644
2007-10-25,77.28,0.45634,,,,,,-13.10644
2007-10-26,77.03,0.45975,,,,,,-13.10644
2007-10-29,76.84,0.47906,,,,5.57811,0.08588,-13.10644
2007-10-30,76.77,0.47547,,,,5.57803,0.08524,-13.10644
2007-10-31,76.48,0.53854,,,,5.59365,0.09628,-13.10644
2007-11-01,76.59,0.39063,,,,5.60821,0.06965,-14.32934
2007-11-02,76.34,0.33419,,,,5.50813,0.06067,-14.32934
2007-11-05,76.43,0.37043,,,,5.5122,0.0672,-14.32934
2007-11-06,76.04,0.35924,,,,5.5292,0.06497,-14.32934
2007-11-07,75.41,0.30528,,,,5.72297,0.05334,-14.32934
2007-11-08,75.46,0.19677,,,,5.60394,0.03511,-14.32934
2007-11-09,75.4,0.19602,,,,5.60382,0.03498,-14.32934
2007-11-12,75.9,0.17926,,,,5.70109,0.03144,-14.32934
2007-11-13,75.88,0.29885,,,,5.55087,0.05384,-14.32934
2007-11-14,75.81,0.28013,,,,5.45069,0.05139,-14.32934
2007-11-15,76.07,0.10064,,,,5.52897,0.0182,-14.32934
2007-11-16,75.83,0.10795,,,,5.52027,0.01956,-14.32934
2007-11-19,75.78,-0.01285,,,,5.51894,-0.00233,-14.32934
2007-11-20,75.21,-0.04166,,,,5.64613,-0.00738,-14.32934
2007-11-21,75.07,-0.14125,,,,5.6372,-0.02506,-14.32934
2007-11-23,75.05,-0.06342,,,,5.64062,-0.01124,-14.32934
2007-11-27,75.1,-0.07702,,,,5.57564,-0.01381,-14.32934
2007-11-28,75.08,-0.01206,,,,5.56368,-0.00217,-14.32934
2007-11-29,75.59,-0.10959,,,,5.77919,-0.01896,-14.32934
2007-11-30,76.15,-0.16808,,,,6.02013,-0.02792,-14.32934
2007-12-03,75.93,-0.27445,,,,6.0184,-0.0456,-13.85167
2007-12-04,75.69,-0.23645,,,,6.03064,-0.03921,-13.85167
2007-12-05,76.41,-0.24752,,,,6.37333,-0.03884,-13.85167
2007-12-06,76.38,-0.15744,,,,6.35661,-0.02477,-13.85167
2007-12-07,76.29,-0.14093,,,,6.35369,-0.02218,-13.85167
2007-12-10,76.06,-0.1254,,,,6.27052,-0.02,-13.85167
2007-12-11,76.22,-0.36684,,,,6.27654,-0.05845,-13.85167
2007-12-12,76.14,-0.25744,,,,6.23507,-0.04129,-13.85167
2007-12-13,76.56,-0.14428,,,,6.33606,-0.02277,-13.85167
2007-12-14,77.44,-0.04063,,,,6.76771,-0.006,-13.85167
2007-12-17,77.4,-0.10117,,,,6.75894,-0.01497,-13.85167
2007-12-19,77.59,-0.19985,,,,6.67388,-0.02994,-13.85167
2007-12-20,77.79,-0.23607,,,,6.69288,-0.03527,-13.85167
2007-12-21,77.72,-0.14256,,,,6.45032,-0.0221,-13.85167
2007-12-24,77.57,-0.09604,,,,6.45922,-0.01487,-13.85167
2007-12-26,77.15,-0.03004,,,,6.54192,-0.00459,-13.85167
2007-12-27,76.61,-0.13425,,,,6.66139,-0.02015,-13.85167
2007-12-28,76.22,-0.23425,,,,6.70625,-0.03493,-13.85167
2007-12-31,76.7,-0.30243,,,,6.83328,-0.04426,-13.85167
2008-01-02,75.97,-0.40473,,,,6.91368,-0.05854,-14.27133
2008-01-03,75.89,-0.39371,,,,6.8935,-0.05711,-14.27133
2008-01-04,75.79,-0.43086,,,,6.803,-0.06333,-14.27133
2008-01-07,76.17,-0.43225,,,,6.84688,-0.06313,-14.27133
2008-01-08,76.11,-0.46175,,,,6.84587,-0.06745,-14.27133
2008-01-09,76.42,-0.48089,,,,6.89695,-0.06973,-14.27133
2008-01-10,75.93,-0.4742,,,,6.92596,-0.06847,-14.27133
2008-01-11,75.98,-0.56134,,,,6.9257,-0.08105,-14.27133
2008-01-14,75.61,-0.53601,,,,6.97518,-0.07684,-14.27133
2008-01-15,75.57,-0.55598,,,,6.94358,-0.08007,-14.27133
2008-01-16,76.26,-0.54334,,,,7.19124,-0.07556,-14.27133
2008-01-17,76.17,-0.55739,,,,7.18845,-0.07754,-14.27133
2008-01-18,76.38,-0.59549,,,,7.19959,-0.08271,-14.27133
2008-01-22,76.35,-0.73949,,,,7.1949,-0.10278,-14.27133
2008-01-23,76.4,-0.68558,,,,7.07708,-0.09687,-14.27133
2008-01-24,75.69,-0.66962,,,,7.29639,-0.09177,-14.27133
2008-01-25,75.97,-0.75818,,,,7.12743,-0.10638,-14.27133
2008-01-28,75.58,-0.68068,,,,7.10107,-0.09586,-14.27133
2008-01-29,75.54,-0.62408,,,,7.10108,-0.08788,-14.27133
2008-01-30,75.03,-0.63659,,,,7.18873,-0.08855,-14.27133
2008-01-31,75.18,-0.67823,,,,7.18298,-0.09442,-14.27133
2008-02-01,75.45,-0.76928,,,,7.21359,-0.10664,-15.33919
2008-02-04,75.37,-0.78485,,,,7.21418,-0.10879,-15.33919
2008-02-05,76.12,-0.83919,,,,7.45999,-0.11249,-15.33919
2008-02-06,76.14,-0.79692,,,,7.45401,-0.10691,-15.33919
2008-02-07,76.94,-0.68614,,,,7.71693,-0.08891,-15.33919
2008-02-08,76.67,-0.70395,,,,7.74791,-0.09086,-15.33919
2008-02-11,76.58,-0.68007,,,,7.68092,-0.08854,-15.33919
2008-02-12,76.32,-0.71804,,,,7.52282,-0.09545,-15.33919
2008-02-13,76.4,-0.76905,,,,7.52419,-0.10221,-15.33919
2008-02-14,76.15,-0.79455,,,,7.55381,-0.10519,-15.33919
2008-02-15,76.1,-0.76625,,,,7.44048,-0.10298,-15.33919
2008-02-19,76.0,-0.68336,,,,7.44521,-0.09178,-15.33919
2008-02-20,76.12,-0.6296,,,,7.44906,-0.08452,-15.33919
2008-02-21,75.6,-0.87651,,,,7.54373,-0.11619,-15.33919
2008-02-22,75.52,-0.85333,,,,7.52074,-0.11346,-15.33919
2008-02-25,75.53,-0.6974,,,,7.51987,-0.09274,-15.33919
2008-02-26,74.76,-0.8295,,,,7.64741,-0.10847,-15.33919
2008-02-27,74.21,-0.8119,,,,7.77789,-0.10439,-15.33919
2008-02-28,73.72,-0.90845,,,,7.8839,-0.11523,-15.33919
2008-02-29,73.71,-1.02245,,,,7.8816,-0.12973,-15.33919
2008-03-03,73.7,-1.06703,,,,7.88167,-0.13538,-16.51632
2008-03-04,73.66,-1.0647,,,,7.74986,-0.13738,-16.51632
2008-03-05,73.48,-1.06653,,,,7.59599,-0.14041,-16.51632
2008-03-06,73.0,-1.2122,,,,7.67642,-0.15791,-16.51632
2008-03-07,73.03,-1.2049,,,,7.66161,-0.15726,-16.51632
2008-03-10,72.99,-1.23869,,,,7.38527,-0.16772,-16.51632
2008-03-11,73.28,-1.05626,,,,7.44448,-0.14188,-16.51632
2008-03-12,72.4,-1.18148,,,,7.78696,-0.15173,-16.51632
2008-03-13,72.07,-1.11803,,,,7.81078,-0.14314,-16.51632
2008-03-14,71.66,-1.30174,,,,7.84664,-0.1659,-16.51632
2008-03-17,71.46,-1.34103,,,,7.85503,-0.17072,-16.51632
2008-03-18,71.57,-1.18763,,,,7.76101,-0.15303,-16.51632
2008-03-19,72.14,-1.28378,,,,7.56109,-0.16979,-16.51632
2008-03-20,72.75,-1.3094,,,,7.79788,-0.16792,-16.51632
2008-03-24,72.95,-1.0606,,,,7.80336,-0.13592,-16.51632
2008-03-25,72.28,-1.19274,,,,7.94068,-0.15021,-16.51632
2008-03-26,71.51,-1.28523,,,,8.1665,-0.15738,-16.51632
2008-03-27,71.66,-1.24523,,,,8.19395,-0.15197,-16.51632
2008-03-28,71.68,-1.33234,,,,8.15528,-0.16337,-16.51632
2008-03-31,71.8,-1.36924,,,,8.08663,-0.16932,-16.51632
2008-04-02,72.26,-1.1578,,,,8.17733,-0.14159,-16.63952
2008-04-03,72.22,-1.11865,,,,8.04853,-0.13899,-16.63952
2008-04-04,72.02,-1.17373,,,,7.86587,-0.14922,-16.63952
2008-04-07,72.2,-1.09597,,,,7.89408,-0.13883,-16.63952
2008-04-08,72.23,-1.17595,,,,7.89699,-0.14891,-16.63952
2008-04-09,71.83,-1.26667,,,,7.86588,-0.16103,-16.63952
2008-04-10,72.12,-1.1595,,,,7.9282,-0.14625,-16.63952
2008-04-11,71.81,-1.21562,,,,7.8938,-0.154,-16.63952
2008-04-14,71.88,-1.21811,,,,7.82484,-0.15567,-16.63952
2008-04-15,72.02,-1.20424,,,,7.83929,-0.15362,-16.63952
2008-04-16,71.41,-1.0975,,,,7.94781,-0.13809,-16.63952
2008-04-17,71.68,-1.00336,,,,8.00253,-0.12538,-16.63952
2008-04-18,72.01,-1.04109,,,,7.82436,-0.13306,-16.63952
2008-04-21,71.65,-1.01872,,,,7.86714,-0.12949,-16.63952
2008-04-22,71.33,-1.09978,,,,7.86091,-0.1399,-16.63952
2008-04-23,71.82,-1.06593,,,,8.01858,-0.13293,-16.63952
2008-04-24,72.54,-0.86858,,,,8.30687,-0.10456,-16.63952
2008-04-25,72.79,-0.85974,,,,8.16648,-0.10528,-16.63952
2008-04-28,72.79,-0.92929,,,,8.12049,-0.11444,-16.63952
2008-04-29,72.89,-0.90483,,,,8.07927,-0.11199,-16.63952
2008-04-30,72.51,-0.9503,,,,8.13263,-0.11685,-16.63952
2008-05-02,73.5,-0.80619,,,,8.51801,-0.09465,-15.88915
2008-05-05,73.19,-0.84779,,,,8.5399,-0.09927,-15.88915
2008-05-06,73.0,-0.81926,,,,8.51137,-0.09625,-15.88915
2008-05-07,73.51,-0.91339,,,,8.64107,-0.1057,-15.88915
2008-05-08,73.48,-0.9398,,,,8.38384,-0.1121,-15.88915
2008-05-09,73.05,-0.88641,,,,8.44882,-0.10492,-15.88915
2008-05-12,72.95,-0.88058,,,,8.14225,-0.10815,-15.88915
2008-05-13,73.27,-0.79058,,,,8.18992,-0.09653,-15.88915
2008-05-14,73.4,-0.79158,,,,8.20447,-0.09648,-15.88915
2008-05-15,73.35,-0.93271,,,,8.18572,-0.11394,-15.88915
2008-05-16,72.84,-0.92423,,,,8.27572,-0.11168,-15.88915
2008-05-19,73.04,-0.96121,,,,8.28878,-0.11596,-15.88915
2008-05-20,72.4,-1.05013,,,,8.4471,-0.12432,-15.88915
2008-05-21,71.94,-1.04299,,,,8.52013,-0.12242,-15.88915
2008-05-22,72.28,-0.94595,,,,8.57968,-0.11025,-15.88915
2008-05-23,71.89,-1.07127,,,,8.54318,-0.12539,-15.88915
2008-05-27,72.34,-0.97853,,,,8.65809,-0.11302,-15.88915
2008-05-28,72.55,-0.9297,,,,8.68631,-0.10703,-15.88915
2008-05-29,73.02,-0.95567,,,,8.5771,-0.11142,-15.88915
2008-05-30,72.88,-0.94494,,,,8.46446,-0.11164,-15.88915
2008-06-02,72.93,-1.07242,,,,8.3677,-0.12816,-15.22783
2008-06-03,73.24,-1.18177,,,,8.41412,-0.14045,-15.22783
2008-06-04,73.42,-1.11788,,,,8.42963,-0.13261,-15.22783
2008-06-05,73.04,-1.24646,,,,8.49143,-0.14679,-15.22783
2008-06-06,72.39,-1.44446,,,,8.66088,-0.16678,-15.22783
2008-06-09,72.85,-1.16389,,,,8.66241,-0.13436,-15.22783
2008-06-10,73.7,-0.95114,,,,8.96933,-0.10604,-15.22783
2008-06-11,73.21,-0.99697,,,,9.07156,-0.1099,-15.22783
2008-06-12,73.86,-0.82608,,,,9.20846,-0.08971,-15.22783
2008-06-13,74.15,-0.83535,,,,8.89715,-0.09389,-15.22783
2008-06-16,73.61,-0.94321,,,,8.97564,-0.10509,-15.22783
2008-06-17,73.51,-0.95977,,,,8.89852,-0.10786,-15.22783
2008-06-18,73.44,-0.99421,,,,8.8792,-0.11197,-15.22783
2008-06-19,73.48,-0.94424,,,,8.8764,-0.10638,-15.22783
2008-06-20,73.03,-0.994,,,,8.83839,-0.11246,-15.22783
2008-06-23,73.43,-0.85738,,,,8.74581,-0.09803,-15.22783
2008-06-24,73.24,-0.93374,,,,8.74651,-0.10676,-15.22783
2008-06-25,72.93,-1.01336,,,,8.58667,-0.11802,-15.22783
2008-06-26,72.49,-1.11129,,,,8.39578,-0.13236,-15.22783
2008-06-27,72.36,-1.1051,,,,8.39644,-0.13162,-15.22783
2008-06-30,72.46,-1.22171,,,,8.4,-0.14544,-15.22783
2008-07-02,72.03,-1.2778,,,,8.48264,-0.15064,-15.59862
2008-07-03,72.74,-1.23472,,,,8.61315,-0.14335,-15.59862
2008-07-07,72.67,-1.24591,,,,8.61481,-0.14462,-15.59862
2008-07-08,73.01,-1.23571,,,,8.64249,-0.14298,-15.59862
2008-07-09,72.58,-1.31523,,,,8.7155,-0.15091,-15.59862
2008-07-10,72.49,-1.25783,,,,8.71923,-0.14426,-15.59862
2008-07-11,72.1,-1.08909,,,,8.71514,-0.12497,-15.59862
2008-07-14,71.92,-1.19891,,,,8.69206,-0.13793,-15.59862
2008-07-15,71.87,-1.219,,,,8.64996,-0.14093,-15.59862
2008-07-16,72.06,-1.19476,,,,8.66389,-0.1379,-15.59862
2008-07-17,72.24,-1.09074,,,,8.66949,-0.12581,-15.59862
2008-07-18,72.19,-1.0923,,,,8.49522,-0.12858,-15.59862
2008-07-21,71.99,-1.18228,,,,8.48333,-0.13937,-15.59862
2008-07-22,72.45,-1.06927,,,,8.52915,-0.12537,-15.59862
2008-07-23,72.81,-1.02245,,,,8.51948,-0.12001,-15.59862
2008-07-24,72.93,-1.11863,,,,8.46914,-0.13208,-15.59862
2008-07-25,72.86,-1.01088,,,,8.36917,-0.12079,-15.59862
2008-07-28,72.65,-1.08478,,,,8.15286,-0.13306,-15.59862
2008-07-29,73.31,-1.01052,,,,8.32352,-0.12141,-15.59862
2008-07-30,73.32,-0.99572,,,,8.32349,-0.11963,-15.59862
2008-07-31,73.23,-1.08538,,,,8.32378,-0.13039,-15.59862
2008-08-08,75.85,-0.90617,,,,10.82153,-0.08374,-13.75075
2008-08-26,77.25,-0.9909,,,,11.08771,-0.08937,-13.75075
2008-08-27,77.05,-1.12792,,,,11.06245,-0.10196,-13.75075
2008-08-28,77.15,-1.11802,,,,11.04098,-0.10126,-13.75075
2008-08-29,77.38,-1.08836,,,,10.98032,-0.09912,-13.75075
2008-09-02,78.06,-1.17854,,,,11.09107,-0.10626,-11.82018
2008-09-03,78.09,-1.15654,,,,11.00475,-0.10509,-11.82018
2008-09-04,78.61,-1.20355,,,,11.04935,-0.10893,-11.82018
2008-09-05,78.93,-1.08962,,,,11.04583,-0.09865,-11.82018
2008-09-08,79.59,-1.06737,,,,11.1375,-0.09584,-11.82018
2008-09-09,79.25,-1.13753,,,,11.1865,-0.10169,-11.82018
2008-09-10,79.85,-1.13137,,,,11.1304,-0.10165,-11.82018
2008-09-11,80.15,-1.12593,,,,11.13695,-0.1011,-11.82018
2008-09-12,78.97,-1.11406,,,,11.42471,-0.09751,-11.82018
2008-09-15,78.91,-1.42803,,,,11.32461,-0.1261,-11.82018
2008-09-16,79.07,-1.24946,,,,11.30603,-0.11051,-11.82018
2008-09-17,78.1,-1.57333,,,,11.55861,-0.13612,-11.82018
2008-09-18,78.02,-1.47004,,,,11.52407,-0.12756,-11.82018
2008-09-19,77.68,-1.20016,,,,11.57206,-0.10371,-11.82018
2008-09-22,76.15,-1.31063,,,,12.25467,-0.10695,-11.82018
2008-09-23,76.47,-1.27584,,,,12.26323,-0.10404,-11.82018
2008-09-24,76.79,-1.26996,,,,12.28218,-0.1034,-11.82018
2008-09-25,76.99,-1.14527,,,,12.26797,-0.09335,-11.82018
2008-09-26,76.95,-1.11804,,,,12.26602,-0.09115,-11.82018
2008-09-29,77.47,-1.38235,,,,12.26337,-0.11272,-11.82018
2008-09-30,79.45,-1.01889,,,,13.0261,-0.07822,-11.82018
2008-10-01,79.46,-1.18711,,,,12.99114,-0.09138,-6.78065
2008-10-02,80.44,-1.30519,,,,13.01282,-0.1003,-6.78065
2008-10-03,80.31,-1.18068,,,,12.92456,-0.09135,-6.78065
2008-10-06,81.68,-1.21359,,,,13.20951,-0.09187,-6.78065
2008-10-07,80.97,-1.13538,,,,13.36055,-0.08498,-6.78065
2008-10-08,80.91,-0.90248,,,,13.25072,-0.06811,-6.78065
2008-10-09,81.16,-0.94508,,,,13.24154,-0.07137,-6.78065
2008-10-10,83.0,-0.93239,,,,13.8705,-0.06722,-6.78065
2008-10-13,81.88,-1.01809,,,,14.21207,-0.07164,-6.78065
2008-10-14,81.36,-0.88862,,,,14.21727,-0.0625,-6.78065
2008-10-15,82.05,-1.08108,,,,14.26168,-0.0758,-6.78065
2008-10-16,82.46,-1.03621,,,,14.24817,-0.07273,-6.78065
2008-10-17,82.41,-0.84613,,,,14.20315,-0.05957,-6.78065
2008-10-20,83.1,-0.82671,,,,14.1656,-0.05836,-6.78065
2008-10-21,83.99,-0.92864,,,,14.24261,-0.0652,-6.78065
2008-10-22,85.37,-0.89797,,,,14.5106,-0.06188,-6.78065
2008-10-23,85.36,-0.8667,,,,14.41741,-0.06011,-6.78065
2008-10-24,86.44,-0.79106,,,,14.48329,-0.05462,-6.78065
2008-10-27,86.93,-0.71071,,,,14.475,-0.0491,-6.78065
2008-10-28,87.03,-0.60735,,,,14.47408,-0.04196,-6.78065
2008-10-29,85.07,-0.68259,,,,15.25812,-0.04474,-6.78065
2008-10-30,84.56,-0.69804,,,,15.33559,-0.04552,-6.78065
2008-10-31,85.63,-0.68842,,,,15.38326,-0.04475,-6.78065
2008-11-03,86.35,-0.84567,,,,15.38673,-0.05496,-5.78059
2008-11-04,84.78,-0.88814,,,,15.94932,-0.05568,-5.78059
2008-11-05,84.61,-0.93676,,,,15.97617,-0.05864,-5.78059
2008-11-06,85.89,-1.01014,,,,16.16952,-0.06247,-5.78059
2008-11-07,85.91,-0.89947,,,,16.16258,-0.05565,-5.78059
2008-11-10,85.91,-0.96654,,,,16.13345,-0.05991,-5.78059
2008-11-11,87.07,-0.9365,,,,16.25769,-0.0576,-5.78059
2008-11-12,87.47,-0.96033,,,,16.25596,-0.05908,-5.78059
2008-11-13,86.94,-0.87311,,,,16.3535,-0.05339,-5.78059
2008-11-14,86.36,-0.93996,,,,16.44687,-0.05715,-5.78059
2008-11-17,86.81,-0.88841,,,,16.41473,-0.05412,-5.78059
2008-11-18,87.37,-0.94679,,,,16.38279,-0.05779,-5.78059
2008-11-19,87.31,-0.9751,,,,16.38903,-0.0595,-5.78059
2008-11-20,87.97,-0.96383,,,,16.39576,-0.05879,-5.78059
2008-11-21,88.19,-0.90648,,,,15.0296,-0.06031,-5.78059
2008-11-24,86.08,-0.68045,,,,15.59585,-0.04363,-5.78059
2008-11-25,85.0,-0.91265,,,,15.83582,-0.05763,-5.78059
2008-11-26,85.67,-0.96716,,,,15.88559,-0.06088,-5.78059
2008-11-28,86.52,-1.01791,,,,15.96844,-0.06374,-5.78059
2008-12-01,86.72,-1.08955,,,,15.90589,-0.0685,-7.30065
2008-12-02,86.7,-1.08308,,,,15.90838,-0.06808,-7.30065
2008-12-03,87.03,-1.0844,,,,15.8824,-0.06828,-7.30065
2008-12-04,86.44,-1.12874,,,,15.9628,-0.07071,-7.30065
2008-12-05,87.12,-1.09696,,,,15.95449,-0.06876,-7.30065
2008-12-08,85.56,-1.11995,,,,16.38768,-0.06834,-7.30065
2008-12-09,85.84,-1.32485,,,,16.34284,-0.08107,-7.30065
2008-12-10,85.48,-1.29105,,,,16.36876,-0.07887,-7.30065
2008-12-11,83.83,-1.32264,,,,16.57739,-0.07979,-7.30065
2008-12-12,83.64,-1.29372,,,,16.58646,-0.078,-7.30065
2008-12-15,82.27,-1.33257,,,,16.94701,-0.07863,-7.30065
2008-12-16,80.68,-1.40004,,,,17.22854,-0.08126,-7.30065
2008-12-17,78.91,-1.17138,,,,17.81513,-0.06575,-7.30065
2008-12-18,79.47,-1.19829,,,,17.84332,-0.06716,-7.30065
2008-12-19,81.3,-1.08745,,,,17.91477,-0.0607,-7.30065
2008-12-22,81.09,-0.94164,,,,17.91756,-0.05255,-7.30065
2008-12-23,81.24,-0.91214,,,,17.90647,-0.05094,-7.30065
2008-12-24,81.21,-0.90578,,,,17.90481,-0.05059,-7.30065
2008-12-26,80.89,-0.91778,,,,17.92857,-0.05119,-7.30065
2008-12-29,80.68,-1.00541,,,,17.89999,-0.05617,-7.30065
2008-12-30,80.9,-1.03776,,,,17.19524,-0.06035,-7.30065
2008-12-31,81.31,-1.02412,,,,17.2216,-0.05947,-7.30065
2009-01-02,81.84,-0.87537,,,,17.098,-0.0512,-6.29159
2009-01-05,82.64,-0.94266,,,,17.19727,-0.05481,-6.29159
2009-01-06,82.85,-0.96018,,,,16.8753,-0.0569,-6.29159
2009-01-07,82.28,-0.87147,,,,16.83981,-0.05175,-6.29159
2009-01-08,81.54,-0.81422,,,,16.94112,-0.04806,-6.29159
2009-01-09,82.66,-0.81229,,,,17.14647,-0.04737,-6.29159
2009-01-12,83.02,-0.82082,,,,16.56981,-0.04954,-6.29159
2009-01-13,84.27,-0.78447,,,,16.6012,-0.04725,-6.29159
2009-01-14,84.42,-0.80481,,,,16.54489,-0.04864,-6.29159
2009-01-15,84.44,-0.81661,,,,16.46767,-0.04959,-6.29159
2009-01-16,84.21,-0.84033,,,,16.4537,-0.05107,-6.29159
2009-01-20,86.22,-0.81651,,,,17.09654,-0.04776,-6.29159
2009-01-21,85.82,-0.75483,,,,17.05853,-0.04425,-6.29159
2009-01-22,85.52,-0.73907,,,,16.95105,-0.0436,-6.29159
2009-01-23,85.61,-0.62744,,,,16.6371,-0.03771,-6.29159
2009-01-26,84.73,-0.78947,,,,16.76608,-0.04709,-6.29159
2009-01-27,84.43,-0.79694,,,,16.57908,-0.04807,-6.29159
2009-01-28,84.67,-0.71668,,,,16.54703,-0.04331,-6.29159
2009-01-29,85.28,-0.60957,,,,16.61405,-0.03669,-6.29159
2009-01-30,86.0,-0.57041,,,,16.06239,-0.03551,-6.29159
2009-02-02,86.07,-0.58859,,,,16.01349,-0.03676,-3.72852
2009-02-03,85.05,-0.47681,,,,15.99857,-0.0298,-3.72852
2009-02-04,85.7,-0.50782,,,,15.98291,-0.03177,-3.72852
2009-02-05,86.06,-0.42297,,,,15.56839,-0.02717,-3.72852
2009-02-06,85.35,-0.41172,,,,15.65556,-0.0263,-3.72852
2009-02-09,84.79,-0.38081,,,,15.41545,-0.0247,-3.72852
2009-02-10,85.81,-0.4938,,,,15.60616,-0.03164,-3.72852
2009-02-11,85.78,-0.43597,,,,15.6063,-0.02794,-3.72852
2009-02-12,86.55,-0.43746,,,,15.4748,-0.02827,-3.72852
2009-02-13,86.04,-0.37196,,,,15.48815,-0.02402,-3.72852
2009-02-17,87.58,-0.37702,,,,15.85289,-0.02378,-3.72852
2009-02-18,88.01,-0.29029,,,,15.81997,-0.01835,-3.72852
2009-02-19,87.44,-0.3684,,,,15.84573,-0.02325,-3.72852
2009-02-20,86.49,-0.37635,,,,15.94442,-0.0236,-3.72852
2009-02-23,87.24,-0.38625,,,,16.04061,-0.02408,-3.72852
2009-02-24,86.89,-0.2701,,,,15.98608,-0.0169,-3.72852
2009-02-25,87.91,-0.1858,,,,16.1533,-0.0115,-3.72852
2009-02-26,87.73,-0.27864,,,,15.39604,-0.0181,-3.72852
2009-02-27,88.01,-0.32391,,,,15.17968,-0.02134,-3.72852
2009-03-02,88.94,-0.38209,,,,15.24087,-0.02507,-3.11721
2009-03-03,88.91,-0.34713,,,,15.12458,-0.02295,-3.11721
2009-03-04,88.58,-0.26546,,,,15.14222,-0.01753,-3.11721
2009-03-05,89.11,-0.33825,,,,15.18344,-0.02228,-3.11721
2009-03-06,88.51,-0.34191,,,,15.23505,-0.02244,-3.11721
2009-03-09,89.01,-0.35029,,,,15.20347,-0.02304,-3.11721
2009-03-10,88.93,-0.31814,,,,15.13155,-0.02103,-3.11721
2009-03-11,87.87,-0.35333,,,,14.87794,-0.02375,-3.11721
2009-03-12,87.66,-0.30402,,,,14.87702,-0.02044,-3.11721
2009-03-13,87.43,-0.3711,,,,14.86083,-0.02497,-3.11721
2009-03-16,86.95,-0.34019,,,,14.35622,-0.0237,-3.11721
2009-03-17,86.93,-0.30905,,,,14.34556,-0.02154,-3.11721
2009-03-18,84.6,-0.55123,,,,15.00561,-0.03673,-3.11721
2009-03-19,83.13,-0.49505,,,,14.90309,-0.03322,-3.11721
2009-03-20,83.84,-0.40569,,,,14.25656,-0.02846,-3.11721
2009-03-23,83.43,-0.38512,,,,14.24912,-0.02703,-3.11721
2009-03-24,83.86,-0.43278,,,,13.56283,-0.03191,-3.11721
2009-03-25,83.81,-0.41672,,,,13.5503,-0.03075,-3.11721
2009-03-26,84.17,-0.48481,,,,13.56875,-0.03573,-3.11721
2009-03-27,85.11,-0.40164,,,,13.72986,-0.02925,-3.11721
2009-03-30,85.87,-0.42557,,,,13.79146,-0.03086,-3.11721
2009-03-31,85.43,-0.44085,,,,13.82729,-0.03188,-3.11721
2009-04-01,85.5,-0.41035,,,,13.82237,-0.02969,-5.34177
2009-04-02,84.45,-0.46205,,,,14.04537,-0.0329,-5.34177
2009-04-03,84.17,-0.44566,,,,14.01509,-0.0318,-5.34177
2009-04-06,84.57,-0.50209,,,,13.91599,-0.03608,-5.34177
2009-04-07,85.29,-0.49101,,,,14.00409,-0.03506,-5.34177
2009-04-08,85.36,-0.4597,,,,13.92397,-0.03302,-5.34177
2009-04-09,85.79,-0.43387,,,,13.81273,-0.03141,-5.34177
2009-04-13,84.64,-0.50227,,,,13.85401,-0.03625,-5.34177
2009-04-14,84.64,-0.49374,,,,13.83064,-0.0357,-5.34177
2009-04-15,85.08,-0.45131,,,,13.54562,-0.03332,-5.34177
2009-04-16,85.23,-0.44541,,,,13.54554,-0.03288,-5.34177
2009-04-17,85.98,-0.399,,,,13.65457,-0.02922,-5.34177
2009-04-20,86.64,-0.43052,,,,13.71897,-0.03138,-5.34177
2009-04-21,86.58,-0.39101,,,,12.88895,-0.03034,-5.34177
2009-05-01,84.55,-0.37543,,,,13.71107,-0.02738,-7.93449
2009-05-04,83.97,-0.35148,,,,13.7604,-0.02554,-7.93449
2009-05-05,84.16,-0.31167,,,,13.76731,-0.02264,-7.93449
2009-05-06,83.8,-0.30722,,,,13.64024,-0.02252,-7.93449
2009-05-07,83.94,-0.31639,,,,13.62772,-0.02322,-7.93449
2009-05-08,82.53,-0.25857,,,,14.02322,-0.01844,-7.93449
2009-05-11,82.68,-0.3206,,,,13.94613,-0.02299,-7.93449
2009-05-12,82.31,-0.37117,,,,13.8498,-0.0268,-7.93449
2009-05-13,82.5,-0.31714,,,,13.85962,-0.02288,-7.93449
2009-05-14,82.28,-0.34009,,,,13.67672,-0.02487,-7.93449
2009-05-15,83.02,-0.32471,,,,13.71171,-0.02368,-7.93449
2009-05-18,82.67,-0.25624,,,,13.69787,-0.01871,-7.93449
2009-05-19,81.98,-0.32067,,,,13.70008,-0.02341,-7.93449
2009-05-20,80.99,-0.41179,,,,13.84274,-0.02975,-7.93449
2009-05-21,80.56,-0.3384,,,,13.62888,-0.02483,-7.93449
2009-05-22,79.96,-0.33528,,,,13.6894,-0.02449,-7.93449
2009-05-26,80.13,-0.36982,,,,13.55321,-0.02729,-7.93449
2009-05-27,80.33,-0.39236,,,,13.53929,-0.02898,-7.93449
2009-05-28,80.43,-0.37335,,,,12.99793,-0.02872,-7.93449
2009-05-29,80.43,-0.3717,,,,12.93899,-0.02873,-7.93449
2009-06-01,79.17,-0.32994,,,,13.2174,-0.02496,-8.21778
2009-06-02,78.4,-0.31519,,,,13.18629,-0.0239,-8.21778
2009-06-03,79.5,-0.33704,,,,13.39373,-0.02516,-8.21778
2009-06-04,79.41,-0.38475,,,,13.38388,-0.02875,-8.21778
2009-06-05,80.67,-0.13821,,,,13.56935,-0.01019,-8.21778
2009-06-08,80.91,-0.07542,,,,13.59616,-0.00555,-8.21778
2009-06-09,79.79,-0.15204,,,,13.7972,-0.01102,-8.21778
2009-06-10,80.33,-0.09566,,,,13.6834,-0.00699,-8.21778
2009-06-11,79.41,-0.16047,,,,13.82295,-0.01161,-8.21778
2009-06-12,80.14,-0.16645,,,,13.98874,-0.0119,-8.21778
2009-06-15,81.14,-0.17216,,,,14.18781,-0.01213,-8.21778
2009-06-16,80.71,-0.18483,,,,14.16896,-0.01304,-8.21778
2009-06-17,80.17,-0.17222,,,,14.1327,-0.01219,-8.21778
2009-06-18,80.61,-0.08658,,,,14.20394,-0.0061,-8.21778
2009-06-19,80.26,-0.09856,,,,14.05731,-0.00701,-8.21778
2009-06-22,80.78,-0.13651,,,,14.14406,-0.00965,-8.21778
2009-06-23,79.84,-0.18754,,,,14.29447,-0.01312,-8.21778
2009-06-24,80.56,-0.06959,,,,14.42004,-0.00483,-8.21778
2009-06-25,80.4,-0.09777,,,,14.41946,-0.00678,-8.21778
2009-06-26,79.88,-0.10225,,,,13.46988,-0.00759,-8.21778
2009-06-29,79.84,-0.12463,,,,13.0397,-0.00956,-8.21778
2009-06-30,80.13,-0.15244,,,,12.93672,-0.01178,-8.21778
2009-07-01,79.63,-0.18194,,,,12.95739,-0.01404,-8.5273
2009-07-02,80.15,-0.16646,,,,12.98549,-0.01282,-8.5273
2009-07-06,80.45,-0.15985,,,,13.01602,-0.01228,-8.5273
2009-07-07,80.62,-0.14605,,,,12.98973,-0.01124,-8.5273
2009-07-08,80.77,-0.21576,,,,12.77854,-0.01688,-8.5273
2009-07-09,79.86,-0.20307,,,,12.79325,-0.01587,-8.5273
2009-07-10,80.23,-0.21091,,,,12.81856,-0.01645,-8.5273
2009-07-13,80.13,-0.20122,,,,12.81332,-0.0157,-8.5273
2009-07-14,80.18,-0.18993,,,,12.60828,-0.01506,-8.5273
2009-07-15,79.32,-0.15854,,,,12.75584,-0.01243,-8.5273
2009-07-16,79.22,-0.15569,,,,12.70353,-0.01226,-8.5273
2009-07-17,79.35,-0.15718,,,,12.56825,-0.01251,-8.5273
2009-07-20,78.91,-0.23037,,,,12.59245,-0.01829,-8.5273
2009-07-21,78.93,-0.24615,,,,12.53186,-0.01964,-8.5273
2009-07-22,78.71,-0.21474,,,,12.28978,-0.01747,-8.5273
2009-07-23,78.8,-0.1114,,,,12.29627,-0.00906,-8.5273
2009-07-24,78.75,-0.17374,,,,12.2296,-0.01421,-8.5273
2009-07-27,78.63,-0.19651,,,,12.21461,-0.01609,-8.5273
2009-07-28,78.85,-0.12387,,,,12.07272,-0.01026,-8.5273
2009-07-29,79.63,-0.06688,,,,12.1472,-0.00551,-8.5273
2009-07-30,79.29,-0.05299,,,,12.16061,-0.00436,-8.5273
2009-07-31,78.35,-0.07176,,,,11.49048,-0.00624,-8.5273
2009-08-03,77.64,-0.05334,,,,11.54349,-0.00462,-9.71096
2009-08-04,77.77,-0.06003,,,,11.53684,-0.0052,-9.71096
2009-08-05,77.52,-0.08724,,,,11.52741,-0.00757,-9.71096
2009-08-06,78.07,-0.12362,,,,11.63286,-0.01063,-9.71096
2009-08-07,78.97,-0.08307,,,,11.45145,-0.00725,-9.71096
2009-08-10,79.26,-0.16028,,,,11.47392,-0.01397,-9.71096
2009-08-11,79.18,-0.11517,,,,11.44798,-0.01006,-9.71096
2009-08-12,78.79,-0.14377,,,,11.46451,-0.01254,-9.71096
2009-08-13,78.49,-0.15751,,,,11.47466,-0.01373,-9.71096
2009-08-14,78.89,-0.16201,,,,11.36726,-0.01425,-9.71096
2009-08-17,79.29,-0.18401,,,,11.40545,-0.01613,-9.71096
2009-08-18,78.94,-0.17441,,,,11.32377,-0.0154,-9.71096
2009-08-19,78.47,-0.19779,,,,11.13346,-0.01777,-9.71096
2009-08-20,78.38,-0.18213,,,,11.0912,-0.01642,-9.71096
2009-08-21,78.04,-0.13666,,,,11.02795,-0.01239,-9.71096
2009-08-24,78.27,-0.22093,,,,11.03674,-0.02002,-9.71096
2009-08-25,78.24,-0.18468,,,,11.02137,-0.01676,-9.71096
2009-08-26,78.66,-0.15793,,,,11.07707,-0.01426,-9.71096
2009-08-27,78.01,-0.17778,,,,11.19006,-0.01589,-9.71096
2009-08-28,78.37,-0.21223,,,,10.79264,-0.01966,-9.71096
2009-08-31,78.17,-0.24552,,,,10.62661,-0.0231,-9.71096
2009-09-01,78.76,-0.27728,,,,10.35769,-0.02677,-10.42692
2009-09-02,78.38,-0.28483,80.02861,-2.08154,-1.04263,10.3984,-0.02739,-10.42692
2009-09-03,78.46,-0.23644,79.78197,-1.67086,-0.83642,9.88476,-0.02392,-10.42692
2009-09-04,78.14,-0.18136,79.48864,-1.7112,-0.85613,9.88653,-0.01834,-10.42692
2009-09-08,77.32,-0.16885,79.31768,-2.55084,-1.27537,9.72185,-0.01737,-10.42692
2009-09-09,77.09,-0.18825,78.9134,-2.33776,-1.16741,9.62135,-0.01957,-10.42692
2009-09-10,76.82,-0.1654,78.75205,-2.48393,-1.23882,9.38413,-0.01763,-10.42692
2009-09-11,76.61,-0.15645,79.13491,-3.24264,-1.61479,9.18495,-0.01703,-10.42692
2009-09-14,76.7,-0.1353,79.11271,-3.09718,-1.53843,8.7997,-0.01538,-10.42692
2009-09-15,76.54,-0.13971,78.97595,-3.13299,-1.55257,8.75739,-0.01595,-10.42692
2009-09-16,76.24,-0.10634,78.67454,-3.14333,-1.55427,8.69901,-0.01222,-10.42692
2009-09-17,76.19,-0.16577,78.55295,-3.05426,-1.50751,8.60528,-0.01926,-10.42692
2009-09-18,76.43,-0.11828,78.72821,-2.96262,-1.45912,8.61351,-0.01373,-10.42692
2009-09-21,76.78,-0.09869,79.05106,-2.91497,-1.43263,8.55712,-0.01153,-10.42692
2009-09-22,76.12,-0.10092,78.59431,-3.19883,-1.56898,8.41905,-0.01199,-10.42692
2009-09-23,76.05,-0.16278,78.82059,-3.57832,-1.75096,8.1833,-0.01989,-10.42692
2009-09-24,76.9,-0.15034,79.53864,-3.37371,-1.64621,8.52586,-0.01763,-10.42692
2009-09-25,76.81,-0.10722,79.74879,-3.75468,-1.8272,8.44522,-0.0127,-10.42692
2009-09-28,77.05,-0.10154,79.513,-3.14659,-1.52628,8.47832,-0.01198,-10.42692
2009-09-29,77.12,-0.1083,79.56855,-3.12562,-1.51301,8.44107,-0.01283,-10.42692
2009-09-30,76.65,-0.15954,79.20222,-3.27547,-1.58237,8.43713,-0.01891,-10.42692
2009-10-01,77.19,-0.24999,79.64282,-3.12819,-1.50785,8.45526,-0.02957,-11.61769
2009-10-02,77.0,-0.20541,79.92615,-3.72977,-1.79391,8.41695,-0.0244,-11.61769
2009-10-05,76.64,-0.20438,79.48892,-3.64985,-1.74991,8.43459,-0.02423,-11.61769
2009-10-06,76.34,-0.19461,79.16233,-3.63036,-1.73539,8.43967,-0.02306,-11.61769
2009-10-07,76.49,-0.23973,78.93031,-3.14053,-1.49681,8.18658,-0.02928,-11.61769
2009-10-08,75.97,-0.2033,78.60633,-3.41137,-1.62265,8.20499,-0.02478,-11.61769
2009-10-09,76.43,-0.22977,78.22551,-2.32206,-1.10218,8.31976,-0.02762,-11.61769
2009-10-12,76.13,-0.2071,78.10157,-2.55678,-1.21231,8.33906,-0.02483,-11.61769
2009-10-13,75.98,-0.24163,77.92522,-2.52795,-1.19702,8.09386,-0.02985,-11.61769
2009-10-14,75.55,-0.21423,77.86928,-3.02368,-1.42975,8.1546,-0.02627,-11.61769
2009-10-15,75.48,-0.24788,77.4599,-2.58926,-1.2219,8.14014,-0.03045,-11.61769
2009-10-16,75.6,-0.26967,76.99151,-1.82388,-0.85948,8.09543,-0.03331,-11.61769
2009-10-19,75.51,-0.24894,76.9792,-1.92701,-0.90747,8.09381,-0.03076,-11.61769
2009-10-20,75.57,-0.26299,76.80581,-1.62209,-0.76329,8.08798,-0.03252,-11.61769
2009-10-21,74.97,-0.23014,77.07164,-2.76474,-1.30043,8.21052,-0.02803,-11.61769
2009-10-22,75.09,-0.25606,76.55288,-1.92944,-0.90627,8.22439,-0.03113,-11.61769
2009-10-23,75.47,-0.20839,77.16346,-2.21907,-1.04198,8.30407,-0.02509,-11.61769
2009-10-26,76.06,-0.18513,77.91852,-2.41413,-1.13237,8.44708,-0.02192,-11.61769
2009-10-27,76.14,-0.19108,77.98459,-2.39375,-1.12168,8.18543,-0.02334,-11.61769
2009-10-28,76.43,-0.21361,78.89229,-3.17083,-1.48418,8.2018,-0.02604,-11.61769
2009-10-29,75.92,-0.24282,77.83677,-2.49338,-1.16474,7.97125,-0.03046,-11.61769
2009-10-30,76.3,-0.29328,79.42109,-4.0091,-1.87154,7.85052,-0.03736,-11.61769
2009-11-02,76.29,-0.25659,79.15237,-3.68328,-1.71543,7.8406,-0.03273,-12.1366
2009-11-03,76.39,-0.23754,78.81953,-3.13091,-1.45414,7.82448,-0.03036,-12.1366
2009-11-04,75.64,-0.28528,78.39596,-3.57872,-1.65888,7.91465,-0.03604,-12.1366
2009-11-05,75.74,-0.29977,77.85202,-2.75034,-1.27177,7.54271,-0.03974,-12.1366
2009-11-06,75.82,-0.33941,77.61179,-2.33572,-1.07867,7.49977,-0.04526,-12.1366
2009-11-09,75.03,-0.27781,77.2582,-2.92651,-1.35062,7.75013,-0.03585,-12.1366
2009-11-10,75.02,-0.28672,77.1562,-2.80772,-1.29453,7.70669,-0.0372,-12.1366
2009-11-11,75.16,-0.29012,77.15367,-2.61799,-1.20605,7.69944,-0.03768,-12.1366
2009-11-12,75.6,-0.31912,77.58251,-2.58858,-1.19239,7.72385,-0.04132,-12.1366
2009-11-13,75.33,-0.29917,77.38629,-2.69311,-1.24018,7.65609,-0.03908,-12.1366
2009-11-16,74.91,-0.3365,76.91398,-2.64001,-1.2142,7.68197,-0.0438,-12.1366
2009-11-17,75.37,-0.33684,76.73759,-1.79824,-0.82641,7.73368,-0.04355,-12.1366
2009-11-18,75.18,-0.3442,76.43685,-1.65797,-0.7617,7.74225,-0.04446,-12.1366
2009-11-19,75.29,-0.36609,76.8402,-2.03806,-0.93618,7.71699,-0.04744,-12.1366
2009-11-20,75.66,-0.39597,76.67959,-1.33858,-0.61494,7.76305,-0.05101,-12.1366
2009-11-23,75.09,-0.39542,76.32668,-1.63352,-0.75059,7.88898,-0.05012,-12.1366
2009-11-24,75.07,-0.41365,76.14601,-1.42317,-0.65359,7.79458,-0.05307,-12.1366
2009-11-25,74.27,-0.44343,75.93714,-2.21989,-1.01918,7.904,-0.0561,-12.1366
2009-11-27,75.0,-0.42326,77.34787,-3.08249,-1.41393,8.11239,-0.05217,-12.1366
2009-11-30,74.88,-0.445,77.13685,-2.96943,-1.35954,8.10576,-0.0549,-12.1366
2009-12-01,74.36,-0.41639,76.33637,-2.62313,-1.19886,8.02744,-0.05187,-12.09251
2009-12-02,74.67,-0.37081,76.25291,-2.09772,-0.95758,8.05031,-0.04606,-12.09251
2009-12-03,74.63,-0.37981,76.61337,-2.62291,-1.19639,8.04226,-0.04723,-12.09251
2009-12-04,75.91,-0.32373,76.37381,-0.60913,-0.27745,8.76521,-0.03693,-12.09251
2009-12-07,75.77,-0.35773,76.67316,-1.18493,-0.53977,8.52762,-0.04195,-12.09251
2009-12-08,76.31,-0.33791,77.28532,-1.27001,-0.57843,8.63754,-0.03912,-12.09251
2009-12-09,76.04,-0.31441,77.24036,-1.56625,-0.71319,8.63811,-0.0364,-12.09251
2009-12-10,76.04,-0.31516,77.1727,-1.47863,-0.67319,8.62227,-0.03655,-12.09251
2009-12-11,76.57,-0.2884,76.9733,-0.52532,-0.23907,8.73399,-0.03302,-12.09251
2009-12-14,76.35,-0.22829,76.92254,-0.74709,-0.34067,8.74298,-0.02611,-12.09251
2009-12-15,76.96,-0.22213,77.03255,-0.09423,-0.04304,8.85064,-0.0251,-12.09251
2009-12-16,77.0,-0.22687,76.58021,0.54667,0.25041,8.84941,-0.02564,-12.09251
2009-12-17,77.69,-0.25729,77.20821,0.62208,0.28594,9.00248,-0.02858,-12.09251
2009-12-18,77.82,-0.20927,77.00156,1.05728,0.48649,8.96468,-0.02334,-12.09251
2009-12-21,78.04,-0.14492,76.77857,1.62959,0.75103,8.79639,-0.01648,-12.09251
2009-12-22,78.25,-0.09588,76.50287,2.25806,1.04215,8.80405,-0.01089,-12.09251
2009-12-23,77.9,-0.08787,76.45815,1.86825,0.86239,8.58626,-0.01023,-12.09251
2009-12-24,77.84,-0.04724,76.40704,1.85805,0.85806,8.58402,-0.0055,-12.09251
2009-12-28,77.63,0.00297,76.63484,1.29022,0.59613,8.58281,0.00035,-12.09251
2009-12-29,77.83,-0.02856,76.59698,1.59693,0.73916,8.59548,-0.00332,-12.09251
2009-12-30,77.91,-0.05284,76.52156,1.79818,0.83338,8.50229,-0.00621,-12.09251
2009-12-31,77.86,0.00974,77.3198,0.69622,0.32323,8.39201,0.00116,-12.09251
2010-01-04,77.53,-0.096,76.36006,1.52051,0.70721,8.422,-0.0114,-11.72731
2010-01-05,77.62,-0.1465,75.96681,2.15287,1.00166,8.3677,-0.01751,-11.72731
2010-01-06,77.49,-0.14247,75.83452,2.15953,1.00389,8.3347,-0.01709,-11.72731
2010-01-07,77.91,-0.10709,75.91497,2.59405,1.2049,8.39191,-0.01276,-11.72731
2010-01-08,77.47,-0.15304,75.4634,2.6243,1.21778,8.35514,-0.01832,-11.72731
2010-01-11,77.0,-0.13787,75.29809,2.23507,1.03564,8.36919,-0.01647,-11.72731
2010-01-12,76.95,-0.16295,75.64958,1.70439,0.78894,8.33026,-0.01956,-11.72731
2010-01-13,76.85,-0.11526,75.66948,1.54806,0.71614,8.32432,-0.01385,-11.72731
2010-01-14,76.73,-0.13483,75.57598,1.51542,0.70069,8.247,-0.01635,-11.72731
2010-01-15,77.32,-0.14985,75.71634,2.09587,0.96862,8.37518,-0.01789,-11.72731
2010-01-19,77.5,-0.14632,75.56751,2.52515,1.16594,8.38079,-0.01746,-11.72731
2010-01-20,78.34,-0.13552,76.14485,2.84208,1.31051,8.62715,-0.01571,-11.72731
2010-01-21,78.32,-0.18622,77.46603,1.09635,0.5047,8.62866,-0.02158,-11.72731
2010-01-22,78.28,-0.16426,79.19035,-1.15624,-0.53214,8.45587,-0.01943,-11.72731
2010-01-25,78.19,-0.16435,78.56556,-0.47917,-0.22063,8.46167,-0.01942,-11.72731
2010-01-26,78.43,-0.14681,78.36416,0.08398,0.03873,8.42894,-0.01742,-11.72731
2010-01-27,78.68,-0.11986,78.04474,0.81067,0.37483,8.31918,-0.01441,-11.72731
2010-01-28,78.9,-0.15901,78.14019,0.96767,0.44831,8.33083,-0.01909,-11.72731
2010-01-29,79.46,-0.20927,78.34479,1.41342,0.65559,8.40781,-0.02489,-11.72731
2010-02-01,79.24,-0.17813,77.64517,2.03319,0.94304,8.30512,-0.02145,-10.80158
2010-02-02,79.01,-0.20263,77.00554,2.56971,1.19104,8.28862,-0.02445,-10.80158
2010-02-03,79.37,-0.19353,77.08465,2.92163,1.35249,8.32561,-0.02325,-10.80158
2010-02-04,79.92,-0.26156,78.62471,1.63401,0.75506,8.41893,-0.03107,-10.80158
2010-02-05,80.44,-0.25768,78.84541,2.00225,0.92472,8.21617,-0.03136,-10.80158
2010-02-08,80.3,-0.19895,79.06162,1.55422,0.7172,8.23377,-0.02416,-10.80158
2010-02-09,79.86,-0.15174,78.87184,1.24509,0.57426,8.33326,-0.01821,-10.80158
2010-02-10,80.03,-0.0796,78.83966,1.49853,0.69096,8.01383,-0.00993,-10.80158
2010-02-11,79.99,-0.1036,78.31194,2.12016,0.97716,8.01632,-0.01292,-10.80158
2010-02-12,80.32,-0.13628,77.86263,3.10725,1.43075,8.03861,-0.01695,-10.80158
2010-02-16,79.7,-0.16235,77.45176,2.86143,1.31489,8.16824,-0.01988,-10.80158
2010-02-17,80.38,-0.07687,77.4434,3.7218,1.70732,8.25934,-0.00931,-10.80158
2010-02-18,80.4,-0.04745,77.04629,4.26078,1.94901,8.15094,-0.00582,-10.80158
2010-02-19,80.64,-0.02564,76.87286,4.78419,2.18024,8.09666,-0.00317,-10.80158
2010-02-22,80.51,-0.06157,76.75981,4.77002,2.16498,8.08225,-0.00762,-10.80158
2010-02-23,80.85,-0.02545,77.47784,4.26036,1.92504,8.10614,-0.00314,-10.80158
2010-02-24,80.85,-0.03718,77.02745,4.84337,2.18194,8.07266,-0.00461,-10.80158
2010-02-25,80.79,-0.04765,77.09209,4.68526,2.1017,7.89,-0.00604,-10.80158
2010-02-26,80.36,-0.0408,76.82565,4.49779,2.01018,7.9918,-0.00511,-10.80158
2010-03-01,80.66,-0.0654,76.74739,4.97234,2.21438,7.63965,-0.00856,-11.2076
2010-03-02,80.52,-0.05457,76.64106,4.93727,2.18954,7.46589,-0.00731,-11.2076
2010-03-03,79.98,-0.06856,76.47636,4.47949,1.97847,7.61108,-0.00901,-11.2076
2010-03-04,80.56,-0.0159,76.64634,4.98004,2.19387,7.5326,-0.00211,-11.2076
2010-03-05,80.43,0.01379,76.14963,5.4687,2.39917,7.53112,0.00183,-11.2076
2010-03-08,80.43,0.01359,76.29979,5.2717,2.29978,7.52692,0.0018,-11.2076
2010-03-09,80.59,0.02106,76.44413,5.28144,2.29271,6.80921,0.00309,-11.2076
2010-03-10,80.45,0.03079,76.72135,4.74558,2.04979,6.80745,0.00452,-11.2076
2010-03-11,80.32,0.05877,76.64277,4.68634,2.01657,6.70992,0.00876,-11.2076
2010-03-12,79.83,0.02902,76.46102,4.31183,1.84801,6.79708,0.00427,-11.2076
2010-03-15,80.25,0.03581,76.77571,4.42585,1.89055,6.85364,0.00523,-11.2076
2010-03-16,79.75,0.01485,76.54864,4.09704,1.74398,6.88508,0.00216,-11.2076
2010-03-17,79.64,0.08841,76.2708,4.32263,1.8345,6.86041,0.01289,-11.2076
2010-03-18,80.22,0.09263,76.2232,5.1107,2.1619,6.8315,0.01356,-11.2076
2010-03-19,80.72,0.12311,76.59551,5.2448,2.20846,6.92112,0.01779,-11.2076
2010-03-22,80.65,0.12463,76.55433,5.21182,2.18407,6.72546,0.01853,-11.2076
2010-03-23,80.9,0.15287,76.44709,5.66149,2.36139,6.74074,0.02268,-11.2076
2010-03-24,81.84,0.1953,77.17592,5.86785,2.43409,7.07471,0.02761,-11.2076
2010-03-25,82.12,0.21503,77.61093,5.64733,2.32899,7.08429,0.03035,-11.2076
2010-03-26,81.68,0.1398,77.20874,5.62965,2.30937,7.11325,0.01965,-11.2076
2010-03-29,81.36,0.15813,77.11007,5.36498,2.18927,7.16847,0.02206,-11.2076
2010-03-30,81.47,0.16982,76.99458,5.64999,2.29472,7.13601,0.0238,-11.2076
2010-03-31,81.07,0.14484,77.05365,5.08111,2.05335,7.21588,0.02007,-11.2076
2010-04-01,80.78,0.16936,77.03894,4.74184,1.90895,7.26477,0.02331,-11.57598
2010-04-05,81.09,0.29936,77.19074,4.92801,1.97825,7.28936,0.04107,-11.57598
2010-04-06,81.39,0.24585,76.72371,5.90416,2.36232,7.2456,0.03393,-11.57598
2010-04-07,81.44,0.17642,76.74679,5.9355,2.36318,7.24523,0.02435,-11.57598
2010-04-08,81.53,0.2317,76.95936,5.76935,2.28526,7.22851,0.03205,-11.57598
2010-04-09,81.09,0.17725,76.68085,5.59075,2.20531,7.2724,0.02437,-11.57598
2010-04-12,80.56,0.15416,76.40799,5.29149,2.07929,7.30598,0.0211,-11.57598
2010-04-13,80.51,0.18405,76.80881,4.70621,1.84381,7.18282,0.02562,-11.57598
2010-04-14,80.19,0.18926,76.51761,4.6878,1.83189,7.23912,0.02614,-11.57598
2010-04-15,80.48,0.16177,76.5296,5.03312,1.96333,7.25183,0.02231,-11.57598
2010-04-16,80.82,0.13279,77.51237,4.17869,1.62754,7.26956,0.01827,-11.57598
2010-04-19,81.0,0.17772,77.39734,4.54967,1.77387,7.14199,0.02488,-11.57598
2010-04-20,81.05,0.19546,76.78066,5.41135,2.11342,7.13472,0.0274,-11.57598
2010-04-21,81.16,0.17407,76.94243,5.33651,2.08002,6.83687,0.02546,-11.57598
2010-04-22,81.57,0.19133,77.093,5.6449,2.19716,6.89293,0.02776,-11.57598
2010-04-23,81.35,0.22074,77.19978,5.23642,2.03032,6.92171,0.03189,-11.57598
2010-04-26,81.48,0.18157,77.4631,5.05559,1.9549,6.91511,0.02626,-11.57598
2010-04-27,82.15,0.13213,79.19581,3.66234,1.41314,7.06211,0.01871,-11.57598
2010-04-28,82.38,0.13081,78.64966,4.63394,1.78859,7.05708,0.01854,-11.57598
2010-04-29,82.0,0.1256,77.70548,5.37935,2.07414,7.1245,0.01763,-11.57598
2010-04-30,81.87,0.12881,78.93334,3.6529,1.40489,7.01498,0.01836,-11.57598
2010-05-03,82.27,0.15183,78.34631,4.88676,1.8787,7.03779,0.02157,-8.81322
2010-05-04,83.3,0.14219,79.4925,4.67859,1.79421,7.3881,0.01925,-8.81322
2010-05-05,84.08,0.1581,80.25156,4.66026,1.78362,7.54548,0.02095,-8.81322
2010-05-06,84.89,0.07663,82.12577,3.31045,1.26413,7.65036,0.01002,-8.81322
2010-05-07,84.45,0.2051,84.41439,0.04218,0.01609,7.66404,0.02676,-8.81322
2010-05-10,84.16,0.18409,81.61349,3.07252,1.17313,7.69414,0.02393,-8.81322
2010-05-11,84.47,0.15695,81.38764,3.7173,1.41842,7.61001,0.02062,-8.81322
2010-05-12,84.83,0.20728,80.81916,4.84352,1.84559,7.63588,0.02715,-8.81322
2010-05-13,85.21,0.186,81.16724,4.8607,1.84794,7.66284,0.02427,-8.81322
2010-05-14,86.1,0.15117,82.41828,4.37021,1.65765,7.86646,0.01922,-8.81322
2010-05-17,86.21,0.12279,82.37808,4.54668,1.72102,7.658,0.01603,-8.81322
2010-05-18,87.16,0.0268,82.71498,5.23448,1.9773,7.76785,0.00345,-8.81322
2010-05-19,86.39,0.07858,83.42644,3.49067,1.31467,8.02727,0.00979,-8.81322
2010-05-20,85.57,0.06918,85.61188,-0.04893,-0.01841,8.29653,0.00834,-8.81322
2010-05-21,85.37,0.06267,84.51296,1.00899,0.37983,8.30689,0.00754,-8.81322
2010-05-24,86.21,0.07676,84.24502,2.30567,0.86867,8.4698,0.00906,-8.81322
2010-05-25,86.78,0.1076,83.68725,3.62895,1.36682,8.53984,0.0126,-8.81322
2010-05-26,87.12,0.07282,83.54809,4.18641,1.5746,8.54921,0.00852,-8.81322
2010-05-27,86.18,0.09083,82.199,4.7295,1.77488,8.78816,0.01034,-8.81322
2010-05-28,86.48,0.266,83.65028,3.32685,1.24474,8.78526,0.03028,-8.81322
2010-06-01,86.64,0.30024,84.76234,2.19102,0.8187,8.76735,0.03425,-8.04465
2010-06-02,86.79,0.33374,83.5422,3.81395,1.42489,8.61986,0.03872,-8.04465
2010-06-03,87.14,0.30857,83.20862,4.61651,1.7213,8.5539,0.03607,-8.04465
2010-06-04,88.23,0.2266,84.61467,4.18394,1.5555,8.82008,0.02569,-8.04465
2010-06-07,88.4,0.23836,84.99551,3.92735,1.45666,8.81545,0.02704,-8.04465
2010-06-08,88.39,0.24725,84.40369,4.61477,1.7081,8.82073,0.02803,-8.04465
2010-06-09,87.9,0.26087,84.54474,3.8919,1.4365,8.9098,0.02928,-8.04465
2010-06-10,87.17,0.29679,83.77456,3.97308,1.4635,9.10187,0.03261,-8.04465
2010-06-11,87.51,0.28354,83.28253,4.95143,1.8201,8.98978,0.03154,-8.04465
2010-06-14,86.51,0.28296,83.23367,3.86081,1.4146,9.32036,0.03036,-8.04465
2010-06-15,85.98,0.27509,82.32503,4.34396,1.58858,9.31698,0.02953,-8.04465
2010-06-16,86.08,0.24279,82.15067,4.67221,1.70558,9.3023,0.0261,-8.04465
2010-06-17,85.69,0.1948,81.63366,4.84945,1.76578,9.2911,0.02097,-8.04465
2010-06-18,85.7,0.18362,81.23586,5.3496,1.94268,9.23314,0.01989,-8.04465
2010-06-21,85.93,0.14868,81.40684,5.40737,1.95669,9.23201,0.01611,-8.04465
2010-06-22,86.11,0.12927,82.1114,4.75487,1.71408,9.22497,0.01401,-8.04465
2010-06-23,85.74,0.07465,81.87593,4.61144,1.65756,9.03019,0.00827,-8.04465
2010-06-24,85.73,0.11302,82.99944,3.2369,1.16035,9.01525,0.01254,-8.04465
2010-06-25,85.31,0.06875,82.35416,3.52626,1.26244,9.00313,0.00764,-8.04465
2010-06-28,85.65,0.03718,82.37642,3.897,1.39298,8.97716,0.00414,-8.04465
2010-06-29,86.03,0.05737,84.09152,2.27903,0.8132,9.00564,0.00637,-8.04465
2010-06-30,86.02,0.02649,84.07461,2.28752,0.81582,8.93112,0.00297,-8.04465
2010-07-01,84.72,0.02018,83.68731,1.22644,0.43715,9.45893,0.00213,-9.51622
2010-07-02,84.43,0.0208,82.91323,1.81282,0.64626,9.47444,0.0022,-9.51622
2010-07-06,84.08,0.01087,82.73029,1.61829,0.57677,9.50163,0.00114,-9.51622
2010-07-07,83.82,0.03585,81.88473,2.33592,0.83316,9.52903,0.00376,-9.51622
2010-07-08,83.82,-0.01778,81.16452,3.21934,1.1476,9.52854,-0.00187,-9.51622
2010-07-09,83.95,-0.03853,80.77374,3.85695,1.37309,9.45624,-0.00407,-9.51622
2010-07-12,84.2,0.01306,80.89578,4.00332,1.42258,9.35667,0.0014,-9.51622
2010-07-13,83.64,0.028,80.96761,3.24726,1.15182,9.46905,0.00296,-9.51622
2010-07-14,83.43,-0.06342,80.60001,3.45092,1.22265,9.44465,-0.00671,-9.51622
2010-07-15,82.56,-0.096,80.52268,2.49864,0.88396,9.68144,-0.00992,-9.51622
2010-07-16,82.49,-0.08723,81.01791,1.80068,0.63656,9.65336,-0.00904,-9.51622
2010-07-19,82.51,-0.13151,80.67177,2.25309,0.79618,9.64564,-0.01363,-9.51622
2010-07-20,82.75,-0.09295,80.11904,3.23105,1.14105,9.6596,-0.00962,-9.51622
2010-07-21,83.39,-0.09132,80.79642,3.15957,1.11436,9.76983,-0.00935,-9.51622
2010-07-22,82.6,-0.06082,80.53003,2.53796,0.89412,9.92334,-0.00613,-9.51622
2010-07-23,82.46,-0.07537,80.02754,2.99425,1.05424,9.91344,-0.0076,-9.51622
2010-07-26,82.09,-0.09614,79.62928,3.04343,1.07047,9.95376,-0.00966,-9.51622
2010-07-27,82.18,-0.12251,79.71537,3.04496,1.06979,9.82019,-0.01248,-9.51622
2010-07-28,82.18,-0.13773,80.0514,2.62431,0.92118,9.80381,-0.01405,-9.51622
2010-07-29,81.64,-0.16317,79.83177,2.23977,0.78573,9.84905,-0.01657,-9.51622
2010-07-30,81.54,-0.17648,79.50856,2.5229,0.88458,9.84705,-0.01792,-9.51622
2010-08-02,80.94,-0.18264,78.82237,2.65113,0.9292,9.90228,-0.01844,-10.32597
2010-08-03,80.6,-0.1522,79.19882,1.75372,0.61417,9.58928,-0.01587,-10.32597
2010-08-04,80.89,-0.12096,79.21816,2.08847,0.73127,9.41717,-0.01284,-10.32597
2010-08-05,80.82,-0.15662,79.0005,2.27703,0.79687,9.18614,-0.01705,-10.32597
2010-08-06,80.41,-0.18844,78.72561,2.11701,0.74046,9.184,-0.02052,-10.32597
2010-08-09,80.71,-0.12717,79.208,1.87852,0.65684,9.21133,-0.01381,-10.32597
2010-08-10,80.8,-0.14095,79.27544,1.90487,0.66703,9.17644,-0.01536,-10.32597
2010-08-11,82.29,-0.05164,80.98332,1.60063,0.56134,9.88533,-0.00522,-10.32597
2010-08-12,82.64,-0.02191,81.32972,1.59823,0.56151,9.88084,-0.00222,-10.32597
2010-08-13,82.95,-0.03034,81.48356,1.78367,0.62704,9.67065,-0.00314,-10.32597
2010-08-16,82.53,-0.04647,81.35907,1.42896,0.50283,9.70417,-0.00479,-10.32597
2010-08-17,82.23,-0.05498,80.6209,1.97624,0.696,9.42702,-0.00583,-10.32597
2010-08-18,82.22,-0.04606,80.78435,1.76153,0.62047,9.28854,-0.00496,-10.32597
2010-08-19,82.45,-0.0634,81.39955,1.28223,0.45159,9.14255,-0.00693,-10.32597
2010-08-20,83.06,-0.0409,81.20011,2.26467,0.79763,9.27236,-0.00441,-10.32597
2010-08-23,83.12,-0.04676,81.24911,2.27655,0.80162,9.0403,-0.00517,-10.32597
2010-08-24,83.15,0.0109,82.2302,1.11235,0.39171,8.92462,0.00122,-10.32597
2010-08-25,83.26,0.01905,81.99127,1.53554,0.54122,8.88545,0.00214,-10.32597
2010-08-26,82.93,-0.01909,82.00242,1.12482,0.39645,8.67067,-0.0022,-10.32597
2010-08-27,82.92,0.02472,81.14953,2.15827,0.76069,8.63155,0.00286,-10.32597
2010-08-30,83.16,-0.01918,81.93533,1.48362,0.52278,8.64639,-0.00222,-10.32597
2010-08-31,83.2,-0.05289,81.37411,2.21901,0.782,8.63602,-0.00612,-10.32597
2010-09-01,82.52,-0.04211,80.59245,2.36357,0.83443,8.71187,-0.00483,-11.25929
2010-09-02,82.46,-0.03977,80.31565,2.63488,0.93325,8.28255,-0.0048,-11.25929
2010-09-03,83.1,-0.04539,79.48824,4.44356,1.57978,8.44775,-0.00537,-11.25929
2010-09-07,82.82,-0.03539,80.57598,2.74689,0.97804,8.45931,-0.00418,-11.25929
2010-09-08,82.59,-0.04467,80.29028,2.824,1.00992,8.41704,-0.00531,-11.25929
2010-09-09,82.67,-0.03315,80.18409,3.05317,1.09745,8.29158,-0.004,-11.25929
2010-09-10,82.7,-0.05317,79.69319,3.70354,1.33746,8.23955,-0.00645,-11.25929
2010-09-13,81.91,-0.12231,78.89669,3.74819,1.35974,8.14873,-0.01501,-11.25929
2010-09-14,81.08,-0.13634,78.9431,2.6709,0.97544,8.29383,-0.01644,-11.25929
2010-09-15,81.49,-0.15982,79.02277,3.07442,1.12883,8.36965,-0.0191,-11.25929
2010-09-16,81.24,-0.23066,78.37899,3.58518,1.3268,8.3486,-0.02763,-11.25929
2010-09-17,81.4,-0.20014,78.67819,3.40093,1.27,8.36546,-0.02392,-11.25929
2010-09-20,81.34,-0.2325,78.17174,3.97297,1.49096,8.33526,-0.02789,-11.25929
2010-09-21,80.44,-0.27591,78.2574,2.75082,1.03701,8.56044,-0.03223,-11.25929
2010-09-22,79.83,-0.24276,78.54608,1.6214,0.61392,8.63627,-0.02811,-11.25929
2010-09-23,80.01,-0.1824,79.53599,0.5942,0.22607,8.66057,-0.02106,-11.25929
2010-09-24,79.39,-0.19557,78.42232,1.22639,0.46942,8.73063,-0.0224,-11.25929
2010-09-27,79.34,-0.20599,78.71641,0.78908,0.3028,8.66924,-0.02376,-11.25929
2010-09-28,79.01,-0.28103,78.16088,1.08052,0.41518,8.61214,-0.03263,-11.25929
2010-09-29,78.69,-0.25693,78.53212,0.20084,0.07723,8.62524,-0.02979,-11.25929
2010-09-30,78.72,-0.32586,78.11458,0.77205,0.29732,8.16161,-0.03993,-11.25929
2010-10-01,78.09,-0.34904,77.32728,0.98152,0.3786,8.26487,-0.04223,-13.93194
2010-10-04,78.45,-0.3157,78.026,0.54194,0.20919,8.32459,-0.03792,-13.93194
2010-10-05,77.75,-0.30434,77.25325,0.64095,0.24749,8.46329,-0.03596,-13.93194
2010-10-06,77.39,-0.31118,77.04079,0.45225,0.17485,8.48756,-0.03666,-13.93194
2010-10-07,77.39,-0.34782,76.80836,0.75441,0.29257,8.47231,-0.04105,-13.93194
2010-10-08,77.32,-0.36338,76.2023,1.4561,0.56713,8.42834,-0.04311,-13.93194
2010-10-11,77.44,-0.34882,75.44274,2.61295,1.02011,8.37769,-0.04164,-13.93194
2010-10-12,77.36,-0.30637,75.75848,2.09195,0.81807,8.37365,-0.03659,-13.93194
2010-10-13,77.07,-0.31596,75.68988,1.80696,0.70674,8.17627,-0.03864,-13.93194
2010-10-14,76.65,-0.31401,76.12805,0.68328,0.26716,8.22267,-0.03819,-13.93194
2010-10-15,77.04,-0.34139,75.61524,1.86669,0.73019,8.31262,-0.04107,-13.93194
2010-10-18,76.93,-0.38942,75.19211,2.28496,0.89366,8.27309,-0.04707,-13.93194
2010-10-19,78.18,-0.42318,75.84128,3.03711,1.18717,8.79412,-0.04812,-13.93194
2010-10-20,77.17,-0.47347,74.96359,2.90082,1.1325,8.95703,-0.05286,-13.93194
2010-10-21,77.42,-0.47233,74.84946,3.37663,1.31699,8.99742,-0.0525,-13.93194
2010-10-22,77.47,-0.51805,74.25402,4.23989,1.65121,8.97496,-0.05772,-13.93194
2010-10-25,77.1,-0.47844,75.11591,2.60709,1.01491,8.99837,-0.05317,-13.93194
2010-10-26,77.71,-0.49196,75.21079,3.26892,1.27129,9.1708,-0.05364,-13.93194
2010-10-27,78.15,-0.50782,75.35285,3.64484,1.41638,9.188,-0.05527,-13.93194
2010-10-28,77.31,-0.52718,75.31232,2.61795,1.01533,9.40775,-0.05604,-13.93194
2010-10-29,77.27,-0.53723,75.43097,2.40878,0.93326,9.3135,-0.05768,-13.93194
2010-11-01,77.3,-0.53577,75.69664,2.09602,0.81178,9.28918,-0.05768,-13.79798
2010-11-02,76.72,-0.53549,75.59068,1.48294,0.57443,9.34828,-0.05728,-13.79798
2010-11-03,76.48,-0.51903,74.76017,2.27441,0.88088,9.35952,-0.05545,-13.79798
2010-11-04,75.88,-0.51933,74.21961,2.21246,0.85736,9.42693,-0.05509,-13.79798
2010-11-05,76.55,-0.44579,74.63601,2.5321,0.98128,9.5816,-0.04653,-13.79798
2010-11-08,77.03,-0.41854,74.86339,2.85299,1.10462,9.67876,-0.04324,-13.79798
2010-11-09,77.44,-0.36719,75.65674,2.3297,0.90217,8.96354,-0.04096,-13.79798
2010-11-10,77.63,-0.39318,75.13349,3.26875,1.26714,8.92829,-0.04404,-13.79798
2010-11-11,78.22,-0.38016,75.33821,3.75379,1.45362,9.0429,-0.04204,-13.79798
2010-11-12,78.08,-0.35013,76.61927,1.88854,0.73017,9.0055,-0.03888,-13.79798
2010-11-15,78.52,-0.36322,76.32052,2.84115,1.0989,9.08023,-0.04,-13.79798
2010-11-16,79.21,-0.37052,77.4043,2.30603,0.89165,9.27572,-0.03995,-13.79798
2010-11-17,79.08,-0.38461,77.00051,2.6648,1.03097,9.25231,-0.04157,-13.79798
2010-11-18,78.62,-0.39233,75.4977,4.05239,1.56768,9.16278,-0.04282,-13.79798
2010-11-19,78.5,-0.40504,75.11256,4.41108,1.70385,9.15792,-0.04423,-13.79798
2010-11-22,78.68,-0.39983,75.36418,4.30569,1.65886,9.17689,-0.04357,-13.79798
2010-11-23,79.68,-0.37359,76.66105,3.86249,1.48421,9.55779,-0.03909,-13.79798
2010-11-24,79.87,-0.3021,76.60095,4.17909,1.60357,9.5538,-0.03162,-13.79798
2010-11-26,80.36,-0.34082,77.50489,3.61755,1.38496,9.6474,-0.03533,-13.79798
2010-11-29,80.84,-0.31862,77.32995,4.43905,1.69638,9.71042,-0.03281,-13.79798
2010-11-30,81.2,-0.37589,77.80435,4.27179,1.62861,9.75807,-0.03852,-13.79798
2010-12-01,80.71,-0.30282,77.37756,4.21656,1.60357,9.69722,-0.03123,-13.11207
2010-12-02,80.3,-0.24972,76.83986,4.40461,1.67086,9.74329,-0.02563,-13.11207
2010-12-03,79.38,-0.31498,75.7178,4.72332,1.78924,9.84889,-0.03198,-13.11207
2010-12-06,79.57,-0.34432,75.53507,5.20401,1.97083,9.85338,-0.03494,-13.11207
2010-12-07,79.86,-0.24692,76.2314,4.65017,1.75601,9.88017,-0.02499,-13.11207
2010-12-08,80.0,-0.21733,76.36621,4.64863,1.75282,9.88625,-0.02198,-13.11207
2010-12-09,80.07,-0.25212,75.90418,5.34295,2.01359,9.88864,-0.0255,-13.11207
2010-12-10,80.07,-0.27114,75.99911,5.21796,1.96149,9.715,-0.02791,-13.11207
2010-12-13,79.28,-0.31428,75.68063,4.64636,1.7443,9.70407,-0.03239,-13.11207
2010-12-14,79.37,-0.25485,76.15312,4.13745,1.55101,9.64698,-0.02642,-13.11207
2010-12-15,80.26,-0.23871,76.39777,4.93179,1.85197,9.90392,-0.0241,-13.11207
2010-12-16,80.18,-0.27206,75.94498,5.4265,2.03963,9.89538,-0.02749,-13.11207
2010-12-17,80.37,-0.31098,75.08357,6.80393,2.55433,9.90851,-0.03138,-13.11207
2010-12-20,80.63,-0.28084,75.44234,6.65021,2.48744,9.67782,-0.02902,-13.11207
2010-12-21,80.72,-0.28105,75.50182,6.68296,2.48689,9.55405,-0.02942,-13.11207
2010-12-22,80.73,-0.21048,75.55039,6.63104,2.45424,9.54472,-0.02205,-13.11207
2010-12-23,80.5,-0.16304,76.40129,5.22576,1.92336,9.4287,-0.01729,-13.11207
2010-12-27,80.37,-0.13631,77.17571,4.05562,1.48727,9.43437,-0.01445,-13.11207
2010-12-28,80.36,-0.04022,77.81982,3.21204,1.17565,9.39277,-0.00428,-13.11207
2010-12-29,79.8,-0.16161,76.84821,3.76913,1.37769,9.46578,-0.01707,-13.11207
2010-12-30,79.52,-0.11918,77.32153,2.80361,1.02292,9.49515,-0.01255,-13.11207
2010-12-31,79.03,-0.16635,77.02376,2.57135,0.93735,9.43716,-0.01763,-13.11207
2011-01-03,79.13,-0.14529,77.1246,2.56698,0.93506,9.39731,-0.01546,-13.7781
2011-01-04,79.44,-0.13703,77.14811,2.9275,1.06548,9.24204,-0.01483,-13.7781
2011-01-05,80.26,-0.08243,77.3283,3.72114,1.35291,9.39517,-0.00877,-13.7781
2011-01-06,80.79,-0.14042,77.13362,4.63139,1.68183,9.47063,-0.01483,-13.7781
2011-01-07,81.01,-0.19863,76.66713,5.50995,1.99612,9.47367,-0.02097,-13.7781
2011-01-10,80.88,-0.20238,76.75889,5.22974,1.89057,9.48373,-0.02134,-13.7781
2011-01-11,80.85,-0.18941,76.53257,5.48792,1.98199,9.47976,-0.01998,-13.7781
2011-01-12,80.03,-0.2462,75.84881,5.36596,1.93095,9.68793,-0.02541,-13.7781
2011-01-13,79.19,-0.34508,75.25483,5.097,1.82744,9.86905,-0.03497,-13.7781
2011-01-14,79.16,-0.39255,74.53941,6.01431,2.14976,9.82687,-0.03995,-13.7781
2011-01-18,78.96,-0.44257,74.4596,5.86847,2.08847,9.8378,-0.04499,-13.7781
2011-01-19,78.64,-0.41611,75.34397,4.28166,1.51898,9.34392,-0.04453,-13.7781
2011-01-20,78.82,-0.43859,75.56064,4.22313,1.49571,8.96563,-0.04892,-13.7781
2011-01-21,78.21,-0.49408,75.39896,3.6604,1.29418,9.09027,-0.05435,-13.7781
2011-01-24,78.05,-0.46996,75.28414,3.60803,1.27504,9.10039,-0.05164,-13.7781
2011-01-25,78.0,-0.49698,75.13573,3.74127,1.3215,9.04716,-0.05493,-13.7781
2011-01-26,77.9,-0.53099,74.47835,4.49174,1.58721,8.91498,-0.05956,-13.7781
2011-01-27,77.73,-0.57386,74.03426,4.87134,1.71976,8.85213,-0.06483,-13.7781
2011-01-28,78.13,-0.70075,74.81603,4.33418,1.52721,8.63893,-0.08111,-13.7781
2011-01-31,77.74,-0.64426,75.06735,3.49842,1.23184,8.69978,-0.07405,-13.7781
2011-02-01,77.07,-0.61272,74.56854,3.29954,1.16237,8.87374,-0.06905,-14.30708
2011-02-02,77.16,-0.56324,74.8054,3.09912,1.09285,8.74515,-0.06441,-14.30708
2011-02-03,77.75,-0.49519,75.03436,3.55524,1.25409,8.84778,-0.05597,-14.30708
2011-02-04,78.04,-0.45606,74.9889,3.98814,1.40676,8.71733,-0.05232,-14.30708
2011-02-07,78.03,-0.44258,75.29768,3.5644,1.25691,8.5512,-0.05176,-14.30708
2011-02-08,78.0,-0.38665,75.47624,3.28909,1.15867,8.4662,-0.04567,-14.30708
2011-02-09,77.64,-0.459,75.07343,3.3616,1.18399,8.45563,-0.05428,-14.30708
2011-02-10,78.25,-0.43197,75.40326,3.70584,1.30471,8.58525,-0.05032,-14.30708
2011-02-11,78.46,-0.40026,75.45575,3.90425,1.37295,8.46777,-0.04727,-14.30708
2011-02-14,78.61,-0.38604,75.72468,3.73948,1.31276,8.46744,-0.04559,-14.30708
2011-02-15,78.57,-0.42391,75.72823,3.68389,1.29212,8.39368,-0.0505,-14.30708
2011-02-16,78.22,-0.37529,76.27238,2.52145,0.8837,8.2493,-0.04549,-14.30708
2011-02-17,78.0,-0.40395,76.0682,2.50785,0.8804,8.26098,-0.0489,-14.30708
2011-02-18,77.66,-0.4532,75.71413,2.53755,0.89108,8.22561,-0.0551,-14.30708
2011-02-22,77.77,-0.52811,77.25516,0.6642,0.23343,8.22729,-0.06419,-14.30708
2011-02-23,77.41,-0.53501,77.8594,-0.57887,-0.20375,8.26048,-0.06477,-14.30708
2011-02-24,77.06,-0.52837,77.60736,-0.70779,-0.24958,7.87634,-0.06708,-14.30708
2011-02-25,77.28,-0.55253,76.59838,0.88592,0.3126,7.88394,-0.07008,-14.30708
2011-02-28,76.89,-0.57976,76.07765,1.06212,0.37509,7.81797,-0.07416,-14.30708
2011-03-01,77.05,-0.62341,77.02529,0.03208,0.01134,7.72167,-0.08074,-14.49058
2011-03-02,76.67,-0.58311,77.21799,-0.7122,-0.25215,7.69265,-0.0758,-14.49058
2011-03-03,76.48,-0.63482,75.97918,0.657,0.23309,7.62852,-0.08322,-14.49058
2011-03-04,76.4,-0.7561,75.46152,1.23599,0.4396,7.57991,-0.09975,-14.49058
2011-03-07,76.5,-0.74312,76.24561,0.33309,0.11883,7.2695,-0.10222,-14.49058
2011-03-08,76.8,-0.69069,76.23635,0.73663,0.26365,7.30117,-0.0946,-14.49058
2011-03-09,76.72,-0.72254,76.29256,0.5587,0.20052,7.25157,-0.09964,-14.49058
2011-03-10,77.28,-0.74638,76.80962,0.61053,0.22,7.40786,-0.10075,-14.49058
2011-03-11,76.78,-0.72616,76.24176,0.70348,0.25437,7.49627,-0.09687,-14.49058
2011-03-14,76.35,-0.7375,76.61223,-0.34288,-0.12454,7.55988,-0.09755,-14.49058
2011-03-15,76.33,-0.656,78.19879,-2.41881,-0.88414,7.32741,-0.08953,-14.49058
2011-03-16,76.68,-0.6801,79.65431,-3.80552,-1.39802,7.39256,-0.092,-14.49058
2011-03-17,76.04,-0.70379,78.60617,-3.31907,-1.22359,7.16493,-0.09823,-14.49058
2011-03-18,75.72,-0.72125,77.77496,-2.67772,-0.99139,7.19635,-0.10022,-14.49058
2011-03-21,75.4,-0.73303,76.34929,-1.25114,-0.46463,7.19536,-0.10188,-14.49058
2011-03-22,75.43,-0.72571,76.27419,-1.11295,-0.41512,7.14963,-0.1015,-14.49058
2011-03-23,75.79,-0.70254,76.02656,-0.31164,-0.11673,7.23139,-0.09715,-14.49058
2011-03-24,75.66,-0.67624,75.73778,-0.10274,-0.03851,7.22913,-0.09354,-14.49058
2011-03-25,76.22,-0.62525,76.05878,0.21174,0.07941,7.41136,-0.08436,-14.49058
2011-03-28,76.13,-0.63514,76.59112,-0.60388,-0.22654,7.41008,-0.08571,-14.49058
2011-03-29,76.25,-0.6397,76.03889,0.27725,0.10411,7.42472,-0.08616,-14.49058
2011-03-30,76.12,-0.65674,75.75119,0.4857,0.18258,7.32102,-0.08971,-14.49058
2011-03-31,75.86,-0.6744,75.71551,0.19065,0.07185,7.3196,-0.09214,-14.49058
2011-04-01,75.83,-0.70527,75.40751,0.55871,0.21121,7.23604,-0.09747,-15.40173
2011-04-04,75.91,-0.72721,75.39198,0.68476,0.25987,7.2339,-0.10053,-15.40173
2011-04-05,75.88,-0.65178,75.90624,-0.03458,-0.01318,7.17436,-0.09085,-15.40173
2011-04-06,75.51,-0.66098,75.7256,-0.28512,-0.10913,6.86376,-0.0963,-15.40173
2011-04-07,75.59,-0.70886,75.48059,0.14484,0.05561,6.70385,-0.10574,-15.40173
2011-04-08,75.07,-0.74748,75.64622,-0.76465,-0.29457,6.75959,-0.11058,-15.40173
2011-04-11,75.06,-0.72353,75.21428,-0.20533,-0.07948,6.76249,-0.10699,-15.40173
2011-04-12,74.85,-0.76279,75.03429,-0.24591,-0.09588,6.76806,-0.1127,-15.40173
2011-04-13,74.98,-0.80666,74.71142,0.35885,0.14101,6.5422,-0.1233,-15.40173
2011-04-14,74.68,-0.75996,74.81091,-0.17514,-0.06949,6.28101,-0.12099,-15.40173
2011-04-15,74.83,-0.83345,73.87745,1.28113,0.51266,6.30759,-0.13213,-15.40173
2011-04-18,75.5,-0.796,74.82736,0.89491,0.3613,6.59555,-0.12069,-15.40173
2011-04-19,75.03,-0.83859,74.0319,1.33919,0.5466,6.65482,-0.12601,-15.40173
2011-04-20,74.37,-0.83813,73.74189,0.84816,0.35045,6.81857,-0.12292,-15.40173
2011-04-21,74.0,-0.82011,73.88891,0.15023,0.06309,6.72712,-0.12191,-15.40173
2011-04-25,73.99,-0.83111,74.2874,-0.40115,-0.17141,6.72448,-0.1236,-15.40173
2011-04-26,73.84,-0.83922,74.20541,-0.49366,-0.21494,6.72847,-0.12473,-15.40173
2011-04-27,73.52,-0.87007,73.88771,-0.49891,-0.21994,6.76385,-0.12863,-15.40173
2011-04-28,73.12,-0.89272,73.36998,-0.34129,-0.15196,6.82014,-0.1309,-15.40173
2011-04-29,72.93,-0.91489,73.29335,-0.49699,-0.22375,6.71341,-0.13628,-15.40173
2011-05-02,72.95,-0.92409,73.69839,-1.02067,-0.46412,6.6713,-0.13852,-15.01785
2011-05-03,73.14,-0.937,73.6899,-0.74904,-0.34411,6.52518,-0.1436,-15.01785
2011-05-04,73.03,-1.01071,73.05609,-0.03571,-0.01649,6.5138,-0.15516,-15.01785
2011-05-05,74.19,-0.92905,73.5165,0.91196,0.42402,7.12043,-0.13048,-15.01785
2011-05-06,74.84,-0.92753,73.46878,1.84919,0.86717,7.31548,-0.12679,-15.01785
2011-05-09,74.74,-0.88989,73.89715,1.13412,0.53512,7.31587,-0.12164,-15.01785
2011-05-10,74.61,-0.87003,73.74127,1.17119,0.55748,7.31864,-0.11888,-15.01785
2011-05-11,75.33,-0.90734,73.40932,2.58276,1.24288,7.55823,-0.12005,-15.01785
2011-05-12,75.24,-0.86558,73.52239,2.3093,1.11914,7.36827,-0.11747,-15.01785
2011-05-13,75.76,-0.88135,73.85883,2.54149,1.24263,7.49194,-0.11764,-15.01785
2011-05-16,75.47,-0.92963,73.72206,2.34332,1.15481,7.50318,-0.1239,-15.01785
2011-05-17,75.4,-0.91369,73.41215,2.67178,1.32084,7.50334,-0.12177,-15.01785
2011-05-18,75.47,-0.88821,73.39174,2.79238,1.38116,7.46945,-0.11891,-15.01785
2011-05-19,75.12,-0.95532,72.37485,3.7228,1.84593,7.50078,-0.12736,-15.01785
2011-05-20,75.43,-0.90775,73.70918,2.30777,1.14517,7.51937,-0.12072,-15.01785
2011-05-23,76.1,-0.86763,74.22471,2.49511,1.24093,7.73833,-0.11212,-15.01785
2011-05-24,75.88,-0.86424,74.33809,2.05296,1.02431,7.70677,-0.11214,-15.01785
2011-05-25,75.93,-0.84044,74.5461,1.83941,0.91726,7.66117,-0.1097,-15.01785
2011-05-26,75.55,-0.88554,73.73205,2.43572,1.21364,7.69392,-0.1151,-15.01785
2011-05-27,74.95,-0.85838,73.98769,1.29224,0.64365,7.78778,-0.11022,-15.01785
2011-05-31,74.64,-0.92222,73.28307,1.83469,0.91469,7.80653,-0.11813,-15.01785
2011-06-01,74.68,-0.9183,74.20624,0.63641,0.31706,7.75663,-0.11839,-14.83065
2011-06-02,74.33,-0.91102,74.30762,0.03011,0.015,7.79318,-0.1169,-14.83065
2011-06-03,73.78,-0.95024,73.88218,-0.13841,-0.06895,7.91645,-0.12003,-14.83065
2011-06-06,73.95,-0.96809,73.76019,0.257,0.12804,7.92843,-0.1221,-14.83065
2011-06-07,73.52,-1.03528,73.14128,0.51645,0.25733,7.94557,-0.1303,-14.83065
2011-06-08,73.93,-1.02335,73.60814,0.43631,0.21739,8.04293,-0.12724,-14.83065
2011-06-09,74.19,-0.94203,74.24749,-0.07745,-0.0386,7.92786,-0.11882,-14.83065
2011-06-10,74.79,-0.93237,74.65298,0.18338,0.0914,8.02526,-0.11618,-14.83065
2011-06-13,74.51,-0.92798,74.97845,-0.62673,-0.31238,7.98471,-0.11622,-14.83065
2011-06-14,74.33,-0.90716,74.82794,-0.66767,-0.3328,7.99498,-0.11347,-14.83065
2011-06-15,75.6,-0.95486,75.03858,0.74538,0.37149,8.66371,-0.11021,-14.83065
2011-06-16,75.75,-0.90259,75.72024,0.03929,0.01958,8.5138,-0.10602,-14.83065
2011-06-17,74.99,-0.92857,75.11875,-0.17154,-0.08549,8.70883,-0.10662,-14.83065
2011-06-20,75.03,-0.94212,74.2673,1.02173,0.50921,8.67013,-0.10866,-14.83065
2011-06-21,74.54,-0.91988,74.06843,0.63465,0.31624,8.76552,-0.10494,-14.83065
2011-06-22,74.78,-0.91374,74.32717,0.60739,0.30263,8.73543,-0.1046,-14.83065
2011-06-23,75.45,-0.86993,74.37882,1.42989,0.71238,8.91812,-0.09755,-14.83065
2011-06-24,75.67,-0.87009,74.74325,1.23229,0.6138,8.81126,-0.09875,-14.83065
2011-06-27,75.39,-0.81169,75.28057,0.14525,0.07234,8.83812,-0.09184,-14.83065
2011-06-28,75.06,-0.80742,75.15431,-0.12556,-0.06256,8.87106,-0.09102,-14.83065
2011-06-29,74.69,-0.84527,74.44568,0.32765,0.16339,8.91613,-0.0948,-14.83065
2011-06-30,74.3,-0.90631,73.54912,1.01575,0.50684,8.94925,-0.10127,-14.83065
2011-07-01,74.35,-0.89608,73.34372,1.36267,0.68163,8.95148,-0.1001,-15.17684
2011-07-05,74.69,-0.95969,72.77778,2.59356,1.29846,9.00062,-0.10662,-15.17684
2011-07-06,75.12,-0.92065,73.4795,2.20805,1.10659,9.08011,-0.10139,-15.17684
2011-07-07,74.96,-0.8792,74.24716,0.95551,0.48009,9.03841,-0.09727,-15.17684
2011-07-08,75.18,-0.89771,74.04214,1.52509,0.76956,9.05604,-0.09913,-15.17684
2011-07-11,75.99,-0.83313,75.53558,0.5998,0.30276,9.20142,-0.09054,-15.17684
2011-07-12,75.81,-0.81952,76.24034,-0.56606,-0.28598,9.21553,-0.08893,-15.17684
2011-07-13,75.21,-0.78227,76.65873,-1.90792,-0.96478,9.33928,-0.08376,-15.17684
2011-07-14,75.25,-0.78006,77.01528,-2.31879,-1.1729,9.33369,-0.08357,-15.17684
2011-07-15,75.13,-0.73816,76.94409,-2.38591,-1.20722,9.30339,-0.07934,-15.17684
2011-07-18,75.48,-0.72549,77.40409,-2.51719,-1.27297,9.34037,-0.07767,-15.17684
2011-07-19,75.22,-0.73935,76.66823,-1.90702,-0.96287,9.19436,-0.08041,-15.17684
2011-07-20,74.79,-0.74423,76.77546,-2.62008,-1.32189,9.18093,-0.08106,-15.17684
2011-07-21,74.02,-0.83517,75.17331,-1.5461,-0.77874,9.24457,-0.09034,-15.17684
2011-07-22,74.2,-0.81814,75.44603,-1.66535,-0.83832,9.20328,-0.0889,-15.17684
2011-07-25,74.06,-0.78804,76.32035,-3.0064,-1.51239,9.21134,-0.08555,-15.17684
2011-07-26,73.47,-0.7889,76.6033,-4.17629,-2.09672,9.34162,-0.08445,-15.17684
2011-07-27,74.09,-0.6931,78.36137,-5.60506,-2.80613,9.45236,-0.07333,-15.17684
2011-07-28,74.22,-0.7076,78.33147,-5.39157,-2.68877,9.3892,-0.07536,-15.17684
2011-07-29,73.9,-0.72684,78.37098,-5.87408,-2.91805,9.41658,-0.07719,-15.17684
2011-08-01,74.26,-0.68903,78.31389,-5.31525,-2.62777,9.4624,-0.07282,-14.51226
2011-08-02,74.51,-0.69491,78.43256,-5.13057,-2.52372,9.47118,-0.07337,-14.51226
2011-08-03,74.04,-0.68851,77.78223,-4.93075,-2.41185,9.55715,-0.07204,-14.51226
2011-08-04,75.12,-0.67836,79.03748,-5.08353,-2.47244,9.47577,-0.07159,-14.51226
2011-08-05,74.6,-0.56439,80.48783,-7.59655,-3.67379,9.42084,-0.05991,-14.51226
2011-08-08,74.79,-0.50104,82.75625,-10.12154,-4.83322,9.43127,-0.05313,-14.51226
2011-08-09,74.61,-0.57303,79.68066,-6.57524,-3.07435,9.43727,-0.06072,-14.51226
2011-08-10,74.64,-0.45343,82.24489,-9.70247,-4.49553,9.23391,-0.04911,-14.51226
2011-08-11,74.68,-0.45847,81.44839,-8.67572,-3.94505,9.2324,-0.04966,-14.51226
2011-08-12,74.61,-0.51066,80.28511,-7.33096,-3.28506,9.12304,-0.05597,-14.51226
2011-08-15,73.84,-0.5464,79.3487,-7.19515,-3.19169,9.31932,-0.05863,-14.51226
2011-08-16,74.01,-0.53308,79.46162,-7.10739,-3.12238,9.33348,-0.05711,-14.51226
2011-08-17,73.67,-0.53874,79.17346,-7.20455,-3.13796,9.36953,-0.0575,-14.51226
2011-08-18,74.24,-0.3954,81.30971,-9.09624,-3.92463,9.46629,-0.04177,-14.51226
2011-08-19,73.99,-0.46366,80.36939,-8.27034,-3.51738,9.44636,-0.04908,-14.51226
2011-08-22,74.07,-0.46827,79.97644,-7.67215,-3.22529,9.26665,-0.05053,-14.51226
2011-08-23,73.87,-0.43861,79.743,-7.65022,-3.18536,9.26465,-0.04734,-14.51226
2011-08-24,74.01,-0.48228,79.13313,-6.69314,-2.75989,9.27382,-0.052,-14.51226
2011-08-25,74.28,-0.46713,79.33738,-6.58677,-2.69612,9.26052,-0.05044,-14.51226
2011-08-26,73.81,-0.44039,79.31462,-7.19283,-2.9243,9.21112,-0.04781,-14.51226
2011-08-29,73.72,-0.55479,77.86734,-5.47325,-2.20709,9.17929,-0.06044,-14.51226
2011-08-30,73.94,-0.48051,78.66585,-6.19552,-2.48656,9.20021,-0.05223,-14.51226
2011-08-31,74.13,-0.51475,78.19136,-5.33388,-2.12806,9.16918,-0.05614,-14.51226
2011-09-01,74.48,-0.522,78.01414,-4.63595,-1.84277,9.0929,-0.05741,-12.00996
2011-09-02,74.75,-0.41739,78.98121,-5.50607,-2.18302,9.10937,-0.04582,-12.00996
2011-09-06,75.92,-0.34813,79.67617,-4.82904,-1.9081,9.52949,-0.03653,-12.00996
2011-09-07,75.46,-0.35885,79.45462,-5.15834,-2.03413,9.56297,-0.03753,-12.00996
2011-09-08,76.24,-0.32808,79.61858,-4.33613,-1.70593,9.7488,-0.03365,-12.00996
2011-09-09,77.19,-0.30383,79.7714,-3.28951,-1.29297,9.92325,-0.03062,-12.00996
2011-09-12,77.57,-0.28767,79.82519,-2.86584,-1.12834,9.9236,-0.02899,-12.00996
2011-09-13,76.91,-0.35871,79.02145,-2.70834,-1.06764,10.07481,-0.03561,-12.00996
2011-09-14,76.83,-0.41397,78.41337,-2.03993,-0.80555,9.5112,-0.04352,-12.00996
2011-09-15,76.24,-0.48014,77.77821,-1.99751,-0.79024,9.63639,-0.04983,-12.00996
2011-09-16,76.58,-0.44842,77.95436,-1.77876,-0.70593,9.44853,-0.04746,-12.00996
2011-09-19,77.39,-0.39564,78.37101,-1.25965,-0.50105,9.66581,-0.04093,-12.00996
2011-09-20,77.03,-0.37483,78.56943,-1.97877,-0.78816,9.61711,-0.03898,-12.00996
2011-09-21,77.34,-0.35055,78.80151,-1.8721,-0.74699,9.62757,-0.03641,-12.00996
2011-09-22,78.38,-0.34951,78.71754,-0.42973,-0.17174,9.82359,-0.03558,-12.00996
2011-09-23,78.3,-0.29257,79.20458,-1.14865,-0.45998,9.81754,-0.0298,-12.00996
2011-09-26,78.36,-0.27693,79.30812,-1.20269,-0.48261,9.77953,-0.02832,-12.00996
2011-09-27,77.51,-0.3977,78.22006,-0.91191,-0.36609,9.99948,-0.03977,-12.00996
2011-09-28,77.85,-0.38133,78.34145,-0.6293,-0.25293,9.96662,-0.03826,-12.00996
2011-09-29,77.92,-0.3852,78.28307,-0.46488,-0.18716,9.89445,-0.03893,-12.00996
2011-09-30,78.55,-0.37412,78.39765,0.19414,0.07835,10.00146,-0.03741,-12.00996
2011-10-03,79.45,-0.35939,78.54018,1.15175,0.46556,10.1953,-0.03525,-11.27338
2011-10-04,79.6,-0.30412,78.99397,0.76425,0.30981,10.1512,-0.02996,-11.27338
2011-10-05,78.91,-0.36186,78.45778,0.57474,0.23342,10.31534,-0.03508,-11.27338
2011-10-06,78.53,-0.36284,78.48028,0.06333,0.02579,10.36724,-0.035,-11.27338
2011-10-07,78.72,-0.38309,78.29721,0.53853,0.21991,10.1721,-0.03766,-11.27338
2011-10-10,77.6,-0.4056,78.07657,-0.61226,-0.25103,10.58497,-0.03832,-11.27338
2011-10-11,77.58,-0.38166,78.26937,-0.88467,-0.36402,10.45028,-0.03652,-11.27338
2011-10-12,76.99,-0.44792,77.66446,-0.87222,-0.35999,10.5759,-0.04235,-11.27338
2011-10-13,76.99,-0.41546,77.91854,-1.19884,-0.49659,10.5687,-0.03931,-11.27338
2011-10-14,76.62,-0.45175,77.56179,-1.22168,-0.50767,10.58317,-0.04269,-11.27338
2011-10-17,77.14,-0.39261,78.11076,-1.25059,-0.52246,10.63551,-0.03692,-11.27338
2011-10-18,77.13,-0.41981,77.83995,-0.91626,-0.38452,10.56297,-0.03974,-11.27338
2011-10-19,77.11,-0.44024,77.69421,-0.75477,-0.31828,10.33244,-0.04261,-11.27338
2011-10-20,76.97,-0.4874,77.29708,-0.42404,-0.17954,10.33761,-0.04715,-11.27338
2011-10-21,76.3,-0.46919,77.41117,-1.44581,-0.61457,10.49389,-0.04471,-11.27338
2011-10-24,76.02,-0.44192,77.59619,-2.05219,-0.87474,10.38714,-0.04255,-11.27338
2011-10-25,76.25,-0.45725,77.49342,-1.61756,-0.69147,10.27676,-0.04449,-11.27338
2011-10-26,76.2,-0.37265,78.16174,-2.54188,-1.08866,10.27569,-0.03626,-11.27338
2011-10-27,74.87,-0.40595,77.7846,-3.81901,-1.63855,10.85221,-0.03741,-11.27338
2011-10-28,75.09,-0.441,77.48285,-3.13693,-1.34642,10.82545,-0.04074,-11.27338
2011-10-31,76.17,-0.42581,77.67886,-1.96155,-0.84364,11.17078,-0.03812,-11.27338
2011-11-01,77.26,-0.36488,78.21632,-1.2302,-0.53052,11.42404,-0.03194,-10.71731
2011-11-02,77.01,-0.39404,77.9443,-1.20592,-0.52133,11.09878,-0.0355,-10.71731
2011-11-03,76.67,-0.34042,78.29784,-2.10096,-0.91312,11.0423,-0.03083,-10.71731
2011-11-04,76.91,-0.3556,78.1281,-1.57138,-0.68621,11.04743,-0.03219,-10.71731
2011-11-07,76.96,-0.33875,78.18604,-1.58053,-0.69352,11.03225,-0.03071,-10.71731
2011-11-08,76.67,-0.34566,78.05805,-1.79423,-0.78999,11.06522,-0.03124,-10.71731
2011-11-09,77.93,-0.35427,78.13794,-0.26647,-0.11785,11.51178,-0.03077,-10.71731
2011-11-10,77.64,-0.41535,77.59357,0.05982,0.0266,11.54117,-0.03599,-10.71731
2011-11-11,76.94,-0.45357,77.25234,-0.40513,-0.18088,11.49302,-0.03946,-10.71731
2011-11-14,77.56,-0.46056,77.26006,0.38747,0.17378,11.58308,-0.03976,-10.71731
2011-11-15,77.88,-0.50916,76.89337,1.27495,0.5742,11.5507,-0.04408,-10.71731
2011-11-16,78.16,-0.54174,76.71196,1.87005,0.84445,11.48094,-0.04719,-10.71731
2011-11-17,78.29,-0.52696,76.94194,1.73687,0.78715,11.45038,-0.04602,-10.71731
2011-11-18,78.02,-0.51905,76.98761,1.33207,0.60587,11.4833,-0.0452,-10.71731
2011-11-21,78.3,-0.50241,77.12704,1.50938,0.69025,11.47361,-0.04379,-10.71731
2011-11-22,78.23,-0.52596,76.91684,1.69284,0.77746,11.47759,-0.04582,-10.71731
2011-11-23,79.0,-0.5864,76.62676,3.05014,1.40652,11.60304,-0.05054,-10.71731
2011-11-25,79.61,-0.60577,76.56095,3.90525,1.80924,11.58251,-0.0523,-10.71731
2011-11-28,79.29,-0.55856,76.76687,3.23388,1.5037,11.61991,-0.04807,-10.71731
2011-11-29,79.0,-0.52175,76.92744,2.65852,1.2422,11.65346,-0.04477,-10.71731
2011-11-30,78.39,-0.37219,77.83429,0.71143,0.33341,11.78093,-0.03159,-10.71731
2011-12-01,78.32,-0.30084,78.34864,-0.03657,-0.01721,11.7603,-0.02558,-10.16478
2011-12-02,78.63,-0.32005,78.17303,0.58286,0.27552,11.76372,-0.02721,-10.16478
2011-12-05,78.61,-0.29526,78.32678,0.36093,0.17158,11.37777,-0.02595,-10.16478
2011-12-06,78.51,-0.33932,77.99147,0.66266,0.31691,11.30431,-0.03002,-10.16478
2011-12-07,78.48,-0.31892,78.1756,0.38863,0.18678,11.13405,-0.02864,-10.16478
2011-12-08,78.81,-0.32318,78.25544,0.70615,0.34176,10.89551,-0.02966,-10.16478
2011-12-09,78.63,-0.33916,77.99201,0.81469,0.39639,10.86756,-0.03121,-10.16478
2011-12-12,79.57,-0.29569,78.28912,1.62285,0.79342,10.96583,-0.02696,-10.16478
2011-12-13,80.25,-0.30732,78.0913,2.72681,1.33646,11.07569,-0.02775,-10.16478
2011-12-14,80.53,-0.2742,78.55108,2.48806,1.2214,10.95622,-0.02503,-10.16478
2011-12-15,80.24,-0.18785,79.03615,1.51167,0.74385,10.96769,-0.01713,-10.16478
2011-12-16,80.25,-0.15033,79.33185,1.1507,0.56815,10.78647,-0.01394,-10.16478
2011-12-19,80.25,-0.19662,79.06334,1.48974,0.73876,10.73461,-0.01832,-10.16478
2011-12-20,79.88,-0.17561,78.96565,1.15125,0.57371,10.76348,-0.01632,-10.16478
2011-12-21,80.02,-0.15728,78.97077,1.31988,0.66216,10.44615,-0.01506,-10.16478
2011-12-22,79.92,-0.15805,78.96334,1.20424,0.60742,10.44746,-0.01513,-10.16478
2011-12-23,80.01,-0.11797,79.20391,1.0126,0.51321,10.44832,-0.01129,-10.16478
2011-12-27,79.79,-0.06497,79.5256,0.33192,0.16935,10.21658,-0.00636,-10.16478
2011-12-28,80.49,-0.07822,79.59917,1.11293,0.57082,10.32113,-0.00758,-10.16478
2011-12-29,80.48,-0.05896,79.67812,1.00137,0.51554,10.32167,-0.00571,-10.16478
2011-12-30,80.17,-0.10117,79.48811,0.85419,0.44155,10.24265,-0.00988,-10.16478
2012-01-03,79.61,-0.1244,79.08949,0.65597,0.34034,10.09455,-0.01232,-10.25653
2012-01-04,80.09,-0.14565,78.86069,1.5468,0.80592,10.15886,-0.01434,-10.25653
2012-01-05,80.94,-0.16551,78.78376,2.70013,1.41462,10.21077,-0.01621,-10.25653
2012-01-06,81.24,-0.20407,78.5259,3.39792,1.78814,10.17559,-0.02005,-10.25653
2012-01-09,81.05,-0.18714,78.7112,2.92808,1.54875,10.18439,-0.01838,-10.25653
2012-01-10,80.8,-0.21288,78.52175,2.86014,1.52218,9.76006,-0.02181,-10.25653
2012-01-11,81.35,-0.15966,78.94711,2.99826,1.6022,9.83501,-0.01623,-10.25653
2012-01-12,80.77,-0.12997,79.20455,1.95719,1.04928,9.81886,-0.01324,-10.25653
2012-01-13,81.43,-0.12345,79.31538,2.63117,1.41461,9.92754,-0.01243,-10.25653
2012-01-17,81.18,-0.17629,78.95495,2.77915,1.49674,9.89288,-0.01782,-10.25653
2012-01-18,80.6,-0.16035,79.08189,1.90147,1.02681,9.95055,-0.01611,-10.25653
2012-01-19,80.21,-0.14555,79.11035,1.38045,0.7484,10.01109,-0.01454,-10.25653
2012-01-20,80.22,-0.15459,79.09793,1.40861,0.76688,10.01001,-0.01544,-10.25653
2012-01-23,79.69,-0.1625,79.01759,0.84737,0.46328,10.10359,-0.01608,-10.25653
2012-01-24,79.86,-0.19229,78.85192,1.27035,0.6969,9.92959,-0.01937,-10.25653
2012-01-25,79.57,-0.19908,78.80283,0.96883,0.53221,9.9289,-0.02005,-10.25653
2012-01-26,79.41,-0.18245,78.86129,0.69338,0.3817,9.93262,-0.01837,-10.25653
2012-01-27,78.9,-0.1739,78.87804,0.02784,0.01536,10.03037,-0.01734,-10.25653
2012-01-30,79.16,-0.17803,78.90385,0.32411,0.17903,9.33947,-0.01906,-10.25653
2012-01-31,79.28,-0.16531,78.96662,0.39607,0.21892,9.33112,-0.01772,-10.25653
2012-02-01,78.92,-0.13427,79.10649,-0.23603,-0.13051,8.98408,-0.01495,-11.47609
2012-02-02,78.97,-0.11087,79.19617,-0.28599,-0.1583,8.54556,-0.01297,-11.47609
2012-02-03,78.94,-0.11505,78.98564,-0.05779,-0.03205,8.51583,-0.01351,-11.47609
2012-02-06,79.09,-0.09118,79.06421,0.03261,0.01813,8.46418,-0.01077,-11.47609
2012-02-07,78.57,-0.09387,79.01384,-0.5633,-0.3139,8.56403,-0.01096,-11.47609
2012-02-08,78.64,-0.08924,78.9825,-0.43458,-0.24245,8.56452,-0.01042,-11.47609
2012-02-09,78.56,-0.10055,78.82918,-0.34206,-0.19113,8.52831,-0.01179,-11.47609
2012-02-10,79.11,-0.08983,79.01236,0.1235,0.06909,8.00922,-0.01122,-11.47609
2012-02-13,78.94,-0.0722,79.04335,-0.13084,-0.0733,7.98365,-0.00904,-11.47609
2012-02-14,79.58,-0.07835,79.00241,0.72845,0.40854,7.90559,-0.00991,-11.47609
2012-02-15,79.67,-0.07471,79.02923,0.80753,0.45324,7.75897,-0.00963,-11.47609
2012-02-16,79.34,-0.09324,78.81174,0.66804,0.37525,7.77529,-0.01199,-11.47609
2012-02-17,79.33,-0.10809,78.72123,0.77035,0.433,7.74676,-0.01395,-11.47609
2012-02-21,79.04,-0.09375,78.7157,0.41114,0.23128,7.78004,-0.01205,-11.47609
2012-02-22,79.21,-0.10384,78.58979,0.78607,0.44286,7.75515,-0.01339,-11.47609
2012-02-23,78.81,-0.06923,78.74428,0.08342,0.04703,7.79635,-0.00888,-11.47609
2012-02-24,78.35,-0.05487,78.74867,-0.50755,-0.28647,7.88474,-0.00696,-11.47609
2012-02-27,78.56,-0.04118,78.91503,-0.45091,-0.25491,7.6513,-0.00538,-11.47609
2012-02-28,78.27,-0.03354,79.09567,-1.04937,-0.59403,7.5185,-0.00446,-11.47609
2012-02-29,78.73,-0.01996,79.11651,-0.48973,-0.27761,7.57745,-0.00263,-11.47609
2012-03-01,78.78,-0.01384,78.92954,-0.18965,-0.10767,7.54425,-0.00183,-10.46051
2012-03-02,79.4,-0.01103,79.09032,0.39079,0.22223,7.54126,-0.00146,-10.46051
2012-03-05,79.32,0.01466,79.27286,0.05945,0.03387,7.54198,0.00194,-10.46051
2012-03-06,79.86,0.0019,79.35444,0.63506,0.36277,7.62015,0.00025,-10.46051
2012-03-07,79.71,0.00659,79.24777,0.58158,0.33339,7.63142,0.00086,-10.46051
2012-03-08,79.16,0.03899,79.37541,-0.27174,-0.15624,7.75899,0.00502,-10.46051
2012-03-09,80.04,0.03678,79.31794,0.90622,0.52306,8.05963,0.00456,-10.46051
2012-03-12,79.87,0.03943,79.38535,0.60865,0.35295,8.03495,0.00491,-10.46051
2012-03-13,80.19,0.04264,79.37549,1.02092,0.59404,8.05382,0.00529,-10.46051
2012-03-14,80.56,0.06567,79.63972,1.14892,0.67046,7.75471,0.00847,-10.46051
2012-03-15,80.15,0.00513,79.36542,0.98371,0.57574,7.63858,0.00067,-10.46051
2012-03-16,79.78,-0.05315,78.88614,1.12673,0.66138,7.65961,-0.00694,-10.46051
2012-03-19,79.45,-0.02128,79.13699,0.39475,0.23209,7.67022,-0.00277,-10.46051
2012-03-20,79.59,-0.00338,79.36501,0.28309,0.16674,7.67963,-0.00044,-10.46051
2012-03-21,79.63,-0.00495,79.36336,0.33541,0.19791,7.68064,-0.00064,-10.46051
2012-03-22,79.74,-0.00765,79.42536,0.39536,0.23383,7.63141,-0.001,-10.46051
2012-03-23,79.34,0.01547,79.48975,-0.18857,-0.11179,7.68744,0.00201,-10.46051
2012-03-26,78.93,0.01062,79.4426,-0.64734,-0.3848,7.75055,0.00137,-10.46051
2012-03-27,79.04,-0.02251,79.23311,-0.24402,-0.14556,7.75258,-0.0029,-10.46051
2012-03-28,79.16,0.00371,79.51763,-0.45076,-0.27026,7.74231,0.00048,-10.46051
2012-03-29,79.18,-0.00255,79.59484,-0.52256,-0.31429,7.53072,-0.00034,-10.46051
2012-03-30,78.93,-0.00707,79.54575,-0.7771,-0.46832,7.55297,-0.00094,-10.46051
2012-04-02,78.82,0.01269,79.54604,-0.91692,-0.55413,7.5219,0.00169,-9.86485
2012-04-03,79.48,0.03623,79.74729,-0.33572,-0.20349,7.58896,0.00477,-9.86485
2012-04-04,79.76,0.0313,79.86963,-0.13736,-0.08362,7.52443,0.00416,-9.86485
2012-04-05,80.07,0.03676,79.86477,0.25664,0.1571,7.25494,0.00507,-9.86485
2012-04-09,79.73,0.00736,79.70643,0.02958,0.01823,7.25687,0.00101,-9.86485
2012-04-10,79.89,-0.02493,79.64182,0.31113,0.19264,7.25918,-0.00343,-9.86485
2012-04-11,79.78,-0.00797,79.76336,0.02086,0.01296,7.23981,-0.0011,-9.86485
2012-04-12,79.28,-0.00423,79.76688,-0.61226,-0.38202,7.19906,-0.00059,-9.86485
2012-04-13,79.88,-0.01983,79.61602,0.33102,0.2075,7.23916,-0.00274,-9.86485
2012-04-16,79.55,-0.04074,79.67481,-0.15677,-0.09863,7.08077,-0.00575,-9.86485
2012-04-17,79.47,-0.0517,79.62832,-0.19902,-0.1256,7.06071,-0.00732,-9.86485
2012-04-18,79.53,-0.04839,79.71428,-0.23144,-0.14665,6.92563,-0.00699,-9.86485
2012-04-19,79.56,-0.075,79.54157,0.02316,0.01472,6.86195,-0.01093,-9.86485
2012-04-20,79.18,-0.05433,79.6738,-0.62171,-0.39541,6.92461,-0.00785,-9.86485
2012-04-23,79.42,-0.08157,79.43947,-0.02452,-0.0156,6.82928,-0.01194,-9.86485
2012-04-24,79.22,-0.06794,79.60103,-0.47982,-0.30558,6.83217,-0.00994,-9.86485
2012-04-25,79.01,-0.05899,79.64639,-0.80222,-0.51139,6.81444,-0.00866,-9.86485
2012-04-26,78.91,-0.03492,79.78827,-1.10685,-0.70583,6.80761,-0.00513,-9.86485
2012-04-27,78.7,-0.03358,79.78929,-1.37462,-0.87616,6.7057,-0.00501,-9.86485
2012-04-30,78.79,-0.00666,79.96625,-1.48186,-0.94385,6.67604,-0.001,-9.86485
2012-05-01,78.86,-0.00646,79.95751,-1.38212,-0.88087,6.67116,-0.00097,-8.06143
2012-05-02,79.13,0.01193,80.15859,-1.29151,-0.82251,6.64461,0.00179,-8.06143
2012-05-03,79.22,0.01811,80.30604,-1.36161,-0.86657,6.6472,0.00272,-8.06143
2012-05-04,79.47,0.03164,80.53648,-1.33307,-0.84796,6.67536,0.00474,-8.06143
2012-05-07,79.6,0.04266,80.60965,-1.26043,-0.80135,6.67269,0.00639,-8.06143
2012-05-08,79.73,0.03799,80.58811,-1.07051,-0.68062,6.53854,0.00581,-8.06143
2012-05-09,80.08,0.02023,80.39217,-0.38906,-0.24782,6.58986,0.00307,-8.06143
2012-05-10,80.11,0.02734,80.49887,-0.48425,-0.30924,6.58452,0.00415,-8.06143
2012-05-11,80.28,0.03217,80.53184,-0.31321,-0.20165,6.45503,0.00498,-8.06143
2012-05-14,80.6,0.05461,80.68029,-0.09957,-0.06436,6.47937,0.00843,-8.06143
2012-05-15,81.22,0.04313,80.54888,0.82973,0.53745,6.45986,0.00668,-8.06143
2012-05-16,81.37,0.04949,80.62415,0.92085,0.59728,6.46507,0.00766,-8.06143
2012-05-17,81.38,0.10098,81.21576,0.20202,0.13141,6.40072,0.01578,-8.06143
2012-05-18,81.29,0.09011,81.13996,0.18474,0.12061,6.40702,0.01406,-8.06143
2012-05-21,81.08,0.07705,81.01357,0.08196,0.05387,6.38295,0.01207,-8.06143
2012-05-22,81.67,0.082,81.05451,0.75648,0.49908,6.5197,0.01258,-8.06143
2012-05-23,82.09,0.0822,81.24888,1.02992,0.68026,6.48575,0.01267,-8.06143
2012-05-24,82.29,0.10913,81.39801,1.08988,0.72037,6.35865,0.01716,-8.06143
2012-05-25,82.4,0.12508,81.4853,1.11628,0.73818,6.34803,0.0197,-8.06143
2012-05-29,82.44,0.12911,81.54454,1.09214,0.72355,6.28349,0.02055,-8.06143
2012-05-30,83.01,0.10024,81.4421,1.90687,1.27211,6.32032,0.01586,-8.06143
2012-05-31,83.04,0.11495,81.6469,1.69186,1.13618,6.32092,0.01819,-8.06143
2012-06-01,82.89,0.12062,81.82704,1.29067,0.87254,6.17937,0.01952,-6.57056
2012-06-04,82.55,0.1034,81.67655,1.06373,0.72278,6.24467,0.01656,-6.57056
2012-06-05,82.8,0.10588,81.73132,1.29908,0.88528,6.1385,0.01725,-6.57056
2012-06-06,82.32,0.07329,81.46063,1.04942,0.71778,6.25179,0.01172,-6.57056
2012-06-07,82.05,0.05424,81.38568,0.81295,0.55687,6.1168,0.00887,-6.57056
2012-06-08,82.51,0.08753,81.66622,1.0279,0.70468,5.82679,0.01502,-6.57056
2012-06-11,82.51,0.05861,81.46393,1.27592,0.87621,5.80357,0.0101,-6.57056
2012-06-12,82.41,0.0526,81.53143,1.07183,0.73711,5.76997,0.00912,-6.57056
2012-06-13,82.05,0.04827,81.41241,0.78011,0.53742,5.78573,0.00834,-6.57056
2012-06-14,81.9,0.05836,81.57816,0.39374,0.27225,5.6981,0.01024,-6.57056
2012-06-15,81.59,0.07863,81.69063,-0.12326,-0.08567,5.67089,0.01387,-6.57056
2012-06-18,81.94,0.09203,82.00231,-0.07601,-0.05309,5.6494,0.01629,-6.57056
2012-06-19,81.37,0.07997,81.92153,-0.67552,-0.4739,5.83688,0.0137,-6.57056
2012-06-20,81.49,0.05721,82.01508,-0.64228,-0.45257,5.84113,0.0098,-6.57056
2012-06-21,82.32,0.08216,82.26844,0.06265,0.04444,6.15672,0.01335,-6.57056
2012-06-22,82.22,0.0681,82.1296,0.11001,0.07868,6.06393,0.01123,-6.57056
2012-06-25,82.46,0.09836,82.20212,0.31322,0.22618,5.96747,0.01648,-6.57056
2012-06-26,82.37,0.08483,81.99684,0.45406,0.32899,5.97634,0.0142,-6.57056
2012-06-27,82.56,0.08114,81.94726,0.74494,0.54088,5.98302,0.01356,-6.57056
2012-06-28,82.67,0.0862,82.10535,0.68536,0.49825,5.98387,0.01441,-6.57056
2012-06-29,81.65,0.09509,81.90495,-0.31176,-0.22678,6.49035,0.01465,-6.57056
2012-07-02,81.87,0.08881,81.8994,-0.0359,-0.02616,6.49234,0.01368,-7.01631
2012-07-03,81.78,0.11808,81.90132,-0.14825,-0.10831,6.30701,0.01872,-7.01631
2012-07-05,82.81,0.15806,82.1151,0.84268,0.61691,6.72751,0.02349,-7.01631
2012-07-06,83.29,0.21331,82.67412,0.74218,0.54371,6.77578,0.03148,-7.01631
2012-07-09,83.16,0.21839,82.52714,0.76393,0.56065,6.71808,0.03251,-7.01631
2012-07-10,83.36,0.21533,82.60299,0.91227,0.66986,6.72177,0.03203,-7.01631
2012-07-11,83.57,0.23968,82.69022,1.05832,0.77719,6.71855,0.03567,-7.01631
2012-07-12,83.65,0.22612,82.52944,1.34863,0.99088,6.5652,0.03444,-7.01631
2012-07-13,83.3,0.23873,82.65202,0.78094,0.57378,6.49842,0.03674,-7.01631
2012-07-16,83.09,0.23836,82.56359,0.63555,0.46797,6.45777,0.03691,-7.01631
2012-07-17,83.03,0.24397,82.62423,0.4899,0.36088,6.45499,0.03779,-7.01631
2012-07-18,82.95,0.21348,82.37291,0.69814,0.51448,6.46349,0.03303,-7.01631
2012-07-19,82.9,0.21129,82.27489,0.75691,0.55778,6.46826,0.03267,-7.01631
2012-07-20,83.47,0.22308,82.35465,1.34524,0.99148,6.48923,0.03438,-7.01631
2012-07-23,83.71,0.18795,82.15108,1.87984,1.38509,6.48717,0.02897,-7.01631
2012-07-24,84.01,0.16267,81.86603,2.58517,1.90184,6.47357,0.02513,-7.01631
2012-07-25,83.52,0.15058,81.81138,2.06697,1.51572,6.57626,0.0229,-7.01631
2012-07-26,82.81,0.18403,82.12857,0.82628,0.60456,6.82869,0.02695,-7.01631
2012-07-27,82.71,0.2009,82.24899,0.55894,0.40882,6.80512,0.02952,-7.01631
2012-07-30,82.79,0.21525,82.27844,0.61982,0.45329,6.80484,0.03163,-7.01631
2012-07-31,82.64,0.22892,82.38862,0.30465,0.22275,6.82462,0.03354,-7.01631
2012-08-01,83.06,0.25285,82.50539,0.66995,0.48987,6.85883,0.03686,-7.45934
2012-08-02,83.33,0.24925,82.58027,0.90378,0.66078,6.87637,0.03625,-7.45934
2012-08-03,82.38,0.22433,82.39435,-0.01742,-0.01273,7.2829,0.0308,-7.45934
2012-08-06,82.27,0.2374,82.43238,-0.19718,-0.14415,7.2895,0.03257,-7.45934
2012-08-07,82.21,0.24949,82.39191,-0.22104,-0.16163,7.2902,0.03422,-7.45934
2012-08-08,82.39,0.2848,82.68594,-0.35855,-0.26237,7.25571,0.03925,-7.45934
2012-08-09,82.64,0.28228,82.61537,0.02981,0.02182,7.27397,0.03881,-7.45934
2012-08-10,82.55,0.27813,82.64259,-0.11209,-0.08206,7.27313,0.03824,-7.45934
2012-08-13,82.44,0.26172,82.58203,-0.17213,-0.12603,7.24571,0.03612,-7.45934
2012-08-14,82.48,0.24702,82.35906,0.14674,0.10749,7.09218,0.03483,-7.45934
2012-08-15,82.65,0.23537,82.1949,0.55216,0.40483,7.09427,0.03318,-7.45934
2012-08-16,82.36,0.26364,82.40306,-0.05227,-0.03836,7.13407,0.03695,-7.45934
2012-08-17,82.6,0.25717,82.57791,0.02674,0.01964,7.14961,0.03597,-7.45934
2012-08-20,82.46,0.25313,82.49996,-0.04846,-0.0356,7.13744,0.03546,-7.45934
2012-08-21,81.91,0.26613,82.46544,-0.67581,-0.497,7.12776,0.03734,-7.45934
2012-08-22,81.49,0.21433,82.07309,-0.71299,-0.52441,7.12605,0.03008,-7.45934
2012-08-23,81.36,0.22638,82.08124,-0.88257,-0.64997,7.113,0.03183,-7.45934
2012-08-24,81.59,0.25596,82.40852,-0.99822,-0.73619,7.13208,0.03589,-7.45934
2012-08-27,81.66,0.25043,82.32732,-0.81387,-0.60021,7.13383,0.0351,-7.45934
2012-08-28,81.37,0.23401,82.18012,-0.99067,-0.73064,7.01981,0.03334,-7.45934
2012-08-29,81.55,0.22598,82.07487,-0.64155,-0.47354,7.03678,0.03211,-7.45934
2012-08-30,81.68,0.24348,82.13231,-0.55223,-0.40797,7.03978,0.03459,-7.45934
2012-08-31,81.25,0.18872,81.68938,-0.53932,-0.39872,7.06974,0.02669,-7.45934
2012-09-04,81.32,0.1926,81.69344,-0.45817,-0.33893,7.04219,0.02735,-8.65969
2012-09-05,81.24,0.21925,81.93687,-0.85414,-0.63246,6.95379,0.03153,-8.65969
2012-09-06,81.08,0.1974,81.91999,-1.03067,-0.76335,6.93511,0.02846,-8.65969
2012-09-07,80.25,0.17051,81.79401,-1.90573,-1.41067,7.12196,0.02394,-8.65969
2012-09-10,80.36,0.16138,81.54384,-1.46243,-1.08093,7.13067,0.02263,-8.65969
2012-09-11,79.86,0.16454,81.52405,-2.06229,-1.52372,7.22374,0.02278,-8.65969
2012-09-12,79.74,0.15249,81.45182,-2.12404,-1.56686,7.18377,0.02123,-8.65969
2012-09-13,79.26,0.15414,81.55185,-2.85054,-2.09995,7.26537,0.02122,-8.65969
2012-09-14,78.85,0.14709,81.44435,-3.23727,-2.37507,7.29617,0.02016,-8.65969
2012-09-17,79.01,0.12544,81.26519,-2.81432,-2.05351,7.2494,0.0173,-8.65969
2012-09-18,79.25,0.14025,81.57565,-2.89234,-2.10208,7.16609,0.01957,-8.65969
2012-09-19,79.06,0.16402,81.90772,-3.53863,-2.5631,7.16639,0.02289,-8.65969
2012-09-20,79.41,0.17131,81.83638,-3.00976,-2.16798,6.90882,0.0248,-8.65969
2012-09-21,79.33,0.17091,81.75714,-3.01367,-2.16219,6.90816,0.02474,-8.65969
2012-09-24,79.52,0.17115,81.79623,-2.82226,-2.0181,6.89824,0.02481,-8.65969
2012-09-25,79.55,0.17192,81.6651,-2.6241,-1.86956,6.90003,0.02492,-8.65969
2012-09-26,79.89,0.17271,81.58864,-2.10394,-1.49534,6.94404,0.02487,-8.65969
2012-09-27,79.55,0.16619,81.56532,-2.50183,-1.7756,6.97347,0.02383,-8.65969
2012-09-28,79.94,0.15296,81.38702,-1.79394,-1.27242,6.63345,0.02306,-8.65969
2012-10-01,79.82,0.1585,81.38743,-1.94468,-1.3821,6.60865,0.02398,-8.98194
2012-10-02,79.74,0.14233,81.33509,-1.98062,-1.40955,6.60826,0.02154,-8.98194
2012-10-03,79.97,0.14804,81.55099,-1.95769,-1.39503,6.10452,0.02425,-8.98194
2012-10-04,79.35,0.14672,81.36523,-2.50796,-1.79013,6.13516,0.02391,-8.98194
2012-10-05,79.34,0.17968,81.61136,-2.82261,-2.01866,6.13434,0.02929,-8.98194
2012-10-08,79.54,0.19261,81.64061,-2.60668,-1.86782,6.13679,0.03139,-8.98194
2012-10-09,79.95,0.16922,81.25239,-1.61589,-1.16336,6.21544,0.02723,-8.98194
2012-10-10,79.92,0.19884,81.44644,-1.89195,-1.36932,6.20669,0.03204,-8.98194
2012-10-11,79.78,0.2002,81.40417,-2.01537,-1.46378,6.17034,0.03245,-8.98194
2012-10-12,79.69,0.20106,81.42243,-2.15066,-1.56081,6.15974,0.03264,-8.98194
2012-10-15,79.74,0.20028,81.38342,-2.04003,-1.4812,6.16513,0.03249,-8.98194
2012-10-16,79.37,0.17803,81.26784,-2.36298,-1.71667,6.21684,0.02864,-8.98194
2012-10-17,79.02,0.18987,81.33489,-2.88741,-2.09518,6.26111,0.03033,-8.98194
2012-10-18,79.37,0.16693,81.16774,-2.23973,-1.62364,6.15896,0.0271,-8.98194
2012-10-19,79.64,0.17702,81.41322,-2.20212,-1.59449,6.17255,0.02868,-8.98194
2012-10-22,79.65,0.18167,81.50286,-2.29961,-1.66177,6.11156,0.02973,-8.98194
2012-10-23,79.98,0.16211,81.33206,-1.67636,-1.21041,6.10552,0.02655,-8.98194
2012-10-24,79.97,0.17369,81.45115,-1.83519,-1.32584,5.89407,0.02947,-8.98194
2012-10-25,80.04,0.19589,81.54928,-1.8681,-1.34949,5.89939,0.0332,-8.98194
2012-10-26,80.07,0.20359,81.52971,-1.80663,-1.30701,5.89451,0.03454,-8.98194
2012-10-31,79.92,0.21209,81.59315,-2.07192,-1.5035,5.89507,0.03598,-8.98194
2012-11-01,80.05,0.21498,81.74585,-2.09635,-1.52903,5.80158,0.03705,-8.60051
2012-11-02,80.59,0.2074,81.83266,-1.5302,-1.12071,5.93508,0.03494,-8.60051
2012-11-05,80.75,0.21327,81.66002,-1.12066,-0.8239,5.52313,0.03861,-8.60051
2012-11-06,80.61,0.23998,81.60935,-1.23211,-0.90946,5.5267,0.04342,-8.60051
2012-11-07,80.76,0.23562,81.83005,-1.31627,-0.97409,5.54319,0.04251,-8.60051
2012-11-08,80.79,0.23331,81.80913,-1.25356,-0.92861,5.52217,0.04225,-8.60051
2012-11-09,81.03,0.23877,81.65668,-0.77042,-0.57217,5.52062,0.04325,-8.60051
2012-11-12,81.04,0.23717,81.78573,-0.91599,-0.68135,5.51901,0.04297,-8.60051
2012-11-13,81.08,0.24134,81.87667,-0.97777,-0.72743,5.51711,0.04374,-8.60051
2012-11-14,81.06,0.20847,81.48233,-0.51966,-0.38682,5.51501,0.0378,-8.60051
2012-11-15,81.08,0.20522,81.34164,-0.32217,-0.24026,5.4957,0.03734,-8.60051
2012-11-16,81.26,0.20981,81.46469,-0.25157,-0.18809,5.47916,0.03829,-8.60051
2012-11-19,80.87,0.21248,81.57148,-0.86367,-0.64724,5.51773,0.03851,-8.60051
2012-11-20,80.96,0.21639,81.69036,-0.89808,-0.67311,5.51818,0.03921,-8.60051
2012-11-21,80.93,0.20145,81.48964,-0.68913,-0.51656,5.36279,0.03756,-8.60051
2012-11-23,80.19,0.22959,81.62223,-1.77029,-1.32661,5.57149,0.04121,-8.60051
2012-11-26,80.25,0.21375,81.5321,-1.58501,-1.18599,5.56828,0.03839,-8.60051
2012-11-27,80.4,0.20505,81.53519,-1.40205,-1.0489,5.55032,0.03694,-8.60051
2012-11-28,80.34,0.22925,81.73258,-1.71852,-1.28453,5.54678,0.04133,-8.60051
2012-11-29,80.2,0.19899,81.46496,-1.56496,-1.16785,5.5147,0.03608,-8.60051
2012-11-30,80.15,0.20142,81.37707,-1.51937,-1.13274,5.49283,0.03667,-8.60051
2012-12-03,79.88,0.19284,81.29637,-1.75759,-1.30878,5.51398,0.03497,-9.49884
2012-12-05,79.77,0.2071,81.57199,-2.23385,-1.66111,5.42688,0.03816,-9.49884
2012-12-06,80.26,0.22383,81.81761,-1.92211,-1.42603,5.57245,0.04017,-9.49884
2012-12-07,80.42,0.25513,82.04241,-1.99735,-1.47913,5.58737,0.04566,-9.49884
2012-12-10,80.33,0.24651,81.9439,-1.98918,-1.47006,5.57874,0.04419,-9.49884
2012-12-11,80.06,0.24156,81.87716,-2.24437,-1.65614,5.22799,0.04621,-9.49884
2012-12-12,79.89,0.2513,81.76599,-2.32107,-1.7099,5.23648,0.04799,-9.49884
2012-12-13,79.93,0.27187,81.98362,-2.53682,-1.86349,5.08618,0.05345,-9.49884
2012-12-14,79.6,0.23997,81.64221,-2.53323,-1.85451,5.14505,0.04664,-9.49884
2012-12-17,79.57,0.23443,81.63884,-2.5668,-1.87273,4.99878,0.0469,-9.49884
2012-12-18,79.36,0.25269,81.78233,-3.00667,-2.18634,4.91542,0.05141,-9.49884
2012-12-19,79.25,0.24413,81.49766,-2.79669,-2.02456,4.90851,0.04974,-9.49884
2012-12-20,79.26,0.2537,81.53752,-2.83296,-2.04255,4.87095,0.05209,-9.49884
2012-12-21,79.62,0.23616,81.52463,-2.36399,-1.69746,4.92894,0.04791,-9.49884
2012-12-24,79.64,0.24104,81.55984,-2.38205,-1.70585,4.85085,0.04969,-9.49884
2012-12-26,79.62,0.24144,81.26181,-2.04109,-1.45859,4.84652,0.04982,-9.49884
2012-12-27,79.62,0.23663,81.25049,-2.02715,-1.44653,4.82325,0.04906,-9.49884
2012-12-28,79.68,0.25873,81.22721,-1.92316,-1.37208,4.82497,0.05362,-9.49884
2012-12-31,79.77,0.24082,81.31251,-1.91524,-1.3667,4.75322,0.05066,-9.49884
2013-01-02,79.85,0.22804,81.32608,-1.83169,-1.30748,4.67835,0.04874,-9.08476
2013-01-03,80.43,0.20659,81.23843,-1.00011,-0.71407,4.79884,0.04305,-9.08476
2013-01-04,80.5,0.17204,81.1753,-0.83538,-0.59651,4.79015,0.03591,-9.08476
2013-01-07,80.26,0.17254,81.16856,-1.12566,-0.80352,4.82558,0.03575,-9.08476
2013-01-08,80.35,0.16385,81.07371,-0.89666,-0.63969,4.79717,0.03416,-9.08476
2013-01-09,80.56,0.16156,81.05663,-0.61458,-0.43835,4.54909,0.03551,-9.08476
2013-01-10,79.74,0.15635,81.03387,-1.60959,-1.14809,5.00794,0.03122,-9.08476
2013-01-11,79.56,0.13844,81.05202,-1.85797,-1.32353,5.00456,0.02766,-9.08476
2013-01-14,79.49,0.13897,80.91573,-1.77771,-1.26421,4.89707,0.02838,-9.08476
2013-01-15,79.78,0.13596,81.0372,-1.56355,-1.11015,4.95319,0.02745,-9.08476
2013-01-16,79.8,0.13543,81.00536,-1.49918,-1.06314,4.94102,0.02741,-9.08476
2013-01-17,79.65,0.10628,80.82336,-1.4624,-1.03597,4.95032,0.02147,-9.08476
2013-01-18,80.05,0.07941,80.74812,-0.86832,-0.61447,5.04976,0.01572,-9.08476
2013-01-22,79.87,0.09584,80.66758,-0.99364,-0.70294,4.98108,0.01924,-9.08476
2013-01-23,79.92,0.10346,80.66897,-0.93278,-0.65985,4.89652,0.02113,-9.08476
2013-01-24,79.95,0.07454,80.44202,-0.61353,-0.43404,4.8204,0.01546,-9.08476
2013-01-25,79.75,0.04477,80.25986,-0.63729,-0.45086,4.80161,0.00932,-9.08476
2013-01-28,79.78,0.01164,80.00683,-0.28391,-0.20086,4.80209,0.00242,-9.08476
2013-01-29,79.56,0.0445,80.12252,-0.70456,-0.49883,4.76015,0.00935,-9.08476
2013-01-30,79.28,-0.01319,79.6807,-0.50416,-0.35692,4.80968,-0.00274,-9.08476
2013-01-31,79.21,0.00437,79.71933,-0.64095,-0.45377,4.80749,0.00091,-9.08476
2013-02-01,79.13,0.04738,79.94035,-1.01887,-0.72137,4.80915,0.00985,-8.13003
2013-02-04,79.55,0.03038,79.8266,-0.34709,-0.24566,4.91936,0.00618,-8.13003
2013-02-05,79.49,0.03645,79.838,-0.43684,-0.30925,4.90897,0.00743,-8.13003
2013-02-06,79.72,0.04841,79.90498,-0.23177,-0.16413,4.74931,0.01019,-8.13003
2013-02-07,80.19,0.06379,79.93553,0.31785,0.22529,4.88316,0.01306,-8.13003
2013-02-08,80.25,0.06854,79.84513,0.50579,0.35868,4.87483,0.01406,-8.13003
2013-02-11,80.31,0.09002,80.04385,0.33195,0.23542,4.86199,0.01852,-8.13003
2013-02-12,80.11,0.09601,80.05307,0.07109,0.05042,4.88468,0.01965,-8.13003
2013-02-13,80.09,0.08459,79.95845,0.16439,0.11659,4.84389,0.01746,-8.13003
2013-02-14,80.46,0.08658,80.00887,0.56226,0.39879,4.93768,0.01753,-8.13003
2013-02-15,80.58,0.10811,80.14725,0.53849,0.38193,4.94668,0.02186,-8.13003
2013-02-19,80.47,0.10799,80.2639,0.25645,0.18193,4.95311,0.0218,-8.13003
2013-02-20,81.09,0.07466,80.08374,1.24868,0.88627,5.19226,0.01438,-8.13003
2013-02-21,81.46,0.08775,80.32523,1.40283,0.99499,5.25339,0.0167,-8.13003
2013-02-22,81.48,0.12868,80.57486,1.11709,0.79178,5.16017,0.02494,-8.13003
2013-02-25,81.67,0.08787,80.00728,2.05691,1.45703,5.1754,0.01698,-8.13003
2013-02-26,81.87,0.13687,80.58071,1.58734,1.12228,5.19476,0.02635,-8.13003
2013-02-27,81.6,0.17936,81.05102,0.67504,0.47668,4.88769,0.0367,-8.13003
2013-02-28,81.98,0.15913,80.93481,1.28314,0.90673,4.96454,0.03205,-8.13003
2013-03-01,82.31,0.17594,81.1434,1.42746,1.00813,5.00986,0.03512,-6.94281
2013-03-04,82.22,0.16411,81.21419,1.23087,0.8685,5.0135,0.03273,-6.94281
2013-03-05,82.09,0.16373,81.10357,1.20892,0.85318,5.01084,0.03268,-6.94281
2013-03-06,82.46,0.16841,81.18755,1.55514,1.09784,5.07384,0.03319,-6.94281
2013-03-07,82.08,0.14272,81.07942,1.22653,0.86541,5.11789,0.02789,-6.94281
2013-03-08,82.7,0.15271,81.213,1.81443,1.28104,5.29661,0.02883,-6.94281
2013-03-11,82.57,0.16475,81.45404,1.36074,0.96244,5.19137,0.03174,-6.94281
2013-03-12,82.58,0.17007,81.48531,1.33448,0.9441,5.18228,0.03282,-6.94281
2013-03-13,82.89,0.17321,81.67351,1.47848,1.04568,5.21478,0.03321,-6.94281
2013-03-14,82.61,0.17256,81.64002,1.18111,0.83447,5.21529,0.03309,-6.94281
2013-03-15,82.26,0.16072,81.59019,0.81759,0.57767,5.27552,0.03046,-6.94281
2013-03-18,82.69,0.1885,81.55705,1.37959,0.97486,5.36038,0.03517,-6.94281
2013-03-19,82.99,0.17261,81.59215,1.6987,1.19933,5.30965,0.03251,-6.94281
2013-03-20,82.78,0.1863,81.69737,1.31647,0.92814,5.34421,0.03486,-6.94281
2013-03-21,82.8,0.19301,81.75799,1.26645,0.89212,5.30344,0.03639,-6.94281
2013-03-22,82.53,0.17695,81.69008,1.02293,0.72002,5.34626,0.0331,-6.94281
2013-03-25,82.87,0.16808,81.57392,1.57636,1.10902,5.38982,0.03118,-6.94281
2013-03-26,82.88,0.17408,81.57916,1.58199,1.11164,5.33451,0.03263,-6.94281
2013-03-27,83.21,0.1912,81.61293,1.93799,1.36013,5.37536,0.03557,-6.94281
2013-03-28,82.99,0.18753,81.6111,1.67548,1.17377,5.41375,0.03464,-6.94281
2013-04-01,82.73,0.16573,81.29356,1.75155,1.2254,5.46538,0.03032,-7.30843
2013-04-02,82.94,0.16841,81.43818,1.82733,1.27653,5.4789,0.03074,-7.30843
2013-04-03,82.72,0.16803,81.70028,1.2404,0.86523,5.51724,0.03046,-7.30843
2013-04-04,82.68,0.16235,81.79226,1.07951,0.75288,5.52058,0.02941,-7.30843
2013-04-05,82.5,0.18172,82.16595,0.40573,0.28287,5.37651,0.0338,-7.30843
2013-04-08,82.75,0.17436,82.13598,0.74478,0.51922,5.40134,0.03228,-7.30843
2013-04-09,82.31,0.15866,81.90502,0.49323,0.34385,5.48155,0.02894,-7.30843
2013-04-10,82.53,0.13812,81.89458,0.7729,0.53895,5.49854,0.02512,-7.30843
2013-04-11,82.25,0.14635,82.14176,0.13168,0.0918,5.5327,0.02645,-7.30843
2013-04-12,82.31,0.13291,82.2248,0.10357,0.0722,5.09969,0.02606,-7.30843
2013-04-15,82.42,0.13213,82.06372,0.43321,0.30206,5.07112,0.02605,-7.30843
2013-04-16,81.75,0.14925,82.462,-0.86718,-0.60461,5.35634,0.02786,-7.30843
2013-04-17,82.66,0.15796,82.27485,0.46704,0.32555,5.72956,0.02757,-7.30843
2013-04-18,82.55,0.1658,82.39756,0.18483,0.1289,5.74179,0.02888,-7.30843
2013-04-19,82.71,0.1542,82.48365,0.27404,0.19115,5.72716,0.02692,-7.30843
2013-04-22,82.68,0.17179,82.54995,0.15742,0.1098,5.65937,0.03035,-7.30843
2013-04-23,83.03,0.15847,82.57245,0.55259,0.38553,5.67897,0.02791,-7.30843
2013-04-24,82.93,0.16825,82.44485,0.58672,0.40934,5.69063,0.02957,-7.30843
2013-04-25,82.74,0.16281,82.21103,0.64137,0.44748,5.71963,0.02846,-7.30843
2013-04-26,82.48,0.15688,82.21237,0.325,0.22678,5.73497,0.02735,-7.30843
2013-04-29,82.15,0.14129,82.03553,0.13945,0.09737,5.8065,0.02433,-7.30843
2013-04-30,81.73,0.16134,82.34599,-0.75086,-0.52474,5.8787,0.02744,-7.30843
2013-05-01,81.64,0.14274,82.42975,-0.9627,-0.67307,5.83226,0.02447,-6.49769
2013-05-02,82.21,0.1605,82.25843,-0.05889,-0.04118,5.9678,0.02689,-6.49769
2013-05-03,82.1,0.17965,82.28827,-0.22906,-0.16023,5.97175,0.03008,-6.49769
2013-05-06,82.32,0.16657,82.0876,0.28271,0.19788,5.91048,0.02818,-6.49769
2013-05-07,82.3,0.15615,82.13781,0.19727,0.13808,5.9068,0.02644,-6.49769
2013-05-08,81.9,0.15622,82.16649,-0.32486,-0.22739,5.98539,0.0261,-6.49769
2013-05-09,82.79,0.16511,82.14672,0.78003,0.54601,6.24349,0.02645,-6.49769
2013-05-10,83.14,0.18148,82.37238,0.92758,0.64913,6.28738,0.02886,-6.49769
2013-05-13,83.26,0.16292,82.41073,1.02527,0.7172,6.28975,0.0259,-6.49769
2013-05-14,83.57,0.18255,82.52978,1.25254,0.87609,6.28933,0.02902,-6.49769
2013-05-15,83.83,0.18321,82.40547,1.71392,1.1983,6.30516,0.02906,-6.49769
2013-05-16,83.77,0.17041,82.29976,1.77067,1.23624,6.2616,0.02722,-6.49769
2013-05-17,84.28,0.21164,82.63032,1.97678,1.37811,6.35319,0.03331,-6.49769
2013-05-20,83.81,0.20355,82.53082,1.53806,1.07025,6.46464,0.03149,-6.49769
2013-05-21,83.86,0.18746,82.38383,1.77595,1.23453,6.30483,0.02973,-6.49769
2013-05-22,84.25,0.20285,82.59336,1.98593,1.37893,6.30712,0.03216,-6.49769
2013-05-23,83.8,0.19011,82.52422,1.53412,1.06361,6.41609,0.02963,-6.49769
2013-05-24,83.7,0.17483,82.42791,1.53148,1.06114,6.41274,0.02726,-6.49769
2013-05-28,84.14,0.19873,82.32202,2.18434,1.51225,6.47331,0.0307,-6.49769
2013-05-29,83.64,0.17138,82.3661,1.53479,1.06017,6.55693,0.02614,-6.49769
2013-05-30,83.01,0.17112,82.43646,0.69333,0.4784,6.68822,0.02559,-6.49769
2013-05-31,83.38,0.16993,82.48939,1.07387,0.7408,6.69874,0.02537,-6.49769
2013-06-03,82.68,0.15511,82.195,0.58833,0.40566,6.91383,0.02243,-5.58852
2013-06-04,82.77,0.16813,82.12184,0.78617,0.54217,6.90822,0.02434,-5.58852
2013-06-05,82.57,0.15155,81.94072,0.76504,0.52755,6.86892,0.02206,-5.58852
2013-06-06,81.52,0.11414,81.73839,-0.26754,-0.18446,7.27621,0.01569,-5.58852
2013-06-07,81.69,0.12524,81.82866,-0.16959,-0.11692,7.12395,0.01758,-5.58852
2013-06-10,81.65,0.11158,81.79639,-0.17913,-0.1235,7.11873,0.01567,-5.58852
2013-06-11,81.06,0.09004,81.64102,-0.71422,-0.49259,7.25753,0.01241,-5.58852
2013-06-12,80.96,0.10779,81.53943,-0.71315,-0.49181,7.21302,0.01494,-5.58852
2013-06-13,80.62,0.11469,81.67427,-1.29923,-0.89579,7.22888,0.01587,-5.58852
2013-06-14,80.67,0.10678,81.55245,-1.08796,-0.7512,7.1887,0.01485,-5.58852
2013-06-17,80.57,0.09028,81.48404,-1.12808,-0.77959,7.10251,0.01271,-5.58852
2013-06-18,80.62,0.06657,81.14544,-0.64963,-0.44879,7.05846,0.00943,-5.58852
2013-06-19,81.43,0.11174,81.39071,0.04826,0.03334,7.3478,0.01521,-5.58852
2013-06-20,81.84,0.05092,81.22377,0.75581,0.52217,7.42292,0.00686,-5.58852
2013-06-21,82.32,0.08897,81.72694,0.72304,0.49941,7.49264,0.01187,-5.58852
2013-06-24,82.43,0.06317,81.45633,1.18824,0.82053,7.45057,0.00848,-5.58852
2013-06-25,82.58,0.10498,81.81943,0.92528,0.63851,7.4602,0.01407,-5.58852
2013-06-26,82.95,0.11226,81.92226,1.24673,0.8602,7.47176,0.01503,-5.58852
2013-06-27,82.91,0.10864,81.79032,1.35968,0.93783,7.45369,0.01458,-5.58852
2013-06-28,83.17,0.09293,81.79338,1.66903,1.15059,7.4524,0.01247,-5.58852
2013-07-01,82.98,0.09065,81.72801,1.52029,1.04723,7.45034,0.01217,-4.93286
2013-07-02,83.54,0.1137,81.73241,2.1875,1.50644,7.54963,0.01506,-4.93286
2013-07-03,83.23,0.13734,81.6693,1.89298,1.30081,7.58839,0.0181,-4.93286
2013-07-05,84.42,0.21927,82.02426,2.87893,1.97502,8.07892,0.02714,-4.93286
2013-07-08,84.2,0.21853,82.07898,2.55129,1.74358,8.08211,0.02704,-4.93286
2013-07-09,84.58,0.22384,82.11802,2.95403,2.01326,8.04403,0.02783,-4.93286
2013-07-10,84.04,0.23054,82.09441,2.3423,1.59173,8.14553,0.0283,-4.93286
2013-07-11,82.75,0.17677,81.90902,1.02149,0.69316,8.706,0.0203,-4.93286
2013-07-12,82.99,0.22057,82.05192,1.13679,0.77112,8.72318,0.02529,-4.93286
2013-07-15,83.04,0.20768,81.94972,1.32165,0.89621,8.72029,0.02382,-4.93286
2013-07-16,82.43,0.21659,81.89912,0.64612,0.43778,8.69121,0.02492,-4.93286
2013-07-17,82.71,0.20564,81.91103,0.97068,0.65761,8.43016,0.02439,-4.93286
2013-07-18,82.82,0.21159,81.95072,1.05514,0.71452,8.42975,0.0251,-4.93286
2013-07-19,82.58,0.21933,82.30968,0.32788,0.22193,8.44132,0.02598,-4.93286
2013-07-22,82.22,0.20556,82.25746,-0.04555,-0.03084,8.48574,0.02422,-4.93286
2013-07-23,82.01,0.17663,82.01108,-0.00132,-0.00089,8.45399,0.02089,-4.93286
2013-07-24,82.3,0.16874,82.06395,0.28723,0.19465,8.48401,0.01989,-4.93286
2013-07-25,81.97,0.15178,81.95004,0.02436,0.01653,8.50892,0.01784,-4.93286
2013-07-26,81.62,0.1438,82.01252,-0.47976,-0.32604,8.52812,0.01686,-4.93286
2013-07-29,81.66,0.16004,81.9749,-0.38487,-0.26175,8.49313,0.01884,-4.93286
2013-07-30,81.83,0.16486,82.07532,-0.29934,-0.20382,8.44176,0.01953,-4.93286
2013-07-31,81.45,0.13859,81.82988,-0.46532,-0.31722,8.4907,0.01632,-4.93286
2013-08-01,82.34,0.17842,81.87991,0.56033,0.38223,8.65602,0.02061,-5.05896
2013-08-02,81.91,0.13554,81.91559,-0.00683,-0.00467,8.71586,0.01555,-5.05896
2013-08-05,81.88,0.15219,82.06419,-0.2247,-0.15391,8.6986,0.0175,-5.05896
2013-08-06,81.6,0.14151,81.93122,-0.40508,-0.27831,8.72419,0.01622,-5.05896
2013-08-07,81.29,0.14287,81.98082,-0.84623,-0.58318,8.70325,0.01642,-5.05896
2013-08-08,81.01,0.12399,82.03772,-1.26066,-0.87344,8.43882,0.01469,-5.05896
2013-08-09,81.13,0.14498,81.80601,-0.8298,-0.57691,8.39629,0.01727,-5.05896
2013-08-12,81.33,0.14604,81.79473,-0.56979,-0.39768,8.4078,0.01737,-5.05896
2013-08-13,81.73,0.12783,81.6706,0.07271,0.05095,8.43464,0.01516,-5.05896
2013-08-14,81.7,0.12185,81.48443,0.2642,0.1865,8.40529,0.0145,-5.05896
2013-08-15,81.13,0.12702,81.14402,-0.01729,-0.01228,8.508,0.01493,-5.05896
2013-08-16,81.26,0.13722,81.23363,0.03246,0.02327,8.414,0.01631,-5.05896
2013-08-19,81.23,0.12189,81.05845,0.21142,0.15286,8.35214,0.01459,-5.05896
2013-08-20,80.91,0.13447,81.26908,-0.44282,-0.32258,8.37737,0.01605,-5.05896
2013-08-21,81.32,0.14098,81.211,0.13413,0.09845,8.38825,0.01681,-5.05896
2013-08-22,81.49,0.17861,81.50819,-0.02232,-0.01656,8.34737,0.0214,-5.05896
2013-08-23,81.34,0.12112,81.20147,0.17046,0.12763,8.35074,0.0145,-5.05896
2013-08-26,81.37,0.16323,81.2948,0.09247,0.06973,8.27211,0.01973,-5.05896
2013-08-27,81.17,0.14016,80.52952,0.79218,0.60418,8.20813,0.01708,-5.05896
2013-08-28,81.42,0.15705,80.34634,1.32744,1.02226,8.11004,0.01937,-5.05896
2013-08-29,81.95,0.15263,80.47977,1.81034,1.40545,8.16873,0.01868,-5.05896
2013-08-30,82.09,0.14877,80.59171,1.84204,1.43779,8.00735,0.01858,-5.05896
2013-09-03,82.36,0.17527,80.53849,2.23646,1.75234,8.03274,0.02182,-5.36314
2013-09-04,82.17,0.19725,80.81142,1.6672,1.31206,8.03147,0.02456,-5.36314
2013-09-05,82.63,0.2139,80.86035,2.16492,1.70525,7.68187,0.02784,-5.36314
2013-09-06,82.15,0.19869,80.70194,1.77843,1.4018,7.76608,0.02558,-5.36314
2013-09-09,81.79,0.18671,80.97401,1.00268,0.79021,7.81695,0.02388,-5.36314
2013-09-10,81.82,0.21459,81.51219,0.37691,0.29694,7.67581,0.02796,-5.36314
2013-09-11,81.52,0.20489,81.51846,0.00189,0.00149,7.7091,0.02658,-5.36314
2013-09-12,81.49,0.20728,81.33731,0.18755,0.14783,7.65977,0.02706,-5.36314
2013-09-13,81.45,0.20294,81.31408,0.16702,0.1317,7.66035,0.02649,-5.36314
2013-09-16,81.25,0.17503,81.17195,0.09611,0.07583,7.67321,0.02281,-5.36314
2013-09-17,81.17,0.14807,81.0422,0.15757,0.12444,7.67579,0.01929,-5.36314
2013-09-18,80.24,0.08666,81.1518,-1.12993,-0.89278,7.7552,0.01117,-5.36314
2013-09-19,80.36,0.12507,81.58456,-1.51235,-1.19507,7.68984,0.01626,-5.36314
2013-09-20,80.44,0.11446,81.47578,-1.27942,-1.00992,7.59305,0.01507,-5.36314
2013-09-23,80.45,0.14188,81.59516,-1.41341,-1.11457,7.58587,0.0187,-5.36314
2013-09-24,80.56,0.15323,81.60041,-1.28321,-1.01092,7.58107,0.02021,-5.36314
2013-09-25,80.33,0.15141,81.6339,-1.61015,-1.26768,7.53152,0.0201,-5.36314
2013-09-26,80.52,0.13207,81.42769,-1.12099,-0.88151,7.55339,0.01748,-5.36314
2013-09-27,80.27,0.15161,81.45439,-1.46474,-1.15147,7.53576,0.02012,-5.36314
2013-09-30,80.22,0.13314,81.31197,-1.35204,-1.06194,7.52763,0.01769,-5.36314
2013-10-01,80.1,0.13779,81.46872,-1.69433,-1.32932,7.38343,0.01866,-6.55923
2013-10-02,79.88,0.12011,81.14702,-1.57372,-1.23306,7.36971,0.0163,-6.55923
2013-10-03,79.77,0.13768,81.15993,-1.72742,-1.35151,6.7243,0.02047,-6.55923
2013-10-04,80.12,0.13545,81.16147,-1.29151,-1.00873,6.7969,0.01993,-6.55923
2013-10-07,79.94,0.18834,81.15926,-1.51371,-1.18108,6.71693,0.02804,-6.55923
2013-10-09,80.37,0.17348,81.1479,-0.96324,-0.7506,6.73699,0.02575,-6.55923
2013-10-10,80.42,0.14697,80.9345,-0.63774,-0.49679,6.0363,0.02435,-6.55923
2013-10-11,80.36,0.15416,81.09111,-0.90568,-0.70545,5.99799,0.0257,-6.55923
2013-10-14,80.26,0.15474,81.09019,-1.02906,-0.80158,5.99543,0.02581,-6.55923
2013-10-15,80.48,0.16769,81.06959,-0.72992,-0.56869,5.86673,0.02858,-6.55923
2013-10-16,80.5,0.11115,81.05156,-0.68283,-0.53223,5.81809,0.0191,-6.55923
2013-10-17,79.65,0.12711,81.21896,-1.95066,-1.5212,6.15214,0.02066,-6.55923
2013-10-18,79.64,0.14297,81.31885,-2.08613,-1.62407,6.13531,0.0233,-6.55923
2013-10-21,79.68,0.13821,81.43962,-2.18433,-1.69759,6.09007,0.02269,-6.55923
2013-10-22,79.24,0.13488,81.35724,-2.63686,-2.04458,6.15979,0.0219,-6.55923
2013-10-23,79.26,0.13953,81.62738,-2.94312,-2.27896,6.1063,0.02285,-6.55923
2013-10-24,79.19,0.15338,81.79175,-3.23264,-2.4998,6.067,0.02528,-6.55923
2013-10-25,79.18,0.1297,81.69355,-3.12514,-2.40836,6.01985,0.02154,-6.55923
2013-10-28,79.25,0.13132,81.32861,-2.58904,-1.99504,6.02295,0.0218,-6.55923
2013-10-29,79.63,0.12245,81.3548,-2.1429,-1.66453,6.09344,0.0201,-6.55923
2013-10-30,79.75,0.16205,81.38127,-2.02484,-1.5877,6.04431,0.02681,-6.55923
2013-10-31,80.2,0.17163,81.52595,-1.63978,-1.28968,5.73234,0.02994,-6.55923
2013-11-01,80.73,0.19956,82.02508,-1.59148,-1.25192,5.81553,0.03431,-5.95859
2013-11-04,80.55,0.19191,81.96777,-1.7448,-1.37404,5.82926,0.03292,-5.95859
2013-11-05,80.71,0.15887,81.92453,-1.4936,-1.17919,5.81024,0.02734,-5.95859
2013-11-06,80.48,0.14086,81.8966,-1.74487,-1.37972,5.78912,0.02433,-5.95859
2013-11-07,80.82,0.18089,82.18018,-1.66896,-1.32005,5.81494,0.03111,-5.95859
2013-11-08,81.21,0.18769,82.03327,-1.00865,-0.79896,5.88807,0.03188,-5.95859
2013-11-11,81.09,0.18961,81.88895,-0.98045,-0.77642,5.87425,0.03228,-5.95859
2013-11-12,81.19,0.21662,82.03503,-1.03543,-0.81978,5.79374,0.03739,-5.95859
2013-11-13,80.93,0.21212,81.85984,-1.1424,-0.90526,5.82672,0.0364,-5.95859
2013-11-14,80.98,0.17653,81.55835,-0.71164,-0.56387,5.65946,0.03119,-5.95859
2013-11-15,80.84,0.19,81.60823,-0.94583,-0.74927,5.65967,0.03357,-5.95859
2013-11-18,80.83,0.19347,81.57203,-0.91383,-0.72351,5.65938,0.03419,-5.95859
2013-11-19,80.7,0.16816,81.66538,-1.18917,-0.9411,5.61355,0.02996,-5.95859
2013-11-20,81.11,0.15415,81.47057,-0.44356,-0.35091,5.61404,0.02746,-5.95859
2013-11-21,81.05,0.16141,81.28073,-0.28426,-0.22491,5.59892,0.02883,-5.95859
2013-11-22,80.71,0.1698,81.20913,-0.61652,-0.48784,5.64872,0.03006,-5.95859
2013-11-25,80.92,0.16314,81.16777,-0.30572,-0.2419,5.67417,0.02875,-5.95859
2013-11-26,80.61,0.15828,81.16741,-0.68911,-0.54582,5.70418,0.02775,-5.95859
2013-11-27,80.74,0.14484,81.06195,-0.39796,-0.31538,5.67842,0.02551,-5.95859
2013-11-29,80.68,0.14939,81.23993,-0.69161,-0.54832,5.51759,0.02708,-5.95859
2013-12-02,80.91,0.16223,81.05707,-0.1816,-0.14397,5.53867,0.02929,-5.89855
2013-12-03,80.62,0.14337,80.83966,-0.27209,-0.21593,5.53206,0.02592,-5.89855
2013-12-04,80.63,0.14669,80.93032,-0.37177,-0.29512,5.51822,0.02658,-5.89855
2013-12-05,80.27,0.11358,80.90471,-0.78762,-0.62548,5.44859,0.02085,-5.89855
2013-12-06,80.27,0.10226,80.83382,-0.69995,-0.55581,5.33887,0.01915,-5.89855
2013-12-09,80.13,0.10186,81.10222,-1.20601,-0.958,5.28374,0.01928,-5.89855
2013-12-10,79.97,0.10149,81.0832,-1.38242,-1.09757,5.29232,0.01918,-5.89855
2013-12-11,79.89,0.09976,80.99352,-1.37185,-1.08854,5.25121,0.019,-5.89855
2013-12-12,80.2,0.11363,81.15887,-1.18851,-0.94198,5.31773,0.02137,-5.89855
2013-12-13,80.21,0.11157,81.12278,-1.13156,-0.89664,5.31803,0.02098,-5.89855
2013-12-16,80.07,0.11281,80.92232,-1.05884,-0.83854,5.30788,0.02125,-5.89855
2013-12-17,80.06,0.12061,80.95041,-1.10604,-0.87531,5.30571,0.02273,-5.89855
2013-12-18,80.11,0.09747,80.93496,-1.02451,-0.81033,4.78431,0.02037,-5.89855
2013-12-19,80.63,0.12406,81.02783,-0.49219,-0.38907,4.94922,0.02507,-5.89855
2013-12-20,80.58,0.14189,80.92377,-0.4257,-0.3365,4.94727,0.02868,-5.89855
2013-12-23,80.45,0.15844,81.02492,-0.71209,-0.56283,4.9581,0.03196,-5.89855
2013-12-24,80.53,0.15963,81.00227,-0.58475,-0.46207,4.95449,0.03222,-5.89855
2013-12-26,80.48,0.20003,81.13105,-0.8057,-0.6366,4.92222,0.04064,-5.89855
2013-12-27,80.39,0.1628,80.97164,-0.72092,-0.56956,4.90437,0.03319,-5.89855
2013-12-30,80.0,0.16716,81.06864,-1.32695,-1.04803,4.9614,0.03369,-5.89855
2013-12-31,80.04,0.16178,81.09123,-1.30483,-1.02943,4.96124,0.03261,-5.89855
2014-01-02,80.63,0.16706,81.45805,-1.02175,-0.80531,5.16627,0.03234,-4.75653
2014-01-03,80.79,0.19093,81.65542,-1.0655,-0.83928,5.14664,0.0371,-4.75653
2014-01-06,80.65,0.18958,81.67327,-1.2608,-0.99267,5.15151,0.0368,-4.75653
2014-01-07,80.83,0.18691,81.6009,-0.94921,-0.74787,5.09789,0.03666,-4.75653
2014-01-08,81.04,0.21492,81.72746,-0.84472,-0.66727,5.09767,0.04216,-4.75653
2014-01-09,81.01,0.22393,81.85663,-1.03967,-0.82278,4.99018,0.04487,-4.75653
2014-01-10,80.66,0.19462,81.66023,-1.23243,-0.97682,5.06785,0.0384,-4.75653
2014-01-13,80.51,0.19976,81.71464,-1.48517,-1.17963,5.07984,0.03932,-4.75653
2014-01-14,80.61,0.1894,81.73562,-1.38672,-1.10096,5.07882,0.03729,-4.75653
2014-01-15,81.0,0.19474,81.66429,-0.81676,-0.64919,5.14024,0.03789,-4.75653
2014-01-16,80.9,0.21433,81.74843,-1.04328,-0.83121,5.14709,0.04164,-4.75653
2014-01-17,81.26,0.2171,81.76474,-0.61922,-0.49346,4.74039,0.0458,-4.75653
2014-01-21,81.1,0.22312,81.78076,-0.8359,-0.66621,4.76173,0.04686,-4.75653
2014-01-22,81.17,0.25548,81.77597,-0.74377,-0.59265,4.76293,0.05364,-4.75653
2014-01-23,80.44,0.21282,81.65266,-1.49628,-1.19184,4.98319,0.04271,-4.75653
2014-01-24,80.46,0.21332,81.55058,-1.34633,-1.07097,4.98319,0.04281,-4.75653
2014-01-27,80.5,0.20503,81.65787,-1.42811,-1.13473,4.9782,0.04119,-4.75653
2014-01-28,80.57,0.21864,81.6499,-1.33142,-1.05658,4.97904,0.04391,-4.75653
2014-01-29,80.51,0.21032,81.5292,-1.25798,-0.99758,4.98162,0.04222,-4.75653
2014-01-30,81.09,0.23016,81.59075,-0.61563,-0.4878,5.09199,0.0452,-4.75653
2014-01-31,81.27,0.23693,81.77753,-0.62257,-0.49325,5.10088,0.04645,-4.75653
2014-02-03,81.01,0.19887,81.61432,-0.74321,-0.58907,5.03133,0.03953,-4.56075
2014-02-04,81.12,0.20751,81.70709,-0.72112,-0.57174,4.86578,0.04265,-4.56075
2014-02-05,81.03,0.21585,81.65841,-0.77254,-0.61253,4.84929,0.04451,-4.56075
2014-02-06,80.89,0.19038,81.4974,-0.74809,-0.593,4.84734,0.03927,-4.56075
2014-02-07,80.69,0.18571,81.23943,-0.67861,-0.53814,4.83876,0.03838,-4.56075
2014-02-10,80.67,0.19856,81.39376,-0.89318,-0.70847,4.76402,0.04168,-4.56075
2014-02-11,80.63,0.22699,81.50176,-1.07539,-0.85289,4.66188,0.04869,-4.56075
2014-02-12,80.68,0.2323,81.5075,-1.02044,-0.80876,4.65579,0.0499,-4.56075
2014-02-13,80.29,0.21347,81.44921,-1.43346,-1.13555,4.74399,0.045,-4.56075
2014-02-14,80.13,0.20297,81.42528,-1.60355,-1.26877,4.71863,0.04302,-4.56075
2014-02-18,80.01,0.19139,81.37485,-1.69146,-1.33647,4.72348,0.04052,-4.56075
2014-02-19,80.17,0.21667,81.21225,-1.29168,-1.01886,4.73294,0.04578,-4.56075
2014-02-20,80.29,0.21756,81.24818,-1.18633,-0.93486,4.74413,0.04586,-4.56075
2014-02-21,80.24,0.21075,81.27727,-1.28443,-1.01131,4.73552,0.0445,-4.56075
2014-02-24,80.21,0.22101,81.22773,-1.26085,-0.99195,4.61819,0.04786,-4.56075
2014-02-25,80.15,0.21309,81.34455,-1.4794,-1.16275,4.61824,0.04614,-4.56075
2014-02-26,80.41,0.22199,81.34936,-1.16143,-0.9117,4.59431,0.04832,-4.56075
2014-02-27,80.29,0.2385,81.47226,-1.46175,-1.14657,4.57093,0.05218,-4.56075
2014-02-28,79.78,0.19102,81.30095,-1.88848,-1.48045,4.68138,0.0408,-4.56075
2014-03-03,80.07,0.19875,81.02661,-1.18763,-0.9291,4.72961,0.04202,-4.11407
2014-03-04,80.16,0.21662,81.34262,-1.46455,-1.14475,4.73454,0.04575,-4.11407
2014-03-05,80.11,0.21008,81.50791,-1.72993,-1.35063,4.6974,0.04472,-4.11407
2014-03-06,79.68,0.21644,81.47395,-2.22647,-1.73527,4.76381,0.04543,-4.11407
2014-03-07,79.72,0.21245,81.35072,-2.02492,-1.57423,4.76541,0.04458,-4.11407
2014-03-10,79.75,0.21332,81.45751,-2.11848,-1.6438,4.68581,0.04552,-4.11407
2014-03-11,79.77,0.21201,81.3761,-1.99342,-1.54269,4.6863,0.04524,-4.11407
2014-03-12,79.61,0.22183,81.47282,-2.31298,-1.78807,4.69034,0.0473,-4.11407
2014-03-13,79.62,0.19538,81.42582,-2.24271,-1.7296,4.67466,0.0418,-4.11407
2014-03-14,79.44,0.2245,81.32335,-2.34311,-1.80456,4.69167,0.04785,-4.11407
2014-03-17,79.39,0.23455,81.39348,-2.49228,-1.91738,4.62303,0.05074,-4.11407
2014-03-18,79.41,0.20971,81.57057,-2.68442,-2.06021,4.62342,0.04536,-4.11407
2014-03-19,79.99,0.31159,81.96814,-2.4429,-1.86938,4.84445,0.06432,-4.11407
2014-03-20,80.21,0.25603,81.73253,-1.88039,-1.43478,4.87576,0.05251,-4.11407
2014-03-21,80.11,0.25837,81.65769,-1.91353,-1.45776,4.88085,0.05294,-4.11407
2014-03-24,79.93,0.2926,81.75745,-2.26057,-1.71943,4.71994,0.06199,-4.11407
2014-03-25,79.94,0.30976,81.79817,-2.29785,-1.74364,4.7192,0.06564,-4.11407
2014-03-26,79.98,0.30378,81.73167,-2.16649,-1.63945,4.71104,0.06448,-4.11407
2014-03-27,80.11,0.32067,81.65772,-1.91357,-1.44425,4.71863,0.06796,-4.11407
2014-03-28,80.18,0.3109,81.5914,-1.74498,-1.31447,4.72117,0.06585,-4.11407
2014-03-31,80.1,0.28517,81.5748,-1.82445,-1.37208,4.72013,0.06041,-4.11407
2014-04-01,80.08,0.28175,81.86865,-2.209,-1.6582,4.6183,0.06101,-4.1769
2014-04-02,80.22,0.30174,82.00774,-2.20408,-1.65003,4.63033,0.06517,-4.1769
2014-04-03,80.47,0.29218,81.7739,-1.60737,-1.2001,4.43191,0.06593,-4.1769
2014-04-04,80.42,0.27882,81.64342,-1.50984,-1.12599,4.41438,0.06316,-4.1769
2014-04-07,80.22,0.26776,81.69233,-1.81873,-1.35508,4.42851,0.06046,-4.1769
2014-04-08,79.75,0.24653,81.41319,-2.06405,-1.53652,4.55135,0.05417,-4.1769
2014-04-09,79.48,0.20396,81.31669,-2.28458,-1.6975,4.55868,0.04474,-4.1769
2014-04-10,79.38,0.21896,81.35044,-2.45198,-1.81739,4.56264,0.04799,-4.1769
2014-04-11,79.45,0.22625,81.34301,-2.3547,-1.74007,4.49515,0.05033,-4.1769
2014-04-14,79.73,0.22406,81.12093,-1.7295,-1.27427,4.54477,0.0493,-4.1769
2014-04-15,79.8,0.24919,81.22255,-1.76694,-1.30067,4.54081,0.05488,-4.1769
2014-04-16,79.82,0.25481,81.26873,-1.79873,-1.32192,4.42736,0.05755,-4.1769
2014-04-17,79.83,0.27975,81.23835,-1.7488,-1.28303,4.4232,0.06325,-4.1769
2014-04-21,79.95,0.26975,81.1577,-1.49928,-1.09819,4.33579,0.06221,-4.1769
2014-04-22,79.91,0.28425,81.26894,-1.68628,-1.23372,4.32213,0.06577,-4.1769
2014-04-23,79.86,0.25801,81.23136,-1.70263,-1.24384,4.31702,0.05976,-4.1769
2014-04-24,79.8,0.26049,81.06009,-1.56672,-1.14282,3.93344,0.06622,-4.1769
2014-04-25,79.77,0.26556,81.1317,-1.69263,-1.2331,3.933,0.06752,-4.1769
2014-04-28,79.68,0.26609,81.32196,-2.03974,-1.48389,3.9358,0.06761,-4.1769
2014-04-29,79.81,0.28326,81.21927,-1.75038,-1.27081,3.94683,0.07177,-4.1769
2014-04-30,79.49,0.27632,81.32527,-2.28255,-1.65519,4.02045,0.06873,-4.1769
2014-05-01,79.53,0.26692,81.34092,-2.25149,-1.6289,3.73383,0.07149,-4.12952
2014-05-02,79.52,0.28497,81.23361,-2.13206,-1.53899,3.69865,0.07705,-4.12952
2014-05-05,79.49,0.30211,81.32501,-2.28224,-1.64402,3.65277,0.08271,-4.12952
2014-05-06,79.14,0.28838,81.36165,-2.76856,-1.99003,3.72785,0.07736,-4.12952
2014-05-07,79.22,0.25962,81.1937,-2.46089,-1.76315,3.73537,0.0695,-4.12952
2014-05-08,79.43,0.27349,81.18631,-2.18705,-1.56296,3.77247,0.0725,-4.12952
2014-05-09,79.9,0.28292,81.19482,-1.60756,-1.14659,3.94319,0.07175,-4.12952
2014-05-12,79.9,0.28627,81.12404,-1.52035,-1.08309,3.94327,0.0726,-4.12952
2014-05-13,80.14,0.28798,81.00101,-1.06865,-0.76053,3.99254,0.07213,-4.12952
2014-05-14,80.07,0.30363,80.86184,-0.98408,-0.7,3.99282,0.07605,-4.12952
2014-05-15,80.0,0.30992,80.80165,-0.99708,-0.70891,3.87918,0.07989,-4.12952
2014-05-16,80.04,0.29674,80.81785,-0.96714,-0.68749,3.86058,0.07686,-4.12952
2014-05-19,79.99,0.27976,80.95658,-1.20114,-0.85377,3.8509,0.07265,-4.12952
2014-05-20,80.04,0.27007,80.90394,-1.0736,-0.76261,3.83164,0.07048,-4.12952
2014-05-21,80.1,0.28256,80.80171,-0.87223,-0.61921,3.82249,0.07392,-4.12952
2014-05-22,80.25,0.29531,80.80888,-0.69401,-0.49251,3.83947,0.07692,-4.12952
2014-05-23,80.39,0.29836,80.7969,-0.50488,-0.35831,3.85436,0.07741,-4.12952
2014-05-27,80.35,0.33137,80.84263,-0.61124,-0.43389,3.85262,0.08601,-4.12952
2014-05-28,80.57,0.31616,80.87552,-0.37848,-0.26883,3.83688,0.0824,-4.12952
2014-05-29,80.49,0.31174,80.86639,-0.46654,-0.33171,3.8301,0.08139,-4.12952
2014-05-30,80.37,0.30133,80.95244,-0.72209,-0.51394,3.61644,0.08332,-4.12952
2014-06-02,80.64,0.33187,81.01214,-0.46042,-0.32811,3.60601,0.09203,-3.67479
2014-06-03,80.55,0.33786,81.00653,-0.56517,-0.40319,3.60832,0.09363,-3.67479
2014-06-04,80.67,0.34703,81.04577,-0.46473,-0.33161,3.61636,0.09596,-3.67479
2014-06-05,80.37,0.34363,81.01076,-0.7941,-0.56664,3.52821,0.09739,-3.67479
2014-06-06,80.41,0.37602,81.04665,-0.78864,-0.56274,3.52819,0.10658,-3.67479
2014-06-09,80.65,0.38473,80.83596,-0.23031,-0.1643,3.57352,0.10766,-3.67479
2014-06-10,80.82,0.39856,80.88542,-0.08092,-0.05773,3.59425,0.11089,-3.67479
2014-06-11,80.79,0.39982,80.8086,-0.02302,-0.01642,3.56806,0.11206,-3.67479
2014-06-12,80.58,0.39024,80.40442,0.21814,0.15564,3.61286,0.10801,-3.67479
2014-06-13,80.58,0.42361,80.35155,0.28392,0.20257,3.57858,0.11837,-3.67479
2014-06-16,80.47,0.46524,80.32752,0.17722,0.12645,3.58875,0.12964,-3.67479
2014-06-17,80.63,0.47474,80.30846,0.39958,0.28518,3.60621,0.13165,-3.67479
2014-06-18,80.58,0.44714,80.28168,0.3709,0.26484,3.31406,0.13492,-3.67479
2014-06-19,80.32,0.45693,80.17691,0.17831,0.12737,3.33685,0.13693,-3.67479
2014-06-20,80.37,0.4647,80.17298,0.24545,0.1756,3.32888,0.1396,-3.67479
2014-06-23,80.26,0.4545,80.23318,0.03343,0.02398,3.30876,0.13736,-3.67479
2014-06-24,80.33,0.46101,80.11501,0.268,0.19261,3.31267,0.13917,-3.67479
2014-06-25,80.22,0.46017,80.17093,0.06119,0.04406,3.32407,0.13843,-3.67479
2014-06-26,80.23,0.44164,80.27155,-0.05177,-0.03732,3.30866,0.13348,-3.67479
2014-06-27,80.04,0.4227,80.26854,-0.28512,-0.20573,3.33829,0.12662,-3.67479
2014-06-30,79.78,0.44227,80.35212,-0.71456,-0.51589,3.39494,0.13027,-3.67479
2014-07-01,79.82,0.4556,80.3257,-0.63155,-0.45635,3.39658,0.13414,-3.81524
2014-07-02,79.96,0.46785,80.44471,-0.60437,-0.4371,3.39671,0.13774,-3.81524
2014-07-03,80.21,0.50395,80.42344,-0.26575,-0.19234,3.39709,0.14835,-3.81524
2014-07-07,80.22,0.50873,80.49354,-0.34041,-0.24644,3.39528,0.14983,-3.81524
2014-07-08,80.18,0.50546,80.67084,-0.61031,-0.44189,3.36004,0.15043,-3.81524
2014-07-09,79.99,0.50327,80.76229,-0.96086,-0.69577,3.17955,0.15828,-3.81524
2014-07-10,80.13,0.4574,80.71686,-0.72972,-0.52847,3.1192,0.14664,-3.81524
2014-07-11,80.19,0.47605,80.98791,-0.99011,-0.71714,3.10871,0.15314,-3.81524
2014-07-14,80.19,0.47102,80.92261,-0.90944,-0.65932,3.1054,0.15168,-3.81524
2014-07-15,80.39,0.48724,81.00713,-0.76474,-0.55526,3.06663,0.15888,-3.81524
2014-07-16,80.56,0.49293,81.02457,-0.57502,-0.41807,3.08872,0.15959,-3.81524
2014-07-17,80.52,0.46568,80.92635,-0.50339,-0.36654,3.09135,0.15064,-3.81524
2014-07-18,80.52,0.50153,80.73112,-0.26185,-0.19097,3.09147,0.16223,-3.81524
2014-07-21,80.56,0.5001,80.63424,-0.09212,-0.0673,3.07994,0.16237,-3.81524
2014-07-22,80.78,0.474,80.74504,0.04328,0.03171,3.12087,0.15188,-3.81524
2014-07-23,80.81,0.48778,80.64303,0.20683,0.15216,3.11687,0.1565,-3.81524
2014-07-24,80.87,0.51382,80.71521,0.1916,0.14143,3.11289,0.16506,-3.81524
2014-07-25,81.03,0.5209,80.48457,0.67539,0.50087,3.13036,0.1664,-3.81524
2014-07-28,81.03,0.52658,80.60621,0.52437,0.3901,3.11828,0.16887,-3.81524
2014-07-29,81.21,0.53019,80.54764,0.81895,0.61025,3.13095,0.16934,-3.81524
2014-07-30,81.42,0.54454,80.69374,0.896,0.66874,3.04001,0.17912,-3.81524
2014-07-31,81.46,0.51209,80.64117,1.01027,0.75548,3.03999,0.16845,-3.81524
2014-08-01,81.3,0.46129,80.89311,0.50174,0.37562,3.07453,0.15004,-3.14882
2014-08-04,81.33,0.46073,80.89718,0.53359,0.40082,3.07096,0.15003,-3.14882
2014-08-05,81.52,0.45266,80.90653,0.75539,0.56976,2.93804,0.15407,-3.14882
2014-08-06,81.44,0.4789,80.89641,0.66971,0.50605,2.95015,0.16233,-3.14882
2014-08-07,81.52,0.43666,80.84213,0.83501,0.63216,2.9181,0.14964,-3.14882
2014-08-08,81.39,0.44894,80.93204,0.56426,0.42831,2.72379,0.16482,-3.14882
2014-08-11,81.47,0.47178,81.03292,0.53794,0.40982,2.72658,0.17303,-3.14882
2014-08-12,81.5,0.45019,81.31374,0.2288,0.17523,2.67128,0.16853,-3.14882
2014-08-13,81.6,0.43443,81.24923,0.43079,0.33153,2.66784,0.16284,-3.14882
2014-08-14,81.59,0.42571,81.6421,-0.06384,-0.04934,2.6586,0.16013,-3.14882
2014-08-15,81.42,0.42509,81.59808,-0.21849,-0.16975,2.70114,0.15738,-3.14882
2014-08-18,81.58,0.44553,81.69095,-0.13591,-0.10637,2.71579,0.16405,-3.14882
2014-08-19,81.88,0.46934,81.66953,0.25738,0.20281,2.79713,0.16779,-3.14882
2014-08-20,82.25,0.50311,81.53074,0.87833,0.69598,2.91685,0.17249,-3.14882
2014-08-21,82.15,0.49938,81.50053,0.79373,0.63196,2.9198,0.17103,-3.14882
2014-08-22,82.34,0.53228,81.53522,0.98219,0.78488,2.9328,0.18149,-3.14882
2014-08-25,82.55,0.56314,81.41891,1.37966,1.10456,2.95886,0.19032,-3.14882
2014-08-26,82.65,0.54047,81.52979,1.36464,1.0939,2.92611,0.18471,-3.14882
2014-08-27,82.43,0.53903,81.50729,1.1257,0.90359,2.97724,0.18105,-3.14882
2014-08-28,82.48,0.52195,81.57775,1.09993,0.88431,2.95315,0.17674,-3.14882
2014-08-29,82.75,0.50332,81.50128,1.52053,1.2236,2.94973,0.17063,-3.14882
2014-09-02,82.99,0.55848,81.91629,1.30223,1.0488,2.97439,0.18776,-1.86921
2014-09-03,82.87,0.54264,81.52339,1.63832,1.32223,2.99158,0.18139,-1.86921
2014-09-04,83.82,0.60284,81.58873,2.69805,2.17904,3.60465,0.16724,-1.86921
2014-09-05,83.76,0.58798,81.93444,2.20361,1.77629,3.61513,0.16264,-1.86921
2014-09-08,84.23,0.60933,82.00129,2.68162,2.15936,3.72003,0.1638,-1.86921
2014-09-09,84.28,0.62383,82.15403,2.55486,2.0506,3.70891,0.1682,-1.86921
2014-09-10,84.25,0.638,82.50408,2.09408,1.6741,3.70874,0.17203,-1.86921
2014-09-11,84.3,0.63796,82.57134,2.07193,1.65266,3.64886,0.17484,-1.86921
2014-09-12,84.24,0.62308,82.79523,1.72994,1.37637,3.65731,0.17036,-1.86921
2014-09-15,84.26,0.63461,82.84084,1.69861,1.34904,3.63439,0.17461,-1.86921
2014-09-16,84.07,0.5962,83.0949,1.16665,0.92499,3.67369,0.16229,-1.86921
2014-09-17,84.7,0.64705,82.56747,2.54998,2.02089,3.9074,0.1656,-1.86921
2014-09-18,84.32,0.62854,82.99227,1.58716,1.25315,3.96804,0.1584,-1.86921
2014-09-19,84.8,0.64298,82.85136,2.32475,1.83496,4.08728,0.15731,-1.86921
2014-09-22,84.67,0.63733,83.03468,1.95029,1.54062,4.09105,0.15579,-1.86921
2014-09-23,84.66,0.61033,82.99893,1.98155,1.56434,4.09561,0.14902,-1.86921
2014-09-24,85.05,0.6388,83.17673,2.22718,1.7563,4.13874,0.15435,-1.86921
2014-09-25,85.2,0.61934,82.98469,2.63452,2.07439,4.13877,0.14964,-1.86921
2014-09-26,85.64,0.65263,83.10527,3.00444,2.35795,4.16648,0.15664,-1.86921
2014-09-29,85.59,0.63778,83.04372,3.02012,2.35836,4.08724,0.15604,-1.86921
2014-09-30,85.94,0.6416,83.69168,2.65098,2.06001,4.12787,0.15543,-1.86921
2014-10-01,85.97,0.60077,83.88158,2.45924,1.90331,4.1294,0.14549,-0.88382
2014-10-02,85.6,0.59432,84.18078,1.67186,1.28952,4.25107,0.1398,-0.88382
2014-10-03,86.69,0.62038,84.62681,2.40875,1.8554,4.84002,0.12818,-0.88382
2014-10-06,85.71,0.59727,84.50993,1.41005,1.08358,5.44803,0.10963,-0.88382
2014-10-07,85.67,0.57842,84.60544,1.25041,0.96037,5.41247,0.10687,-0.88382
2014-10-08,85.3,0.51958,84.98797,0.36648,0.28145,5.51779,0.09416,-0.88382
2014-10-09,85.52,0.52969,85.11387,0.47603,0.36572,5.5266,0.09584,-0.88382
2014-10-10,85.91,0.50872,84.95727,1.11518,0.85674,5.56719,0.09138,-0.88382
2014-10-13,85.43,0.49742,85.21312,0.2542,0.19516,5.71793,0.08699,-0.88382
2014-10-14,85.82,0.44868,86.42909,-0.70722,-0.54302,5.75857,0.07792,-0.88382
2014-10-15,85.15,0.40671,86.65589,-1.75305,-1.34568,6.01766,0.06759,-0.88382
2014-10-16,85.0,0.39853,86.34266,-1.56725,-1.20116,6.03852,0.066,-0.88382
2014-10-17,85.19,0.4371,86.38575,-1.39387,-1.0669,6.04426,0.07232,-0.88382
2014-10-20,84.95,0.42344,86.2738,-1.54631,-1.18271,6.07738,0.06967,-0.88382
2014-10-21,85.31,0.42758,86.15428,-0.9848,-0.75228,6.1152,0.06992,-0.88382
2014-10-22,85.74,0.45491,86.40444,-0.77196,-0.58975,6.17165,0.07371,-0.88382
2014-10-23,85.84,0.45624,85.88427,-0.05157,-0.03942,6.16818,0.07397,-0.88382
2014-10-24,85.73,0.45838,86.10009,-0.43076,-0.32946,6.18123,0.07416,-0.88382
2014-10-27,85.5,0.45281,86.17158,-0.78241,-0.5988,6.21628,0.07284,-0.88382
2014-10-28,85.41,0.46757,86.20664,-0.9284,-0.71064,6.21684,0.07521,-0.88382
2014-10-29,85.95,0.52447,85.83042,0.13922,0.10654,6.31453,0.08306,-0.88382
2014-10-30,86.15,0.53835,86.1063,0.05073,0.03885,6.29499,0.08552,-0.88382
2014-10-31,86.88,0.56014,86.24112,0.73807,0.56554,6.47069,0.08656,-0.88382
2014-11-03,87.31,0.57692,86.50669,0.92433,0.70845,6.51254,0.08859,0.27781
2014-11-04,86.98,0.57814,87.06784,-0.10094,-0.07733,6.57267,0.08796,0.27781
2014-11-05,87.44,0.58176,87.0803,0.41221,0.31582,6.62686,0.08779,0.27781
2014-11-06,88.01,0.60382,87.15507,0.97615,0.74789,6.68979,0.09026,0.27781
2014-11-07,87.64,0.57493,87.07998,0.64105,0.49091,6.77808,0.08482,0.27781
2014-11-10,87.81,0.6115,87.44359,0.41815,0.32019,6.77791,0.09022,0.27781
2014-11-11,87.53,0.60857,87.63537,-0.12031,-0.09212,6.83419,0.08905,0.27781
2014-11-12,87.82,0.60822,88.00401,-0.20932,-0.16028,6.8434,0.08888,0.27781
2014-11-13,87.67,0.58922,88.68503,-1.15113,-0.88164,6.83654,0.08619,0.27781
2014-11-14,87.53,0.60278,88.73654,-1.36902,-1.04833,6.85691,0.08791,0.27781
2014-11-17,87.93,0.59545,88.15399,-0.25441,-0.19474,6.87265,0.08664,0.27781
2014-11-18,87.58,0.58718,88.40948,-0.94265,-0.72164,6.91293,0.08494,0.27781
2014-11-19,87.65,0.57466,88.47881,-0.94115,-0.72018,6.89844,0.0833,0.27781
2014-11-20,87.59,0.57286,88.10851,-0.59023,-0.45151,6.90183,0.083,0.27781
2014-11-21,88.31,0.58256,87.84065,0.5329,0.40759,7.04452,0.0827,0.27781
2014-11-24,88.15,0.58456,88.07733,0.08248,0.06307,7.068,0.0827,0.27781
2014-11-25,87.92,0.56629,88.50986,-0.66867,-0.51139,7.06689,0.08013,0.27781
2014-11-26,87.61,0.58519,88.67244,-1.20539,-0.92178,7.12505,0.08213,0.27781
2014-11-28,88.36,0.52136,90.94639,-2.88508,-2.20469,7.27039,0.07171,0.27781
2014-12-01,87.95,0.53543,89.92758,-2.22363,-1.69171,7.34839,0.07286,1.95812
2014-12-02,88.65,0.59077,90.55634,-2.12761,-1.61476,7.46387,0.07915,1.95812
2014-12-03,88.96,0.62004,90.66619,-1.89977,-1.43986,7.18132,0.08634,1.95812
2014-12-04,88.7,0.59945,90.6502,-2.17483,-1.64644,7.21563,0.08308,1.95812
2014-12-05,89.33,0.69569,90.78143,-1.61174,-1.21781,7.2607,0.09582,1.95812
2014-12-08,89.04,0.69187,91.52936,-2.7574,-2.08194,7.30858,0.09467,1.95812
2014-12-09,88.69,0.69004,91.13472,-2.71917,-2.04667,7.36793,0.09366,1.95812
2014-12-10,88.27,0.63792,91.73617,-3.85165,-2.88991,7.4514,0.08561,1.95812
2014-12-11,88.66,0.66914,91.69487,-3.36575,-2.50876,7.48143,0.08944,1.95812
2014-12-12,88.36,0.61239,92.05432,-4.09594,-3.03938,7.52777,0.08135,1.95812
2014-12-15,88.46,0.64988,92.12073,-4.05496,-2.98779,7.50313,0.08662,1.95812
2014-12-16,88.13,0.63479,92.18332,-4.49663,-3.29274,7.43331,0.0854,1.95812
2014-12-17,89.13,0.67892,92.10206,-3.28013,-2.38211,7.65753,0.08866,1.95812
2014-12-18,89.24,0.73608,92.2529,-3.32044,-2.40285,7.59574,0.09691,1.95812
2014-12-19,89.6,0.74684,91.46021,-2.05487,-1.48098,7.60738,0.09817,1.95812
2014-12-22,89.77,0.78829,91.84252,-2.28246,-1.64393,7.60711,0.10363,1.95812
2014-12-23,90.06,0.81081,91.30777,-1.37598,-0.98931,7.58517,0.10689,1.95812
2014-12-24,89.97,0.81382,91.68615,-1.8895,-1.35852,7.59265,0.10719,1.95812
2014-12-26,90.03,0.81222,91.82327,-1.97228,-1.41681,7.54255,0.10769,1.95812
2014-12-29,90.19,0.80948,92.19152,-2.19496,-1.57495,7.5398,0.10736,1.95812
2014-12-30,89.99,0.78651,92.04996,-2.26329,-1.62087,7.53472,0.10438,1.95812
2014-12-31,90.27,0.76861,92.0807,-1.98602,-1.41878,7.54921,0.10181,1.95812
2015-01-02,91.08,0.75835,92.27263,-1.30093,-0.92761,7.65053,0.09912,3.94329
2015-01-05,91.38,0.77635,93.25851,-2.03487,-1.44996,7.2908,0.10648,3.94329
2015-01-06,91.5,0.74128,93.75994,-2.43987,-1.7352,6.85611,0.10812,3.94329
2015-01-07,91.89,0.71843,93.59982,-1.84363,-1.30746,6.87897,0.10444,3.94329
2015-01-08,92.37,0.71858,93.59341,-1.31577,-0.93219,6.83672,0.10511,3.94329
2015-01-09,91.94,0.69696,93.76867,-1.96945,-1.3958,6.93298,0.10053,3.94329
2015-01-12,91.98,0.66818,94.51166,-2.7152,-1.92273,6.8997,0.09684,3.94329
2015-01-13,92.31,0.65081,94.612,-2.46318,-1.73972,6.78142,0.09597,3.94329
2015-01-14,92.16,0.6245,93.70918,-1.66699,-1.17494,6.7709,0.09223,3.94329
2015-01-15,92.35,0.57401,93.86984,-1.63234,-1.15009,6.52283,0.088,3.94329
2015-01-16,92.52,0.6267,93.88553,-1.46515,-1.03137,6.49406,0.0965,3.94329
2015-01-20,93.05,0.65638,93.78337,-0.78506,-0.55226,6.55042,0.1002,3.94329
2015-01-21,92.9,0.62599,93.37174,-0.5065,-0.3563,6.52317,0.09596,3.94329
2015-01-22,94.24,0.65677,93.60147,0.67987,0.47827,6.99501,0.09389,3.94329
2015-01-23,95.0,0.63754,93.50804,1.58295,1.11363,7.08048,0.09004,3.94329
2015-01-26,94.8,0.64173,93.80682,1.05319,0.7402,7.11932,0.09014,3.94329
2015-01-27,94.02,0.63546,93.34331,0.72233,0.50759,7.36581,0.08627,3.94329
2015-01-28,94.47,0.60117,93.62194,0.90176,0.63383,7.34601,0.08184,3.94329
2015-01-29,94.78,0.62517,93.50548,1.35384,0.95171,7.33387,0.08524,3.94329
2015-01-30,94.8,0.58168,92.23561,2.74232,1.92719,7.27786,0.07992,3.94329
2015-02-02,94.5,0.61138,91.85384,2.84012,1.98916,7.33698,0.08333,5.234
2015-02-03,93.6,0.64349,91.10023,2.70701,1.88899,7.52328,0.08553,5.234
2015-02-04,93.99,0.65077,92.20735,1.91485,1.33162,7.50908,0.08666,5.234
2015-02-05,94.7,0.64625,91.56458,3.36695,2.3375,7.5463,0.08564,5.234
2015-02-06,94.7,0.78539,91.45418,3.48759,2.40883,7.50844,0.1046,5.234
2015-02-09,94.45,0.77772,91.32664,3.3628,2.30987,7.47205,0.10408,5.234
2015-02-10,94.76,0.80205,91.98163,2.97585,2.03361,7.40458,0.10832,5.234
2015-02-11,94.99,0.79985,92.55764,2.594,1.76566,7.40709,0.10798,5.234
2015-02-12,94.09,0.74755,91.84898,2.4106,1.6364,7.66483,0.09753,5.234
2015-02-13,94.2,0.80197,91.88785,2.48513,1.68333,7.65225,0.1048,5.234
2015-02-17,94.06,0.83507,90.54907,3.80409,2.57018,7.64905,0.10917,5.234
2015-02-18,94.2,0.76041,91.02509,3.42849,2.30327,7.62941,0.09967,5.234
2015-02-19,94.4,0.81114,91.24828,3.3957,2.27151,7.60085,0.10672,5.234
2015-02-20,94.25,0.81436,91.32687,3.15057,2.09893,7.55022,0.10786,5.234
2015-02-23,94.57,0.77963,91.68797,3.09491,2.05659,7.56288,0.10309,5.234
2015-02-24,94.49,0.73402,91.76505,2.92625,1.93937,7.56459,0.09703,5.234
2015-02-25,94.21,0.75621,91.01663,3.44841,2.27855,7.47449,0.10117,5.234
2015-02-26,95.29,0.82041,91.61855,3.92911,2.58626,7.73305,0.10609,5.234
2015-02-27,95.25,0.78781,90.95543,4.61354,3.02177,7.70106,0.1023,5.234
2015-03-02,95.46,0.80582,91.92985,3.76815,2.44921,7.64086,0.10546,7.41131
2015-03-03,95.38,0.82125,91.5417,4.10743,2.65771,7.51252,0.10932,7.41131
2015-03-04,95.97,0.79657,91.66061,4.59429,2.95792,7.48077,0.10648,7.41131
2015-03-05,96.38,0.79054,91.74354,4.93016,3.15097,7.3858,0.10703,7.41131
2015-03-06,97.62,0.8775,92.11721,5.80206,3.68079,7.72263,0.11363,7.41131
2015-03-09,97.59,0.85036,92.50852,5.34743,3.35329,7.6796,0.11073,7.41131
2015-03-10,98.62,0.86264,93.16014,5.69542,3.53799,7.8097,0.11046,7.41131
2015-03-11,99.8,0.85938,92.86823,7.19866,4.42538,8.01437,0.10723,7.41131
2015-03-12,99.15,0.83662,93.13865,6.25446,3.77811,8.10635,0.10321,7.41131
2015-03-13,100.33,0.84519,93.98429,6.53371,3.89586,8.24161,0.10255,7.41131
2015-03-16,99.6,0.81772,94.43937,5.32041,3.13127,8.43495,0.09694,7.41131
2015-03-17,99.59,0.8395,94.58239,5.15904,3.01311,8.37741,0.10021,7.41131
2015-03-18,98.55,0.73309,93.63967,5.11099,2.96339,8.73591,0.08392,7.41131
2015-03-19,99.1,0.7993,94.39514,4.86398,2.80007,8.69798,0.09189,7.41131
2015-03-20,97.91,0.76946,94.18118,3.88283,2.22052,8.92171,0.08625,7.41131
2015-03-23,97.03,0.75401,93.97198,3.20236,1.82581,9.16648,0.08226,7.41131
2015-03-24,97.19,0.73172,94.21465,3.10921,1.77036,9.15036,0.07997,7.41131
2015-03-25,96.98,0.7454,93.66348,3.47965,1.9806,9.17543,0.08124,7.41131
2015-03-26,97.44,0.78332,92.89051,4.78153,2.71738,9.1937,0.0852,7.41131
2015-03-27,97.29,0.75208,93.82725,3.62409,2.04957,9.19971,0.08175,7.41131
2015-03-30,97.98,0.7463,93.94526,4.20511,2.37437,9.27223,0.08049,7.41131
2015-03-31,98.36,0.7321,94.28985,4.22607,2.37622,9.28566,0.07884,7.41131
2015-04-01,98.19,0.72977,93.66777,4.71503,2.63932,9.27846,0.07865,6.82913
2015-04-02,97.44,0.72773,94.50205,3.06153,1.70276,9.44588,0.07704,6.82913
2015-04-06,97.11,0.68873,93.33298,3.96708,2.20163,9.35769,0.0736,6.82913
2015-04-07,97.83,0.69912,93.07347,4.98421,2.75429,9.43371,0.07411,6.82913
2015-04-08,98.07,0.74199,94.54112,3.66466,2.01132,9.43758,0.07862,6.82913
2015-04-09,99.16,0.75217,94.36739,4.95392,2.7086,9.62602,0.07814,6.82913
2015-04-10,99.39,0.76232,94.08705,5.4831,2.97682,9.59447,0.07945,6.82913
2015-04-13,99.49,0.73003,93.86791,5.81685,3.13151,9.5212,0.07667,6.82913
2015-04-14,98.76,0.71916,93.7736,5.18093,2.7627,9.67497,0.07433,6.82913
2015-04-15,98.33,0.70018,93.27788,5.27462,2.79245,9.72347,0.07201,6.82913
2015-04-16,97.42,0.6931,93.34596,4.27189,2.24473,9.92671,0.06982,6.82913
2015-04-17,97.52,0.70035,92.19198,5.61843,2.93809,9.92387,0.07057,6.82913
2015-04-20,97.94,0.73137,92.41781,5.80353,3.00957,9.94584,0.07354,6.82913
2015-04-21,97.98,0.73561,92.9322,5.28933,2.71922,9.89807,0.07432,6.82913
2015-04-22,98.02,0.74793,92.90744,5.35678,2.73481,9.88612,0.07565,6.82913
2015-04-23,97.28,0.7529,92.34296,5.20839,2.64065,9.64054,0.0781,6.82913
2015-04-24,96.92,0.74165,92.27289,4.91355,2.47466,9.55346,0.07763,6.82913
2015-04-27,96.77,0.73715,92.26608,4.76604,2.38624,9.54835,0.0772,6.82913
2015-04-28,96.09,0.76665,92.60756,3.69144,1.8379,9.50708,0.08064,6.82913
2015-04-29,95.12,0.74382,91.97627,3.36087,1.6679,9.69111,0.07675,6.82913
2015-04-30,94.6,0.74528,91.46201,3.37338,1.6696,9.73297,0.07657,6.82913
2015-05-01,95.3,0.76488,92.04592,3.47423,1.71483,9.84493,0.07769,6.38131
2015-05-04,95.48,0.75965,92.02769,3.68273,1.81284,9.82894,0.07729,6.38131
2015-05-05,95.13,0.78035,91.45323,3.94166,1.93427,9.66092,0.08077,6.38131
2015-05-06,94.13,0.81354,91.3248,3.02544,1.47919,9.86599,0.08246,6.38131
2015-05-07,94.62,0.79046,91.97673,2.83333,1.38294,9.80472,0.08062,6.38131
2015-05-08,94.79,0.75835,92.44078,2.50957,1.22329,9.81139,0.07729,6.38131
2015-05-11,95.01,0.78562,92.47032,2.70944,1.31948,9.80693,0.08011,6.38131
2015-05-12,94.53,0.76442,91.81406,2.91518,1.41837,9.83874,0.07769,6.38131
2015-05-13,93.62,0.74297,91.80101,1.96208,0.95405,10.01163,0.07421,6.38131
2015-05-14,93.36,0.70902,91.9948,1.47309,0.71669,9.84686,0.07201,6.38131
2015-05-15,93.14,0.70597,92.07804,1.14672,0.55865,9.85332,0.07165,6.38131
2015-05-18,94.19,0.73566,92.1938,2.14212,1.0447,10.10877,0.07277,6.38131
2015-05-19,95.27,0.79438,93.0919,2.31278,1.12862,10.35854,0.07669,6.38131
2015-05-20,95.45,0.77047,92.69793,2.92564,1.42877,10.35687,0.07439,6.38131
2015-05-21,95.26,0.77579,92.45295,2.99102,1.45985,10.35997,0.07488,6.38131
2015-05-22,96.01,0.81155,92.97002,3.21753,1.56932,10.45408,0.07763,6.38131
2015-05-26,97.3,0.81647,93.09629,4.41646,2.15452,10.77461,0.07578,6.38131
2015-05-27,97.37,0.81339,93.84422,3.6882,1.79379,10.75207,0.07565,6.38131
2015-05-28,96.97,0.80342,93.65467,3.47874,1.68768,10.5603,0.07608,6.38131
2015-05-29,96.91,0.79304,92.56426,4.58797,2.22197,10.56091,0.07509,6.38131
2015-06-01,97.39,0.82396,92.90611,4.71341,2.27324,10.59538,0.07777,7.41236
2015-06-02,95.84,0.80143,92.60003,3.43906,1.65184,11.08778,0.07228,7.41236
2015-06-03,95.47,0.83087,93.42096,2.16963,1.04039,11.04529,0.07522,7.41236
2015-06-04,95.46,0.8188,93.72724,1.83184,0.87767,11.00993,0.07437,7.41236
2015-06-05,96.31,0.87982,93.6968,2.75081,1.31727,10.84951,0.08109,7.41236
2015-06-08,95.3,0.84651,93.54309,1.86077,0.88974,11.04443,0.07665,7.41236
2015-06-09,95.17,0.85164,93.05719,2.24505,1.07271,10.82222,0.07869,7.41236
2015-06-10,94.65,0.89435,93.30483,1.4314,0.68325,10.56397,0.08466,7.41236
2015-06-11,94.98,0.8803,93.53349,1.53469,0.73221,10.53443,0.08356,7.41236
2015-06-12,94.97,0.89829,93.7978,1.24196,0.59225,10.22409,0.08786,7.41236
2015-06-15,94.81,0.87327,93.74224,1.1326,0.53991,10.14187,0.08611,7.41236
2015-06-16,95.0,0.86711,93.84573,1.22246,0.58265,10.15632,0.08538,7.41236
2015-06-17,94.3,0.82522,93.33165,1.03219,0.49205,10.05373,0.08208,7.41236
2015-06-18,94.04,0.82425,93.53228,0.54136,0.2583,9.98049,0.08259,7.41236
2015-06-19,94.09,0.81399,93.703,0.41215,0.19684,9.71802,0.08376,7.41236
2015-06-22,94.33,0.83382,94.0254,0.32343,0.15472,9.58638,0.08698,7.41236
2015-06-23,95.43,0.86091,93.99517,1.51496,0.72565,9.87673,0.08716,7.41236
2015-06-24,95.26,0.8462,93.93381,1.40196,0.67229,9.8741,0.0857,7.41236
2015-06-25,95.19,0.84809,93.85827,1.40891,0.67658,9.82161,0.08635,7.41236
2015-06-26,95.47,0.88803,94.06068,1.48719,0.71547,9.84075,0.09024,7.41236
2015-06-29,94.79,0.81243,93.01216,1.89337,0.91235,9.81888,0.08274,7.41236
2015-06-30,95.49,0.82323,92.70758,2.95713,1.42863,9.9067,0.0831,7.41236
2015-07-01,96.31,0.87737,93.99263,2.43558,1.17795,10.06565,0.08717,9.14408
2015-07-02,96.11,0.84433,93.66188,2.58021,1.25263,9.96106,0.08476,9.14408
2015-07-06,96.3,0.81148,95.35075,0.99061,0.48234,9.94938,0.08156,9.14408
2015-07-07,96.87,0.79365,95.34864,1.58298,0.77477,9.90809,0.0801,9.14408
2015-07-08,96.29,0.76234,94.38239,2.001,0.98293,9.96185,0.07653,9.14408
2015-07-09,96.61,0.80914,94.07567,2.65828,1.307,9.72104,0.08324,9.14408
2015-07-10,96.03,0.8302,94.79221,1.29734,0.63817,9.76878,0.08499,9.14408
2015-07-13,96.86,0.86983,96.01636,0.8748,0.43121,9.9347,0.08755,9.14408
2015-07-14,96.64,0.84697,95.79252,0.88082,0.43482,9.84192,0.08606,9.14408
2015-07-15,97.13,0.83931,96.31377,0.84389,0.41736,9.86588,0.08507,9.14408
2015-07-16,97.66,0.85515,96.56643,1.1261,0.55804,9.7529,0.08768,9.14408
2015-07-17,97.86,0.87315,96.72992,1.16151,0.57601,9.75922,0.08947,9.14408
2015-07-20,98.03,0.89953,97.13261,0.91964,0.45621,9.72736,0.09247,9.14408
2015-07-21,97.33,0.89747,96.9947,0.34509,0.17129,9.83229,0.09128,9.14408
2015-07-22,97.6,0.94024,97.63157,-0.03234,-0.01607,9.84865,0.09547,9.14408
2015-07-23,97.12,0.90099,97.55671,-0.44865,-0.2231,9.78058,0.09212,9.14408
2015-07-24,97.24,0.89847,97.4888,-0.25554,-0.12712,9.75488,0.0921,9.14408
2015-07-27,96.5,0.87637,97.34701,-0.8739,-0.43495,9.87087,0.08878,9.14408
2015-07-28,96.77,0.88731,97.99725,-1.26024,-0.62751,9.7828,0.0907,9.14408
2015-07-29,96.98,0.9002,98.28831,-1.34003,-0.66732,9.56558,0.09411,9.14408
2015-07-30,97.56,0.92891,98.58843,-1.04864,-0.52281,9.5579,0.09719,9.14408
2015-07-31,97.37,0.87378,98.64139,-1.29728,-0.64718,9.46643,0.0923,9.14408
2015-08-03,97.49,0.88562,99.68351,-2.22505,-1.11037,9.46299,0.09359,10.65389
2015-08-04,97.93,0.9464,99.75152,-1.84294,-0.91916,9.46368,0.1,10.65389
2015-08-05,97.96,0.92774,99.88941,-1.95044,-0.97228,9.19472,0.1009,10.65389
2015-08-06,97.83,0.91326,99.49023,-1.68281,-0.8382,9.1557,0.09975,10.65389
2015-08-07,97.56,0.94761,100.18363,-2.65372,-1.32135,9.17547,0.10328,10.65389
2015-08-10,97.16,0.94646,99.66155,-2.54208,-1.26425,9.21244,0.10274,10.65389
2015-08-11,97.29,0.89985,99.4686,-2.21458,-1.10088,9.1481,0.09836,10.65389
2015-08-12,96.26,0.89444,99.22543,-3.03415,-1.50865,9.19371,0.09729,10.65389
2015-08-13,96.45,0.93899,99.72343,-3.33759,-1.65778,9.17512,0.10234,10.65389
2015-08-14,96.57,0.94618,99.95944,-3.44964,-1.71089,9.15749,0.10332,10.65389
2015-08-17,96.82,0.93175,99.77671,-3.00812,-1.48982,8.90943,0.10458,10.65389
2015-08-18,96.97,0.94035,99.74824,-2.82477,-1.397,8.63017,0.10896,10.65389
2015-08-19,96.46,0.86856,99.62047,-3.22392,-1.59344,8.69457,0.0999,10.65389
2015-08-20,95.75,0.90051,99.47066,-3.81221,-1.88148,8.81516,0.10216,10.65389
2015-08-21,94.83,0.84557,98.50652,-3.80369,-1.87338,8.88337,0.09519,10.65389
2015-08-24,93.31,0.79697,98.16852,-5.07584,-2.49468,9.0141,0.08841,10.65389
2015-08-25,94.53,0.85681,98.30675,-3.91755,-1.9194,9.4158,0.091,10.65389
2015-08-26,95.1,0.85195,98.64299,-3.65782,-1.79231,9.47408,0.08992,10.65389
2015-08-27,95.61,0.86203,97.1756,-1.62422,-0.79711,9.54108,0.09035,10.65389
2015-08-28,96.11,0.9025,96.3996,-0.30087,-0.14828,9.54728,0.09453,10.65389
2015-08-31,95.95,0.91368,94.56493,1.45405,0.72075,8.99521,0.10157,10.65389
2015-09-01,95.45,0.86571,95.58418,-0.14048,-0.0699,9.02308,0.09594,11.06127
2015-09-02,95.83,0.89102,96.10815,-0.28983,-0.14499,9.05801,0.09837,11.06127
2015-09-03,96.41,0.90396,96.18219,0.23658,0.11892,8.96339,0.10085,11.06127
2015-09-04,96.23,0.90712,96.28446,-0.05658,-0.02853,8.71245,0.10412,11.06127
2015-09-08,95.88,0.92864,96.93007,-1.08925,-0.5503,8.74048,0.10625,11.06127
2015-09-09,96.01,0.94235,97.58806,-1.63028,-0.82442,8.66919,0.1087,11.06127
2015-09-10,95.46,0.94443,97.33669,-1.94687,-0.98546,8.72462,0.10825,11.06127
2015-09-11,95.19,0.90844,97.56189,-2.4612,-1.2466,8.744,0.10389,11.06127
2015-09-14,95.25,0.92976,98.23932,-3.09015,-1.56535,8.73772,0.10641,11.06127
2015-09-15,95.61,1.01147,99.00658,-3.49089,-1.7674,8.76074,0.11545,11.06127
2015-09-16,95.42,1.00634,99.17695,-3.86174,-1.95,8.63856,0.11649,11.06127
2015-09-17,94.55,0.87301,97.16442,-2.72757,-1.37231,8.8202,0.09898,11.06127
2015-09-18,94.86,0.88938,97.67865,-2.92809,-1.47076,8.84285,0.10058,11.06127
2015-09-21,95.89,0.91242,97.68147,-1.85102,-0.92797,9.08526,0.10043,11.06127
2015-09-22,96.28,0.90472,97.03402,-0.7801,-0.39085,8.82446,0.10252,11.06127
2015-09-23,96.07,0.9079,97.66294,-1.6445,-0.82391,8.82837,0.10284,11.06127
2015-09-24,95.99,0.87326,96.94064,-0.98549,-0.49359,8.82878,0.09891,11.06127
2015-09-25,96.27,0.90011,96.91249,-0.66517,-0.33318,8.82847,0.10196,11.06127
2015-09-28,96.03,0.87845,96.51522,-0.50401,-0.25257,8.72091,0.10073,11.06127
2015-09-29,95.89,0.85492,96.10691,-0.22595,-0.11325,8.60455,0.09936,11.06127
2015-09-30,96.35,0.82652,96.27178,0.08121,0.04072,8.48579,0.0974,11.06127
2015-10-01,96.19,0.85168,97.13061,-0.97311,-0.48817,8.48203,0.10041,10.00214
2015-10-02,95.83,0.80105,96.92458,-1.13574,-0.57002,8.50546,0.09418,10.00214
2015-10-05,96.11,0.81979,96.92893,-0.84847,-0.42607,8.44089,0.09712,10.00214
2015-10-06,95.46,0.80709,95.81768,-0.37399,-0.18806,8.4644,0.09535,10.00214
2015-10-07,95.5,0.84885,96.6065,-1.15197,-0.58006,8.43611,0.10062,10.00214
2015-10-08,95.32,0.85533,96.27044,-0.99216,-0.49989,8.36,0.10231,10.00214
2015-10-09,94.81,0.85205,96.49034,-1.7568,-0.88572,8.23343,0.10349,10.00214
2015-10-12,94.84,0.85759,97.88671,-3.16196,-1.59574,8.22499,0.10427,10.00214
2015-10-13,94.76,0.84528,97.56842,-2.92064,-1.4718,8.15316,0.10368,10.00214
2015-10-14,93.93,0.77881,96.97945,-3.19493,-1.60665,8.23599,0.09456,10.00214
2015-10-15,94.37,0.82554,98.08215,-3.85821,-1.93526,8.28714,0.09962,10.00214
2015-10-16,94.54,0.82403,98.35938,-3.96049,-1.97922,8.28788,0.09943,10.00214
2015-10-19,94.96,0.82445,98.39814,-3.55662,-1.77059,8.23747,0.10008,10.00214
2015-10-20,94.85,0.85268,98.29496,-3.5676,-1.77081,8.21363,0.10381,10.00214
2015-10-21,95.05,0.84244,98.24534,-3.30647,-1.63667,8.17825,0.10301,10.00214
2015-10-22,96.34,0.87943,99.14457,-2.86956,-1.41704,8.62853,0.10192,10.00214
2015-10-23,97.07,0.91387,99.42538,-2.3975,-1.18163,8.62724,0.10593,10.00214
2015-10-26,96.86,0.91912,99.35365,-2.54191,-1.25107,8.62116,0.10661,10.00214
2015-10-27,96.91,0.9199,99.59935,-2.73729,-1.34515,8.61072,0.10683,10.00214
2015-10-28,97.78,0.99905,99.66031,-1.90475,-0.9344,8.71452,0.11464,10.00214
2015-10-29,97.28,1.00985,99.73583,-2.49316,-1.22201,8.76695,0.11519,10.00214
2015-10-30,96.95,1.00034,99.18324,-2.27737,-1.1146,8.78907,0.11382,10.00214
2015-11-02,96.93,1.01049,99.86229,-2.98031,-1.45688,8.7394,0.11562,11.53257
2015-11-03,97.16,1.04703,99.30159,-2.18024,-1.06355,8.75364,0.11961,11.53257
2015-11-04,97.95,1.0966,100.13554,-2.20675,-1.07528,8.90294,0.12317,11.53257
2015-11-05,97.94,1.10167,100.5464,-2.62643,-1.27841,8.88502,0.12399,11.53257
2015-11-06,99.16,1.13384,101.24694,-2.08277,-1.01221,9.17761,0.12354,11.53257
2015-11-09,98.98,1.13898,100.66171,-1.68476,-0.81798,9.18513,0.124,11.53257
2015-11-10,99.29,1.14111,100.93071,-1.63894,-0.79522,8.92924,0.12779,11.53257
2015-11-11,99.01,1.14637,101.41323,-2.39827,-1.16309,8.94843,0.12811,11.53257
2015-11-12,98.65,1.16824,101.67594,-3.02125,-1.46331,8.98335,0.13004,11.53257
2015-11-13,98.99,1.14824,101.24902,-2.25642,-1.0907,8.99367,0.12767,11.53257
2015-11-16,99.44,1.16927,101.89423,-2.43809,-1.17721,9.0296,0.12949,11.53257
2015-11-17,99.63,1.15531,101.58469,-1.94296,-0.93726,8.9602,0.12894,11.53257
2015-11-18,99.65,1.19517,102.16797,-2.49542,-1.20319,8.81559,0.13557,11.53257
2015-11-19,98.99,1.20547,102.15546,-3.14769,-1.51578,8.69252,0.13868,11.53257
2015-11-20,99.57,1.23744,102.61129,-3.0087,-1.44617,8.05007,0.15372,11.53257
2015-11-23,99.8,1.24946,102.53031,-2.69902,-1.29493,7.68004,0.16269,11.53257
2015-11-24,99.53,1.22563,101.64093,-2.09872,-1.00568,7.64027,0.16042,11.53257
2015-11-25,99.8,1.25398,102.03854,-2.21824,-1.06225,7.59341,0.16514,11.53257
2015-11-27,100.02,1.24834,102.58589,-2.53303,-1.21265,7.54401,0.16547,11.53257
2015-11-30,100.17,1.26395,102.45796,-2.25839,-1.08059,7.53135,0.16783,11.53257
2015-12-01,99.8,1.24452,102.85628,-3.01644,-1.44284,7.48881,0.16618,12.06838
2015-12-02,99.99,1.28212,103.60888,-3.55529,-1.69815,7.46351,0.17178,12.06838
2015-12-03,97.62,1.2126,101.76508,-4.15846,-1.98147,8.86997,0.13671,12.06838
2015-12-04,98.35,1.19692,103.03392,-4.65257,-2.2086,8.97688,0.13333,12.06838
2015-12-07,98.66,1.18612,103.69601,-4.9784,-2.35214,8.95693,0.13242,12.06838
2015-12-08,98.47,1.19461,103.40674,-4.89182,-2.29924,8.96756,0.13321,12.06838
2015-12-09,97.35,1.19553,102.88651,-5.53138,-2.58715,9.19561,0.13001,12.06838
2015-12-10,97.94,1.22542,103.29208,-5.32056,-2.47313,9.24347,0.13257,12.06838
2015-12-11,97.57,1.16723,102.5967,-5.02357,-2.3222,9.28211,0.12575,12.06838
2015-12-14,97.6,1.24595,103.40646,-5.779,-2.65856,9.2565,0.1346,12.06838
2015-12-15,98.22,1.25255,103.50681,-5.24275,-2.39561,9.32127,0.13438,12.06838
2015-12-16,97.87,1.29366,105.30709,-7.32406,-3.32916,9.15234,0.14135,12.06838
2015-12-17,99.27,1.28335,104.81671,-5.43698,-2.44563,9.53758,0.13456,12.06838
2015-12-18,98.7,1.26781,104.31466,-5.5327,-2.47435,9.40036,0.13487,12.06838
2015-12-21,98.46,1.25822,105.07994,-6.5071,-2.89289,9.38898,0.13401,12.06838
2015-12-22,98.24,1.27639,105.94725,-7.55278,-3.33037,9.38957,0.13594,12.06838
2015-12-23,98.34,1.29004,105.56048,-7.08532,-3.09063,9.38735,0.13742,12.06838
2015-12-24,97.98,1.30964,105.20155,-7.11146,-3.07321,9.40753,0.13921,12.06838
2015-12-28,97.92,1.32882,105.52941,-7.48389,-3.20446,9.39247,0.14148,12.06838
2015-12-29,98.1,1.36347,105.20552,-6.99284,-2.96441,9.39038,0.1452,12.06838
2015-12-30,98.27,1.36362,105.45082,-7.05259,-2.96423,9.35168,0.14582,12.06838
2015-12-31,98.63,1.34362,104.45066,-5.73393,-2.38946,9.36651,0.14345,12.06838
2016-01-04,98.87,1.3188,103.5414,-4.61657,-1.91313,9.3368,0.14125,14.69545
2016-01-05,99.4,1.34631,104.45217,-4.95771,-2.04716,9.37496,0.14361,14.69545
2016-01-06,99.18,1.30495,105.19597,-5.88886,-2.42177,9.27393,0.14071,14.69545
2016-01-07,98.22,1.2733,104.1293,-5.84235,-2.38927,9.50147,0.13401,14.69545
2016-01-08,98.54,1.26083,103.62656,-5.03311,-2.04712,9.50578,0.13264,14.69545
2016-01-11,98.73,1.25407,105.51802,-6.64928,-2.69413,9.43367,0.13294,14.69545
2016-01-12,98.97,1.23636,106.34573,-7.18786,-2.89198,9.44015,0.13097,14.69545
2016-01-13,98.93,1.22404,105.84248,-6.75394,-2.69553,9.43768,0.1297,14.69545
2016-01-14,99.09,1.22042,105.52679,-6.29364,-2.49414,9.24021,0.13208,14.69545
2016-01-15,98.96,1.17226,104.46538,-5.414,-2.13259,9.21703,0.12718,14.69545
2016-01-18,99.12,1.16708,104.34529,-5.13743,-2.0147,9.21626,0.12663,14.69545
2016-01-19,98.99,1.18937,106.25111,-7.07865,-2.76521,9.19458,0.12936,14.69545
2016-01-20,99.09,1.17224,106.33629,-7.05781,-2.73711,9.18737,0.12759,14.69545
2016-01-21,99.06,1.19448,105.45038,-6.25148,-2.407,9.18495,0.13005,14.69545
2016-01-22,99.57,1.23106,104.67665,-5.00152,-1.91487,8.85714,0.13899,14.69545
2016-01-25,99.36,1.22998,105.21779,-5.72828,-2.18548,8.75585,0.14047,14.69545
2016-01-26,99.36,1.20792,104.65991,-5.19666,-1.97408,8.74106,0.13819,14.69545
2016-01-27,98.9,1.18792,103.46922,-4.51649,-1.71003,8.79902,0.13501,14.69545
2016-01-28,98.51,1.18385,103.11817,-4.57175,-1.72787,8.66266,0.13666,14.69545
2016-01-29,99.61,1.14948,103.17661,-3.51796,-1.32648,8.86903,0.12961,14.69545
2016-02-01,99.0,1.20501,103.48574,-4.4314,-1.6693,8.93325,0.13489,13.04002
2016-02-02,98.87,1.15011,103.75188,-4.81964,-1.81106,8.93871,0.12867,13.04002
2016-02-03,97.29,1.13123,102.29637,-5.0178,-1.8796,9.51171,0.11893,13.04002
2016-02-04,96.47,1.11268,102.45811,-6.02219,-2.24805,9.51687,0.11692,13.04002
2016-02-05,97.03,1.15616,102.3139,-5.30253,-1.96957,9.59299,0.12052,13.04002
2016-02-08,96.57,1.09335,101.93022,-5.40203,-1.99887,9.29077,0.11768,13.04002
2016-02-09,96.07,1.13229,103.54229,-7.4903,-2.76084,9.33579,0.12129,13.04002
2016-02-10,95.89,1.14817,103.21276,-7.35908,-2.69273,9.31094,0.12331,13.04002
2016-02-11,95.56,1.09023,102.85088,-7.35259,-2.67168,9.31796,0.117,13.04002
2016-02-12,95.98,1.14109,101.63379,-5.72362,-2.06535,9.3484,0.12206,13.04002
2016-02-16,96.87,1.16007,102.79413,-5.93583,-2.13296,9.51617,0.12191,13.04002
2016-02-17,96.79,1.15863,101.93375,-5.17794,-1.85231,9.46471,0.12242,13.04002
2016-02-18,96.95,1.1409,102.18241,-5.25642,-1.87405,9.46227,0.12057,13.04002
2016-02-19,96.6,1.20512,103.61414,-7.00951,-2.49069,9.48266,0.12709,13.04002
2016-02-22,97.38,1.22638,103.10654,-5.7142,-2.01807,9.55011,0.12841,13.04002
2016-02-23,97.48,1.19257,103.11019,-5.61509,-1.97527,9.4733,0.12589,13.04002
2016-02-24,97.46,1.19265,102.4809,-5.02344,-1.76069,9.45811,0.1261,13.04002
2016-02-25,97.29,1.16513,102.47001,-5.18739,-1.81264,9.45041,0.12329,13.04002
2016-02-26,98.15,1.26323,102.66849,-4.50083,-1.56776,9.60807,0.13148,13.04002
2016-02-29,98.21,1.25752,101.81108,-3.60109,-1.25157,9.59673,0.13104,13.04002
2016-03-01,98.35,1.32492,103.25709,-4.86894,-1.69015,9.59618,0.13807,11.14229
2016-03-02,98.21,1.31458,102.89264,-4.65781,-1.61278,9.57409,0.13731,11.14229
2016-03-03,97.57,1.32937,102.9905,-5.40667,-1.86789,9.64534,0.13783,11.14229
2016-03-04,97.34,1.34485,102.00428,-4.68048,-1.61178,8.38172,0.16045,11.14229
2016-03-07,97.07,1.3697,100.69707,-3.66843,-1.26055,8.25866,0.16585,11.14229
2016-03-08,97.21,1.36127,100.60556,-3.43339,-1.17809,8.23751,0.16525,11.14229
2016-03-09,97.17,1.35055,99.94234,-2.81314,-0.96397,8.23043,0.16409,11.14229
2016-03-10,96.07,1.37623,100.58671,-4.59431,-1.57333,8.22742,0.16727,11.14229
2016-03-11,96.17,1.36905,101.00519,-4.90544,-1.67697,8.1332,0.16833,11.14229
2016-03-14,96.62,1.37308,101.16291,-4.59464,-1.56703,8.16121,0.16824,11.14229
2016-03-15,96.63,1.37127,101.52934,-4.94586,-1.68333,8.16084,0.16803,11.14229
2016-03-16,95.89,1.26943,101.34895,-5.53678,-1.87972,8.18926,0.15501,11.14229
2016-03-17,94.76,1.28244,100.97533,-6.35288,-2.15013,8.48273,0.15118,11.14229
2016-03-18,94.99,1.26881,101.26681,-6.39871,-2.15729,7.9634,0.15933,11.14229
2016-03-21,95.29,1.2947,101.16436,-5.98216,-2.0085,7.9327,0.16321,11.14229
2016-03-22,95.65,1.33763,100.78406,-5.22845,-1.74917,7.97003,0.16783,11.14229
2016-03-23,96.05,1.30108,100.92906,-4.9549,-1.65332,8.01492,0.16233,11.14229
2016-03-24,96.14,1.32016,100.98944,-4.92105,-1.63858,8.01437,0.16472,11.14229
2016-03-28,95.94,1.32256,100.74709,-4.88903,-1.6255,7.99402,0.16544,11.14229
2016-03-29,95.16,1.2225,101.97536,-6.91715,-2.29656,8.14591,0.15008,11.14229
2016-03-30,94.84,1.1971,101.95567,-7.23469,-2.3913,8.15294,0.14683,11.14229
2016-03-31,94.59,1.16356,101.46255,-7.01381,-2.30658,8.15039,0.14276,11.14229
2016-04-01,94.62,1.19563,101.80487,-7.31891,-2.39531,8.10665,0.14749,9.69662
2016-04-04,94.51,1.18042,102.24719,-7.86877,-2.56257,8.08282,0.14604,9.69662
2016-04-05,94.63,1.15882,101.44372,-6.95297,-2.25247,7.99923,0.14487,9.69662
2016-04-06,94.43,1.16128,100.92342,-6.65032,-2.14534,7.99852,0.14519,9.69662
2016-04-07,94.48,1.14961,100.16829,-5.84635,-1.87847,7.79257,0.14753,9.69662
2016-04-08,94.24,1.15343,99.19279,-5.12206,-1.6407,7.76177,0.1486,9.69662
2016-04-11,93.95,1.15186,98.37357,-4.60094,-1.47061,7.7573,0.14849,9.69662
2016-04-12,93.96,1.19577,98.04057,-4.25122,-1.35704,7.73204,0.15465,9.69662
2016-04-13,94.74,1.20497,98.65686,-4.05115,-1.29209,7.94283,0.15171,9.69662
2016-04-14,94.9,1.22269,98.80914,-4.03664,-1.28651,7.94368,0.15392,9.69662
2016-04-15,94.7,1.2027,99.15737,-4.59942,-1.46502,7.94784,0.15132,9.69662
2016-04-18,94.49,1.20556,99.31018,-4.9754,-1.58322,7.93946,0.15184,9.69662
2016-04-19,93.98,1.22957,98.75397,-4.95496,-1.57445,7.99322,0.15383,9.69662
2016-04-20,94.49,1.25951,97.84192,-3.48591,-1.10603,8.08228,0.15584,9.69662
2016-04-21,94.6,1.2688,98.04816,-3.58013,-1.13603,8.09092,0.15682,9.69662
2016-04-22,95.12,1.29254,98.00896,-2.99196,-0.9493,8.10143,0.15955,9.69662
2016-04-25,94.84,1.30131,97.85415,-3.12869,-0.99354,8.10897,0.16048,9.69662
2016-04-26,94.57,1.30524,97.26452,-2.8094,-0.89296,8.11845,0.16078,9.69662
2016-04-27,94.39,1.27314,96.71079,-2.42899,-0.77292,8.084,0.15749,9.69662
2016-04-28,93.76,1.23077,95.77135,-2.12252,-0.67633,8.14673,0.15108,9.69662
2016-04-29,93.08,1.22075,95.57977,-2.65019,-0.84609,7.88165,0.15488,9.69662
2016-05-02,92.63,1.24242,95.87267,-3.4408,-1.10032,7.85199,0.15823,11.2029
2016-05-03,92.94,1.20977,96.12664,-3.37123,-1.0791,7.90081,0.15312,11.2029
2016-05-04,93.18,1.20929,96.87646,-3.89034,-1.24617,7.30828,0.16547,11.2029
2016-05-05,93.78,1.1906,96.75526,-3.12331,-1.00105,7.27046,0.16376,11.2029
2016-05-06,93.89,1.21452,96.93517,-3.19186,-1.02384,7.16739,0.16945,11.2029
2016-05-09,94.15,1.19409,97.83533,-3.83964,-1.23244,7.14473,0.16713,11.2029
2016-05-10,94.29,1.19187,97.3058,-3.14835,-1.01042,7.08742,0.16817,11.2029
2016-05-11,93.82,1.21443,95.84755,-2.13808,-0.68665,7.14296,0.17002,11.2029
2016-05-12,94.14,1.2391,95.63318,-1.57368,-0.50617,7.15351,0.17322,11.2029
2016-05-13,94.61,1.23687,95.47185,-0.90683,-0.29212,7.1701,0.1725,11.2029
2016-05-16,94.57,1.26488,94.99992,-0.45357,-0.14639,6.90766,0.18311,11.2029
2016-05-17,94.55,1.29439,94.40869,0.14957,0.04836,6.90714,0.1874,11.2029
2016-05-18,95.08,1.36974,94.12135,1.01337,0.3283,6.99834,0.19572,11.2029
2016-05-19,95.29,1.35631,94.08868,1.26871,0.41179,6.98336,0.19422,11.2029
2016-05-20,95.31,1.35623,94.54081,0.81031,0.26343,6.77959,0.20005,11.2029
2016-05-23,95.23,1.377,94.38318,0.89321,0.29092,6.77456,0.20326,11.2029
2016-05-24,95.57,1.38894,94.75416,0.85732,0.27987,6.82009,0.20365,11.2029
2016-05-25,95.35,1.3962,94.47069,0.92647,0.30302,6.82579,0.20455,11.2029
2016-05-26,95.17,1.35014,94.91204,0.27142,0.08894,6.57547,0.20533,11.2029
2016-05-27,95.52,1.38147,95.03388,0.51021,0.1675,6.62458,0.20854,11.2029
2016-05-31,95.89,1.33815,94.58194,1.37351,0.45196,6.67036,0.20061,11.2029
2016-06-01,95.46,1.39102,94.37649,1.14153,0.37661,6.71758,0.20707,11.89336
2016-06-02,95.56,1.3671,94.59427,1.01574,0.33574,6.60862,0.20687,11.89336
2016-06-03,94.03,1.26765,95.22743,-1.26542,-0.41906,7.31734,0.17324,11.89336
2016-06-06,93.9,1.2964,94.65166,-0.7973,-0.26444,7.30538,0.17746,11.89336
2016-06-07,93.83,1.27305,94.20711,-0.4011,-0.13317,7.29452,0.17452,11.89336
2016-06-08,93.59,1.2711,93.78807,-0.21141,-0.07027,7.30538,0.174,11.89336
2016-06-09,94.1,1.26942,93.78279,0.33766,0.11233,7.06632,0.17964,11.89336
2016-06-10,94.6,1.23527,93.57669,1.08761,0.36218,7.1507,0.17275,11.89336
2016-06-13,94.37,1.23121,92.44919,2.05641,0.68585,7.09255,0.17359,11.89336
2016-06-14,94.93,1.26234,92.70352,2.37333,0.79263,7.20288,0.17526,11.89336
2016-06-15,94.61,1.22095,93.33813,1.35345,0.45251,7.07316,0.17262,11.89336
2016-06-16,94.57,1.24023,94.24028,0.34926,0.11698,6.66627,0.18605,11.89336
2016-06-17,94.21,1.23672,93.4478,0.81233,0.27243,6.68957,0.18487,11.89336
2016-06-20,93.61,1.26385,93.11783,0.52715,0.17709,6.7709,0.18666,11.89336
2016-06-21,94.02,1.28531,93.03241,1.05595,0.35543,6.78652,0.18939,11.89336
2016-06-22,93.72,1.26882,92.59356,1.2092,0.408,6.75024,0.18797,11.89336
2016-06-23,93.53,1.29056,93.34713,0.19571,0.06622,6.75261,0.19112,11.89336
2016-06-24,95.45,1.22653,92.18249,3.48323,1.18227,7.91684,0.15493,11.89336
2016-06-27,96.54,1.18992,93.29957,3.41419,1.16126,8.06793,0.14749,11.89336
2016-06-28,96.25,1.18945,94.17243,2.18215,0.74376,8.06172,0.14754,11.89336
2016-06-29,95.77,1.20652,94.06631,1.79494,0.61325,8.10959,0.14878,11.89336
2016-06-30,96.14,1.16856,94.9157,1.28163,0.43901,8.14255,0.14351,11.89336
2016-07-01,95.65,1.18573,95.15176,0.52226,0.17953,8.20843,0.14445,12.33494
2016-07-05,96.17,1.16755,95.61951,0.57406,0.19794,8.27238,0.14114,12.33494
2016-07-06,96.06,1.2023,95.43914,0.64842,0.22443,8.26334,0.1455,12.33494
2016-07-07,96.33,1.2026,96.46927,-0.14447,-0.0502,8.27877,0.14526,12.33494
2016-07-08,96.3,1.23995,96.88737,-0.60808,-0.21214,8.25954,0.15012,12.33494
2016-07-11,96.57,1.28814,96.80384,-0.24185,-0.08475,8.24415,0.15625,12.33494
2016-07-12,96.44,1.30445,95.87816,0.58429,0.20526,8.25164,0.15808,12.33494
2016-07-13,96.22,1.30236,96.99141,-0.79852,-0.28151,8.11212,0.16055,12.33494
2016-07-14,96.08,1.29,96.68797,-0.63078,-0.22303,8.11378,0.15899,12.33494
2016-07-15,96.58,1.31247,96.6013,-0.02205,-0.00782,8.16068,0.16083,12.33494
2016-07-18,96.56,1.28483,97.05178,-0.50801,-0.18086,8.14521,0.15774,12.33494
2016-07-19,97.05,1.2965,97.37359,-0.33287,-0.11893,8.11368,0.15979,12.33494
2016-07-20,97.2,1.31569,97.22565,-0.02639,-0.00945,8.05537,0.16333,12.33494
2016-07-21,97.0,1.27915,97.23248,-0.23939,-0.08599,8.06953,0.15852,12.33494
2016-07-22,97.47,1.29036,97.75133,-0.28822,-0.10376,8.05396,0.16021,12.33494
2016-07-25,97.29,1.29793,97.7052,-0.42585,-0.15364,8.03844,0.16147,12.33494
2016-07-26,97.16,1.32702,97.47586,-0.32457,-0.11722,8.0192,0.16548,12.33494
2016-07-27,97.05,1.32428,98.13294,-1.10968,-0.40136,8.01154,0.1653,12.33494
2016-07-28,96.74,1.30642,98.52464,-1.82797,-0.66245,7.91484,0.16506,12.33494
2016-07-29,95.53,1.24283,99.15388,-3.72326,-1.35071,8.19307,0.15169,12.33494
2016-08-01,95.71,1.23747,98.84111,-3.21908,-1.16774,8.1278,0.15225,11.30527
2016-08-02,95.06,1.21227,98.72244,-3.7804,-1.37172,8.23753,0.14716,11.30527
2016-08-03,95.56,1.2128,98.35502,-2.88293,-1.04641,8.2839,0.1464,11.30527
2016-08-04,95.76,1.19533,98.08031,-2.39416,-0.87051,8.20091,0.14576,11.30527
2016-08-05,96.19,1.2815,98.30259,-2.17249,-0.79196,8.24128,0.1555,11.30527
2016-08-08,96.4,1.29623,97.76526,-1.40631,-0.51425,8.23525,0.1574,11.30527
2016-08-09,96.18,1.27195,97.88602,-1.75823,-0.64584,8.24909,0.15419,11.30527
2016-08-10,95.65,1.26195,98.06252,-2.49095,-0.91901,8.26359,0.15271,11.30527
2016-08-11,95.86,1.33176,97.29567,-1.48657,-0.55086,8.24866,0.16145,11.30527
2016-08-12,95.72,1.27893,97.14237,-1.47503,-0.54903,8.20017,0.15596,11.30527
2016-08-15,95.63,1.27196,96.57321,-0.98148,-0.36674,8.20239,0.15507,11.30527
2016-08-16,94.79,1.31139,95.8508,-1.11289,-0.41764,8.39745,0.15616,11.30527
2016-08-17,94.72,1.29389,95.88221,-1.21953,-0.4596,8.32251,0.15547,11.30527
2016-08-18,94.16,1.26981,95.94448,-1.87742,-0.71007,8.39124,0.15133,11.30527
2016-08-19,94.51,1.31445,95.8796,-1.43876,-0.54601,8.42714,0.15598,11.30527
2016-08-22,94.52,1.32176,96.00763,-1.56162,-0.595,8.42604,0.15687,11.30527
2016-08-23,94.54,1.30317,95.75721,-1.27929,-0.48935,8.3931,0.15527,11.30527
2016-08-24,94.79,1.3183,95.59194,-0.84246,-0.3234,8.4003,0.15693,11.30527
2016-08-25,94.77,1.33144,95.31173,-0.57001,-0.21964,8.39242,0.15865,11.30527
2016-08-26,95.57,1.3882,95.10704,0.48559,0.18778,8.53043,0.16273,11.30527
2016-08-29,95.58,1.36235,95.65417,-0.07757,-0.03006,8.49439,0.16038,11.30527
2016-08-30,96.05,1.35825,95.88357,0.17343,0.06739,8.50258,0.15975,11.30527
2016-08-31,96.02,1.36163,96.19379,-0.18084,-0.07041,8.50076,0.16018,11.30527
2016-09-01,95.65,1.33508,96.23584,-0.61061,-0.23816,7.88079,0.16941,11.98137
2016-09-02,95.88,1.362,96.83419,-0.99028,-0.3871,7.88484,0.17274,11.98137
2016-09-06,94.82,1.31703,96.77969,-2.04568,-0.80142,8.20861,0.16044,11.98137
2016-09-07,94.96,1.32981,96.55765,-1.66845,-0.65485,8.19378,0.16229,11.98137
2016-09-08,95.03,1.35101,95.70194,-0.7046,-0.27705,8.1261,0.16626,11.98137
2016-09-09,95.34,1.35137,94.70195,0.67148,0.26491,8.08371,0.16717,11.98137
2016-09-12,95.1,1.35439,95.30572,-0.21608,-0.08542,8.08484,0.16752,11.98137
2016-09-13,95.63,1.36286,94.89878,0.76757,0.30441,8.07469,0.16878,11.98137
2016-09-14,95.33,1.35204,95.23589,0.09877,0.03926,8.0707,0.16752,11.98137
2016-09-15,95.29,1.31995,95.58759,-0.31181,-0.12423,8.07069,0.16355,11.98137
2016-09-16,96.11,1.3554,96.05051,0.06192,0.02472,8.2042,0.16521,11.98137
2016-09-19,95.84,1.37257,95.93762,-0.10181,-0.04073,8.1161,0.16912,11.98137
2016-09-20,96.02,1.37873,95.84815,0.17913,0.07175,8.08143,0.1706,11.98137
2016-09-21,95.66,1.36975,96.41726,-0.7885,-0.31612,8.09215,0.16927,11.98137
2016-09-22,95.45,1.38104,96.62814,-1.22674,-0.49217,8.09421,0.17062,11.98137
2016-09-23,95.48,1.36418,97.03424,-1.61471,-0.64814,7.00026,0.19488,11.98137
2016-09-26,95.31,1.36237,95.89837,-0.61543,-0.24712,6.61711,0.20589,11.98137
2016-09-27,95.44,1.38008,96.69463,-1.30601,-0.52511,6.59953,0.20912,11.98137
2016-09-28,95.43,1.38925,96.18755,-0.79069,-0.3181,6.52505,0.21291,11.98137
2016-09-29,95.54,1.36129,95.56494,-0.0261,-0.01052,6.48142,0.21003,11.98137
2016-09-30,95.46,1.40363,95.7944,-0.34969,-0.1411,6.40303,0.21921,11.98137
2016-10-03,95.75,1.42872,95.67657,0.07672,0.03105,6.33784,0.22543,12.8317
2016-10-04,96.12,1.45016,95.22397,0.93657,0.37965,6.38213,0.22722,12.8317
2016-10-05,96.13,1.47448,95.18852,0.98421,0.39927,6.35683,0.23195,12.8317
2016-10-06,96.66,1.47852,95.11773,1.60844,0.65314,6.45197,0.22916,12.8317
2016-10-07,96.52,1.45128,95.12655,1.45421,0.59124,6.43456,0.22554,12.8317
2016-10-11,97.7,1.47602,94.57986,3.24569,1.32246,6.87188,0.21479,12.8317
2016-10-12,97.97,1.47586,94.69204,3.40314,1.38823,6.87164,0.21478,12.8317
2016-10-13,97.52,1.46167,94.61411,3.02508,1.23594,6.93264,0.21084,12.8317
2016-10-14,98.02,1.45248,94.83208,3.30637,1.35552,6.93044,0.20958,12.8317
2016-10-17,97.89,1.42058,94.98245,3.01523,1.24015,6.93696,0.20478,12.8317
2016-10-18,97.9,1.44114,95.18317,2.81435,1.16057,6.86674,0.20987,12.8317
2016-10-19,97.87,1.42724,95.21497,2.75029,1.1373,6.86131,0.20801,12.8317
2016-10-20,98.32,1.45972,95.61836,2.78626,1.15623,6.90457,0.21141,12.8317
2016-10-21,98.7,1.45078,95.66334,3.12497,1.30237,6.88074,0.21085,12.8317
2016-10-24,98.67,1.44737,95.81837,2.93265,1.22827,6.86899,0.21071,12.8317
2016-10-25,98.72,1.46662,95.91606,2.88141,1.21127,6.86185,0.21373,12.8317
2016-10-26,98.63,1.454,95.97277,2.73109,1.15257,6.86019,0.21195,12.8317
2016-10-27,98.89,1.45589,95.78941,3.1856,1.34832,6.83991,0.21285,12.8317
2016-10-28,98.35,1.44189,95.85861,2.56582,1.08797,6.4288,0.22429,12.8317
2016-10-31,98.45,1.43978,96.03122,2.48754,1.05856,6.42336,0.22415,12.8317
2016-11-01,97.7,1.39784,95.88666,1.87346,0.79966,6.46366,0.21626,15.35778
2016-11-02,97.4,1.39229,96.07242,1.37239,0.5874,6.42605,0.21666,15.35778
2016-11-03,97.16,1.40068,95.96638,1.23613,0.53113,6.43914,0.21753,15.35778
2016-11-04,97.07,1.40413,96.08305,1.02195,0.4409,6.38467,0.21992,15.35778
2016-11-07,97.78,1.4163,96.32493,1.49929,0.6501,6.53089,0.21686,15.35778
2016-11-08,97.86,1.46644,96.42016,1.48226,0.64563,6.51187,0.2252,15.35778
2016-11-09,98.5,1.51378,96.84032,1.69931,0.74406,6.52133,0.23213,15.35778
2016-11-10,98.79,1.50743,96.88027,1.95205,0.85976,6.53108,0.23081,15.35778
2016-11-14,100.11,1.56685,97.18548,2.96483,1.3117,7.00117,0.2238,15.35778
2016-11-15,100.19,1.59217,97.0381,3.19647,1.42087,6.99312,0.22768,15.35778
2016-11-16,100.41,1.55637,97.02799,3.42624,1.52984,6.72273,0.23151,15.35778
2016-11-17,100.89,1.60997,97.19626,3.72986,1.67281,6.75784,0.23824,15.35778
2016-11-18,101.21,1.6618,97.33578,3.9031,1.75479,6.62215,0.25095,15.35778
2016-11-21,101.05,1.67949,97.26029,3.82246,1.72355,6.62345,0.25357,15.35778
2016-11-22,101.04,1.70105,97.34547,3.72503,1.68646,6.62478,0.25677,15.35778
2016-11-23,101.7,1.72731,97.47775,4.24031,1.93051,6.71126,0.25738,15.35778
2016-11-25,101.49,1.76848,97.77808,3.72599,1.70207,6.73501,0.26258,15.35778
2016-11-28,101.33,1.76927,97.66118,3.68784,1.69316,6.75122,0.26207,15.35778
2016-11-29,100.93,1.74673,97.85803,3.09094,1.42509,6.65671,0.2624,15.35778
2016-11-30,101.5,1.76671,97.56563,3.95335,1.83127,6.72246,0.26281,15.35778
2016-12-01,101.04,1.79273,97.62101,3.44238,1.60142,6.76218,0.26511,16.9829
2016-12-02,100.77,1.75075,97.33684,3.46631,1.61942,6.79448,0.25767,16.9829
2016-12-05,100.14,1.75441,97.61334,2.5555,1.19983,6.87781,0.25508,16.9829
2016-12-06,100.49,1.7402,97.74555,2.76905,1.30924,6.89198,0.2525,16.9829
2016-12-07,100.23,1.71044,97.73639,2.51936,1.20038,6.49503,0.26335,16.9829
2016-12-08,101.07,1.73437,97.76753,3.32208,1.5941,6.66375,0.26027,16.9829
2016-12-09,101.57,1.81105,98.07559,3.50097,1.69176,6.71001,0.2699,16.9829
2016-12-12,100.96,1.80068,98.02004,2.95524,1.43839,6.84174,0.26319,16.9829
2016-12-13,101.03,1.81216,98.13082,2.91161,1.43046,6.80636,0.26625,16.9829
2016-12-14,102.0,1.91698,98.54488,3.44608,1.70496,6.96131,0.27538,16.9829
2016-12-15,103.13,1.9537,98.76169,4.32805,2.15593,7.18922,0.27175,16.9829
2016-12-16,102.95,1.95789,98.9028,4.01059,2.006,7.20661,0.27168,16.9829
2016-12-19,103.14,1.91788,98.91217,4.1855,2.10361,7.05202,0.27196,16.9829
2016-12-20,103.29,1.92889,99.06883,4.17257,2.10512,7.00677,0.27529,16.9829
2016-12-21,103.02,1.88469,99.04279,3.93711,1.99498,7.04636,0.26747,16.9829
2016-12-22,103.09,1.90353,99.19744,3.84902,1.95959,6.97718,0.27282,16.9829
2016-12-23,103.01,1.90678,99.29976,3.66829,1.87597,6.95491,0.27416,16.9829
2016-12-27,103.02,1.97127,99.61883,3.3572,1.72609,6.95618,0.28338,16.9829
2016-12-28,103.26,1.96003,99.68217,3.52633,1.82206,6.93293,0.28271,16.9829
2016-12-29,102.68,1.89948,99.55524,3.09047,1.60047,7.06903,0.2687,16.9829
2016-12-30,102.39,1.87748,99.5622,2.80064,1.45393,7.10972,0.26407,16.9829
2017-01-03,103.21,1.89638,99.66265,3.49748,1.81995,7.24088,0.2619,17.10237
2017-01-04,102.7,1.91563,99.78677,2.87765,1.49755,7.33474,0.26117,17.10237
2017-01-05,101.52,1.82278,99.45743,2.05261,1.06832,7.75186,0.23514,17.10237
2017-01-06,102.22,1.85407,99.59526,2.60128,1.35639,7.82129,0.23705,17.10237
2017-01-09,101.93,1.85461,99.59643,2.316,1.20871,7.85674,0.23605,17.10237
2017-01-10,102.01,1.84631,99.55433,2.43673,1.27247,7.80171,0.23665,17.10237
2017-01-11,101.78,1.84316,99.5801,2.18513,1.1418,7.81307,0.23591,17.10237
2017-01-12,101.35,1.82072,99.53567,1.80638,0.94423,7.53126,0.24175,17.10237
2017-01-13,101.18,1.85532,99.66514,1.50851,0.78914,7.53141,0.24634,17.10237
2017-01-17,100.33,1.82607,99.58821,0.74209,0.38839,7.67485,0.23793,17.10237
2017-01-18,100.93,1.86665,99.75212,1.17389,0.615,7.69765,0.2425,17.10237
2017-01-19,101.15,1.88271,99.85468,1.28887,0.67506,7.69641,0.24462,17.10237
2017-01-20,100.74,1.81482,99.56037,1.17787,0.61665,7.75046,0.23416,17.10237
2017-01-23,100.16,1.75665,99.33853,0.82355,0.43099,7.84878,0.22381,17.10237
2017-01-24,100.35,1.808,99.52956,0.82094,0.42963,7.8083,0.23155,17.10237
2017-01-25,100.03,1.8055,99.5059,0.52532,0.27488,7.80598,0.2313,17.10237
2017-01-26,100.38,1.78716,99.45218,0.9286,0.48586,7.83266,0.22817,17.10237
2017-01-27,100.53,1.79802,99.49224,1.03765,0.54279,7.83634,0.22945,17.10237
2017-01-30,100.43,1.80383,99.59332,0.83659,0.43751,7.83688,0.23017,17.10237
2017-01-31,99.51,1.78548,99.53877,-0.02891,-0.01512,8.04755,0.22187,17.10237
2017-02-01,99.64,1.83711,99.74504,-0.10536,-0.05514,7.97053,0.23049,15.2504
2017-02-02,99.85,1.85567,99.85024,-0.00024,-0.00013,7.978,0.2326,15.2504
2017-02-03,99.87,1.86327,99.83473,0.03532,0.01849,7.81604,0.23839,15.2504
2017-02-06,99.91,1.82642,99.67198,0.23852,0.12492,7.785,0.23461,15.2504
2017-02-07,100.26,1.83001,99.66739,0.59283,0.31056,7.78698,0.23501,15.2504
2017-02-08,100.28,1.8425,99.73865,0.5413,0.28357,7.78186,0.23677,15.2504
2017-02-09,100.65,1.88605,99.90892,0.73902,0.38732,7.68719,0.24535,15.2504
2017-02-10,100.8,1.87728,99.90656,0.89031,0.46682,7.68964,0.24413,15.2504
2017-02-13,100.96,1.88443,99.93495,1.02049,0.53553,7.59463,0.24813,15.2504
2017-02-14,101.25,1.93813,100.16921,1.07319,0.56335,7.59366,0.25523,15.2504
2017-02-15,101.18,1.95358,100.32059,0.85301,0.44788,7.1302,0.27399,15.2504
2017-02-16,100.44,1.89859,100.07985,0.35921,0.1887,7.28511,0.26061,15.2504
2017-02-17,100.95,1.91192,100.12967,0.81592,0.42874,7.34203,0.26041,15.2504
2017-02-21,101.37,1.94558,100.31533,1.04587,0.54959,7.32705,0.26553,15.2504
2017-02-22,101.33,1.98882,100.50344,0.81906,0.43051,7.30055,0.27242,15.2504
2017-02-23,101.05,1.95063,100.37099,0.67422,0.35434,7.31495,0.26666,15.2504
2017-02-24,101.09,1.91728,100.203,0.88131,0.46315,7.31534,0.26209,15.2504
2017-02-27,101.13,1.98697,100.5553,0.5699,0.29943,7.19565,0.27613,15.2504
2017-02-28,101.12,1.98857,100.60727,0.50834,0.26708,7.18442,0.27679,15.2504
2017-03-01,101.78,2.02839,100.77135,0.99596,0.52325,7.29595,0.27802,14.52744
2017-03-02,102.2,2.06255,100.88214,1.29788,0.68179,7.29357,0.28279,14.52744
2017-03-03,101.54,2.0458,100.80309,0.72839,0.38273,7.32898,0.27914,14.52744
2017-03-06,101.64,2.0364,100.79679,0.83307,0.43805,7.2727,0.28001,14.52744
2017-03-07,101.81,2.07986,101.01991,0.77906,0.41044,7.25736,0.28659,14.52744
2017-03-08,102.07,2.10303,101.07712,0.9775,0.51713,7.15318,0.294,14.52744
2017-03-09,101.85,2.10587,101.10976,0.72944,0.38712,7.14009,0.29494,14.52744
2017-03-10,101.25,2.08961,100.99656,0.25062,0.13382,7.2234,0.28928,14.52744
2017-03-13,101.38,2.10649,101.07417,0.30212,0.16213,7.03374,0.29948,14.52744
2017-03-14,101.7,2.09719,101.08896,0.60263,0.32495,6.99231,0.29993,14.52744
2017-03-15,100.74,2.03793,100.82392,-0.08327,-0.04507,7.14644,0.28517,14.52744
2017-03-16,100.27,2.03887,100.80988,-0.53699,-0.29188,7.20467,0.28299,14.52744
2017-03-17,100.3,2.01349,100.69581,-0.39385,-0.21458,6.93212,0.29046,14.52744
2017-03-20,100.41,1.96974,100.48739,-0.07705,-0.04203,6.54911,0.30076,14.52744
2017-03-21,99.81,1.9107,100.26693,-0.45675,-0.24954,6.63843,0.28782,14.52744
2017-03-22,99.68,1.94053,100.42292,-0.74255,-0.40609,6.62325,0.29299,14.52744
2017-03-23,99.76,1.92128,100.34377,-0.58347,-0.31946,6.61655,0.29037,14.52744
2017-03-24,99.63,1.90242,100.25099,-0.62137,-0.34069,6.60509,0.28802,14.52744
2017-03-27,99.17,1.89494,100.18643,-1.01972,-0.56058,6.65069,0.28492,14.52744
2017-03-28,99.71,1.92632,100.28975,-0.57975,-0.31979,6.75954,0.28498,14.52744
2017-03-29,100.0,1.91899,100.2809,-0.28051,-0.15523,6.79314,0.28249,14.52744
2017-03-30,100.41,1.91794,100.3043,0.10533,0.05841,6.83175,0.28074,14.52744
2017-03-31,100.35,1.89348,100.24782,0.10187,0.0566,6.75005,0.28051,14.52744
2017-04-03,100.54,1.9049,100.32141,0.21765,0.12129,6.74603,0.28237,13.58449
2017-04-04,100.54,1.93423,100.46363,0.07599,0.04249,6.53407,0.29602,13.58449
2017-04-05,100.56,1.92439,100.51683,0.04293,0.02416,6.46958,0.29745,13.58449
2017-04-06,100.67,1.91938,100.48101,0.18791,0.10647,6.05941,0.31676,13.58449
2017-04-07,101.18,1.98628,100.89086,0.28618,0.1634,5.98442,0.33191,13.58449
2017-04-10,101.02,1.99994,101.09748,-0.07667,-0.04404,5.96679,0.33518,13.58449
2017-04-11,100.71,1.95956,100.98961,-0.27725,-0.16008,5.99226,0.32701,13.58449
2017-04-12,100.78,1.95941,101.04682,-0.26441,-0.15317,5.98022,0.32765,13.58449
2017-04-13,100.56,1.94058,100.96395,-0.4009,-0.23297,5.93733,0.32684,13.58449
2017-04-17,100.3,1.93978,100.84866,-0.54553,-0.31826,5.94979,0.32602,13.58449
2017-04-18,99.5,1.89994,100.6066,-1.10602,-0.64792,5.92609,0.32061,13.58449
2017-04-19,99.74,1.87883,100.48959,-0.74874,-0.44036,5.81921,0.32287,13.58449
2017-04-20,99.78,1.8829,100.44695,-0.66619,-0.39281,5.80068,0.3246,13.58449
2017-04-21,99.98,1.87298,100.41414,-0.43328,-0.25601,5.76396,0.32495,13.58449
2017-04-24,99.09,1.85182,99.91877,-0.83291,-0.49307,5.92288,0.31266,13.58449
2017-04-25,98.82,1.89307,100.1374,-1.32433,-0.7845,5.92953,0.31926,13.58449
2017-04-26,98.96,1.88562,100.09175,-1.13716,-0.6733,5.90794,0.31917,13.58449
2017-04-27,99.08,1.87007,99.93082,-0.85505,-0.50604,5.86793,0.31869,13.58449
2017-04-28,99.05,1.90706,100.1873,-1.14166,-0.67563,5.85777,0.32556,13.58449
2017-05-01,99.14,1.90706,100.08526,-0.94895,-0.56151,5.8601,0.32543,13.02346
2017-05-02,98.98,1.90111,100.086,-1.1112,-0.65734,5.57619,0.34093,13.02346
2017-05-03,99.21,1.92628,100.22832,-1.0212,-0.60405,5.59016,0.34458,13.02346
2017-05-04,98.76,1.937,100.19874,-1.44629,-0.85522,5.64306,0.34325,13.02346
2017-05-05,98.65,1.91861,100.11503,-1.47416,-0.87108,5.64564,0.33984,13.02346
2017-05-08,99.15,1.92092,100.01016,-0.86379,-0.51004,5.74155,0.33456,13.02346
2017-05-09,99.59,1.94814,100.16129,-0.57201,-0.33767,5.76835,0.33773,13.02346
2017-05-10,99.67,1.93703,100.15925,-0.48967,-0.28914,5.77092,0.33565,13.02346
2017-05-11,99.62,1.92436,100.14945,-0.53006,-0.31308,5.71998,0.33643,13.02346
2017-05-12,99.25,1.8765,99.86161,-0.61434,-0.36303,5.75362,0.32614,13.02346
2017-05-15,98.91,1.8847,99.92472,-1.02068,-0.60308,5.77615,0.32629,13.02346
2017-05-16,98.11,1.85401,99.78034,-1.68818,-0.99722,5.94486,0.31187,13.02346
2017-05-17,97.42,1.84269,100.26949,-2.883,-1.70173,6.08783,0.30268,13.02346
2017-05-18,97.88,1.85552,100.23057,-2.3731,-1.39698,6.02234,0.30811,13.02346
2017-05-19,97.15,1.85545,99.96138,-2.85277,-1.67707,6.08145,0.3051,13.02346
2017-05-22,96.98,1.86397,99.85982,-2.92626,-1.71902,6.00777,0.31026,13.02346
2017-05-23,97.35,1.87356,99.86758,-2.55324,-1.4992,6.07495,0.30841,13.02346
2017-05-24,97.24,1.86646,99.71101,-2.50939,-1.47296,6.06042,0.30798,13.02346
2017-05-25,97.25,1.88866,99.76879,-2.55705,-1.50039,6.05872,0.31173,13.02346
2017-05-26,97.4,1.89689,99.77659,-2.41073,-1.41478,6.07081,0.31246,13.02346
2017-05-30,97.28,1.90159,99.86474,-2.62232,-1.53662,6.07127,0.31321,13.02346
2017-05-31,96.92,1.90112,99.82718,-2.95546,-1.72807,5.92632,0.32079,13.02346
2017-06-01,97.2,1.89833,99.70966,-2.54918,-1.48635,5.88994,0.3223,11.46316
2017-06-02,96.72,1.90941,99.72055,-3.05516,-1.77845,5.83771,0.32708,11.46316
2017-06-05,96.8,1.93444,99.87361,-3.12584,-1.81397,5.83587,0.33148,11.46316
2017-06-06,96.64,1.92832,99.88575,-3.30343,-1.91083,5.81709,0.33149,11.46316
2017-06-07,96.75,1.94818,99.92292,-3.22688,-1.85995,5.79055,0.33644,11.46316
2017-06-08,96.92,1.94775,99.8491,-2.97741,-1.71031,5.80749,0.33539,11.46316
2017-06-09,97.27,1.97553,100.06514,-2.83307,-1.62273,5.77813,0.3419,11.46316
2017-06-12,97.14,1.97403,100.15844,-3.06001,-1.74827,5.7665,0.34233,11.46316
2017-06-13,96.98,1.97878,99.99292,-3.05946,-1.7427,5.71663,0.34615,11.46316
2017-06-14,96.94,1.9459,99.79578,-2.90336,-1.64908,5.4345,0.35806,11.46316
2017-06-15,97.43,1.90136,99.58009,-2.18281,-1.23675,5.48629,0.34657,11.46316
2017-06-16,97.16,1.89044,99.42159,-2.30101,-1.30203,5.50351,0.3435,11.46316
2017-06-19,97.53,1.91894,99.53389,-2.03382,-1.14901,5.56177,0.34502,11.46316
2017-06-20,97.75,1.91987,99.58986,-1.86472,-1.0522,5.47224,0.35084,11.46316
2017-06-21,97.56,1.90835,99.4657,-1.93453,-1.09044,5.47838,0.34834,11.46316
2017-06-22,97.54,1.89254,99.32786,-1.81635,-1.02262,5.47354,0.34576,11.46316
2017-06-23,97.3,1.88086,99.17118,-1.90485,-1.07135,5.48659,0.34281,11.46316
2017-06-26,97.43,1.90541,99.25321,-1.85401,-1.04175,5.42805,0.35103,11.46316
2017-06-27,96.47,1.89189,99.41816,-3.01027,-1.68963,5.63459,0.33576,11.46316
2017-06-28,96.05,1.85259,99.01706,-3.04233,-1.70317,5.64231,0.32834,11.46316
2017-06-29,95.63,1.88258,99.42941,-3.89614,-2.17523,5.60793,0.3357,11.46316
2017-06-30,95.66,1.87183,99.32093,-3.75561,-2.08785,5.61205,0.33354,11.46316
2017-07-03,96.2,1.91929,99.60263,-3.47592,-1.92633,5.73231,0.33482,9.80141
2017-07-05,96.29,1.91508,99.48366,-3.26289,-1.80229,5.74,0.33364,9.80141
2017-07-06,95.82,1.89432,99.64369,-3.91293,-2.15523,5.79816,0.32671,9.80141
2017-07-07,96.01,1.90529,99.39379,-3.46372,-1.89941,5.81243,0.3278,9.80141
2017-07-10,96.05,1.91325,99.40579,-3.43414,-1.87848,5.69702,0.33583,9.80141
2017-07-12,95.79,1.86701,99.01109,-3.30736,-1.8047,5.70757,0.32711,9.80141
2017-07-13,95.73,1.89311,99.04936,-3.40865,-1.85744,5.68967,0.33273,9.80141
2017-07-14,95.11,1.87781,98.86113,-3.8682,-2.10714,5.79351,0.32412,9.80141
2017-07-17,95.13,1.88771,98.94189,-3.92883,-2.13826,5.79204,0.32592,9.80141
2017-07-18,94.66,1.89257,98.96362,-4.44607,-2.41757,5.83947,0.3241,9.80141
2017-07-19,94.8,1.9044,98.9849,-4.31979,-2.34099,5.67732,0.33544,9.80141
2017-07-20,94.27,1.90716,98.89355,-4.78811,-2.58758,5.72116,0.33335,9.80141
2017-07-21,93.94,1.89822,98.70644,-4.94939,-2.66265,5.73853,0.33078,9.80141
2017-07-24,93.98,1.91815,98.80392,-5.00552,-2.67941,5.71409,0.33569,9.80141
2017-07-25,94.05,1.94046,98.92415,-5.05268,-2.68765,5.48968,0.35347,9.80141
2017-07-26,93.67,1.90366,98.76033,-5.2918,-2.79925,5.51454,0.34521,9.80141
2017-07-27,93.86,1.91457,98.96103,-5.29218,-2.7839,5.52608,0.34646,9.80141
2017-07-28,93.26,1.89045,98.8774,-5.84894,-3.06296,5.62062,0.33634,9.80141
2017-07-31,92.86,1.89763,98.87251,-6.27383,-3.26671,5.65828,0.33537,9.80141
2017-08-01,93.03,1.90008,98.78542,-6.0028,-3.10412,5.67404,0.33487,8.37234
2017-08-02,92.83,1.92934,98.97537,-6.41012,-3.29539,5.67739,0.33983,8.37234
2017-08-03,92.81,1.90472,98.84713,-6.30202,-3.21922,5.63929,0.33776,8.37234
2017-08-04,93.54,1.92096,98.75554,-5.42584,-2.7532,5.8671,0.32741,8.37234
2017-08-07,93.43,1.92186,98.68343,-5.47046,-2.76335,5.86723,0.32756,8.37234
2017-08-08,93.64,1.91542,99.01644,-5.58283,-2.80716,5.77824,0.33149,8.37234
2017-08-09,93.52,1.89897,98.96335,-5.65743,-2.83083,5.67589,0.33457,8.37234
2017-08-10,93.4,1.8969,100.51195,-7.33852,-3.64844,5.66431,0.33489,8.37234
2017-08-11,93.07,1.88534,100.22699,-7.40856,-3.64083,5.68531,0.33162,8.37234
2017-08-14,93.46,1.91723,99.37932,-6.14106,-2.98417,5.75534,0.33312,8.37234
2017-08-15,93.85,1.92424,99.29915,-5.64392,-2.72426,5.82254,0.33048,8.37234
2017-08-16,93.49,1.90478,99.05031,-5.77734,-2.77358,5.66567,0.3362,8.37234
2017-08-17,93.62,1.88742,100.12847,-6.72099,-3.20636,5.53474,0.34101,8.37234
2017-08-18,93.43,1.91628,99.88762,-6.68333,-3.15664,5.43357,0.35267,8.37234
2017-08-21,93.1,1.90788,99.45839,-6.60652,-3.0919,5.28978,0.36067,8.37234
2017-08-22,93.55,1.91877,98.87455,-5.53558,-2.57804,5.39772,0.35548,8.37234
2017-08-23,93.15,1.92121,99.19124,-6.28386,-2.91402,5.37346,0.35754,8.37234
2017-08-24,93.28,1.93698,99.22925,-6.18271,-2.84552,5.38895,0.35944,8.37234
2017-08-25,92.74,1.95053,98.92611,-6.45733,-2.94881,5.48369,0.3557,8.37234
2017-08-28,92.21,1.94823,98.88483,-6.98872,-3.16454,5.55245,0.35088,8.37234
2017-08-29,92.35,1.9556,99.03013,-6.98384,-3.13256,5.57233,0.35095,8.37234
2017-08-30,92.88,1.94056,98.70387,-6.08159,-2.70399,5.69199,0.34093,8.37234
2017-08-31,92.67,1.94973,98.49025,-6.09128,-2.68945,5.65409,0.34484,8.37234
2017-09-01,92.81,1.96419,98.3303,-5.77779,-2.53302,5.6068,0.35032,7.50203
2017-09-05,92.31,1.93884,99.04027,-7.0374,-3.06653,5.67783,0.34148,7.50203
2017-09-06,92.29,1.92812,98.73302,-6.74836,-2.91416,5.67584,0.33971,7.50203
2017-09-07,91.53,1.90976,98.57875,-7.41889,-3.17796,5.85881,0.32596,7.50203
2017-09-08,91.33,1.91305,98.76455,-7.82594,-3.32064,5.83975,0.32759,7.50203
2017-09-11,91.86,1.95997,98.4014,-6.87893,-2.88841,5.92449,0.33083,7.50203
2017-09-12,91.91,1.95074,98.25869,-6.67939,-2.78306,5.9309,0.32891,7.50203
2017-09-13,92.52,1.96276,98.26141,-6.02066,-2.49038,6.11471,0.32099,7.50203
2017-09-14,92.12,1.9743,98.26029,-6.45278,-2.65368,6.15611,0.32071,7.50203
2017-09-15,91.87,1.98452,98.14709,-6.60927,-2.7005,6.05105,0.32796,7.50203
2017-09-18,92.05,1.98962,98.11398,-6.37979,-2.58929,6.06649,0.32797,7.50203
2017-09-19,91.79,1.98553,98.06207,-6.60972,-2.66496,6.00414,0.33069,7.50203
2017-09-20,92.51,2.03514,98.08198,-5.84869,-2.34172,6.22415,0.32697,7.50203
2017-09-21,92.26,2.03183,97.97164,-6.00673,-2.39214,6.23132,0.32607,7.50203
2017-09-22,92.17,2.04074,97.93508,-6.06701,-2.40281,6.2298,0.32758,7.50203
2017-09-25,92.65,2.00991,98.1079,-5.72389,-2.25425,6.33893,0.31707,7.50203
2017-09-26,92.97,2.0528,98.22852,-5.50197,-2.157,6.38149,0.32168,7.50203
2017-09-27,93.36,2.05774,98.04178,-4.89307,-1.91033,6.17852,0.33305,7.50203
2017-09-28,93.09,2.04113,97.74888,-4.8835,-1.89986,6.14832,0.33198,7.50203
2017-09-29,93.08,2.05397,97.74945,-4.89482,-1.89755,6.09776,0.33684,7.50203
2017-10-02,93.56,2.08443,97.78211,-4.41387,-1.70505,6.19737,0.33634,9.0667
2017-10-03,93.57,2.06283,97.68566,-4.3045,-1.65804,6.078,0.33939,9.0667
2017-10-04,93.46,2.07007,97.74598,-4.48385,-1.72248,6.07325,0.34085,9.0667
2017-10-05,93.96,2.08072,97.53502,-3.73424,-1.43033,6.11511,0.34026,9.0667
2017-10-06,93.8,2.11398,97.87903,-4.25675,-1.6272,6.10337,0.34636,9.0667
2017-10-09,93.74,2.13306,98.30039,-4.7503,-1.81126,6.1015,0.3496,9.0667
2017-10-10,93.29,2.10022,98.01038,-4.93605,-1.87604,6.14833,0.34159,9.0667
2017-10-11,92.96,2.09507,97.8328,-5.10906,-1.93529,6.17992,0.33901,9.0667
2017-10-12,93.12,2.10872,97.86036,-4.96525,-1.87463,6.07152,0.34731,9.0667
2017-10-13,93.09,2.1217,97.72888,-4.86304,-1.82984,6.07051,0.34951,9.0667
2017-10-16,93.28,2.16599,98.05355,-4.9908,-1.87173,6.01557,0.36006,9.0667
2017-10-17,93.49,2.16138,98.21547,-4.93093,-1.84289,6.02644,0.35865,9.0667
2017-10-18,93.36,2.20034,98.20081,-5.05515,-1.88303,5.93156,0.37096,9.0667
2017-10-19,93.27,2.19801,98.1096,-5.05868,-1.87782,5.89483,0.37287,9.0667
2017-10-20,93.7,2.20196,98.05837,-4.54647,-1.68234,5.96899,0.3689,9.0667
2017-10-23,93.94,2.19141,98.5585,-4.7994,-1.77207,5.98976,0.36586,9.0667
2017-10-24,93.96,2.1917,98.58787,-4.80791,-1.77034,5.93359,0.36937,9.0667
2017-10-25,93.71,2.19528,98.59717,-5.08376,-1.8668,5.94421,0.36931,9.0667
2017-10-26,94.61,2.24284,98.78368,-4.31692,-1.58118,6.10277,0.36751,9.0667
2017-10-27,94.92,2.21867,97.91027,-3.10171,-1.13385,6.06222,0.36598,9.0667
2017-10-30,94.49,2.21699,98.25261,-3.90479,-1.42601,6.13242,0.36152,9.0667
2017-10-31,94.55,2.22799,98.10216,-3.68806,-1.34472,6.1134,0.36444,9.0667
2017-11-01,94.82,2.24311,98.13487,-3.43624,-1.25116,6.13381,0.3657,8.92953
2017-11-02,94.69,2.2376,97.93805,-3.37267,-1.22679,5.95021,0.37605,8.92953
2017-11-03,94.94,2.26795,97.60345,-2.76677,-1.00554,5.96337,0.38031,8.92953
2017-11-06,94.72,2.24301,97.64968,-3.04612,-1.10785,5.97132,0.37563,8.92953
2017-11-07,94.91,2.27896,98.01759,-3.22178,-1.17142,5.97473,0.38143,8.92953
2017-11-08,94.87,2.30406,98.02437,-3.27085,-1.18947,5.96831,0.38605,8.92953
2017-11-09,94.44,2.26642,98.21788,-3.92235,-1.42595,5.99749,0.37789,8.92953
2017-11-10,94.39,2.30396,98.68235,-4.44709,-1.61411,5.94518,0.38753,8.92953
2017-11-13,94.49,2.32741,98.79127,-4.45152,-1.6122,5.89231,0.39499,8.92953
2017-11-14,93.83,2.30329,98.67487,-5.03456,-1.82032,6.01142,0.38315,8.92953
2017-11-15,93.81,2.31705,99.24025,-5.62722,-2.0299,6.00553,0.38582,8.92953
2017-11-17,93.66,2.35921,98.62951,-5.16993,-1.85979,6.00012,0.39319,8.92953
2017-11-20,94.08,2.40139,98.3922,-4.4816,-1.60789,6.01992,0.39891,8.92953
2017-11-21,93.95,2.40078,97.94101,-4.16026,-1.49086,5.95241,0.40333,8.92953
2017-11-22,93.22,2.35394,97.79452,-4.79063,-1.71559,6.09666,0.3861,8.92953
2017-11-24,92.76,2.35711,97.65668,-5.14425,-1.83929,6.16969,0.38205,8.92953
2017-11-27,92.9,2.34611,97.65557,-4.9923,-1.78193,6.06677,0.38672,8.92953
2017-11-28,93.26,2.36286,97.73531,-4.68716,-1.67087,5.99982,0.39382,8.92953
2017-11-29,93.26,2.37908,98.01539,-4.97332,-1.77098,5.99374,0.39693,8.92953
2017-11-30,93.01,2.37372,98.14608,-5.375,-1.91147,5.91164,0.40153,8.92953
2017-12-01,92.9,2.38445,98.16036,-5.50788,-1.95454,5.8986,0.40424,8.11564
2017-12-04,93.19,2.40684,98.25414,-5.2917,-1.87094,5.92359,0.40631,8.11564
2017-12-05,93.38,2.4437,98.1644,-4.99665,-1.76171,5.83065,0.41911,8.11564
2017-12-06,93.61,2.41273,97.95219,-4.53423,-1.59482,5.84775,0.41259,8.11564
2017-12-07,93.8,2.44256,97.66223,-4.035,-1.41614,5.59705,0.4364,8.11564
2017-12-08,93.9,2.44044,97.36441,-3.62303,-1.26905,5.57396,0.43783,8.11564
2017-12-11,93.87,2.4491,97.22112,-3.50771,-1.22676,5.46872,0.44784,8.11564
2017-12-12,94.1,2.45593,97.44582,-3.49385,-1.22014,5.48478,0.44777,8.11564
2017-12-13,93.43,2.41933,97.42274,-4.18471,-1.4593,5.53855,0.43682,8.11564
2017-12-14,93.49,2.44267,97.5085,-4.20851,-1.46456,5.46356,0.44708,8.11564
2017-12-15,93.93,2.46163,97.1505,-3.37115,-1.17072,5.50179,0.44742,8.11564
2017-12-18,93.7,2.44922,97.11731,-3.58215,-1.24276,5.52014,0.44369,8.11564
2017-12-19,93.47,2.46866,97.2797,-3.99498,-1.384,5.51213,0.44786,8.11564
2017-12-20,93.35,2.45232,97.07083,-3.90851,-1.35164,5.30366,0.46238,8.11564
2017-12-21,93.28,2.45513,96.99396,-3.9043,-1.34794,5.2753,0.4654,8.11564
2017-12-22,93.35,2.47139,97.07205,-3.90976,-1.34773,5.27129,0.46884,8.11564
2017-12-26,93.26,2.48099,97.10524,-4.0404,-1.39044,5.17729,0.47921,8.11564
2017-12-27,93.03,2.45712,97.0836,-4.26505,-1.46501,5.15718,0.47645,8.11564
2017-12-28,92.6,2.44769,96.91748,-4.55708,-1.56218,5.16854,0.47358,8.11564
2017-12-29,92.12,2.42617,97.06229,-5.22608,-1.78733,5.2386,0.46313,8.11564
2018-01-02,91.85,2.44276,96.67859,-5.12351,-1.747,5.26776,0.46372,6.09045
2018-01-03,92.16,2.46868,96.4501,-4.54996,-1.54695,5.20605,0.47419,6.09045
2018-01-04,91.85,2.47497,96.43053,-4.8666,-1.6512,5.24295,0.47206,6.09045
2018-01-05,91.95,2.47597,96.39894,-4.72503,-1.5991,5.24703,0.47188,6.09045
2018-01-08,92.33,2.48379,96.44081,-4.35604,-1.47053,5.19992,0.47766,6.09045
2018-01-09,92.53,2.50046,96.53336,-4.23557,-1.42682,5.21431,0.47954,6.09045
2018-01-10,92.33,2.49791,96.3923,-4.30571,-1.44755,5.22823,0.47777,6.09045
2018-01-11,91.85,2.45853,96.28975,-4.72051,-1.58377,5.24305,0.46891,6.09045
2018-01-12,90.97,2.46462,96.28843,-5.68184,-1.9016,5.53174,0.44554,6.09045
2018-01-16,90.39,2.51795,96.65398,-6.70037,-2.23458,5.64568,0.446,6.09045
2018-01-17,90.54,2.53251,96.5844,-6.46255,-2.14479,5.66169,0.44731,6.09045
2018-01-18,90.5,2.53702,96.51333,-6.43313,-2.1255,5.63922,0.44989,6.09045
2018-01-19,90.57,2.55559,96.28866,-6.12276,-2.01407,5.61788,0.4549,6.09045
2018-01-22,90.4,2.58046,96.15879,-6.17566,-2.02343,5.62185,0.45901,6.09045
2018-01-23,90.12,2.55506,95.99044,-6.31065,-2.05939,5.64506,0.45262,6.09045
2018-01-24,89.21,2.57203,95.92251,-7.25476,-2.35801,5.86508,0.43853,6.09045
2018-01-25,89.39,2.54251,95.78134,-6.90591,-2.23258,5.85353,0.43436,6.09045
2018-01-26,89.07,2.58736,95.6496,-7.1269,-2.29304,5.87639,0.4403,6.09045
2018-01-29,89.31,2.54166,95.74661,-6.95918,-2.22769,5.90665,0.4303,6.09045
2018-01-30,89.19,2.57013,95.64075,-6.983,-2.22464,5.52227,0.46541,6.09045
2018-01-31,89.13,2.58719,95.40315,-6.80156,-2.1572,5.45606,0.47419,6.09045
2018-02-01,88.67,2.61181,95.24092,-7.14881,-2.25742,5.47423,0.47711,4.845
2018-02-02,89.2,2.5936,95.02695,-6.32796,-1.98848,5.64028,0.45984,4.845
2018-02-05,89.55,2.54198,94.3765,-5.24949,-1.64343,5.67317,0.44807,4.845
2018-02-06,89.59,2.56619,93.95582,-4.7581,-1.48641,5.67878,0.45189,4.845
2018-02-07,90.26,2.61468,93.73263,-3.77519,-1.17705,5.87803,0.44482,4.845
2018-02-08,90.23,2.57128,93.24323,-3.28495,-1.02301,5.87061,0.43799,4.845
2018-02-09,90.44,2.51631,93.43514,-3.25809,-1.01405,5.87712,0.42815,4.845
2018-02-12,90.21,2.56723,93.51304,-3.59606,-1.11863,5.88742,0.43605,4.845
2018-02-13,89.7,2.58078,93.42436,-4.06814,-1.26474,5.92076,0.43589,4.845
2018-02-14,89.12,2.63913,93.6302,-4.93692,-1.53289,6.0279,0.43782,4.845
2018-02-15,88.59,2.6535,93.50388,-5.3984,-1.67254,6.09784,0.43515,4.845
2018-02-16,89.1,2.68624,93.24551,-4.54766,-1.40525,6.12225,0.43877,4.845
2018-02-20,89.72,2.72546,92.90766,-3.49123,-1.07681,6.31495,0.43159,4.845
2018-02-21,90.08,2.72899,92.85776,-3.03707,-0.93587,6.38188,0.42761,4.845
2018-02-22,89.75,2.72508,92.85793,-3.40427,-1.04816,6.32533,0.43082,4.845
2018-02-23,89.88,2.73671,93.02517,-3.43947,-1.05789,6.3391,0.43172,4.845
2018-02-26,89.82,2.70887,93.08116,-3.56642,-1.09574,6.17284,0.43884,4.845
2018-02-27,90.36,2.75383,92.59098,-2.439,-0.7485,6.24636,0.44087,4.845
2018-02-28,90.61,2.74017,92.41948,-1.97732,-0.6065,6.26708,0.43723,4.845
2018-03-01,90.32,2.71736,92.01255,-1.85661,-0.56931,6.23104,0.4361,5.29824
2018-03-02,89.94,2.7454,92.44621,-2.74841,-0.84255,6.27396,0.43759,5.29824
2018-03-05,90.08,2.73888,92.41433,-2.55838,-0.78379,6.27334,0.43659,5.29824
2018-03-06,89.62,2.73303,92.404,-3.05917,-0.93665,6.33961,0.4311,5.29824
2018-03-07,89.64,2.72922,92.56957,-3.21589,-0.98379,6.29747,0.43338,5.29824
2018-03-08,90.12,2.73512,92.79072,-2.92045,-0.89257,6.38806,0.42816,5.29824
2018-03-09,90.09,2.75863,92.96333,-3.1396,-0.95882,6.35868,0.43384,5.29824
2018-03-12,89.9,2.7646,92.69156,-3.05795,-0.93308,6.3428,0.43586,5.29824
2018-03-13,89.66,2.76205,92.54937,-3.17174,-0.96701,6.3452,0.4353,5.29824
2018-03-14,89.7,2.75328,92.30799,-2.86599,-0.87306,6.34907,0.43365,5.29824
2018-03-15,90.14,2.78804,92.32054,-2.39027,-0.72761,6.41717,0.43447,5.29824
2018-03-16,90.23,2.81285,92.33412,-2.30518,-0.70136,6.28922,0.44725,5.29824
2018-03-19,89.9,2.80859,91.65222,-1.93032,-0.58719,6.31487,0.44476,5.29824
2018-03-20,90.37,2.84131,91.61406,-1.36724,-0.41608,6.33346,0.44862,5.29824
2018-03-21,89.78,2.81061,91.54528,-1.94715,-0.59292,6.43406,0.43683,5.29824
2018-03-22,89.86,2.8128,90.57749,-0.79528,-0.24223,6.43127,0.43736,5.29824
2018-03-23,89.44,2.79278,90.23939,-0.8898,-0.2711,6.4812,0.43091,5.29824
2018-03-26,89.03,2.8403,90.77048,-1.93607,-0.58999,6.52835,0.43507,5.29824
2018-03-27,89.37,2.77645,90.57902,-1.34375,-0.40945,6.58523,0.42162,5.29824
2018-03-28,90.06,2.79746,90.50279,-0.49046,-0.14946,6.79484,0.4117,5.29824
2018-03-29,90.15,2.78596,90.93398,-0.86588,-0.26414,6.79052,0.41027,5.29824
2018-04-02,90.05,2.76496,90.556,-0.56033,-0.17115,6.73971,0.41025,5.4718
2018-04-03,90.2,2.78948,90.86991,-0.73996,-0.22636,6.68247,0.41743,5.4718
2018-04-04,90.14,2.78979,91.0393,-0.99273,-0.30418,6.66195,0.41876,5.4718
2018-04-05,90.46,2.79647,91.18547,-0.79878,-0.24522,6.66594,0.41952,5.4718
2018-04-06,90.11,2.77096,90.88046,-0.85139,-0.26179,6.67621,0.41505,5.4718
2018-04-09,89.84,2.78635,90.61845,-0.86276,-0.26576,6.69163,0.41639,5.4718
2018-04-10,89.59,2.80703,90.52281,-1.03582,-0.31954,6.64563,0.42239,5.4718
2018-04-11,89.57,2.80874,90.41642,-0.94054,-0.29055,6.62417,0.42401,5.4718
2018-04-12,89.75,2.83201,90.69142,-1.04347,-0.3228,6.63453,0.42686,5.4718
2018-04-13,89.8,2.86639,90.77335,-1.07808,-0.33395,6.56618,0.43654,5.4718
2018-04-16,89.43,2.88437,91.03978,-1.78403,-0.55319,6.33888,0.45503,5.4718
2018-04-17,89.52,2.90926,91.2483,-1.91224,-0.59341,6.21992,0.46773,5.4718
2018-04-18,89.62,2.9103,90.89629,-1.41407,-0.43929,6.21444,0.46831,5.4718
2018-04-19,89.94,2.9132,90.73601,-0.88115,-0.27415,6.25861,0.46547,5.4718
2018-04-20,90.32,2.93181,90.45039,-0.14427,-0.04497,6.31572,0.46421,5.4718
2018-04-23,90.94,2.95625,90.441,0.55022,0.17174,6.45206,0.45819,5.4718
2018-04-24,90.77,2.94386,90.21273,0.61582,0.19245,6.43194,0.45769,5.4718
2018-04-25,91.17,2.95742,90.21178,1.05659,0.33048,6.13985,0.48168,5.4718
2018-04-26,91.56,2.95865,90.44645,1.22365,0.3831,6.18116,0.47866,5.4718
2018-04-27,91.54,2.97491,90.62455,1.00509,0.31497,6.12979,0.48532,5.4718
2018-04-30,91.84,2.97419,90.4494,1.52573,0.4786,6.13958,0.48443,5.4718
2018-05-01,92.45,2.98519,90.54377,2.08346,0.65418,6.25094,0.47756,8.60894
2018-05-02,92.51,2.97498,90.69035,1.98658,0.62456,6.24584,0.47631,8.60894
2018-05-03,92.41,2.97984,90.67799,1.89206,0.59602,6.14512,0.48491,8.60894
2018-05-04,92.57,2.99567,90.76141,1.97309,0.62268,6.0543,0.4948,8.60894
2018-05-07,92.75,2.97897,90.64073,2.3004,0.72737,6.023,0.4946,8.60894
2018-05-08,93.12,2.99361,90.79404,2.52954,0.8008,6.06172,0.49385,8.60894
2018-05-09,93.04,3.01824,90.79341,2.44428,0.77472,5.90661,0.51099,8.60894
2018-05-10,92.65,3.03105,90.7964,2.02094,0.64142,5.9785,0.50699,8.60894
2018-05-11,92.54,3.02197,90.99949,1.67871,0.53351,5.97429,0.50583,8.60894
2018-05-14,92.59,3.01548,90.82688,1.92258,0.6118,5.94499,0.50723,8.60894
2018-05-15,93.22,3.03736,90.40136,3.0703,0.97791,5.9487,0.51059,8.60894
2018-05-16,93.39,3.05456,90.5902,3.04383,0.96943,5.77533,0.5289,8.60894
2018-05-17,93.47,3.04564,90.63826,3.07641,0.97972,5.61214,0.54269,8.60894
2018-05-18,93.64,3.02821,90.78641,3.0948,0.98532,5.52744,0.54785,8.60894
2018-05-21,93.68,3.07994,90.74655,3.18143,1.01229,5.38474,0.57198,8.60894
2018-05-22,93.61,3.08819,90.70453,3.15299,1.0025,5.34945,0.57729,8.60894
2018-05-23,94.01,3.04187,90.95585,3.3027,1.04944,5.32673,0.57106,8.60894
2018-05-24,93.78,3.0214,91.13762,2.85809,0.90749,5.36248,0.56343,8.60894
2018-05-25,94.19,3.03094,91.20064,3.22522,1.02355,5.40551,0.56071,8.60894
2018-05-29,94.83,2.91362,90.74835,4.39956,1.39531,5.43829,0.53576,8.60894
2018-05-30,94.15,3.01335,90.82877,3.59131,1.13743,5.65033,0.53331,8.60894
2018-05-31,93.99,2.98189,90.81659,3.43464,1.08688,5.61697,0.53087,8.60894
2018-06-01,94.19,3.00833,91.22518,3.19831,1.01112,5.53711,0.5433,10.29226
2018-06-04,94.02,3.05247,91.53506,2.67854,0.84622,5.5576,0.54924,10.29226
2018-06-05,93.89,3.04124,91.65514,2.40908,0.76081,5.4483,0.5582,10.29226
2018-06-06,93.66,3.04425,91.86115,1.93931,0.61297,5.48476,0.55504,10.29226
2018-06-07,93.4,3.02057,91.63994,1.90241,0.60191,5.4456,0.55468,10.29226
2018-06-08,93.55,3.05305,91.63989,2.06295,0.65336,5.44637,0.56057,10.29226
2018-06-11,93.58,3.04534,91.629,2.10689,0.66799,5.41884,0.56199,10.29226
2018-06-12,93.8,3.05328,91.66715,2.30008,0.72972,5.38714,0.56677,10.29226
2018-06-13,93.71,3.10631,91.35464,2.54558,0.80771,5.39734,0.57553,10.29226
2018-06-14,94.77,3.12478,91.57867,3.42544,1.0867,5.73722,0.54465,10.29226
2018-06-15,94.79,3.09304,91.87198,3.12679,0.99105,5.73825,0.53902,10.29226
2018-06-18,94.75,3.10634,91.65594,3.32,1.0518,5.6724,0.54762,10.29226
2018-06-19,95.09,3.09631,91.46894,3.88244,1.22944,5.6304,0.54993,10.29226
2018-06-20,95.06,3.1174,91.59004,3.71857,1.17669,5.43387,0.5737,10.29226
2018-06-21,94.87,3.13582,91.26233,3.87695,1.22654,5.4649,0.57381,10.29226
2018-06-22,94.52,3.14144,91.31124,3.45375,1.09197,5.42757,0.57879,10.29226
2018-06-25,94.28,3.11639,90.78711,3.77517,1.19324,5.35856,0.58157,10.29226
2018-06-26,94.68,3.11166,90.98554,3.98022,1.25802,5.3685,0.57961,10.29226
2018-06-27,95.29,3.09633,90.6771,4.962,1.56601,5.30909,0.58321,10.29226
2018-06-28,95.39,3.10132,90.87198,4.8522,1.52767,5.30914,0.58415,10.29226
2018-06-29,94.63,3.09142,90.99258,3.91966,1.23139,5.58653,0.55337,10.29226
2018-07-02,94.87,3.15432,91.04991,4.10998,1.28967,5.59476,0.5638,10.41721
2018-07-03,94.59,3.10106,91.11418,3.74383,1.17323,5.63776,0.55005,10.41721
2018-07-05,94.47,3.10903,91.32972,3.38061,1.05859,5.6235,0.55286,10.41721
2018-07-06,94.04,3.09483,91.68563,2.53545,0.79337,5.64773,0.54798,10.41721
2018-07-09,94.08,3.12169,91.72211,2.5382,0.79407,5.59839,0.55761,10.41721
2018-07-10,94.11,3.13733,91.6761,2.62026,0.81955,5.55333,0.56495,10.41721
2018-07-11,94.72,3.124,91.73404,3.20317,1.00168,5.66398,0.55155,10.41721
2018-07-12,94.81,3.15087,91.84428,3.17803,0.99314,5.65943,0.55675,10.41721
2018-07-13,94.75,3.14608,91.92864,3.02293,0.94401,5.66711,0.55515,10.41721
2018-07-16,94.51,3.13676,91.97351,2.7205,0.84921,5.61897,0.55825,10.41721
2018-07-17,94.97,3.16921,92.04577,3.12751,0.97608,5.67502,0.55845,10.41721
2018-07-18,95.08,3.14818,92.09365,3.19127,0.99534,5.67508,0.55474,10.41721
2018-07-19,95.17,3.14979,91.9709,3.41925,1.0658,5.64995,0.55749,10.41721
2018-07-20,94.46,3.14161,92.00374,2.63472,0.82053,5.85182,0.53686,10.41721
2018-07-23,94.67,3.16685,92.00732,2.8529,0.88804,5.72673,0.55299,10.41721
2018-07-24,94.61,3.16011,92.07484,2.71614,0.84499,5.71002,0.55343,10.41721
2018-07-25,94.36,3.18691,92.03447,2.49541,0.77588,5.69628,0.55947,10.41721
2018-07-26,94.75,3.21898,91.98178,2.96514,0.92151,5.69253,0.56547,10.41721
2018-07-27,94.68,3.19631,91.89497,2.98565,0.92724,5.69631,0.56112,10.41721
2018-07-30,94.36,3.16838,91.72485,2.8324,0.87909,5.72187,0.55373,10.41721
2018-07-31,94.49,3.16826,92.05062,2.61553,0.81146,5.58579,0.5672,10.41721
2018-08-01,94.62,3.15117,92.04017,2.76438,0.85816,5.58927,0.56379,10.81523
2018-08-02,95.17,3.15155,92.28919,3.07378,0.95454,5.68569,0.5543,10.81523
2018-08-03,95.14,3.14334,92.45476,2.863,0.88964,5.68194,0.55322,10.81523
2018-08-06,95.36,3.1521,92.50153,3.0434,0.94604,5.68638,0.55432,10.81523
2018-08-07,95.22,3.19119,92.45823,2.94331,0.91505,5.65282,0.56453,10.81523
2018-08-08,95.1,3.19192,92.63978,2.62103,0.81484,5.65689,0.56425,10.81523
2018-08-09,95.5,3.16891,92.62654,3.05506,0.94971,5.63174,0.56269,10.81523
2018-08-10,96.36,3.15929,92.21439,4.3975,1.36683,5.87047,0.53817,10.81523
2018-08-13,96.39,3.16237,91.94428,4.72197,1.46658,5.87081,0.53866,10.81523
2018-08-14,96.73,3.1774,92.23506,4.75833,1.4759,5.76746,0.55092,10.81523
2018-08-15,96.7,3.16319,92.1607,4.80795,1.48942,5.76466,0.54872,10.81523
2018-08-16,96.65,3.18128,92.3357,4.56654,1.41271,5.76827,0.55151,10.81523
2018-08-17,96.1,3.16498,92.52724,3.78862,1.17107,5.89498,0.53689,10.81523
2018-08-20,95.9,3.15547,92.5627,3.54198,1.0947,5.91605,0.53337,10.81523
2018-08-21,95.26,3.15044,92.46782,2.97493,0.92002,6.07917,0.51824,10.81523
2018-08-22,95.15,3.12999,92.50425,2.82001,0.87268,6.03115,0.51897,10.81523
2018-08-23,95.62,3.13435,92.46944,3.35039,1.03755,6.08012,0.51551,10.81523
2018-08-24,95.15,3.14679,92.48189,2.84417,0.88111,6.11216,0.51484,10.81523
2018-08-27,94.78,3.18138,92.35547,2.59135,0.80308,6.0148,0.52893,10.81523
2018-08-28,94.72,3.17666,92.31117,2.57601,0.79868,5.83658,0.54427,10.81523
2018-08-29,94.6,3.16897,92.3326,2.42602,0.75212,5.8318,0.54339,10.81523
2018-08-30,94.72,3.16172,92.062,2.84629,0.88252,5.82222,0.54304,10.81523
2018-08-31,95.14,3.14536,92.26646,3.06688,0.95064,5.87291,0.53557,10.81523
2018-09-04,95.42,3.17185,92.12352,3.51579,1.08938,5.8895,0.53856,10.67521
2018-09-05,95.13,3.15148,92.08078,3.25782,1.00899,5.90173,0.53399,10.67521
2018-09-06,95.02,3.13759,92.02409,3.2037,0.99199,5.87677,0.5339,10.67521
2018-09-07,95.37,3.19854,91.83252,3.77976,1.17104,5.91037,0.54117,10.67521
2018-09-10,95.15,3.21017,91.92633,3.44671,1.06791,5.93346,0.54103,10.67521
2018-09-11,95.06,3.2312,92.00166,3.27016,1.01323,5.923,0.54553,10.67521
2018-09-12,94.8,3.2204,92.03441,2.96069,0.91688,5.94794,0.54143,10.67521
2018-09-13,94.54,3.237,92.21805,2.48672,0.77012,5.53396,0.58493,10.67521
2018-09-14,94.98,3.25106,92.2575,2.90828,0.9005,5.61253,0.57925,10.67521
2018-09-17,94.51,3.24374,91.96883,2.72559,0.84374,5.70017,0.56906,10.67521
2018-09-18,94.62,3.27123,92.04063,2.76387,0.85565,5.65807,0.57815,10.67521
2018-09-19,94.55,3.26806,92.25908,2.45282,0.75913,5.65943,0.57745,10.67521
2018-09-20,93.91,3.26788,92.28258,1.74815,0.54101,5.80459,0.56298,10.67521
2018-09-21,94.22,3.27652,92.28556,2.07448,0.64208,5.79997,0.56492,10.67521
2018-09-24,94.26,3.27401,92.10488,2.31291,0.71616,5.77848,0.56659,10.67521
2018-09-25,94.13,3.2679,92.06357,2.21975,0.6877,5.71995,0.57132,10.67521
2018-09-26,94.19,3.2646,92.00339,2.34886,0.72817,5.56713,0.58641,10.67521
2018-09-27,95.0,3.26729,92.08454,3.11698,0.96668,5.83134,0.5603,10.67521
2018-09-28,95.19,3.26891,92.12102,3.27717,1.01646,5.61733,0.58193,10.67521
2018-10-01,95.3,3.28034,92.07597,3.44158,1.06746,5.59974,0.5858,11.20332
2018-10-02,95.51,3.29937,92.05002,3.68988,1.14411,5.58136,0.59114,11.20332
2018-10-03,95.76,3.31884,92.08841,3.9096,1.21175,5.59514,0.59316,11.20332
2018-10-04,95.75,3.31582,91.66482,4.36019,1.35033,5.51084,0.60169,11.20332
2018-10-05,95.62,3.32823,91.57032,4.32748,1.33836,5.52055,0.60288,11.20332
2018-10-08,95.77,3.3442,91.42177,4.64658,1.43514,5.52675,0.60509,11.20332
2018-10-09,95.68,3.34386,91.41153,4.56377,1.40705,5.38664,0.62077,11.20332
2018-10-10,95.51,3.33133,90.63621,5.23772,1.61216,5.39801,0.61714,11.20332
2018-10-11,95.02,3.3166,90.59364,4.77033,1.46457,5.49793,0.60324,11.20332
2018-10-12,95.22,3.32841,90.99544,4.53807,1.39035,5.48767,0.60652,11.20332
2018-10-15,95.07,3.34028,91.01891,4.35462,1.33162,5.41228,0.61717,11.20332
2018-10-16,95.05,3.36182,91.39967,3.91613,1.19545,5.40748,0.6217,11.20332
2018-10-17,95.58,3.38979,91.39053,4.48217,1.36631,5.51809,0.6143,11.20332
2018-10-18,95.9,3.37889,91.18809,5.03817,1.53297,5.33746,0.63305,11.20332
2018-10-19,95.71,3.44361,91.0768,4.96196,1.5063,5.34027,0.64484,11.20332
2018-10-22,96.01,3.43055,91.2057,5.13349,1.55491,5.37011,0.63882,11.20332
2018-10-23,95.96,3.40828,91.29421,4.9844,1.50621,5.34054,0.63819,11.20332
2018-10-24,96.43,3.37029,91.13201,5.65082,1.70384,5.36501,0.6282,11.20332
2018-10-25,96.68,3.39182,91.25495,5.77493,1.73643,5.38061,0.63038,11.20332
2018-10-26,96.36,3.35335,91.4422,5.23841,1.57054,5.37866,0.62345,11.20332
2018-10-29,96.58,3.34234,91.53319,5.36701,1.6054,5.38881,0.62024,11.20332
2018-10-30,97.01,3.38007,91.67796,5.65321,1.6868,5.4472,0.62052,11.20332
2018-10-31,97.13,3.39892,91.89096,5.54476,1.64992,5.33873,0.63665,11.20332
2018-11-01,96.28,3.36632,92.16941,4.36323,1.29488,5.64046,0.59682,12.11599
2018-11-02,96.54,3.43534,92.22054,4.57745,1.35624,5.6469,0.60836,12.11599
2018-11-05,96.35,3.43326,92.27802,4.31814,1.27714,5.65379,0.60725,12.11599
2018-11-06,96.32,3.45077,92.40794,4.14631,1.22442,5.64709,0.61107,12.11599
2018-11-07,96.0,3.46222,92.72189,3.47436,1.0245,5.63124,0.61482,12.11599
2018-11-08,96.64,3.48521,92.85077,3.99992,1.17827,5.50008,0.63367,12.11599
2018-11-09,96.91,3.45589,92.99486,4.12386,1.21317,5.52721,0.62525,12.11599
2018-11-12,97.54,3.46414,92.90911,4.86408,1.42897,5.63263,0.61501,12.11599
2018-11-13,97.3,3.4078,93.55386,3.92618,1.15152,5.65592,0.60252,12.11599
2018-11-14,96.8,3.37798,93.58074,3.38224,0.9912,5.75157,0.58731,12.11599
2018-11-15,96.93,3.39735,93.69397,3.39553,0.99469,5.63772,0.60261,12.11599
2018-11-16,96.47,3.34528,93.91055,2.68893,0.78755,5.70546,0.58633,12.11599
2018-11-19,96.19,3.31436,93.84961,2.46318,0.7217,5.57091,0.59494,12.11599
2018-11-20,96.81,3.323,94.30064,2.62623,0.76992,5.7032,0.58266,12.11599
2018-11-21,96.71,3.33495,94.36285,2.45693,0.72068,5.62967,0.59239,12.11599
2018-11-23,96.92,3.33821,95.05602,1.94195,0.57023,5.54628,0.60188,12.11599
2018-11-26,97.07,3.3577,95.0299,2.12408,0.62427,5.4857,0.61208,12.11599
2018-11-27,97.37,3.35785,95.12982,2.32757,0.6847,5.50819,0.60961,12.11599
2018-11-28,96.79,3.33316,95.45352,1.39043,0.40917,5.64614,0.59034,12.11599
2018-11-29,96.78,3.34548,95.37716,1.46012,0.43038,5.64387,0.59276,12.11599
2018-11-30,97.27,3.33595,95.61038,1.72092,0.50793,5.66363,0.58901,12.11599
2018-12-03,97.04,3.36322,95.38725,1.71784,0.5079,5.66453,0.59373,11.4666
2018-12-04,96.97,3.34082,95.0626,1.98661,0.58806,5.62828,0.59358,11.4666
2018-12-06,96.81,3.30772,95.4373,1.42807,0.42324,5.63437,0.58706,11.4666
2018-12-07,96.51,3.2561,95.04273,1.53201,0.45456,5.63221,0.57812,11.4666
2018-12-10,97.22,3.23813,95.42989,1.85847,0.55252,5.78627,0.55962,11.4666
2018-12-11,97.39,3.31613,95.59992,1.85516,0.55281,5.78698,0.57303,11.4666
2018-12-12,97.04,3.29269,95.69645,1.39421,0.41636,5.8084,0.56688,11.4666
2018-12-13,97.06,3.28219,95.5651,1.55216,0.46467,5.77391,0.56845,11.4666
2018-12-14,97.44,3.27594,95.74949,1.75015,0.52549,5.75386,0.56935,11.4666
2018-12-17,97.1,3.24817,95.67804,1.47525,0.44479,5.70558,0.5693,11.4666
2018-12-18,97.14,3.19997,96.29692,0.87169,0.26395,5.70363,0.56104,11.4666
2018-12-19,97.04,3.17304,96.08293,0.99116,0.30153,5.70631,0.55606,11.4666
2018-12-20,96.28,3.21211,96.67186,-0.40617,-0.12419,5.76498,0.55718,11.4666
2018-12-21,96.96,3.17887,96.6386,0.33202,0.10198,5.88875,0.53982,11.4666
2018-12-24,96.55,3.09887,97.04116,-0.50742,-0.15663,5.96308,0.51968,11.4666
2018-12-26,97.05,3.15507,96.44974,0.62043,0.19247,6.02785,0.52342,11.4666
2018-12-27,96.48,3.11074,96.9935,-0.53082,-0.16555,6.16105,0.5049,11.4666
2018-12-28,96.39,3.0744,97.00459,-0.63559,-0.19944,5.93717,0.51782,11.4666
2018-12-31,96.17,3.0344,96.72598,-0.57646,-0.18191,5.94713,0.51023,11.4666
2019-01-02,96.82,3.06355,96.69455,0.12966,0.04114,6.08807,0.50321,10.07152
2019-01-03,96.31,2.94186,95.99288,0.32981,0.10534,6.17398,0.47649,10.07152
2019-01-04,96.19,3.04316,96.34393,-0.1599,-0.05137,6.15917,0.49409,10.07152
2019-01-07,95.71,3.06006,96.34164,-0.65779,-0.21231,6.2422,0.49022,10.07152
2019-01-08,95.9,3.09755,96.21692,-0.32992,-0.10709,6.24856,0.49572,10.07152
2019-01-09,95.22,3.07604,95.5909,-0.38876,-0.12677,6.4021,0.48047,10.07152
2019-01-10,95.54,3.08468,95.61544,-0.07893,-0.02585,6.43649,0.47925,10.07152
2019-01-11,95.67,3.07613,96.0473,-0.3936,-0.12951,6.43231,0.47823,10.07152
2019-01-14,95.59,3.0587,96.26573,-0.70442,-0.23287,6.34874,0.48178,10.07152
2019-01-15,95.97,3.06748,95.95771,0.01281,0.00425,6.38357,0.48053,10.07152
2019-01-16,96.06,3.08126,95.79107,0.28035,0.09337,6.37614,0.48325,10.07152
2019-01-17,96.07,3.08526,95.97507,0.09886,0.03305,6.37569,0.48391,10.07152
2019-01-18,96.34,3.14487,95.83256,0.52811,0.17726,6.30444,0.49883,10.07152
2019-01-22,96.3,3.10188,95.61488,0.71399,0.24064,6.27122,0.49462,10.07152
2019-01-23,96.12,3.09993,95.88387,0.24596,0.0832,6.26976,0.49443,10.07152
2019-01-24,96.6,3.07427,95.92026,0.70615,0.23972,6.31728,0.48665,10.07152
2019-01-25,95.79,3.11446,96.14712,-0.37212,-0.12671,6.54225,0.47605,10.07152
2019-01-28,95.75,3.10898,96.36907,-0.64446,-0.22035,6.46587,0.48083,10.07152
2019-01-29,95.82,3.06076,95.82867,-0.00905,-0.00311,6.44496,0.47491,10.07152
2019-01-30,95.34,3.0143,95.81981,-0.50201,-0.17307,6.48801,0.4646,10.07152
2019-01-31,95.58,2.94955,95.72226,-0.14872,-0.05145,6.49177,0.45435,10.07152
2019-02-01,95.58,3.02955,96.09301,-0.5353,-0.18582,6.42406,0.47159,9.71179
2019-02-04,95.85,3.03153,96.02345,-0.1808,-0.06301,6.44659,0.47025,9.71179
2019-02-05,96.1,3.0267,96.18719,-0.09069,-0.03173,6.2294,0.48587,9.71179
2019-02-06,96.42,3.00259,95.96284,0.47526,0.16696,6.24182,0.48104,9.71179
2019-02-07,96.51,2.97694,95.97275,0.55824,0.19693,6.23195,0.47769,9.71179
2019-02-08,96.64,2.95163,95.88397,0.78539,0.27826,6.23711,0.47324,9.71179
2019-02-11,97.06,2.97197,96.08601,1.00856,0.359,6.25661,0.47501,9.71179
2019-02-12,96.71,2.98852,96.03082,0.70476,0.25226,6.16105,0.48507,9.71179
2019-02-13,97.13,3.01262,95.78006,1.39957,0.50373,6.19697,0.48614,9.71179
2019-02-14,96.98,2.98859,95.3281,1.71802,0.62182,6.06422,0.49282,9.71179
2019-02-15,96.92,3.00645,95.23813,1.75055,0.63732,6.04609,0.49726,9.71179
2019-02-19,96.52,2.99913,95.17397,1.40438,0.51383,6.01465,0.49864,9.71179
2019-02-20,96.45,2.99812,95.20682,1.29732,0.47751,6.00947,0.4989,9.71179
2019-02-21,96.61,3.01585,95.1992,1.47107,0.54542,5.94308,0.50746,9.71179
2019-02-22,96.51,2.97373,95.22671,1.33862,0.49955,5.91732,0.50255,9.71179
2019-02-25,96.41,2.99256,95.64446,0.79722,0.29959,5.77725,0.51799,9.71179
2019-02-26,96.0,2.96102,95.31125,0.72003,0.27254,5.83502,0.50746,9.71179
2019-02-27,96.15,2.97081,95.14704,1.0486,0.39976,5.8266,0.50987,9.71179
2019-02-28,96.16,2.98085,95.2814,0.91789,0.35255,5.8169,0.51245,9.71179
2019-03-01,96.53,3.00252,95.96121,0.59098,0.22892,5.83588,0.51449,10.32346
2019-03-04,96.68,3.00272,95.52956,1.19708,0.46762,5.72296,0.52468,10.32346
2019-03-05,96.85,3.00639,95.47149,1.43357,0.56405,5.73392,0.52432,10.32346
2019-03-06,96.87,2.98098,95.07916,1.86601,0.74003,5.64201,0.52835,10.32346
2019-03-07,97.67,2.95204,94.66231,3.12785,1.2502,5.85985,0.50377,10.32346
2019-03-08,97.37,2.92548,94.80064,2.6742,1.07461,5.89214,0.49651,10.32346
2019-03-11,97.22,2.94686,95.07759,2.22832,0.89992,5.89088,0.50024,10.32346
2019-03-12,96.94,2.9299,95.10624,1.90977,0.77403,5.88625,0.49775,10.32346
2019-03-13,96.55,2.9309,94.96497,1.6553,0.67341,5.75383,0.50938,10.32346
2019-03-14,96.79,2.93961,95.07038,1.79262,0.73284,5.76535,0.50988,10.32346
2019-03-15,96.6,2.90525,95.0791,1.58696,0.65134,5.73417,0.50666,10.32346
2019-03-18,96.52,2.92081,94.99799,1.58945,0.65439,5.73586,0.50922,10.32346
2019-03-19,96.38,2.92448,94.87739,1.57132,0.64917,5.68402,0.51451,10.32346
2019-03-20,95.76,2.86553,94.25507,1.58404,0.65711,5.78419,0.49541,10.32346
2019-03-21,96.5,2.88773,94.60812,1.97998,0.82455,5.99624,0.48159,10.32346
2019-03-22,96.65,2.80942,93.75036,3.04608,1.27257,6.0023,0.46806,10.32346
2019-03-25,96.57,2.76123,93.48779,3.24373,1.35886,5.792,0.47673,10.32346
2019-03-26,96.74,2.73333,93.52603,3.37871,1.41911,5.62693,0.48576,10.32346
2019-03-27,96.77,2.76091,93.59548,3.33549,1.40312,5.56205,0.49638,10.32346
2019-03-28,97.2,2.75265,93.73113,3.63404,1.53191,5.53649,0.49718,10.32346
2019-03-29,97.28,2.80269,94.03152,3.39634,1.43605,5.40624,0.51842,10.32346
2019-04-01,97.25,2.85596,94.24002,3.14401,1.3357,5.40268,0.52862,10.63721
2019-04-02,97.36,2.82921,94.02338,3.4872,1.49025,5.3835,0.52553,10.63721
2019-04-03,97.09,2.84357,94.01644,3.21687,1.38328,5.24822,0.54182,10.63721
2019-04-04,97.31,2.84138,94.02655,3.43245,1.48594,5.1531,0.55139,10.63721
2019-04-05,97.4,2.85569,94.09136,3.456,1.50816,5.14723,0.5548,10.63721
2019-04-08,97.05,2.86601,93.86129,3.34083,1.47068,5.09702,0.56229,10.63721
2019-04-09,97.01,2.85482,93.60965,3.56806,1.58709,5.08586,0.56132,10.63721
2019-04-10,96.95,2.82968,93.46735,3.65831,1.64639,4.86823,0.58126,10.63721
2019-04-11,97.18,2.867,93.99682,3.33039,1.51891,4.84692,0.59151,10.63721
2019-04-12,96.97,2.89826,94.36234,2.72597,1.26229,4.86591,0.59563,10.63721
2019-04-15,96.94,2.89465,94.3453,2.71308,1.27777,4.86242,0.59531,10.63721
2019-04-16,97.04,2.90836,94.3638,2.79658,1.33649,4.80564,0.6052,10.63721
2019-04-17,97.01,2.89716,94.17247,2.96862,1.43636,4.80408,0.60306,10.63721
2019-04-18,97.47,2.88149,94.19705,3.41558,1.67299,4.89037,0.58922,10.63721
2019-04-22,97.28,2.88069,93.54178,3.91852,1.94114,4.88104,0.59018,10.63721
2019-04-23,97.57,2.86193,93.37323,4.39654,2.20252,4.912,0.58264,10.63721
2019-04-24,98.1,2.83371,92.83398,5.51746,2.77031,5.00208,0.56651,10.63721
2019-04-25,98.2,2.84604,92.95293,5.49129,2.75295,4.91412,0.57915,10.63721
2019-04-26,98.01,2.79861,93.40653,4.81083,2.40932,4.61027,0.60704,10.63721
2019-04-29,97.86,2.80774,93.35867,4.70891,2.35916,4.62331,0.6073,10.63721
2019-04-30,97.48,2.77563,92.95658,4.75148,2.38242,4.69944,0.59063,10.63721
2019-05-01,97.69,2.81563,92.78307,5.1535,2.58375,4.58864,0.61361,11.7582
2019-05-02,97.83,2.86067,93.60042,4.41964,2.21224,4.57333,0.62551,11.7582
2019-05-03,97.52,2.84291,94.04628,3.62705,1.8168,4.62748,0.61435,11.7582
2019-05-06,97.52,2.82291,92.89532,4.85842,2.43179,4.5998,0.6137,11.7582
2019-05-07,97.63,2.80494,92.00676,5.93228,2.96137,4.57881,0.61259,11.7582
2019-05-08,97.62,2.83531,92.12525,5.79334,2.87728,4.53641,0.62501,11.7582
2019-05-09,97.37,2.80536,92.05325,5.6151,2.7767,4.56715,0.61425,11.7582
2019-05-10,97.33,2.79434,92.7911,4.77566,2.35704,4.56182,0.61255,11.7582
2019-05-13,97.32,2.72157,91.29396,6.39198,3.15888,4.48043,0.60744,11.7582
2019-05-14,97.53,2.75109,91.90509,5.94036,2.92643,4.43749,0.61997,11.7582
2019-05-15,97.57,2.72588,92.08346,5.78747,2.84565,4.35519,0.62589,11.7582
2019-05-16,97.84,2.75008,92.39822,5.72257,2.80604,4.37537,0.62854,11.7582
2019-05-17,98.0,2.74764,92.28581,6.00771,2.94873,4.38268,0.62693,11.7582
2019-05-20,97.93,2.75402,92.28708,5.93488,2.91565,4.29849,0.64069,11.7582
2019-05-21,98.06,2.79683,92.91713,5.38715,2.6402,4.29953,0.6505,11.7582
2019-05-23,97.85,2.66653,92.51156,5.6102,2.74334,4.3166,0.61774,11.7582
2019-05-24,97.61,2.70446,92.84756,5.00209,2.44086,4.34242,0.6228,11.7582
2019-05-28,97.96,2.6755,91.94402,6.33793,3.08819,4.38775,0.60976,11.7582
2019-05-29,98.14,2.65177,91.88809,6.58236,3.18617,4.30136,0.6165,11.7582
2019-05-30,98.14,2.62032,92.43189,5.9923,2.88083,4.29481,0.61011,11.7582
2019-05-31,97.75,2.53536,92.14473,5.90527,2.82473,4.38026,0.57882,11.7582
2019-06-03,97.14,2.3902,91.99768,5.43898,2.58629,4.50865,0.53014,11.23233
2019-06-04,97.07,2.4481,92.64071,4.67037,2.21077,4.5018,0.5438,11.23233
2019-06-05,97.37,2.41737,92.98438,4.60867,2.1736,4.52987,0.53365,11.23233
2019-06-06,97.03,2.44591,92.97459,4.2694,2.00637,4.58607,0.53333,11.23233
2019-06-07,96.61,2.42968,92.45509,4.39593,2.06029,4.35574,0.55781,11.23233
2019-06-10,96.76,2.47398,93.03589,3.92484,1.83309,4.32863,0.57154,11.23233
2019-06-11,96.69,2.50691,93.2323,3.64158,1.69639,4.32064,0.58022,11.23233
2019-06-12,97.0,2.46044,93.4981,3.67698,1.71002,4.33189,0.56798,11.23233
2019-06-13,97.01,2.41175,92.94807,4.27732,1.98616,4.25333,0.56703,11.23233
2019-06-14,97.57,2.43396,93.06044,4.73209,2.19087,4.37721,0.55605,11.23233
2019-06-17,97.56,2.44816,93.36961,4.39016,2.02442,4.35683,0.56191,11.23233
2019-06-18,97.64,2.50166,93.47168,4.36287,2.0068,4.35414,0.57455,11.23233
2019-06-19,97.12,2.36887,92.97915,4.35721,1.9988,4.48107,0.52864,11.23233
2019-06-20,96.63,2.36718,92.3671,4.51184,2.06444,4.40591,0.53727,11.23233
2019-06-21,96.22,2.40229,92.30978,4.14872,1.89326,4.21731,0.56963,11.23233
2019-06-24,95.98,2.35394,92.1709,4.04954,1.84344,4.23265,0.55614,11.23233
2019-06-25,96.16,2.34907,91.95102,4.47575,2.03309,4.24849,0.55292,11.23233
2019-06-26,96.21,2.40471,92.04663,4.4238,2.00339,4.23405,0.56795,11.23233
2019-06-27,96.19,2.3688,91.96628,4.49034,2.02774,4.23334,0.55956,11.23233
2019-06-28,96.13,2.39073,92.25098,4.11885,1.85398,4.13307,0.57844,11.23233
2019-07-01,96.84,2.42859,92.90766,4.1454,1.86069,4.39562,0.5525,10.71853
2019-07-02,96.73,2.42677,93.59104,3.29889,1.47634,4.40055,0.55147,10.71853
2019-07-03,96.77,2.42256,93.40495,3.53926,1.58137,4.39483,0.55123,10.71853
2019-07-05,97.25,2.51195,93.63976,3.78299,1.68805,4.47418,0.56143,10.71853
2019-07-08,97.38,2.5234,93.58822,3.97163,1.76872,4.45915,0.56589,10.71853
2019-07-09,97.49,2.55345,93.70857,3.95602,1.7579,4.46104,0.57239,10.71853
2019-07-10,97.1,2.446,92.93666,4.38231,1.94239,4.47522,0.54657,10.71853
2019-07-11,97.05,2.47652,93.19872,4.04924,1.78906,4.47566,0.55333,10.71853
2019-07-12,96.81,2.4684,93.25046,3.74613,1.65079,4.50154,0.54834,10.71853
2019-07-15,96.93,2.46318,93.21343,3.90972,1.71901,4.48276,0.54948,10.71853
2019-07-16,97.4,2.508,93.7267,3.84431,1.68561,4.56591,0.54929,10.71853
2019-07-17,97.22,2.47995,93.49599,3.90579,1.70802,4.58149,0.5413,10.71853
2019-07-18,96.79,2.42369,93.58733,3.36486,1.46729,4.66332,0.51974,10.71853
2019-07-19,97.15,2.46707,93.55219,3.77367,1.64221,4.7229,0.52236,10.71853
2019-07-22,97.26,2.47426,93.63915,3.79393,1.64661,4.63105,0.53428,10.71853
2019-07-23,97.71,2.50849,93.90122,3.97606,1.72113,4.70621,0.53302,10.71853
2019-07-24,97.73,2.50866,94.12464,3.75888,1.62243,4.66913,0.53729,10.71853
2019-07-25,97.82,2.52062,94.02508,3.95675,1.7034,4.543,0.55484,10.71853
2019-07-26,98.01,2.52101,94.1458,4.02249,1.72675,4.5555,0.5534,10.71853
2019-07-29,98.04,2.52058,93.97993,4.22944,1.81022,4.53942,0.55526,10.71853
2019-07-30,98.05,2.51379,93.59439,4.65071,1.98407,4.52869,0.55508,10.71853
2019-07-31,98.52,2.56685,93.42317,5.31202,2.25757,4.55554,0.56346,10.71853
2019-08-01,98.39,2.40323,93.15954,5.46257,2.31002,4.54702,0.52853,12.36879
2019-08-02,98.1,2.40472,93.02604,5.31079,2.23445,4.57975,0.52508,12.36879
2019-08-05,97.5,2.29441,92.125,5.6706,2.37451,4.701,0.48807,12.36879
2019-08-06,97.63,2.31123,92.89477,4.97174,2.07054,4.70858,0.49085,12.36879
2019-08-07,97.54,2.33739,93.58687,4.13725,1.71583,4.7068,0.4966,12.36879
2019-08-08,97.62,2.36407,93.8469,3.94176,1.63002,4.70971,0.50196,12.36879
2019-08-09,97.49,2.39158,93.67685,3.98987,1.64558,4.68885,0.51006,12.36879
2019-08-12,97.38,2.34901,93.193,4.39483,1.80781,4.69373,0.50046,12.36879
2019-08-13,97.81,2.42458,93.48838,4.51896,1.85291,4.77531,0.50773,12.36879
2019-08-14,97.99,2.34704,93.04812,5.17487,2.11472,4.77013,0.49203,12.36879
2019-08-15,98.14,2.2654,93.06676,5.30779,2.15956,4.77858,0.47408,12.36879
2019-08-16,98.14,2.27452,93.34773,5.00634,2.02775,4.74766,0.47908,12.36879
2019-08-19,98.35,2.3229,93.55811,4.99498,2.01498,4.75555,0.48846,12.36879
2019-08-20,98.19,2.30594,93.42607,4.97339,1.99823,4.76507,0.48393,12.36879
2019-08-21,98.3,2.35483,93.7732,4.7145,1.88691,4.76299,0.4944,12.36879
2019-08-22,98.17,2.38193,93.88437,4.46367,1.78031,4.75052,0.50141,12.36879
2019-08-23,97.64,2.29524,93.42764,4.41,1.75354,4.84976,0.47327,12.36879
2019-08-26,98.08,2.33108,93.75684,4.50788,1.78722,4.8806,0.47762,12.36879
2019-08-27,98.0,2.31719,93.56691,4.62907,1.83017,4.86929,0.47588,12.36879
2019-08-28,98.21,2.29456,93.46185,4.95547,1.95431,4.88848,0.46938,12.36879
2019-08-29,98.51,2.33655,93.68061,5.02668,1.97633,4.85722,0.48105,12.36879
2019-08-30,98.92,2.30518,93.65463,5.46975,2.14336,4.74625,0.48568,12.36879
2019-09-03,98.95,2.26479,93.8862,5.25312,2.05034,4.74182,0.47762,12.3663
2019-09-04,98.45,2.22041,93.55339,5.10165,1.98414,4.82698,0.46,12.3663
2019-09-05,98.41,2.32663,93.98689,4.59872,1.78276,4.77064,0.4877,12.3663
2019-09-06,98.39,2.30442,93.9454,4.62254,1.78744,4.68075,0.49232,12.3663
2019-09-09,98.28,2.34296,93.93745,4.51914,1.74396,4.68196,0.50042,12.3663
2019-09-10,98.33,2.42179,94.26218,4.22491,1.62796,4.67806,0.51769,12.3663
2019-09-11,98.65,2.42713,94.59235,4.20017,1.61623,4.6793,0.5187,12.3663
2019-09-12,98.31,2.40554,94.6573,3.78627,1.45494,4.73805,0.50771,12.3663
2019-09-13,98.26,2.44523,94.86569,3.51549,1.34896,4.60383,0.53113,12.3663
2019-09-16,98.65,2.39602,93.34856,5.52379,2.11788,4.66744,0.51335,12.3663
2019-09-17,98.26,2.37044,93.99363,4.43901,1.69663,4.73806,0.5003,12.3663
2019-09-18,98.6,2.43558,94.39177,4.36174,1.66437,4.65333,0.52341,12.3663
2019-09-19,98.27,2.39553,94.18616,4.24455,1.61775,4.58642,0.52231,12.3663
2019-09-20,98.51,2.35083,94.03157,4.65275,1.77039,4.5131,0.52089,12.3663
2019-09-23,98.6,2.35752,94.04257,4.73237,1.79722,4.47632,0.52666,12.3663
2019-09-24,98.34,2.2799,94.00978,4.5032,1.70689,4.50798,0.50575,12.3663
2019-09-25,99.04,2.36457,94.44961,4.74573,1.79466,4.70508,0.50256,12.3663
2019-09-26,99.21,2.35061,94.39151,4.97877,1.87775,4.7097,0.4991,12.3663
2019-09-27,99.11,2.33382,94.45864,4.80683,1.80731,4.71402,0.49508,12.3663
2019-09-30,99.38,2.3391,94.74883,4.77214,1.78958,4.52667,0.51674,12.3663
2019-10-01,99.13,2.25148,94.78224,4.485,1.67768,4.55423,0.49437,11.44994
2019-10-02,99.04,2.18,94.79161,4.3843,1.63643,4.56161,0.4779,11.44994
2019-10-03,98.86,2.10216,94.747,4.24946,1.58287,4.4856,0.46865,11.44994
2019-10-04,98.81,2.11136,94.8171,4.1249,1.5338,4.48278,0.47099,11.44994
2019-10-07,98.99,2.16968,94.96262,4.15354,1.54146,4.49053,0.48317,11.44994
2019-10-08,99.14,2.13692,94.87133,4.40115,1.63059,4.41321,0.48421,11.44994
2019-10-09,99.12,2.17135,95.06244,4.17973,1.54558,4.41122,0.49223,11.44994
2019-10-10,98.71,2.18768,95.06216,3.76552,1.39041,4.46673,0.48977,11.44994
2019-10-11,98.3,2.27827,95.13101,3.27691,1.20912,4.55083,0.50063,11.44994
2019-10-14,98.45,2.27252,95.42032,3.12572,1.15309,4.46166,0.50934,11.44994
2019-10-15,98.29,2.24126,95.58187,2.79391,1.03058,4.45777,0.50278,11.44994
2019-10-16,98.01,2.19348,95.40727,2.69147,0.9928,4.40227,0.49826,11.44994
2019-10-17,97.61,2.20719,95.37772,2.3135,0.85332,4.42565,0.49873,11.44994
2019-10-18,97.28,2.17978,95.42923,1.92084,0.70874,4.47379,0.48723,11.44994
2019-10-21,97.33,2.21983,95.64781,1.74345,0.64385,4.37604,0.50727,11.44994
2019-10-22,97.53,2.19867,95.46957,2.13524,0.78898,4.39618,0.50013,11.44994
2019-10-23,97.47,2.18178,95.22995,2.32502,0.85925,4.39337,0.49661,11.44994
2019-10-24,97.63,2.18782,95.20518,2.51505,0.92944,4.38823,0.49857,11.44994
2019-10-25,97.83,2.2303,95.34163,2.57648,0.95215,4.40792,0.50598,11.44994
2019-10-28,97.76,2.22436,95.40539,2.43804,0.90046,4.40993,0.5044,11.44994
2019-10-29,97.69,2.21807,95.40959,2.36201,0.87183,4.30097,0.51571,11.44994
2019-10-30,97.65,2.18454,95.65847,2.06054,0.76019,4.29462,0.50867,11.44994
2019-10-31,97.35,2.1226,95.57681,1.83825,0.67796,4.29804,0.49385,11.44994
2019-11-01,97.24,2.17031,95.4847,1.82161,0.67164,4.12659,0.52593,10.69231
2019-11-04,97.51,2.20191,95.42188,2.16471,0.79802,4.15604,0.52981,10.69231
2019-11-05,97.98,2.21295,95.27705,2.79744,1.03081,4.26214,0.51921,10.69231
2019-11-06,97.95,2.17006,95.52584,2.50603,0.92255,4.26005,0.5094,10.69231
2019-11-07,98.14,2.23398,95.52904,2.69647,0.99191,4.26701,0.52355,10.69231
2019-11-08,98.35,2.22705,95.57814,2.85884,1.05074,4.27859,0.52051,10.69231
2019-11-11,98.2,2.22492,95.59947,2.68389,0.98556,4.203,0.52937,10.69231
2019-11-12,98.31,2.20855,95.63043,2.76347,1.01404,4.1931,0.52671,10.69231
2019-11-13,98.37,2.18966,95.53728,2.92193,1.07135,4.18395,0.52335,10.69231
2019-11-14,98.16,2.15173,95.53635,2.7092,0.99287,4.20649,0.51153,10.69231
2019-11-15,98.0,2.18267,95.53786,2.54448,0.93218,4.19629,0.52014,10.69231
2019-11-18,97.79,2.16909,95.67469,2.18685,0.80112,4.20543,0.51578,10.69231
2019-11-19,97.86,2.16773,95.96282,1.95771,0.71724,4.20158,0.51593,10.69231
2019-11-20,97.93,2.13588,95.66849,2.3364,0.85631,4.19666,0.50895,10.69231
2019-11-21,97.99,2.16709,95.39391,2.68506,0.98471,4.0536,0.53461,10.69231
2019-11-22,98.27,2.17093,95.66918,2.68226,0.98451,3.99334,0.54364,10.69231
2019-11-25,98.32,2.17542,95.74457,2.65435,0.97496,3.99071,0.54512,10.69231
2019-11-26,98.25,2.14828,95.69396,2.63601,0.96868,3.97076,0.54103,10.69231
2019-11-27,98.41,2.19529,95.80262,2.68524,0.98729,3.93648,0.55768,10.69231
2019-11-29,98.27,2.16336,95.99931,2.33778,0.86003,3.85353,0.5614,10.69231
2019-12-02,97.86,2.15187,95.99624,1.92289,0.70809,3.93768,0.54648,9.69804
2019-12-03,97.74,2.08806,95.83959,1.9635,0.72387,3.81691,0.54705,9.69804
2019-12-04,97.65,2.14112,95.63115,2.08911,0.77093,3.8199,0.56052,9.69804
2019-12-05,97.41,2.12161,95.60494,1.87044,0.69099,3.8484,0.5513,9.69804
2019-12-06,97.7,2.15509,95.60539,2.16723,0.80148,3.89365,0.55349,9.69804
2019-12-09,97.64,2.17659,95.33338,2.39073,0.88479,3.89307,0.55909,9.69804
2019-12-10,97.41,2.20211,95.39236,2.09305,0.775,3.85768,0.57084,9.69804
2019-12-11,97.16,2.16329,95.61703,1.60082,0.59311,3.83139,0.56462,9.69804
2019-12-12,97.4,2.21122,95.76639,1.69145,0.62775,3.86728,0.57178,9.69804
2019-12-13,97.17,2.152,95.77994,1.44088,0.5355,3.80102,0.56616,9.69804
2019-12-16,97.07,2.19963,95.93491,1.17625,0.43777,3.7289,0.58989,9.69804
2019-12-17,97.21,2.18087,95.75977,1.50309,0.56038,3.67014,0.59422,9.69804
2019-12-18,97.41,2.17741,95.71138,1.75917,0.65698,3.64211,0.59784,9.69804
2019-12-19,97.42,2.15921,95.67321,1.80932,0.67686,3.60465,0.59901,9.69804
2019-12-20,97.71,2.16923,95.80414,1.9698,0.73822,3.65316,0.5938,9.69804
2019-12-23,97.66,2.18666,95.78048,1.94332,0.72941,3.61868,0.60427,9.69804
2019-12-24,97.65,2.16646,95.61302,2.10806,0.79218,3.30946,0.65463,9.69804
2019-12-26,97.59,2.19086,95.52748,2.13611,0.80388,3.2867,0.66658,9.69804
2019-12-27,96.92,2.13681,95.28306,1.70339,0.64235,3.54158,0.60335,9.69804
2019-12-30,96.74,2.10152,94.91387,1.90571,0.72058,3.49813,0.60075,9.69804
2019-12-31,96.39,2.10152,95.71614,0.70155,0.26627,3.53182,0.59502,9.69804
2020-01-02,96.85,2.10454,96.04967,0.82979,0.31613,3.68047,0.57181,8.97122
2020-01-03,96.84,2.06749,95.13592,1.77535,0.6793,3.6687,0.56355,8.97122
2020-01-06,96.67,2.08807,95.17191,1.56183,0.60007,3.67969,0.56746,8.97122
2020-01-07,96.98,2.08464,95.35894,1.68567,0.64992,3.72289,0.55995,8.97122
2020-01-08,97.3,2.11835,96.13497,1.20459,0.46564,3.7753,0.56111,8.97122
2020-01-09,97.45,2.0982,96.46068,1.02039,0.39571,3.79313,0.55316,8.97122
2020-01-10,97.36,2.07319,96.57459,0.80998,0.3154,3.71323,0.55833,8.97122
2020-01-13,97.35,2.08444,96.89491,0.46857,0.18347,3.62573,0.5749,8.97122
2020-01-14,97.37,2.08305,96.84674,0.53884,0.2123,3.61047,0.57695,8.97122
2020-01-15,97.23,2.07062,96.98276,0.25461,0.10089,3.6076,0.57396,8.97122
2020-01-16,97.32,2.09142,96.92537,0.40632,0.16195,3.57245,0.58543,8.97122
2020-01-17,97.61,2.09261,96.99942,0.6275,0.25182,3.53195,0.59248,8.97122
2020-01-21,97.53,2.03039,96.79141,0.76017,0.30737,3.46866,0.58535,8.97122
2020-01-22,97.53,2.03945,97.14119,0.39946,0.16279,3.46733,0.58819,8.97122
2020-01-23,97.69,2.03571,97.43565,0.26071,0.10731,3.45852,0.58861,8.97122
2020-01-24,97.85,2.01496,97.22326,0.64257,0.26708,3.47084,0.58054,8.97122
2020-01-27,97.96,1.98362,96.44395,1.55972,0.65586,3.46282,0.57283,8.97122
2020-01-28,98.02,1.99212,97.01578,1.02978,0.43664,3.44109,0.57892,8.97122
2020-01-29,97.99,1.9701,96.93718,1.08023,0.46195,3.43845,0.57296,8.97122
2020-01-30,97.87,1.97395,97.63435,0.24107,0.10414,3.44448,0.57308,8.97122
2020-01-31,97.39,1.90569,96.67284,0.7391,0.32322,3.58298,0.53187,8.97122
2020-02-03,97.8,1.94548,97.90839,-0.11077,-0.0488,3.62783,0.53627,10.0942
2020-02-04,97.96,1.96471,98.61613,-0.66756,-0.2944,3.63269,0.54084,10.0942
2020-02-05,98.27,1.98617,98.55252,-0.28709,-0.1269,3.64498,0.54491,10.0942
2020-02-06,98.5,1.97395,98.69529,-0.19807,-0.08777,3.54811,0.55634,10.0942
2020-02-07,98.68,1.96034,98.65036,0.03004,0.01333,3.56416,0.55001,10.0942
2020-02-10,98.83,1.91917,99.08139,-0.25404,-0.11311,3.55644,0.53963,10.0942
2020-02-11,98.72,1.96248,98.86096,-0.14269,-0.06383,3.54056,0.55429,10.0942
2020-02-12,99.05,1.98737,98.84727,0.20489,0.09224,3.58535,0.5543,10.0942
2020-02-13,99.07,1.98881,98.61604,0.45928,0.20888,3.57981,0.55556,10.0942
2020-02-14,99.12,1.97687,98.54555,0.58124,0.26765,3.57929,0.55231,10.0942
2020-02-18,99.46,1.9588,98.16554,1.31003,0.60955,3.60941,0.54269,10.0942
2020-02-19,99.6,1.96998,98.00362,1.61577,0.75754,3.59758,0.54759,10.0942
2020-02-20,99.87,1.93985,97.71833,2.17802,1.02806,3.59678,0.53933,10.0942
2020-02-21,99.26,1.89,97.62473,1.66118,0.79009,3.82064,0.49468,10.0942
2020-02-24,99.29,1.83864,96.86487,2.4728,1.18628,3.81938,0.4814,10.0942
2020-02-25,98.97,1.79671,96.92209,2.09094,1.01181,3.88005,0.46306,10.0942
2020-02-26,99.0,1.76113,97.42812,1.6005,0.77948,3.84138,0.45846,10.0942
2020-02-27,98.44,1.75144,96.77738,1.7034,0.83474,4.01098,0.43666,10.0942
2020-02-28,98.13,1.54052,97.42153,0.72459,0.35734,4.05853,0.37958,10.0942
2020-03-02,97.36,1.55005,97.71584,-0.36482,-0.18175,4.33741,0.35737,14.05485
2020-03-03,97.15,1.38706,97.60616,-0.46844,-0.23566,4.34853,0.31897,14.05485
2020-03-04,97.34,1.38441,98.16763,-0.84666,-0.43096,4.29195,0.32256,14.05485
2020-03-05,96.82,1.31832,97.91169,-1.12123,-0.57829,4.41434,0.29864,14.05485
2020-03-06,95.95,1.24069,98.91719,-3.04559,-1.59078,4.75628,0.26085,14.05485
2020-03-09,94.9,1.21551,101.3402,-6.56594,-3.46734,5.2016,0.23368,14.05485
2020-03-10,96.41,1.28776,100.26928,-3.92494,-2.07857,6.09525,0.21127,14.05485
2020-03-11,96.51,1.29314,100.09708,-3.64939,-1.95378,6.09976,0.212,14.05485
2020-03-12,97.47,1.32149,99.64123,-2.20314,-1.19212,6.40704,0.20626,14.05485
2020-03-13,98.75,1.24335,100.17837,-1.43609,-0.78611,6.89424,0.18035,14.05485
2020-03-16,98.09,1.10267,100.30705,-2.23506,-1.23839,7.01775,0.15713,14.05485
2020-03-17,99.58,1.20088,100.92134,-1.338,-0.74931,7.60951,0.15781,14.05485
2020-03-18,101.16,1.19756,102.43972,-1.25711,-0.71076,8.19892,0.14606,14.05485
2020-03-19,102.76,1.00375,101.08112,1.64728,0.94205,8.73254,0.11494,14.05485
2020-03-20,102.82,0.94145,102.11829,0.6848,0.39482,8.72946,0.10785,14.05485
2020-03-23,102.49,0.87666,102.39263,0.09504,0.05531,8.76626,0.1,14.05485
2020-03-24,101.74,0.93278,102.3097,-0.5584,-0.32956,8.90435,0.10476,14.05485
2020-03-25,101.05,0.86766,102.1078,-1.04136,-0.62217,9.02561,0.09613,14.05485
2020-03-26,99.42,0.85357,102.57348,-3.12262,-1.88346,9.63085,0.08863,14.05485
2020-03-27,98.37,0.84847,102.70335,-4.31088,-2.62002,9.87355,0.08593,14.05485
2020-03-30,99.18,0.83876,103.58812,-4.34863,-2.65626,9.89896,0.08473,14.05485
2020-03-31,99.05,0.82074,103.3851,-4.2836,-2.6311,9.89457,0.08295,14.05485
2020-04-01,99.67,0.79011,102.29215,-2.59682,-1.60613,9.92915,0.07957,16.24006
2020-04-02,100.18,0.78104,101.04886,-0.86356,-0.53954,9.93532,0.07861,16.24006
2020-04-03,100.58,0.79497,100.30961,0.26919,0.17056,9.95823,0.07983,16.24006
2020-04-06,100.69,0.82037,100.5949,0.09449,0.06081,9.94711,0.08247,16.24006
2020-04-07,99.98,0.81597,100.78814,-0.80505,-0.52704,10.05165,0.08118,16.24006
2020-04-08,100.12,0.78751,100.74358,-0.6209,-0.41372,10.03725,0.07846,16.24006
2020-04-09,99.52,0.75331,101.06318,-1.53872,-1.04417,10.11732,0.07446,16.24006
2020-04-13,99.35,0.77991,100.95718,-1.60475,-1.10879,10.12251,0.07705,16.24006
2020-04-14,98.89,0.77847,101.39083,-2.49746,-1.76485,10.17081,0.07654,16.24006
2020-04-15,99.46,0.77553,101.53172,-2.06158,-1.48883,10.23006,0.07581,16.24006
2020-04-16,100.03,0.75994,101.44175,-1.40146,-1.03461,10.27951,0.07393,16.24006
2020-04-17,99.78,0.76705,101.36789,-1.57886,-1.19089,10.29592,0.0745,16.24006
2020-04-20,99.96,0.76058,101.53318,-1.56156,-1.20002,10.28665,0.07394,16.24006
2020-04-21,100.26,0.75601,102.51468,-2.22392,-1.73465,10.2969,0.07342,16.24006
2020-04-22,100.39,0.76871,102.08269,-1.67206,-1.32452,10.29792,0.07465,16.24006
2020-04-23,100.43,0.78369,101.7268,-1.28298,-1.03116,10.29513,0.07612,16.24006
2020-04-24,100.38,0.78817,101.65697,-1.26411,-1.02963,10.29389,0.07657,16.24006
2020-04-27,100.04,0.78811,101.75137,-1.69622,-1.4013,10.32068,0.07636,16.24006
2020-04-28,99.87,0.75909,101.53719,-1.65557,-1.38382,10.3285,0.07349,16.24006
2020-04-29,99.57,0.77905,101.17846,-1.60249,-1.35066,10.34903,0.07528,16.24006
2020-04-30,99.02,0.80147,100.79899,-1.78065,-1.51384,10.40988,0.07699,16.24006
2020-05-01,98.8,0.79747,100.63503,-1.84027,-1.57866,10.3701,0.0769,15.38867
2020-05-04,99.48,0.79023,100.54738,-1.06725,-0.92277,10.42496,0.0758,15.38867
2020-05-05,99.71,0.82502,100.27519,-0.56523,-0.49298,10.42943,0.07911,15.38867
2020-05-06,100.09,0.77846,100.38332,-0.29264,-0.25714,10.43745,0.07458,15.38867
2020-05-07,99.89,0.73241,100.45681,-0.56583,-0.50115,10.43893,0.07016,15.38867
2020-05-08,99.73,0.79168,100.29698,-0.5669,-0.5072,10.44005,0.07583,15.38867
2020-05-11,100.24,0.77434,100.36626,-0.12588,-0.1139,10.48338,0.07386,15.38867
2020-05-12,99.93,0.74993,100.35422,-0.42362,-0.3877,10.50116,0.07141,15.38867
2020-05-13,100.24,0.75184,100.36346,-0.12309,-0.1135,10.49835,0.07162,15.38867
2020-05-14,100.47,0.76025,100.26861,0.20065,0.18626,10.50677,0.07236,15.38867
2020-05-15,100.4,0.76221,100.21294,0.18649,0.17424,10.50821,0.07253,15.38867
2020-05-18,99.67,0.76826,100.12859,-0.45906,-0.43147,10.5931,0.07252,15.38867
2020-05-19,99.37,0.71816,100.19223,-0.82404,-0.77866,10.6067,0.06771,15.38867
2020-05-20,99.12,0.71121,100.1563,-1.04007,-0.98801,10.60325,0.06708,15.38867
2020-05-21,99.37,0.73407,100.09461,-0.72655,-0.69258,10.545,0.06961,15.38867
2020-05-22,99.86,0.73039,100.11862,-0.25864,-0.24785,10.59039,0.06897,15.38867
2020-05-26,98.91,0.70611,100.11554,-1.21145,-1.16554,10.74558,0.06571,15.38867
2020-05-27,99.06,0.71247,100.13242,-1.07679,-1.03702,10.74975,0.06628,15.38867
2020-05-28,98.38,0.69761,100.11858,-1.75178,-1.69263,10.77858,0.06472,15.38867
2020-05-29,98.34,0.69978,100.08921,-1.76311,-1.70781,10.75999,0.06504,15.38867
2020-06-01,97.83,0.68334,100.00797,-2.20185,-2.13589,10.69308,0.0639,12.81886
2020-06-02,97.67,0.72506,99.8822,-2.23971,-2.17374,10.68915,0.06783,12.81886
2020-06-03,97.28,0.7259,99.83871,-2.59626,-2.52255,10.71315,0.06776,12.81886
2020-06-04,96.68,0.71763,99.79959,-3.17576,-3.08795,10.73126,0.06687,12.81886
2020-06-05,96.94,0.72896,99.67242,-2.77967,-2.7007,10.58655,0.06886,12.81886
2020-06-08,96.62,0.74067,99.64825,-3.08607,-2.99976,10.3662,0.07145,12.81886
2020-06-09,96.32,0.72449,99.59487,-3.34346,-3.24578,9.89594,0.07321,12.81886
2020-06-10,95.96,0.69321,99.54936,-3.67222,-3.55099,9.92146,0.06987,12.81886
2020-06-11,96.73,0.74065,99.4682,-2.79143,-2.68357,9.85054,0.07519,12.81886
2020-06-12,97.32,0.7509,99.41653,-2.13139,-2.03919,9.56649,0.07849,12.81886
2020-06-15,96.68,0.75718,99.3361,-2.71025,-2.58874,9.56355,0.07917,12.81886
2020-06-16,96.96,0.76313,99.2276,-2.31177,-2.19893,9.06862,0.08415,12.81886
2020-06-17,97.16,0.74803,99.21044,-2.08841,-1.97991,8.47045,0.08831,12.81886
2020-06-18,97.42,0.75118,99.13307,-1.74316,-1.64878,7.82575,0.09599,12.81886
2020-06-19,97.62,0.75732,99.02759,-1.4316,-1.35315,7.84214,0.09657,12.81886
2020-06-22,97.04,0.77467,98.98396,-1.98346,-1.87692,7.89517,0.09812,12.81886
2020-06-23,96.69,0.73723,99.00981,-2.3709,-2.24384,7.80551,0.09445,12.81886
2020-06-24,97.15,0.74469,99.05158,-1.93846,-1.82965,7.78666,0.09564,12.81886
2020-06-25,97.43,0.75016,99.0027,-1.6013,-1.50743,7.13831,0.10509,12.81886
2020-06-26,97.5,0.75528,98.93568,-1.46176,-1.37372,6.82696,0.11063,12.81886
2020-06-29,97.54,0.74438,98.93303,-1.41806,-1.33304,6.61456,0.11254,12.81886
2020-06-30,97.39,0.74338,98.96967,-1.60899,-1.51232,6.61618,0.11236,12.81886
2020-07-01,97.2,0.7258,98.94435,-1.77869,-1.6721,6.49033,0.11183,12.03888
2020-07-02,97.32,0.72777,98.87285,-1.58302,-1.4885,6.40253,0.11367,12.03888
2020-07-06,96.79,0.72974,98.84395,-2.09987,-1.98017,6.41471,0.11376,12.03888
2020-07-07,96.88,0.72491,98.78406,-1.94631,-1.83721,6.41303,0.11304,12.03888
2020-07-08,96.43,0.72485,98.76888,-2.39652,-2.26518,6.33162,0.11448,12.03888
2020-07-09,96.7,0.72925,98.75948,-2.1074,-1.98762,6.35543,0.11475,12.03888
2020-07-10,96.65,0.74565,98.70648,-2.10544,-1.98323,6.25785,0.11915,12.03888
2020-07-13,96.46,0.71864,98.60761,-2.202,-2.07199,6.26015,0.1148,12.03888
2020-07-14,96.26,0.70386,98.62211,-2.42426,-2.28088,6.21149,0.11332,12.03888
2020-07-15,96.08,0.72601,98.55483,-2.54319,-2.3867,6.08933,0.11923,12.03888
2020-07-16,96.35,0.73044,98.53443,-2.24187,-2.09679,5.99479,0.12185,12.03888
2020-07-17,95.94,0.71074,98.59582,-2.73059,-2.54764,6.02784,0.11791,12.03888
2020-07-20,95.83,0.72911,98.58082,-2.83009,-2.6348,6.00844,0.12135,12.03888
2020-07-21,95.12,0.70417,98.45911,-3.45021,-3.20141,6.11112,0.11523,12.03888
2020-07-22,94.97,0.72528,98.42317,-3.57152,-3.29314,6.0974,0.11895,12.03888
2020-07-23,94.69,0.73148,98.38601,-3.82902,-3.50957,6.10565,0.1198,12.03888
2020-07-24,94.44,0.70066,98.34791,-4.05465,-3.68329,6.1145,0.11459,12.03888
2020-07-27,93.67,0.72259,98.32632,-4.85138,-4.36288,6.26508,0.11534,12.03888
2020-07-28,93.76,0.72593,98.25664,-4.68444,-4.15153,6.27634,0.11566,12.03888
2020-07-29,93.26,0.70153,98.20798,-5.16961,-4.52257,6.32398,0.11093,12.03888
2020-07-30,93.02,0.70815,98.19091,-5.40992,-4.65494,6.26579,0.11302,12.03888
2020-07-31,93.49,0.7066,98.10696,-4.82038,-4.06945,6.37521,0.11083,12.03888
2020-08-03,93.5,0.70352,97.97623,-4.67634,-3.89312,6.1823,0.1138,10.41474
2020-08-04,93.38,0.71355,97.91585,-4.74312,-3.89723,6.14617,0.1161,10.41474
2020-08-05,92.83,0.69902,97.81889,-5.23478,-4.24621,6.1419,0.11381,10.41474
2020-08-06,92.79,0.70213,97.77573,-5.23375,-4.18258,6.14156,0.11432,10.41474
2020-08-07,93.44,0.71707,97.80956,-4.57027,-3.59643,6.35327,0.11287,10.41474
2020-08-10,93.58,0.73293,97.70562,-4.31424,-3.35279,6.25191,0.11723,10.41474
2020-08-11,93.63,0.73617,97.61549,-4.16854,-3.20434,6.24673,0.11785,10.41474
2020-08-12,93.44,0.72925,97.55656,-4.31128,-3.28093,6.19286,0.11776,10.41474
2020-08-13,93.34,0.7092,97.55948,-4.42135,-3.32951,6.15406,0.11524,10.41474
2020-08-14,93.1,0.69264,97.52509,-4.64355,-3.45928,6.15967,0.11245,10.41474
2020-08-17,92.85,0.69987,97.44999,-4.8354,-3.5619,6.04203,0.11583,10.41474
2020-08-18,92.27,0.70594,97.37859,-5.38874,-3.92319,6.11789,0.11539,10.41474
2020-08-19,92.89,0.71268,97.2754,-4.61301,-3.31354,6.31033,0.11294,10.41474
2020-08-20,92.79,0.70894,97.26799,-4.71311,-3.35442,6.26897,0.11309,10.41474
2020-08-21,93.25,0.73953,97.3157,-4.26763,-3.00645,6.26999,0.11795,10.41474
2020-08-24,93.3,0.71432,97.16942,-4.0636,-2.84157,6.03631,0.11834,10.41474
2020-08-25,93.02,0.69977,97.04456,-4.23558,-2.94477,6.02968,0.11605,10.41474
2020-08-26,93.01,0.70529,96.95912,-4.15824,-2.87296,5.91183,0.1193,10.41474
2020-08-27,93.01,0.71604,96.92685,-4.12495,-2.83367,5.91375,0.12108,10.41474
2020-08-28,92.37,0.7043,96.96154,-4.85121,-3.31222,5.97385,0.1179,10.41474
2020-08-31,92.14,0.69357,96.69038,-4.82048,-3.25983,5.98052,0.11597,10.41474
2020-09-01,92.34,0.69244,96.60896,-4.51941,-3.02672,5.97884,0.11581,9.53079
2020-09-02,92.85,0.71665,96.71254,-4.07578,-2.70802,6.01016,0.11924,9.53079
2020-09-03,92.74,0.71586,96.39407,-3.86448,-2.55214,5.9728,0.11985,9.53079
2020-09-04,92.72,0.72271,96.678,-4.18017,-2.74501,5.94999,0.12146,9.53079
2020-09-08,93.48,0.73115,97.05536,-3.7534,-2.44913,6.18346,0.11824,9.53079
2020-09-09,93.26,0.71691,96.97986,-3.9112,-2.53998,6.15981,0.11638,9.53079
2020-09-10,93.34,0.70514,97.00436,-3.85072,-2.48853,5.92295,0.11905,9.53079
2020-09-11,93.33,0.70778,97.16763,-4.0296,-2.59456,5.76796,0.12271,9.53079
2020-09-14,93.07,0.72805,97.25698,-4.40048,-2.81941,5.65797,0.12868,9.53079
2020-09-15,93.05,0.72005,97.07985,-4.23968,-2.70122,5.61389,0.12826,9.53079
2020-09-16,93.21,0.72266,96.75637,-3.73412,-2.3671,5.60757,0.12887,9.53079
2020-09-17,92.97,0.71481,96.52431,-3.7518,-2.3711,5.57905,0.12812,9.53079
2020-09-18,92.93,0.72687,96.56426,-3.83622,-2.42121,5.55056,0.13095,9.53079
2020-09-21,93.54,0.74131,96.70035,-3.32278,-2.09235,5.63903,0.13146,9.53079
2020-09-22,93.99,0.72442,96.66132,-2.80249,-1.76203,5.70589,0.12696,9.53079
2020-09-23,94.39,0.7347,96.54143,-2.25371,-1.41678,5.68826,0.12916,9.53079
2020-09-24,94.35,0.73881,96.50418,-2.2575,-1.42031,5.64775,0.13082,9.53079
2020-09-25,94.58,0.71661,96.58842,-2.10128,-1.32117,5.6733,0.12631,9.53079
2020-09-28,94.26,0.72592,96.51487,-2.36402,-1.48534,5.69982,0.12736,9.53079
2020-09-29,93.89,0.69116,96.67189,-2.91988,-1.83193,5.73682,0.12048,9.53079
2020-09-30,93.89,0.7117,96.68609,-2.93456,-1.83606,5.73113,0.12418,9.53079
2020-10-01,93.71,0.71697,96.65547,-3.09479,-1.93048,5.72593,0.12522,8.55267
2020-10-02,93.84,0.72342,96.86873,-3.17656,-1.97457,5.65296,0.12797,8.55267
2020-10-05,93.51,0.73154,96.49768,-3.14506,-1.94799,5.67756,0.12885,8.55267
2020-10-06,93.83,0.73323,96.16897,-2.46221,-1.51956,5.67052,0.12931,8.55267
2020-10-07,93.63,0.74679,96.35989,-2.87392,-1.76986,5.64203,0.13236,8.55267
2020-10-08,93.61,0.72502,96.19797,-2.7271,-1.6743,5.64235,0.1285,8.55267
2020-10-09,93.06,0.76958,96.41285,-3.5395,-2.1677,5.73745,0.13413,8.55267
2020-10-12,93.07,0.77337,96.57453,-3.69631,-2.25406,5.73077,0.13495,8.55267
2020-10-13,93.53,0.78377,96.38342,-3.0052,-1.82433,5.82694,0.13451,8.55267
2020-10-14,93.38,0.7691,96.18305,-2.9576,-1.79101,5.79416,0.13274,8.55267
2020-10-15,93.86,0.78782,96.18247,-2.44428,-1.47618,5.85014,0.13467,8.55267
2020-10-16,93.68,0.79328,96.18568,-2.63957,-1.59092,5.85646,0.13545,8.55267
2020-10-19,93.43,0.81427,96.15054,-2.87026,-1.72615,5.69785,0.14291,8.55267
2020-10-20,93.07,0.79627,96.00783,-3.10779,-1.86375,5.73706,0.13879,8.55267
2020-10-21,92.61,0.78691,96.24348,-3.84841,-2.30058,5.78814,0.13595,8.55267
2020-10-22,92.95,0.80792,96.16497,-3.40034,-2.02212,5.82404,0.13872,8.55267
2020-10-23,92.77,0.81433,96.30308,-3.7377,-2.21381,5.60812,0.14521,8.55267
2020-10-26,93.05,0.79202,96.19364,-3.32262,-1.95844,5.63964,0.14044,8.55267
2020-10-27,92.94,0.80269,96.01265,-3.25258,-1.90996,5.54346,0.1448,8.55267
2020-10-28,93.41,0.82146,96.05447,-2.79169,-1.63355,5.61165,0.14638,8.55267
2020-10-29,93.96,0.83003,96.44176,-2.60702,-1.52155,5.64394,0.14707,8.55267
2020-10-30,94.04,0.80564,96.39866,-2.47721,-1.44266,5.64605,0.14269,8.55267
2020-11-02,94.05,0.82938,96.17757,-2.23696,-1.3003,5.63913,0.14708,6.65772
2020-11-03,93.55,0.83455,96.11482,-2.70475,-1.56996,5.61523,0.14862,6.65772
2020-11-04,93.41,0.80877,96.1234,-2.86344,-1.65861,5.62355,0.14382,6.65772
2020-11-05,92.53,0.80164,96.27704,-3.9697,-2.2956,5.76647,0.13902,6.65772
2020-11-06,92.23,0.81966,96.75344,-4.78804,-2.75598,5.78923,0.14158,6.65772
2020-11-09,92.73,0.79662,96.0887,-3.55796,-2.03329,5.89642,0.1351,6.65772
2020-11-10,92.75,0.80268,95.94348,-3.38516,-1.92663,5.88445,0.13641,6.65772
2020-11-11,93.04,0.80403,95.99495,-3.12661,-1.77329,5.9165,0.1359,6.65772
2020-11-12,92.96,0.78841,95.84964,-3.06114,-1.73138,5.89668,0.1337,6.65772
2020-11-13,92.76,0.79932,96.14452,-3.58369,-2.02163,5.88782,0.13576,6.65772
2020-11-16,92.57,0.81779,96.02674,-3.66616,-2.06148,5.76499,0.14185,6.65772
2020-11-17,92.42,0.80386,95.9647,-3.7637,-2.10932,5.61332,0.14321,6.65772
2020-11-18,92.32,0.78523,95.72079,-3.61747,-2.01968,5.61336,0.13989,6.65772
2020-11-19,92.29,0.80452,95.80665,-3.73963,-2.08106,5.51975,0.14575,6.65772
2020-11-20,92.39,0.79793,95.59675,-3.412,-1.89279,5.52365,0.14446,6.65772
2020-11-23,92.51,0.80035,95.46789,-3.14732,-1.74161,5.50041,0.14551,6.65772
2020-11-24,92.23,0.80062,95.23005,-3.201,-1.7674,5.53184,0.14473,6.65772
2020-11-25,91.99,0.80733,95.1198,-3.34573,-1.84493,5.55378,0.14537,6.65772
2020-11-27,91.79,0.79544,95.15547,-3.60087,-1.98238,5.39927,0.14732,6.65772
2020-11-30,91.87,0.78774,95.21633,-3.57769,-1.96457,5.38055,0.14641,6.65772
2020-12-01,91.31,0.78567,95.18707,-4.15838,-2.27802,5.49574,0.14296,4.3633
2020-12-02,91.12,0.77166,94.95056,-4.1179,-2.24652,5.38511,0.14329,4.3633
2020-12-03,90.71,0.78406,94.85185,-4.46486,-2.42712,5.44804,0.14392,4.3633
2020-12-04,90.7,0.79188,94.77362,-4.39338,-2.37737,5.44819,0.14535,4.3633
2020-12-07,90.79,0.7889,94.7616,-4.28151,-2.30568,5.17466,0.15245,4.3633
2020-12-08,90.97,0.79812,94.77697,-4.09967,-2.19802,5.18287,0.15399,4.3633
2020-12-09,91.09,0.82195,94.67982,-3.86529,-2.06504,5.18821,0.15843,4.3633
2020-12-10,90.79,0.79845,94.3403,-3.83593,-2.04294,5.22038,0.15295,4.3633
2020-12-11,90.98,0.783,94.25649,-3.53799,-1.87802,5.22227,0.14994,4.3633
2020-12-14,90.71,0.7906,94.09891,-3.66788,-1.94218,5.24819,0.15064,4.3633
2020-12-15,90.47,0.77074,94.03533,-3.86522,-2.0419,5.24909,0.14683,4.3633
2020-12-16,90.45,0.76385,93.94183,-3.78786,-1.99542,5.23182,0.146,4.3633
2020-12-17,89.82,0.77014,93.86679,-4.4069,-2.32003,5.39349,0.14279,4.3633
2020-12-18,90.02,0.76409,93.68617,-3.99187,-2.09478,5.22965,0.14611,4.3633
2020-12-21,90.04,0.77063,93.67416,-3.95684,-2.07398,5.11616,0.15063,4.3633
2020-12-22,90.65,0.76951,93.81313,-3.42989,-1.79365,5.23734,0.14693,4.3633
2020-12-23,90.41,0.75369,93.56837,-3.43374,-1.79645,5.2525,0.14349,4.3633
2020-12-24,90.33,0.75209,93.58303,-3.53794,-1.85234,5.21438,0.14423,4.3633
2020-12-28,90.34,0.76457,93.6307,-3.5778,-1.87441,5.18875,0.14735,4.3633
2020-12-29,90.01,0.75779,93.45177,-3.75247,-1.96475,5.18205,0.14623,4.3633
2020-12-30,89.63,0.75848,93.37538,-4.09377,-2.14111,5.22869,0.14506,4.3633
2020-12-31,89.94,0.76848,93.26717,-3.63254,-1.8983,5.28936,0.14529,4.3633
2021-01-04,89.88,0.72799,93.04585,-3.4617,-1.81155,5.27312,0.13806,3.7285
2021-01-05,89.44,0.75171,92.66936,-3.54699,-1.85857,5.31055,0.14155,3.7285
2021-01-06,89.53,0.7521,92.49694,-3.26019,-1.71124,5.2561,0.14309,3.7285
2021-01-07,89.83,0.75761,92.55265,-2.98586,-1.56986,5.31118,0.14264,3.7285
2021-01-08,90.1,0.76085,92.25484,-2.36346,-1.24577,5.36079,0.14193,3.7285
2021-01-11,90.54,0.75076,92.12059,-1.73067,-0.91607,5.36165,0.14002,3.7285
2021-01-12,90.05,0.74432,91.92171,-2.05722,-1.09281,5.45234,0.13651,3.7285
2021-01-13,90.32,0.7507,92.03573,-1.8818,-1.00258,5.38697,0.13935,3.7285
2021-01-14,90.24,0.78696,92.01667,-1.9497,-1.04236,5.38319,0.14619,3.7285
2021-01-15,90.78,0.75155,92.04976,-1.38903,-0.74473,5.42159,0.13862,3.7285
2021-01-19,90.5,0.75058,91.9091,-1.54501,-0.83118,5.43879,0.13801,3.7285
2021-01-20,90.47,0.74451,91.87609,-1.54225,-0.8331,5.42176,0.13732,3.7285
2021-01-21,90.13,0.7384,91.82304,-1.86102,-1.00831,5.4194,0.13625,3.7285
2021-01-22,90.24,0.74319,91.90294,-1.82603,-0.99448,5.35384,0.13881,3.7285
2021-01-25,90.39,0.75544,91.77436,-1.51994,-0.83296,5.30663,0.14236,3.7285
2021-01-26,90.17,0.73627,91.6645,-1.64385,-0.90562,5.31327,0.13857,3.7285
2021-01-27,90.65,0.75356,91.40824,-0.83296,-0.46176,5.39334,0.13972,3.7285
2021-01-28,90.46,0.75432,91.56587,-1.21508,-0.67733,5.40174,0.13964,3.7285
2021-01-29,90.58,0.73835,91.33718,-0.83245,-0.46708,5.29881,0.13934,3.7285
2021-02-01,91.02,0.73039,91.24015,-0.24158,-0.13635,5.25258,0.13905,3.99512
2021-02-02,91.2,0.72291,91.08584,0.12525,0.0711,5.26916,0.1372,3.99512
2021-02-03,91.12,0.71847,90.9372,0.20081,0.11452,5.26834,0.13637,3.99512
2021-02-04,91.53,0.71367,90.86537,0.72878,0.41748,5.26863,0.13546,3.99512
2021-02-05,91.04,0.69682,90.7253,0.34628,0.1991,5.35908,0.13003,3.99512
2021-02-08,90.93,0.71396,90.55351,0.41491,0.23938,5.0366,0.14176,3.99512
2021-02-09,90.44,0.71536,90.44307,-0.00339,-0.00196,5.10625,0.1401,3.99512
2021-02-10,90.37,0.71818,90.36492,0.00563,0.00327,4.97284,0.14442,3.99512
2021-02-11,90.42,0.72566,90.46308,-0.04764,-0.02776,4.97502,0.14586,3.99512
2021-02-12,90.48,0.71838,90.23128,0.27527,0.16083,4.92828,0.14577,3.99512
2021-02-16,90.51,0.72703,90.06469,0.49322,0.28915,4.92995,0.14747,3.99512
2021-02-17,90.95,0.70222,89.79182,1.2816,0.7539,5.02806,0.13966,3.99512
2021-02-18,90.59,0.69275,89.81015,0.86458,0.51,5.0694,0.13665,3.99512
2021-02-19,90.36,0.69387,90.00034,0.39883,0.23597,5.08216,0.13653,3.99512
2021-02-22,90.01,0.69662,89.58673,0.47136,0.28017,5.12898,0.13582,3.99512
2021-02-23,90.17,0.69139,89.54739,0.69288,0.41399,5.14744,0.13432,3.99512
2021-02-24,90.18,0.69798,89.34472,0.93056,0.55847,5.13997,0.13579,3.99512
2021-02-25,90.13,0.72497,89.36352,0.85405,0.51495,5.12866,0.14136,3.99512
2021-02-26,90.93,0.69614,89.37888,1.72056,1.04225,5.42328,0.12836,3.99512
2021-03-01,91.04,0.7186,89.96344,1.18956,0.72288,5.40888,0.13286,5.93546
2021-03-02,90.79,0.7189,90.12735,0.73255,0.44665,5.41875,0.13267,5.93546
2021-03-03,90.95,0.72355,89.89468,1.16712,0.71396,5.42864,0.13328,5.93546
2021-03-04,91.63,0.72935,89.49793,2.35432,1.44178,5.5012,0.13258,5.93546
2021-03-05,91.98,0.72615,89.17305,3.09923,1.8981,5.53432,0.13121,5.93546
2021-03-08,92.31,0.75049,89.49536,3.09657,1.89429,5.4939,0.1366,5.93546
2021-03-09,91.96,0.75607,89.68576,2.50416,1.53078,5.55369,0.13614,5.93546
2021-03-10,91.79,0.7391,89.59691,2.41825,1.47985,5.56669,0.13277,5.93546
2021-03-11,91.42,0.72969,89.33995,2.30155,1.40973,5.61724,0.1299,5.93546
2021-03-12,91.68,0.72465,89.408,2.50941,1.539,5.6391,0.1285,5.93546
2021-03-15,91.83,0.73642,89.537,2.52871,1.55261,5.60437,0.1314,5.93546
2021-03-16,91.87,0.75507,89.71442,2.3743,1.46,5.5912,0.13505,5.93546
2021-03-17,91.4,0.72819,89.68223,1.89728,1.16949,5.65649,0.12874,5.93546
2021-03-18,91.85,0.7529,90.50736,1.47256,0.90939,5.7079,0.1319,5.93546
2021-03-19,91.92,0.76258,90.37101,1.69951,1.05128,5.70806,0.1336,5.93546
2021-03-22,91.8,0.76124,90.36059,1.58041,0.97867,5.52509,0.13778,5.93546
2021-03-23,92.34,0.76629,90.99184,1.47075,0.91125,5.62252,0.13629,5.93546
2021-03-24,92.53,0.75864,90.41765,2.30935,1.43208,5.63206,0.1347,5.93546
2021-03-25,92.88,0.76468,90.83121,2.23053,1.38182,5.5268,0.13836,5.93546
2021-03-26,92.77,0.76332,90.44379,2.53947,1.57197,5.50178,0.13874,5.93546
2021-03-29,92.94,0.76134,90.40905,2.76097,1.70725,5.50262,0.13836,5.93546
2021-03-30,93.3,0.75452,90.52298,3.02164,1.86491,5.54425,0.13609,5.93546
2021-03-31,93.23,0.76347,90.67494,2.77886,1.71173,5.48551,0.13918,5.93546
2021-04-01,92.93,0.78308,90.57628,2.56541,1.57747,5.45337,0.1436,5.79444
2021-04-05,92.6,0.78208,90.99751,1.7457,1.0718,5.4831,0.14264,5.79444
2021-04-06,92.34,0.76784,90.86388,1.61148,0.98959,5.51772,0.13916,5.79444
2021-04-07,92.46,0.77297,90.82949,1.77921,1.09313,5.41239,0.14281,5.79444
2021-04-08,92.06,0.7605,90.78504,1.3946,0.85682,5.49794,0.13833,5.79444
2021-04-09,92.16,0.7636,90.84473,1.43745,0.88363,5.46793,0.13965,5.79444
2021-04-12,92.14,0.78807,90.91386,1.33967,0.82425,5.44369,0.14477,5.79444
2021-04-13,91.85,0.76881,90.78525,1.16599,0.71822,5.40956,0.14212,5.79444
2021-04-14,91.69,0.76521,90.37084,1.44917,0.89367,5.30216,0.14432,5.79444
2021-04-15,91.67,0.7656,90.33477,1.46727,0.90564,5.27435,0.14515,5.79444
2021-04-16,91.56,0.76615,90.37401,1.30377,0.80477,5.27744,0.14517,5.79444
2021-04-19,91.07,0.74834,90.27654,0.87508,0.54024,5.2635,0.14218,5.79444
2021-04-20,91.24,0.74296,90.3306,1.00172,0.61847,5.23657,0.14188,5.79444
2021-04-21,91.16,0.75188,90.54758,0.67408,0.41605,5.23966,0.1435,5.79444
2021-04-22,91.33,0.761,90.58328,0.82097,0.50664,5.19069,0.14661,5.79444
2021-04-23,90.86,0.75992,90.48535,0.41319,0.25496,5.29598,0.14349,5.79444
2021-04-26,90.81,0.77878,90.63198,0.19622,0.1211,5.2881,0.14727,5.79444
2021-04-27,90.91,0.76868,90.48531,0.46825,0.28908,5.26712,0.14594,5.79444
2021-04-28,90.61,0.76453,90.35591,0.28082,0.17342,5.20423,0.14691,5.79444
2021-04-29,90.61,0.74257,90.09473,0.57029,0.3524,5.18685,0.14316,5.79444
2021-04-30,91.28,0.74975,90.30521,1.07366,0.66396,5.3853,0.13922,5.79444
2021-05-03,90.95,0.74895,90.26874,0.75187,0.46511,5.34959,0.14,5.02807
2021-05-04,91.29,0.75859,90.14789,1.25897,0.77925,5.3875,0.1408,5.02807
2021-05-05,91.31,0.75786,90.14602,1.28295,0.79433,5.38457,0.14075,5.02807
2021-05-06,90.95,0.7592,90.27048,0.74994,0.46453,5.3652,0.1415,5.02807
2021-05-07,90.23,0.73616,90.13762,0.10244,0.06351,5.49148,0.13406,5.02807
2021-05-10,90.21,0.75464,90.24212,-0.0356,-0.02209,5.48723,0.13753,5.02807
2021-05-11,90.14,0.74219,90.18452,-0.04937,-0.03065,5.38342,0.13787,5.02807
2021-05-12,90.71,0.73031,90.09381,0.68161,0.42327,5.529,0.13209,5.02807
2021-05-13,90.75,0.72812,90.34328,0.44918,0.27894,5.52864,0.1317,5.02807
2021-05-14,90.32,0.72602,90.07276,0.27412,0.17023,5.60994,0.12942,5.02807
2021-05-17,90.22,0.72332,89.98326,0.26275,0.1632,5.61357,0.12885,5.02807
2021-05-18,89.75,0.72489,90.1091,-0.39931,-0.24807,5.61765,0.12904,5.02807
2021-05-19,90.19,0.72772,90.3915,-0.22317,-0.13869,5.65614,0.12866,5.02807
2021-05-20,89.81,0.71163,90.5032,-0.7689,-0.47814,5.69583,0.12494,5.02807
2021-05-21,90.02,0.74084,90.44025,-0.46576,-0.28962,5.66357,0.13081,5.02807
2021-05-24,89.83,0.71907,90.05546,-0.25067,-0.15587,5.66746,0.12688,5.02807
2021-05-25,89.64,0.72903,90.0795,-0.4891,-0.30418,5.68223,0.1283,5.02807
2021-05-26,90.04,0.72767,90.01339,0.02956,0.01839,5.75357,0.12647,5.02807
2021-05-27,89.97,0.72233,89.90235,0.07523,0.04684,5.46646,0.13214,5.02807
2021-05-28,90.03,0.72603,89.89601,0.14893,0.09284,5.46197,0.13293,5.02807
2021-06-01,89.83,0.74166,89.91189,-0.09111,-0.05684,5.45291,0.13601,5.90983
2021-06-02,89.9,0.71883,89.66896,0.25733,0.16073,5.44232,0.13208,5.90983
2021-06-03,90.5,0.74773,89.81251,0.76256,0.47696,5.39905,0.13849,5.90983
2021-06-04,90.14,0.73375,89.65021,0.54485,0.34131,5.38893,0.13616,5.90983
2021-06-07,89.95,0.75018,89.7708,0.19942,0.12518,5.34144,0.14044,5.90983
2021-06-08,90.08,0.73126,89.61701,0.51531,0.3241,5.30911,0.13774,5.90983
2021-06-09,90.12,0.76493,89.78686,0.37035,0.23319,5.3022,0.14427,5.90983
2021-06-10,90.08,0.74229,89.61049,0.52258,0.3292,5.24738,0.14146,5.90983
2021-06-11,90.56,0.76554,89.68331,0.97279,0.61324,5.32901,0.14365,5.90983
2021-06-14,90.52,0.76097,89.67054,0.94285,0.59463,5.31619,0.14314,5.90983
2021-06-15,90.54,0.75698,89.54698,1.10283,0.69578,5.31528,0.14242,5.90983
2021-06-16,91.13,0.80917,89.76708,1.50687,0.95106,5.38788,0.15018,5.90983
2021-06-17,91.89,0.82032,89.97058,2.11095,1.33326,5.55499,0.14767,5.90983
2021-06-18,92.23,0.8478,90.12996,2.30328,1.45466,5.60192,0.15134,5.90983
2021-06-21,91.86,0.84481,89.91682,2.13806,1.34941,5.65473,0.1494,5.90983
2021-06-22,91.73,0.82636,89.83043,2.09257,1.32025,5.53456,0.14931,5.90983
2021-06-23,91.8,0.84028,89.85832,2.13781,1.34813,5.52006,0.15222,5.90983
2021-06-24,91.82,0.84126,89.83039,2.19068,1.38101,5.46344,0.15398,5.90983
2021-06-25,91.81,0.85548,89.83374,2.17605,1.37051,5.45965,0.15669,5.90983
2021-06-28,91.88,0.8271,89.89413,2.18507,1.3758,5.44794,0.15182,5.90983
2021-06-29,92.05,0.84604,89.99538,2.25736,1.42035,5.40175,0.15662,5.90983
2021-06-30,92.44,0.83101,89.90144,2.78458,1.7505,5.47296,0.15184,5.90983
2021-07-01,92.6,0.83813,89.8683,2.99439,1.87869,5.44896,0.15382,7.20507
2021-07-02,92.23,0.83351,89.82476,2.64248,1.65398,5.46133,0.15262,7.20507
2021-07-06,92.55,0.81423,89.97819,2.81817,1.7601,5.47717,0.14866,7.20507
2021-07-07,92.64,0.82189,90.14655,2.72843,1.70018,5.47449,0.15013,7.20507
2021-07-08,92.36,0.79835,90.05992,2.52187,1.56853,5.43821,0.1468,7.20507
2021-07-09,92.13,0.83085,89.99888,2.34033,1.45335,5.45762,0.15224,7.20507
2021-07-12,92.23,0.82986,90.05344,2.38822,1.48136,5.46178,0.15194,7.20507
2021-07-13,92.75,0.85867,90.08367,2.91688,1.80748,5.53635,0.1551,7.20507
2021-07-14,92.41,0.83287,90.15256,2.47319,1.53033,5.57653,0.14935,7.20507
2021-07-15,92.62,0.84048,90.35799,2.47257,1.52869,5.5925,0.15029,7.20507
2021-07-16,92.69,0.86519,90.50543,2.38507,1.47295,5.58678,0.15486,7.20507
2021-07-19,92.89,0.82805,90.99349,2.0628,1.27211,5.48407,0.15099,7.20507
2021-07-20,92.97,0.83997,90.91769,2.23223,1.37547,5.4762,0.15339,7.20507
2021-07-21,92.75,0.85791,90.64831,2.29204,1.41075,5.49731,0.15606,7.20507
2021-07-22,92.82,0.84192,90.42048,2.61914,1.60978,5.48875,0.15339,7.20507
2021-07-23,92.91,0.86664,90.50158,2.6264,1.61095,5.3787,0.16112,7.20507
2021-07-26,92.65,0.86869,90.49647,2.35181,1.43942,5.41284,0.16049,7.20507
2021-07-27,92.43,0.85987,90.52069,2.08731,1.27527,5.43705,0.15815,7.20507
2021-07-28,92.32,0.86614,90.51162,1.97825,1.20705,5.39694,0.16049,7.20507
2021-07-29,91.86,0.8652,90.37354,1.63141,0.99436,5.49959,0.15732,7.20507
2021-07-30,92.17,0.85777,90.34394,2.00107,1.21959,5.34427,0.1605,7.20507
2021-08-02,92.05,0.84189,90.67279,1.50746,0.91822,5.29759,0.15892,7.21755
2021-08-03,92.08,0.84889,90.71841,1.48975,0.90825,5.24864,0.16173,7.21755
2021-08-04,92.27,0.85354,90.95664,1.43361,0.87457,5.26273,0.16219,7.21755
2021-08-05,92.24,0.89828,91.04344,1.30571,0.7973,5.19701,0.17285,7.21755
2021-08-06,92.8,0.87927,90.9808,1.97981,1.2103,5.05466,0.17395,7.21755
2021-08-09,92.95,0.89701,91.26957,1.82443,1.11479,5.05815,0.17734,7.21755
2021-08-10,93.06,0.90535,91.1497,2.07412,1.26685,5.05363,0.17915,7.21755
2021-08-11,92.91,0.88862,90.97388,2.10589,1.28478,4.93104,0.18021,7.21755
2021-08-12,93.04,0.88867,90.97245,2.24728,1.36929,4.93523,0.18007,7.21755
2021-08-13,92.52,0.88624,91.04167,1.61075,0.97986,4.97427,0.17816,7.21755
2021-08-16,92.63,0.86941,91.11649,1.64743,1.0015,4.96752,0.17502,7.21755
2021-08-17,93.13,0.89044,91.34395,1.93643,1.17637,4.93071,0.18059,7.21755
2021-08-18,93.14,0.89338,91.58262,1.68622,1.02357,4.85321,0.18408,7.21755
2021-08-19,93.57,0.88187,91.73998,1.97516,1.19887,4.82436,0.1828,7.21755
2021-08-20,93.5,0.89521,91.83292,1.79906,1.09124,4.82002,0.18573,7.21755
2021-08-23,92.96,0.89308,91.38344,1.7105,1.03705,4.95843,0.18011,7.21755
2021-08-24,92.89,0.89955,91.18879,1.84841,1.11981,4.93614,0.18224,7.21755
2021-08-25,92.83,0.88357,90.98563,2.00683,1.21448,4.87793,0.18114,7.21755
2021-08-26,93.06,0.89681,91.26687,1.94566,1.17577,4.88709,0.18351,7.21755
2021-08-27,92.69,0.86448,90.85524,1.99931,1.20659,4.96984,0.17395,7.21755
2021-08-30,92.65,0.84575,90.7029,2.12396,1.27998,4.94332,0.17109,7.21755
2021-08-31,92.63,0.83824,90.73546,2.06648,1.24353,4.94497,0.16951,7.21755
2021-09-01,92.45,0.83782,90.862,1.73261,1.0411,4.80543,0.17435,6.90512
2021-09-02,92.23,0.84145,90.76369,1.60262,0.9621,4.75725,0.17688,6.90512
2021-09-03,92.04,0.84302,90.81941,1.33502,0.80102,4.75624,0.17724,6.90512
2021-09-07,92.52,0.84158,90.98976,1.66779,1.00034,4.84936,0.17354,6.90512
2021-09-08,92.65,0.83754,90.88371,1.92482,1.15393,4.85332,0.17257,6.90512
2021-09-09,92.48,0.85855,91.13699,1.46286,0.87648,4.87158,0.17624,6.90512
2021-09-10,92.58,0.85537,91.07764,1.63608,0.97953,4.77115,0.17928,6.90512
2021-09-13,92.62,0.83732,90.8866,1.88925,1.13016,4.76846,0.1756,6.90512
2021-09-14,92.65,0.83986,90.90559,1.90075,1.13578,4.76838,0.17613,6.90512
2021-09-15,92.49,0.83489,90.66604,1.99176,1.18885,4.62006,0.18071,6.90512
2021-09-16,92.86,0.85154,90.75973,2.28773,1.36366,4.38859,0.19404,6.90512
2021-09-17,93.2,0.84625,90.87604,2.52513,1.50242,4.38733,0.19288,6.90512
2021-09-20,93.24,0.86241,91.29593,2.10706,1.25096,4.30425,0.20036,6.90512
2021-09-21,93.2,0.85446,91.19752,2.172,1.28754,4.29336,0.19902,6.90512
2021-09-22,93.46,0.87921,91.01913,2.64639,1.5662,4.3221,0.20342,6.90512
2021-09-23,93.1,0.88574,90.86224,2.43297,1.43641,4.40086,0.20127,6.90512
2021-09-24,93.33,0.89441,90.79627,2.75234,1.62166,4.42315,0.20221,6.90512
2021-09-27,93.38,0.91433,90.84614,2.75098,1.61665,4.42234,0.20675,6.90512
2021-09-28,93.77,0.90699,91.10627,2.88184,1.68918,4.48021,0.20244,6.90512
2021-09-29,94.34,0.90666,91.14381,3.44667,2.01462,4.55989,0.19883,6.90512
2021-09-30,94.25,0.87945,91.09927,3.40011,1.97954,4.55784,0.19295,6.90512
2021-10-01,94.04,0.88747,91.00007,3.286,1.90576,4.50357,0.19706,7.71439
2021-10-04,93.81,0.88266,90.9694,3.07482,1.77694,4.49044,0.19656,7.71439
2021-10-05,93.98,0.89385,90.86274,3.3732,1.94335,4.49931,0.19866,7.71439
2021-10-06,94.27,0.90631,91.04716,3.47854,1.99663,4.48552,0.20205,7.71439
2021-10-07,94.22,0.93345,91.03971,3.43367,1.9635,4.45245,0.20965,7.71439
2021-10-08,94.07,0.9256,90.9416,3.38216,1.92692,4.46683,0.20722,7.71439
2021-10-11,94.32,0.91241,90.91858,3.67288,2.08508,4.36166,0.20919,7.71439
2021-10-12,94.52,0.9334,91.05587,3.73382,2.11081,4.30246,0.21695,7.71439
2021-10-13,94.08,0.9529,91.09542,3.2238,1.81505,4.39973,0.21658,7.71439
2021-10-14,93.96,0.9556,90.91262,3.29703,1.85124,4.40897,0.21674,7.71439
2021-10-15,93.94,0.99845,91.02304,3.15437,1.76637,4.39204,0.22733,7.71439
2021-10-18,93.95,1.00359,91.10515,3.07484,1.71728,4.38987,0.22862,7.71439
2021-10-19,93.79,0.95257,90.77469,3.26777,1.82024,4.37625,0.21767,7.71439
2021-10-20,93.56,0.9662,90.79109,3.00417,1.66823,4.40602,0.21929,7.71439
2021-10-21,93.77,1.00646,91.02295,2.97332,1.64674,4.42324,0.22754,7.71439
2021-10-22,93.61,1.02596,91.12301,2.69268,1.48758,4.39893,0.23323,7.71439
2021-10-25,93.81,1.03055,91.11327,2.9168,1.6082,4.38553,0.23499,7.71439
2021-10-26,93.95,1.03471,91.20799,2.96202,1.62919,4.38289,0.23608,7.71439
2021-10-27,93.86,1.06776,91.60205,2.43506,1.33613,4.25808,0.25076,7.71439
2021-10-28,93.35,1.04637,91.48816,2.01463,1.10379,4.36708,0.2396,7.71439
2021-10-29,94.12,0.99736,91.23791,3.11001,1.70228,4.6401,0.21494,7.71439
2021-11-01,93.88,1.0225,91.37247,2.70732,1.47771,4.67637,0.21865,8.45107
2021-11-02,94.09,1.03684,91.41641,2.88267,1.57007,4.67914,0.22159,8.45107
2021-11-03,93.86,1.041,91.51825,2.52659,1.37284,4.71,0.22102,8.45107
2021-11-04,94.35,1.03886,91.65241,2.9008,1.57323,4.67071,0.22242,8.45107
2021-11-05,94.32,1.02629,91.58394,2.94373,1.59265,4.66396,0.22005,8.45107
2021-11-08,94.05,1.08938,91.93668,2.27265,1.22649,4.70059,0.23175,8.45107
2021-11-09,93.96,1.06035,91.78824,2.3385,1.26015,4.69231,0.22598,8.45107
2021-11-10,94.85,1.15252,92.47017,2.54106,1.36716,5.03913,0.22871,8.45107
2021-11-11,95.18,1.14031,92.3094,3.06239,1.64461,4.93229,0.23119,8.45107
2021-11-12,95.13,1.18821,92.45382,2.85351,1.52842,4.93377,0.24083,8.45107
2021-11-15,95.41,1.17724,92.44851,3.15316,1.68518,4.85751,0.24235,8.45107
2021-11-16,95.92,1.20418,92.56103,3.56463,1.89976,4.95676,0.24294,8.45107
2021-11-17,95.83,1.18196,92.68772,3.33398,1.77053,4.89219,0.2416,8.45107
2021-11-18,95.54,1.1893,92.737,2.97775,1.57645,4.93468,0.24101,8.45107
2021-11-19,96.07,1.21403,93.05271,3.1911,1.68526,4.88193,0.24868,8.45107
2021-11-22,96.5,1.31832,93.66992,2.97658,1.56762,4.93778,0.26699,8.45107
2021-11-23,96.49,1.27229,93.33492,3.32451,1.74662,4.93338,0.25789,8.45107
2021-11-24,96.84,1.31698,93.503,3.50666,1.83678,4.95622,0.26572,8.45107
2021-11-26,96.09,1.18532,94.37042,1.80576,0.94293,5.15379,0.22999,8.45107
2021-11-29,96.34,1.17682,93.83835,2.631,1.37295,5.16542,0.22783,8.45107
2021-11-30,95.99,1.19624,94.52199,1.54115,0.80293,5.23288,0.2286,8.45107
2021-12-01,96.05,1.20052,94.98639,1.11353,0.57994,5.20795,0.23052,9.01987
2021-12-02,96.13,1.2916,95.17997,0.99319,0.51716,5.17253,0.2497,9.01987
2021-12-03,96.12,1.24517,95.16614,0.99732,0.51942,5.14544,0.24199,9.01987
2021-12-06,96.29,1.29732,94.98242,1.36726,0.71244,5.06827,0.25597,9.01987
2021-12-07,96.37,1.32663,94.51135,1.9475,1.01508,5.06603,0.26187,9.01987
2021-12-08,95.89,1.28925,94.09287,1.89194,0.98575,5.16671,0.24953,9.01987
2021-12-09,96.27,1.32028,94.55164,1.80106,0.93784,5.20995,0.25342,9.01987
2021-12-10,96.05,1.2821,93.98298,2.17553,1.13251,5.24224,0.24457,9.01987
2021-12-13,96.32,1.26494,94.15424,2.27416,1.18285,5.26085,0.24044,9.01987
2021-12-14,96.57,1.27594,94.45472,2.21476,1.15074,5.25354,0.24287,9.01987
2021-12-15,96.51,1.28745,94.2212,2.40015,1.24577,5.21639,0.24681,9.01987
2021-12-16,96.04,1.24447,94.097,2.04386,1.05941,5.29284,0.23512,9.01987
2021-12-17,96.57,1.28123,94.51878,2.14696,1.11192,5.38744,0.23782,9.01987
2021-12-20,96.55,1.27463,94.76671,1.86428,0.96455,5.38597,0.23666,9.01987
2021-12-21,96.49,1.31019,94.62807,1.94852,1.00753,5.37185,0.2439,9.01987
2021-12-22,96.08,1.2791,94.10862,2.07316,1.07169,5.3856,0.2375,9.01987
2021-12-23,96.02,1.29419,94.04154,2.08199,1.07612,5.37518,0.24077,9.01987
2021-12-27,96.09,1.33706,94.17817,2.00968,1.03908,5.37545,0.24873,9.01987
2021-12-28,96.2,1.31293,94.03049,2.28103,1.17901,5.32431,0.24659,9.01987
2021-12-29,95.93,1.32272,94.01571,2.01569,1.04122,5.23628,0.25261,9.01987
2021-12-30,95.97,1.29057,93.91106,2.16875,1.12028,5.23048,0.24674,9.01987
2021-12-31,95.67,1.29231,94.01666,1.74327,0.90013,5.25115,0.2461,9.01987
2022-01-03,96.24,1.32375,94.07339,2.27698,1.17581,5.3417,0.24781,8.60692
2022-01-04,96.29,1.31805,94.05809,2.34519,1.21007,5.33413,0.2471,8.60692
2022-01-05,96.19,1.36521,94.69131,1.57031,0.80956,5.31311,0.25695,8.60692
2022-01-06,96.25,1.40119,94.85751,1.45731,0.75136,5.31062,0.26385,8.60692
2022-01-07,95.74,1.38525,94.69806,1.09427,0.5643,5.41665,0.25574,8.60692
2022-01-10,95.99,1.42601,95.09897,0.93259,0.48122,5.41583,0.2633,8.60692
2022-01-11,95.62,1.40089,94.70185,0.96485,0.49825,5.46511,0.25633,8.60692
2022-01-12,95.0,1.43686,94.80279,0.2078,0.10736,5.54327,0.25921,8.60692
2022-01-13,94.79,1.42651,95.08604,-0.31182,-0.16121,5.55625,0.25674,8.60692
2022-01-14,95.17,1.50346,95.37679,-0.21705,-0.11231,5.60904,0.26804,8.60692
2022-01-18,95.73,1.5623,96.06727,-0.35169,-0.18213,5.72205,0.27303,8.60692
2022-01-19,95.51,1.53976,95.98249,-0.49348,-0.25581,5.73177,0.26864,8.60692
2022-01-20,95.74,1.58776,96.46442,-0.7538,-0.39129,5.71962,0.2776,8.60692
2022-01-21,95.64,1.53837,96.41368,-0.80569,-0.41866,5.71357,0.26925,8.60692
2022-01-24,95.92,1.53856,96.5661,-0.67132,-0.34916,5.72205,0.26888,8.60692
2022-01-25,95.95,1.57498,96.77481,-0.85596,-0.44576,5.71103,0.27578,8.60692
2022-01-26,96.49,1.67251,97.3877,-0.92606,-0.48318,5.80299,0.28822,8.60692
2022-01-27,97.26,1.69995,97.5197,-0.26666,-0.13944,5.98728,0.28393,8.60692
2022-01-28,97.27,1.65914,97.04286,0.23379,0.12253,5.8623,0.28302,8.60692
2022-01-31,96.54,1.64889,96.75677,-0.22429,-0.11778,5.8827,0.28029,8.60692
2022-02-01,96.39,1.64353,96.67001,-0.29008,-0.15258,5.86567,0.28019,8.35493
2022-02-02,95.94,1.61237,96.46935,-0.55024,-0.28991,5.94119,0.27139,8.35493
2022-02-03,95.38,1.57162,96.22954,-0.88675,-0.4678,6.04362,0.26005,8.35493
2022-02-04,95.48,1.60882,96.32397,-0.88003,-0.46512,5.9618,0.26985,8.35493
2022-02-07,95.4,1.59121,96.22277,-0.85875,-0.45453,5.96451,0.26678,8.35493
2022-02-08,95.64,1.65006,96.7475,-1.15134,-0.61045,5.94981,0.27733,8.35493
2022-02-09,95.49,1.69791,97.04184,-1.61207,-0.85597,5.95618,0.28507,8.35493
2022-02-10,95.55,1.93356,99.09089,-3.63878,-1.93347,5.65801,0.34174,8.35493
2022-02-11,96.08,1.81248,97.95299,-1.93065,-1.02343,5.72225,0.31674,8.35493
2022-02-14,96.37,1.92815,98.74335,-2.43291,-1.28949,5.74901,0.33539,8.35493
2022-02-15,95.99,1.90591,98.72037,-2.80473,-1.48622,5.78091,0.32969,8.35493
2022-02-16,95.7,1.86851,98.2688,-2.64883,-1.40252,5.71456,0.32697,8.35493
2022-02-17,95.8,1.85978,98.34931,-2.62628,-1.39016,5.7156,0.32539,8.35493
2022-02-18,96.04,1.87508,98.40991,-2.43768,-1.2898,5.70365,0.32875,8.35493
2022-02-22,96.03,1.90156,98.40304,-2.44111,-1.29281,5.59515,0.33986,8.35493
2022-02-23,96.19,1.90967,98.43698,-2.30912,-1.22202,5.53183,0.34522,8.35493
2022-02-24,97.14,1.92076,98.34017,-1.22794,-0.64999,5.87401,0.32699,8.35493
2022-02-25,96.62,1.91002,98.31218,-1.73621,-0.9191,5.93025,0.32208,8.35493
2022-02-28,96.71,1.87533,97.77902,-1.09933,-0.5817,5.72039,0.32783,8.35493
2022-03-01,97.41,1.87424,97.49,-0.08209,-0.04344,5.87457,0.31904,10.08712
2022-03-02,97.39,2.02067,98.21267,-0.84117,-0.44582,5.82385,0.34696,10.08712
2022-03-03,97.79,1.99987,98.24231,-0.46146,-0.24641,5.87465,0.34042,10.08712
2022-03-04,98.65,2.08714,98.54346,0.10806,0.05793,6.11355,0.3414,10.08712
2022-03-07,99.29,2.10407,98.49024,0.80875,0.43559,6.23117,0.33767,10.08712
2022-03-08,99.06,2.12826,98.56537,0.50057,0.27084,6.25135,0.34045,10.08712
2022-03-09,97.97,2.11705,99.48526,-1.53482,-0.83128,6.66117,0.31782,10.08712
2022-03-10,98.51,2.09275,99.345,-0.84406,-0.45765,6.65522,0.31445,10.08712
2022-03-11,99.12,2.09143,99.14023,-0.0204,-0.01107,6.7175,0.31134,10.08712
2022-03-14,99.06,2.18852,100.37437,-1.31812,-0.71604,6.6979,0.32675,10.08712
2022-03-15,99.07,2.20519,100.88301,-1.81348,-0.98665,6.68169,0.33003,10.08712
2022-03-16,98.38,2.28662,101.57593,-3.19691,-1.74228,6.8298,0.3348,10.08712
2022-03-17,98.01,2.25864,100.58113,-2.58951,-1.41184,6.87579,0.32849,10.08712
2022-03-18,98.23,2.29994,100.70816,-2.49152,-1.35787,6.80718,0.33787,10.08712
2022-03-21,98.5,2.43925,101.2692,-2.77257,-1.51058,6.74449,0.36167,10.08712
2022-03-22,98.49,2.41881,100.96917,-2.48602,-1.35162,6.7442,0.35865,10.08712
2022-03-23,98.62,2.38197,100.21309,-1.60247,-0.86997,6.7444,0.35318,10.08712
2022-03-24,98.79,2.3487,99.99623,-1.2136,-0.65846,6.68423,0.35138,10.08712
2022-03-25,98.81,2.47295,100.81555,-2.00939,-1.0899,6.68092,0.37015,10.08712
2022-03-28,99.09,2.47858,101.21666,-2.12348,-1.15068,6.69761,0.37007,10.08712
2022-03-29,98.4,2.43042,100.87469,-2.48383,-1.34717,6.86071,0.35425,10.08712
2022-03-30,97.79,2.31406,99.72444,-1.95884,-1.06553,6.95787,0.33258,10.08712
2022-03-31,98.31,2.35482,100.34748,-2.05132,-1.11928,7.02934,0.335,10.08712
2022-04-01,98.63,2.50697,101.64836,-3.01439,-1.64683,7.01554,0.35735,10.58976
2022-04-04,98.99,2.53452,101.50533,-2.50925,-1.37232,6.95773,0.36427,10.58976
2022-04-05,99.47,2.58848,101.90556,-2.41904,-1.32401,7.01292,0.3691,10.58976
2022-04-06,99.6,2.54732,101.86562,-2.24923,-1.2316,7.00747,0.36351,10.58976
2022-04-07,99.75,2.49786,101.42188,-1.66218,-0.90974,7.01005,0.35633,10.58976
2022-04-08,99.8,2.54583,101.55303,-1.74129,-0.95341,6.90753,0.36856,10.58976
2022-04-11,99.93,2.4432,101.0911,-1.15521,-0.63341,6.89749,0.35422,10.58976
2022-04-12,100.29,2.372,100.17318,0.11655,0.06401,6.86088,0.34573,10.58976
2022-04-13,99.88,2.35634,99.77304,0.10714,0.05893,6.77362,0.34787,10.58976
2022-04-14,100.32,2.48626,100.54272,-0.22177,-0.122,6.78328,0.36653,10.58976
2022-04-18,100.78,2.47526,100.36342,0.41421,0.22799,6.79491,0.36428,10.58976
2022-04-19,100.96,2.59306,101.49593,-0.52943,-0.29161,6.7225,0.38573,10.58976
2022-04-20,100.39,2.5939,101.46233,-1.0625,-0.58566,6.81933,0.38038,10.58976
2022-04-21,100.58,2.60069,101.43942,-0.85083,-0.46898,6.81515,0.3816,10.58976
2022-04-22,101.22,2.54968,101.28177,-0.061,-0.03363,6.89433,0.36982,10.58976
2022-04-25,101.75,2.53676,101.39054,0.35391,0.19524,6.93696,0.36569,10.58976
2022-04-26,102.3,2.46074,100.87831,1.39947,0.77247,6.99252,0.35191,10.58976
2022-04-27,102.95,2.54354,101.41295,1.50426,0.83031,7.01325,0.36268,10.58976
2022-04-28,103.62,2.52733,101.17225,2.39059,1.32087,6.96053,0.36309,10.58976
2022-04-29,102.96,2.54117,101.30819,1.61733,0.8948,7.11418,0.3572,10.58976
2022-05-02,103.74,2.59298,101.75311,1.93384,1.07348,7.02619,0.36904,13.63671
2022-05-03,103.47,2.64339,102.17765,1.25688,0.70012,7.0457,0.37518,13.63671
2022-05-04,102.59,2.46817,100.63371,1.92531,1.07659,7.21531,0.34207,13.63671
2022-05-05,103.75,2.53951,101.30865,2.38124,1.3375,7.35792,0.34514,13.63671
2022-05-06,103.66,2.48625,100.90189,2.69677,1.5199,7.37093,0.33731,13.63671
2022-05-09,103.65,2.44124,101.08229,2.50849,1.4186,7.36365,0.33153,13.63671
2022-05-10,103.92,2.51245,101.69128,2.16798,1.23293,7.36426,0.34117,13.63671
2022-05-11,103.85,2.56637,101.84925,1.94537,1.11397,7.35215,0.34906,13.63671
2022-05-12,104.85,2.55422,101.77521,2.97642,1.7151,7.53322,0.33906,13.63671
2022-05-13,104.56,2.54262,101.47246,2.99736,1.73533,7.53445,0.33747,13.63671
2022-05-16,104.19,2.51462,101.18141,2.93011,1.70492,7.5893,0.33134,13.63671
2022-05-17,103.36,2.53463,101.37158,1.94253,1.13665,7.74338,0.32733,13.63671
2022-05-18,103.81,2.45043,101.18928,2.55695,1.51015,7.72117,0.31736,13.63671
2022-05-19,102.72,2.45636,101.09907,1.5906,0.94529,8.0766,0.30413,13.63671
2022-05-20,103.15,2.44772,101.06233,2.04468,1.22479,8.09529,0.30236,13.63671
2022-05-23,102.08,2.48463,101.25661,0.80988,0.48787,8.41636,0.29521,13.63671
2022-05-24,101.86,2.31487,100.25182,1.59141,0.9656,8.43822,0.27433,13.63671
2022-05-25,102.06,2.34868,100.41993,1.62001,0.989,8.24474,0.28487,13.63671
2022-05-26,101.83,2.36169,100.38988,1.42434,0.87437,8.17355,0.28894,13.63671
2022-05-27,101.67,2.34752,100.16658,1.48976,0.91909,8.18767,0.28671,13.63671
2022-05-31,101.75,2.25776,99.59044,2.14526,1.32812,8.08313,0.27932,13.63671
2022-06-01,102.55,2.41457,100.71067,1.80988,1.12492,8.20576,0.29425,14.68904
2022-06-02,101.77,2.29129,99.87927,1.87532,1.16902,8.34949,0.27442,14.68904
2022-06-03,102.14,2.27657,99.77346,2.34422,1.46451,8.20854,0.27734,14.68904
2022-06-06,102.44,2.31758,100.08054,2.3302,1.45741,8.13514,0.28489,14.68904
2022-06-07,102.32,2.34656,100.19023,2.10345,1.31613,8.12223,0.28891,14.68904
2022-06-08,102.54,2.30766,99.91397,2.59434,1.62767,7.77931,0.29664,14.68904
2022-06-09,103.22,2.24266,99.69521,3.4745,2.18112,7.81019,0.28715,14.68904
2022-06-10,104.15,2.37726,100.69172,3.37686,2.11868,7.90864,0.30059,14.68904
2022-06-13,105.08,2.56876,102.26211,2.71828,1.70655,8.06717,0.31842,14.68904
2022-06-14,105.52,2.57366,102.2902,3.10866,1.95801,8.09119,0.31808,14.68904
2022-06-15,105.16,2.35811,100.86101,4.17396,2.63647,7.97857,0.29556,14.68904
2022-06-16,103.63,2.23886,100.30588,3.26025,2.05596,8.52474,0.26263,14.68904
2022-06-17,104.7,2.32382,100.91772,3.67935,2.32201,8.72561,0.26632,14.68904
2022-06-21,104.44,2.35821,101.09534,3.25487,2.0546,8.7461,0.26963,14.68904
2022-06-22,104.2,2.29157,100.69483,3.42176,2.16576,8.76767,0.26137,14.68904
2022-06-23,104.43,2.40069,101.44556,2.89947,1.83911,8.7712,0.2737,14.68904
2022-06-24,104.19,2.38424,101.21872,2.89325,1.84363,8.79291,0.27115,14.68904
2022-06-27,103.94,2.41346,101.38758,2.48632,1.59137,8.81605,0.27376,14.68904
2022-06-28,104.51,2.37103,101.17558,3.24254,2.08723,8.85641,0.26772,14.68904
2022-06-29,105.11,2.35037,101.09793,3.89178,2.51746,8.76388,0.26819,14.68904
2022-06-30,104.69,2.41863,101.62332,2.97305,1.92511,8.70022,0.278,14.68904
2022-07-01,105.14,2.4509,101.80242,3.2259,2.09709,8.68256,0.28228,16.33994
2022-07-05,106.5,2.48203,102.21228,4.10931,2.67695,8.98775,0.27616,16.33994
2022-07-06,107.1,2.69741,103.66392,3.26089,2.12432,9.01803,0.29911,16.33994
2022-07-07,107.13,2.64997,103.31571,3.62536,2.36811,8.99036,0.29476,16.33994
2022-07-08,107.01,2.7565,104.00088,2.8523,1.8649,9.00205,0.30621,16.33994
2022-07-11,108.02,2.76091,104.16385,3.63512,2.38434,9.15211,0.30167,16.33994
2022-07-12,108.07,2.80894,104.74235,3.12757,2.05223,9.15224,0.30691,16.33994
2022-07-13,107.96,2.8366,104.99002,2.78955,1.83539,9.1636,0.30955,16.33994
2022-07-14,108.54,2.76013,104.50744,3.78605,2.4982,9.18886,0.30038,16.33994
2022-07-15,108.06,2.78556,104.65691,3.19991,2.11039,9.19705,0.30288,16.33994
2022-07-18,107.37,2.77117,104.56177,2.65028,1.74746,9.3,0.29798,16.33994
2022-07-19,106.68,2.7881,104.69128,1.88179,1.24124,9.39235,0.29685,16.33994
2022-07-20,107.08,2.83262,105.04409,1.91961,1.26741,9.40797,0.30109,16.33994
2022-07-21,106.91,2.64866,103.79286,2.95902,1.95535,9.32682,0.28398,16.33994
2022-07-22,106.73,2.68519,104.12292,2.47302,1.62953,9.34033,0.28748,16.33994
2022-07-25,106.48,2.67565,104.06768,2.29158,1.50748,9.29767,0.28778,16.33994
2022-07-26,107.19,2.78798,104.97306,2.08992,1.37258,9.32947,0.29884,16.33994
2022-07-27,106.45,2.69446,104.25304,2.08544,1.3675,9.40948,0.28636,16.33994
2022-07-28,106.35,2.68281,104.17914,2.06236,1.35097,9.34253,0.28716,16.33994
2022-07-29,105.9,2.70449,104.30838,1.51436,0.99111,9.31014,0.29049,16.33994
2022-08-01,105.45,2.75303,104.92514,0.49898,0.32648,9.25707,0.2974,15.53288
2022-08-02,106.24,2.89026,105.97242,0.25217,0.16503,9.25446,0.31231,15.53288
2022-08-03,106.51,2.84041,105.66293,0.79847,0.52266,9.24423,0.30726,15.53288
2022-08-04,105.69,2.79623,105.39938,0.27536,0.18033,9.21344,0.30349,15.53288
2022-08-05,106.62,2.91553,106.2851,0.3146,0.20621,9.10825,0.3201,15.53288
2022-08-08,106.44,2.91618,106.2556,0.17339,0.11374,9.1145,0.31995,15.53288
2022-08-09,106.37,2.93272,106.3913,-0.02002,-0.01314,9.11648,0.32169,15.53288
2022-08-10,105.2,2.92726,106.29579,-1.03624,-0.6808,9.38848,0.31179,15.53288
2022-08-11,105.09,2.90418,106.03443,-0.89468,-0.58792,9.39017,0.30928,15.53288
2022-08-12,105.63,2.90941,106.05975,-0.40602,-0.26682,9.25018,0.31452,15.53288
2022-08-15,106.55,2.86748,105.7974,0.70885,0.46582,9.38705,0.30547,15.53288
2022-08-16,106.5,2.88866,106.02967,0.4426,0.29089,9.35596,0.30875,15.53288
2022-08-17,106.57,2.78887,105.26263,1.23435,0.81142,9.20099,0.30311,15.53288
2022-08-18,107.48,2.70305,104.57962,2.73561,1.79802,9.30884,0.29037,15.53288
2022-08-19,108.17,2.68137,104.47929,3.47151,2.27623,9.10191,0.29459,15.53288
2022-08-22,109.05,2.69798,104.68793,4.08227,2.66472,9.19413,0.29345,15.53288
2022-08-23,108.62,2.64752,104.27839,4.07914,2.64555,8.95853,0.29553,15.53288
2022-08-24,108.68,2.70179,104.71583,3.71575,2.39433,8.93625,0.30234,15.53288
2022-08-25,108.47,2.74889,105.17277,3.08692,1.97809,8.95367,0.30701,15.53288
2022-08-26,108.8,2.68157,104.65024,3.88876,2.48242,8.93881,0.29999,15.53288
2022-08-29,108.84,2.66081,104.43418,4.13218,2.6221,8.92408,0.29816,15.53288
2022-08-30,108.77,2.68513,104.79604,3.72195,2.34644,8.93058,0.30067,15.53288
2022-08-31,108.7,2.60653,104.2896,4.14201,2.59762,8.82963,0.2952,15.53288
2022-09-01,109.69,2.66886,104.93039,4.4361,2.76396,8.80334,0.30316,17.85436
2022-09-02,109.53,2.63431,104.6907,4.51882,2.79583,8.80486,0.29919,17.85436
2022-09-06,110.21,2.71474,105.37519,4.48604,2.75547,8.85621,0.30653,17.85436
2022-09-07,109.84,2.76,105.96039,3.59593,2.19349,8.89044,0.31045,17.85436
2022-09-08,109.71,2.68933,105.42021,3.98861,2.42268,8.89984,0.30218,17.85436
2022-09-09,109.0,2.62062,104.82086,3.90951,2.36136,8.95415,0.29267,17.85436
2022-09-12,108.33,2.63285,104.91299,3.20508,1.92568,8.90888,0.29553,17.85436
2022-09-13,109.82,2.73436,105.74457,3.78162,2.26459,9.13695,0.29926,17.85436
2022-09-14,109.66,2.75279,105.93397,3.45687,2.06026,9.11927,0.30187,17.85436
2022-09-15,109.74,2.78482,106.34532,3.14224,1.86527,9.08245,0.30662,17.85436
2022-09-16,109.76,2.70258,105.67524,3.79256,2.2447,8.53248,0.31674,17.85436
2022-09-19,109.74,2.79547,106.49035,3.00595,1.77232,8.31989,0.336,17.85436
2022-09-20,110.22,2.68295,105.58075,4.30023,2.53183,8.32452,0.3223,17.85436
2022-09-21,110.64,2.73417,106.06158,4.22618,2.4765,8.31998,0.32863,17.85436
2022-09-22,111.35,2.72485,106.01698,4.90791,2.86492,8.38761,0.32487,17.85436
2022-09-23,113.19,2.76146,106.46566,6.12454,3.55198,8.90404,0.31014,17.85436
2022-09-26,114.1,2.78602,106.77497,6.63517,3.80579,8.97055,0.31057,17.85436
2022-09-27,114.11,2.79962,106.89407,6.53245,3.69813,8.9378,0.31323,17.85436
2022-09-28,112.6,2.65521,105.65244,6.36868,3.56025,9.36432,0.28355,17.85436
2022-09-29,112.25,2.73257,106.3875,5.36404,2.96363,9.3463,0.29237,17.85436
2022-09-30,112.12,2.89703,107.94122,3.79829,2.08147,9.3344,0.31036,17.85436
2022-10-03,111.75,2.84926,107.55693,3.82439,2.0886,9.05721,0.31458,19.33886
2022-10-04,110.07,2.92112,108.16336,1.74739,0.95065,9.54398,0.30607,19.33886
2022-10-05,111.07,2.91536,108.08168,2.72734,1.48343,9.69794,0.30062,19.33886
2022-10-06,112.26,2.88045,107.71197,4.13569,2.24471,9.89833,0.291,19.33886
2022-10-07,112.8,2.87671,107.57836,4.73968,2.5599,9.77734,0.29422,19.33886
2022-10-10,113.14,2.90105,107.89433,4.74737,2.54807,9.78822,0.29638,19.33886
2022-10-11,113.22,2.83732,107.41579,5.26256,2.80721,9.78179,0.29006,19.33886
2022-10-12,113.32,2.84396,107.60989,5.17031,2.73783,9.73705,0.29208,19.33886
2022-10-13,112.36,2.9868,108.94096,3.09019,1.62475,9.85746,0.303,19.33886
2022-10-14,113.31,3.02421,109.44987,3.46607,1.81775,9.87393,0.30628,19.33886
2022-10-17,112.04,2.97946,109.09256,2.66592,1.39362,10.06425,0.29604,19.33886
2022-10-18,112.13,2.91703,108.62897,3.17208,1.65508,10.04621,0.29036,19.33886
2022-10-19,112.98,2.92587,108.64962,3.90826,2.03371,10.12642,0.28893,19.33886
2022-10-20,112.88,2.94766,108.92482,3.56674,1.84855,10.11946,0.29129,19.33886
2022-10-21,112.01,2.84371,107.94224,3.69919,1.91076,10.24618,0.27754,19.33886
2022-10-24,111.99,2.90591,108.58202,3.09037,1.59055,10.17871,0.28549,19.33886
2022-10-25,110.95,2.86876,108.27721,2.43849,1.25192,10.26282,0.27953,19.33886
2022-10-26,109.7,2.84155,107.96856,1.59093,0.81555,10.53532,0.26972,19.33886
2022-10-27,110.59,2.81724,107.69237,2.65509,1.36032,10.59835,0.26582,19.33886
2022-10-28,110.67,2.92395,108.82405,1.68204,0.8603,10.55057,0.27714,19.33886
2022-10-31,111.53,2.98277,109.45213,1.88063,0.96117,10.55786,0.28252,19.33886
2022-11-01,111.48,3.03943,110.03916,1.30089,0.66428,10.55444,0.28798,15.9554
2022-11-02,111.35,3.10019,110.58927,0.68553,0.34995,10.42161,0.29748,15.9554
2022-11-03,112.93,3.14508,111.14147,1.59643,0.8153,10.63871,0.29563,15.9554
2022-11-04,110.88,3.04199,109.98987,0.80603,0.4114,11.30321,0.26913,15.9554
2022-11-07,110.12,3.0453,110.07143,0.04412,0.02252,11.40046,0.26712,15.9554
2022-11-08,109.62,2.97391,109.46049,0.14562,0.07431,11.20365,0.26544,15.9554
2022-11-09,110.55,2.91591,109.01249,1.40055,0.71474,11.30557,0.25792,15.9554
2022-11-10,108.21,2.77212,107.65424,0.51492,0.26266,12.10914,0.22893,15.9554
2022-11-11,106.29,2.66309,106.53247,-0.22786,-0.11624,12.5289,0.21256,15.9554
2022-11-14,106.66,2.74033,107.38038,-0.67313,-0.34347,12.54821,0.21838,15.9554
2022-11-15,106.4,2.69827,106.91466,-0.48254,-0.24622,12.55715,0.21488,15.9554
2022-11-16,106.28,2.69119,106.90861,-0.58973,-0.30098,12.43847,0.21636,15.9554
2022-11-17,106.69,2.78916,108.01771,-1.23677,-0.63124,12.39405,0.22504,15.9554
2022-11-18,106.93,2.89864,109.21256,-2.11217,-1.07771,12.28915,0.23587,15.9554
2022-11-21,107.84,2.87898,109.01934,-1.08767,-0.55441,12.39043,0.23236,15.9554
2022-11-22,107.22,2.83724,108.58049,-1.26089,-0.64268,12.44094,0.22806,15.9554
2022-11-23,106.08,2.81704,108.55767,-2.3088,-1.17674,12.61217,0.22336,15.9554
2022-11-25,105.96,2.74721,107.94181,-1.85306,-0.94347,12.59416,0.21813,15.9554
2022-11-28,106.68,2.80102,108.43168,-1.62866,-0.8291,12.67531,0.22098,15.9554
2022-11-29,106.82,2.88545,109.25299,-2.2521,-1.14656,12.6793,0.22757,15.9554
2022-11-30,105.95,2.75574,107.86441,-1.79077,-0.9117,12.77707,0.21568,15.9554
2022-12-01,104.73,2.71829,107.426,-2.54166,-1.2947,12.82211,0.212,12.66014
2022-12-02,104.55,2.71878,107.48778,-2.77117,-1.41111,12.82282,0.21203,12.66014
2022-12-05,105.29,2.82132,108.58198,-3.0787,-1.56651,12.84294,0.21968,12.66014
2022-12-06,105.58,2.78945,108.42703,-2.66085,-1.35236,12.8501,0.21708,12.66014
2022-12-07,105.1,2.7368,108.02834,-2.74814,-1.39601,12.87371,0.21259,12.66014
2022-12-08,104.77,2.76797,108.3548,-3.36436,-1.7074,12.82962,0.21575,12.66014
2022-12-09,104.81,2.70784,107.74091,-2.75802,-1.39752,12.7815,0.21186,12.66014
2022-12-12,105.13,2.76478,108.14121,-2.82402,-1.4302,12.47536,0.22162,12.66014
2022-12-13,103.98,2.64162,106.79225,-2.66867,-1.35059,12.64395,0.20892,12.66014
2022-12-14,103.77,2.64261,106.66042,-2.74733,-1.3911,12.64201,0.20903,12.66014
2022-12-15,104.56,2.51055,105.53033,-0.92373,-0.4677,12.75366,0.19685,12.66014
2022-12-16,104.7,2.29136,103.67817,0.98075,0.49755,12.76013,0.17957,12.66014
2022-12-19,104.72,2.39767,104.61397,0.10131,0.05146,12.71942,0.1885,12.66014
2022-12-20,103.97,2.34038,104.08477,-0.11033,-0.05612,12.74723,0.1836,12.66014
2022-12-21,104.16,2.30619,103.62971,0.51041,0.26006,12.67217,0.18199,12.66014
2022-12-22,104.43,2.27986,103.52024,0.87498,0.44662,12.19127,0.18701,12.66014
2022-12-23,104.31,2.31685,103.66883,0.61657,0.31542,12.04445,0.19236,12.66014
2022-12-27,104.18,2.31875,103.69298,0.46857,0.24046,12.0406,0.19258,12.66014
2022-12-28,104.46,2.30531,103.6683,0.76079,0.39151,11.82248,0.19499,12.66014
2022-12-29,103.84,2.3234,103.90135,-0.05907,-0.03048,11.85485,0.19599,12.66014
2022-12-30,103.52,2.35173,103.92165,-0.38724,-0.20053,11.8606,0.19828,12.66014
2023-01-03,104.52,2.35697,104.28601,0.22411,0.11645,12.05027,0.1956,10.46832
2023-01-04,104.25,2.36859,104.71275,-0.4429,-0.2308,11.71055,0.20226,10.46832
2023-01-05,105.04,2.41632,105.11348,-0.06993,-0.03652,11.66287,0.20718,10.46832
2023-01-06,103.88,2.22215,103.30611,0.55399,0.28977,11.59939,0.19157,10.46832
2023-01-09,103.0,2.21315,103.18491,-0.17936,-0.09401,11.62348,0.1904,10.46832
2023-01-10,103.24,2.22158,103.1805,0.05765,0.03027,11.61366,0.19129,10.46832
2023-01-11,103.19,2.20225,102.83014,0.34935,0.18394,11.60709,0.18973,10.46832
2023-01-12,102.25,2.16352,102.27263,-0.02213,-0.01167,11.69747,0.18496,10.46832
2023-01-13,102.2,2.27932,103.1985,-0.97226,-0.51372,11.61554,0.19623,10.46832
2023-01-17,102.39,2.23736,102.81395,-0.4132,-0.21866,11.46078,0.19522,10.46832
2023-01-18,102.36,2.23147,102.8901,-0.51654,-0.27398,11.29367,0.19759,10.46832
2023-01-19,102.06,2.19157,102.44343,-0.37499,-0.19938,11.28831,0.19414,10.46832
2023-01-20,102.01,2.18733,102.24696,-0.23202,-0.12366,11.14,0.19635,10.46832
2023-01-23,102.14,2.25224,102.78462,-0.62913,-0.33621,11.15416,0.20192,10.46832
2023-01-24,101.92,2.14587,101.92865,-0.00849,-0.00455,11.08471,0.19359,10.46832
2023-01-25,101.64,2.20504,102.4396,-0.78362,-0.42158,11.08421,0.19894,10.46832
2023-01-26,101.84,2.22775,102.46708,-0.61387,-0.33133,10.99134,0.20268,10.46832
2023-01-27,101.93,2.21296,102.36281,-0.42372,-0.22919,10.81099,0.20469,10.46832
2023-01-30,102.28,2.21599,102.68246,-0.39272,-0.21271,10.68861,0.20732,10.46832
2023-01-31,102.1,2.20626,102.5788,-0.46786,-0.25367,10.68161,0.20655,10.46832
2023-02-01,101.22,2.07553,101.40032,-0.17799,-0.09654,10.62206,0.1954,10.72315
2023-02-02,101.75,2.16476,102.35881,-0.59655,-0.32381,10.70596,0.2022,10.72315
2023-02-03,102.92,2.37414,104.44724,-1.47301,-0.80016,11.0117,0.2156,10.72315
2023-02-06,103.62,2.47032,105.33296,-1.6396,-0.89144,10.69013,0.23108,10.72315
2023-02-07,103.43,2.47801,105.02248,-1.52794,-0.83146,10.12076,0.24484,10.72315
2023-02-08,103.41,2.38431,104.11928,-0.68355,-0.37234,10.05384,0.23715,10.72315
2023-02-09,103.22,2.44633,104.86447,-1.58061,-0.86187,10.02948,0.24391,10.72315
2023-02-10,103.63,2.4094,104.30743,-0.65158,-0.35548,9.89785,0.24343,10.72315
2023-02-13,103.35,2.39047,104.08703,-0.71061,-0.38782,8.99971,0.26562,10.72315
2023-02-14,103.23,2.41073,104.19546,-0.9309,-0.50843,8.29666,0.29057,10.72315
2023-02-15,103.92,2.43283,104.31702,-0.38132,-0.20849,8.38219,0.29024,10.72315
2023-02-16,103.86,2.4038,104.31511,-0.43724,-0.23947,8.37215,0.28712,10.72315
2023-02-17,103.86,2.40687,104.54018,-0.65277,-0.358,8.37111,0.28752,10.72315
2023-02-21,104.18,2.39562,104.76874,-0.56353,-0.30933,8.35668,0.28667,10.72315
2023-02-22,104.59,2.40971,105.09399,-0.48072,-0.26453,8.38485,0.28739,10.72315
2023-02-23,104.6,2.41602,104.82865,-0.21836,-0.12027,8.19163,0.29494,10.72315
2023-02-24,105.21,2.43442,104.96331,0.23475,0.12943,8.21555,0.29632,10.72315
2023-02-27,104.67,2.42085,104.82517,-0.14814,-0.08181,8.00268,0.3025,10.72315
2023-02-28,104.87,2.34968,103.9877,0.84489,0.46735,8.01158,0.29329,10.72315
2023-03-01,104.48,2.411,104.48009,-8e-05,-4e-05,7.91672,0.30455,11.0946
2023-03-02,105.03,2.42303,104.39246,0.60886,0.33697,7.9888,0.3033,11.0946
2023-03-03,104.52,2.36913,103.62129,0.86356,0.47791,7.88231,0.30056,11.0946
2023-03-06,104.35,2.32775,103.23665,1.07267,0.59362,7.54302,0.3086,11.0946
2023-03-07,105.62,2.47561,105.0434,0.54742,0.30288,7.91623,0.31273,11.0946
2023-03-08,105.66,2.50286,105.29019,0.35062,0.194,7.79163,0.32122,11.0946
2023-03-09,105.31,2.37022,104.71581,0.56583,0.31307,7.80085,0.30384,11.0946
2023-03-10,104.58,2.25464,103.81938,0.72997,0.40385,7.87174,0.28642,11.0946
2023-03-13,103.6,1.96866,101.6982,1.85277,1.02489,8.06844,0.244,11.0946
2023-03-14,103.6,1.92763,101.40003,2.14639,1.18617,8.06772,0.23893,11.0946
2023-03-15,104.65,2.00756,102.88,1.70583,0.94182,8.30164,0.24183,11.0946
2023-03-16,104.42,2.17567,103.88893,0.50988,0.28136,8.01241,0.27154,11.0946
2023-03-17,103.71,1.92902,102.23684,1.43064,0.78954,8.12009,0.23756,11.0946
2023-03-20,103.28,2.11756,103.67091,-0.37778,-0.20844,8.01261,0.26428,11.0946
2023-03-21,103.26,2.22131,104.01925,-0.73258,-0.4042,8.00655,0.27744,11.0946
2023-03-22,102.35,1.8608,100.76937,1.55639,0.8586,8.18985,0.22721,11.0946
2023-03-23,102.53,1.78525,100.25967,2.2392,1.23438,8.08158,0.2209,11.0946
2023-03-24,103.12,1.93016,101.53075,1.55317,0.85491,8.15936,0.23656,11.0946
2023-03-27,102.86,1.97107,101.3422,1.48659,0.81777,8.15345,0.24175,11.0946
2023-03-28,102.43,2.0432,101.82252,0.59484,0.32702,8.18981,0.24948,11.0946
2023-03-29,102.64,2.06086,101.8874,0.73594,0.40457,8.20064,0.2513,11.0946
2023-03-30,102.14,1.97957,101.04007,1.08272,0.59514,8.23071,0.24051,11.0946
2023-03-31,102.51,1.9779,100.92009,1.56313,0.85897,8.18865,0.24154,11.0946
2023-04-03,102.09,1.87612,99.42742,2.64268,1.45115,8.20574,0.22864,9.95911
2023-04-04,101.59,1.73651,98.30684,3.28515,1.8003,8.01004,0.21679,9.95911
2023-04-05,101.85,1.7948,98.82645,3.01358,1.64625,8.02035,0.22378,9.95911
2023-04-06,101.82,1.85349,99.22382,2.58284,1.40731,7.85733,0.23589,9.95911
2023-04-10,102.58,2.03349,101.00343,1.54886,0.84239,7.71337,0.26363,9.95911
2023-04-11,102.2,1.94165,100.06626,2.10991,1.1468,7.56157,0.25678,9.95911
2023-04-12,101.5,1.80712,98.71994,2.77718,1.50757,7.66354,0.23581,9.95911
2023-04-13,101.01,1.8293,98.85749,2.15403,1.16674,7.7178,0.23702,9.95911
2023-04-14,101.55,1.87032,99.08545,2.45687,1.3294,7.58814,0.24648,9.95911
2023-04-17,102.1,1.95156,99.95933,2.11893,1.14493,7.66719,0.25453,9.95911
2023-04-18,101.75,1.95582,99.99436,1.74051,0.93967,7.68766,0.25441,9.95911
2023-04-19,101.97,1.94653,100.05176,1.8991,1.02493,7.70079,0.25277,9.95911
2023-04-20,101.84,1.87841,99.81988,2.00356,1.08094,7.68274,0.2445,9.95911
2023-04-21,101.82,1.9011,99.90933,1.89435,1.02192,7.68226,0.24747,9.95911
2023-04-24,101.35,1.82902,99.19376,2.15048,1.15976,7.73205,0.23655,9.95911
2023-04-25,101.86,1.65491,98.19691,3.66246,1.97431,7.78835,0.21249,9.95911
2023-04-26,101.47,1.75199,99.43166,2.02926,1.09035,7.80687,0.22442,9.95911
2023-04-27,101.5,1.877,100.19951,1.28955,0.69233,7.79669,0.24074,9.95911
2023-04-28,101.67,1.90116,100.08935,1.5669,0.84131,7.80215,0.24367,9.95911
2023-05-01,102.15,2.00116,101.06292,1.0699,0.57426,7.82948,0.25559,10.54026
2023-05-02,101.96,1.82281,100.2516,1.68975,0.90694,7.83041,0.23279,10.54026
2023-05-03,101.34,1.84648,100.94957,0.38601,0.20714,7.73189,0.23881,10.54026
2023-05-04,101.4,1.71273,99.98368,1.40661,0.75551,7.66036,0.22358,10.54026
2023-05-05,101.21,1.92449,101.10823,0.1006,0.05409,7.30326,0.26351,10.54026
2023-05-08,101.37,1.95272,101.1046,0.26216,0.14125,7.17229,0.27226,10.54026
2023-05-09,101.64,1.95771,101.1964,0.4374,0.23608,7.19073,0.27226,10.54026
2023-05-10,101.48,1.89764,100.68474,0.78675,0.42526,7.19539,0.26373,10.54026
2023-05-11,102.06,1.92898,101.16192,0.88385,0.47821,7.28717,0.26471,10.54026
2023-05-12,102.68,1.97854,101.73924,0.92042,0.49853,7.3473,0.26929,10.54026
2023-05-15,102.43,1.96412,101.48907,0.92285,0.50104,7.3437,0.26746,10.54026
2023-05-16,102.56,2.02165,102.19467,0.35685,0.1942,7.34607,0.2752,10.54026
2023-05-17,102.88,2.05314,102.01185,0.84743,0.46272,7.24689,0.28331,10.54026
2023-05-18,103.58,2.10877,102.52441,1.02434,0.56085,7.3779,0.28582,10.54026
2023-05-19,103.2,2.09446,102.58952,0.59331,0.32542,7.41356,0.28252,10.54026
2023-05-22,103.2,2.12086,102.84658,0.34304,0.18864,7.38545,0.28717,10.54026
2023-05-23,103.49,2.04238,102.25555,1.19999,0.66089,7.36365,0.27736,10.54026
2023-05-24,103.89,2.1258,103.02866,0.83255,0.45896,7.40743,0.28698,10.54026
2023-05-25,104.21,2.26572,104.4648,-0.24421,-0.13478,7.33835,0.30875,10.54026
2023-05-26,104.21,2.27366,104.24374,-0.03237,-0.0179,7.26783,0.31284,10.54026
2023-05-30,104.17,2.24899,104.44959,-0.26804,-0.14842,7.25692,0.30991,10.54026
2023-05-31,104.32,2.29672,105.10087,-0.74575,-0.41332,7.22566,0.31786,10.54026
2023-06-01,103.56,2.24551,103.96837,-0.39356,-0.21828,7.28946,0.30805,10.89211
2023-06-02,104.02,2.34686,104.39297,-0.35792,-0.19878,7.28594,0.32211,10.89211
2023-06-05,104.0,2.22475,103.23858,0.73482,0.40852,7.27917,0.30563,10.89211
2023-06-06,104.13,2.3012,103.8333,0.28534,0.15885,6.8541,0.33574,10.89211
2023-06-07,104.1,2.32008,103.91286,0.17993,0.10026,6.85301,0.33855,10.89211
2023-06-08,103.34,2.27946,103.64208,-0.29189,-0.16274,6.97217,0.32694,10.89211
2023-06-09,103.56,2.32163,104.23117,-0.64601,-0.36039,6.8554,0.33866,10.89211
2023-06-12,103.63,2.3014,104.74009,-1.06551,-0.59469,6.59348,0.34904,10.89211
2023-06-13,103.34,2.38119,104.97896,-1.57355,-0.87838,6.61734,0.35984,10.89211
2023-06-14,103.01,2.41222,105.2393,-2.14107,-1.19445,6.31782,0.38181,10.89211
2023-06-15,102.12,2.24797,103.49466,-1.33714,-0.74513,6.52837,0.34434,10.89211
2023-06-16,102.3,2.27606,103.3704,-1.04089,-0.57981,6.40725,0.35523,10.89211
2023-06-20,102.54,2.24629,103.27268,-0.71199,-0.39649,6.37667,0.35227,10.89211
2023-06-21,102.07,2.22382,102.72952,-0.64407,-0.35863,6.43932,0.34535,10.89211
2023-06-22,102.39,2.27768,103.55548,-1.13184,-0.63017,6.22615,0.36582,10.89211
2023-06-23,102.9,2.30384,103.93853,-1.0042,-0.5589,6.2956,0.36594,10.89211
2023-06-26,102.69,2.24612,103.55492,-0.83873,-0.46667,6.20187,0.36217,10.89211
2023-06-27,102.49,2.34025,104.54524,-1.98547,-1.10448,6.19366,0.37785,10.89211
2023-06-28,102.91,2.2877,103.69933,-0.76408,-0.42457,6.1905,0.36955,10.89211
2023-06-29,103.34,2.40869,104.73204,-1.33806,-0.7435,6.23239,0.38648,10.89211
2023-06-30,102.91,2.38947,104.46398,-1.49875,-0.83242,6.21076,0.38473,10.89211
2023-07-03,102.99,2.45075,105.01147,-1.94377,-1.07895,6.17162,0.3971,9.60165
2023-07-05,103.37,2.47216,105.02602,-1.58933,-0.88126,6.15378,0.40173,9.60165
2023-07-06,103.17,2.41947,104.85884,-1.62369,-0.89963,6.0818,0.39782,9.60165
2023-07-07,102.27,2.4045,104.28368,-1.94986,-1.07949,6.32342,0.38025,9.60165
2023-07-10,101.97,2.31205,103.61808,-1.60332,-0.88664,6.35157,0.36401,9.60165
2023-07-11,101.73,2.32289,103.39995,-1.62822,-0.89979,6.18685,0.37546,9.60165
2023-07-12,100.52,2.17161,101.64585,-1.1138,-0.61504,6.58818,0.32962,9.60165
2023-07-13,99.77,2.11914,101.03517,-1.26012,-0.69558,6.61441,0.32038,9.60165
2023-07-14,99.91,2.28004,102.52091,-2.5797,-1.42333,6.55682,0.34774,9.60165
2023-07-17,99.84,2.25601,102.49719,-2.62665,-1.44697,6.46124,0.34916,9.60165
2023-07-18,99.94,2.34705,103.03368,-3.04859,-1.67615,6.36347,0.36883,9.60165
2023-07-19,100.28,2.33653,103.05448,-2.72915,-1.4964,6.37508,0.36651,9.60165
2023-07-20,100.88,2.31971,102.91459,-1.99678,-1.09245,6.47769,0.35811,9.60165
2023-07-21,101.07,2.36977,103.00752,-1.89887,-1.0377,6.48657,0.36533,9.60165
2023-07-24,101.35,2.40642,103.16297,-1.77301,-0.96789,6.51218,0.36953,9.60165
2023-07-25,101.35,2.4367,103.26302,-1.86995,-1.01996,6.4461,0.37801,9.60165
2023-07-26,100.89,2.34504,102.33985,-1.42684,-0.77752,6.4273,0.36486,9.60165
2023-07-27,101.77,2.50744,103.91164,-2.08256,-1.1343,6.6205,0.37874,9.60165
2023-07-28,101.62,2.44743,102.93421,-1.28497,-0.69901,6.62726,0.3693,9.60165
2023-07-31,101.86,2.46756,103.10473,-1.21459,-0.66064,6.63563,0.37187,9.60165
2023-08-01,102.3,2.4901,103.45984,-1.12738,-0.61309,6.62465,0.37588,10.80944
2023-08-02,102.59,2.5102,104.48859,-1.83375,-0.99716,6.63684,0.37822,10.80944
2023-08-03,102.54,2.54681,104.47972,-1.874,-1.01843,6.51769,0.39075,10.80944
2023-08-04,102.02,2.37594,103.17678,-1.1275,-0.61212,6.60167,0.3599,10.80944
2023-08-07,102.05,2.39652,103.10092,-1.02454,-0.55607,6.58957,0.36368,10.80944
2023-08-08,102.53,2.43606,103.38292,-0.82844,-0.44951,6.64655,0.36652,10.80944
2023-08-09,102.49,2.44771,103.2877,-0.77531,-0.42059,6.62827,0.36928,10.80944
2023-08-10,102.52,2.46711,103.56464,-1.01381,-0.54989,6.61924,0.37272,10.80944
2023-08-11,102.84,2.51255,103.59012,-0.72676,-0.39409,6.55123,0.38352,10.80944
2023-08-14,103.19,2.55638,104.02985,-0.81059,-0.43951,6.47444,0.39484,10.80944
2023-08-15,103.21,2.46933,103.93705,-0.70197,-0.38059,6.45423,0.38259,10.80944
2023-08-16,103.42,2.54214,104.8393,-1.36304,-0.73947,6.46157,0.39342,10.80944
2023-08-17,103.44,2.49464,104.62919,-1.14308,-0.62017,6.43311,0.38778,10.80944
2023-08-18,103.38,2.54478,104.80088,-1.36506,-0.7406,6.28858,0.40467,10.80944
2023-08-21,103.33,2.53261,104.68832,-1.30598,-0.70828,6.24564,0.4055,10.80944
2023-08-22,103.56,2.57931,105.09564,-1.47196,-0.79796,6.26116,0.41195,10.80944
2023-08-23,103.36,2.59736,105.0664,-1.63745,-0.88712,6.24826,0.41569,10.80944
2023-08-24,103.98,2.61696,105.55584,-1.50415,-0.81441,6.31587,0.41435,10.80944
2023-08-25,104.08,2.63454,105.09052,-0.96622,-0.52281,6.28831,0.41896,10.80944
2023-08-28,104.06,2.57014,104.35129,-0.27954,-0.15121,6.2884,0.40871,10.80944
2023-08-29,103.55,2.42929,102.80961,0.71757,0.38817,6.36376,0.38174,10.80944
2023-08-30,103.16,2.48788,103.06772,0.08949,0.0484,6.39799,0.38885,10.80944
2023-08-31,103.62,2.4811,102.7723,0.82146,0.4443,6.29652,0.39404,10.80944
2023-09-01,104.24,2.53329,102.83062,1.36127,0.7362,6.34757,0.3991,12.09707
2023-09-05,104.81,2.5563,103.17304,1.57416,0.85098,6.43917,0.39699,12.09707
2023-09-06,104.86,2.59279,103.57474,1.23327,0.66623,6.43553,0.40289,12.09707
2023-09-07,105.06,2.49447,102.82983,2.14561,1.15894,6.44495,0.38704,12.09707
2023-09-08,105.09,2.55476,103.07977,1.9314,1.04226,6.26345,0.40788,12.09707
2023-09-11,104.57,2.54163,102.98225,1.53,0.82484,6.33784,0.40103,12.09707
2023-09-12,104.71,2.53685,102.92449,1.7199,0.92666,6.34144,0.40004,12.09707
2023-09-13,104.77,2.48578,102.29858,2.38717,1.28509,6.31312,0.39375,12.09707
2023-09-14,105.41,2.52553,102.22543,3.0677,1.64877,6.38176,0.39574,12.09707
2023-09-15,105.32,2.50128,102.36721,2.84369,1.52431,6.11752,0.40887,12.09707
2023-09-18,105.2,2.48934,102.3028,2.79262,1.4941,6.12053,0.40672,12.09707
2023-09-19,105.2,2.50039,102.46972,2.62959,1.40409,6.1089,0.4093,12.09707
2023-09-20,105.16,2.55681,103.36839,1.71838,0.91576,6.02627,0.42428,12.09707
2023-09-21,105.36,2.54531,103.93259,1.36406,0.72635,6.00923,0.42357,12.09707
2023-09-22,105.58,2.5444,103.85451,1.6478,0.87714,5.94855,0.42773,12.09707
2023-09-25,106.0,2.52347,103.6119,2.27869,1.21219,5.96937,0.42274,12.09707
2023-09-26,106.23,2.4825,103.67131,2.43812,1.29513,5.95739,0.41671,12.09707
2023-09-27,106.67,2.55434,103.83976,2.6891,1.42641,5.95844,0.42869,12.09707
2023-09-28,106.22,2.42596,102.70093,3.36912,1.78396,5.98883,0.40508,12.09707
2023-09-29,106.17,2.49542,103.36063,2.68175,1.41604,5.91848,0.42163,12.09707
2023-10-02,106.9,2.5721,104.58587,2.18854,1.15357,6.05343,0.4249,13.19029
2023-10-03,107.0,2.60783,105.34804,1.55593,0.81952,6.02126,0.4331,13.19029
2023-10-04,106.8,2.48133,104.63354,2.04938,1.07943,6.02017,0.41217,13.19029
2023-10-05,106.33,2.52278,105.20557,1.06312,0.55975,5.80572,0.43453,13.19029
2023-10-06,106.04,2.58549,105.46705,0.54178,0.28543,5.80073,0.44572,13.19029
2023-10-09,106.08,2.62608,105.43825,0.60681,0.32007,5.76937,0.45518,13.19029
2023-10-10,105.83,2.50727,104.31312,1.44369,0.76247,5.20711,0.48151,13.19029
2023-10-11,105.82,2.52927,104.52085,1.2353,0.65264,4.93034,0.513,13.19029
2023-10-12,106.57,2.57579,105.05966,1.42737,0.75481,5.07986,0.50706,13.19029
2023-10-13,106.65,2.58901,105.15497,1.41173,0.74701,5.06811,0.51084,13.19029
2023-10-16,106.24,2.61023,105.04457,1.13159,0.59912,5.16197,0.50567,13.19029
2023-10-17,106.25,2.64847,105.5139,0.69521,0.36862,5.1411,0.51516,13.19029
2023-10-18,106.57,2.6397,105.53221,0.97858,0.51962,5.0564,0.52205,13.19029
2023-10-19,106.25,2.56307,105.17119,1.02054,0.54255,5.11093,0.50149,13.19029
2023-10-20,106.16,2.56177,105.24933,0.86153,0.45839,5.10532,0.50178,13.19029
2023-10-23,105.54,2.51383,104.84908,0.6568,0.34992,5.27135,0.47689,13.19029
2023-10-24,106.27,2.52757,104.90891,1.28905,0.68774,5.30986,0.47602,13.19029
2023-10-25,106.53,2.58326,105.41531,1.05187,0.5613,5.07593,0.50892,13.19029
2023-10-26,106.6,2.55557,105.5491,0.99072,0.52874,5.05624,0.50543,13.19029
2023-10-27,106.56,2.5398,105.19932,1.28514,0.68702,5.05065,0.50287,13.19029
2023-10-30,106.12,2.58297,105.68808,0.40785,0.21823,5.08875,0.50758,13.19029
2023-10-31,106.66,2.64986,105.96049,0.65799,0.35266,5.14853,0.51468,13.19029
2023-11-01,106.88,2.53787,104.9923,1.78197,0.95615,5.15152,0.49264,10.76586
2023-11-02,106.12,2.59042,104.86839,1.18644,0.63707,5.2597,0.4925,10.76586
2023-11-03,105.02,2.44033,103.54095,1.41836,0.76271,5.70478,0.42777,10.76586
2023-11-06,105.22,2.50066,104.0607,1.1079,0.59589,5.64756,0.44279,10.76586
2023-11-07,105.54,2.47382,104.29582,1.18587,0.63826,5.66934,0.43635,10.76586
2023-11-08,105.59,2.51816,104.91914,0.63737,0.34314,5.66923,0.44418,10.76586
2023-11-09,105.91,2.60857,105.95477,-0.04226,-0.02279,5.66754,0.46026,10.76586
2023-11-10,105.86,2.58062,105.14907,0.67384,0.36375,5.63898,0.45764,10.76586
2023-11-13,105.66,2.54233,104.80443,0.81303,0.4396,5.65755,0.44937,10.76586
2023-11-14,104.11,2.36841,102.98881,1.08277,0.58674,6.40652,0.36969,10.76586
2023-11-15,104.39,2.50481,104.47589,-0.08224,-0.04464,6.42726,0.38972,10.76586
2023-11-16,104.37,2.46815,104.73492,-0.34903,-0.1897,6.42595,0.38409,10.76586
2023-11-17,103.82,2.53054,104.68157,-0.82644,-0.4498,6.5163,0.38834,10.76586
2023-11-20,103.47,2.50345,104.03575,-0.54528,-0.29692,6.53749,0.38294,10.76586
2023-11-21,103.59,2.48295,103.79393,-0.19667,-0.10725,6.52984,0.38025,10.76586
2023-11-22,103.92,2.52138,104.06312,-0.13763,-0.07519,6.44974,0.39093,10.76586
2023-11-24,103.4,2.48983,103.82457,-0.40977,-0.22386,6.52356,0.38167,10.76586
2023-11-27,103.2,2.44649,103.57611,-0.36379,-0.1988,6.53384,0.37443,10.76586
2023-11-28,102.75,2.38794,102.75672,-0.00654,-0.00357,6.51857,0.36633,10.76586
2023-11-29,102.77,2.39656,102.71754,0.05105,0.02792,6.47643,0.37004,10.76586
2023-11-30,103.5,2.4753,103.47443,0.02471,0.01353,6.57147,0.37667,10.76586
2023-12-01,103.27,2.39053,103.14595,0.12019,0.06586,6.47174,0.36938,8.68557
2023-12-04,103.64,2.52322,104.70626,-1.02356,-0.56104,6.41636,0.39325,8.68557
2023-12-05,104.05,2.45846,104.12479,-0.07185,-0.03937,6.46812,0.38009,8.68557
2023-12-06,104.15,2.48078,104.85765,-0.67715,-0.37106,6.45883,0.38409,8.68557
2023-12-07,103.54,2.47383,104.85761,-1.26453,-0.69284,6.55912,0.37716,8.68557
2023-12-08,104.01,2.54199,104.94541,-0.89532,-0.49041,6.55588,0.38774,8.68557
2023-12-11,104.1,2.54776,105.06531,-0.92302,-0.50555,6.55239,0.38883,8.68557
2023-12-12,103.87,2.56888,105.51471,-1.57103,-0.86032,6.56455,0.39133,8.68557
2023-12-13,102.87,2.31628,102.94189,-0.06985,-0.03823,6.71222,0.34508,8.68557
2023-12-14,101.96,2.29509,102.46947,-0.49843,-0.27286,6.92379,0.33148,8.68557
2023-12-15,102.55,2.36922,103.10412,-0.53889,-0.29501,7.03544,0.33676,8.68557
2023-12-18,102.51,2.35642,102.86098,-0.3418,-0.1871,7.03496,0.33496,8.68557
2023-12-19,102.17,2.36838,102.7637,-0.57941,-0.31717,7.059,0.33551,8.68557
2023-12-20,102.41,2.32183,102.64199,-0.22627,-0.12389,7.06562,0.32861,8.68557
2023-12-21,101.84,2.33936,102.84392,-0.98096,-0.53732,7.11994,0.32856,8.68557
2023-12-22,101.7,2.36129,102.87754,-1.15121,-0.63069,7.06134,0.3344,8.68557
2023-12-26,101.47,2.30749,102.03482,-0.55509,-0.30425,7.04489,0.32754,8.68557
2023-12-27,100.99,2.25063,101.49084,-0.49471,-0.27133,7.01956,0.32062,8.68557
2023-12-28,101.23,2.32114,102.35639,-1.10656,-0.6075,7.01532,0.33087,8.68557
2023-12-29,101.33,2.27132,102.06257,-0.72035,-0.39555,7.02385,0.32337,8.68557
2024-01-02,102.2,2.36984,103.45574,-1.22123,-0.67134,7.10613,0.33349,9.17853
2024-01-03,102.46,2.36323,103.29369,-0.81038,-0.44599,7.12849,0.33152,9.17853
2024-01-04,102.42,2.37387,103.5237,-1.07186,-0.59002,7.12466,0.33319,9.17853
2024-01-05,102.41,2.33097,102.64499,-0.22919,-0.12617,7.0846,0.32902,9.17853
2024-01-08,102.21,2.30303,102.6805,-0.45927,-0.25288,7.07679,0.32543,9.17853
2024-01-09,102.57,2.30703,102.36838,0.19676,0.10834,7.12181,0.32394,9.17853
2024-01-10,102.36,2.30256,102.4189,-0.05752,-0.03168,7.11885,0.32345,9.17853
2024-01-11,102.29,2.20521,101.2794,0.99289,0.54693,7.11836,0.30979,9.17853
2024-01-12,102.4,2.11885,100.41844,1.95408,1.07613,6.9574,0.30455,9.17853
2024-01-16,103.36,2.16967,101.32193,1.99152,1.09551,7.23299,0.29997,9.17853
2024-01-17,103.45,2.20208,102.02128,1.39069,0.76426,7.20558,0.30561,9.17853
2024-01-18,103.54,2.19135,101.5326,1.95781,1.07561,7.20951,0.30395,9.17853
2024-01-19,103.29,2.25568,101.97163,1.28459,0.70544,7.1866,0.31387,9.17853
2024-01-22,103.33,2.2494,101.65511,1.63419,0.89789,7.17044,0.3137,9.17853
2024-01-23,103.62,2.1673,100.72998,2.8287,1.55477,7.19916,0.30105,9.17853
2024-01-24,103.24,2.19557,101.15859,2.03669,1.1185,7.14473,0.3073,9.17853
2024-01-25,103.57,2.1906,100.88078,2.63083,1.44583,7.02965,0.31162,9.17853
2024-01-26,103.47,2.25969,101.31703,2.10272,1.1545,7.00646,0.32252,9.17853
2024-01-29,103.61,2.25297,101.5535,2.00481,1.09964,7.01235,0.32129,9.17853
2024-01-30,103.4,2.32683,102.09135,1.2737,0.69803,7.01941,0.33149,9.17853
2024-01-31,103.27,2.27221,102.10974,1.12987,0.61906,6.98192,0.32544,9.17853
2024-02-01,103.05,2.20551,101.79151,1.22876,0.67322,6.89914,0.31968,9.61323
2024-02-02,103.92,2.28675,102.76335,1.11926,0.6134,7.11015,0.32162,9.61323
2024-02-05,104.45,2.33977,103.10361,1.2974,0.71114,7.06278,0.33128,9.61323
2024-02-06,104.18,2.26445,102.10481,2.01203,1.10284,6.77222,0.33437,9.61323
2024-02-07,104.04,2.29839,102.25863,1.72703,0.94617,6.76379,0.33981,9.61323
2024-02-08,104.15,2.30351,101.9481,2.13684,1.17073,6.73707,0.34192,9.61323
2024-02-09,104.08,2.28073,101.72718,2.28653,1.25935,6.73624,0.33858,9.61323
2024-02-12,104.17,2.26476,101.97068,2.13389,1.1774,6.7076,0.33764,9.61323
2024-02-13,104.96,2.40874,103.7808,1.12983,0.62563,6.88715,0.34974,9.61323
2024-02-14,104.72,2.30562,102.56469,2.07964,1.15749,6.89174,0.33455,9.61323
2024-02-15,104.3,2.32374,102.43371,1.80556,1.00814,6.27096,0.37056,9.61323
2024-02-16,104.28,2.34423,102.60968,1.61473,0.90668,6.24777,0.37521,9.61323
2024-02-20,104.08,2.32339,102.98258,1.06,0.59841,6.25929,0.37119,9.61323
2024-02-21,104.01,2.34939,103.08792,0.89049,0.50583,6.1697,0.38079,9.61323
2024-02-22,103.96,2.36206,102.83608,1.08699,0.62203,6.13179,0.38522,9.61323
2024-02-23,103.94,2.35767,102.81428,1.08896,0.62567,6.12804,0.38474,9.61323
2024-02-26,103.83,2.33583,102.49529,1.29381,0.74674,6.09869,0.383,9.61323
2024-02-27,103.83,2.3403,102.2564,1.52716,0.88479,6.01337,0.38918,9.61323
2024-02-28,103.98,2.27769,101.89425,2.02631,1.17665,6.00562,0.37926,9.61323
2024-02-29,104.16,2.281,101.77707,2.31434,1.3462,5.94388,0.38376,9.61323
2024-03-01,103.86,2.1842,100.91428,2.87724,1.6748,5.97615,0.36549,9.76069
2024-03-04,103.83,2.27041,101.87421,1.90162,1.10542,5.80919,0.39083,9.76069
2024-03-05,103.8,2.22311,101.96592,1.78274,1.03616,5.79124,0.38387,9.76069
2024-03-06,103.37,2.23494,101.95681,1.37655,0.79994,5.80788,0.38481,9.76069
2024-03-07,102.82,2.17944,101.50961,1.28264,0.74872,5.84533,0.37285,9.76069
2024-03-08,102.74,2.21997,102.06292,0.66121,0.38697,5.84178,0.38002,9.76069
2024-03-11,102.87,2.22644,102.26793,0.587,0.34407,5.73425,0.38827,9.76069
2024-03-12,102.96,2.26698,102.12698,0.81236,0.47851,5.66036,0.4005,9.76069
2024-03-13,102.79,2.29943,102.05967,0.71304,0.42275,5.66421,0.40596,9.76069
2024-03-14,103.36,2.34286,102.45763,0.87687,0.52513,5.76326,0.40652,9.76069
2024-03-15,103.43,2.35788,102.59442,0.81115,0.48917,5.42462,0.43466,9.76069
2024-03-18,103.58,2.37115,102.48226,1.06545,0.64632,5.11484,0.46358,9.76069
2024-03-19,103.81,2.34042,102.02212,1.73726,1.05995,5.00724,0.46741,9.76069
2024-03-20,103.41,2.24333,101.19996,2.16033,1.3241,5.07139,0.44235,9.76069
2024-03-21,104.0,2.28941,101.54522,2.38866,1.4671,5.14119,0.44531,9.76069
2024-03-22,104.43,2.29743,101.73423,2.61531,1.60706,5.1824,0.44331,9.76069
2024-03-25,104.23,2.22391,101.14372,3.00576,1.84962,5.06354,0.4392,9.76069
2024-03-26,104.29,2.24288,101.40188,2.80839,1.73012,5.05125,0.44402,9.76069
2024-03-27,104.35,2.264,101.44958,2.81887,1.74138,5.02224,0.4508,9.76069
2024-03-28,104.55,2.31224,101.79479,2.67065,1.65309,4.91824,0.47014,9.76069
2024-04-01,105.02,2.44244,103.01247,1.93007,1.19939,4.96794,0.49164,10.87768
2024-04-02,104.82,2.4064,102.96423,1.7863,1.1194,4.99203,0.48205,10.87768
2024-04-03,104.25,2.3746,102.64695,1.54964,0.97741,4.86246,0.48835,10.87768
2024-04-04,104.12,2.36909,103.11969,0.96538,0.61442,4.851,0.48837,10.87768
2024-04-05,104.3,2.42346,103.40362,0.86314,0.55532,4.85803,0.49886,10.87768
2024-04-08,104.14,2.45813,103.50306,0.6135,0.39822,4.87117,0.50463,10.87768
2024-04-09,104.15,2.41978,103.26569,0.8527,0.55876,4.85039,0.49888,10.87768
2024-04-10,105.25,2.61111,104.82232,0.40717,0.26946,5.22582,0.49965,10.87768
2024-04-11,105.28,2.55591,104.22789,1.00437,0.66835,5.20198,0.49133,10.87768
2024-04-12,106.04,2.57644,105.00158,0.9841,0.65751,5.36829,0.47994,10.87768
2024-04-15,106.21,2.60974,105.75581,0.42855,0.28794,5.37133,0.48586,10.87768
2024-04-16,106.26,2.62747,105.70582,0.5229,0.35274,5.06834,0.51841,10.87768
2024-04-17,105.95,2.57727,105.51284,0.41346,0.2808,5.11179,0.50418,10.87768
2024-04-18,106.15,2.61848,105.78986,0.33985,0.23279,5.11979,0.51144,10.87768
2024-04-19,106.15,2.58062,105.67666,0.44691,0.30914,5.08854,0.50714,10.87768
2024-04-22,106.08,2.60325,105.44153,0.6037,0.42183,5.09324,0.51112,10.87768
2024-04-23,105.69,2.49673,104.24686,1.37486,0.96841,5.13477,0.48624,10.87768
2024-04-24,105.86,2.48293,104.25321,1.52948,1.08406,5.07636,0.48912,10.87768
2024-04-25,105.6,2.51056,104.22483,1.3108,0.93374,5.07576,0.49462,10.87768
2024-04-26,105.94,2.53904,104.30738,1.55308,1.1087,5.10191,0.49766,10.87768
2024-04-29,105.58,2.57212,104.51507,1.01377,0.72754,5.15328,0.49912,10.87768
2024-04-30,106.22,2.58759,104.95062,1.20225,0.86679,5.25693,0.49223,10.87768
2024-05-01,105.76,2.50459,104.57614,1.1257,0.81621,5.33267,0.46967,10.43193
2024-05-02,105.3,2.43671,103.87205,1.36536,0.99216,5.39352,0.45178,10.43193
2024-05-03,105.03,2.42776,103.48498,1.48195,1.07954,5.1685,0.46972,10.43193
2024-05-06,105.05,2.43439,103.51317,1.47376,1.07483,5.07097,0.48006,10.43193
2024-05-07,105.41,2.4445,103.5066,1.82222,1.3327,5.08433,0.48079,10.43193
2024-05-08,105.55,2.45025,103.44344,2.01598,1.47857,5.07971,0.48236,10.43193
2024-05-09,105.23,2.39679,102.94764,2.19279,1.61304,5.11841,0.46827,10.43193
2024-05-10,105.31,2.4508,103.35176,1.877,1.38009,5.11691,0.47896,10.43193
2024-05-13,105.22,2.43859,103.59834,1.55321,1.14143,5.11921,0.47636,10.43193
2024-05-14,105.01,2.38917,103.25837,1.68213,1.236,4.91052,0.48654,10.43193
2024-05-15,104.35,2.34631,102.62038,1.6714,1.22975,5.05055,0.46456,10.43193
2024-05-16,104.46,2.39808,102.94647,1.45951,1.07494,4.99032,0.48055,10.43193
2024-05-17,104.45,2.41163,102.85506,1.53876,1.13737,4.99019,0.48327,10.43193
2024-05-20,104.57,2.40388,102.88239,1.62703,1.20519,4.97928,0.48278,10.43193
2024-05-21,104.66,2.41475,102.90355,1.69249,1.2612,4.97937,0.48495,10.43193
2024-05-22,104.94,2.42598,103.18764,1.68397,1.25894,5.00431,0.48478,10.43193
2024-05-23,105.11,2.43873,103.47,1.57257,1.17918,5.01239,0.48654,10.43193
2024-05-24,104.72,2.43452,103.11752,1.54208,1.16056,5.06695,0.48047,10.43193
2024-05-28,104.61,2.4906,103.7637,0.8123,0.61322,5.07245,0.49101,10.43193
2024-05-29,105.1,2.46081,104.01981,1.03309,0.78174,5.1473,0.47808,10.43193
2024-05-30,104.72,2.42662,103.91297,0.77364,0.5873,5.19248,0.46733,10.43193
2024-05-31,104.67,2.39472,103.22789,1.38735,1.05639,5.15874,0.46421,10.43193
2024-06-03,104.14,2.35741,103.15321,0.95208,0.72582,5.26211,0.448,11.71383
2024-06-04,104.11,2.35059,103.14669,0.92959,0.7101,5.26211,0.4467,11.71383
2024-06-05,104.27,2.30035,102.62108,1.59403,1.22067,5.20024,0.44235,11.71383
2024-06-06,104.1,2.27965,102.44166,1.60585,1.23028,5.09349,0.44756,11.71383
2024-06-07,104.89,2.3813,102.98626,1.83166,1.40228,5.29756,0.44951,11.71383
2024-06-10,105.15,2.37807,103.10209,1.96682,1.50458,5.31178,0.4477,11.71383
2024-06-11,105.23,2.36484,103.05108,2.09237,1.60328,5.31137,0.44524,11.71383
2024-06-12,104.65,2.33888,102.62048,1.9584,1.50077,5.42592,0.43106,11.71383
2024-06-13,105.2,2.29464,102.32198,2.77387,2.12183,5.41489,0.42376,11.71383
2024-06-14,105.55,2.3994,103.22779,2.22468,1.69832,5.4485,0.44038,11.71383
2024-06-17,105.32,2.45864,103.62175,1.62561,1.23891,5.46633,0.44978,11.71383
2024-06-18,105.26,2.39731,103.10205,2.07143,1.57929,5.45425,0.43953,11.71383
2024-06-20,105.59,2.3887,103.37051,2.12439,1.61794,5.42077,0.44066,11.71383
2024-06-21,105.8,2.4234,103.57255,2.12782,1.62033,5.32169,0.45538,11.71383
2024-06-24,105.47,2.40233,103.50247,1.88311,1.43362,5.30582,0.45277,11.71383
2024-06-25,105.61,2.34941,103.05224,2.4517,1.86939,5.29392,0.44379,11.71383
2024-06-26,106.05,2.40148,103.29476,2.63241,2.00495,5.35217,0.44869,11.71383
2024-06-27,105.91,2.37793,103.09909,2.68992,2.04286,5.36114,0.44355,11.71383
2024-06-28,105.87,2.3999,103.32045,2.43766,1.84938,5.35155,0.44845,11.71383
2024-07-01,105.9,2.39892,103.27753,2.50755,1.8997,5.28027,0.45432,10.76718
2024-07-02,105.72,2.35904,103.00446,2.60218,1.96498,5.27721,0.44702,10.76718
2024-07-03,105.4,2.31863,102.84721,2.45182,1.84596,5.19457,0.44636,10.76718
2024-07-05,104.88,2.23141,102.4796,2.31531,1.73823,5.28753,0.42201,10.76718
2024-07-08,105.01,2.27263,102.68132,2.24254,1.68081,5.28238,0.43023,10.76718
2024-07-09,105.12,2.26014,102.63674,2.39066,1.78759,5.27498,0.42847,10.76718
2024-07-10,105.05,2.26464,102.7898,2.17503,1.62219,5.27749,0.42911,10.76718
2024-07-11,104.44,2.19565,102.4539,1.91998,1.42947,4.97525,0.44131,10.76718
2024-07-12,104.09,2.11858,101.90301,2.12344,1.5778,5.01627,0.42234,10.76718
2024-07-15,104.19,2.15303,102.28903,1.84138,1.36512,4.79386,0.44912,10.76718
2024-07-16,104.27,2.15682,102.30136,1.90607,1.41219,4.78344,0.45089,10.76718
2024-07-17,103.75,2.1439,102.64185,1.07384,0.79611,4.87225,0.44002,10.76718
2024-07-18,104.17,2.19405,103.26847,0.86921,0.64541,4.92328,0.44565,10.76718
2024-07-19,104.4,2.20511,103.34425,1.01641,0.75481,4.92938,0.44734,10.76718
2024-07-22,104.31,2.21706,103.03779,1.22714,0.91169,4.93052,0.44966,10.76718
2024-07-23,104.45,2.12447,102.43192,1.95101,1.45055,4.94045,0.43002,10.76718
2024-07-24,104.39,2.11709,103.1637,1.18168,0.87828,4.89141,0.43282,10.76718
2024-07-25,104.36,2.1672,103.5615,0.76808,0.57162,4.87768,0.44431,10.76718
2024-07-26,104.32,2.1259,102.85185,1.41735,1.05659,4.85668,0.43773,10.76718
2024-07-29,104.56,2.14608,102.92022,1.58069,1.18107,4.83395,0.44396,10.76718
2024-07-30,104.55,2.18641,103.27769,1.22441,0.91801,4.79013,0.45644,10.76718
2024-07-31,104.1,2.13423,102.87914,1.17971,0.88858,4.69222,0.45484,10.76718
2024-08-01,104.42,2.01946,102.66048,1.6994,1.28229,4.66814,0.43261,9.46681
2024-08-02,103.21,1.82155,102.27552,0.90954,0.68752,5.13678,0.35461,9.46681
2024-08-05,102.69,1.98936,104.93032,-2.15817,-1.63505,5.20455,0.38224,9.46681
2024-08-06,102.97,2.06269,104.0305,-1.02464,-0.77713,5.23991,0.39365,9.46681
2024-08-07,103.2,2.00713,103.87119,-0.64827,-0.49355,5.21073,0.38519,9.46681
2024-08-08,103.21,2.04113,103.53095,-0.31049,-0.23814,5.20056,0.39248,9.46681
2024-08-09,103.14,2.06963,103.16427,-0.02353,-0.01821,5.17247,0.40012,9.46681
2024-08-12,103.14,2.02833,103.21229,-0.07006,-0.05455,5.16826,0.39246,9.46681
2024-08-13,102.56,1.97542,102.32781,0.22665,0.17693,5.27546,0.37445,9.46681
2024-08-14,102.57,1.98872,101.92924,0.62666,0.49033,5.26641,0.37762,9.46681
2024-08-15,102.98,2.06394,102.23654,0.72457,0.5676,5.19712,0.39713,9.46681
2024-08-16,102.46,2.05127,101.95662,0.4925,0.38572,5.27998,0.3885,9.46681
2024-08-19,101.89,2.04662,101.71997,0.16702,0.13079,5.38392,0.38014,9.46681
2024-08-20,101.44,2.00482,101.73097,-0.28642,-0.22432,5.43422,0.36892,9.46681
2024-08-21,101.04,1.96983,101.52039,-0.47432,-0.37145,5.47098,0.36005,9.46681
2024-08-22,101.51,2.03399,102.22113,-0.6981,-0.54664,5.53207,0.36767,9.46681
2024-08-23,100.72,1.92066,101.43156,-0.70399,-0.55111,5.70233,0.33682,9.46681
2024-08-26,100.85,1.94157,101.80969,-0.94711,-0.74123,5.68172,0.34172,9.46681
2024-08-27,100.55,1.84251,100.95674,-0.4037,-0.31582,5.70103,0.32319,9.46681
2024-08-28,101.09,1.87039,101.36724,-0.27388,-0.21425,5.72841,0.32651,9.46681
2024-08-29,101.34,1.94196,101.56129,-0.21813,-0.17064,5.72811,0.33902,9.46681
2024-08-30,101.7,1.95008,101.36022,0.33465,0.26203,5.78559,0.33706,9.46681
2024-09-03,101.83,1.89707,101.69723,0.13047,0.10225,5.71855,0.33174,8.67798
2024-09-04,101.36,1.81494,101.25627,0.10239,0.08033,5.78193,0.3139,8.67798
2024-09-05,101.11,1.86514,101.2961,-0.18388,-0.14443,5.78222,0.32257,8.67798
2024-09-06,101.18,1.759,100.96032,0.21735,0.17102,5.78222,0.30421,8.67798
2024-09-09,101.55,1.81903,100.90098,0.64116,0.50497,5.6124,0.32411,8.67798
2024-09-10,101.63,1.74014,100.18149,1.43553,1.1304,5.58595,0.31152,8.67798
2024-09-11,101.68,1.83278,100.58933,1.07844,0.84851,5.58366,0.32824,8.67798
2024-09-12,101.37,1.82141,100.55789,0.80437,0.6326,5.51545,0.33024,8.67798
2024-09-13,101.11,1.76125,100.12566,0.9783,0.76939,5.40474,0.32587,8.67798
2024-09-16,100.76,1.73937,100.2433,0.51412,0.40447,5.37349,0.32369,8.67798
2024-09-17,100.89,1.78401,100.65701,0.2312,0.18192,5.38041,0.33157,8.67798
2024-09-18,100.6,1.76994,100.69663,-0.09601,-0.07568,5.39823,0.32787,8.67798
2024-09-19,100.61,1.75895,100.39015,0.21876,0.17279,5.34416,0.32914,8.67798
2024-09-20,100.72,1.70304,100.04238,0.67505,0.53537,5.3284,0.31962,8.67798
2024-09-23,100.92,1.77009,100.30362,0.61263,0.49087,5.33504,0.33179,8.67798
2024-09-24,100.37,1.74454,100.20798,0.16155,0.13133,5.40266,0.3229,8.67798
2024-09-25,100.92,1.78106,100.2566,0.65952,0.54374,5.45753,0.32635,8.67798
2024-09-26,100.56,1.89691,100.66397,-0.10334,-0.08613,5.48502,0.34583,8.67798
2024-09-27,100.42,1.8758,100.87304,-0.45013,-0.37807,5.48543,0.34196,8.67798
2024-09-30,100.78,1.95377,101.19456,-0.41051,-0.34628,5.55201,0.3519,8.67798
2024-10-01,101.19,1.9755,101.85027,-0.65039,-0.55107,5.63242,0.35074,9.64131
2024-10-02,101.68,1.95642,101.73177,-0.0509,-0.04312,5.7187,0.34211,9.64131
2024-10-03,101.99,2.00997,102.56306,-0.56031,-0.47541,5.69344,0.35303,9.64131
2024-10-04,102.52,2.17424,103.23523,-0.69523,-0.59232,5.79456,0.37522,9.64131
2024-10-07,102.54,2.18251,103.95103,-1.36669,-1.17013,5.78853,0.37704,9.64131
2024-10-08,102.55,2.1585,103.32888,-0.75664,-0.6512,5.78909,0.37286,9.64131
2024-10-09,102.93,2.16814,103.23296,-0.2939,-0.25516,5.73834,0.37783,9.64131
2024-10-10,102.99,2.14681,103.3619,-0.36046,-0.31635,5.70511,0.3763,9.64131
2024-10-11,102.89,2.11398,103.10768,-0.21135,-0.18623,5.70266,0.3707,9.64131
2024-10-14,103.3,2.12486,102.92507,0.36361,0.32305,5.7606,0.36886,9.64131
2024-10-15,103.26,2.14696,102.82775,0.41948,0.37443,5.67597,0.37825,9.64131
2024-10-16,103.59,2.1594,102.76257,0.80196,0.72116,5.65344,0.38196,9.64131
2024-10-17,103.83,2.19227,102.88309,0.91617,0.83256,5.65527,0.38765,9.64131
2024-10-18,103.49,2.2361,102.84222,0.6279,0.57652,5.68931,0.39303,9.64131
2024-10-21,104.01,2.23302,102.97772,0.99744,0.92426,5.77451,0.3867,9.64131
2024-10-22,104.08,2.23732,103.13682,0.91034,0.85006,5.77544,0.38739,9.64131
2024-10-23,104.43,2.31792,103.4982,0.89627,0.84091,5.81514,0.3986,9.64131
2024-10-24,104.06,2.33181,103.50331,0.5364,0.50386,5.85817,0.39804,9.64131
2024-10-25,104.26,2.34892,103.82583,0.4173,0.39377,5.85253,0.40135,9.64131
2024-10-28,104.32,2.39006,103.5771,0.71468,0.67708,5.85383,0.40829,9.64131
2024-10-29,104.28,2.34697,103.32935,0.91581,0.87335,5.7895,0.40538,9.64131
2024-10-30,103.99,2.33089,103.45646,0.51439,0.49318,5.78287,0.40307,9.64131
2024-10-31,103.98,2.27855,103.45662,0.50462,0.48584,5.28163,0.43141,9.64131
2024-11-01,104.28,2.3608,103.70659,0.55139,0.53731,5.20379,0.45367,11.91565
2024-11-04,103.89,2.29931,103.60208,0.27752,0.27152,5.23927,0.43886,11.91565
2024-11-05,103.42,2.31791,103.62064,-0.19382,-0.19004,5.3039,0.43702,11.91565
2024-11-06,105.09,2.45001,103.83579,1.20064,1.17971,6.193,0.39561,11.91565
2024-11-07,104.51,2.38338,103.5356,0.93672,0.92591,6.29899,0.37837,11.91565
2024-11-08,105.0,2.44095,103.64259,1.3012,1.28721,6.36183,0.38369,11.91565
2024-11-11,105.54,2.48084,103.68451,1.77373,1.75182,6.31875,0.39262,11.91565
2024-11-12,106.02,2.58438,104.13718,1.79187,1.76442,6.37074,0.40566,11.91565
2024-11-13,106.48,2.48573,103.73011,2.61648,2.56863,6.37862,0.3897,11.91565
2024-11-14,106.67,2.58165,104.22806,2.31586,2.25893,6.28083,0.41104,11.91565
2024-11-15,106.69,2.52922,104.08836,2.46873,2.39609,6.1534,0.41103,11.91565
2024-11-18,106.28,2.46772,103.95653,2.21043,2.13344,6.13483,0.40225,11.91565
2024-11-19,106.21,2.479,104.08297,2.02299,1.94516,6.06748,0.40857,11.91565
2024-11-20,106.68,2.51693,104.3032,2.25316,2.15889,6.06183,0.41521,11.91565
2024-11-21,106.97,2.57388,104.64837,2.19425,2.0931,5.81532,0.4426,11.91565
2024-11-22,107.49,2.6586,105.00041,2.34335,2.22577,5.86698,0.45315,11.91565
2024-11-25,106.82,2.51695,104.24215,2.44286,2.30915,5.99268,0.42,11.91565
2024-11-26,107.01,2.48573,104.08791,2.76865,2.60346,5.92838,0.41929,11.91565
2024-11-27,106.08,2.47712,104.08956,1.89418,1.76951,6.22382,0.39801,11.91565
2024-11-29,105.74,2.48059,104.09332,1.56954,1.46386,6.24602,0.39715,11.91565
2024-12-02,106.45,2.56084,104.45491,1.89199,1.76394,6.36205,0.40252,12.54987
2024-12-03,106.37,2.54774,104.49122,1.78206,1.65855,6.27672,0.4059,12.54987
2024-12-04,106.34,2.48955,104.21326,2.02021,1.87622,6.24607,0.39858,12.54987
2024-12-05,105.71,2.45954,104.10698,1.52804,1.41555,6.39001,0.3849,12.54987
2024-12-06,105.97,2.41217,103.81838,2.0513,1.90028,6.37201,0.37856,12.54987
2024-12-09,106.15,2.4559,104.22893,1.82635,1.68822,6.37525,0.38522,12.54987
2024-12-10,106.4,2.47745,104.38247,1.91439,1.76776,6.38375,0.38809,12.54987
2024-12-11,106.71,2.50057,104.51032,2.0829,1.92334,6.35179,0.39368,12.54987
2024-12-12,106.96,2.49039,104.52278,2.30499,2.1286,6.32132,0.39397,12.54987
2024-12-13,107.0,2.53741,104.80948,2.06847,1.90262,6.26001,0.40534,12.54987
2024-12-16,106.86,2.53252,104.88136,1.86898,1.71342,6.2759,0.40353,12.54987
2024-12-17,106.96,2.54286,105.05761,1.79461,1.64048,6.22844,0.40827,12.54987
2024-12-18,108.03,2.65144,106.4235,1.49826,1.36613,6.47905,0.40923,12.54987
2024-12-19,108.41,2.5878,105.94072,2.30407,2.09714,6.49653,0.39834,12.54987
2024-12-20,107.62,2.61622,105.78288,1.72179,1.56063,6.71164,0.3898,12.54987
2024-12-23,108.04,2.58416,105.50193,2.37723,2.14961,6.60425,0.39129,12.54987
2024-12-24,108.26,2.56988,105.21457,2.8534,2.56857,6.54896,0.39241,12.54987
2024-12-26,108.13,2.57708,105.34441,2.60991,2.33429,6.49692,0.39666,12.54987
2024-12-27,108.0,2.58344,105.5285,2.31501,2.05989,6.494,0.39782,12.54987
2024-12-30,108.13,2.51128,105.25783,2.69213,2.38717,6.47532,0.38782,12.54987
2024-12-31,108.49,2.52128,105.34114,2.94539,2.59719,6.46338,0.39009,12.54987
2025-01-02,109.39,2.5241,105.42686,3.6902,3.23307,6.57914,0.38365,13.95813
2025-01-03,108.95,2.48927,105.06862,3.62754,3.14579,6.64857,0.37441,13.95813
2025-01-06,108.26,2.42714,104.70495,3.33893,2.86745,6.75641,0.35924,13.95813
2025-01-07,108.54,2.49096,105.28072,3.04885,2.59846,6.76366,0.36829,13.95813
2025-01-08,109.09,2.43112,104.94078,3.8777,3.28365,6.81216,0.35688,13.95813
2025-01-09,109.18,2.40965,104.81533,4.07978,3.41892,6.78978,0.35489,13.95813
2025-01-10,109.65,2.49403,105.48113,3.87614,3.21316,6.82246,0.36556,13.95813
2025-01-13,109.96,2.47482,105.33134,4.30057,3.53553,6.82023,0.36286,13.95813
2025-01-14,109.27,2.41771,104.976,4.00901,3.25938,6.94953,0.3479,13.95813
2025-01-15,109.09,2.36761,104.32785,4.46348,3.59598,6.96353,0.34,13.95813
2025-01-16,108.96,2.30181,103.99806,4.66086,3.71282,6.95938,0.33075,13.95813
2025-01-17,109.35,2.36625,104.35562,4.67493,3.67869,6.97503,0.33925,13.95813
2025-01-21,108.06,2.41477,104.58984,3.26402,2.5391,7.37998,0.32721,13.95813
2025-01-22,108.17,2.41057,104.58469,3.37068,2.60798,7.32786,0.32896,13.95813
2025-01-23,108.05,2.39914,104.52599,3.31583,2.55395,7.33603,0.32703,13.95813
2025-01-24,107.44,2.33431,104.09035,3.16733,2.42858,7.41925,0.31463,13.95813
2025-01-27,107.34,2.26766,104.10281,3.06223,2.338,7.38025,0.30726,13.95813
2025-01-28,107.87,2.28927,104.05806,3.59778,2.73573,7.4282,0.30819,13.95813
2025-01-29,108.0,2.31332,104.2656,3.51898,2.65999,7.42938,0.31137,13.95813
2025-01-30,107.8,2.33713,104.32649,3.27523,2.46175,7.4427,0.31402,13.95813
2025-01-31,108.37,2.43003,105.02453,3.13573,2.34655,7.4714,0.32524,13.95813
2025-02-03,108.99,2.52621,105.98685,2.79411,2.08353,7.53749,0.33515,12.9548
2025-02-04,107.96,2.46383,105.42277,2.37821,1.7694,7.79703,0.316,12.9548
2025-02-05,107.58,2.41974,104.98752,2.43933,1.81329,7.7922,0.31053,12.9548
2025-02-06,107.69,2.45269,105.19166,2.34727,1.74143,7.72367,0.31756,12.9548
2025-02-07,108.04,2.51955,105.81522,2.08072,1.54341,7.08626,0.35555,12.9548
2025-02-10,108.32,2.53973,105.82133,2.33377,1.72944,6.99355,0.36315,12.9548
2025-02-11,107.96,2.51308,105.65867,2.1547,1.59462,6.98566,0.35975,12.9548
2025-02-12,107.94,2.54164,105.90893,1.89959,1.40489,6.92125,0.36722,12.9548
2025-02-13,107.31,2.52322,105.67037,1.53973,1.13748,6.97792,0.3616,12.9548
2025-02-14,106.57,2.4512,105.13643,1.35432,1.00027,7.06892,0.34676,12.9548
2025-02-18,107.05,2.46526,105.31118,1.63765,1.20974,7.11714,0.34638,12.9548
2025-02-19,107.17,2.41314,104.94032,2.10246,1.55258,7.12028,0.33891,12.9548
2025-02-20,106.34,2.43082,105.13057,1.14383,0.84327,7.25021,0.33528,12.9548
2025-02-21,106.61,2.39223,105.36193,1.17759,0.86804,7.26638,0.32922,12.9548
2025-02-24,106.6,2.34501,105.14686,1.37255,1.0112,7.21228,0.32514,12.9548
2025-02-25,106.31,2.29713,104.95922,1.27874,0.94163,7.21074,0.31857,12.9548
2025-02-26,106.42,2.27826,104.8093,1.5251,1.12209,7.14441,0.31889,12.9548
2025-02-27,107.24,2.3106,105.2912,1.83394,1.34839,7.20437,0.32072,12.9548
2025-02-28,107.61,2.24917,104.69589,2.74538,2.0151,7.22817,0.31117,12.9548
2025-03-03,106.75,2.16948,104.66804,1.96958,1.43999,7.19452,0.30155,11.42984
2025-03-04,105.74,2.21435,105.13783,0.57111,0.41671,7.41896,0.29847,11.42984
2025-03-05,105.74,2.11014,104.27567,1.39452,1.01739,7.29327,0.28933,11.42984
2025-03-06,104.06,2.00886,103.96609,0.09029,0.06581,7.9569,0.25247,11.42984
2025-03-07,103.84,2.07622,104.21386,-0.35939,-0.26198,7.96473,0.26068,11.42984
2025-03-10,103.91,1.99671,104.24703,-0.32382,-0.23607,7.88639,0.25318,11.42984
2025-03-11,103.44,2.05442,104.52428,-1.04276,-0.76016,7.91194,0.25966,11.42984
2025-03-12,103.61,2.09834,104.41726,-0.77611,-0.5656,7.91136,0.26523,11.42984
2025-03-13,103.83,2.05452,104.18069,-0.33718,-0.24572,7.90824,0.25979,11.42984
2025-03-14,103.72,2.11443,104.19644,-0.4583,-0.33397,7.88077,0.2683,11.42984
2025-03-17,103.37,2.18387,104.47735,-1.06555,-0.77648,7.88146,0.27709,11.42984
2025-03-18,103.24,2.14502,104.39336,-1.11097,-0.80958,7.88051,0.27219,11.42984
2025-03-19,103.43,2.11175,103.88906,-0.44285,-0.32282,7.89362,0.26753,11.42984
2025-03-20,103.85,2.09377,103.69208,0.15218,0.11092,7.94141,0.26365,11.42984
2025-03-21,104.09,2.08294,103.52515,0.54413,0.39673,7.67636,0.27134,11.42984
2025-03-24,104.26,2.18298,103.90679,0.33935,0.24741,7.64469,0.28555,11.42984
2025-03-25,104.18,2.0921,103.21076,0.9347,0.68141,7.52284,0.2781,11.42984
2025-03-26,104.55,2.13246,103.66871,0.84651,0.61698,7.51482,0.28377,11.42984
2025-03-27,104.07,2.15208,103.86196,0.20011,0.14581,7.54026,0.28541,11.42984
2025-03-28,104.04,2.09753,103.93697,0.09908,0.0722,7.53964,0.2782,11.42984
2025-03-31,104.21,2.12345,104.16123,0.04681,0.03411,7.55193,0.28118,11.42984
2025-04-01,104.26,2.10324,103.95662,0.29141,0.21239,7.54642,0.27871,9.77035
2025-04-02,103.81,2.15159,104.24144,-0.41475,-0.30241,7.54072,0.28533,9.77035
2025-04-03,102.07,2.00408,104.38607,-2.24374,-1.63649,7.99133,0.25078,9.77035
2025-04-04,103.02,2.10038,106.42957,-3.25604,-2.36905,8.23186,0.25515,9.77035
2025-04-07,103.26,2.18251,106.947,-3.50833,-2.5394,8.18054,0.26679,9.77035
2025-04-08,102.96,2.0567,106.10151,-3.00557,-2.16269,8.16331,0.25194,9.77035
2025-04-09,102.9,2.38713,107.06895,-3.97153,-2.84598,8.07531,0.29561,9.77035
2025-04-10,100.87,2.2397,106.35134,-5.29155,-3.76281,8.91502,0.25123,9.77035
2025-04-11,99.78,2.45379,107.35662,-7.31884,-5.13623,9.04592,0.27126,9.77035
2025-04-14,99.64,2.3309,105.79961,-5.99831,-4.10789,9.00327,0.25889,9.77035
2025-04-15,100.22,2.291,105.30242,-4.94686,-3.33377,9.06982,0.2526,9.77035
2025-04-16,99.38,2.26376,105.06965,-5.56726,-3.71202,9.17857,0.24664,9.77035
2025-04-17,99.38,2.31629,105.10016,-5.5963,-3.68261,9.18318,0.25223,9.77035
2025-04-22,98.92,2.2885,104.82981,-5.80267,-3.76882,9.14703,0.25019,9.77035
2025-04-23,99.84,2.27852,104.56652,-4.62545,-2.96341,9.15816,0.2488,9.77035
2025-04-24,99.29,2.29199,104.49334,-5.10785,-3.24815,9.18557,0.24952,9.77035
2025-04-25,99.47,2.22958,103.95619,-4.41134,-2.7771,9.20735,0.24215,9.77035
2025-04-28,99.01,2.14374,103.35941,-4.29915,-2.68613,9.18992,0.23327,9.77035
2025-04-29,99.24,2.11668,103.08742,-3.80362,-2.35982,9.21815,0.22962,9.77035
2025-04-30,99.47,2.1052,102.95315,-3.44179,-2.12374,9.16173,0.22978,9.77035
2025-05-01,100.25,2.2146,103.54665,-3.23552,-1.98821,9.32851,0.2374,8.01805
2025-05-02,100.0,2.30791,103.99062,-3.91305,-2.39532,9.33128,0.24733,8.01805
2025-05-05,99.83,2.31474,103.92848,-4.02342,-2.45002,9.23865,0.25055,8.01805
2025-05-06,99.24,2.24445,103.4677,-4.17184,-2.5259,9.17271,0.24469,8.01805
2025-05-07,99.61,2.27259,103.48532,-3.81672,-2.29681,9.08419,0.25017,8.01805
2025-05-08,100.64,2.38311,104.10251,-3.38263,-2.02524,9.3611,0.25458,8.01805
2025-05-09,100.34,2.33432,103.7707,-3.36193,-2.00482,9.35921,0.24941,8.01805
2025-05-12,101.79,2.34418,103.73027,-1.88821,-1.12163,9.82176,0.23867,8.01805
2025-05-13,101.0,2.37328,103.94519,-2.87433,-1.7056,9.8891,0.23999,8.01805
2025-05-14,101.04,2.39892,104.04346,-2.92922,-1.73337,9.8832,0.24273,8.01805
2025-05-15,100.88,2.3226,103.44941,-2.5151,-1.48398,9.88218,0.23503,8.01805
2025-05-16,101.09,2.36963,103.71315,-2.56177,-1.50833,9.85354,0.24048,8.01805
2025-05-19,100.43,2.37472,103.73881,-3.24153,-1.90478,9.84471,0.24122,8.01805
2025-05-20,100.12,2.35216,103.55002,-3.36852,-1.97258,9.79122,0.24023,8.01805
2025-05-21,99.56,2.38194,103.72982,-4.10292,-2.39358,9.8227,0.24249,8.01805
2025-05-22,99.96,2.3949,103.69261,-3.66608,-2.12751,9.78327,0.2448,8.01805
2025-05-23,99.11,2.46286,104.10099,-4.91311,-2.83921,9.87176,0.24948,8.01805
2025-05-26,98.93,2.43099,103.83465,-4.83872,-2.77458,9.87023,0.24629,8.01805
2025-05-27,99.52,2.35244,103.18093,-3.61255,-2.05613,9.96713,0.23602,8.01805
2025-05-28,99.88,2.37268,103.31139,-3.37782,-1.91503,10.00227,0.23721,8.01805
2025-05-29,99.28,2.35043,103.07013,-3.74655,-2.11689,9.89363,0.23757,8.01805
2025-05-30,99.33,2.31554,102.78694,-3.42106,-1.92456,9.85463,0.23497,8.01805
2025-06-02,98.7,2.34318,102.94695,-4.21289,-2.36143,9.81388,0.23876,6.68405
2025-06-03,99.25,2.40022,103.26507,-3.96572,-2.21112,9.76072,0.24591,6.68405
2025-06-04,98.79,2.28228,102.51425,-3.70054,-2.05357,9.78546,0.23323,6.68405
2025-06-05,98.74,2.30893,102.68876,-3.92125,-2.16715,9.30299,0.24819,6.68405
2025-06-06,99.19,2.39822,103.16167,-3.92601,-2.15977,9.3609,0.2562,6.68405
2025-06-09,98.94,2.37004,103.04932,-4.06941,-2.22841,9.36329,0.25312,6.68405
2025-06-10,99.05,2.38888,103.07259,-3.98087,-2.16947,9.3393,0.25579,6.68405
2025-06-11,98.63,2.34442,103.15168,-4.48251,-2.43163,9.35387,0.25064,6.68405
2025-06-12,97.92,2.31039,102.94373,-5.00318,-2.6986,9.42248,0.2452,6.68405
2025-06-13,98.18,2.34532,103.75792,-5.5258,-2.95996,9.4496,0.24819,6.68405
2025-06-16,98.0,2.35349,103.59983,-5.55682,-2.95178,9.43798,0.24936,6.68405
2025-06-17,98.82,2.30621,103.78233,-4.89957,-2.58057,9.61425,0.23987,6.68405
2025-06-18,98.91,2.32188,103.81539,-4.84038,-2.53337,9.6061,0.24171,6.68405
2025-06-20,98.71,2.28554,103.66098,-4.89396,-2.54547,9.56044,0.23906,6.68405
2025-06-23,98.42,2.20841,102.64042,-4.19878,-2.16998,9.54859,0.23128,6.68405
2025-06-24,97.86,2.12351,101.64258,-3.79246,-1.9509,9.58257,0.2216,6.68405
2025-06-25,97.68,2.11442,101.61086,-3.94536,-2.02216,9.58389,0.22062,6.68405
2025-06-26,97.15,2.0995,101.5022,-4.38243,-2.23714,9.57832,0.21919,6.68405
2025-06-27,97.4,2.10557,101.48819,-4.11162,-2.08863,9.58113,0.21976,6.68405
2025-06-30,96.88,2.09488,101.39364,-4.55373,-2.30358,9.61821,0.2178,6.68405
2025-07-01,96.82,2.17381,101.6952,-4.91265,-2.47268,9.60244,0.22638,5.81673
2025-07-02,96.78,2.1531,101.8007,-5.05766,-2.53085,9.59787,0.22433,5.81673
2025-07-03,97.18,2.26294,102.28255,-5.11742,-2.54505,9.6341,0.23489,5.81673
2025-07-07,97.48,2.28938,102.55401,-5.07423,-2.5095,9.11224,0.25124,5.81673
2025-07-08,97.51,2.26017,102.41327,-4.90614,-2.41271,8.88621,0.25435,5.81673
2025-07-09,97.47,2.23157,102.20866,-4.74717,-2.32341,8.86299,0.25179,5.81673
2025-07-10,97.65,2.21417,101.87484,-4.23553,-2.06494,8.87053,0.24961,5.81673
2025-07-11,97.85,2.22463,102.17874,-4.3288,-2.10633,8.88919,0.25026,5.81673
2025-07-14,98.08,2.24784,102.1569,-4.07264,-1.97896,8.01445,0.28047,5.81673
2025-07-15,98.62,2.31854,102.43642,-3.79682,-1.84272,7.81525,0.29667,5.81673
2025-07-16,98.39,2.2566,102.07017,-3.67214,-1.78245,7.82337,0.28844,5.81673
2025-07-17,98.73,2.29067,102.34778,-3.59878,-1.74631,7.76386,0.29504,5.81673
2025-07-18,98.48,2.25189,102.09694,-3.60692,-1.74827,7.59939,0.29632,5.81673
2025-07-21,97.85,2.24773,102.06064,-4.21314,-2.04039,7.70214,0.29183,5.81673
2025-07-22,97.39,2.23908,101.89216,-4.51915,-2.18477,7.70384,0.29065,5.81673
2025-07-23,97.21,2.27997,102.0011,-4.811,-2.32136,7.46337,0.30549,5.81673
2025-07-24,97.38,2.23055,101.82992,-4.46831,-2.1501,7.40284,0.30131,5.81673
2025-07-25,97.65,2.19599,101.47708,-3.84433,-1.84668,7.41645,0.2961,5.81673
2025-07-28,98.66,2.23274,101.90274,-3.23392,-1.55239,7.65807,0.29155,5.81673
2025-07-29,98.91,2.16686,102.00778,-3.08387,-1.48074,7.66084,0.28285,5.81673
2025-07-30,99.94,2.23207,102.41862,-2.44985,-1.17621,7.92626,0.2816,5.81673
2025-07-31,100.03,2.22582,102.33535,-2.2785,-1.09433,7.7711,0.28642,5.81673
2025-08-01,98.69,2.0214,100.98124,-2.29511,-1.10367,8.21098,0.24618,6.35609
2025-08-04,98.78,2.03496,100.73019,-1.95504,-0.94112,8.20831,0.24791,6.35609
2025-08-05,98.78,2.06563,100.69295,-1.91807,-0.92445,8.12444,0.25425,6.35609
2025-08-06,98.18,2.03146,100.29628,-2.1326,-1.02897,8.17504,0.2485,6.35609
2025-08-07,98.4,2.05316,100.28153,-1.89407,-0.9151,7.90833,0.25962,6.35609
2025-08-08,98.18,2.05768,100.20975,-2.0463,-0.99008,7.89964,0.26048,6.35609
2025-08-11,98.52,2.05408,100.24325,-1.73402,-0.84002,7.35805,0.27916,6.35609
2025-08-12,98.1,2.00399,99.74209,-1.66004,-0.80519,7.24953,0.27643,6.35609
2025-08-13,97.84,1.98151,99.47711,-1.65941,-0.80541,7.26051,0.27292,6.35609
2025-08-14,98.25,2.03818,100.00795,-1.77344,-0.86134,7.31722,0.27855,6.35609
2025-08-15,97.85,2.04108,99.82236,-1.99565,-0.96974,7.33539,0.27825,6.35609
2025-08-18,98.17,2.05446,99.99765,-1.8446,-0.89705,7.26965,0.28261,6.35609
2025-08-19,98.27,2.03627,99.7562,-1.50105,-0.7306,7.25336,0.28074,6.35609
2025-08-20,98.22,2.04614,100.00346,-1.79949,-0.87682,7.17279,0.28526,6.35609
2025-08-21,98.62,2.06592,100.33398,-1.72303,-0.84041,7.17411,0.28797,6.35609
2025-08-22,97.72,1.94754,99.42933,-1.73409,-0.84635,7.20477,0.27031,6.35609
2025-08-25,98.43,1.98988,99.90352,-1.48593,-0.72577,7.3496,0.27075,6.35609
2025-08-26,98.23,1.89916,99.02798,-0.80907,-0.39537,7.25634,0.26172,6.35609
2025-08-27,98.23,1.89266,99.16479,-0.94713,-0.46314,7.21494,0.26233,6.35609
2025-08-28,97.81,1.91418,99.34197,-1.55414,-0.76102,7.16669,0.26709,6.35609
2025-08-29,97.77,1.87871,99.10575,-1.35697,-0.66489,7.16519,0.2622,6.35609
2025-09-02,98.4,1.92217,99.71115,-1.32367,-0.64903,7.17823,0.26778,5.80879
2025-09-03,98.14,1.88996,99.11441,-0.98798,-0.48475,7.10498,0.26601,5.80879
2025-09-04,98.35,1.87782,98.79052,-0.44692,-0.21954,7.06102,0.26594,5.80879
2025-09-05,97.77,1.81915,98.10819,-0.34531,-0.16972,7.15678,0.25418,5.80879
2025-09-08,97.45,1.80702,98.12167,-0.68688,-0.33792,7.11876,0.25384,5.80879
2025-09-09,97.79,1.84751,98.41015,-0.63216,-0.3114,7.14317,0.25864,5.80879
2025-09-10,97.78,1.83725,98.58834,-0.8233,-0.40615,7.13834,0.25738,5.80879
2025-09-11,97.54,1.78503,97.95393,-0.42347,-0.20909,7.10599,0.2512,5.80879
2025-09-12,97.55,1.80213,98.17773,-0.64143,-0.31699,6.96021,0.25892,5.80879
2025-09-15,97.3,1.78777,98.26309,-0.98495,-0.4872,6.95581,0.25702,5.80879
2025-09-16,96.63,1.75089,98.29991,-1.71339,-0.84835,7.07894,0.24734,5.80879
2025-09-17,96.87,1.77188,98.21909,-1.38307,-0.68522,6.88558,0.25733,5.80879
2025-09-18,97.35,1.80998,98.30512,-0.97634,-0.48437,6.96159,0.26,5.80879
2025-09-19,97.64,1.79469,97.9856,-0.35332,-0.17556,6.98163,0.25706,5.80879
2025-09-22,97.33,1.83477,98.2555,-0.9464,-0.47097,6.98563,0.26265,5.80879
2025-09-23,97.26,1.74648,97.97663,-0.73412,-0.3656,6.89581,0.25327,5.80879
2025-09-24,97.87,1.7937,98.57287,-0.7156,-0.35663,7.00181,0.25618,5.80879
2025-09-25,98.55,1.84524,98.9608,-0.41598,-0.20755,7.04564,0.2619,5.80879
2025-09-26,98.15,1.84427,98.93845,-0.8001,-0.39945,7.0809,0.26046,5.80879
2025-09-29,97.91,1.84726,98.54974,-0.65127,-0.32548,7.01311,0.2634,5.80879
2025-09-30,97.77,1.81574,98.13586,-0.37351,-0.18672,7.01869,0.2587,5.80879
2025-10-01,97.71,1.77825,97.49007,0.22534,0.11272,7.01947,0.25333,5.89204
2025-10-02,97.85,1.76564,97.15608,0.71169,0.356,6.97806,0.25303,5.89204
2025-10-03,97.72,1.79583,97.45639,0.27012,0.13511,6.95741,0.25812,5.89204
2025-10-06,98.11,1.83553,97.89564,0.21872,0.10943,7.00187,0.26215,5.89204
2025-10-07,98.58,1.79964,97.75254,0.84292,0.4221,7.06323,0.25479,5.89204
2025-10-08,98.85,1.8236,97.98991,0.8739,0.43772,7.07399,0.25779,5.89204
2025-10-09,99.54,1.8359,97.84202,1.72055,0.86182,7.1934,0.25522,5.89204
2025-10-10,98.98,1.76801,97.35357,1.65685,0.8294,7.27667,0.24297,5.89204
2025-10-13,99.27,1.79044,97.40037,1.90134,0.95196,7.21793,0.24806,5.89204
2025-10-14,99.05,1.76749,97.21128,1.87381,0.93822,7.21637,0.24493,5.89204
2025-10-15,98.79,1.79986,97.28254,1.53769,0.77028,7.20428,0.24983,5.89204
2025-10-16,98.39,1.70298,96.87977,1.54684,0.77554,7.23251,0.23546,5.89204
2025-10-17,98.43,1.75944,96.8907,1.57621,0.79119,7.11476,0.24729,5.89204
2025-10-20,98.59,1.75127,96.48438,2.15886,1.08508,7.05339,0.24829,5.89204
2025-10-21,98.93,1.75114,96.53074,2.4551,1.23451,7.07045,0.24767,5.89204
2025-10-22,98.9,1.74508,96.9363,2.00552,1.00746,7.06502,0.247,5.89204
2025-10-23,98.94,1.76723,97.77358,1.18593,0.59579,7.04651,0.2508,5.89204
2025-10-24,98.95,1.73419,97.43606,1.54183,0.77476,6.74208,0.25722,5.89204
2025-10-27,98.78,1.72934,97.24655,1.56456,0.78651,6.732,0.25688,5.89204
2025-10-28,98.69,1.72183,96.98953,1.73806,0.87405,6.39456,0.26926,5.89204
2025-10-29,99.22,1.8454,97.95272,1.28547,0.64642,6.48714,0.28447,5.89204
2025-10-30,99.53,1.85096,98.01833,1.53046,0.7693,5.92301,0.3125,5.89204
2025-10-31,99.8,1.85468,98.13898,1.67836,0.84353,5.94348,0.31205,5.89204
2025-11-03,99.87,1.84625,98.01845,1.87136,0.9401,5.94435,0.31059,6.11141
2025-11-04,100.22,1.82738,98.03934,2.1999,1.10457,5.84199,0.3128,6.11141
2025-11-05,100.2,1.88084,98.02319,2.1964,1.10149,5.82989,0.32262,6.11141
2025-11-06,99.73,1.81106,97.7724,1.98243,0.993,5.89374,0.30729,6.11141
2025-11-07,99.6,1.78395,97.64341,1.984,0.99284,5.86526,0.30415,6.11141
2025-11-10,99.62,1.81333,97.76265,1.88204,0.9409,5.79527,0.3129,6.11141
2025-11-11,99.46,1.81589,98.02894,1.44928,0.72396,5.77776,0.31429,6.11141
2025-11-12,99.48,1.79097,97.307,2.20857,1.10283,5.72254,0.31297,6.11141
2025-11-13,99.18,1.79787,97.74726,1.45512,0.72594,5.69421,0.31574,6.11141
2025-11-14,99.27,1.84178,98.35107,0.92999,0.46372,5.6623,0.32527,6.11141
2025-11-17,99.59,1.81083,98.39717,1.20497,0.60108,5.69261,0.3181,6.11141
2025-11-18,99.55,1.81033,98.79448,0.76184,0.3803,5.6921,0.31804,6.11141
2025-11-19,100.23,1.8014,98.29969,1.94467,0.97143,5.79307,0.31096,6.11141
2025-11-20,100.16,1.75159,98.23537,1.94026,0.96892,5.47176,0.32011,6.11141
2025-11-21,100.18,1.73596,97.68138,2.52576,1.26087,5.29185,0.32804,6.11141
2025-11-24,100.14,1.6697,97.22405,2.95511,1.47359,5.27286,0.31666,6.11141
2025-11-25,99.66,1.64105,96.64389,3.07314,1.53042,5.37084,0.30555,6.11141
2025-11-26,99.6,1.65625,96.76391,2.8888,1.43701,5.29499,0.3128,6.11141
2025-11-28,99.46,1.66471,96.7567,2.75559,1.36916,5.30408,0.31385,6.11141
2025-12-01,99.41,1.70707,97.14334,2.30651,1.14408,5.15644,0.33106,4.73625
2025-12-02,99.36,1.68796,96.80243,2.60775,1.29221,5.12674,0.32925,4.73625
2025-12-03,98.85,1.66718,96.71157,2.18705,1.08197,5.22073,0.31934,4.73625
2025-12-04,98.99,1.67951,96.91757,2.1158,1.04557,5.0826,0.33044,4.73625
2025-12-05,98.99,1.70727,97.17205,1.85357,0.91499,5.03355,0.33918,4.73625
2025-12-08,99.09,1.66716,96.82598,2.31131,1.14003,4.9931,0.33389,4.73625
2025-12-09,99.22,1.70407,96.9572,2.307,1.13648,4.99752,0.34098,4.73625
2025-12-10,98.79,1.6184,96.44489,2.40246,1.182,5.05269,0.3203,4.73625
2025-12-11,98.35,1.61135,96.1015,2.31276,1.13632,5.13816,0.3136,4.73625
2025-12-12,98.4,1.60519,96.18505,2.27669,1.11749,5.10932,0.31417,4.73625
2025-12-15,98.15,1.60417,96.1696,2.03836,0.99947,4.93476,0.32508,4.73625
2025-12-16,98.15,1.57608,95.64811,2.5821,1.26525,4.91404,0.32073,4.73625
2025-12-17,98.37,1.5924,96.0859,2.34933,1.15031,4.83731,0.32919,4.73625
2025-12-18,98.43,1.56515,95.93721,2.56518,1.25512,4.8045,0.32577,4.73625
2025-12-19,98.6,1.56392,95.92164,2.75396,1.34696,4.76726,0.32806,4.73625
2025-12-22,98.29,1.51602,96.00877,2.34828,1.14797,4.81098,0.31512,4.73625
2025-12-23,97.94,1.56169,96.35903,1.6274,0.79586,4.70587,0.33186,4.73625
2025-12-24,97.98,1.55064,96.24998,1.78146,0.87196,4.49244,0.34517,4.73625
2025-12-26,98.02,1.53464,95.8528,2.23578,1.09505,4.42007,0.3472,4.73625
2025-12-29,98.04,1.54874,96.33964,1.74957,0.85659,4.39262,0.35258,4.73625
2025-12-30,98.24,1.53625,96.31647,1.97741,0.96787,4.40079,0.34908,4.73625
2025-12-31,98.28,1.54984,96.22939,2.10857,1.03177,4.39902,0.35231,4.73625
2026-01-02,98.42,1.54883,96.19768,2.28387,1.11707,4.39892,0.35209,4.32753
2026-01-05,98.27,1.52785,96.39495,1.92649,0.94165,4.40167,0.34711,4.32753
2026-01-06,98.58,1.56806,96.37626,2.26085,1.10442,4.37477,0.35843,4.32753
2026-01-07,98.68,1.5819,96.36094,2.37813,1.16061,4.27389,0.37013,4.32753
2026-01-08,98.93,1.60108,96.95983,2.01157,0.98067,4.26879,0.37507,4.32753
2026-01-09,99.13,1.63807,97.40098,1.75958,0.85711,4.05106,0.40436,4.32753
2026-01-12,98.86,1.64783,97.63384,1.24805,0.60752,3.92807,0.4195,4.32753
2026-01-13,99.13,1.63498,97.98485,1.16192,0.56539,3.92223,0.41685,4.32753
2026-01-14,99.13,1.62365,98.21078,0.93161,0.45318,3.89676,0.41667,4.32753
2026-01-15,99.32,1.66627,97.78275,1.55988,0.75865,3.87749,0.42973,4.32753
2026-01-16,99.39,1.67889,97.94208,1.46752,0.71334,3.78662,0.44338,4.32753
2026-01-20,98.64,1.71224,98.53722,0.10425,0.05065,4.08985,0.41866,4.32753
2026-01-21,98.76,1.71004,98.41508,0.34986,0.16999,4.08421,0.4187,4.32753
2026-01-22,98.36,1.69674,98.01761,0.34871,0.16943,4.10473,0.41336,4.32753
2026-01-23,97.6,1.66369,98.27653,-0.69078,-0.33564,4.38169,0.37969,4.32753
2026-01-26,97.04,1.63471,98.07087,-1.05671,-0.51351,4.5176,0.36185,4.32753
2026-01-27,96.22,1.60877,98.36139,-2.20111,-1.06947,4.80342,0.33492,4.32753
2026-01-28,96.45,1.66617,98.80089,-2.40819,-1.16924,4.82926,0.34502,4.32753
2026-01-29,96.28,1.64824,99.19159,-2.97927,-1.44494,4.83609,0.34082,4.32753
2026-01-30,96.99,1.63015,99.09875,-2.1509,-1.04107,4.94741,0.3295,4.32753
2026-02-02,97.61,1.66647,98.30571,-0.71022,-0.3434,5.08136,0.32796,2.87067
2026-02-03,97.44,1.64775,98.51566,-1.09787,-0.53079,5.0518,0.32617,2.87067
2026-02-04,97.62,1.66481,99.06318,-1.46754,-0.70936,5.06692,0.32856,2.87067
2026-02-05,97.82,1.56779,98.31645,-0.50623,-0.24457,5.03015,0.31168,2.87067
2026-02-06,97.63,1.60928,98.55984,-0.94791,-0.45794,5.03964,0.31933,2.87067
2026-02-09,96.82,1.59132,98.49581,-1.71604,-0.82887,5.21444,0.30518,2.87067
2026-02-10,96.8,1.56582,98.32089,-1.55895,-0.75249,5.21193,0.30043,2.87067
2026-02-11,96.83,1.63108,98.7594,-1.97297,-0.95184,5.21253,0.31292,2.87067
2026-02-12,96.93,1.5874,98.29478,-1.39818,-0.67394,5.21546,0.30437,2.87067
2026-02-13,96.88,1.54438,98.08621,-1.23737,-0.5962,5.21402,0.2962,2.87067
2026-02-17,97.16,1.58107,98.18551,-1.04995,-0.50578,5.22811,0.30242,2.87067
2026-02-18,97.7,1.61152,98.88709,-1.20771,-0.58169,5.35326,0.30104,2.87067
2026-02-19,97.93,1.60379,99.11413,-1.20191,-0.57885,5.33318,0.30072,2.87067
2026-02-20,97.8,1.61722,99.13863,-1.35946,-0.65473,5.33735,0.303,2.87067
2026-02-23,97.7,1.57176,98.90905,-1.22992,-0.59219,5.14077,0.30574,2.87067
2026-02-24,97.88,1.57456,98.70579,-0.84014,-0.40446,5.15994,0.30515,2.87067
2026-02-25,97.7,1.59814,98.76663,-1.08583,-0.52282,5.16699,0.3093,2.87067
2026-02-26,97.79,1.56822,98.60594,-0.83092,-0.40002,5.17372,0.30311,2.87067
2026-02-27,97.61,1.5456,98.85349,-1.26589,-0.60936,5.10413,0.30281,2.87067
2026-03-02,98.38,1.60163,100.1646,-1.79773,-0.86506,5.35981,0.29882,5.17201
2026-03-03,99.05,1.55301,100.55314,-1.50616,-0.72429,5.53232,0.28072,5.17201
2026-03-04,98.77,1.61389,100.76793,-2.00263,-0.96257,5.55933,0.2903,5.17201
2026-03-05,99.32,1.58471,101.28463,-1.95877,-0.94084,5.67239,0.27937,5.17201
2026-03-06,98.99,1.53215,102.15268,-3.14497,-1.50976,5.61682,0.27278,5.17201
2026-03-09,99.18,1.51114,102.59179,-3.38216,-1.62083,5.62277,0.26875,5.17201
2026-03-10,98.83,1.57781,101.23636,-2.40567,-1.15047,5.66782,0.27838,5.17201
2026-03-11,99.23,1.53835,101.47002,-2.2323,-1.06661,5.72244,0.26883,5.17201
2026-03-12,99.74,1.62602,103.05295,-3.26761,-1.56097,5.8076,0.27998,5.17201
2026-03-13,100.36,1.5816,102.89598,-2.49548,-1.19035,5.86341,0.26974,5.17201
2026-03-16,99.71,1.55046,102.17981,-2.44681,-1.16653,5.94344,0.26087,5.17201
2026-03-17,99.58,1.55852,102.48343,-2.87398,-1.36969,5.9509,0.2619,5.17201
2026-03-18,100.09,1.58357,102.94385,-2.81139,-1.33831,6.00461,0.26372,5.17201
2026-03-19,99.23,1.56005,102.76016,-3.49573,-1.66183,6.26513,0.24901,5.17201
2026-03-20,99.65,1.55627,102.87127,-3.18144,-1.50878,6.30418,0.24686,5.17201
2026-03-23,98.95,1.55323,101.43089,-2.47631,-1.17194,6.46818,0.24013,5.17201
2026-03-24,99.43,1.56623,101.86625,-2.42068,-1.14414,6.52998,0.23985,5.17201
2026-03-25,99.6,1.53087,101.3081,-1.70042,-0.80273,6.50296,0.23541,5.17201
2026-03-26,99.9,1.59145,102.17778,-2.25445,-1.06365,6.48064,0.24557,5.17201
2026-03-27,100.15,1.48563,101.7115,-1.54713,-0.72922,6.49535,0.22872,5.17201
2026-03-30,100.51,1.46575,101.5107,-0.99069,-0.46683,6.52761,0.22455,5.17201
2026-03-31,99.96,1.44381,101.86236,-1.88524,-0.88844,6.63288,0.21768,5.17201
2026-04-01,99.65,1.50164,100.68402,-1.03231,-0.48637,6.65808,0.22554,4.65392
2026-04-02,100.03,1.43615,100.94097,-0.90658,-0.42731,6.69643,0.21446,4.65392
2026-04-06,99.98,1.48375,101.31153,-1.323,-0.62402,6.69413,0.22165,4.65392
2026-04-07,99.64,1.40522,100.65897,-1.01746,-0.48029,6.72491,0.20896,4.65392
2026-04-08,99.13,1.56041,100.46826,-1.34097,-0.6334,6.78198,0.23008,4.65392
2026-04-09,98.82,1.48223,100.06388,-1.25088,-0.59132,6.80961,0.21767,4.65392
2026-04-10,98.65,1.50415,100.13396,-1.49307,-0.70613,6.79906,0.22123,4.65392
2026-04-13,98.37,1.43137,100.00404,-1.64747,-0.77907,6.80858,0.21023,4.65392
2026-04-14,98.12,1.44798,99.66765,-1.56499,-0.73991,6.80584,0.21276,4.65392
2026-04-15,98.06,1.48736,99.93564,-1.89469,-0.8957,6.78179,0.21932,4.65392
2026-04-16,98.22,1.51594,100.53702,-2.33161,-1.10167,6.79131,0.22322,4.65392
2026-04-17,98.1,1.5076,99.5714,-1.48876,-0.70281,6.78158,0.22231,4.65392
2026-04-20,98.05,1.50943,100.02871,-1.99796,-0.94291,6.77938,0.22265,4.65392
2026-04-21,98.41,1.54339,100.50817,-2.10966,-0.99505,6.65501,0.23191,4.65392
2026-04-22,98.59,1.52456,100.66165,-2.07951,-0.98008,6.66081,0.22889,4.65392
2026-04-23,98.8,1.52689,100.9038,-2.10699,-0.99219,6.62345,0.23053,4.65392
2026-04-24,98.51,1.47376,100.50874,-2.00866,-0.94527,6.46011,0.22813,4.65392
2026-04-27,98.48,1.48097,100.77855,-2.3072,-1.08514,6.34875,0.23327,4.65392
2026-04-28,98.62,1.48077,100.97483,-2.35972,-1.10922,6.10001,0.24275,4.65392
2026-04-29,98.92,1.51006,101.62785,-2.70062,-1.26826,6.11003,0.24714,4.65392
2026-04-30,98.08,1.51488,101.32757,-3.2575,-1.52747,6.35241,0.23847,4.65392
2026-05-01,98.21,1.51828,100.81292,-2.61585,-1.22386,6.1928,0.24517,4.78155
2026-05-04,98.47,1.56065,101.51628,-3.04672,-1.42346,6.0857,0.25645,4.78155
2026-05-05,98.48,1.54172,100.98029,-2.50718,-1.16917,6.07368,0.25384,4.78155
2026-05-06,98.02,1.56221,100.41719,-2.41619,-1.12526,6.14036,0.25442,4.78155
2026-05-07,98.25,1.63515,100.84429,-2.60623,-1.21228,6.14455,0.26611,4.78155
2026-05-08,97.84,1.59218,100.57521,-2.75723,-1.28067,6.19048,0.2572,4.78155
2026-05-11,97.94,1.59711,100.76942,-2.84799,-1.32074,5.95491,0.2682,4.78155
2026-05-12,98.29,1.59319,100.96531,-2.68547,-1.24329,5.9926,0.26586,4.78155
2026-05-13,98.48,1.5748,100.62184,-2.15158,-0.99462,6.0021,0.26237,4.78155
2026-05-14,98.88,1.63385,101.06324,-2.18395,-1.00866,6.04798,0.27015,4.78155
2026-05-15,99.27,1.65799,101.44346,-2.16582,-0.99944,6.0885,0.27232,4.78155
2026-05-18,98.97,1.67187,101.7271,-2.74769,-1.267,6.10466,0.27387,4.78155
2026-05-19,99.3,1.68814,101.74446,-2.43188,-1.11978,6.04304,0.27935,4.78155
2026-05-20,99.11,1.60882,100.671,-1.56274,-0.71878,6.04321,0.26622,4.78155
2026-05-21,99.19,1.68645,101.09947,-1.90677,-0.87662,6.03649,0.27938,4.78155
2026-05-22,99.32,1.78258,101.90053,-2.56502,-1.17838,6.03493,0.29538,4.78155
2026-05-26,99.17,1.70146,100.94307,-1.77211,-0.81311,6.0365,0.28186,4.78155
2026-05-27,99.21,1.70078,100.55196,-1.34358,-0.61636,6.02222,0.28242,4.78155
2026-05-28,99.02,1.69655,100.48013,-1.46382,-0.67133,6.03598,0.28107,4.78155
2026-05-29,98.91,1.70086,100.38703,-1.48227,-0.67954,6.02769,0.28217,4.78155
2026-06-01,99.2,1.70782,100.63335,-1.43457,-0.6574,5.85154,0.29186,5.29948
2026-06-02,99.22,1.72937,100.87423,-1.65349,-0.75742,5.69318,0.30376,5.29948
2026-06-03,99.53,1.72867,100.97819,-1.44455,-0.66134,5.69614,0.30348,5.29948
2026-06-04,99.41,1.70129,100.56081,-1.15098,-0.52672,5.59368,0.30415,5.29948
2026-06-05,100.07,1.80638,101.10477,-1.02873,-0.47065,5.70467,0.31665,5.29948
2026-06-08,100.05,1.76713,100.92367,-0.86944,-0.39768,5.69405,0.31035,5.29948
2026-06-09,99.91,1.75083,100.5589,-0.64738,-0.29607,5.65393,0.30967,5.29948
2026-06-10,99.95,1.73646,100.52125,-0.56991,-0.26062,5.59936,0.31012,5.29948
2026-06-11,99.86,1.67745,99.90129,-0.04133,-0.0189,5.50913,0.30449,5.29948
2026-06-12,99.75,1.74453,100.22582,-0.47588,-0.21763,5.36805,0.32498,5.29948
2026-06-15,99.63,1.77342,100.14662,-0.5172,-0.23652,5.21367,0.34015,5.29948
2026-06-16,99.54,1.75484,99.63911,-0.09951,-0.04551,5.21024,0.33681,5.29948
2026-06-17,100.09,1.899,100.77873,-0.68576,-0.31361,5.22687,0.36332,5.29948
2026-06-18,100.85,1.8665,100.59096,0.25718,0.1176,5.14297,0.36292,5.29948
2026-06-22,101.02,1.9209,100.8299,0.18836,0.08613,5.08814,0.37752,5.29948
2026-06-23,101.41,1.8717,100.32328,1.0774,0.49266,4.91976,0.38045,5.29948
2026-06-24,101.61,1.83465,99.748,1.8495,0.84556,4.84723,0.3785,5.29948
2026-06-25,101.43,1.82524,99.81357,1.60647,0.73398,4.85741,0.37576,5.29948
2026-06-26,101.36,1.8259,99.52905,1.8229,0.83246,4.82951,0.37807,5.29948
2026-06-29,101.11,1.83641,99.73896,1.36527,0.62306,4.83686,0.37967,5.29948
2026-06-30,101.19,1.88273,100.10562,1.07742,0.49151,4.78819,0.3932,5.29948
2026-07-01,101.39,1.91089,100.19693,1.18369,0.53989,4.66482,0.40964,5.58246
2026-07-02,100.86,1.89753,100.12567,0.73073,0.33321,4.74564,0.39985,5.58246
2026-07-06,100.85,1.86308,99.88739,0.95908,0.43733,4.68868,0.39736,5.58246
2026-07-07,101.14,1.88629,100.25889,0.87499,0.39894,4.71867,0.39975,5.58246
2026-07-08,101.05,1.82797,100.13279,0.91183,0.41573,4.66742,0.39165,5.58246
2026-07-09,100.94,1.7795,99.62697,1.30934,0.59693,4.5474,0.39132,5.58246
2026-07-10,100.97,1.84376,100.11698,0.84841,0.38669,4.49401,0.41027,5.58246
2026-07-13,101.28,1.85411,100.77427,0.50059,0.22817,4.50664,0.41142,5.58246
2026-07-14,100.94,1.74301,100.03416,0.90146,0.41092,4.52311,0.38536,5.58246
2026-07-15,100.5,1.70185,99.74698,0.7521,0.34284,4.5858,0.37111,5.58246
2026-07-16,100.73,1.71287,99.76001,0.96763,0.44106,4.59693,0.37261,5.58246
2026-07-17,100.75,1.73464,100.20085,0.54655,0.24909,4.5906,0.37787,5.58246
2026-07-20,100.99,1.75485,100.44399,0.54212,0.2471,4.59526,0.38188,5.58246
2026-07-21,101.18,1.7819,100.81114,0.36523,0.16648,4.59959,0.3874,5.58246
2026-07-22,101.14,1.81063,101.25817,-0.11677,-0.05325,4.55748,0.39729,5.58246
2026-07-23,101.43,1.82976,101.83118,-0.39474,-0.18013,4.57503,0.39994,5.58246
2026-07-24,101.47,1.80624,101.37224,0.09639,0.044,4.56232,0.3959,5.58246
2026-07-27,101.51,1.82373,100.89279,0.60989,0.27851,4.51088,0.4043,5.58246
2026-07-28,101.38,1.79315,100.33074,1.04037,0.47536,4.52197,0.39654,5.58246
2026-07-29,100.8,1.73682,100.37483,0.42269,0.19319,4.68392,0.3708,5.58246
2026-07-30,100.01,1.76014,100.46633,-0.45524,-0.20813,4.93065,0.35698,5.58246
2026-07-31,99.8,1.76997,100.62549,-0.82374,-0.37714,4.6279,0.38246,5.58246
2026-08-03,99.96,1.77596,100.18445,-0.22429,-0.10291,4.63079,0.38351,4.00877
2026-08-04,99.89,1.75654,99.67543,0.21504,0.09872,4.60967,0.38106,4.00877
2026-08-05,99.69,1.72995,99.49545,0.19534,0.08971,4.63119,0.37354,4.00877
2026-08-06,99.97,1.79899,100.28842,-0.31801,-0.14614,4.5522,0.39519,4.00877
2026-08-07,99.6,1.73512,99.88795,-0.28869,-0.13273,4.60307,0.37695,4.00877
2026-08-10,99.81,1.74978,100.30171,-0.49144,-0.22599,4.53008,0.38626,4.00877
2026-08-11,99.82,1.72944,100.23255,-0.41244,-0.18971,4.52799,0.38194,4.00877
2026-08-12,100.01,1.71039,100.10368,-0.09362,-0.04307,4.49128,0.38083,4.00877
2026-08-13,99.96,1.66704,99.62405,0.33665,0.15492,4.48116,0.37201,4.00877
2026-08-14,99.67,1.65648,99.65902,0.01102,0.00507,4.45631,0.37172,4.00877
2026-08-17,99.64,1.66197,99.8447,-0.20523,-0.09446,4.38914,0.37865,4.00877
2026-08-18,99.65,1.62743,99.5748,0.07549,0.03474,4.34411,0.37463,4.00877
2026-08-19,98.83,1.6292,99.65341,-0.8297,-0.38187,4.60561,0.35374,4.00877
2026-08-20,98.9,1.62048,99.70407,-0.80973,-0.37262,4.59288,0.35282,4.00877
2026-08-21,98.8,1.69474,100.32704,-1.53376,-0.70571,4.59376,0.36892,4.00877
2026-08-24,99.0,1.66592,99.92411,-0.92912,-0.42729,4.6046,0.36179,4.00877
2026-08-25,98.92,1.63285,99.42052,-0.50471,-0.23207,4.59768,0.35515,4.00877
2026-08-26,99.17,1.6463,99.46982,-0.30187,-0.1388,4.62548,0.35592,4.00877
2026-08-27,99.16,1.63275,99.50998,-0.35232,-0.16201,4.60922,0.35424,4.00877
2026-08-28,99.7,1.7519,100.39253,-0.69222,-0.3183,4.728,0.37054,4.00877
2026-08-31,99.43,1.70659,100.10964,-0.68121,-0.31323,4.72672,0.36105,4.00877
2026-09-01,99.67,1.7288,100.53493,-0.86405,-0.39749,4.75044,0.36392,4.00877
2026-09-02,99.56,1.68864,100.30522,-0.74573,-0.34328,4.71528,0.35812,4.00877
2026-09-03,99.0,1.66147,100.09883,-1.10382,-0.50823,4.84324,0.34305,4.00877
2026-09-04,99.16,1.70269,100.45392,-1.29644,-0.59746,4.66266,0.36518,4.00877
2026-09-08,98.84,1.6846,100.38249,-1.54854,-0.71408,4.70338,0.35817,4.00877
2026-09-09,98.77,1.68237,100.54595,-1.78209,-0.82302,4.6982,0.35809,4.00877
2026-09-10,99.09,1.71492,101.14781,-2.05545,-0.94967,4.74643,0.36131,4.00877
2026-09-11,99.12,1.75914,101.31966,-2.19492,-1.01402,4.74466,0.37076,4.00877
2026-09-14,99.46,1.69958,100.86758,-1.40531,-0.64922,4.79262,0.35462,4.00877
2026-09-15,99.65,1.74756,101.40304,-1.7439,-0.80594,4.80248,0.36389,4.00877
2026-09-16,100.31,1.83698,101.90723,-1.57975,-0.73002,4.9763,0.36915,4.00877
2026-09-17,100.22,1.77784,101.39237,-1.163,-0.5374,4.85793,0.36597,4.00877
2026-09-18,100.22,1.81803,101.64394,-1.41081,-0.65202,4.60971,0.39439,4.00877
2026-09-21,100.43,1.87211,101.83519,-1.38948,-0.64245,4.61686,0.40549,4.00877
2026-09-22,100.6,1.83175,101.43587,-0.82746,-0.38269,4.56167,0.40155,4.00877
2026-09-23,101.1,1.90555,102.23048,-1.11198,-0.51439,4.65567,0.4093,4.00877
2026-09-24,101.29,1.90408,102.40407,-1.09388,-0.50621,4.65896,0.40869,4.00877
2026-09-25,100.97,1.81955,101.58997,-0.61214,-0.28323,4.69948,0.38718,4.00877
2026-09-28,101.2,1.93738,102.56868,-1.34339,-0.62158,4.69646,0.41252,4.00877
2026-09-29,101.37,1.92633,102.30733,-0.92041,-0.42572,4.70578,0.40935,4.00877
2026-09-30,101.45,1.96226,102.63811,-1.16433,-0.53847,4.6918,0.41823,4.00877
2026-10-01,102.1,1.90702,102.11256,-0.01231,-0.00569,4.73902,0.40241,4.00877
2026-10-02,101.93,2.05268,103.27672,-1.31257,-0.60708,4.7533,0.43184,4.00877
2026-10-05,102.166,2.06468,103.24942,-1.05487,-0.48771,4.74169,0.43543,4.00877
