date,spot,diff,fair,gap_pct,z,vol_3m,carry_to_vol,reer_dev
2007-07-30,1.3712,-0.35558,,,,,,6.66607
2007-07-31,1.3672,-0.28271,,,,,,6.66607
2007-08-01,1.36771,-0.30019,,,,,,6.27986
2007-08-02,1.37071,-0.29094,,,,,,6.27986
2007-08-03,1.3787,-0.19974,,,,,,6.27986
2007-08-06,1.37969,-0.21894,,,,,,6.27986
2007-08-07,1.3741,-0.29406,,,,,,6.27986
2007-08-08,1.3803,-0.31119,,,,,,6.27986
2007-08-09,1.36741,-0.23839,,,,,,6.27986
2007-08-10,1.36891,-0.2858,,,,,,6.27986
2007-08-13,1.3613,-0.26633,,,,,,6.27986
2007-08-14,1.35349,-0.17682,,,,,,6.27986
2007-08-15,1.3428,-0.16921,,,,,,6.27986
2007-08-16,1.3425,-0.11179,,,,,,6.27986
2007-08-17,1.3494,-0.24892,,,,,,6.27986
2007-08-20,1.34749,-0.16054,,,,,,6.27986
2007-08-21,1.3455,-0.21774,,,,,,6.27986
2007-08-22,1.355,-0.14597,,,,,,6.27986
2007-08-23,1.35569,-0.20341,,,,,,6.27986
2007-08-24,1.3667,-0.31287,,,,,,6.27986
2007-08-27,1.36379,-0.24284,,,,,,6.27986
2007-08-28,1.3599,-0.13999,,,,,,6.27986
2007-08-29,1.36741,-0.18161,,,,,,6.27986
2007-08-30,1.3642,-0.10228,,,,,,6.27986
2007-08-31,1.3642,-0.11976,,,,,,6.27986
2007-09-03,1.3614,-0.12473,,,,,,7.10349
2007-09-04,1.36201,-0.12437,,,,,,7.10349
2007-09-05,1.36539,-0.0447,,,,,,7.10349
2007-09-06,1.3696,-0.12271,,,,,,7.10349
2007-09-07,1.37751,-0.01588,,,,,,7.10349
2007-09-11,1.38401,-0.09018,,,,,,7.10349
2007-09-12,1.3908,-0.04568,,,,,,7.10349
2007-09-13,1.38669,-0.12116,,,,,,7.10349
2007-09-14,1.38781,-0.11575,,,,,,7.10349
2007-09-17,1.3865,-0.11205,,,,,,7.10349
2007-09-18,1.398,0.0098,,,,,,7.10349
2007-09-19,1.3969,0.01207,,,,,,7.10349
2007-09-20,1.4079,-0.04763,,,,,,7.10349
2007-09-21,1.4092,-0.036,,,,,,7.10349
2007-09-24,1.4074,-0.03188,,,,,,7.10349
2007-09-25,1.41521,-0.00925,,,,,,7.10349
2007-09-26,1.41331,0.07736,,,,,,7.10349
2007-09-27,1.41521,0.10879,,,,,,7.10349
2007-09-28,1.42649,0.06174,,,,,,7.10349
2007-10-01,1.42361,-0.02008,,,,,,7.7509
2007-10-02,1.41521,0.02109,,,,,,7.7509
2007-10-03,1.41,-0.04942,,,,,,7.7509
2007-10-04,1.41351,-0.02963,,,,,,7.7509
2007-10-05,1.41331,-0.08305,,,,,,7.7509
2007-10-08,1.40491,-0.07285,,,,,,7.7509
2007-10-09,1.4107,-0.13978,,,,,,7.7509
2007-10-10,1.41411,-0.0946,,,,,,7.7509
2007-10-11,1.42019,-0.04789,,,,,,7.7509
2007-10-12,1.419,-0.09454,,,,,,7.7509
2007-10-15,1.42039,-0.02826,,,,,,7.7509
2007-10-16,1.4177,0.04355,,,,,,7.7509
2007-10-17,1.42171,0.1395,,,,,,7.7509
2007-10-18,1.42949,0.1315,,,,,,7.7509
2007-10-19,1.42969,0.20872,,,,,,7.7509
2007-10-22,1.418,0.12156,,,,,,7.7509
2007-10-23,1.4258,0.17842,,,,,,7.7509
2007-10-24,1.42631,0.19498,,,,,,7.7509
2007-10-25,1.4326,0.17282,,,,,,7.7509
2007-10-26,1.4393,0.17206,,,,6.73199,0.02556,7.7509
2007-10-29,1.44179,0.15567,,,,6.69261,0.02326,7.7509
2007-10-30,1.444,0.16816,,,,6.69329,0.02512,7.7509
2007-10-31,1.4472,0.11807,,,,6.69346,0.01764,7.7509
2007-11-01,1.44271,0.25046,,,,6.66289,0.03759,9.28411
2007-11-02,1.44879,0.30427,,,,6.69928,0.04542,9.28411
2007-11-05,1.44781,0.26422,,,,6.63386,0.03983,9.28411
2007-11-06,1.45641,0.2832,,,,6.67183,0.04245,9.28411
2007-11-07,1.46239,0.32814,,,,6.36922,0.05152,9.28411
2007-11-08,1.46811,0.43004,,,,6.39435,0.06725,9.28411
2007-11-09,1.4675,0.41848,,,,6.25707,0.06688,9.28411
2007-11-12,1.45239,0.43918,,,,6.5262,0.06729,9.28411
2007-11-13,1.4621,0.32319,,,,6.35414,0.05086,9.28411
2007-11-14,1.46501,0.35158,,,,6.34722,0.05539,9.28411
2007-11-15,1.4621,0.5242,,,,6.33631,0.08273,9.28411
2007-11-16,1.4634,0.51281,,,,6.31326,0.08123,9.28411
2007-11-19,1.4669,0.62731,,,,6.29113,0.09971,9.28411
2007-11-20,1.48331,0.65208,,,,6.49063,0.10046,9.28411
2007-11-21,1.4858,0.74156,,,,6.48809,0.1143,9.28411
2007-11-22,1.4856,0.72283,,,,6.35352,0.11377,9.28411
2007-11-23,1.4801,0.66428,,,,6.39606,0.10386,9.28411
2007-11-27,1.48379,0.66702,,,,6.34395,0.10514,9.28411
2007-11-28,1.4841,0.61583,,,,6.29223,0.09787,9.28411
2007-11-29,1.47599,0.71024,,,,6.39615,0.11104,9.28411
2007-11-30,1.46959,0.78085,,,,6.48902,0.12033,9.28411
2007-12-03,1.46701,0.88382,,,,6.48329,0.13632,9.09134
2007-12-04,1.4766,0.84381,,,,6.56838,0.12847,9.09134
2007-12-05,1.4599,0.85665,,,,7.03396,0.12179,9.09134
2007-12-06,1.46591,0.76905,,,,7.04902,0.1091,9.09134
2007-12-07,1.46561,0.77167,,,,6.98884,0.11041,9.09134
2007-12-10,1.47089,0.766,,,,6.96828,0.10993,9.09134
2007-12-11,1.46649,1.00905,,,,6.96612,0.14485,9.09134
2007-12-12,1.47161,0.9108,,,,6.94239,0.13119,9.09134
2007-12-13,1.46299,0.7981,,,,7.07486,0.11281,9.09134
2007-12-14,1.44371,0.69479,,,,7.61015,0.0913,9.09134
2007-12-17,1.4413,0.75646,,,,7.46406,0.10135,9.09134
2007-12-19,1.43839,0.85131,,,,7.47663,0.11386,9.09134
2007-12-20,1.4333,0.88884,,,,7.36612,0.12067,9.09134
2007-12-21,1.43881,0.79695,,,,7.3993,0.10771,9.09134
2007-12-24,1.4397,0.7513,,,,7.39224,0.10163,9.09134
2007-12-25,1.43959,0.7513,,,,7.31746,0.10267,9.09134
2007-12-26,1.44879,0.6813,,,,7.41028,0.09194,9.09134
2007-12-27,1.46139,0.79532,,,,7.59058,0.10478,9.09134
2007-12-28,1.4718,0.89656,,,,7.55878,0.11861,9.09134
2007-12-31,1.46011,0.96429,,,,7.73116,0.12473,9.09134
2008-01-01,1.46201,0.96429,,,,7.62537,0.12646,8.44563
2008-01-02,1.47169,1.04966,,,,7.67232,0.13681,8.44563
2008-01-03,1.47449,1.02339,,,,7.66762,0.13347,8.44563
2008-01-04,1.47549,1.05233,,,,7.66585,0.13727,8.44563
2008-01-07,1.4683,1.06081,,,,7.63095,0.13901,8.44563
2008-01-08,1.5571,1.09894,,,,13.88,0.07917,8.44563
2008-01-09,1.4664,1.10786,,,,18.55348,0.05971,8.44563
2008-01-10,1.4801,1.11074,,,,18.62106,0.05965,8.44563
2008-01-11,1.47901,1.19742,,,,18.62075,0.06431,8.44563
2008-01-14,1.4869,1.16326,,,,18.64406,0.06239,8.44563
2008-01-15,1.48021,1.17522,,,,18.66629,0.06296,8.44563
2008-01-16,1.4664,1.15943,,,,18.76853,0.06178,8.44563
2008-01-17,1.464,1.16074,,,,18.74584,0.06192,8.44563
2008-01-18,1.4618,1.18962,,,,18.74959,0.06345,8.44563
2008-01-21,1.442,1.08756,,,,18.88105,0.0576,8.44563
2008-01-22,1.46479,1.31262,,,,19.10437,0.06871,8.44563
2008-01-23,1.46321,1.25522,,,,19.10676,0.0657,8.44563
2008-01-24,1.47741,1.27278,,,,19.18025,0.06636,8.44563
2008-01-25,1.4675,1.36423,,,,19.21474,0.071,8.44563
2008-01-28,1.47881,1.26985,,,,19.26934,0.0659,8.44563
2008-01-29,1.47719,1.2151,,,,19.27024,0.06306,8.44563
2008-01-30,1.48311,1.23349,,,,19.28051,0.06398,8.44563
2008-01-31,1.4865,1.25304,,,,19.27094,0.06502,8.44563
2008-02-01,1.47999,1.3466,,,,19.27997,0.06984,7.5419
2008-02-04,1.4828,1.35506,,,,19.28132,0.07028,7.5419
2008-02-05,1.46381,1.37874,,,,19.42803,0.07097,7.5419
2008-02-06,1.46171,1.34289,,,,19.41301,0.06917,7.5419
2008-02-07,1.44789,1.21168,,,,19.48824,0.06217,7.5419
2008-02-08,1.5571,1.22519,,,,24.34262,0.05033,7.5419
2008-02-11,1.4502,1.19534,,,,28.21479,0.04237,7.5419
2008-02-12,1.45819,1.24529,,,,28.20455,0.04415,7.5419
2008-02-13,1.4556,1.29906,,,,28.20358,0.04606,7.5419
2008-02-14,1.46441,1.32944,,,,28.22736,0.0471,7.5419
2008-02-15,1.46761,1.29006,,,,28.23015,0.0457,7.5419
2008-02-18,1.46501,1.36594,,,,28.22839,0.04839,7.5419
2008-02-19,1.47299,1.2227,,,,28.15998,0.04342,7.5419
2008-02-20,1.4723,1.17925,,,,28.15772,0.04188,7.5419
2008-02-21,1.4815,1.44139,,,,28.18659,0.05114,7.5419
2008-02-22,1.4826,1.41616,,,,28.17713,0.05026,7.5419
2008-02-25,1.48359,1.25226,,,,28.17301,0.04445,7.5419
2008-02-26,1.49961,1.39112,,,,28.25482,0.04923,7.5419
2008-02-27,1.51181,1.36163,,,,28.27512,0.04816,7.5419
2008-02-28,1.5196,1.45457,,,,28.27431,0.05144,7.5419
2008-02-29,1.5192,1.55232,,,,28.27095,0.05491,7.5419
2008-03-03,1.52001,1.60554,,,,28.24495,0.05684,11.12112
2008-03-04,1.52101,1.60613,,,,28.1423,0.05707,11.12112
2008-03-05,1.5277,1.61467,,,,28.14375,0.05737,11.12112
2008-03-06,1.53851,1.76675,,,,28.17215,0.06271,11.12112
2008-03-07,1.5336,1.76137,,,,28.1772,0.06251,11.12112
2008-03-10,1.5341,1.78611,,,,28.1675,0.06341,11.12112
2008-03-11,1.53419,1.61782,,,,28.16215,0.05745,11.12112
2008-03-12,1.554,1.7396,,,,28.23416,0.06161,11.12112
2008-03-13,1.56221,1.66504,,,,28.09758,0.05926,11.12112
2008-03-14,1.56179,1.85343,,,,28.09304,0.06597,11.12112
2008-03-17,1.5748,1.87379,,,,28.11964,0.06664,11.12112
2008-03-18,1.5658,1.73579,,,,28.13877,0.06169,11.12112
2008-03-19,1.56389,1.84847,,,,28.13918,0.06569,11.12112
2008-03-20,1.54421,1.893,,,,28.27778,0.06694,11.12112
2008-03-21,1.56971,1.893,,,,28.44071,0.06656,11.12112
2008-03-24,1.5435,1.643,,,,28.65306,0.05734,11.12112
2008-03-25,1.56121,1.79692,,,,28.6882,0.06264,11.12112
2008-03-26,1.5824,1.89129,,,,28.77127,0.06574,11.12112
2008-03-27,1.5814,1.84529,,,,28.71404,0.06426,11.12112
2008-03-28,1.57609,1.93993,,,,28.72896,0.06753,11.12112
2008-03-31,1.5758,1.97555,,,,28.70909,0.06881,11.12112
2008-04-02,1.56779,1.771,,,,28.73507,0.06163,11.79936
2008-04-03,1.56671,1.73231,,,,28.73695,0.06028,11.79936
2008-04-04,1.57369,1.78492,,,,28.72048,0.06215,11.79936
2008-04-07,1.5705,1.71646,,,,26.22865,0.06544,11.79936
2008-04-08,1.5578,1.79519,,,,23.27949,0.07711,11.79936
2008-04-09,1.5824,1.87858,,,,23.40679,0.08026,11.79936
2008-04-10,1.57421,1.75963,,,,23.43763,0.07508,11.79936
2008-04-11,1.5822,1.80828,,,,23.43575,0.07716,11.79936
2008-04-14,1.5825,1.81764,,,,23.40979,0.07764,11.79936
2008-04-15,1.57861,1.8153,,,,23.32532,0.07783,11.79936
2008-04-16,1.59581,1.71187,,,,23.39764,0.07316,11.79936
2008-04-17,1.5902,1.6252,,,,23.41116,0.06942,11.79936
2008-04-18,1.57339,1.68737,,,,23.34071,0.07229,11.79936
2008-04-21,1.59119,1.6579,,,,23.24701,0.07132,11.79936
2008-04-22,1.5988,1.76397,,,,23.25195,0.07586,11.79936
2008-04-23,1.5874,1.71517,,,,23.25253,0.07376,11.79936
2008-04-24,1.56841,1.50823,,,,23.34962,0.06459,11.79936
2008-04-25,1.5637,1.48017,,,,23.32426,0.06346,11.79936
2008-04-28,1.56529,1.54561,,,,23.32079,0.06628,11.79936
2008-04-29,1.55671,1.51254,,,,23.34714,0.06478,11.79936
2008-04-30,1.56221,1.56662,,,,23.35172,0.06709,11.79936
2008-05-02,1.5434,1.43699,,,,23.47207,0.06122,10.99869
2008-05-05,1.54981,1.47649,,,,23.48116,0.06288,10.99869
2008-05-06,1.55359,1.43082,,,,23.32008,0.06136,10.99869
2008-05-07,1.53851,1.53099,,,,23.41378,0.06539,10.99869
2008-05-08,1.54641,1.55275,,,,23.33451,0.06654,10.99869
2008-05-09,1.54899,1.48951,,,,18.23378,0.08169,10.99869
2008-05-12,1.554,1.49073,,,,11.1457,0.13375,10.99869
2008-05-13,1.5477,1.41672,,,,11.15631,0.12699,10.99869
2008-05-14,1.54691,1.41922,,,,11.14662,0.12732,10.99869
2008-05-15,1.54509,1.56814,,,,11.10664,0.14119,10.99869
2008-05-16,1.5596,1.56353,,,,11.23318,0.13919,10.99869
2008-05-19,1.5528,1.59926,,,,11.2709,0.14189,10.99869
2008-05-20,1.56541,1.69417,,,,11.3265,0.14958,10.99869
2008-05-21,1.57881,1.71024,,,,11.42249,0.14973,10.99869
2008-05-22,1.57319,1.62369,,,,11.41188,0.14228,10.99869
2008-05-23,1.57851,1.74484,,,,11.42202,0.15276,10.99869
2008-05-26,1.57793,1.74301,,,,11.42508,0.15256,10.99869
2008-05-27,1.5691,1.64541,,,,11.32501,0.14529,10.99869
2008-05-28,1.56561,1.60313,,,,11.23942,0.14263,10.99869
2008-05-29,1.55181,1.63734,,,,11.35528,0.14419,10.99869
2008-05-30,1.5541,1.62117,,,,11.35691,0.14275,10.99869
2008-06-02,1.55461,1.73827,,,,11.35686,0.15306,10.48355
2008-06-03,1.54502,1.87547,,,,11.43169,0.16406,10.48355
2008-06-04,1.54326,1.7991,,,,11.40374,0.15776,10.48355
2008-06-05,1.55889,1.98108,,,,11.49389,0.17236,10.48355
2008-06-06,1.57851,2.18707,,,,11.73125,0.18643,10.48355
2008-06-09,1.56436,1.92586,,,,11.88295,0.16207,10.48355
2008-06-10,1.54641,1.68093,,,,12.11706,0.13872,10.48355
2008-06-11,1.55579,1.70546,,,,11.90204,0.14329,10.48355
2008-06-12,1.5461,1.54435,,,,11.91851,0.12958,10.48355
2008-06-13,1.5369,1.55443,,,,11.97486,0.12981,10.48355
2008-06-16,1.54739,1.69376,,,,11.93512,0.14191,10.48355
2008-06-17,1.55219,1.70571,,,,11.90177,0.14332,10.48355
2008-06-18,1.55381,1.74651,,,,11.90201,0.14674,10.48355
2008-06-19,1.55099,1.70255,,,,11.63128,0.14638,10.48355
2008-06-20,1.56279,1.74225,,,,11.25698,0.15477,10.48355
2008-06-23,1.55229,1.60373,,,,10.8181,0.14824,10.48355
2008-06-24,1.557,1.67018,,,,10.58914,0.15773,10.48355
2008-06-25,1.5674,1.7637,,,,10.31912,0.17092,10.48355
2008-06-26,1.5753,1.85837,,,,10.37037,0.1792,10.48355
2008-06-27,1.5753,1.84862,,,,10.34864,0.17863,10.48355
2008-06-30,1.575,1.98939,,,,10.34864,0.19224,10.48355
2008-07-02,1.58781,2.045,,,,10.42119,0.19623,10.0386
2008-07-03,1.57001,1.97215,,,,10.66997,0.18483,10.0386
2008-07-04,1.57139,1.93185,,,,10.63384,0.18167,10.0386
2008-07-07,1.57201,1.96163,,,,10.62631,0.1846,10.0386
2008-07-08,1.53339,1.95589,,,,11.62853,0.1682,10.0386
2008-07-09,1.57359,2.04504,,,,12.35329,0.16555,10.0386
2008-07-10,1.57851,1.98928,,,,12.32555,0.1614,10.0386
2008-07-11,1.5949,1.81561,,,,12.45697,0.14575,10.0386
2008-07-14,1.58909,1.92389,,,,12.47978,0.15416,10.0386
2008-07-15,1.5899,1.9315,,,,12.46943,0.1549,10.0386
2008-07-16,1.5822,1.91621,,,,12.31475,0.1556,10.0386
2008-07-17,1.58559,1.81868,,,,12.30354,0.14782,10.0386
2008-07-18,1.58539,1.84062,,,,12.11419,0.15194,10.0386
2008-07-21,1.59139,1.95311,,,,11.92593,0.16377,10.0386
2008-07-22,1.57921,1.82558,,,,11.98365,0.15234,10.0386
2008-07-23,1.56924,1.78181,,,,11.96531,0.14891,10.0386
2008-07-24,1.56887,1.84928,,,,11.72029,0.15778,10.0386
2008-07-25,1.5673,1.7436,,,,11.70621,0.14895,10.0386
2008-07-28,1.57413,1.80447,,,,11.73651,0.15375,10.0386
2008-07-29,1.55909,1.7294,,,,11.84423,0.14601,10.0386
2008-07-30,1.55737,1.7114,,,,11.82481,0.14473,10.0386
2008-07-31,1.55931,1.79397,,,,11.57002,0.15505,10.0386
2008-08-08,1.50489,1.58621,,,,13.5633,0.11695,7.16538
2008-08-26,1.46479,1.65237,,,,14.54953,0.11357,7.16538
2008-08-27,1.47258,1.80839,,,,14.49001,0.1248,7.16538
2008-08-28,1.47141,1.81102,,,,14.44172,0.1254,7.16538
2008-08-29,1.46709,1.7732,,,,14.43923,0.1228,7.16538
2008-09-01,1.45749,1.68547,,,,14.45932,0.11657,5.84157
2008-09-02,1.45159,1.85792,,,,14.45927,0.12849,5.84157
2008-09-03,1.4486,1.83142,,,,14.46038,0.12665,5.84157
2008-09-04,1.42649,1.86969,,,,14.74207,0.12683,5.84157
2008-09-05,1.42749,1.73952,,,,14.58972,0.11923,5.84157
2008-09-08,1.505,1.72271,,,,18.17008,0.09481,5.84157
2008-09-09,1.41485,1.79541,,,,21.83177,0.08224,5.84157
2008-09-10,1.39841,1.78621,,,,21.82494,0.08184,5.84157
2008-09-11,1.3996,1.76941,,,,21.82935,0.08106,5.84157
2008-09-12,1.42399,1.76558,,,,22.13973,0.07975,5.84157
2008-09-15,1.4269,2.04553,,,,22.15055,0.09235,5.84157
2008-09-16,1.41351,1.85782,,,,22.19176,0.08372,5.84157
2008-09-17,1.43293,2.19241,,,,22.40134,0.09787,5.84157
2008-09-18,1.43049,2.08305,,,,22.35031,0.0932,5.84157
2008-09-19,1.44179,1.84295,,,,22.41898,0.08221,5.84157
2008-09-22,1.4796,1.97429,,,,23.06258,0.08561,5.84157
2008-09-23,1.46929,1.9258,,,,23.0708,0.08347,5.84157
2008-09-24,1.46331,1.8947,,,,23.08004,0.08209,5.84157
2008-09-25,1.46419,1.77084,,,,22.97527,0.07708,5.84157
2008-09-26,1.4599,1.7233,,,,22.81356,0.07554,5.84157
2008-09-29,1.43933,1.95019,,,,22.9087,0.08513,5.84157
2008-09-30,1.40964,1.58661,,,,23.15146,0.06853,5.84157
2008-10-01,1.40162,1.74789,,,,23.11564,0.07561,3.4486
2008-10-02,1.3808,1.84548,,,,23.25143,0.07937,3.4486
2008-10-03,1.37849,1.69435,,,,23.23598,0.07292,3.4486
2008-10-06,1.35049,1.70399,,,,23.46976,0.0726,3.4486
2008-10-07,1.35881,1.60998,,,,23.50526,0.06849,3.4486
2008-10-08,1.49571,1.3541,,,,30.61807,0.04423,3.4486
2008-10-09,1.3598,1.3946,,,,35.99896,0.03874,3.4486
2008-10-10,1.3398,1.35974,,,,36.03318,0.03774,3.4486
2008-10-13,1.36219,1.46687,,,,36.22141,0.0405,3.4486
2008-10-14,1.3618,1.35577,,,,36.20848,0.03744,3.4486
2008-10-15,1.34439,1.56136,,,,36.22656,0.0431,3.4486
2008-10-16,1.349,1.49901,,,,36.21452,0.04139,3.4486
2008-10-17,1.3423,1.27117,,,,36.21446,0.0351,3.4486
2008-10-20,1.33133,1.26664,,,,36.2288,0.03496,3.4486
2008-10-21,1.30611,1.36529,,,,36.30895,0.0376,3.4486
2008-10-22,1.28167,1.32196,,,,36.41045,0.03631,3.4486
2008-10-23,1.2945,1.28912,,,,36.49716,0.03532,3.4486
2008-10-24,1.26299,1.20207,,,,36.74297,0.03272,3.4486
2008-10-27,1.24646,1.11189,,,,36.54001,0.03043,3.4486
2008-10-28,1.2809,0.99519,,,,36.58566,0.0272,3.4486
2008-10-29,1.29592,1.09599,,,,36.68598,0.02987,3.4486
2008-10-30,1.2868,1.12405,,,,36.5914,0.03072,3.4486
2008-10-31,1.2702,1.11577,,,,36.64156,0.03045,3.4486
2008-11-03,1.2618,1.28484,,,,36.6372,0.03507,2.6771
2008-11-04,1.2984,1.32317,,,,37.19962,0.03557,2.6771
2008-11-05,1.29181,1.3747,,,,37.18604,0.03697,2.6771
2008-11-06,1.2695,1.44667,,,,37.2876,0.0388,2.6771
2008-11-07,1.27141,1.31484,,,,37.27221,0.03528,2.6771
2008-11-10,1.27479,1.37643,,,,37.28313,0.03692,2.6771
2008-11-11,1.2516,1.33988,,,,37.39912,0.03583,2.6771
2008-11-12,1.2459,1.34966,,,,37.39335,0.03609,2.6771
2008-11-13,1.27887,1.25813,,,,37.86205,0.03323,2.6771
2008-11-14,1.2597,1.3427,,,,37.90367,0.03542,2.6771
2008-11-17,1.2644,1.28426,,,,37.91069,0.03388,2.6771
2008-11-18,1.2637,1.33723,,,,37.91216,0.03527,2.6771
2008-11-19,1.25053,1.35487,,,,37.92726,0.03572,2.6771
2008-11-20,1.2439,1.32078,,,,37.36778,0.03535,2.6771
2008-11-21,1.2591,1.26661,,,,37.16623,0.03408,2.6771
2008-11-24,1.29177,1.03906,,,,37.55752,0.02767,2.6771
2008-11-25,1.30341,1.28156,,,,37.62177,0.03406,2.6771
2008-11-26,1.28992,1.3307,,,,37.65952,0.03533,2.6771
2008-11-27,1.28951,1.34331,,,,37.64974,0.03568,2.6771
2008-11-28,1.26979,1.37588,,,,37.74394,0.03645,2.6771
2008-12-01,1.25991,1.44219,,,,37.7611,0.03819,8.08011
2008-12-02,1.27133,1.44285,,,,37.73069,0.03824,8.08011
2008-12-03,1.27079,1.437,,,,37.72831,0.03809,8.08011
2008-12-04,1.2774,1.47868,,,,36.0867,0.04098,8.08011
2008-12-05,1.2717,1.4627,,,,34.02889,0.04298,8.08011
2008-12-08,1.4918,1.49793,,,,46.82723,0.03199,8.08011
2008-12-09,1.29261,1.72031,,,,55.01178,0.03127,8.08011
2008-12-10,1.30141,1.68281,,,,54.90794,0.03065,8.08011
2008-12-11,1.333,1.70605,,,,55.1392,0.03094,8.08011
2008-12-12,1.3354,1.67864,,,,55.11583,0.03046,8.08011
2008-12-15,1.3696,1.71946,,,,55.28964,0.0311,8.08011
2008-12-16,1.40619,1.78505,,,,55.55369,0.03213,8.08011
2008-12-17,1.44084,1.53172,,,,55.74911,0.02748,8.08011
2008-12-18,1.42931,1.55436,,,,55.5211,0.028,8.08011
2008-12-19,1.3926,1.44081,,,,55.74076,0.02585,8.08011
2008-12-22,1.39591,1.29605,,,,55.74051,0.02325,8.08011
2008-12-23,1.39379,1.26667,,,,55.74004,0.02272,8.08011
2008-12-24,1.40089,1.25897,,,,55.75052,0.02258,8.08011
2008-12-25,1.4015,1.25897,,,,55.68288,0.02261,8.08011
2008-12-26,1.4027,1.26897,,,,55.52841,0.02285,8.08011
2008-12-29,1.4039,1.35476,,,,55.51689,0.0244,8.08011
2008-12-30,1.41401,1.3922,,,,55.45039,0.02511,8.08011
2008-12-31,1.398,1.37765,,,,55.49902,0.02482,8.08011
2009-01-01,1.39989,1.37765,,,,55.33891,0.02489,7.09673
2009-01-02,1.39229,1.22171,,,,55.34004,0.02208,7.09673
2009-01-05,1.36459,1.28383,,,,51.95536,0.02471,7.09673
2009-01-06,1.351,1.30672,,,,48.37366,0.02701,7.09673
2009-01-07,1.3611,1.20334,,,,48.30325,0.02491,7.09673
2009-01-08,1.3699,1.13303,,,,48.20647,0.0235,7.09673
2009-01-09,1.3455,1.11062,,,,48.3417,0.02297,7.09673
2009-01-12,1.33601,1.11878,,,,48.29384,0.02317,7.09673
2009-01-13,1.3202,1.07859,,,,48.34563,0.02231,7.09673
2009-01-14,1.3217,1.09502,,,,48.33726,0.02265,7.09673
2009-01-15,1.31581,1.10977,,,,48.31802,0.02297,7.09673
2009-01-16,1.3292,1.14191,,,,48.20615,0.02369,7.09673
2009-01-19,1.3094,1.14154,,,,48.1497,0.02371,7.09673
2009-01-20,1.28849,1.11564,,,,48.22004,0.02314,7.09673
2009-01-21,1.30051,1.04729,,,,47.99438,0.02182,7.09673
2009-01-22,1.30068,1.02134,,,,47.9144,0.02132,7.09673
2009-01-23,1.2965,0.90081,,,,47.61403,0.01892,7.09673
2009-01-26,1.31919,1.10309,,,,47.68334,0.02313,7.09673
2009-01-27,1.3216,1.11318,,,,47.66081,0.02336,7.09673
2009-01-28,1.31532,1.0156,,,,47.59505,0.02134,7.09673
2009-01-29,1.29379,0.89871,,,,47.69644,0.01884,7.09673
2009-01-30,1.2837,0.84726,,,,47.37653,0.01788,7.09673
2009-02-02,1.28149,0.85924,,,,47.36713,0.01814,6.50091
2009-02-03,1.30129,0.73376,,,,47.33406,0.0155,6.50091
2009-02-04,1.28556,0.77353,,,,47.39984,0.01632,6.50091
2009-02-05,1.27912,0.66796,,,,47.4084,0.01409,6.50091
2009-02-06,1.29271,0.65965,,,,47.30455,0.01394,6.50091
2009-02-09,1.29591,0.64026,,,,47.29482,0.01354,6.50091
2009-02-10,1.29141,0.745,,,,47.01604,0.01585,6.50091
2009-02-11,1.2868,0.67521,,,,46.92039,0.01439,6.50091
2009-02-12,1.28909,0.66958,,,,46.9163,0.01427,6.50091
2009-02-13,1.2866,0.61021,,,,46.91813,0.01301,6.50091
2009-02-16,1.2799,0.53837,,,,46.88095,0.01148,6.50091
2009-02-17,1.25819,0.59253,,,,46.99822,0.01261,6.50091
2009-02-18,1.2569,0.51287,,,,46.9358,0.01093,6.50091
2009-02-19,1.2659,0.618,,,,46.6701,0.01324,6.50091
2009-02-20,1.29329,0.61518,,,,46.83674,0.01313,6.50091
2009-02-23,1.26781,0.62656,,,,46.95982,0.01334,6.50091
2009-02-24,1.2874,0.49387,,,,47.06341,0.01049,6.50091
2009-02-25,1.27243,0.40225,,,,47.01997,0.00855,6.50091
2009-02-26,1.27205,0.52029,,,,46.99299,0.01107,6.50091
2009-02-27,1.26789,0.55689,,,,46.96299,0.01186,6.50091
2009-03-02,1.25641,0.60187,,,,46.9979,0.01281,8.84277
2009-03-03,1.25318,0.56316,,,,46.98751,0.01199,8.84277
2009-03-04,1.26381,0.47607,,,,47.01194,0.01013,8.84277
2009-03-05,1.25467,0.54807,,,,34.01791,0.01611,8.84277
2009-03-06,1.26381,0.55513,,,,18.53222,0.02995,8.84277
2009-03-09,1.26228,0.57812,,,,18.4759,0.03129,8.84277
2009-03-10,1.27167,0.54768,,,,17.87125,0.03065,8.84277
2009-03-11,1.28067,0.59667,,,,17.93253,0.03327,8.84277
2009-03-12,1.28989,0.53503,,,,17.21866,0.03107,8.84277
2009-03-13,1.29299,0.60638,,,,16.3167,0.03716,8.84277
2009-03-16,1.29761,0.57398,,,,15.49654,0.03704,8.84277
2009-03-17,1.30332,0.54731,,,,15.48815,0.03534,8.84277
2009-03-18,1.3484,0.79254,,,,16.25385,0.04876,8.84277
2009-03-19,1.36619,0.73731,,,,16.47176,0.04476,8.84277
2009-03-20,1.3582,0.63061,,,,16.50736,0.0382,8.84277
2009-03-23,1.36205,0.61315,,,,16.48297,0.0372,8.84277
2009-03-24,1.34813,0.67273,,,,16.59838,0.04053,8.84277
2009-03-25,1.3577,0.66014,,,,16.66728,0.03961,8.84277
2009-03-26,1.35307,0.72876,,,,16.67486,0.0437,8.84277
2009-03-27,1.3292,0.6248,,,,16.94823,0.03686,8.84277
2009-03-30,1.31862,0.64021,,,,16.877,0.03793,8.84277
2009-03-31,1.3247,0.65156,,,,16.90727,0.03854,8.84277
2009-04-01,1.3241,0.62093,,,,16.88191,0.03678,7.77269
2009-04-02,1.34669,0.69806,,,,16.7849,0.04159,7.77269
2009-04-03,1.34891,0.69808,,,,16.66984,0.04188,7.77269
2009-04-06,1.34057,0.75861,,,,16.64468,0.04558,7.77269
2009-04-07,1.32774,0.73602,,,,16.6924,0.04409,7.77269
2009-04-08,1.32514,0.69913,,,,16.31383,0.04285,7.77269
2009-04-09,1.316,0.66783,,,,16.31114,0.04094,7.77269
2009-04-10,1.31759,0.66783,,,,16.14008,0.04138,7.77269
2009-04-13,1.3364,0.73783,,,,16.38708,0.04503,7.77269
2009-04-14,1.3274,0.72092,,,,16.41971,0.04391,7.77269
2009-04-15,1.32259,0.67413,,,,16.30966,0.04133,7.77269
2009-04-16,1.31804,0.68026,,,,16.04103,0.04241,7.77269
2009-04-17,1.3045,0.646,,,,15.84478,0.04077,7.77269
2009-04-20,1.29289,0.67015,,,,15.83908,0.04231,7.77269
2009-04-21,1.29349,0.62676,,,,15.83941,0.03957,7.77269
2009-05-01,1.32681,0.60653,,,,16.62587,0.03648,8.08859
2009-05-04,1.34187,0.58159,,,,16.41691,0.03543,8.08859
2009-05-05,1.33159,0.54183,,,,16.49036,0.03286,8.08859
2009-05-06,1.33129,0.53128,,,,16.46074,0.03228,8.08859
2009-05-07,1.33921,0.54723,,,,16.14442,0.0339,8.08859
2009-05-08,1.3639,0.47471,,,,16.43518,0.02888,8.08859
2009-05-11,1.35899,0.531,,,,16.45204,0.03228,8.08859
2009-05-12,1.3645,0.59146,,,,16.20363,0.0365,8.08859
2009-05-13,1.35886,0.52392,,,,16.02229,0.0327,8.08859
2009-05-14,1.36361,0.54986,,,,15.98514,0.0344,8.08859
2009-05-15,1.3502,0.53339,,,,16.01148,0.03331,8.08859
2009-05-18,1.3558,0.46031,,,,16.02249,0.02873,8.08859
2009-05-19,1.36323,0.53309,,,,16.02713,0.03326,8.08859
2009-05-20,1.3773,0.63949,,,,16.11031,0.03969,8.08859
2009-05-21,1.39061,0.55525,,,,16.2002,0.03427,8.08859
2009-05-22,1.40031,0.5611,,,,16.2277,0.03458,8.08859
2009-05-25,1.4007,0.6783,,,,16.17442,0.04194,8.08859
2009-05-26,1.3994,0.61153,,,,15.73853,0.03886,8.08859
2009-05-27,1.38339,0.6397,,,,15.95013,0.04011,8.08859
2009-05-28,1.39311,0.62319,,,,15.94811,0.03908,8.08859
2009-05-29,1.41571,0.60862,,,,15.71253,0.03873,8.08859
2009-06-01,1.41639,0.56868,,,,15.10474,0.03765,9.27783
2009-06-02,1.43086,0.54549,,,,14.95062,0.03649,9.27783
2009-06-03,1.41497,0.5598,,,,14.93177,0.03749,9.27783
2009-06-04,1.4178,0.63443,,,,14.92646,0.0425,9.27783
2009-06-05,1.39719,0.41851,,,,15.25051,0.02744,9.27783
2009-06-08,1.3903,0.35727,,,,15.15506,0.02357,9.27783
2009-06-09,1.40633,0.42805,,,,15.25743,0.02806,9.27783
2009-06-10,1.39839,0.37132,,,,15.26978,0.02432,9.27783
2009-06-11,1.41109,0.44459,,,,15.23333,0.02919,9.27783
2009-06-12,1.40011,0.43956,,,,15.31458,0.0287,9.27783
2009-06-15,1.37849,0.43645,,,,15.68694,0.02782,9.27783
2009-06-16,1.38299,0.44604,,,,15.64416,0.02851,9.27783
2009-06-17,1.39381,0.42002,,,,15.65572,0.02683,9.27783
2009-06-18,1.3915,0.33672,,,,15.62168,0.02155,9.27783
2009-06-19,1.3947,0.34671,,,,15.62137,0.02219,9.27783
2009-06-22,1.38652,0.37389,,,,15.67747,0.02385,9.27783
2009-06-23,1.4072,0.43267,,,,15.90433,0.0272,9.27783
2009-06-24,1.3941,0.30124,,,,14.58055,0.02066,9.27783
2009-06-25,1.39856,0.32372,,,,14.36607,0.02253,9.27783
2009-06-26,1.4053,0.32706,,,,14.3362,0.02281,9.27783
2009-06-29,1.40861,0.35979,,,,14.33341,0.0251,9.27783
2009-06-30,1.40388,0.3913,,,,14.18757,0.02758,9.27783
2009-07-01,1.41409,0.41817,,,,14.19067,0.02947,8.19009
2009-07-02,1.39575,0.38558,,,,14.43158,0.02672,8.19009
2009-07-03,1.396,0.3817,,,,13.94528,0.02737,8.19009
2009-07-06,1.3977,0.37632,,,,13.83092,0.02721,8.19009
2009-07-07,1.39159,0.36281,,,,13.85052,0.02619,8.19009
2009-07-08,1.38791,0.4337,,,,13.86549,0.03128,8.19009
2009-07-09,1.4028,0.42883,,,,13.62361,0.03148,8.19009
2009-07-10,1.3934,0.43114,,,,13.70133,0.03147,8.19009
2009-07-13,1.39901,0.42028,,,,13.65014,0.03079,8.19009
2009-07-14,1.39716,0.41741,,,,13.49579,0.03093,8.19009
2009-07-15,1.4102,0.39067,,,,13.58924,0.02875,8.19009
2009-07-16,1.41411,0.37836,,,,13.49794,0.02803,8.19009
2009-07-17,1.4105,0.38523,,,,13.51816,0.0285,8.19009
2009-07-20,1.42118,0.46921,,,,13.3209,0.03522,8.19009
2009-07-21,1.41985,0.47869,,,,13.23425,0.03617,8.19009
2009-07-22,1.4206,0.44317,,,,13.20033,0.03357,8.19009
2009-07-23,1.41633,0.34024,,,,13.19443,0.02579,8.19009
2009-07-24,1.4212,0.41192,,,,12.99358,0.0317,8.19009
2009-07-27,1.4247,0.44889,,,,12.82539,0.035,8.19009
2009-07-28,1.41461,0.36834,,,,12.94026,0.02846,8.19009
2009-07-29,1.40146,0.30835,,,,12.1634,0.02535,8.19009
2009-07-30,1.40849,0.29574,,,,12.00852,0.02463,8.19009
2009-07-31,1.426,0.30345,,,,12.10365,0.02507,8.19009
2009-08-03,1.44119,0.29292,,,,12.24852,0.02392,8.26845
2009-08-04,1.44196,0.30754,,,,12.2124,0.02518,8.26845
2009-08-05,1.44117,0.3503,,,,11.71117,0.02991,8.26845
2009-08-06,1.4373,0.39328,,,,11.69834,0.03362,8.26845
2009-08-07,1.4191,0.36759,1.40635,0.90295,0.37291,11.99225,0.03065,8.26845
2009-08-10,1.41311,0.4416,1.40944,0.26004,0.10742,11.99379,0.03682,8.26845
2009-08-11,1.41501,0.37896,1.39911,1.1297,0.46672,11.98065,0.03163,8.26845
2009-08-12,1.42171,0.40721,1.40434,1.22912,0.50772,11.81702,0.03446,8.26845
2009-08-13,1.42759,0.41064,1.40962,1.26678,0.52338,11.81692,0.03475,8.26845
2009-08-14,1.4207,0.40377,1.4106,0.71304,0.29452,11.832,0.03412,8.26845
2009-08-17,1.4106,0.42502,1.38998,1.47264,0.60823,11.76927,0.03611,8.26845
2009-08-18,1.41651,0.41801,1.4008,1.11544,0.46059,11.64541,0.03589,8.26845
2009-08-19,1.42539,0.43598,1.40402,1.51124,0.62391,11.63004,0.03749,8.26845
2009-08-20,1.426,0.42366,1.40841,1.24154,0.5124,11.63007,0.03643,8.26845
2009-08-21,1.43209,0.39208,1.40796,1.69924,0.70139,11.65435,0.03364,8.26845
2009-08-24,1.42931,0.47716,1.4123,1.19666,0.49371,11.41282,0.04181,8.26845
2009-08-25,1.42841,0.4331,1.40831,1.41737,0.58463,11.33854,0.0382,8.26845
2009-08-26,1.42363,0.40216,1.40624,1.22878,0.50667,10.903,0.03689,8.26845
2009-08-27,1.4373,0.42198,1.41003,1.91552,0.78965,11.0661,0.03813,8.26845
2009-08-28,1.436,0.45729,1.412,1.68508,0.69425,10.88223,0.04202,8.26845
2009-08-31,1.43427,0.4894,1.4033,2.18296,0.8992,10.64429,0.04598,8.26845
2009-09-01,1.4212,0.5166,1.38656,2.46769,1.01609,10.80081,0.04783,9.14771
2009-09-02,1.42741,0.51979,1.38813,2.79005,1.14856,10.41295,0.04992,9.14771
2009-09-03,1.42564,0.46554,1.39383,2.25627,0.92834,10.36272,0.04492,9.14771
2009-09-04,1.42941,0.40395,1.40032,2.05623,0.84582,10.12727,0.03989,9.14771
2009-09-07,1.4332,0.37308,1.39886,2.42509,0.99722,10.06592,0.03706,9.14771
2009-09-08,1.45041,0.38532,1.40091,3.47261,1.42669,10.18292,0.03784,9.14771
2009-09-09,1.4548,0.41206,1.41069,3.07919,1.26279,10.05587,0.04098,9.14771
2009-09-10,1.45813,0.37951,1.41386,3.08302,1.26267,9.50815,0.03991,9.14771
2009-09-11,1.458,0.36956,1.40743,3.53053,1.44458,9.49784,0.03891,9.14771
2009-09-14,1.46432,0.35188,1.40834,3.89792,1.59287,9.41975,0.03736,9.14771
2009-09-15,1.46709,0.36213,1.41213,3.81826,1.55808,9.40911,0.03849,9.14771
2009-09-16,1.47119,0.33293,1.41442,3.93519,1.60289,9.41273,0.03537,9.14771
2009-09-17,1.4733,0.39846,1.41851,3.78925,1.54019,9.31332,0.04278,9.14771
2009-09-18,1.47161,0.3491,1.41424,3.97637,1.61254,8.88632,0.03928,9.14771
2009-09-21,1.46841,0.32211,1.40912,4.12116,1.66699,8.66909,0.03716,9.14771
2009-09-22,1.4812,0.3249,1.41792,4.36597,1.76117,8.79818,0.03693,9.14771
2009-09-23,1.4726,0.38722,1.41596,3.92234,1.5774,8.86333,0.04369,9.14771
2009-09-24,1.46509,0.36517,1.40231,4.37963,1.75697,8.93368,0.04088,9.14771
2009-09-25,1.46849,0.32627,1.39714,4.98121,1.99222,8.90287,0.03665,9.14771
2009-09-28,1.46216,0.31518,1.40191,4.2077,1.67757,8.85855,0.03558,9.14771
2009-09-29,1.45917,0.32837,1.40128,4.04842,1.61129,8.43608,0.03892,9.14771
2009-09-30,1.4655,0.37718,1.40612,4.13623,1.64256,8.46633,0.04455,9.14771
2009-10-01,1.45159,0.47149,1.39693,3.83841,1.52143,8.71301,0.05411,9.98661
2009-10-02,1.459,0.41926,1.39125,4.75492,1.88183,8.69893,0.0482,9.98661
2009-10-05,1.466,0.41772,1.40138,4.50749,1.7789,8.70775,0.04797,9.98661
2009-10-06,1.47217,0.41302,1.40879,4.40046,1.73393,8.50538,0.04856,9.98661
2009-10-07,1.47115,0.45817,1.41613,3.81159,1.50078,8.37399,0.05471,9.98661
2009-10-08,1.47813,0.41737,1.42078,3.95722,1.55584,8.38612,0.04977,9.98661
2009-10-09,1.47341,0.46921,1.43102,2.91905,1.14576,8.41444,0.05576,9.98661
2009-10-12,1.47929,0.44087,1.43243,3.21897,1.26312,8.26345,0.05335,9.98661
2009-10-13,1.4846,0.46729,1.43558,3.35781,1.31685,8.27316,0.05648,9.98661
2009-10-14,1.49321,0.44778,1.43685,3.84723,1.50797,8.3047,0.05392,9.98661
2009-10-15,1.4956,0.4911,1.44778,3.24913,1.27321,8.19584,0.05992,9.98661
2009-10-16,1.4908,0.51959,1.45633,2.33933,0.91726,8.22808,0.06315,9.98661
2009-10-19,1.49649,0.49717,1.45638,2.71719,1.06743,8.25023,0.06026,9.98661
2009-10-20,1.49345,0.50323,1.46139,2.17032,0.85364,8.23412,0.06112,9.98661
2009-10-21,1.50069,0.47468,1.45303,3.22711,1.26953,8.2568,0.05749,9.98661
2009-10-22,1.50419,0.49682,1.46625,2.5548,1.00497,8.2558,0.06018,9.98661
2009-10-23,1.50101,0.45223,1.45198,3.32069,1.30624,8.11903,0.0557,9.98661
2009-10-26,1.48617,0.42516,1.43531,3.48209,1.36887,8.15056,0.05216,9.98661
2009-10-27,1.4817,0.41635,1.43282,3.35483,1.31896,8.1455,0.05111,9.98661
2009-10-28,1.4718,0.43751,1.41338,4.05043,1.59216,7.93603,0.05513,9.98661
2009-10-29,1.48401,0.48528,1.43746,3.18692,1.24975,7.82844,0.06199,9.98661
2009-10-30,1.4733,0.52909,1.40239,4.93244,1.93267,7.97881,0.06631,9.98661
2009-11-02,1.47741,0.48924,1.40755,4.84391,1.89274,7.99159,0.06122,9.67091
2009-11-03,1.4731,0.46543,1.41415,4.08381,1.59153,7.99532,0.05821,9.67091
2009-11-04,1.4869,0.51735,1.42381,4.3354,1.68638,7.73614,0.06687,9.67091
2009-11-05,1.48781,0.53171,1.4377,3.42567,1.33008,7.6699,0.06932,9.67091
2009-11-06,1.48489,0.57251,1.44536,2.69851,1.04676,7.68916,0.07446,9.67091
2009-11-09,1.5008,0.49777,1.45196,3.30836,1.28231,7.90203,0.06299,9.67091
2009-11-10,1.49898,0.50615,1.45472,2.99705,1.16107,7.88437,0.0642,9.67091
2009-11-11,1.4984,0.51165,1.45436,2.98311,1.15425,7.80535,0.06555,9.67091
2009-11-12,1.48569,0.5404,1.44532,2.75485,1.06465,7.86755,0.06869,9.67091
2009-11-13,1.49089,0.51671,1.45002,2.77997,1.07315,7.85682,0.06577,9.67091
2009-11-16,1.49837,0.55438,1.45884,2.67412,1.03135,7.82567,0.07084,9.67091
2009-11-17,1.4877,0.55605,1.4627,1.69479,0.65315,7.98522,0.06963,9.67091
2009-11-18,1.49539,0.564,1.46943,1.75132,0.67485,8.0037,0.07047,9.67091
2009-11-19,1.49162,0.58111,1.46058,2.10329,0.8108,8.01227,0.07253,9.67091
2009-11-20,1.48639,0.62096,1.46497,1.4517,0.55972,8.05207,0.07712,9.67091
2009-11-23,1.4962,0.62527,1.47345,1.53238,0.59069,8.09716,0.07722,9.67091
2009-11-24,1.49667,0.63682,1.47844,1.22534,0.47233,7.89903,0.08062,9.67091
2009-11-25,1.51279,0.67679,1.48231,2.03533,0.78478,8.14448,0.0831,9.67091
2009-11-26,1.4973,0.59188,1.479,1.22923,0.47371,8.43436,0.07017,9.67091
2009-11-27,1.49909,0.64282,1.44791,3.47414,1.3387,8.19447,0.07845,9.67091
2009-11-30,1.5039,0.6675,1.45197,3.51368,1.35182,8.17753,0.08163,9.67091
2009-12-01,1.509,0.64674,1.47105,2.54723,0.97883,8.18234,0.07904,8.47103
2009-12-02,1.50698,0.59976,1.47402,2.21134,0.8495,8.18671,0.07326,8.47103
2009-12-03,1.50655,0.61751,1.46485,2.80676,1.07773,8.18139,0.07548,8.47103
2009-12-04,1.48571,0.57242,1.47171,0.94637,0.36318,8.38225,0.06829,8.47103
2009-12-07,1.48412,0.59866,1.4649,1.30374,0.50041,8.36981,0.07153,8.47103
2009-12-08,1.4697,0.55989,1.45015,1.33902,0.51384,8.59833,0.06512,8.47103
2009-12-09,1.4738,0.53827,1.45392,1.35788,0.52097,8.61457,0.06248,8.47103
2009-12-10,1.47295,0.5442,1.45631,1.1364,0.43591,8.57418,0.06347,8.47103
2009-12-11,1.4619,0.52574,1.46137,0.0363,0.01392,8.69993,0.06043,8.47103
2009-12-14,1.4657,0.46036,1.46234,0.22942,0.08802,8.69735,0.05293,8.47103
2009-12-15,1.45421,0.45642,1.45978,-0.38227,-0.14675,8.83047,0.05169,8.47103
2009-12-16,1.4526,0.45484,1.46931,-1.14349,-0.43924,8.83028,0.05151,8.47103
2009-12-17,1.4347,0.47286,1.45407,-1.34107,-0.51524,9.15384,0.05166,8.47103
2009-12-18,1.43491,0.42684,1.459,-1.66532,-0.63979,8.96854,0.04759,8.47103
2009-12-21,1.42867,0.3649,1.46526,-2.52839,-0.97127,8.93796,0.04083,8.47103
2009-12-22,1.42544,0.3186,1.47187,-3.20591,-1.23081,8.89608,0.03581,8.47103
2009-12-23,1.43361,0.31108,1.47202,-2.644,-1.01426,8.96459,0.0347,8.47103
2009-12-24,1.4385,0.27031,1.47318,-2.38241,-0.91345,8.95971,0.03017,8.47103
2009-12-25,1.43991,0.27031,1.47316,-2.28297,-0.87645,8.95562,0.03018,8.47103
2009-12-28,1.4375,0.23003,1.46867,-2.14454,-0.82551,8.91228,0.02581,8.47103
2009-12-29,1.43431,0.2717,1.47028,-2.47707,-0.95726,8.72234,0.03115,8.47103
2009-12-30,1.43421,0.30205,1.47259,-2.64139,-1.02416,8.6561,0.03489,8.47103
2009-12-31,1.43271,0.23883,1.45578,-1.59769,-0.6215,8.59605,0.02778,8.47103
2010-01-01,1.43899,0.23883,1.45601,-1.17558,-0.45857,8.59996,0.02777,4.66454
2010-01-04,1.4424,0.35575,1.47692,-2.36542,-0.92388,8.61688,0.04129,4.66454
2010-01-05,1.4366,0.39862,1.48527,-3.33188,-1.30136,8.58646,0.04642,4.66454
2010-01-06,1.4404,0.39208,1.48784,-3.24031,-1.26457,8.59001,0.04564,4.66454
2010-01-07,1.4318,0.35287,1.48647,-3.74699,-1.46111,8.61652,0.04095,4.66454
2010-01-08,1.44111,0.3903,1.49635,-3.76171,-1.46441,8.6916,0.04491,4.66454
2010-01-11,1.45113,0.36884,1.50034,-3.33515,-1.29622,8.72817,0.04226,4.66454
2010-01-12,1.44766,0.39269,1.49233,-3.03892,-1.1793,8.72651,0.045,4.66454
2010-01-13,1.45239,0.34557,1.49276,-2.74126,-1.06266,8.74132,0.03953,4.66454
2010-01-14,1.44999,0.36379,1.49461,-3.0308,-1.17808,8.70224,0.0418,4.66454
2010-01-15,1.4391,0.37106,1.49104,-3.54596,-1.37691,8.81068,0.04211,4.66454
2010-01-18,1.44067,0.39226,1.49151,-3.46815,-1.3443,8.74863,0.04484,4.66454
2010-01-19,1.4281,0.3754,1.49413,-4.51973,-1.749,8.8756,0.0423,4.66454
2010-01-20,1.41103,0.35915,1.48101,-4.84041,-1.86761,9.15112,0.03925,4.66454
2010-01-21,1.4097,0.41003,1.4513,-2.90816,-1.11835,8.96853,0.04572,4.66454
2010-01-22,1.41411,0.37507,1.41434,-0.01668,-0.00641,8.99195,0.04171,4.66454
2010-01-25,1.41501,0.37994,1.42718,-0.85657,-0.32907,8.91359,0.04262,4.66454
2010-01-26,1.40823,0.36176,1.43151,-1.63919,-0.62967,8.7659,0.04127,4.66454
2010-01-27,1.4031,0.33583,1.43878,-2.51178,-0.96476,8.6882,0.03865,4.66454
2010-01-28,1.3968,0.37751,1.43609,-2.77376,-1.06458,8.68888,0.04345,4.66454
2010-01-29,1.38669,0.42784,1.43123,-3.16128,-1.21199,8.77316,0.04877,4.66454
2010-02-01,1.3927,0.39891,1.44577,-3.74014,-1.43194,8.58999,0.04644,1.70732
2010-02-02,1.39762,0.42954,1.4585,-4.26331,-1.62893,8.63252,0.04976,1.70732
2010-02-03,1.39011,0.42317,1.45678,-4.68514,-1.78553,8.67537,0.04878,1.70732
2010-02-04,1.37449,0.48819,1.42417,-3.55014,-1.34877,8.5819,0.05689,1.70732
2010-02-05,1.36801,0.47585,1.42026,-3.74832,-1.42169,8.60766,0.05528,1.70732
2010-02-08,1.36547,0.40743,1.41522,-3.57849,-1.35462,8.60531,0.04735,1.70732
2010-02-09,1.37821,0.36092,1.41839,-2.8736,-1.08594,8.74854,0.04125,1.70732
2010-02-10,1.37533,0.2885,1.41919,-3.13926,-1.18495,8.69805,0.03317,1.70732
2010-02-11,1.36818,0.3185,1.43029,-4.44011,-1.67365,8.63771,0.03687,1.70732
2010-02-12,1.36349,0.34185,1.43945,-5.42103,-2.03773,8.56952,0.03989,1.70732
2010-02-15,1.3603,0.34,1.43896,-5.62134,-2.10467,8.4674,0.04015,1.70732
2010-02-16,1.37671,0.36794,1.44621,-4.92531,-1.84572,8.88347,0.04142,1.70732
2010-02-17,1.36069,0.27483,1.44608,-6.08639,-2.27353,9.11536,0.03015,1.70732
2010-02-18,1.34615,0.24556,1.45423,-7.7228,-2.87068,9.15734,0.02682,1.70732
2010-02-19,1.36151,0.2308,1.45816,-6.85842,-2.5305,9.51366,0.02426,1.70732
2010-02-22,1.36056,0.26547,1.46025,-7.07126,-2.59343,9.18624,0.0289,1.70732
2010-02-23,1.3527,0.21032,1.44403,-6.5333,-2.38089,9.05795,0.02322,1.70732
2010-02-24,1.35432,0.22498,1.45365,-7.07812,-2.56615,9.05786,0.02484,1.70732
2010-02-25,1.3536,0.22582,1.45253,-7.05356,-2.54087,9.00795,0.02507,1.70732
2010-02-26,1.3631,0.21475,1.45759,-6.70172,-2.39921,9.11848,0.02355,1.70732
2010-03-01,1.35621,0.243,1.45967,-7.35163,-2.61729,9.14443,0.02657,1.46505
2010-03-02,1.36206,0.22947,1.46123,-7.02764,-2.48568,9.21863,0.02489,1.46505
2010-03-03,1.37016,0.25195,1.46476,-6.67621,-2.34746,8.99196,0.02802,1.46505
2010-03-04,1.3584,0.19863,1.46148,-7.31405,-2.55831,9.11069,0.0218,1.46505
2010-03-05,1.3629,0.17526,1.47249,-7.73408,-2.68783,8.99766,0.01948,1.46505
2010-03-08,1.36169,0.17302,1.46849,-7.55056,-2.60555,8.96156,0.01931,1.46505
2010-03-09,1.36069,0.16118,1.46516,-7.39689,-2.53622,8.96112,0.01799,1.46505
2010-03-10,1.36433,0.15651,1.45881,-6.69552,-2.28166,8.90305,0.01758,1.46505
2010-03-11,1.36853,0.13404,1.46103,-6.54027,-2.21768,8.91171,0.01504,1.46505
2010-03-12,1.37699,0.17122,1.46574,-6.24599,-2.10787,8.91969,0.0192,1.46505
2010-03-15,1.36775,0.15898,1.45906,-6.46308,-2.17287,8.99665,0.01767,1.46505
2010-03-16,1.37688,0.17769,1.46325,-6.08373,-2.03672,8.81678,0.02015,1.46505
2010-03-17,1.37383,0.09074,1.46762,-6.60385,-2.20339,8.82074,0.01029,1.46505
2010-03-18,1.3614,0.09296,1.46912,-7.61515,-2.5298,8.95078,0.01039,1.46505
2010-03-19,1.35369,0.06487,1.46167,-7.67434,-2.53612,8.99981,0.00721,1.46505
2010-03-22,1.3567,0.06046,1.46196,-7.47162,-2.4576,8.92343,0.00678,1.46505
2010-03-23,1.3468,0.02742,1.4642,-8.3575,-2.73898,8.97223,0.00306,1.46505
2010-03-24,1.3331,-0.01062,1.44903,-8.33836,-2.72299,9.14753,-0.00116,1.46505
2010-03-25,1.33071,-0.03179,1.43944,-7.85456,-2.54951,9.14782,-0.00348,1.46505
2010-03-26,1.341,0.04599,1.44811,-7.68412,-2.48386,9.31782,0.00494,1.46505
2010-03-29,1.34811,0.02184,1.44904,-7.22021,-2.32073,9.40228,0.00232,1.46505
2010-03-30,1.34241,0.01223,1.45178,-7.83245,-2.50763,9.42479,0.0013,1.46505
2010-03-31,1.3508,0.03221,1.44917,-7.02913,-2.23818,9.47528,0.0034,1.46505
2010-04-01,1.3584,0.01005,1.44916,-6.46755,-2.05128,9.54412,0.00105,-0.05164
2010-04-02,1.35049,-0.04995,1.44478,-6.74888,-2.13525,9.57461,-0.00522,-0.05164
2010-04-05,1.34891,-0.11995,1.44515,-6.89177,-2.17438,9.54622,-0.01257,-0.05164
2010-04-06,1.3402,-0.06207,1.45508,-8.2248,-2.58586,9.55708,-0.00649,-0.05164
2010-04-07,1.33485,0.00473,1.45406,-8.55411,-2.67474,9.45079,0.0005,-0.05164
2010-04-08,1.33611,-0.05587,1.44978,-8.16465,-2.53679,9.3161,-0.006,-0.05164
2010-04-09,1.35009,0.00969,1.45585,-7.54191,-2.33018,9.60308,0.00101,-0.05164
2010-04-12,1.3596,0.03605,1.46171,-7.24175,-2.22684,9.70141,0.00372,-0.05164
2010-04-13,1.36086,-0.00256,1.45246,-6.51441,-1.9946,9.70857,-0.00026,-0.05164
2010-04-14,1.3656,-0.00907,1.45798,-6.54577,-1.99672,9.65713,-0.00094,-0.05164
2010-04-15,1.3574,0.01653,1.45674,-7.06285,-2.14746,9.7041,0.0017,-0.05164
2010-04-16,1.3504,0.03776,1.43536,-6.10107,-1.84759,9.61262,0.00393,-0.05164
2010-04-19,1.34873,-0.00965,1.43846,-6.44126,-1.946,9.34305,-0.00103,-0.05164
2010-04-20,1.34351,-0.02182,1.4514,-7.72415,-2.32737,9.36434,-0.00233,-0.05164
2010-04-21,1.33899,-8e-05,1.4472,-7.7715,-2.3307,9.34484,-1e-05,-0.05164
2010-04-22,1.327,-0.01166,1.44413,-8.459,-2.52565,9.47954,-0.00123,-0.05164
2010-04-23,1.3384,-0.04092,1.44108,-7.39171,-2.19516,9.63806,-0.00425,-0.05164
2010-04-26,1.34012,0.00429,1.43569,-6.8883,-2.03648,9.62938,0.00045,-0.05164
2010-04-27,1.31707,0.05184,1.40023,-6.12226,-1.80417,10.16227,0.0051,-0.05164
2010-04-28,1.32128,0.05399,1.41061,-6.54181,-1.92342,10.11253,0.00534,-0.05164
2010-04-29,1.3263,0.0555,1.4291,-7.46525,-2.1881,10.10213,0.00549,-0.05164
2010-04-30,1.3298,0.04149,1.40264,-5.33259,-1.55631,10.08832,0.00411,-0.05164
2010-05-03,1.31999,0.02021,1.41364,-6.85392,-1.99608,10.13356,0.00199,-3.32798
2010-05-04,1.29639,0.02227,1.38943,-6.93042,-2.01089,10.50008,0.00212,-3.32798
2010-05-05,1.28149,-0.01763,1.37529,-7.06409,-2.04202,10.68782,-0.00165,-3.32798
2010-05-06,1.2633,0.05172,1.3387,-5.79751,-1.66963,11.01151,0.0047,-3.32798
2010-05-07,1.27561,-0.08888,1.29607,-1.59153,-0.4571,11.02777,-0.00806,-3.32798
2010-05-10,1.27792,-0.05261,1.34735,-5.29071,-1.51927,11.04298,-0.00476,-3.32798
2010-05-11,1.26299,-0.02368,1.35084,-6.72405,-1.92655,11.21645,-0.00211,-3.32798
2010-05-12,1.2639,-0.07535,1.36112,-7.41054,-2.11555,11.21468,-0.00672,-3.32798
2010-05-13,1.25411,-0.055,1.35405,-7.66752,-2.17932,11.28961,-0.00487,-3.32798
2010-05-14,1.236,-0.03146,1.32955,-7.29582,-2.06407,11.26821,-0.00279,-3.32798
2010-05-17,1.2393,0.00901,1.33185,-7.20262,-2.02924,11.11573,0.00081,-3.32798
2010-05-18,1.21789,0.11525,1.32541,-8.45955,-2.37376,11.41784,0.01009,-3.32798
2010-05-19,1.23934,0.06052,1.31132,-5.64516,-1.57534,11.75963,0.00515,-3.32798
2010-05-20,1.24789,0.06353,1.26975,-1.73638,-0.48359,11.87742,0.00535,-3.32798
2010-05-21,1.25671,0.07291,1.28974,-2.59434,-0.72248,11.96024,0.0061,-3.32798
2010-05-24,1.23499,0.05655,1.29443,-4.70009,-1.30851,12.3832,0.00457,-3.32798
2010-05-25,1.2346,0.028,1.30654,-5.66359,-1.57427,12.3839,0.00226,-3.32798
2010-05-26,1.2173,0.07397,1.30779,-7.17002,-1.98815,12.51683,0.00591,-3.32798
2010-05-27,1.2348,0.06396,1.33322,-7.66898,-2.11828,12.90291,0.00496,-3.32798
2010-05-28,1.2274,-0.1825,1.29866,-5.64342,-1.55195,12.87946,-0.01417,-3.32798
2010-05-31,1.22879,-0.19393,1.29633,-5.35087,-1.46807,12.80017,-0.01515,-3.32798
2010-06-01,1.2233,-0.21905,1.2759,-4.20986,-1.15262,12.7361,-0.0172,-5.1296
2010-06-02,1.2239,-0.25092,1.29925,-5.97406,-1.63354,12.70385,-0.01975,-5.1296
2010-06-03,1.21694,-0.21821,1.30474,-6.96628,-1.90019,12.72765,-0.01714,-5.1296
2010-06-04,1.1971,-0.1395,1.2783,-6.56273,-1.78409,13.05827,-0.01068,-5.1296
2010-06-07,1.19229,-0.1492,1.27058,-6.35932,-1.72353,13.02888,-0.01145,-5.1296
2010-06-08,1.1972,-0.16031,1.28177,-6.82537,-1.84521,13.04736,-0.01229,-5.1296
2010-06-09,1.1992,-0.17733,1.27842,-6.39738,-1.72406,12.96198,-0.01368,-5.1296
2010-06-10,1.2109,-0.20974,1.29075,-6.38588,-1.71746,13.14388,-0.01596,-5.1296
2010-06-11,1.2114,-0.20443,1.30091,-7.12884,-1.91178,13.03693,-0.01568,-5.1296
2010-06-14,1.22181,-0.19995,1.30134,-6.30647,-1.68517,13.20755,-0.01514,-5.1296
2010-06-15,1.23191,-0.18511,1.32015,-6.91801,-1.84353,13.27631,-0.01394,-5.1296
2010-06-16,1.23119,-0.15474,1.32146,-7.07524,-1.87961,13.25163,-0.01168,-5.1296
2010-06-17,1.23821,-0.10225,1.33211,-7.31023,-1.93587,13.30907,-0.00768,-5.1296
2010-06-18,1.2393,-0.08328,1.34199,-7.96108,-2.10044,13.26293,-0.00628,-5.1296
2010-06-21,1.2316,-0.0396,1.33809,-8.29255,-2.17842,13.17769,-0.00301,-5.1296
2010-06-22,1.22751,-0.02184,1.32299,-7.491,-1.95866,13.18382,-0.00166,-5.1296
2010-06-23,1.23191,0.03419,1.32947,-7.62206,-1.98542,13.09495,0.00261,-5.1296
2010-06-24,1.23375,-0.01128,1.30448,-5.57518,-1.44659,13.03874,-0.00086,-5.1296
2010-06-25,1.2373,0.03906,1.31653,-6.20671,-1.60733,13.05363,0.00299,-5.1296
2010-06-28,1.2277,0.07102,1.3161,-6.95277,-1.79629,13.02617,0.00545,-5.1296
2010-06-29,1.21864,0.04454,1.28152,-5.03158,-1.29596,12.99697,0.00343,-5.1296
2010-06-30,1.223,0.08313,1.28255,-4.75444,-1.22256,13.01222,0.00639,-5.1296
2010-07-01,1.25075,0.09728,1.2942,-3.41488,-0.87707,13.87014,0.00701,-3.69566
2010-07-02,1.2571,0.0965,1.31138,-4.22672,-1.08502,13.88368,0.00695,-3.69566
2010-07-05,1.2537,0.05928,1.30706,-4.1683,-1.06885,13.87482,0.00427,-3.69566
2010-07-06,1.2624,0.10641,1.31504,-4.08469,-1.04676,13.95995,0.00762,-3.69566
2010-07-07,1.26331,0.07769,1.33088,-5.21024,-1.33399,13.77416,0.00564,-3.69566
2010-07-08,1.26941,0.14473,1.34616,-5.87097,-1.50095,13.72861,0.01054,-3.69566
2010-07-09,1.2644,0.17066,1.35434,-6.87177,-1.7536,13.73418,0.01243,-3.69566
2010-07-12,1.259,0.11117,1.35255,-7.16743,-1.82381,13.71516,0.00811,-3.69566
2010-07-13,1.27209,0.09626,1.34815,-5.80712,-1.47301,13.87521,0.00694,-3.69566
2010-07-14,1.27405,0.19802,1.3563,-6.25651,-1.5843,13.85871,0.01429,-3.69566
2010-07-15,1.29286,0.23624,1.35798,-4.91409,-1.24456,14.20434,0.01663,-3.69566
2010-07-16,1.29319,0.22654,1.3482,-4.16555,-1.05573,14.19049,0.01596,-3.69566
2010-07-19,1.29395,0.28189,1.35616,-4.69588,-1.19157,14.18124,0.01988,-3.69566
2010-07-20,1.28931,0.23244,1.36752,-5.88909,-1.49355,14.09116,0.0165,-3.69566
2010-07-21,1.2768,0.2229,1.35187,-5.71349,-1.4478,14.0909,0.01582,-3.69566
2010-07-22,1.29031,0.19002,1.3547,-4.86974,-1.23263,14.26518,0.01332,-3.69566
2010-07-23,1.29131,0.20821,1.36712,-5.70544,-1.44275,13.85488,0.01503,-3.69566
2010-07-26,1.2999,0.23893,1.3772,-5.77628,-1.45794,13.90727,0.01718,-3.69566
2010-07-27,1.29909,0.27939,1.37816,-5.90877,-1.48845,13.88308,0.02012,-3.69566
2010-07-28,1.29922,0.28842,1.3692,-5.24602,-1.31914,13.87027,0.02079,-3.69566
2010-07-29,1.30781,0.31522,1.37173,-4.77239,-1.19864,13.86398,0.02274,-3.69566
2010-07-30,1.3039,0.32185,1.3774,-5.48373,-1.37669,13.39333,0.02403,-3.69566
2010-08-02,1.31759,0.33205,1.39037,-5.37642,-1.34758,13.33819,0.02489,-4.13593
2010-08-03,1.32251,0.2865,1.37731,-4.06045,-1.01611,13.0116,0.02202,-4.13593
2010-08-04,1.32251,0.2562,1.37806,-4.1149,-1.02906,12.88376,0.01989,-4.13593
2010-08-05,1.31581,0.29327,1.38362,-5.0256,-1.25566,12.93045,0.02268,-4.13593
2010-08-06,1.31813,0.32556,1.39211,-5.46061,-1.36422,12.69184,0.02565,-4.13593
2010-08-09,1.32857,0.25896,1.37988,-3.78937,-0.94728,12.77348,0.02027,-4.13593
2010-08-10,1.323,0.27219,1.38037,-4.24515,-1.06349,12.69569,0.02144,-4.13593
2010-08-11,1.3185,0.16555,1.3419,-1.75943,-0.44134,12.33731,0.01342,-4.13593
2010-08-12,1.28441,0.13089,1.33658,-3.98143,-1.00103,13.47888,0.00971,-4.13593
2010-08-13,1.28299,0.14018,1.33323,-3.84158,-0.96853,12.97961,0.0108,-4.13593
2010-08-16,1.27709,0.15184,1.33548,-4.47053,-1.13113,12.57436,0.01208,-4.13593
2010-08-17,1.2812,0.16623,1.35082,-5.29186,-1.34392,12.51976,0.01328,-4.13593
2010-08-18,1.288,0.15507,1.34703,-4.48172,-1.14163,12.48707,0.01242,-4.13593
2010-08-19,1.28564,0.173,1.33354,-3.65751,-0.93132,11.96096,0.01446,-4.13593
2010-08-20,1.2808,0.14512,1.33854,-4.4095,-1.12775,11.99209,0.0121,-4.13593
2010-08-23,1.271,0.15245,1.33784,-5.12488,-1.31979,11.73815,0.01299,-4.13593
2010-08-24,1.2635,0.08162,1.31293,-3.83738,-0.9952,11.48006,0.00711,-4.13593
2010-08-25,1.2633,0.07743,1.31721,-4.17944,-1.08908,11.40748,0.00679,-4.13593
2010-08-26,1.2664,0.12111,1.31574,-3.82192,-0.99992,11.41372,0.01061,-4.13593
2010-08-27,1.27065,0.07685,1.33426,-4.88476,-1.2839,11.38293,0.00675,-4.13593
2010-08-30,1.2754,0.11672,1.31412,-2.99112,-0.78866,11.40006,0.01024,-4.13593
2010-08-31,1.26659,0.15387,1.33026,-4.90435,-1.30024,11.43047,0.01346,-4.13593
2010-09-01,1.26873,0.14789,1.34901,-6.13523,-1.62896,10.89221,0.01358,-3.97302
2010-09-02,1.2803,0.14372,1.35499,-5.67038,-1.50399,10.96518,0.01311,-3.97302
2010-09-03,1.28259,0.15449,1.3774,-7.1313,-1.88964,10.94938,0.01411,-3.97302
2010-09-06,1.28941,0.14868,1.37606,-6.5039,-1.72014,10.98115,0.01354,-3.97302
2010-09-07,1.28684,0.13198,1.34544,-4.45358,-1.17632,10.85913,0.01215,-3.97302
2010-09-08,1.2678,0.15234,1.35414,-6.58886,-1.73964,11.3135,0.01347,-3.97302
2010-09-09,1.2732,0.15044,1.35838,-6.47541,-1.70559,11.22491,0.0134,-3.97302
2010-09-10,1.26931,0.17547,1.37119,-7.72056,-2.02968,11.14199,0.01575,-3.97302
2010-09-13,1.2717,0.25039,1.39279,-9.09547,-2.38824,11.1434,0.02247,-3.97302
2010-09-14,1.2872,0.26043,1.39032,-7.70673,-2.01958,11.33734,0.02297,-3.97302
2010-09-15,1.29917,0.29228,1.38983,-6.74524,-1.76478,11.46837,0.02549,-3.97302
2010-09-16,1.30151,0.37707,1.40967,-7.98318,-2.08722,11.38194,0.03313,-3.97302
2010-09-17,1.3076,0.33893,1.39913,-6.76583,-1.76301,11.37421,0.0298,-3.97302
2010-09-20,1.30439,0.37688,1.41096,-7.8533,-2.05572,11.38269,0.03311,-3.97302
2010-09-21,1.30669,0.42088,1.40858,-7.5079,-1.95814,11.38339,0.03697,-3.97302
2010-09-22,1.3257,0.38195,1.39923,-5.39836,-1.40377,11.69507,0.03266,-3.97302
2010-09-23,1.3391,0.309,1.37141,-2.38382,-0.61867,11.68874,0.02644,-3.97302
2010-09-24,1.33191,0.32421,1.39745,-4.80316,-1.24617,11.6336,0.02787,-3.97302
2010-09-27,1.34791,0.33324,1.38936,-3.02915,-0.78477,11.81564,0.0282,-3.97302
2010-09-28,1.34391,0.41029,1.40199,-4.23102,-1.09577,11.05816,0.0371,-3.97302
2010-09-29,1.35709,0.39741,1.39121,-2.48267,-0.64342,11.16535,0.03559,-3.97302
2010-09-30,1.36281,0.47932,1.40002,-2.69423,-0.69797,11.15214,0.04298,-3.97302
2010-10-01,1.36221,0.5093,1.41858,-4.05494,-1.05091,11.09906,0.04589,-0.90405
2010-10-04,1.3777,0.46562,1.39909,-1.54123,-0.399,11.28045,0.04128,-0.90405
2010-10-05,1.36741,0.45467,1.41644,-3.52315,-0.91198,11.39599,0.0399,-0.90405
2010-10-06,1.38339,0.45573,1.41917,-2.55346,-0.66063,11.5357,0.03951,-0.90405
2010-10-07,1.392,0.49503,1.42545,-2.37439,-0.61426,11.51545,0.04299,-0.90405
2010-10-08,1.3928,0.51198,1.43842,-3.22304,-0.83408,11.37884,0.04499,-0.90405
2010-10-11,1.39776,0.49377,1.45854,-4.25623,-1.10211,11.38672,0.04336,-0.90405
2010-10-12,1.38802,0.44547,1.44988,-4.35992,-1.12775,11.18928,0.03981,-0.90405
2010-10-13,1.39169,0.4562,1.44865,-4.01145,-1.03633,11.1919,0.04076,-0.90405
2010-10-14,1.39673,0.45752,1.43774,-2.89436,-0.74858,11.20188,0.04084,-0.90405
2010-10-15,1.4072,0.48799,1.45612,-3.4169,-0.88495,11.22753,0.04346,-0.90405
2010-10-18,1.39643,0.55053,1.46577,-4.84571,-1.25568,11.15145,0.04937,-0.90405
2010-10-19,1.39359,0.58897,1.45335,-4.19864,-1.08784,11.01685,0.05346,-0.90405
2010-10-20,1.37391,0.64684,1.47391,-7.02615,-1.82161,11.44184,0.05653,-0.90405
2010-10-21,1.39632,0.65042,1.48142,-5.9163,-1.53102,11.78737,0.05518,-0.90405
2010-10-22,1.39169,0.70107,1.49667,-7.27238,-1.88182,11.816,0.05933,-0.90405
2010-10-25,1.39441,0.65656,1.47312,-5.49111,-1.41857,11.81548,0.05557,-0.90405
2010-10-26,1.39489,0.68095,1.47225,-5.39725,-1.39262,11.76406,0.05788,-0.90405
2010-10-27,1.38543,0.70052,1.46956,-5.89552,-1.52011,11.84162,0.05916,-0.90405
2010-10-28,1.37781,0.71847,1.46993,-6.47196,-1.66569,11.75194,0.06114,-0.90405
2010-10-29,1.37781,0.72229,1.46624,-6.22078,-1.59814,11.73672,0.06154,-0.90405
2010-11-01,1.39751,0.72021,1.45802,-4.23876,-1.08712,12.04411,0.0598,-2.40132
2010-11-02,1.39109,0.71986,1.46013,-4.84383,-1.24134,12.03489,0.05981,-2.40132
2010-11-03,1.40361,0.69929,1.47868,-5.21064,-1.33379,12.14179,0.05759,-2.40132
2010-11-04,1.41273,0.69791,1.48995,-5.32165,-1.35996,12.11252,0.05762,-2.40132
2010-11-05,1.4228,0.61848,1.47808,-3.81204,-0.97262,12.12713,0.051,-2.40132
2010-11-08,1.40758,0.59093,1.47263,-4.51782,-1.15357,12.32687,0.04794,-2.40132
2010-11-09,1.38696,0.53924,1.45368,-4.69811,-1.20034,11.48305,0.04696,-2.40132
2010-11-10,1.3772,0.56673,1.46609,-6.25431,-1.6015,11.59335,0.04888,-2.40132
2010-11-11,1.37756,0.5502,1.46065,-5.85679,-1.49951,11.53625,0.04769,-2.40132
2010-11-12,1.3621,0.52791,1.43472,-5.19404,-1.3307,11.79514,0.04476,-2.40132
2010-11-15,1.36932,0.54903,1.44274,-5.22276,-1.34042,11.79503,0.04655,-2.40132
2010-11-16,1.35748,0.5544,1.42042,-4.53245,-1.16471,11.94002,0.04643,-2.40132
2010-11-17,1.34905,0.56801,1.43005,-5.8304,-1.50263,11.9887,0.04738,-2.40132
2010-11-18,1.3554,0.58017,1.46199,-7.57,-1.95323,11.88689,0.04881,-2.40132
2010-11-19,1.36573,0.5973,1.47301,-7.56224,-1.95646,11.87345,0.05031,-2.40132
2010-11-22,1.37444,0.58203,1.46614,-6.4588,-1.67544,11.91379,0.04885,-2.40132
2010-11-23,1.36019,0.53924,1.43518,-5.36605,-1.39424,12.14081,0.04442,-2.40132
2010-11-24,1.33863,0.46963,1.43346,-6.84437,-1.78312,12.60391,0.03726,-2.40132
2010-11-25,1.33579,0.48849,1.43694,-7.29951,-1.90019,12.60351,0.03876,-2.40132
2010-11-26,1.33397,0.50628,1.41658,-6.00843,-1.56162,12.51485,0.04045,-2.40132
2010-11-29,1.3238,0.47928,1.41693,-6.79878,-1.7628,12.62757,0.03795,-2.40132
2010-11-30,1.31039,0.53536,1.40979,-7.31128,-1.89041,12.69402,0.04217,-2.40132
2010-12-01,1.29921,0.46628,1.41446,-8.49948,-2.19214,12.81545,0.03638,-4.37004
2010-12-02,1.31249,0.40415,1.4201,-7.88003,-2.02326,12.93075,0.03125,-4.37004
2010-12-03,1.3216,0.47023,1.44578,-8.98075,-2.29694,12.98962,0.0362,-4.37004
2010-12-06,1.3416,0.49191,1.44839,-7.65888,-1.94889,12.93298,0.03803,-4.37004
2010-12-07,1.32869,0.3989,1.43029,-7.36793,-1.86804,13.08491,0.03049,-4.37004
2010-12-08,1.32447,0.37716,1.4282,-7.54014,-1.90543,13.08633,0.02882,-4.37004
2010-12-09,1.32508,0.41915,1.44055,-8.35474,-2.10454,13.08409,0.03204,-4.37004
2010-12-10,1.32421,0.44418,1.44018,-8.39577,-2.10689,12.87701,0.03449,-4.37004
2010-12-13,1.31971,0.4866,1.44772,-9.25782,-2.31598,12.77347,0.03809,-4.37004
2010-12-14,1.33955,0.42606,1.43487,-6.87434,-1.71275,13.1034,0.03251,-4.37004
2010-12-15,1.33609,0.41213,1.42765,-6.62781,-1.64766,13.0889,0.03149,-4.37004
2010-12-16,1.3224,0.45132,1.4407,-8.56788,-2.1292,13.25014,0.03406,-4.37004
2010-12-17,1.32399,0.49122,1.46294,-9.97948,-2.47802,13.24796,0.03708,-4.37004
2010-12-20,1.3165,0.4558,1.45083,-9.71591,-2.40082,12.9779,0.03512,-4.37004
2010-12-21,1.3118,0.45731,1.44865,-9.92318,-2.43966,12.82926,0.03565,-4.37004
2010-12-22,1.309,0.3721,1.44396,-9.81209,-2.40145,12.79365,0.02909,-4.37004
2010-12-23,1.31154,0.31781,1.4199,-7.93847,-1.93455,12.55981,0.0253,-4.37004
2010-12-24,1.31271,0.31538,1.41837,-7.7412,-1.8839,12.55183,0.02513,-4.37004
2010-12-27,1.30798,0.29689,1.4009,-6.86337,-1.66667,12.39695,0.02395,-4.37004
2010-12-28,1.31897,0.18853,1.38162,-4.6412,-1.12565,12.48995,0.01509,-4.37004
2010-12-29,1.30863,0.31401,1.40665,-7.22349,-1.75329,12.57612,0.02497,-4.37004
2010-12-30,1.32245,0.27223,1.39589,-5.40408,-1.31207,12.54657,0.0217,-4.37004
2010-12-31,1.33012,0.31869,1.40065,-5.16679,-1.25546,12.53316,0.02543,-4.37004
2011-01-03,1.33579,0.29236,1.39618,-4.42147,-1.07611,12.32993,0.02371,-5.69465
2011-01-04,1.33568,0.28554,1.39716,-4.49996,-1.09703,12.25374,0.0233,-5.69465
2011-01-05,1.33211,0.23853,1.39016,-4.26561,-1.04049,12.25777,0.01946,-5.69465
2011-01-06,1.31569,0.30102,1.39814,-6.07866,-1.48576,12.44631,0.02419,-5.69465
2011-01-07,1.29799,0.35504,1.41122,-8.36316,-2.04884,12.64257,0.02808,-5.69465
2011-01-10,1.28951,0.35722,1.40478,-8.5622,-2.09839,12.66685,0.0282,-5.69465
2011-01-11,1.2965,0.34551,1.40652,-8.14516,-1.99499,12.69964,0.02721,-5.69465
2011-01-12,1.2984,0.41775,1.4265,-9.40958,-2.30325,12.58961,0.03318,-5.69465
2011-01-13,1.31284,0.53409,1.4468,-9.71616,-2.37497,12.7589,0.04186,-5.69465
2011-01-14,1.33533,0.59194,1.46754,-9.44101,-2.2992,13.2526,0.04467,-5.69465
2011-01-17,1.33803,0.60104,1.4669,-9.19561,-2.2348,12.97297,0.04633,-5.69465
2011-01-18,1.32839,0.65446,1.47053,-10.16517,-2.46379,12.59486,0.05196,-5.69465
2011-01-19,1.33781,0.62113,1.44383,-7.6267,-1.84053,12.68111,0.04898,-5.69465
2011-01-20,1.34521,0.66448,1.44452,-7.12277,-1.71552,12.73047,0.0522,-5.69465
2011-01-21,1.3468,0.7286,1.44828,-7.26423,-1.74825,12.73402,0.05722,-5.69465
2011-01-24,1.36195,0.7007,1.45032,-6.28676,-1.512,12.88262,0.05439,-5.69465
2011-01-25,1.36441,0.72573,1.45542,-6.45776,-1.55445,12.84465,0.0565,-5.69465
2011-01-26,1.36861,0.76824,1.46834,-7.03381,-1.6925,12.86087,0.05973,-5.69465
2011-01-27,1.37101,0.81608,1.48162,-7.75879,-1.86515,12.53512,0.0651,-5.69465
2011-01-28,1.37231,0.96218,1.45641,-5.94809,-1.42957,12.50689,0.07693,-5.69465
2011-01-31,1.35728,0.90157,1.44266,-6.10082,-1.46801,12.54926,0.07184,-5.69465
2011-02-01,1.37138,0.86965,1.45314,-5.79029,-1.39537,12.6603,0.06869,-4.74456
2011-02-02,1.38299,0.8228,1.44473,-4.36734,-1.05214,12.69525,0.06481,-4.74456
2011-02-03,1.38179,0.74648,1.43813,-3.99654,-0.96438,12.52188,0.05961,-4.74456
2011-02-04,1.36245,0.71057,1.44423,-5.82905,-1.40786,12.4914,0.05689,-4.74456
2011-02-07,1.3575,0.69498,1.4359,-5.61498,-1.356,12.43458,0.05589,-4.74456
2011-02-08,1.35919,0.64281,1.43018,-5.0906,-1.2301,12.43774,0.05168,-4.74456
2011-02-09,1.36269,0.71675,1.43532,-5.19252,-1.25635,12.24353,0.05854,-4.74456
2011-02-10,1.3721,0.69296,1.42834,-4.0174,-0.97423,12.27554,0.05645,-4.74456
2011-02-11,1.36019,0.65333,1.42407,-4.58908,-1.11612,12.27644,0.05322,-4.74456
2011-02-14,1.351,0.64254,1.41299,-4.48599,-1.0925,12.28839,0.05229,-4.74456
2011-02-15,1.34811,0.68238,1.41521,-4.85762,-1.18652,12.25885,0.05566,-4.74456
2011-02-16,1.34986,0.62286,1.39402,-3.21941,-0.78809,12.16287,0.05121,-4.74456
2011-02-17,1.35753,0.64594,1.40049,-3.11555,-0.76547,12.14865,0.05317,-4.74456
2011-02-18,1.3626,0.705,1.4099,-3.41191,-0.84229,11.99329,0.05878,-4.74456
2011-02-21,1.37135,0.70575,1.40727,-2.58596,-0.64267,11.60836,0.0608,-4.74456
2011-02-22,1.36823,0.78964,1.3587,0.69902,0.17454,11.60969,0.06802,-4.74456
2011-02-23,1.36737,0.79826,1.33127,2.67581,0.67196,11.60615,0.06878,-4.74456
2011-02-24,1.37641,0.78521,1.33705,2.90134,0.73144,11.55416,0.06796,-4.74456
2011-02-25,1.382,0.81191,1.36081,1.54533,0.39095,11.36254,0.07146,-4.74456
2011-02-28,1.37344,0.83795,1.37524,-0.13128,-0.03334,11.29266,0.0742,-4.74456
2011-03-01,1.38215,0.88476,1.34491,2.73135,0.69431,11.18973,0.07907,-2.37522
2011-03-02,1.37718,0.84439,1.34111,2.6546,0.67467,11.15456,0.0757,-2.37522
2011-03-03,1.38665,0.93378,1.38259,0.29364,0.07461,10.8423,0.08612,-2.37522
2011-03-04,1.39589,1.05787,1.39487,0.07287,0.01853,10.70894,0.09878,-2.37522
2011-03-07,1.39907,1.04865,1.37923,1.428,0.36338,10.68239,0.09817,-2.37522
2011-03-08,1.39639,0.99036,1.38436,0.86577,0.22061,10.69665,0.09259,-2.37522
2011-03-09,1.3898,1.02142,1.37826,0.83343,0.21282,10.75068,0.09501,-2.37522
2011-03-10,1.39022,1.03847,1.3668,1.69908,0.43527,10.71783,0.09689,-2.37522
2011-03-11,1.38013,1.0142,1.38473,-0.33267,-0.08547,10.44783,0.09707,-2.37522
2011-03-14,1.39346,1.03062,1.37717,1.17569,0.30325,10.58654,0.09735,-2.37522
2011-03-15,1.39921,0.92375,1.34677,3.81946,0.9869,10.36989,0.08908,-2.37522
2011-03-16,1.39862,0.93887,1.31054,6.50446,1.68285,10.37302,0.09051,-2.37522
2011-03-17,1.38848,0.97349,1.33013,4.29355,1.11196,10.41881,0.09344,-2.37522
2011-03-18,1.40329,1.00156,1.35376,3.5932,0.93448,10.55948,0.09485,-2.37522
2011-03-21,1.41705,1.03129,1.3887,2.02146,0.52833,10.67996,0.09656,-2.37522
2011-03-22,1.42171,1.02439,1.38965,2.28061,0.59962,10.68678,0.09586,-2.37522
2011-03-23,1.41681,0.99667,1.39494,1.55561,0.41148,10.72838,0.0929,-2.37522
2011-03-24,1.4106,0.97305,1.40137,0.65626,0.17472,10.74377,0.09057,-2.37522
2011-03-25,1.41719,0.92906,1.39373,1.66914,0.4479,10.66865,0.08708,-2.37522
2011-03-28,1.4026,0.94492,1.38426,1.31631,0.3563,10.76482,0.08778,-2.37522
2011-03-29,1.40797,0.95038,1.3968,0.79671,0.2179,10.60917,0.08958,-2.37522
2011-03-30,1.41111,0.97043,1.40339,0.54901,0.15223,10.5677,0.09183,-2.37522
2011-03-31,1.41213,0.991,1.40006,0.85872,0.24138,10.54627,0.09397,-2.37522
2011-04-01,1.41587,1.03034,1.40682,0.64086,0.18283,10.55024,0.09766,-0.90158
2011-04-04,1.42233,1.05001,1.4022,1.42586,0.41104,10.54896,0.09954,-0.90158
2011-04-05,1.42201,0.97297,1.38442,2.67904,0.778,10.19329,0.09545,-0.90158
2011-04-06,1.42191,0.98723,1.39035,2.2448,0.65761,9.74608,0.1013,-0.90158
2011-04-07,1.43353,1.03807,1.39797,2.51195,0.7418,9.69848,0.10703,-0.90158
2011-04-08,1.43021,1.0921,1.39063,2.80625,0.83443,9.70096,0.11258,-0.90158
2011-04-11,1.44622,1.06717,1.40621,2.80487,0.83617,9.88803,0.10793,-0.90158
2011-04-12,1.44379,1.09724,1.41795,1.80622,0.54074,9.72543,0.11282,-0.90158
2011-04-13,1.44764,1.14607,1.42485,1.58652,0.4778,9.20697,0.12448,-0.90158
2011-04-14,1.44421,1.09245,1.42076,1.6372,0.4954,9.23452,0.1183,-0.90158
2011-04-15,1.44321,1.16806,1.44535,-0.14816,-0.04512,9.08308,0.1286,-0.90158
2011-04-18,1.4413,1.11751,1.42133,1.39468,0.42818,9.02204,0.12386,-0.90158
2011-04-19,1.42239,1.16799,1.44611,-1.65333,-0.51037,9.42434,0.12393,-0.90158
2011-04-20,1.43379,1.16991,1.45421,-1.41367,-0.43961,9.53059,0.12275,-0.90158
2011-04-21,1.4514,1.14489,1.4426,0.60816,0.19056,9.57686,0.11955,-0.90158
2011-04-22,1.4555,1.14489,1.44246,0.89961,0.28291,9.58246,0.11948,-0.90158
2011-04-25,1.45571,1.15489,1.43405,1.49941,0.47252,9.57491,0.12062,-0.90158
2011-04-26,1.4579,1.16153,1.43596,1.51625,0.47993,9.57421,0.12132,-0.90158
2011-04-27,1.4688,1.20083,1.44567,1.5869,0.50425,9.66132,0.12429,-0.90158
2011-04-28,1.478,1.22365,1.46062,1.18265,0.37751,9.39636,0.13023,-0.90158
2011-04-29,1.48441,1.24887,1.46292,1.45784,0.46665,9.23814,0.13519,-0.90158
2011-05-02,1.4794,1.26111,1.45568,1.61622,0.51812,9.16715,0.13757,-2.08359
2011-05-03,1.48238,1.27725,1.46281,1.32902,0.42608,9.16048,0.13943,-2.08359
2011-05-04,1.48333,1.36689,1.48796,-0.31185,-0.09996,8.62467,0.15849,-2.08359
2011-05-05,1.48298,1.25981,1.48942,-0.43393,-0.13917,8.57124,0.14698,-2.08359
2011-05-06,1.45444,1.25717,1.49397,-2.68193,-0.8607,9.53048,0.13191,-2.08359
2011-05-09,1.4353,1.20886,1.46474,-2.03092,-0.65132,9.9457,0.12155,-2.08359
2011-05-10,1.43761,1.18904,1.46509,-1.89339,-0.60696,9.87089,0.12046,-2.08359
2011-05-11,1.44111,1.22793,1.48432,-2.95443,-0.94675,9.68691,0.12676,-2.08359
2011-05-12,1.4211,1.17947,1.4786,-3.9666,-1.27014,10.02087,0.1177,-2.08359
2011-05-13,1.42379,1.19918,1.46887,-3.11671,-0.99651,10.00511,0.11986,-2.08359
2011-05-16,1.4078,1.25204,1.47529,-4.68305,-1.49585,10.29598,0.1216,-2.08359
2011-05-17,1.41581,1.23462,1.48756,-4.94366,-1.57586,10.29604,0.11991,-2.08359
2011-05-18,1.4269,1.21026,1.48389,-3.91656,-1.24541,10.37724,0.11663,-2.08359
2011-05-19,1.42552,1.28665,1.51473,-6.07042,-1.92761,10.3182,0.1247,-2.08359
2011-05-20,1.43162,1.22719,1.4736,-2.89041,-0.91484,10.32675,0.11884,-2.08359
2011-05-23,1.41058,1.17703,1.46149,-3.54607,-1.12146,10.78129,0.10917,-2.08359
2011-05-24,1.40367,1.1753,1.45473,-3.57356,-1.12877,10.76244,0.1092,-2.08359
2011-05-25,1.4099,1.14181,1.44333,-2.34328,-0.73927,10.76802,0.10604,-2.08359
2011-05-26,1.40849,1.18167,1.46253,-3.76515,-1.18737,10.68971,0.11054,-2.08359
2011-05-27,1.41351,1.14798,1.45456,-2.86282,-0.9016,10.64158,0.10788,-2.08359
2011-05-30,1.42974,1.15187,1.45506,-1.75563,-0.55248,10.83664,0.10629,-2.08359
2011-05-31,1.43223,1.22153,1.47146,-2.7022,-0.85015,10.76462,0.11348,-2.08359
2011-06-01,1.44279,1.21538,1.4494,-0.45656,-0.14354,10.78194,0.11272,-1.99869
2011-06-02,1.43449,1.21127,1.44626,-0.817,-0.25686,10.84866,0.11165,-1.99869
2011-06-03,1.4486,1.25405,1.45699,-0.57722,-0.1815,10.99874,0.11402,-1.99869
2011-06-06,1.4655,1.27761,1.46321,0.15639,0.04918,11.16163,0.11446,-1.99869
2011-06-07,1.4583,1.34911,1.47624,-1.22302,-0.38475,11.22075,0.12023,-1.99869
2011-06-08,1.4686,1.33418,1.46137,0.4937,0.15534,11.16894,0.11945,-1.99869
2011-06-09,1.4602,1.24253,1.44115,1.31317,0.41406,11.10898,0.11185,-1.99869
2011-06-10,1.45157,1.22547,1.43027,1.47787,0.46658,11.16639,0.10975,-1.99869
2011-06-13,1.43326,1.21747,1.4209,0.86579,0.27401,11.47667,0.10608,-1.99869
2011-06-14,1.44169,1.20396,1.42503,1.16264,0.36914,11.42081,0.10542,-1.99869
2011-06-15,1.445,1.24358,1.42154,1.63727,0.52191,11.24427,0.1106,-1.99869
2011-06-16,1.4182,1.17949,1.40755,0.75352,0.24043,11.72035,0.10064,-1.99869
2011-06-17,1.41991,1.21321,1.42593,-0.42335,-0.13522,11.70419,0.10366,-1.99869
2011-06-20,1.42851,1.23016,1.45129,-1.58174,-0.50566,11.74496,0.10474,-1.99869
2011-06-21,1.43254,1.20735,1.45805,-1.76524,-0.56479,11.72054,0.10301,-1.99869
2011-06-22,1.43817,1.19967,1.44495,-0.47085,-0.1508,11.71003,0.10245,-1.99869
2011-06-23,1.43143,1.13616,1.45174,-1.40883,-0.45159,11.55591,0.09832,-1.99869
2011-06-24,1.427,1.13636,1.44627,-1.34142,-0.4299,11.55366,0.09836,-1.99869
2011-06-27,1.41713,1.07837,1.43141,-1.00231,-0.3212,11.63389,0.09269,-1.99869
2011-06-28,1.43168,1.09003,1.43355,-0.13018,-0.04172,11.80912,0.0923,-1.99869
2011-06-29,1.43579,1.13359,1.44659,-0.74939,-0.24014,11.81107,0.09598,-1.99869
2011-06-30,1.44789,1.20364,1.47214,-1.66095,-0.53229,11.89291,0.10121,-1.99869
2011-07-01,1.4497,1.20435,1.48212,-2.21229,-0.70888,11.89399,0.10126,-3.61777
2011-07-04,1.454,1.21667,1.4851,-2.11638,-0.67855,11.90554,0.10219,-3.61777
2011-07-05,1.45531,1.26961,1.49691,-2.81882,-0.90587,11.80076,0.10759,-3.61777
2011-07-06,1.44281,1.21831,1.47171,-1.98287,-0.63838,11.92299,0.10218,-3.61777
2011-07-07,1.43316,1.18151,1.4452,-0.83665,-0.26989,11.78774,0.10023,-3.61777
2011-07-08,1.43645,1.18213,1.44632,-0.68467,-0.22118,11.79352,0.10024,-3.61777
2011-07-11,1.42019,1.09517,1.40475,1.09309,0.35326,11.99361,0.09131,-3.61777
2011-07-12,1.40406,1.07815,1.38602,1.29294,0.4178,12.19205,0.08843,-3.61777
2011-07-13,1.3969,1.03159,1.37444,1.621,0.52386,12.22765,0.08437,-3.61777
2011-07-14,1.42343,1.03257,1.36576,4.13531,1.33638,12.8223,0.08053,-3.61777
2011-07-15,1.41573,0.9777,1.36716,3.49076,1.12649,12.59402,0.07763,-3.61777
2011-07-18,1.41231,0.96187,1.35739,3.96613,1.27838,12.49495,0.07698,-3.61777
2011-07-19,1.41119,0.98419,1.37705,2.44895,0.7881,12.23657,0.08043,-3.61777
2011-07-20,1.41729,0.99278,1.37246,3.2141,1.03383,12.2564,0.081,-3.61777
2011-07-21,1.427,1.10371,1.41611,0.76601,0.24628,12.34151,0.08943,-3.61777
2011-07-22,1.442,1.08243,1.40679,2.4723,0.79505,12.52376,0.08643,-3.61777
2011-07-25,1.43885,1.0498,1.38591,3.749,1.20596,12.43336,0.08443,-3.61777
2011-07-26,1.43715,1.04837,1.37777,4.22015,1.35584,12.36227,0.0848,-3.61777
2011-07-27,1.45081,0.93612,1.33495,8.32294,2.66936,12.48478,0.07498,-3.61777
2011-07-28,1.4373,0.95075,1.33558,7.33959,2.33794,12.60019,0.07546,-3.61777
2011-07-29,1.4332,0.9598,1.3326,7.27758,2.30675,12.599,0.07618,-3.61777
2011-08-01,1.43637,0.91754,1.3337,7.41619,2.33901,12.60887,0.07277,-3.29255
2011-08-02,1.42621,0.91364,1.32905,7.05514,2.21326,12.67732,0.07207,-3.29255
2011-08-03,1.41733,0.90638,1.34848,4.98027,1.55507,12.14519,0.07463,-3.29255
2011-08-04,1.4353,0.87871,1.32325,8.1284,2.5322,12.13459,0.07241,-3.29255
2011-08-05,1.40671,0.74124,1.28584,8.98421,2.78175,12.77859,0.05801,-3.29255
2011-08-08,1.42941,0.66005,1.24233,14.02731,4.31107,13.18069,0.05008,-3.29255
2011-08-09,1.41707,0.73004,1.308,8.00968,2.42005,12.99524,0.05618,-3.29255
2011-08-10,1.43831,0.58054,1.24265,14.62241,4.39589,13.32907,0.04355,-3.29255
2011-08-11,1.41247,0.58559,1.25842,11.54814,3.41141,13.63435,0.04295,-3.29255
2011-08-12,1.42264,0.65207,1.28536,10.14752,2.96699,13.66271,0.04773,-3.29255
2011-08-15,1.42741,0.693,1.3043,9.01918,2.61634,13.58917,0.051,-3.29255
2011-08-16,1.44383,0.6801,1.30218,10.32605,2.97813,13.77835,0.04936,-3.29255
2011-08-17,1.4398,0.68468,1.30799,9.60112,2.7477,13.76603,0.04974,-3.29255
2011-08-18,1.44292,0.508,1.26234,13.37003,3.8078,13.43396,0.03781,-3.29255
2011-08-19,1.43244,0.59457,1.2833,10.99442,3.09398,13.48023,0.04411,-3.29255
2011-08-22,1.43693,0.60809,1.29398,10.47834,2.92868,13.46659,0.04516,-3.29255
2011-08-23,1.4361,0.57101,1.29775,10.12984,2.81339,13.46518,0.04241,-3.29255
2011-08-24,1.44371,0.62809,1.31227,9.54598,2.63875,13.48655,0.04657,-3.29255
2011-08-25,1.44123,0.60516,1.30679,9.79244,2.69201,13.30253,0.04549,-3.29255
2011-08-26,1.4373,0.56699,1.30523,9.63894,2.63349,13.31055,0.0426,-3.29255
2011-08-29,1.44951,0.70999,1.3407,7.80343,2.1207,13.33715,0.05323,-3.29255
2011-08-30,1.45243,0.61539,1.31857,9.66903,2.6196,13.28933,0.04631,-3.29255
2011-08-31,1.44331,0.65944,1.33034,8.15086,2.1961,13.20666,0.04993,-3.29255
2011-09-01,1.43746,0.66449,1.3348,7.40973,1.99019,13.01488,0.05106,-3.75647
2011-09-02,1.42621,0.53624,1.31361,8.22386,2.20142,13.07032,0.04103,-3.75647
2011-09-05,1.41577,0.45847,1.30136,8.42634,2.24725,13.05628,0.03511,-3.75647
2011-09-06,1.40631,0.45341,1.30058,7.81598,2.07687,13.07313,0.03468,-3.75647
2011-09-07,1.40032,0.46656,1.30368,7.1517,1.89557,13.04983,0.03575,-3.75647
2011-09-08,1.40857,0.42309,1.30011,8.01275,2.11866,12.87592,0.03286,-3.75647
2011-09-09,1.39041,0.38779,1.29792,6.88426,1.81629,13.06064,0.02969,-3.75647
2011-09-12,1.36008,0.37733,1.3001,4.51037,1.18796,13.73392,0.02747,-3.75647
2011-09-13,1.36603,0.46614,1.31935,3.47639,0.91648,13.28924,0.03508,-3.75647
2011-09-14,1.36861,0.53121,1.33266,2.66157,0.70285,13.29369,0.03996,-3.75647
2011-09-15,1.37461,0.61892,1.34648,2.06732,0.54755,13.26414,0.04666,-3.75647
2011-09-16,1.3869,0.57177,1.34358,3.17339,0.84286,13.38344,0.04272,-3.75647
2011-09-19,1.37014,0.5008,1.33552,2.5599,0.68151,13.5522,0.03695,-3.75647
2011-09-20,1.36056,0.48104,1.33108,2.19114,0.58535,13.58751,0.0354,-3.75647
2011-09-21,1.36939,0.45819,1.32701,3.14433,0.84273,13.65646,0.03355,-3.75647
2011-09-22,1.3586,0.45564,1.33277,1.91981,0.51677,13.67601,0.03332,-3.75647
2011-09-23,1.34809,0.39196,1.32473,1.7484,0.47285,13.56685,0.02889,-3.75647
2011-09-26,1.3547,0.37866,1.32356,2.32584,0.63235,13.59604,0.02785,-3.75647
2011-09-27,1.35181,0.52813,1.3459,0.43819,0.11964,13.46532,0.03922,-3.75647
2011-09-28,1.35823,0.51266,1.34641,0.87438,0.23982,13.50806,0.03795,-3.75647
2011-09-29,1.35377,0.516,1.34715,0.48955,0.13473,13.49078,0.03825,-3.75647
2011-09-30,1.35858,0.4959,1.34413,1.06936,0.29546,13.51743,0.03669,-3.75647
2011-10-03,1.33609,0.47448,1.34096,-0.36334,-0.10064,13.79373,0.0344,-3.31769
2011-10-04,1.3195,0.40865,1.33279,-1.00208,-0.27856,13.93502,0.02933,-3.31769
2011-10-05,1.33301,0.48082,1.3448,-0.88051,-0.24569,14.10632,0.03409,-3.31769
2011-10-06,1.33399,0.4918,1.34042,-0.48057,-0.13466,13.95768,0.03524,-3.31769
2011-10-07,1.34289,0.51962,1.3446,-0.12715,-0.03578,13.87662,0.03745,-3.31769
2011-10-10,1.3386,0.54775,1.34768,-0.67582,-0.19075,13.85724,0.03953,-3.31769
2011-10-11,1.36355,0.52233,1.34219,1.57917,0.44827,13.83783,0.03775,-3.31769
2011-10-12,1.36457,0.59765,1.35484,0.71564,0.20423,13.80691,0.04329,-3.31769
2011-10-13,1.3792,0.55708,1.34929,2.1924,0.62915,13.98292,0.03984,-3.31769
2011-10-14,1.37355,0.60094,1.35534,1.33499,0.38452,14.00257,0.04292,-3.31769
2011-10-17,1.38791,0.52702,1.345,3.14024,0.90879,14.13851,0.03728,-3.31769
2011-10-18,1.3744,0.55851,1.35076,1.73473,0.50434,14.18673,0.03937,-3.31769
2011-10-19,1.374,0.58405,1.35538,1.36443,0.3984,14.00809,0.04169,-3.31769
2011-10-20,1.3765,0.64275,1.36343,0.9541,0.28,14.01445,0.04586,-3.31769
2011-10-21,1.3779,0.62499,1.363,1.08749,0.32062,14.01831,0.04458,-3.31769
2011-10-24,1.38477,0.5909,1.35847,1.91759,0.56745,13.91495,0.04247,-3.31769
2011-10-25,1.39223,0.60006,1.35891,2.42264,0.71998,13.85591,0.04331,-3.31769
2011-10-26,1.39045,0.50031,1.34779,3.11626,0.92983,13.84862,0.03613,-3.31769
2011-10-27,1.38769,0.54969,1.35708,2.23091,0.6689,13.84092,0.03971,-3.31769
2011-10-28,1.41739,0.5855,1.36426,3.82105,1.15167,14.43926,0.04055,-3.31769
2011-10-31,1.41401,0.55902,1.35772,4.06205,1.22953,14.39315,0.03884,-3.31769
2011-11-01,1.386,0.47785,1.34483,3.01571,0.91689,14.70364,0.0325,-3.8943
2011-11-02,1.3656,0.5153,1.35179,1.01592,0.31073,14.4535,0.03565,-3.8943
2011-11-03,1.369,0.45077,1.34526,1.7493,0.53898,14.07491,0.03203,-3.8943
2011-11-04,1.38299,0.4655,1.34804,2.55958,0.79437,14.14471,0.03291,-3.8943
2011-11-07,1.37893,0.45244,1.34742,2.3115,0.72128,13.80816,0.03277,-3.8943
2011-11-08,1.37601,0.46208,1.35144,1.80132,0.56507,13.34893,0.03462,-3.8943
2011-11-09,1.38265,0.47034,1.34751,2.57383,0.8114,13.30268,0.03536,-3.8943
2011-11-10,1.35267,0.54668,1.35974,-0.52149,-0.1653,13.95337,0.03918,-3.8943
2011-11-11,1.36101,0.59571,1.36797,-0.51057,-0.16284,13.80311,0.04316,-3.8943
2011-11-14,1.3787,0.60319,1.36807,0.77425,0.24826,14.07225,0.04286,-3.8943
2011-11-15,1.36242,0.66895,1.37601,-0.99312,-0.32062,14.23601,0.04699,-3.8943
2011-11-16,1.35071,0.70968,1.37884,-2.06114,-0.66931,14.26288,0.04976,-3.8943
2011-11-17,1.3441,0.69495,1.37528,-2.29265,-0.74846,14.26041,0.04873,-3.8943
2011-11-18,1.3458,0.69131,1.37624,-2.23641,-0.73274,14.2677,0.04845,-3.8943
2011-11-21,1.353,0.66427,1.37243,-1.42609,-0.4692,14.26852,0.04655,-3.8943
2011-11-22,1.34844,0.6912,1.37659,-2.06658,-0.68303,14.27563,0.04842,-3.8943
2011-11-23,1.35219,0.76675,1.38188,-2.17176,-0.721,14.2919,0.05365,-3.8943
2011-11-24,1.3352,0.80554,1.38569,-3.71176,-1.23889,14.34918,0.05614,-3.8943
2011-11-25,1.3331,0.79221,1.38323,-3.69132,-1.23885,14.33337,0.05527,-3.8943
2011-11-28,1.33135,0.72695,1.3795,-3.55292,-1.19935,14.29821,0.05084,-3.8943
2011-11-29,1.3317,0.68343,1.37712,-3.35399,-1.13935,14.2902,0.04783,-3.8943
2011-11-30,1.33241,0.49273,1.36047,-2.0841,-0.71194,14.22998,0.03463,-3.8943
2011-12-01,1.34439,0.4098,1.35156,-0.53145,-0.18265,14.31141,0.02863,-5.37518
2011-12-02,1.34669,0.43007,1.35397,-0.53871,-0.18658,14.26973,0.03014,-5.37518
2011-12-05,1.3419,0.40533,1.35114,-0.68562,-0.23954,14.26325,0.02842,-5.37518
2011-12-06,1.33867,0.4554,1.35645,-1.31922,-0.46422,14.2048,0.03206,-5.37518
2011-12-07,1.3412,0.42615,1.35233,-0.82652,-0.29249,13.99695,0.03045,-5.37518
2011-12-08,1.34037,0.42648,1.34986,-0.70501,-0.25107,13.29871,0.03207,-5.37518
2011-12-09,1.33454,0.44645,1.356,-1.59498,-0.57139,13.29066,0.03359,-5.37518
2011-12-12,1.33717,0.39711,1.35092,-1.02352,-0.36898,13.2912,0.02988,-5.37518
2011-12-13,1.31711,0.41165,1.35393,-2.75721,-1.00226,13.577,0.03032,-5.37518
2011-12-14,1.30191,0.37274,1.34659,-3.37384,-1.23516,13.6081,0.02739,-5.37518
2011-12-15,1.2988,0.26857,1.33701,-2.89919,-1.07029,13.42163,0.02001,-5.37518
2011-12-16,1.30297,0.21542,1.3312,-2.14386,-0.79807,13.38627,0.01609,-5.37518
2011-12-19,1.3037,0.27327,1.33641,-2.47854,-0.92959,13.30981,0.02053,-5.37518
2011-12-20,1.30078,0.25201,1.33779,-2.80567,-1.06006,13.23443,0.01904,-5.37518
2011-12-21,1.3088,0.2331,1.33791,-2.19969,-0.83579,13.22454,0.01763,-5.37518
2011-12-22,1.304,0.23506,1.33824,-2.59197,-0.9893,13.1943,0.01782,-5.37518
2011-12-23,1.3056,0.18496,1.33374,-2.13244,-0.81732,13.19557,0.01402,-5.37518
2011-12-26,1.3045,0.18496,1.33416,-2.24826,-0.86738,13.15169,0.01406,-5.37518
2011-12-27,1.30506,0.12346,1.32821,-1.75869,-0.68286,13.14224,0.00939,-5.37518
2011-12-28,1.30721,0.13502,1.32691,-1.49613,-0.58448,13.12337,0.01029,-5.37518
2011-12-29,1.29272,0.11095,1.32604,-2.54433,-1.00003,12.89178,0.00861,-5.37518
2011-12-30,1.29561,0.15622,1.32926,-2.56471,-1.01232,12.67048,0.01233,-5.37518
2012-01-02,1.29601,0.22397,1.33586,-3.02828,-1.19854,12.4913,0.01793,-8.63378
2012-01-03,1.2941,0.19025,1.33668,-3.23784,-1.28528,12.49063,0.01523,-8.63378
2012-01-04,1.3056,0.21156,1.34033,-2.62509,-1.04465,12.54931,0.01686,-8.63378
2012-01-05,1.29314,0.24264,1.34312,-3.79203,-1.51262,12.67071,0.01915,-8.63378
2012-01-06,1.27961,0.28584,1.34817,-5.21969,-2.08194,12.22087,0.02339,-8.63378
2012-01-09,1.26804,0.26718,1.34496,-5.88933,-2.34372,12.32116,0.02168,-8.63378
2012-01-10,1.2776,0.2941,1.34796,-5.3611,-2.12694,12.21394,0.02408,-8.63378
2012-01-11,1.27518,0.22733,1.33973,-4.9375,-1.95757,12.20069,0.01863,-8.63378
2012-01-12,1.27239,0.18521,1.33481,-4.78893,-1.8995,11.97286,0.01547,-8.63378
2012-01-13,1.28205,0.18206,1.33272,-3.87604,-1.53645,11.98069,0.0152,-8.63378
2012-01-16,1.2647,0.17049,1.33104,-5.11242,-2.02629,12.23794,0.01393,-8.63378
2012-01-17,1.2667,0.24161,1.33699,-5.40058,-2.13604,12.2356,0.01975,-8.63378
2012-01-18,1.2746,0.22894,1.33553,-4.66975,-1.84391,12.31977,0.01858,-8.63378
2012-01-19,1.2866,0.21543,1.3349,-3.68492,-1.45333,12.44078,0.01732,-8.63378
2012-01-20,1.2965,0.22674,1.33565,-2.97537,-1.17239,12.49788,0.01814,-8.63378
2012-01-23,1.28848,0.23663,1.33613,-3.63198,-1.43259,12.539,0.01887,-8.63378
2012-01-24,1.30269,0.26861,1.33819,-2.68861,-1.06043,12.77207,0.02103,-8.63378
2012-01-25,1.3041,0.2721,1.33848,-2.60191,-1.02719,11.9602,0.02275,-8.63378
2012-01-26,1.31074,0.25132,1.33617,-1.9217,-0.75932,12.02606,0.0209,-8.63378
2012-01-27,1.30928,0.24062,1.33514,-1.9563,-0.77411,11.40304,0.0211,-8.63378
2012-01-30,1.32079,0.24578,1.33416,-1.00656,-0.3992,11.20631,0.02193,-8.63378
2012-01-31,1.31396,0.22989,1.33241,-1.39473,-0.5542,11.22747,0.02048,-8.63378
2012-02-01,1.3077,0.19333,1.32921,-1.63099,-0.64958,11.03829,0.01751,-8.17523
2012-02-02,1.317,0.16409,1.32638,-0.70937,-0.28328,11.14418,0.01472,-8.17523
2012-02-03,1.31372,0.16932,1.32891,-1.15002,-0.46043,11.14636,0.01519,-8.17523
2012-02-06,1.31271,0.14197,1.32575,-0.98843,-0.39691,11.08917,0.0128,-8.17523
2012-02-07,1.31216,0.14758,1.32612,-1.05807,-0.42614,10.22672,0.01443,-8.17523
2012-02-08,1.32485,0.14679,1.32581,-0.0719,-0.02905,10.34138,0.01419,-8.17523
2012-02-09,1.32485,0.16219,1.32787,-0.22734,-0.0922,9.98027,0.01625,-8.17523
2012-02-10,1.32784,0.14879,1.32425,0.27092,0.11039,9.72993,0.01529,-8.17523
2012-02-13,1.32368,0.1315,1.32349,0.01417,0.00581,9.60259,0.01369,-8.17523
2012-02-14,1.31579,0.14169,1.32446,-0.65687,-0.27041,9.6258,0.01472,-8.17523
2012-02-15,1.31337,0.13964,1.32382,-0.79287,-0.32824,9.62482,0.01451,-8.17523
2012-02-16,1.30581,0.1628,1.32725,-1.62862,-0.67852,9.61296,0.01694,-8.17523
2012-02-17,1.31268,0.18136,1.32869,-1.2124,-0.50732,9.66504,0.01876,-8.17523
2012-02-20,1.32272,0.18895,1.32888,-0.46504,-0.19544,9.77798,0.01932,-8.17523
2012-02-21,1.32048,0.16843,1.32721,-0.50808,-0.21461,9.4584,0.01781,-8.17523
2012-02-22,1.32433,0.17605,1.32827,-0.29742,-0.12618,9.47395,0.01858,-8.17523
2012-02-23,1.32557,0.13779,1.3241,0.11097,0.04724,9.47296,0.01455,-8.17523
2012-02-24,1.33736,0.12008,1.32276,1.09798,0.46912,9.63956,0.01246,-8.17523
2012-02-27,1.34671,0.10048,1.31973,2.02389,0.86788,9.73753,0.01032,-8.17523
2012-02-28,1.34066,0.08942,1.31706,1.77597,0.76487,9.61525,0.0093,-8.17523
2012-02-29,1.3478,0.07271,1.31591,2.3942,1.03519,9.66876,0.00752,-8.17523
2012-03-01,1.33209,0.06479,1.31754,1.09857,0.47701,9.92582,0.00653,-7.1746
2012-03-02,1.33227,0.05628,1.31464,1.3316,0.58203,9.91493,0.00568,-7.1746
2012-03-05,1.31862,0.03143,1.31161,0.53314,0.23456,10.11436,0.00311,-7.1746
2012-03-06,1.32258,0.04463,1.31142,0.84719,0.37572,10.13513,0.0044,-7.1746
2012-03-07,1.31234,0.03876,1.31147,0.06638,0.0296,10.21458,0.00379,-7.1746
2012-03-08,1.31399,0.00301,1.30746,0.49852,0.22316,10.2093,0.0003,-7.1746
2012-03-09,1.32749,0.00827,1.30767,1.5046,0.6771,9.96735,0.00083,-7.1746
2012-03-12,1.31251,0.00571,1.30626,0.477,0.21597,9.9555,0.00057,-7.1746
2012-03-13,1.31683,0.0067,1.3059,0.83315,0.38022,9.96183,0.00067,-7.1746
2012-03-14,1.30804,-0.00834,1.30286,0.39722,0.18297,10.03771,-0.00083,-7.1746
2012-03-15,1.30225,0.05858,1.30893,-0.5118,-0.23831,10.07731,0.00581,-7.1746
2012-03-16,1.30787,0.13144,1.31754,-0.73659,-0.34592,10.10366,0.01301,-7.1746
2012-03-19,1.31771,0.09659,1.31283,0.37133,0.17558,10.14012,0.00953,-7.1746
2012-03-20,1.32293,0.07922,1.30944,1.0244,0.48851,10.13921,0.00781,-7.1746
2012-03-21,1.32377,0.07594,1.30821,1.18231,0.5683,10.13753,0.00749,-7.1746
2012-03-22,1.32188,0.07431,1.30727,1.11084,0.53738,10.14068,0.00733,-7.1746
2012-03-23,1.32048,0.04541,1.30413,1.24578,0.60554,10.14373,0.00448,-7.1746
2012-03-26,1.3283,0.04898,1.30389,1.85491,0.90823,10.20426,0.0048,-7.1746
2012-03-27,1.33601,0.08314,1.30921,2.02582,0.99808,9.99534,0.00832,-7.1746
2012-03-28,1.33287,0.05287,1.30473,2.13358,1.05247,10.00552,0.00528,-7.1746
2012-03-29,1.33262,0.05718,1.30428,2.14964,1.06218,10.0063,0.00571,-7.1746
2012-03-30,1.33138,0.06259,1.30547,1.96553,0.97364,10.00265,0.00626,-7.1746
2012-04-02,1.33583,0.03763,1.30459,2.36619,1.17565,9.87434,0.00381,-7.23992
2012-04-03,1.33333,0.01571,1.30178,2.39511,1.19191,9.67681,0.00162,-7.23992
2012-04-04,1.32252,0.01937,1.30153,1.60018,0.79562,9.57788,0.00202,-7.23992
2012-04-05,1.31441,0.0123,1.30202,0.94653,0.47048,9.47597,0.0013,-7.23992
2012-04-06,1.30651,0.0423,1.30587,0.0485,0.02411,9.45981,0.00447,-7.23992
2012-04-09,1.30791,0.0423,1.30699,0.07054,0.03507,9.44979,0.00448,-7.23992
2012-04-10,1.31113,0.07266,1.30962,0.11557,0.05749,9.44371,0.00769,-7.23992
2012-04-11,1.30736,0.05646,1.30764,-0.02171,-0.0108,9.35579,0.00603,-7.23992
2012-04-12,1.31199,0.04929,1.30582,0.47138,0.23449,8.93706,0.00551,-7.23992
2012-04-13,1.31891,0.06354,1.30954,0.71311,0.35474,8.98396,0.00707,-7.23992
2012-04-16,1.30565,0.09093,1.31054,-0.3735,-0.18598,9.16356,0.00992,-7.23992
2012-04-17,1.31268,0.10463,1.31143,0.09556,0.04763,9.03795,0.01158,-7.23992
2012-04-18,1.31354,0.10049,1.31032,0.24527,0.12296,8.91446,0.01127,-7.23992
2012-04-19,1.31199,0.13501,1.31431,-0.17654,-0.08865,8.82377,0.0153,-7.23992
2012-04-20,1.31458,0.11417,1.31145,0.23856,0.11992,8.56039,0.01334,-7.23992
2012-04-23,1.32048,0.14296,1.31621,0.32402,0.16295,8.60238,0.01662,-7.23992
2012-04-24,1.3152,0.12592,1.31289,0.17578,0.08858,8.58489,0.01467,-7.23992
2012-04-25,1.31978,0.11224,1.31071,0.69009,0.34824,8.60859,0.01304,-7.23992
2012-04-26,1.32328,0.08165,1.30691,1.24417,0.63098,8.44471,0.00967,-7.23992
2012-04-27,1.31909,0.07972,1.30684,0.93284,0.47404,8.40353,0.00949,-7.23992
2012-04-30,1.32415,0.04858,1.3038,1.54857,0.78718,8.37854,0.0058,-7.23992
2012-05-01,1.32398,0.04858,1.30366,1.54675,0.78608,8.26089,0.00588,-8.41997
2012-05-02,1.32398,0.02559,1.30034,1.80157,0.91555,8.24423,0.0031,-8.41997
2012-05-03,1.31475,0.02036,1.29907,1.20027,0.60964,8.36473,0.00243,-8.41997
2012-05-04,1.31562,0.00095,1.29621,1.48636,0.7555,8.36518,0.00011,-8.41997
2012-05-07,1.29703,-0.01308,1.29461,0.18726,0.09561,8.61103,-0.00152,-8.41997
2012-05-08,1.30617,-0.00724,1.29518,0.84469,0.43392,8.73559,-0.00083,-8.41997
2012-05-09,1.29955,0.01496,1.2993,0.01849,0.00955,8.77406,0.00171,-8.41997
2012-05-10,1.29366,0.00608,1.29685,-0.24615,-0.1276,8.79658,0.00069,-8.41997
2012-05-11,1.29349,4e-05,1.29692,-0.26459,-0.13748,8.72232,0.0,-8.41997
2012-05-14,1.28999,-0.02201,1.29574,-0.44502,-0.23174,8.73044,-0.00252,-8.41997
2012-05-15,1.2832,-0.00766,1.29807,-1.15231,-0.60077,8.71822,-0.00088,-8.41997
2012-05-16,1.27356,-0.01187,1.29741,-1.85526,-0.96742,8.76387,-0.00135,-8.41997
2012-05-17,1.27307,-0.07123,1.2891,-1.25066,-0.65219,8.60814,-0.00827,-8.41997
2012-05-18,1.26984,-0.05763,1.29086,-1.64145,-0.85638,8.61418,-0.00669,-8.41997
2012-05-21,1.2773,-0.04632,1.29087,-1.05666,-0.55137,8.68322,-0.00533,-8.41997
2012-05-22,1.28107,-0.0525,1.29031,-0.71937,-0.37614,8.70661,-0.00603,-8.41997
2012-05-23,1.26646,-0.05775,1.2876,-1.65517,-0.86827,8.76346,-0.00659,-8.41997
2012-05-24,1.25612,-0.08892,1.28407,-2.20013,-1.15729,8.73751,-0.01018,-8.41997
2012-05-25,1.2536,-0.10635,1.28239,-2.2706,-1.19613,8.71232,-0.01221,-8.41997
2012-05-28,1.25691,-0.12017,1.28073,-1.87738,-0.99083,8.64897,-0.01389,-8.41997
2012-05-29,1.25251,-0.11138,1.28096,-2.24662,-1.19136,8.3914,-0.01327,-8.41997
2012-05-30,1.24782,-0.08281,1.28486,-2.92558,-1.56099,8.40643,-0.00985,-8.41997
2012-05-31,1.23747,-0.10118,1.28161,-3.50462,-1.87999,8.327,-0.01215,-8.41997
2012-06-01,1.23625,-0.11327,1.27987,-3.46764,-1.85801,8.28712,-0.01367,-8.92026
2012-06-04,1.24023,-0.09175,1.28202,-3.31348,-1.77174,8.21714,-0.01117,-8.92026
2012-06-05,1.25094,-0.09486,1.28027,-2.31794,-1.23715,8.42373,-0.01126,-8.92026
2012-06-06,1.24626,-0.05161,1.2841,-2.99132,-1.59565,8.14064,-0.00634,-8.92026
2012-06-07,1.25739,-0.0253,1.28611,-2.2589,-1.20267,8.1011,-0.00312,-8.92026
2012-06-08,1.25707,-0.06441,1.28065,-1.85867,-0.98892,8.06148,-0.00799,-8.92026
2012-06-11,1.26454,-0.03076,1.28586,-1.67209,-0.89009,8.07757,-0.00381,-8.92026
2012-06-12,1.24782,-0.01575,1.28566,-2.9878,-1.59117,8.43887,-0.00187,-8.92026
2012-06-13,1.25047,-0.01034,1.2882,-2.97277,-1.5797,8.39765,-0.00123,-8.92026
2012-06-14,1.25739,-0.02295,1.28408,-2.10027,-1.11442,8.32808,-0.00276,-8.92026
2012-06-15,1.26279,-0.05079,1.28048,-1.39118,-0.73739,8.33606,-0.00609,-8.92026
2012-06-18,1.27049,-0.06754,1.27433,-0.30224,-0.16013,8.44296,-0.008,-8.92026
2012-06-19,1.25976,-0.04996,1.2763,-1.30439,-0.69132,8.58576,-0.00582,-8.92026
2012-06-20,1.26807,-0.01652,1.27674,-0.68127,-0.36098,8.70986,-0.0019,-8.92026
2012-06-21,1.26807,-0.0477,1.27418,-0.48056,-0.25486,8.60885,-0.00554,-8.92026
2012-06-22,1.25518,-0.03263,1.27486,-1.55557,-0.825,8.71063,-0.00375,-8.92026
2012-06-25,1.25376,-0.07045,1.27295,-1.51901,-0.80515,8.70631,-0.00809,-8.92026
2012-06-26,1.25047,-0.05354,1.27541,-1.97454,-1.04594,8.71107,-0.00615,-8.92026
2012-06-27,1.24875,-0.04892,1.27581,-2.14404,-1.13459,8.71136,-0.00562,-8.92026
2012-06-28,1.24735,-0.05525,1.27381,-2.0989,-1.10943,8.66637,-0.00637,-8.92026
2012-06-29,1.24409,-0.06136,1.27383,-2.3621,-1.24708,8.6704,-0.00708,-8.92026
2012-07-02,1.26552,-0.06102,1.27298,-0.58816,-0.31008,9.2833,-0.00657,-11.18403
2012-07-03,1.25818,-0.09761,1.27045,-0.97066,-0.5117,9.27542,-0.01052,-11.18403
2012-07-04,1.26056,-0.10517,1.26941,-0.69963,-0.3688,9.22538,-0.0114,-11.18403
2012-07-05,1.25163,-0.15257,1.26482,-1.04892,-0.55307,9.31097,-0.01639,-11.18403
2012-07-06,1.23916,-0.22414,1.25422,-1.20799,-0.63678,9.47176,-0.02366,-11.18403
2012-07-09,1.22714,-0.23049,1.25576,-2.30476,-1.2145,9.6283,-0.02394,-11.18403
2012-07-10,1.23183,-0.22666,1.2553,-1.88754,-0.99404,9.63373,-0.02353,-11.18403
2012-07-11,1.22564,-0.25709,1.25187,-2.11726,-1.11444,9.58169,-0.02683,-11.18403
2012-07-12,1.22472,-0.24516,1.25391,-2.35522,-1.23937,9.40801,-0.02606,-11.18403
2012-07-13,1.21927,-0.26091,1.25046,-2.52553,-1.327,9.34208,-0.02793,-11.18403
2012-07-16,1.22489,-0.26295,1.25109,-2.1168,-1.11039,9.4064,-0.02795,-11.18403
2012-07-17,1.22684,-0.26746,1.24967,-1.84381,-0.9663,9.42189,-0.02839,-11.18403
2012-07-18,1.22956,-0.23685,1.25327,-1.9102,-1.00038,9.42517,-0.02513,-11.18403
2012-07-19,1.22775,-0.23411,1.25375,-2.09563,-1.09643,9.35788,-0.02502,-11.18403
2012-07-20,1.22769,-0.24885,1.25241,-1.99385,-1.04206,9.34235,-0.02664,-11.18403
2012-07-23,1.21271,-0.20494,1.25873,-3.72451,-1.9447,9.55783,-0.02144,-11.18403
2012-07-24,1.21242,-0.17333,1.2647,-4.22202,-2.19751,9.52629,-0.0182,-11.18403
2012-07-25,1.20619,-0.15823,1.26529,-4.7842,-2.47964,9.54956,-0.01657,-11.18403
2012-07-26,1.21403,-0.19754,1.25808,-3.56386,-1.83697,9.62334,-0.02053,-11.18403
2012-07-27,1.22805,-0.21362,1.25516,-2.18381,-1.12283,9.95872,-0.02145,-11.18403
2012-07-30,1.23047,-0.23656,1.25402,-1.89597,-0.97382,9.97606,-0.02371,-11.18403
2012-07-31,1.22594,-0.25289,1.25248,-2.1413,-1.09917,9.91926,-0.0255,-11.18403
2012-08-01,1.22941,-0.27981,1.24962,-1.6306,-0.83691,9.94438,-0.02814,-11.17398
2012-08-02,1.22414,-0.27506,1.24801,-1.93085,-0.9911,9.60312,-0.02864,-11.17398
2012-08-03,1.21803,-0.24341,1.24999,-2.59072,-1.32872,9.49987,-0.02562,-11.17398
2012-08-06,1.24285,-0.25875,1.2486,-0.46135,-0.23622,10.37362,-0.02494,-11.17398
2012-08-07,1.239,-0.26636,1.24882,-0.78898,-0.40395,10.35603,-0.02572,-11.17398
2012-08-08,1.2387,-0.30625,1.24276,-0.32746,-0.16763,10.3558,-0.02957,-11.17398
2012-08-09,1.23733,-0.30309,1.24352,-0.49866,-0.25551,10.34801,-0.02929,-11.17398
2012-08-10,1.22941,-0.30291,1.24237,-1.04885,-0.53767,10.37139,-0.02921,-11.17398
2012-08-13,1.22772,-0.28216,1.24301,-1.23763,-0.63491,10.27846,-0.02745,-11.17398
2012-08-14,1.23274,-0.26502,1.24728,-1.17242,-0.6022,10.32072,-0.02568,-11.17398
2012-08-15,1.23259,-0.25171,1.24919,-1.33779,-0.68728,10.3127,-0.02441,-11.17398
2012-08-16,1.22895,-0.28205,1.24485,-1.28512,-0.66006,10.24318,-0.02754,-11.17398
2012-08-17,1.23579,-0.27397,1.24266,-0.55481,-0.28501,10.29302,-0.02662,-11.17398
2012-08-20,1.23326,-0.26891,1.24434,-0.89427,-0.45942,10.05761,-0.02674,-11.17398
2012-08-21,1.23533,-0.28016,1.2451,-0.78742,-0.40463,9.94051,-0.02818,-11.17398
2012-08-22,1.24766,-0.22791,1.25161,-0.31608,-0.16252,10.14024,-0.02248,-11.17398
2012-08-23,1.25345,-0.24298,1.25131,0.17039,0.08761,10.16965,-0.02389,-11.17398
2012-08-24,1.25612,-0.27494,1.24551,0.84886,0.4368,10.15405,-0.02708,-11.17398
2012-08-27,1.25044,-0.26804,1.24806,0.19018,0.09788,10.1672,-0.02636,-11.17398
2012-08-28,1.25016,-0.24977,1.25071,-0.04399,-0.02267,10.02459,-0.02492,-11.17398
2012-08-29,1.25723,-0.23973,1.2529,0.34511,0.17796,10.0812,-0.02378,-11.17398
2012-08-30,1.25313,-0.26185,1.25153,0.1278,0.06599,10.08741,-0.02596,-11.17398
2012-08-31,1.25109,-0.20515,1.2588,-0.61417,-0.31739,9.94637,-0.02063,-11.17398
2012-09-03,1.2577,-0.197,1.25978,-0.16512,-0.08538,9.97168,-0.01976,-8.91015
2012-09-04,1.25865,-0.20749,1.25918,-0.04153,-0.02153,9.81326,-0.02114,-8.91015
2012-09-05,1.25345,-0.23581,1.25483,-0.11047,-0.05736,9.84841,-0.02394,-8.91015
2012-09-06,1.26024,-0.20325,1.25543,0.38218,0.19921,9.8361,-0.02066,-8.91015
2012-09-07,1.26326,-0.17464,1.25715,0.48536,0.25415,9.47028,-0.01844,-8.91015
2012-09-10,1.27959,-0.16322,1.26248,1.34661,0.70838,9.79596,-0.01666,-8.91015
2012-09-11,1.27616,-0.16692,1.26277,1.05517,0.55857,9.7579,-0.01711,-8.91015
2012-09-12,1.28518,-0.15186,1.26403,1.65949,0.88393,9.81984,-0.01546,-8.91015
2012-09-13,1.29032,-0.15642,1.2609,2.30698,1.23647,9.77851,-0.016,-8.91015
2012-09-14,1.29938,-0.14137,1.26406,2.75555,1.48659,9.70683,-0.01456,-8.91015
2012-09-17,1.31165,-0.11931,1.26739,3.4327,1.86792,9.79489,-0.01218,-8.91015
2012-09-18,1.31101,-0.13781,1.26132,3.86388,2.10871,9.79645,-0.01407,-8.91015
2012-09-19,1.30463,-0.16252,1.25522,3.86116,2.10914,9.61485,-0.0169,-8.91015
2012-09-20,1.30582,-0.17163,1.25634,3.86296,2.10387,9.60848,-0.01786,-8.91015
2012-09-21,1.29735,-0.17114,1.25774,3.10088,1.68956,9.69315,-0.01766,-8.91015
2012-09-24,1.29685,-0.17144,1.25705,3.11726,1.69899,9.68706,-0.0177,-8.91015
2012-09-25,1.29416,-0.17239,1.26015,2.66305,1.45338,9.69578,-0.01778,-8.91015
2012-09-26,1.29001,-0.17588,1.26196,2.1978,1.20154,9.70459,-0.01812,-8.91015
2012-09-27,1.28816,-0.17024,1.26122,2.11346,1.15641,9.11337,-0.01868,-8.91015
2012-09-28,1.29132,-0.1587,1.26477,2.0773,1.13654,9.0382,-0.01756,-8.91015
2012-10-01,1.2809,-0.16063,1.26559,1.20252,0.65791,9.19147,-0.01748,-8.40725
2012-10-02,1.28883,-0.14542,1.26596,1.79017,0.98229,9.14258,-0.01591,-8.40725
2012-10-03,1.29166,-0.15255,1.26145,2.36661,1.30063,8.89663,-0.01715,-8.40725
2012-10-04,1.29232,-0.1509,1.26468,2.16207,1.19243,8.64213,-0.01746,-8.40725
2012-10-05,1.30174,-0.1821,1.26025,3.23935,1.79688,8.71792,-0.02089,-8.40725
2012-10-08,1.30157,-0.19827,1.25989,3.25536,1.82294,8.63748,-0.02295,-8.40725
2012-10-09,1.29769,-0.17403,1.26817,2.30127,1.29728,8.66702,-0.02008,-8.40725
2012-10-10,1.28584,-0.20605,1.26437,1.68367,0.95404,8.83544,-0.02332,-8.40725
2012-10-11,1.28584,-0.20525,1.26504,1.63104,0.92753,8.80388,-0.02331,-8.40725
2012-10-12,1.29333,-0.20882,1.26456,2.24932,1.28457,8.85995,-0.02357,-8.40725
2012-10-15,1.29433,-0.20785,1.26482,2.30607,1.31917,8.85555,-0.02347,-8.40725
2012-10-16,1.29685,-0.18004,1.2674,2.29692,1.31719,8.84602,-0.02035,-8.40725
2012-10-17,1.31079,-0.18734,1.2666,3.42913,1.96793,9.05894,-0.02068,-8.40725
2012-10-18,1.31165,-0.16116,1.26997,3.22904,1.84931,8.64622,-0.01864,-8.40725
2012-10-19,1.30692,-0.17128,1.26608,3.17437,1.81664,8.69594,-0.0197,-8.40725
2012-10-22,1.30225,-0.17208,1.26448,2.94375,1.6867,8.65481,-0.01988,-8.40725
2012-10-23,1.30702,-0.15514,1.26831,3.0062,1.72957,8.60309,-0.01803,-8.40725
2012-10-24,1.29735,-0.16961,1.26541,2.49288,1.43717,8.51277,-0.01992,-8.40725
2012-10-25,1.29651,-0.19186,1.26363,2.569,1.48164,8.51516,-0.02253,-8.40725
2012-10-26,1.29383,-0.20399,1.26352,2.37019,1.36658,8.48647,-0.02404,-8.40725
2012-10-29,1.29241,-0.21208,1.26276,2.32075,1.33717,8.48576,-0.02499,-8.40725
2012-10-30,1.29082,-0.22287,1.2617,2.28221,1.31325,8.43304,-0.02643,-8.40725
2012-10-31,1.29626,-0.21436,1.26271,2.62197,1.50623,8.37441,-0.0256,-8.40725
2012-11-01,1.29651,-0.21797,1.25861,2.96672,1.70079,7.41157,-0.02941,-9.06328
2012-11-02,1.29483,-0.2135,1.25682,2.97955,1.70354,7.38294,-0.02892,-9.06328
2012-11-05,1.28279,-0.22059,1.26078,1.73083,0.98699,7.64969,-0.02884,-9.06328
2012-11-06,1.28025,-0.24898,1.26163,1.4649,0.83585,7.65951,-0.03251,-9.06328
2012-11-07,1.2808,-0.25102,1.25701,1.87528,1.0708,7.52764,-0.03335,-9.06328
2012-11-08,1.276,-0.24813,1.25719,1.48531,0.84841,7.56867,-0.03278,-9.06328
2012-11-09,1.27453,-0.25496,1.26018,1.13248,0.64715,7.54341,-0.0338,-9.06328
2012-11-12,1.27239,-0.25271,1.25678,1.23502,0.70607,7.55531,-0.03345,-9.06328
2012-11-13,1.27097,-0.25792,1.25488,1.2741,0.72822,7.53005,-0.03425,-9.06328
2012-11-14,1.27097,-0.22309,1.26311,0.62031,0.35532,7.46138,-0.0299,-9.06328
2012-11-15,1.27324,-0.22152,1.2657,0.59386,0.34089,7.44864,-0.02974,-9.06328
2012-11-16,1.27845,-0.22727,1.26237,1.26568,0.72691,7.47948,-0.03039,-9.06328
2012-11-19,1.27595,-0.2281,1.2599,1.26557,0.72694,7.24731,-0.03147,-9.06328
2012-11-20,1.27694,-0.22799,1.25794,1.49942,0.86106,7.19581,-0.03168,-9.06328
2012-11-21,1.28144,-0.20931,1.26231,1.50401,0.86312,7.21549,-0.02901,-9.06328
2012-11-22,1.2865,-0.21271,1.26201,1.92209,1.10268,7.18287,-0.02961,-9.06328
2012-11-23,1.28751,-0.23949,1.25974,2.18067,1.2505,7.18184,-0.03335,-9.06328
2012-11-26,1.2966,-0.22468,1.26137,2.75429,1.57844,7.22768,-0.03109,-9.06328
2012-11-27,1.2987,-0.21331,1.26171,2.88996,1.65314,7.19052,-0.02967,-9.06328
2012-11-28,1.29383,-0.24356,1.25704,2.88434,1.65068,7.22949,-0.03369,-9.06328
2012-11-29,1.29534,-0.21074,1.26215,2.59526,1.48211,7.16656,-0.02941,-9.06328
2012-11-30,1.29735,-0.21352,1.26437,2.57563,1.47179,7.16965,-0.02978,-9.06328
2012-12-03,1.29968,-0.2028,1.26648,2.58739,1.47919,7.11206,-0.02851,-7.59564
2012-12-05,1.30993,-0.22063,1.26025,3.8662,2.21447,7.19608,-0.03066,-7.59564
2012-12-06,1.30702,-0.24129,1.25481,4.07684,2.3353,7.20888,-0.03347,-7.59564
2012-12-07,1.29634,-0.28041,1.24937,3.6905,2.11234,6.97408,-0.04021,-7.59564
2012-12-10,1.29061,-0.27214,1.25132,3.09125,1.76416,7.01232,-0.03881,-7.59564
2012-12-11,1.29383,-0.26595,1.25262,3.23665,1.84166,6.88924,-0.0386,-7.59564
2012-12-12,1.30132,-0.27537,1.25561,3.57572,2.028,6.93913,-0.03968,-7.59564
2012-12-13,1.30668,-0.29609,1.25168,4.29974,2.42877,6.84663,-0.04325,-7.59564
2012-12-14,1.30787,-0.26496,1.25857,3.84233,2.15812,6.58288,-0.04025,-7.59564
2012-12-17,1.31659,-0.25554,1.25868,4.49778,2.51493,6.71642,-0.03805,-7.59564
2012-12-18,1.31648,-0.27086,1.25593,4.70858,2.61683,6.64095,-0.04079,-7.59564
2012-12-19,1.3231,-0.26016,1.26296,4.65214,2.56861,6.71058,-0.03877,-7.59564
2012-12-20,1.32153,-0.27213,1.26222,4.59198,2.519,6.5772,-0.04137,-7.59564
2012-12-21,1.32377,-0.25521,1.26216,4.76602,2.59824,6.5816,-0.03878,-7.59564
2012-12-24,1.3182,-0.2613,1.26147,4.39883,2.38252,6.6271,-0.03943,-7.59564
2012-12-25,1.31804,-0.2613,1.26176,4.36451,2.3507,6.58927,-0.03965,-7.59564
2012-12-26,1.31804,-0.2613,1.26909,3.78449,2.02898,6.57984,-0.03971,-7.59564
2012-12-27,1.32258,-0.25528,1.26946,4.09925,2.19135,6.59541,-0.03871,-7.59564
2012-12-28,1.32503,-0.28042,1.27147,4.12618,2.19703,6.37178,-0.04401,-7.59564
2012-12-31,1.32277,-0.26302,1.26751,4.26748,2.26325,6.28301,-0.04186,-7.59564
2013-01-01,1.32013,-0.26302,1.26777,4.04705,2.13554,6.29061,-0.04181,-7.53429
2013-01-02,1.31978,-0.24205,1.26661,4.1127,2.16115,6.29168,-0.03847,-7.53429
2013-01-03,1.31822,-0.21523,1.26876,3.82395,2.0002,6.13852,-0.03506,-7.53429
2013-01-04,1.30327,-0.17179,1.27021,2.56928,1.33938,6.56254,-0.02618,-7.53429
2013-01-07,1.30675,-0.17217,1.27039,2.82126,1.47003,6.55452,-0.02627,-7.53429
2013-01-08,1.31251,-0.16631,1.27189,3.14322,1.63535,6.33162,-0.02627,-7.53429
2013-01-09,1.30823,-0.16595,1.27218,2.79444,1.45079,6.37194,-0.02604,-7.53429
2013-01-10,1.30548,-0.15444,1.27304,2.51656,1.30505,6.28876,-0.02456,-7.53429
2013-01-11,1.32732,-0.12805,1.2729,4.18585,2.16792,7.09599,-0.01805,-7.53429
2013-01-14,1.3362,-0.12871,1.27609,4.60282,2.37601,7.20006,-0.01788,-7.53429
2013-01-15,1.33779,-0.12495,1.2734,4.93309,2.53417,6.89644,-0.01812,-7.53429
2013-01-16,1.33085,-0.12429,1.27424,4.34638,2.21896,6.98399,-0.0178,-7.53429
2013-01-17,1.32908,-0.08285,1.27911,3.83197,1.94691,6.94774,-0.01192,-7.53429
2013-01-18,1.33726,-0.05301,1.27996,4.37887,2.2166,7.00063,-0.00757,-7.53429
2013-01-21,1.332,-0.05956,1.27969,4.00628,2.01883,7.02276,-0.00848,-7.53429
2013-01-22,1.33115,-0.07355,1.28247,3.72562,1.87038,6.84844,-0.01074,-7.53429
2013-01-23,1.3314,-0.08558,1.28241,3.74914,1.87702,6.84524,-0.0125,-7.53429
2013-01-24,1.33085,-0.05693,1.28721,3.33414,1.66348,6.8287,-0.00834,-7.53429
2013-01-25,1.33693,-0.00571,1.29314,3.3302,1.65791,6.8703,-0.00083,-7.53429
2013-01-28,1.3466,0.03795,1.29968,3.54655,1.76103,6.98825,0.00543,-7.53429
2013-01-29,1.34463,-0.00063,1.29739,3.57618,1.77037,6.96373,-9e-05,-7.53429
2013-01-30,1.34916,0.06398,1.30733,3.14984,1.55496,6.98544,0.00916,-7.53429
2013-01-31,1.35683,0.04529,1.30694,3.74679,1.84656,7.04594,0.00643,-7.53429
2013-02-01,1.3611,-0.00847,1.30171,4.46119,2.19315,6.75599,-0.00125,-6.77551
2013-02-04,1.36487,0.00777,1.30448,4.52543,2.21535,6.73915,0.00115,-6.77551
2013-02-05,1.35117,0.00519,1.30488,3.48591,1.6999,7.09537,0.00073,-6.77551
2013-02-06,1.35814,-0.00577,1.30394,4.07268,1.98182,7.08388,-0.00081,-6.77551
2013-02-07,1.35239,-0.02523,1.3035,3.68202,1.78528,7.14857,-0.00353,-6.77551
2013-02-08,1.33894,-0.03118,1.30589,2.49959,1.20971,7.45935,-0.00418,-6.77551
2013-02-11,1.33683,-0.05303,1.30213,2.62939,1.27259,7.46474,-0.0071,-6.77551
2013-02-12,1.34036,-0.05526,1.30277,2.84434,1.37671,7.47186,-0.0074,-6.77551
2013-02-13,1.34521,-0.04073,1.30525,3.015,1.45782,7.49015,-0.00544,-6.77551
2013-02-14,1.34445,-0.05072,1.30368,3.07944,1.48584,7.46683,-0.00679,-6.77551
2013-02-15,1.33529,-0.07389,1.30122,2.58449,1.24451,7.60249,-0.00972,-6.77551
2013-02-18,1.3344,-0.07638,1.30119,2.52045,1.21343,7.60755,-0.01004,-6.77551
2013-02-19,1.33472,-0.07374,1.29918,2.69904,1.29801,7.58639,-0.00972,-6.77551
2013-02-20,1.33958,-0.03708,1.30263,2.79735,1.34311,7.58125,-0.00489,-6.77551
2013-02-21,1.32732,-0.05594,1.29701,2.30999,1.10713,7.83248,-0.00714,-6.77551
2013-02-22,1.31944,-0.10459,1.29199,2.1024,1.00642,7.82192,-0.01337,-6.77551
2013-02-25,1.31959,-0.05859,1.30339,1.23563,0.59092,7.81719,-0.0075,-6.77551
2013-02-26,1.30651,-0.11984,1.29096,1.19676,0.57216,8.04201,-0.0149,-6.77551
2013-02-27,1.30659,-0.16795,1.28159,1.93223,0.92358,8.0394,-0.02089,-6.77551
2013-02-28,1.3151,-0.14766,1.28366,2.41938,1.15547,8.13475,-0.01815,-6.77551
2013-03-01,1.30599,-0.16867,1.27927,2.06754,0.98613,8.25278,-0.02044,-7.14735
2013-03-04,1.30169,-0.15514,1.27831,1.81306,0.86401,8.12603,-0.01909,-7.14735
2013-03-05,1.30361,-0.15217,1.28144,1.7154,0.81702,8.12039,-0.01874,-7.14735
2013-03-06,1.30485,-0.15801,1.27983,1.93655,0.92196,7.95117,-0.01987,-7.14735
2013-03-07,1.29786,-0.12589,1.28279,1.16813,0.55571,7.97511,-0.01579,-7.14735
2013-03-08,1.31113,-0.13339,1.2808,2.34064,1.1133,8.21364,-0.01624,-7.14735
2013-03-11,1.2988,-0.14844,1.27658,1.72589,0.81992,8.35753,-0.01776,-7.14735
2013-03-12,1.30327,-0.15509,1.27586,2.1257,1.00988,8.34506,-0.01858,-7.14735
2013-03-13,1.30293,-0.15901,1.27252,2.36205,1.12104,8.34289,-0.01906,-7.14735
2013-03-14,1.29584,-0.1582,1.27416,1.68687,0.7996,8.29874,-0.01906,-7.14735
2013-03-15,1.30124,-0.14965,1.27517,2.02344,0.95856,8.34541,-0.01793,-7.14735
2013-03-18,1.28927,-0.18187,1.27484,1.12611,0.53299,8.47024,-0.02147,-7.14735
2013-03-19,1.2945,-0.16702,1.27326,1.65398,0.78271,8.51523,-0.01961,-7.14735
2013-03-20,1.28639,-0.17913,1.27306,1.04139,0.49253,8.58744,-0.02086,-7.14735
2013-03-21,1.29416,-0.18501,1.27129,1.78315,0.84388,8.64921,-0.02139,-7.14735
2013-03-22,1.29049,-0.16744,1.27321,1.34776,0.63757,8.66414,-0.01933,-7.14735
2013-03-25,1.30241,-0.15985,1.27543,2.0933,0.98986,8.87116,-0.01802,-7.14735
2013-03-26,1.28584,-0.16485,1.27668,0.71538,0.33796,9.19001,-0.01794,-7.14735
2013-03-27,1.28601,-0.18625,1.27571,0.80419,0.37987,9.17893,-0.02029,-7.14735
2013-03-28,1.27779,-0.18341,1.27629,0.11758,0.05553,9.25248,-0.01982,-7.14735
2013-03-29,1.28159,-0.18341,1.27629,0.4142,0.19563,9.27419,-0.01978,-7.14735
2013-04-01,1.28057,-0.16341,1.2816,-0.07996,-0.03777,9.27431,-0.01762,-7.08916
2013-04-02,1.28502,-0.16202,1.27999,0.39156,0.18501,9.30646,-0.01741,-7.08916
2013-04-03,1.28205,-0.16404,1.27348,0.67046,0.3168,9.04366,-0.01814,-7.08916
2013-04-04,1.28502,-0.16244,1.27166,1.0445,0.49363,9.03932,-0.01797,-7.08916
2013-04-05,1.29282,-0.18765,1.26429,2.23202,1.05469,9.08008,-0.02067,-7.08916
2013-04-08,1.29921,-0.18145,1.26546,2.63185,1.24488,9.11687,-0.0199,-7.08916
2013-04-09,1.30293,-0.16532,1.2704,2.52824,1.1946,9.12682,-0.01811,-7.08916
2013-04-10,1.30803,-0.1434,1.27138,2.84174,1.34091,8.52064,-0.01683,-7.08916
2013-04-11,1.30553,-0.15268,1.26735,2.96862,1.39835,8.41013,-0.01815,-7.08916
2013-04-12,1.31148,-0.14339,1.26594,3.53347,1.66123,8.46191,-0.01695,-7.08916
2013-04-15,1.30993,-0.14266,1.26503,3.48801,1.63565,8.4055,-0.01697,-7.08916
2013-04-16,1.30547,-0.15906,1.26129,3.44231,1.61032,8.42667,-0.01888,-7.08916
2013-04-17,1.31787,-0.16994,1.26271,4.27533,1.9976,8.55482,-0.01987,-7.08916
2013-04-18,1.30349,-0.17975,1.26036,3.36529,1.56687,8.79101,-0.02045,-7.08916
2013-04-19,1.30531,-0.16399,1.26198,3.37607,1.56826,8.79764,-0.01864,-7.08916
2013-04-22,1.30557,-0.18598,1.26156,3.42921,1.58968,8.79767,-0.02114,-7.08916
2013-04-23,1.30617,-0.17059,1.26298,3.36242,1.55499,8.79898,-0.01939,-7.08916
2013-04-24,1.29944,-0.18281,1.26528,2.66464,1.22996,8.79558,-0.02078,-7.08916
2013-04-25,1.30174,-0.17676,1.26959,2.50118,1.15414,8.66952,-0.02039,-7.08916
2013-04-26,1.30073,-0.1721,1.26997,2.39275,1.10357,8.66762,-0.01985,-7.08916
2013-04-29,1.30426,-0.15761,1.27313,2.41583,1.11431,8.6566,-0.01821,-7.08916
2013-04-30,1.30959,-0.17717,1.26876,3.16733,1.46024,8.61598,-0.02056,-7.08916
2013-05-01,1.31683,-0.15717,1.26717,3.84424,1.76884,8.67041,-0.01813,-6.8036
2013-05-02,1.31822,-0.17837,1.27056,3.68246,1.68996,8.65072,-0.02062,-6.8036
2013-05-03,1.30651,-0.19731,1.27119,2.74045,1.25416,8.60148,-0.02294,-6.8036
2013-05-06,1.31234,-0.18096,1.2754,2.85478,1.30483,8.58391,-0.02108,-6.8036
2013-05-07,1.30702,-0.16819,1.27535,2.45286,1.11933,8.5808,-0.0196,-6.8036
2013-05-08,1.3077,-0.16852,1.27546,2.49654,1.13791,8.36481,-0.02015,-6.8036
2013-05-09,1.31614,-0.17964,1.27483,3.18894,1.45188,8.47059,-0.02121,-6.8036
2013-05-10,1.30344,-0.1901,1.27315,2.35131,1.06829,8.6568,-0.02196,-6.8036
2013-05-13,1.29653,-0.17491,1.27331,1.807,0.82007,8.67097,-0.02017,-6.8036
2013-05-14,1.2988,-0.19693,1.27084,2.17683,0.98733,8.68356,-0.02268,-6.8036
2013-05-15,1.29371,-0.19776,1.27277,1.63179,0.73992,8.61727,-0.02295,-6.8036
2013-05-16,1.28824,-0.18801,1.27418,1.09758,0.4976,8.64952,-0.02174,-6.8036
2013-05-17,1.28833,-0.23205,1.26953,1.46974,0.66632,8.64893,-0.02683,-6.8036
2013-05-20,1.28357,-0.22219,1.27067,1.0101,0.45815,8.62868,-0.02575,-6.8036
2013-05-21,1.28911,-0.20208,1.27322,1.23996,0.56288,8.50852,-0.02375,-6.8036
2013-05-22,1.29191,-0.21981,1.26929,1.76593,0.80188,8.45034,-0.02601,-6.8036
2013-05-23,1.28421,-0.20264,1.2711,1.02586,0.46567,8.52465,-0.02377,-6.8036
2013-05-24,1.29251,-0.18479,1.27357,1.47636,0.6702,8.40958,-0.02197,-6.8036
2013-05-27,1.29378,-0.18088,1.27418,1.52673,0.69277,8.41263,-0.0215,-6.8036
2013-05-28,1.29339,-0.20867,1.27339,1.5583,0.70678,8.30354,-0.02513,-6.8036
2013-05-29,1.28464,-0.17472,1.27456,0.78746,0.35702,8.29859,-0.02105,-6.8036
2013-05-30,1.29478,-0.17215,1.2747,1.56291,0.7085,8.43191,-0.02042,-6.8036
2013-05-31,1.30439,-0.17217,1.27146,2.55735,1.15884,8.55859,-0.02012,-6.8036
2013-06-03,1.29965,-0.15114,1.27656,1.79244,0.81119,8.58736,-0.0176,-5.02622
2013-06-04,1.30729,-0.16117,1.27727,2.32337,1.05082,8.59904,-0.01874,-5.02622
2013-06-05,1.30734,-0.14419,1.27852,2.22909,1.00708,8.35249,-0.01726,-5.02622
2013-06-06,1.30933,-0.09742,1.28522,1.85826,0.83876,8.13591,-0.01197,-5.02622
2013-06-07,1.32456,-0.10655,1.28647,2.91762,1.31644,8.42735,-0.01264,-5.02622
2013-06-10,1.3224,-0.09073,1.28764,2.6641,1.20117,8.43519,-0.01076,-5.02622
2013-06-11,1.3224,-0.0588,1.28927,2.53738,1.14343,8.35573,-0.00704,-5.02622
2013-06-12,1.3224,-0.08099,1.28643,2.75791,1.24259,8.3195,-0.00973,-5.02622
2013-06-13,1.33396,-0.09586,1.28746,3.54776,1.59979,8.26092,-0.0116,-5.02622
2013-06-14,1.33679,-0.09348,1.28736,3.7682,1.69942,8.23671,-0.01135,-5.02622
2013-06-17,1.33486,-0.07785,1.28985,3.42999,1.54353,8.13061,-0.00958,-5.02622
2013-06-18,1.33631,-0.04821,1.29611,3.05456,1.37238,8.05598,-0.00598,-5.02622
2013-06-19,1.33899,-0.09467,1.29045,3.69275,1.65721,8.03233,-0.01179,-5.02622
2013-06-20,1.32919,-0.0134,1.29226,2.81733,1.26239,7.99322,-0.00168,-5.02622
2013-06-21,1.32356,-0.04971,1.28793,2.72836,1.22195,7.59566,-0.00654,-5.02622
2013-06-24,1.31053,-0.00746,1.29259,1.37827,0.61752,7.87265,-0.00095,-5.02622
2013-06-25,1.31323,-0.05723,1.2882,1.92484,0.86282,7.76071,-0.00737,-5.02622
2013-06-26,1.30798,-0.07758,1.28787,1.54917,0.69438,7.79352,-0.00995,-5.02622
2013-06-27,1.30134,-0.0813,1.28932,0.92773,0.41596,7.86554,-0.01034,-5.02622
2013-06-28,1.30359,-0.06041,1.29156,0.92708,0.41561,7.84443,-0.0077,-5.02622
2013-07-01,1.30141,-0.06281,1.29303,0.64549,0.28934,7.83715,-0.00801,-5.62362
2013-07-02,1.30676,-0.09162,1.29001,1.29061,0.57855,7.86467,-0.01165,-5.62362
2013-07-03,1.29789,-0.11493,1.28904,0.68467,0.30683,7.90056,-0.01455,-5.62362
2013-07-04,1.30108,-0.17649,1.28048,1.59625,0.71538,7.85409,-0.02247,-5.62362
2013-07-05,1.29077,-0.20734,1.2806,0.79137,0.35461,7.99197,-0.02594,-5.62362
2013-07-08,1.28291,-0.21417,1.27965,0.25383,0.11377,8.03648,-0.02665,-5.62362
2013-07-09,1.2871,-0.21955,1.28017,0.54019,0.24214,8.06116,-0.02724,-5.62362
2013-07-10,1.27818,-0.22543,1.28049,-0.18056,-0.08128,8.11249,-0.02779,-5.62362
2013-07-11,1.31877,-0.16721,1.28826,2.34135,1.05515,10.28966,-0.01625,-5.62362
2013-07-12,1.30977,-0.21446,1.28347,2.02846,0.91925,10.3601,-0.0207,-5.62362
2013-07-15,1.30599,-0.20585,1.28528,1.59884,0.72585,10.19757,-0.02019,-5.62362
2013-07-16,1.30588,-0.21823,1.28256,1.80137,0.81938,9.95741,-0.02192,-5.62362
2013-07-17,1.31511,-0.20955,1.28535,2.28898,1.04229,10.05273,-0.02085,-5.62362
2013-07-18,1.3117,-0.21699,1.28456,2.09046,0.95456,10.0674,-0.02155,-5.62362
2013-07-19,1.31106,-0.22666,1.28515,1.99635,0.91366,10.06771,-0.02251,-5.62362
2013-07-22,1.316,-0.20945,1.28892,2.07878,0.96081,10.03774,-0.02087,-5.62362
2013-07-23,1.31903,-0.17079,1.29399,1.9169,0.8909,10.04172,-0.01701,-5.62362
2013-07-24,1.32233,-0.15842,1.29342,2.2108,1.03405,10.04997,-0.01576,-5.62362
2013-07-25,1.31909,-0.14197,1.29714,1.6775,0.78923,10.05194,-0.01412,-5.62362
2013-07-26,1.32742,-0.1345,1.29877,2.18227,1.03303,10.09666,-0.01332,-5.62362
2013-07-29,1.32874,-0.14981,1.29528,2.55104,1.21615,10.04053,-0.01492,-5.62362
2013-07-30,1.32637,-0.15333,1.29464,2.42128,1.16136,10.04616,-0.01526,-5.62362
2013-07-31,1.32649,-0.12549,1.29917,2.08067,1.00193,9.87749,-0.0127,-5.62362
2013-08-01,1.33014,-0.16528,1.29747,2.48682,1.20634,9.85383,-0.01677,-4.41934
2013-08-02,1.3212,-0.12418,1.30622,1.14034,0.55534,9.91567,-0.01252,-4.41934
2013-08-05,1.3279,-0.13874,1.30468,1.76408,0.86288,9.96361,-0.01392,-4.41934
2013-08-06,1.32575,-0.12538,1.30309,1.72399,0.8486,9.89029,-0.01268,-4.41934
2013-08-07,1.33081,-0.12583,1.30182,2.20272,1.09163,9.71318,-0.01296,-4.41934
2013-08-08,1.3341,-0.10724,1.30526,2.18554,1.08936,9.65381,-0.01111,-4.41934
2013-08-09,1.33801,-0.12848,1.30143,2.77156,1.38601,9.66308,-0.0133,-4.41934
2013-08-12,1.33394,-0.13004,1.30479,2.20918,1.11121,9.64836,-0.01348,-4.41934
2013-08-13,1.32929,-0.10229,1.3123,1.28657,0.65101,9.63468,-0.01062,-4.41934
2013-08-14,1.32656,-0.09481,1.31074,1.19991,0.60867,9.6479,-0.00983,-4.41934
2013-08-15,1.32642,-0.09627,1.30407,1.69939,0.86336,9.6115,-0.01002,-4.41934
2013-08-16,1.3354,-0.10902,1.3039,2.38733,1.21309,9.6628,-0.01128,-4.41934
2013-08-19,1.33291,-0.08986,1.30368,2.21687,1.12505,9.66921,-0.00929,-4.41934
2013-08-20,1.33339,-0.10558,1.30159,2.41371,1.22511,9.57944,-0.01102,-4.41934
2013-08-21,1.3421,-0.10873,1.29688,3.4274,1.73946,9.58126,-0.01135,-4.41934
2013-08-22,1.33429,-0.14601,1.29658,2.86732,1.45206,9.66676,-0.0151,-4.41934
2013-08-23,1.33551,-0.07915,1.31044,1.89459,0.96023,9.66577,-0.00819,-4.41934
2013-08-26,1.33865,-0.12929,1.29884,3.0195,1.53364,9.55744,-0.01353,-4.41934
2013-08-27,1.33792,-0.10794,1.29703,3.10386,1.57783,9.44684,-0.01143,-4.41934
2013-08-28,1.33921,-0.12406,1.29746,3.16699,1.61242,9.34363,-0.01328,-4.41934
2013-08-29,1.33349,-0.12178,1.29569,2.8755,1.46145,9.35562,-0.01302,-4.41934
2013-08-30,1.32363,-0.11722,1.29486,2.19743,1.11727,9.41796,-0.01245,-4.41934
2013-09-02,1.32083,-0.09938,1.29747,1.78422,0.90753,9.42928,-0.01054,-4.30565
2013-09-03,1.319,-0.14059,1.29458,1.8689,0.95334,9.43021,-0.01491,-4.30565
2013-09-04,1.3174,-0.16056,1.29449,1.75482,0.89617,9.1417,-0.01756,-4.30565
2013-09-05,1.32006,-0.16662,1.29452,1.95385,0.99794,9.14578,-0.01822,-4.30565
2013-09-06,1.31184,-0.16261,1.29557,1.24806,0.63732,9.23005,-0.01762,-4.30565
2013-09-09,1.31742,-0.15038,1.29651,1.59991,0.81692,9.27141,-0.01622,-4.30565
2013-09-10,1.3258,-0.17274,1.29678,2.21376,1.13023,9.19258,-0.01879,-4.30565
2013-09-11,1.32663,-0.16837,1.30137,1.92268,0.98037,9.18275,-0.01834,-4.30565
2013-09-12,1.33156,-0.17634,1.29885,2.48704,1.26843,9.21036,-0.01915,-4.30565
2013-09-13,1.32989,-0.17093,1.30055,2.23109,1.13643,9.21063,-0.01856,-4.30565
2013-09-16,1.33593,-0.14604,1.30305,2.49257,1.27012,9.24762,-0.01579,-4.30565
2013-09-17,1.3338,-0.11633,1.30654,2.06433,1.05048,9.13357,-0.01274,-4.30565
2013-09-18,1.33579,-0.05207,1.31903,1.26308,0.64488,9.09582,-0.00573,-4.30565
2013-09-19,1.3523,-0.09884,1.31346,2.91419,1.48964,9.18208,-0.01076,-4.30565
2013-09-20,1.35342,-0.08308,1.31666,2.75351,1.40755,9.17686,-0.00905,-4.30565
2013-09-23,1.35345,-0.11485,1.30469,3.6695,1.87519,9.13201,-0.01258,-4.30565
2013-09-24,1.34989,-0.12804,1.30474,3.40184,1.73459,9.08359,-0.0141,-4.30565
2013-09-25,1.34718,-0.12452,1.30554,3.13969,1.59896,9.09514,-0.01369,-4.30565
2013-09-26,1.3517,-0.10533,1.30889,3.21851,1.64087,9.10123,-0.01157,-4.30565
2013-09-27,1.34862,-0.12951,1.29745,3.86766,1.97646,9.0909,-0.01425,-4.30565
2013-09-30,1.34955,-0.11067,1.29407,4.19728,2.14014,8.96865,-0.01234,-4.30565
2013-10-01,1.35252,-0.11674,1.29835,4.08752,2.08441,8.96668,-0.01302,-3.70447
2013-10-02,1.35234,-0.09763,1.29666,4.20411,2.15243,8.79761,-0.0111,-3.70447
2013-10-03,1.3591,-0.11385,1.28921,5.27912,2.71196,8.72606,-0.01305,-3.70447
2013-10-04,1.36242,-0.11106,1.29457,5.10779,2.61266,8.71857,-0.01274,-3.70447
2013-10-07,1.357,-0.16693,1.2754,6.20174,3.16248,8.62965,-0.01934,-3.70447
2013-10-09,1.3598,-0.14835,1.2768,6.29833,3.19726,6.05182,-0.02451,-3.70447
2013-10-10,1.35203,-0.11896,1.29734,4.12884,2.08431,6.00092,-0.01982,-3.70447
2013-10-11,1.35267,-0.12796,1.29979,3.98726,2.01007,5.96117,-0.02146,-3.70447
2013-10-14,1.35567,-0.12868,1.29773,4.3686,2.21262,5.96887,-0.02156,-3.70447
2013-10-15,1.35586,-0.14087,1.2827,5.54684,2.79955,5.8233,-0.02419,-3.70447
2013-10-16,1.35217,-0.07769,1.3116,3.04695,1.52735,5.82596,-0.01333,-3.70447
2013-10-17,1.35225,-0.10139,1.31653,2.6771,1.34313,5.82331,-0.01741,-3.70447
2013-10-18,1.3667,-0.12121,1.31724,3.68586,1.8475,6.13401,-0.01976,-3.70447
2013-10-21,1.36819,-0.11527,1.31629,3.86768,1.93275,6.12509,-0.01882,-3.70447
2013-10-22,1.3676,-0.11634,1.31562,3.8745,1.92983,6.1159,-0.01902,-3.70447
2013-10-23,1.37785,-0.12217,1.31268,4.84541,2.40518,6.23947,-0.01958,-3.70447
2013-10-24,1.37809,-0.13447,1.31239,4.88514,2.41364,6.13513,-0.02192,-3.70447
2013-10-25,1.3804,-0.10762,1.31675,4.72065,2.3199,6.13839,-0.01753,-3.70447
2013-10-28,1.38053,-0.10966,1.31766,4.66078,2.27956,6.12,-0.01792,-3.70447
2013-10-29,1.37893,-0.10006,1.31792,4.52544,2.20202,6.12963,-0.01632,-3.70447
2013-10-30,1.37431,-0.14432,1.31188,4.64864,2.25113,6.16483,-0.02341,-3.70447
2013-10-31,1.3724,-0.16129,1.30852,4.76647,2.29665,5.99902,-0.02689,-3.70447
2013-11-01,1.35798,-0.1912,1.30611,3.89428,1.86663,6.33205,-0.0302,-3.82567
2013-11-04,1.3494,-0.18414,1.31018,2.94932,1.40908,6.46078,-0.0285,-3.82567
2013-11-05,1.3517,-0.14259,1.3122,2.96595,1.41647,6.42759,-0.02218,-3.82567
2013-11-06,1.34731,-0.12507,1.31921,2.10747,1.0061,6.44908,-0.01939,-3.82567
2013-11-07,1.35181,-0.17636,1.3025,3.71598,1.77519,6.4567,-0.02731,-3.82567
2013-11-08,1.34091,-0.17736,1.31184,2.19239,1.04515,6.63501,-0.02673,-3.82567
2013-11-11,1.33479,-0.17952,1.31602,1.41639,0.67577,6.66229,-0.02695,-3.82567
2013-11-12,1.34093,-0.20828,1.31026,2.31357,1.10648,6.70865,-0.03105,-3.82567
2013-11-13,1.344,-0.20765,1.31422,2.24037,1.07098,6.72163,-0.03089,-3.82567
2013-11-14,1.34896,-0.17191,1.32101,2.09379,1.00107,6.62788,-0.02594,-3.82567
2013-11-15,1.3449,-0.18375,1.32151,1.75478,0.83822,6.64614,-0.02765,-3.82567
2013-11-18,1.3484,-0.18809,1.31338,2.63125,1.25603,6.66418,-0.02822,-3.82567
2013-11-19,1.35044,-0.16145,1.31284,2.82373,1.34592,6.54486,-0.02467,-3.82567
2013-11-20,1.35674,-0.14644,1.31554,3.08417,1.46792,6.49446,-0.02255,-3.82567
2013-11-21,1.34338,-0.15301,1.32293,1.53431,0.72888,6.8031,-0.02249,-3.82567
2013-11-22,1.34718,-0.1585,1.3268,1.52451,0.72384,6.81012,-0.02327,-3.82567
2013-11-25,1.35523,-0.15267,1.32281,2.42182,1.14932,6.90855,-0.0221,-3.82567
2013-11-26,1.35276,-0.1491,1.3231,2.21697,1.05073,6.91863,-0.02155,-3.82567
2013-11-27,1.35678,-0.13505,1.32367,2.47075,1.16973,6.88142,-0.01962,-3.82567
2013-11-28,1.35737,-0.13861,1.32343,2.5319,1.19706,6.70108,-0.02069,-3.82567
2013-11-29,1.3604,-0.13749,1.31631,3.294,1.55551,6.69112,-0.02055,-3.82567
2013-12-02,1.35851,-0.14829,1.31238,3.45496,1.62882,6.69113,-0.02216,-2.18318
2013-12-03,1.35421,-0.12971,1.31292,3.09592,1.45581,6.72258,-0.0193,-2.18318
2013-12-04,1.35906,-0.12886,1.31138,3.572,1.67636,6.74476,-0.01911,-2.18318
2013-12-05,1.35864,-0.08748,1.31233,3.46776,1.62292,6.60771,-0.01324,-2.18318
2013-12-06,1.367,-0.07433,1.32476,3.13894,1.46519,6.66109,-0.01116,-2.18318
2013-12-09,1.37065,-0.07383,1.32573,3.33193,1.55198,6.57194,-0.01123,-2.18318
2013-12-10,1.37402,-0.07336,1.32243,3.8269,1.77886,6.58324,-0.01114,-2.18318
2013-12-11,1.37644,-0.06995,1.31133,4.84616,2.25021,6.55681,-0.01067,-2.18318
2013-12-12,1.37861,-0.07954,1.30885,5.19216,2.40586,6.55001,-0.01214,-2.18318
2013-12-13,1.37508,-0.07821,1.30784,5.01363,2.31592,6.52926,-0.01198,-2.18318
2013-12-16,1.37393,-0.07976,1.30717,4.98073,2.29279,6.52125,-0.01223,-2.18318
2013-12-17,1.37629,-0.08952,1.3049,5.32645,2.44399,6.52283,-0.01372,-2.18318
2013-12-18,1.37713,-0.06684,1.32669,3.73108,1.70343,6.06555,-0.01102,-2.18318
2013-12-19,1.36849,-0.09257,1.32068,3.55668,1.62305,6.20518,-0.01492,-2.18318
2013-12-20,1.36558,-0.10986,1.32265,3.19411,1.45759,6.2223,-0.01766,-2.18318
2013-12-23,1.36784,-0.12805,1.32679,3.04706,1.39083,6.20359,-0.02064,-2.18318
2013-12-24,1.36999,-0.12954,1.33217,2.79998,1.27775,6.19288,-0.02092,-2.18318
2013-12-25,1.36819,-0.12954,1.33243,2.64895,1.20902,6.16877,-0.021,-2.18318
2013-12-26,1.36685,-0.16954,1.32847,2.84823,1.30153,6.15306,-0.02755,-2.18318
2013-12-27,1.36962,-0.128,1.3335,2.67235,1.22103,6.16306,-0.02077,-2.18318
2013-12-30,1.37502,-0.13595,1.32179,3.94838,1.80489,6.19529,-0.02194,-2.18318
2013-12-31,1.38101,-0.13173,1.32096,4.44503,2.0276,6.24808,-0.02108,-2.18318
2014-01-01,1.37449,-0.13173,1.32119,3.95566,1.79919,6.25592,-0.02106,-3.42324
2014-01-02,1.37667,-0.13583,1.3146,4.61347,2.09227,6.24573,-0.02175,-3.42324
2014-01-03,1.36666,-0.16066,1.3146,3.88382,1.7546,6.36912,-0.02522,-3.42324
2014-01-06,1.3596,-0.15973,1.31675,3.20214,1.44354,6.44325,-0.02479,-3.42324
2014-01-07,1.3632,-0.15639,1.32368,2.94192,1.32402,6.35754,-0.0246,-3.42324
2014-01-08,1.36164,-0.18389,1.31989,3.11358,1.40037,6.36223,-0.0289,-3.42324
2014-01-09,1.3572,-0.19266,1.31811,2.92299,1.31294,6.3826,-0.03019,-3.42324
2014-01-10,1.36071,-0.16852,1.33017,2.27034,1.01886,6.40315,-0.02632,-3.42324
2014-01-13,1.36718,-0.17495,1.31775,3.68302,1.65134,6.44551,-0.02714,-3.42324
2014-01-14,1.367,-0.16175,1.32987,2.75345,1.23138,6.44577,-0.02509,-3.42324
2014-01-15,1.36685,-0.16343,1.33024,2.71494,1.21245,6.0853,-0.02686,-3.42324
2014-01-16,1.35993,-0.18792,1.32383,2.69031,1.19971,6.16475,-0.03048,-3.42324
2014-01-17,1.3618,-0.19388,1.32395,2.81925,1.25556,6.17131,-0.03142,-3.42324
2014-01-20,1.35276,-0.19964,1.32322,2.20761,0.98163,6.11698,-0.03264,-3.42324
2014-01-21,1.3549,-0.20164,1.31856,2.71872,1.2087,6.12782,-0.03291,-3.42324
2014-01-22,1.35591,-0.2321,1.3144,3.10947,1.38212,6.11872,-0.03793,-3.42324
2014-01-23,1.35422,-0.19128,1.31199,3.16838,1.4066,6.12122,-0.03125,-3.42324
2014-01-24,1.36891,-0.1969,1.27609,7.02122,3.11258,6.50734,-0.03026,-3.42324
2014-01-27,1.36879,-0.18654,1.2828,6.48833,2.8503,6.47388,-0.02881,-3.42324
2014-01-28,1.36747,-0.20105,1.29324,5.58093,2.43351,6.47096,-0.03107,-3.42324
2014-01-29,1.3655,-0.19565,1.28291,6.23898,2.70462,6.11618,-0.03199,-3.42324
2014-01-30,1.36586,-0.2197,1.27991,6.4992,2.79769,5.97528,-0.03677,-3.42324
2014-01-31,1.35588,-0.23241,1.27008,6.53652,2.79237,6.1532,-0.03777,-3.42324
2014-02-03,1.34882,-0.19408,1.25825,6.95087,2.94818,6.20844,-0.03126,-3.11614
2014-02-04,1.3525,-0.20239,1.27141,6.18312,2.60032,6.19648,-0.03266,-3.11614
2014-02-05,1.35159,-0.21032,1.26606,6.53722,2.73098,5.97607,-0.03519,-3.11614
2014-02-06,1.35351,-0.17572,1.28918,4.86962,2.01948,5.90423,-0.02976,-3.11614
2014-02-07,1.35921,-0.17613,1.30425,4.12741,1.70522,5.89317,-0.02989,-3.11614
2014-02-10,1.36193,-0.18595,1.30273,4.44419,1.83082,5.88941,-0.03157,-3.11614
2014-02-11,1.36461,-0.21399,1.30464,4.49392,1.8452,5.858,-0.03653,-3.11614
2014-02-12,1.3639,-0.22038,1.30567,4.36308,1.78543,5.82374,-0.03784,-3.11614
2014-02-13,1.35901,-0.20434,1.30953,3.70904,1.5138,5.85268,-0.03491,-3.11614
2014-02-14,1.36788,-0.19247,1.31629,3.84464,1.56664,5.98444,-0.03216,-3.11614
2014-02-17,1.36999,-0.19267,1.31645,3.98664,1.62186,5.9224,-0.03253,-3.11614
2014-02-18,1.37045,-0.18048,1.31583,4.06674,1.65315,5.55907,-0.03247,-3.11614
2014-02-19,1.3762,-0.20959,1.29946,5.7372,2.33355,5.59068,-0.03749,-3.11614
2014-02-20,1.37304,-0.20695,1.30556,5.03956,2.04189,5.49633,-0.03765,-3.11614
2014-02-21,1.37212,-0.20094,1.30727,4.84116,1.95486,5.48378,-0.03664,-3.11614
2014-02-24,1.3738,-0.20877,1.31054,4.71424,1.8981,5.45938,-0.03824,-3.11614
2014-02-25,1.37361,-0.20137,1.31586,4.29513,1.72455,5.45957,-0.03688,-3.11614
2014-02-26,1.37461,-0.21499,1.30822,4.95039,1.9839,5.44501,-0.03948,-3.11614
2014-02-27,1.36819,-0.23387,1.30777,4.51654,1.80473,5.52232,-0.04235,-3.11614
2014-02-28,1.37075,-0.17452,1.31738,3.97101,1.58218,5.49227,-0.03178,-3.11614
2014-03-03,1.3777,-0.18643,1.30141,5.69606,2.26457,5.53703,-0.03367,-1.30322
2014-03-04,1.3737,-0.20627,1.31224,4.57722,1.8111,5.57121,-0.03702,-1.30322
2014-03-05,1.37412,-0.1981,1.31412,4.46409,1.76131,5.43824,-0.03643,-1.30322
2014-03-06,1.37342,-0.19605,1.31216,4.56248,1.79492,5.41388,-0.03621,-1.30322
2014-03-07,1.38631,-0.18857,1.31512,5.27133,2.06748,5.70642,-0.03304,-1.30322
2014-03-10,1.38787,-0.19189,1.31322,5.52876,2.1598,5.7005,-0.03366,-1.30322
2014-03-11,1.38789,-0.19027,1.30908,5.84604,2.27426,5.69302,-0.03342,-1.30322
2014-03-12,1.38581,-0.20379,1.30944,5.66842,2.19638,5.67672,-0.0359,-1.30322
2014-03-13,1.39045,-0.17948,1.29892,6.80946,2.62683,5.70949,-0.03144,-1.30322
2014-03-14,1.38654,-0.21063,1.28457,7.63879,2.92693,5.73217,-0.03674,-1.30322
2014-03-17,1.3913,-0.21819,1.29927,6.84427,2.60088,5.76966,-0.03782,-1.30322
2014-03-18,1.39266,-0.19214,1.31025,6.09946,2.30391,5.62057,-0.03419,-1.30322
2014-03-19,1.39309,-0.29073,1.29038,7.65849,2.87779,5.59918,-0.05192,-1.30322
2014-03-20,1.38192,-0.22629,1.30553,5.68626,2.12024,5.83617,-0.03877,-1.30322
2014-03-21,1.37821,-0.22922,1.30199,5.68902,2.11286,5.85655,-0.03914,-1.30322
2014-03-24,1.37956,-0.26675,1.29602,6.24625,2.31042,5.85207,-0.04558,-1.30322
2014-03-25,1.38389,-0.2882,1.3019,6.10763,2.24886,5.87812,-0.04903,-1.30322
2014-03-26,1.3819,-0.28697,1.29518,6.48126,2.37637,5.87515,-0.04885,-1.30322
2014-03-27,1.37821,-0.30834,1.29595,6.15416,2.24457,5.85032,-0.0527,-1.30322
2014-03-28,1.37414,-0.29813,1.29973,5.56665,2.02139,5.81409,-0.05128,-1.30322
2014-03-31,1.37521,-0.26821,1.30809,5.00379,1.81097,5.73905,-0.04673,-1.30322
2014-04-01,1.37751,-0.26269,1.31322,4.77931,1.72515,5.74,-0.04576,-1.71316
2014-04-02,1.37948,-0.28018,1.31008,5.16194,1.8592,5.55075,-0.05048,-1.71316
2014-04-03,1.37682,-0.27072,1.31105,4.89491,1.75736,5.46128,-0.04957,-1.71316
2014-04-04,1.37238,-0.26153,1.30825,4.78579,1.71347,5.48081,-0.04772,-1.71316
2014-04-07,1.37041,-0.25245,1.29598,5.5843,1.99382,5.48387,-0.04604,-1.71316
2014-04-08,1.37431,-0.22841,1.30684,5.0338,1.7905,5.46751,-0.04178,-1.71316
2014-04-09,1.37933,-0.1827,1.32221,4.22936,1.49959,5.49051,-0.03327,-1.71316
2014-04-10,1.3855,-0.20145,1.30288,6.1488,2.1757,5.48136,-0.03675,-1.71316
2014-04-11,1.38864,-0.21056,1.29376,7.07706,2.49251,5.49612,-0.03831,-1.71316
2014-04-14,1.38462,-0.21008,1.3026,6.10641,2.13765,5.53171,-0.03798,-1.71316
2014-04-15,1.38171,-0.23648,1.30273,5.88584,2.05189,5.44782,-0.04341,-1.71316
2014-04-16,1.3812,-0.24351,1.31317,5.05034,1.75361,5.44439,-0.04473,-1.71316
2014-04-17,1.38271,-0.26468,1.31854,4.75152,1.64485,5.2635,-0.05029,-1.71316
2014-04-18,1.38122,-0.26468,1.31889,4.61718,1.59428,5.26501,-0.05027,-1.71316
2014-04-21,1.38152,-0.25468,1.32186,4.41443,1.5209,5.26427,-0.04838,-1.71316
2014-04-22,1.3795,-0.26531,1.32068,4.3575,1.49785,5.26703,-0.05037,-1.71316
2014-04-23,1.38101,-0.23751,1.32352,4.25153,1.45819,4.8202,-0.04927,-1.71316
2014-04-24,1.38192,-0.24036,1.32449,4.24474,1.45289,4.82111,-0.04986,-1.71316
2014-04-25,1.3832,-0.24645,1.31685,4.91581,1.67907,4.81808,-0.05115,-1.71316
2014-04-28,1.38406,-0.24461,1.3163,5.01979,1.71002,4.80759,-0.05088,-1.71316
2014-04-29,1.38529,-0.26608,1.3174,5.02471,1.70755,4.80946,-0.05532,-1.71316
2014-04-30,1.38137,-0.2624,1.31962,4.57269,1.55021,4.60173,-0.05702,-1.71316
2014-05-01,1.38692,-0.2524,1.32208,4.78835,1.61998,4.52176,-0.05582,-2.69391
2014-05-02,1.3871,-0.27247,1.32429,4.63369,1.5646,4.49818,-0.06057,-2.69391
2014-05-05,1.38727,-0.29138,1.31829,5.10035,1.71844,4.49324,-0.06485,-2.69391
2014-05-06,1.3876,-0.27422,1.31542,5.34188,1.79544,4.48869,-0.06109,-2.69391
2014-05-07,1.39307,-0.24327,1.32366,5.11064,1.71239,4.47969,-0.05431,-2.69391
2014-05-08,1.39117,-0.26311,1.32171,5.12165,1.71125,4.48109,-0.05872,-2.69391
2014-05-09,1.38443,-0.2739,1.32552,4.34818,1.44866,4.58688,-0.05971,-2.69391
2014-05-12,1.37606,-0.27558,1.33268,3.20325,1.06563,4.75437,-0.05796,-2.69391
2014-05-13,1.37567,-0.28248,1.33415,3.06416,1.01856,4.69441,-0.06017,-2.69391
2014-05-14,1.37095,-0.30329,1.33314,2.79651,0.92892,4.57055,-0.06636,-2.69391
2014-05-15,1.37201,-0.31365,1.32359,3.59254,1.19234,4.56273,-0.06874,-2.69391
2014-05-16,1.37165,-0.29717,1.33197,2.93503,0.97325,4.56265,-0.06513,-2.69391
2014-05-19,1.37033,-0.28094,1.33274,2.78174,0.92169,4.48673,-0.06262,-2.69391
2014-05-20,1.37138,-0.27134,1.32902,3.13817,1.03919,4.4667,-0.06075,-2.69391
2014-05-21,1.37041,-0.28194,1.3392,2.30341,0.76208,4.46694,-0.06312,-2.69391
2014-05-22,1.36818,-0.29789,1.33665,2.33099,0.771,4.47113,-0.06663,-2.69391
2014-05-23,1.36545,-0.30169,1.34345,1.62403,0.53725,4.48776,-0.06723,-2.69391
2014-05-26,1.36288,-0.30956,1.34275,1.48831,0.49257,4.49867,-0.06881,-2.69391
2014-05-27,1.36513,-0.33796,1.33845,1.97365,0.65309,4.41633,-0.07652,-2.69391
2014-05-28,1.3637,-0.32546,1.33759,1.93306,0.64004,4.40386,-0.0739,-2.69391
2014-05-29,1.35934,-0.31917,1.3395,1.47014,0.48678,4.32108,-0.07386,-2.69391
2014-05-30,1.36045,-0.30616,1.34187,1.37525,0.45566,4.29089,-0.07135,-2.69391
2014-06-02,1.36281,-0.33909,1.33638,1.95794,0.64938,4.30651,-0.07874,-3.43033
2014-06-03,1.3599,-0.34157,1.33306,1.99303,0.66155,4.3246,-0.07898,-3.43033
2014-06-04,1.3621,-0.35304,1.32954,2.41948,0.80519,3.88906,-0.09078,-3.43033
2014-06-05,1.36041,-0.35129,1.33396,1.96409,0.65426,3.88311,-0.09046,-3.43033
2014-06-06,1.36619,-0.38902,1.34061,1.89043,0.63077,3.98831,-0.09754,-3.43033
2014-06-09,1.36429,-0.39491,1.33584,2.1074,0.70424,3.98703,-0.09905,-3.43033
2014-06-10,1.35927,-0.4072,1.3368,1.66684,0.55781,3.97757,-0.10237,-3.43033
2014-06-11,1.3541,-0.41003,1.33067,1.74539,0.5855,4.00739,-0.10232,-3.43033
2014-06-12,1.35371,-0.40305,1.32204,2.36718,0.7965,3.93213,-0.1025,-3.43033
2014-06-13,1.35545,-0.43726,1.3231,2.41565,0.81451,3.93718,-0.11106,-3.43033
2014-06-16,1.3538,-0.4803,1.31631,2.80816,0.94968,3.9374,-0.12198,-3.43033
2014-06-17,1.35772,-0.48718,1.32263,2.61837,0.88802,3.67917,-0.13242,-3.43033
2014-06-18,1.35479,-0.46017,1.34054,1.05748,0.36035,3.66647,-0.12551,-3.43033
2014-06-19,1.35906,-0.47241,1.33988,1.42189,0.4867,3.7218,-0.12693,-3.43033
2014-06-20,1.36114,-0.47712,1.33824,1.69677,0.58352,3.67605,-0.12979,-3.43033
2014-06-23,1.35931,-0.46913,1.33869,1.52803,0.52802,3.67491,-0.12766,-3.43033
2014-06-24,1.36019,-0.47476,1.32814,2.38501,0.82886,3.64618,-0.13021,-3.43033
2014-06-25,1.36058,-0.47621,1.33481,1.91256,0.66778,3.60422,-0.13212,-3.43033
2014-06-26,1.3629,-0.45781,1.33616,1.9816,0.69588,3.61862,-0.12651,-3.43033
2014-06-27,1.3613,-0.43463,1.34066,1.52813,0.53924,3.60546,-0.12055,-3.43033
2014-06-30,1.36444,-0.45358,1.33733,2.00705,0.71321,3.6255,-0.12511,-3.43033
2014-07-01,1.36936,-0.46875,1.34105,2.08878,0.74742,3.68465,-0.12722,-4.47034
2014-07-02,1.36808,-0.48032,1.34525,1.68299,0.6055,3.63324,-0.1322,-4.47034
2014-07-03,1.3653,-0.51794,1.34959,1.15756,0.41829,3.64446,-0.14212,-4.47034
2014-07-04,1.36101,-0.52749,1.34981,0.82579,0.29984,3.64761,-0.14461,-4.47034
2014-07-07,1.35884,-0.52366,1.34219,1.23343,0.44983,3.5754,-0.14646,-4.47034
2014-07-08,1.36062,-0.52057,1.33928,1.58051,0.57998,3.46048,-0.15043,-4.47034
2014-07-09,1.36171,-0.51684,1.34374,1.32885,0.49186,3.42898,-0.15073,-4.47034
2014-07-10,1.36429,-0.472,1.33801,1.94533,0.7234,3.41594,-0.13818,-4.47034
2014-07-11,1.36051,-0.49032,1.34429,1.19901,0.44796,3.43362,-0.1428,-4.47034
2014-07-14,1.36038,-0.48377,1.34705,0.98428,0.36982,3.43365,-0.14089,-4.47034
2014-07-15,1.36218,-0.5028,1.3476,1.07589,0.40666,3.43756,-0.14627,-4.47034
2014-07-16,1.3572,-0.50741,1.35608,0.08262,0.03148,3.50133,-0.14492,-4.47034
2014-07-17,1.353,-0.48085,1.33255,1.52282,0.58589,3.5449,-0.13565,-4.47034
2014-07-18,1.35188,-0.51566,1.34876,0.23112,0.08959,3.53891,-0.14571,-4.47034
2014-07-21,1.35322,-0.51387,1.34387,0.69318,0.27091,3.5373,-0.14527,-4.47034
2014-07-22,1.3527,-0.4875,1.34846,0.31442,0.12405,3.53163,-0.13804,-4.47034
2014-07-23,1.3468,-0.50223,1.35418,-0.54636,-0.21765,3.61257,-0.13902,-4.47034
2014-07-24,1.34629,-0.52727,1.35286,-0.48688,-0.19586,3.60633,-0.14621,-4.47034
2014-07-25,1.34647,-0.53612,1.34746,-0.07277,-0.02953,3.59823,-0.149,-4.47034
2014-07-28,1.34289,-0.54197,1.34876,-0.43571,-0.17795,3.59372,-0.15081,-4.47034
2014-07-29,1.34391,-0.54474,1.34453,-0.04641,-0.01905,3.48672,-0.15623,-4.47034
2014-07-30,1.34111,-0.55767,1.34492,-0.28391,-0.11719,3.49854,-0.1594,-4.47034
2014-07-31,1.3396,-0.52436,1.32629,0.99863,0.41455,3.49789,-0.14991,-4.47034
2014-08-01,1.33899,-0.47586,1.32589,0.98315,0.41042,3.49427,-0.13618,-4.95564
2014-08-04,1.34289,-0.47516,1.33547,0.55406,0.23229,3.4463,-0.13788,-4.95564
2014-08-05,1.34221,-0.46507,1.32806,1.05947,0.44632,3.44266,-0.13509,-4.95564
2014-08-06,1.33724,-0.49513,1.33165,0.41876,0.17733,3.39187,-0.14598,-4.95564
2014-08-07,1.33829,-0.45232,1.33008,0.61548,0.26183,3.21155,-0.14084,-4.95564
2014-08-08,1.33583,-0.46518,1.33436,0.10963,0.04684,3.2236,-0.1443,-4.95564
2014-08-11,1.34052,-0.48872,1.34171,-0.08888,-0.03818,3.26254,-0.1498,-4.95564
2014-08-12,1.33849,-0.46674,1.3405,-0.15024,-0.06491,3.2625,-0.14306,-4.95564
2014-08-13,1.33661,-0.45179,1.34604,-0.70293,-0.30552,3.26863,-0.13822,-4.95564
2014-08-14,1.33679,-0.44339,1.34606,-0.69096,-0.30113,3.26848,-0.13566,-4.95564
2014-08-15,1.3364,-0.44387,1.34214,-0.42909,-0.18761,3.26004,-0.13615,-4.95564
2014-08-18,1.33905,-0.46442,1.34575,-0.49946,-0.21893,3.29418,-0.14098,-4.95564
2014-08-19,1.33611,-0.48917,1.34645,-0.77089,-0.33887,3.30488,-0.14801,-4.95564
2014-08-20,1.3322,-0.52514,1.34974,-1.30796,-0.57594,3.32884,-0.15776,-4.95564
2014-08-21,1.32605,-0.52047,1.3494,-1.74596,-0.7692,3.42266,-0.15207,-4.95564
2014-08-22,1.32793,-0.5531,1.35078,-1.70574,-0.75161,3.41725,-0.16186,-4.95564
2014-08-25,1.31987,-0.59168,1.35061,-2.30215,-1.01491,3.5978,-0.16446,-4.95564
2014-08-26,1.3189,-0.56584,1.34925,-2.27562,-1.00327,3.5567,-0.15909,-4.95564
2014-08-27,1.31702,-0.56654,1.34803,-2.32721,-1.02696,3.55174,-0.15951,-4.95564
2014-08-28,1.31909,-0.54569,1.34526,-1.96451,-0.86754,3.54775,-0.15381,-4.95564
2014-08-29,1.3185,-0.5274,1.34497,-1.9882,-0.87881,3.53246,-0.1493,-4.95564
2014-09-01,1.31278,-0.5416,1.34474,-2.40528,-1.06409,3.58847,-0.15093,-6.14052
2014-09-02,1.3132,-0.5836,1.34041,-2.05115,-0.90886,3.59042,-0.16254,-6.14052
2014-09-03,1.3132,-0.56755,1.34211,-2.17815,-0.96639,3.45769,-0.16414,-6.14052
2014-09-04,1.3151,-0.6378,1.3402,-1.89045,-0.84056,3.47871,-0.18334,-6.14052
2014-09-05,1.29328,-0.62397,1.33987,-3.53941,-1.57632,4.7116,-0.13243,-6.14052
2014-09-08,1.29534,-0.64467,1.33566,-3.06533,-1.36423,4.69464,-0.13732,-6.14052
2014-09-09,1.28911,-0.65754,1.32961,-3.09347,-1.3778,4.76526,-0.13799,-6.14052
2014-09-10,1.2942,-0.67025,1.32877,-2.63662,-1.17416,4.84088,-0.13846,-6.14052
2014-09-11,1.29171,-0.6712,1.3279,-2.76322,-1.23074,4.84582,-0.13851,-6.14052
2014-09-12,1.29236,-0.6526,1.32261,-2.31412,-1.03114,4.79638,-0.13606,-6.14052
2014-09-15,1.29601,-0.66701,1.31778,-1.66614,-0.74408,4.84156,-0.13777,-6.14052
2014-09-16,1.29398,-0.62775,1.32109,-2.07317,-0.92904,4.78053,-0.13131,-6.14052
2014-09-17,1.29591,-0.68006,1.32568,-2.27126,-1.01971,4.77987,-0.14228,-6.14052
2014-09-18,1.285,-0.65693,1.32381,-2.97588,-1.33902,5.0194,-0.13088,-6.14052
2014-09-19,1.29201,-0.67373,1.3238,-2.43099,-1.09506,5.16828,-0.13036,-6.14052
2014-09-22,1.28414,-0.66892,1.31401,-2.29911,-1.03604,5.26995,-0.12693,-6.14052
2014-09-23,1.28515,-0.63766,1.30874,-1.81888,-0.82003,5.25457,-0.12135,-6.14052
2014-09-24,1.2854,-0.66699,1.31345,-2.15912,-0.9735,5.25913,-0.12683,-6.14052
2014-09-25,1.27781,-0.65017,1.30588,-2.1734,-0.98002,5.3118,-0.1224,-6.14052
2014-09-26,1.27571,-0.68428,1.30741,-2.45505,-1.10635,5.22865,-0.13087,-6.14052
2014-09-29,1.26731,-0.67222,1.30407,-2.85897,-1.28791,5.34179,-0.12584,-6.14052
2014-09-30,1.26908,-0.6765,1.2955,-2.06019,-0.92753,5.36437,-0.12611,-6.14052
2014-10-01,1.26283,-0.63596,1.29232,-2.30777,-1.03968,5.4031,-0.1177,-6.75055
2014-10-02,1.26242,-0.62665,1.29072,-2.21704,-0.99939,5.40518,-0.11594,-6.75055
2014-10-03,1.26706,-0.64798,1.29079,-1.85582,-0.83726,5.46939,-0.11847,-6.75055
2014-10-06,1.25136,-0.62658,1.28912,-2.97278,-1.3417,5.90516,-0.10611,-6.75055
2014-10-07,1.26461,-0.60777,1.28186,-1.35479,-0.61117,6.3344,-0.09595,-6.75055
2014-10-08,1.2668,-0.54697,1.28412,-1.35752,-0.61266,6.35307,-0.0861,-6.75055
2014-10-09,1.27431,-0.55936,1.27158,0.21449,0.09697,6.50458,-0.086,-6.75055
2014-10-10,1.26891,-0.53565,1.26812,0.06166,0.02798,6.51784,-0.08218,-6.75055
2014-10-13,1.26398,-0.52152,1.25969,0.33997,0.15459,6.52164,-0.07997,-6.75055
2014-10-14,1.27239,-0.4746,1.25023,1.75734,0.80141,6.69037,-0.07094,-6.75055
2014-10-15,1.2639,-0.43464,1.24494,1.51185,0.69181,6.78735,-0.06404,-6.75055
2014-10-16,1.28217,-0.42192,1.24911,2.61175,1.20034,7.44575,-0.05667,-6.75055
2014-10-17,1.28044,-0.45263,1.25522,1.9892,0.91741,7.44574,-0.06079,-6.75055
2014-10-20,1.27496,-0.44305,1.26308,0.93585,0.43354,7.44423,-0.05952,-6.75055
2014-10-21,1.27953,-0.44573,1.2687,0.84937,0.39563,7.49667,-0.05946,-6.75055
2014-10-22,1.27147,-0.47364,1.26203,0.74517,0.34885,7.57427,-0.06253,-6.75055
2014-10-23,1.26414,-0.4753,1.27061,-0.51057,-0.24041,7.62909,-0.0623,-6.75055
2014-10-24,1.26541,-0.47523,1.26819,-0.22001,-0.10415,7.6315,-0.06227,-6.75055
2014-10-27,1.26767,-0.46951,1.26677,0.07119,0.03387,7.64748,-0.06139,-6.75055
2014-10-28,1.27015,-0.48397,1.26874,0.11089,0.053,7.66847,-0.06311,-6.75055
2014-10-29,1.27384,-0.54058,1.27214,0.13321,0.06396,7.70468,-0.07016,-6.75055
2014-10-30,1.26328,-0.55794,1.26949,-0.49003,-0.23603,7.81206,-0.07142,-6.75055
2014-10-31,1.26134,-0.58267,1.26832,-0.55222,-0.26664,7.81231,-0.07458,-6.75055
2014-11-03,1.25031,-0.59865,1.26364,-1.06062,-0.51366,7.94867,-0.07531,-6.71414
2014-11-04,1.24959,-0.59767,1.25546,-0.46867,-0.2277,7.9404,-0.07527,-6.71414
2014-11-05,1.25526,-0.6022,1.25581,-0.04376,-0.02133,8.01746,-0.07511,-6.71414
2014-11-06,1.248,-0.62728,1.2556,-0.60684,-0.29666,8.02139,-0.0782,-6.71414
2014-11-07,1.23801,-0.59867,1.25707,-1.52803,-0.74785,8.13931,-0.07355,-6.71414
2014-11-10,1.24614,-0.63313,1.25264,-0.52031,-0.25478,8.2867,-0.0764,-6.71414
2014-11-11,1.24299,-0.63071,1.24945,-0.51799,-0.25417,8.28752,-0.0761,-6.71414
2014-11-12,1.24758,-0.63402,1.24378,0.30535,0.15027,8.34237,-0.076,-6.71414
2014-11-13,1.24299,-0.61152,1.23318,0.7929,0.39132,8.33455,-0.07337,-6.71414
2014-11-14,1.2476,-0.62347,1.23284,1.18985,0.58865,8.3886,-0.07432,-6.71414
2014-11-17,1.25185,-0.61306,1.23973,0.97237,0.48162,8.42748,-0.07274,-6.71414
2014-11-18,1.2449,-0.60522,1.23642,0.6832,0.33891,8.4461,-0.07166,-6.71414
2014-11-19,1.25334,-0.58583,1.23481,1.48947,0.73952,8.57481,-0.06832,-6.71414
2014-11-20,1.25408,-0.58582,1.24053,1.08562,0.53927,8.5149,-0.0688,-6.71414
2014-11-21,1.2545,-0.59795,1.2452,0.74451,0.37003,8.518,-0.0702,-6.71414
2014-11-24,1.2375,-0.60045,1.24254,-0.40618,-0.20203,8.89685,-0.06749,-6.71414
2014-11-25,1.24332,-0.58261,1.23627,0.56822,0.28277,8.955,-0.06506,-6.71414
2014-11-26,1.24807,-0.60099,1.23418,1.11919,0.5574,9.00488,-0.06674,-6.71414
2014-11-27,1.25059,-0.6048,1.23459,1.28785,0.64177,8.99516,-0.06724,-6.71414
2014-11-28,1.2462,-0.5367,1.20118,3.67928,1.83553,9.00905,-0.05957,-6.71414
2014-12-01,1.24383,-0.54853,1.21456,2.38097,1.18533,9.00996,-0.06088,-6.0315
2014-12-02,1.24701,-0.60146,1.20745,3.22356,1.60407,9.0242,-0.06665,-6.0315
2014-12-03,1.23885,-0.6318,1.20705,2.60067,1.29236,8.51108,-0.07423,-6.0315
2014-12-04,1.23166,-0.61106,1.20696,2.02625,1.00661,8.55948,-0.07139,-6.0315
2014-12-05,1.23867,-0.70636,1.20684,2.60302,1.29392,8.61615,-0.08198,-6.0315
2014-12-08,1.22941,-0.70384,1.19631,2.72903,1.35654,8.67303,-0.08115,-6.0315
2014-12-09,1.23151,-0.70156,1.20083,2.52312,1.25565,8.68458,-0.08078,-6.0315
2014-12-10,1.2395,-0.65014,1.1906,4.02484,2.005,8.80072,-0.07387,-6.0315
2014-12-11,1.2474,-0.68167,1.19125,4.60552,2.29017,8.88552,-0.07672,-6.0315
2014-12-12,1.2395,-0.62673,1.186,4.41174,2.18825,8.95782,-0.06996,-6.0315
2014-12-15,1.24635,-0.66486,1.18599,4.96427,2.458,9.03347,-0.0736,-6.0315
2014-12-16,1.24435,-0.64974,1.18493,4.89318,2.4103,8.89487,-0.07305,-6.0315
2014-12-17,1.2512,-0.6949,1.18764,5.21353,2.55485,8.89631,-0.07811,-6.0315
2014-12-18,1.2339,-0.7501,1.18826,3.7687,1.83566,9.22774,-0.08129,-6.0315
2014-12-19,1.22904,-0.75731,1.19898,2.47699,1.20301,9.24661,-0.0819,-6.0315
2014-12-22,1.2226,-0.80011,1.195,2.28314,1.10772,9.28919,-0.08613,-6.0315
2014-12-23,1.22237,-0.82327,1.20235,1.65208,0.80067,9.2312,-0.08918,-6.0315
2014-12-24,1.21749,-0.82578,1.19744,1.66053,0.80444,9.25296,-0.08924,-6.0315
2014-12-25,1.21985,-0.82578,1.19831,1.78209,0.86317,9.19061,-0.08985,-6.0315
2014-12-26,1.221,-0.82578,1.19618,2.05379,0.99453,9.18703,-0.08988,-6.0315
2014-12-29,1.21694,-0.82359,1.1912,2.13806,1.03494,9.16185,-0.08989,-6.0315
2014-12-30,1.21535,-0.80363,1.19246,1.90115,0.91957,9.16284,-0.08771,-6.0315
2014-12-31,1.2162,-0.78626,1.19147,2.05502,0.99323,9.12579,-0.08616,-6.0315
2015-01-01,1.20986,-0.78626,1.19245,1.44997,0.70022,8.85571,-0.08879,-10.6267
2015-01-02,1.20894,-0.77594,1.18946,1.62462,0.78423,8.56548,-0.09059,-10.6267
2015-01-05,1.19464,-0.79369,1.17735,1.4583,0.70353,8.83668,-0.08982,-10.6267
2015-01-06,1.1939,-0.75761,1.17006,2.01709,0.97265,8.7271,-0.08681,-10.6267
2015-01-07,1.18754,-0.73679,1.17133,1.37434,0.66218,8.74629,-0.08424,-10.6267
2015-01-08,1.1836,-0.73822,1.17105,1.0661,0.51348,8.73954,-0.08447,-10.6267
2015-01-09,1.17961,-0.71645,1.16827,0.96597,0.46514,8.61059,-0.08321,-10.6267
2015-01-12,1.18707,-0.68797,1.15775,2.50059,1.20393,8.66592,-0.07939,-10.6267
2015-01-13,1.18315,-0.67102,1.15586,2.33401,1.12303,8.09611,-0.08288,-10.6267
2015-01-14,1.17783,-0.64562,1.16636,0.97887,0.4708,8.12191,-0.07949,-10.6267
2015-01-15,1.17859,-0.60126,1.16287,1.34264,0.64603,8.10865,-0.07415,-10.6267
2015-01-16,1.16374,-0.65462,1.16337,0.03139,0.0151,8.36358,-0.07827,-10.6267
2015-01-19,1.1566,-0.65741,1.16332,-0.57936,-0.27888,8.3598,-0.07864,-10.6267
2015-01-20,1.1598,-0.68022,1.16402,-0.3636,-0.17518,8.35659,-0.0814,-10.6267
2015-01-21,1.15469,-0.64224,1.16828,-1.16959,-0.56406,8.36434,-0.07678,-10.6267
2015-01-22,1.16153,-0.68346,1.16536,-0.32914,-0.15883,8.46913,-0.0807,-10.6267
2015-01-23,1.13467,-0.66318,1.16642,-2.75918,-1.33196,9.5155,-0.06969,-10.6267
2015-01-26,1.11255,-0.66317,1.1624,-4.38356,-2.11437,10.11692,-0.06555,-10.6267
2015-01-27,1.12477,-0.65807,1.16648,-3.64151,-1.75174,10.369,-0.06347,-10.6267
2015-01-28,1.13674,-0.62721,1.16092,-2.10464,-1.01125,10.66276,-0.05882,-10.6267
2015-01-29,1.12815,-0.65522,1.16238,-2.98938,-1.43894,10.63302,-0.06162,-10.6267
2015-01-30,1.13356,-0.6121,1.17823,-3.865,-1.86133,10.70841,-0.05716,-10.6267
2015-02-02,1.1309,-0.64423,1.18372,-4.56504,-2.19448,10.63808,-0.06056,-12.05992
2015-02-03,1.13417,-0.67936,1.19433,-5.16818,-2.47834,10.64251,-0.06383,-12.05992
2015-02-04,1.14574,-0.69096,1.17867,-2.8335,-1.35414,10.80967,-0.06392,-12.05992
2015-02-05,1.13187,-0.68856,1.18722,-4.7741,-2.28378,10.91027,-0.06311,-12.05992
2015-02-06,1.1472,-0.82799,1.19101,-3.74787,-1.78818,11.31109,-0.0732,-12.05992
2015-02-09,1.13144,-0.8209,1.19268,-5.27117,-2.51564,11.53919,-0.07114,-12.05992
2015-02-10,1.1327,-0.84631,1.18351,-4.38828,-2.0851,11.54299,-0.07332,-12.05992
2015-02-11,1.1322,-0.84356,1.1753,-3.73617,-1.77301,11.49718,-0.07337,-12.05992
2015-02-12,1.1312,-0.79194,1.18423,-4.58173,-2.17272,11.45421,-0.06914,-12.05992
2015-02-13,1.14039,-0.84746,1.18423,-3.77218,-1.78435,11.58754,-0.07314,-12.05992
2015-02-16,1.14,-0.8486,1.18352,-3.74612,-1.7722,11.47101,-0.07398,-12.05992
2015-02-17,1.1334,-0.87759,1.20239,-5.90853,-2.79383,11.49489,-0.07635,-12.05992
2015-02-18,1.14047,-0.80551,1.19454,-4.63208,-2.18276,11.59505,-0.06947,-12.05992
2015-02-19,1.14,-0.85517,1.19194,-4.4554,-2.09583,11.33139,-0.07547,-12.05992
2015-02-20,1.13667,-0.85896,1.1911,-4.67715,-2.20046,11.26992,-0.07622,-12.05992
2015-02-23,1.13815,-0.82279,1.18561,-4.08513,-1.91856,11.2336,-0.07324,-12.05992
2015-02-24,1.1333,-0.77478,1.18451,-4.41977,-2.07565,11.22472,-0.06902,-12.05992
2015-02-25,1.1339,-0.79852,1.19484,-5.23454,-2.45356,11.22526,-0.07114,-12.05992
2015-02-26,1.13636,-0.86677,1.18685,-4.34665,-2.03524,11.24881,-0.07705,-12.05992
2015-02-27,1.12054,-0.83101,1.19621,-6.53524,-3.06274,11.49594,-0.07229,-12.05992
2015-03-02,1.1162,-0.84602,1.18298,-5.81065,-2.71591,11.46227,-0.07381,-13.74345
2015-03-03,1.11791,-0.86157,1.18769,-6.05529,-2.82638,11.448,-0.07526,-13.74345
2015-03-04,1.11822,-0.83447,1.18543,-5.83724,-2.7214,11.3605,-0.07345,-13.74345
2015-03-05,1.10821,-0.82742,1.1843,-6.64081,-3.09106,11.39574,-0.07261,-13.74345
2015-03-06,1.1032,-0.91613,1.17888,-6.63482,-3.07444,11.38927,-0.08044,-13.74345
2015-03-09,1.0846,-0.89195,1.17335,-7.86541,-3.62601,11.66578,-0.07646,-13.74345
2015-03-10,1.08334,-0.9108,1.1635,-7.1381,-3.25637,11.54008,-0.07893,-13.74345
2015-03-11,1.07087,-0.90672,1.16719,-8.61316,-3.8958,11.66248,-0.07775,-13.74345
2015-03-12,1.05487,-0.88228,1.16401,-9.84534,-4.39595,11.82487,-0.07461,-13.74345
2015-03-13,1.06263,-0.89049,1.15221,-8.09325,-3.5513,11.99064,-0.07427,-13.74345
2015-03-16,1.04816,-0.86091,1.14631,-8.95063,-3.88413,12.08472,-0.07124,-13.74345
2015-03-17,1.05729,-0.87813,1.14423,-7.90227,-3.38143,12.08504,-0.07266,-13.74345
2015-03-18,1.0598,-0.77511,1.15631,-8.71515,-3.68961,12.11931,-0.06396,-13.74345
2015-03-19,1.085,-0.84262,1.14614,-5.48241,-2.29176,13.15873,-0.06404,-13.74345
2015-03-20,1.06689,-0.81432,1.14915,-7.42679,-3.08909,13.48764,-0.06038,-13.74345
2015-03-23,1.08266,-0.79726,1.15094,-6.11587,-2.52175,13.89481,-0.05738,-13.74345
2015-03-24,1.0945,-0.77565,1.14696,-4.68168,-1.91931,14.10751,-0.05498,-13.74345
2015-03-25,1.0902,-0.79175,1.15378,-5.66777,-2.31629,14.10381,-0.05614,-13.74345
2015-03-26,1.09605,-0.83415,1.16413,-6.02682,-2.45105,14.17209,-0.05886,-13.74345
2015-03-27,1.08864,-0.80385,1.15131,-5.59733,-2.26505,14.20882,-0.05657,-13.74345
2015-03-30,1.08849,-0.79663,1.14963,-5.4648,-2.20267,14.20394,-0.05608,-13.74345
2015-03-31,1.08302,-0.78437,1.14475,-5.54259,-2.22586,14.2021,-0.05523,-13.74345
2015-04-01,1.07381,-0.78096,1.153,-7.1147,-2.84627,14.26501,-0.05475,-14.32613
2015-04-02,1.07699,-0.77716,1.14182,-5.84464,-2.32078,14.14998,-0.05492,-14.32613
2015-04-03,1.08707,-0.71716,1.14274,-4.99416,-1.97283,14.31781,-0.05009,-14.32613
2015-04-06,1.10013,-0.73716,1.15613,-4.96437,-1.95401,14.54416,-0.05068,-14.32613
2015-04-07,1.09348,-0.74765,1.15974,-5.88293,-2.30862,14.57066,-0.05131,-14.32613
2015-04-08,1.08242,-0.79623,1.14014,-5.19554,-2.02952,14.67384,-0.05426,-14.32613
2015-04-09,1.07853,-0.80296,1.14257,-5.76843,-2.246,14.59688,-0.05501,-14.32613
2015-04-10,1.06691,-0.8119,1.14651,-7.19617,-2.79012,14.71147,-0.05519,-14.32613
2015-04-13,1.06099,-0.77879,1.14908,-7.97648,-3.07044,14.72134,-0.0529,-14.32613
2015-04-14,1.05729,-0.7677,1.15025,-8.4263,-3.21633,14.71823,-0.05216,-14.32613
2015-04-15,1.06471,-0.74897,1.15674,-8.28979,-3.13547,14.64862,-0.05113,-14.32613
2015-04-16,1.06768,-0.74262,1.15558,-7.91161,-2.96616,14.64014,-0.05072,-14.32613
2015-04-17,1.07556,-0.74919,1.17116,-8.51531,-3.16912,14.72012,-0.0509,-14.32613
2015-04-20,1.08102,-0.77771,1.16817,-7.7527,-2.86185,14.75804,-0.0527,-14.32613
2015-04-21,1.07475,-0.78302,1.161,-7.71919,-2.83069,14.71981,-0.05319,-14.32613
2015-04-22,1.07417,-0.79216,1.16144,-7.81104,-2.84734,14.0139,-0.05653,-14.32613
2015-04-23,1.07258,-0.80337,1.16896,-8.60473,-3.11692,13.48278,-0.05959,-14.32613
2015-04-24,1.0815,-0.78806,1.16973,-7.84229,-2.81725,13.40109,-0.05881,-14.32613
2015-04-27,1.0869,-0.78619,1.16942,-7.31826,-2.61325,13.25666,-0.05931,-14.32613
2015-04-28,1.0878,-0.81832,1.16454,-6.81696,-2.42102,13.1859,-0.06206,-14.32613
2015-04-29,1.09691,-0.78978,1.17316,-6.72043,-2.37588,13.26379,-0.05954,-14.32613
2015-04-30,1.11143,-0.7866,1.18035,-6.01599,-2.11837,13.53646,-0.05811,-14.32613
2015-05-01,1.12147,-0.8066,1.17188,-4.39767,-1.54475,13.64889,-0.0591,-12.34135
2015-05-04,1.11859,-0.80006,1.17211,-4.67372,-1.63982,13.49396,-0.05929,-12.34135
2015-05-05,1.11491,-0.82093,1.18023,-5.6928,-1.99349,13.29393,-0.06175,-12.34135
2015-05-06,1.11863,-0.85493,1.18195,-5.50564,-1.92288,13.02179,-0.06565,-12.34135
2015-05-07,1.13415,-0.83457,1.17241,-3.31782,-1.15576,13.035,-0.06403,-12.34135
2015-05-08,1.12469,-0.80194,1.16553,-3.56618,-1.24222,13.14074,-0.06103,-12.34135
2015-05-11,1.11941,-0.82727,1.16524,-4.01306,-1.39753,13.17281,-0.0628,-12.34135
2015-05-12,1.11444,-0.80327,1.17445,-5.24479,-1.82377,13.19978,-0.06085,-12.34135
2015-05-13,1.12215,-0.78146,1.17442,-4.55319,-1.57892,13.17092,-0.05933,-12.34135
2015-05-14,1.13505,-0.74503,1.17112,-3.12813,-1.08284,13.37671,-0.0557,-12.34135
2015-05-15,1.1405,-0.74246,1.16933,-2.49628,-0.86395,13.35982,-0.05557,-12.34135
2015-05-18,1.14451,-0.77207,1.1677,-2.00649,-0.69414,13.32028,-0.05796,-12.34135
2015-05-19,1.13262,-0.83298,1.15518,-1.97273,-0.68235,13.48459,-0.06177,-12.34135
2015-05-20,1.11467,-0.81034,1.16056,-4.03446,-1.39536,13.84352,-0.05854,-12.34135
2015-05-21,1.11008,-0.81824,1.16314,-4.66936,-1.61273,13.86041,-0.05903,-12.34135
2015-05-22,1.11119,-0.85294,1.15584,-3.9397,-1.35777,13.84061,-0.06163,-12.34135
2015-05-25,1.0993,-0.85243,1.15508,-4.94976,-1.70455,13.99579,-0.06091,-12.34135
2015-05-26,1.09712,-0.86033,1.15477,-5.12151,-1.7601,13.98836,-0.0615,-12.34135
2015-05-27,1.08889,-0.85649,1.14353,-4.89666,-1.68125,13.79313,-0.0621,-12.34135
2015-05-28,1.09,-0.84727,1.14589,-5.00031,-1.71453,13.77849,-0.06149,-12.34135
2015-05-29,1.09603,-0.8368,1.16142,-5.79442,-1.98409,13.82396,-0.06053,-12.34135
2015-06-01,1.09579,-0.8682,1.15662,-5.40193,-1.84655,13.82345,-0.06281,-11.27378
2015-06-02,1.0923,-0.84004,1.16142,-6.13582,-2.09458,13.72385,-0.06121,-11.27378
2015-06-03,1.115,-0.86559,1.14928,-3.02793,-1.0315,14.30991,-0.06049,-11.27378
2015-06-04,1.12578,-0.85801,1.14598,-1.77846,-0.60644,13.99841,-0.06129,-11.27378
2015-06-05,1.12079,-0.91603,1.14571,-2.19917,-0.7519,14.03055,-0.06529,-11.27378
2015-06-08,1.11081,-0.88189,1.14938,-3.41309,-1.16913,13.94752,-0.06323,-11.27378
2015-06-09,1.1281,-0.8833,1.15511,-2.36675,-0.81218,13.89146,-0.06359,-11.27378
2015-06-10,1.12991,-0.92918,1.14965,-1.73248,-0.5964,13.83365,-0.06717,-11.27378
2015-06-11,1.1312,-0.91662,1.14587,-1.28871,-0.44495,13.50797,-0.06786,-11.27378
2015-06-12,1.12406,-0.93686,1.1434,-1.70562,-0.59136,13.50422,-0.06938,-11.27378
2015-06-15,1.12199,-0.91034,1.14637,-2.14934,-0.74577,13.51276,-0.06737,-11.27378
2015-06-16,1.1277,-0.90639,1.14403,-1.4373,-0.49923,12.74135,-0.07114,-11.27378
2015-06-17,1.1242,-0.86402,1.15087,-2.34451,-0.81573,12.26463,-0.07045,-11.27378
2015-06-18,1.137,-0.86656,1.14617,-0.80347,-0.27999,12.12842,-0.07145,-11.27378
2015-06-19,1.13707,-0.85624,1.14495,-0.69,-0.24077,11.95406,-0.07163,-11.27378
2015-06-22,1.13729,-0.87352,1.13931,-0.17697,-0.06185,11.91882,-0.07329,-11.27378
2015-06-23,1.13491,-0.90238,1.13896,-0.35672,-0.12479,11.89315,-0.07587,-11.27378
2015-06-24,1.11722,-0.88875,1.1414,-2.1413,-0.74961,12.24562,-0.07258,-11.27378
2015-06-25,1.1207,-0.89086,1.14319,-1.98703,-0.69584,12.25695,-0.07268,-11.27378
2015-06-26,1.1203,-0.92954,1.14052,-1.78866,-0.62655,12.20722,-0.07615,-11.27378
2015-06-29,1.0975,-0.85504,1.15844,-5.40399,-1.89416,12.79296,-0.06684,-11.27378
2015-06-30,1.1223,-0.86829,1.16144,-3.4281,-1.19803,13.52043,-0.06422,-11.27378
2015-07-01,1.1135,-0.92347,1.14235,-2.5577,-0.89316,13.50981,-0.06836,-12.59515
2015-07-02,1.10336,-0.89542,1.14684,-3.8647,-1.34941,13.43443,-0.06665,-12.59515
2015-07-03,1.1087,-0.90692,1.14537,-3.25469,-1.13542,13.40955,-0.06763,-12.59515
2015-07-06,1.09951,-0.86685,1.12362,-2.16947,-0.75643,13.35635,-0.0649,-12.59515
2015-07-07,1.1049,-0.84831,1.1233,-1.65158,-0.57613,13.36493,-0.06347,-12.59515
2015-07-08,1.10099,-0.81668,1.13715,-3.23111,-1.12746,13.19462,-0.06189,-12.59515
2015-07-09,1.1071,-0.86367,1.14073,-2.99194,-1.04367,13.17397,-0.06556,-12.59515
2015-07-10,1.1063,-0.8765,1.13102,-2.20935,-0.77037,13.15006,-0.06665,-12.59515
2015-07-13,1.1129,-0.91603,1.11419,-0.11515,-0.04015,13.13146,-0.06976,-12.59515
2015-07-14,1.09905,-0.89496,1.11702,-1.62248,-0.566,13.38752,-0.06685,-12.59515
2015-07-15,1.1008,-0.89164,1.11006,-0.83738,-0.29223,13.31639,-0.06696,-12.59515
2015-07-16,1.09436,-0.90269,1.10702,-1.1509,-0.40205,13.33919,-0.06767,-12.59515
2015-07-17,1.0886,-0.92268,1.10464,-1.46237,-0.5116,13.32958,-0.06922,-12.59515
2015-07-20,1.08302,-0.94817,1.09937,-1.498,-0.52515,13.37163,-0.07091,-12.59515
2015-07-21,1.08354,-0.94559,1.10097,-1.59546,-0.56002,13.36777,-0.07074,-12.59515
2015-07-22,1.094,-0.9888,1.09237,0.14913,0.05244,13.40294,-0.07378,-12.59515
2015-07-23,1.09271,-0.94974,1.0937,-0.09141,-0.0322,13.36995,-0.07104,-12.59515
2015-07-24,1.0989,-0.94909,1.09456,0.39566,0.13954,13.41563,-0.07074,-12.59515
2015-07-27,1.09724,-0.92646,1.09713,0.00961,0.0034,13.31571,-0.06958,-12.59515
2015-07-28,1.109,-0.93789,1.08821,1.89281,0.66959,13.22502,-0.07092,-12.59515
2015-07-29,1.1066,-0.95151,1.08412,2.05243,0.72674,13.10335,-0.07262,-12.59515
2015-07-30,1.09841,-0.98239,1.07961,1.7257,0.61251,13.17481,-0.07457,-12.59515
2015-07-31,1.09392,-0.92597,1.07929,1.34689,0.47939,13.18313,-0.07024,-12.59515
2015-08-03,1.0969,-0.93828,1.06659,2.80256,1.00079,13.17686,-0.07121,-10.24785
2015-08-04,1.0956,-0.99924,1.06521,2.81285,1.00795,12.86276,-0.07769,-10.24785
2015-08-05,1.0889,-0.97843,1.06323,2.38548,0.85833,12.81529,-0.07635,-10.24785
2015-08-06,1.09031,-0.96532,1.0687,2.00153,0.72346,12.7916,-0.07547,-10.24785
2015-08-07,1.09271,-1.00326,1.05933,3.10192,1.1259,12.77554,-0.07853,-10.24785
2015-08-10,1.0965,-1.00183,1.064,3.00939,1.09581,12.71537,-0.07879,-10.24785
2015-08-11,1.1017,-0.95506,1.06793,3.1128,1.13888,12.53184,-0.07621,-10.24785
2015-08-12,1.1042,-0.9508,1.07051,3.09919,1.13765,12.49894,-0.07607,-10.24785
2015-08-13,1.1161,-0.99399,1.06418,4.763,1.75031,12.67498,-0.07842,-10.24785
2015-08-14,1.1161,-1.00022,1.06068,5.09227,1.86967,12.50972,-0.07996,-10.24785
2015-08-17,1.1093,-0.98594,1.06328,4.23657,1.5534,12.15557,-0.08111,-10.24785
2015-08-18,1.1078,-0.99169,1.06483,3.95652,1.45057,12.13064,-0.08175,-10.24785
2015-08-19,1.10308,-0.91921,1.0684,3.19428,1.17115,12.15813,-0.0756,-10.24785
2015-08-20,1.1118,-0.95414,1.07326,3.52801,1.29521,12.06613,-0.07908,-10.24785
2015-08-21,1.1237,-0.89796,1.09122,2.93307,1.07755,12.23707,-0.07338,-10.24785
2015-08-24,1.1377,-0.84971,1.10032,3.34058,1.22657,12.36124,-0.06874,-10.24785
2015-08-25,1.15831,-0.90451,1.09427,5.68664,2.0864,12.83419,-0.07048,-10.24785
2015-08-26,1.15509,-0.89843,1.08863,5.92647,2.16682,12.82176,-0.07007,-10.24785
2015-08-27,1.13401,-0.90954,1.10524,2.56921,0.93576,13.38711,-0.06794,-10.24785
2015-08-28,1.1248,-0.95012,1.11455,0.91549,0.33341,13.47983,-0.07048,-10.24785
2015-08-31,1.1214,-0.95885,1.13932,-1.58467,-0.57751,12.86124,-0.07455,-10.24785
2015-09-01,1.12259,-0.90889,1.12744,-0.43181,-0.15749,12.71644,-0.07147,-8.72486
2015-09-02,1.12934,-0.93628,1.11788,1.02053,0.37276,12.74109,-0.07348,-8.72486
2015-09-03,1.1216,-0.95545,1.11596,0.50444,0.18439,12.6881,-0.0753,-8.72486
2015-09-04,1.11259,-0.9594,1.1156,-0.2701,-0.09889,12.40497,-0.07734,-8.72486
2015-09-07,1.1152,-0.95632,1.11605,-0.0765,-0.02805,12.41024,-0.07706,-8.72486
2015-09-08,1.1164,-0.97856,1.10644,0.89557,0.32867,12.40993,-0.07885,-8.72486
2015-09-09,1.12074,-0.99318,1.09892,1.96555,0.72252,12.37329,-0.08027,-8.72486
2015-09-10,1.12207,-0.99579,1.10144,1.85596,0.68305,12.37027,-0.0805,-8.72486
2015-09-11,1.12909,-0.96055,1.09845,2.7514,1.01428,12.39182,-0.07751,-8.72486
2015-09-14,1.1344,-0.9822,1.09047,3.94988,1.457,12.41006,-0.07915,-8.72486
2015-09-15,1.13076,-1.06433,1.07934,4.65386,1.71574,12.2171,-0.08712,-8.72486
2015-09-16,1.12718,-1.05793,1.07706,4.54798,1.6755,12.2326,-0.08648,-8.72486
2015-09-17,1.1292,-0.92002,1.10361,2.29271,0.84374,12.23856,-0.07517,-8.72486
2015-09-18,1.14009,-0.94273,1.097,3.85338,1.41858,12.38415,-0.07612,-8.72486
2015-09-21,1.1292,-0.96402,1.0954,3.03905,1.11684,12.12533,-0.0795,-8.72486
2015-09-22,1.11909,-0.9619,1.10462,1.30153,0.47779,12.24703,-0.07854,-8.72486
2015-09-23,1.11207,-0.96338,1.09679,1.38407,0.50808,12.31096,-0.07825,-8.72486
2015-09-24,1.11899,-0.92732,1.1072,1.05923,0.38874,11.65069,-0.07959,-8.72486
2015-09-25,1.11789,-0.95238,1.10747,0.93711,0.34388,10.75755,-0.08853,-8.72486
2015-09-28,1.12017,-0.93256,1.11487,0.47483,0.17422,10.6472,-0.08759,-8.72486
2015-09-29,1.1231,-0.91165,1.11962,0.31067,0.11399,10.49104,-0.0869,-8.72486
2015-09-30,1.12559,-0.8769,1.11716,0.75177,0.27584,10.45808,-0.08385,-8.72486
2015-10-01,1.11721,-0.90636,1.10443,1.14994,0.42192,10.43128,-0.08689,-9.06444
2015-10-02,1.11934,-0.85682,1.10642,1.16143,0.42608,10.39435,-0.08243,-9.06444
2015-10-05,1.1227,-0.87274,1.1054,1.55301,0.56964,10.38076,-0.08407,-9.06444
2015-10-06,1.11952,-0.85662,1.11985,-0.02973,-0.0109,10.34453,-0.08281,-9.06444
2015-10-07,1.1268,-0.89882,1.10855,1.63315,0.59903,10.41912,-0.08627,-9.06444
2015-10-08,1.124,-0.90791,1.11175,1.096,0.40197,10.36946,-0.08756,-9.06444
2015-10-09,1.12869,-0.90381,1.10887,1.77185,0.64979,10.07255,-0.08973,-9.06444
2015-10-12,1.137,-0.91074,1.09078,4.14976,1.52164,10.16455,-0.0896,-9.06444
2015-10-13,1.13555,-0.89785,1.09593,3.55174,1.30006,10.08845,-0.089,-9.06444
2015-10-14,1.1385,-0.83226,1.10418,3.06117,1.11887,10.02525,-0.08302,-9.06444
2015-10-15,1.14755,-0.88192,1.08842,5.29013,1.93153,10.05577,-0.0877,-9.06444
2015-10-16,1.13682,-0.88004,1.08453,4.70807,1.71313,10.26525,-0.08573,-9.06444
2015-10-19,1.13611,-0.88031,1.08408,4.68728,1.70114,10.10986,-0.08707,-9.06444
2015-10-20,1.1329,-0.9031,1.08613,4.21638,1.52645,10.12696,-0.08918,-9.06444
2015-10-21,1.1354,-0.89655,1.08713,4.34414,1.56963,10.07997,-0.08894,-9.06444
2015-10-22,1.1348,-0.94928,1.07277,5.62167,2.02694,10.07378,-0.09423,-9.06444
2015-10-23,1.10809,-0.97959,1.06961,3.53458,1.27034,10.98379,-0.08919,-9.06444
2015-10-26,1.10204,-0.98715,1.07071,2.8843,1.03563,11.03007,-0.0895,-9.06444
2015-10-27,1.1066,-0.98938,1.06777,3.57164,1.2817,10.95842,-0.09028,-9.06444
2015-10-28,1.1037,-1.06706,1.06508,3.56263,1.27717,10.93942,-0.09754,-9.06444
2015-10-29,1.0929,-1.07557,1.06451,2.63163,0.94248,11.10628,-0.09684,-9.06444
2015-10-30,1.09938,-1.06343,1.07153,2.56609,0.91874,11.1677,-0.09522,-9.06444
2015-11-02,1.1026,-1.07111,1.06321,3.63792,1.30203,11.1103,-0.09641,-11.98686
2015-11-03,1.1016,-1.10929,1.06883,3.02029,1.08006,11.11017,-0.09984,-11.98686
2015-11-04,1.0964,-1.16125,1.05848,3.51928,1.25894,11.14511,-0.10419,-11.98686
2015-11-05,1.0868,-1.16483,1.05363,3.09965,1.10838,11.26139,-0.10344,-11.98686
2015-11-06,1.0884,-1.1923,1.04502,4.06734,1.45488,11.22294,-0.10624,-11.98686
2015-11-09,1.07334,-1.20023,1.05238,1.97239,0.70464,11.54168,-0.10399,-11.98686
2015-11-10,1.07595,-1.20789,1.04791,2.64069,0.94331,11.33307,-0.10658,-11.98686
2015-11-11,1.07376,-1.21421,1.04285,2.92093,1.0429,11.33617,-0.10711,-11.98686
2015-11-12,1.0763,-1.23654,1.04051,3.3815,1.20683,11.29583,-0.10947,-11.98686
2015-11-13,1.0815,-1.21905,1.04613,3.32547,1.18565,11.34385,-0.10746,-11.98686
2015-11-16,1.07,-1.24033,1.03764,3.07119,1.09417,11.50496,-0.10781,-11.98686
2015-11-17,1.0688,-1.22663,1.04163,2.57438,0.91696,11.37936,-0.10779,-11.98686
2015-11-18,1.06438,-1.26521,1.03334,2.95996,1.05427,11.16649,-0.1133,-11.98686
2015-11-19,1.067,-1.27408,1.03338,3.20164,1.13953,10.8603,-0.11732,-11.98686
2015-11-20,1.07262,-1.3078,1.02643,4.40165,1.5656,10.2377,-0.12774,-11.98686
2015-11-23,1.0641,-1.32032,1.02707,3.54247,1.25784,10.32214,-0.12791,-11.98686
2015-11-24,1.0642,-1.29928,1.03718,2.57205,0.91215,9.72042,-0.13367,-11.98686
2015-11-25,1.06438,-1.33347,1.03114,3.17333,1.12467,9.61368,-0.13871,-11.98686
2015-11-26,1.0625,-1.33242,1.03173,2.93823,1.04028,9.60561,-0.13871,-11.98686
2015-11-27,1.06045,-1.32843,1.02604,3.29843,1.16671,9.60003,-0.13838,-11.98686
2015-11-30,1.0583,-1.34294,1.02791,2.91399,1.02955,9.49905,-0.14138,-11.98686
2015-12-01,1.05729,-1.32515,1.02326,3.27156,1.15485,9.42448,-0.14061,-10.21388
2015-12-02,1.06259,-1.36389,1.01526,4.55578,1.60616,9.38481,-0.14533,-10.21388
2015-12-03,1.0613,-1.27075,1.04018,2.00985,0.7069,9.36446,-0.1357,-10.21388
2015-12-04,1.0916,-1.2499,1.02531,6.2648,2.20245,11.00462,-0.11358,-10.21388
2015-12-07,1.0884,-1.2414,1.01916,6.5727,2.2998,10.98232,-0.11304,-10.21388
2015-12-08,1.0834,-1.25076,1.02297,5.73955,1.99809,11.00795,-0.11362,-10.21388
2015-12-09,1.0894,-1.25317,1.02931,5.67365,1.96748,10.9909,-0.11402,-10.21388
2015-12-10,1.10179,-1.28552,1.02395,7.3272,2.53126,11.19761,-0.1148,-10.21388
2015-12-11,1.09481,-1.23153,1.03457,5.66003,1.9431,11.24655,-0.1095,-10.21388
2015-12-14,1.09839,-1.30744,1.02387,7.02598,2.40314,11.2584,-0.11613,-10.21388
2015-12-15,1.0993,-1.31319,1.02221,7.27053,2.47278,11.25236,-0.1167,-10.21388
2015-12-16,1.09363,-1.35583,1.00162,8.78823,2.9712,11.10435,-0.1221,-10.21388
2015-12-17,1.08745,-1.34669,1.00744,7.64303,2.56185,11.00295,-0.12239,-10.21388
2015-12-18,1.08441,-1.32977,1.01409,6.70449,2.23285,10.87994,-0.12222,-10.21388
2015-12-21,1.08699,-1.32403,1.00534,7.80906,2.58806,10.8304,-0.12225,-10.21388
2015-12-22,1.0913,-1.33748,0.99559,9.17831,3.02193,10.78425,-0.12402,-10.21388
2015-12-23,1.095,-1.34955,0.99885,9.19061,2.99906,10.81001,-0.12484,-10.21388
2015-12-24,1.09092,-1.36955,1.0023,8.47246,2.74049,10.82035,-0.12657,-10.21388
2015-12-25,1.097,-1.36955,1.00336,8.92183,2.86491,10.8698,-0.126,-10.21388
2015-12-28,1.0966,-1.38952,1.00024,9.197,2.93038,10.85708,-0.12798,-10.21388
2015-12-29,1.09753,-1.42309,1.00252,9.05395,2.86102,10.76414,-0.13221,-10.21388
2015-12-30,1.0928,-1.42628,1.00057,8.81753,2.7642,10.78458,-0.13225,-10.21388
2015-12-31,1.0934,-1.40628,1.01161,7.77514,2.41973,10.76455,-0.13064,-10.21388
2016-01-01,1.08591,-1.40628,1.01268,6.98192,2.16073,10.83151,-0.12983,-10.13059
2016-01-04,1.0854,-1.38651,1.0235,5.87229,1.80966,10.73867,-0.12911,-10.13059
2016-01-05,1.08275,-1.41538,1.01269,6.69008,2.05774,10.73833,-0.13181,-10.13059
2016-01-06,1.0752,-1.37643,1.00634,6.61874,2.02858,10.76938,-0.12781,-10.13059
2016-01-07,1.0779,-1.34462,1.02017,5.5048,1.68177,10.66465,-0.12608,-10.13059
2016-01-08,1.0926,-1.33329,1.02633,6.25642,1.90699,11.0455,-0.12071,-10.13059
2016-01-11,1.0941,-1.32484,1.00564,8.43066,2.56107,11.03384,-0.12007,-10.13059
2016-01-12,1.0858,-1.30596,0.99687,8.54555,2.57956,10.98186,-0.11892,-10.13059
2016-01-13,1.0844,-1.29354,1.00364,7.73898,2.32091,10.845,-0.11928,-10.13059
2016-01-14,1.0886,-1.29278,1.00613,7.87783,2.35012,10.88425,-0.11878,-10.13059
2016-01-15,1.08589,-1.24533,1.01964,6.29576,1.86804,10.88177,-0.11444,-10.13059
2016-01-18,1.092,-1.2401,1.02106,6.71733,1.98637,10.93952,-0.11336,-10.13059
2016-01-19,1.0895,-1.26171,1.00087,8.48536,2.49961,10.94461,-0.11528,-10.13059
2016-01-20,1.0913,-1.25005,1.00088,8.64853,2.53223,9.88727,-0.12643,-10.13059
2016-01-21,1.0877,-1.28036,1.00857,7.55333,2.19779,9.84987,-0.12999,-10.13059
2016-01-22,1.0862,-1.31357,1.01372,6.90565,1.99986,9.81282,-0.13386,-10.13059
2016-01-25,1.0799,-1.31097,1.00948,6.74305,1.94509,9.86428,-0.1329,-10.13059
2016-01-26,1.0853,-1.2909,1.01471,6.72574,1.93291,9.72912,-0.13268,-10.13059
2016-01-27,1.0865,-1.26815,1.02819,5.51536,1.57934,9.65516,-0.13134,-10.13059
2016-01-28,1.0908,-1.26582,1.03155,5.58441,1.59524,9.67088,-0.13089,-10.13059
2016-01-29,1.0937,-1.2261,1.0308,5.92262,1.68765,9.68609,-0.12658,-10.13059
2016-02-01,1.08259,-1.26376,1.02769,5.20413,1.47878,9.85254,-0.12827,-9.1964
2016-02-02,1.08973,-1.21214,1.02684,5.94386,1.68536,9.78714,-0.12385,-9.1964
2016-02-03,1.0922,-1.18854,1.04291,4.61871,1.30602,9.79319,-0.12136,-9.1964
2016-02-04,1.1091,-1.17135,1.04147,6.29216,1.77643,9.84447,-0.11899,-9.1964
2016-02-05,1.12,-1.21195,1.04313,7.10957,2.00108,10.01057,-0.12107,-9.1964
2016-02-08,1.1145,-1.15368,1.04948,6.0114,1.68571,10.05822,-0.1147,-9.1964
2016-02-09,1.11898,-1.18262,1.03234,8.05951,2.25442,10.07536,-0.11738,-9.1964
2016-02-10,1.129,-1.20346,1.03513,8.68052,2.4165,10.17745,-0.11825,-9.1964
2016-02-11,1.1281,-1.14853,1.04066,8.06803,2.23371,9.91705,-0.11581,-9.1964
2016-02-12,1.1318,-1.20787,1.05128,7.37995,2.03344,9.9207,-0.12175,-9.1964
2016-02-15,1.1226,-1.20199,1.05254,6.44425,1.7684,10.03584,-0.11977,-9.1964
2016-02-16,1.11741,-1.22509,1.03879,7.29491,1.996,10.08972,-0.12142,-9.1964
2016-02-17,1.1147,-1.22554,1.04718,6.24872,1.70382,10.0667,-0.12174,-9.1964
2016-02-18,1.1123,-1.20212,1.04488,6.25261,1.70109,9.93157,-0.12104,-9.1964
2016-02-19,1.1111,-1.2634,1.02824,7.74961,2.10298,9.93726,-0.12714,-9.1964
2016-02-22,1.1124,-1.28472,1.03266,7.43797,2.00992,9.93717,-0.12928,-9.1964
2016-02-23,1.1028,-1.24971,1.03423,6.41946,1.72817,10.10097,-0.12372,-9.1964
2016-02-24,1.10271,-1.24982,1.04086,5.77191,1.5502,10.08898,-0.12388,-9.1964
2016-02-25,1.10139,-1.22342,1.04056,5.68169,1.52287,10.08148,-0.12135,-9.1964
2016-02-26,1.1025,-1.32003,1.0374,6.08582,1.62797,10.07656,-0.131,-9.1964
2016-02-29,1.09239,-1.31565,1.04708,4.23631,1.13054,10.22775,-0.12864,-9.1964
2016-03-01,1.0889,-1.38465,1.02893,5.66439,1.51028,10.2486,-0.13511,-9.0142
2016-03-02,1.08759,-1.37422,1.03266,5.18292,1.37992,8.56219,-0.1605,-9.0142
2016-03-03,1.0869,-1.39647,1.03082,5.29762,1.40928,8.54317,-0.16346,-9.0142
2016-03-04,1.09489,-1.41031,1.04125,5.02325,1.33464,8.61614,-0.16368,-9.0142
2016-03-07,1.0994,-1.43163,1.05553,4.07191,1.08041,8.585,-0.16676,-9.0142
2016-03-08,1.1016,-1.42409,1.0574,4.09549,1.08558,8.28935,-0.1718,-9.0142
2016-03-09,1.1004,-1.41744,1.06468,3.30011,0.87391,8.19153,-0.17304,-9.0142
2016-03-10,1.0989,-1.44454,1.05703,3.88487,1.02844,8.17064,-0.1768,-9.0142
2016-03-11,1.11784,-1.42806,1.05168,6.10086,1.61381,8.85568,-0.16126,-9.0142
2016-03-14,1.11679,-1.43159,1.05029,6.13919,1.6201,8.79017,-0.16286,-9.0142
2016-03-15,1.1102,-1.43034,1.0464,5.91835,1.55807,8.79764,-0.16258,-9.0142
2016-03-16,1.1109,-1.32554,1.049,5.7337,1.50623,8.77476,-0.15106,-9.0142
2016-03-17,1.12189,-1.3358,1.0526,6.37512,1.67189,8.96876,-0.14894,-9.0142
2016-03-18,1.1318,-1.32101,1.04935,7.56319,1.97963,9.09566,-0.14524,-9.0142
2016-03-21,1.1279,-1.34587,1.05005,7.15215,1.86632,9.11253,-0.14769,-9.0142
2016-03-22,1.1236,-1.39079,1.05394,6.39954,1.66558,9.11423,-0.1526,-9.0142
2016-03-23,1.1223,-1.35285,1.05366,6.31116,1.63955,9.06062,-0.14931,-9.0142
2016-03-24,1.11811,-1.37419,1.05272,6.02576,1.5627,9.09674,-0.15106,-9.0142
2016-03-25,1.11679,-1.37419,1.05374,5.81162,1.50482,9.10085,-0.151,-9.0142
2016-03-28,1.116,-1.37419,1.05681,5.44913,1.40891,9.0554,-0.15175,-9.0142
2016-03-29,1.12027,-1.27713,1.04379,7.07117,1.82658,9.08222,-0.14062,-9.0142
2016-03-30,1.1292,-1.24988,1.04424,7.82251,2.01626,9.08417,-0.13759,-9.0142
2016-03-31,1.13347,-1.22046,1.05024,7.62614,1.96011,9.10302,-0.13407,-9.0142
2016-04-01,1.13797,-1.25103,1.0457,8.45606,2.16855,9.1037,-0.13742,-8.33713
2016-04-04,1.139,-1.23177,1.04184,8.91688,2.27991,8.96491,-0.1374,-8.33713
2016-04-05,1.1389,-1.21353,1.05159,7.97587,2.03227,8.96121,-0.13542,-8.33713
2016-04-06,1.1382,-1.2111,1.05663,7.43652,1.89012,8.58718,-0.14104,-8.33713
2016-04-07,1.1405,-1.20301,1.06637,6.72093,1.70543,8.59033,-0.14004,-8.33713
2016-04-08,1.1374,-1.20654,1.07705,5.452,1.38201,8.45328,-0.14273,-8.33713
2016-04-11,1.1403,-1.20307,1.08715,4.77389,1.20999,8.45074,-0.14236,-8.33713
2016-04-12,1.14129,-1.24672,1.08984,4.61302,1.16943,8.42771,-0.14793,-8.33713
2016-04-13,1.1385,-1.25796,1.08186,5.10328,1.29403,8.4271,-0.14928,-8.33713
2016-04-14,1.1279,-1.27137,1.07993,4.34675,1.1018,8.60574,-0.14773,-8.33713
2016-04-15,1.127,-1.25488,1.07596,4.63516,1.17469,8.59116,-0.14607,-8.33713
2016-04-18,1.12999,-1.25595,1.07391,5.0907,1.29001,8.59878,-0.14606,-8.33713
2016-04-19,1.1309,-1.27972,1.08002,4.60361,1.16626,8.56312,-0.14945,-8.33713
2016-04-20,1.13596,-1.30839,1.09043,4.09114,1.03632,8.58744,-0.15236,-8.33713
2016-04-21,1.13051,-1.31476,1.08842,3.794,0.96147,8.55884,-0.15361,-8.33713
2016-04-22,1.1292,-1.33568,1.08803,3.71427,0.94173,8.52256,-0.15672,-8.33713
2016-04-25,1.12341,-1.34664,1.0905,2.97333,0.75439,8.59978,-0.15659,-8.33713
2016-04-26,1.1269,-1.35031,1.0972,2.67095,0.67829,8.58775,-0.15724,-8.33713
2016-04-27,1.12991,-1.32168,1.10381,2.33617,0.59396,8.58784,-0.1539,-8.33713
2016-04-28,1.1329,-1.28246,1.11691,1.42108,0.36174,8.31594,-0.15422,-8.33713
2016-04-29,1.13559,-1.27244,1.11963,1.41566,0.36082,8.23789,-0.15446,-8.33713
2016-05-02,1.1463,-1.29202,1.11459,2.80544,0.71615,8.4158,-0.15352,-7.5944
2016-05-03,1.1525,-1.26371,1.1125,3.53232,0.90286,7.93619,-0.15923,-7.5944
2016-05-04,1.1504,-1.26311,1.1037,4.1449,1.06024,7.72799,-0.16345,-7.5944
2016-05-05,1.14931,-1.24725,1.10521,3.91225,1.00128,7.65699,-0.16289,-7.5944
2016-05-06,1.1406,-1.2714,1.10167,3.47323,0.88958,7.79096,-0.16319,-7.5944
2016-05-09,1.1388,-1.25061,1.09087,4.29945,1.10315,7.60001,-0.16455,-7.5944
2016-05-10,1.1388,-1.24784,1.09606,3.82531,0.98232,7.59768,-0.16424,-7.5944
2016-05-11,1.13744,-1.27103,1.11469,2.01986,0.5192,7.57549,-0.16778,-7.5944
2016-05-12,1.1427,-1.29563,1.11655,2.31463,0.59564,7.44045,-0.17413,-7.5944
2016-05-13,1.1377,-1.29284,1.11913,1.64523,0.42355,7.43397,-0.17391,-7.5944
2016-05-16,1.1317,-1.3201,1.12406,0.67711,0.17443,7.49821,-0.17605,-7.5944
2016-05-17,1.13161,-1.34924,1.13175,-0.01253,-0.00323,7.48267,-0.18032,-7.5944
2016-05-18,1.13161,-1.42567,1.13433,-0.24043,-0.06203,7.47786,-0.19065,-7.5944
2016-05-19,1.1223,-1.41639,1.13536,-1.15689,-0.29889,7.66822,-0.18471,-7.5944
2016-05-20,1.1206,-1.41379,1.12813,-0.67016,-0.17338,7.46531,-0.18938,-7.5944
2016-05-23,1.12217,-1.43425,1.13006,-0.70064,-0.18153,7.46848,-0.19204,-7.5944
2016-05-24,1.1216,-1.44643,1.12336,-0.15678,-0.04068,7.46426,-0.19378,-7.5944
2016-05-25,1.1138,-1.45674,1.12601,-1.09021,-0.28317,7.6029,-0.1916,-7.5944
2016-05-26,1.1159,-1.41042,1.12051,-0.41286,-0.10737,7.36731,-0.19144,-7.5944
2016-05-27,1.11921,-1.44184,1.1178,0.12581,0.03277,7.34996,-0.19617,-7.5944
2016-05-30,1.111,-1.43037,1.11743,-0.57706,-0.15058,7.50725,-0.19053,-7.5944
2016-05-31,1.11484,-1.39544,1.12497,-0.90476,-0.23655,7.53012,-0.18531,-7.5944
2016-06-01,1.1136,-1.45077,1.12633,-1.1364,-0.29782,7.40267,-0.19598,-7.87099
2016-06-02,1.11891,-1.42638,1.12325,-0.38742,-0.10181,7.41752,-0.1923,-7.87099
2016-06-03,1.1152,-1.32956,1.11741,-0.19773,-0.05212,7.44355,-0.17862,-7.87099
2016-06-06,1.1351,-1.35775,1.1234,1.03577,0.27378,8.21874,-0.1652,-7.87099
2016-06-07,1.1364,-1.33382,1.12954,0.60585,0.16049,8.21103,-0.16244,-7.87099
2016-06-08,1.13578,-1.33363,1.13457,0.10717,0.02845,7.49162,-0.17802,-7.87099
2016-06-09,1.14071,-1.33278,1.13529,0.476,0.12671,7.53146,-0.17696,-7.87099
2016-06-10,1.1315,-1.29384,1.14143,-0.87348,-0.23308,7.61709,-0.16986,-7.87099
2016-06-13,1.124,-1.28726,1.15937,-3.09808,-0.82898,7.74259,-0.16626,-7.87099
2016-06-14,1.1291,-1.32343,1.15496,-2.26426,-0.60728,7.5434,-0.17544,-7.87099
2016-06-15,1.1213,-1.28269,1.14773,-2.32987,-0.62669,7.46231,-0.17189,-7.87099
2016-06-16,1.12627,-1.30429,1.13567,-0.83128,-0.22434,7.48671,-0.17421,-7.87099
2016-06-17,1.1252,-1.30714,1.14525,-1.76581,-0.47728,7.44928,-0.17547,-7.87099
2016-06-20,1.13491,-1.33206,1.14729,-1.08486,-0.2939,7.63912,-0.17437,-7.87099
2016-06-21,1.1323,-1.35489,1.14771,-1.35192,-0.36701,7.61448,-0.17794,-7.87099
2016-06-22,1.12506,-1.33802,1.15585,-2.69994,-0.73479,7.72414,-0.17323,-7.87099
2016-06-23,1.13282,-1.3587,1.14194,-0.80159,-0.2186,7.83922,-0.17332,-7.87099
2016-06-24,1.1324,-1.30092,1.16516,-2.8521,-0.77975,7.80605,-0.16665,-7.87099
2016-06-27,1.10359,-1.2639,1.15084,-4.19203,-1.14768,9.22458,-0.13701,-7.87099
2016-06-28,1.1015,-1.26106,1.1357,-3.05736,-0.83763,9.19096,-0.13721,-7.87099
2016-06-29,1.1074,-1.27866,1.13418,-2.38986,-0.65547,9.22178,-0.13866,-7.87099
2016-06-30,1.11281,-1.24094,1.12416,-1.01553,-0.27892,9.27911,-0.13374,-7.87099
2016-07-01,1.11061,-1.25241,1.12012,-0.8529,-0.23442,9.28449,-0.13489,-8.51164
2016-07-04,1.1131,-1.2606,1.1201,-0.62709,-0.1725,9.29941,-0.13556,-8.51164
2016-07-05,1.1146,-1.23943,1.11619,-0.1418,-0.03907,9.29344,-0.13337,-8.51164
2016-07-06,1.1065,-1.27438,1.11675,-0.92202,-0.25431,9.38518,-0.13579,-8.51164
2016-07-07,1.1099,-1.2725,1.10529,0.41685,0.1151,9.39246,-0.13548,-8.51164
2016-07-08,1.10657,-1.30894,1.09848,0.73429,0.20296,9.40265,-0.13921,-8.51164
2016-07-11,1.1044,-1.35742,1.09869,0.51783,0.1433,9.39905,-0.14442,-8.51164
2016-07-12,1.1058,-1.37032,1.10825,-0.22071,-0.0612,9.23035,-0.14846,-8.51164
2016-07-13,1.10629,-1.3687,1.09609,0.92651,0.25752,9.23103,-0.14827,-8.51164
2016-07-14,1.1095,-1.35325,1.09951,0.90442,0.25202,9.23426,-0.14655,-8.51164
2016-07-15,1.11061,-1.37983,1.09987,0.97093,0.27145,9.23529,-0.14941,-8.51164
2016-07-18,1.10531,-1.35279,1.09583,0.86173,0.24164,9.22691,-0.14661,-8.51164
2016-07-19,1.10719,-1.36288,1.09186,1.39378,0.39233,9.19303,-0.14825,-8.51164
2016-07-20,1.10136,-1.38036,1.09292,0.76872,0.21718,9.24491,-0.14931,-8.51164
2016-07-21,1.10195,-1.34219,1.09464,0.66591,0.18882,9.19596,-0.14595,-8.51164
2016-07-22,1.10329,-1.35219,1.08824,1.3734,0.3907,9.17519,-0.14738,-8.51164
2016-07-25,1.09704,-1.35866,1.08941,0.69816,0.19934,9.21591,-0.14743,-8.51164
2016-07-26,1.09912,-1.38727,1.09121,0.72202,0.20676,9.20672,-0.15068,-8.51164
2016-07-27,1.09878,-1.37985,1.08406,1.34874,0.38743,9.18858,-0.15017,-8.51164
2016-07-28,1.10735,-1.36678,1.08021,2.48093,0.71467,9.12286,-0.14982,-8.51164
2016-07-29,1.10844,-1.32328,1.07417,3.14083,0.90712,9.04853,-0.14624,-8.51164
2016-08-01,1.11681,-1.32009,1.07796,3.5407,1.02489,9.1899,-0.14365,-7.99502
2016-08-02,1.11681,-1.30659,1.08082,3.27504,0.94957,9.18984,-0.14218,-7.99502
2016-08-03,1.12191,-1.30424,1.08368,3.46712,1.00757,9.127,-0.1429,-7.99502
2016-08-04,1.11515,-1.28966,1.08617,2.63292,0.76655,9.19647,-0.14023,-7.99502
2016-08-05,1.11347,-1.37363,1.08042,3.01322,0.87945,9.19918,-0.14932,-7.99502
2016-08-08,1.10895,-1.39229,1.08567,2.12216,0.62016,9.2277,-0.15088,-7.99502
2016-08-09,1.10836,-1.36568,1.08525,2.10762,0.61695,9.17114,-0.14891,-7.99502
2016-08-10,1.11158,-1.35444,1.08428,2.48629,0.72863,9.1608,-0.14785,-7.99502
2016-08-11,1.11864,-1.4242,1.08963,2.62751,0.77139,9.20193,-0.15477,-7.99502
2016-08-12,1.11391,-1.37191,1.0923,1.95861,0.57597,9.2376,-0.14851,-7.99502
2016-08-15,1.11669,-1.36395,1.09861,1.63255,0.48102,9.25384,-0.14739,-7.99502
2016-08-16,1.11841,-1.40173,1.10606,1.10992,0.32773,9.11379,-0.1538,-7.99502
2016-08-17,1.1276,-1.38611,1.10551,1.9788,0.58591,9.25607,-0.14975,-7.99502
2016-08-18,1.12989,-1.36076,1.10439,2.28275,0.67761,9.26053,-0.14694,-7.99502
2016-08-19,1.13494,-1.40156,1.10365,2.79616,0.83179,9.30034,-0.1507,-7.99502
2016-08-22,1.12982,-1.41169,1.10349,2.35735,0.70295,9.2361,-0.15285,-7.99502
2016-08-23,1.13193,-1.39221,1.10663,2.25988,0.67496,9.23597,-0.15074,-7.99502
2016-08-24,1.13008,-1.40962,1.1092,1.86532,0.55788,9.22634,-0.15278,-7.99502
2016-08-25,1.12638,-1.42229,1.11174,1.30835,0.39216,9.1269,-0.15584,-7.99502
2016-08-26,1.12905,-1.48075,1.11212,1.51047,0.45327,9.11389,-0.16247,-7.99502
2016-08-29,1.11995,-1.45418,1.10684,1.1775,0.3538,9.26064,-0.15703,-7.99502
2016-08-30,1.11928,-1.44857,1.10505,1.27958,0.38474,9.21279,-0.15723,-7.99502
2016-08-31,1.11532,-1.45279,1.1024,1.16575,0.35084,9.21618,-0.15763,-7.99502
2016-09-01,1.11607,-1.42711,1.10291,1.1861,0.3572,8.48868,-0.16812,-7.56797
2016-09-02,1.12007,-1.45575,1.09501,2.26249,0.68192,8.51902,-0.17088,-7.56797
2016-09-05,1.1162,-1.45654,1.09517,1.90152,0.57388,8.54341,-0.17049,-7.56797
2016-09-06,1.11532,-1.41403,1.09716,1.64201,0.49576,8.49252,-0.1665,-7.56797
2016-09-07,1.12537,-1.42751,1.09884,2.38505,0.72072,8.54567,-0.16704,-7.56797
2016-09-08,1.1241,-1.44401,1.107,1.5327,0.46375,8.4439,-0.17101,-7.56797
2016-09-09,1.12714,-1.44071,1.12053,0.58792,0.17814,8.41193,-0.17127,-7.56797
2016-09-12,1.12411,-1.43323,1.11328,0.96824,0.29364,8.31264,-0.17242,-7.56797
2016-09-13,1.12435,-1.44258,1.11862,0.51108,0.15506,8.26506,-0.17454,-7.56797
2016-09-14,1.12187,-1.42905,1.11592,0.53166,0.16153,8.27466,-0.1727,-7.56797
2016-09-15,1.12473,-1.39644,1.11266,1.07962,0.32828,8.10492,-0.1723,-7.56797
2016-09-16,1.12459,-1.4345,1.10702,1.57458,0.47962,8.09304,-0.17725,-7.56797
2016-09-19,1.11585,-1.45097,1.10787,0.7171,0.21892,8.14193,-0.17821,-7.56797
2016-09-20,1.11807,-1.45941,1.10878,0.83376,0.25523,8.0289,-0.18177,-7.56797
2016-09-21,1.1154,-1.45819,1.10318,1.10135,0.33843,8.0407,-0.18135,-7.56797
2016-09-22,1.11932,-1.4723,1.1008,1.66854,0.51423,6.17947,-0.23826,-7.56797
2016-09-23,1.12101,-1.45722,1.09808,2.0667,0.63846,6.16951,-0.2362,-7.56797
2016-09-26,1.12392,-1.45571,1.10881,1.35373,0.41932,6.10219,-0.23856,-7.56797
2016-09-27,1.12499,-1.47059,1.10146,2.11337,0.65678,6.03099,-0.24384,-7.56797
2016-09-28,1.12196,-1.47581,1.10564,1.4646,0.45694,6.04309,-0.24421,-7.56797
2016-09-29,1.1225,-1.45036,1.11206,0.93421,0.29275,6.02864,-0.24058,-7.56797
2016-09-30,1.12196,-1.48978,1.10909,1.15387,0.36301,6.02477,-0.24728,-7.56797
2016-10-03,1.12347,-1.51565,1.10958,1.24421,0.39305,5.83835,-0.2596,-7.6837
2016-10-04,1.12104,-1.53745,1.11288,0.73067,0.23155,5.82917,-0.26375,-7.6837
2016-10-05,1.12108,-1.55935,1.11258,0.76112,0.24204,5.79375,-0.26914,-7.6837
2016-10-06,1.12082,-1.56315,1.11313,0.68886,0.22003,5.77763,-0.27055,-7.6837
2016-10-07,1.11445,-1.5366,1.11395,0.04549,0.01459,5.89383,-0.26071,-7.6837
2016-10-10,1.1197,-1.52549,1.11363,0.54346,0.17486,5.96403,-0.25578,-7.6837
2016-10-11,1.11408,-1.56153,1.11838,-0.3854,-0.12457,6.02819,-0.25904,-7.6837
2016-10-12,1.10619,-1.56157,1.11814,-1.07405,-0.34869,6.19281,-0.25216,-7.6837
2016-10-13,1.10119,-1.54884,1.11968,-1.66505,-0.54334,6.1856,-0.25039,-7.6837
2016-10-14,1.10497,-1.53734,1.11794,-1.16705,-0.38261,6.21531,-0.24735,-7.6837
2016-10-17,1.09678,-1.50448,1.11753,-1.87387,-0.6179,6.30396,-0.23866,-7.6837
2016-10-18,1.10156,-1.52767,1.11487,-1.20111,-0.39839,6.36468,-0.24002,-7.6837
2016-10-19,1.09769,-1.51405,1.11427,-1.49881,-0.49989,6.39813,-0.23664,-7.6837
2016-10-20,1.09751,-1.54816,1.11015,-1.14454,-0.38435,6.29634,-0.24588,-7.6837
2016-10-21,1.09304,-1.53947,1.10961,-1.50482,-0.50904,6.337,-0.24293,-7.6837
2016-10-24,1.08826,-1.53721,1.10815,-1.81129,-0.61747,6.39493,-0.24038,-7.6837
2016-10-25,1.08755,-1.55477,1.10759,-1.82592,-0.62599,6.18961,-0.25119,-7.6837
2016-10-26,1.08873,-1.539,1.10825,-1.77684,-0.61345,6.1905,-0.24861,-7.6837
2016-10-27,1.0912,-1.53887,1.11076,-1.77618,-0.61836,6.0077,-0.25615,-7.6837
2016-10-28,1.09004,-1.52537,1.11144,-1.94457,-0.68323,6.00884,-0.25385,-7.6837
2016-10-31,1.09847,-1.52298,1.11161,-1.18901,-0.42156,6.14546,-0.24782,-7.6837
2016-11-01,1.09733,-1.47755,1.11489,-1.5876,-0.56778,6.03718,-0.24474,-8.31212
2016-11-02,1.10571,-1.47312,1.1147,-0.81053,-0.29295,6.23211,-0.23638,-8.31212
2016-11-03,1.10975,-1.4836,1.11837,-0.77301,-0.28222,6.22425,-0.23836,-8.31212
2016-11-04,1.11025,-1.48917,1.11849,-0.74005,-0.27269,6.22385,-0.23927,-8.31212
2016-11-07,1.11012,-1.50063,1.11342,-0.29665,-0.11059,6.19648,-0.24217,-8.31212
2016-11-08,1.10522,-1.54981,1.11287,-0.68969,-0.25958,6.12134,-0.25318,-8.31212
2016-11-09,1.1019,-1.59772,1.10418,-0.20623,-0.07837,6.09294,-0.26223,-8.31212
2016-11-10,1.09206,-1.58854,1.10474,-1.15471,-0.44348,6.31647,-0.25149,-8.31212
2016-11-11,1.08897,-1.57703,1.10378,-1.35085,-0.52519,6.32386,-0.24938,-8.31212
2016-11-14,1.08249,-1.65381,1.10244,-1.82706,-0.71806,6.17251,-0.26793,-8.31212
2016-11-15,1.07504,-1.68922,1.10217,-2.49237,-0.99249,6.27274,-0.2693,-8.31212
2016-11-16,1.07273,-1.66796,1.10281,-2.76558,-1.11472,6.18652,-0.26961,-8.31212
2016-11-17,1.07066,-1.71371,1.10157,-2.84587,-1.16529,6.14615,-0.27883,-8.31212
2016-11-18,1.0623,-1.76825,1.10022,-3.50673,-1.45464,6.27669,-0.28172,-8.31212
2016-11-21,1.05843,-1.78661,1.10006,-3.85826,-1.61874,6.29794,-0.28368,-8.31212
2016-11-22,1.06389,-1.81832,1.09908,-3.25438,-1.37968,6.40073,-0.28408,-8.31212
2016-11-23,1.06338,-1.83864,1.09806,-3.20967,-1.37659,6.36677,-0.28879,-8.31212
2016-11-24,1.05452,-1.87928,1.09685,-3.93568,-1.70682,6.37927,-0.29459,-8.31212
2016-11-25,1.05619,-1.8951,1.09494,-3.60312,-1.58012,6.39911,-0.29615,-8.31212
2016-11-28,1.06123,-1.89584,1.09587,-3.21157,-1.42594,6.476,-0.29275,-8.31212
2016-11-29,1.06213,-1.86992,1.09473,-3.02282,-1.35847,6.47774,-0.28867,-8.31212
2016-11-30,1.06485,-1.88914,1.09594,-2.87805,-1.30884,6.45286,-0.29276,-8.31212
2016-12-01,1.05921,-1.91242,1.0958,-3.39571,-1.56228,6.4942,-0.29448,-8.80551
2016-12-02,1.06631,-1.86619,1.09649,-2.79062,-1.29635,6.66595,-0.27996,-8.80551
2016-12-05,1.0582,-1.86326,1.09366,-3.29616,-1.54798,6.51157,-0.28615,-8.80551
2016-12-06,1.07573,-1.848,1.09278,-1.5725,-0.7434,7.38356,-0.25029,-8.80551
2016-12-07,1.07204,-1.81455,1.0938,-2.00935,-0.9577,7.37073,-0.24618,-8.80551
2016-12-08,1.07619,-1.84072,1.0937,-1.61396,-0.77445,7.41873,-0.24812,-8.80551
2016-12-09,1.06213,-1.92906,1.0912,-2.69968,-1.30418,7.82292,-0.24659,-8.80551
2016-12-12,1.05474,-1.9161,1.09217,-3.48686,-1.69247,7.9131,-0.24214,-8.80551
2016-12-13,1.06417,-1.9267,1.09165,-2.54956,-1.24365,8.1272,-0.23707,-8.80551
2016-12-14,1.06293,-2.02897,1.08985,-2.50118,-1.22653,8.12594,-0.24969,-8.80551
2016-12-15,1.05141,-2.06987,1.08841,-3.45786,-1.70268,8.2548,-0.25075,-8.80551
2016-12-16,1.04188,-2.08236,1.08715,-4.25297,-2.09992,8.39168,-0.24815,-8.80551
2016-12-19,1.045,-2.0421,1.08661,-3.90502,-1.9262,8.42739,-0.24232,-8.80551
2016-12-20,1.04058,-2.05212,1.08535,-4.21221,-2.07491,8.39995,-0.2443,-8.80551
2016-12-21,1.03905,-2.00811,1.08538,-4.3623,-2.14585,8.38259,-0.23956,-8.80551
2016-12-22,1.04286,-2.02916,1.0841,-3.87775,-1.90281,8.40502,-0.24142,-8.80551
2016-12-23,1.04377,-2.03323,1.08333,-3.72032,-1.82498,8.40423,-0.24193,-8.80551
2016-12-26,1.04548,-2.03323,1.08243,-3.47368,-1.69911,8.41737,-0.24155,-8.80551
2016-12-27,1.0457,-2.10183,1.07982,-3.21109,-1.56647,8.41543,-0.24976,-8.80551
2016-12-28,1.04623,-2.09154,1.07958,-3.13725,-1.52684,8.42087,-0.24838,-8.80551
2016-12-29,1.0417,-2.02386,1.08074,-3.67897,-1.78697,8.4303,-0.24007,-8.80551
2016-12-30,1.05753,-2.0001,1.08065,-2.16271,-1.04728,9.03411,-0.22139,-8.80551
2017-01-02,1.0527,-2.01817,1.07954,-2.51799,-1.21822,9.06127,-0.22272,-9.50472
2017-01-03,1.046,-2.01873,1.07859,-3.06744,-1.4821,9.1233,-0.22127,-9.50472
2017-01-04,1.04199,-2.03629,1.07676,-3.28213,-1.583,9.09271,-0.22395,-9.50472
2017-01-05,1.05009,-1.93522,1.07905,-2.7204,-1.31031,9.19112,-0.21055,-9.50472
2017-01-06,1.06059,-1.95934,1.07761,-1.59226,-0.76583,9.41121,-0.20819,-9.50472
2017-01-09,1.05319,-1.96251,1.07794,-2.32282,-1.11863,9.40857,-0.20859,-9.50472
2017-01-10,1.05886,-1.94963,1.07833,-1.82233,-0.87694,9.45641,-0.20617,-9.50472
2017-01-11,1.05524,-1.94195,1.07776,-2.11137,-1.01586,9.43637,-0.20579,-9.50472
2017-01-12,1.05977,-1.92515,1.07774,-1.68103,-0.8084,9.3887,-0.20505,-9.50472
2017-01-13,1.06168,-1.96064,1.07642,-1.37851,-0.66278,9.34841,-0.20973,-9.50472
2017-01-16,1.06287,-1.96651,1.07602,-1.22939,-0.59159,9.33524,-0.21065,-9.50472
2017-01-17,1.0603,-1.93258,1.07711,-1.57281,-0.75754,9.34273,-0.20685,-9.50472
2017-01-18,1.06968,-1.96707,1.07638,-0.62495,-0.30111,9.49883,-0.20709,-9.50472
2017-01-19,1.06278,-1.98339,1.07573,-1.21153,-0.58445,9.54399,-0.20782,-9.50472
2017-01-20,1.06597,-1.90977,1.07724,-1.05102,-0.50757,9.56764,-0.19961,-9.50472
2017-01-23,1.07138,-1.84556,1.07939,-0.74494,-0.36008,9.62406,-0.19177,-9.50472
2017-01-24,1.07608,-1.896,1.07739,-0.12169,-0.05888,9.65581,-0.19636,-9.50472
2017-01-25,1.07287,-1.89537,1.07751,-0.43133,-0.20884,9.67026,-0.196,-9.50472
2017-01-26,1.0752,-1.8812,1.07741,-0.20565,-0.09965,9.54778,-0.19703,-9.50472
2017-01-27,1.0683,-1.89252,1.07728,-0.83774,-0.40642,9.6247,-0.19663,-9.50472
2017-01-30,1.0714,-1.89753,1.07743,-0.56131,-0.27232,9.5106,-0.19952,-9.50472
2017-01-31,1.07086,-1.8821,1.0777,-0.63658,-0.30883,9.47304,-0.19868,-9.50472
2017-02-01,1.08038,-1.93464,1.07584,0.42099,0.20424,9.65697,-0.20034,-10.00002
2017-02-02,1.07674,-1.96059,1.0747,0.18936,0.09187,9.6746,-0.20265,-10.00002
2017-02-03,1.07617,-1.96884,1.07413,0.19031,0.09234,9.64133,-0.20421,-10.00002
2017-02-06,1.07829,-1.93777,1.07573,0.23806,0.11551,9.63857,-0.20104,-10.00002
2017-02-07,1.07432,-1.94226,1.07587,-0.14356,-0.06975,9.5033,-0.20438,-10.00002
2017-02-08,1.06781,-1.96313,1.07515,-0.68499,-0.3333,9.56111,-0.20532,-10.00002
2017-02-09,1.06922,-2.00531,1.07325,-0.37616,-0.18361,9.4967,-0.21116,-10.00002
2017-02-10,1.06586,-1.9931,1.07312,-0.67905,-0.33367,9.41826,-0.21162,-10.00002
2017-02-13,1.06195,-2.00204,1.07313,-1.04682,-0.51706,9.43639,-0.21216,-10.00002
2017-02-14,1.05985,-2.05417,1.07077,-1.02489,-0.51089,9.43681,-0.21768,-10.00002
2017-02-15,1.05783,-2.06598,1.07049,-1.18994,-0.5972,9.31444,-0.2218,-10.00002
2017-02-16,1.06074,-2.00849,1.07212,-1.06761,-0.53947,9.3021,-0.21592,-10.00002
2017-02-17,1.06722,-2.02639,1.07111,-0.36357,-0.18404,9.32524,-0.2173,-10.00002
2017-02-20,1.06267,-2.05009,1.07003,-0.69045,-0.35139,9.36492,-0.21891,-10.00002
2017-02-21,1.06094,-2.06698,1.06885,-0.74305,-0.37912,9.21634,-0.22427,-10.00002
2017-02-22,1.05421,-2.11602,1.06712,-1.21746,-0.62191,9.30097,-0.22751,-10.00002
2017-02-23,1.05541,-2.07828,1.06797,-1.18301,-0.60512,9.25316,-0.2246,-10.00002
2017-02-24,1.05845,-2.05035,1.06904,-0.99597,-0.50969,9.27035,-0.22117,-10.00002
2017-02-27,1.05528,-2.11771,1.06627,-1.03695,-0.53155,9.2734,-0.22836,-10.00002
2017-02-28,1.05843,-2.11522,1.06627,-0.73844,-0.37919,9.23381,-0.22907,-10.00002
2017-03-01,1.05691,-2.14824,1.06466,-0.7305,-0.3762,9.13672,-0.23512,-8.82727
2017-03-02,1.05359,-2.17919,1.06331,-0.91922,-0.47557,9.03059,-0.24131,-8.82727
2017-03-03,1.05097,-2.1545,1.06363,-1.19739,-0.62207,8.39595,-0.25661,-8.82727
2017-03-06,1.06204,-2.14425,1.06364,-0.15004,-0.07816,8.64694,-0.24798,-8.82727
2017-03-07,1.05792,-2.19608,1.06142,-0.32975,-0.17197,8.6397,-0.25418,-8.82727
2017-03-08,1.05702,-2.21628,1.06153,-0.42588,-0.22249,8.23526,-0.26912,-8.82727
2017-03-09,1.05474,-2.22259,1.06136,-0.62594,-0.32812,8.12649,-0.2735,-8.82727
2017-03-10,1.05784,-2.20601,1.06217,-0.40825,-0.21488,7.9466,-0.2776,-8.82727
2017-03-13,1.069,-2.21836,1.06141,0.71261,0.37761,8.22023,-0.26987,-8.82727
2017-03-14,1.06514,-2.20674,1.06176,0.31849,0.17028,7.94968,-0.27759,-8.82727
2017-03-15,1.06124,-2.15141,1.06373,-0.23417,-0.12654,7.763,-0.27714,-8.82727
2017-03-16,1.07379,-2.14509,1.06391,0.92432,0.50392,8.0783,-0.26554,-8.82727
2017-03-17,1.07747,-2.11812,1.06503,1.16147,0.63838,8.04361,-0.26333,-8.82727
2017-03-20,1.0743,-2.07092,1.06723,0.66034,0.36498,8.06405,-0.25681,-8.82727
2017-03-21,1.07377,-2.00512,1.07008,0.3443,0.19116,8.04121,-0.24936,-8.82727
2017-03-22,1.08124,-2.04116,1.06827,1.20711,0.67446,8.14463,-0.25061,-8.82727
2017-03-23,1.07902,-2.01835,1.06922,0.91225,0.51287,8.15833,-0.2474,-8.82727
2017-03-24,1.07839,-1.99702,1.07016,0.76552,0.43329,8.16101,-0.2447,-8.82727
2017-03-27,1.08495,-1.98492,1.07094,1.29997,0.73943,8.23696,-0.24098,-8.82727
2017-03-28,1.08609,-2.01791,1.06968,1.52264,0.86911,8.17644,-0.2468,-8.82727
2017-03-29,1.08177,-2.02124,1.06932,1.1574,0.66259,7.68422,-0.26304,-8.82727
2017-03-30,1.07596,-2.02368,1.06903,0.64603,0.37052,7.70688,-0.26258,-8.82727
2017-03-31,1.06871,-1.99835,1.06988,-0.10985,-0.06303,7.72096,-0.25882,-8.82727
2017-04-03,1.06688,-2.02737,1.06835,-0.13788,-0.07911,7.68569,-0.26379,-8.75167
2017-04-04,1.06701,-2.05829,1.06685,0.01485,0.00852,7.53856,-0.27303,-8.75167
2017-04-05,1.06803,-2.04524,1.06682,0.11338,0.06508,7.27841,-0.281,-8.75167
2017-04-06,1.06725,-2.03648,1.06739,-0.01349,-0.00775,7.1358,-0.28539,-8.75167
2017-04-07,1.06446,-2.1056,1.06365,0.0761,0.0437,7.07941,-0.29743,-8.75167
2017-04-10,1.0582,-2.12268,1.06203,-0.36104,-0.20731,7.1463,-0.29703,-8.75167
2017-04-11,1.05976,-2.08345,1.06333,-0.33645,-0.1932,7.1005,-0.29342,-8.75167
2017-04-12,1.06113,-2.08201,1.06312,-0.18719,-0.10752,7.09598,-0.29341,-8.75167
2017-04-13,1.06707,-2.06722,1.06371,0.3146,0.18071,7.18026,-0.2879,-8.75167
2017-04-14,1.06164,-2.06722,1.06379,-0.20247,-0.11631,7.23764,-0.28562,-8.75167
2017-04-17,1.06105,-2.06722,1.06452,-0.32641,-0.18755,7.01439,-0.29471,-8.75167
2017-04-18,1.06445,-2.02618,1.06677,-0.21756,-0.1251,6.92501,-0.29259,-8.75167
2017-04-19,1.07287,-1.99579,1.06858,0.40042,0.23027,7.07712,-0.28201,-8.75167
2017-04-20,1.0715,-1.99588,1.06894,0.23912,0.13755,7.01,-0.28472,-8.75167
2017-04-21,1.07149,-1.98573,1.06949,0.18678,0.10751,6.95329,-0.28558,-8.75167
2017-04-24,1.08739,-1.94928,1.0735,1.28633,0.74075,7.53022,-0.25886,-8.75167
2017-04-25,1.08648,-1.99183,1.0714,1.39805,0.80607,7.52249,-0.26478,-8.75167
2017-04-26,1.09282,-1.98627,1.07178,1.9448,1.1228,7.48436,-0.26539,-8.75167
2017-04-27,1.09089,-1.97683,1.07285,1.66787,0.96526,7.47822,-0.26435,-8.75167
2017-04-28,1.08643,-2.01208,1.07076,1.45226,0.84277,7.52818,-0.26727,-8.75167
2017-05-01,1.09075,-2.01208,1.07146,1.78398,1.03719,7.36245,-0.27329,-6.92264
2017-05-02,1.09089,-2.00839,1.07161,1.78375,1.03845,7.32748,-0.27409,-6.92264
2017-05-03,1.09357,-2.03235,1.07031,2.14953,1.25426,7.33949,-0.27691,-6.92264
2017-05-04,1.0889,-2.04075,1.07074,1.68173,0.98014,7.38634,-0.27629,-6.92264
2017-05-05,1.09815,-2.01776,1.07183,2.42649,1.41287,7.52775,-0.26804,-6.92264
2017-05-08,1.09652,-2.01915,1.07269,2.19696,1.27673,7.42358,-0.27199,-6.92264
2017-05-09,1.09278,-2.04568,1.07147,1.96922,1.14316,7.46057,-0.2742,-6.92264
2017-05-10,1.08868,-2.03803,1.0715,1.59064,0.92222,7.47302,-0.27272,-6.92264
2017-05-11,1.08707,-2.02245,1.07194,1.40164,0.81205,7.43803,-0.27191,-6.92264
2017-05-12,1.0865,-1.97862,1.07448,1.11251,0.64419,7.42501,-0.26648,-6.92264
2017-05-15,1.09273,-1.98487,1.07401,1.72776,1.00005,7.48541,-0.26517,-6.92264
2017-05-16,1.09818,-1.95251,1.07559,2.07868,1.20197,7.52557,-0.25945,-6.92264
2017-05-17,1.1094,-1.94836,1.0716,3.46613,2.00147,7.68966,-0.25337,-6.92264
2017-05-18,1.11564,-1.96415,1.07175,4.01289,2.30806,7.68806,-0.25548,-6.92264
2017-05-19,1.11136,-1.95907,1.0741,3.40975,1.95143,7.72883,-0.25348,-6.92264
2017-05-22,1.12049,-1.96546,1.07491,4.15269,2.36835,7.73297,-0.25417,-6.92264
2017-05-23,1.12389,-1.9727,1.07497,4.44984,2.52456,7.74391,-0.25474,-6.92264
2017-05-24,1.11793,-1.96983,1.07614,3.80975,2.14838,7.83585,-0.25139,-6.92264
2017-05-25,1.12309,-1.99383,1.07587,4.29574,2.41178,7.83086,-0.25461,-6.92264
2017-05-26,1.12108,-2.00411,1.0758,4.12286,2.30155,7.83973,-0.25564,-6.92264
2017-05-29,1.11761,-2.02898,1.07497,3.88922,2.15983,7.86712,-0.25791,-6.92264
2017-05-30,1.1129,-2.01574,1.07525,3.44169,1.90556,7.89208,-0.25541,-6.92264
2017-05-31,1.11717,-2.0159,1.07581,3.77228,2.08112,7.88399,-0.2557,-6.92264
2017-06-01,1.12435,-2.01291,1.07687,4.31499,2.37072,7.72485,-0.26058,-5.95269
2017-06-02,1.12158,-2.02801,1.07673,4.08084,2.23164,7.6942,-0.26358,-5.95269
2017-06-05,1.12808,-2.05155,1.07562,4.76219,2.59255,7.746,-0.26485,-5.95269
2017-06-06,1.12568,-2.0499,1.07539,4.57079,2.47571,7.7456,-0.26465,-5.95269
2017-06-07,1.12714,-2.07598,1.07496,4.74,2.55471,7.73616,-0.26835,-5.95269
2017-06-08,1.12552,-2.07644,1.07559,4.53749,2.43321,7.50604,-0.27664,-5.95269
2017-06-09,1.11848,-2.10491,1.07376,4.08027,2.17647,7.58812,-0.2774,-5.95269
2017-06-12,1.1202,-2.10154,1.07315,4.29095,2.27987,7.53544,-0.27889,-5.95269
2017-06-13,1.11962,-2.10123,1.07482,4.0833,2.15921,7.20679,-0.29156,-5.95269
2017-06-14,1.12089,-2.06637,1.07679,4.01351,2.11635,7.18571,-0.28757,-5.95269
2017-06-15,1.12158,-2.0092,1.07941,3.83208,2.01514,7.1489,-0.28105,-5.95269
2017-06-16,1.11469,-2.00305,1.08069,3.09765,1.62691,7.27556,-0.27531,-5.95269
2017-06-19,1.12082,-2.02968,1.07973,3.7354,1.96411,7.22977,-0.28074,-5.95269
2017-06-20,1.11445,-2.03184,1.07917,3.217,1.69307,7.31965,-0.27759,-5.95269
2017-06-21,1.1137,-2.01994,1.08037,3.038,1.60203,7.32027,-0.27594,-5.95269
2017-06-22,1.11672,-2.00517,1.0818,3.17669,1.67538,7.2471,-0.27669,-5.95269
2017-06-23,1.11496,-1.99033,1.08375,2.83975,1.49827,7.25737,-0.27425,-5.95269
2017-06-26,1.11988,-2.01576,1.08291,3.35685,1.77074,7.24438,-0.27825,-5.95269
2017-06-27,1.11836,-1.99061,1.08164,3.33819,1.75907,7.15464,-0.27823,-5.95269
2017-06-28,1.13392,-1.95074,1.08617,4.30145,2.26214,7.46914,-0.26117,-5.95269
2017-06-29,1.13827,-1.97823,1.08175,5.09282,2.66875,7.47143,-0.26477,-5.95269
2017-06-30,1.14416,-1.96604,1.08316,5.47895,2.85806,7.51461,-0.26163,-5.95269
2017-07-03,1.14231,-2.01636,1.08033,5.57864,2.89786,7.53442,-0.26762,-4.78608
2017-07-04,1.13714,-2.02573,1.08013,5.14358,2.65837,7.60933,-0.26622,-4.78608
2017-07-05,1.13602,-2.01235,1.08195,4.87659,2.50981,7.58486,-0.26531,-4.78608
2017-07-06,1.13469,-1.9924,1.07937,4.99767,2.5676,7.46717,-0.26682,-4.78608
2017-07-07,1.14248,-2.00611,1.08273,5.37164,2.75233,7.55457,-0.26555,-4.78608
2017-07-10,1.14038,-2.01681,1.08269,5.19173,2.64906,7.57879,-0.26611,-4.78608
2017-07-12,1.14739,-1.96902,1.08801,5.31428,2.7014,7.5928,-0.25933,-4.78608
2017-07-13,1.14189,-1.99538,1.08819,4.81682,2.43654,7.58329,-0.26313,-4.78608
2017-07-14,1.14039,-1.98251,1.09069,4.45623,2.24558,7.59177,-0.26114,-4.78608
2017-07-17,1.14754,-1.99239,1.08952,5.18824,2.60323,7.64953,-0.26046,-4.78608
2017-07-18,1.14743,-1.99921,1.08922,5.20651,2.59714,7.53167,-0.26544,-4.78608
2017-07-19,1.15497,-2.01025,1.0892,5.86306,2.9097,7.59512,-0.26468,-4.78608
2017-07-20,1.15284,-2.0137,1.09053,5.55655,2.73864,7.61577,-0.26441,-4.78608
2017-07-21,1.16287,-2.00377,1.09301,6.19529,3.03732,7.26462,-0.27583,-4.78608
2017-07-24,1.16817,-2.02569,1.09182,6.75895,3.28475,7.28706,-0.27798,-4.78608
2017-07-25,1.16389,-2.04757,1.09072,6.49316,3.12342,7.28719,-0.28098,-4.78608
2017-07-26,1.16446,-2.01282,1.09263,6.36642,3.04325,7.26628,-0.27701,-4.78608
2017-07-27,1.1728,-2.02447,1.09016,7.30724,3.48589,7.29096,-0.27767,-4.78608
2017-07-28,1.16887,-1.99882,1.09102,6.89178,3.26444,7.32561,-0.27285,-4.78608
2017-07-31,1.17473,-2.00779,1.09114,7.3819,3.46468,7.36419,-0.27264,-4.78608
2017-08-01,1.18241,-2.01086,1.09245,7.91282,3.67356,7.4374,-0.27037,-3.2572
2017-08-02,1.18113,-2.04217,1.09039,7.99355,3.66711,7.36825,-0.27716,-3.2572
2017-08-03,1.18511,-2.0164,1.09183,8.1981,3.71762,7.23595,-0.27866,-3.2572
2017-08-04,1.1885,-2.03295,1.09373,8.30969,3.72292,7.22213,-0.28149,-3.2572
2017-08-07,1.17784,-2.03533,1.09494,7.29867,3.22866,7.45256,-0.2731,-3.2572
2017-08-08,1.18009,-2.02702,1.08988,7.95256,3.48429,7.38568,-0.27445,-3.2572
2017-08-09,1.17546,-2.01147,1.09002,7.54658,3.27,7.43907,-0.27039,-3.2572
2017-08-10,1.17615,-2.01012,1.06723,9.71793,4.16914,7.43158,-0.27048,-3.2572
2017-08-11,1.17702,-2.00318,1.07077,9.46128,3.99517,7.37659,-0.27156,-3.2572
2017-08-14,1.18255,-2.03553,1.08506,8.60418,3.58009,7.37076,-0.27616,-3.2572
2017-08-15,1.17758,-2.03905,1.08684,8.01839,3.2976,7.21728,-0.28252,-3.2572
2017-08-16,1.17412,-2.01847,1.09032,7.40457,3.01748,7.19536,-0.28052,-3.2572
2017-08-17,1.17743,-2.00053,1.07351,9.23974,3.73643,7.14333,-0.28006,-3.2572
2017-08-18,1.17155,-2.0301,1.07723,8.39363,3.35078,7.08488,-0.28654,-3.2572
2017-08-21,1.17563,-2.02209,1.08373,8.13919,3.21533,7.09134,-0.28515,-3.2572
2017-08-22,1.1812,-2.03321,1.09255,7.80169,3.05531,7.02847,-0.28928,-3.2572
2017-08-23,1.17622,-2.03852,1.08773,7.82178,3.03665,7.05958,-0.28876,-3.2572
2017-08-24,1.18166,-2.05297,1.08804,8.25428,3.17671,7.0825,-0.28987,-3.2572
2017-08-25,1.18022,-2.06141,1.09273,7.7023,2.93524,7.04989,-0.2924,-3.2572
2017-08-28,1.19519,-2.06328,1.09331,8.90949,3.3679,7.35305,-0.2806,-3.2572
2017-08-29,1.19639,-2.0725,1.09142,9.18274,3.43423,7.33269,-0.28264,-3.2572
2017-08-30,1.19705,-2.05445,1.09623,8.79795,3.25585,7.25301,-0.28325,-3.2572
2017-08-31,1.18934,-2.06417,1.09894,7.90581,2.89884,7.37316,-0.27996,-3.2572
2017-09-01,1.19104,-2.07649,1.10206,7.76494,2.82646,7.30788,-0.28414,-3.0628
2017-09-04,1.18828,-2.09131,1.10215,7.52429,2.71832,7.31114,-0.28604,-3.0628
2017-09-05,1.18934,-2.05955,1.09035,8.68999,3.11735,7.3106,-0.28172,-3.0628
2017-09-06,1.19241,-2.04715,1.09401,8.61215,3.06074,7.30348,-0.2803,-3.0628
2017-09-07,1.19278,-2.03045,1.09533,8.52275,3.00172,7.15734,-0.28369,-3.0628
2017-09-08,1.20291,-2.03331,1.09313,9.56966,3.34183,7.3098,-0.27816,-3.0628
2017-09-11,1.20176,-2.08047,1.1001,8.83906,3.05364,7.3143,-0.28444,-3.0628
2017-09-12,1.19594,-2.06993,1.1016,8.21756,2.81387,7.4114,-0.27929,-3.0628
2017-09-13,1.19746,-2.07995,1.10152,8.35089,2.83846,7.41108,-0.28065,-3.0628
2017-09-14,1.18906,-2.09062,1.10187,7.61505,2.56938,7.4478,-0.2807,-3.0628
2017-09-15,1.19217,-2.09564,1.10394,7.68838,2.57913,7.39977,-0.2832,-3.0628
2017-09-18,1.19372,-2.09952,1.10467,7.75209,2.5857,7.27432,-0.28862,-3.0628
2017-09-19,1.19593,-2.09666,1.10543,7.86906,2.60808,7.2669,-0.28852,-3.0628
2017-09-20,1.19926,-2.14867,1.10623,8.07398,2.65868,7.26752,-0.29565,-3.0628
2017-09-21,1.18721,-2.14578,1.10765,6.93706,2.26905,7.58914,-0.28274,-3.0628
2017-09-22,1.19456,-2.15167,1.10828,7.49666,2.44082,7.62947,-0.28202,-3.0628
2017-09-25,1.19272,-2.11789,1.10325,7.79771,2.52444,7.63177,-0.27751,-3.0628
2017-09-26,1.18556,-2.169,1.10335,7.18647,2.31219,7.30407,-0.29696,-3.0628
2017-09-27,1.17861,-2.17242,1.10644,6.31885,2.02263,7.39322,-0.29384,-3.0628
2017-09-28,1.17496,-2.16016,1.11003,5.68488,1.81246,7.36818,-0.29317,-3.0628
2017-09-29,1.17818,-2.16996,1.11042,5.92305,1.88251,7.37051,-0.29441,-3.0628
2017-10-02,1.18074,-2.20553,1.1117,6.02444,1.90882,7.30637,-0.30186,-3.37759
2017-10-03,1.17338,-2.18229,1.11241,5.33562,1.68473,7.42755,-0.29381,-3.37759
2017-10-04,1.17476,-2.18634,1.11196,5.49327,1.72997,7.42076,-0.29463,-3.37759
2017-10-05,1.17572,-2.1934,1.11465,5.3343,1.67512,7.31014,-0.30005,-3.37759
2017-10-06,1.17123,-2.22247,1.1119,5.19913,1.62836,7.34621,-0.30253,-3.37759
2017-10-09,1.17425,-2.24633,1.10635,5.95592,1.86145,7.26784,-0.30908,-3.37759
2017-10-10,1.17416,-2.21153,1.10878,5.72998,1.78578,7.19211,-0.30749,-3.37759
2017-10-11,1.18149,-2.20534,1.11078,6.17132,1.91883,7.27467,-0.30315,-3.37759
2017-10-12,1.18655,-2.2224,1.11089,6.58874,2.04316,7.22256,-0.3077,-3.37759
2017-10-13,1.18318,-2.23863,1.11253,6.15687,1.90323,7.2531,-0.30864,-3.37759
2017-10-16,1.1814,-2.28624,1.10895,6.32947,1.95044,7.15766,-0.31941,-3.37759
2017-10-17,1.17945,-2.28172,1.10653,6.3821,1.95952,7.15534,-0.31888,-3.37759
2017-10-18,1.17719,-2.32043,1.10773,6.0815,1.86157,6.96702,-0.33306,-3.37759
2017-10-19,1.17952,-2.31727,1.10919,6.14781,1.87676,6.92063,-0.33483,-3.37759
2017-10-20,1.18481,-2.31845,1.10986,6.53481,1.99063,6.92922,-0.33459,-3.37759
2017-10-23,1.17536,-2.31001,1.10308,6.34696,1.92801,7.12424,-0.32425,-3.37759
2017-10-24,1.17592,-2.30538,1.10246,6.45002,1.95431,6.98163,-0.33021,-3.37759
2017-10-25,1.1759,-2.30734,1.10252,6.44424,1.94833,6.94733,-0.33212,-3.37759
2017-10-26,1.18208,-2.3593,1.10111,7.09554,2.14031,6.95412,-0.33927,-3.37759
2017-10-27,1.16372,-2.33859,1.11167,4.57603,1.37634,7.51294,-0.31127,-3.37759
2017-10-30,1.16046,-2.33749,1.10693,4.7224,1.42021,7.52863,-0.31048,-3.37759
2017-10-31,1.16527,-2.34498,1.10911,4.93975,1.48565,7.54532,-0.31079,-3.37759
2017-11-01,1.16518,-2.36139,1.10918,4.92525,1.48084,7.51884,-0.31406,-3.55261
2017-11-02,1.16287,-2.35375,1.11198,4.47508,1.346,7.31745,-0.32166,-3.55261
2017-11-03,1.16618,-2.38669,1.11671,4.33459,1.30368,7.33074,-0.32557,-3.55261
2017-11-06,1.16149,-2.35551,1.11458,4.123,1.23955,7.3327,-0.32123,-3.55261
2017-11-07,1.16126,-2.39295,1.11103,4.42205,1.32808,7.33099,-0.32642,-3.55261
2017-11-08,1.16011,-2.41582,1.11191,4.24363,1.27292,7.33015,-0.32957,-3.55261
2017-11-09,1.15969,-2.37602,1.10799,4.56021,1.36627,7.26182,-0.32719,-3.55261
2017-11-10,1.16469,-2.41769,1.10313,5.43008,1.62403,7.27543,-0.33231,-3.55261
2017-11-13,1.16611,-2.44076,1.10257,5.60341,1.67154,7.25875,-0.33625,-3.55261
2017-11-14,1.16649,-2.41311,1.10386,5.51921,1.64197,7.23512,-0.33353,-3.55261
2017-11-15,1.17929,-2.42906,1.09668,7.26217,2.15487,7.49623,-0.32404,-3.55261
2017-11-17,1.17775,-2.46776,1.10597,6.2876,1.85728,7.46983,-0.33036,-3.55261
2017-11-20,1.17319,-2.51024,1.11088,5.45682,1.6066,7.44813,-0.33703,-3.55261
2017-11-21,1.17412,-2.50948,1.11693,4.99333,1.46665,7.40301,-0.33898,-3.55261
2017-11-22,1.17372,-2.45818,1.11696,4.95689,1.45304,7.34292,-0.33477,-3.55261
2017-11-23,1.18147,-2.45576,1.11752,5.56478,1.62816,7.45976,-0.3292,-3.55261
2017-11-24,1.1854,-2.46188,1.11911,5.75424,1.67964,7.04254,-0.34957,-3.55261
2017-11-27,1.19265,-2.45289,1.11861,6.40899,1.866,7.14884,-0.34312,-3.55261
2017-11-28,1.19049,-2.47233,1.11827,6.25866,1.81656,7.15638,-0.34547,-3.55261
2017-11-29,1.18481,-2.48535,1.11535,6.04138,1.74807,7.10361,-0.34987,-3.55261
2017-11-30,1.1852,-2.48215,1.11307,6.27858,1.81142,7.09765,-0.34971,-3.55261
2017-12-01,1.18982,-2.49556,1.11325,6.65181,1.91314,7.12665,-0.35017,-3.01986
2017-12-04,1.18599,-2.52155,1.11335,6.31998,1.81143,7.15382,-0.35248,-3.01986
2017-12-05,1.18677,-2.56262,1.11578,6.1684,1.76243,7.1356,-0.35913,-3.01986
2017-12-06,1.18329,-2.53516,1.11874,5.60944,1.59821,7.15802,-0.35417,-3.01986
2017-12-07,1.18043,-2.56745,1.1233,4.96077,1.40999,6.95562,-0.36912,-3.01986
2017-12-08,1.17722,-2.5623,1.12652,4.40251,1.24918,6.97138,-0.36755,-3.01986
2017-12-11,1.177,-2.56788,1.1279,4.26072,1.20759,6.9104,-0.3716,-3.01986
2017-12-12,1.17776,-2.57391,1.12591,4.50206,1.27431,6.90596,-0.37271,-3.01986
2017-12-13,1.17426,-2.53692,1.12544,4.24615,1.19997,6.79072,-0.37359,-3.01986
2017-12-14,1.18359,-2.55859,1.12439,5.131,1.44797,6.96049,-0.36759,-3.01986
2017-12-15,1.1775,-2.57828,1.13013,4.10604,1.15644,7.02669,-0.36693,-3.01986
2017-12-18,1.17436,-2.56403,1.12996,3.85362,1.08397,7.03076,-0.36469,-3.01986
2017-12-19,1.17843,-2.58057,1.12805,4.36877,1.22748,7.04412,-0.36634,-3.01986
2017-12-20,1.18413,-2.5614,1.12971,4.70467,1.3199,6.82792,-0.37514,-3.01986
2017-12-21,1.18782,-2.55991,1.13066,4.93185,1.38126,6.74166,-0.37972,-3.01986
2017-12-22,1.18573,-2.57499,1.12998,4.81615,1.34633,6.74369,-0.38184,-3.01986
2017-12-25,1.18561,-2.57499,1.1306,4.75032,1.32555,6.6354,-0.38807,-3.01986
2017-12-26,1.18725,-2.58499,1.12938,4.99738,1.39208,6.53176,-0.39576,-3.01986
2017-12-27,1.18579,-2.56315,1.1291,4.89875,1.36211,6.50512,-0.39402,-3.01986
2017-12-28,1.19008,-2.54762,1.13068,5.12003,1.42123,6.52173,-0.39064,-3.01986
2017-12-29,1.19417,-2.52522,1.12783,5.71603,1.58365,6.54241,-0.38598,-3.01986
2018-01-01,1.20049,-2.52522,1.12867,6.16938,1.70512,6.48803,-0.38921,-3.41209
2018-01-02,1.20116,-2.53845,1.13433,5.7245,1.57767,6.48606,-0.39137,-3.41209
2018-01-03,1.20635,-2.56585,1.13757,5.86993,1.61381,6.53364,-0.39271,-3.41209
2018-01-04,1.20104,-2.56921,1.13791,5.40007,1.48108,6.54993,-0.39225,-3.41209
2018-01-05,1.20688,-2.57047,1.13861,5.82363,1.59383,6.59643,-0.38968,-3.41209
2018-01-08,1.20375,-2.58024,1.13825,5.59448,1.52729,6.62371,-0.38955,-3.41209
2018-01-09,1.19705,-2.59583,1.13714,5.13433,1.39865,6.62247,-0.39197,-3.41209
2018-01-10,1.19293,-2.59514,1.13902,4.62445,1.25796,6.60967,-0.39263,-3.41209
2018-01-11,1.19561,-2.54466,1.13906,4.8461,1.31688,6.59636,-0.38577,-3.41209
2018-01-12,1.20421,-2.54978,1.13922,5.54761,1.50615,6.73355,-0.37867,-3.41209
2018-01-15,1.21923,-2.56781,1.14081,6.64776,1.80339,7.1415,-0.35956,-3.41209
2018-01-16,1.22684,-2.60493,1.13673,7.62869,2.06671,7.21351,-0.36112,-3.41209
2018-01-17,1.22713,-2.62064,1.1376,7.57543,2.04748,7.20894,-0.36353,-3.41209
2018-01-18,1.2184,-2.62627,1.1381,6.81759,1.83774,7.33045,-0.35827,-3.41209
2018-01-19,1.22366,-2.64549,1.14282,6.8348,1.83855,7.16567,-0.36919,-3.41209
2018-01-22,1.22555,-2.67158,1.1455,6.7551,1.8127,7.16786,-0.37272,-3.41209
2018-01-23,1.22563,-2.64333,1.14713,6.61856,1.77177,7.1676,-0.36879,-3.41209
2018-01-24,1.23103,-2.66079,1.14776,7.00393,1.87071,7.14779,-0.37225,-3.41209
2018-01-25,1.23911,-2.62514,1.14873,7.57401,2.01753,6.43454,-0.40798,-3.41209
2018-01-26,1.23923,-2.6687,1.15258,7.24922,1.92461,6.39069,-0.41759,-3.41209
2018-01-29,1.24281,-2.61758,1.14336,8.34042,2.20768,6.3708,-0.41087,-3.41209
2018-01-30,1.23811,-2.64766,1.14279,8.01132,2.1115,6.43952,-0.41116,-3.41209
2018-01-31,1.24096,-2.66473,1.14879,7.7173,2.02638,6.41682,-0.41527,-3.41209
2018-02-01,1.24187,-2.69276,1.15116,7.58491,1.98416,6.4065,-0.42032,-3.27188
2018-02-02,1.251,-2.67175,1.14452,8.89602,2.31845,6.44692,-0.41442,-3.27188
2018-02-05,1.24469,-2.62323,1.12813,9.8327,2.5496,6.5612,-0.39981,-3.27188
2018-02-06,1.23678,-2.64724,1.1487,7.38794,1.90541,6.7175,-0.39408,-3.27188
2018-02-07,1.23813,-2.69485,1.15711,6.76723,1.73975,6.71169,-0.40152,-3.27188
2018-02-08,1.22681,-2.6446,1.16259,5.37677,1.37851,6.98162,-0.37879,-3.27188
2018-02-09,1.22608,-2.59564,1.16411,5.18586,1.32735,6.98692,-0.3715,-3.27188
2018-02-12,1.22528,-2.64928,1.16845,4.74911,1.2136,6.99231,-0.37889,-3.27188
2018-02-13,1.23038,-2.66248,1.17206,4.85589,1.23918,6.71982,-0.39621,-3.27188
2018-02-14,1.23538,-2.71792,1.17435,5.06632,1.2913,6.74114,-0.40318,-3.27188
2018-02-15,1.24673,-2.72962,1.1763,5.81506,1.48009,6.8789,-0.39681,-3.27188
2018-02-16,1.25036,-2.76529,1.18051,5.74822,1.46018,6.88977,-0.40136,-3.27188
2018-02-19,1.24119,-2.75956,1.18259,4.83624,1.22622,7.08559,-0.38946,-3.27188
2018-02-20,1.23986,-2.80658,1.18805,4.26888,1.08124,7.00032,-0.40092,-3.27188
2018-02-21,1.23353,-2.80848,1.18948,3.63648,0.9208,7.07833,-0.39677,-3.27188
2018-02-22,1.22818,-2.80609,1.19026,3.1365,0.79407,7.0586,-0.39754,-3.27188
2018-02-23,1.23267,-2.82014,1.18925,3.58547,0.90757,7.07135,-0.39881,-3.27188
2018-02-26,1.22871,-2.79259,1.18811,3.36014,0.85026,7.02993,-0.39724,-3.27188
2018-02-27,1.23156,-2.83429,1.19427,3.07403,0.7776,7.03827,-0.4027,-3.27188
2018-02-28,1.22303,-2.82272,1.19569,2.26112,0.57182,7.16539,-0.39394,-3.27188
2018-03-01,1.21913,-2.80171,1.19958,1.61655,0.40881,7.16473,-0.39104,-1.73074
2018-03-02,1.22708,-2.8305,1.19477,2.66858,0.67526,7.26681,-0.38951,-1.73074
2018-03-05,1.23154,-2.82035,1.19562,2.95997,0.7496,7.25804,-0.38858,-1.73074
2018-03-06,1.23365,-2.81229,1.19599,3.10068,0.78596,7.23433,-0.38874,-1.73074
2018-03-07,1.24167,-2.80852,1.19333,3.97098,1.00781,7.29104,-0.3852,-1.73074
2018-03-08,1.24146,-2.81716,1.19076,4.16974,1.05952,7.29089,-0.38639,-1.73074
2018-03-09,1.23066,-2.84154,1.1914,3.24227,0.82468,7.53876,-0.37692,-1.73074
2018-03-12,1.23088,-2.85,1.19418,3.02658,0.77083,7.50264,-0.37987,-1.73074
2018-03-13,1.23396,-2.84906,1.1954,3.17424,0.80957,7.36955,-0.3866,-1.73074
2018-03-14,1.23923,-2.83935,1.19819,3.36847,0.85988,7.30782,-0.38854,-1.73074
2018-03-15,1.23756,-2.8763,1.19945,3.12808,0.79912,7.28701,-0.39472,-1.73074
2018-03-16,1.23092,-2.90106,1.20154,2.41564,0.61758,7.37149,-0.39355,-1.73074
2018-03-19,1.22808,-2.89549,1.20873,1.5881,0.40645,7.34683,-0.39411,-1.73074
2018-03-20,1.23368,-2.92764,1.21158,1.80803,0.46312,7.37273,-0.39709,-1.73074
2018-03-21,1.22519,-2.89676,1.2141,0.90918,0.23309,7.51046,-0.3857,-1.73074
2018-03-22,1.23477,-2.90425,1.22429,0.85183,0.21867,7.64832,-0.37972,-1.73074
2018-03-23,1.2325,-2.88173,1.22936,0.2548,0.06548,7.66278,-0.37607,-1.73074
2018-03-26,1.23544,-2.92838,1.22438,0.89918,0.23136,7.66185,-0.3822,-1.73074
2018-03-27,1.24575,-2.86731,1.22485,1.69156,0.43566,7.79223,-0.36797,-1.73074
2018-03-28,1.24079,-2.88832,1.226,1.19883,0.309,7.82876,-0.36894,-1.73074
2018-03-29,1.23103,-2.87996,1.22207,0.73029,0.18834,7.95175,-0.36218,-1.73074
2018-03-30,1.23028,-2.87996,1.22235,0.6472,0.16702,7.9542,-0.36207,-1.73074
2018-04-02,1.23142,-2.85996,1.22335,0.65774,0.16986,7.91494,-0.36134,-1.40936
2018-04-03,1.22927,-2.8816,1.22094,0.68038,0.17583,7.86806,-0.36624,-1.40936
2018-04-04,1.22785,-2.88323,1.21898,0.7249,0.18747,7.82052,-0.36868,-1.40936
2018-04-05,1.22868,-2.88734,1.21774,0.89453,0.23165,7.79896,-0.37022,-1.40936
2018-04-06,1.22516,-2.86045,1.21948,0.46477,0.12058,7.73408,-0.36985,-1.40936
2018-04-09,1.22714,-2.87368,1.22369,0.28222,0.07338,7.69889,-0.37326,-1.40936
2018-04-10,1.23224,-2.89029,1.22667,0.45282,0.11798,7.72622,-0.37409,-1.40936
2018-04-11,1.23631,-2.89142,1.22841,0.64117,0.16732,7.62831,-0.37904,-1.40936
2018-04-12,1.23716,-2.91551,1.22632,0.88002,0.2301,7.2301,-0.40325,-1.40936
2018-04-13,1.23297,-2.95074,1.22714,0.47428,0.12423,7.16168,-0.41202,-1.40936
2018-04-16,1.23326,-2.96922,1.22415,0.74128,0.1944,7.16168,-0.4146,-1.40936
2018-04-17,1.23851,-2.99532,1.22285,1.27278,0.33427,7.05654,-0.42447,-1.40936
2018-04-18,1.23732,-2.99538,1.22752,0.79514,0.20905,7.01221,-0.42717,-1.40936
2018-04-19,1.23791,-2.99625,1.22918,0.70794,0.18626,7.00701,-0.42761,-1.40936
2018-04-20,1.23455,-3.01701,1.23307,0.12017,0.03164,7.03063,-0.42912,-1.40936
2018-04-23,1.22734,-3.03981,1.23421,-0.55779,-0.14692,7.07583,-0.42961,-1.40936
2018-04-24,1.2209,-3.02582,1.23563,-1.1999,-0.31613,7.02255,-0.43087,-1.40936
2018-04-25,1.22414,-3.04053,1.23608,-0.97052,-0.25574,7.04602,-0.43152,-1.40936
2018-04-26,1.21717,-3.04306,1.23381,-1.35796,-0.35791,7.10299,-0.42842,-1.40936
2018-04-27,1.21096,-3.06188,1.23251,-1.76354,-0.4649,7.13412,-0.42919,-1.40936
2018-04-30,1.21228,-3.06098,1.23432,-1.80181,-0.47495,7.12003,-0.42991,-1.40936
2018-05-01,1.20812,-3.07098,1.23356,-2.08383,-0.54929,7.14256,-0.42996,-2.00748
2018-05-02,1.19916,-3.06172,1.23089,-2.61226,-0.6886,7.10091,-0.43117,-2.00748
2018-05-03,1.1951,-3.06781,1.23114,-2.97127,-0.78298,7.06686,-0.43411,-2.00748
2018-05-04,1.19893,-3.08258,1.23089,-2.63153,-0.69317,7.0104,-0.43972,-2.00748
2018-05-07,1.1955,-3.06696,1.23169,-2.98256,-0.78535,7.01867,-0.43697,-2.00748
2018-05-08,1.19337,-3.08152,1.22987,-3.0124,-0.79294,6.8017,-0.45305,-2.00748
2018-05-09,1.18679,-3.10455,1.23103,-3.66035,-0.96321,6.87762,-0.4514,-2.00748
2018-05-10,1.18472,-3.11931,1.23113,-3.84235,-1.0111,6.88195,-0.45326,-2.00748
2018-05-11,1.19175,-3.10796,1.22773,-2.97404,-0.78254,6.93968,-0.44785,-2.00748
2018-05-14,1.19521,-3.0971,1.22883,-2.77382,-0.73003,6.91259,-0.44804,-2.00748
2018-05-15,1.19312,-3.11795,1.23427,-3.39112,-0.893,6.63078,-0.47022,-2.00748
2018-05-16,1.18209,-3.1382,1.23278,-4.19908,-1.10566,6.80743,-0.461,-2.00748
2018-05-17,1.1817,-3.12955,1.23156,-4.13268,-1.08717,6.67981,-0.46851,-2.00748
2018-05-18,1.17952,-3.11401,1.229,-4.10922,-1.08019,6.68297,-0.46596,-2.00748
2018-05-21,1.17666,-3.17093,1.23176,-4.57617,-1.20194,6.6336,-0.47801,-2.00748
2018-05-22,1.17925,-3.17748,1.23226,-4.39765,-1.15408,6.61838,-0.4801,-2.00748
2018-05-23,1.17886,-3.13459,1.22735,-4.03141,-1.05705,6.56122,-0.47774,-2.00748
2018-05-24,1.17102,-3.11625,1.22442,-4.45984,-1.16897,6.65082,-0.46855,-2.00748
2018-05-25,1.17226,-3.13292,1.22461,-4.36823,-1.14411,6.63203,-0.47239,-2.00748
2018-05-28,1.16889,-3.17257,1.22671,-4.8278,-1.26325,6.52747,-0.48603,-2.00748
2018-05-29,1.1627,-3.02602,1.22396,-5.13488,-1.34244,6.57373,-0.46032,-2.00748
2018-05-30,1.15393,-3.12469,1.22722,-6.15762,-1.6078,6.54448,-0.47745,-2.00748
2018-05-31,1.16673,-3.09136,1.2252,-4.89027,-1.27369,6.91271,-0.4472,-2.00748
2018-06-01,1.16932,-3.10666,1.2213,-4.34926,-1.13106,6.92109,-0.44887,-1.97949
2018-06-04,1.16686,-3.15184,1.22056,-4.49953,-1.16888,6.763,-0.46604,-1.97949
2018-06-05,1.17006,-3.1463,1.219,-4.09764,-1.06354,6.80204,-0.46255,-1.97949
2018-06-06,1.17262,-3.14256,1.2164,-3.66546,-0.95071,6.64207,-0.47313,-1.97949
2018-06-07,1.17855,-3.11796,1.21671,-3.18653,-0.82617,6.74077,-0.46255,-1.97949
2018-06-08,1.17952,-3.15956,1.21904,-3.29546,-0.85436,6.71681,-0.4704,-1.97949
2018-06-11,1.1784,-3.14342,1.218,-3.30563,-0.85666,6.64012,-0.4734,-1.97949
2018-06-12,1.17741,-3.14835,1.2178,-3.373,-0.87391,6.63919,-0.47421,-1.97949
2018-06-13,1.17483,-3.20214,1.22323,-4.03739,-1.04568,6.58001,-0.48665,-1.97949
2018-06-14,1.18078,-3.22397,1.22202,-3.43286,-0.88837,6.67272,-0.48316,-1.97949
2018-06-15,1.15666,-3.1943,1.21809,-5.17499,-1.33847,7.70117,-0.41478,-1.97949
2018-06-18,1.1596,-3.20792,1.22015,-5.08994,-1.31454,7.63919,-0.41993,-1.97949
2018-06-19,1.16307,-3.20163,1.22161,-4.91022,-1.26648,7.47686,-0.42821,-1.97949
2018-06-20,1.15886,-3.223,1.22117,-5.23747,-1.34928,7.49414,-0.43007,-1.97949
2018-06-21,1.1579,-3.24578,1.22579,-5.69777,-1.4657,7.46309,-0.43491,-1.97949
2018-06-22,1.16058,-3.2528,1.22476,-5.38236,-1.38216,7.25124,-0.44859,-1.97949
2018-06-25,1.16614,-3.22624,1.22918,-5.2652,-1.3498,7.32218,-0.44061,-1.97949
2018-06-26,1.17027,-3.22282,1.22632,-4.67754,-1.19728,7.24016,-0.44513,-1.97949
2018-06-27,1.16503,-3.20717,1.22891,-5.33835,-1.36489,7.27753,-0.44069,-1.97949
2018-06-28,1.15636,-3.21465,1.22695,-5.92547,-1.51242,7.38625,-0.43522,-1.97949
2018-06-29,1.1563,-3.20202,1.22462,-5.74119,-1.46227,7.38701,-0.43347,-1.97949
2018-07-02,1.16786,-3.26665,1.22663,-4.90991,-1.24809,7.70276,-0.42409,-1.01939
2018-07-03,1.16421,-3.21132,1.22349,-4.96598,-1.26087,7.71077,-0.41647,-1.01939
2018-07-04,1.16592,-3.20182,1.22239,-4.7295,-1.19961,7.7135,-0.41509,-1.01939
2018-07-05,1.16624,-3.21603,1.22073,-4.5671,-1.15773,7.70111,-0.41761,-1.01939
2018-07-06,1.16959,-3.20304,1.21635,-3.91994,-0.99318,7.67203,-0.4175,-1.01939
2018-07-09,1.17523,-3.22661,1.21675,-3.47215,-0.87979,7.71091,-0.41845,-1.01939
2018-07-10,1.1757,-3.24241,1.21783,-3.52139,-0.89231,7.70882,-0.42061,-1.01939
2018-07-11,1.1727,-3.22675,1.21622,-3.64374,-0.92317,7.6991,-0.41911,-1.01939
2018-07-12,1.16768,-3.25533,1.21609,-4.06231,-1.02878,7.72771,-0.42125,-1.01939
2018-07-13,1.16659,-3.25186,1.21499,-4.06502,-1.02885,7.65738,-0.42467,-1.01939
2018-07-16,1.16791,-3.24021,1.21363,-3.83989,-0.9714,7.66869,-0.42252,-1.01939
2018-07-17,1.17095,-3.27276,1.2138,-3.59438,-0.90903,7.69596,-0.42526,-1.01939
2018-07-18,1.16532,-3.25273,1.21263,-3.97929,-1.00614,7.72758,-0.42092,-1.01939
2018-07-19,1.16456,-3.25473,1.21404,-4.16081,-1.05165,7.66209,-0.42478,-1.01939
2018-07-20,1.16551,-3.24527,1.21334,-4.02106,-1.01577,7.61555,-0.42614,-1.01939
2018-07-23,1.17419,-3.27181,1.21435,-3.36268,-0.84939,7.75997,-0.42163,-1.01939
2018-07-24,1.16941,-3.26189,1.21339,-3.69156,-0.93292,7.72351,-0.42233,-1.01939
2018-07-25,1.16855,-3.28714,1.21493,-3.89207,-0.98408,7.66984,-0.42858,-1.01939
2018-07-26,1.17375,-3.32147,1.21691,-3.61131,-0.91318,7.72824,-0.42978,-1.01939
2018-07-27,1.16429,-3.29839,1.21725,-4.44794,-1.12514,7.85479,-0.41992,-1.01939
2018-07-30,1.16604,-3.26573,1.21767,-4.3319,-1.09549,7.74006,-0.42193,-1.01939
2018-07-31,1.17074,-3.26307,1.21391,-3.62103,-0.91534,7.76729,-0.4201,-1.01939
2018-08-01,1.16896,-3.24896,1.21347,-3.73701,-0.94457,7.73757,-0.41989,-0.62818
2018-08-02,1.16659,-3.24819,1.21075,-3.7152,-0.93873,7.72863,-0.42028,-0.62818
2018-08-03,1.1586,-3.24418,1.2088,-4.24141,-1.07132,7.83226,-0.41421,-0.62818
2018-08-06,1.15623,-3.25237,1.20819,-4.39559,-1.10945,7.77144,-0.4185,-0.62818
2018-08-07,1.1558,-3.29099,1.20977,-4.56389,-1.15106,7.76675,-0.42373,-0.62818
2018-08-08,1.16029,-3.29315,1.20842,-4.06382,-1.02426,7.70994,-0.42713,-0.62818
2018-08-09,1.16108,-3.27314,1.20765,-3.93267,-0.99069,7.68373,-0.42598,-0.62818
2018-08-10,1.15239,-3.26736,1.2119,-5.03501,-1.26786,7.80824,-0.41845,-0.62818
2018-08-13,1.13947,-3.27097,1.21527,-6.44026,-1.6206,7.90817,-0.41362,-0.62818
2018-08-14,1.14025,-3.28475,1.21235,-6.13139,-1.53998,7.91209,-0.41516,-0.62818
2018-08-15,1.13457,-3.27199,1.21303,-6.68699,-1.67649,7.9577,-0.41117,-0.62818
2018-08-16,1.13443,-3.2881,1.21104,-6.53464,-1.63469,7.94974,-0.41361,-0.62818
2018-08-17,1.13714,-3.27148,1.20762,-6.01322,-1.50095,7.95258,-0.41137,-0.62818
2018-08-20,1.14377,-3.26259,1.20629,-5.32163,-1.32591,8.05469,-0.40505,-0.62818
2018-08-21,1.14913,-3.2538,1.20639,-4.86265,-1.21021,8.01976,-0.40572,-0.62818
2018-08-22,1.15768,-3.23249,1.20469,-3.98078,-0.98991,8.16255,-0.39601,-0.62818
2018-08-23,1.15848,-3.23468,1.20489,-3.9277,-0.97608,8.14613,-0.39708,-0.62818
2018-08-24,1.15433,-3.24698,1.20507,-4.30177,-1.06842,8.10871,-0.40043,-0.62818
2018-08-27,1.16489,-3.28023,1.20733,-3.57838,-0.88809,8.17128,-0.40143,-0.62818
2018-08-28,1.16836,-3.27433,1.20737,-3.28399,-0.81484,7.88969,-0.41501,-0.62818
2018-08-29,1.16913,-3.26446,1.20675,-3.16777,-0.78601,7.87818,-0.41437,-0.62818
2018-08-30,1.17097,-3.26365,1.20968,-3.25186,-0.80685,7.8727,-0.41455,-0.62818
2018-08-31,1.16647,-3.24696,1.20696,-3.41263,-0.84681,7.8919,-0.41143,-0.62818
2018-09-03,1.16011,-3.24998,1.20695,-3.95811,-0.98205,7.95197,-0.4087,0.4734
2018-09-04,1.16155,-3.27081,1.20898,-4.00227,-0.9926,7.88675,-0.41472,0.4734
2018-09-05,1.15865,-3.24535,1.20826,-4.19201,-1.03918,7.89662,-0.41098,0.4734
2018-09-06,1.16352,-3.23298,1.20829,-3.77537,-0.93536,7.94576,-0.40688,0.4734
2018-09-07,1.16201,-3.29267,1.21228,-4.23504,-1.04872,7.94782,-0.41429,0.4734
2018-09-10,1.15611,-3.30221,1.21147,-4.67709,-1.15733,7.99807,-0.41288,0.4734
2018-09-11,1.1596,-3.321,1.21114,-4.34888,-1.07505,7.95329,-0.41756,0.4734
2018-09-12,1.15961,-3.31251,1.21033,-4.28114,-1.05733,6.79338,-0.48761,0.4734
2018-09-13,1.16293,-3.328,1.20881,-3.86958,-0.95497,6.79846,-0.48952,0.4734
2018-09-14,1.16918,-3.34057,1.20859,-3.31518,-0.81751,6.85647,-0.48721,0.4734
2018-09-17,1.1629,-3.33142,1.21105,-4.05739,-0.99991,6.90391,-0.48254,0.4734
2018-09-18,1.16692,-3.35804,1.21082,-3.69303,-0.90921,6.9346,-0.48424,0.4734
2018-09-19,1.16799,-3.35532,1.2081,-3.37641,-0.8306,6.9224,-0.4847,0.4734
2018-09-20,1.16746,-3.35635,1.20766,-3.38525,-0.83221,6.85742,-0.48945,0.4734
2018-09-21,1.17759,-3.36715,1.20771,-2.52526,-0.62038,7.03746,-0.47846,0.4734
2018-09-24,1.1751,-3.35901,1.20886,-2.83218,-0.69551,6.99027,-0.48053,0.4734
2018-09-25,1.1753,-3.35113,1.20875,-2.80644,-0.68887,6.81753,-0.49155,0.4734
2018-09-26,1.17632,-3.34575,1.20899,-2.73953,-0.67213,6.81831,-0.4907,0.4734
2018-09-27,1.17485,-3.34711,1.20779,-2.76447,-0.67795,6.53437,-0.51223,0.4734
2018-09-28,1.16374,-3.35514,1.20753,-3.69384,-0.90548,6.78211,-0.4947,0.4734
2018-10-01,1.16054,-3.36667,1.20804,-4.01188,-0.98267,6.79736,-0.49529,-0.56679
2018-10-02,1.15776,-3.39046,1.20897,-4.32851,-1.05924,6.81283,-0.49766,-0.56679
2018-10-03,1.15517,-3.4073,1.20855,-4.5173,-1.10426,6.79829,-0.5012,-0.56679
2018-10-04,1.14763,-3.39978,1.21328,-5.56246,-1.35811,6.83792,-0.4972,-0.56679
2018-10-05,1.15181,-3.41004,1.21445,-5.29569,-1.29063,6.88328,-0.49541,-0.56679
2018-10-08,1.15226,-3.43,1.21682,-5.45135,-1.32639,6.8698,-0.49929,-0.56679
2018-10-09,1.14941,-3.43082,1.2169,-5.70574,-1.3859,6.83612,-0.50187,-0.56679
2018-10-10,1.15069,-3.41492,1.22597,-6.33679,-1.53627,6.84008,-0.49925,-0.56679
2018-10-11,1.15334,-3.404,1.22591,-6.10267,-1.47616,6.85331,-0.49669,-0.56679
2018-10-12,1.15904,-3.41876,1.22105,-5.21138,-1.25789,6.90789,-0.49491,-0.56679
2018-10-15,1.15513,-3.43335,1.22105,-5.54932,-1.33739,6.87452,-0.49943,-0.56679
2018-10-16,1.15835,-3.45528,1.2169,-4.93178,-1.18649,6.89828,-0.50089,-0.56679
2018-10-17,1.15753,-3.48473,1.21757,-5.05699,-1.21497,6.89692,-0.50526,-0.56679
2018-10-18,1.15009,-3.47612,1.21963,-5.87138,-1.40884,6.83925,-0.50826,-0.56679
2018-10-19,1.146,-3.54476,1.22252,-6.46399,-1.5486,6.82847,-0.51911,-0.56679
2018-10-22,1.15095,-3.52969,1.22015,-5.83854,-1.39607,6.89022,-0.51228,-0.56679
2018-10-23,1.14679,-3.50935,1.21836,-6.05438,-1.44572,6.85616,-0.51185,-0.56679
2018-10-24,1.14732,-3.47411,1.21938,-6.09198,-1.45314,6.67568,-0.52041,-0.56679
2018-10-25,1.13993,-3.49503,1.2181,-6.63288,-1.58084,6.7807,-0.51544,-0.56679
2018-10-26,1.13779,-3.45819,1.21473,-6.54387,-1.55745,6.7283,-0.51398,-0.56679
2018-10-29,1.13987,-3.44442,1.21286,-6.20602,-1.47518,6.7401,-0.51103,-0.56679
2018-10-30,1.13762,-3.48384,1.21184,-6.32029,-1.50167,6.73961,-0.51692,-0.56679
2018-10-31,1.13464,-3.4999,1.20963,-6.40016,-1.51968,6.62643,-0.52817,-0.56679
2018-11-01,1.13167,-3.46664,1.20549,-6.31951,-1.49922,6.6334,-0.5226,-1.76037
2018-11-02,1.14033,-3.53418,1.20641,-5.63342,-1.33513,6.82189,-0.51806,-1.76037
2018-11-05,1.13976,-3.53132,1.2052,-5.58315,-1.32265,6.77113,-0.52153,-1.76037
2018-11-06,1.14129,-3.54821,1.2037,-5.32418,-1.26131,6.77632,-0.52362,-1.76037
2018-11-07,1.14385,-3.55628,1.19879,-4.69158,-1.11136,6.63224,-0.53621,-1.76037
2018-11-08,1.14341,-3.57852,1.19631,-4.52285,-1.07214,6.23323,-0.5741,-1.76037
2018-11-09,1.13684,-3.55061,1.19342,-4.8568,-1.15111,6.33904,-0.56012,-1.76037
2018-11-12,1.1325,-3.56068,1.19407,-5.29392,-1.25446,6.30618,-0.56463,-1.76037
2018-11-13,1.12334,-3.503,1.18367,-5.23068,-1.23888,6.51059,-0.53805,-1.76037
2018-11-14,1.13112,-3.47173,1.18194,-4.39507,-1.04142,6.64342,-0.52258,-1.76037
2018-11-15,1.13118,-3.49719,1.1795,-4.18242,-0.99267,6.53447,-0.53519,-1.76037
2018-11-16,1.13249,-3.44311,1.17523,-3.70437,-0.88026,6.46574,-0.53252,-1.76037
2018-11-19,1.1414,-3.4092,1.17536,-2.93254,-0.69781,6.48686,-0.52555,-1.76037
2018-11-20,1.1455,-3.42075,1.16779,-1.92678,-0.45964,6.52925,-0.52391,-1.76037
2018-11-21,1.13724,-3.43069,1.16738,-2.61549,-0.62632,6.64646,-0.51617,-1.76037
2018-11-22,1.13884,-3.42509,1.16591,-2.34917,-0.56441,6.3797,-0.53687,-1.76037
2018-11-23,1.14032,-3.43476,1.15411,-1.20241,-0.29002,6.35286,-0.54066,-1.76037
2018-11-26,1.13374,-3.45162,1.15483,-1.84393,-0.44661,6.44003,-0.53596,-1.76037
2018-11-27,1.13334,-3.45432,1.15282,-1.70425,-0.41439,6.4264,-0.53752,-1.76037
2018-11-28,1.12988,-3.43095,1.14731,-1.53118,-0.37378,6.41146,-0.53513,-1.76037
2018-11-29,1.13685,-3.4446,1.14822,-0.99462,-0.24375,6.46699,-0.53264,-1.76037
2018-11-30,1.13928,-3.43619,1.14454,-0.46096,-0.11345,6.47812,-0.53043,-1.76037
2018-12-03,1.13422,-3.46403,1.14994,-1.37639,-0.3403,6.51651,-0.53158,-1.59435
2018-12-04,1.13549,-3.44352,1.15433,-1.64581,-0.409,6.45835,-0.53319,-1.59435
2018-12-05,1.13429,-3.44411,1.15329,-1.66103,-0.4143,6.45712,-0.53338,-1.59435
2018-12-06,1.13491,-3.4094,1.1474,-1.09466,-0.2742,6.3882,-0.5337,-1.59435
2018-12-07,1.13748,-3.35488,1.15415,-1.45528,-0.36627,6.37419,-0.52632,-1.59435
2018-12-10,1.14009,-3.33091,1.14802,-0.69235,-0.17519,6.39522,-0.52084,-1.59435
2018-12-11,1.13565,-3.41466,1.14534,-0.84923,-0.21597,6.40381,-0.53322,-1.59435
2018-12-12,1.13231,-3.38786,1.14433,-1.05579,-0.26957,6.31614,-0.53638,-1.59435
2018-12-13,1.13735,-3.37849,1.14698,-0.84343,-0.21625,6.31334,-0.53514,-1.59435
2018-12-14,1.13636,-3.37418,1.14398,-0.66797,-0.17183,6.26656,-0.53844,-1.59435
2018-12-17,1.13059,-3.34597,1.14474,-1.24327,-0.32117,6.32921,-0.52866,-1.59435
2018-12-18,1.13498,-3.29822,1.1345,0.04269,0.01107,6.38985,-0.51617,-1.59435
2018-12-19,1.13754,-3.27105,1.13822,-0.06019,-0.01567,6.14343,-0.53245,-1.59435
2018-12-20,1.13895,-3.31114,1.12892,0.88463,0.23123,6.1453,-0.53881,-1.59435
2018-12-21,1.14569,-3.28034,1.12921,1.44837,0.38021,6.2758,-0.5227,-1.59435
2018-12-24,1.13728,-3.20034,1.12378,1.19404,0.31436,6.4221,-0.49833,-1.59435
2018-12-25,1.14039,-3.20034,1.12461,1.39352,0.36825,6.45344,-0.49591,-1.59435
2018-12-26,1.14155,-3.26034,1.13402,0.66201,0.17562,6.19262,-0.52649,-1.59435
2018-12-27,1.13613,-3.21743,1.12591,0.90359,0.24059,6.23769,-0.5158,-1.59435
2018-12-28,1.14311,-3.17825,1.12563,1.54036,0.4114,6.35482,-0.50013,-1.59435
2018-12-31,1.14399,-3.13825,1.13007,1.22484,0.32816,6.34425,-0.49466,-1.59435
2019-01-01,1.14931,-3.13825,1.12995,1.69816,0.45653,6.27988,-0.49973,-3.10167
2019-01-02,1.14617,-3.16969,1.13047,1.37956,0.37228,6.26015,-0.50633,-3.10167
2019-01-03,1.13181,-3.04508,1.1415,-0.85232,-0.23089,6.7419,-0.45166,-3.10167
2019-01-04,1.13911,-3.13495,1.13661,0.21932,0.05967,6.8584,-0.4571,-3.10167
2019-01-07,1.14104,-3.15107,1.13687,0.36616,0.09995,6.86374,-0.45909,-3.10167
2019-01-08,1.14797,-3.19018,1.13889,0.79467,0.2178,6.95837,-0.45847,-3.10167
2019-01-09,1.14561,-3.16829,1.14864,-0.26435,-0.07274,6.89404,-0.45957,-3.10167
2019-01-10,1.15549,-3.17885,1.14803,0.64799,0.17895,7.08192,-0.44887,-3.10167
2019-01-11,1.15101,-3.16941,1.1415,0.8301,0.23012,7.10129,-0.44631,-3.10167
2019-01-14,1.14601,-3.15263,1.13816,0.68782,0.19155,7.1512,-0.44085,-3.10167
2019-01-15,1.14729,-3.1636,1.14289,0.38424,0.10748,7.03988,-0.44938,-3.10167
2019-01-16,1.14168,-3.17307,1.14562,-0.34397,-0.09673,7.07212,-0.44867,-3.10167
2019-01-17,1.13981,-3.17432,1.14291,-0.27163,-0.07682,7.02274,-0.45201,-3.10167
2019-01-18,1.13926,-3.23359,1.14518,-0.51785,-0.14729,6.98777,-0.46275,-3.10167
2019-01-21,1.13656,-3.22736,1.14523,-0.76007,-0.21757,7.0015,-0.46095,-3.10167
2019-01-22,1.13693,-3.1906,1.14798,-0.9672,-0.27864,6.8834,-0.46352,-3.10167
2019-01-23,1.1364,-3.18792,1.14409,-0.67403,-0.19525,6.87387,-0.46377,-3.10167
2019-01-24,1.13882,-3.16234,1.14368,-0.42539,-0.12398,6.87734,-0.45982,-3.10167
2019-01-25,1.13135,-3.20107,1.14053,-0.80806,-0.23716,6.99147,-0.45785,-3.10167
2019-01-28,1.1413,-3.19522,1.13701,0.37667,0.11137,7.19152,-0.4443,-3.10167
2019-01-29,1.143,-3.14619,1.14543,-0.21259,-0.06337,7.17546,-0.43847,-3.10167
2019-01-30,1.14354,-3.09813,1.14594,-0.21028,-0.06316,7.01381,-0.44172,-3.10167
2019-01-31,1.14877,-3.03218,1.14783,0.0818,0.02477,7.07066,-0.42884,-3.10167
2019-02-01,1.14495,-3.11219,1.14225,0.23603,0.07204,7.09955,-0.43836,-3.84794
2019-02-04,1.14553,-3.11417,1.14357,0.17113,0.05265,7.08627,-0.43946,-3.84794
2019-02-05,1.14363,-3.10937,1.14136,0.19848,0.06154,7.09383,-0.43832,-3.84794
2019-02-06,1.14099,-3.08298,1.14518,-0.36609,-0.11449,7.01305,-0.43961,-3.84794
2019-02-07,1.1366,-3.06217,1.14473,-0.7132,-0.22469,7.01388,-0.43659,-3.84794
2019-02-08,1.13388,-3.03554,1.14647,-1.10419,-0.35058,6.8337,-0.4442,-3.84794
2019-02-11,1.13243,-3.05346,1.14383,-1.00181,-0.32003,6.69978,-0.45576,-3.84794
2019-02-12,1.1279,-3.06991,1.1452,-1.5219,-0.4892,6.74781,-0.45495,-3.84794
2019-02-13,1.13347,-3.09128,1.14932,-1.38939,-0.44885,6.81667,-0.45349,-3.84794
2019-02-14,1.12649,-3.06874,1.15593,-2.57912,-0.8361,6.73862,-0.4554,-3.84794
2019-02-15,1.12954,-3.08581,1.15775,-2.46697,-0.80274,6.72047,-0.45917,-3.84794
2019-02-18,1.1298,-3.08904,1.15755,-2.42648,-0.79359,6.56795,-0.47032,-3.84794
2019-02-19,1.1312,-3.07816,1.15884,-2.41435,-0.79225,6.56648,-0.46877,-3.84794
2019-02-20,1.1343,-3.07715,1.15869,-2.12748,-0.70032,6.58534,-0.46727,-3.84794
2019-02-21,1.13464,-3.09182,1.15904,-2.1277,-0.70322,6.48278,-0.47693,-3.84794
2019-02-22,1.1343,-3.05267,1.15861,-2.12043,-0.7042,6.48266,-0.4709,-3.84794
2019-02-25,1.13422,-3.0697,1.15282,-1.62644,-0.54209,6.45265,-0.47573,-3.84794
2019-02-26,1.13675,-3.03903,1.15726,-1.78814,-0.59862,6.34887,-0.47867,-3.84794
2019-02-27,1.13932,-3.04752,1.15969,-1.77289,-0.59638,6.35062,-0.47988,-3.84794
2019-02-28,1.13802,-3.05756,1.15793,-1.73459,-0.58578,6.2907,-0.48605,-3.84794
2019-03-01,1.13735,-3.07815,1.14927,-1.04254,-0.35331,6.28827,-0.48951,-3.24893
2019-03-04,1.13759,-3.0794,1.15471,-1.49345,-0.50863,6.28452,-0.49,-3.24893
2019-03-05,1.13374,-3.08523,1.15531,-1.88547,-0.64614,6.32112,-0.48808,-3.24893
2019-03-06,1.13071,-3.05973,1.16035,-2.5878,-0.89414,6.32588,-0.48368,-3.24893
2019-03-07,1.1314,-3.0358,1.1655,-2.96953,-1.03465,6.30888,-0.48119,-3.24893
2019-03-08,1.11983,-3.0076,1.16373,-3.84542,-1.35115,6.58683,-0.45661,-3.24893
2019-03-11,1.12324,-3.02932,1.15998,-3.21812,-1.14083,6.59497,-0.45934,-3.24893
2019-03-12,1.12592,-3.01162,1.15951,-2.9391,-1.05259,6.54984,-0.4598,-3.24893
2019-03-13,1.12874,-3.01162,1.1614,-2.85167,-1.03272,6.56972,-0.45841,-3.24893
2019-03-14,1.13311,-3.01876,1.15984,-2.33178,-0.8571,6.53751,-0.46176,-3.24893
2019-03-15,1.13084,-2.98281,1.15954,-2.50604,-0.93758,6.50282,-0.45869,-3.24893
2019-03-18,1.13198,-2.99826,1.16043,-2.48257,-0.94613,6.48963,-0.46201,-3.24893
2019-03-19,1.13362,-3.00035,1.16225,-2.49438,-0.96831,6.49149,-0.4622,-3.24893
2019-03-20,1.13549,-2.94142,1.17212,-3.17563,-1.25974,6.38748,-0.4605,-3.24893
2019-03-21,1.14279,-2.96667,1.1661,-2.01892,-0.81719,6.34862,-0.46729,-3.24893
2019-03-22,1.1375,-2.88977,1.18207,-3.84315,-1.58913,6.39434,-0.45193,-3.24893
2019-03-25,1.12959,-2.84103,1.18701,-4.95848,-2.08358,6.5391,-0.43447,-3.24893
2019-03-26,1.13158,-2.81441,1.18555,-4.65897,-1.98658,6.48278,-0.43414,-3.24893
2019-03-27,1.12748,-2.85364,1.1837,-4.86587,-2.10669,6.39741,-0.44606,-3.24893
2019-03-28,1.12518,-2.83881,1.18158,-4.89111,-2.12853,6.40451,-0.44325,-3.24893
2019-03-29,1.123,-2.89011,1.17543,-4.56284,-1.99577,6.33475,-0.45623,-3.24893
2019-04-01,1.12238,-2.94395,1.1712,-4.25722,-1.86994,6.31666,-0.46606,-2.91314
2019-04-02,1.12057,-2.92151,1.17452,-4.70162,-2.07418,5.81071,-0.50278,-2.91314
2019-04-03,1.12039,-2.93196,1.17519,-4.77563,-2.1176,5.65454,-0.51851,-2.91314
2019-04-04,1.12469,-2.93023,1.17481,-4.35936,-1.93842,5.70074,-0.51401,-2.91314
2019-04-05,1.12259,-2.94312,1.17315,-4.40533,-1.96511,5.56448,-0.52891,-2.91314
2019-04-08,1.12196,-2.95326,1.17697,-4.78691,-2.14104,5.55382,-0.53175,-2.91314
2019-04-09,1.12564,-2.94027,1.18181,-4.86911,-2.17814,5.30275,-0.55448,-2.91314
2019-04-10,1.1267,-2.9176,1.1831,-4.8846,-2.18418,5.26199,-0.55447,-2.91314
2019-04-11,1.12765,-2.95425,1.17448,-4.0689,-1.81807,5.2032,-0.56777,-2.91314
2019-04-12,1.12608,-2.98058,1.16894,-3.7356,-1.67029,5.20058,-0.57312,-2.91314
2019-04-15,1.13051,-2.97707,1.16953,-3.39407,-1.52354,5.18263,-0.57443,-2.91314
2019-04-16,1.13049,-2.9942,1.16899,-3.34898,-1.51298,5.17388,-0.57872,-2.91314
2019-04-17,1.1285,-2.98395,1.17184,-3.76874,-1.71566,5.18375,-0.57564,-2.91314
2019-04-18,1.12971,-2.96787,1.17169,-3.64811,-1.67197,5.1694,-0.57412,-2.91314
2019-04-19,1.1236,-2.96787,1.17156,-4.18023,-1.92867,5.27737,-0.56238,-2.91314
2019-04-22,1.12445,-2.96787,1.18064,-4.87589,-2.2749,5.28046,-0.56205,-2.91314
2019-04-23,1.1259,-2.95041,1.18297,-4.94473,-2.32357,5.26823,-0.56004,-2.91314
2019-04-24,1.12244,-2.92414,1.19079,-5.91135,-2.79518,5.14023,-0.56887,-2.91314
2019-04-25,1.11535,-2.9383,1.18896,-6.3908,-3.02201,4.96299,-0.59204,-2.91314
2019-04-26,1.11368,-2.89001,1.18275,-6.01657,-2.83899,4.9536,-0.58342,-2.91314
2019-04-29,1.11503,-2.89642,1.18377,-5.98263,-2.82043,4.96109,-0.58383,-2.91314
2019-04-30,1.11852,-2.86379,1.18972,-6.17121,-2.89647,4.9108,-0.58316,-2.91314
2019-05-01,1.1216,-2.90379,1.1922,-6.10439,-2.85265,4.91533,-0.59076,-2.25375
2019-05-02,1.12008,-2.95009,1.18009,-5.21829,-2.42905,4.91663,-0.60002,-2.25375
2019-05-03,1.11736,-2.93288,1.17366,-4.91595,-2.28812,4.92748,-0.59521,-2.25375
2019-05-06,1.11858,-2.91059,1.1907,-6.24805,-2.90408,4.92006,-0.59158,-2.25375
2019-05-07,1.12018,-2.89718,1.20357,-7.17993,-3.31724,4.87873,-0.59384,-2.25375
2019-05-08,1.11911,-2.93014,1.20144,-7.09912,-3.25173,4.86128,-0.60275,-2.25375
2019-05-09,1.11983,-2.9022,1.20247,-7.11994,-3.23167,4.8593,-0.59725,-2.25375
2019-05-10,1.12221,-2.88842,1.19172,-6.00955,-2.70554,4.81755,-0.59956,-2.25375
2019-05-13,1.12365,-2.81722,1.21429,-7.75822,-3.47047,4.71804,-0.59712,-2.25375
2019-05-14,1.12325,-2.84912,1.20449,-6.98263,-3.08949,4.55644,-0.62529,-2.25375
2019-05-15,1.12045,-2.82735,1.20134,-6.97082,-3.06029,4.5479,-0.62168,-2.25375
2019-05-16,1.12072,-2.8461,1.19692,-6.57795,-2.86692,4.54793,-0.6258,-2.25375
2019-05-17,1.11736,-2.84355,1.19807,-6.97429,-3.0201,4.57542,-0.62148,-2.25375
2019-05-20,1.11653,-2.85152,1.19731,-6.98532,-3.00163,4.53741,-0.62845,-2.25375
2019-05-21,1.11686,-2.89254,1.18826,-6.19728,-2.64424,4.53739,-0.63749,-2.25375
2019-05-23,1.11555,-2.76491,1.19353,-6.75684,-2.87055,4.54113,-0.60886,-2.25375
2019-05-24,1.11846,-2.80182,1.1887,-6.09148,-2.57081,4.5771,-0.61214,-2.25375
2019-05-27,1.12096,-2.81261,1.18739,-5.75721,-2.41886,4.5774,-0.61446,-2.25375
2019-05-28,1.11938,-2.77387,1.20031,-6.9802,-2.92074,4.55548,-0.60891,-2.25375
2019-05-29,1.11707,-2.74896,1.20106,-7.24954,-3.01301,4.56639,-0.602,-2.25375
2019-05-30,1.11373,-2.71815,1.19361,-6.92672,-2.85868,4.59779,-0.59119,-2.25375
2019-05-31,1.11311,-2.63695,1.19715,-7.27809,-2.9836,4.59663,-0.57367,-2.25375
2019-06-03,1.11741,-2.48774,1.19981,-7.11498,-2.89885,4.62942,-0.53738,-1.61519
2019-06-04,1.12463,-2.54362,1.19118,-5.74904,-2.32585,4.79032,-0.53099,-1.61519
2019-06-05,1.1254,-2.50897,1.18717,-5.3433,-2.15276,4.79079,-0.52371,-1.61519
2019-06-06,1.1229,-2.53563,1.18735,-5.58114,-2.24029,4.3444,-0.58366,-1.61519
2019-06-07,1.12765,-2.52536,1.1936,-5.68372,-2.27289,4.38373,-0.57608,-1.61519
2019-06-10,1.13202,-2.56772,1.18613,-4.6697,-1.8608,4.42538,-0.58023,-1.61519
2019-06-11,1.13181,-2.60264,1.18338,-4.45574,-1.77155,4.39827,-0.59174,-1.61519
2019-06-12,1.13295,-2.5568,1.18028,-4.09214,-1.6252,4.33432,-0.5899,-1.61519
2019-06-13,1.12956,-2.50719,1.18748,-5.00063,-1.98202,4.35747,-0.57538,-1.61519
2019-06-14,1.12804,-2.53095,1.18581,-4.9942,-1.97318,4.36036,-0.58045,-1.61519
2019-06-17,1.12171,-2.5462,1.18177,-5.21655,-2.05414,4.48931,-0.56717,-1.61519
2019-06-18,1.12246,-2.61133,1.17932,-4.94182,-1.93928,4.47756,-0.5832,-1.61519
2019-06-19,1.11982,-2.47259,1.18654,-5.78706,-2.26455,4.29207,-0.57608,-1.61519
2019-06-20,1.12385,-2.47023,1.19438,-6.08684,-2.37086,4.27111,-0.57836,-1.61519
2019-06-21,1.12956,-2.50062,1.19525,-5.653,-2.19081,4.17128,-0.59948,-1.61519
2019-06-24,1.13847,-2.45442,1.197,-5.01321,-1.93418,4.44517,-0.55215,-1.61519
2019-06-25,1.14003,-2.45183,1.19967,-5.09892,-1.96051,4.38702,-0.55888,-1.61519
2019-06-26,1.137,-2.50914,1.19813,-5.2374,-2.00614,4.40138,-0.57008,-1.61519
2019-06-27,1.13748,-2.47275,1.19937,-5.29853,-2.02154,4.38088,-0.56444,-1.61519
2019-06-28,1.13729,-2.49542,1.19545,-4.9873,-1.89518,4.37884,-0.56988,-1.61519
2019-07-01,1.13649,-2.53474,1.18657,-4.31189,-1.63286,4.3672,-0.5804,-2.84102
2019-07-02,1.12874,-2.53596,1.1774,-4.22015,-1.59391,4.58979,-0.55252,-2.84102
2019-07-03,1.12931,-2.52945,1.17999,-4.3901,-1.65416,4.52791,-0.55863,-2.84102
2019-07-04,1.1288,-2.53153,1.17969,-4.41013,-1.65725,4.51202,-0.56106,-2.84102
2019-07-05,1.12858,-2.61969,1.1764,-4.14968,-1.55514,4.51047,-0.5808,-2.84102
2019-07-08,1.12274,-2.63375,1.17674,-4.69747,-1.75624,4.58467,-0.57447,-2.84102
2019-07-09,1.1216,-2.66256,1.17507,-4.65663,-1.73573,4.58435,-0.58079,-2.84102
2019-07-10,1.12082,-2.5555,1.18547,-5.60748,-2.08421,4.58217,-0.55771,-2.84102
2019-07-11,1.12589,-2.58465,1.18194,-4.8587,-1.79816,4.66535,-0.55401,-2.84102
2019-07-12,1.12524,-2.5795,1.18103,-4.83899,-1.78513,4.59763,-0.56105,-2.84102
2019-07-15,1.12721,-2.57547,1.18136,-4.69272,-1.72575,4.61201,-0.55843,-2.84102
2019-07-16,1.12618,-2.61975,1.17434,-4.18755,-1.53576,4.60228,-0.56923,-2.84102
2019-07-17,1.12123,-2.59594,1.1771,-4.86266,-1.7795,4.67856,-0.55486,-2.84102
2019-07-18,1.12296,-2.53786,1.17571,-4.59028,-1.6746,4.56335,-0.55614,-2.84102
2019-07-19,1.12615,-2.58309,1.17603,-4.33389,-1.57667,4.59626,-0.562,-2.84102
2019-07-22,1.12183,-2.59183,1.17483,-4.61645,-1.67532,4.65321,-0.557,-2.84102
2019-07-23,1.12061,-2.62686,1.17139,-4.43174,-1.60395,4.61753,-0.56889,-2.84102
2019-07-24,1.11513,-2.62682,1.16844,-4.6701,-1.68626,4.54665,-0.57775,-2.84102
2019-07-25,1.11424,-2.63402,1.1701,-4.89155,-1.7613,4.53946,-0.58025,-2.84102
2019-07-26,1.11462,-2.63326,1.16852,-4.72271,-1.69531,4.53348,-0.58085,-2.84102
2019-07-29,1.11321,-2.63497,1.17062,-5.02785,-1.79973,4.49498,-0.5862,-2.84102
2019-07-30,1.11431,-2.62648,1.17598,-5.38671,-1.92202,4.46346,-0.58844,-2.84102
2019-07-31,1.1158,-2.68381,1.17809,-5.4323,-1.93124,4.46525,-0.60104,-2.84102
2019-08-01,1.10717,-2.52429,1.18077,-6.43554,-2.28048,4.7009,-0.53698,-2.01585
2019-08-02,1.10789,-2.52466,1.18266,-6.5313,-2.30371,4.69691,-0.53751,-2.01585
2019-08-05,1.1108,-2.41651,1.19441,-7.25664,-2.54802,4.71936,-0.51204,-2.01585
2019-08-06,1.12438,-2.43379,1.18323,-5.1018,-1.78076,5.31641,-0.45779,-2.01585
2019-08-07,1.1207,-2.46499,1.17294,-4.55621,-1.58621,5.35702,-0.46014,-2.01585
2019-08-08,1.12044,-2.48934,1.16956,-4.29115,-1.49095,5.34006,-0.46616,-2.01585
2019-08-09,1.11872,-2.51373,1.17215,-4.66588,-1.61791,5.34176,-0.47058,-2.01585
2019-08-12,1.12085,-2.47301,1.17834,-5.00172,-1.73034,5.35595,-0.46173,-2.01585
2019-08-13,1.12183,-2.54298,1.17512,-4.64086,-1.60119,5.33525,-0.47664,-2.01585
2019-08-14,1.11771,-2.46955,1.18022,-5.44201,-1.87416,5.38613,-0.4585,-2.01585
2019-08-15,1.11433,-2.39125,1.17906,-5.64597,-1.93962,5.38645,-0.44394,-2.01585
2019-08-16,1.11136,-2.4034,1.17492,-5.56203,-1.90499,5.4104,-0.44422,-2.01585
2019-08-19,1.10939,-2.44988,1.17223,-5.51014,-1.88178,5.42053,-0.45196,-2.01585
2019-08-20,1.10832,-2.43368,1.17389,-5.74787,-1.95684,5.41904,-0.4491,-2.01585
2019-08-21,1.10978,-2.47729,1.16937,-5.2305,-1.77493,5.39904,-0.45884,-2.01585
2019-08-22,1.10908,-2.49667,1.16812,-5.18649,-1.75567,5.37846,-0.4642,-2.01585
2019-08-23,1.1084,-2.41631,1.17367,-5.72167,-1.93257,5.37332,-0.44969,-2.01585
2019-08-26,1.11431,-2.4481,1.16898,-4.79043,-1.61386,5.46849,-0.44767,-2.01585
2019-08-27,1.11037,-2.43824,1.17175,-5.3807,-1.809,5.48159,-0.4448,-2.01585
2019-08-28,1.109,-2.4172,1.17322,-5.62932,-1.88811,5.4858,-0.44063,-2.01585
2019-08-29,1.10859,-2.45894,1.17041,-5.42682,-1.81459,5.42829,-0.45299,-2.01585
2019-08-30,1.10619,-2.42972,1.17051,-5.65155,-1.88423,5.27554,-0.46056,-2.01585
2019-09-02,1.09918,-2.43979,1.16931,-6.18471,-2.0552,5.41066,-0.45092,-2.61375
2019-09-03,1.09685,-2.38973,1.16575,-6.09183,-2.01626,5.40921,-0.44179,-2.61375
2019-09-04,1.09745,-2.34177,1.17066,-6.45772,-2.1294,5.33181,-0.43921,-2.61375
2019-09-05,1.1035,-2.44679,1.16529,-5.44863,-1.78966,5.39465,-0.45356,-2.61375
2019-09-06,1.10363,-2.42252,1.16578,-5.47845,-1.7943,5.3955,-0.44899,-2.61375
2019-09-09,1.10206,-2.45395,1.16683,-5.71115,-1.86527,5.39162,-0.45514,-2.61375
2019-09-10,1.10484,-2.53624,1.16273,-5.1074,-1.66296,5.39802,-0.46985,-2.61375
2019-09-11,1.10503,-2.54416,1.1576,-4.64701,-1.50948,5.39522,-0.47156,-2.61375
2019-09-12,1.10135,-2.50567,1.15699,-4.92849,-1.59807,5.32253,-0.47077,-2.61375
2019-09-13,1.10583,-2.54629,1.15409,-4.27171,-1.38216,5.39017,-0.4724,-2.61375
2019-09-16,1.10834,-2.49727,1.1776,-6.06155,-1.95893,5.39567,-0.46283,-2.61375
2019-09-17,1.10059,-2.47105,1.16708,-5.8657,-1.89059,5.51136,-0.44836,-2.61375
2019-09-18,1.10747,-2.53473,1.16147,-4.76059,-1.53036,5.56205,-0.45572,-2.61375
2019-09-19,1.10314,-2.48316,1.16476,-5.43472,-1.74446,5.35342,-0.46385,-2.61375
2019-09-20,1.10485,-2.43854,1.16692,-5.46597,-1.75047,5.35607,-0.45528,-2.61375
2019-09-23,1.1019,-2.4494,1.16668,-5.71226,-1.82507,5.35617,-0.4573,-2.61375
2019-09-24,1.09937,-2.36888,1.16685,-5.95706,-1.89885,5.36485,-0.44156,-2.61375
2019-09-25,1.10169,-2.44921,1.16063,-5.21239,-1.65764,5.39038,-0.45437,-2.61375
2019-09-26,1.09529,-2.44051,1.1613,-5.85199,-1.85733,5.49425,-0.44419,-2.61375
2019-09-27,1.09228,-2.42953,1.16009,-6.02309,-1.90636,5.36444,-0.45289,-2.61375
2019-09-30,1.09427,-2.43562,1.15519,-5.41744,-1.70965,5.38125,-0.45261,-2.61375
2019-10-01,1.08997,-2.35085,1.15405,-5.71299,-1.79941,5.42509,-0.43333,-2.70927
2019-10-02,1.09349,-2.27775,1.15356,-5.34782,-1.67939,5.47737,-0.41585,-2.70927
2019-10-03,1.09637,-2.19895,1.15328,-5.06069,-1.58499,5.42834,-0.40509,-2.70927
2019-10-04,1.09754,-2.20545,1.15206,-4.84823,-1.51502,5.43436,-0.40584,-2.70927
2019-10-07,1.09866,-2.26261,1.15066,-4.62445,-1.44216,5.44069,-0.41587,-2.70927
2019-10-08,1.09721,-2.2354,1.15225,-4.89428,-1.52354,5.3549,-0.41745,-2.70927
2019-10-09,1.09601,-2.26569,1.1496,-4.77331,-1.48293,5.35657,-0.42297,-2.70927
2019-10-10,1.09878,-2.27335,1.14996,-4.5526,-1.41139,5.37159,-0.42322,-2.70927
2019-10-11,1.1011,-2.36659,1.14954,-4.30475,-1.33204,5.394,-0.43874,-2.70927
2019-10-14,1.103,-2.3594,1.14505,-3.74131,-1.15576,5.3461,-0.44133,-2.70927
2019-10-15,1.1029,-2.32883,1.14237,-3.51647,-1.08492,5.3336,-0.43663,-2.70927
2019-10-16,1.10347,-2.2801,1.14478,-3.67503,-1.13269,5.29853,-0.43033,-2.70927
2019-10-17,1.10749,-2.29549,1.14544,-3.36894,-1.03725,5.30771,-0.43248,-2.70927
2019-10-18,1.11272,-2.26873,1.14455,-2.82024,-0.86764,5.39432,-0.42058,-2.70927
2019-10-21,1.11557,-2.30854,1.14174,-2.31821,-0.71319,5.33093,-0.43305,-2.70927
2019-10-22,1.11518,-2.28709,1.14422,-2.57114,-0.79117,5.32899,-0.42918,-2.70927
2019-10-23,1.11293,-2.26922,1.14756,-3.06413,-0.94293,5.34396,-0.42463,-2.70927
2019-10-24,1.11324,-2.27578,1.14788,-3.06469,-0.94302,5.33836,-0.42631,-2.70927
2019-10-25,1.1104,-2.31962,1.14611,-3.16607,-0.974,5.35881,-0.43286,-2.70927
2019-10-28,1.10843,-2.3157,1.14496,-3.24267,-0.9977,5.36207,-0.43187,-2.70927
2019-10-29,1.10991,-2.31059,1.14455,-3.07254,-0.94563,5.1384,-0.44967,-2.70927
2019-10-30,1.11148,-2.27367,1.14007,-2.53967,-0.78233,5.14436,-0.44197,-2.70927
2019-10-31,1.11545,-2.21351,1.14057,-2.22738,-0.6869,5.16672,-0.42842,-2.70927
2019-11-01,1.11571,-2.25439,1.14193,-2.32283,-0.71702,4.54661,-0.49584,-3.54059
2019-11-04,1.11666,-2.28389,1.14319,-2.34835,-0.7255,4.50494,-0.50697,-3.54059
2019-11-05,1.11285,-2.29844,1.14529,-2.87278,-0.88853,4.55454,-0.50465,-3.54059
2019-11-06,1.10742,-2.26207,1.14064,-2.95533,-0.91485,4.64604,-0.48688,-3.54059
2019-11-07,1.10704,-2.32448,1.14104,-3.02524,-0.93736,4.62714,-0.50236,-3.54059
2019-11-08,1.10197,-2.31957,1.13959,-3.3571,-1.04131,4.70416,-0.49309,-3.54059
2019-11-11,1.10224,-2.31266,1.13934,-3.30983,-1.02739,4.6541,-0.49691,-3.54059
2019-11-12,1.10355,-2.30219,1.13836,-3.1064,-0.9647,4.62705,-0.49755,-3.54059
2019-11-13,1.10124,-2.28083,1.13964,-3.42778,-1.06498,4.61574,-0.49414,-3.54059
2019-11-14,1.10132,-2.24341,1.13919,-3.38052,-1.05083,4.60398,-0.48728,-3.54059
2019-11-15,1.10205,-2.27584,1.13861,-3.26353,-1.01493,4.60328,-0.4944,-3.54059
2019-11-18,1.10551,-2.25986,1.13647,-2.7623,-0.85993,4.64004,-0.48704,-3.54059
2019-11-19,1.10724,-2.25766,1.13202,-2.21386,-0.69005,4.64977,-0.48554,-3.54059
2019-11-20,1.108,-2.22635,1.13621,-2.51452,-0.78477,4.65041,-0.47874,-3.54059
2019-11-21,1.10789,-2.25911,1.14126,-2.96787,-0.92745,4.52308,-0.49946,-3.54059
2019-11-22,1.10659,-2.26341,1.13623,-2.64318,-0.82719,4.47434,-0.50586,-3.54059
2019-11-25,1.10226,-2.26902,1.13462,-2.8942,-0.90753,4.53501,-0.50033,-3.54059
2019-11-26,1.10144,-2.24185,1.13484,-2.98677,-0.93803,4.53649,-0.49418,-3.54059
2019-11-27,1.10226,-2.28661,1.13368,-2.81107,-0.88426,4.52008,-0.50588,-3.54059
2019-11-28,1.10049,-2.28817,1.13292,-2.90465,-0.9149,4.3472,-0.52636,-3.54059
2019-11-29,1.10118,-2.25695,1.13035,-2.61519,-0.82478,4.32696,-0.5216,-3.54059
2019-12-02,1.1019,-2.24483,1.13251,-2.73979,-0.8657,4.32753,-0.51873,-3.21558
2019-12-03,1.10791,-2.18857,1.13526,-2.43899,-0.77212,4.32473,-0.50606,-3.21558
2019-12-04,1.10852,-2.2424,1.13802,-2.62586,-0.83353,4.32583,-0.51837,-3.21558
2019-12-05,1.1083,-2.21901,1.13788,-2.63349,-0.83884,4.31558,-0.51419,-3.21558
2019-12-06,1.11054,-2.25836,1.13695,-2.35015,-0.75169,4.30536,-0.52455,-3.21558
2019-12-09,1.10589,-2.28399,1.1439,-3.37946,-1.08495,4.3896,-0.52032,-3.21558
2019-12-10,1.1065,-2.31064,1.14285,-3.2326,-1.04214,4.33741,-0.53272,-3.21558
2019-12-11,1.10927,-2.27461,1.13779,-2.53826,-0.82139,4.29017,-0.53019,-3.21558
2019-12-12,1.11359,-2.31678,1.13446,-1.85718,-0.60271,4.33585,-0.53433,-3.21558
2019-12-13,1.11861,-2.255,1.13175,-1.16797,-0.38013,4.17937,-0.53956,-3.21558
2019-12-16,1.11245,-2.30279,1.12891,-1.46926,-0.47982,4.15784,-0.55384,-3.21558
2019-12-17,1.1137,-2.28734,1.13148,-1.58407,-0.51937,4.08304,-0.56021,-3.21558
2019-12-18,1.11514,-2.28252,1.13234,-1.53041,-0.50477,4.07984,-0.55946,-3.21558
2019-12-19,1.11159,-2.26576,1.13243,-1.85711,-0.61637,4.09554,-0.55323,-3.21558
2019-12-20,1.11259,-2.27829,1.13038,-1.58598,-0.52958,4.06799,-0.56005,-3.21558
2019-12-23,1.10798,-2.29883,1.13104,-2.05914,-0.69098,4.14018,-0.55525,-3.21558
2019-12-24,1.10939,-2.27883,1.13323,-2.12623,-0.71832,3.96786,-0.57432,-3.21558
2019-12-25,1.10902,-2.27883,1.13244,-2.0903,-0.71133,3.92375,-0.58078,-3.21558
2019-12-26,1.10955,-2.29883,1.13381,-2.16371,-0.74146,3.91086,-0.58781,-3.21558
2019-12-27,1.11011,-2.24251,1.138,-2.48156,-0.85664,3.81854,-0.58727,-3.21558
2019-12-30,1.11823,-2.19839,1.14504,-2.36959,-0.82513,4.02596,-0.54605,-3.21558
2019-12-31,1.12023,-2.19839,1.13113,-0.96812,-0.34039,4.01014,-0.54821,-3.21558
2020-01-01,1.12208,-2.19839,1.13044,-0.7419,-0.26312,4.01617,-0.54739,-4.9995
2020-01-02,1.12208,-2.20218,1.12339,-0.11654,-0.04164,4.01444,-0.54856,-4.9995
2020-01-03,1.11714,-2.16837,1.13852,-1.8952,-0.6836,4.11268,-0.52724,-4.9995
2020-01-06,1.1162,-2.19109,1.13784,-1.92093,-0.69944,4.10959,-0.53316,-4.9995
2020-01-07,1.1198,-2.19055,1.13475,-1.3266,-0.48691,4.12738,-0.53074,-4.9995
2020-01-08,1.11547,-2.22119,1.12428,-0.78595,-0.28874,4.19357,-0.52967,-4.9995
2020-01-09,1.11132,-2.19475,1.11885,-0.67518,-0.24856,4.25477,-0.51583,-4.9995
2020-01-10,1.11111,-2.16724,1.11746,-0.56981,-0.21048,4.25501,-0.50934,-4.9995
2020-01-13,1.11167,-2.1763,1.11396,-0.20607,-0.07623,4.25494,-0.51148,-4.9995
2020-01-14,1.11357,-2.17656,1.1151,-0.13724,-0.05093,4.2074,-0.51732,-4.9995
2020-01-15,1.11309,-2.16727,1.11369,-0.05434,-0.02025,4.10228,-0.52831,-4.9995
2020-01-16,1.1154,-2.18727,1.11511,0.02632,0.00986,4.09104,-0.53465,-4.9995
2020-01-17,1.11396,-2.18701,1.11456,-0.05391,-0.02036,4.09862,-0.5336,-4.9995
2020-01-20,1.10946,-2.18169,1.11432,-0.43737,-0.16692,4.15854,-0.52463,-4.9995
2020-01-21,1.10969,-2.12399,1.11594,-0.56095,-0.21642,4.15835,-0.51078,-4.9995
2020-01-22,1.10856,-2.13657,1.1123,-0.3368,-0.13116,4.13198,-0.51708,-4.9995
2020-01-23,1.10964,-2.13414,1.10917,0.04257,0.01672,4.12127,-0.51784,-4.9995
2020-01-24,1.10552,-2.11294,1.11067,-0.46466,-0.18389,4.17914,-0.50559,-4.9995
2020-01-27,1.10254,-2.08352,1.11695,-1.29933,-0.51787,4.20115,-0.49594,-4.9995
2020-01-28,1.10198,-2.09365,1.11176,-0.88355,-0.3552,4.13413,-0.50643,-4.9995
2020-01-29,1.10226,-2.07413,1.11227,-0.90396,-0.36654,4.13421,-0.5017,-4.9995
2020-01-30,1.10169,-2.07769,1.10505,-0.30517,-0.12474,4.12926,-0.50316,-4.9995
2020-01-31,1.10291,-2.00986,1.11211,-0.83024,-0.34163,4.08581,-0.49191,-4.9995
2020-02-03,1.10898,-2.0506,1.09942,0.86543,0.35796,4.1223,-0.49744,-5.63384
2020-02-04,1.10629,-2.06589,1.09332,1.17979,0.49215,4.15075,-0.49771,-5.63384
2020-02-05,1.10473,-2.08746,1.0951,0.87492,0.3684,4.05586,-0.51468,-5.63384
2020-02-06,1.10023,-2.07469,1.09334,0.62837,0.26731,4.13831,-0.50134,-5.63384
2020-02-07,1.0983,-2.06117,1.09291,0.49195,0.21221,4.14515,-0.49725,-5.63384
2020-02-10,1.09493,-2.01696,1.0873,0.69972,0.30662,4.169,-0.4838,-5.63384
2020-02-11,1.09135,-2.0611,1.09034,0.09237,0.04102,4.21726,-0.48873,-5.63384
2020-02-12,1.09194,-2.08596,1.09169,0.02292,0.01031,4.21643,-0.49472,-5.63384
2020-02-13,1.08759,-2.08751,1.09418,-0.60357,-0.27547,4.23179,-0.49329,-5.63384
2020-02-14,1.0846,-2.08009,1.09521,-0.97404,-0.45147,4.24445,-0.49007,-5.63384
2020-02-17,1.08418,-2.07831,1.09488,-0.98253,-0.46252,4.23942,-0.49023,-5.63384
2020-02-18,1.08401,-2.05824,1.09864,-1.34051,-0.6397,4.23932,-0.48551,-5.63384
2020-02-19,1.07954,-2.06848,1.10114,-1.98129,-0.95593,4.30361,-0.48064,-5.63384
2020-02-20,1.08101,-2.03907,1.10382,-2.088,-1.01928,4.25701,-0.47899,-5.63384
2020-02-21,1.0788,-1.98625,1.10369,-2.28126,-1.12326,4.27039,-0.46512,-5.63384
2020-02-24,1.08391,-1.94205,1.1091,-2.2976,-1.14134,4.38367,-0.44302,-5.63384
2020-02-25,1.08492,-1.89563,1.1056,-1.88821,-0.94504,4.38155,-0.43264,-5.63384
2020-02-26,1.0882,-1.86116,1.09857,-0.94878,-0.47997,4.42635,-0.42047,-5.63384
2020-02-27,1.08859,-1.8593,1.10191,-1.2165,-0.6247,4.4244,-0.42024,-5.63384
2020-02-28,1.09972,-1.64615,1.09014,0.87479,0.45575,4.75841,-0.34594,-5.63384
2020-03-02,1.10513,-1.66157,1.08965,1.41064,0.74437,4.86186,-0.34176,-1.56926
2020-03-03,1.1144,-1.49383,1.08706,2.48438,1.32772,5.14401,-0.2904,-1.56926
2020-03-04,1.11807,-1.49302,1.08254,3.22956,1.74885,5.16942,-0.28882,-1.56926
2020-03-05,1.11391,-1.43764,1.08285,2.82812,1.54984,5.15426,-0.27892,-1.56926
2020-03-06,1.12238,-1.35661,1.07066,4.71839,2.61942,5.36586,-0.25282,-1.56926
2020-03-09,1.1386,-1.34589,1.0444,8.63542,4.83968,6.04927,-0.22249,-1.56926
2020-03-10,1.1398,-1.4227,1.05871,7.37986,4.10851,6.00973,-0.23673,-1.56926
2020-03-11,1.13165,-1.43293,1.0615,6.39927,3.55613,6.13578,-0.23354,-1.56926
2020-03-12,1.12615,-1.47061,1.06592,5.49672,3.0636,6.11252,-0.24059,-1.56926
2020-03-13,1.11849,-1.38044,1.06431,4.96539,2.78798,6.26809,-0.22023,-1.56926
2020-03-16,1.11554,-1.23959,1.06148,4.96682,2.81744,6.28631,-0.19719,-1.56926
2020-03-17,1.11632,-1.33585,1.06245,4.94641,2.83165,6.25413,-0.21359,-1.56926
2020-03-18,1.10155,-1.3207,1.05525,4.29422,2.48454,6.79983,-0.19423,-1.56926
2020-03-19,1.09615,-1.10344,1.06359,3.01554,1.77269,6.81962,-0.1618,-1.56926
2020-03-20,1.06573,-1.04306,1.05902,0.63231,0.37836,8.81315,-0.11835,-1.56926
2020-03-23,1.06944,-0.97332,1.05692,1.17795,0.72018,8.85122,-0.10996,-1.56926
2020-03-24,1.07646,-1.01347,1.05942,1.59588,0.99514,8.96308,-0.11307,-1.56926
2020-03-25,1.08026,-0.93932,1.06026,1.86956,1.18561,8.99686,-0.10441,-1.56926
2020-03-26,1.08896,-0.93171,1.05836,2.85028,1.83317,9.02341,-0.10326,-1.56926
2020-03-27,1.10483,-0.95384,1.05949,4.18968,2.73333,9.49367,-0.10047,-1.56926
2020-03-30,1.11391,-0.94745,1.0561,5.32956,3.50728,9.63495,-0.09833,-1.56926
2020-03-31,1.10305,-0.93592,1.05962,4.01686,2.6502,9.82754,-0.09523,-1.56926
2020-04-01,1.10266,-0.89514,1.06565,3.41361,2.27056,9.79151,-0.09142,-0.7309
2020-04-02,1.09536,-0.88506,1.07118,2.23269,1.49787,9.87503,-0.08963,-0.7309
2020-04-03,1.08474,-0.90121,1.07468,0.93196,0.63052,10.02646,-0.08988,-0.7309
2020-04-06,1.0807,-0.92522,1.07449,0.57626,0.39338,10.02466,-0.09229,-0.7309
2020-04-07,1.08038,-0.91697,1.07408,0.58489,0.40365,10.00323,-0.09167,-0.7309
2020-04-08,1.08951,-0.88388,1.07322,1.5067,1.05021,10.15923,-0.087,-0.7309
2020-04-09,1.08637,-0.84739,1.07142,1.38527,0.97384,10.17088,-0.08332,-0.7309
2020-04-10,1.09274,-0.84739,1.07197,1.91918,1.35804,10.23869,-0.08276,-0.7309
2020-04-13,1.09327,-0.86739,1.07322,1.85054,1.31612,10.23983,-0.08471,-0.7309
2020-04-14,1.0923,-0.87308,1.07191,1.88431,1.35108,10.22922,-0.08535,-0.7309
2020-04-15,1.09854,-0.87941,1.07279,2.37156,1.71693,10.29781,-0.0854,-0.7309
2020-04-16,1.09051,-0.85993,1.07338,1.58359,1.15483,10.36823,-0.08294,-0.7309
2020-04-17,1.08585,-0.87232,1.07419,1.07915,0.79111,10.39865,-0.08389,-0.7309
2020-04-20,1.0867,-0.86697,1.07514,1.06924,0.78861,10.40013,-0.08336,-0.7309
2020-04-21,1.08648,-0.86177,1.07419,1.13796,0.84411,10.39686,-0.08289,-0.7309
2020-04-22,1.08565,-0.87039,1.07556,0.93356,0.69561,10.37451,-0.0839,-0.7309
2020-04-23,1.08096,-0.88761,1.07723,0.34566,0.25897,10.39486,-0.08539,-0.7309
2020-04-24,1.0777,-0.88822,1.07683,0.0812,0.06123,10.40892,-0.08533,-0.7309
2020-04-27,1.08237,-0.88164,1.07631,0.56126,0.42513,10.45025,-0.08436,-0.7309
2020-04-28,1.08249,-0.85412,1.07623,0.57994,0.44125,10.45045,-0.08173,-0.7309
2020-04-29,1.08366,-0.87906,1.07698,0.61811,0.47186,10.45028,-0.08412,-0.7309
2020-04-30,1.08773,-0.90584,1.07873,0.83011,0.63534,10.41701,-0.08696,-0.7309
2020-05-01,1.09455,-0.90584,1.07948,1.38624,1.06155,10.48961,-0.08636,-0.63694
2020-05-04,1.09596,-0.89928,1.0795,1.51369,1.16197,10.49052,-0.08572,-0.63694
2020-05-05,1.09043,-0.94278,1.0803,0.93366,0.71889,10.50739,-0.08973,-0.63694
2020-05-06,1.08386,-0.88957,1.07919,0.43183,0.33347,10.56897,-0.08417,-0.63694
2020-05-07,1.07986,-0.84502,1.07759,0.21027,0.16307,10.57664,-0.07989,-0.63694
2020-05-08,1.08372,-0.9066,1.07861,0.4721,0.3681,10.58482,-0.08565,-0.63694
2020-05-11,1.08395,-0.88218,1.07817,0.5348,0.4202,10.58419,-0.08335,-0.63694
2020-05-12,1.08094,-0.85266,1.07841,0.23402,0.18528,10.56899,-0.08068,-0.63694
2020-05-13,1.08468,-0.85756,1.07919,0.50706,0.40453,10.57845,-0.08107,-0.63694
2020-05-14,1.08237,-0.86782,1.07885,0.32546,0.26154,10.58682,-0.08197,-0.63694
2020-05-15,1.0807,-0.87051,1.07869,0.18605,0.1504,10.59116,-0.08219,-0.63694
2020-05-18,1.08213,-0.87132,1.07794,0.38856,0.31666,10.56186,-0.0825,-0.63694
2020-05-19,1.09151,-0.81495,1.07664,1.37167,1.1195,10.69802,-0.07618,-0.63694
2020-05-20,1.09278,-0.80752,1.07598,1.5493,1.26551,10.69043,-0.07554,-0.63694
2020-05-21,1.0983,-0.83109,1.07726,1.9345,1.58203,10.69609,-0.0777,-0.63694
2020-05-22,1.09529,-0.82524,1.07723,1.6629,1.35904,10.71121,-0.07704,-0.63694
2020-05-25,1.09078,-0.82131,1.0774,1.23452,1.00847,10.72877,-0.07655,-0.63694
2020-05-26,1.0903,-0.79713,1.07677,1.24849,1.02081,10.72899,-0.0743,-0.63694
2020-05-27,1.09818,-0.80434,1.07729,1.9199,1.57285,10.6306,-0.07566,-0.63694
2020-05-28,1.10169,-0.78726,1.07729,2.23915,1.83791,10.60377,-0.07424,-0.63694
2020-05-29,1.10791,-0.79372,1.0776,2.77367,2.2758,10.52978,-0.07538,-0.63694
2020-06-01,1.11185,-0.77693,1.07727,3.15933,2.58239,10.53344,-0.07376,0.48737
2020-06-02,1.11259,-0.82133,1.07858,3.10478,2.52481,10.50837,-0.07816,0.48737
2020-06-03,1.11894,-0.81737,1.07873,3.66017,2.9682,10.45949,-0.07815,0.48737
2020-06-04,1.1236,-0.80803,1.07909,4.04121,3.25862,10.0811,-0.08015,0.48737
2020-06-05,1.13379,-0.81845,1.07954,4.90298,3.9261,10.24662,-0.07988,0.48737
2020-06-08,1.13195,-0.83284,1.08121,4.58581,3.63019,10.15023,-0.08205,0.48737
2020-06-09,1.13056,-0.81511,1.08195,4.39463,3.45042,10.10518,-0.08066,0.48737
2020-06-10,1.13322,-0.78476,1.08205,4.62037,3.60844,10.01733,-0.07834,0.48737
2020-06-11,1.13654,-0.83781,1.08698,4.4587,3.46014,10.0148,-0.08366,0.48737
2020-06-12,1.12881,-0.85163,1.08749,3.72932,2.87612,10.11519,-0.08419,0.48737
2020-06-15,1.1252,-0.85647,1.08812,3.35098,2.57374,9.76284,-0.08773,0.48737
2020-06-16,1.13377,-0.86017,1.08895,4.03385,3.08999,9.80972,-0.08769,0.48737
2020-06-17,1.12657,-0.84629,1.0895,3.34631,2.55039,8.02706,-0.10543,0.48737
2020-06-18,1.12429,-0.85022,1.09045,3.05577,2.32617,8.03028,-0.10588,0.48737
2020-06-19,1.1211,-0.8589,1.09239,2.59391,1.97163,7.9763,-0.10768,0.48737
2020-06-22,1.11776,-0.88034,1.09255,2.2804,1.73276,7.98705,-0.11022,0.48737
2020-06-23,1.12797,-0.83729,1.09197,3.24376,2.46687,8.03092,-0.10426,0.48737
2020-06-24,1.13123,-0.84537,1.09305,3.43381,2.61235,7.53443,-0.1122,0.48737
2020-06-25,1.12509,-0.85895,1.09365,2.8338,2.15235,7.45289,-0.11525,0.48737
2020-06-26,1.12221,-0.86609,1.09555,2.40437,1.82655,7.19603,-0.12036,0.48737
2020-06-29,1.12259,-0.85348,1.09487,2.49976,1.90467,7.19491,-0.11862,0.48737
2020-06-30,1.12472,-0.85423,1.09438,2.73464,2.08341,7.06243,-0.12095,0.48737
2020-07-01,1.1236,-0.8285,1.09387,2.68118,2.04135,6.76101,-0.12254,0.56978
2020-07-02,1.12514,-0.83472,1.09455,2.75645,2.1018,6.7061,-0.12447,0.56978
2020-07-03,1.12378,-0.84278,1.0952,2.57627,1.96586,6.71372,-0.12553,0.56978
2020-07-06,1.12472,-0.83793,1.09579,2.606,1.99089,6.52454,-0.12843,0.56978
2020-07-07,1.13129,-0.83313,1.09719,3.0605,2.33652,6.57265,-0.12676,0.56978
2020-07-08,1.12752,-0.83281,1.09705,2.74014,2.08662,6.53339,-0.12747,0.56978
2020-07-09,1.13392,-0.83707,1.09779,3.23785,2.46172,6.61427,-0.12655,0.56978
2020-07-10,1.1288,-0.85631,1.09795,2.77093,2.1029,6.6867,-0.12806,0.56978
2020-07-13,1.131,-0.82355,1.10113,2.67708,2.03164,6.61046,-0.12458,0.56978
2020-07-14,1.13455,-0.80857,1.09976,3.11409,2.35762,6.43781,-0.1256,0.56978
2020-07-15,1.14107,-0.83152,1.09996,3.66941,2.76315,6.43876,-0.12914,0.56978
2020-07-16,1.14172,-0.83555,1.10044,3.68288,2.75328,6.43891,-0.12977,0.56978
2020-07-17,1.13921,-0.81593,1.09859,3.63078,2.69426,6.46371,-0.12623,0.56978
2020-07-20,1.1443,-0.83588,1.09833,4.09983,3.02079,6.49802,-0.12864,0.56978
2020-07-21,1.14587,-0.80946,1.0999,4.09437,2.99041,6.41358,-0.12621,0.56978
2020-07-22,1.1534,-0.8376,1.1003,4.71347,3.41503,6.45976,-0.12966,0.56978
2020-07-23,1.15687,-0.84035,1.1017,4.88689,3.50506,6.43823,-0.13052,0.56978
2020-07-24,1.15961,-0.80682,1.10188,5.10687,3.62919,6.44052,-0.12527,0.56978
2020-07-27,1.16526,-0.83198,1.10183,5.59675,3.93782,6.48442,-0.12831,0.56978
2020-07-28,1.17693,-0.83866,1.1031,6.47793,4.49881,6.70124,-0.12515,0.56978
2020-07-29,1.17188,-0.81367,1.10299,6.05847,4.14228,6.71342,-0.1212,0.56978
2020-07-30,1.17829,-0.82419,1.10364,6.54469,4.42134,6.76999,-0.12174,0.56978
2020-07-31,1.18723,-0.81974,1.10454,7.2188,4.80788,6.76987,-0.12109,0.56978
2020-08-03,1.17823,-0.8169,1.10625,6.30362,4.12335,6.84591,-0.11933,1.53713
2020-08-04,1.17633,-0.83044,1.10691,6.08299,3.92819,6.79618,-0.12219,1.53713
2020-08-05,1.18154,-0.81353,1.10765,6.45842,4.11837,6.80956,-0.11947,1.53713
2020-08-06,1.18728,-0.81866,1.10803,6.90861,4.34385,6.84048,-0.11968,1.53713
2020-08-07,1.18765,-0.83234,1.10753,6.98445,4.31959,6.7906,-0.12257,1.53713
2020-08-10,1.17827,-0.84967,1.10908,6.05158,3.68412,7.03415,-0.12079,1.53713
2020-08-11,1.17378,-0.85071,1.1114,5.46108,3.28741,7.07575,-0.12023,1.53713
2020-08-12,1.17365,-0.84356,1.11124,5.46457,3.25921,7.05814,-0.11952,1.53713
2020-08-13,1.17938,-0.81575,1.11108,5.9659,3.52792,7.09392,-0.11499,1.53713
2020-08-14,1.18166,-0.80156,1.11149,6.12163,3.58262,6.93997,-0.1155,1.53713
2020-08-17,1.18526,-0.81008,1.11217,6.36412,3.68815,6.94907,-0.11657,1.53713
2020-08-18,1.18765,-0.81642,1.11332,6.46296,3.71074,6.90895,-0.11817,1.53713
2020-08-19,1.19479,-0.82609,1.11527,6.88719,3.91038,6.92508,-0.11929,1.53713
2020-08-20,1.18435,-0.82492,1.11564,5.97662,3.3534,7.13444,-0.11563,1.53713
2020-08-21,1.18737,-0.85566,1.11519,6.27131,3.49282,7.12971,-0.12001,1.53713
2020-08-24,1.1798,-0.82865,1.11699,5.47129,3.02196,7.19465,-0.11518,1.53713
2020-08-25,1.17945,-0.80871,1.11845,5.31067,2.9238,7.18801,-0.11251,1.53713
2020-08-26,1.1835,-0.81362,1.12033,5.48531,3.0082,7.14461,-0.11388,1.53713
2020-08-27,1.18427,-0.8263,1.12152,5.44453,2.97224,7.12682,-0.11594,1.53713
2020-08-28,1.18196,-0.81663,1.12028,5.35954,2.91337,7.15103,-0.1142,1.53713
2020-08-31,1.19182,-0.80321,1.12552,5.72432,3.09911,7.24003,-0.11094,1.53713
2020-09-01,1.1939,-0.80304,1.12645,5.8156,3.1266,7.21346,-0.11133,1.54133
2020-09-02,1.19232,-0.83082,1.12553,5.76479,3.07516,7.03798,-0.11805,1.54133
2020-09-03,1.18474,-0.83232,1.13288,4.47533,2.36873,7.16776,-0.11612,1.54133
2020-09-04,1.18398,-0.83713,1.12813,4.83232,2.54669,7.16216,-0.11688,1.54133
2020-09-07,1.18345,-0.83325,1.12872,4.73506,2.48022,7.15831,-0.1164,1.54133
2020-09-08,1.18217,-0.84618,1.12412,5.0358,2.623,7.15219,-0.11831,1.54133
2020-09-09,1.17702,-0.82838,1.1239,4.61855,2.39033,7.06419,-0.11727,1.54133
2020-09-10,1.18064,-0.81342,1.12397,4.91901,2.53197,7.03596,-0.11561,1.54133
2020-09-11,1.18244,-0.81673,1.12052,5.37887,2.75123,6.90002,-0.11837,1.54133
2020-09-14,1.18427,-0.83931,1.11895,5.67362,2.88047,6.75176,-0.12431,1.54133
2020-09-15,1.187,-0.82931,1.1211,5.71195,2.87744,6.73377,-0.12316,1.54133
2020-09-16,1.18444,-0.83257,1.12549,5.1049,2.55128,6.71986,-0.1239,1.54133
2020-09-17,1.18034,-0.82501,1.12866,4.47792,2.22526,6.73166,-0.12256,1.54133
2020-09-18,1.18482,-0.83759,1.12786,4.92714,2.43865,6.54907,-0.12789,1.54133
2020-09-21,1.18455,-0.85564,1.12704,4.97716,2.44947,6.53788,-0.13087,1.54133
2020-09-22,1.1768,-0.83703,1.12713,4.312,2.10977,6.58449,-0.12712,1.54133
2020-09-23,1.17084,-0.84637,1.1295,3.59401,1.75123,6.6543,-0.12719,1.54133
2020-09-24,1.16585,-0.85152,1.13001,3.12288,1.51732,6.72699,-0.12658,1.54133
2020-09-25,1.16732,-0.82676,1.128,3.42699,1.66133,6.72319,-0.12297,1.54133
2020-09-28,1.16353,-0.83615,1.12895,3.01761,1.4589,6.75981,-0.12369,1.54133
2020-09-29,1.16788,-0.80045,1.12685,3.57632,1.72549,6.7878,-0.11792,1.54133
2020-09-30,1.17421,-0.82212,1.12678,4.12234,1.98316,6.84501,-0.12011,1.54133
2020-10-01,1.17261,-0.82872,1.12737,3.93452,1.88548,6.85729,-0.12085,1.58474
2020-10-02,1.17449,-0.83677,1.12505,4.3013,2.05401,6.77981,-0.12342,1.58474
2020-10-05,1.17204,-0.84542,1.13004,3.64998,1.73574,6.75505,-0.12515,1.58474
2020-10-06,1.17925,-0.85004,1.13492,3.83099,1.81674,6.76999,-0.12556,1.58474
2020-10-07,1.17376,-0.86199,1.13203,3.62071,1.71166,6.77417,-0.12725,1.58474
2020-10-08,1.17675,-0.84077,1.13335,3.75729,1.77153,6.77985,-0.12401,1.58474
2020-10-09,1.1767,-0.89022,1.13014,4.03745,1.89929,6.76195,-0.13165,1.58474
2020-10-12,1.18168,-0.89221,1.12814,4.63691,2.17549,6.72193,-0.13273,1.58474
2020-10-13,1.18161,-0.90372,1.1312,4.36017,2.03697,6.72305,-0.13442,1.58474
2020-10-14,1.17422,-0.89163,1.13398,3.48707,1.62251,6.83922,-0.13037,1.58474
2020-10-15,1.1744,-0.91353,1.13427,3.47632,1.61333,6.79161,-0.13451,1.58474
2020-10-16,1.17071,-0.92035,1.13448,3.14349,1.45526,6.8256,-0.13484,1.58474
2020-10-19,1.17155,-0.94258,1.13581,3.09796,1.43141,6.70849,-0.14051,1.58474
2020-10-20,1.17689,-0.92509,1.13774,3.38278,1.56032,6.74121,-0.13723,1.58474
2020-10-21,1.18298,-0.91589,1.1342,4.21114,1.93883,6.79967,-0.1347,1.58474
2020-10-22,1.1854,-0.93566,1.13515,4.33101,1.98873,6.74626,-0.13869,1.58474
2020-10-23,1.1815,-0.94017,1.13316,4.17769,1.91197,6.48806,-0.14491,1.58474
2020-10-26,1.18485,-0.91677,1.13646,4.16942,1.90262,6.44984,-0.14214,1.58474
2020-10-27,1.18094,-0.93087,1.13923,3.59635,1.63746,6.39607,-0.14554,1.58474
2020-10-28,1.17841,-0.95432,1.14069,3.25344,1.47888,6.22438,-0.15332,1.58474
2020-10-29,1.17487,-0.96504,1.13467,3.48105,1.58051,6.0656,-0.1591,1.58474
2020-10-30,1.16787,-0.9408,1.13537,2.82247,1.2796,6.17317,-0.1524,1.58474
2020-11-02,1.16421,-0.96547,1.13823,2.25664,1.02294,6.13239,-0.15744,0.54847
2020-11-03,1.16428,-0.96944,1.13874,2.21784,1.00641,6.04537,-0.16036,0.54847
2020-11-04,1.17622,-0.94571,1.13656,3.43007,1.55725,6.40012,-0.14776,0.54847
2020-11-05,1.17327,-0.93305,1.13377,3.42471,1.55234,6.22205,-0.14996,0.54847
2020-11-06,1.18175,-0.94808,1.12613,4.82118,2.18174,6.34137,-0.14951,0.54847
2020-11-09,1.1893,-0.91652,1.13584,4.599,2.07341,6.46346,-0.1418,0.54847
2020-11-10,1.18273,-0.9201,1.13766,3.88511,1.74526,6.49371,-0.14169,0.54847
2020-11-11,1.18188,-0.92303,1.13641,3.92316,1.75902,6.4841,-0.14235,0.54847
2020-11-12,1.17803,-0.90727,1.13925,3.34726,1.49777,6.4866,-0.13987,0.54847
2020-11-13,1.18034,-0.9194,1.13422,3.98568,1.78092,6.48584,-0.14176,0.54847
2020-11-16,1.18453,-0.93749,1.13569,4.21011,1.87747,6.41037,-0.14625,0.54847
2020-11-17,1.18594,-0.92233,1.1367,4.24087,1.88675,6.17007,-0.14948,0.54847
2020-11-18,1.18637,-0.90404,1.14057,3.93679,1.74621,6.14919,-0.14702,0.54847
2020-11-19,1.18476,-0.9244,1.1391,3.93063,1.74011,6.01794,-0.15361,0.54847
2020-11-20,1.18665,-0.91967,1.14224,3.81404,1.68536,6.02513,-0.15264,0.54847
2020-11-23,1.18665,-0.92268,1.14374,3.68312,1.62558,5.98701,-0.15411,0.54847
2020-11-24,1.18427,-0.92453,1.14687,3.20949,1.41607,5.99956,-0.1541,0.54847
2020-11-25,1.19005,-0.92967,1.14837,3.56564,1.57234,6.06406,-0.15331,0.54847
2020-11-26,1.192,-0.93264,1.14891,3.68182,1.62265,5.84004,-0.1597,0.54847
2020-11-27,1.1916,-0.92179,1.14833,3.69885,1.62915,5.82966,-0.15812,0.54847
2020-11-30,1.19715,-0.91218,1.14757,4.22938,1.86156,5.89763,-0.15467,0.54847
2020-12-01,1.19382,-0.90708,1.14836,3.8818,1.7078,5.78054,-0.15692,1.54963
2020-12-02,1.20744,-0.89207,1.15193,4.70661,2.071,6.19834,-0.14392,1.54963
2020-12-03,1.21146,-0.90883,1.15341,4.91036,2.16008,6.22543,-0.14599,1.54963
2020-12-04,1.21457,-0.9171,1.15465,5.05849,2.22353,6.23352,-0.14712,1.54963
2020-12-07,1.21214,-0.91688,1.15486,4.84047,2.11999,6.17734,-0.14843,1.54963
2020-12-08,1.21131,-0.9284,1.15462,4.79372,2.09568,6.15868,-0.15075,1.54963
2020-12-09,1.21109,-0.95319,1.15618,4.64048,2.0259,6.15555,-0.15485,1.54963
2020-12-10,1.20788,-0.92882,1.16132,3.93074,1.71598,6.18058,-0.15028,1.54963
2020-12-11,1.21443,-0.91575,1.16251,4.36906,1.90753,6.25215,-0.14647,1.54963
2020-12-14,1.21334,-0.92,1.16508,4.05843,1.77381,6.23655,-0.14752,1.54963
2020-12-15,1.21489,-0.89992,1.16614,4.09546,1.79276,6.18958,-0.14539,1.54963
2020-12-16,1.21543,-0.88881,1.16781,3.99719,1.75157,6.15257,-0.14446,1.54963
2020-12-17,1.21996,-0.89668,1.16876,4.28728,1.88086,6.18662,-0.14494,1.54963
2020-12-18,1.22627,-0.88787,1.17145,4.5733,2.00588,6.0885,-0.14583,1.54963
2020-12-21,1.22161,-0.89779,1.17166,4.17502,1.82999,6.04492,-0.14852,1.54963
2020-12-22,1.22369,-0.89513,1.16959,4.52167,1.9819,5.96403,-0.15009,1.54963
2020-12-23,1.21867,-0.87511,1.17338,3.78673,1.65827,6.0424,-0.14483,1.54963
2020-12-24,1.21914,-0.87511,1.17269,3.88464,1.70136,5.98968,-0.1461,1.54963
2020-12-25,1.21847,-0.87511,1.17343,3.76655,1.6501,5.96397,-0.14673,1.54963
2020-12-28,1.22051,-0.89071,1.17242,4.01994,1.76261,5.89006,-0.15122,1.54963
2020-12-29,1.22234,-0.88624,1.17514,3.93838,1.72657,5.87887,-0.15075,1.54963
2020-12-30,1.2253,-0.88686,1.17635,4.07685,1.79069,5.88632,-0.15066,1.54963
2020-12-31,1.22999,-0.89686,1.17785,4.33116,1.90466,5.89239,-0.15221,1.54963
2021-01-01,1.21803,-0.89686,1.17863,3.28754,1.44679,6.15669,-0.14567,0.65303
2021-01-04,1.22507,-0.85224,1.18266,3.52342,1.55494,6.15372,-0.13849,0.65303
2021-01-05,1.22516,-0.87564,1.18825,3.05893,1.35368,6.14318,-0.14254,0.65303
2021-01-06,1.23003,-0.87488,1.1909,3.23241,1.43538,6.1773,-0.14163,0.65303
2021-01-07,1.23411,-0.88276,1.18942,3.68875,1.64336,6.15882,-0.14333,0.65303
2021-01-08,1.22714,-0.88556,1.19396,2.74141,1.22355,6.28705,-0.14085,0.65303
2021-01-11,1.21862,-0.87295,1.19667,1.81746,0.81319,6.31927,-0.13814,0.65303
2021-01-12,1.21607,-0.86339,1.19981,1.34645,0.60408,6.34153,-0.13615,0.65303
2021-01-13,1.22089,-0.87087,1.19744,1.93935,0.87288,6.33227,-0.13753,0.65303
2021-01-14,1.21625,-0.9127,1.19755,1.549,0.69869,6.39515,-0.14272,0.65303
2021-01-15,1.21513,-0.87469,1.19732,1.47596,0.66776,6.35124,-0.13772,0.65303
2021-01-18,1.20681,-0.868,1.1981,0.72486,0.32849,6.44763,-0.13462,0.65303
2021-01-19,1.20773,-0.87198,1.19957,0.67768,0.30779,6.43883,-0.13543,0.65303
2021-01-20,1.21389,-0.86539,1.19928,1.211,0.5513,6.46705,-0.13382,0.65303
2021-01-21,1.21156,-0.8565,1.19998,0.96097,0.43845,6.46514,-0.13248,0.65303
2021-01-22,1.21663,-0.86223,1.19843,1.50747,0.68971,6.46623,-0.13334,0.65303
2021-01-25,1.21694,-0.8773,1.20045,1.36476,0.62607,6.44448,-0.13613,0.65303
2021-01-26,1.21462,-0.85833,1.20194,1.04971,0.4828,6.4237,-0.13362,0.65303
2021-01-27,1.2163,-0.8787,1.21049,0.47868,0.22095,6.28809,-0.13974,0.65303
2021-01-28,1.21051,-0.88065,1.20555,0.41072,0.19029,6.33643,-0.13898,0.65303
2021-01-29,1.212,-0.86318,1.20979,0.18284,0.08504,6.33657,-0.13622,0.65303
2021-02-01,1.21239,-0.85424,1.21016,0.18369,0.08579,6.03103,-0.14164,-0.43476
2021-02-02,1.20687,-0.84489,1.21107,-0.34776,-0.16323,6.08597,-0.13883,-0.43476
2021-02-03,1.20391,-0.83933,1.21237,-0.70037,-0.33026,5.95532,-0.14094,-0.43476
2021-02-04,1.20424,-0.83183,1.21305,-0.72868,-0.34496,5.82612,-0.14278,-0.43476
2021-02-05,1.19667,-0.81578,1.21477,-1.50079,-0.71266,5.8586,-0.13924,-0.43476
2021-02-08,1.20488,-0.83321,1.21737,-1.03163,-0.49104,6.00404,-0.13877,-0.43476
2021-02-09,1.20536,-0.83495,1.21901,-1.12637,-0.53682,5.96008,-0.14009,-0.43476
2021-02-10,1.212,-0.83948,1.22001,-0.65863,-0.31446,6.03991,-0.13899,-0.43476
2021-02-11,1.21212,-0.84883,1.21784,-0.47082,-0.2253,6.00678,-0.14131,-0.43476
2021-02-12,1.21315,-0.83723,1.22111,-0.65428,-0.31389,6.00522,-0.13942,-0.43476
2021-02-15,1.21221,-0.82565,1.22193,-0.79845,-0.38434,6.00952,-0.13739,-0.43476
2021-02-16,1.21322,-0.84354,1.22463,-0.93571,-0.45169,6.00037,-0.14058,-0.43476
2021-02-17,1.20925,-0.82053,1.22885,-1.60837,-0.77872,6.03926,-0.13587,-0.43476
2021-02-18,1.2048,-0.80694,1.22928,-2.01147,-0.97661,6.09143,-0.13247,-0.43476
2021-02-19,1.20919,-0.80984,1.22557,-1.34577,-0.65462,6.11137,-0.13251,-0.43476
2021-02-22,1.21264,-0.81527,1.23246,-1.6212,-0.7919,6.06356,-0.13445,-0.43476
2021-02-23,1.21668,-0.80874,1.23257,-1.29759,-0.63524,6.08815,-0.13284,-0.43476
2021-02-24,1.21521,-0.81422,1.23484,-1.60179,-0.78501,6.09446,-0.1336,-0.43476
2021-02-25,1.21714,-0.83872,1.23744,-1.6542,-0.81145,6.03648,-0.13894,-0.43476
2021-02-26,1.21604,-0.80667,1.23654,-1.6714,-0.82048,6.0095,-0.13423,-0.43476
2021-03-01,1.20896,-0.83575,1.225,-1.31846,-0.64754,5.69989,-0.14663,0.53603
2021-03-02,1.20511,-0.83487,1.22271,-1.44997,-0.71268,5.69518,-0.14659,0.53603
2021-03-03,1.20855,-0.84069,1.22717,-1.52929,-0.75232,5.70091,-0.14747,0.53603
2021-03-04,1.20507,-0.84643,1.2342,-2.38911,-1.17584,5.71572,-0.14809,0.53603
2021-03-05,1.19677,-0.83993,1.23821,-3.40368,-1.67467,5.8751,-0.14297,0.53603
2021-03-08,1.19256,-0.86511,1.23336,-3.36343,-1.65276,5.91278,-0.14631,0.53603
2021-03-09,1.18517,-0.87309,1.22953,-3.67481,-1.80314,6.01379,-0.14518,0.53603
2021-03-10,1.18979,-0.85463,1.23009,-3.33091,-1.6309,5.96253,-0.14333,0.53603
2021-03-11,1.19261,-0.84611,1.23358,-3.37803,-1.65188,5.98544,-0.14136,0.53603
2021-03-12,1.19861,-0.83881,1.23177,-2.72894,-1.33248,6.07111,-0.13816,0.53603
2021-03-15,1.195,-0.85078,1.22935,-2.83385,-1.38369,6.09525,-0.13958,0.53603
2021-03-16,1.19258,-0.86884,1.22643,-2.79944,-1.36662,6.05065,-0.14359,0.53603
2021-03-17,1.19016,-0.84149,1.22661,-3.01663,-1.4733,5.95402,-0.14133,0.53603
2021-03-18,1.19828,-0.86612,1.21483,-1.37164,-0.67003,6.08888,-0.14225,0.53603
2021-03-19,1.19182,-0.87923,1.21647,-2.04642,-1.00122,6.15904,-0.14275,0.53603
2021-03-22,1.18831,-0.87855,1.21543,-2.25626,-1.10505,6.135,-0.1432,0.53603
2021-03-23,1.1933,-0.88612,1.20631,-1.0844,-0.5312,6.20166,-0.14288,0.53603
2021-03-24,1.18402,-0.87805,1.21573,-2.64314,-1.29581,6.37906,-0.13764,0.53603
2021-03-25,1.18131,-0.8876,1.20834,-2.26282,-1.1087,6.37464,-0.13924,0.53603
2021-03-26,1.17766,-0.88465,1.21388,-3.02867,-1.48306,6.38164,-0.13862,0.53603
2021-03-29,1.1788,-0.88192,1.21551,-3.06672,-1.49886,6.36052,-0.13866,0.53603
2021-03-30,1.1771,-0.87165,1.21332,-3.03092,-1.4785,6.29807,-0.1384,0.53603
2021-03-31,1.17236,-0.88184,1.21083,-3.22837,-1.572,6.06211,-0.14547,0.53603
2021-04-01,1.17288,-0.9051,1.21082,-3.18361,-1.54702,5.92669,-0.15272,1.26683
2021-04-02,1.17799,-0.9251,1.20916,-2.61089,-1.26666,6.0102,-0.15392,1.26683
2021-04-05,1.17682,-0.9051,1.20439,-2.31633,-1.12321,5.93774,-0.15243,1.26683
2021-04-06,1.18189,-0.88955,1.20659,-2.06842,-1.0026,5.96819,-0.14905,1.26683
2021-04-07,1.18742,-0.89596,1.20641,-1.58599,-0.76852,5.97576,-0.14993,1.26683
2021-04-08,1.18737,-0.88413,1.20702,-1.6417,-0.79568,5.83078,-0.15163,1.26683
2021-04-09,1.19157,-0.883,1.20629,-1.22788,-0.59523,5.87325,-0.15034,1.26683
2021-04-12,1.19005,-0.90859,1.20544,-1.28504,-0.62321,5.81122,-0.15635,1.26683
2021-04-13,1.19147,-0.88801,1.20738,-1.32683,-0.64388,5.77818,-0.15368,1.26683
2021-04-14,1.19541,-0.88351,1.21395,-1.539,-0.74706,5.82217,-0.15175,1.26683
2021-04-15,1.19861,-0.88374,1.21433,-1.30306,-0.63267,5.6933,-0.15523,1.26683
2021-04-16,1.19717,-0.88444,1.21364,-1.36571,-0.66316,5.69463,-0.15531,1.26683
2021-04-19,1.19695,-0.86243,1.21593,-1.5736,-0.76418,5.59477,-0.15415,1.26683
2021-04-20,1.20453,-0.85895,1.21554,-0.90999,-0.44182,5.73403,-0.1498,1.26683
2021-04-21,1.20324,-0.86885,1.21174,-0.70386,-0.3418,5.67105,-0.15321,1.26683
2021-04-22,1.20378,-0.8775,1.21175,-0.66065,-0.32095,5.67175,-0.15471,1.26683
2021-04-23,1.20148,-0.87615,1.21273,-0.93226,-0.45306,5.6718,-0.15448,1.26683
2021-04-26,1.20899,-0.89448,1.21064,-0.13676,-0.0665,5.80716,-0.15403,1.26683
2021-04-27,1.20817,-0.88435,1.21286,-0.38747,-0.18859,5.73033,-0.15433,1.26683
2021-04-28,1.20903,-0.88066,1.21469,-0.4669,-0.22735,5.7266,-0.15378,1.26683
2021-04-29,1.21359,-0.85571,1.21894,-0.43979,-0.21422,5.77664,-0.14813,1.26683
2021-04-30,1.21271,-0.86469,1.21603,-0.27308,-0.13305,5.70363,-0.1516,1.26683
2021-05-03,1.20278,-0.86369,1.2166,-1.14251,-0.55681,5.92026,-0.14589,1.51739
2021-05-04,1.20613,-0.87573,1.2186,-1.02904,-0.50154,5.94643,-0.14727,1.51739
2021-05-05,1.2015,-0.87483,1.2186,-1.41321,-0.68935,5.8597,-0.1493,1.51739
2021-05-06,1.2008,-0.8775,1.21639,-1.28987,-0.62967,5.697,-0.15403,1.51739
2021-05-07,1.20685,-0.85245,1.21781,-0.90335,-0.44125,5.78661,-0.14731,1.51739
2021-05-10,1.21711,-0.8703,1.21738,-0.02208,-0.01079,5.9293,-0.14678,1.51739
2021-05-11,1.21409,-0.85474,1.21932,-0.42963,-0.21048,5.95112,-0.14363,1.51739
2021-05-12,1.21445,-0.84113,1.22261,-0.66941,-0.32871,5.94904,-0.14139,1.51739
2021-05-13,1.20785,-0.8384,1.21757,-0.80143,-0.39462,6.04696,-0.13865,1.51739
2021-05-14,1.20773,-0.83553,1.22014,-1.02225,-0.50412,6.04425,-0.13824,1.51739
2021-05-17,1.21504,-0.83166,1.2219,-0.56289,-0.27795,6.12975,-0.13568,1.51739
2021-05-18,1.21569,-0.83386,1.22055,-0.39918,-0.19735,6.08244,-0.13709,1.51739
2021-05-19,1.2224,-0.83739,1.21644,0.48851,0.24187,6.13734,-0.13644,1.51739
2021-05-20,1.21729,-0.81979,1.21437,0.23958,0.11869,6.17406,-0.13278,1.51739
2021-05-21,1.22254,-0.85129,1.21487,0.62956,0.31205,6.19812,-0.13735,1.51739
2021-05-24,1.21832,-0.82884,1.22006,-0.14283,-0.07086,6.23324,-0.13297,1.51739
2021-05-25,1.22146,-0.84128,1.21965,0.14862,0.07386,6.24636,-0.13468,1.51739
2021-05-26,1.22491,-0.84208,1.21979,0.4192,0.20872,6.26743,-0.13436,1.51739
2021-05-27,1.21926,-0.83391,1.22142,-0.17684,-0.08819,6.22485,-0.13397,1.51739
2021-05-28,1.21932,-0.83854,1.22141,-0.17151,-0.08566,6.18821,-0.13551,1.51739
2021-05-31,1.21901,-0.83358,1.22173,-0.22328,-0.1117,6.16503,-0.13521,1.51739
2021-06-01,1.22329,-0.85582,1.2215,0.14578,0.07309,6.1702,-0.1387,0.9362
2021-06-02,1.22178,-0.83479,1.22496,-0.26021,-0.13072,6.0054,-0.13901,0.9362
2021-06-03,1.22099,-0.86467,1.22291,-0.15711,-0.07906,5.95776,-0.14513,0.9362
2021-06-04,1.2133,-0.85219,1.22456,-0.92339,-0.46545,5.96214,-0.14293,0.9362
2021-06-07,1.21684,-0.86772,1.22267,-0.47772,-0.2413,5.94188,-0.14603,0.9362
2021-06-08,1.21936,-0.84883,1.22538,-0.49259,-0.24923,5.93815,-0.14294,0.9362
2021-06-09,1.21729,-0.88592,1.22294,-0.46335,-0.23485,5.87524,-0.15079,0.9362
2021-06-10,1.2182,-0.86136,1.22481,-0.5409,-0.27432,5.83844,-0.14753,0.9362
2021-06-11,1.21726,-0.88542,1.22329,-0.4949,-0.25131,5.82343,-0.15204,0.9362
2021-06-14,1.21102,-0.87971,1.22407,-1.07162,-0.54481,5.90708,-0.14892,0.9362
2021-06-15,1.21222,-0.87448,1.22644,-1.16574,-0.59337,5.75894,-0.15185,0.9362
2021-06-16,1.21271,-0.92696,1.22361,-0.89448,-0.45615,5.64603,-0.16418,0.9362
2021-06-17,1.19956,-0.93715,1.22041,-1.72354,-0.88015,6.04094,-0.15513,0.9362
2021-06-18,1.19134,-0.96401,1.21969,-2.35135,-1.20198,6.14449,-0.15689,0.9362
2021-06-21,1.18737,-0.95827,1.22174,-2.85409,-1.46049,5.97717,-0.16032,0.9362
2021-06-22,1.19126,-0.94169,1.22221,-2.56509,-1.31224,5.99225,-0.15715,0.9362
2021-06-23,1.19367,-0.95635,1.2215,-2.30433,-1.17905,5.96772,-0.16025,0.9362
2021-06-24,1.19332,-0.95758,1.22172,-2.35245,-1.20374,5.96661,-0.16049,0.9362
2021-06-25,1.19303,-0.97035,1.22154,-2.36161,-1.20833,5.95803,-0.16286,0.9362
2021-06-28,1.19422,-0.94262,1.2207,-2.19352,-1.1223,5.89684,-0.15985,0.9362
2021-06-29,1.19289,-0.96155,1.21936,-2.19435,-1.12272,5.90341,-0.16288,0.9362
2021-06-30,1.19019,-0.94751,1.22068,-2.52967,-1.2941,5.86566,-0.16154,0.9362
2021-07-01,1.18568,-0.95517,1.221,-2.93583,-1.50168,5.91479,-0.16149,0.00891
2021-07-02,1.18462,-0.95189,1.22137,-3.05498,-1.56004,5.85632,-0.16254,0.00891
2021-07-05,1.18562,-0.94416,1.22159,-2.98837,-1.52307,5.78289,-0.16327,0.00891
2021-07-06,1.18638,-0.93504,1.21953,-2.75576,-1.40186,5.78441,-0.16165,0.00891
2021-07-07,1.18245,-0.94462,1.21672,-2.85676,-1.45333,5.77595,-0.16354,0.00891
2021-07-08,1.17934,-0.92119,1.21978,-3.37185,-1.71621,5.79338,-0.15901,0.00891
2021-07-09,1.1848,-0.95181,1.21924,-2.86495,-1.45766,5.86561,-0.16227,0.00891
2021-07-12,1.1873,-0.95057,1.21844,-2.58931,-1.31758,5.84222,-0.16271,0.00891
2021-07-13,1.18652,-0.97784,1.21853,-2.66219,-1.35526,5.81575,-0.16814,0.00891
2021-07-14,1.17754,-0.95159,1.21729,-3.32028,-1.69111,6.00019,-0.15859,0.00891
2021-07-15,1.18333,-0.96109,1.21429,-2.58199,-1.3135,6.08875,-0.15785,0.00891
2021-07-16,1.18118,-0.98699,1.21245,-2.61271,-1.32822,5.95177,-0.16583,0.00891
2021-07-19,1.1814,-0.94906,1.20664,-2.11427,-1.0738,5.95055,-0.15949,0.00891
2021-07-20,1.17938,-0.96647,1.20649,-2.27207,-1.15348,5.9553,-0.16229,0.00891
2021-07-21,1.17841,-0.98388,1.20987,-2.63458,-1.3365,5.94749,-0.16543,0.00891
2021-07-22,1.17927,-0.9689,1.21321,-2.83687,-1.43779,5.80165,-0.167,0.00891
2021-07-23,1.17727,-0.9948,1.21164,-2.87757,-1.45686,5.80725,-0.1713,0.00891
2021-07-26,1.17734,-0.99711,1.21181,-2.8853,-1.45862,5.80357,-0.17181,0.00891
2021-07-27,1.18078,-0.99234,1.21164,-2.58049,-1.30369,5.781,-0.17166,0.00891
2021-07-28,1.18231,-1.00018,1.21132,-2.42391,-1.22366,5.79104,-0.17271,0.00891
2021-07-29,1.1846,-1.00024,1.21312,-2.37976,-1.2003,5.58606,-0.17906,0.00891
2021-07-30,1.1893,-0.99346,1.21367,-2.02831,-1.02228,5.61695,-0.17687,0.00891
2021-08-02,1.1867,-0.97736,1.20923,-1.88032,-0.94717,5.58328,-0.17505,-0.33238
2021-08-03,1.18747,-0.98736,1.20793,-1.70874,-0.86013,5.58519,-0.17678,-0.33238
2021-08-04,1.18694,-0.99193,1.20438,-1.45798,-0.73346,5.48405,-0.18088,-0.33238
2021-08-05,1.18374,-1.03635,1.20269,-1.58777,-0.79832,5.2099,-0.19892,-0.33238
2021-08-06,1.18357,-1.01259,1.20368,-1.68488,-0.8469,5.19367,-0.19497,-0.33238
2021-08-09,1.17495,-1.02976,1.1996,-2.07663,-1.04329,5.37181,-0.1917,-0.33238
2021-08-10,1.17385,-1.03894,1.20126,-2.3087,-1.15882,5.2787,-0.19682,-0.33238
2021-08-11,1.17233,-1.02052,1.20383,-2.6515,-1.32998,5.28083,-0.19325,-0.33238
2021-08-12,1.17419,-1.02059,1.20362,-2.47553,-1.24067,5.13091,-0.19891,-0.33238
2021-08-13,1.17363,-1.01629,1.20269,-2.4466,-1.22493,5.12626,-0.19825,-0.33238
2021-08-16,1.17947,-1.00027,1.20183,-1.87791,-0.93984,5.10131,-0.19608,-0.33238
2021-08-17,1.17799,-1.02005,1.19911,-1.77617,-0.8883,5.05001,-0.20199,-0.33238
2021-08-18,1.17097,-1.02372,1.19671,-2.1744,-1.08672,5.06929,-0.20195,-0.33238
2021-08-19,1.17033,-1.01184,1.19455,-2.0482,-1.02322,5.03797,-0.20084,-0.33238
2021-08-20,1.16766,-1.02602,1.19208,-2.06959,-1.03306,5.00568,-0.20497,-0.33238
2021-08-23,1.16975,-1.0241,1.19811,-2.39538,-1.19466,4.98043,-0.20562,-0.33238
2021-08-24,1.17445,-1.02969,1.20103,-2.23751,-1.11446,5.00542,-0.20572,-0.33238
2021-08-25,1.17531,-1.01247,1.20402,-2.41325,-1.20052,5.01081,-0.20206,-0.33238
2021-08-26,1.17744,-1.02527,1.20063,-1.95058,-0.9692,5.03331,-0.2037,-0.33238
2021-08-27,1.17564,-0.99235,1.20595,-2.5457,-1.26375,4.96874,-0.19972,-0.33238
2021-08-30,1.1799,-0.97519,1.2081,-2.36169,-1.17055,5.03901,-0.19353,-0.33238
2021-08-31,1.17969,-0.9653,1.20795,-2.36724,-1.17178,5.03953,-0.19155,-0.33238
2021-09-01,1.18103,-0.96478,1.2059,-2.08419,-1.03026,4.91155,-0.19643,-0.18823
2021-09-02,1.18409,-0.96932,1.20742,-1.95123,-0.96352,4.90301,-0.1977,-0.18823
2021-09-03,1.18765,-0.97002,1.20663,-1.58559,-0.78226,4.92578,-0.19693,-0.18823
2021-09-06,1.18859,-0.97025,1.2065,-1.49545,-0.73735,4.92461,-0.19702,-0.18823
2021-09-07,1.18751,-0.96572,1.20493,-1.4566,-0.71781,4.92034,-0.19627,-0.18823
2021-09-08,1.18436,-0.96068,1.20655,-1.85667,-0.9145,4.94044,-0.19445,-0.18823
2021-09-09,1.18191,-0.98444,1.20286,-1.75661,-0.8645,4.85923,-0.20259,-0.18823
2021-09-10,1.18259,-0.98047,1.20459,-1.84289,-0.90629,4.85514,-0.20194,-0.18823
2021-09-13,1.1812,-0.96265,1.20691,-2.1539,-1.05852,4.85495,-0.19828,-0.18823
2021-09-14,1.1812,-0.96582,1.20661,-2.12905,-1.04539,4.36261,-0.22139,-0.18823
2021-09-15,1.1805,-0.95836,1.20992,-2.4615,-1.20754,4.15038,-0.23091,-0.18823
2021-09-16,1.182,-0.97518,1.20864,-2.22859,-1.09178,4.10829,-0.23737,-0.18823
2021-09-17,1.17675,-0.96856,1.20786,-2.6093,-1.27705,4.14316,-0.23377,-0.18823
2021-09-20,1.17299,-0.98877,1.2029,-2.51782,-1.23083,4.16096,-0.23763,-0.18823
2021-09-21,1.17302,-0.97982,1.20406,-2.61205,-1.27612,4.16139,-0.23546,-0.18823
2021-09-22,1.17229,-1.00326,1.20552,-2.79486,-1.36417,4.16197,-0.24106,-0.18823
2021-09-23,1.16877,-1.00643,1.20724,-3.23823,-1.5782,4.18917,-0.24025,-0.18823
2021-09-24,1.17403,-1.01351,1.20789,-2.84366,-1.38295,4.29563,-0.23594,-0.18823
2021-09-27,1.17231,-1.03316,1.20754,-2.96132,-1.43786,4.2834,-0.2412,-0.18823
2021-09-28,1.16968,-1.02398,1.20553,-3.01897,-1.4632,4.24188,-0.2414,-0.18823
2021-09-29,1.16863,-1.02708,1.20452,-3.02498,-1.46346,4.24191,-0.24213,-0.18823
2021-09-30,1.16016,-1.00056,1.20564,-3.8453,-1.85695,4.4646,-0.22411,-0.18823
2021-10-01,1.15745,-1.01058,1.2062,-4.12584,-1.98637,4.47766,-0.22569,-0.64555
2021-10-04,1.16073,-1.00582,1.20738,-3.94093,-1.89067,4.48318,-0.22435,-0.64555
2021-10-05,1.16184,-1.01732,1.20823,-3.91482,-1.87256,4.46454,-0.22787,-0.64555
2021-10-06,1.15961,-1.02888,1.20533,-3.86745,-1.84414,4.36598,-0.23566,-0.64555
2021-10-07,1.15553,-1.05657,1.2047,-4.16673,-1.98036,4.38279,-0.24107,-0.64555
2021-10-08,1.15598,-1.048,1.2059,-4.22835,-2.00226,4.38554,-0.23897,-0.64555
2021-10-11,1.1566,-1.03151,1.20708,-4.27176,-2.01488,4.13864,-0.24924,-0.64555
2021-10-12,1.15537,-1.05025,1.20501,-4.20618,-1.97611,4.00412,-0.26229,-0.64555
2021-10-13,1.1534,-1.06938,1.20382,-4.27805,-2.00226,4.00254,-0.26718,-0.64555
2021-10-14,1.15996,-1.07525,1.20541,-3.84329,-1.79168,4.18013,-0.25723,-0.64555
2021-10-15,1.15915,-1.11632,1.20341,-3.74702,-1.74126,4.17107,-0.26763,-0.64555
2021-10-18,1.1597,-1.11474,1.20267,-3.63798,-1.68553,4.1722,-0.26718,-0.64555
2021-10-19,1.16139,-1.05821,1.20796,-3.93165,-1.81653,4.18159,-0.25306,-0.64555
2021-10-20,1.1632,-1.07925,1.20697,-3.69436,-1.70152,4.18624,-0.25781,-0.64555
2021-10-21,1.1655,-1.11707,1.20321,-3.18377,-1.46222,4.20846,-0.26544,-0.64555
2021-10-22,1.16253,-1.13395,1.20208,-3.34473,-1.53299,4.18809,-0.27076,-0.64555
2021-10-25,1.16401,-1.14369,1.2017,-3.18685,-1.45729,4.18761,-0.27311,-0.64555
2021-10-26,1.16117,-1.14839,1.20065,-3.34364,-1.52577,4.1865,-0.27431,-0.64555
2021-10-27,1.15982,-1.18445,1.19496,-2.98447,-1.35877,4.09807,-0.28903,-0.64555
2021-10-28,1.16001,-1.15671,1.19698,-3.1375,-1.42583,4.08334,-0.28328,-0.64555
2021-10-29,1.16836,-1.10045,1.20126,-2.7771,-1.25951,4.34874,-0.25305,-0.64555
2021-11-01,1.15567,-1.12687,1.19921,-3.69831,-1.67468,4.84382,-0.23264,-1.08374
2021-11-02,1.15996,-1.1548,1.19725,-3.16439,-1.42899,4.8906,-0.23613,-1.08374
2021-11-03,1.15794,-1.1575,1.19537,-3.18089,-1.43372,4.89863,-0.23629,-1.08374
2021-11-04,1.16158,-1.17107,1.19236,-2.61536,-1.1766,4.73782,-0.24717,-1.08374
2021-11-05,1.15553,-1.15786,1.194,-3.27458,-1.47127,4.84158,-0.23915,-1.08374
2021-11-08,1.15689,-1.21998,1.18893,-2.73219,-1.22516,4.84506,-0.2518,-1.08374
2021-11-09,1.15915,-1.19394,1.1912,-2.72701,-1.22124,4.85127,-0.24611,-1.08374
2021-11-10,1.15955,-1.28415,1.18129,-1.85724,-0.83073,4.85218,-0.26465,-1.08374
2021-11-11,1.14859,-1.26889,1.18348,-2.99223,-1.33789,5.08412,-0.24958,-1.08374
2021-11-12,1.14508,-1.32376,1.17994,-2.99849,-1.33914,5.10898,-0.2591,-1.08374
2021-11-15,1.14416,-1.3083,1.18044,-3.12108,-1.39214,4.98471,-0.26246,-1.08374
2021-11-16,1.13665,-1.33898,1.17828,-3.59682,-1.60183,5.13779,-0.26061,-1.08374
2021-11-17,1.13212,-1.31545,1.17697,-3.88489,-1.72636,5.17364,-0.25426,-1.08374
2021-11-18,1.13212,-1.32538,1.17613,-3.81399,-1.69064,5.15386,-0.25716,-1.08374
2021-11-19,1.13684,-1.35529,1.17106,-2.96543,-1.31111,5.15948,-0.26268,-1.08374
2021-11-22,1.12757,-1.45665,1.16237,-3.03909,-1.34188,5.37554,-0.27098,-1.08374
2021-11-23,1.12421,-1.40661,1.16777,-3.80088,-1.67569,5.37155,-0.26186,-1.08374
2021-11-24,1.12449,-1.45373,1.16439,-3.4864,-1.53317,5.37261,-0.27058,-1.08374
2021-11-25,1.1203,-1.43378,1.16544,-3.95058,-1.73371,5.33329,-0.26884,-1.08374
2021-11-26,1.12096,-1.32365,1.15624,-3.09853,-1.35622,5.33932,-0.24791,-1.08374
2021-11-29,1.12932,-1.31078,1.16197,-2.85063,-1.24577,5.57553,-0.2351,-1.08374
2021-11-30,1.12934,-1.3353,1.15321,-2.09137,-0.91312,5.53727,-0.24115,-1.08374
2021-12-01,1.13303,-1.33065,1.14849,-1.35551,-0.59183,5.5446,-0.23999,-1.03434
2021-12-02,1.13195,-1.427,1.14361,-1.02478,-0.44773,5.53584,-0.25778,-1.03434
2021-12-03,1.13062,-1.37771,1.14533,-1.29275,-0.56521,5.53636,-0.24885,-1.03434
2021-12-06,1.13048,-1.43015,1.14631,-1.39099,-0.60827,5.52461,-0.25887,-1.03434
2021-12-07,1.12867,-1.45429,1.15101,-1.96011,-0.85729,5.52085,-0.26342,-1.03434
2021-12-08,1.12765,-1.41381,1.15646,-2.52245,-1.10337,5.51452,-0.25638,-1.03434
2021-12-09,1.13456,-1.44885,1.15002,-1.35374,-0.59198,5.68179,-0.255,-1.03434
2021-12-10,1.12933,-1.40837,1.15712,-2.43104,-1.06321,5.73548,-0.24555,-1.03434
2021-12-13,1.13118,-1.38942,1.15579,-2.15162,-0.94033,5.75472,-0.24144,-1.03434
2021-12-14,1.12854,-1.39942,1.15228,-2.08215,-0.90964,5.75033,-0.24336,-1.03434
2021-12-15,1.12613,-1.40882,1.15423,-2.46513,-1.07682,5.708,-0.24681,-1.03434
2021-12-16,1.12908,-1.36734,1.15689,-2.43341,-1.06248,5.72296,-0.23892,-1.03434
2021-12-17,1.13341,-1.40854,1.15057,-1.50248,-0.65594,5.79036,-0.24326,-1.03434
2021-12-20,1.12435,-1.40253,1.14772,-2.05712,-0.89854,5.98059,-0.23451,-1.03434
2021-12-21,1.12775,-1.43599,1.14843,-1.81724,-0.79365,6.00591,-0.2391,-1.03434
2021-12-22,1.12876,-1.40313,1.15475,-2.27639,-0.99409,5.92546,-0.2368,-1.03434
2021-12-23,1.13289,-1.41599,1.15528,-1.95699,-0.85435,5.98404,-0.23663,-1.03434
2021-12-24,1.13273,-1.41938,1.15451,-1.90441,-0.83155,5.97454,-0.23757,-1.03434
2021-12-27,1.13243,-1.45757,1.15234,-1.74344,-0.76137,5.97421,-0.24398,-1.03434
2021-12-28,1.133,-1.43242,1.1546,-1.88784,-0.82473,5.81604,-0.24629,-1.03434
2021-12-29,1.13148,-1.4409,1.15424,-1.99182,-0.87032,5.80578,-0.24818,-1.03434
2021-12-30,1.13602,-1.40696,1.15655,-1.79146,-0.78284,5.83665,-0.24106,-1.03434
2021-12-31,1.1325,-1.40914,1.1547,-1.94102,-0.84847,5.8562,-0.24062,-1.03434
2022-01-03,1.13735,-1.43594,1.15332,-1.39506,-0.60995,5.92149,-0.2425,-2.32579
2022-01-04,1.13022,-1.43381,1.15331,-2.02224,-0.88595,6.00752,-0.23867,-2.32579
2022-01-05,1.12836,-1.47751,1.1462,-1.56835,-0.68815,6.01117,-0.24579,-2.32579
2022-01-06,1.13135,-1.51123,1.1432,-1.04206,-0.45807,6.03895,-0.25025,-2.32579
2022-01-07,1.12969,-1.49506,1.14467,-1.31735,-0.58009,6.04145,-0.24747,-2.32579
2022-01-10,1.1354,-1.53351,1.13876,-0.29547,-0.13032,6.13019,-0.25016,-2.32579
2022-01-11,1.13304,-1.50662,1.14415,-0.97543,-0.43084,6.02103,-0.25023,-2.32579
2022-01-12,1.13665,-1.54532,1.14069,-0.35471,-0.1569,6.06228,-0.25491,-2.32579
2022-01-13,1.14416,-1.53488,1.1393,0.42574,0.18868,6.21599,-0.24692,-2.32579
2022-01-14,1.14571,-1.61357,1.13217,1.18903,0.52782,6.21494,-0.25963,-2.32579
2022-01-17,1.14107,-1.59242,1.13402,0.61999,0.27552,6.25122,-0.25474,-2.32579
2022-01-18,1.14106,-1.66912,1.12511,1.40738,0.62636,6.23431,-0.26773,-2.32579
2022-01-19,1.13296,-1.6447,1.12821,0.42056,0.18739,6.36578,-0.25837,-2.32579
2022-01-20,1.13434,-1.69595,1.12174,1.11719,0.49844,6.3652,-0.26644,-2.32579
2022-01-21,1.13138,-1.65147,1.12617,0.46139,0.20609,6.36757,-0.25936,-2.32579
2022-01-24,1.13415,-1.65795,1.12375,0.92057,0.41157,6.39118,-0.25941,-2.32579
2022-01-25,1.13241,-1.69598,1.12092,1.02051,0.4568,6.39457,-0.26522,-2.32579
2022-01-26,1.13045,-1.79039,1.11112,1.72475,0.77285,6.21243,-0.2882,-2.32579
2022-01-27,1.12435,-1.81619,1.10718,1.53905,0.69029,5.92876,-0.30634,-2.32579
2022-01-28,1.1147,-1.77267,1.1122,0.225,0.10104,6.08914,-0.29112,-2.32579
2022-01-31,1.11524,-1.75236,1.11484,0.03528,0.01586,6.08891,-0.28779,-2.32579
2022-02-01,1.12296,-1.74691,1.11225,0.95868,0.43135,6.22799,-0.28049,-2.0717
2022-02-02,1.1274,-1.71297,1.11678,0.94606,0.42578,6.21761,-0.2755,-2.0717
2022-02-03,1.12999,-1.65452,1.12602,0.35228,0.15864,6.2333,-0.26543,-2.0717
2022-02-04,1.14358,-1.67227,1.12556,1.58814,0.71532,6.68869,-0.25001,-2.0717
2022-02-07,1.14551,-1.65276,1.12752,1.58357,0.71332,6.69871,-0.24673,-2.0717
2022-02-08,1.1443,-1.71508,1.11723,2.39341,1.0834,6.42953,-0.26675,-2.0717
2022-02-09,1.14213,-1.77239,1.11028,2.82808,1.28699,6.41162,-0.27643,-2.0717
2022-02-10,1.14215,-2.0067,1.08141,5.46503,2.49795,6.40977,-0.31307,-2.0717
2022-02-11,1.14155,-1.88284,1.1,3.70836,1.69744,6.2706,-0.30027,-2.0717
2022-02-14,1.13651,-2.00794,1.08703,4.45074,2.03913,6.28272,-0.3196,-2.0717
2022-02-15,1.13063,-1.98139,1.08885,3.7658,1.72271,6.36961,-0.31107,-2.0717
2022-02-16,1.13568,-1.95089,1.0945,3.69325,1.6935,6.3776,-0.3059,-2.0717
2022-02-17,1.13753,-1.95023,1.09232,4.05567,1.86336,6.16511,-0.31633,-2.0717
2022-02-18,1.13665,-1.97435,1.09156,4.048,1.85395,6.13538,-0.3218,-2.0717
2022-02-21,1.13172,-1.97517,1.09342,3.44281,1.57328,6.20153,-0.3185,-2.0717
2022-02-22,1.13097,-1.98045,1.09732,3.02,1.37906,6.15449,-0.32179,-2.0717
2022-02-23,1.13291,-1.98559,1.09806,3.12506,1.42549,6.16191,-0.32224,-2.0717
2022-02-24,1.13057,-2.00945,1.0991,2.82325,1.28696,5.99782,-0.33503,-2.0717
2022-02-25,1.11907,-1.99377,1.10112,1.61702,0.7363,6.33796,-0.31458,-2.0717
2022-02-28,1.11811,-1.97542,1.10653,1.04108,0.47383,6.30151,-0.31348,-2.0717
2022-03-01,1.12159,-2.00654,1.10673,1.33358,0.60735,6.33443,-0.31677,-1.13374
2022-03-02,1.11328,-2.13958,1.0987,1.31775,0.60005,6.49771,-0.32928,-1.13374
2022-03-03,1.11123,-2.10858,1.10081,0.9425,0.42903,6.50542,-0.32413,-1.13374
2022-03-04,1.10668,-2.22393,1.0947,1.08838,0.49598,6.54528,-0.33978,-1.13374
2022-03-07,1.08745,-2.23009,1.09953,-1.10445,-0.50524,7.39581,-0.30153,-1.13374
2022-03-08,1.08653,-2.24157,1.10144,-1.3625,-0.62562,7.27006,-0.30833,-1.13374
2022-03-09,1.08982,-2.21631,1.09086,-0.09472,-0.04364,7.26277,-0.30516,-1.13374
2022-03-10,1.10738,-2.17844,1.09335,1.27551,0.58972,7.97178,-0.27327,-1.13374
2022-03-11,1.10139,-2.16928,1.09789,0.31881,0.14796,8.02691,-0.27025,-1.13374
2022-03-14,1.09321,-2.26065,1.08345,0.89624,0.41727,8.14386,-0.27759,-1.13374
2022-03-15,1.09432,-2.28774,1.07421,1.85504,0.86612,8.12548,-0.28155,-1.13374
2022-03-16,1.09694,-2.36453,1.06366,3.08083,1.4405,8.09925,-0.29194,-1.13374
2022-03-17,1.1022,-2.33205,1.07553,2.44866,1.14373,8.02148,-0.29073,-1.13374
2022-03-18,1.10995,-2.37792,1.0718,3.49774,1.63506,8.12804,-0.29256,-1.13374
2022-03-21,1.10431,-2.50956,1.0651,3.61518,1.69005,8.18175,-0.30673,-1.13374
2022-03-22,1.10172,-2.47401,1.07018,2.90468,1.35668,8.15048,-0.30354,-1.13374
2022-03-23,1.10297,-2.43921,1.07966,2.13595,0.99604,8.15639,-0.29905,-1.13374
2022-03-24,1.10063,-2.39763,1.08224,1.68476,0.78515,8.16343,-0.2937,-1.13374
2022-03-25,1.10096,-2.51044,1.07224,2.64272,1.23183,8.16252,-0.30756,-1.13374
2022-03-28,1.09819,-2.50623,1.06808,2.7798,1.29522,8.17108,-0.30672,-1.13374
2022-03-29,1.09938,-2.44527,1.07391,2.34434,1.09104,8.12686,-0.30089,-1.13374
2022-03-30,1.10915,-2.30733,1.09103,1.64776,0.7666,8.3216,-0.27727,-1.13374
2022-03-31,1.11618,-2.36602,1.08269,3.04685,1.41841,8.37763,-0.28242,-1.13374
2022-04-01,1.10724,-2.51371,1.06779,3.62737,1.68798,8.43619,-0.29797,-3.01762
2022-04-04,1.10473,-2.55065,1.06853,3.33164,1.5482,8.44104,-0.30217,-3.01762
2022-04-05,1.09759,-2.5981,1.06568,2.94993,1.3698,8.50727,-0.3054,-3.01762
2022-04-06,1.09064,-2.5504,1.06795,2.10253,0.97745,8.58584,-0.29705,-3.01762
2022-04-07,1.08982,-2.49482,1.07372,1.48904,0.69477,8.51016,-0.29316,-3.01762
2022-04-08,1.08648,-2.52979,1.07316,1.23431,0.57931,8.51923,-0.29695,-3.01762
2022-04-11,1.08849,-2.4075,1.08119,0.67291,0.31746,8.49898,-0.28327,-3.01762
2022-04-12,1.0878,-2.3475,1.09019,-0.21963,-0.10419,8.36933,-0.28049,-3.01762
2022-04-13,1.08261,-2.33667,1.09401,-1.04678,-0.50016,8.39492,-0.27834,-3.01762
2022-04-14,1.08966,-2.47508,1.08374,0.54456,0.26172,8.49781,-0.29126,-3.01762
2022-04-15,1.0821,-2.47508,1.08405,-0.17973,-0.08705,8.58705,-0.28823,-3.01762
2022-04-18,1.08153,-2.46508,1.08575,-0.38955,-0.19039,8.49192,-0.29028,-3.01762
2022-04-19,1.07818,-2.57732,1.07473,0.32036,0.15819,8.49545,-0.30338,-3.01762
2022-04-20,1.07945,-2.58088,1.07489,0.42278,0.21068,8.49646,-0.30376,-3.01762
2022-04-21,1.08499,-2.56861,1.07596,0.83518,0.42035,8.55388,-0.30029,-3.01762
2022-04-22,1.08352,-2.49285,1.07964,0.35826,0.18179,8.55327,-0.29145,-3.01762
2022-04-25,1.0811,-2.50045,1.07791,0.29591,0.15157,8.55629,-0.29223,-3.01762
2022-04-26,1.07142,-2.42668,1.0827,-1.04689,-0.54234,8.66576,-0.28003,-3.01762
2022-04-27,1.06436,-2.52043,1.07612,-1.09901,-0.57669,8.60079,-0.29305,-3.01762
2022-04-28,1.05551,-2.48666,1.07965,-2.26095,-1.19848,8.73056,-0.28482,-3.01762
2022-04-29,1.05042,-2.48647,1.0785,-2.63849,-1.41107,8.62042,-0.28844,-3.01762
2022-05-02,1.0536,-2.54622,1.07328,-1.85088,-0.99669,8.60071,-0.29605,-2.5192
2022-05-03,1.05091,-2.59674,1.06969,-1.77148,-0.96166,8.57803,-0.30272,-2.5192
2022-05-04,1.05285,-2.40771,1.08623,-3.12095,-1.70739,8.17982,-0.29435,-2.5192
2022-05-05,1.06225,-2.48439,1.07761,-1.43563,-0.78896,8.41033,-0.2954,-2.5192
2022-05-06,1.05397,-2.41657,1.08294,-2.71158,-1.49913,8.51385,-0.28384,-2.5192
2022-05-09,1.05322,-2.38756,1.08085,-2.58936,-1.43521,8.51378,-0.28043,-2.5192
2022-05-10,1.05658,-2.47406,1.07393,-1.62908,-0.90533,8.55694,-0.28913,-2.5192
2022-05-11,1.0533,-2.53146,1.07089,-1.65657,-0.92463,8.56384,-0.2956,-2.5192
2022-05-12,1.05125,-2.54003,1.0703,-1.79617,-1.007,8.54104,-0.29739,-2.5192
2022-05-13,1.03796,-2.51152,1.07443,-3.45326,-1.93874,8.81149,-0.28503,-2.5192
2022-05-16,1.04006,-2.48428,1.07712,-3.50133,-1.96637,8.75965,-0.2836,-2.5192
2022-05-17,1.0439,-2.47679,1.07735,-3.15471,-1.77404,8.79797,-0.28152,-2.5192
2022-05-18,1.05479,-2.37903,1.08118,-2.47132,-1.39046,9.10567,-0.26127,-2.5192
2022-05-19,1.04727,-2.39894,1.08071,-3.1425,-1.77439,9.16225,-0.26183,-2.5192
2022-05-20,1.0579,-2.39565,1.0806,-2.12358,-1.20286,9.43781,-0.25384,-2.5192
2022-05-23,1.05698,-2.42779,1.07857,-2.02213,-1.1518,9.42099,-0.2577,-2.5192
2022-05-24,1.0682,-2.25183,1.09118,-2.12787,-1.22043,9.70272,-0.23208,-2.5192
2022-05-25,1.07365,-2.29711,1.08801,-1.32869,-0.76592,9.58725,-0.2396,-2.5192
2022-05-26,1.06866,-2.32161,1.08697,-1.69867,-0.98376,9.62057,-0.24132,-2.5192
2022-05-27,1.0733,-2.30015,1.08938,-1.48708,-0.86639,9.64325,-0.23852,-2.5192
2022-05-30,1.07315,-2.18991,1.09756,-2.2495,-1.31969,9.5458,-0.22941,-2.5192
2022-05-31,1.07735,-2.1722,1.09899,-1.98876,-1.17465,9.58431,-0.22664,-2.5192
2022-06-01,1.07341,-2.33446,1.08548,-1.11799,-0.66484,9.57802,-0.24373,-2.21787
2022-06-02,1.06542,-2.18411,1.09717,-2.93659,-1.76269,9.04709,-0.24142,-2.21787
2022-06-03,1.07511,-2.16321,1.09862,-2.16336,-1.30714,9.23856,-0.23415,-2.21787
2022-06-06,1.0726,-2.19823,1.09549,-2.11082,-1.28633,9.22541,-0.23828,-2.21787
2022-06-07,1.06914,-2.2282,1.09333,-2.23704,-1.37519,8.63225,-0.25813,-2.21787
2022-06-08,1.06986,-2.17207,1.09762,-2.56108,-1.58481,8.57856,-0.2532,-2.21787
2022-06-09,1.07177,-2.07708,1.10379,-2.94459,-1.83622,8.47044,-0.24522,-2.21787
2022-06-10,1.06192,-2.18632,1.09449,-3.02134,-1.89299,8.65089,-0.25273,-2.21787
2022-06-13,1.049,-2.3482,1.08046,-2.95477,-1.86282,8.94387,-0.26255,-2.21787
2022-06-14,1.04151,-2.34207,1.08068,-3.69142,-2.34186,8.96471,-0.26125,-2.21787
2022-06-15,1.04406,-2.13263,1.09619,-4.87279,-3.1036,8.84657,-0.24107,-2.21787
2022-06-16,1.04562,-1.99257,1.10507,-5.52943,-3.51345,8.81989,-0.22592,-2.21787
2022-06-17,1.05469,-2.09453,1.09639,-3.87785,-2.45134,9.01614,-0.23231,-2.21787
2022-06-20,1.04914,-2.06655,1.09771,-4.52559,-2.86798,9.05429,-0.22824,-2.21787
2022-06-21,1.05208,-2.12876,1.09272,-3.79009,-2.39872,9.07832,-0.23449,-2.21787
2022-06-22,1.05326,-2.07972,1.09619,-3.99512,-2.53171,9.0836,-0.22895,-2.21787
2022-06-23,1.05641,-2.22711,1.08515,-2.68434,-1.69813,9.10556,-0.24459,-2.21787
2022-06-24,1.05201,-2.20055,1.08756,-3.32372,-2.10422,9.12635,-0.24112,-2.21787
2022-06-27,1.05661,-2.23033,1.08518,-2.66757,-1.68763,8.9787,-0.2484,-2.21787
2022-06-28,1.05809,-2.17753,1.0877,-2.76018,-1.74554,8.87406,-0.24538,-2.21787
2022-06-29,1.05235,-2.16047,1.08873,-3.39821,-2.14428,8.80296,-0.24543,-2.21787
2022-06-30,1.04466,-2.27703,1.07993,-3.32017,-2.08919,8.89513,-0.25599,-2.21787
2022-07-01,1.04777,-2.33613,1.07683,-2.73604,-1.7157,8.85421,-0.26384,-4.22865
2022-07-04,1.04339,-2.2302,1.08393,-3.81167,-2.38381,8.80896,-0.25317,-4.22865
2022-07-05,1.04332,-2.38253,1.07312,-2.81681,-1.75344,8.80986,-0.27044,-4.22865
2022-07-06,1.02577,-2.61301,1.0576,-3.05584,-1.89852,9.38207,-0.27851,-4.22865
2022-07-07,1.01864,-2.53721,1.06239,-4.2047,-2.605,9.4422,-0.26871,-4.22865
2022-07-08,1.01698,-2.64813,1.05475,-3.64644,-2.24484,9.44252,-0.28045,-4.22865
2022-07-11,1.01661,-2.66614,1.05188,-3.41083,-2.09,9.4133,-0.28323,-4.22865
2022-07-12,1.00475,-2.73618,1.04618,-4.0403,-2.46716,9.52915,-0.28714,-4.22865
2022-07-13,1.00331,-2.74425,1.04496,-4.06754,-2.47191,9.45927,-0.29011,-4.22865
2022-07-14,1.00327,-2.64766,1.05126,-4.67253,-2.82646,9.46119,-0.27984,-4.22865
2022-07-15,1.00257,-2.68421,1.04875,-4.50331,-2.7055,9.4537,-0.28393,-4.22865
2022-07-18,1.00963,-2.66122,1.04885,-3.81107,-2.27525,9.58369,-0.27768,-4.22865
2022-07-19,1.01452,-2.65837,1.04877,-3.32068,-1.97344,9.57623,-0.2776,-4.22865
2022-07-20,1.02313,-2.70902,1.04469,-2.08471,-1.23458,9.7634,-0.27747,-4.22865
2022-07-21,1.01828,-2.51708,1.05917,-3.93771,-2.32849,9.79032,-0.2571,-4.22865
2022-07-22,1.02211,-2.59224,1.05285,-2.96338,-1.74376,9.69603,-0.26735,-4.22865
2022-07-25,1.02002,-2.57581,1.05347,-3.22665,-1.89327,9.62656,-0.26757,-4.22865
2022-07-26,1.02249,-2.71073,1.04208,-1.89698,-1.10996,9.51788,-0.2848,-4.22865
2022-07-27,1.01296,-2.60858,1.0502,-3.61101,-2.1123,9.64427,-0.27048,-4.22865
2022-07-28,1.02093,-2.62201,1.0489,-2.70293,-1.57502,9.76479,-0.26852,-4.22865
2022-07-29,1.01923,-2.63561,1.04775,-2.7594,-1.60461,9.75877,-0.27008,-4.22865
2022-08-01,1.02082,-2.69379,1.04197,-2.04993,-1.18978,9.75611,-0.27611,-4.31221
2022-08-02,1.02614,-2.82532,1.03088,-0.46159,-0.26756,9.63912,-0.29311,-4.31221
2022-08-03,1.01557,-2.75426,1.03676,-2.06477,-1.19683,9.72961,-0.28308,-4.31221
2022-08-04,1.01576,-2.71404,1.03939,-2.29886,-1.33071,9.73082,-0.27891,-4.31221
2022-08-05,1.02478,-2.80942,1.03116,-0.62108,-0.35897,9.88397,-0.28424,-4.31221
2022-08-08,1.01709,-2.81748,1.03036,-1.29643,-0.74942,9.97094,-0.28257,-4.31221
2022-08-09,1.01976,-2.82065,1.02959,-0.95883,-0.55413,9.98695,-0.28243,-4.31221
2022-08-10,1.02081,-2.82907,1.02903,-0.80112,-0.46299,9.67577,-0.29239,-4.31221
2022-08-11,1.03008,-2.80022,1.03114,-0.10262,-0.05934,9.84326,-0.28448,-4.31221
2022-08-12,1.03167,-2.80276,1.03092,0.07293,0.0422,9.81874,-0.28545,-4.31221
2022-08-15,1.02564,-2.7631,1.03397,-0.80849,-0.46808,9.6442,-0.2865,-4.31221
2022-08-16,1.0162,-2.77583,1.03266,-1.60662,-0.93024,9.71251,-0.2858,-4.31221
2022-08-17,1.01707,-2.64359,1.04299,-2.51679,-1.45632,9.47665,-0.27896,-4.31221
2022-08-18,1.01802,-2.55231,1.05014,-3.10635,-1.79437,9.48164,-0.26918,-4.31221
2022-08-19,1.00899,-2.51771,1.05242,-4.21393,-2.42818,9.34906,-0.2693,-4.31221
2022-08-22,1.00352,-2.52222,1.05144,-4.66454,-2.67318,9.31169,-0.27087,-4.31221
2022-08-23,0.99395,-2.4654,1.05603,-6.05912,-3.44888,9.44014,-0.26116,-4.31221
2022-08-24,0.99669,-2.51573,1.05124,-5.32821,-3.00027,9.40829,-0.2674,-4.31221
2022-08-25,0.99691,-2.57687,1.04524,-4.73386,-2.64584,9.41017,-0.27384,-4.31221
2022-08-26,0.99713,-2.48772,1.05289,-5.44138,-3.02647,9.35792,-0.26584,-4.31221
2022-08-29,0.99387,-2.45126,1.05603,-6.06638,-3.35081,9.35409,-0.26205,-4.31221
2022-08-30,1.0014,-2.46891,1.05365,-5.08556,-2.78526,9.42832,-0.26186,-4.31221
2022-08-31,1.00251,-2.37441,1.06128,-5.69725,-3.1039,9.21596,-0.25764,-4.31221
2022-09-01,1.00391,-2.43858,1.05496,-4.96079,-2.68076,9.22601,-0.26432,-3.45877
2022-09-02,0.99523,-2.42163,1.05612,-5.93757,-3.19061,9.34183,-0.25922,-3.45877
2022-09-05,0.99094,-2.39373,1.05815,-6.56202,-3.49511,9.35586,-0.25585,-3.45877
2022-09-06,0.99522,-2.49817,1.04871,-5.23486,-2.75876,9.4024,-0.2657,-3.45877
2022-09-07,0.9898,-2.56725,1.04134,-5.07615,-2.65707,9.30106,-0.27602,-3.45877
2022-09-08,0.99957,-2.47141,1.04909,-4.83522,-2.51611,9.27532,-0.26645,-3.45877
2022-09-09,1.0012,-2.36553,1.05826,-5.54214,-2.86879,9.1953,-0.25725,-3.45877
2022-09-12,1.00714,-2.37706,1.05721,-4.85216,-2.49272,9.26836,-0.25647,-3.45877
2022-09-13,1.01296,-2.46145,1.05009,-3.60042,-1.8388,9.34588,-0.26337,-3.45877
2022-09-14,0.9982,-2.47698,1.0482,-4.88739,-2.4883,9.57916,-0.25858,-3.45877
2022-09-15,0.9984,-2.49453,1.04594,-4.65179,-2.35564,9.53951,-0.26149,-3.45877
2022-09-16,0.99883,-2.39798,1.05448,-5.42148,-2.73198,9.51512,-0.25202,-3.45877
2022-09-19,1.00223,-2.48909,1.04565,-4.24091,-2.12305,9.54491,-0.26078,-3.45877
2022-09-20,1.00296,-2.34619,1.05885,-5.42249,-2.70412,9.51924,-0.24647,-3.45877
2022-09-21,0.99708,-2.39896,1.05376,-5.52919,-2.73858,9.5497,-0.25121,-3.45877
2022-09-22,0.98307,-2.36206,1.05669,-7.22113,-3.55077,9.85169,-0.23976,-3.45877
2022-09-23,0.98416,-2.38532,1.05416,-6.87207,-3.33771,9.84878,-0.24219,-3.45877
2022-09-26,0.96899,-2.40102,1.05236,-8.25327,-3.96531,10.22682,-0.23478,-3.45877
2022-09-27,0.96237,-2.41328,1.0507,-8.78148,-4.15523,10.2157,-0.23623,-3.45877
2022-09-28,0.95962,-2.29151,1.06144,-10.08456,-4.69281,10.18309,-0.22503,-3.45877
2022-09-29,0.97082,-2.36322,1.05396,-8.21757,-3.74339,10.4921,-0.22524,-3.45877
2022-09-30,0.98296,-2.55378,1.03493,-5.15295,-2.31564,10.83612,-0.23567,-3.45877
2022-10-03,0.97927,-2.51782,1.03786,-5.81085,-2.59868,10.35372,-0.24318,-1.61086
2022-10-04,0.98321,-2.6114,1.02886,-4.53864,-2.01732,10.31787,-0.2531,-1.61086
2022-10-05,0.99843,-2.59045,1.03069,-3.17966,-1.40833,10.79531,-0.23996,-1.61086
2022-10-06,0.9911,-2.52557,1.03717,-4.54325,-2.00858,10.88778,-0.23196,-1.61086
2022-10-07,0.9789,-2.50464,1.03955,-6.01053,-2.64731,10.9159,-0.22945,-1.61086
2022-10-10,0.9735,-2.53506,1.03591,-6.21354,-2.71792,10.96219,-0.23126,-1.61086
2022-10-11,0.97101,-2.45815,1.04249,-7.10347,-3.08473,10.96972,-0.22409,-1.61086
2022-10-12,0.97002,-2.47145,1.04007,-6.97319,-3.00013,10.97012,-0.22529,-1.61086
2022-10-13,0.9708,-2.6035,1.02683,-5.61119,-2.393,10.86627,-0.2396,-1.61086
2022-10-14,0.97513,-2.64776,1.02144,-4.63934,-1.96766,10.85894,-0.24383,-1.61086
2022-10-17,0.97394,-2.59933,1.02557,-5.16588,-2.18272,10.70123,-0.2429,-1.61086
2022-10-18,0.98464,-2.52629,1.03177,-4.67563,-1.96634,10.92199,-0.2313,-1.61086
2022-10-19,0.98639,-2.51134,1.03328,-4.6439,-1.94557,10.89755,-0.23045,-1.61086
2022-10-20,0.97665,-2.52433,1.03157,-5.4712,-2.28362,11.05384,-0.22837,-1.61086
2022-10-21,0.97789,-2.43138,1.04059,-6.21479,-2.58068,11.04308,-0.22017,-1.61086
2022-10-24,0.98601,-2.50763,1.03241,-4.59896,-1.89722,11.04408,-0.22706,-1.61086
2022-10-25,0.98865,-2.47896,1.03504,-4.58594,-1.88514,10.93468,-0.22671,-1.61086
2022-10-26,0.99637,-2.44969,1.0383,-4.12223,-1.68858,11.05666,-0.22156,-1.61086
2022-10-27,1.00919,-2.43555,1.03978,-2.98526,-1.21944,11.35966,-0.2144,-1.61086
2022-10-28,0.99678,-2.54019,1.02885,-3.16685,-1.29179,11.56351,-0.21967,-1.61086
2022-10-31,0.9955,-2.58971,1.02333,-2.75721,-1.1229,11.38917,-0.22738,-1.61086
2022-11-01,0.98863,-2.65304,1.01662,-2.79212,-1.13587,11.46493,-0.2314,-0.76959
2022-11-02,0.98779,-2.71274,1.01074,-2.29703,-0.93335,11.30938,-0.23987,-0.76959
2022-11-03,0.98144,-2.74385,1.00687,-2.55758,-1.0388,11.28433,-0.24316,-0.76959
2022-11-04,0.97496,-2.62749,1.01944,-4.46078,-1.81133,11.32947,-0.23192,-0.76959
2022-11-07,0.99288,-2.61663,1.01985,-2.67953,-1.08569,11.9415,-0.21912,-0.76959
2022-11-08,1.00186,-2.53989,1.02647,-2.42679,-0.98311,11.9406,-0.21271,-0.76959
2022-11-09,1.00808,-2.47989,1.03136,-2.28256,-0.92479,12.00795,-0.20652,-0.76959
2022-11-10,1.00195,-2.36765,1.04341,-4.05389,-1.64326,12.01245,-0.1971,-0.76959
2022-11-11,1.01922,-2.22986,1.05897,-3.82523,-1.54778,12.37081,-0.18025,-0.76959
2022-11-14,1.03286,-2.31291,1.04846,-1.49914,-0.60591,12.65051,-0.18283,-0.76959
2022-11-15,1.03193,-2.26859,1.05344,-2.06295,-0.83454,12.65175,-0.17931,-0.76959
2022-11-16,1.03579,-2.26599,1.05309,-1.65718,-0.67073,12.53327,-0.1808,-0.76959
2022-11-17,1.0395,-2.3687,1.0402,-0.06731,-0.02726,12.49185,-0.18962,-0.76959
2022-11-18,1.03617,-2.49105,1.02573,1.01249,0.41075,12.34551,-0.20178,-0.76959
2022-11-21,1.03309,-2.47522,1.02726,0.56593,0.23002,12.35922,-0.20027,-0.76959
2022-11-22,1.02457,-2.4243,1.03322,-0.84125,-0.34258,12.48532,-0.19417,-0.76959
2022-11-23,1.03111,-2.40155,1.03371,-0.25205,-0.10287,12.54134,-0.19149,-0.76959
2022-11-24,1.04162,-2.45528,1.02767,1.34903,0.55145,12.66241,-0.1939,-0.76959
2022-11-25,1.04081,-2.32451,1.04071,0.00998,0.00409,12.5898,-0.18463,-0.76959
2022-11-28,1.03675,-2.38153,1.03371,0.2936,0.12038,12.62169,-0.18869,-0.76959
2022-11-29,1.03455,-2.47931,1.0227,1.15211,0.47339,12.63154,-0.19628,-0.76959
2022-11-30,1.03245,-2.34218,1.03943,-0.67418,-0.27761,12.50514,-0.1873,-0.76959
2022-12-01,1.04254,-2.32786,1.04187,0.06398,0.02642,12.59637,-0.1848,-0.12096
2022-12-02,1.05284,-2.32223,1.04145,1.08756,0.45064,12.70691,-0.18275,-0.12096
2022-12-05,1.05442,-2.41915,1.02805,2.53282,1.05172,12.64135,-0.19137,-0.12096
2022-12-06,1.04969,-2.39931,1.02728,2.15781,0.8975,12.55926,-0.19104,-0.12096
2022-12-07,1.0469,-2.35374,1.03029,1.59963,0.66664,12.57673,-0.18715,-0.12096
2022-12-08,1.05133,-2.38021,1.02648,2.39124,0.99939,12.55274,-0.18962,-0.12096
2022-12-09,1.05597,-2.29855,1.03516,1.98979,0.83405,12.5334,-0.18339,-0.12096
2022-12-12,1.05222,-2.35498,1.02986,2.14784,0.90224,12.17269,-0.19346,-0.12096
2022-12-13,1.05417,-2.24327,1.04553,0.82329,0.34625,12.17367,-0.18427,-0.12096
2022-12-14,1.06267,-2.24201,1.04801,1.3886,0.58482,12.25712,-0.18291,-0.12096
2022-12-15,1.06763,-2.07694,1.06434,0.30866,0.13023,12.26985,-0.16927,-0.12096
2022-12-16,1.06406,-1.81695,1.09195,-2.58798,-1.0944,12.30074,-0.14771,-0.12096
2022-12-19,1.0585,-1.93233,1.07917,-1.93368,-0.81841,12.28682,-0.15727,-0.12096
2022-12-20,1.06146,-1.86573,1.08733,-2.40778,-1.01971,11.90189,-0.15676,-0.12096
2022-12-21,1.0627,-1.82799,1.09462,-2.95924,-1.2536,11.90187,-0.15359,-0.12096
2022-12-22,1.06101,-1.79032,1.09641,-3.28215,-1.39058,11.4216,-0.15675,-0.12096
2022-12-23,1.06033,-1.82206,1.09621,-3.32745,-1.4091,11.30512,-0.16117,-0.12096
2022-12-26,1.06678,-1.82206,1.09602,-2.70372,-1.14521,11.30479,-0.16118,-0.12096
2022-12-27,1.06402,-1.82794,1.09511,-2.87955,-1.22118,11.15385,-0.16388,-0.12096
2022-12-28,1.06372,-1.81388,1.09511,-2.90859,-1.23425,10.93323,-0.16591,-0.12096
2022-12-29,1.06293,-1.829,1.09247,-2.74185,-1.16606,10.89364,-0.1679,-0.12096
2022-12-30,1.06608,-1.84466,1.09448,-2.62961,-1.12005,10.88501,-0.16947,-0.12096
2023-01-02,1.07097,-1.82705,1.09648,-2.35413,-1.00465,10.52569,-0.17358,-1.3403
2023-01-03,1.06777,-1.85372,1.08741,-1.8229,-0.77947,10.41815,-0.17793,-1.3403
2023-01-04,1.05469,-1.87699,1.07981,-2.35407,-1.00773,10.4155,-0.18021,-1.3403
2023-01-05,1.06064,-1.91165,1.07614,-1.45097,-0.62119,10.36195,-0.18449,-1.3403
2023-01-06,1.05222,-1.72044,1.09982,-4.42408,-1.89511,10.50044,-0.16384,-1.3403
2023-01-09,1.06563,-1.72169,1.10003,-3.17685,-1.35644,10.73299,-0.16041,-1.3403
2023-01-10,1.07332,-1.72348,1.10177,-2.6165,-1.11602,10.79211,-0.1597,-1.3403
2023-01-11,1.07389,-1.70931,1.10629,-2.97188,-1.26707,10.77832,-0.15859,-1.3403
2023-01-12,1.0766,-1.68465,1.11375,-3.39238,-1.44599,10.76536,-0.15649,-1.3403
2023-01-13,1.08602,-1.80216,1.10165,-1.42849,-0.60852,10.69621,-0.16849,-1.3403
2023-01-16,1.08246,-1.78655,1.10344,-1.91958,-0.81834,10.73978,-0.16635,-1.3403
2023-01-17,1.08301,-1.76195,1.10589,-2.09005,-0.89128,10.48951,-0.16797,-1.3403
2023-01-18,1.07933,-1.77584,1.10165,-2.0471,-0.87336,10.53781,-0.16852,-1.3403
2023-01-19,1.07979,-1.71671,1.11015,-2.7735,-1.18314,10.45149,-0.16425,-1.3403
2023-01-20,1.08339,-1.69817,1.11515,-2.88916,-1.23131,10.45546,-0.16242,-1.3403
2023-01-23,1.08651,-1.75905,1.10843,-1.99797,-0.8509,10.38054,-0.16946,-1.3403
2023-01-24,1.08743,-1.65109,1.11955,-2.91074,-1.23986,10.11844,-0.16318,-1.3403
2023-01-25,1.08881,-1.7263,1.11041,-1.96425,-0.83633,9.73588,-0.17731,-1.3403
2023-01-26,1.0922,-1.73993,1.111,-1.70596,-0.72636,9.72625,-0.17889,-1.3403
2023-01-27,1.08944,-1.71894,1.11282,-2.12328,-0.90519,9.6111,-0.17885,-1.3403
2023-01-30,1.08715,-1.70649,1.10988,-2.06941,-0.88278,9.62715,-0.17726,-1.3403
2023-01-31,1.08507,-1.70282,1.11043,-2.31035,-0.98597,9.5166,-0.17893,-1.3403
2023-02-01,1.08609,-1.56691,1.12686,-3.68467,-1.57277,9.37029,-0.16722,-1.13795
2023-02-02,1.10129,-1.67844,1.11082,-0.86216,-0.36767,9.09689,-0.18451,-1.13795
2023-02-03,1.09051,-1.88517,1.08347,0.64822,0.27671,9.25601,-0.20367,-1.13795
2023-02-06,1.07909,-1.97165,1.07327,0.54037,0.2307,9.50131,-0.20751,-1.13795
2023-02-07,1.07308,-1.97276,1.07832,-0.48743,-0.20813,9.48602,-0.20796,-1.13795
2023-02-08,1.07297,-1.86064,1.092,-1.75762,-0.75052,8.91328,-0.20875,-1.13795
2023-02-09,1.07158,-1.92916,1.0814,-0.91221,-0.38933,8.5539,-0.22553,-1.13795
2023-02-10,1.07423,-1.8755,1.09064,-1.51596,-0.64692,8.55668,-0.21919,-1.13795
2023-02-13,1.06777,-1.84433,1.09488,-2.50699,-1.06947,8.63556,-0.21357,-1.13795
2023-02-14,1.07304,-1.84941,1.09492,-2.01806,-0.85995,8.65931,-0.21357,-1.13795
2023-02-15,1.07357,-1.87329,1.09278,-1.77328,-0.75512,8.62641,-0.21716,-1.13795
2023-02-16,1.06918,-1.838,1.09356,-2.25468,-0.95958,8.64807,-0.21253,-1.13795
2023-02-17,1.06658,-1.84683,1.08951,-2.12767,-0.90541,8.48298,-0.21771,-1.13795
2023-02-20,1.06844,-1.84364,1.08979,-1.97806,-0.84136,8.40629,-0.21932,-1.13795
2023-02-21,1.06826,-1.81978,1.08868,-1.89337,-0.80486,8.17849,-0.22251,-1.13795
2023-02-22,1.0652,-1.83988,1.08317,-1.67316,-0.71144,8.20139,-0.22434,-1.13795
2023-02-23,1.06058,-1.84777,1.0862,-2.38658,-1.01442,8.21121,-0.22503,-1.13795
2023-02-24,1.0598,-1.84077,1.08761,-2.58974,-1.09984,8.19881,-0.22452,-1.13795
2023-02-27,1.05548,-1.82406,1.08946,-3.16868,-1.34409,8.23372,-0.22154,-1.13795
2023-02-28,1.06112,-1.7281,1.10344,-3.91056,-1.65584,8.07601,-0.21398,-1.13795
2023-03-01,1.05773,-1.7825,1.09761,-3.70048,-1.56262,7.86715,-0.22658,-0.23273
2023-03-02,1.06689,-1.79754,1.09786,-2.86064,-1.20505,8.04673,-0.22339,-0.23273
2023-03-03,1.05997,-1.73641,1.10853,-4.47872,-1.88398,8.10427,-0.21426,-0.23273
2023-03-06,1.06262,-1.67744,1.11584,-4.88734,-2.04867,8.09703,-0.20717,-0.23273
2023-03-07,1.06883,-1.83476,1.09071,-2.02626,-0.84589,8.13557,-0.22552,-0.23273
2023-03-08,1.05507,-1.85608,1.08779,-3.05324,-1.27383,8.50863,-0.21814,-0.23273
2023-03-09,1.05495,-1.73303,1.09603,-3.81957,-1.59132,8.47824,-0.20441,-0.23273
2023-03-10,1.05847,-1.6608,1.10389,-4.20133,-1.74625,8.49617,-0.19548,-0.23273
2023-03-13,1.06836,-1.44708,1.12461,-5.13091,-2.12682,8.54868,-0.16927,-0.23273
2023-03-14,1.0725,-1.34953,1.13388,-5.56554,-2.29757,8.53272,-0.15816,-0.23273
2023-03-15,1.07277,-1.5142,1.10341,-2.81644,-1.15696,8.50424,-0.17805,-0.23273
2023-03-16,1.05834,-1.66708,1.09051,-2.99489,-1.2289,8.87169,-0.18791,-0.23273
2023-03-17,1.06141,-1.44003,1.11113,-4.57759,-1.87603,8.87321,-0.16229,-0.23273
2023-03-20,1.06789,-1.6477,1.08881,-1.94037,-0.79264,8.9535,-0.18403,-0.23273
2023-03-21,1.07191,-1.71489,1.0874,-1.43427,-0.58564,8.97699,-0.19103,-0.23273
2023-03-22,1.07742,-1.322,1.13637,-5.32621,-2.1755,9.02997,-0.1464,-0.23273
2023-03-23,1.08704,-1.27582,1.13969,-4.72988,-1.92426,9.12096,-0.13988,-0.23273
2023-03-24,1.08351,-1.45595,1.1166,-3.00907,-1.22091,9.13051,-0.15946,-0.23273
2023-03-27,1.07782,-1.46208,1.12349,-4.15013,-1.68238,9.19724,-0.15897,-0.23273
2023-03-28,1.08071,-1.53425,1.11647,-3.25573,-1.31792,9.20827,-0.16662,-0.23273
2023-03-29,1.08395,-1.53857,1.11659,-2.96668,-1.20016,9.20873,-0.16708,-0.23273
2023-03-30,1.08436,-1.43421,1.13129,-4.23643,-1.71304,9.16686,-0.15646,-0.23273
2023-03-31,1.09046,-1.44213,1.13162,-3.70418,-1.49484,9.20656,-0.15664,-0.23273
2023-04-03,1.08033,-1.34265,1.15368,-6.56866,-2.64847,9.0573,-0.14824,1.26379
2023-04-04,1.09123,-1.20439,1.16995,-6.96544,-2.79078,9.20271,-0.13087,1.26379
2023-04-05,1.09601,-1.2885,1.15867,-5.55998,-2.21255,9.07402,-0.142,1.26379
2023-04-06,1.09033,-1.35061,1.15206,-5.50699,-2.18214,8.81184,-0.15327,1.26379
2023-04-07,1.09201,-1.50061,1.13318,-3.70081,-1.46042,8.70585,-0.17237,1.26379
2023-04-10,1.09136,-1.53061,1.1266,-3.17839,-1.25229,8.70743,-0.17578,1.26379
2023-04-11,1.08693,-1.40806,1.14366,-5.08726,-2.00495,8.73738,-0.16115,1.26379
2023-04-12,1.09175,-1.26015,1.1647,-6.4685,-2.54357,8.60759,-0.1464,1.26379
2023-04-13,1.09999,-1.28413,1.16164,-5.45312,-2.13558,8.70634,-0.14749,1.26379
2023-04-14,1.10546,-1.3079,1.16026,-4.83825,-1.8893,8.75703,-0.14935,1.26379
2023-04-17,1.09866,-1.3857,1.14786,-4.38112,-1.7061,8.82216,-0.15707,1.26379
2023-04-18,1.09254,-1.38728,1.14758,-4.91481,-1.91081,8.89981,-0.15588,1.26379
2023-04-19,1.09754,-1.36316,1.14804,-4.49854,-1.74565,8.92095,-0.1528,1.26379
2023-04-20,1.09522,-1.30302,1.14984,-4.86674,-1.88862,8.9161,-0.14614,1.26379
2023-04-21,1.09709,-1.32513,1.1487,-4.59634,-1.7818,8.9206,-0.14855,1.26379
2023-04-24,1.09923,-1.24677,1.15946,-5.33485,-2.06798,8.92507,-0.13969,1.26379
2023-04-25,1.10595,-1.09489,1.16995,-5.62532,-2.17499,8.98514,-0.12186,1.26379
2023-04-26,1.09784,-1.20499,1.15012,-4.65209,-1.7942,9.09601,-0.13247,1.26379
2023-04-27,1.10473,-1.31875,1.14115,-3.24391,-1.24988,9.16616,-0.14387,1.26379
2023-04-28,1.1032,-1.3552,1.14142,-3.4053,-1.31195,9.16167,-0.14792,1.26379
2023-05-01,1.10109,-1.4552,1.12815,-2.42761,-0.93511,9.1709,-0.15868,1.00528
2023-05-02,1.09692,-1.27726,1.13755,-3.63658,-1.40167,8.77267,-0.1456,1.00528
2023-05-03,1.10109,-1.32685,1.12428,-2.08415,-0.80353,8.5771,-0.1547,1.00528
2023-05-04,1.10689,-1.19467,1.13661,-2.64961,-1.02254,8.35595,-0.14297,1.00528
2023-05-05,1.10229,-1.41686,1.12142,-1.72044,-0.6646,8.31932,-0.17031,1.00528
2023-05-08,1.10187,-1.43214,1.12318,-1.91568,-0.74043,8.32026,-0.17213,1.00528
2023-05-09,1.09961,-1.43714,1.12174,-1.99242,-0.77079,8.32791,-0.17257,1.00528
2023-05-10,1.09647,-1.38705,1.12674,-2.72309,-1.05439,8.34265,-0.16626,1.00528
2023-05-11,1.09841,-1.42747,1.11893,-1.8517,-0.71753,8.24643,-0.1731,1.00528
2023-05-12,1.09121,-1.46443,1.1126,-1.94083,-0.75271,8.31302,-0.17616,1.00528
2023-05-15,1.08527,-1.4454,1.11641,-2.82881,-1.09807,8.39139,-0.17225,1.00528
2023-05-16,1.08737,-1.49857,1.10785,-1.86634,-0.72438,8.35315,-0.1794,1.00528
2023-05-17,1.08657,-1.51993,1.11123,-2.2448,-0.87173,8.33772,-0.1823,1.00528
2023-05-18,1.08383,-1.56071,1.10571,-1.99792,-0.77659,8.35112,-0.18689,1.00528
2023-05-19,1.07754,-1.53283,1.10663,-2.66416,-1.03597,8.43818,-0.18165,1.00528
2023-05-22,1.08227,-1.56207,1.1032,-1.91543,-0.74475,8.45781,-0.18469,1.00528
2023-05-23,1.0811,-1.47273,1.11262,-2.87311,-1.11687,8.41072,-0.1751,1.00528
2023-05-24,1.07697,-1.56325,1.10286,-2.37526,-0.92251,8.44898,-0.18502,1.00528
2023-05-25,1.07573,-1.69065,1.08573,-0.92495,-0.35909,8.40783,-0.20108,1.00528
2023-05-26,1.07244,-1.69058,1.08881,-1.51477,-0.58824,8.37118,-0.20195,1.00528
2023-05-29,1.07231,-1.70432,1.08713,-1.37264,-0.53307,8.34345,-0.20427,1.00528
2023-05-30,1.07077,-1.68248,1.08339,-1.17224,-0.45531,8.17221,-0.20588,1.00528
2023-05-31,1.07331,-1.7559,1.07261,0.0652,0.02533,8.07461,-0.21746,1.00528
2023-06-01,1.06952,-1.70814,1.08481,-1.41945,-0.55165,8.09496,-0.21101,1.97158
2023-06-02,1.07608,-1.78982,1.08108,-0.46387,-0.18025,8.10336,-0.22087,1.97158
2023-06-05,1.06986,-1.64968,1.09744,-2.5451,-0.98899,7.75315,-0.21278,1.97158
2023-06-06,1.07118,-1.73275,1.08833,-1.58812,-0.61657,7.75545,-0.22342,1.97158
2023-06-07,1.0698,-1.7451,1.08793,-1.68018,-0.65221,7.73569,-0.22559,1.97158
2023-06-08,1.07074,-1.70433,1.09068,-1.84433,-0.71577,7.51154,-0.22689,1.97158
2023-06-09,1.07827,-1.73829,1.08389,-0.5197,-0.20161,7.60235,-0.22865,1.97158
2023-06-12,1.0751,-1.72175,1.07762,-0.23462,-0.09103,7.62644,-0.22576,1.97158
2023-06-13,1.0763,-1.79024,1.0756,0.06522,0.02531,7.1119,-0.25172,1.97158
2023-06-14,1.07893,-1.81252,1.07211,0.63411,0.24617,7.10559,-0.25508,1.97158
2023-06-15,1.0843,-1.63897,1.09538,-1.01634,-0.39456,7.07191,-0.23176,1.97158
2023-06-16,1.09459,-1.65382,1.09699,-0.21874,-0.08494,7.27522,-0.22732,1.97158
2023-06-19,1.09421,-1.65083,1.09725,-0.27723,-0.1077,7.21072,-0.22894,1.97158
2023-06-20,1.09243,-1.62136,1.0986,-0.56308,-0.21901,7.00229,-0.23155,1.97158
2023-06-21,1.09204,-1.59252,1.10541,-1.217,-0.47377,6.97012,-0.22848,1.97158
2023-06-22,1.09926,-1.63685,1.09466,0.41991,0.16351,7.00103,-0.2338,1.97158
2023-06-23,1.09589,-1.6838,1.08792,0.7302,0.28442,7.01655,-0.23998,1.97158
2023-06-26,1.09067,-1.6259,1.09367,-0.27528,-0.10724,7.06367,-0.23018,1.97158
2023-06-27,1.09105,-1.72181,1.0799,1.02682,0.40014,7.06362,-0.24376,1.97158
2023-06-28,1.09572,-1.66613,1.09041,0.48646,0.18964,7.02619,-0.23713,1.97158
2023-06-29,1.09158,-1.77586,1.07883,1.1753,0.45841,6.80835,-0.26084,1.97158
2023-06-30,1.0868,-1.75059,1.08279,0.37017,0.14442,6.56539,-0.26664,1.97158
2023-07-03,1.09075,-1.81218,1.07566,1.3936,0.54408,6.5465,-0.27682,2.98387
2023-07-04,1.09131,-1.80206,1.077,1.3201,0.51576,6.46419,-0.27878,2.98387
2023-07-05,1.08849,-1.8377,1.07613,1.1425,0.44675,6.47723,-0.28372,2.98387
2023-07-06,1.08566,-1.76184,1.08191,0.34571,0.13535,6.49659,-0.2712,2.98387
2023-07-07,1.08906,-1.76088,1.0868,0.20819,0.08162,6.47678,-0.27188,2.98387
2023-07-10,1.09697,-1.67031,1.09459,0.21721,0.08526,6.57795,-0.25393,2.98387
2023-07-11,1.10059,-1.67386,1.09784,0.25045,0.09841,6.4365,-0.26006,2.98387
2023-07-12,1.10141,-1.52601,1.11793,-1.48939,-0.58568,6.35934,-0.23996,2.98387
2023-07-13,1.11445,-1.49293,1.1236,-0.81699,-0.32131,6.66393,-0.22403,2.98387
2023-07-14,1.12235,-1.65555,1.10301,1.73818,0.68392,6.6953,-0.24727,2.98387
2023-07-17,1.12278,-1.62551,1.10347,1.73453,0.68256,6.64226,-0.24472,2.98387
2023-07-18,1.12376,-1.74056,1.09359,2.72178,1.07167,6.62384,-0.26277,2.98387
2023-07-19,1.12289,-1.72641,1.09419,2.58939,1.01984,6.62264,-0.26068,2.98387
2023-07-20,1.12052,-1.69039,1.09836,1.99798,0.78731,6.63306,-0.25484,2.98387
2023-07-21,1.11371,-1.75071,1.0958,1.62106,0.63955,6.64864,-0.26332,2.98387
2023-07-24,1.11253,-1.79653,1.0936,1.71644,0.678,6.47807,-0.27732,2.98387
2023-07-25,1.10632,-1.82387,1.09266,1.24241,0.49098,6.46247,-0.28222,2.98387
2023-07-26,1.10505,-1.71679,1.1045,0.04956,0.0196,6.4606,-0.26573,2.98387
2023-07-27,1.10784,-1.8968,1.08484,2.09778,0.83011,6.46732,-0.29329,2.98387
2023-07-28,1.09788,-1.83804,1.0953,0.23518,0.09312,6.67694,-0.27528,2.98387
2023-07-31,1.10243,-1.86445,1.09279,0.87759,0.34766,6.68522,-0.27889,2.98387
2023-08-01,1.09976,-1.88263,1.089,0.98356,0.38978,6.61682,-0.28452,2.98154
2023-08-02,1.10079,-1.92024,1.07715,2.17049,0.86047,6.56801,-0.29236,2.98154
2023-08-03,1.09442,-1.96351,1.07671,1.63122,0.64667,6.66891,-0.29443,2.98154
2023-08-04,1.09516,-1.78017,1.09569,-0.04825,-0.01913,6.65897,-0.26733,2.98154
2023-08-07,1.10027,-1.8099,1.0935,0.61658,0.24478,6.7001,-0.27013,2.98154
2023-08-08,1.10032,-1.86308,1.08894,1.03885,0.41288,6.69107,-0.27844,2.98154
2023-08-09,1.09589,-1.86364,1.09153,0.39854,0.15861,6.60809,-0.28202,2.98154
2023-08-10,1.09777,-1.88189,1.08774,0.91782,0.36567,6.51921,-0.28867,2.98154
2023-08-11,1.09816,-1.92119,1.08675,1.04531,0.41702,6.50961,-0.29513,2.98154
2023-08-14,1.09444,-1.95972,1.08189,1.1533,0.46074,6.54612,-0.29937,2.98154
2023-08-15,1.09099,-1.86066,1.08604,0.45502,0.18193,6.55782,-0.28373,2.98154
2023-08-16,1.09042,-1.93942,1.07454,1.46695,0.58711,6.44779,-0.30079,2.98154
2023-08-17,1.08749,-1.8903,1.07858,0.82221,0.32914,6.41582,-0.29463,2.98154
2023-08-18,1.08746,-1.95647,1.07436,1.21284,0.48585,6.41155,-0.30515,2.98154
2023-08-21,1.08756,-1.93051,1.07678,0.99629,0.39931,6.36178,-0.30345,2.98154
2023-08-22,1.08984,-1.97538,1.07193,1.65694,0.665,6.36775,-0.31022,2.98154
2023-08-23,1.08467,-2.0152,1.06885,1.46965,0.59031,6.41183,-0.31429,2.98154
2023-08-24,1.08658,-2.02869,1.06511,1.99547,0.80179,6.41925,-0.31603,2.98154
2023-08-25,1.07991,-2.03818,1.07001,0.92123,0.37001,6.53665,-0.31181,2.98154
2023-08-28,1.07974,-1.97042,1.07826,0.13747,0.05522,6.52106,-0.30216,2.98154
2023-08-29,1.08256,-1.82386,1.09677,-1.30412,-0.52404,6.49773,-0.28069,2.98154
2023-08-30,1.08692,-1.8921,1.09213,-0.4777,-0.19202,6.43341,-0.29411,2.98154
2023-08-31,1.09325,-1.89512,1.09464,-0.12662,-0.05092,6.41556,-0.29539,2.98154
2023-09-01,1.08441,-1.95411,1.09334,-0.81999,-0.32985,6.63205,-0.29465,2.57115
2023-09-04,1.07759,-1.90783,1.09788,-1.86615,-0.75061,6.75279,-0.28253,2.57115
2023-09-05,1.07945,-1.96438,1.09192,-1.14856,-0.46175,6.75881,-0.29064,2.57115
2023-09-06,1.07262,-1.99273,1.08871,-1.4891,-0.59854,6.73418,-0.29591,2.57115
2023-09-07,1.07242,-1.88609,1.09818,-2.37391,-0.95388,6.709,-0.28113,2.57115
2023-09-08,1.06978,-1.95019,1.0943,-2.26595,-0.90968,6.7221,-0.29012,2.57115
2023-09-11,1.07181,-1.94529,1.09458,-2.10208,-0.84322,6.71453,-0.28971,2.57115
2023-09-12,1.07504,-1.93431,1.09674,-1.99841,-0.8011,6.66566,-0.29019,2.57115
2023-09-13,1.07533,-1.87423,1.1043,-2.65835,-1.06499,6.37589,-0.29396,2.57115
2023-09-14,1.07342,-1.91416,1.10483,-2.88381,-1.15408,6.38285,-0.29989,2.57115
2023-09-15,1.06372,-1.8791,1.10566,-3.86718,-1.54562,6.61556,-0.28404,2.57115
2023-09-18,1.06683,-1.85667,1.10772,-3.76135,-1.49982,6.64924,-0.27923,2.57115
2023-09-19,1.06927,-1.86423,1.106,-3.37756,-1.34381,6.52032,-0.28591,2.57115
2023-09-20,1.0682,-1.92251,1.09598,-2.56713,-1.01964,6.4994,-0.2958,2.57115
2023-09-21,1.0653,-1.91039,1.09184,-2.46024,-0.97623,6.45604,-0.29591,2.57115
2023-09-22,1.06615,-1.91425,1.09189,-2.38523,-0.94557,6.45871,-0.29638,2.57115
2023-09-25,1.06485,-1.89009,1.0948,-2.7736,-1.09856,6.39139,-0.29572,2.57115
2023-09-26,1.05916,-1.85162,1.09601,-3.41998,-1.35295,6.43217,-0.28787,2.57115
2023-09-27,1.05695,-1.92643,1.09364,-3.41282,-1.34766,6.39171,-0.30139,2.57115
2023-09-28,1.05053,-1.78345,1.1076,-5.2902,-2.08539,6.43563,-0.27712,2.57115
2023-09-29,1.05625,-1.87278,1.09768,-3.84805,-1.51043,6.54411,-0.28618,2.57115
2023-10-02,1.05652,-1.94887,1.08235,-2.41477,-0.94576,6.53236,-0.29834,2.08967
2023-10-03,1.04808,-1.98504,1.07563,-2.59496,-1.01543,6.69237,-0.29661,2.08967
2023-10-04,1.04723,-1.85442,1.08188,-3.25551,-1.27263,6.65031,-0.27885,2.08967
2023-10-05,1.05071,-1.91122,1.07334,-2.13087,-0.83168,6.5067,-0.29373,2.08967
2023-10-06,1.05466,-1.97711,1.0693,-1.37782,-0.53751,6.51882,-0.30329,2.08967
2023-10-09,1.05675,-2.02785,1.06981,-1.2284,-0.47909,6.5344,-0.31033,2.08967
2023-10-10,1.05789,-1.90859,1.08174,-2.22973,-0.86959,6.03845,-0.31607,2.08967
2023-10-11,1.06048,-1.92859,1.07819,-1.65668,-0.6457,5.86161,-0.32902,2.08967
2023-10-12,1.06243,-1.96649,1.07363,-1.04897,-0.40901,5.88172,-0.33434,2.08967
2023-10-13,1.05367,-1.98726,1.07539,-2.0402,-0.7955,6.05307,-0.32831,2.08967
2023-10-16,1.05216,-2.00104,1.07518,-2.16451,-0.84361,6.05343,-0.33056,2.08967
2023-10-17,1.05543,-2.02784,1.07179,-1.53848,-0.59928,6.10545,-0.33214,2.08967
2023-10-18,1.05731,-2.01963,1.07307,-1.48002,-0.57633,6.03825,-0.33447,2.08967
2023-10-19,1.05385,-1.93908,1.07934,-2.39004,-0.93041,6.05793,-0.32009,2.08967
2023-10-20,1.05865,-1.95347,1.07713,-1.73091,-0.67326,6.07487,-0.32156,2.08967
2023-10-23,1.059,-1.90154,1.0802,-1.98252,-0.77106,6.07761,-0.31288,2.08967
2023-10-24,1.06699,-1.92497,1.07694,-0.92895,-0.36124,6.26358,-0.30733,2.08967
2023-10-25,1.05954,-1.97833,1.07332,-1.29223,-0.50246,6.16503,-0.3209,2.08967
2023-10-26,1.05673,-1.96272,1.07065,-1.30892,-0.50889,6.10389,-0.32155,2.08967
2023-10-27,1.05645,-1.95075,1.07504,-1.74487,-0.67822,6.09399,-0.32011,2.08967
2023-10-30,1.05625,-2.00096,1.06733,-1.04421,-0.40598,6.08634,-0.32876,2.08967
2023-10-31,1.0615,-2.08207,1.06181,-0.02898,-0.01128,6.09712,-0.34148,2.08967
2023-11-01,1.05791,-1.97358,1.06969,-1.10694,-0.43135,6.11985,-0.32249,2.09985
2023-11-02,1.05871,-2.02677,1.07071,-1.12793,-0.44079,6.03415,-0.33588,2.09985
2023-11-03,1.06191,-1.87666,1.08346,-2.00908,-0.7879,6.07653,-0.30884,2.09985
2023-11-06,1.07321,-1.92507,1.07956,-0.5893,-0.23175,6.43077,-0.29935,2.09985
2023-11-07,1.07216,-1.89652,1.07607,-0.36443,-0.14372,6.41856,-0.29547,2.09985
2023-11-08,1.06961,-1.94445,1.06843,0.11046,0.04363,6.42915,-0.30244,2.09985
2023-11-09,1.07104,-2.02996,1.05934,1.09836,0.43427,6.40967,-0.3167,2.09985
2023-11-10,1.06676,-1.99277,1.06829,-0.14365,-0.05692,6.42708,-0.31006,2.09985
2023-11-13,1.06902,-1.94867,1.07298,-0.36998,-0.14675,6.44592,-0.30231,2.09985
2023-11-14,1.07018,-1.78376,1.08995,-1.83007,-0.72691,6.43364,-0.27726,2.09985
2023-11-15,1.08783,-1.92326,1.07412,1.26864,0.50448,7.24102,-0.26561,2.09985
2023-11-16,1.08546,-1.89193,1.0693,1.49954,0.59683,7.25421,-0.2608,2.09985
2023-11-17,1.08538,-1.95467,1.07132,1.30358,0.51921,7.24139,-0.26993,2.09985
2023-11-20,1.0907,-1.91832,1.07931,1.05035,0.41922,7.24469,-0.26479,2.09985
2023-11-21,1.09459,-1.89769,1.08189,1.16772,0.46699,7.27052,-0.26101,2.09985
2023-11-22,1.09182,-1.94223,1.07851,1.22678,0.49146,7.17917,-0.27054,2.09985
2023-11-23,1.08909,-1.89587,1.08175,0.67578,0.27095,7.19894,-0.26335,2.09985
2023-11-24,1.09063,-1.89928,1.08115,0.87331,0.35052,7.18628,-0.26429,2.09985
2023-11-27,1.09404,-1.86511,1.08237,1.07282,0.43106,7.16863,-0.26018,2.09985
2023-11-28,1.09584,-1.81868,1.09016,0.5202,0.2092,7.08171,-0.25681,2.09985
2023-11-29,1.10059,-1.8477,1.08935,1.02676,0.41328,6.93484,-0.26644,2.09985
2023-11-30,1.09737,-1.92388,1.08207,1.40444,0.56561,6.83741,-0.28137,2.09985
2023-12-01,1.08921,-1.85816,1.08111,0.74639,0.30076,7.00405,-0.2653,1.82543
2023-12-04,1.08881,-2.00177,1.06493,2.2177,0.89433,6.87976,-0.29097,1.82543
2023-12-05,1.08378,-1.93957,1.06971,1.30676,0.52713,6.94821,-0.27915,1.82543
2023-12-06,1.07937,-1.95997,1.06143,1.67528,0.67598,6.98047,-0.28078,1.82543
2023-12-07,1.07667,-1.96904,1.06001,1.55944,0.6296,6.99095,-0.28166,1.82543
2023-12-08,1.07921,-2.02298,1.06172,1.63392,0.66028,6.98113,-0.28978,1.82543
2023-12-11,1.07658,-2.0292,1.06083,1.47316,0.59564,6.99896,-0.28993,1.82543
2023-12-12,1.07666,-2.04535,1.0557,1.96618,0.79637,6.98949,-0.29263,1.82543
2023-12-13,1.07987,-1.79235,1.07976,0.00961,0.00389,6.7616,-0.26508,1.82543
2023-12-14,1.08861,-1.79061,1.08379,0.44375,0.18002,6.92102,-0.25872,1.82543
2023-12-15,1.09936,-1.87328,1.07721,2.03562,0.82789,7.16781,-0.26135,1.82543
2023-12-18,1.08953,-1.85778,1.08059,0.82352,0.33569,7.40702,-0.25081,1.82543
2023-12-19,1.09238,-1.87498,1.08185,0.96863,0.39569,7.39508,-0.25354,1.82543
2023-12-20,1.0981,-1.82554,1.0831,1.37547,0.56396,7.45752,-0.24479,1.82543
2023-12-21,1.09457,-1.85095,1.0805,1.29372,0.53168,7.48662,-0.24723,1.82543
2023-12-22,1.10062,-1.88561,1.07935,1.95158,0.80502,7.46036,-0.25275,1.82543
2023-12-25,1.10266,-1.88561,1.07975,2.09927,0.86896,7.44394,-0.25331,1.82543
2023-12-26,1.10203,-1.83561,1.08862,1.22429,0.50928,7.32099,-0.25073,1.82543
2023-12-27,1.1043,-1.77579,1.09353,0.98011,0.41003,7.26457,-0.24445,1.82543
2023-12-28,1.11086,-1.84568,1.08543,2.3162,0.97567,7.33844,-0.25151,1.82543
2023-12-29,1.10682,-1.79365,1.08747,1.76331,0.74676,7.17478,-0.24999,1.82543
2024-01-01,1.10558,-1.79365,1.08779,1.62246,0.68889,7.17799,-0.24988,1.40141
2024-01-02,1.10387,-1.8918,1.07421,2.72419,1.15847,7.17629,-0.26362,1.40141
2024-01-03,1.09418,-1.88354,1.07647,1.63159,0.69462,7.40202,-0.25446,1.40141
2024-01-04,1.09278,-1.88483,1.07472,1.66572,0.71071,7.40578,-0.25451,1.40141
2024-01-05,1.09474,-1.82246,1.08568,0.83132,0.35551,7.40931,-0.24597,1.40141
2024-01-08,1.09422,-1.79754,1.08345,0.98906,0.42462,7.40182,-0.24285,1.40141
2024-01-09,1.09517,-1.80003,1.088,0.65724,0.28329,7.39722,-0.24334,1.40141
2024-01-10,1.09324,-1.79195,1.08736,0.53954,0.23365,7.19584,-0.24903,1.40141
2024-01-11,1.09751,-1.69526,1.09736,0.01418,0.00617,7.21396,-0.235,1.40141
2024-01-12,1.09816,-1.61481,1.10416,-0.5446,-0.23942,7.19692,-0.22438,1.40141
2024-01-15,1.09457,-1.58554,1.10646,-1.08012,-0.47928,7.2351,-0.21915,1.40141
2024-01-16,1.09457,-1.66209,1.09497,-0.03685,-0.01652,7.19433,-0.23103,1.40141
2024-01-17,1.08788,-1.67386,1.08887,-0.09093,-0.04113,7.27304,-0.23015,1.40141
2024-01-18,1.08858,-1.66319,1.0951,-0.59763,-0.27248,7.27313,-0.22868,1.40141
2024-01-19,1.08791,-1.72985,1.09309,-0.47448,-0.21897,7.1319,-0.24255,1.40141
2024-01-22,1.08923,-1.7255,1.09711,-0.72126,-0.33699,6.97699,-0.24731,1.40141
2024-01-23,1.08802,-1.63788,1.10616,-1.65344,-0.78135,6.95595,-0.23546,1.40141
2024-01-24,1.08579,-1.67696,1.101,-1.39162,-0.66444,6.97275,-0.2405,1.40141
2024-01-25,1.08817,-1.685,1.10359,-1.40642,-0.68048,6.98038,-0.24139,1.40141
2024-01-26,1.0847,-1.75261,1.10194,-1.57673,-0.77206,6.95763,-0.2519,1.40141
2024-01-29,1.08435,-1.75947,1.09732,-1.18853,-0.58622,6.91765,-0.25434,1.40141
2024-01-30,1.08345,-1.83704,1.09437,-1.00315,-0.49858,6.92157,-0.26541,1.40141
2024-01-31,1.08434,-1.79627,1.08953,-0.47779,-0.23985,6.90123,-0.26028,1.40141
2024-02-01,1.08039,-1.72814,1.09099,-0.97576,-0.49289,6.62289,-0.26093,1.07313
2024-02-02,1.08746,-1.79344,1.08407,0.31288,0.15899,6.74186,-0.26602,1.07313
2024-02-05,1.078,-1.83747,1.08359,-0.51682,-0.26413,6.95818,-0.26407,1.07313
2024-02-06,1.07418,-1.75956,1.09366,-1.79657,-0.92084,6.99213,-0.25165,1.07313
2024-02-07,1.07572,-1.79574,1.09377,-1.6644,-0.85394,6.9484,-0.25844,1.07313
2024-02-08,1.07757,-1.78963,1.09892,-1.96147,-1.01032,6.9443,-0.25771,1.07313
2024-02-09,1.07773,-1.75991,1.10103,-2.13955,-1.10932,6.94154,-0.25353,1.07313
2024-02-12,1.07982,-1.74495,1.09578,-1.46709,-0.76392,6.12047,-0.2851,1.07313
2024-02-13,1.07723,-1.88292,1.07809,-0.07989,-0.04189,6.12366,-0.30748,1.07313
2024-02-14,1.07089,-1.77777,1.09055,-1.81908,-0.96358,6.23162,-0.28528,1.07313
2024-02-15,1.07321,-1.79893,1.09337,-1.86053,-0.99539,6.16419,-0.29184,1.07313
2024-02-16,1.07739,-1.80604,1.09252,-1.39478,-0.75115,6.17257,-0.29259,1.07313
2024-02-19,1.07849,-1.80324,1.09255,-1.295,-0.70313,6.16006,-0.29273,1.07313
2024-02-20,1.07754,-1.79449,1.08485,-0.67627,-0.36953,6.14382,-0.29208,1.07313
2024-02-21,1.08131,-1.81548,1.08494,-0.33513,-0.18409,6.17964,-0.29378,1.07313
2024-02-22,1.08204,-1.81958,1.08976,-0.7112,-0.39234,6.14642,-0.29604,1.07313
2024-02-23,1.08257,-1.81909,1.09075,-0.75313,-0.41658,6.13687,-0.29642,1.07313
2024-02-26,1.08201,-1.78704,1.09414,-1.11573,-0.61915,6.06793,-0.29451,1.07313
2024-02-27,1.08509,-1.79363,1.09694,-1.08577,-0.60463,6.07498,-0.29525,1.07313
2024-02-28,1.08448,-1.72862,1.0987,-1.30246,-0.72752,5.8925,-0.29336,1.07313
2024-02-29,1.08388,-1.73876,1.10011,-1.48597,-0.83234,5.89302,-0.29505,1.07313
2024-03-01,1.0805,-1.64025,1.10775,-2.49139,-1.40687,5.85304,-0.28024,2.55428
2024-03-04,1.08427,-1.72951,1.09835,-1.29037,-0.73421,5.83684,-0.29631,2.55428
2024-03-05,1.08552,-1.68764,1.09477,-0.84916,-0.48659,5.81707,-0.29012,2.55428
2024-03-06,1.0856,-1.70267,1.09474,-0.83821,-0.48491,5.79938,-0.2936,2.55428
2024-03-07,1.08995,-1.64705,1.09864,-0.7937,-0.46364,5.82793,-0.28261,2.55428
2024-03-08,1.09501,-1.70546,1.09204,0.27229,0.16036,5.89497,-0.28931,2.55428
2024-03-11,1.0943,-1.70605,1.08992,0.40044,0.23753,5.87188,-0.29055,2.55428
2024-03-12,1.09314,-1.73798,1.09397,-0.07627,-0.0457,5.65531,-0.30732,2.55428
2024-03-13,1.09278,-1.77104,1.09493,-0.1971,-0.11888,5.29642,-0.33438,2.55428
2024-03-14,1.09553,-1.80808,1.09092,0.42126,0.25475,5.00317,-0.36139,2.55428
2024-03-15,1.08834,-1.8156,1.09014,-0.16539,-0.10067,5.15032,-0.35252,2.55428
2024-03-18,1.08826,-1.82843,1.09139,-0.28749,-0.17582,5.03719,-0.36299,2.55428
2024-03-19,1.08739,-1.80003,1.09615,-0.80165,-0.4922,5.00011,-0.36,2.55428
2024-03-20,1.08633,-1.70116,1.10486,-1.69172,-1.04455,4.8707,-0.34926,2.55428
2024-03-21,1.09372,-1.75801,1.10105,-0.66802,-0.41438,5.05177,-0.348,2.55428
2024-03-22,1.08624,-1.77579,1.09847,-1.11952,-0.70077,5.228,-0.33967,2.55428
2024-03-25,1.08075,-1.69639,1.10465,-2.18696,-1.38644,5.29474,-0.32039,2.55428
2024-03-26,1.08382,-1.71535,1.10237,-1.69675,-1.08805,5.18091,-0.33109,2.55428
2024-03-27,1.08324,-1.746,1.10245,-1.75792,-1.14011,5.13862,-0.33978,2.55428
2024-03-28,1.08134,-1.7918,1.09956,-1.67129,-1.09441,5.14409,-0.34832,2.55428
2024-03-29,1.07945,-1.7918,1.09942,-1.83342,-1.20573,5.14617,-0.34818,2.55428
2024-04-01,1.07927,-1.9218,1.08722,-0.73339,-0.48438,4.84978,-0.39627,2.61982
2024-04-02,1.07372,-1.88301,1.08685,-1.21563,-0.80921,4.94532,-0.38076,2.61982
2024-04-03,1.07686,-1.846,1.09099,-1.30433,-0.87382,4.96943,-0.37147,2.61982
2024-04-04,1.08383,-1.84786,1.08326,0.05302,0.03555,5.14771,-0.35897,2.61982
2024-04-05,1.08371,-1.89957,1.08145,0.20807,0.14069,5.14358,-0.36931,2.61982
2024-04-08,1.08305,-1.93466,1.08183,0.11258,0.07641,5.1342,-0.37682,2.61982
2024-04-09,1.08637,-1.89547,1.08454,0.16836,0.11512,5.10996,-0.37094,2.61982
2024-04-10,1.08593,-2.07963,1.06965,1.5104,1.04422,5.10786,-0.40714,2.61982
2024-04-11,1.07417,-2.02988,1.07626,-0.19382,-0.13515,5.50667,-0.36862,2.61982
2024-04-12,1.07269,-2.0708,1.06399,0.81367,0.57238,5.51058,-0.37579,2.61982
2024-04-15,1.06496,-2.09843,1.05473,0.96559,0.68026,5.56151,-0.37731,2.61982
2024-04-16,1.06257,-2.11209,1.0567,0.55475,0.39107,5.5708,-0.37914,2.61982
2024-04-17,1.06215,-2.06109,1.05827,0.36595,0.25828,5.57061,-0.36999,2.61982
2024-04-18,1.06694,-2.0976,1.05644,0.98886,0.70186,5.64725,-0.37144,2.61982
2024-04-19,1.06442,-2.04903,1.05715,0.6854,0.48751,5.65989,-0.36203,2.61982
2024-04-22,1.06583,-2.08406,1.06132,0.42402,0.30318,5.65879,-0.36829,2.61982
2024-04-23,1.06541,-1.98016,1.07461,-0.86059,-0.61848,5.63612,-0.35133,2.61982
2024-04-24,1.07043,-1.95566,1.07457,-0.38528,-0.27845,5.69456,-0.34343,2.61982
2024-04-25,1.06999,-1.9727,1.0768,-0.63444,-0.46234,5.69467,-0.34641,2.61982
2024-04-26,1.07296,-2.0083,1.07625,-0.30563,-0.224,5.7243,-0.35084,2.61982
2024-04-29,1.07069,-2.04715,1.0744,-0.3458,-0.2548,5.73416,-0.35701,2.61982
2024-04-30,1.07157,-2.04324,1.06968,0.17694,0.13083,5.69453,-0.35881,2.61982
2024-05-01,1.06666,-1.96324,1.07273,-0.56758,-0.42153,5.59988,-0.35059,2.8557
2024-05-02,1.07216,-1.90089,1.08015,-0.74291,-0.55593,5.43624,-0.34967,2.8557
2024-05-03,1.07331,-1.9047,1.08525,-1.10671,-0.82946,5.39496,-0.35305,2.8557
2024-05-06,1.07581,-1.91048,1.08505,-0.85544,-0.64313,5.40777,-0.35328,2.8557
2024-05-07,1.07675,-1.92112,1.08555,-0.81389,-0.61422,5.39943,-0.3558,2.8557
2024-05-08,1.07505,-1.92482,1.0867,-1.07796,-0.81574,5.40843,-0.35589,2.8557
2024-05-09,1.07469,-1.87424,1.09165,-1.56532,-1.18653,5.39367,-0.34749,2.8557
2024-05-10,1.07852,-1.92575,1.08841,-0.91363,-0.69366,5.42064,-0.35526,2.8557
2024-05-13,1.07704,-1.91949,1.08357,-0.60415,-0.46016,5.29396,-0.36258,2.8557
2024-05-14,1.07935,-1.87047,1.08714,-0.71893,-0.55164,5.29365,-0.35334,2.8557
2024-05-15,1.08146,-1.83563,1.09468,-1.21536,-0.93643,5.25127,-0.34956,2.8557
2024-05-16,1.08898,-1.8841,1.09199,-0.27621,-0.21285,5.42553,-0.34726,2.8557
2024-05-17,1.08678,-1.89129,1.0943,-0.68942,-0.53184,5.43916,-0.34772,2.8557
2024-05-20,1.08755,-1.8871,1.09357,-0.55216,-0.42768,5.39753,-0.34962,2.8557
2024-05-21,1.08608,-1.90069,1.0942,-0.74481,-0.57829,5.40381,-0.35173,2.8557
2024-05-22,1.08552,-1.90648,1.09114,-0.51708,-0.40293,5.40433,-0.35277,2.8557
2024-05-23,1.08252,-1.90717,1.08838,-0.53959,-0.42172,5.4324,-0.35107,2.8557
2024-05-24,1.08127,-1.8969,1.09405,-1.17498,-0.92505,5.40624,-0.35087,2.8557
2024-05-27,1.08476,-1.95626,1.09057,-0.53424,-0.42195,5.4448,-0.35929,2.8557
2024-05-28,1.08619,-1.9675,1.0847,0.13736,0.10915,5.44983,-0.36102,2.8557
2024-05-29,1.08519,-1.93276,1.07971,0.50598,0.4051,5.41558,-0.35689,2.8557
2024-05-30,1.08018,-1.90303,1.0805,-0.02903,-0.02336,5.45036,-0.34916,2.8557
2024-05-31,1.08354,-1.87065,1.09039,-0.63037,-0.51044,5.48193,-0.34124,2.8557
2024-06-03,1.0853,-1.84201,1.09131,-0.55145,-0.44954,5.4919,-0.33541,2.77225
2024-06-04,1.09074,-1.84224,1.09131,-0.05206,-0.04259,5.52477,-0.33345,2.77225
2024-06-05,1.08819,-1.78444,1.09742,-0.84494,-0.69641,5.46343,-0.32662,2.77225
2024-06-06,1.08745,-1.75356,1.09914,-1.06918,-0.8848,5.4635,-0.32096,2.77225
2024-06-07,1.08944,-1.84688,1.09616,-0.61496,-0.50921,5.47339,-0.33743,2.77225
2024-06-10,1.07789,-1.85083,1.09255,-1.35136,-1.12038,5.87034,-0.31529,2.77225
2024-06-11,1.07643,-1.84654,1.09205,-1.44081,-1.19621,5.84808,-0.31575,2.77225
2024-06-12,1.07403,-1.82185,1.09782,-2.19036,-1.81809,5.72067,-0.31847,2.77225
2024-06-13,1.08131,-1.7813,1.10045,-1.75447,-1.45276,5.88796,-0.30253,2.77225
2024-06-14,1.07388,-1.90725,1.08931,-1.42653,-1.17898,6.04163,-0.31569,2.77225
2024-06-17,1.07022,-1.95855,1.08557,-1.42424,-1.17547,6.07409,-0.32244,2.77225
2024-06-18,1.07407,-1.89614,1.09113,-1.57572,-1.29975,5.95671,-0.31832,2.77225
2024-06-19,1.07423,-1.87916,1.09188,-1.62989,-1.34397,5.8051,-0.32371,2.77225
2024-06-20,1.07515,-1.88388,1.08599,-1.00251,-0.82831,5.72284,-0.32919,2.77225
2024-06-21,1.07064,-1.9325,1.08379,-1.22093,-1.00842,5.75011,-0.33608,2.77225
2024-06-24,1.06878,-1.90267,1.0844,-1.45173,-1.1995,5.75808,-0.33043,2.77225
2024-06-25,1.07327,-1.85077,1.08998,-1.54509,-1.27629,5.81613,-0.31821,2.77225
2024-06-26,1.07096,-1.90235,1.08847,-1.62132,-1.34326,5.8213,-0.32679,2.77225
2024-06-27,1.06801,-1.89041,1.09029,-2.06434,-1.7081,5.8451,-0.32342,2.77225
2024-06-28,1.07085,-1.91063,1.08779,-1.57002,-1.29735,5.78245,-0.33042,2.77225
2024-07-01,1.07353,-1.89616,1.08949,-1.47618,-1.21907,5.7744,-0.32837,2.8295
2024-07-02,1.07371,-1.85505,1.09276,-1.75862,-1.45362,5.6212,-0.33001,2.8295
2024-07-03,1.07484,-1.80829,1.09431,-1.79504,-1.49246,5.62633,-0.3214,2.8295
2024-07-04,1.07933,-1.81587,1.09367,-1.31969,-1.09629,5.69058,-0.3191,2.8295
2024-07-05,1.08107,-1.72576,1.09684,-1.44845,-1.20263,5.66568,-0.3046,2.8295
2024-07-08,1.0826,-1.77629,1.09479,-1.11976,-0.9319,5.67312,-0.31311,2.8295
2024-07-09,1.0831,-1.75843,1.09547,-1.13564,-0.94635,5.22852,-0.33632,2.8295
2024-07-10,1.08148,-1.76156,1.09323,-1.08067,-0.9028,5.22984,-0.33683,2.8295
2024-07-11,1.08333,-1.70531,1.09586,-1.15041,-0.96259,5.02023,-0.33969,2.8295
2024-07-12,1.08728,-1.61898,1.10334,-1.46677,-1.23333,5.03817,-0.32134,2.8295
2024-07-15,1.08855,-1.66453,1.09727,-0.79741,-0.67336,5.03828,-0.33038,2.8295
2024-07-16,1.09016,-1.66852,1.09725,-0.64824,-0.54888,4.97374,-0.33547,2.8295
2024-07-17,1.09025,-1.65737,1.0912,-0.08741,-0.07405,4.94357,-0.33526,2.8295
2024-07-18,1.09402,-1.71431,1.08176,1.12668,0.95471,4.97828,-0.34436,2.8295
2024-07-19,1.09016,-1.72189,1.08036,0.90245,0.76404,5.03839,-0.34175,2.8295
2024-07-22,1.08992,-1.73332,1.08633,0.33009,0.27936,4.96147,-0.34936,2.8295
2024-07-23,1.08898,-1.64609,1.09308,-0.37601,-0.31822,4.96482,-0.33155,2.8295
2024-07-24,1.08507,-1.64861,1.07963,0.50279,0.42599,4.9981,-0.32985,2.8295
2024-07-25,1.08395,-1.70725,1.07442,0.88359,0.7491,4.98242,-0.34265,2.8295
2024-07-26,1.08513,-1.66938,1.08479,0.03124,0.02649,4.98403,-0.33495,2.8295
2024-07-29,1.08538,-1.6911,1.08338,0.18358,0.15571,4.88777,-0.34599,2.8295
2024-07-30,1.08195,-1.73901,1.07713,0.4465,0.37888,4.83362,-0.35977,2.8295
2024-07-31,1.08161,-1.70778,1.08285,-0.11514,-0.09769,4.83075,-0.35352,2.8295
2024-08-01,1.08239,-1.59933,1.08177,0.05727,0.04861,4.81153,-0.33239,2.79112
2024-08-02,1.07876,-1.40943,1.07985,-0.10123,-0.08594,4.85805,-0.29012,2.79112
2024-08-05,1.09108,-1.58045,1.03943,4.85013,4.12384,5.34828,-0.29551,2.79112
2024-08-06,1.0951,-1.65336,1.0569,3.55059,2.98008,5.39082,-0.3067,2.79112
2024-08-07,1.09262,-1.57642,1.06085,2.95053,2.45628,5.37361,-0.29336,2.79112
2024-08-08,1.09281,-1.60866,1.06826,2.27262,1.88456,5.36408,-0.2999,2.79112
2024-08-09,1.09157,-1.64979,1.07481,1.5479,1.28093,5.35661,-0.30799,2.79112
2024-08-12,1.09138,-1.60816,1.07494,1.51807,1.2573,5.34497,-0.30087,2.79112
2024-08-13,1.09363,-1.56177,1.08646,0.65764,0.54416,5.17956,-0.30153,2.79112
2024-08-14,1.0997,-1.5749,1.09281,0.62841,0.52003,5.27538,-0.29854,2.79112
2024-08-15,1.10132,-1.64018,1.09172,0.87575,0.72483,5.28069,-0.3106,2.79112
2024-08-16,1.09727,-1.63834,1.09429,0.27208,0.22518,5.32893,-0.30744,2.79112
2024-08-19,1.1025,-1.63678,1.09614,0.57833,0.47916,5.40522,-0.30281,2.79112
2024-08-20,1.10865,-1.59927,1.09399,1.33089,1.10264,5.47278,-0.29222,2.79112
2024-08-21,1.11279,-1.57029,1.09508,1.60456,1.32876,5.50428,-0.28529,2.79112
2024-08-22,1.11554,-1.63574,1.08617,2.66793,2.20778,5.49073,-0.29791,2.79112
2024-08-23,1.11172,-1.51883,1.09805,1.23674,1.02466,5.54192,-0.27406,2.79112
2024-08-26,1.11879,-1.54046,1.0943,2.21398,1.84037,5.66242,-0.27205,2.79112
2024-08-27,1.11647,-1.43739,1.10425,1.10086,0.92097,5.59157,-0.25706,2.79112
2024-08-28,1.11779,-1.47549,1.09679,1.89705,1.60642,5.5687,-0.26496,2.79112
2024-08-29,1.1125,-1.55195,1.09639,1.45783,1.25917,5.66127,-0.27413,2.79112
2024-08-30,1.10805,-1.55085,1.0995,0.77446,0.67533,5.65017,-0.27448,2.79112
2024-09-02,1.10448,-1.51158,1.10179,0.24466,0.21371,5.66921,-0.26663,2.44092
2024-09-03,1.10675,-1.49884,1.08914,1.60317,1.40703,5.67754,-0.26399,2.44092
2024-09-04,1.10489,-1.42242,1.09312,1.07067,0.9398,5.682,-0.25034,2.44092
2024-09-05,1.10805,-1.48768,1.09311,1.35731,1.19043,5.25658,-0.28301,2.44092
2024-09-06,1.11111,-1.37875,1.09489,1.47092,1.28919,5.26397,-0.26192,2.44092
2024-09-09,1.10872,-1.45278,1.09737,1.02914,0.90335,5.26246,-0.27607,2.44092
2024-09-10,1.10375,-1.37667,1.105,-0.11319,-0.09972,5.19975,-0.26476,2.44092
2024-09-11,1.1021,-1.48098,1.10146,0.05785,0.05135,5.00338,-0.296,2.44092
2024-09-12,1.10109,-1.46452,1.10301,-0.17407,-0.15585,4.95021,-0.29585,2.44092
2024-09-13,1.10779,-1.40706,1.10786,-0.00658,-0.00593,5.03784,-0.2793,2.44092
2024-09-16,1.10884,-1.38221,1.1066,0.20228,0.18296,5.0382,-0.27435,2.44092
2024-09-17,1.11295,-1.42926,1.10186,1.00172,0.91199,5.07821,-0.28145,2.44092
2024-09-18,1.11231,-1.40492,1.1017,0.95874,0.87625,4.99126,-0.28148,2.44092
2024-09-19,1.11148,-1.39844,1.10616,0.48006,0.44015,4.97612,-0.28103,2.44092
2024-09-20,1.1162,-1.34005,1.10999,0.55723,0.51545,4.97712,-0.26924,2.44092
2024-09-23,1.11608,-1.41886,1.10672,0.84228,0.78803,4.9474,-0.28679,2.44092
2024-09-24,1.11117,-1.39567,1.10827,0.26154,0.24593,5.00439,-0.27889,2.44092
2024-09-25,1.11912,-1.43258,1.1074,1.05266,0.99597,5.1556,-0.27787,2.44092
2024-09-26,1.1131,-1.55838,1.10226,0.97861,0.9287,5.2836,-0.29495,2.44092
2024-09-27,1.11772,-1.53801,1.09894,1.69403,1.60728,5.33064,-0.28852,2.44092
2024-09-30,1.11698,-1.62572,1.0952,1.96908,1.8696,5.33622,-0.30466,2.44092
2024-10-01,1.11366,-1.66437,1.08622,2.49502,2.36836,5.33396,-0.31203,2.03711
2024-10-02,1.10639,-1.62927,1.08874,1.60802,1.52564,5.51143,-0.29562,2.03711
2024-10-03,1.10485,-1.67871,1.08029,2.2481,2.13701,5.51833,-0.30421,2.03711
2024-10-04,1.10356,-1.8278,1.07547,2.57828,2.45893,5.52632,-0.33074,2.03711
2024-10-07,1.09745,-1.83239,1.06738,2.77876,2.676,5.63801,-0.32501,2.03711
2024-10-08,1.09757,-1.80363,1.07393,2.17739,2.09494,5.63004,-0.32036,2.03711
2024-10-09,1.09757,-1.81317,1.07524,2.05613,1.9777,5.58685,-0.32454,2.03711
2024-10-10,1.09433,-1.79152,1.07425,1.85182,1.78021,5.61711,-0.31894,2.03711
2024-10-11,1.09339,-1.75798,1.07708,1.50254,1.45473,5.61309,-0.31319,2.03711
2024-10-14,1.09254,-1.77158,1.07908,1.23983,1.20356,5.61549,-0.31548,2.03711
2024-10-15,1.09092,-1.80195,1.0788,1.11733,1.08348,5.58004,-0.32293,2.03711
2024-10-16,1.08841,-1.8225,1.0798,0.7947,0.77016,5.55396,-0.32814,2.03711
2024-10-17,1.08625,-1.85884,1.07893,0.67631,0.65522,5.56774,-0.33386,2.03711
2024-10-18,1.08295,-1.91712,1.07948,0.32154,0.31138,5.5975,-0.3425,2.03711
2024-10-21,1.08686,-1.89453,1.0789,0.7348,0.71152,5.59921,-0.33836,2.03711
2024-10-22,1.08178,-1.90265,1.07759,0.38877,0.37637,5.67442,-0.3353,2.03711
2024-10-23,1.07973,-1.99215,1.0731,0.61613,0.59798,5.68197,-0.35061,2.03711
2024-10-24,1.07805,-2.00951,1.07341,0.43165,0.41969,5.68923,-0.35321,2.03711
2024-10-25,1.08242,-2.02089,1.06972,1.17976,1.14699,5.7143,-0.35366,2.03711
2024-10-28,1.07966,-2.07283,1.07268,0.64797,0.62979,5.73688,-0.36132,2.03711
2024-10-29,1.08168,-2.01946,1.07622,0.50628,0.49239,5.74755,-0.35136,2.03711
2024-10-30,1.08206,-1.98687,1.07502,0.65339,0.6359,5.70743,-0.34812,2.03711
2024-10-31,1.08592,-1.91669,1.07372,1.13008,1.10257,5.27597,-0.36329,2.03711
2024-11-01,1.08861,-2.01474,1.07202,1.53616,1.49804,5.24682,-0.38399,1.09531
2024-11-04,1.08745,-1.94788,1.07298,1.33995,1.30386,5.23213,-0.37229,1.09531
2024-11-05,1.08741,-1.96364,1.07416,1.22536,1.19051,5.23189,-0.37532,1.09531
2024-11-06,1.09345,-2.11501,1.07592,1.61569,1.56764,5.34615,-0.39561,1.09531
2024-11-07,1.07331,-2.05197,1.08003,-0.62458,-0.60497,6.51521,-0.31495,1.09531
2024-11-08,1.07952,-2.11144,1.08004,-0.04813,-0.04662,6.61065,-0.3194,1.09531
2024-11-11,1.07149,-2.16131,1.08021,-0.81097,-0.78548,6.66269,-0.32439,1.09531
2024-11-12,1.06644,-2.27073,1.07639,-0.92907,-0.89933,6.70655,-0.33858,1.09531
2024-11-13,1.06167,-2.17141,1.0808,-1.78514,-1.72678,6.72374,-0.32295,1.09531
2024-11-14,1.05641,-2.27506,1.07542,-1.78324,-1.72042,6.69471,-0.33983,1.09531
2024-11-15,1.05301,-2.22202,1.07473,-2.04141,-1.96442,6.59178,-0.33709,1.09531
2024-11-18,1.05337,-2.1504,1.07595,-2.12012,-2.03409,6.53132,-0.32924,1.09531
2024-11-19,1.05949,-2.16975,1.07341,-1.30541,-1.24843,6.63343,-0.32709,1.09531
2024-11-20,1.06076,-2.20716,1.07074,-0.93639,-0.89501,6.62393,-0.33321,1.09531
2024-11-21,1.05462,-2.27735,1.06703,-1.17017,-1.11876,6.54058,-0.34819,1.09531
2024-11-22,1.04693,-2.37825,1.06477,-1.6894,-1.6154,6.66039,-0.35707,1.09531
2024-11-25,1.04799,-2.24119,1.07279,-2.33954,-2.23389,6.65808,-0.33661,1.09531
2024-11-26,1.04443,-2.20266,1.07495,-2.87986,-2.73713,6.63279,-0.33209,1.09531
2024-11-27,1.04912,-2.19789,1.07446,-2.38657,-2.25262,6.69341,-0.32837,1.09531
2024-11-28,1.05625,-2.21836,1.07303,-1.57649,-1.48134,6.84709,-0.32399,1.09531
2024-11-29,1.0563,-2.21799,1.07378,-1.64163,-1.54027,6.82607,-0.32493,1.09531
2024-12-02,1.05451,-2.31355,1.07026,-1.48244,-1.38779,6.82618,-0.33892,0.66741
2024-12-03,1.05012,-2.29467,1.06956,-1.83433,-1.71402,6.82031,-0.33645,0.66741
2024-12-04,1.05108,-2.22569,1.07277,-2.04276,-1.90337,6.79044,-0.32777,0.66741
2024-12-05,1.05141,-2.18692,1.07415,-2.13899,-1.9905,6.78959,-0.3221,0.66741
2024-12-06,1.05856,-2.13771,1.07816,-1.83492,-1.70191,6.91612,-0.30909,0.66741
2024-12-09,1.05655,-2.18113,1.07245,-1.4943,-1.39012,6.91858,-0.31526,0.66741
2024-12-10,1.05552,-2.20556,1.07103,-1.45826,-1.35569,6.91867,-0.31878,0.66741
2024-12-11,1.0533,-2.23596,1.06965,-1.54035,-1.42988,6.78717,-0.32944,0.66741
2024-12-12,1.05069,-2.21273,1.06989,-1.81095,-1.67799,6.78587,-0.32608,0.66741
2024-12-13,1.04741,-2.25027,1.06739,-1.88972,-1.74654,6.7368,-0.33403,0.66741
2024-12-16,1.05101,-2.24939,1.06585,-1.4029,-1.29359,6.7936,-0.33111,0.66741
2024-12-17,1.05173,-2.26482,1.06329,-1.09254,-1.00596,6.80102,-0.33301,0.66741
2024-12-18,1.04951,-2.37405,1.04392,0.53316,0.49056,6.7253,-0.353,0.66741
2024-12-19,1.03503,-2.30624,1.05102,-1.53361,-1.41092,7.20105,-0.32026,0.66741
2024-12-20,1.03649,-2.33927,1.05565,-1.83128,-1.68164,7.1897,-0.32536,0.66741
2024-12-23,1.04331,-2.3022,1.05946,-1.53678,-1.40757,7.16384,-0.32136,0.66741
2024-12-24,1.04058,-2.28685,1.06368,-2.1951,-2.00849,7.11784,-0.32128,0.66741
2024-12-25,1.04026,-2.28685,1.0633,-2.19075,-1.99698,7.04074,-0.3248,0.66741
2024-12-26,1.03996,-2.29685,1.06174,-2.07309,-1.88371,7.04215,-0.32616,0.66741
2024-12-27,1.04232,-2.3023,1.05862,-1.55196,-1.4073,7.06447,-0.3259,0.66741
2024-12-30,1.04294,-2.22885,1.05974,-1.59804,-1.44725,6.98249,-0.31921,0.66741
2024-12-31,1.04062,-2.23885,1.05894,-1.74553,-1.57832,6.98671,-0.32044,0.66741
2025-01-02,1.03519,-2.24238,1.05706,-2.09123,-1.88663,7.0389,-0.31857,-0.49105
2025-01-03,1.02682,-2.19134,1.06208,-3.37598,-3.03539,7.12429,-0.30759,-0.49105
2025-01-06,1.03053,-2.12043,1.06573,-3.35865,-2.99933,7.18175,-0.29525,-0.49105
2025-01-07,1.03864,-2.1967,1.05806,-1.85273,-1.64331,7.39377,-0.2971,-0.49105
2025-01-08,1.03455,-2.13091,1.06183,-2.60275,-2.30505,7.40758,-0.28767,-0.49105
2025-01-09,1.03147,-2.10532,1.06266,-2.97887,-2.62525,7.4194,-0.28376,-0.49105
2025-01-10,1.02976,-2.17978,1.05443,-2.36776,-2.07268,7.42078,-0.29374,-0.49105
2025-01-13,1.02444,-2.15577,1.0555,-2.98694,-2.60449,7.46839,-0.28865,-0.49105
2025-01-14,1.02653,-2.10139,1.05929,-3.14235,-2.72272,7.4879,-0.28064,-0.49105
2025-01-15,1.03068,-2.06876,1.06472,-3.2488,-2.7945,7.55011,-0.274,-0.49105
2025-01-16,1.02953,-1.99427,1.06814,-3.68233,-3.14316,7.5371,-0.26459,-0.49105
2025-01-17,1.03019,-2.06357,1.06538,-3.35867,-2.83925,7.48994,-0.27551,-0.49105
2025-01-20,1.02774,-2.06426,1.06518,-3.57801,-3.00068,7.45616,-0.27685,-0.49105
2025-01-21,1.04207,-2.11522,1.06442,-2.12241,-1.76432,8.00758,-0.26415,-0.49105
2025-01-22,1.04059,-2.11522,1.06432,-2.25409,-1.86803,8.00694,-0.26417,-0.49105
2025-01-23,1.04102,-2.10242,1.06534,-2.31011,-1.90787,7.95487,-0.26429,-0.49105
2025-01-24,1.0416,-2.02989,1.06978,-2.66944,-2.19676,7.9485,-0.25538,-0.49105
2025-01-27,1.04676,-1.96833,1.06797,-2.00628,-1.64371,8.01025,-0.24573,-0.49105
2025-01-28,1.04451,-1.98783,1.06932,-2.34777,-1.91899,8.01481,-0.24802,-0.49105
2025-01-29,1.04291,-2.01515,1.06765,-2.34516,-1.91216,7.9731,-0.25274,-0.49105
2025-01-30,1.04252,-2.05592,1.0664,-2.26401,-1.84151,7.94811,-0.25867,-0.49105
2025-01-31,1.03973,-2.16478,1.0587,-1.80855,-1.46793,7.95785,-0.27203,-0.49105
2025-02-03,1.02478,-2.27276,1.04858,-2.29564,-1.8597,8.41909,-0.26995,-0.92258
2025-02-04,1.03274,-2.21254,1.05418,-2.05528,-1.66246,8.49891,-0.26033,-0.92258
2025-02-05,1.03728,-2.17117,1.05958,-2.12709,-1.71936,7.76667,-0.27955,-0.92258
2025-02-06,1.04008,-2.20386,1.058,-1.70767,-1.37635,7.68917,-0.28662,-0.92258
2025-02-07,1.03857,-2.27644,1.05135,-1.22281,-0.98509,7.56375,-0.30097,-0.92258
2025-02-10,1.03116,-2.30416,1.05059,-1.86706,-1.50561,7.63449,-0.30181,-0.92258
2025-02-11,1.03015,-2.26835,1.05191,-2.08979,-1.68411,7.59295,-0.29874,-0.92258
2025-02-12,1.03649,-2.28681,1.05116,-1.40462,-1.13107,7.65073,-0.2989,-0.92258
2025-02-13,1.0392,-2.27502,1.05313,-1.33131,-1.0746,7.64901,-0.29743,-0.92258
2025-02-14,1.04617,-2.1975,1.05853,-1.17519,-0.94843,7.77175,-0.28275,-0.92258
2025-02-17,1.04892,-2.18269,1.05939,-0.9932,-0.80296,7.69964,-0.28348,-0.92258
2025-02-18,1.04854,-2.21583,1.05588,-0.69819,-0.56721,7.69479,-0.28796,-0.92258
2025-02-19,1.04483,-2.15143,1.06005,-1.44602,-1.17549,7.64059,-0.28158,-0.92258
2025-02-20,1.0421,-2.17378,1.05777,-1.49229,-1.21184,7.51837,-0.28913,-0.92258
2025-02-21,1.05006,-2.14729,1.0559,-0.55488,-0.45175,7.67116,-0.27992,-0.92258
2025-02-24,1.04748,-2.10326,1.0576,-0.96153,-0.78448,7.65628,-0.27471,-0.92258
2025-02-25,1.04613,-2.05466,1.06057,-1.37033,-1.11847,7.60726,-0.27009,-0.92258
2025-02-26,1.05241,-2.03557,1.0623,-0.93492,-0.76378,7.58016,-0.26854,-0.92258
2025-02-27,1.04888,-2.07725,1.05661,-0.73461,-0.60033,7.60885,-0.273,-0.92258
2025-02-28,1.03951,-2.01546,1.06268,-2.20437,-1.80185,7.80686,-0.25817,-0.92258
2025-03-03,1.04138,-1.9281,1.06488,-2.23109,-1.82078,7.77562,-0.24797,1.59546
2025-03-04,1.0485,-1.98569,1.05999,-1.0896,-0.88689,7.89646,-0.25147,1.59546
2025-03-05,1.0627,-1.84792,1.07127,-0.80355,-0.65624,8.34452,-0.22145,1.59546
2025-03-06,1.07949,-1.73407,1.07571,0.35135,0.28787,8.80828,-0.19687,1.59546
2025-03-07,1.0788,-1.80978,1.0721,0.62214,0.51035,8.79902,-0.20568,1.59546
2025-03-10,1.08606,-1.74213,1.07272,1.23582,1.01531,8.88653,-0.19604,1.59546
2025-03-11,1.08394,-1.79152,1.07052,1.24592,1.02277,8.88475,-0.20164,1.59546
2025-03-12,1.09142,-1.83292,1.07031,1.95327,1.60193,8.95579,-0.20466,1.59546
2025-03-13,1.08862,-1.7984,1.07295,1.45069,1.18862,8.94694,-0.20101,1.59546
2025-03-14,1.08556,-1.84803,1.07257,1.20464,0.98846,8.95419,-0.20639,1.59546
2025-03-17,1.08813,-1.91759,1.0691,1.7637,1.44757,8.96174,-0.21397,1.59546
2025-03-18,1.09192,-1.87503,1.07114,1.92083,1.57395,8.9641,-0.20917,1.59546
2025-03-19,1.09395,-1.85268,1.07481,1.76522,1.4438,8.46671,-0.21882,1.59546
2025-03-20,1.09119,-1.84021,1.07574,1.42607,1.16583,8.49316,-0.21667,1.59546
2025-03-21,1.08567,-1.83217,1.07698,0.80331,0.6566,8.49229,-0.21575,1.59546
2025-03-24,1.08358,-1.93647,1.0715,1.1208,0.91795,8.48275,-0.22828,1.59546
2025-03-25,1.08036,-1.84687,1.0784,0.18145,0.14875,8.51161,-0.21698,1.59546
2025-03-26,1.07875,-1.89358,1.07352,0.48587,0.39937,8.52009,-0.22225,1.59546
2025-03-27,1.07421,-1.92085,1.07115,0.28451,0.23465,8.56655,-0.22423,1.59546
2025-03-28,1.0801,-1.86867,1.07223,0.73097,0.60514,8.62458,-0.21667,1.59546
2025-03-31,1.08239,-1.89531,1.0696,1.18846,0.98443,8.61134,-0.2201,1.59546
2025-04-01,1.08189,-1.8753,1.07173,0.94321,0.7813,8.53201,-0.2198,4.41077
2025-04-02,1.0796,-1.92049,1.06863,1.02149,0.84589,8.36284,-0.22965,4.41077
2025-04-03,1.09087,-1.7661,1.0751,1.45657,1.20936,8.56291,-0.20625,4.41077
2025-04-04,1.10437,-1.85848,1.06242,3.87305,3.21635,8.75456,-0.21229,4.41077
2025-04-07,1.09845,-1.94214,1.05908,3.65011,3.00966,8.79194,-0.2209,4.41077
2025-04-08,1.09154,-1.80512,1.07113,1.88686,1.54377,8.87745,-0.20334,4.41077
2025-04-09,1.09804,-2.15916,1.05064,4.41287,3.60443,8.91857,-0.2421,4.41077
2025-04-10,1.09521,-2.00863,1.0623,3.05023,2.46248,8.86032,-0.2267,4.41077
2025-04-11,1.12578,-2.22998,1.04761,7.19652,5.78806,10.32181,-0.21605,4.41077
2025-04-14,1.13431,-2.10087,1.06176,6.61008,5.15953,10.38105,-0.20238,4.41077
2025-04-15,1.13397,-2.06526,1.06668,6.11662,4.66431,10.37388,-0.19908,4.41077
2025-04-16,1.12927,-2.04095,1.06935,5.45149,4.08587,10.4348,-0.19559,4.41077
2025-04-17,1.13968,-2.10536,1.06536,6.74327,4.98447,10.51763,-0.20017,4.41077
2025-04-22,1.15128,-2.08813,1.06847,7.46431,5.39758,10.36739,-0.20141,4.41077
2025-04-23,1.13513,-2.06665,1.07262,5.66387,3.99083,10.8188,-0.19102,4.41077
2025-04-24,1.13273,-2.09224,1.0716,5.5478,3.86317,10.83968,-0.19302,4.41077
2025-04-25,1.13719,-2.02422,1.07735,5.40538,3.71764,10.85075,-0.18655,4.41077
2025-04-28,1.13431,-1.93368,1.08587,4.36464,2.97272,10.85442,-0.17815,4.41077
2025-04-29,1.14091,-1.90485,1.09001,4.56421,3.09126,10.86888,-0.17526,4.41077
2025-04-30,1.13893,-1.90049,1.09237,4.17326,2.80508,10.87126,-0.17482,4.41077
2025-05-01,1.13249,-2.00049,1.08657,4.139,2.76684,10.95759,-0.18257,3.51862
2025-05-02,1.12965,-2.07963,1.0819,4.31854,2.87133,10.95505,-0.18983,3.51862
2025-05-05,1.13232,-2.08817,1.08383,4.3772,2.89653,10.4752,-0.19934,3.51862
2025-05-06,1.13134,-2.01282,1.08906,3.80828,2.50447,10.41099,-0.19334,3.51862
2025-05-07,1.13428,-2.04799,1.08822,4.14495,2.7172,10.39656,-0.19699,3.51862
2025-05-08,1.13062,-2.15864,1.07848,4.72163,3.07517,10.43439,-0.20688,3.51862
2025-05-09,1.12242,-2.1064,1.08196,3.6711,2.37678,10.56163,-0.19944,3.51862
2025-05-12,1.12296,-2.10022,1.0808,3.82683,2.46852,10.42447,-0.20147,3.51862
2025-05-13,1.10956,-2.1411,1.07625,3.04832,1.95824,10.75312,-0.19911,3.51862
2025-05-14,1.11856,-2.16265,1.07591,3.88692,2.49355,10.79636,-0.20031,3.51862
2025-05-15,1.11819,-2.0925,1.08369,3.13427,2.00067,10.79687,-0.19381,3.51862
2025-05-16,1.11927,-2.14378,1.07917,3.648,2.32512,10.73844,-0.19964,3.51862
2025-05-19,1.11876,-2.15541,1.07897,3.62078,2.29795,10.738,-0.20073,3.51862
2025-05-20,1.12334,-2.12971,1.08173,3.77447,2.38483,10.75156,-0.19808,3.51862
2025-05-21,1.1288,-2.15742,1.08138,4.29092,2.69944,10.73545,-0.20096,3.51862
2025-05-22,1.13312,-2.17788,1.08117,4.69266,2.93161,10.71895,-0.20318,3.51862
2025-05-23,1.12818,-2.26132,1.07551,4.78135,2.96257,10.7014,-0.21131,3.51862
2025-05-26,1.13728,-2.22074,1.07927,5.23582,3.21809,10.76359,-0.20632,3.51862
2025-05-27,1.13885,-2.14531,1.08629,4.72513,2.87657,10.75068,-0.19955,3.51862
2025-05-28,1.13371,-2.1641,1.08433,4.45345,2.68978,10.77191,-0.2009,3.51862
2025-05-29,1.12337,-2.14754,1.08751,3.24446,1.94612,10.93266,-0.19643,3.51862
2025-05-30,1.13784,-2.10942,1.09121,4.18432,2.5028,10.98534,-0.19202,3.51862
2025-06-02,1.13533,-2.13273,1.08887,4.17837,2.48529,11.0091,-0.19372,4.57988
2025-06-03,1.14534,-2.19903,1.08285,5.61066,3.31807,11.05557,-0.19891,4.57988
2025-06-04,1.13845,-2.07659,1.09387,3.99454,2.33733,10.87817,-0.1909,4.57988
2025-06-05,1.1422,-2.09491,1.0922,4.47701,2.60673,10.47779,-0.19994,4.57988
2025-06-06,1.14538,-2.17778,1.0847,5.44364,3.14865,10.47968,-0.20781,4.57988
2025-06-09,1.14078,-2.1538,1.08594,4.92721,2.82264,10.45975,-0.20591,4.57988
2025-06-10,1.1428,-2.17635,1.0853,5.16333,2.93489,10.4467,-0.20833,4.57988
2025-06-11,1.14375,-2.13453,1.0829,5.46688,3.08219,10.37448,-0.20575,4.57988
2025-06-12,1.15093,-2.10198,1.08627,5.78193,3.2296,10.41031,-0.20191,4.57988
2025-06-13,1.16003,-2.12566,1.0751,7.60305,4.20362,10.47512,-0.20292,4.57988
2025-06-16,1.15567,-2.13886,1.07679,7.06987,3.84206,10.51558,-0.2034,4.57988
2025-06-17,1.15513,-2.09001,1.07414,7.2694,3.89393,10.5067,-0.19892,4.57988
2025-06-18,1.14826,-2.10609,1.07323,6.75778,3.56718,10.59366,-0.19881,4.57988
2025-06-19,1.14775,-2.11287,1.07325,6.71102,3.50342,10.57555,-0.19979,4.57988
2025-06-20,1.15128,-2.06393,1.07628,6.73618,3.47789,10.51694,-0.19625,4.57988
2025-06-23,1.15009,-1.98502,1.09181,5.19966,2.65873,10.50856,-0.1889,4.57988
2025-06-24,1.1599,-1.90139,1.10573,4.78307,2.43334,10.58489,-0.17963,4.57988
2025-06-25,1.16122,-1.88903,1.10564,4.90513,2.48437,10.57152,-0.17869,4.57988
2025-06-26,1.16837,-1.88312,1.10628,5.46081,2.75273,10.55987,-0.17833,4.57988
2025-06-27,1.16922,-1.88446,1.10656,5.50837,2.76121,10.52689,-0.17901,4.57988
2025-06-30,1.17275,-1.8751,1.10807,5.67264,2.82658,10.53135,-0.17805,4.57988
2025-07-01,1.17872,-1.95602,1.1045,6.50314,3.21709,10.55252,-0.18536,5.0179
2025-07-02,1.18055,-1.93162,1.10208,6.87834,3.37629,10.52885,-0.18346,5.0179
2025-07-03,1.18002,-2.04518,1.09595,7.39129,3.59115,10.37569,-0.19711,5.0179
2025-07-04,1.17715,-2.07405,1.09588,7.15378,3.43786,10.15371,-0.20427,5.0179
2025-07-07,1.17808,-2.06973,1.0936,7.44107,3.53955,10.07059,-0.20552,5.0179
2025-07-08,1.17365,-2.03346,1.09503,6.93436,3.26261,10.00674,-0.20321,5.0179
2025-07-09,1.17246,-2.01297,1.09671,6.67844,3.11371,9.96802,-0.20194,5.0179
2025-07-10,1.17312,-1.99271,1.10237,6.22045,2.87452,9.94128,-0.20045,5.0179
2025-07-11,1.17027,-1.99679,1.09813,6.36284,2.91953,8.38604,-0.23811,5.0179
2025-07-14,1.16821,-2.03005,1.09922,6.08715,2.77387,8.27925,-0.2452,5.0179
2025-07-15,1.16663,-2.10868,1.096,6.24495,2.82814,8.28588,-0.25449,5.0179
2025-07-16,1.16074,-2.04901,1.10078,5.3035,2.38635,8.30838,-0.24662,5.0179
2025-07-17,1.16358,-2.08284,1.09653,5.93439,2.66002,8.12756,-0.25627,5.0179
2025-07-18,1.16155,-2.03786,1.10043,5.40569,2.40983,7.88926,-0.25831,5.0179
2025-07-21,1.16307,-2.04017,1.10077,5.50548,2.44165,7.33928,-0.27798,5.0179
2025-07-22,1.16945,-2.03135,1.10351,5.80411,2.56057,7.3909,-0.27485,5.0179
2025-07-23,1.17392,-2.08946,1.10109,6.4048,2.80847,7.3887,-0.28279,5.0179
2025-07-24,1.17743,-2.02418,1.10374,6.46309,2.81416,7.37893,-0.27432,5.0179
2025-07-25,1.17561,-1.98324,1.10927,5.80865,2.511,7.31408,-0.27115,5.0179
2025-07-28,1.17568,-2.02567,1.10232,6.44319,2.77037,7.30072,-0.27746,5.0179
2025-07-29,1.15968,-1.95233,1.09933,5.34437,2.28172,7.74084,-0.25221,5.0179
2025-07-30,1.15509,-2.01159,1.09411,5.42446,2.30567,7.76815,-0.25895,5.0179
2025-07-31,1.14294,-2.00378,1.096,4.19291,1.77367,8.05807,-0.24867,5.0179
2025-08-01,1.14237,-1.80775,1.11471,2.45115,1.03389,8.05648,-0.22438,4.87402
2025-08-04,1.15867,-1.8122,1.11922,3.46377,1.45964,8.51789,-0.21275,4.87402
2025-08-05,1.15841,-1.84054,1.12114,3.27032,1.37588,8.48792,-0.21684,4.87402
2025-08-06,1.15792,-1.81032,1.12661,2.74051,1.15207,8.34595,-0.21691,4.87402
2025-08-07,1.16632,-1.82894,1.12749,3.38541,1.4227,8.45391,-0.21634,4.87402
2025-08-08,1.16767,-1.8246,1.12873,3.39169,1.42305,8.05632,-0.22648,4.87402
2025-08-11,1.1648,-1.8201,1.12855,3.16125,1.32509,7.94489,-0.22909,4.87402
2025-08-12,1.16184,-1.76874,1.13552,2.29169,0.95972,7.96812,-0.22198,4.87402
2025-08-13,1.16771,-1.75564,1.13883,2.50414,1.04808,8.0169,-0.21899,4.87402
2025-08-14,1.17129,-1.81822,1.13043,3.55069,1.48521,8.02765,-0.22649,4.87402
2025-08-15,1.16513,-1.82035,1.13421,2.69037,1.12356,8.08632,-0.22511,4.87402
2025-08-18,1.17066,-1.83383,1.13113,3.43518,1.43436,8.08395,-0.22685,4.87402
2025-08-19,1.16683,-1.82009,1.13504,2.76218,1.15186,8.09274,-0.2249,4.87402
2025-08-20,1.16425,-1.83717,1.13026,2.96295,1.23534,8.05191,-0.22817,4.87402
2025-08-21,1.16518,-1.8504,1.12573,3.44401,1.43437,7.90554,-0.23406,4.87402
2025-08-22,1.16131,-1.73268,1.13655,2.15446,0.89605,7.93745,-0.21829,4.87402
2025-08-25,1.17096,-1.7721,1.12951,3.60367,1.49887,8.03304,-0.2206,4.87402
2025-08-26,1.16184,-1.68995,1.14213,1.71182,0.71114,7.97129,-0.212,4.87402
2025-08-27,1.16394,-1.68558,1.13936,2.13415,0.88696,7.57733,-0.22245,4.87402
2025-08-28,1.1648,-1.70548,1.13672,2.43967,1.01417,7.55967,-0.2256,4.87402
2025-08-29,1.16816,-1.66863,1.14063,2.38451,0.99104,7.3841,-0.22598,4.87402
2025-09-01,1.16918,-1.66108,1.14164,2.38397,0.99041,7.27091,-0.22846,5.05311
2025-09-02,1.17159,-1.70521,1.13261,3.38371,1.40617,7.25525,-0.23503,5.05311
2025-09-03,1.1636,-1.67745,1.14229,1.84889,0.76693,7.38126,-0.22726,5.05311
2025-09-04,1.16604,-1.66353,1.1477,1.58547,0.65774,7.33859,-0.22668,5.05311
2025-09-05,1.16569,-1.60668,1.15896,0.57896,0.24016,7.33397,-0.21907,5.05311
2025-09-08,1.17132,-1.59403,1.158,1.14385,0.47455,7.38846,-0.21575,5.05311
2025-09-09,1.17691,-1.63489,1.15353,2.00694,0.83272,7.34591,-0.22256,5.05311
2025-09-10,1.17027,-1.62582,1.1493,1.80895,0.75025,7.28134,-0.22329,5.05311
2025-09-11,1.17034,-1.56678,1.15987,0.89932,0.37279,7.23807,-0.21646,5.05311
2025-09-12,1.17347,-1.58092,1.15629,1.47525,0.6116,7.25354,-0.21795,5.05311
2025-09-15,1.17265,-1.56796,1.1542,1.58559,0.65712,7.14581,-0.21942,5.05311
2025-09-16,1.17637,-1.53211,1.15182,2.10948,0.87387,7.16635,-0.21379,5.05311
2025-09-17,1.18714,-1.55561,1.15352,2.87324,1.18946,7.35746,-0.21143,5.05311
2025-09-18,1.18263,-1.59198,1.15353,2.4918,1.03063,7.40143,-0.21509,5.05311
2025-09-19,1.17911,-1.58036,1.15869,1.74678,0.72189,7.24813,-0.21804,5.05311
2025-09-22,1.1737,-1.62471,1.15509,1.59767,0.66029,7.31048,-0.22224,5.05311
2025-09-23,1.18011,-1.53435,1.15719,1.96084,0.81097,7.28887,-0.21051,5.05311
2025-09-24,1.18145,-1.58263,1.14704,2.95587,1.22277,7.29062,-0.21708,5.05311
2025-09-25,1.17447,-1.63054,1.14232,2.77493,1.14784,7.36752,-0.22132,5.05311
2025-09-26,1.16628,-1.63058,1.14201,2.10262,0.86906,7.4264,-0.21957,5.05311
2025-09-29,1.17082,-1.63433,1.1503,1.76868,0.73099,7.46303,-0.21899,5.05311
2025-09-30,1.17314,-1.60918,1.15697,1.38845,0.57416,7.47464,-0.21528,5.05311
2025-10-01,1.17358,-1.57381,1.16834,0.44781,0.1852,7.4599,-0.21097,4.56919
2025-10-02,1.17341,-1.5583,1.17564,-0.19032,-0.07878,7.45798,-0.20894,4.56919
2025-10-03,1.17251,-1.58604,1.17126,0.10685,0.04425,7.42154,-0.21371,4.56919
2025-10-06,1.17125,-1.61917,1.16455,0.57395,0.23794,7.42187,-0.21816,4.56919
2025-10-07,1.17103,-1.5843,1.16605,0.4258,0.17651,7.421,-0.21349,4.56919
2025-10-08,1.16546,-1.617,1.16123,0.36335,0.15066,7.46637,-0.21657,4.56919
2025-10-09,1.1632,-1.62738,1.16529,-0.17995,-0.07462,7.46811,-0.21791,4.56919
2025-10-10,1.15664,-1.56126,1.17499,-1.57364,-0.65265,7.54714,-0.20687,4.56919
2025-10-13,1.16024,-1.58931,1.17335,-1.12362,-0.46583,7.50714,-0.21171,4.56919
2025-10-14,1.15668,-1.56312,1.17739,-1.77418,-0.73551,7.51502,-0.208,4.56919
2025-10-15,1.16023,-1.59983,1.17676,-1.41482,-0.58622,7.53352,-0.21236,4.56919
2025-10-16,1.16463,-1.50623,1.18238,-1.51248,-0.62648,7.56751,-0.19904,4.56919
2025-10-17,1.16996,-1.56155,1.1825,-1.06613,-0.44143,7.54314,-0.20702,4.56919
2025-10-20,1.16575,-1.56158,1.18805,-1.89515,-0.78472,7.53707,-0.20719,4.56919
2025-10-21,1.16444,-1.56142,1.18665,-1.88934,-0.78198,7.51319,-0.20782,4.56919
2025-10-22,1.16004,-1.55111,1.17914,-1.63303,-0.67555,7.54318,-0.20563,4.56919
2025-10-23,1.16085,-1.57229,1.16234,-0.12892,-0.05331,7.54518,-0.20838,4.56919
2025-10-24,1.1618,-1.53074,1.16774,-0.50982,-0.21091,7.03004,-0.21774,4.56919
2025-10-27,1.16317,-1.52742,1.17066,-0.64162,-0.26555,6.98653,-0.21862,4.56919
2025-10-28,1.16518,-1.51978,1.17604,-0.92796,-0.38419,6.64623,-0.22867,4.56919
2025-10-29,1.16579,-1.645,1.16206,0.31988,0.13243,6.64438,-0.24758,4.56919
2025-10-30,1.16034,-1.64345,1.16185,-0.1301,-0.05386,6.09528,-0.26963,4.56919
2025-10-31,1.15725,-1.65035,1.15997,-0.23463,-0.09714,6.11882,-0.26972,4.56919
2025-11-03,1.1528,-1.63982,1.16216,-0.80821,-0.33467,6.16618,-0.26594,3.99189
2025-11-04,1.15191,-1.62548,1.16238,-0.90462,-0.37484,5.98626,-0.27153,3.99189
2025-11-05,1.14855,-1.67604,1.16443,-1.37295,-0.56931,6.00433,-0.27914,3.99189
2025-11-06,1.14968,-1.60658,1.16824,-1.60209,-0.66412,5.99251,-0.2681,3.99189
2025-11-07,1.15492,-1.57768,1.1698,-1.28046,-0.53058,6.04796,-0.26086,3.99189
2025-11-10,1.15439,-1.60866,1.16742,-1.12296,-0.46524,5.95782,-0.27001,3.99189
2025-11-11,1.15572,-1.60911,1.16245,-0.58012,-0.24048,5.9277,-0.27146,3.99189
2025-11-12,1.15875,-1.58421,1.17635,-1.50728,-0.6254,5.86374,-0.27017,3.99189
2025-11-13,1.15922,-1.58534,1.17035,-0.95594,-0.3966,5.78256,-0.27416,3.99189
2025-11-14,1.1632,-1.63022,1.15998,0.27686,0.11488,5.79099,-0.28151,3.99189
2025-11-17,1.16153,-1.59803,1.15968,0.15943,0.06622,5.78119,-0.27642,3.99189
2025-11-18,1.15906,-1.59991,1.15301,0.52329,0.21781,5.79375,-0.27614,3.99189
2025-11-19,1.15812,-1.59025,1.16206,-0.33981,-0.14151,5.75825,-0.27617,3.99189
2025-11-20,1.15407,-1.54323,1.16281,-0.75476,-0.31432,5.54424,-0.27835,3.99189
2025-11-21,1.15346,-1.5322,1.17169,-1.56884,-0.65334,5.32636,-0.28766,3.99189
2025-11-24,1.15076,-1.46188,1.1774,-2.28842,-0.9526,5.33016,-0.27426,3.99189
2025-11-25,1.15201,-1.43756,1.18696,-2.98914,-1.24327,5.33305,-0.26956,3.99189
2025-11-26,1.15648,-1.45406,1.18433,-2.37929,-0.98815,5.35993,-0.27128,3.99189
2025-11-27,1.16021,-1.45071,1.18418,-2.04434,-0.84835,5.3987,-0.26872,3.99189
2025-11-28,1.15999,-1.46138,1.18426,-2.07128,-0.85912,5.38046,-0.27161,3.99189
2025-12-01,1.16015,-1.50384,1.17896,-1.6087,-0.667,5.20631,-0.28885,4.4091
2025-12-02,1.16077,-1.4837,1.18519,-2.08199,-0.86292,5.18951,-0.2859,4.4091
2025-12-03,1.16279,-1.46548,1.1861,-1.98472,-0.82224,5.20192,-0.28172,4.4091
2025-12-04,1.16668,-1.47463,1.18265,-1.35887,-0.56259,5.15422,-0.2861,4.4091
2025-12-05,1.16428,-1.50709,1.1782,-1.18866,-0.49197,5.07448,-0.29699,4.4091
2025-12-08,1.16402,-1.4572,1.18575,-1.84908,-0.76513,4.9506,-0.29435,4.4091
2025-12-09,1.16414,-1.49484,1.1848,-1.75861,-0.72729,4.95066,-0.30195,4.4091
2025-12-10,1.16283,-1.4065,1.1922,-2.49425,-1.03097,4.92293,-0.2857,4.4091
2025-12-11,1.17012,-1.39768,1.199,-2.43789,-1.00663,5.08473,-0.27488,4.4091
2025-12-12,1.17394,-1.39399,1.19783,-2.0147,-0.83124,5.08699,-0.27403,4.4091
2025-12-15,1.17376,-1.39547,1.19878,-2.10874,-0.8695,4.73543,-0.29469,4.4091
2025-12-16,1.17546,-1.36685,1.20928,-2.83637,-1.1689,4.68829,-0.29155,4.4091
2025-12-17,1.17495,-1.38725,1.20105,-2.19721,-0.90449,4.65197,-0.29821,4.4091
2025-12-18,1.17423,-1.35969,1.20336,-2.45029,-1.00813,4.56114,-0.2981,4.4091
2025-12-19,1.17257,-1.36016,1.20328,-2.58521,-1.06314,4.43313,-0.30682,4.4091
2025-12-22,1.17081,-1.31728,1.19962,-2.43067,-0.99868,4.43459,-0.29705,4.4091
2025-12-23,1.1766,-1.35987,1.19455,-1.51479,-0.62203,4.39056,-0.30973,4.4091
2025-12-24,1.17955,-1.34855,1.19694,-1.46319,-0.60078,4.1787,-0.32272,4.4091
2025-12-26,1.17854,-1.33855,1.20509,-2.22805,-0.91474,4.11473,-0.32531,4.4091
2025-12-29,1.17727,-1.36092,1.19521,-1.51201,-0.62031,4.10343,-0.33165,4.4091
2025-12-30,1.17729,-1.34956,1.1957,-1.55162,-0.6366,4.10292,-0.32893,4.4091
2025-12-31,1.17473,-1.36155,1.19862,-2.01319,-0.82589,4.12686,-0.32992,4.4091
2026-01-02,1.17505,-1.36029,1.19964,-2.07114,-0.84911,4.1241,-0.32984,3.14337
2026-01-05,1.17047,-1.34331,1.1948,-2.05728,-0.84283,4.19327,-0.32035,3.14337
2026-01-06,1.1715,-1.38882,1.1965,-2.11187,-0.86459,4.19686,-0.33092,3.14337
2026-01-07,1.16883,-1.40237,1.19763,-2.43434,-0.9959,4.11054,-0.34116,3.14337
2026-01-08,1.16768,-1.4111,1.18661,-1.60804,-0.65722,4.09608,-0.3445,3.14337
2026-01-09,1.16579,-1.45034,1.17898,-1.12563,-0.4601,3.94428,-0.36771,3.14337
2026-01-12,1.16237,-1.46254,1.17448,-1.03652,-0.42368,3.94376,-0.37085,3.14337
2026-01-13,1.1667,-1.45222,1.16659,0.00924,0.00378,3.96047,-0.36668,3.14337
2026-01-14,1.16425,-1.44856,1.16116,0.26597,0.10884,3.94008,-0.36765,3.14337
2026-01-15,1.16463,-1.49033,1.17187,-0.61972,-0.25375,3.86687,-0.38541,3.14337
2026-01-16,1.1609,-1.50237,1.16928,-0.71881,-0.29435,3.80599,-0.39474,3.14337
2026-01-19,1.16249,-1.52995,1.16727,-0.4098,-0.16782,3.75055,-0.40793,3.14337
2026-01-20,1.16391,-1.5453,1.1565,0.63876,0.26161,3.7525,-0.4118,3.14337
2026-01-21,1.17279,-1.5463,1.15958,1.1327,0.46388,3.97051,-0.38945,3.14337
2026-01-22,1.1673,-1.52443,1.16846,-0.09974,-0.04085,4.08622,-0.37306,3.14337
2026-01-23,1.17546,-1.49511,1.16181,1.16853,0.47866,4.30995,-0.3469,3.14337
2026-01-26,1.18585,-1.47264,1.16466,1.80304,0.7384,4.63808,-0.31751,3.14337
2026-01-27,1.18765,-1.44947,1.15766,2.55727,1.04672,4.63572,-0.31267,3.14337
2026-01-28,1.20176,-1.50696,1.15033,4.3744,1.78859,5.17614,-0.29114,3.14337
2026-01-29,1.19778,-1.4938,1.14134,4.82623,1.96711,5.12774,-0.29132,3.14337
2026-01-30,1.19657,-1.47043,1.14253,4.62152,1.87654,5.0967,-0.28851,3.14337
2026-02-02,1.18492,-1.50684,1.16005,2.12121,0.85831,5.43161,-0.27742,2.91964
2026-02-03,1.17987,-1.48868,1.1546,2.16528,0.87551,5.5077,-0.27029,2.91964
2026-02-04,1.18161,-1.50751,1.14366,3.26517,1.31927,5.47063,-0.27556,2.91964
2026-02-05,1.18016,-1.41124,1.15479,2.17389,0.87683,5.47977,-0.25754,2.91964
2026-02-06,1.17779,-1.45685,1.1513,2.27497,0.9169,5.43553,-0.26802,2.91964
2026-02-09,1.18258,-1.44741,1.15221,2.60143,1.04782,5.4844,-0.26391,2.91964
2026-02-10,1.19041,-1.42053,1.15478,3.03835,1.2225,5.62181,-0.25268,2.91964
2026-02-11,1.18896,-1.4846,1.148,3.50578,1.40857,5.61456,-0.26442,2.91964
2026-02-12,1.18761,-1.44301,1.15496,2.7877,1.11786,5.6231,-0.25662,2.91964
2026-02-13,1.18684,-1.40272,1.1576,2.49512,0.99931,5.59243,-0.25083,2.91964
2026-02-16,1.18675,-1.39525,1.15842,2.41596,0.96667,5.58179,-0.24997,2.91964
2026-02-17,1.18499,-1.42709,1.15797,2.30651,0.92205,5.57154,-0.25614,2.91964
2026-02-18,1.18519,-1.4574,1.14467,3.47836,1.38936,5.56668,-0.26181,2.91964
2026-02-19,1.17888,-1.45349,1.13935,3.41113,1.36014,5.62998,-0.25817,2.91964
2026-02-20,1.17691,-1.46652,1.13955,3.2263,1.28494,5.64176,-0.25994,2.91964
2026-02-23,1.18347,-1.4222,1.14205,3.56318,1.41725,5.71118,-0.24902,2.91964
2026-02-24,1.17938,-1.42345,1.14673,2.808,1.11532,5.76264,-0.24701,2.91964
2026-02-25,1.17752,-1.44117,1.14713,2.6152,1.03795,5.73099,-0.25147,2.91964
2026-02-26,1.18152,-1.41677,1.14878,2.8098,1.11403,5.73452,-0.24706,2.91964
2026-02-27,1.1803,-1.3995,1.14216,3.28512,1.30132,5.73978,-0.24382,2.91964
2026-03-02,1.17594,-1.43929,1.11837,5.02014,1.98547,5.79456,-0.24839,3.16482
2026-03-03,1.16973,-1.37627,1.10974,5.26424,2.07398,5.8981,-0.23334,3.16482
2026-03-04,1.16122,-1.44111,1.10797,4.69448,1.84183,6.07162,-0.23735,3.16482
2026-03-05,1.16356,-1.40239,1.09725,5.86821,2.29474,6.04742,-0.2319,3.16482
2026-03-06,1.16081,-1.33668,1.07988,7.2268,2.81202,6.05191,-0.22087,3.16482
2026-03-09,1.15233,-1.30943,1.0718,7.24438,2.79819,6.22487,-0.21035,3.16482
2026-03-10,1.16172,-1.39426,1.09804,5.63751,2.1624,6.4415,-0.21645,3.16482
2026-03-11,1.16113,-1.32618,1.09451,5.90832,2.25654,6.43841,-0.20598,3.16482
2026-03-12,1.15432,-1.40827,1.0683,7.74457,2.9441,6.41501,-0.21953,3.16482
2026-03-13,1.15217,-1.36675,1.06967,7.42956,2.80329,6.38402,-0.21409,3.16482
2026-03-16,1.14351,-1.33983,1.08251,5.48199,2.05514,6.54619,-0.20467,3.16482
2026-03-17,1.14995,-1.34815,1.07703,6.55162,2.44849,6.64683,-0.20283,3.16482
2026-03-18,1.15395,-1.35471,1.07116,7.4447,2.76836,6.69044,-0.20248,3.16482
2026-03-19,1.14645,-1.32182,1.07508,6.42686,2.37759,6.80554,-0.19423,3.16482
2026-03-20,1.15776,-1.29458,1.07462,7.45182,2.74386,7.10037,-0.18233,3.16482
2026-03-23,1.15602,-1.31178,1.1001,4.95805,1.8142,7.1004,-0.18475,3.16482
2026-03-24,1.16071,-1.31054,1.0934,5.97415,2.17999,7.07681,-0.18519,3.16482
2026-03-25,1.16147,-1.28283,1.10245,5.21509,1.89505,7.05745,-0.18177,3.16482
2026-03-26,1.15615,-1.33631,1.08954,5.9341,2.14898,7.10986,-0.18795,3.16482
2026-03-27,1.15351,-1.23529,1.09573,5.13875,1.85314,7.11933,-0.17351,3.16482
2026-03-30,1.1492,-1.21944,1.09988,4.38648,1.5768,7.15166,-0.17051,3.16482
2026-03-31,1.146,-1.20102,1.09312,4.7243,1.69444,7.15895,-0.16776,3.16482
2026-04-01,1.15742,-1.2618,1.11695,3.55904,1.27305,7.44931,-0.16938,3.93806
2026-04-02,1.15906,-1.19518,1.11127,4.21078,1.50383,7.41883,-0.1611,3.93806
2026-04-03,1.15417,-1.24518,1.10775,4.10571,1.4632,7.45995,-0.16692,3.93806
2026-04-06,1.151,-1.24518,1.10818,3.79123,1.34866,7.46581,-0.16678,3.93806
2026-04-07,1.15412,-1.15078,1.12114,2.89967,1.02993,7.48744,-0.15369,3.93806
2026-04-08,1.16866,-1.34851,1.12226,4.05172,1.43791,7.89998,-0.1707,3.93806
2026-04-09,1.16594,-1.25629,1.12947,3.17786,1.12559,7.89172,-0.15919,3.93806
2026-04-10,1.16913,-1.27894,1.12876,3.51408,1.24323,7.87559,-0.16239,3.93806
2026-04-13,1.16752,-1.19447,1.13128,3.15288,1.1138,7.86899,-0.15179,3.93806
2026-04-14,1.17689,-1.21548,1.13689,3.45714,1.21982,8.028,-0.1514,3.93806
2026-04-15,1.17994,-1.26469,1.13179,4.16662,1.46802,8.01269,-0.15784,3.93806
2026-04-16,1.18092,-1.29143,1.12197,5.12067,1.80035,8.01036,-0.16122,3.93806
2026-04-17,1.17827,-1.3,1.13691,3.57322,1.25238,8.02321,-0.16203,3.93806
2026-04-20,1.17412,-1.29904,1.12997,3.83314,1.3414,7.91391,-0.16415,3.93806
2026-04-21,1.17844,-1.32399,1.12353,4.77187,1.66696,7.88831,-0.16784,3.93806
2026-04-22,1.17443,-1.29871,1.1214,4.62058,1.6098,7.79627,-0.16658,3.93806
2026-04-23,1.1706,-1.29236,1.11876,4.52996,1.57432,7.61326,-0.16975,3.93806
2026-04-24,1.16839,-1.23795,1.12489,3.79366,1.31529,7.61244,-0.16262,3.93806
2026-04-27,1.17064,-1.24996,1.11975,4.44482,1.53851,7.22183,-0.17308,3.93806
2026-04-28,1.17235,-1.23821,1.11792,4.75381,1.64172,7.20684,-0.17181,3.93806
2026-04-29,1.17178,-1.25483,1.10972,5.44182,1.87443,7.20564,-0.17415,3.93806
2026-04-30,1.16847,-1.27411,1.11249,4.90977,1.68543,6.96491,-0.18293,3.93806
2026-05-01,1.17291,-1.27411,1.12132,4.49822,1.53992,6.96116,-0.18303,3.34176
2026-05-04,1.17266,-1.30956,1.11185,5.32546,1.81892,6.95387,-0.18832,3.34176
2026-05-05,1.16919,-1.2909,1.12002,4.29706,1.463,6.97371,-0.18511,3.34176
2026-05-06,1.17158,-1.33151,1.12721,3.86026,1.31168,6.97669,-0.19085,3.34176
2026-05-07,1.17474,-1.40693,1.12053,4.72503,1.60281,6.94909,-0.20246,3.34176
2026-05-08,1.17316,-1.35973,1.12515,4.17801,1.41378,6.81807,-0.19943,3.34176
2026-05-11,1.17689,-1.35764,1.12343,4.64852,1.56999,6.84876,-0.19823,3.34176
2026-05-12,1.17799,-1.34174,1.12152,4.9132,1.65572,6.84933,-0.19589,3.34176
2026-05-13,1.17354,-1.32375,1.12701,4.04606,1.36,6.88766,-0.19219,3.34176
2026-05-14,1.1716,-1.39406,1.11913,4.58234,1.53796,6.89393,-0.20222,3.34176
2026-05-15,1.16621,-1.40324,1.1159,4.40995,1.47726,6.94587,-0.20202,3.34176
2026-05-18,1.16144,-1.43009,1.1102,4.51164,1.5082,6.9876,-0.20466,3.34176
2026-05-19,1.16551,-1.44068,1.11107,4.7836,1.59604,6.95344,-0.20719,3.34176
2026-05-20,1.16071,-1.36702,1.12685,2.96073,0.98575,6.9921,-0.19551,3.34176
2026-05-21,1.16253,-1.45131,1.11993,3.73374,1.24259,6.90304,-0.21024,3.34176
2026-05-22,1.16212,-1.55647,1.10745,4.81827,1.60177,6.8728,-0.22647,3.34176
2026-05-25,1.16423,-1.65151,1.09737,5.91408,1.96156,6.87932,-0.24007,3.34176
2026-05-26,1.16374,-1.47958,1.12239,3.61785,1.1956,6.84114,-0.21628,3.34176
2026-05-27,1.16368,-1.47572,1.12879,3.04467,1.00496,6.83937,-0.21577,3.34176
2026-05-28,1.16179,-1.46469,1.1308,2.70358,0.89171,6.80909,-0.21511,3.34176
2026-05-29,1.16528,-1.47933,1.13112,2.97591,0.98098,6.75817,-0.21889,3.34176
2026-06-01,1.16489,-1.47228,1.12943,3.09098,1.01818,6.59674,-0.22318,2.62841
2026-06-02,1.16355,-1.49422,1.12608,3.27307,1.07747,6.58886,-0.22678,2.62841
2026-06-03,1.16221,-1.49109,1.12519,3.23741,1.06503,6.57552,-0.22676,2.62841
2026-06-04,1.16094,-1.46836,1.13098,2.61481,0.85956,6.40826,-0.22914,2.62841
2026-06-05,1.16126,-1.56848,1.12398,3.26308,1.0724,6.19865,-0.25304,2.62841
2026-06-08,1.15226,-1.52642,1.12716,2.20268,0.7233,6.39047,-0.23886,2.62841
2026-06-09,1.15284,-1.51103,1.13247,1.78311,0.58539,6.28328,-0.24048,2.62841
2026-06-10,1.15354,-1.49457,1.13344,1.75774,0.57712,6.27316,-0.23825,2.62841
2026-06-11,1.15356,-1.44106,1.14211,0.99732,0.32754,6.08215,-0.23693,2.62841
2026-06-12,1.15759,-1.51242,1.1368,1.81242,0.59541,6.01876,-0.25128,2.62841
2026-06-15,1.16031,-1.55153,1.13685,2.04271,0.67139,5.99736,-0.2587,2.62841
2026-06-16,1.15942,-1.53455,1.14412,1.3283,0.43662,5.84819,-0.2624,2.62841
2026-06-17,1.161,-1.67325,1.12773,2.9072,0.9561,5.51696,-0.30329,2.62841
2026-06-18,1.15073,-1.63562,1.13165,1.67248,0.54995,5.79131,-0.28243,2.62841
2026-06-19,1.14586,-1.61411,1.13439,1.00576,0.33096,5.78889,-0.27883,2.62841
2026-06-22,1.14628,-1.69488,1.12758,1.64413,0.54175,5.78747,-0.29285,2.62841
2026-06-23,1.14271,-1.65613,1.13323,0.83361,0.27489,5.74948,-0.28805,2.62841
2026-06-24,1.13795,-1.62382,1.14119,-0.28433,-0.09385,5.78975,-0.28046,2.62841
2026-06-25,1.13542,-1.6143,1.14047,-0.44379,-0.14664,5.76011,-0.28026,2.62841
2026-06-26,1.13617,-1.61712,1.14428,-0.7116,-0.23524,5.73816,-0.28182,2.62841
2026-06-29,1.13856,-1.62327,1.14219,-0.31819,-0.10526,5.38364,-0.30152,2.62841
2026-06-30,1.1422,-1.66392,1.13791,0.37706,0.12483,5.4178,-0.30712,2.62841
2026-07-01,1.14133,-1.69611,1.13596,0.47173,0.15642,5.35813,-0.31655,2.41967
2026-07-02,1.1378,-1.68567,1.13706,0.06491,0.02156,5.36531,-0.31418,2.41967
2026-07-03,1.14227,-1.6693,1.13905,0.28269,0.09402,5.39728,-0.30929,2.41967
2026-07-06,1.14377,-1.64536,1.14184,0.16877,0.05623,4.75394,-0.3461,2.41967
2026-07-07,1.14418,-1.66086,1.1374,0.59376,0.19813,4.73851,-0.3505,2.41967
2026-07-08,1.14038,-1.59072,1.14109,-0.06187,-0.02067,4.73586,-0.33589,2.41967
2026-07-09,1.1422,-1.54538,1.14875,-0.57176,-0.1914,4.74813,-0.32547,2.41967
2026-07-10,1.14334,-1.6107,1.1417,0.14322,0.04808,4.44497,-0.36236,2.41967
2026-07-13,1.14045,-1.61539,1.13282,0.67134,0.22683,4.42012,-0.36546,2.41967
2026-07-14,1.13843,-1.49251,1.1458,-0.64483,-0.21841,4.41795,-0.33783,2.41967
2026-07-15,1.14247,-1.45381,1.1501,-0.66605,-0.22593,4.48038,-0.32448,2.41967
2026-07-16,1.14703,-1.46109,1.15002,-0.26069,-0.08864,4.52498,-0.32289,2.41967
2026-07-17,1.14447,-1.4823,1.14382,0.05676,0.01934,4.46436,-0.33203,2.41967
2026-07-20,1.14277,-1.50006,1.14072,0.17901,0.06108,4.42917,-0.33868,2.41967
2026-07-21,1.14181,-1.52262,1.13626,0.48785,0.16677,4.39269,-0.34663,2.41967
2026-07-22,1.14038,-1.54829,1.13052,0.86834,0.29749,4.38567,-0.35303,2.41967
2026-07-23,1.14117,-1.56945,1.12271,1.63086,0.55961,4.3661,-0.35946,2.41967
2026-07-24,1.13768,-1.55805,1.12774,0.87745,0.30128,4.38145,-0.3556,2.41967
2026-07-27,1.1395,-1.58041,1.1331,0.56273,0.19346,4.40097,-0.3591,2.41967
2026-07-28,1.13695,-1.55244,1.14074,-0.33362,-0.11482,4.38954,-0.35367,2.41967
2026-07-29,1.13865,-1.48802,1.14206,-0.29851,-0.10284,4.32328,-0.34419,2.41967
2026-07-30,1.14672,-1.51693,1.14021,0.56919,0.19631,4.5782,-0.33134,2.41967
2026-07-31,1.15235,-1.51921,1.13898,1.16691,0.40265,4.66529,-0.32564,2.41967
2026-08-03,1.1544,-1.54795,1.14205,1.07549,0.37156,4.66044,-0.33215,3.15647
2026-08-04,1.15073,-1.53767,1.14805,0.23365,0.08076,4.6584,-0.33009,3.15647
2026-08-05,1.15324,-1.50969,1.15156,0.14611,0.05059,4.6803,-0.32256,3.15647
2026-08-06,1.15574,-1.57749,1.14042,1.33377,0.46249,4.6543,-0.33893,3.15647
2026-08-07,1.15247,-1.52415,1.14602,0.56164,0.19492,4.67483,-0.32603,3.15647
2026-08-10,1.15564,-1.52923,1.1415,1.23121,0.42792,4.66211,-0.32801,3.15647
2026-08-11,1.15464,-1.5113,1.14292,1.02038,0.35537,4.65509,-0.32466,3.15647
2026-08-12,1.15437,-1.49949,1.14454,0.85549,0.29869,4.56899,-0.32819,3.15647
2026-08-13,1.153,-1.45905,1.1514,0.13894,0.0487,4.50374,-0.32396,3.15647
2026-08-14,1.15354,-1.44235,1.15219,0.11668,0.04102,4.44514,-0.32448,3.15647
2026-08-17,1.15739,-1.45396,1.14845,0.77537,0.27375,4.42529,-0.32856,3.15647
2026-08-18,1.15828,-1.40954,1.15394,0.3757,0.1331,4.41628,-0.31917,3.15647
2026-08-19,1.15794,-1.40925,1.15364,0.37231,0.13268,4.41611,-0.31912,3.15647
2026-08-20,1.16738,-1.3986,1.15307,1.23298,0.44125,4.6956,-0.29785,3.15647
2026-08-21,1.16878,-1.47892,1.14287,2.24234,0.80596,4.70032,-0.31464,3.15647
2026-08-24,1.16816,-1.44365,1.14973,1.58965,0.57369,4.70183,-0.30704,3.15647
2026-08-25,1.16683,-1.41956,1.15672,0.87023,0.31549,4.69564,-0.30231,3.15647
2026-08-26,1.16747,-1.43462,1.15587,0.99921,0.36348,4.65884,-0.30794,3.15647
2026-08-27,1.16549,-1.41494,1.15693,0.73739,0.26928,4.6712,-0.30291,3.15647
2026-08-28,1.16564,-1.53462,1.14241,2.01313,0.73819,4.66529,-0.32894,3.15647
2026-08-31,1.1589,-1.48398,1.14808,0.93808,0.3454,4.80365,-0.30893,3.15647
2026-09-01,1.16176,-1.514,1.14019,1.87421,0.69247,4.82492,-0.31379,3.15647
2026-09-02,1.15955,-1.47679,1.14482,1.27854,0.4743,4.83971,-0.30514,3.15647
2026-09-03,1.15853,-1.45434,1.14852,0.86814,0.32301,4.57968,-0.31756,3.15647
2026-09-04,1.16283,-1.49336,1.14295,1.7245,0.64313,4.63586,-0.32213,3.15647
2026-09-07,1.1614,-1.45669,1.1477,1.18652,0.44326,4.6429,-0.31375,3.15647
2026-09-08,1.16276,-1.47025,1.14446,1.58664,0.59337,4.64775,-0.31634,3.15647
2026-09-09,1.16274,-1.45371,1.1436,1.65995,0.62117,4.59724,-0.31621,3.15647
2026-09-10,1.16339,-1.4594,1.13718,2.27831,0.85384,4.57522,-0.31898,3.15647
2026-09-11,1.161,-1.50243,1.13524,2.24294,0.84092,4.59175,-0.3272,3.15647
2026-09-14,1.15939,-1.42222,1.1446,1.28384,0.48111,4.59203,-0.30972,3.15647
2026-09-15,1.15485,-1.4822,1.13454,1.77494,0.66517,4.30143,-0.34458,3.15647
2026-09-16,1.15376,-1.57422,1.1251,2.51528,0.94279,4.21696,-0.37331,3.15647
2026-09-17,1.14699,-1.52181,1.13387,1.15014,0.43099,4.38378,-0.34714,3.15647
2026-09-18,1.1476,-1.54479,1.13214,1.35708,0.50884,4.33866,-0.35605,3.15647
2026-09-21,1.14797,-1.61239,1.12653,1.88573,0.70771,4.25233,-0.37918,3.15647
2026-09-22,1.14646,-1.57444,1.13286,1.1935,0.44826,4.23563,-0.37171,3.15647
2026-09-23,1.14479,-1.63168,1.12219,1.99463,0.75001,4.24646,-0.38425,3.15647
2026-09-24,1.13819,-1.6406,1.11844,1.74992,0.65854,4.38756,-0.37392,3.15647
2026-09-25,1.13748,-1.55893,1.1312,0.55308,0.2083,4.34064,-0.35915,3.15647
2026-09-28,1.1378,-1.68697,1.11384,2.12863,0.8025,4.33884,-0.38881,3.15647
2026-09-29,1.13727,-1.67941,1.11716,1.78374,0.67265,4.29534,-0.39098,3.15647
2026-09-30,1.13408,-1.72083,1.11141,2.01979,0.76214,4.25575,-0.40435,3.15647
2026-10-01,1.13272,-1.67352,1.11853,1.26051,0.47563,4.25117,-0.39366,3.15647
2026-10-02,1.12499,-1.8381,1.0987,2.36387,0.8923,4.45554,-0.41254,3.15647
2026-10-05,1.12545,-1.8481,1.09908,2.37155,0.89472,4.41389,-0.4187,3.15647
2026-10-06,1.12196,-1.8481,1.0994,2.03139,0.76601,4.43599,-0.41662,3.15647
