date,spot,diff,fair,gap_pct,z,vol_3m,carry_to_vol,reer_dev
2007-07-30,2.02832,0.7326,,,,,,0.48896
2007-07-31,2.02939,0.8394,,,,,,0.48896
2007-08-01,2.03198,0.8286,,,,,,0.04607
2007-08-02,2.03662,0.8498,,,,,,0.04607
2007-08-03,2.04282,0.9184,,,,,,0.04607
2007-08-06,2.03141,0.9147,,,,,,0.04607
2007-08-07,2.02229,0.845,,,,,,0.04607
2007-08-08,2.03728,0.8474,,,,,,0.04607
2007-08-09,2.02298,0.9045,,,,,,0.04607
2007-08-10,2.02208,0.8463,,,,,,0.04607
2007-08-13,2.01199,0.8807,,,,,,0.04607
2007-08-14,1.997,0.8728,,,,,,0.04607
2007-08-15,1.98681,0.9155,,,,,,0.04607
2007-08-16,1.98531,1.0046,,,,,,0.04607
2007-08-17,1.982,0.8955,,,,,,0.04607
2007-08-20,1.98859,0.9325,,,,,,0.04607
2007-08-21,1.98071,0.9032,,,,,,0.04607
2007-08-22,1.99501,0.94,,,,,,0.04607
2007-08-23,2.00321,0.8954,,,,,,0.04607
2007-08-24,2.01361,0.8444,,,,,,0.04607
2007-08-27,2.009,0.8744,,,,,,0.04607
2007-08-28,2.0006,0.9871,,,,,,0.04607
2007-08-29,2.01678,0.8877,,,,,,0.04607
2007-08-30,2.01438,0.9761,,,,,,0.04607
2007-08-31,2.01719,0.9496,,,,,,0.04607
2007-09-03,2.01772,0.9927,,,,,,-1.37797
2007-09-04,2.01418,0.9922,,,,,,-1.37797
2007-09-05,2.02041,1.0365,,,,,,-1.37797
2007-09-06,2.02511,0.9636,,,,,,-1.37797
2007-09-07,2.0286,1.0449,,,,,,-1.37797
2007-09-11,2.03318,0.904,,,,,,-1.37797
2007-09-12,2.02959,0.8661,,,,,,-1.37797
2007-09-13,2.01759,0.8208,,,,,,-1.37797
2007-09-14,2.0067,0.7919,,,,,,-1.37797
2007-09-17,1.99402,0.7409,,,,,,-1.37797
2007-09-18,2.01341,0.8723,,,,,,-1.37797
2007-09-19,2.0006,0.8757,,,,,,-1.37797
2007-09-20,2.01062,0.7684,,,,,,-1.37797
2007-09-21,2.02041,0.859,,,,,,-1.37797
2007-09-24,2.02069,0.8416,,,,,,-1.37797
2007-09-25,2.0189,0.8226,,,,,,-1.37797
2007-09-26,2.0156,0.8344,,,,,,-1.37797
2007-09-27,2.02679,0.8901,,,,,,-1.37797
2007-09-28,2.0462,0.8149,,,,,,-1.37797
2007-10-01,2.04432,0.7821,,,,,,-2.00748
2007-10-02,2.03998,0.8076,,,,,,-2.00748
2007-10-03,2.0326,0.7639,,,,,,-2.00748
2007-10-04,2.03861,0.7737,,,,,,-2.00748
2007-10-05,2.04369,0.6779,,,,,,-2.00748
2007-10-08,2.03542,0.6829,,,,,,-2.00748
2007-10-09,2.0377,0.5959,,,,,,-2.00748
2007-10-10,2.04182,0.7344,,,,,,-2.00748
2007-10-11,2.03422,0.7593,,,,,,-2.00748
2007-10-12,2.0343,0.7554,,,,,,-2.00748
2007-10-15,2.0424,0.7943,,,,,,-2.00748
2007-10-16,2.03219,0.8232,,,,,,-2.00748
2007-10-17,2.03998,0.8959,,,,,,-2.00748
2007-10-18,2.0442,0.8817,,,,,,-2.00748
2007-10-19,2.05149,0.9467,,,,,,-2.00748
2007-10-22,2.03269,0.8761,,,,,,-2.00748
2007-10-23,2.05031,0.9179,,,,,,-2.00748
2007-10-24,2.0501,0.9333,,,,,,-2.00748
2007-10-25,2.0509,0.9183,,,,,,-2.00748
2007-10-26,2.0517,0.8798,,,,7.09116,0.12407,-2.00748
2007-10-29,2.06109,0.8769,,,,7.14494,0.12273,-2.00748
2007-10-30,2.068,0.8904,,,,7.16897,0.1242,-2.00748
2007-10-31,2.07978,0.8503,,,,7.23954,0.11745,-2.00748
2007-11-01,2.07779,0.98,,,,7.22292,0.13568,-3.18051
2007-11-02,2.08559,1.0051,,,,7.15573,0.14046,-3.18051
2007-11-05,2.08108,0.9645,,,,7.10561,0.13574,-3.18051
2007-11-06,2.08742,0.9359,,,,6.9854,0.13398,-3.18051
2007-11-07,2.09978,0.9644,,,,6.90515,0.13966,-3.18051
2007-11-08,2.10819,1.0064,,,,6.93515,0.14512,-3.18051
2007-11-09,2.09468,0.9814,,,,6.98824,0.14044,-3.18051
2007-11-12,2.0544,0.9991,,,,7.90032,0.12646,-3.18051
2007-11-13,2.07482,0.9209,,,,8.03933,0.11455,-3.18051
2007-11-14,2.0528,0.8792,,,,8.3502,0.10529,-3.18051
2007-11-15,2.0444,0.9554,,,,8.39025,0.11387,-3.18051
2007-11-16,2.05242,0.9274,,,,8.39926,0.11041,-3.18051
2007-11-19,2.04939,1.0113,,,,8.36004,0.12097,-3.18051
2007-11-20,2.06612,1.0728,,,,8.39221,0.12783,-3.18051
2007-11-21,2.06351,1.1254,,,,8.36866,0.13448,-3.18051
2007-11-22,2.06241,1.0802,,,,8.31581,0.1299,-3.18051
2007-11-23,2.06109,1.0975,,,,8.30077,0.13222,-3.18051
2007-11-27,2.06761,1.19,,,,8.26542,0.14397,-3.18051
2007-11-28,2.07879,1.179,,,,8.1835,0.14407,-3.18051
2007-11-29,2.06292,1.132,,,,8.33812,0.13576,-3.18051
2007-11-30,2.05668,1.215,,,,8.3631,0.14528,-3.18051
2007-12-03,2.0639,1.2989,,,,8.38745,0.15486,-4.64386
2007-12-04,2.0588,1.239,,,,8.39605,0.14757,-4.64386
2007-12-05,2.02729,1.187,,,,8.94867,0.13265,-4.64386
2007-12-06,2.0284,1.1355,,,,8.93738,0.12705,-4.64386
2007-12-07,2.03182,1.1094,,,,8.93709,0.12413,-4.64386
2007-12-10,2.04499,1.1268,,,,9.01899,0.12494,-4.64386
2007-12-11,2.03579,1.3069,,,,9.05855,0.14427,-4.64386
2007-12-12,2.04549,1.3695,,,,9.02395,0.15176,-4.64386
2007-12-13,2.04282,1.21,,,,8.95695,0.13509,-4.64386
2007-12-14,2.02012,1.1536,,,,9.15219,0.12605,-4.64386
2007-12-17,2.02139,1.1733,,,,8.94822,0.13112,-4.64386
2007-12-20,1.98389,1.1098,,,,9.62439,0.11531,-4.64386
2007-12-21,1.9833,1.0315,,,,9.56783,0.10781,-4.64386
2007-12-24,1.97851,0.9124,,,,9.52152,0.09583,-4.64386
2007-12-25,1.97742,0.9124,,,,9.52113,0.09583,-4.64386
2007-12-26,1.98421,0.8424,,,,9.55016,0.08821,-4.64386
2007-12-27,1.99501,0.9491,,,,9.61364,0.09872,-4.64386
2007-12-28,1.9933,0.9912,,,,9.54433,0.10385,-4.64386
2007-12-31,1.98661,1.0107,,,,9.35293,0.10806,-4.64386
2008-01-01,1.98772,1.0107,,,,9.3547,0.10804,-8.73534
2008-01-02,1.98181,1.1222,,,,9.36248,0.11986,-8.73534
2008-01-03,1.9741,1.1389,,,,9.36637,0.12159,-8.73534
2008-01-04,1.97582,1.1733,,,,9.34475,0.12556,-8.73534
2008-01-07,1.96699,1.1893,,,,9.35808,0.12709,-8.73534
2008-01-08,1.9718,1.2295,,,,9.35094,0.13148,-8.73534
2008-01-09,1.95748,1.2306,,,,9.44237,0.13033,-8.73534
2008-01-10,1.96159,1.1669,,,,9.44327,0.12357,-8.73534
2008-01-11,1.9594,1.2744,,,,9.42292,0.13524,-8.73534
2008-01-14,1.95438,1.213,,,,9.43017,0.12863,-8.73534
2008-01-15,1.95829,1.2888,,,,9.39909,0.13712,-8.73534
2008-01-16,1.9629,1.2867,,,,9.37612,0.13723,-8.73534
2008-01-17,1.96839,1.4238,,,,9.35872,0.15214,-8.73534
2008-01-23,1.95699,1.6519,,,,9.40116,0.17571,-8.73534
2008-01-24,1.9782,1.5676,,,,9.64176,0.16258,-8.73534
2008-01-25,1.98059,1.6278,,,,9.48653,0.17159,-8.73534
2008-01-28,1.98491,1.5771,,,,9.32275,0.16917,-8.73534
2008-01-29,1.9893,1.6037,,,,9.33831,0.17173,-8.73534
2008-01-30,1.98362,1.4921,,,,9.34865,0.15961,-8.73534
2008-01-31,1.9906,1.5205,,,,9.38202,0.16207,-8.73534
2008-02-01,1.96649,1.577,,,,9.61134,0.16408,-9.1697
2008-02-04,1.9748,1.5818,,,,9.62801,0.16429,-9.1697
2008-02-05,1.96479,1.5983,,,,9.57709,0.16689,-9.1697
2008-02-06,1.96078,1.599,,,,9.57979,0.16691,-9.1697
2008-02-07,1.9428,1.4269,,,,9.67335,0.14751,-9.1697
2008-02-08,1.94712,1.529,,,,9.69389,0.15773,-9.1697
2008-02-11,1.94989,1.612,,,,9.67143,0.16668,-9.1697
2008-02-12,1.96021,1.7069,,,,9.65386,0.17681,-9.1697
2008-02-13,1.96221,1.7053,,,,9.60832,0.17748,-9.1697
2008-02-14,1.96978,1.6014,,,,9.59826,0.16684,-9.1697
2008-02-15,1.9614,1.6016,,,,8.86548,0.18066,-9.1697
2008-02-18,1.9508,1.65,,,,8.64574,0.19085,-9.1697
2008-02-19,1.94822,1.4681,,,,8.41902,0.17438,-9.1697
2008-02-20,1.9425,1.4013,,,,8.40391,0.16674,-9.1697
2008-02-21,1.96379,1.6451,,,,8.67529,0.18963,-9.1697
2008-02-22,1.96692,1.6397,,,,8.68583,0.18878,-9.1697
2008-02-25,1.96661,1.5083,,,,8.50153,0.17742,-9.1697
2008-02-26,1.98728,1.5593,,,,8.79287,0.17734,-9.1697
2008-02-27,1.98318,1.5937,,,,8.79775,0.18115,-9.1697
2008-02-28,1.98989,1.6472,,,,8.83403,0.18646,-9.1697
2008-02-29,1.98661,1.7353,,,,8.8041,0.1971,-9.1697
2008-03-03,1.98389,1.7406,,,,8.71949,0.19962,-10.42939
2008-03-04,1.98558,1.6504,,,,8.61043,0.19167,-10.42939
2008-03-05,1.99179,1.6439,,,,8.62797,0.19053,-10.42939
2008-03-06,2.01211,1.6098,,,,8.85307,0.18184,-10.42939
2008-03-07,2.01402,1.5697,,,,8.84698,0.17743,-10.42939
2008-03-10,2.0084,1.5913,,,,8.31698,0.19133,-10.42939
2008-03-11,2.00602,1.4414,,,,8.3183,0.17328,-10.42939
2008-03-12,2.027,1.6841,,,,8.57642,0.19636,-10.42939
2008-03-13,2.03252,1.5532,,,,8.49341,0.18287,-10.42939
2008-03-14,2.02,1.6795,,,,8.53516,0.19677,-10.42939
2008-03-17,1.99728,1.7274,,,,8.76355,0.19711,-10.42939
2008-03-18,2.00948,1.5771,,,,8.85609,0.17808,-10.42939
2008-03-19,1.98369,1.5726,,,,8.94984,0.17571,-10.42939
2008-03-20,1.9848,1.5909,,,,8.94956,0.17776,-10.42939
2008-03-21,1.9833,1.5909,,,,8.12919,0.1957,-10.42939
2008-03-24,1.98779,1.3109,,,,8.14157,0.16101,-10.42939
2008-03-25,2.0026,1.5371,,,,8.25806,0.18613,-10.42939
2008-03-26,2.00739,1.5965,,,,8.26819,0.19309,-10.42939
2008-03-27,2.00678,1.5835,,,,8.24335,0.19209,-10.42939
2008-03-28,1.99489,1.5812,,,,8.26266,0.19137,-10.42939
2008-03-31,1.98421,1.5292,,,,8.33073,0.18356,-10.42939
2008-04-02,1.98779,1.3945,,,,8.31188,0.16777,-11.88024
2008-04-03,1.99489,1.3766,,,,8.34165,0.16503,-11.88024
2008-04-04,1.99461,1.495,,,,8.31897,0.17971,-11.88024
2008-04-07,1.98819,1.4353,,,,8.30694,0.17278,-11.88024
2008-04-08,1.96641,1.4571,,,,8.59782,0.16947,-11.88024
2008-04-09,1.97398,1.5984,,,,8.58574,0.18617,-11.88024
2008-04-10,1.97161,1.4847,,,,8.57552,0.17313,-11.88024
2008-04-11,1.98232,1.5163,,,,8.51295,0.17812,-11.88024
2008-04-14,1.97621,1.5158,,,,8.52914,0.17772,-11.88024
2008-04-15,1.96159,1.4299,,,,8.6585,0.16514,-11.88024
2008-04-16,1.97141,1.385,,,,8.69878,0.15922,-11.88024
2008-04-17,1.99021,1.4372,,,,8.89077,0.16165,-11.88024
2008-04-18,1.99808,1.5572,,,,8.91176,0.17474,-11.88024
2008-04-21,1.9809,1.5063,,,,9.07252,0.16603,-11.88024
2008-04-22,1.99637,1.5706,,,,9.11954,0.17222,-11.88024
2008-04-23,1.9784,1.539,,,,9.0565,0.16993,-11.88024
2008-04-24,1.9727,1.467,,,,9.07131,0.16172,-11.88024
2008-04-25,1.9833,1.4315,,,,9.12541,0.15687,-11.88024
2008-04-28,1.99112,1.4366,,,,9.14902,0.15702,-11.88024
2008-04-29,1.96761,1.4034,,,,9.4373,0.14871,-11.88024
2008-04-30,1.98779,1.4575,,,,9.63501,0.15127,-11.88024
2008-05-02,1.97149,1.3939,,,,9.46307,0.1473,-11.75014
2008-05-05,1.97293,1.4339,,,,9.42614,0.15212,-11.75014
2008-05-06,1.97336,1.3401,,,,9.36978,0.14302,-11.75014
2008-05-07,1.95271,1.4339,,,,9.59814,0.14939,-11.75014
2008-05-08,1.95572,1.4135,,,,9.42095,0.15004,-11.75014
2008-05-09,1.95438,1.3967,,,,9.41238,0.14839,-11.75014
2008-05-12,1.95561,1.4087,,,,9.40903,0.14972,-11.75014
2008-05-13,1.9464,1.3606,,,,9.39557,0.14481,-11.75014
2008-05-14,1.94659,1.4464,,,,9.39286,0.15399,-11.75014
2008-05-15,1.94761,1.6208,,,,9.35907,0.17318,-11.75014
2008-05-16,1.95672,1.5538,,,,9.37104,0.16581,-11.75014
2008-05-19,1.94958,1.6618,,,,9.33642,0.17799,-11.75014
2008-05-20,1.968,1.703,,,,9.5197,0.17889,-11.75014
2008-05-21,1.97141,1.7154,,,,9.50374,0.1805,-11.75014
2008-05-22,1.98059,1.6938,,,,9.2986,0.18216,-11.75014
2008-05-23,1.98232,1.7677,,,,9.29513,0.19017,-11.75014
2008-05-26,1.98208,1.7677,,,,9.29508,0.19018,-11.75014
2008-05-27,1.97601,1.6733,,,,9.07494,0.18439,-11.75014
2008-05-28,1.98098,1.6016,,,,9.08064,0.17638,-11.75014
2008-05-29,1.97621,1.6312,,,,9.06649,0.17992,-11.75014
2008-05-30,1.98279,1.5951,,,,9.08672,0.17554,-11.75014
2008-06-02,1.96591,1.6753,,,,9.24184,0.18127,-11.41756
2008-06-03,1.96252,1.8091,,,,9.24493,0.19569,-11.41756
2008-06-04,1.95389,1.6642,,,,9.25805,0.17976,-11.41756
2008-06-05,1.95779,1.7197,,,,9.02447,0.19056,-11.41756
2008-06-06,1.97002,1.848,,,,9.11857,0.20266,-11.41756
2008-06-09,1.97422,1.8891,,,,9.11811,0.20718,-11.41756
2008-06-10,1.95358,1.7382,,,,9.34383,0.18603,-11.41756
2008-06-11,1.96402,1.7651,,,,9.15808,0.19274,-11.41756
2008-06-12,1.9475,1.6522,,,,9.27015,0.17823,-11.41756
2008-06-13,1.94689,1.7514,,,,9.20264,0.19031,-11.41756
2008-06-16,1.96429,1.7251,,,,9.13272,0.18889,-11.41756
2008-06-17,1.95771,1.6738,,,,9.06065,0.18473,-11.41756
2008-06-18,1.95879,1.7724,,,,8.69839,0.20376,-11.41756
2008-06-19,1.97239,1.7957,,,,8.81321,0.20375,-11.41756
2008-06-20,1.97371,1.7793,,,,8.81352,0.20188,-11.41756
2008-06-23,1.96541,1.6603,,,,8.8388,0.18784,-11.41756
2008-06-24,1.9704,1.7886,,,,8.72127,0.20508,-11.41756
2008-06-25,1.97468,1.7097,,,,8.71872,0.1961,-11.41756
2008-06-26,1.9876,1.6829,,,,8.82347,0.19073,-11.41756
2008-06-27,1.9941,1.7838,,,,8.76989,0.2034,-11.41756
2008-06-30,1.99298,1.8929,,,,8.70278,0.21751,-11.41756
2008-07-02,1.99251,1.8899,,,,8.6958,0.21733,-11.50485
2008-07-03,1.98291,1.8228,,,,8.71946,0.20905,-11.50485
2008-07-04,1.98342,1.7514,,,,8.71974,0.20085,-11.50485
2008-07-07,1.9764,1.7458,,,,8.72462,0.2001,-11.50485
2008-07-08,1.9687,1.7858,,,,8.47531,0.21071,-11.50485
2008-07-09,1.9822,1.8126,,,,8.551,0.21198,-11.50485
2008-07-10,1.97761,1.7968,,,,8.56061,0.20989,-11.50485
2008-07-11,1.98942,1.651,,,,8.57486,0.19254,-11.50485
2008-07-14,1.99402,1.7302,,,,8.56236,0.20207,-11.50485
2008-07-15,2.00361,1.7593,,,,8.47185,0.20766,-11.50485
2008-07-16,1.9986,1.7115,,,,8.43689,0.20286,-11.50485
2008-07-17,1.9976,1.6002,,,,8.22463,0.19456,-11.50485
2008-07-18,1.999,1.683,,,,8.18776,0.20555,-11.50485
2008-07-21,2.00172,1.7013,,,,8.00089,0.21264,-11.50485
2008-07-22,1.99279,1.5669,,,,7.90182,0.1983,-11.50485
2008-07-23,1.99744,1.5935,,,,7.69933,0.20697,-11.50485
2008-07-24,1.98724,1.6264,,,,7.74801,0.20991,-11.50485
2008-07-25,1.99001,1.5542,,,,7.67919,0.20239,-11.50485
2008-07-28,1.9941,1.6252,,,,7.64969,0.21245,-11.50485
2008-07-29,1.98079,1.5239,,,,7.38792,0.20627,-11.50485
2008-07-30,1.9811,1.5036,,,,7.09726,0.21186,-11.50485
2008-07-31,1.9831,1.5779,,,,6.90226,0.22861,-11.50485
2008-08-08,1.91972,1.4659,,,,9.48959,0.15447,-12.16405
2008-08-26,1.83922,1.4234,,,,12.72499,0.11186,-12.16405
2008-08-27,1.8356,1.4901,,,,12.58224,0.11843,-12.16405
2008-08-28,1.82979,1.3841,,,,12.57911,0.11003,-12.16405
2008-08-29,1.82179,1.3655,,,,12.59639,0.1084,-12.16405
2008-09-01,1.79131,1.3179,,,,12.97845,0.10155,-13.38423
2008-09-02,1.78171,1.4546,,,,12.98595,0.11201,-13.38423
2008-09-03,1.7733,1.4842,,,,12.99914,0.11418,-13.38423
2008-09-04,1.7614,1.5325,,,,13.03464,0.11757,-13.38423
2008-09-05,1.7686,1.4228,,,,13.02368,0.10925,-13.38423
2008-09-08,1.76174,1.5029,,,,13.02524,0.11538,-13.38423
2008-09-09,1.7623,1.5135,,,,12.8385,0.11789,-13.38423
2008-09-10,1.75291,1.5099,,,,12.83842,0.11761,-13.38423
2008-09-11,1.75559,1.5411,,,,12.78923,0.1205,-13.38423
2008-09-12,1.79231,1.5821,,,,13.55663,0.1167,-13.38423
2008-09-15,1.79582,1.79,,,,13.57218,0.13189,-13.38423
2008-09-16,1.78361,1.6899,,,,13.60972,0.12417,-13.38423
2008-09-17,1.81501,1.8142,,,,14.11307,0.12855,-13.38423
2008-09-18,1.81541,1.6339,,,,14.11512,0.11576,-13.38423
2008-09-19,1.8309,1.5036,,,,14.22215,0.10572,-13.38423
2008-09-22,1.85801,1.5748,,,,14.49566,0.10864,-13.38423
2008-09-23,1.85549,1.5283,,,,14.49498,0.10544,-13.38423
2008-09-24,1.84949,1.5363,,,,14.48537,0.10606,-13.38423
2008-09-25,1.8404,1.4094,,,,14.49583,0.09723,-13.38423
2008-09-26,1.8403,1.3653,,,,14.42316,0.09466,-13.38423
2008-09-29,1.80109,1.5043,,,,14.97514,0.10045,-13.38423
2008-09-30,1.78209,1.2614,,,,14.97759,0.08422,-13.38423
2008-10-01,1.76994,1.3358,,,,14.95116,0.08934,-13.56325
2008-10-02,1.76451,1.4763,,,,14.89036,0.09914,-13.56325
2008-10-03,1.77201,1.5323,,,,14.93377,0.10261,-13.56325
2008-10-06,1.7431,1.4707,,,,15.07666,0.09755,-13.56325
2008-10-07,1.74551,1.4782,,,,15.08776,0.09797,-13.56325
2008-10-08,1.7275,1.2797,,,,15.17576,0.08433,-13.56325
2008-10-09,1.70864,1.3153,,,,15.17064,0.0867,-13.56325
2008-10-10,1.70401,1.3713,,,,15.159,0.09046,-13.56325
2008-10-13,1.74429,1.5982,,,,15.99969,0.09989,-13.56325
2008-10-14,1.7418,1.4889,,,,15.97467,0.0932,-13.56325
2008-10-15,1.71839,1.5595,,,,16.11772,0.09676,-13.56325
2008-10-16,1.7343,1.607,,,,16.18604,0.09928,-13.56325
2008-10-17,1.73019,1.5189,,,,16.14842,0.09406,-13.56325
2008-10-20,1.71309,1.443,,,,16.21713,0.08898,-13.56325
2008-10-21,1.66739,1.6089,,,,16.94154,0.09497,-13.56325
2008-10-22,1.62009,1.4817,,,,17.71593,0.08364,-13.56325
2008-10-23,1.62269,1.5009,,,,17.72868,0.08466,-13.56325
2008-10-24,1.5915,1.2924,,,,18.02332,0.07171,-13.56325
2008-10-27,1.5539,1.2855,,,,18.4823,0.06955,-13.56325
2008-10-28,1.60901,1.2193,,,,19.92742,0.06119,-13.56325
2008-10-29,1.6372,1.1579,,,,20.35165,0.05689,-13.56325
2008-10-30,1.63712,1.0722,,,,20.27967,0.05287,-13.56325
2008-10-31,1.6073,1.1623,,,,20.47676,0.05676,-13.56325
2008-11-03,1.57706,1.2134,,,,20.64078,0.05879,-18.53942
2008-11-04,1.5937,1.3318,,,,20.83674,0.06392,-18.53942
2008-11-05,1.58451,1.3217,,,,20.83166,0.06345,-18.53942
2008-11-06,1.55831,1.2351,,,,20.97255,0.05889,-18.53942
2008-11-07,1.56509,1.0478,,,,21.01169,0.04987,-18.53942
2008-11-10,1.56362,1.1295,,,,21.0197,0.05374,-18.53942
2008-11-11,1.53839,1.1569,,,,21.12628,0.05476,-18.53942
2008-11-12,1.49149,1.1525,,,,21.79626,0.05288,-18.53942
2008-11-13,1.49067,1.0643,,,,21.77816,0.04887,-18.53942
2008-11-14,1.4753,1.1174,,,,21.76593,0.05134,-18.53942
2008-11-17,1.4995,1.1255,,,,22.16492,0.05078,-18.53942
2008-11-18,1.49595,1.2037,,,,22.14948,0.05434,-18.53942
2008-11-19,1.49701,1.3405,,,,22.14648,0.06053,-18.53942
2008-11-20,1.4738,1.3367,,,,21.52747,0.06209,-18.53942
2008-11-21,1.49269,1.2314,,,,20.30772,0.06064,-18.53942
2008-11-24,1.5149,1.0857,,,,20.6261,0.05264,-18.53942
2008-11-25,1.54281,1.285,,,,21.06139,0.06101,-18.53942
2008-11-26,1.53337,1.3075,,,,21.06998,0.06206,-18.53942
2008-11-27,1.54031,1.3912,,,,20.92045,0.0665,-18.53942
2008-11-28,1.53851,1.4217,,,,20.913,0.06798,-18.53942
2008-12-01,1.4865,1.4976,,,,21.87063,0.06848,-23.03179
2008-12-02,1.49071,1.3672,,,,21.88434,0.06247,-23.03179
2008-12-03,1.4782,1.3498,,,,21.87108,0.06172,-23.03179
2008-12-04,1.46841,1.5164,,,,21.88336,0.06929,-23.03179
2008-12-05,1.4705,1.3619,,,,21.89109,0.06221,-23.03179
2008-12-08,1.4875,1.4552,,,,22.07206,0.06593,-23.03179
2008-12-09,1.47591,1.6039,,,,22.08013,0.07264,-23.03179
2008-12-10,1.47979,1.6226,,,,21.59027,0.07515,-23.03179
2008-12-11,1.5029,1.7234,,,,21.88541,0.07875,-23.03179
2008-12-12,1.49499,1.7038,,,,21.87614,0.07788,-23.03179
2008-12-15,1.52989,1.6787,,,,22.11546,0.07591,-23.03179
2008-12-16,1.5586,1.771,,,,22.51609,0.07865,-23.03179
2008-12-17,1.5507,1.5904,,,,22.41204,0.07096,-23.03179
2008-12-18,1.5055,1.6047,,,,22.76675,0.07048,-23.03179
2008-12-19,1.4995,1.509,,,,22.76352,0.06629,-23.03179
2008-12-22,1.4828,1.4208,,,,22.8171,0.06227,-23.03179
2008-12-23,1.47449,1.2869,,,,22.81927,0.0564,-23.03179
2008-12-24,1.47321,1.2097,,,,22.81483,0.05302,-23.03179
2008-12-25,1.47499,1.2097,,,,22.53705,0.05368,-23.03179
2008-12-26,1.45849,1.2397,,,,22.54605,0.05499,-23.03179
2008-12-29,1.44691,1.3486,,,,22.55469,0.05979,-23.03179
2008-12-30,1.4468,1.2948,,,,22.56335,0.05739,-23.03179
2008-12-31,1.46561,1.1336,,,,22.74481,0.04984,-23.03179
2009-01-01,1.4741,1.1336,,,,22.64531,0.05006,-24.78449
2009-01-02,1.45239,0.9481,,,,22.75969,0.04166,-24.78449
2009-01-05,1.47161,1.0815,,,,22.93199,0.04716,-24.78449
2009-01-06,1.4912,1.1104,,,,23.08073,0.04811,-24.78449
2009-01-07,1.50791,1.1363,,,,23.23308,0.04891,-24.78449
2009-01-08,1.5227,1.1069,,,,22.78599,0.04858,-24.78449
2009-01-09,1.51791,1.121,,,,22.78635,0.0492,-24.78449
2009-01-12,1.4819,1.1801,,,,23.09285,0.0511,-24.78449
2009-01-13,1.45169,1.2609,,,,23.25495,0.05422,-24.78449
2009-01-14,1.4621,1.2965,,,,23.34009,0.05555,-24.78449
2009-01-15,1.4672,1.286,,,,23.32471,0.05513,-24.78449
2009-01-16,1.47341,1.2913,,,,22.8181,0.05659,-24.78449
2009-01-19,1.44254,1.3643,,,,22.50321,0.06063,-24.78449
2009-01-20,1.38775,1.3588,,,,23.66741,0.05741,-24.78449
2009-01-21,1.3876,1.1527,,,,23.41976,0.04922,-24.78449
2009-01-22,1.38804,1.1779,,,,23.00376,0.0512,-24.78449
2009-01-23,1.3783,1.2281,,,,21.7852,0.05637,-24.78449
2009-01-26,1.3971,1.1941,,,,21.65686,0.05514,-24.78449
2009-01-27,1.41864,1.2722,,,,21.94373,0.05798,-24.78449
2009-01-28,1.42298,1.1354,,,,21.72194,0.05227,-24.78449
2009-01-29,1.4279,0.9612,,,,21.46778,0.04477,-24.78449
2009-01-30,1.4563,0.9989,,,,21.7551,0.04592,-24.78449
2009-02-02,1.4212,1.0951,,,,22.22007,0.04928,-22.01465
2009-02-03,1.44371,1.0168,,,,22.27866,0.04564,-22.01465
2009-02-04,1.4459,1.0041,,,,22.25719,0.04511,-22.01465
2009-02-05,1.46321,0.9591,,,,22.41219,0.04279,-22.01465
2009-02-06,1.4775,0.8979,,,,22.29746,0.04027,-22.01465
2009-02-09,1.48555,0.8797,,,,21.45834,0.041,-22.01465
2009-02-10,1.45588,1.0278,,,,21.83221,0.04708,-22.01465
2009-02-11,1.43501,0.8081,,,,21.92299,0.03686,-22.01465
2009-02-12,1.4291,0.6886,,,,21.66912,0.03178,-22.01465
2009-02-13,1.436,0.6392,,,,21.6951,0.02946,-22.01465
2009-02-16,1.42982,0.5973,,,,21.70558,0.02752,-22.01465
2009-02-17,1.42399,0.786,,,,21.50542,0.03655,-22.01465
2009-02-18,1.42509,0.6671,,,,21.33743,0.03126,-22.01465
2009-02-19,1.4267,0.6584,,,,21.10779,0.03119,-22.01465
2009-02-20,1.4439,0.6777,,,,20.91227,0.03241,-22.01465
2009-02-23,1.44709,0.6755,,,,20.89641,0.03233,-22.01465
2009-02-24,1.45285,0.5572,,,,20.89093,0.02667,-22.01465
2009-02-25,1.42209,0.397,,,,21.28857,0.01865,-22.01465
2009-02-26,1.4298,0.5539,,,,20.23229,0.02738,-22.01465
2009-02-27,1.42721,0.605,,,,20.22145,0.02992,-22.01465
2009-03-02,1.40351,0.6738,,,,20.41813,0.033,-23.70184
2009-03-03,1.4028,0.6094,,,,20.38387,0.0299,-23.70184
2009-03-04,1.41778,0.5493,,,,20.50587,0.02679,-23.70184
2009-03-05,1.41311,0.5266,,,,20.36486,0.02586,-23.70184
2009-03-06,1.407,0.3533,,,,20.32794,0.01738,-23.70184
2009-03-09,1.37941,0.3883,,,,20.66846,0.01879,-23.70184
2009-03-10,1.3792,0.2672,,,,20.39245,0.0131,-23.70184
2009-03-11,1.3842,0.3,,,,20.40068,0.01471,-23.70184
2009-03-12,1.39311,0.3026,,,,19.85898,0.01524,-23.70184
2009-03-13,1.4007,0.3881,,,,19.48919,0.01991,-23.70184
2009-03-16,1.4076,0.4363,,,,19.5211,0.02235,-23.70184
2009-03-17,1.4054,0.3827,,,,18.67092,0.0205,-23.70184
2009-03-18,1.42841,0.8818,,,,18.97899,0.04646,-23.70184
2009-03-19,1.44959,0.7137,,,,19.10768,0.03735,-23.70184
2009-03-20,1.44271,0.6823,,,,19.09882,0.03572,-23.70184
2009-03-23,1.45719,0.7258,,,,19.20989,0.03778,-23.70184
2009-03-24,1.47,0.82,,,,19.29102,0.04251,-23.70184
2009-03-25,1.4551,0.662,,,,19.26726,0.03436,-23.70184
2009-03-26,1.44651,0.7606,,,,19.23719,0.03954,-23.70184
2009-03-27,1.4325,0.7573,,,,19.33531,0.03917,-23.70184
2009-03-30,1.4247,0.7221,,,,19.17892,0.03765,-23.70184
2009-03-31,1.43449,0.7557,,,,19.19424,0.03937,-23.70184
2009-04-01,1.44609,0.704,,,,19.04134,0.03697,-21.98282
2009-04-02,1.47349,0.8414,,,,19.23241,0.04375,-21.98282
2009-04-03,1.48331,0.7448,,,,19.0931,0.03901,-21.98282
2009-04-06,1.4741,0.7817,,,,18.99375,0.04116,-21.98282
2009-04-07,1.4741,0.8129,,,,18.88241,0.04305,-21.98282
2009-04-08,1.46951,0.7664,,,,18.88226,0.04059,-21.98282
2009-04-09,1.4675,0.6555,,,,18.27014,0.03588,-21.98282
2009-04-10,1.466,0.6555,,,,17.7934,0.03684,-21.98282
2009-04-13,1.48494,0.7455,,,,17.92031,0.0416,-21.98282
2009-04-14,1.49049,0.7804,,,,17.92221,0.04354,-21.98282
2009-04-15,1.50002,0.8361,,,,17.9467,0.04659,-21.98282
2009-04-16,1.49189,0.7211,,,,17.45126,0.04132,-21.98282
2009-04-17,1.47999,0.7279,,,,15.62902,0.04657,-21.98282
2009-04-20,1.45431,0.6831,,,,16.0613,0.04253,-21.98282
2009-04-21,1.46649,0.7203,,,,16.13258,0.04465,-21.98282
2009-05-01,1.49109,0.5664,,,,16.35398,0.03463,-19.92475
2009-05-04,1.50351,0.5664,,,,16.22679,0.03491,-19.92475
2009-05-05,1.50709,0.5648,,,,15.973,0.03536,-19.92475
2009-05-06,1.51501,0.6195,,,,15.99065,0.03874,-19.92475
2009-05-07,1.5034,0.5743,,,,16.07627,0.03572,-19.92475
2009-05-08,1.5243,0.615,,,,15.83642,0.03883,-19.92475
2009-05-11,1.51371,0.6562,,,,15.07813,0.04352,-19.92475
2009-05-12,1.52704,0.6994,,,,14.86525,0.04705,-19.92475
2009-05-13,1.51529,0.6102,,,,14.96408,0.04078,-19.92475
2009-05-14,1.52295,0.5889,,,,14.8185,0.03974,-19.92475
2009-05-15,1.51609,0.6292,,,,14.73705,0.0427,-19.92475
2009-05-18,1.53438,0.4928,,,,14.88538,0.03311,-19.92475
2009-05-19,1.5484,0.4866,,,,14.37411,0.03385,-19.92475
2009-05-20,1.5754,0.6333,,,,14.39161,0.044,-19.92475
2009-05-21,1.58509,0.4986,,,,14.3754,0.03468,-19.92475
2009-05-22,1.592,0.4798,,,,14.37156,0.03339,-19.92475
2009-05-25,1.59109,0.4798,,,,14.32803,0.03349,-19.92475
2009-05-26,1.5937,0.315,,,,14.27987,0.02206,-19.92475
2009-05-27,1.59609,0.2475,,,,14.2785,0.01733,-19.92475
2009-05-28,1.59337,0.2521,,,,14.29516,0.01764,-19.92475
2009-05-29,1.6187,0.3475,,,,14.42476,0.02409,-19.92475
2009-06-01,1.64471,0.2377,,,,14.69889,0.01617,-16.19249
2009-06-02,1.65791,0.2709,,,,14.74239,0.01838,-16.19249
2009-06-03,1.63129,0.2992,,,,14.43802,0.02072,-16.19249
2009-06-04,1.61127,0.2524,,,,14.71102,0.01716,-16.19249
2009-06-05,1.59959,0.0704,,,,14.80717,0.00475,-16.19249
2009-06-08,1.60382,0.0533,,,,14.31948,0.00372,-16.19249
2009-06-09,1.63111,0.0905,,,,14.60883,0.00619,-16.19249
2009-06-10,1.6354,0.0815,,,,14.51306,0.00562,-16.19249
2009-06-11,1.6584,0.2596,,,,14.65403,0.01772,-16.19249
2009-06-12,1.64309,0.2422,,,,14.78118,0.01639,-16.19249
2009-06-15,1.62949,0.1953,,,,14.2462,0.01371,-16.19249
2009-06-16,1.63969,0.2845,,,,14.2526,0.01996,-16.19249
2009-06-17,1.63881,0.2023,,,,14.26652,0.01418,-16.19249
2009-06-18,1.63661,0.0602,,,,14.26834,0.00422,-16.19249
2009-06-19,1.65221,0.0527,,,,14.3245,0.00368,-16.19249
2009-06-22,1.63479,0.0637,,,,14.55773,0.00438,-16.19249
2009-06-23,1.64336,0.0732,,,,14.54644,0.00503,-16.19249
2009-06-24,1.64279,0.0081,,,,14.28487,0.00057,-16.19249
2009-06-25,1.63733,0.1756,,,,14.09777,0.01246,-16.19249
2009-06-26,1.65289,0.3013,,,,14.11026,0.02135,-16.19249
2009-06-29,1.657,0.3256,,,,14.02051,0.02322,-16.19249
2009-06-30,1.64669,0.4078,,,,14.04945,0.02903,-16.19249
2009-07-01,1.6478,0.5282,,,,13.83886,0.03817,-16.27365
2009-07-02,1.63473,0.5612,,,,13.89209,0.0404,-16.27365
2009-07-03,1.62941,0.5406,,,,13.7305,0.03937,-16.27365
2009-07-06,1.62739,0.5193,,,,13.66257,0.03801,-16.27365
2009-07-07,1.61163,0.561,,,,13.83035,0.04056,-16.27365
2009-07-08,1.60591,0.621,,,,13.81356,0.04496,-16.27365
2009-07-09,1.63431,0.6638,,,,13.75309,0.04827,-16.27365
2009-07-10,1.6218,0.7271,,,,13.83975,0.05254,-16.27365
2009-07-13,1.62541,0.6251,,,,13.75301,0.04545,-16.27365
2009-07-14,1.63199,0.5882,,,,13.75822,0.04275,-16.27365
2009-07-15,1.6432,0.4938,,,,13.76317,0.03588,-16.27365
2009-07-16,1.6416,0.5424,,,,13.75973,0.03942,-16.27365
2009-07-17,1.63321,0.5105,,,,13.81799,0.03694,-16.27365
2009-07-20,1.65246,0.6054,,,,13.78304,0.04392,-16.27365
2009-07-21,1.64201,0.687,,,,13.86954,0.04953,-16.27365
2009-07-22,1.64501,0.6749,,,,13.83491,0.04878,-16.27365
2009-07-23,1.6512,0.6241,,,,13.77069,0.04532,-16.27365
2009-07-24,1.64471,0.6393,,,,13.67887,0.04674,-16.27365
2009-07-27,1.64853,0.5944,,,,13.11209,0.04533,-16.27365
2009-07-28,1.64109,0.5692,,,,13.11129,0.04341,-16.27365
2009-07-29,1.63511,0.5336,,,,12.80153,0.04168,-16.27365
2009-07-30,1.65079,0.5361,,,,12.83106,0.04178,-16.27365
2009-07-31,1.67051,0.523,,,,12.99743,0.04024,-16.27365
2009-08-03,1.69411,0.463,,,,13.21361,0.03504,-16.14887
2009-08-04,1.6954,0.4345,,,,13.07476,0.03323,-16.14887
2009-08-05,1.69961,0.3795,,,,12.85014,0.02953,-16.14887
2009-08-06,1.68101,0.2708,,,,12.98566,0.02085,-16.14887
2009-08-07,1.6685,0.2324,,,,13.0305,0.01784,-16.14887
2009-08-10,1.64788,0.2812,,,,13.19761,0.02131,-16.14887
2009-08-11,1.64899,0.3592,,,,13.17658,0.02726,-16.14887
2009-08-12,1.65101,0.3,,,,13.12423,0.02286,-16.14887
2009-08-13,1.657,0.4014,1.76393,-6.2533,-0.99901,12.95425,0.03099,-16.14887
2009-08-14,1.6544,0.3837,1.76105,-6.24767,-0.9995,12.8661,0.02982,-16.14887
2009-08-17,1.63519,0.3952,1.71454,-4.73851,-0.75963,12.68319,0.03116,-16.14887
2009-08-18,1.6589,0.3996,1.73823,-4.67144,-0.75108,12.93507,0.03089,-16.14887
2009-08-19,1.6559,0.3328,1.74133,-5.03017,-0.81044,12.92346,0.02575,-16.14887
2009-08-20,1.65109,0.3357,1.74645,-5.61488,-0.90807,12.9407,0.02594,-16.14887
2009-08-21,1.65011,0.1911,1.7395,-5.27581,-0.8558,12.94103,0.01477,-16.14887
2009-08-24,1.6408,0.2467,1.74058,-5.90359,-0.95993,12.99883,0.01898,-16.14887
2009-08-25,1.63159,0.1508,1.72342,-5.4755,-0.89283,13.0487,0.01156,-16.14887
2009-08-26,1.6229,0.1666,1.72145,-5.89485,-0.96571,12.71517,0.0131,-16.14887
2009-08-27,1.62927,0.1633,1.72541,-5.7328,-0.94441,12.32551,0.01325,-16.14887
2009-08-28,1.6262,0.201,1.72656,-5.98845,-0.99096,12.21816,0.01645,-16.14887
2009-08-31,1.6292,0.271,1.70327,-4.44666,-0.73903,11.79055,0.02298,-16.14887
2009-09-01,1.6129,0.3424,1.67015,-3.48795,-0.58275,11.70127,0.02926,-18.25485
2009-09-02,1.6276,0.3855,1.67416,-2.82008,-0.47384,11.74403,0.03283,-18.25485
2009-09-03,1.63276,0.4217,1.68914,-3.39489,-0.57365,11.74875,0.03589,-18.25485
2009-09-04,1.63921,0.3407,1.69778,-3.51051,-0.5958,11.28224,0.0302,-18.25485
2009-09-07,1.63399,0.348,1.69715,-3.79255,-0.64629,11.28881,0.03083,-18.25485
2009-09-08,1.65194,0.3618,1.70599,-3.2198,-0.5506,11.15134,0.03244,-18.25485
2009-09-09,1.65341,0.4274,1.72462,-4.21666,-0.72378,10.99415,0.03888,-18.25485
2009-09-10,1.66561,0.4525,1.73311,-3.97276,-0.68408,10.9533,0.04131,-18.25485
2009-09-11,1.66811,0.4019,1.71118,-2.54931,-0.44069,10.89042,0.0369,-18.25485
2009-09-14,1.66099,0.3315,1.70627,-2.68949,-0.46733,10.92735,0.03034,-18.25485
2009-09-15,1.64965,0.247,1.70275,-3.16801,-0.55314,11.01447,0.02243,-18.25485
2009-09-16,1.64799,0.2716,1.72149,-4.36366,-0.76575,10.85067,0.02503,-18.25485
2009-09-17,1.64382,0.3486,1.72596,-4.8763,-0.85927,10.64967,0.03273,-18.25485
2009-09-18,1.6271,0.2782,1.71555,-5.29324,-0.93645,10.79382,0.02577,-18.25485
2009-09-21,1.62201,0.2996,1.70155,-4.78764,-0.84979,10.81021,0.02771,-18.25485
2009-09-22,1.6384,0.3353,1.72139,-4.94123,-0.88081,10.983,0.03053,-18.25485
2009-09-23,1.63511,0.3773,1.70649,-4.27291,-0.76506,10.8203,0.03487,-18.25485
2009-09-24,1.5937,0.327,1.67207,-4.80012,-0.86414,11.94433,0.02738,-18.25485
2009-09-25,1.5977,0.2758,1.66288,-3.99869,-0.72378,11.90495,0.02317,-18.25485
2009-09-28,1.58874,0.3173,1.67294,-5.16397,-0.93968,11.9467,0.02656,-18.25485
2009-09-29,1.59711,0.3387,1.67023,-4.47667,-0.81851,11.90719,0.02844,-18.25485
2009-09-30,1.6002,0.3432,1.68426,-5.11924,-0.94071,11.90122,0.02884,-18.25485
2009-10-01,1.5902,0.3494,1.66346,-4.50353,-0.83176,11.95995,0.02921,-20.0119
2009-10-02,1.58791,0.2937,1.6496,-3.8119,-0.70606,11.81007,0.02487,-20.0119
2009-10-05,1.59495,0.2763,1.66046,-4.02536,-0.74741,11.82672,0.02336,-20.0119
2009-10-06,1.59218,0.2297,1.66676,-4.57765,-0.85268,11.27368,0.02037,-20.0119
2009-10-07,1.5964,0.2876,1.67119,-4.57857,-0.85497,11.19195,0.0257,-20.0119
2009-10-08,1.60583,0.2053,1.6804,-4.53918,-0.85004,11.24881,0.01825,-20.0119
2009-10-09,1.58401,0.1678,1.68573,-6.22385,-1.16889,11.53272,0.01455,-20.0119
2009-10-12,1.5814,0.0956,1.68584,-6.39537,-1.20327,11.43835,0.00836,-20.0119
2009-10-13,1.59317,0.19,1.6973,-6.33144,-1.19278,11.5499,0.01645,-20.0119
2009-10-14,1.60059,0.2,1.70081,-6.07331,-1.14755,11.55536,0.01731,-20.0119
2009-10-15,1.63391,0.2152,1.70939,-4.51611,-0.85635,12.05745,0.01785,-20.0119
2009-10-16,1.63591,0.3027,1.73701,-5.99626,-1.14201,11.99508,0.02524,-20.0119
2009-10-19,1.64061,0.3206,1.73988,-5.87509,-1.12343,12.00354,0.02671,-20.0119
2009-10-20,1.638,0.3193,1.73994,-6.03728,-1.15892,11.98236,0.02665,-20.0119
2009-10-21,1.66088,0.4096,1.74735,-5.07496,-0.97797,12.27791,0.03336,-20.0119
2009-10-22,1.6634,0.4226,1.75746,-5.50064,-1.06527,12.27317,0.03443,-20.0119
2009-10-23,1.63111,0.3013,1.73007,-5.89029,-1.14599,12.86246,0.02342,-20.0119
2009-10-26,1.62999,0.2522,1.70241,-4.3469,-0.84926,12.8428,0.01964,-20.0119
2009-10-27,1.63999,0.3017,1.70542,-3.91187,-0.76818,12.75666,0.02365,-20.0119
2009-10-28,1.6376,0.3441,1.68057,-2.59002,-0.51106,12.52442,0.02747,-20.0119
2009-10-29,1.65629,0.3333,1.70684,-3.00625,-0.5965,12.4105,0.02686,-20.0119
2009-10-30,1.64479,0.4272,1.66956,-1.49472,-0.29809,12.47818,0.03424,-20.0119
2009-11-02,1.63953,0.4594,1.68318,-2.62736,-0.52663,12.47514,0.03683,-18.08205
2009-11-03,1.6426,0.4765,1.69669,-3.23954,-0.6525,12.30208,0.03873,-18.08205
2009-11-04,1.65579,0.4975,1.7067,-3.02829,-0.61411,12.32804,0.04036,-18.08205
2009-11-05,1.6575,0.5805,1.7193,-3.66125,-0.74698,12.07284,0.04808,-18.08205
2009-11-06,1.66201,0.6239,1.7169,-3.24932,-0.66719,12.08379,0.05163,-18.08205
2009-11-09,1.67799,0.5531,1.7256,-2.7974,-0.57802,12.22903,0.04523,-18.08205
2009-11-10,1.67361,0.5224,1.7221,-2.85586,-0.59358,12.22289,0.04274,-18.08205
2009-11-11,1.6575,0.4698,1.71788,-3.5786,-0.74777,12.37605,0.03796,-18.08205
2009-11-12,1.6587,0.4792,1.70109,-2.52323,-0.5301,12.14562,0.03945,-18.08205
2009-11-13,1.6675,0.5132,1.70441,-2.18937,-0.46341,11.84675,0.04332,-18.08205
2009-11-16,1.6839,0.5823,1.72882,-2.63279,-0.56096,11.99754,0.04853,-18.08205
2009-11-17,1.6824,0.5066,1.72484,-2.49164,-0.53506,11.98261,0.04228,-18.08205
2009-11-18,1.67406,0.4896,1.72891,-3.22363,-0.69746,12.02768,0.04071,-18.08205
2009-11-19,1.66561,0.4967,1.71362,-2.84172,-0.62006,12.01632,0.04134,-18.08205
2009-11-20,1.6521,0.4691,1.70979,-3.43219,-0.75444,12.07665,0.03884,-18.08205
2009-11-23,1.66091,0.4995,1.71784,-3.37013,-0.74807,12.06614,0.0414,-18.08205
2009-11-24,1.65843,0.5564,1.71993,-3.64109,-0.81667,12.04994,0.04617,-18.08205
2009-11-25,1.67051,0.5767,1.73166,-3.59504,-0.81486,12.12161,0.04758,-18.08205
2009-11-26,1.6436,0.5159,1.72562,-4.86955,-1.11383,12.56701,0.04105,-18.08205
2009-11-27,1.65079,0.6206,1.70633,-3.30896,-0.76426,12.42179,0.04996,-18.08205
2009-11-30,1.64579,0.6201,1.71314,-4.01069,-0.93479,12.31246,0.05036,-18.08205
2009-12-01,1.66259,0.5829,1.72581,-3.73174,-0.87768,12.45998,0.04678,-18.32849
2009-12-02,1.66606,0.5319,1.71658,-2.98729,-0.70877,12.44333,0.04275,-18.32849
2009-12-03,1.65593,0.4921,1.70755,-3.06947,-0.73435,12.48953,0.0394,-18.32849
2009-12-04,1.64829,0.4649,1.70599,-3.44097,-0.82953,12.33362,0.03769,-18.32849
2009-12-07,1.64658,0.4941,1.69799,-3.07475,-0.74719,12.33376,0.04006,-18.32849
2009-12-08,1.62491,0.5453,1.68795,-3.80657,-0.93305,12.51702,0.04356,-18.32849
2009-12-09,1.62824,0.4788,1.67106,-2.59564,-0.64104,12.52088,0.03824,-18.32849
2009-12-10,1.62803,0.5428,1.67538,-2.86683,-0.71464,12.4959,0.04344,-18.32849
2009-12-11,1.6253,0.5322,1.67721,-3.14355,-0.79202,12.42858,0.04282,-18.32849
2009-12-14,1.631,0.467,1.67232,-2.50177,-0.63651,12.44989,0.03751,-18.32849
2009-12-15,1.627,0.4676,1.67054,-2.64103,-0.67827,12.44932,0.03756,-18.32849
2009-12-16,1.63281,0.458,1.68152,-2.93947,-0.76179,12.30111,0.03723,-18.32849
2009-12-17,1.61629,0.5259,1.67661,-3.66393,-0.95865,12.45477,0.04222,-18.32849
2009-12-18,1.6146,0.39,1.66896,-3.31131,-0.87281,12.28511,0.03175,-18.32849
2009-12-21,1.6056,0.3591,1.66644,-3.71907,-0.98713,12.32689,0.02913,-18.32849
2009-12-22,1.59683,0.3416,1.67048,-4.50893,-1.20644,11.25348,0.03036,-18.32849
2009-12-23,1.59691,0.4057,1.68459,-5.34501,-1.4431,11.24225,0.03609,-18.32849
2009-12-24,1.5975,0.3611,1.68501,-5.33327,-1.44941,11.18431,0.03229,-18.32849
2009-12-25,1.6019,0.3611,1.6838,-4.98665,-1.36195,11.14841,0.03239,-18.32849
2009-12-28,1.60031,0.3111,1.68155,-4.95175,-1.36234,11.14364,0.02792,-18.32849
2009-12-29,1.59041,0.3812,1.68798,-5.95399,-1.64895,11.1422,0.03421,-18.32849
2009-12-30,1.60759,0.3829,1.6892,-4.95227,-1.38041,11.34278,0.03376,-18.32849
2009-12-31,1.6182,0.254,1.66981,-3.13916,-0.87855,11.38358,0.02231,-18.32849
2010-01-01,1.61329,0.254,1.66894,-3.39112,-0.95342,11.39568,0.02229,-17.7191
2010-01-04,1.61137,0.3113,1.69008,-4.76911,-1.34766,11.38817,0.02734,-17.7191
2010-01-05,1.59908,0.4605,1.70693,-6.5267,-1.85217,11.43272,0.04028,-17.7191
2010-01-06,1.60238,0.4289,1.70984,-6.49068,-1.84821,11.09933,0.03864,-17.7191
2010-01-07,1.5934,0.4096,1.70491,-6.76469,-1.93339,11.15436,0.03672,-17.7191
2010-01-08,1.60241,0.473,1.71148,-6.58491,-1.88877,11.11283,0.04256,-17.7191
2010-01-11,1.61129,0.3894,1.70231,-5.49517,-1.58206,11.12888,0.03499,-17.7191
2010-01-12,1.61517,0.4495,1.69503,-4.82575,-1.3963,10.33334,0.0435,-17.7191
2010-01-13,1.62861,0.4077,1.68619,-3.47462,-1.00843,10.46812,0.03895,-17.7191
2010-01-14,1.6334,0.4639,1.68828,-3.30441,-0.96231,10.46891,0.04431,-17.7191
2010-01-15,1.627,0.5092,1.68667,-3.6023,-1.05324,10.49314,0.04853,-17.7191
2010-01-18,1.6353,0.5144,1.68616,-3.06269,-0.89904,10.15932,0.05063,-17.7191
2010-01-19,1.63567,0.5599,1.69328,-3.46131,-1.02042,10.15353,0.05514,-17.7191
2010-01-20,1.62981,0.5862,1.6843,-3.28892,-0.97287,9.39066,0.06242,-17.7191
2010-01-21,1.62051,0.5689,1.66344,-2.61477,-0.77729,9.45907,0.06014,-17.7191
2010-01-22,1.61101,0.5798,1.64422,-2.04086,-0.60968,9.44335,0.0614,-17.7191
2010-01-25,1.62501,0.5401,1.64881,-1.45368,-0.43623,9.60743,0.05622,-17.7191
2010-01-26,1.6147,0.5292,1.64691,-1.97511,-0.59587,9.39881,0.05631,-17.7191
2010-01-27,1.61781,0.4718,1.63837,-1.26309,-0.38353,9.31433,0.05065,-17.7191
2010-01-28,1.61431,0.5665,1.64428,-1.83978,-0.56265,9.30333,0.06089,-17.7191
2010-01-29,1.59849,0.5908,1.64058,-2.59904,-0.79921,9.4883,0.06227,-17.7191
2010-02-01,1.59525,0.5463,1.64983,-3.36377,-1.04095,9.3369,0.05851,-18.22634
2010-02-02,1.59921,0.5369,1.66755,-4.18461,-1.30162,9.35159,0.05741,-18.22634
2010-02-03,1.592,0.4923,1.66244,-4.32937,-1.35339,9.36011,0.0526,-18.22634
2010-02-04,1.57699,0.5988,1.64148,-4.00826,-1.25904,9.28696,0.06448,-18.22634
2010-02-05,1.5658,0.6276,1.62835,-3.91669,-1.23694,9.36245,0.06703,-18.22634
2010-02-08,1.55761,0.6571,1.63282,-4.71593,-1.49819,9.23777,0.07113,-18.22634
2010-02-09,1.56939,0.606,1.64115,-4.47124,-1.42598,9.38824,0.06455,-18.22634
2010-02-10,1.56121,0.4737,1.63395,-4.55416,-1.45929,9.34295,0.0507,-18.22634
2010-02-11,1.5702,0.5482,1.64418,-4.60357,-1.48227,9.18621,0.05968,-18.22634
2010-02-12,1.56981,0.5838,1.64728,-4.81683,-1.55899,9.18772,0.06354,-18.22634
2010-02-15,1.56671,0.606,1.64839,-5.08222,-1.65202,9.15596,0.06619,-18.22634
2010-02-16,1.57901,0.5996,1.66422,-5.25639,-1.71247,9.2881,0.06456,-18.22634
2010-02-17,1.56821,0.5111,1.66125,-5.76369,-1.87988,9.25057,0.05525,-18.22634
2010-02-18,1.54231,0.451,1.66626,-7.73003,-2.52347,9.69075,0.04654,-18.22634
2010-02-19,1.54641,0.4762,1.67034,-7.70927,-2.51172,9.72072,0.04899,-18.22634
2010-02-22,1.54866,0.4781,1.67204,-7.66546,-2.49408,9.58606,0.04987,-18.22634
2010-02-23,1.54459,0.5358,1.66609,-7.5719,-2.45963,9.0921,0.05893,-18.22634
2010-02-24,1.54171,0.4181,1.66285,-7.56401,-2.45121,9.02823,0.04631,-18.22634
2010-02-25,1.52439,0.4614,1.65494,-8.21712,-2.65541,9.24934,0.04988,-18.22634
2010-02-26,1.5239,0.464,1.66212,-8.68223,-2.79498,8.95852,0.05179,-18.22634
2010-03-01,1.49788,0.5461,1.66289,-10.45073,-3.35183,9.47239,0.05765,-20.96846
2010-03-02,1.50281,0.5199,1.66721,-10.38161,-3.30614,9.48082,0.05484,-20.96846
2010-03-03,1.5103,0.5671,1.67517,-10.36085,-3.27865,9.54793,0.0594,-20.96846
2010-03-04,1.5036,0.5481,1.66823,-10.38981,-3.26927,9.56716,0.05729,-20.96846
2010-03-05,1.51329,0.5491,1.67445,-10.11973,-3.16676,9.38779,0.05849,-20.96846
2010-03-08,1.50419,0.5439,1.6757,-10.79784,-3.36016,9.41571,0.05777,-20.96846
2010-03-09,1.50164,0.4896,1.66755,-10.47998,-3.23794,9.4133,0.05201,-20.96846
2010-03-10,1.49701,0.4527,1.66751,-10.78627,-3.31042,9.41994,0.04806,-20.96846
2010-03-11,1.5072,0.4575,1.66494,-9.95326,-3.03805,9.51067,0.0481,-20.96846
2010-03-12,1.52161,0.424,1.65597,-8.46194,-2.5705,9.7473,0.0435,-20.96846
2010-03-15,1.50543,0.3959,1.64477,-8.85164,-2.68576,9.88787,0.04004,-20.96846
2010-03-16,1.52369,0.4239,1.65163,-8.06235,-2.44315,10.07394,0.04208,-20.96846
2010-03-17,1.53179,0.4158,1.66637,-8.42098,-2.54858,10.15082,0.04096,-20.96846
2010-03-18,1.52537,0.3779,1.65984,-8.44841,-2.55326,10.12825,0.03731,-20.96846
2010-03-19,1.50179,0.3513,1.64836,-9.31204,-2.80991,10.5113,0.03342,-20.96846
2010-03-22,1.5108,0.3597,1.65128,-8.89123,-2.67668,10.60131,0.03393,-20.96846
2010-03-23,1.50213,0.333,1.64888,-9.32084,-2.79822,10.64267,0.03129,-20.96846
2010-03-24,1.48989,0.196,1.63585,-9.3457,-2.79564,10.71143,0.0183,-20.96846
2010-03-25,1.48449,0.176,1.63485,-9.64763,-2.87738,10.72282,0.01641,-20.96846
2010-03-26,1.4898,0.239,1.63441,-9.26385,-2.75275,10.71528,0.0223,-20.96846
2010-03-29,1.49819,0.1855,1.64086,-9.09578,-2.6958,10.53365,0.01761,-20.96846
2010-03-30,1.50741,0.2075,1.64074,-8.47577,-2.50612,10.52068,0.01972,-20.96846
2010-03-31,1.51837,0.21,1.64855,-8.22556,-2.4337,10.64505,0.01973,-20.96846
2010-04-01,1.52919,0.1726,1.6525,-7.75477,-2.29605,10.76629,0.01603,-18.76471
2010-04-02,1.52101,0.0926,1.64705,-7.96128,-2.35743,10.71693,0.00864,-18.76471
2010-04-05,1.5298,0.0126,1.65076,-7.60987,-2.25237,10.78243,0.00117,-18.76471
2010-04-06,1.52709,0.1358,1.65632,-8.1232,-2.40378,10.73888,0.01265,-18.76471
2010-04-07,1.5242,0.2532,1.65962,-8.51178,-2.51864,10.66424,0.02374,-18.76471
2010-04-08,1.5283,0.1687,1.649,-7.60087,-2.24757,10.61079,0.0159,-18.76471
2010-04-09,1.537,0.1942,1.64847,-7.00162,-2.07414,10.67132,0.0182,-18.76471
2010-04-12,1.5374,0.2544,1.64886,-6.99949,-2.07607,10.51345,0.0242,-18.76471
2010-04-13,1.53778,0.2388,1.64819,-6.93414,-2.05746,10.48714,0.02277,-18.76471
2010-04-14,1.54722,0.2099,1.65156,-6.5257,-1.93505,10.56381,0.01987,-18.76471
2010-04-15,1.54655,0.2577,1.65951,-7.04961,-2.08867,10.49625,0.02455,-18.76471
2010-04-16,1.53641,0.2837,1.66047,-7.76535,-2.29857,10.55508,0.02688,-18.76471
2010-04-19,1.53353,0.2471,1.64515,-7.026,-2.0762,10.54347,0.02344,-18.76471
2010-04-20,1.53638,0.2535,1.6429,-6.70323,-1.97813,10.51348,0.02411,-18.76471
2010-04-21,1.54133,0.3119,1.65179,-6.92114,-2.03908,10.49381,0.02972,-18.76471
2010-04-22,1.5374,0.2645,1.64849,-6.97705,-2.0531,10.32566,0.02562,-18.76471
2010-04-23,1.5382,0.2991,1.65825,-7.51511,-2.21089,10.26866,0.02913,-18.76471
2010-04-26,1.54679,0.29,1.65725,-6.89759,-2.02678,10.3332,0.02806,-18.76471
2010-04-27,1.52476,0.3777,1.67074,-9.14263,-2.68296,10.6839,0.03535,-18.76471
2010-04-28,1.52043,0.2831,1.6623,-8.92114,-2.60706,10.5365,0.02687,-18.76471
2010-04-29,1.5356,0.3332,1.66028,-7.80648,-2.27104,10.74897,0.031,-18.76471
2010-04-30,1.53001,0.3011,1.67107,-8.81904,-2.55942,10.74741,0.02802,-18.76471
2010-05-03,1.52492,0.2611,1.67057,-9.12177,-2.63802,10.73292,0.02433,-18.61704
2010-05-04,1.51279,0.2994,1.68129,-10.56065,-3.04321,10.68746,0.02801,-18.61704
2010-05-05,1.5098,0.3517,1.65118,-8.95163,-2.56363,10.61038,0.03315,-18.61704
2010-05-06,1.48639,0.5224,1.65971,-11.02882,-3.15158,10.99211,0.04753,-18.61704
2010-05-07,1.47831,0.5055,1.6604,-11.61608,-3.29795,10.90112,0.04637,-18.61704
2010-05-10,1.48619,0.4804,1.64858,-10.36984,-2.91991,10.93692,0.04392,-18.61704
2010-05-11,1.49209,0.4679,1.64789,-9.93139,-2.77935,10.89939,0.04293,-18.61704
2010-05-12,1.4837,0.3718,1.64,-10.01541,-2.78402,10.94135,0.03398,-18.61704
2010-05-13,1.46139,0.3341,1.63284,-11.09321,-3.0631,11.30551,0.02955,-18.61704
2010-05-14,1.45381,0.3477,1.62328,-11.0263,-3.01876,11.18718,0.03108,-18.61704
2010-05-17,1.44802,0.2793,1.60535,-10.31477,-2.80186,11.14394,0.02506,-18.61704
2010-05-18,1.42967,0.3782,1.60971,-11.86084,-3.1996,10.9503,0.03454,-18.61704
2010-05-19,1.44167,0.2729,1.59876,-10.34284,-2.76463,11.09038,0.02461,-18.61704
2010-05-20,1.43484,0.2785,1.59535,-10.60388,-2.81482,11.10136,0.02509,-18.61704
2010-05-21,1.4481,0.3002,1.5885,-9.25351,-2.4391,11.29032,0.02659,-18.61704
2010-05-24,1.4409,0.276,1.58066,-9.25737,-2.42664,11.31695,0.02439,-18.61704
2010-05-25,1.4415,0.2235,1.56387,-8.1479,-2.12419,11.12771,0.02009,-18.61704
2010-05-26,1.43839,0.2539,1.5769,-9.19368,-2.38645,11.12998,0.02281,-18.61704
2010-05-27,1.45605,0.2025,1.58395,-8.41921,-2.17393,10.93173,0.01852,-18.61704
2010-05-28,1.4453,0.2791,1.58664,-9.33026,-2.39842,10.99239,0.02539,-18.61704
2010-05-31,1.4522,0.2791,1.58535,-8.77264,-2.24273,10.98822,0.0254,-18.61704
2010-06-01,1.46671,0.3031,1.58058,-7.47701,-1.90276,11.16007,0.02716,-16.32322
2010-06-02,1.46501,0.216,1.57608,-7.30773,-1.85385,11.07443,0.0195,-16.32322
2010-06-03,1.4634,0.2178,1.58348,-7.88646,-1.99499,11.01828,0.01977,-16.32322
2010-06-04,1.4458,0.3319,1.57675,-8.67052,-2.18628,11.26052,0.02947,-16.32322
2010-06-07,1.44741,0.3328,1.57572,-8.49399,-2.13223,11.25416,0.02957,-16.32322
2010-06-08,1.4449,0.2733,1.56912,-8.24764,-2.06153,11.15739,0.02449,-16.32322
2010-06-09,1.4548,0.3129,1.57137,-7.70802,-1.91934,11.07049,0.02826,-16.32322
2010-06-10,1.47085,0.241,1.57982,-7.14747,-1.77351,11.12471,0.02166,-16.32322
2010-06-11,1.4552,0.2626,1.57628,-7.99222,-1.97699,11.02199,0.02383,-16.32322
2010-06-14,1.4736,0.3293,1.58542,-7.31396,-1.80223,11.27631,0.0292,-16.32322
2010-06-15,1.47999,0.2894,1.58629,-6.9361,-1.70365,11.29501,0.02562,-16.32322
2010-06-16,1.4736,0.3134,1.59689,-8.03503,-1.96789,10.90121,0.02875,-16.32322
2010-06-17,1.48159,0.3319,1.60058,-7.72517,-1.88476,10.8884,0.03048,-16.32322
2010-06-18,1.483,0.3522,1.60008,-7.59852,-1.84739,10.83456,0.03251,-16.32322
2010-06-21,1.47599,0.3127,1.59844,-7.96985,-1.93113,10.75297,0.02908,-16.32322
2010-06-22,1.48201,0.3167,1.59417,-7.29534,-1.76121,10.7619,0.02943,-16.32322
2010-06-23,1.4968,0.3532,1.58893,-5.97288,-1.43753,10.92243,0.03234,-16.32322
2010-06-24,1.49321,0.2974,1.58341,-5.8657,-1.4089,10.87472,0.02735,-16.32322
2010-06-25,1.5068,0.315,1.59225,-5.51616,-1.32237,10.95786,0.02875,-16.32322
2010-06-28,1.50989,0.3888,1.59621,-5.55957,-1.33051,10.86697,0.03578,-16.32322
2010-06-29,1.50534,0.4551,1.5906,-5.509,-1.31609,10.78296,0.04221,-16.32322
2010-06-30,1.49443,0.3947,1.58204,-5.69683,-1.35874,10.82639,0.03646,-16.32322
2010-07-01,1.51658,0.3649,1.56672,-3.25269,-0.77444,11.17157,0.03266,-15.82738
2010-07-02,1.5205,0.3789,1.5657,-2.92959,-0.69713,11.17961,0.03389,-15.82738
2010-07-05,1.5132,0.3357,1.56135,-3.13198,-0.74493,11.21411,0.02994,-15.82738
2010-07-06,1.51439,0.4115,1.56772,-3.46037,-0.82259,11.20125,0.03674,-15.82738
2010-07-07,1.51784,0.3931,1.57679,-3.81042,-0.90522,11.15005,0.03526,-15.82738
2010-07-08,1.5155,0.3905,1.58249,-4.32554,-1.02676,11.15289,0.03501,-15.82738
2010-07-09,1.5068,0.3033,1.57732,-4.57419,-1.08465,11.20702,0.02706,-15.82738
2010-07-12,1.5024,0.3103,1.57335,-4.61416,-1.09285,11.14133,0.02785,-15.82738
2010-07-13,1.51851,0.3028,1.58246,-4.12513,-0.97589,11.36155,0.02665,-15.82738
2010-07-14,1.52681,0.4081,1.59305,-4.24678,-1.00372,11.34559,0.03597,-15.82738
2010-07-15,1.54431,0.4471,1.59656,-3.32738,-0.78568,11.56935,0.03865,-15.82738
2010-07-16,1.53069,0.4745,1.59217,-3.93783,-0.92929,11.70128,0.04055,-15.82738
2010-07-19,1.52256,0.4628,1.59204,-4.46279,-1.05251,11.72883,0.03946,-15.82738
2010-07-20,1.52872,0.4935,1.59888,-4.48717,-1.05746,11.74907,0.042,-15.82738
2010-07-21,1.5184,0.5408,1.5983,-5.12896,-1.20842,11.82413,0.04574,-15.82738
2010-07-22,1.52721,0.52,1.60725,-5.10844,-1.20278,11.82854,0.04396,-15.82738
2010-07-23,1.5439,0.5447,1.60848,-4.09778,-0.96408,11.67733,0.04665,-15.82738
2010-07-26,1.54899,0.5633,1.61054,-3.8965,-0.91686,11.67683,0.04824,-15.82738
2010-07-27,1.5588,0.5597,1.60336,-2.81878,-0.66375,11.57736,0.04834,-15.82738
2010-07-28,1.55941,0.5963,1.60545,-2.91006,-0.68578,11.55041,0.05163,-15.82738
2010-07-29,1.56123,0.5762,1.60961,-3.0519,-0.72017,11.52794,0.04998,-15.82738
2010-07-30,1.5688,0.6009,1.61419,-2.85248,-0.67391,11.43478,0.05255,-15.82738
2010-08-02,1.58899,0.5902,1.62419,-2.19122,-0.51851,11.67942,0.05053,-14.13977
2010-08-03,1.59459,0.626,1.63375,-2.42585,-0.57489,11.20224,0.05588,-14.13977
2010-08-04,1.59459,0.5734,1.62644,-1.97774,-0.46951,11.12506,0.05154,-14.13977
2010-08-05,1.58919,0.5718,1.62331,-2.12428,-0.50501,11.13039,0.05137,-14.13977
2010-08-06,1.58914,0.6184,1.62155,-2.01871,-0.47982,11.11678,0.05563,-14.13977
2010-08-09,1.5978,0.6047,1.62328,-1.5822,-0.37599,11.06847,0.05463,-14.13977
2010-08-10,1.59061,0.6729,1.62333,-2.03627,-0.48385,10.62623,0.06332,-14.13977
2010-08-11,1.58579,0.5665,1.60485,-1.19445,-0.28376,10.58064,0.05354,-14.13977
2010-08-12,1.56328,0.4945,1.58989,-1.68761,-0.4009,10.98623,0.04501,-14.13977
2010-08-13,1.55877,0.5217,1.59028,-2.00135,-0.47537,10.64865,0.04899,-14.13977
2010-08-16,1.56031,0.5305,1.59,-1.88544,-0.4478,10.55381,0.05027,-14.13977
2010-08-17,1.5646,0.5081,1.59746,-2.07811,-0.49359,10.48682,0.04845,-14.13977
2010-08-18,1.5578,0.4584,1.5911,-2.11525,-0.50231,10.42605,0.04397,-14.13977
2010-08-19,1.55989,0.4853,1.58781,-1.77397,-0.42122,10.35106,0.04688,-14.13977
2010-08-20,1.55771,0.3821,1.57484,-1.09386,-0.25969,10.36347,0.03687,-14.13977
2010-08-23,1.55451,0.4201,1.57534,-1.33097,-0.31599,10.36208,0.04054,-14.13977
2010-08-24,1.54962,0.4023,1.56768,-1.15903,-0.27516,10.15443,0.03962,-14.13977
2010-08-25,1.54109,0.3468,1.56781,-1.71853,-0.40798,10.09759,0.03434,-14.13977
2010-08-26,1.54722,0.3712,1.57602,-1.84441,-0.4378,10.08681,0.0368,-14.13977
2010-08-27,1.552,0.2829,1.57622,-1.54878,-0.36762,9.93206,0.02848,-14.13977
2010-08-30,1.5534,0.3829,1.58342,-1.91424,-0.45439,9.92327,0.03859,-14.13977
2010-08-31,1.5466,0.396,1.57685,-1.93707,-0.45991,9.97226,0.03971,-14.13977
2010-09-01,1.53499,0.4083,1.58561,-3.24437,-0.77068,9.77042,0.04179,-15.80696
2010-09-02,1.54481,0.4195,1.58886,-2.81151,-0.66795,9.83048,0.04267,-15.80696
2010-09-03,1.5396,0.3888,1.58586,-2.96024,-0.70376,9.85474,0.03945,-15.80696
2010-09-06,1.545,0.3644,1.58356,-2.46516,-0.58641,9.79715,0.03719,-15.80696
2010-09-07,1.5395,0.3755,1.58708,-3.04357,-0.7245,9.62288,0.03902,-15.80696
2010-09-08,1.53487,0.3828,1.58908,-3.4708,-0.82691,9.37176,0.04085,-15.80696
2010-09-09,1.54739,0.318,1.58143,-2.17612,-0.51864,9.18626,0.03462,-15.80696
2010-09-10,1.54259,0.375,1.58843,-2.92835,-0.69825,9.18974,0.04081,-15.80696
2010-09-13,1.53709,0.452,1.59742,-3.84987,-0.91809,9.17433,0.04927,-15.80696
2010-09-14,1.54281,0.4591,1.59769,-3.49568,-0.83349,9.14494,0.0502,-15.80696
2010-09-15,1.5534,0.4467,1.59505,-2.6462,-0.63105,9.22854,0.0484,-15.80696
2010-09-16,1.5634,0.4791,1.59564,-2.04109,-0.48702,9.22945,0.05191,-15.80696
2010-09-17,1.56282,0.4882,1.59472,-2.02081,-0.48256,9.21049,0.053,-15.80696
2010-09-20,1.5646,0.5449,1.60235,-2.38391,-0.56976,9.02371,0.06039,-15.80696
2010-09-21,1.55482,0.6012,1.60195,-2.98585,-0.71397,9.11048,0.06599,-15.80696
2010-09-22,1.56169,0.4835,1.59202,-1.92326,-0.46042,8.98241,0.05383,-15.80696
2010-09-23,1.5646,0.4472,1.58835,-1.50629,-0.36128,8.98121,0.04979,-15.80696
2010-09-24,1.56789,0.4988,1.59557,-1.75011,-0.42098,8.95656,0.05569,-15.80696
2010-09-27,1.58311,0.5013,1.59323,-0.63735,-0.15374,8.98809,0.05577,-15.80696
2010-09-28,1.581,0.5338,1.59463,-0.85832,-0.20785,8.54936,0.06244,-15.80696
2010-09-29,1.5803,0.481,1.59559,-0.96261,-0.23423,8.54313,0.0563,-15.80696
2010-09-30,1.57958,0.5246,1.59992,-1.27956,-0.31241,8.47496,0.0619,-15.80696
2010-10-01,1.57166,0.5492,1.60575,-2.14596,-0.52471,8.55143,0.06422,-17.63113
2010-10-04,1.582,0.5361,1.60117,-1.20447,-0.29479,8.62835,0.06213,-17.63113
2010-10-05,1.58243,0.593,1.60988,-1.71973,-0.42139,8.61713,0.06882,-17.63113
2010-10-06,1.58914,0.5854,1.60986,-1.29543,-0.31777,8.54487,0.06851,-17.63113
2010-10-07,1.5865,0.6334,1.60766,-1.32528,-0.32518,8.5261,0.07429,-17.63113
2010-10-08,1.58801,0.6095,1.60942,-1.33951,-0.32937,8.29042,0.07352,-17.63113
2010-10-11,1.59487,0.6237,1.61388,-1.18463,-0.29223,8.26705,0.07544,-17.63113
2010-10-12,1.58929,0.5593,1.6109,-1.34999,-0.33426,8.01634,0.06977,-17.63113
2010-10-13,1.5811,0.5951,1.61338,-2.02084,-0.50129,7.8749,0.07557,-17.63113
2010-10-14,1.59051,0.5429,1.6079,-1.08731,-0.26992,7.85732,0.06909,-17.63113
2010-10-15,1.60064,0.5697,1.60778,-0.44531,-0.11063,7.91067,0.07202,-17.63113
2010-10-18,1.5979,0.6318,1.61234,-0.8996,-0.22375,7.77896,0.08122,-17.63113
2010-10-19,1.5894,0.6703,1.60183,-0.77907,-0.194,7.80784,0.08585,-17.63113
2010-10-20,1.5703,0.6204,1.60736,-2.33225,-0.58155,7.93332,0.0782,-17.63113
2010-10-21,1.58451,0.5276,1.60378,-1.20885,-0.30174,8.10234,0.06512,-17.63113
2010-10-22,1.57119,0.5379,1.6078,-2.30306,-0.57532,8.19863,0.06561,-17.63113
2010-10-25,1.56789,0.5004,1.60275,-2.1991,-0.54926,8.21052,0.06095,-17.63113
2010-10-26,1.57097,0.5752,1.60303,-2.02044,-0.50453,8.21629,0.07001,-17.63113
2010-10-27,1.58501,0.5757,1.60016,-0.95106,-0.23744,8.35063,0.06894,-17.63113
2010-10-28,1.57741,0.6878,1.60248,-1.57655,-0.39372,8.00364,0.08594,-17.63113
2010-10-29,1.57741,0.6837,1.60003,-1.42393,-0.35566,7.96957,0.08579,-17.63113
2010-11-01,1.6048,0.6653,1.59835,0.40292,0.10067,8.69533,0.07651,-15.85713
2010-11-02,1.60599,0.6787,1.60051,0.34175,0.08541,8.6671,0.07831,-15.85713
2010-11-03,1.60323,0.693,1.61098,-0.48212,-0.12056,8.67522,0.07988,-15.85713
2010-11-04,1.6107,0.716,1.61839,-0.47679,-0.11932,8.65706,0.08271,-15.85713
2010-11-05,1.6276,0.6731,1.61861,0.55385,0.13884,8.84595,0.07609,-15.85713
2010-11-08,1.62096,0.6736,1.61857,0.14733,0.03696,8.86501,0.07598,-15.85713
2010-11-09,1.61163,0.5636,1.61162,0.00059,0.00015,8.44667,0.06672,-15.85713
2010-11-10,1.6,0.7297,1.61774,-1.10245,-0.27721,8.56142,0.08523,-15.85713
2010-11-11,1.61223,0.7382,1.61604,-0.23598,-0.05937,8.68116,0.08503,-15.85713
2010-11-12,1.61057,0.6768,1.60151,0.56359,0.14187,8.67462,0.07802,-15.85713
2010-11-15,1.6129,0.5806,1.60286,0.62459,0.15726,8.62118,0.06735,-15.85713
2010-11-16,1.60431,0.6206,1.58893,0.96348,0.24265,8.69953,0.07134,-15.85713
2010-11-17,1.58871,0.5939,1.59162,-0.18256,-0.04599,8.92972,0.06651,-15.85713
2010-11-18,1.5921,0.6763,1.61083,-1.16965,-0.29478,8.92386,0.07579,-15.85713
2010-11-19,1.60519,0.641,1.61405,-0.55026,-0.13871,9.02897,0.07099,-15.85713
2010-11-22,1.60044,0.6854,1.6117,-0.70154,-0.17689,8.97343,0.07638,-15.85713
2010-11-23,1.59467,0.6499,1.59672,-0.12879,-0.03249,8.9858,0.07233,-15.85713
2010-11-24,1.5805,0.5482,1.60423,-1.49038,-0.3762,9.16343,0.05982,-15.85713
2010-11-25,1.57901,0.5785,1.60354,-1.54204,-0.39,9.16587,0.06311,-15.85713
2010-11-26,1.57597,0.598,1.58633,-0.65556,-0.16635,9.1283,0.06551,-15.85713
2010-11-29,1.55902,0.5997,1.59013,-1.97598,-0.50284,9.2653,0.06473,-15.85713
2010-11-30,1.55562,0.5315,1.57821,-1.44192,-0.36716,9.193,0.05782,-15.85713
2010-12-01,1.55681,0.4774,1.59246,-2.26402,-0.57674,9.1664,0.05208,-15.74093
2010-12-02,1.56104,0.4804,1.60544,-2.80497,-0.71446,9.15613,0.05247,-15.74093
2010-12-03,1.55909,0.528,1.61421,-3.47429,-0.8846,9.1295,0.05783,-15.74093
2010-12-06,1.57679,0.6175,1.61212,-2.21615,-0.56389,9.36981,0.0659,-15.74093
2010-12-07,1.57087,0.4597,1.61499,-2.7701,-0.70473,9.27413,0.04957,-15.74093
2010-12-08,1.57532,0.431,1.61673,-2.59467,-0.65977,9.26311,0.04653,-15.74093
2010-12-09,1.57965,0.3704,1.62133,-2.60427,-0.66194,9.24099,0.04008,-15.74093
2010-12-10,1.57751,0.3179,1.61914,-2.60465,-0.6618,9.22351,0.03447,-15.74093
2010-12-13,1.5799,0.448,1.61716,-2.33064,-0.59194,9.13225,0.04906,-15.74093
2010-12-14,1.58619,0.3399,1.61856,-2.01984,-0.51282,9.0782,0.03744,-15.74093
2010-12-15,1.57639,0.324,1.61664,-2.5209,-0.64004,9.16824,0.03534,-15.74093
2010-12-16,1.55608,0.4013,1.61869,-3.94469,-1.00117,9.53247,0.0421,-15.74093
2010-12-17,1.56328,0.4329,1.62748,-4.02443,-1.0204,9.49403,0.0456,-15.74093
2010-12-20,1.5513,0.3517,1.62681,-4.75258,-1.20437,9.5782,0.03672,-15.74093
2010-12-21,1.55082,0.3862,1.62531,-4.69164,-1.18824,9.56992,0.04036,-15.74093
2010-12-22,1.5466,0.3769,1.63354,-5.46905,-1.38428,9.57268,0.03937,-15.74093
2010-12-23,1.5404,0.3007,1.62709,-5.47509,-1.38348,9.38819,0.03203,-15.74093
2010-12-24,1.54464,0.3193,1.62598,-5.13207,-1.29439,9.40775,0.03394,-15.74093
2010-12-27,1.54138,0.3293,1.61647,-4.75703,-1.19788,9.41422,0.03498,-15.74093
2010-12-28,1.54421,0.2293,1.61991,-4.78567,-1.20359,9.42477,0.02433,-15.74093
2010-12-29,1.53558,0.4227,1.6162,-5.11676,-1.28514,9.43713,0.04479,-15.74093
2010-12-30,1.5502,0.3008,1.6166,-4.19433,-1.05177,9.54149,0.03153,-15.74093
2010-12-31,1.54371,0.2794,1.61541,-4.53996,-1.13785,9.57192,0.02919,-15.74093
2011-01-03,1.55724,0.2694,1.61552,-3.67418,-0.92117,9.70158,0.02777,-15.29822
2011-01-04,1.54897,0.3448,1.6143,-4.13115,-1.03655,9.7497,0.03537,-15.29822
2011-01-05,1.55979,0.2843,1.61749,-3.63184,-0.91242,9.85663,0.02884,-15.29822
2011-01-06,1.55121,0.3319,1.61306,-3.90991,-0.98314,9.86644,0.03364,-15.29822
2011-01-07,1.54509,0.457,1.6128,-4.28847,-1.07851,9.87245,0.04629,-15.29822
2011-01-10,1.554,0.5065,1.61006,-3.544,-0.89149,9.9017,0.05115,-15.29822
2011-01-11,1.55899,0.5247,1.61441,-3.49312,-0.87888,9.84714,0.05328,-15.29822
2011-01-12,1.56079,0.5835,1.61848,-3.62905,-0.91256,9.75857,0.05979,-15.29822
2011-01-13,1.57493,0.5898,1.61672,-2.61898,-0.65871,9.93421,0.05937,-15.29822
2011-01-14,1.58428,0.5845,1.62328,-2.43173,-0.61171,9.95414,0.05872,-15.29822
2011-01-17,1.58813,0.5855,1.62282,-2.1603,-0.54351,9.65982,0.06061,-15.29822
2011-01-18,1.59,0.6054,1.61919,-1.81931,-0.45768,9.4945,0.06376,-15.29822
2011-01-19,1.5963,0.5625,1.60844,-0.7579,-0.19063,9.36639,0.06006,-15.29822
2011-01-20,1.59742,0.5079,1.60345,-0.37715,-0.09486,9.35452,0.05429,-15.29822
2011-01-21,1.59099,0.5279,1.60035,-0.58669,-0.14759,9.38792,0.05623,-15.29822
2011-01-24,1.59939,0.5106,1.60525,-0.36619,-0.0922,9.27851,0.05503,-15.29822
2011-01-25,1.59864,0.4957,1.60496,-0.39438,-0.09944,9.22484,0.05374,-15.29822
2011-01-26,1.582,0.5032,1.61149,-1.84696,-0.4662,9.4688,0.05314,-15.29822
2011-01-27,1.59299,0.5799,1.61463,-1.34899,-0.3409,8.91797,0.06503,-15.29822
2011-01-28,1.59269,0.63,1.58769,0.3142,0.07948,8.91629,0.07066,-15.29822
2011-01-31,1.58293,0.6007,1.58999,-0.44499,-0.11269,8.99193,0.0668,-15.29822
2011-02-01,1.603,0.6266,1.60191,0.0678,0.01719,9.30166,0.06736,-14.11932
2011-02-02,1.61361,0.6103,1.60376,0.61193,0.15525,9.15544,0.06666,-14.11932
2011-02-03,1.62048,0.5174,1.60763,0.79661,0.20217,9.16102,0.05648,-14.11932
2011-02-04,1.61345,0.4998,1.61325,0.01221,0.0031,9.12903,0.05475,-14.11932
2011-02-07,1.60997,0.5137,1.60985,0.00708,0.0018,9.0207,0.05695,-14.11932
2011-02-08,1.6129,0.4032,1.61228,0.03858,0.00983,8.89814,0.04531,-14.11932
2011-02-09,1.60663,0.5101,1.61134,-0.2923,-0.07459,8.93011,0.05712,-14.11932
2011-02-10,1.61015,0.4367,1.60845,0.10594,0.02709,8.93631,0.04887,-14.11932
2011-02-11,1.60971,0.4323,1.61043,-0.04471,-0.01146,8.87108,0.04873,-14.11932
2011-02-14,1.60031,0.4245,1.60702,-0.41875,-0.10759,8.72835,0.04863,-14.11932
2011-02-15,1.60282,0.4737,1.60363,-0.05016,-0.01292,8.7238,0.0543,-14.11932
2011-02-16,1.61366,0.4131,1.59881,0.92422,0.23865,8.67401,0.04763,-14.11932
2011-02-17,1.6093,0.4266,1.59898,0.64313,0.16687,8.67047,0.0492,-14.11932
2011-02-18,1.61781,0.4902,1.59851,1.19988,0.31327,8.69854,0.05635,-14.11932
2011-02-21,1.62509,0.4257,1.59637,1.78341,0.46871,8.53719,0.04986,-14.11932
2011-02-22,1.6228,0.5339,1.56272,3.77235,0.99767,8.54077,0.06251,-14.11932
2011-02-23,1.616,0.4962,1.55075,4.12213,1.09547,8.57823,0.05784,-14.11932
2011-02-24,1.62351,0.4915,1.55539,4.2866,1.14361,8.30962,0.05915,-14.11932
2011-02-25,1.61444,0.4789,1.56705,2.97941,0.79857,8.3847,0.05712,-14.11932
2011-02-28,1.61005,0.5004,1.57236,2.36833,0.63705,8.41074,0.0595,-14.11932
2011-03-01,1.62705,0.5366,1.55468,4.54971,1.22593,8.63418,0.06215,-15.64826
2011-03-02,1.62628,0.4849,1.55821,4.27609,1.15314,8.62861,0.0562,-15.64826
2011-03-03,1.63329,0.4193,1.57246,3.79601,1.02417,8.38894,0.04998,-15.64826
2011-03-04,1.62745,0.4825,1.57081,3.54172,0.95581,8.38536,0.05754,-15.64826
2011-03-07,1.62684,0.455,1.56387,3.94718,1.06661,8.37459,0.05433,-15.64826
2011-03-08,1.61985,0.4546,1.57023,3.11154,0.84239,8.41666,0.05401,-15.64826
2011-03-09,1.61634,0.5092,1.56823,3.02168,0.82088,8.4251,0.06044,-15.64826
2011-03-10,1.62001,0.54,1.56216,3.63643,0.9917,8.43052,0.06405,-15.64826
2011-03-11,1.60661,0.4777,1.57044,2.27656,0.62283,8.57541,0.05571,-15.64826
2011-03-14,1.60715,0.475,1.56584,2.60403,0.71481,8.47615,0.05604,-15.64826
2011-03-15,1.61721,0.4387,1.55634,3.8365,1.05483,8.11635,0.05405,-15.64826
2011-03-16,1.6072,0.521,1.5444,3.98601,1.09672,8.18763,0.06363,-15.64826
2011-03-17,1.59913,0.5752,1.5558,2.74704,0.75676,8.09705,0.07104,-15.64826
2011-03-18,1.61434,0.4693,1.55966,3.44532,0.95116,8.29179,0.0566,-15.64826
2011-03-21,1.6223,0.4251,1.57038,3.25262,0.90006,8.30673,0.05118,-15.64826
2011-03-22,1.63087,0.4718,1.57359,3.57518,0.99188,8.29748,0.05686,-15.64826
2011-03-23,1.63602,0.4416,1.57613,3.72903,1.0373,8.30154,0.05319,-15.64826
2011-03-24,1.62491,0.3842,1.57758,2.95596,0.82357,8.42355,0.04561,-15.64826
2011-03-25,1.6122,0.3454,1.57568,2.29119,0.63956,8.59784,0.04017,-15.64826
2011-03-28,1.60041,0.3362,1.56985,1.92806,0.53928,8.65625,0.03884,-15.64826
2011-03-29,1.59908,0.3282,1.57266,1.66623,0.4672,8.47305,0.03873,-15.64826
2011-03-30,1.601,0.4141,1.57762,1.47117,0.41406,8.42033,0.04918,-15.64826
2011-03-31,1.60741,0.399,1.57458,2.06335,0.58386,8.28623,0.04815,-15.64826
2011-04-01,1.60341,0.4493,1.57722,1.64684,0.46829,8.22426,0.05463,-15.72678
2011-04-04,1.61207,0.4767,1.5771,2.19346,0.62543,8.18018,0.05828,-15.72678
2011-04-05,1.61306,0.462,1.57615,2.31456,0.66121,8.0874,0.05713,-15.72678
2011-04-06,1.6301,0.3995,1.57254,3.59474,1.02878,8.27019,0.04831,-15.72678
2011-04-07,1.63249,0.4153,1.57302,3.71087,1.06308,8.21123,0.05058,-15.72678
2011-04-08,1.63212,0.4508,1.57207,3.74871,1.07538,8.19874,0.05498,-15.72678
2011-04-11,1.63741,0.4531,1.57753,3.72556,1.06922,8.21371,0.05516,-15.72678
2011-04-12,1.63449,0.3996,1.57348,3.8043,1.09309,8.05503,0.04961,-15.72678
2011-04-13,1.6257,0.4429,1.57682,3.05304,0.87783,8.06847,0.05489,-15.72678
2011-04-14,1.62689,0.3807,1.5739,3.31125,0.95332,8.05836,0.04724,-15.72678
2011-04-18,1.6314,0.3782,1.57221,3.69587,1.06499,8.07103,0.04686,-15.72678
2011-04-19,1.62612,0.3886,1.57615,3.12144,0.90053,8.07089,0.04815,-15.72678
2011-04-20,1.63244,0.346,1.57503,3.58011,1.03308,8.10234,0.0427,-15.72678
2011-04-21,1.63948,0.3268,1.5742,4.06303,1.17191,8.0908,0.04039,-15.72678
2011-04-22,1.65147,0.3268,1.57517,4.73049,1.36288,8.14944,0.0401,-15.72678
2011-04-25,1.65281,0.3668,1.57685,4.70485,1.35303,8.14724,0.04502,-15.72678
2011-04-26,1.65019,0.3735,1.57909,4.404,1.26429,7.84835,0.04759,-15.72678
2011-04-27,1.6509,0.4571,1.58754,3.91324,1.12168,7.74488,0.05902,-15.72678
2011-04-28,1.66279,0.4362,1.58932,4.51891,1.29393,7.85488,0.05553,-15.72678
2011-04-29,1.665,0.4662,1.59258,4.4472,1.27184,7.73208,0.06029,-15.72678
2011-05-02,1.66881,0.4762,1.59127,4.75763,1.35895,7.35856,0.06471,-15.43859
2011-05-03,1.666,0.3802,1.58361,5.07189,1.44716,7.27199,0.05228,-15.43859
2011-05-04,1.64965,0.3479,1.58159,4.21289,1.2024,7.5203,0.04626,-15.43859
2011-05-05,1.6497,0.4225,1.58734,3.85337,1.10146,7.46142,0.05662,-15.43859
2011-05-06,1.63859,0.4302,1.58839,3.11175,0.88981,7.58006,0.05675,-15.43859
2011-05-09,1.6358,0.4286,1.59122,2.76335,0.79031,7.5837,0.05652,-15.43859
2011-05-10,1.64117,0.3881,1.59182,3.05355,0.87369,7.56098,0.05133,-15.43859
2011-05-11,1.63701,0.5056,1.59997,2.28833,0.65512,7.57309,0.06676,-15.43859
2011-05-12,1.63674,0.4119,1.59495,2.58668,0.74204,7.5728,0.05439,-15.43859
2011-05-13,1.6284,0.4341,1.59421,2.12183,0.61011,7.54965,0.0575,-15.43859
2011-05-16,1.6176,0.4691,1.59458,1.43339,0.41336,7.67059,0.06116,-15.43859
2011-05-17,1.62093,0.4868,1.59875,1.37796,0.39833,7.56344,0.06436,-15.43859
2011-05-18,1.6253,0.4342,1.59796,1.69648,0.49149,7.55993,0.05743,-15.43859
2011-05-19,1.6165,0.4724,1.60473,0.73106,0.21232,7.5685,0.06242,-15.43859
2011-05-20,1.62319,0.4643,1.59761,1.58861,0.4628,7.56011,0.06141,-15.43859
2011-05-23,1.62143,0.4304,1.59176,1.84675,0.54001,7.55795,0.05695,-15.43859
2011-05-24,1.61088,0.4504,1.59559,0.95335,0.2801,7.62458,0.05907,-15.43859
2011-05-25,1.61849,0.4251,1.59551,1.42985,0.4219,7.62666,0.05574,-15.43859
2011-05-26,1.62798,0.5061,1.6093,1.15381,0.34213,7.63149,0.06632,-15.43859
2011-05-27,1.63854,0.5085,1.61093,1.69957,0.50681,7.71262,0.06593,-15.43859
2011-05-30,1.65112,0.5085,1.61157,2.42417,0.72518,7.57871,0.0671,-15.43859
2011-05-31,1.64878,0.5515,1.62019,1.74877,0.52462,7.58466,0.07271,-15.43859
2011-06-01,1.6465,0.5713,1.61228,2.09996,0.63193,7.54536,0.07572,-16.20921
2011-06-02,1.63343,0.4964,1.60352,1.84785,0.5571,7.68274,0.06461,-16.20921
2011-06-03,1.63615,0.5709,1.61443,1.33641,0.40339,7.68892,0.07425,-16.20921
2011-06-06,1.64541,0.5621,1.61151,2.08177,0.62888,7.71525,0.07286,-16.20921
2011-06-07,1.63572,0.6094,1.61989,0.97246,0.29392,7.7986,0.07814,-16.20921
2011-06-08,1.6443,0.6316,1.62061,1.45166,0.43919,7.85307,0.08043,-16.20921
2011-06-09,1.6408,0.5283,1.61106,1.82891,0.5535,7.6751,0.06883,-16.20921
2011-06-10,1.63655,0.4919,1.60266,2.09263,0.63328,7.69733,0.06391,-16.20921
2011-06-13,1.62261,0.5184,1.60413,1.14534,0.34673,7.80042,0.06646,-16.20921
2011-06-14,1.63741,0.439,1.59902,2.37284,0.7184,7.90028,0.05557,-16.20921
2011-06-15,1.63773,0.539,1.60199,2.20664,0.66805,7.82577,0.06887,-16.20921
2011-06-16,1.61959,0.4968,1.59282,1.66655,0.50467,7.93767,0.06259,-16.20921
2011-06-17,1.61611,0.5124,1.59787,1.13494,0.3442,7.88724,0.06497,-16.20921
2011-06-20,1.61781,0.5002,1.60212,0.97447,0.2959,7.81616,0.064,-16.20921
2011-06-21,1.62069,0.5006,1.60597,0.91234,0.2773,7.79756,0.0642,-16.20921
2011-06-22,1.62253,0.4378,1.60031,1.37889,0.41965,7.68259,0.05699,-16.20921
2011-06-23,1.60599,0.4792,1.6015,0.28007,0.08527,7.79614,0.06147,-16.20921
2011-06-24,1.60262,0.5502,1.60408,-0.09117,-0.02778,7.66665,0.07177,-16.20921
2011-06-27,1.5963,0.5091,1.60096,-0.29175,-0.08899,7.70604,0.06607,-16.20921
2011-06-28,1.599,0.4439,1.59834,0.04121,0.01258,7.70986,0.05758,-16.20921
2011-06-29,1.5988,0.4305,1.60431,-0.34421,-0.10521,7.66659,0.05615,-16.20921
2011-06-30,1.60759,0.4175,1.60567,0.11948,0.03657,7.73052,0.05401,-16.20921
2011-07-01,1.6048,0.3999,1.60614,-0.0831,-0.02547,7.6613,0.0522,-16.14145
2011-07-04,1.60681,0.3748,1.60351,0.20573,0.06317,7.66469,0.0489,-16.14145
2011-07-05,1.60971,0.4356,1.60989,-0.01101,-0.00339,7.3688,0.05911,-16.14145
2011-07-06,1.60679,0.3859,1.60406,0.16986,0.05262,7.36787,0.05238,-16.14145
2011-07-07,1.6009,0.3564,1.6041,-0.20012,-0.06237,7.39956,0.04817,-16.14145
2011-07-08,1.59811,0.43,1.61222,-0.87923,-0.27592,7.3696,0.05835,-16.14145
2011-07-11,1.60259,0.4075,1.59994,0.16544,0.05227,7.39126,0.05513,-16.14145
2011-07-12,1.59081,0.4275,1.59731,-0.40754,-0.12954,7.45697,0.05733,-16.14145
2011-07-13,1.59182,0.5027,1.60596,-0.88403,-0.28212,7.45643,0.06742,-16.14145
2011-07-14,1.61681,0.4327,1.59481,1.37061,0.43897,8.08724,0.0535,-16.14145
2011-07-15,1.61491,0.4604,1.60222,0.78886,0.25369,8.06562,0.05708,-16.14145
2011-07-18,1.61119,0.4367,1.59444,1.04491,0.33726,8.03613,0.05434,-16.14145
2011-07-19,1.60583,0.4645,1.60386,0.12286,0.0398,8.00693,0.05801,-16.14145
2011-07-20,1.61371,0.4468,1.60297,0.668,0.21703,7.92823,0.05636,-16.14145
2011-07-21,1.61593,0.4664,1.61099,0.30572,0.09976,7.93243,0.0588,-16.14145
2011-07-22,1.63233,0.4285,1.60701,1.56345,0.51266,8.19886,0.05226,-16.14145
2011-07-25,1.63151,0.3431,1.5896,2.60235,0.85677,8.1982,0.04185,-16.14145
2011-07-26,1.62808,0.4121,1.59537,2.02974,0.67172,8.06854,0.05107,-16.14145
2011-07-27,1.6426,0.2897,1.57094,4.46104,1.48241,8.27061,0.03503,-16.14145
2011-07-28,1.63273,0.3018,1.57105,3.8514,1.28354,8.33531,0.03621,-16.14145
2011-07-29,1.63685,0.3781,1.5774,3.6995,1.23616,8.35026,0.04528,-16.14145
2011-08-01,1.6412,0.3641,1.58068,3.75761,1.25979,8.13896,0.04474,-14.63773
2011-08-02,1.63092,0.4151,1.58523,2.84141,0.95518,8.23282,0.05042,-14.63773
2011-08-03,1.62787,0.3798,1.583,2.79479,0.94269,8.1316,0.04671,-14.63773
2011-08-04,1.64341,0.4657,1.57291,4.38487,1.48214,8.34802,0.05579,-14.63773
2011-08-05,1.62359,0.3641,1.56111,3.92441,1.3285,8.67057,0.04199,-14.63773
2011-08-08,1.64166,0.4268,1.54436,6.11007,2.07194,8.94238,0.04773,-14.63773
2011-08-09,1.63201,0.6807,1.60106,1.91497,0.64979,9.02087,0.07546,-14.63773
2011-08-10,1.63148,0.4543,1.56337,4.26449,1.45255,8.96227,0.05069,-14.63773
2011-08-11,1.61181,0.3862,1.56261,3.10023,1.0597,9.1922,0.04201,-14.63773
2011-08-12,1.6228,0.4946,1.58304,2.48073,0.85091,9.28479,0.05327,-14.63773
2011-08-15,1.62933,0.483,1.59021,2.42996,0.83734,9.30403,0.05191,-14.63773
2011-08-16,1.63859,0.5513,1.59988,2.39062,0.82892,9.30367,0.05926,-14.63773
2011-08-17,1.64409,0.4907,1.59484,3.04133,1.06174,9.29159,0.05281,-14.63773
2011-08-18,1.6541,0.4105,1.56971,5.23651,1.84037,9.36117,0.04385,-14.63773
2011-08-19,1.65079,0.4843,1.58541,4.04139,1.42525,9.26992,0.05224,-14.63773
2011-08-22,1.6478,0.4531,1.58372,3.96627,1.40326,9.23799,0.04905,-14.63773
2011-08-23,1.64661,0.4461,1.59074,3.45176,1.22476,9.1705,0.04865,-14.63773
2011-08-24,1.64981,0.4337,1.59162,3.59057,1.27793,9.08872,0.04772,-14.63773
2011-08-25,1.63701,0.493,1.6,2.28668,0.81685,9.09265,0.05422,-14.63773
2011-08-26,1.62832,0.5677,1.61739,0.67364,0.24166,9.14838,0.06205,-14.63773
2011-08-29,1.635,0.5177,1.61288,1.36213,0.48997,9.18507,0.05636,-14.63773
2011-08-30,1.6415,0.5522,1.62122,1.24307,0.44876,9.07957,0.06082,-14.63773
2011-08-31,1.63076,0.6192,1.63487,-0.25152,-0.09101,9.16972,0.06753,-14.63773
2011-09-01,1.62514,0.6035,1.63171,-0.40328,-0.14637,9.12036,0.06617,-14.56432
2011-09-02,1.6188,0.5569,1.62016,-0.08365,-0.03044,9.07819,0.06134,-14.56432
2011-09-05,1.61721,0.4353,1.59994,1.07345,0.39151,9.0129,0.0483,-14.56432
2011-09-06,1.60999,0.4562,1.60214,0.48907,0.17886,9.04464,0.05044,-14.56432
2011-09-07,1.59482,0.4477,1.60675,-0.74534,-0.27358,9.21842,0.04857,-14.56432
2011-09-08,1.59859,0.504,1.61398,-0.95767,-0.35292,9.08397,0.05548,-14.56432
2011-09-09,1.59775,0.4912,1.60662,-0.55359,-0.20477,8.88454,0.05529,-14.56432
2011-09-12,1.58569,0.3677,1.58439,0.0822,0.03058,8.99898,0.04086,-14.56432
2011-09-13,1.58587,0.3688,1.58515,0.04523,0.0169,8.73645,0.04221,-14.56432
2011-09-14,1.57861,0.3857,1.59021,-0.73227,-0.275,8.77058,0.04398,-14.56432
2011-09-15,1.57699,0.4121,1.60045,-1.47673,-0.55711,8.76671,0.04701,-14.56432
2011-09-16,1.5793,0.3981,1.59429,-0.94463,-0.35813,8.76376,0.04543,-14.56432
2011-09-19,1.5724,0.4357,1.59597,-1.48808,-0.56929,8.7936,0.04955,-14.56432
2011-09-20,1.566,0.4443,1.59915,-2.09508,-0.80639,8.59993,0.05166,-14.56432
2011-09-21,1.57342,0.4282,1.59201,-1.17459,-0.45475,8.65325,0.04948,-14.56432
2011-09-22,1.55082,0.5026,1.59742,-2.96047,-1.1533,9.07896,0.05536,-14.56432
2011-09-23,1.53617,0.4363,1.58108,-2.88142,-1.12856,9.24529,0.04719,-14.56432
2011-09-26,1.54933,0.4653,1.5876,-2.44029,-0.96087,9.4251,0.04937,-14.56432
2011-09-27,1.55526,0.5019,1.5997,-2.81748,-1.1153,9.38798,0.05346,-14.56432
2011-09-28,1.56399,0.457,1.58246,-1.17416,-0.46813,9.46385,0.04829,-14.56432
2011-09-29,1.55761,0.4801,1.58851,-1.96447,-0.78974,9.48601,0.05061,-14.56432
2011-09-30,1.55994,0.4245,1.57101,-0.7068,-0.28632,9.48321,0.04476,-14.56432
2011-10-03,1.55831,0.4584,1.57413,-1.00964,-0.41326,9.4801,0.04835,-14.24833
2011-10-04,1.54359,0.3903,1.55952,-1.02659,-0.42345,9.62985,0.04053,-14.24833
2011-10-05,1.54703,0.4028,1.56393,-1.08633,-0.45068,9.64304,0.04177,-14.24833
2011-10-06,1.5466,0.3854,1.5696,-1.47636,-0.61574,9.61964,0.04006,-14.24833
2011-10-07,1.54345,0.361,1.56412,-1.33035,-0.55815,9.52477,0.0379,-14.24833
2011-10-10,1.5533,0.421,1.584,-1.95698,-0.82435,9.62045,0.04376,-14.24833
2011-10-11,1.56583,0.3773,1.57722,-0.72488,-0.3064,9.22156,0.04092,-14.24833
2011-10-12,1.55889,0.4088,1.58645,-1.75246,-0.74616,9.25415,0.04417,-14.24833
2011-10-13,1.57478,0.3777,1.58021,-0.34447,-0.14774,9.49035,0.0398,-14.24833
2011-10-14,1.57451,0.4195,1.59689,-1.41144,-0.60979,9.47122,0.04429,-14.24833
2011-10-17,1.58263,0.4125,1.58241,0.01369,0.00596,9.47699,0.04353,-14.24833
2011-10-18,1.57451,0.3661,1.57665,-0.13638,-0.0599,9.51956,0.03846,-14.24833
2011-10-19,1.57087,0.4158,1.57938,-0.54042,-0.23923,9.28312,0.04479,-14.24833
2011-10-20,1.57771,0.3903,1.57576,0.12351,0.05524,9.33586,0.04181,-14.24833
2011-10-21,1.5796,0.4221,1.58608,-0.409,-0.18463,9.33664,0.04521,-14.24833
2011-10-24,1.59431,0.4097,1.589,0.33363,0.15194,9.35275,0.04381,-14.24833
2011-10-25,1.59967,0.4561,1.59373,0.37194,0.17072,9.31447,0.04897,-14.24833
2011-10-26,1.59985,0.3215,1.56738,2.04996,0.94854,9.29704,0.03458,-14.24833
2011-10-27,1.59597,0.3117,1.57686,1.20454,0.56034,9.28556,0.03357,-14.24833
2011-10-28,1.60878,0.3832,1.58938,1.21289,0.56797,9.35944,0.04094,-14.24833
2011-10-31,1.61119,0.3608,1.57706,2.14064,1.00716,9.35947,0.03855,-14.24833
2011-11-01,1.608,0.3164,1.56343,2.81107,1.32753,9.15701,0.03455,-13.00022
2011-11-02,1.59401,0.3854,1.57893,0.95012,0.44965,9.0032,0.04281,-13.00022
2011-11-03,1.59119,0.4066,1.58805,0.19774,0.09415,8.70597,0.0467,-13.00022
2011-11-04,1.60372,0.4082,1.59065,0.81836,0.39311,8.79288,0.04642,-13.00022
2011-11-07,1.60328,0.3732,1.58866,0.91649,0.44411,8.79288,0.04244,-13.00022
2011-11-08,1.60619,0.3139,1.58178,1.53188,0.74862,8.46502,0.03708,-13.00022
2011-11-09,1.60989,0.3112,1.56764,2.65961,1.30986,8.36438,0.03721,-13.00022
2011-11-10,1.5915,0.3039,1.57272,1.18671,0.58615,8.62327,0.03524,-13.00022
2011-11-11,1.59421,0.3761,1.58988,0.272,0.13536,8.54646,0.04401,-13.00022
2011-11-14,1.60769,0.2769,1.56776,2.51493,1.25934,8.69664,0.03184,-13.00022
2011-11-15,1.59,0.2193,1.55927,1.9516,0.98168,8.85583,0.02476,-13.00022
2011-11-16,1.58058,0.2738,1.56612,0.91886,0.466,8.91563,0.03071,-13.00022
2011-11-17,1.5708,0.3681,1.57568,-0.31061,-0.15886,8.98122,0.04099,-13.00022
2011-11-18,1.5752,0.3128,1.56775,0.47395,0.24467,9.0094,0.03472,-13.00022
2011-11-21,1.57771,0.2876,1.56274,0.95345,0.49479,9.00546,0.03194,-13.00022
2011-11-22,1.56389,0.2761,1.5644,-0.03257,-0.01705,9.03981,0.03054,-13.00022
2011-11-23,1.5649,0.3015,1.56324,0.10585,0.05587,8.99512,0.03352,-13.00022
2011-11-24,1.55287,0.3179,1.5661,-0.84836,-0.45099,9.0529,0.03512,-13.00022
2011-11-25,1.5477,0.344,1.56899,-1.36615,-0.7295,9.01377,0.03816,-13.00022
2011-11-28,1.54899,0.29,1.56626,-1.10865,-0.59505,8.94725,0.03241,-13.00022
2011-11-29,1.5501,0.2658,1.56651,-1.05306,-0.56873,8.93616,0.02974,-13.00022
2011-11-30,1.55979,0.3075,1.57673,-1.08003,-0.58764,9.02034,0.03409,-13.00022
2011-12-01,1.57072,0.2058,1.55567,0.96265,0.52574,9.14596,0.0225,-12.11853
2011-12-02,1.56831,0.2576,1.56652,0.11402,0.06267,9.11249,0.02827,-12.11853
2011-12-05,1.56099,0.2542,1.56482,-0.24519,-0.13685,8.96824,0.02834,-12.11853
2011-12-06,1.56431,0.1423,1.54516,1.23163,0.69768,8.96545,0.01587,-12.11853
2011-12-07,1.5607,0.1824,1.54958,0.71452,0.40868,8.97404,0.02033,-12.11853
2011-12-08,1.57003,0.1288,1.53552,2.22241,1.27452,8.94078,0.01441,-12.11853
2011-12-09,1.5638,0.1581,1.54669,1.10009,0.63216,8.97317,0.01762,-12.11853
2011-12-12,1.56541,0.1325,1.54054,1.60146,0.92272,8.93233,0.01483,-12.11853
2011-12-13,1.55807,0.1741,1.55284,0.33589,0.19387,8.97739,0.01939,-12.11853
2011-12-14,1.54801,0.1558,1.54052,0.48491,0.28165,9.05794,0.0172,-12.11853
2011-12-15,1.54751,0.1988,1.54953,-0.13036,-0.07617,9.02023,0.02204,-12.11853
2011-12-16,1.55229,0.1858,1.54458,0.49754,0.29404,9.0105,0.02062,-12.11853
2011-12-19,1.55251,0.2115,1.5492,0.21301,0.12719,8.95639,0.02361,-12.11853
2011-12-20,1.55099,0.1954,1.55421,-0.20761,-0.12496,8.47745,0.02305,-12.11853
2011-12-21,1.5671,0.1283,1.54611,1.34892,0.81989,8.5024,0.01509,-12.11853
2011-12-22,1.5671,0.1229,1.54637,1.3317,0.81526,8.33697,0.01474,-12.11853
2011-12-23,1.56799,0.0663,1.53771,1.95005,1.20136,8.3046,0.00798,-12.11853
2011-12-26,1.5597,0.0663,1.53873,1.35336,0.83921,8.29895,0.00799,-12.11853
2011-12-27,1.56189,0.0763,1.54246,1.25182,0.78193,8.26275,0.00923,-12.11853
2011-12-28,1.56649,0.1115,1.54409,1.43996,0.91019,8.27811,0.01347,-12.11853
2011-12-29,1.5444,0.0846,1.54206,0.15166,0.09682,8.75436,0.00966,-12.11853
2011-12-30,1.54159,0.1546,1.55188,-0.66523,-0.43132,8.5535,0.01807,-12.11853
2012-01-02,1.55121,0.1546,1.55209,-0.05731,-0.03754,8.63297,0.01791,-12.33111
2012-01-03,1.552,0.1401,1.55981,-0.5018,-0.33099,8.63322,0.01623,-12.33111
2012-01-04,1.56441,0.1642,1.56789,-0.2223,-0.14755,8.76532,0.01873,-12.33111
2012-01-05,1.56094,0.1787,1.5695,-0.54697,-0.36507,8.68832,0.02057,-12.33111
2012-01-06,1.55017,0.1675,1.56934,-1.22886,-0.82495,8.64655,0.01937,-12.33111
2012-01-09,1.54195,0.1424,1.56346,-1.38537,-0.93223,8.66605,0.01643,-12.33111
2012-01-10,1.54591,0.1891,1.57331,-1.75731,-1.18389,8.42891,0.02243,-12.33111
2012-01-11,1.54746,0.1795,1.56908,-1.38748,-0.93405,8.43289,0.02129,-12.33111
2012-01-12,1.5336,0.1555,1.56387,-1.95433,-1.31709,8.53709,0.01821,-12.33111
2012-01-13,1.53421,0.1581,1.56185,-1.7855,-1.20571,8.4863,0.01863,-12.33111
2012-01-16,1.53001,0.1613,1.56223,-2.08415,-1.40922,8.49066,0.019,-12.33111
2012-01-17,1.5325,0.1851,1.56663,-2.20255,-1.48907,8.44593,0.02192,-12.33111
2012-01-18,1.53386,0.1665,1.56317,-1.8927,-1.27822,8.44367,0.01972,-12.33111
2012-01-19,1.543,0.144,1.56231,-1.24417,-0.84021,8.31291,0.01732,-12.33111
2012-01-20,1.54883,0.1372,1.55979,-0.70551,-0.47696,8.32125,0.01649,-12.33111
2012-01-23,1.55456,0.1839,1.56843,-0.88868,-0.60077,8.36289,0.02199,-12.33111
2012-01-24,1.5579,0.2087,1.57106,-0.84113,-0.56848,8.36909,0.02494,-12.33111
2012-01-25,1.5627,0.2926,1.58567,-1.45959,-0.98627,8.22547,0.03557,-12.33111
2012-01-26,1.5661,0.2669,1.58276,-1.05816,-0.71433,8.23313,0.03242,-12.33111
2012-01-27,1.56821,0.26,1.58286,-0.9301,-0.62777,8.23491,0.03157,-12.33111
2012-01-30,1.5724,0.2336,1.57561,-0.204,-0.13764,8.07976,0.02891,-12.33111
2012-01-31,1.57085,0.2363,1.57646,-0.35695,-0.24091,8.07519,0.02926,-12.33111
2012-02-01,1.57604,0.2833,1.58684,-0.68289,-0.46318,7.94124,0.03567,-12.16521
2012-02-02,1.58428,0.3274,1.5963,-0.75574,-0.51457,8.01681,0.04084,-12.16521
2012-02-03,1.58028,0.3201,1.60124,-1.31803,-0.90153,8.0198,0.03991,-12.16521
2012-02-06,1.5803,0.3423,1.60665,-1.65348,-1.13609,8.00318,0.04277,-12.16521
2012-02-07,1.58128,0.3251,1.60418,-1.43772,-0.99114,7.67418,0.04236,-12.16521
2012-02-08,1.58932,0.2904,1.59888,-0.59958,-0.41573,7.73573,0.03754,-12.16521
2012-02-09,1.58128,0.2434,1.59228,-0.69336,-0.48311,7.6049,0.03201,-12.16521
2012-02-10,1.58128,0.1911,1.57748,0.24077,0.16856,7.28126,0.02625,-12.16521
2012-02-13,1.57821,0.1462,1.57309,0.32509,0.22833,7.19387,0.02032,-12.16521
2012-02-14,1.57257,0.1635,1.57592,-0.21229,-0.1492,7.1208,0.02296,-12.16521
2012-02-15,1.56912,0.1572,1.57397,-0.30887,-0.21736,7.1116,0.0221,-12.16521
2012-02-16,1.56887,0.1325,1.57433,-0.34738,-0.24457,7.10367,0.01865,-12.16521
2012-02-17,1.58078,0.1782,1.58365,-0.18132,-0.12771,7.0417,0.02531,-12.16521
2012-02-20,1.58692,0.2171,1.5906,-0.23113,-0.16284,7.0802,0.03066,-12.16521
2012-02-21,1.58283,0.1628,1.584,-0.07401,-0.05224,6.91887,0.02353,-12.16521
2012-02-22,1.57903,0.1438,1.58284,-0.24076,-0.17011,6.90148,0.02084,-12.16521
2012-02-23,1.5672,0.1121,1.58083,-0.86568,-0.61269,7.0761,0.01584,-12.16521
2012-02-24,1.57456,0.0816,1.5776,-0.19334,-0.13684,7.13241,0.01144,-12.16521
2012-02-27,1.58869,0.1229,1.5813,0.46589,0.32986,7.24412,0.01697,-12.16521
2012-02-28,1.58328,0.1283,1.57831,0.31457,0.22288,7.15161,0.01794,-12.16521
2012-02-29,1.5922,0.1381,1.58131,0.68639,0.48636,7.22681,0.01911,-12.16521
2012-03-01,1.59236,0.1946,1.59949,-0.44716,-0.31677,7.1575,0.02719,-11.97779
2012-03-02,1.59591,0.1637,1.58948,0.40415,0.2863,7.15863,0.02287,-11.97779
2012-03-05,1.58331,0.1769,1.59074,-0.46825,-0.33194,7.32875,0.02414,-11.97779
2012-03-06,1.58755,0.203,1.58768,-0.00766,-0.00544,7.25332,0.02799,-11.97779
2012-03-07,1.57233,0.1966,1.59252,-1.27606,-0.90935,7.47009,0.02632,-11.97779
2012-03-08,1.57356,0.1543,1.58853,-0.94673,-0.67458,7.46899,0.02066,-11.97779
2012-03-09,1.58253,0.1483,1.58957,-0.44416,-0.31635,7.48734,0.01981,-11.97779
2012-03-12,1.5673,0.0952,1.5811,-0.87681,-0.62484,7.62979,0.01248,-11.97779
2012-03-13,1.56544,0.0827,1.58139,-1.01387,-0.72295,7.63416,0.01083,-11.97779
2012-03-14,1.5706,0.0652,1.57472,-0.26218,-0.18691,7.63749,0.00854,-11.97779
2012-03-15,1.56544,0.0907,1.57652,-0.70558,-0.50323,7.66913,0.01183,-11.97779
2012-03-16,1.57035,0.126,1.58819,-1.12945,-0.8065,7.68905,0.01639,-11.97779
2012-03-19,1.58371,0.0334,1.56941,0.90677,0.64739,7.59747,0.0044,-11.97779
2012-03-20,1.58881,0.018,1.56318,1.62674,1.16106,7.62184,0.00236,-11.97779
2012-03-21,1.58629,0.0561,1.57145,0.94021,0.67043,7.63002,0.00735,-11.97779
2012-03-22,1.58755,0.0464,1.56723,1.28817,0.91838,7.54885,0.00615,-11.97779
2012-03-23,1.58278,0.0507,1.5731,0.61322,0.43684,7.57377,0.00669,-11.97779
2012-03-26,1.58781,0.0904,1.58239,0.34135,0.24317,7.57727,0.01193,-11.97779
2012-03-27,1.59617,0.0795,1.57792,1.15002,0.81918,7.05386,0.01127,-11.97779
2012-03-28,1.59541,0.0462,1.56985,1.61465,1.14977,7.04082,0.00656,-11.97779
2012-03-29,1.58932,0.0606,1.56982,1.23483,0.87863,6.99825,0.00866,-11.97779
2012-03-30,1.59591,0.0172,1.56317,2.07283,1.47392,7.03844,0.00244,-11.97779
2012-04-02,1.60141,0.0407,1.57218,1.8419,1.30702,6.89874,0.0059,-10.27138
2012-04-03,1.60385,-0.0505,1.55546,3.06361,2.17033,6.88221,-0.00734,-10.27138
2012-04-04,1.59066,0.0435,1.56735,1.47642,1.04125,6.9451,0.00626,-10.27138
2012-04-05,1.59033,0.0502,1.57042,1.25964,0.88827,6.84833,0.00733,-10.27138
2012-04-06,1.58303,0.1702,1.59185,-0.55572,-0.39181,6.90982,0.02463,-10.27138
2012-04-09,1.58806,0.1602,1.58509,0.1869,0.13261,6.93137,0.02311,-10.27138
2012-04-10,1.59081,0.0949,1.56631,1.55248,1.10773,6.66659,0.01424,-10.27138
2012-04-11,1.58554,0.0907,1.56676,1.19125,0.85421,6.71205,0.01351,-10.27138
2012-04-12,1.59236,0.0958,1.57455,1.12476,0.80983,6.72037,0.01426,-10.27138
2012-04-13,1.59591,0.0936,1.57117,1.56247,1.12906,6.72512,0.01392,-10.27138
2012-04-16,1.58504,0.1071,1.56832,1.06051,0.77096,6.88926,0.01555,-10.27138
2012-04-17,1.58957,0.1327,1.57464,0.94387,0.69065,6.81797,0.01946,-10.27138
2012-04-18,1.59421,0.2096,1.58636,0.49346,0.36265,6.80323,0.03081,-10.27138
2012-04-19,1.60231,0.2574,1.59501,0.45632,0.3402,6.83523,0.03766,-10.27138
2012-04-20,1.60617,0.2705,1.59994,0.38868,0.29119,6.83799,0.03956,-10.27138
2012-04-23,1.61316,0.2537,1.59476,1.14719,0.86328,6.86227,0.03697,-10.27138
2012-04-24,1.61212,0.2135,1.58818,1.49625,1.12874,6.85755,0.03113,-10.27138
2012-04-25,1.61447,0.2157,1.59211,1.39468,1.05499,6.85813,0.03145,-10.27138
2012-04-26,1.61781,0.2048,1.59263,1.56848,1.18775,6.85132,0.02989,-10.27138
2012-04-27,1.61786,0.2448,1.59913,1.16451,0.88493,6.84562,0.03576,-10.27138
2012-04-30,1.62813,0.2683,1.60132,1.66045,1.26365,6.92287,0.03876,-10.27138
2012-05-01,1.62338,0.2301,1.59621,1.68769,1.29059,6.88969,0.0334,-8.81937
2012-05-02,1.62232,0.2017,1.58886,2.0843,1.59906,6.86753,0.02937,-8.81937
2012-05-03,1.6193,0.2021,1.58457,2.16813,1.66233,6.88226,0.02937,-8.81937
2012-05-04,1.6192,0.2157,1.57993,2.45525,1.87976,6.88269,0.03134,-8.81937
2012-05-07,1.61231,0.2057,1.57886,2.09589,1.60265,6.87708,0.02991,-8.81937
2012-05-08,1.61943,0.1847,1.57495,2.78495,2.13976,6.84145,0.027,-8.81937
2012-05-09,1.61473,0.1795,1.57414,2.54582,1.96096,6.87269,0.02612,-8.81937
2012-05-10,1.61381,0.2233,1.58177,2.00547,1.5485,6.85966,0.03255,-8.81937
2012-05-11,1.61368,0.2315,1.58124,2.03094,1.5729,6.81373,0.03398,-8.81937
2012-05-14,1.60772,0.1925,1.57247,2.21673,1.71641,6.84374,0.02813,-8.81937
2012-05-15,1.60979,0.1815,1.57229,2.35706,1.83092,6.84518,0.02652,-8.81937
2012-05-16,1.59872,0.1486,1.56672,2.0222,1.5728,6.84205,0.02172,-8.81937
2012-05-17,1.5921,0.133,1.55589,2.30099,1.79094,6.85392,0.0194,-8.81937
2012-05-18,1.57853,0.0905,1.54947,1.85815,1.45117,7.04881,0.01284,-8.81937
2012-05-21,1.58128,0.0956,1.55614,1.60265,1.25633,7.04112,0.01358,-8.81937
2012-05-22,1.58278,0.09,1.55479,1.78436,1.40546,6.87415,0.01309,-8.81937
2012-05-23,1.57609,0.0521,1.54573,1.9453,1.5404,6.86688,0.00759,-8.81937
2012-05-24,1.56838,0.0147,1.54381,1.57935,1.25422,6.69181,0.0022,-8.81937
2012-05-25,1.56593,0.0048,1.54335,1.45245,1.15455,6.66603,0.00072,-8.81937
2012-05-28,1.56814,0.0045,1.54389,1.55815,1.23923,6.56973,0.00068,-8.81937
2012-05-29,1.56691,0.044,1.54989,1.09167,0.8678,6.57025,0.0067,-8.81937
2012-05-30,1.56348,0.0179,1.5392,1.56498,1.24517,6.56173,0.00273,-8.81937
2012-05-31,1.5483,-0.0105,1.53363,0.9517,0.75796,6.65707,-0.00158,-8.81937
2012-06-01,1.53965,0.0389,1.53289,0.43957,0.35096,6.70957,0.0058,-9.67172
2012-06-04,1.53515,-0.0211,1.52664,0.55606,0.44392,6.46734,-0.00326,-9.67172
2012-06-05,1.53846,-0.0211,1.52777,0.69712,0.55642,6.48309,-0.00325,-9.67172
2012-06-06,1.53846,0.0245,1.53847,-0.00044,-0.00035,6.36651,0.00385,-9.67172
2012-06-07,1.54823,0.1015,1.5473,0.05999,0.04789,6.22713,0.0163,-9.67172
2012-06-08,1.55231,0.05,1.54064,0.75493,0.6028,6.24923,0.008,-9.67172
2012-06-11,1.55376,0.0764,1.53996,0.89198,0.71255,6.21435,0.01229,-9.67172
2012-06-12,1.54861,0.0746,1.53977,0.57259,0.45757,6.2149,0.012,-9.67172
2012-06-13,1.5569,0.1516,1.54789,0.58043,0.46434,6.27794,0.02415,-9.67172
2012-06-14,1.55207,0.1122,1.54502,0.45526,0.36422,6.05603,0.01853,-9.67172
2012-06-15,1.55545,0.0941,1.54442,0.712,0.56985,6.03478,0.01559,-9.67172
2012-06-18,1.57159,0.0679,1.5412,1.95242,1.56214,6.39364,0.01062,-9.67172
2012-06-19,1.56863,0.0758,1.54212,1.7046,1.3614,6.40004,0.01184,-9.67172
2012-06-20,1.57198,0.075,1.53848,2.15424,1.71979,6.3906,0.01174,-9.67172
2012-06-21,1.5706,0.0392,1.52645,2.85123,2.27295,6.35738,0.00617,-9.67172
2012-06-22,1.56006,0.0561,1.53419,1.67242,1.3314,6.39334,0.00877,-9.67172
2012-06-25,1.55836,0.0541,1.53259,1.66764,1.3289,6.39496,0.00846,-9.67172
2012-06-26,1.55666,0.0275,1.5339,1.47328,1.17307,6.35832,0.00433,-9.67172
2012-06-27,1.56372,0.0494,1.53782,1.67017,1.32902,6.36974,0.00776,-9.67172
2012-06-28,1.55715,0.0534,1.535,1.43224,1.13774,6.36993,0.00838,-9.67172
2012-06-29,1.55183,0.0934,1.55246,-0.04032,-0.03199,6.38456,0.01463,-9.67172
2012-07-02,1.56821,0.1141,1.5544,0.88432,0.70172,6.56065,0.01739,-8.2677
2012-07-03,1.56912,0.1536,1.56421,0.31347,0.24862,6.56263,0.02341,-8.2677
2012-07-04,1.56912,0.1355,1.56217,0.44398,0.35227,6.50182,0.02084,-8.2677
2012-07-05,1.55841,0.0622,1.55309,0.34216,0.27154,6.60248,0.00942,-8.2677
2012-07-06,1.55304,0.05,1.54842,0.29793,0.23661,6.61907,0.00755,-8.2677
2012-07-09,1.54799,0.0504,1.5508,-0.18127,-0.14402,6.61794,0.00762,-8.2677
2012-07-10,1.55304,0.0579,1.54735,0.36651,0.29129,6.59146,0.00878,-8.2677
2012-07-11,1.55183,0.0258,1.54797,0.24943,0.19843,6.57013,0.00393,-8.2677
2012-07-12,1.55111,0.0199,1.54824,0.18517,0.14733,6.44038,0.00309,-8.2677
2012-07-13,1.54273,0.0311,1.55308,-0.66844,-0.53248,6.48561,0.0048,-8.2677
2012-07-16,1.55836,0.0273,1.5538,0.29283,0.2333,6.78896,0.00402,-8.2677
2012-07-17,1.5625,-0.0107,1.55093,0.74338,0.59226,6.72742,-0.00159,-8.2677
2012-07-18,1.56642,-0.0329,1.55063,1.01314,0.80701,6.72908,-0.00489,-8.2677
2012-07-19,1.5647,-0.025,1.55628,0.53983,0.4298,6.66082,-0.00375,-8.2677
2012-07-20,1.57183,-0.035,1.55295,1.20849,0.96217,6.73627,-0.0052,-8.2677
2012-07-23,1.56079,-0.0307,1.54604,0.94986,0.75582,6.85468,-0.00448,-8.2677
2012-07-24,1.55183,-0.0376,1.54382,0.51733,0.41193,6.91227,-0.00544,-8.2677
2012-07-25,1.55015,-0.0414,1.54587,0.2761,0.21997,6.91133,-0.00599,-8.2677
2012-07-26,1.54871,-0.0256,1.55068,-0.1274,-0.10158,6.76304,-0.00379,-8.2677
2012-07-27,1.56863,-0.0417,1.55148,1.09895,0.87657,7.27216,-0.00573,-8.2677
2012-07-30,1.57282,0.0031,1.55473,1.15701,0.92263,7.30047,0.00042,-8.2677
2012-07-31,1.57134,-0.0477,1.54636,1.60236,1.27845,7.29576,-0.00654,-8.2677
2012-08-01,1.56678,-0.0498,1.54786,1.21546,0.96882,7.3113,-0.00681,-7.99486
2012-08-02,1.55448,-0.088,1.54525,0.59608,0.47483,7.42146,-0.01186,-7.99486
2012-08-03,1.55159,-0.0541,1.55575,-0.26751,-0.21308,7.35576,-0.00735,-7.99486
2012-08-06,1.56541,-0.0721,1.55422,0.71714,0.5712,7.5842,-0.00951,-7.99486
2012-08-07,1.5588,-0.0672,1.55832,0.03062,0.02438,7.62102,-0.00882,-7.99486
2012-08-08,1.56162,-0.0859,1.5573,0.27722,0.22075,7.63513,-0.01125,-7.99486
2012-08-09,1.56703,-0.065,1.56119,0.37325,0.29721,7.64808,-0.0085,-7.99486
2012-08-10,1.56311,-0.0991,1.55789,0.3344,0.26632,7.65154,-0.01295,-7.99486
2012-08-13,1.56691,-0.0841,1.56189,0.32087,0.25561,7.55969,-0.01112,-7.99486
2012-08-14,1.56789,-0.0921,1.56011,0.49774,0.39648,7.52162,-0.01224,-7.99486
2012-08-15,1.56764,-0.0764,1.56523,0.15435,0.12303,7.32923,-0.01042,-7.99486
2012-08-16,1.56814,-0.0951,1.56454,0.22933,0.18289,7.32017,-0.01299,-7.99486
2012-08-17,1.57356,-0.0937,1.56164,0.76065,0.60659,7.35232,-0.01274,-7.99486
2012-08-20,1.56887,-0.0868,1.56172,0.45678,0.36417,7.32796,-0.01185,-7.99486
2012-08-21,1.57109,-0.0297,1.56792,0.20187,0.16094,7.26731,-0.00409,-7.99486
2012-08-22,1.57791,0.0066,1.57215,0.3657,0.29154,7.31029,0.0009,-7.99486
2012-08-23,1.58836,-0.0294,1.56729,1.3357,1.06532,7.42041,-0.00396,-7.99486
2012-08-24,1.58579,-0.0869,1.56035,1.61741,1.28869,7.4268,-0.0117,-7.99486
2012-08-27,1.5803,-0.0669,1.55945,1.32825,1.0571,7.44778,-0.00898,-7.99486
2012-08-28,1.57928,-0.0941,1.55703,1.41898,1.12828,7.17211,-0.01312,-7.99486
2012-08-29,1.5826,-0.0713,1.55895,1.50574,1.19771,7.07861,-0.01007,-7.99486
2012-08-30,1.58278,-0.0917,1.55629,1.68766,1.34185,7.04605,-0.01301,-7.99486
2012-08-31,1.57903,-0.0147,1.56781,0.71305,0.56661,7.06062,-0.00208,-7.99486
2012-09-03,1.5873,-0.0097,1.56845,1.19493,0.9497,7.12521,-0.00136,-7.7127
2012-09-04,1.58806,-0.0606,1.56208,1.64956,1.30984,7.02597,-0.00863,-7.7127
2012-09-05,1.58655,-0.0472,1.56247,1.52924,1.2128,7.01628,-0.00673,-7.7127
2012-09-06,1.59058,-0.054,1.56521,1.60835,1.27372,7.02911,-0.00768,-7.7127
2012-09-07,1.59337,-0.0402,1.56968,1.49774,1.18453,6.99395,-0.00575,-7.7127
2012-09-10,1.60082,-0.0126,1.57097,1.88223,1.48668,6.97598,-0.00181,-7.7127
2012-09-11,1.59921,-0.0176,1.57136,1.75646,1.38454,6.94511,-0.00253,-7.7127
2012-09-12,1.6072,0.0508,1.58028,1.68938,1.32964,6.99565,0.00726,-7.7127
2012-09-13,1.61082,0.0833,1.5877,1.44607,1.13672,6.71684,0.0124,-7.7127
2012-09-14,1.61551,0.1414,1.5932,1.39054,1.09167,6.71917,0.02104,-7.7127
2012-09-17,1.62259,0.1086,1.58984,2.03877,1.59975,6.75651,0.01607,-7.7127
2012-09-18,1.6247,0.0975,1.58241,2.63697,2.06768,6.75244,0.01444,-7.7127
2012-09-19,1.62443,0.068,1.57429,3.13557,2.44958,6.59092,0.01032,-7.7127
2012-09-20,1.62311,0.04,1.57436,3.04991,2.36929,6.58817,0.00607,-7.7127
2012-09-21,1.62219,0.0944,1.58249,2.47793,1.9147,6.5834,0.01434,-7.7127
2012-09-24,1.62311,0.073,1.57784,2.82896,2.17962,6.53625,0.01117,-7.7127
2012-09-25,1.62259,0.0955,1.57933,2.70182,2.07191,6.46596,0.01477,-7.7127
2012-09-26,1.61943,0.0218,1.56954,3.12925,2.38952,6.43485,0.00339,-7.7127
2012-09-27,1.61786,0.0329,1.57691,2.56359,1.94661,6.12468,0.00537,-7.7127
2012-09-28,1.6233,0.0363,1.57669,2.91342,2.20473,6.15133,0.0059,-7.7127
2012-10-01,1.61249,0.0653,1.5786,2.12407,1.59985,6.31802,0.01034,-7.93827
2012-10-02,1.6129,0.0508,1.57735,2.2288,1.67457,6.14254,0.00827,-7.93827
2012-10-03,1.61316,0.0207,1.5699,2.71851,2.03902,6.08919,0.0034,-7.93827
2012-10-04,1.61005,0.0087,1.57728,2.05645,1.53751,6.06081,0.00144,-7.93827
2012-10-05,1.61865,0.0253,1.57867,2.50053,1.86578,6.11132,0.00414,-7.93827
2012-10-08,1.61389,-0.0151,1.57348,2.53571,1.88624,6.1472,-0.00246,-7.93827
2012-10-09,1.60341,-0.0108,1.5763,1.70547,1.26734,6.30768,-0.00171,-7.93827
2012-10-10,1.59969,0.0546,1.58256,1.07661,0.80006,6.21901,0.00878,-7.93827
2012-10-11,1.60077,0.0521,1.58568,0.94716,0.70484,5.91177,0.00881,-7.93827
2012-10-12,1.6046,0.0042,1.57878,1.62199,1.20643,5.90795,0.00071,-7.93827
2012-10-15,1.60591,0.0256,1.58418,1.36255,1.01241,5.89342,0.00434,-7.93827
2012-10-16,1.6081,0.0619,1.58671,1.33927,0.99555,5.88867,0.01051,-7.93827
2012-10-17,1.61301,0.0694,1.58784,1.57233,1.17102,5.85354,0.01186,-7.93827
2012-10-18,1.61371,0.0582,1.58714,1.66053,1.2378,5.65391,0.01029,-7.93827
2012-10-19,1.6057,0.0536,1.57569,1.88656,1.40562,5.62053,0.00954,-7.93827
2012-10-22,1.5998,0.0509,1.57509,1.55635,1.1576,5.67494,0.00897,-7.93827
2012-10-23,1.60228,0.0099,1.56648,2.2596,1.68127,5.67123,0.00175,-7.93827
2012-10-24,1.5949,0.0413,1.56943,1.60953,1.19541,5.19224,0.00795,-7.93827
2012-10-25,1.60316,0.0315,1.57011,2.08288,1.54669,5.26272,0.00599,-7.93827
2012-10-26,1.61181,0.0494,1.57407,2.36953,1.75591,5.35322,0.00923,-7.93827
2012-10-29,1.60953,0.0128,1.57112,2.41524,1.78457,5.32409,0.0024,-7.93827
2012-10-30,1.60308,0.0452,1.57409,1.82506,1.3444,5.13157,0.00881,-7.93827
2012-10-31,1.60746,0.0894,1.57543,2.01257,1.48056,5.1282,0.01743,-7.93827
2012-11-01,1.61342,0.0956,1.57782,2.23165,1.63835,4.88655,0.01956,-7.51086
2012-11-02,1.61342,0.0799,1.57102,2.66323,1.95046,4.79305,0.01667,-7.51086
2012-11-05,1.6021,0.0623,1.5722,1.884,1.3751,5.01983,0.01241,-7.51086
2012-11-06,1.59847,0.003,1.57413,1.534,1.11878,5.00907,0.0006,-7.51086
2012-11-07,1.59923,0.0322,1.56752,2.00264,1.45927,4.97624,0.00647,-7.51086
2012-11-08,1.59821,0.065,1.57196,1.65611,1.2043,4.96233,0.0131,-7.51086
2012-11-09,1.59775,0.0503,1.57429,1.47949,1.07432,4.96336,0.01013,-7.51086
2012-11-12,1.58942,0.0441,1.57605,0.84495,0.61299,5.08441,0.00867,-7.51086
2012-11-13,1.58781,0.0717,1.57703,0.68066,0.49382,5.09036,0.01409,-7.51086
2012-11-14,1.58781,0.1026,1.58008,0.48791,0.35391,5.0472,0.02033,-7.51086
2012-11-15,1.58411,0.108,1.58271,0.0882,0.06402,5.0324,0.02146,-7.51086
2012-11-16,1.58655,0.1117,1.58529,0.07912,0.05745,5.03374,0.02219,-7.51086
2012-11-19,1.59056,0.1398,1.5893,0.07938,0.05767,4.98563,0.02804,-7.51086
2012-11-20,1.58942,0.1634,1.5899,-0.03038,-0.02208,4.81111,0.03396,-7.51086
2012-11-21,1.59261,0.1529,1.59045,0.1355,0.09857,4.81581,0.03175,-7.51086
2012-11-22,1.59693,0.1512,1.59042,0.4086,0.29767,4.78993,0.03157,-7.51086
2012-11-23,1.59413,0.1449,1.59119,0.18462,0.13479,4.80268,0.03017,-7.51086
2012-11-26,1.6028,0.1691,1.59203,0.67398,0.49319,4.90228,0.03449,-7.51086
2012-11-27,1.60333,0.2043,1.59281,0.65856,0.48276,4.90232,0.04167,-7.51086
2012-11-28,1.60231,0.1485,1.58838,0.87269,0.64105,4.87751,0.03045,-7.51086
2012-11-29,1.60154,0.1641,1.59263,0.55751,0.40982,4.77251,0.03438,-7.51086
2012-11-30,1.60411,0.1982,1.59504,0.56711,0.41898,4.78103,0.04146,-7.51086
2012-12-03,1.60231,0.22,1.59521,0.44369,0.32809,4.78276,0.046,-7.29284
2012-12-05,1.6101,0.1763,1.58876,1.33405,0.98825,4.85137,0.03634,-7.29284
2012-12-06,1.60932,0.1447,1.58334,1.62769,1.20526,4.84278,0.02988,-7.29284
2012-12-07,1.60501,0.1193,1.58266,1.40215,1.03873,4.78758,0.02492,-7.29284
2012-12-10,1.60357,0.1565,1.58626,1.085,0.80347,4.78665,0.0327,-7.29284
2012-12-11,1.60741,0.1633,1.589,1.15192,0.85402,4.70521,0.03471,-7.29284
2012-12-12,1.61186,0.1602,1.59039,1.34107,0.99802,4.71636,0.03397,-7.29284
2012-12-13,1.61368,0.154,1.58682,1.67878,1.25362,4.68536,0.03287,-7.29284
2012-12-14,1.6116,0.1754,1.58981,1.3613,1.01979,4.60593,0.03808,-7.29284
2012-12-17,1.6176,0.1554,1.58962,1.74465,1.31384,4.66089,0.03334,-7.29284
2012-12-18,1.62048,0.1763,1.59349,1.67977,1.26739,4.6755,0.03771,-7.29284
2012-12-19,1.62496,0.2002,1.59362,1.94722,1.47053,4.70593,0.04254,-7.29284
2012-12-20,1.62522,0.1888,1.59194,2.06893,1.56238,4.7045,0.04013,-7.29284
2012-12-21,1.62734,0.1626,1.58792,2.45197,1.85098,4.71019,0.03452,-7.29284
2012-12-24,1.61569,0.15,1.58671,1.80978,1.36254,4.92662,0.03045,-7.29284
2012-12-25,1.61316,0.15,1.58683,1.64564,1.23689,4.92132,0.03048,-7.29284
2012-12-26,1.61368,0.16,1.58706,1.66385,1.24956,4.91841,0.03253,-7.29284
2012-12-27,1.61264,0.122,1.58324,1.84039,1.38021,4.871,0.02505,-7.29284
2012-12-28,1.6116,0.1375,1.57879,2.05737,1.54016,4.68579,0.02934,-7.29284
2012-12-31,1.61629,0.1438,1.58878,1.71703,1.28484,4.72168,0.03046,-7.29284
2013-01-01,1.62364,0.1438,1.58889,2.16352,1.61897,4.8068,0.02992,-8.90424
2013-01-02,1.6247,0.2337,1.60728,1.07747,0.80549,4.79005,0.04879,-8.90424
2013-01-03,1.62525,0.2546,1.60971,0.96055,0.7199,4.67311,0.05448,-8.90424
2013-01-04,1.60823,0.2978,1.61577,-0.46732,-0.35059,5.09817,0.05841,-8.90424
2013-01-07,1.60679,0.2616,1.61239,-0.3484,-0.26148,4.92993,0.05306,-8.90424
2013-01-08,1.6122,0.2296,1.61011,0.12983,0.09743,4.95062,0.04638,-8.90424
2013-01-09,1.60617,0.2443,1.61094,-0.29693,-0.22286,5.00934,0.04877,-8.90424
2013-01-10,1.60154,0.2594,1.61366,-0.75388,-0.56589,5.0205,0.05167,-8.90424
2013-01-11,1.61629,0.2771,1.61459,0.10507,0.07885,5.34528,0.05184,-8.90424
2013-01-14,1.6127,0.2331,1.61092,0.11006,0.08263,5.35906,0.0435,-8.90424
2013-01-15,1.60772,0.2441,1.61059,-0.17872,-0.13419,5.36,0.04554,-8.90424
2013-01-16,1.60746,0.227,1.60956,-0.13058,-0.09805,5.35912,0.04236,-8.90424
2013-01-17,1.60026,0.2221,1.60873,-0.52796,-0.39665,5.34196,0.04158,-8.90424
2013-01-18,1.5977,0.2255,1.61282,-0.94194,-0.70795,5.30043,0.04254,-8.90424
2013-01-21,1.58554,0.265,1.61676,-1.94977,-1.46469,5.50442,0.04814,-8.90424
2013-01-22,1.58378,0.2551,1.61711,-2.08235,-1.56106,5.43331,0.04695,-8.90424
2013-01-23,1.58391,0.2167,1.61305,-1.8232,-1.36351,5.32675,0.04068,-8.90424
2013-01-24,1.58328,0.2187,1.61254,-1.83146,-1.36758,5.20484,0.04202,-8.90424
2013-01-25,1.57828,0.1594,1.60561,-1.71635,-1.27933,5.2319,0.03047,-8.90424
2013-01-28,1.57751,0.1735,1.60498,-1.72656,-1.28486,5.17767,0.03351,-8.90424
2013-01-29,1.56986,0.1394,1.60291,-2.0837,-1.54822,5.22226,0.02669,-8.90424
2013-01-30,1.5748,0.1936,1.60585,-1.95217,-1.44717,5.20567,0.03719,-8.90424
2013-01-31,1.57978,0.1687,1.60392,-1.51652,-1.12237,5.25316,0.03211,-8.90424
2013-02-01,1.58702,0.1558,1.60748,-1.28052,-0.94652,5.16334,0.03017,-11.33681
2013-02-04,1.5705,0.178,1.60363,-2.08765,-1.54181,5.54616,0.03209,-11.33681
2013-02-05,1.57555,0.1682,1.6058,-1.90207,-1.4021,5.58806,0.0301,-11.33681
2013-02-06,1.56666,0.1874,1.6086,-2.64204,-1.9438,5.69185,0.03292,-11.33681
2013-02-07,1.56642,0.2001,1.6098,-2.73176,-2.00265,5.69194,0.03515,-11.33681
2013-02-08,1.57102,0.1811,1.61038,-2.47486,-1.80715,5.63942,0.03211,-11.33681
2013-02-11,1.58023,0.1691,1.6085,-1.77318,-1.29077,5.76391,0.02934,-11.33681
2013-02-12,1.56568,0.1454,1.60724,-2.61984,-1.90402,6.04874,0.02404,-11.33681
2013-02-13,1.56764,0.1799,1.60954,-2.63726,-1.91046,6.04043,0.02978,-11.33681
2013-02-14,1.5533,0.2031,1.61238,-3.73285,-2.69494,6.29328,0.03227,-11.33681
2013-02-15,1.54866,0.204,1.61257,-4.04381,-2.89961,6.28807,0.03244,-11.33681
2013-02-18,1.54801,0.196,1.61126,-4.00469,-2.8479,6.28779,0.03117,-11.33681
2013-02-19,1.54775,0.1619,1.60692,-3.75176,-2.64913,6.26873,0.02583,-11.33681
2013-02-20,1.54273,0.1671,1.59967,-3.6241,-2.54138,6.25969,0.02669,-11.33681
2013-02-21,1.523,0.1131,1.59121,-4.3815,-3.05337,6.7247,0.01682,-11.33681
2013-02-22,1.52625,0.1445,1.59676,-4.5163,-3.11922,6.63422,0.02178,-11.33681
2013-02-25,1.50973,0.1895,1.59207,-5.31067,-3.63502,6.93061,0.02734,-11.33681
2013-02-26,1.51642,0.1015,1.58544,-4.45146,-3.00818,7.01329,0.01447,-11.33681
2013-02-27,1.513,0.0969,1.58821,-4.85155,-3.2494,7.01823,0.01381,-11.33681
2013-02-28,1.51676,0.1221,1.5884,-4.61475,-3.05894,7.03322,0.01736,-11.33681
2013-03-01,1.51653,0.078,1.58324,-4.30515,-2.82776,7.03459,0.01109,-12.08228
2013-03-04,1.5036,0.0895,1.58655,-5.36981,-3.50067,7.10214,0.0126,-12.08228
2013-03-05,1.51286,0.1186,1.59146,-5.06488,-3.26281,7.24699,0.01637,-12.08228
2013-03-06,1.51378,0.0559,1.58421,-4.54817,-2.90121,7.24543,0.00772,-12.08228
2013-03-07,1.49968,0.0624,1.58551,-5.56551,-3.52219,7.43888,0.00839,-12.08228
2013-03-08,1.50263,0.0367,1.58308,-5.21579,-3.262,7.43133,0.00494,-12.08228
2013-03-11,1.491,-0.0044,1.57995,-5.79431,-3.58646,7.50852,-0.00059,-12.08228
2013-03-12,1.49054,-0.023,1.57518,-5.52354,-3.3765,7.49558,-0.00307,-12.08228
2013-03-13,1.49054,-0.0275,1.57369,-5.42853,-3.28156,7.4998,-0.00367,-12.08228
2013-03-14,1.49254,-0.0166,1.57588,-5.43378,-3.25055,7.45099,-0.00223,-12.08228
2013-03-15,1.509,0.0019,1.57678,-4.39372,-2.60202,7.82174,0.00024,-12.08228
2013-03-18,1.51076,-0.0049,1.572,-3.97387,-2.33777,7.79595,-0.00063,-12.08228
2013-03-19,1.50989,-0.0242,1.56606,-3.65278,-2.13742,7.79227,-0.00311,-12.08228
2013-03-20,1.50966,-0.0363,1.56832,-3.81224,-2.22114,7.77897,-0.00467,-12.08228
2013-03-21,1.50966,-0.0291,1.5653,-3.61896,-2.09836,7.68619,-0.00379,-12.08228
2013-03-22,1.51821,-0.021,1.56647,-3.12928,-1.80709,7.80206,-0.00269,-12.08228
2013-03-25,1.5246,-0.0439,1.56416,-2.56179,-1.47543,7.86628,-0.00558,-12.08228
2013-03-26,1.51791,-0.0559,1.56526,-3.07177,-1.7678,7.89703,-0.00708,-12.08228
2013-03-27,1.5163,-0.0598,1.56437,-3.12072,-1.79278,7.89679,-0.00757,-12.08228
2013-03-28,1.51291,-0.0433,1.5666,-3.48768,-1.99928,7.86121,-0.00551,-12.08228
2013-03-29,1.51976,-0.0433,1.5662,-3.01002,-1.71949,7.86071,-0.00551,-12.08228
2013-04-01,1.5196,-0.0333,1.56701,-3.07256,-1.75247,7.85552,-0.00424,-10.64739
2013-04-02,1.5223,-0.0474,1.56575,-2.81406,-1.60217,7.87121,-0.00602,-10.64739
2013-04-03,1.5108,-0.0116,1.56366,-3.43905,-1.95636,7.74813,-0.0015,-10.64739
2013-04-04,1.514,0.0198,1.56594,-3.3726,-1.91674,7.77305,0.00255,-10.64739
2013-04-05,1.52263,-0.0255,1.55855,-2.33183,-1.32269,7.8387,-0.00325,-10.64739
2013-04-08,1.53492,-0.0031,1.5616,-1.72346,-0.97803,8.0176,-0.00039,-10.64739
2013-04-09,1.52625,0.0336,1.56698,-2.6335,-1.49502,8.06717,0.00417,-10.64739
2013-04-10,1.53233,0.0289,1.56599,-2.17283,-1.2315,7.87169,0.00367,-10.64739
2013-04-11,1.53257,0.0192,1.56289,-1.95903,-1.1098,7.86911,0.00244,-10.64739
2013-04-12,1.53917,0.0222,1.5614,-1.43372,-0.81161,7.92066,0.0028,-10.64739
2013-04-15,1.53539,0.0236,1.55458,-1.24184,-0.70323,7.92774,0.00298,-10.64739
2013-04-16,1.52973,0.0214,1.55583,-1.69165,-0.95784,7.91395,0.0027,-10.64739
2013-04-17,1.5361,-0.0102,1.55125,-0.98152,-0.55527,7.97128,-0.00128,-10.64739
2013-04-18,1.52439,-0.0176,1.54825,-1.55277,-0.8783,7.97169,-0.00221,-10.64739
2013-04-19,1.52835,-0.0115,1.55038,-1.43087,-0.809,7.99692,-0.00144,-10.64739
2013-04-22,1.52253,-0.0091,1.55162,-1.89211,-1.06912,8.02202,-0.00113,-10.64739
2013-04-23,1.52999,0.0182,1.55405,-1.56028,-0.8808,8.09736,0.00225,-10.64739
2013-04-24,1.523,0.0208,1.55588,-2.13586,-1.20524,8.12093,0.00256,-10.64739
2013-04-25,1.52798,0.041,1.55978,-2.05997,-1.16075,8.15699,0.00503,-10.64739
2013-04-26,1.54369,0.0434,1.55932,-1.00756,-0.56704,8.38463,0.00518,-10.64739
2013-04-29,1.54919,0.02,1.55794,-0.56313,-0.31686,8.39185,0.00238,-10.64739
2013-04-30,1.54943,0.0328,1.55688,-0.47992,-0.27015,8.36363,0.00392,-10.64739
2013-05-01,1.55376,0.0559,1.5548,-0.06664,-0.03756,8.32884,0.00671,-10.12878
2013-05-02,1.5572,0.018,1.556,0.07678,0.04331,8.08441,0.00223,-10.12878
2013-05-03,1.55371,0.0404,1.56003,-0.40573,-0.22904,8.06623,0.00501,-10.12878
2013-05-06,1.55788,0.0304,1.56098,-0.1992,-0.11248,8.01,0.0038,-10.12878
2013-05-07,1.55376,0.0739,1.56299,-0.59232,-0.33456,8.0263,0.00921,-10.12878
2013-05-08,1.54799,0.0506,1.56075,-0.82106,-0.4641,8.03346,0.0063,-10.12878
2013-05-09,1.55429,0.0638,1.56184,-0.48431,-0.27373,7.98643,0.00799,-10.12878
2013-05-10,1.54459,0.0769,1.56196,-1.1182,-0.63214,7.87127,0.00977,-10.12878
2013-05-13,1.53419,0.0553,1.55829,-1.55859,-0.88114,7.97293,0.00694,-10.12878
2013-05-14,1.5309,0.0488,1.55713,-1.69877,-0.96008,7.77723,0.00627,-10.12878
2013-05-15,1.52272,0.0871,1.56157,-2.51942,-1.4226,7.82563,0.01113,-10.12878
2013-05-16,1.524,0.0848,1.56116,-2.40965,-1.35877,7.82868,0.01083,-10.12878
2013-05-17,1.5277,0.0501,1.55786,-1.95491,-1.10086,7.84693,0.00638,-10.12878
2013-05-20,1.51812,0.0633,1.55867,-2.63631,-1.48296,7.91815,0.00799,-10.12878
2013-05-21,1.52623,0.0848,1.56031,-2.20843,-1.23964,7.56811,0.0112,-10.12878
2013-05-22,1.516,-0.0189,1.55025,-2.23379,-1.25219,7.67476,-0.00246,-10.12878
2013-05-23,1.50351,0.0003,1.55117,-3.12058,-1.74717,7.54239,4e-05,-10.12878
2013-05-24,1.5095,0.004,1.55136,-2.73501,-1.52731,7.53224,0.00053,-10.12878
2013-05-27,1.51311,0.004,1.55099,-2.47284,-1.3779,7.53477,0.00053,-10.12878
2013-05-28,1.51089,-0.0638,1.54878,-2.47678,-1.37755,7.52328,-0.00848,-10.12878
2013-05-29,1.50261,-0.0263,1.54822,-2.99011,-1.65993,7.60151,-0.00346,-10.12878
2013-05-30,1.51313,-0.0448,1.54597,-2.14691,-1.18862,7.53747,-0.00594,-10.12878
2013-05-31,1.5229,-0.0476,1.54297,-1.30918,-0.7238,7.5474,-0.00631,-10.12878
2013-06-03,1.52091,-0.0373,1.54659,-1.67417,-0.9252,7.55195,-0.00494,-9.57134
2013-06-04,1.53214,-0.0172,1.55,-1.15897,-0.64,7.44261,-0.00231,-9.57134
2013-06-05,1.53039,-0.0117,1.55045,-1.30241,-0.71907,7.44102,-0.00157,-9.57134
2013-06-06,1.54033,0.0197,1.55329,-0.83771,-0.46234,7.35899,0.00268,-9.57134
2013-06-07,1.56026,-0.0265,1.55095,0.59831,0.33018,7.7588,-0.00342,-9.57134
2013-06-10,1.55311,-0.0007,1.55189,0.07868,0.04341,7.83029,-9e-05,-9.57134
2013-06-11,1.55311,0.0925,1.55752,-0.28391,-0.15668,7.83009,0.01181,-9.57134
2013-06-12,1.55311,0.0251,1.55419,-0.06941,-0.03831,7.54348,0.00333,-9.57134
2013-06-13,1.56814,0.0345,1.55534,0.81909,0.45221,7.76251,0.00444,-9.57134
2013-06-14,1.57139,0.0518,1.557,0.91972,0.508,7.7644,0.00667,-9.57134
2013-06-17,1.5723,0.0431,1.55629,1.02347,0.56518,7.76277,0.00555,-9.57134
2013-06-18,1.57178,0.087,1.56265,0.58251,0.32158,7.76417,0.01121,-9.57134
2013-06-19,1.5637,-0.0884,1.54992,0.88474,0.48838,7.78167,-0.01136,-9.57134
2013-06-20,1.54825,0.0392,1.55358,-0.34352,-0.18958,8.01576,0.00489,-9.57134
2013-06-21,1.55171,-0.0161,1.54668,0.32451,0.17908,7.96927,-0.00202,-9.57134
2013-06-24,1.53891,0.0928,1.55558,-1.07737,-0.59455,8.15005,0.01139,-9.57134
2013-06-25,1.54474,0.0114,1.54927,-0.29285,-0.16165,8.16461,0.0014,-9.57134
2013-06-26,1.54169,-0.0571,1.54469,-0.19463,-0.10753,8.13245,-0.00702,-9.57134
2013-06-27,1.53259,-0.0021,1.55062,-1.16937,-0.64635,8.22468,-0.00026,-9.57134
2013-06-28,1.52583,-0.043,1.5465,-1.34534,-0.74495,8.26764,-0.0052,-9.57134
2013-07-01,1.52047,-0.0334,1.54839,-1.81963,-1.00829,8.15458,-0.0041,-10.45033
2013-07-02,1.52165,-0.0513,1.54886,-1.77248,-0.98235,8.14551,-0.0063,-10.45033
2013-07-03,1.51529,-0.0665,1.55073,-2.31196,-1.28227,8.10888,-0.0082,-10.45033
2013-07-04,1.52744,-0.0988,1.54829,-1.35585,-0.75129,8.10668,-0.01219,-10.45033
2013-07-05,1.5039,-0.2041,1.54363,-2.60756,-1.44557,8.60806,-0.02371,-10.45033
2013-07-08,1.48794,-0.1344,1.54774,-3.94035,-2.18568,8.81264,-0.01525,-10.45033
2013-07-09,1.49537,-0.1898,1.54366,-3.17795,-1.75655,8.87912,-0.02138,-10.45033
2013-07-10,1.48615,-0.2325,1.54105,-3.62727,-2.0054,8.90165,-0.02612,-10.45033
2013-07-11,1.518,-0.1155,1.5481,-1.9633,-1.0821,9.89866,-0.01167,-10.45033
2013-07-12,1.51787,-0.1937,1.54381,-1.69515,-0.9347,9.87289,-0.01962,-10.45033
2013-07-15,1.51037,-0.1444,1.54783,-2.44977,-1.35031,9.88048,-0.01461,-10.45033
2013-07-16,1.51,-0.199,1.54397,-2.22456,-1.22474,9.76591,-0.02038,-10.45033
2013-07-17,1.51384,-0.1526,1.54721,-2.17989,-1.19945,9.76529,-0.01563,-10.45033
2013-07-18,1.52098,-0.2107,1.54255,-1.40777,-0.77438,9.78403,-0.02154,-10.45033
2013-07-19,1.52221,-0.1239,1.54704,-1.61818,-0.89134,9.73488,-0.01273,-10.45033
2013-07-22,1.52849,-0.1457,1.54552,-1.10802,-0.61277,9.72694,-0.01498,-10.45033
2013-07-23,1.53652,-0.1139,1.5487,-0.78943,-0.43783,9.7614,-0.01167,-10.45033
2013-07-24,1.53749,-0.1158,1.54658,-0.58937,-0.32792,9.54245,-0.01214,-10.45033
2013-07-25,1.53085,-0.1056,1.54836,-1.13719,-0.63469,9.55113,-0.01106,-10.45033
2013-07-26,1.53818,-0.1527,1.54399,-0.37725,-0.21123,9.60239,-0.0159,-10.45033
2013-07-29,1.53924,-0.1591,1.54408,-0.3138,-0.17601,9.58571,-0.0166,-10.45033
2013-07-30,1.53417,-0.1903,1.54088,-0.437,-0.24525,9.594,-0.01984,-10.45033
2013-07-31,1.5242,-0.1607,1.5447,-1.33558,-0.75042,9.66808,-0.01662,-10.45033
2013-08-01,1.5175,-0.2328,1.54259,-1.64019,-0.92222,9.68316,-0.02404,-8.99221
2013-08-02,1.51204,-0.0658,1.55428,-2.75559,-1.5485,9.69404,-0.00679,-8.99221
2013-08-05,1.52872,-0.0483,1.55499,-1.70376,-0.95531,9.93407,-0.00486,-8.99221
2013-08-06,1.53539,-0.0285,1.55536,-1.29246,-0.72417,9.93924,-0.00287,-8.99221
2013-08-07,1.5345,-0.0117,1.55527,-1.34471,-0.75345,9.86298,-0.00119,-8.99221
2013-08-08,1.54969,0.0007,1.55483,-0.33093,-0.18535,9.96651,7e-05,-8.99221
2013-08-09,1.55359,-0.0092,1.55667,-0.19775,-0.11076,9.96627,-0.00092,-8.99221
2013-08-12,1.5514,-0.0319,1.55629,-0.31491,-0.17639,9.90734,-0.00322,-8.99221
2013-08-13,1.54581,-0.0118,1.5593,-0.86864,-0.48655,9.93732,-0.00119,-8.99221
2013-08-14,1.54507,0.0192,1.56214,-1.09884,-0.61537,9.92815,0.00193,-8.99221
2013-08-15,1.55161,0.0183,1.56345,-0.75989,-0.4254,9.87227,0.00185,-8.99221
2013-08-16,1.56421,-0.0276,1.56003,0.26753,0.14978,9.94398,-0.00278,-8.99221
2013-08-19,1.5625,-0.0154,1.56092,0.10147,0.05685,9.84354,-0.00156,-8.99221
2013-08-20,1.5649,-0.0276,1.55821,0.42838,0.24006,9.6832,-0.00285,-8.99221
2013-08-21,1.56639,-0.0588,1.55519,0.71748,0.40225,9.65964,-0.00609,-8.99221
2013-08-22,1.56167,-0.1228,1.55039,0.72475,0.40671,9.67917,-0.01269,-8.99221
2013-08-23,1.55972,-0.058,1.55733,0.15328,0.08605,9.67747,-0.00599,-8.99221
2013-08-26,1.55809,-0.008,1.56056,-0.15822,-0.08901,9.60587,-0.00083,-8.99221
2013-08-27,1.55848,-0.0404,1.56416,-0.36377,-0.2053,9.51735,-0.00424,-8.99221
2013-08-28,1.5548,-0.0671,1.56544,-0.68224,-0.38578,9.45564,-0.0071,-8.99221
2013-08-29,1.55275,-0.0769,1.56199,-0.59335,-0.33626,9.45572,-0.00813,-8.99221
2013-08-30,1.55065,-0.0904,1.55883,-0.52592,-0.29826,9.35244,-0.00967,-8.99221
2013-09-02,1.5519,-0.0327,1.56343,-0.74008,-0.42033,9.34924,-0.0035,-6.91428
2013-09-03,1.5547,-0.0446,1.56485,-0.65041,-0.36968,9.26844,-0.00481,-6.91428
2013-09-04,1.55637,-0.1163,1.55705,-0.04332,-0.02465,8.90446,-0.01306,-6.91428
2013-09-05,1.56221,-0.075,1.56093,0.0815,0.04645,8.88726,-0.00844,-6.91428
2013-09-06,1.55899,-0.0624,1.56316,-0.26721,-0.15255,8.89768,-0.00701,-6.91428
2013-09-09,1.5636,0.0054,1.56528,-0.10749,-0.06152,8.91642,0.00061,-6.91428
2013-09-10,1.56976,0.0105,1.56135,0.53728,0.30842,8.74021,0.0012,-6.91428
2013-09-11,1.57329,0.0462,1.56454,0.55793,0.32121,8.74196,0.00528,-6.91428
2013-09-12,1.5826,-0.0178,1.56062,1.39868,0.80644,8.82026,-0.00202,-6.91428
2013-09-13,1.58045,-0.0289,1.5597,1.32168,0.76368,8.82473,-0.00327,-6.91428
2013-09-16,1.59363,-0.0025,1.56229,1.98558,1.14772,8.90967,-0.00028,-6.91428
2013-09-17,1.59031,0.0963,1.57173,1.17524,0.67963,8.67884,0.0111,-6.91428
2013-09-18,1.59051,0.3636,1.59333,-0.1775,-0.10267,8.67124,0.04193,-6.91428
2013-09-19,1.61332,0.1841,1.57284,2.54129,1.4714,8.92185,0.02063,-6.91428
2013-09-20,1.6038,0.1955,1.57511,1.80478,1.04426,8.99854,0.02173,-6.91428
2013-09-23,1.60169,0.1901,1.57398,1.74516,1.00964,8.99184,0.02114,-6.91428
2013-09-24,1.60416,0.1463,1.57049,2.12084,1.22696,8.89509,0.01645,-6.91428
2013-09-25,1.59959,0.1297,1.56849,1.96359,1.13461,8.8637,0.01463,-6.91428
2013-09-26,1.60738,0.1044,1.56749,2.51334,1.45079,8.8581,0.01179,-6.91428
2013-09-27,1.60375,0.1106,1.56817,2.24346,1.29233,8.88042,0.01245,-6.91428
2013-09-30,1.61689,0.1272,1.57017,2.93241,1.6864,8.93986,0.01423,-6.91428
2013-10-01,1.6187,0.099,1.56615,3.30013,1.8926,8.82744,0.01122,-6.87776
2013-10-02,1.61922,0.1279,1.57172,2.9774,1.70166,8.17124,0.01565,-6.87776
2013-10-03,1.62356,0.1602,1.57537,3.01313,1.71736,7.81343,0.0205,-6.87776
2013-10-04,1.61569,0.1725,1.57722,2.41013,1.36985,7.87689,0.0219,-6.87776
2013-10-07,1.60359,0.1491,1.57629,1.71694,0.97444,7.93209,0.0188,-6.87776
2013-10-09,1.6121,0.0962,1.56983,2.65713,1.50672,6.86828,0.01401,-6.87776
2013-10-10,1.59551,0.123,1.57568,1.25026,0.70742,7.22842,0.01702,-6.87776
2013-10-11,1.59801,0.1336,1.57575,1.40247,0.79315,7.13487,0.01872,-6.87776
2013-10-14,1.59711,0.1522,1.57764,1.22648,0.69322,7.13721,0.02132,-6.87776
2013-10-15,1.59719,0.1793,1.5802,1.06924,0.60418,7.1312,0.02514,-6.87776
2013-10-16,1.59847,0.2448,1.58713,0.71161,0.40211,7.08807,0.03454,-6.87776
2013-10-17,1.59439,0.2298,1.58508,0.58562,0.3309,7.11953,0.03228,-6.87776
2013-10-18,1.61493,0.2051,1.58217,2.04944,1.15792,7.48964,0.02738,-6.87776
2013-10-21,1.61721,0.2015,1.58011,2.32085,1.31004,7.43783,0.02709,-6.87776
2013-10-22,1.61353,0.1826,1.57889,2.17009,1.22462,7.46341,0.02447,-6.87776
2013-10-23,1.62327,0.1526,1.57248,3.17885,1.79231,7.46334,0.02045,-6.87776
2013-10-24,1.61637,0.166,1.57306,2.71601,1.52705,7.49292,0.02215,-6.87776
2013-10-25,1.62009,0.1719,1.57391,2.89181,1.62425,7.49898,0.02292,-6.87776
2013-10-28,1.61739,0.1777,1.57901,2.40169,1.34721,7.46955,0.02379,-6.87776
2013-10-29,1.61418,0.1756,1.57815,2.25704,1.26741,7.34221,0.02392,-6.87776
2013-10-30,1.60483,0.1158,1.57219,2.05475,1.15672,7.38864,0.01567,-6.87776
2013-10-31,1.60262,0.1705,1.57781,1.56023,0.88036,7.34691,0.02321,-6.87776
2013-11-01,1.60447,0.1293,1.56793,2.30375,1.30353,7.05754,0.01832,-5.65534
2013-11-04,1.59238,0.1225,1.56734,1.58537,0.89821,7.2121,0.01699,-5.65534
2013-11-05,1.59724,0.1875,1.57508,1.39734,0.79152,7.22485,0.02595,-5.65534
2013-11-06,1.6048,0.2322,1.58047,1.52782,0.86609,7.02901,0.03303,-5.65534
2013-11-07,1.60854,0.2053,1.57597,2.04601,1.16143,7.02702,0.02922,-5.65534
2013-11-08,1.60888,0.184,1.57458,2.15529,1.22274,7.01607,0.02623,-5.65534
2013-11-11,1.60049,0.2177,1.58077,1.23962,0.70315,7.06278,0.03082,-5.65534
2013-11-12,1.5987,0.1444,1.57034,1.78978,1.01502,7.06774,0.02043,-5.65534
2013-11-13,1.58909,0.2025,1.57996,0.57653,0.32686,7.14742,0.02833,-5.65534
2013-11-14,1.6049,0.2345,1.58617,1.1739,0.66571,7.23567,0.03241,-5.65534
2013-11-15,1.60581,0.1901,1.57982,1.63172,0.92621,7.22928,0.0263,-5.65534
2013-11-18,1.6114,0.2021,1.58288,1.78561,1.01434,7.25167,0.02787,-5.65534
2013-11-19,1.61153,0.1762,1.57766,2.12376,1.20797,7.25138,0.0243,-5.65534
2013-11-20,1.61389,0.1632,1.57755,2.27741,1.29533,7.21957,0.02261,-5.65534
2013-11-21,1.61002,0.2513,1.59219,1.11377,0.63361,7.23474,0.03474,-5.65534
2013-11-22,1.6187,0.2349,1.59055,1.7541,0.99962,7.29261,0.03221,-5.65534
2013-11-25,1.62311,0.2125,1.58827,2.16997,1.23572,7.30447,0.02909,-5.65534
2013-11-26,1.61671,0.2169,1.58913,1.72056,0.97855,7.33787,0.02956,-5.65534
2013-11-27,1.62098,0.2192,1.5905,1.89854,1.07878,7.33804,0.02987,-5.65534
2013-11-28,1.62829,0.2061,1.58876,2.45798,1.39532,7.3654,0.02798,-5.65534
2013-11-29,1.63409,0.2269,1.59121,2.65912,1.50698,7.38637,0.03072,-5.65534
2013-12-02,1.63779,0.2411,1.59653,2.55161,1.44317,7.3894,0.03263,-4.26591
2013-12-03,1.63599,0.2514,1.6002,2.2118,1.25007,7.39919,0.03398,-4.26591
2013-12-04,1.63889,0.2605,1.6013,2.32049,1.31309,7.3777,0.03531,-4.26591
2013-12-05,1.63781,0.2294,1.59614,2.5774,1.45856,7.3612,0.03116,-4.26591
2013-12-06,1.6334,0.2148,1.59306,2.50092,1.41519,7.38027,0.0291,-4.26591
2013-12-09,1.63289,0.2495,1.59583,2.29566,1.29825,7.35332,0.03393,-4.26591
2013-12-10,1.64252,0.2662,1.59957,2.64962,1.49858,7.42143,0.03587,-4.26591
2013-12-11,1.64558,0.2179,1.59465,3.14355,1.77886,7.34959,0.02965,-4.26591
2013-12-12,1.63763,0.1998,1.59097,2.89058,1.63599,7.42038,0.02693,-4.26591
2013-12-13,1.63399,0.1942,1.59094,2.66953,1.51287,7.27146,0.02671,-4.26591
2013-12-16,1.6305,0.1823,1.59166,2.41081,1.36795,7.2722,0.02507,-4.26591
2013-12-17,1.62997,0.2051,1.59611,2.09876,1.19445,7.27345,0.0282,-4.26591
2013-12-18,1.62779,0.2283,1.59625,1.95649,1.11735,6.71335,0.03401,-4.26591
2013-12-19,1.6387,0.2127,1.59438,2.74206,1.57321,6.72391,0.03163,-4.26591
2013-12-20,1.63647,0.1905,1.59183,2.76619,1.59404,6.72436,0.02833,-4.26591
2013-12-23,1.63316,0.2189,1.59524,2.3495,1.3582,6.73635,0.0325,-4.26591
2013-12-24,1.63503,0.1917,1.58976,2.80775,1.62602,6.7081,0.02858,-4.26591
2013-12-25,1.63709,0.1917,1.59015,2.90925,1.68413,6.64808,0.02884,-4.26591
2013-12-26,1.6354,0.1817,1.5885,2.90987,1.6843,6.63338,0.02739,-4.26591
2013-12-27,1.64163,0.2717,1.606,2.19426,1.27012,6.47902,0.04194,-4.26591
2013-12-30,1.64823,0.2706,1.60794,2.47527,1.43652,6.52071,0.0415,-4.26591
2013-12-31,1.64951,0.2161,1.59812,3.16495,1.83923,6.52144,0.03314,-4.26591
2014-01-01,1.6564,0.2161,1.59867,3.54757,2.06108,6.5503,0.03299,-3.30965
2014-01-02,1.65807,0.2294,1.59932,3.60775,2.09171,6.46641,0.03548,-3.30965
2014-01-03,1.64479,0.2196,1.59597,3.01304,1.74366,6.49339,0.03382,-3.30965
2014-01-06,1.64131,0.2103,1.5941,2.91816,1.68863,6.43556,0.03268,-3.30965
2014-01-07,1.64179,0.2072,1.59344,2.9895,1.73032,6.06228,0.03418,-3.30965
2014-01-08,1.64002,0.1742,1.58702,3.28506,1.90276,6.06569,0.02872,-3.30965
2014-01-09,1.64471,0.2021,1.59265,3.21636,1.86541,6.08193,0.03323,-3.30965
2014-01-10,1.64791,0.2281,1.59814,3.06654,1.78018,6.08843,0.03746,-3.30965
2014-01-13,1.64943,0.2107,1.59709,3.2246,1.87104,6.08873,0.0346,-3.30965
2014-01-14,1.63899,0.1682,1.5857,3.30554,1.91659,6.212,0.02708,-3.30965
2014-01-15,1.64341,0.1759,1.58856,3.39486,1.96462,5.70203,0.03085,-3.30965
2014-01-16,1.63618,0.1402,1.58163,3.39061,1.95666,5.77347,0.02428,-3.30965
2014-01-17,1.6353,0.193,1.59335,2.59842,1.4967,5.75377,0.03354,-3.30965
2014-01-20,1.64179,0.1941,1.5938,2.96689,1.70943,5.68371,0.03415,-3.30965
2014-01-21,1.64241,0.1833,1.59263,3.07782,1.77146,5.61168,0.03266,-3.30965
2014-01-22,1.64753,0.2001,1.59807,3.04762,1.75115,5.62602,0.03557,-3.30965
2014-01-23,1.65621,0.2292,1.6063,3.05983,1.75583,5.69911,0.04022,-3.30965
2014-01-24,1.66348,0.2197,1.61249,3.11287,1.78306,5.73399,0.03832,-3.30965
2014-01-27,1.64905,0.1999,1.60585,2.65428,1.51765,5.89054,0.03394,-3.30965
2014-01-28,1.6575,0.2561,1.61727,2.45671,1.40382,5.95208,0.04303,-3.30965
2014-01-29,1.657,0.2609,1.62207,2.13084,1.21618,5.95302,0.04383,-3.30965
2014-01-30,1.6559,0.2344,1.61616,2.42922,1.3852,5.72849,0.04092,-3.30965
2014-01-31,1.64984,0.2449,1.61912,1.87915,1.07033,5.77023,0.04244,-3.30965
2014-02-03,1.64379,0.298,1.63679,0.42665,0.24287,5.76563,0.05169,-2.61856
2014-02-04,1.6309,0.2732,1.62698,0.24061,0.13717,5.98263,0.04567,-2.61856
2014-02-05,1.63305,0.1856,1.6081,1.53965,0.87833,5.98669,0.031,-2.61856
2014-02-06,1.63271,0.218,1.61249,1.24586,0.71168,5.88364,0.03705,-2.61856
2014-02-07,1.6322,0.2353,1.6159,1.00377,0.57467,5.87783,0.04003,-2.61856
2014-02-10,1.64104,0.2421,1.61654,1.50412,0.8649,5.81972,0.0416,-2.61856
2014-02-11,1.64088,0.191,1.60254,2.36426,1.36279,5.49868,0.03474,-2.61856
2014-02-12,1.64487,0.2555,1.61808,1.64233,0.94674,5.51427,0.04633,-2.61856
2014-02-13,1.66099,0.3116,1.63161,1.78501,1.02997,5.79326,0.05379,-2.61856
2014-02-14,1.66572,0.3168,1.63161,2.06899,1.1946,5.81184,0.05451,-2.61856
2014-02-17,1.67614,0.2962,1.62685,2.98456,1.7224,5.92036,0.05003,-2.61856
2014-02-18,1.67199,0.2824,1.62474,2.86658,1.65242,5.92195,0.04769,-2.61856
2014-02-19,1.66861,0.2262,1.61802,3.07881,1.77401,5.86396,0.03857,-2.61856
2014-02-20,1.66758,0.2517,1.62267,2.73028,1.56839,5.85011,0.04302,-2.61856
2014-02-21,1.66617,0.2497,1.62147,2.71935,1.55832,5.78824,0.04314,-2.61856
2014-02-24,1.66334,0.2386,1.61899,2.70273,1.54522,5.78744,0.04123,-2.61856
2014-02-25,1.66569,0.2444,1.61747,2.93803,1.67582,5.73142,0.04264,-2.61856
2014-02-26,1.66772,0.2814,1.6291,2.34292,1.33289,5.69741,0.04939,-2.61856
2014-02-27,1.66683,0.225,1.61323,3.26848,1.85678,5.68623,0.03957,-2.61856
2014-02-28,1.6692,0.2617,1.62306,2.80314,1.58713,5.68374,0.04604,-2.61856
2014-03-03,1.67291,0.2587,1.63085,2.54675,1.43837,5.68917,0.04547,-2.91943
2014-03-04,1.66683,0.186,1.60464,3.80241,2.14325,5.74118,0.0324,-2.91943
2014-03-05,1.66669,0.2046,1.60675,3.663,2.05561,5.7098,0.03583,-2.91943
2014-03-06,1.67191,0.207,1.60903,3.8331,2.14221,5.73559,0.03609,-2.91943
2014-03-07,1.67417,0.1331,1.59122,5.08186,2.83133,5.6295,0.02364,-2.91943
2014-03-10,1.67311,0.1557,1.5962,4.70584,2.60113,5.6236,0.02769,-2.91943
2014-03-11,1.664,0.1638,1.60066,3.88126,2.13109,5.64753,0.029,-2.91943
2014-03-12,1.66207,0.1762,1.60261,3.64302,1.99594,5.63257,0.03128,-2.91943
2014-03-13,1.66212,0.1937,1.61044,3.15857,1.72704,5.61153,0.03452,-2.91943
2014-03-14,1.66251,0.1804,1.61238,3.06191,1.67004,5.61009,0.03216,-2.91943
2014-03-17,1.66425,0.1654,1.6039,3.69375,2.01056,5.60186,0.02953,-2.91943
2014-03-18,1.66392,0.1629,1.59783,4.05329,2.19813,5.45297,0.02987,-2.91943
2014-03-19,1.65981,-0.0119,1.55199,6.71599,3.62602,5.47085,-0.00218,-2.91943
2014-03-20,1.6539,0.0722,1.5737,4.97099,2.65171,5.50504,0.01312,-2.91943
2014-03-21,1.65087,0.1002,1.58321,4.18524,2.21906,5.5165,0.01816,-2.91943
2014-03-24,1.64902,0.0302,1.56507,5.22507,2.76272,5.51765,0.00547,-2.91943
2014-03-25,1.64984,0.0476,1.56726,5.13478,2.70149,5.5132,0.00863,-2.91943
2014-03-26,1.6533,0.1054,1.58518,4.20738,2.20313,5.47762,0.01924,-2.91943
2014-03-27,1.65769,0.0829,1.57995,4.80333,2.50757,5.44482,0.01523,-2.91943
2014-03-28,1.6608,0.1133,1.58806,4.47848,2.32552,5.45487,0.02077,-2.91943
2014-03-31,1.66439,0.1235,1.58892,4.64036,2.39843,5.40882,0.02283,-2.91943
2014-04-01,1.66664,0.1121,1.57992,5.34327,2.74722,5.41162,0.02071,-1.94173
2014-04-02,1.66331,0.073,1.56834,5.87937,3.00344,5.17254,0.01411,-1.94173
2014-04-03,1.66273,0.0605,1.56868,5.8229,2.95079,5.15266,0.01174,-1.94173
2014-04-04,1.65989,0.0531,1.56966,5.58899,2.80944,5.16686,0.01028,-1.94173
2014-04-07,1.65791,0.0922,1.58281,4.63534,2.31242,5.168,0.01784,-1.94173
2014-04-08,1.66105,0.1227,1.59288,4.19062,2.08,5.15119,0.02382,-1.94173
2014-04-09,1.67501,0.1447,1.59679,4.78247,2.36434,5.39652,0.02681,-1.94173
2014-04-10,1.67999,0.1028,1.58995,5.50891,2.7097,5.4222,0.01896,-1.94173
2014-04-11,1.67774,0.1458,1.60437,4.47141,2.18362,5.26325,0.0277,-1.94173
2014-04-14,1.67297,0.1278,1.60068,4.41704,2.1474,5.28055,0.0242,-1.94173
2014-04-15,1.67291,0.0776,1.58531,5.37869,2.60462,5.19427,0.01494,-1.94173
2014-04-16,1.67255,0.0927,1.58588,5.32104,2.56162,5.19242,0.01785,-1.94173
2014-04-17,1.68059,0.059,1.57566,6.44688,3.08583,5.21843,0.01131,-1.94173
2014-04-18,1.67867,0.059,1.57595,6.314,2.99568,5.2272,0.01129,-1.94173
2014-04-21,1.67918,0.069,1.5794,6.12566,2.88256,5.19696,0.01328,-1.94173
2014-04-22,1.67929,0.1072,1.58871,5.54506,2.58952,5.09873,0.02102,-1.94173
2014-04-23,1.68268,0.1111,1.58994,5.66887,2.63165,5.04188,0.02204,-1.94173
2014-04-24,1.6785,0.0923,1.58745,5.57701,2.5727,4.74025,0.01947,-1.94173
2014-04-25,1.68095,0.104,1.59181,5.44909,2.49832,4.64444,0.02239,-1.94173
2014-04-28,1.68056,0.1171,1.59258,5.37695,2.4504,4.64416,0.02521,-1.94173
2014-04-29,1.68101,0.1092,1.59147,5.47346,2.47983,4.64067,0.02353,-1.94173
2014-04-30,1.68243,0.1601,1.60322,4.82207,2.17168,4.57347,0.03501,-1.94173
2014-05-01,1.68765,0.1824,1.60869,4.79164,2.14807,4.53417,0.04023,-1.25568
2014-05-02,1.68953,0.1822,1.6095,4.85265,2.1662,4.21076,0.04327,-1.25568
2014-05-05,1.68791,0.1722,1.60654,4.94036,2.19555,4.21876,0.04082,-1.25568
2014-05-06,1.687,0.2081,1.61736,4.21511,1.86489,4.22159,0.04929,-1.25568
2014-05-07,1.69768,0.2261,1.62362,4.46021,1.96908,4.37374,0.05169,-1.25568
2014-05-08,1.69555,0.2501,1.63084,3.89082,1.71226,4.27988,0.05844,-1.25568
2014-05-09,1.69354,0.265,1.63359,3.60387,1.5821,4.29176,0.06175,-1.25568
2014-05-12,1.68603,0.2832,1.63785,2.89899,1.27081,4.38537,0.06458,-1.25568
2014-05-13,1.68737,0.2851,1.63991,2.85238,1.25049,3.9529,0.07212,-1.25568
2014-05-14,1.68342,0.2265,1.62467,3.55201,1.55565,3.95066,0.05733,-1.25568
2014-05-15,1.67701,0.1855,1.61674,3.65995,1.60058,3.83302,0.0484,-1.25568
2014-05-16,1.67954,0.212,1.62214,3.47782,1.51857,3.81082,0.05563,-1.25568
2014-05-19,1.68243,0.2339,1.62704,3.34763,1.46179,3.80066,0.06154,-1.25568
2014-05-20,1.68169,0.2942,1.64831,2.00477,0.8749,3.7994,0.07743,-1.25568
2014-05-21,1.68373,0.304,1.64868,2.10365,0.91831,3.80007,0.08,-1.25568
2014-05-22,1.6897,0.2945,1.64638,2.59753,1.13296,3.83988,0.0767,-1.25568
2014-05-23,1.68674,0.2846,1.64127,2.73263,1.19045,3.85311,0.07386,-1.25568
2014-05-26,1.68342,0.2846,1.64189,2.49783,1.08665,3.87161,0.07351,-1.25568
2014-05-27,1.68438,0.2885,1.64354,2.45482,1.06682,3.87001,0.07455,-1.25568
2014-05-28,1.68121,0.268,1.63799,2.60405,1.13041,3.88294,0.06902,-1.25568
2014-05-29,1.6716,0.2326,1.62723,2.68992,1.16627,4.03055,0.05771,-1.25568
2014-05-30,1.67244,0.2529,1.63252,2.41587,1.04605,3.96359,0.06381,-1.25568
2014-06-02,1.67566,0.2211,1.62284,3.20317,1.38547,3.9811,0.05554,-0.04505
2014-06-03,1.67459,0.2132,1.62186,3.19977,1.38145,3.93528,0.05418,-0.04505
2014-06-04,1.67412,0.2376,1.63008,2.6659,1.14964,3.92642,0.06051,-0.04505
2014-06-05,1.674,0.2427,1.63132,2.58306,1.11282,3.92432,0.06185,-0.04505
2014-06-06,1.68101,0.1805,1.60872,4.39592,1.89342,3.85135,0.04687,-0.04505
2014-06-09,1.68019,0.2129,1.62296,3.46535,1.48847,3.84426,0.05538,-0.04505
2014-06-10,1.68039,0.2296,1.62774,3.18347,1.3649,3.84417,0.05973,-0.04505
2014-06-11,1.67532,0.2254,1.62934,2.78307,1.19139,3.89682,0.05784,-0.04505
2014-06-12,1.67898,0.2718,1.65072,1.69717,0.72599,3.9143,0.06944,-0.04505
2014-06-13,1.69589,0.2804,1.65295,2.56474,1.09708,4.38405,0.06396,-0.04505
2014-06-16,1.69779,0.2876,1.6567,2.44999,1.04702,4.35029,0.06611,-0.04505
2014-06-17,1.69785,0.2501,1.64334,3.26301,1.39335,4.27738,0.05847,-0.04505
2014-06-18,1.69598,0.2673,1.64586,2.99986,1.27937,4.26422,0.06268,-0.04505
2014-06-19,1.69987,0.2728,1.64927,3.02191,1.28692,4.26846,0.06391,-0.04505
2014-06-20,1.70401,0.3146,1.66435,2.35525,1.00139,4.28627,0.0734,-0.04505
2014-06-23,1.70227,0.2688,1.64953,3.14709,1.33689,4.2848,0.06273,-0.04505
2014-06-24,1.70253,0.2945,1.66204,2.40698,1.02073,4.26208,0.0691,-0.04505
2014-06-25,1.69805,0.2303,1.63948,3.51003,1.48727,4.29499,0.05362,-0.04505
2014-06-26,1.6986,0.2681,1.65176,2.79609,1.18221,4.27922,0.06265,-0.04505
2014-06-27,1.70253,0.2717,1.6527,2.97064,1.25429,4.29293,0.06329,-0.04505
2014-06-30,1.7034,0.3243,1.67037,1.95806,0.82547,4.26668,0.07601,-0.04505
2014-07-01,1.71098,0.3247,1.66987,2.43228,1.02475,4.34033,0.07481,1.15852
2014-07-02,1.71485,0.3263,1.66897,2.7119,1.1416,4.33248,0.07531,1.15852
2014-07-03,1.71609,0.288,1.65536,3.60293,1.51478,4.31864,0.06669,1.15852
2014-07-04,1.71527,0.2975,1.65975,3.29027,1.38068,4.31469,0.06895,1.15852
2014-07-07,1.71515,0.2773,1.65448,3.60109,1.50859,4.00885,0.06917,1.15852
2014-07-08,1.71344,0.2463,1.64375,4.15252,1.73612,3.98293,0.06184,1.15852
2014-07-09,1.71403,0.2838,1.65574,3.46002,1.4423,3.96868,0.07151,1.15852
2014-07-10,1.71585,0.2726,1.65406,3.66805,1.52638,3.91776,0.06958,1.15852
2014-07-11,1.71309,0.2527,1.6445,4.08629,1.69664,3.93755,0.06418,1.15852
2014-07-14,1.7123,0.2253,1.63593,4.56256,1.88955,3.93935,0.05719,1.15852
2014-07-15,1.70879,0.2617,1.64811,3.61531,1.49232,3.86427,0.06772,1.15852
2014-07-16,1.71438,0.2521,1.64459,4.15618,1.71265,3.89957,0.06465,1.15852
2014-07-17,1.71397,0.251,1.64726,3.97,1.63196,3.90126,0.06434,1.15852
2014-07-18,1.70952,0.2079,1.63272,4.59672,1.88571,3.94472,0.0527,1.15852
2014-07-21,1.70911,0.1806,1.62451,5.07654,2.07593,3.93019,0.04595,1.15852
2014-07-22,1.70736,0.2311,1.64221,3.89058,1.5851,3.8996,0.05926,1.15852
2014-07-23,1.70654,0.2119,1.63613,4.21334,1.71398,3.89482,0.05441,1.15852
2014-07-24,1.7041,0.2121,1.63612,4.07084,1.65227,3.90809,0.05427,1.15852
2014-07-25,1.69918,0.2096,1.63692,3.73308,1.51127,3.95735,0.05296,1.15852
2014-07-28,1.6982,0.1839,1.62736,4.26062,1.72099,3.95776,0.04647,1.15852
2014-07-29,1.69846,0.1802,1.62658,4.32411,1.74257,3.91203,0.04606,1.15852
2014-07-30,1.69474,0.1607,1.61916,4.56252,1.83605,3.93298,0.04086,1.15852
2014-07-31,1.69102,0.1815,1.62668,3.87863,1.55712,3.95366,0.04591,1.15852
2014-08-01,1.68916,0.2212,1.64133,2.87235,1.15205,3.95851,0.05588,0.39818
2014-08-04,1.68299,0.2163,1.64029,2.57026,1.03079,3.81401,0.05671,0.39818
2014-08-05,1.68677,0.2565,1.65561,1.86436,0.74818,3.83641,0.06686,0.39818
2014-08-06,1.68782,0.2138,1.63997,2.87576,1.15373,3.83232,0.05579,0.39818
2014-08-07,1.68549,0.2558,1.6566,1.72882,0.693,3.73751,0.06844,0.39818
2014-08-08,1.68299,0.2104,1.63969,2.60677,1.04592,3.74546,0.05617,0.39818
2014-08-11,1.67771,0.2437,1.65285,1.49301,0.59906,3.76877,0.06466,0.39818
2014-08-12,1.67875,0.2222,1.64513,2.02351,0.81287,3.69253,0.06018,0.39818
2014-08-13,1.6807,0.187,1.6322,2.92815,1.17719,3.68741,0.05071,0.39818
2014-08-14,1.66898,0.1885,1.63402,2.11651,0.85084,3.92789,0.04799,0.39818
2014-08-15,1.66867,0.1653,1.62592,2.59506,1.04395,3.9274,0.04209,0.39818
2014-08-18,1.67202,0.2042,1.6422,1.79935,0.72349,3.94153,0.05181,0.39818
2014-08-19,1.67235,0.1505,1.62209,3.05178,1.22681,3.8717,0.03887,0.39818
2014-08-20,1.66215,0.1247,1.61271,3.01977,1.21217,4.03932,0.03087,0.39818
2014-08-21,1.66003,0.1112,1.6082,3.17193,1.27191,4.02957,0.0276,0.39818
2014-08-22,1.65799,0.0864,1.59988,3.568,1.4292,4.03122,0.02143,0.39818
2014-08-25,1.65519,0.0764,1.59634,3.62011,1.4484,4.0282,0.01897,0.39818
2014-08-26,1.65703,0.0267,1.57841,4.86098,1.94364,3.87916,0.00688,0.39818
2014-08-27,1.65478,-0.0039,1.56771,5.40547,2.15435,3.8845,-0.001,0.39818
2014-08-28,1.65763,0.0296,1.58135,4.71132,1.87058,3.88027,0.00763,0.39818
2014-08-29,1.65895,0.0323,1.58246,4.72067,1.86875,3.88387,0.00832,0.39818
2014-09-01,1.65926,0.0498,1.58994,4.26738,1.68652,3.88433,0.01282,-0.00817
2014-09-02,1.6616,0.0185,1.58248,4.87862,1.92546,3.89672,0.00475,-0.00817
2014-09-03,1.64688,0.046,1.59053,3.48125,1.37149,4.17836,0.01101,-0.00817
2014-09-04,1.6462,0.0353,1.58811,3.59227,1.41362,4.17827,0.00845,-0.00817
2014-09-05,1.62941,0.0174,1.58489,2.77005,1.08891,4.62459,0.00376,-0.00817
2014-09-08,1.62124,-0.0426,1.563,3.65894,1.43841,4.68605,-0.00909,-0.00817
2014-09-09,1.6095,-0.0683,1.55471,3.46331,1.36098,4.84313,-0.0141,-0.00817
2014-09-10,1.61246,-0.0797,1.55501,3.62817,1.42563,4.36118,-0.01827,-0.00817
2014-09-11,1.62009,-0.0733,1.55883,3.8543,1.51543,4.48332,-0.01635,-0.00817
2014-09-12,1.6252,-0.0692,1.56312,3.89456,1.53138,4.54806,-0.01522,-0.00817
2014-09-15,1.6258,-0.0372,1.57603,3.10935,1.22069,4.55226,-0.00817,-0.00817
2014-09-16,1.6229,-0.0243,1.58575,2.31581,0.90864,4.51731,-0.00538,-0.00817
2014-09-17,1.6266,-0.0488,1.57183,3.42499,1.3457,4.51288,-0.01081,-0.00817
2014-09-18,1.62681,-0.0104,1.593,2.1001,0.82519,4.51582,-0.0023,-0.00817
2014-09-19,1.64371,-0.0058,1.59356,3.09851,1.21803,5.02609,-0.00115,-0.00817
2014-09-22,1.63199,0.0069,1.59963,2.00275,0.7871,5.18103,0.00133,-0.00817
2014-09-23,1.6372,0.0116,1.59968,2.31807,0.91189,5.23384,0.00222,-0.00817
2014-09-24,1.63937,-0.0238,1.59102,2.99365,1.17761,5.21535,-0.00456,-0.00817
2014-09-25,1.63241,0.0165,1.60093,1.94718,0.76529,5.26094,0.00314,-0.00817
2014-09-26,1.63313,-0.0323,1.58473,3.00874,1.18346,5.16282,-0.00626,-0.00817
2014-09-29,1.62382,-0.0158,1.58819,2.2192,0.87207,5.22059,-0.00303,-0.00817
2014-09-30,1.62422,-0.0399,1.58787,2.2633,0.88959,5.21557,-0.00765,-0.00817
2014-10-01,1.62138,-0.0048,1.60317,1.12898,0.44394,5.21788,-0.00092,0.00796
2014-10-02,1.61922,-0.0463,1.59188,1.70282,0.67078,5.21587,-0.00888,0.00796
2014-10-03,1.616,-0.0316,1.60735,0.537,0.21164,5.22029,-0.00605,0.00796
2014-10-06,1.5964,-0.0348,1.60174,-0.33384,-0.13162,5.67921,-0.00613,0.00796
2014-10-07,1.60751,-0.0327,1.60031,0.449,0.17707,5.88894,-0.00555,0.00796
2014-10-08,1.60891,-0.0082,1.61877,-0.61124,-0.24111,5.89995,-0.00139,0.00796
2014-10-09,1.61629,-0.0233,1.60796,0.51707,0.20404,6.00375,-0.00388,0.00796
2014-10-10,1.61228,-0.0266,1.60048,0.7348,0.29051,6.00771,-0.00443,0.00796
2014-10-13,1.6093,-0.0912,1.57419,2.20545,0.87251,5.9495,-0.01533,0.00796
2014-10-14,1.60668,-0.0409,1.61634,-0.59891,-0.23683,5.94871,-0.00688,0.00796
2014-10-15,1.58914,-0.1244,1.58373,0.34149,0.13513,6.26627,-0.01985,0.00796
2014-10-16,1.59921,-0.024,1.62006,-1.29571,-0.51287,6.43998,-0.00373,0.00796
2014-10-17,1.60961,0.0414,1.65101,-2.53983,-1.00511,6.61405,0.00626,0.00796
2014-10-20,1.60922,0.035,1.65074,-2.54736,-1.00715,6.61489,0.00529,0.00796
2014-10-21,1.6159,0.0182,1.64597,-1.84366,-0.72823,6.69133,0.00272,0.00796
2014-10-22,1.6115,0.0188,1.64604,-2.12097,-0.83734,6.68935,0.00281,0.00796
2014-10-23,1.60449,-0.0154,1.62597,-1.32969,-0.52465,6.72592,-0.00229,0.00796
2014-10-24,1.60295,-0.0063,1.63299,-1.85673,-0.7327,6.72252,-0.00094,0.00796
2014-10-27,1.6093,-0.019,1.62831,-1.17482,-0.46343,6.78721,-0.0028,0.00796
2014-10-28,1.61249,-0.023,1.63073,-1.12505,-0.44373,6.80418,-0.00338,0.00796
2014-10-29,1.61428,-0.0976,1.5942,1.25217,0.49381,6.81401,-0.01432,0.00796
2014-10-30,1.60056,-0.0827,1.60609,-0.3444,-0.13579,6.96757,-0.01187,0.00796
2014-10-31,1.6001,-0.0882,1.60689,-0.42311,-0.16689,6.94106,-0.01271,0.00796
2014-11-03,1.59737,-0.0633,1.61824,-1.29842,-0.51215,6.93679,-0.00913,-0.44053
2014-11-04,1.59788,-0.1058,1.6084,-0.65605,-0.25873,6.94007,-0.01524,-0.44053
2014-11-05,1.60064,-0.0759,1.62135,-1.2858,-0.50717,6.9578,-0.01091,-0.44053
2014-11-06,1.59647,-0.1303,1.60128,-0.30026,-0.11846,6.95127,-0.01874,-0.44053
2014-11-07,1.58413,-0.0948,1.6146,-1.90497,-0.7516,7.08309,-0.01338,-0.44053
2014-11-10,1.58851,-0.1606,1.5937,-0.32633,-0.12868,7.10939,-0.02259,-0.44053
2014-11-11,1.58534,-0.1171,1.61207,-1.67208,-0.65935,7.00442,-0.01672,-0.44053
2014-11-12,1.59261,-0.1655,1.59696,-0.27287,-0.10757,7.0861,-0.02336,-0.44053
2014-11-13,1.57689,-0.1687,1.60293,-1.63807,-0.64583,7.29657,-0.02312,-0.44053
2014-11-14,1.57023,-0.1883,1.59637,-1.65126,-0.65077,7.32248,-0.02572,-0.44053
2014-11-17,1.56664,-0.2376,1.56792,-0.08213,-0.03235,7.25341,-0.03276,-0.44053
2014-11-18,1.56409,-0.2194,1.57843,-0.91294,-0.35966,7.25441,-0.03024,-0.44053
2014-11-19,1.56287,-0.2335,1.57364,-0.68709,-0.27066,7.25425,-0.03219,-0.44053
2014-11-20,1.56735,-0.248,1.56408,0.20854,0.08214,7.29215,-0.03401,-0.44053
2014-11-21,1.56949,-0.2802,1.55032,1.22914,0.48414,7.29513,-0.03841,-0.44053
2014-11-24,1.56487,-0.264,1.56067,0.26897,0.10592,7.30643,-0.03613,-0.44053
2014-11-25,1.56971,-0.2572,1.57003,-0.02052,-0.00808,7.3313,-0.03508,-0.44053
2014-11-26,1.5721,-0.2617,1.57131,0.05052,0.0199,7.33945,-0.03566,-0.44053
2014-11-27,1.57891,-0.2999,1.55698,1.39859,0.55088,7.40941,-0.04048,-0.44053
2014-11-28,1.57248,-0.2146,1.61847,-2.88328,-1.13546,7.42456,-0.0289,-0.44053
2014-12-01,1.56121,-0.2818,1.57719,-1.01882,-0.40089,7.35708,-0.0383,0.31331
2014-12-02,1.57344,-0.2758,1.59207,-1.17714,-0.46331,7.55769,-0.03649,0.31331
2014-12-03,1.56465,-0.2503,1.60511,-2.55309,-1.00488,7.37421,-0.03394,0.31331
2014-12-04,1.56942,-0.2509,1.6047,-2.22363,-0.87473,7.35591,-0.03411,0.31331
2014-12-05,1.56787,-0.3114,1.58392,-1.01879,-0.40052,7.22767,-0.04308,0.31331
2014-12-08,1.55657,-0.321,1.58387,-1.73881,-0.68369,7.33954,-0.04374,0.31331
2014-12-09,1.56517,-0.3461,1.56644,-0.08162,-0.03215,7.36431,-0.047,0.31331
2014-12-10,1.5688,-0.2786,1.59531,-1.67596,-0.66111,7.34925,-0.03791,0.31331
2014-12-11,1.5747,-0.3222,1.57593,-0.07765,-0.03064,7.39771,-0.04355,0.31331
2014-12-12,1.57225,-0.3245,1.58109,-0.56029,-0.22128,7.39625,-0.04387,0.31331
2014-12-15,1.5728,-0.3594,1.57209,0.04517,0.01787,7.37684,-0.04872,0.31331
2014-12-16,1.56453,-0.3391,1.57911,-0.92735,-0.36741,7.43592,-0.0456,0.31331
2014-12-17,1.57453,-0.4327,1.5512,1.49277,0.59173,7.23826,-0.05978,0.31331
2014-12-18,1.55734,-0.4037,1.57233,-0.95794,-0.38009,7.41529,-0.05444,0.31331
2014-12-19,1.56701,-0.4036,1.56237,0.2961,0.11758,7.50362,-0.05379,0.31331
2014-12-22,1.56296,-0.4423,1.55706,0.37857,0.1505,7.50153,-0.05896,0.31331
2014-12-23,1.55778,-0.5062,1.52705,1.99248,0.79344,7.4862,-0.06762,0.31331
2014-12-24,1.55222,-0.4815,1.54547,0.43551,0.17401,7.50348,-0.06417,0.31331
2014-12-25,1.5562,-0.4815,1.54552,0.68896,0.2762,7.46594,-0.06449,0.31331
2014-12-26,1.5562,-0.4715,1.55298,0.20702,0.08316,7.46488,-0.06316,0.31331
2014-12-29,1.55536,-0.5121,1.54329,0.77905,0.31358,7.46173,-0.06863,0.31331
2014-12-30,1.55159,-0.4823,1.55231,-0.0466,-0.01877,7.46893,-0.06457,0.31331
2014-12-31,1.5569,-0.4859,1.54465,0.79025,0.31869,7.50854,-0.06471,0.31331
2015-01-01,1.55809,-0.4859,1.54499,0.84479,0.34091,7.13164,-0.06813,0.64316
2015-01-02,1.55797,-0.4691,1.55999,-0.12915,-0.05218,6.9752,-0.06725,0.64316
2015-01-05,1.52849,-0.4788,1.5682,-2.56457,-1.03674,7.89891,-0.06062,0.64316
2015-01-06,1.52583,-0.4732,1.57667,-3.27744,-1.32387,7.82429,-0.06048,0.64316
2015-01-07,1.5138,-0.4233,1.59746,-5.37938,-2.17173,7.94317,-0.05329,0.64316
2015-01-08,1.51076,-0.4185,1.60244,-5.89152,-2.36966,7.94393,-0.05268,0.64316
2015-01-09,1.5088,-0.4141,1.60252,-6.02679,-2.41534,7.94316,-0.05213,0.64316
2015-01-12,1.51895,-0.3667,1.62532,-6.76878,-2.70317,7.82665,-0.04685,0.64316
2015-01-13,1.51704,-0.3236,1.63768,-7.65222,-3.03875,7.69563,-0.04205,0.64316
2015-01-14,1.51704,-0.3338,1.61261,-6.10929,-2.40688,7.55293,-0.04419,0.64316
2015-01-15,1.52344,-0.2157,1.655,-8.28317,-3.24869,7.62185,-0.0283,0.64316
2015-01-16,1.51812,-0.2588,1.63358,-7.33044,-2.85134,7.5706,-0.03418,0.64316
2015-01-19,1.51421,-0.269,1.62294,-6.9344,-2.68597,7.56926,-0.03554,0.64316
2015-01-20,1.509,-0.2742,1.61686,-6.90399,-2.66687,7.55496,-0.03629,0.64316
2015-01-21,1.51474,-0.3739,1.57535,-3.92368,-1.51137,7.61493,-0.0491,0.64316
2015-01-22,1.51449,-0.3997,1.57458,-3.89137,-1.50037,7.55262,-0.05292,0.64316
2015-01-23,1.50132,-0.3832,1.57572,-4.83644,-1.86654,7.68553,-0.04986,0.64316
2015-01-26,1.49959,-0.365,1.58562,-5.57827,-2.15299,7.67195,-0.04758,0.64316
2015-01-27,1.50855,-0.3635,1.57131,-4.0765,-1.57352,7.6539,-0.04749,0.64316
2015-01-28,1.51881,-0.2837,1.59091,-4.63767,-1.79738,7.80741,-0.03634,0.64316
2015-01-29,1.51423,-0.3411,1.57089,-3.67309,-1.42416,7.81779,-0.04363,0.64316
2015-01-30,1.50791,-0.2966,1.56612,-3.78753,-1.47248,7.84232,-0.03782,0.64316
2015-02-02,1.50871,-0.2649,1.57417,-4.24734,-1.65601,7.82953,-0.03383,2.94252
2015-02-03,1.50281,-0.2833,1.56391,-3.98515,-1.55544,7.84522,-0.03611,2.94252
2015-02-04,1.51421,-0.2534,1.57976,-4.23776,-1.66052,7.90347,-0.03206,2.94252
2015-02-05,1.518,-0.2534,1.57616,-3.7598,-1.47869,7.89901,-0.03208,2.94252
2015-02-06,1.53259,-0.3468,1.53994,-0.47822,-0.18844,8.15723,-0.04251,2.94252
2015-02-09,1.5239,-0.3971,1.51873,0.33998,0.1348,8.15395,-0.0487,2.94252
2015-02-10,1.52161,-0.3901,1.52928,-0.50305,-0.2005,7.93803,-0.04914,2.94252
2015-02-11,1.52621,-0.3949,1.53275,-0.42773,-0.17147,7.93436,-0.04977,2.94252
2015-02-12,1.52427,-0.3939,1.53274,-0.55414,-0.22327,7.92736,-0.04969,2.94252
2015-02-13,1.5392,-0.4258,1.52444,0.96301,0.39009,8.17993,-0.05205,2.94252
2015-02-16,1.54005,-0.4095,1.53021,0.64084,0.26109,8.1808,-0.05006,2.94252
2015-02-17,1.53563,-0.4483,1.50341,2.12055,0.86798,8.173,-0.05485,2.94252
2015-02-18,1.53534,-0.2772,1.56254,-1.75573,-0.72052,8.16586,-0.03395,2.94252
2015-02-19,1.5439,-0.3556,1.53901,0.31719,0.13045,8.23278,-0.04319,2.94252
2015-02-20,1.542,-0.4199,1.52355,1.20374,0.49656,8.20767,-0.05116,2.94252
2015-02-23,1.53891,-0.3413,1.54966,-0.69627,-0.28797,8.20643,-0.04159,2.94252
2015-02-24,1.54524,-0.276,1.5741,-1.85074,-0.76727,8.20158,-0.03365,2.94252
2015-02-25,1.54591,-0.3128,1.55535,-0.60894,-0.25266,8.16756,-0.0383,2.94252
2015-02-26,1.55289,-0.351,1.54651,0.41196,0.17124,8.09951,-0.04334,2.94252
2015-02-27,1.54181,-0.2553,1.57349,-2.03439,-0.84711,8.06005,-0.03167,2.94252
2015-03-02,1.54062,-0.3158,1.56202,-1.37948,-0.57552,7.98904,-0.03953,3.05493
2015-03-03,1.53591,-0.3099,1.55682,-1.35202,-0.56506,7.98023,-0.03883,3.05493
2015-03-04,1.53666,-0.2692,1.56804,-2.02124,-0.84616,7.98086,-0.03373,3.05493
2015-03-05,1.52651,-0.2622,1.57068,-2.85243,-1.19543,7.96056,-0.03294,3.05493
2015-03-06,1.52476,-0.3062,1.5534,-1.86098,-0.7816,7.87362,-0.03889,3.05493
2015-03-09,1.50577,-0.2858,1.56189,-3.65866,-1.54261,8.2167,-0.03478,3.05493
2015-03-10,1.51048,-0.3567,1.53813,-1.81384,-0.76491,8.20383,-0.04348,3.05493
2015-03-11,1.5082,-0.3318,1.54227,-2.23359,-0.94353,8.20362,-0.04045,3.05493
2015-03-12,1.4933,-0.3585,1.54039,-3.10522,-1.31612,8.40752,-0.04264,3.05493
2015-03-13,1.4894,-0.4178,1.52493,-2.35745,-1.00122,8.36706,-0.04993,3.05493
2015-03-16,1.47558,-0.4079,1.53113,-3.69543,-1.57373,8.41045,-0.0485,3.05493
2015-03-17,1.48258,-0.3946,1.53402,-3.4109,-1.45389,8.24047,-0.04789,3.05493
2015-03-18,1.47521,-0.3157,1.55852,-5.49379,-2.3415,8.15904,-0.03869,3.05493
2015-03-19,1.4962,-0.4446,1.52244,-1.73875,-0.73979,8.69102,-0.05116,3.05493
2015-03-20,1.47617,-0.3849,1.54191,-4.3572,-1.85562,9.04605,-0.04255,3.05493
2015-03-23,1.49432,-0.3908,1.53615,-2.7604,-1.17403,9.39786,-0.04158,3.05493
2015-03-24,1.49519,-0.3476,1.54823,-3.48565,-1.48431,9.37905,-0.03706,3.05493
2015-03-25,1.48339,-0.402,1.52322,-2.64917,-1.12947,9.49045,-0.04236,3.05493
2015-03-26,1.48774,-0.3687,1.52706,-2.60825,-1.11485,9.51901,-0.03873,3.05493
2015-03-27,1.48584,-0.3612,1.5354,-3.28114,-1.40708,9.51336,-0.03797,3.05493
2015-03-30,1.48858,-0.3357,1.54425,-3.67162,-1.57853,9.49091,-0.03537,3.05493
2015-03-31,1.48091,-0.2999,1.5527,-4.73386,-2.03617,9.52748,-0.03148,3.05493
2015-04-01,1.48295,-0.2661,1.55914,-5.00963,-2.14994,9.53645,-0.0279,2.67249
2015-04-02,1.48368,-0.2755,1.56004,-5.01861,-2.14882,8.78177,-0.03137,2.67249
2015-04-03,1.48306,-0.1855,1.58451,-6.61652,-2.82658,8.77799,-0.02113,2.67249
2015-04-06,1.49307,-0.2355,1.56437,-4.665,-1.98005,8.76027,-0.02688,2.67249
2015-04-07,1.48907,-0.2476,1.55894,-4.58517,-1.94285,8.7669,-0.02824,2.67249
2015-04-08,1.48238,-0.2586,1.56195,-5.22877,-2.21094,8.80609,-0.02937,2.67249
2015-04-09,1.48785,-0.3128,1.54812,-3.97097,-1.67597,8.72902,-0.03583,2.67249
2015-04-10,1.4715,-0.3422,1.53995,-4.54727,-1.91958,8.9874,-0.03808,2.67249
2015-04-13,1.46406,-0.2935,1.54732,-5.53078,-2.33228,9.03327,-0.03249,2.67249
2015-04-14,1.46679,-0.3133,1.54157,-4.97245,-2.09414,8.99493,-0.03483,2.67249
2015-04-15,1.47719,-0.2563,1.55746,-5.29113,-2.22916,9.10412,-0.02815,2.67249
2015-04-16,1.48284,-0.2005,1.57259,-5.87608,-2.47538,9.13273,-0.02195,2.67249
2015-04-17,1.49218,-0.2158,1.56064,-4.4857,-1.89187,9.20474,-0.02344,2.67249
2015-04-20,1.49683,-0.2313,1.55795,-4.00216,-1.69352,9.19372,-0.02516,2.67249
2015-04-21,1.49098,-0.2503,1.55367,-4.11851,-1.74729,9.22385,-0.02714,2.67249
2015-04-22,1.49356,-0.1963,1.56903,-4.92902,-2.09958,9.06883,-0.02165,2.67249
2015-04-23,1.50376,-0.1754,1.57326,-4.5184,-1.92895,9.16969,-0.01913,2.67249
2015-04-24,1.50521,-0.174,1.57325,-4.42148,-1.88882,9.0929,-0.01914,2.67249
2015-04-27,1.51766,-0.1769,1.56936,-3.34988,-1.43544,9.1418,-0.01935,2.67249
2015-04-28,1.52237,-0.1903,1.56767,-2.93218,-1.26141,9.14193,-0.02082,2.67249
2015-04-29,1.53348,-0.1388,1.57718,-2.80945,-1.21346,9.21135,-0.01507,2.67249
2015-04-30,1.54269,-0.1508,1.56997,-1.75319,-0.75888,9.28197,-0.01625,2.67249
2015-05-01,1.53546,-0.1923,1.56429,-1.86006,-0.80941,9.29783,-0.02068,4.27485
2015-05-04,1.51467,-0.2023,1.56105,-3.01636,-1.31713,9.59068,-0.02109,4.27485
2015-05-05,1.51229,-0.1395,1.5724,-3.89797,-1.70374,9.58219,-0.01456,4.27485
2015-05-06,1.51743,-0.1821,1.55916,-2.71276,-1.18601,9.40821,-0.01936,4.27485
2015-05-07,1.5242,-0.1893,1.55792,-2.18796,-0.95767,9.38464,-0.02017,4.27485
2015-05-08,1.54071,-0.1896,1.56287,-1.42775,-0.62602,9.62267,-0.0197,4.27485
2015-05-11,1.5434,-0.2172,1.55352,-0.65365,-0.28725,9.61086,-0.0226,4.27485
2015-05-12,1.55771,-0.1664,1.56552,-0.50071,-0.22018,9.77447,-0.01702,4.27485
2015-05-13,1.5671,-0.1812,1.56199,0.32697,0.14398,9.65655,-0.01876,4.27485
2015-05-14,1.57401,-0.1208,1.57934,-0.33828,-0.14943,9.69143,-0.01246,4.27485
2015-05-15,1.57721,-0.1513,1.57223,0.31613,0.13986,9.67481,-0.01564,4.27485
2015-05-18,1.5746,-0.1901,1.56183,0.81452,0.36072,9.68304,-0.01963,4.27485
2015-05-19,1.56637,-0.243,1.54905,1.11161,0.49271,9.69023,-0.02508,4.27485
2015-05-20,1.55161,-0.1921,1.56137,-0.62681,-0.27801,9.87867,-0.01945,4.27485
2015-05-21,1.55429,-0.1552,1.57157,-1.10539,-0.49102,9.87457,-0.01572,4.27485
2015-05-22,1.56639,-0.2224,1.55493,0.73451,0.32622,9.96052,-0.02233,4.27485
2015-05-25,1.54751,-0.2224,1.55465,-0.46025,-0.20484,10.26167,-0.02167,4.27485
2015-05-26,1.54722,-0.2492,1.54491,0.14977,0.06674,10.22101,-0.02438,4.27485
2015-05-27,1.53986,-0.2043,1.5572,-1.12013,-0.50154,10.1644,-0.0201,4.27485
2015-05-28,1.53501,-0.2288,1.55069,-1.01636,-0.45604,10.18269,-0.02247,4.27485
2015-05-29,1.53191,-0.2372,1.54729,-0.9992,-0.4489,10.17236,-0.02332,4.27485
2015-06-01,1.52889,-0.2751,1.53793,-0.58982,-0.26586,10.17906,-0.02703,5.27909
2015-06-02,1.51999,-0.2501,1.54355,-1.53818,-0.69554,10.15953,-0.02462,5.27909
2015-06-03,1.53398,-0.2584,1.54212,-0.52941,-0.2403,10.32293,-0.02503,5.27909
2015-06-04,1.53266,-0.2863,1.53464,-0.12924,-0.05888,10.00159,-0.02863,5.27909
2015-06-05,1.5365,-0.3158,1.52801,0.55381,0.25334,9.9952,-0.0316,5.27909
2015-06-08,1.52679,-0.3335,1.52331,0.22806,0.10455,10.07656,-0.0331,5.27909
2015-06-09,1.53459,-0.3201,1.52714,0.48644,0.22349,9.90949,-0.0323,5.27909
2015-06-10,1.53941,-0.3458,1.52252,1.10312,0.51,9.90441,-0.03491,5.27909
2015-06-11,1.54969,-0.3531,1.52162,1.82815,0.84826,9.77336,-0.03613,5.27909
2015-06-12,1.55089,-0.4292,1.50502,3.00212,1.3977,9.74026,-0.04406,5.27909
2015-06-15,1.55615,-0.3401,1.52355,2.11716,0.98724,9.68491,-0.03512,5.27909
2015-06-16,1.5596,-0.3114,1.53039,1.89068,0.88252,9.30659,-0.03346,5.27909
2015-06-17,1.56397,-0.1758,1.5598,0.2666,0.12484,8.8602,-0.01984,5.27909
2015-06-18,1.58481,-0.2249,1.55042,2.19405,1.03032,8.91511,-0.02523,5.27909
2015-06-19,1.58788,-0.1931,1.55604,2.0255,0.95366,8.91706,-0.02166,5.27909
2015-06-22,1.58851,-0.2049,1.5548,2.14478,1.01081,8.73376,-0.02346,5.27909
2015-06-23,1.58293,-0.218,1.55352,1.87531,0.88619,8.77364,-0.02485,5.27909
2015-06-24,1.57411,-0.1616,1.56335,0.68556,0.32459,8.86072,-0.01824,5.27909
2015-06-25,1.57099,-0.1541,1.5638,0.45871,0.21772,8.87745,-0.01736,5.27909
2015-06-26,1.57451,-0.1736,1.55988,0.93315,0.44398,8.79641,-0.01974,5.27909
2015-06-29,1.56932,-0.1364,1.56163,0.49133,0.23454,8.83734,-0.01543,5.27909
2015-06-30,1.57319,-0.1839,1.55381,1.23979,0.59298,8.84246,-0.0208,5.27909
2015-07-01,1.5687,-0.2,1.55176,1.08586,0.52012,8.87104,-0.02255,6.78754
2015-07-02,1.5605,-0.1494,1.56026,0.01529,0.00733,8.87399,-0.01684,6.78754
2015-07-03,1.5613,-0.2158,1.54792,0.86082,0.41442,8.84742,-0.02439,6.78754
2015-07-06,1.5556,-0.1142,1.56074,-0.33038,-0.15954,8.82873,-0.01294,6.78754
2015-07-07,1.56021,-0.2734,1.5339,1.70061,0.82846,8.8202,-0.031,6.78754
2015-07-08,1.54629,-0.1434,1.55157,-0.34107,-0.16716,8.71574,-0.01645,6.78754
2015-07-09,1.537,-0.1894,1.54445,-0.48388,-0.23861,8.74413,-0.02166,6.78754
2015-07-10,1.5374,-0.1833,1.54844,-0.7156,-0.35527,8.74188,-0.02097,6.78754
2015-07-13,1.55159,-0.181,1.55152,0.0047,0.00235,8.8143,-0.02053,6.78754
2015-07-14,1.54823,-0.1422,1.55878,-0.67913,-0.34026,8.81177,-0.01614,6.78754
2015-07-15,1.5637,-0.0997,1.56326,0.02794,0.01406,8.93593,-0.01116,6.78754
2015-07-16,1.5634,-0.1803,1.55328,0.6494,0.32877,8.92477,-0.0202,6.78754
2015-07-17,1.5613,-0.1523,1.55758,0.23875,0.12171,8.88559,-0.01714,6.78754
2015-07-20,1.56004,-0.2055,1.54777,0.78952,0.40479,8.88851,-0.02312,6.78754
2015-07-21,1.55739,-0.1776,1.5521,0.34014,0.17494,8.8132,-0.02015,6.78754
2015-07-22,1.5556,-0.2012,1.54739,0.52897,0.27304,8.81938,-0.02281,6.78754
2015-07-23,1.5614,-0.1599,1.5506,0.69435,0.35953,8.70438,-0.01837,6.78754
2015-07-24,1.55195,-0.2048,1.54133,0.68704,0.35656,8.78382,-0.02332,6.78754
2015-07-27,1.55229,-0.1658,1.54153,0.69555,0.36176,8.66894,-0.01913,6.78754
2015-07-28,1.55642,-0.1905,1.54095,0.9989,0.5215,8.60394,-0.02214,6.78754
2015-07-29,1.56111,-0.1828,1.54335,1.14403,0.60006,8.56584,-0.02134,6.78754
2015-07-30,1.56021,-0.1954,1.54175,1.18988,0.62666,8.08969,-0.02415,6.78754
2015-07-31,1.56043,-0.1982,1.53887,1.39138,0.73617,8.07934,-0.02453,6.78754
2015-08-03,1.5627,-0.1806,1.53462,1.81297,0.96366,8.06037,-0.02241,7.61672
2015-08-04,1.55904,-0.2685,1.52405,2.26981,1.21174,8.03824,-0.0334,7.61672
2015-08-05,1.5569,-0.2263,1.5284,1.84784,0.99138,7.7609,-0.02916,7.61672
2015-08-06,1.5606,-0.231,1.52539,2.28185,1.23073,7.76709,-0.02974,7.61672
2015-08-07,1.55142,-0.2457,1.52201,1.91406,1.03594,7.63875,-0.03216,7.61672
2015-08-10,1.5494,-0.2162,1.52998,1.26149,0.68548,7.54162,-0.02867,7.61672
2015-08-11,1.55853,-0.1866,1.5275,2.01085,1.09896,7.58371,-0.02461,7.61672
2015-08-12,1.55841,-0.2437,1.52281,2.3105,1.26943,7.57068,-0.03219,7.61672
2015-08-13,1.5616,-0.272,1.51927,2.74779,1.51556,7.57774,-0.03589,7.61672
2015-08-14,1.56179,-0.274,1.51974,2.72966,1.51084,7.50622,-0.0365,7.61672
2015-08-17,1.56519,-0.2867,1.51847,3.03028,1.67945,7.26995,-0.03944,7.61672
2015-08-18,1.55851,-0.2593,1.51963,2.52635,1.40163,7.31573,-0.03544,7.61672
2015-08-19,1.56649,-0.1676,1.52244,2.8521,1.58329,7.22091,-0.02321,7.61672
2015-08-20,1.56831,-0.2305,1.51186,3.66541,2.03824,6.78987,-0.03395,7.61672
2015-08-21,1.5691,-0.238,1.50412,4.22899,2.36258,6.78962,-0.03505,7.61672
2015-08-24,1.56779,-0.2143,1.49844,4.52409,2.51963,6.71722,-0.0319,7.61672
2015-08-25,1.57629,-0.2137,1.5077,4.44934,2.4725,6.75723,-0.03163,7.61672
2015-08-26,1.56959,-0.2036,1.51485,3.54982,1.96835,6.80482,-0.02992,7.61672
2015-08-27,1.5482,-0.1898,1.52887,1.25659,0.69603,7.35357,-0.02581,7.61672
2015-08-28,1.5414,-0.2297,1.52959,0.76958,0.4273,7.31114,-0.03142,7.61672
2015-08-31,1.54181,-0.2497,1.53492,0.44762,0.24895,7.08191,-0.03526,7.61672
2015-09-01,1.53631,-0.2029,1.53241,0.25408,0.14162,7.11722,-0.02851,5.69751
2015-09-02,1.53053,-0.2319,1.53099,-0.03058,-0.01706,7.13952,-0.03248,5.69751
2015-09-03,1.53081,-0.238,1.53063,0.0113,0.00631,7.02461,-0.03388,5.69751
2015-09-04,1.52621,-0.2859,1.52331,0.18997,0.10623,6.97443,-0.04099,5.69751
2015-09-07,1.5201,-0.2966,1.52239,-0.15054,-0.08428,6.98656,-0.04245,5.69751
2015-09-08,1.5283,-0.326,1.5187,0.63013,0.35348,6.94015,-0.04697,5.69751
2015-09-09,1.54019,-0.3049,1.51804,1.44896,0.81534,7.11862,-0.04283,5.69751
2015-09-10,1.53579,-0.3325,1.5179,1.17206,0.66019,7.10354,-0.04681,5.69751
2015-09-11,1.54421,-0.3496,1.51456,1.93874,1.09621,7.17806,-0.0487,5.69751
2015-09-14,1.54481,-0.3168,1.5154,1.92215,1.08993,7.15391,-0.04428,5.69751
2015-09-15,1.54271,-0.3657,1.51039,2.11747,1.2048,6.61502,-0.05528,5.69751
2015-09-16,1.5345,-0.3321,1.51418,1.33258,0.76117,6.66918,-0.0498,5.69751
2015-09-17,1.55181,-0.1964,1.53509,1.08282,0.62201,7.07028,-0.02778,5.69751
2015-09-18,1.5569,-0.2585,1.52553,2.03598,1.17684,7.07797,-0.03652,5.69751
2015-09-21,1.55289,-0.2778,1.52541,1.78565,1.0338,7.01126,-0.03962,5.69751
2015-09-22,1.55082,-0.3149,1.5231,1.80371,1.0458,7.00583,-0.04495,5.69751
2015-09-23,1.53539,-0.3118,1.52084,0.95201,0.55292,7.2555,-0.04297,5.69751
2015-09-24,1.5252,-0.3483,1.5184,0.44695,0.25983,7.34059,-0.04745,5.69751
2015-09-25,1.5227,-0.2845,1.52694,-0.27822,-0.16204,7.32016,-0.03887,5.69751
2015-09-28,1.52017,-0.2804,1.52691,-0.44247,-0.25813,7.30848,-0.03837,5.69751
2015-09-29,1.51651,-0.248,1.53201,-1.01682,-0.59454,7.25559,-0.03418,5.69751
2015-09-30,1.51579,-0.2346,1.53228,-1.08161,-0.63386,7.25292,-0.03235,5.69751
2015-10-01,1.5124,-0.246,1.52799,-1.02556,-0.60261,7.23303,-0.03401,5.24336
2015-10-02,1.51391,-0.2195,1.53076,-1.10638,-0.65262,7.20606,-0.03046,5.24336
2015-10-05,1.51941,-0.2102,1.53299,-0.88985,-0.52617,7.04157,-0.02985,5.24336
2015-10-06,1.5155,-0.1995,1.53941,-1.56557,-0.92965,6.96045,-0.02866,5.24336
2015-10-07,1.5226,-0.2016,1.53706,-0.94528,-0.56362,7.02869,-0.02868,5.24336
2015-10-08,1.53156,-0.2457,1.53471,-0.20559,-0.1231,6.87889,-0.03572,5.24336
2015-10-09,1.53513,-0.222,1.53644,-0.08522,-0.05121,6.88556,-0.03224,5.24336
2015-10-12,1.53231,-0.257,1.52597,0.41439,0.24979,6.58119,-0.03905,5.24336
2015-10-13,1.53379,-0.1991,1.53265,0.07407,0.04489,6.58619,-0.03023,5.24336
2015-10-14,1.52581,-0.2102,1.53137,-0.36408,-0.22158,6.65622,-0.03158,5.24336
2015-10-15,1.54801,-0.2523,1.52409,1.55731,0.95499,7.28448,-0.03464,5.24336
2015-10-16,1.5472,-0.2548,1.52343,1.54798,0.95382,7.27794,-0.03501,5.24336
2015-10-19,1.54381,-0.2198,1.52762,1.0542,0.652,7.28703,-0.03016,5.24336
2015-10-20,1.5472,-0.2414,1.52597,1.38122,0.85747,7.26058,-0.03325,5.24336
2015-10-21,1.5449,-0.2676,1.5218,1.5069,0.9381,7.16576,-0.03734,5.24336
2015-10-22,1.54245,-0.2608,1.52181,1.3473,0.84065,7.1719,-0.03636,5.24336
2015-10-23,1.53837,-0.255,1.52267,1.02534,0.64312,7.16747,-0.03558,5.24336
2015-10-26,1.53175,-0.2639,1.5214,0.67784,0.4268,7.18444,-0.03673,5.24336
2015-10-27,1.53579,-0.2879,1.51706,1.22731,0.77515,7.20816,-0.03994,5.24336
2015-10-28,1.5313,-0.3409,1.51455,1.09967,0.69717,7.22751,-0.04717,5.24336
2015-10-29,1.52718,-0.2749,1.52264,0.29828,0.18975,7.23421,-0.038,5.24336
2015-10-30,1.53238,-0.2603,1.5263,0.39771,0.25367,7.26146,-0.03585,5.24336
2015-11-02,1.54416,-0.2827,1.52142,1.48348,0.94823,7.42873,-0.03805,7.49057
2015-11-03,1.5424,-0.2677,1.52721,0.98942,0.6333,7.41388,-0.03611,7.49057
2015-11-04,1.54192,-0.2921,1.52082,1.37802,0.88421,7.32259,-0.03989,7.49057
2015-11-05,1.53901,-0.3349,1.51398,1.63967,1.05404,7.32751,-0.0457,7.49057
2015-11-06,1.52101,-0.3394,1.51198,0.59505,0.38293,7.58698,-0.04473,7.49057
2015-11-09,1.5055,-0.3502,1.51132,-0.38543,-0.24861,7.83846,-0.04468,7.49057
2015-11-10,1.5121,-0.3579,1.51011,0.13186,0.08529,7.88355,-0.0454,7.49057
2015-11-11,1.51389,-0.3393,1.50958,0.28478,0.1846,7.88983,-0.043,7.49057
2015-11-12,1.52251,-0.376,1.50221,1.34232,0.87116,7.96874,-0.04718,7.49057
2015-11-13,1.52346,-0.3473,1.5059,1.15941,0.75315,7.93295,-0.04378,7.49057
2015-11-16,1.52179,-0.3826,1.50044,1.41272,0.91907,7.85573,-0.0487,7.49057
2015-11-17,1.5205,-0.3407,1.50639,0.93213,0.60742,7.84917,-0.04341,7.49057
2015-11-18,1.522,-0.4054,1.49807,1.58453,1.03534,7.85228,-0.05163,7.49057
2015-11-19,1.52393,-0.4271,1.49549,1.88335,1.23379,7.85969,-0.05434,7.49057
2015-11-20,1.52882,-0.4754,1.48935,2.61586,1.71444,7.80512,-0.06091,7.49057
2015-11-23,1.51899,-0.4641,1.49153,1.82448,1.19466,7.8601,-0.05905,7.49057
2015-11-24,1.51291,-0.442,1.49744,1.02747,0.67373,7.42548,-0.05952,7.49057
2015-11-25,1.50859,-0.4171,1.50042,0.54293,0.3566,7.39769,-0.05638,7.49057
2015-11-26,1.51236,-0.4578,1.49508,1.14901,0.75601,7.4185,-0.06171,7.49057
2015-11-27,1.50998,-0.4477,1.49374,1.08121,0.71237,7.39348,-0.06055,7.49057
2015-11-30,1.5039,-0.4392,1.49499,0.59422,0.39243,7.39879,-0.05936,7.49057
2015-12-01,1.5058,-0.4329,1.49461,0.74603,0.49361,7.40469,-0.05846,5.66849
2015-12-02,1.5078,-0.484,1.48442,1.56274,1.0349,7.39002,-0.06549,5.66849
2015-12-03,1.4949,-0.4831,1.48873,0.414,0.27404,7.54138,-0.06406,5.66849
2015-12-04,1.5135,-0.4213,1.49336,1.33966,0.88713,7.87582,-0.05349,5.66849
2015-12-07,1.51126,-0.4741,1.48205,1.95188,1.29317,7.71408,-0.06146,5.66849
2015-12-08,1.50503,-0.4836,1.48082,1.62153,1.07408,7.73539,-0.06252,5.66849
2015-12-09,1.50101,-0.3942,1.49347,0.50298,0.33325,7.65879,-0.05147,5.66849
2015-12-10,1.5184,-0.4517,1.48481,2.23655,1.48327,8.02319,-0.0563,5.66849
2015-12-11,1.51609,-0.3734,1.49332,1.51359,1.00262,8.02412,-0.04653,5.66849
2015-12-14,1.5199,-0.4617,1.48109,2.58632,1.71338,7.97618,-0.05788,5.66849
2015-12-15,1.51607,-0.407,1.48948,1.76945,1.16976,7.64663,-0.05323,5.66849
2015-12-16,1.50437,-0.4547,1.47884,1.71166,1.13118,7.75005,-0.05867,5.66849
2015-12-17,1.49779,-0.5013,1.47323,1.65365,1.09237,7.77763,-0.06445,5.66849
2015-12-18,1.49296,-0.4463,1.48097,0.80659,0.53271,7.79439,-0.05726,5.66849
2015-12-21,1.49082,-0.4578,1.47733,0.90942,0.60155,7.55943,-0.06056,5.66849
2015-12-22,1.48969,-0.4459,1.4775,0.8219,0.54413,7.45446,-0.05982,5.66849
2015-12-23,1.48234,-0.4347,1.48161,0.04914,0.03256,7.50645,-0.05791,5.66849
2015-12-24,1.4877,-0.4401,1.48216,0.37271,0.24717,7.54512,-0.05833,5.66849
2015-12-25,1.49142,-0.4401,1.4822,0.62021,0.41156,7.55433,-0.05826,5.66849
2015-12-28,1.49321,-0.4401,1.47989,0.8961,0.59473,7.55982,-0.05822,5.66849
2015-12-29,1.4894,-0.5159,1.47172,1.19454,0.7933,7.5634,-0.06821,5.66849
2015-12-30,1.48223,-0.4338,1.48081,0.09577,0.06362,7.61414,-0.05697,5.66849
2015-12-31,1.48192,-0.4215,1.4849,-0.20064,-0.13346,7.57158,-0.05567,5.66849
2016-01-01,1.47384,-0.4215,1.48483,-0.74317,-0.4948,7.62727,-0.05526,2.30357
2016-01-04,1.47371,-0.466,1.47952,-0.39384,-0.26259,7.55643,-0.06167,2.30357
2016-01-05,1.47141,-0.4774,1.47531,-0.26489,-0.17728,7.44667,-0.06411,2.30357
2016-01-06,1.46739,-0.4706,1.47161,-0.28712,-0.19319,7.43353,-0.06331,2.30357
2016-01-07,1.46299,-0.4257,1.47923,-1.10392,-0.74498,7.44431,-0.05718,2.30357
2016-01-08,1.46269,-0.4293,1.47907,-1.11319,-0.75365,7.43712,-0.05772,2.30357
2016-01-11,1.4525,-0.4396,1.4705,-1.2321,-0.83741,7.48887,-0.0587,2.30357
2016-01-12,1.4544,-0.4242,1.46937,-1.02427,-0.69787,6.83549,-0.06206,2.30357
2016-01-13,1.44363,-0.4026,1.47209,-1.95222,-1.3322,6.95499,-0.05789,2.30357
2016-01-14,1.4408,-0.4311,1.4688,-1.92504,-1.31515,6.95365,-0.062,2.30357
2016-01-15,1.44271,-0.4568,1.46626,-1.61889,-1.10629,6.93911,-0.06583,2.30357
2016-01-18,1.42741,-0.4215,1.47083,-2.99683,-2.04856,7.19722,-0.05856,2.30357
2016-01-19,1.42531,-0.4261,1.46192,-2.53563,-1.727,7.19703,-0.0592,2.30357
2016-01-20,1.41824,-0.4391,1.45707,-2.70108,-1.83543,7.23034,-0.06073,2.30357
2016-01-21,1.41985,-0.394,1.46636,-3.22326,-2.18408,7.21987,-0.05457,2.30357
2016-01-22,1.42268,-0.404,1.47088,-3.33234,-2.24916,7.207,-0.05606,2.30357
2016-01-25,1.426,-0.4168,1.46408,-2.63488,-1.77095,7.23296,-0.05763,2.30357
2016-01-26,1.4243,-0.3878,1.47055,-3.19562,-2.1431,7.22603,-0.05367,2.30357
2016-01-27,1.43431,-0.3696,1.47648,-2.89758,-1.93577,7.35232,-0.05027,2.30357
2016-01-28,1.42491,-0.3678,1.47811,-3.66606,-2.44251,7.21688,-0.05096,2.30357
2016-01-29,1.4362,-0.4075,1.47346,-2.56121,-1.69716,7.44644,-0.05472,2.30357
2016-02-01,1.4246,-0.3945,1.4745,-3.44249,-2.27602,7.57375,-0.05209,0.11086
2016-02-02,1.44279,-0.365,1.47279,-2.05754,-1.35424,8.06913,-0.04523,0.11086
2016-02-03,1.44092,-0.3993,1.47484,-2.32684,-1.52903,7.7688,-0.0514,0.11086
2016-02-04,1.45858,-0.3443,1.47994,-1.45427,-0.95367,7.95968,-0.04326,0.11086
2016-02-05,1.45811,-0.3395,1.47979,-1.47628,-0.96734,7.89787,-0.04299,0.11086
2016-02-08,1.45121,-0.3987,1.4693,-1.23876,-0.81097,7.93305,-0.05026,0.11086
2016-02-09,1.44361,-0.3747,1.46368,-1.38086,-0.90341,7.87854,-0.04756,0.11086
2016-02-10,1.44659,-0.3548,1.46749,-1.43446,-0.9379,7.89473,-0.04494,0.11086
2016-02-11,1.45264,-0.4562,1.45234,0.02082,0.0136,7.95742,-0.05733,0.11086
2016-02-12,1.44823,-0.4153,1.46756,-1.32619,-0.86701,7.97079,-0.0521,0.11086
2016-02-15,1.4518,-0.401,1.46915,-1.18764,-0.77622,7.98949,-0.05019,0.11086
2016-02-16,1.44592,-0.4416,1.45937,-0.92585,-0.6049,8.00584,-0.05516,0.11086
2016-02-17,1.43039,-0.4314,1.46719,-2.54044,-1.65938,8.20615,-0.05257,0.11086
2016-02-18,1.42816,-0.4183,1.46751,-2.71785,-1.77084,8.13357,-0.05143,0.11086
2016-02-19,1.43332,-0.4766,1.45522,-1.51619,-0.98488,8.16066,-0.0584,0.11086
2016-02-22,1.42659,-0.4944,1.45761,-2.15084,-1.39623,8.1874,-0.06039,0.11086
2016-02-23,1.41481,-0.4666,1.45704,-2.94122,-1.90574,8.29011,-0.05628,0.11086
2016-02-24,1.40135,-0.5154,1.45425,-3.7059,-2.39282,8.4624,-0.0609,0.11086
2016-02-25,1.39295,-0.4594,1.46263,-4.88122,-3.13475,8.49847,-0.05406,0.11086
2016-02-26,1.39665,-0.499,1.45703,-4.23256,-2.69222,8.51941,-0.05857,0.11086
2016-02-29,1.38619,-0.5572,1.45266,-4.6835,-2.95812,8.5962,-0.06482,0.11086
2016-03-01,1.3928,-0.5957,1.44572,-3.7294,-2.3354,8.55264,-0.06965,-1.25904
2016-03-02,1.39639,-0.5568,1.45261,-3.94715,-2.45853,8.13939,-0.06841,-1.25904
2016-03-03,1.40809,-0.5459,1.45365,-3.18426,-1.97163,8.36352,-0.06527,-1.25904
2016-03-04,1.41749,-0.564,1.45606,-2.68447,-1.65584,8.4831,-0.06649,-1.25904
2016-03-07,1.4215,-0.617,1.45547,-2.36123,-1.45252,8.50895,-0.07251,-1.25904
2016-03-08,1.42613,-0.6054,1.45414,-1.94501,-1.19408,8.1739,-0.07407,-1.25904
2016-03-09,1.42086,-0.5707,1.46203,-2.85665,-1.75152,8.19122,-0.06967,-1.25904
2016-03-10,1.4207,-0.5585,1.46021,-2.74331,-1.67694,8.16198,-0.06843,-1.25904
2016-03-11,1.42878,-0.5428,1.46177,-2.28322,-1.39204,8.26661,-0.06566,-1.25904
2016-03-14,1.438,-0.5637,1.4567,-1.29176,-0.78605,8.27866,-0.06809,-1.25904
2016-03-15,1.4282,-0.6042,1.44894,-1.44119,-0.87645,8.33715,-0.07247,-1.25904
2016-03-16,1.41563,-0.5345,1.46087,-3.14567,-1.91166,8.47928,-0.06304,-1.25904
2016-03-17,1.42552,-0.5728,1.4582,-2.26708,-1.37281,8.6206,-0.06645,-1.25904
2016-03-18,1.44781,-0.5202,1.46352,-1.07938,-0.65267,9.21116,-0.05647,-1.25904
2016-03-21,1.4468,-0.5481,1.46034,-0.9312,-0.56303,9.16595,-0.0598,-1.25904
2016-03-22,1.43701,-0.6092,1.45309,-1.11306,-0.67297,9.21763,-0.06609,-1.25904
2016-03-23,1.4225,-0.5639,1.45616,-2.33879,-1.41363,9.39303,-0.06003,-1.25904
2016-03-24,1.41169,-0.5588,1.45626,-3.10803,-1.87528,9.48394,-0.05892,-1.25904
2016-03-25,1.41301,-0.5588,1.45583,-2.98577,-1.79551,9.48475,-0.05892,-1.25904
2016-03-28,1.41311,-0.5388,1.45823,-3.143,-1.88434,9.45147,-0.05701,-1.25904
2016-03-29,1.42633,-0.4937,1.4593,-2.28512,-1.36539,9.66344,-0.05109,-1.25904
2016-03-30,1.43864,-0.4379,1.46667,-1.92931,-1.15085,9.78445,-0.04475,-1.25904
2016-03-31,1.4374,-0.4345,1.46828,-2.12544,-1.26624,9.78473,-0.04441,-1.25904
2016-04-01,1.4367,-0.4603,1.46346,-1.84557,-1.09785,9.78189,-0.04706,-2.34856
2016-04-04,1.42245,-0.4472,1.46054,-2.64218,-1.57004,9.95794,-0.04491,-2.34856
2016-04-05,1.42649,-0.4443,1.46276,-2.51039,-1.48829,9.96659,-0.04458,-2.34856
2016-04-06,1.41563,-0.4731,1.46259,-3.26318,-1.93038,10.07118,-0.04698,-2.34856
2016-04-07,1.41381,-0.4658,1.46479,-3.5423,-2.08808,9.9863,-0.04664,-2.34856
2016-04-08,1.4058,-0.4517,1.47253,-4.63775,-2.72211,10.03462,-0.04501,-2.34856
2016-04-11,1.41301,-0.4284,1.47905,-4.56784,-2.66155,9.99802,-0.04285,-2.34856
2016-04-12,1.42341,-0.4393,1.48025,-3.9155,-2.26572,10.10893,-0.04346,-2.34856
2016-04-13,1.4269,-0.4452,1.47613,-3.39189,-1.95295,10.1183,-0.044,-2.34856
2016-04-14,1.4192,-0.4719,1.47095,-3.58118,-2.05423,9.95011,-0.04743,-2.34856
2016-04-15,1.41461,-0.4524,1.47101,-3.91001,-2.23365,9.96642,-0.04539,-2.34856
2016-04-18,1.41743,-0.4244,1.47339,-3.87161,-2.20099,9.9258,-0.04276,-2.34856
2016-04-19,1.42898,-0.4075,1.47811,-3.38049,-1.91273,10.05573,-0.04052,-2.34856
2016-04-20,1.43895,-0.5115,1.46803,-2.00046,-1.12826,10.14227,-0.05043,-2.34856
2016-04-21,1.4339,-0.4496,1.47432,-2.78015,-1.56656,10.15929,-0.04426,-2.34856
2016-04-22,1.4323,-0.4534,1.47356,-2.84036,-1.59679,10.15889,-0.04463,-2.34856
2016-04-25,1.44467,-0.4497,1.47383,-1.99817,-1.12062,10.20803,-0.04405,-2.34856
2016-04-26,1.44907,-0.416,1.48156,-2.21794,-1.24258,10.13274,-0.04106,-2.34856
2016-04-27,1.45773,-0.3708,1.49125,-2.27347,-1.27199,10.08072,-0.03678,-2.34856
2016-04-28,1.45421,-0.3393,1.50108,-3.17268,-1.7726,9.95262,-0.03409,-2.34856
2016-04-29,1.46113,-0.3377,1.50207,-2.76333,-1.53959,9.67467,-0.03491,-2.34856
2016-05-02,1.46028,-0.3777,1.49403,-2.28466,-1.2704,9.67123,-0.03905,-0.09528
2016-05-03,1.4666,-0.3689,1.4935,-1.81787,-1.00933,9.3999,-0.03925,-0.09528
2016-05-04,1.4551,-0.3599,1.48984,-2.35977,-1.30906,9.53365,-0.03775,-0.09528
2016-05-05,1.4507,-0.3728,1.48864,-2.58112,-1.4298,9.50528,-0.03922,-0.09528
2016-05-06,1.44928,-0.4471,1.47632,-1.84858,-1.02222,9.44765,-0.04732,-0.09528
2016-05-09,1.44308,-0.4281,1.47383,-2.1084,-1.1647,9.47815,-0.04517,-0.09528
2016-05-10,1.44155,-0.4434,1.47459,-2.26624,-1.25025,9.44135,-0.04696,-0.09528
2016-05-11,1.44515,-0.444,1.4821,-2.52484,-1.39082,9.43666,-0.04705,-0.09528
2016-05-12,1.44383,-0.4702,1.47868,-2.38451,-1.31126,9.42447,-0.04989,-0.09528
2016-05-13,1.44452,-0.473,1.47868,-2.33693,-1.28376,9.39041,-0.05037,-0.09528
2016-05-16,1.43493,-0.492,1.47773,-2.93931,-1.61217,9.23249,-0.05329,-0.09528
2016-05-17,1.44469,-0.5428,1.47238,-1.89868,-1.03883,9.32365,-0.05822,-0.09528
2016-05-18,1.44553,-0.5918,1.46461,-1.31149,-0.7168,9.2981,-0.06365,-0.09528
2016-05-19,1.45962,-0.5569,1.47004,-0.71125,-0.38855,9.43877,-0.059,-0.09528
2016-05-20,1.46011,-0.5244,1.47238,-0.83698,-0.45717,9.27329,-0.05655,-0.09528
2016-05-23,1.44907,-0.5213,1.47306,-1.64245,-0.89697,9.19454,-0.0567,-0.09528
2016-05-24,1.44818,-0.5169,1.47127,-1.58188,-0.8632,9.1014,-0.05679,-0.09528
2016-05-25,1.46126,-0.5205,1.47207,-0.7368,-0.40178,9.24613,-0.05629,-0.09528
2016-05-26,1.46983,-0.5039,1.4731,-0.22194,-0.12101,9.14829,-0.05508,-0.09528
2016-05-27,1.46649,-0.5161,1.46978,-0.22393,-0.12209,9.13692,-0.05649,-0.09528
2016-05-30,1.46265,-0.5161,1.46975,-0.48395,-0.26386,9.15537,-0.05637,-0.09528
2016-05-31,1.46351,-0.5018,1.47523,-0.79776,-0.43496,9.02389,-0.05561,-0.09528
2016-06-01,1.44825,-0.5874,1.46188,-0.93722,-0.51089,9.20656,-0.0638,-1.94533
2016-06-02,1.44194,-0.5899,1.46085,-1.30272,-0.70998,9.23993,-0.06384,-1.94533
2016-06-03,1.44055,-0.5248,1.46951,-1.99032,-1.08449,9.22236,-0.05691,-1.94533
2016-06-06,1.43839,-0.5438,1.46889,-2.09822,-1.14218,9.19536,-0.05914,-1.94533
2016-06-07,1.44592,-0.533,1.47334,-1.87868,-1.0216,9.24981,-0.05762,-1.94533
2016-06-08,1.45436,-0.5138,1.47869,-1.65924,-0.90167,9.25328,-0.05553,-1.94533
2016-06-09,1.45184,-0.5092,1.4793,-1.87368,-1.0176,9.17634,-0.05549,-1.94533
2016-06-10,1.44638,-0.4614,1.4886,-2.87676,-1.56113,9.10159,-0.05069,-1.94533
2016-06-13,1.41888,-0.4437,1.49785,-5.41623,-2.93334,9.73328,-0.04559,-1.94533
2016-06-14,1.42068,-0.53,1.48124,-4.17473,-2.24331,9.63474,-0.05501,-1.94533
2016-06-15,1.41237,-0.4872,1.48491,-5.0086,-2.67873,9.16804,-0.05314,-1.94533
2016-06-16,1.41959,-0.5004,1.4768,-3.95098,-2.09952,9.23325,-0.0542,-1.94533
2016-06-17,1.42957,-0.4869,1.48332,-3.69044,-1.95298,9.2515,-0.05263,-1.94533
2016-06-20,1.4586,-0.4238,1.4953,-2.48484,-1.31074,9.87094,-0.04293,-1.94533
2016-06-21,1.4675,-0.4348,1.4934,-1.74967,-0.92198,9.79868,-0.04437,-1.94533
2016-06-22,1.46703,-0.3925,1.5028,-2.40894,-1.26865,9.80024,-0.04005,-1.94533
2016-06-23,1.47894,-0.4079,1.49641,-1.17425,-0.61769,9.91327,-0.04115,-1.94533
2016-06-24,1.45579,-0.5363,1.4807,-1.6961,-0.89218,10.29214,-0.05211,-1.94533
2016-06-27,1.3451,-0.6084,1.46311,-8.40997,-4.42085,18.82791,-0.03231,-1.94533
2016-06-28,1.3235,-0.5817,1.46195,-9.94856,-5.13391,19.06897,-0.03051,-1.94533
2016-06-29,1.3351,-0.6328,1.45217,-8.40565,-4.22995,19.17376,-0.033,-1.94533
2016-06-30,1.34658,-0.6351,1.44632,-7.14535,-3.53488,19.18629,-0.0331,-1.94533
2016-07-01,1.33287,-0.6158,1.44729,-8.23605,-4.02535,19.26163,-0.03197,-8.02324
2016-07-04,1.32899,-0.6473,1.4392,-7.96699,-3.83357,19.21926,-0.03368,-8.02324
2016-07-05,1.32799,-0.6216,1.43983,-8.08611,-3.83669,19.21923,-0.03234,-8.02324
2016-07-06,1.29579,-0.6248,1.43794,-10.40891,-4.87105,19.76857,-0.03161,-8.02324
2016-07-07,1.29259,-0.631,1.42979,-10.08814,-4.61512,19.72678,-0.03199,-8.02324
2016-07-08,1.29157,-0.634,1.42518,-9.84371,-4.41475,19.64714,-0.03227,-8.02324
2016-07-11,1.29462,-0.6855,1.41089,-8.60091,-3.7868,19.64634,-0.03489,-8.02324
2016-07-12,1.29811,-0.7255,1.40244,-7.73035,-3.35972,19.64843,-0.03692,-8.02324
2016-07-13,1.32783,-0.7622,1.38646,-4.32132,-1.85896,20.22376,-0.03769,-8.02324
2016-07-14,1.31197,-0.7506,1.38871,-5.68436,-2.43773,20.33301,-0.03692,-8.02324
2016-07-15,1.33579,-0.7854,1.37786,-3.10099,-1.32302,20.61151,-0.0381,-8.02324
2016-07-18,1.32296,-0.7786,1.37665,-3.97806,-1.69511,20.61629,-0.03777,-8.02324
2016-07-19,1.32689,-0.7471,1.38137,-4.02359,-1.71105,20.62916,-0.03622,-8.02324
2016-07-20,1.31084,-0.7718,1.37386,-4.6958,-1.99167,20.74486,-0.0372,-8.02324
2016-07-21,1.32645,-0.7319,1.3828,-4.15988,-1.75811,20.81836,-0.03516,-8.02324
2016-07-22,1.32461,-0.794,1.36317,-2.86938,-1.20937,20.79921,-0.03817,-8.02324
2016-07-25,1.31297,-0.8262,1.35383,-3.06443,-1.28991,20.796,-0.03973,-8.02324
2016-07-26,1.31079,-0.796,1.36105,-3.76245,-1.5814,20.79544,-0.03828,-8.02324
2016-07-27,1.31529,-0.8061,1.35483,-2.96177,-1.24185,20.78054,-0.03879,-8.02324
2016-07-28,1.32378,-0.8118,1.35111,-2.04326,-0.85549,20.84283,-0.03895,-8.02324
2016-07-29,1.31619,-0.7644,1.36134,-3.37309,-1.41127,20.82478,-0.03671,-8.02324
2016-08-01,1.32163,-0.7633,1.36182,-2.99508,-1.25068,20.81891,-0.03666,-8.89767
2016-08-02,1.31855,-0.7167,1.37473,-4.17268,-1.73977,20.81736,-0.03443,-8.89767
2016-08-03,1.33378,-0.7342,1.36989,-2.67131,-1.11053,20.97904,-0.035,-8.89767
2016-08-04,1.3328,-0.8407,1.34047,-0.57346,-0.23816,20.97068,-0.04009,-8.89767
2016-08-05,1.31292,-0.9158,1.31768,-0.36178,-0.15026,21.1505,-0.0433,-8.89767
2016-08-08,1.30858,-0.9865,1.30005,0.6536,0.27155,21.13798,-0.04667,-8.89767
2016-08-09,1.30324,-0.9414,1.31227,-0.69035,-0.28683,21.14347,-0.04452,-8.89767
2016-08-10,1.30071,-0.9249,1.316,-1.16844,-0.48553,21.13922,-0.04375,-8.89767
2016-08-11,1.30202,-0.9877,1.30034,0.12859,0.05342,21.1211,-0.04676,-8.89767
2016-08-12,1.29549,-0.9372,1.31483,-1.48175,-0.61561,21.0639,-0.04449,-8.89767
2016-08-15,1.29099,-0.962,1.3096,-1.43144,-0.59449,21.06145,-0.04568,-8.89767
2016-08-16,1.28831,-0.9135,1.32476,-2.78985,-1.15836,20.93144,-0.04364,-8.89767
2016-08-17,1.30337,-0.9623,1.31002,-0.5089,-0.21106,21.10328,-0.0456,-8.89767
2016-08-18,1.30446,-0.9097,1.32389,-1.47855,-0.61319,21.07658,-0.04316,-8.89767
2016-08-19,1.31666,-0.9022,1.32519,-0.64626,-0.26797,21.1898,-0.04258,-8.89767
2016-08-22,1.3056,-0.9327,1.31647,-0.82875,-0.34361,21.12523,-0.04415,-8.89767
2016-08-23,1.31372,-0.9254,1.31921,-0.41721,-0.17301,21.13044,-0.04379,-8.89767
2016-08-24,1.31961,-0.8845,1.3314,-0.88917,-0.3688,21.16716,-0.04179,-8.89767
2016-08-25,1.32345,-0.9183,1.32262,0.06277,0.02603,21.18599,-0.04334,-8.89767
2016-08-26,1.31944,-0.9964,1.30122,1.38996,0.57674,21.18328,-0.04704,-8.89767
2016-08-29,1.31285,-0.9464,1.31364,-0.05991,-0.02485,21.11861,-0.04481,-8.89767
2016-08-30,1.31079,-0.9375,1.31538,-0.3497,-0.14513,21.11091,-0.04441,-8.89767
2016-08-31,1.30907,-0.9656,1.30648,0.1984,0.08235,21.11066,-0.04574,-8.89767
2016-09-01,1.31337,-0.9374,1.31439,-0.07731,-0.03211,21.13245,-0.04436,-8.35638
2016-09-02,1.32749,-0.9211,1.31572,0.89096,0.37018,21.23076,-0.04339,-8.35638
2016-09-05,1.32943,-0.9407,1.31047,1.43636,0.59694,21.1888,-0.0444,-8.35638
2016-09-06,1.33138,-0.9047,1.32134,0.75699,0.31492,21.19656,-0.04268,-8.35638
2016-09-07,1.3421,-0.9069,1.32156,1.54268,0.64235,21.27345,-0.04263,-8.35638
2016-09-08,1.33387,-0.9134,1.3237,0.76504,0.31878,20.98265,-0.04353,-8.35638
2016-09-09,1.33103,-0.891,1.33636,-0.40008,-0.16683,20.97887,-0.04247,-8.35638
2016-09-12,1.32732,-0.8787,1.33641,-0.68291,-0.28511,20.95911,-0.04192,-8.35638
2016-09-13,1.33387,-0.9041,1.33221,0.12417,0.05187,20.95709,-0.04314,-8.35638
2016-09-14,1.31944,-0.8572,1.34431,-1.86745,-0.78102,20.98496,-0.04085,-8.35638
2016-09-15,1.32644,-0.8557,1.34245,-1.2003,-0.50215,20.57698,-0.04159,-8.35638
2016-09-16,1.32477,-0.8905,1.32964,-0.36697,-0.15389,20.51916,-0.0434,-8.35638
2016-09-19,1.30163,-0.8971,1.32823,-2.02369,-0.85155,20.76479,-0.0432,-8.35638
2016-09-20,1.30446,-0.9237,1.32096,-1.25677,-0.53,20.68275,-0.04466,-8.35638
2016-09-21,1.29853,-0.9203,1.31689,-1.4036,-0.59273,20.49983,-0.04489,-8.35638
2016-09-22,1.30361,-0.949,1.30622,-0.1997,-0.08449,13.20791,-0.07185,-8.35638
2016-09-23,1.30873,-0.923,1.31118,-0.18705,-0.07929,12.8444,-0.07186,-8.35638
2016-09-26,1.29786,-0.9148,1.32134,-1.79278,-0.76169,12.81721,-0.07137,-8.35638
2016-09-27,1.29695,-0.9193,1.31375,-1.28737,-0.54746,12.68555,-0.07247,-8.35638
2016-09-28,1.30124,-0.9291,1.31298,-0.89881,-0.3825,12.5557,-0.074,-8.35638
2016-09-29,1.30395,-0.8868,1.32998,-1.97675,-0.84124,12.5545,-0.07064,-8.35638
2016-09-30,1.29634,-0.8699,1.33216,-2.72526,-1.15977,12.60324,-0.06902,-8.35638
2016-10-03,1.29316,-0.9422,1.31202,-1.44795,-0.61572,11.61797,-0.0811,-12.93564
2016-10-04,1.28485,-0.9412,1.31481,-2.30512,-0.98103,11.6789,-0.08059,-12.93564
2016-10-05,1.27324,-0.9751,1.30447,-2.4233,-1.0308,11.81586,-0.08252,-12.93564
2016-10-06,1.27551,-0.9525,1.31075,-2.72559,-1.15895,11.81136,-0.08064,-12.93564
2016-10-07,1.24023,-0.8718,1.33418,-7.30192,-3.10122,13.03785,-0.06687,-12.93564
2016-10-10,1.24347,-0.8136,1.3497,-8.19776,-3.45269,12.16565,-0.06688,-12.93564
2016-10-11,1.23411,-0.8772,1.33534,-7.88366,-3.28208,12.03432,-0.07289,-12.93564
2016-10-12,1.2279,-0.8485,1.34257,-8.92796,-3.6799,11.42557,-0.07426,-12.93564
2016-10-13,1.21877,-0.8289,1.34861,-10.12334,-4.11805,11.36908,-0.07291,-12.93564
2016-10-14,1.2222,-0.7725,1.36287,-10.89429,-4.36013,11.36667,-0.06796,-12.93564
2016-10-17,1.21832,-0.7449,1.36956,-11.70149,-4.59807,11.1575,-0.06676,-12.93564
2016-10-18,1.2219,-0.7438,1.36697,-11.21913,-4.31903,10.87411,-0.0684,-12.93564
2016-10-19,1.23047,-0.7401,1.36658,-10.49183,-3.96654,10.9998,-0.06728,-12.93564
2016-10-20,1.22895,-0.7564,1.35745,-9.94451,-3.70232,10.88937,-0.06946,-12.93564
2016-10-21,1.22564,-0.739,1.36179,-10.53395,-3.86955,10.89371,-0.06784,-12.93564
2016-10-24,1.22191,-0.7483,1.35668,-10.46277,-3.78841,10.86209,-0.06889,-12.93564
2016-10-25,1.22175,-0.7762,1.34653,-9.72492,-3.4724,10.75397,-0.07218,-12.93564
2016-10-26,1.21758,-0.7176,1.3654,-11.45821,-4.04382,10.72448,-0.06691,-12.93564
2016-10-27,1.22354,-0.693,1.37517,-11.68255,-4.05861,10.74086,-0.06452,-12.93564
2016-10-28,1.21714,-0.6834,1.37785,-12.40259,-4.24406,10.76885,-0.06346,-12.93564
2016-10-31,1.2216,-0.6868,1.37539,-11.85796,-3.98711,10.50256,-0.06539,-12.93564
2016-11-01,1.22369,-0.6502,1.38885,-12.66017,-4.19207,10.52019,-0.0618,-10.0162
2016-11-02,1.22386,-0.692,1.37222,-11.44273,-3.72664,10.14985,-0.06818,-10.0162
2016-11-03,1.23047,-0.6725,1.37934,-11.42088,-3.6699,10.22214,-0.06579,-10.0162
2016-11-04,1.24688,-0.7105,1.36341,-8.93394,-2.83401,10.58941,-0.0671,-10.0162
2016-11-07,1.24891,-0.7194,1.35721,-8.31622,-2.61984,10.59644,-0.06789,-10.0162
2016-11-08,1.23993,-0.7315,1.35185,-8.64224,-2.70598,10.67176,-0.06855,-10.0162
2016-11-09,1.23885,-0.8837,1.29638,-4.53947,-1.41311,10.63679,-0.08308,-10.0162
2016-11-10,1.24208,-0.873,1.29922,-4.49737,-1.39795,10.642,-0.08203,-10.0162
2016-11-11,1.25534,-0.8595,1.30309,-3.7332,-1.15983,10.87126,-0.07906,-10.0162
2016-11-14,1.25739,-0.9191,1.28134,-1.88699,-0.58632,10.60202,-0.08669,-10.0162
2016-11-15,1.25203,-0.9801,1.26148,-0.75176,-0.23405,10.6236,-0.09226,-10.0162
2016-11-16,1.24564,-0.957,1.26895,-1.85372,-0.57798,10.46469,-0.09145,-10.0162
2016-11-17,1.24425,-1.0194,1.24724,-0.24009,-0.07521,10.35184,-0.09848,-10.0162
2016-11-18,1.241,-1.0439,1.23909,0.15407,0.0484,10.26064,-0.10174,-10.0162
2016-11-21,1.23244,-1.0664,1.23222,0.0175,0.00552,10.27103,-0.10383,-10.0162
2016-11-22,1.24938,-1.0758,1.22883,1.65774,0.525,10.65814,-0.10094,-10.0162
2016-11-23,1.24239,-1.1021,1.21984,1.83163,0.58383,10.69125,-0.10308,-10.0162
2016-11-24,1.24332,-1.1335,1.2095,2.75747,0.8833,10.6646,-0.10629,-10.0162
2016-11-25,1.24528,-1.1547,1.20255,3.4921,1.12422,10.67472,-0.10817,-10.0162
2016-11-28,1.24813,-1.1666,1.19891,4.02309,1.30063,10.69208,-0.10911,-10.0162
2016-11-29,1.24116,-1.1422,1.20716,2.77752,0.90303,10.70336,-0.10671,-10.0162
2016-11-30,1.24922,-1.1724,1.19781,4.20228,1.37301,10.54975,-0.11113,-10.0162
2016-12-01,1.25172,-1.2031,1.18787,5.23567,1.7191,10.55534,-0.11398,-7.55361
2016-12-02,1.25897,-1.208,1.18713,5.87589,1.93733,10.63045,-0.11364,-7.55361
2016-12-05,1.26678,-1.1976,1.19328,5.97748,1.97591,10.57422,-0.11326,-7.55361
2016-12-06,1.27285,-1.1791,1.20076,5.83053,1.92767,10.58009,-0.11145,-7.55361
2016-12-07,1.26711,-1.1703,1.20429,5.08453,1.68111,10.6036,-0.11037,-7.55361
2016-12-08,1.26279,-1.1973,1.19652,5.39041,1.77986,10.60914,-0.11286,-7.55361
2016-12-09,1.25849,-1.2187,1.19217,5.41405,1.78409,10.55744,-0.11544,-7.55361
2016-12-12,1.25976,-1.1968,1.19963,4.89101,1.60826,10.36782,-0.11543,-7.55361
2016-12-13,1.26759,-1.2534,1.18345,6.86795,2.25419,10.39063,-0.12063,-7.55361
2016-12-14,1.2663,-1.3877,1.14476,10.09069,3.29633,10.39023,-0.13356,-7.55361
2016-12-15,1.25382,-1.3776,1.15181,8.48676,2.74445,9.98662,-0.13794,-7.55361
2016-12-16,1.24239,-1.3644,1.15928,6.92361,2.22296,10.11538,-0.13488,-7.55361
2016-12-19,1.24891,-1.3604,1.16296,7.12973,2.27824,10.15598,-0.13395,-7.55361
2016-12-20,1.239,-1.3877,1.15766,6.79048,2.15897,10.21829,-0.13581,-7.55361
2016-12-21,1.23655,-1.4075,1.15401,6.90803,2.18649,10.17543,-0.13832,-7.55361
2016-12-22,1.23548,-1.4136,1.15462,6.7692,2.13383,10.06247,-0.14048,-7.55361
2016-12-23,1.2285,-1.4372,1.15025,6.58136,2.06723,10.10976,-0.14216,-7.55361
2016-12-26,1.22895,-1.4372,1.15238,6.43316,2.01288,10.07767,-0.14261,-7.55361
2016-12-27,1.2276,-1.4672,1.14645,6.83861,2.13162,10.05937,-0.14585,-7.55361
2016-12-28,1.2276,-1.4415,1.15555,6.04851,1.87758,10.01164,-0.14398,-7.55361
2016-12-29,1.22249,-1.4263,1.1616,5.10919,1.58065,10.02848,-0.14222,-7.55361
2016-12-30,1.2288,-1.3951,1.17166,4.76163,1.46989,10.03559,-0.13902,-7.55361
2017-01-02,1.2349,-1.3951,1.17322,5.12381,1.57839,9.95181,-0.14019,-9.22672
2017-01-03,1.2282,-1.3156,1.19606,2.65198,0.81503,9.98973,-0.1317,-9.22672
2017-01-04,1.22456,-1.3179,1.1966,2.30985,0.70949,8.30648,-0.15866,-9.22672
2017-01-05,1.23268,-1.2349,1.2203,1.00954,0.30995,8.39954,-0.14702,-9.22672
2017-01-06,1.24254,-1.2458,1.21755,2.0323,0.62393,8.4162,-0.14802,-9.22672
2017-01-09,1.22609,-1.2354,1.21941,0.54643,0.16778,8.7777,-0.14074,-9.22672
2017-01-10,1.21734,-1.2238,1.2218,-0.36566,-0.11237,8.76747,-0.13958,-9.22672
2017-01-11,1.21743,-1.2321,1.22032,-0.23718,-0.07294,8.74868,-0.14083,-9.22672
2017-01-12,1.22145,-1.2589,1.21335,0.66538,0.20482,8.7508,-0.14386,-9.22672
2017-01-13,1.21654,-1.2423,1.21767,-0.09242,-0.02847,8.76799,-0.14169,-9.22672
2017-01-16,1.20393,-1.2755,1.20834,-0.36508,-0.11271,8.88881,-0.1435,-9.22672
2017-01-17,1.20402,-1.2244,1.22231,-1.50781,-0.46639,8.88736,-0.13777,-9.22672
2017-01-18,1.2388,-1.2918,1.20224,2.99626,0.92867,10.57605,-0.12214,-9.22672
2017-01-19,1.22597,-1.2773,1.20686,1.57113,0.48659,10.76799,-0.11862,-9.22672
2017-01-20,1.23384,-1.2361,1.21931,1.18471,0.36723,10.84232,-0.11401,-9.22672
2017-01-23,1.2387,-1.2039,1.22813,0.85647,0.26602,10.84352,-0.11102,-9.22672
2017-01-24,1.25172,-1.2661,1.21117,3.29314,1.02356,10.99618,-0.11514,-9.22672
2017-01-25,1.25331,-1.2695,1.21061,3.4663,1.07659,10.93815,-0.11606,-9.22672
2017-01-26,1.26341,-1.1886,1.23415,2.34305,0.72733,11.02458,-0.10781,-9.22672
2017-01-27,1.25954,-1.2097,1.22815,2.52346,0.78408,11.04522,-0.10952,-9.22672
2017-01-30,1.25919,-1.222,1.22475,2.77302,0.86118,11.04602,-0.11063,-9.22672
2017-01-31,1.25,-1.1949,1.23286,1.38077,0.42872,11.10763,-0.10757,-9.22672
2017-02-01,1.25897,-1.1916,1.23393,2.00886,0.62384,10.88202,-0.1095,-8.14461
2017-02-02,1.26614,-1.2497,1.21866,3.82211,1.18659,10.93445,-0.11429,-8.14461
2017-02-03,1.252,-1.2861,1.20958,3.44703,1.06867,11.07393,-0.11614,-8.14461
2017-02-06,1.24842,-1.2481,1.2198,2.31929,0.71832,11.08859,-0.11256,-8.14461
2017-02-07,1.24684,-1.2607,1.21635,2.47549,0.76632,11.08042,-0.11378,-8.14461
2017-02-08,1.24963,-1.2564,1.21787,2.57371,0.79643,10.88098,-0.11547,-8.14461
2017-02-09,1.2528,-1.3195,1.20159,4.17343,1.29072,10.88827,-0.12119,-8.14461
2017-02-10,1.24981,-1.3014,1.20768,3.42954,1.05892,10.86524,-0.11978,-8.14461
2017-02-13,1.24846,-1.3133,1.20436,3.59613,1.10937,10.81825,-0.1214,-8.14461
2017-02-14,1.2523,-1.3625,1.19212,4.92489,1.51746,10.83257,-0.12578,-8.14461
2017-02-15,1.24704,-1.4024,1.18217,5.34182,1.64225,10.85358,-0.12921,-8.14461
2017-02-16,1.24698,-1.3891,1.18655,4.96729,1.52353,10.75999,-0.1291,-8.14461
2017-02-17,1.24892,-1.397,1.18543,5.2179,1.59769,10.41117,-0.13418,-8.14461
2017-02-20,1.24339,-1.3924,1.1875,4.59963,1.40486,10.38819,-0.13404,-8.14461
2017-02-21,1.24733,-1.3853,1.1906,4.65529,1.41927,10.40636,-0.13312,-8.14461
2017-02-22,1.2487,-1.4139,1.1835,5.36289,1.63177,10.40392,-0.1359,-8.14461
2017-02-23,1.24538,-1.3952,1.18966,4.57707,1.38908,10.40775,-0.13405,-8.14461
2017-02-24,1.25562,-1.3698,1.19656,4.81812,1.45946,10.47327,-0.13079,-8.14461
2017-02-27,1.23996,-1.4481,1.17732,5.18377,1.56693,10.69768,-0.13537,-8.14461
2017-02-28,1.24394,-1.4739,1.17161,5.99035,1.80641,10.71007,-0.13762,-8.14461
2017-03-01,1.23781,-1.5311,1.15852,6.61945,1.99025,10.68557,-0.14329,-9.10297
2017-03-02,1.22722,-1.5667,1.1506,6.44681,1.93183,10.73127,-0.14599,-9.10297
2017-03-03,1.22748,-1.5748,1.15021,6.50171,1.94186,10.67872,-0.14747,-9.10297
2017-03-06,1.23001,-1.5611,1.15482,6.3081,1.87966,10.66105,-0.14643,-9.10297
2017-03-07,1.22429,-1.6145,1.1431,6.86188,2.03866,10.67796,-0.1512,-9.10297
2017-03-08,1.22045,-1.6149,1.1423,6.61793,1.95927,10.67518,-0.15128,-9.10297
2017-03-09,1.21773,-1.6665,1.13072,7.41331,2.18767,10.6764,-0.15609,-9.10297
2017-03-10,1.21573,-1.6235,1.14137,6.31145,1.85398,10.59028,-0.1533,-9.10297
2017-03-13,1.21714,-1.6561,1.1347,7.01312,2.05359,10.59625,-0.15629,-9.10297
2017-03-14,1.2206,-1.6705,1.13266,7.477,2.18221,10.44835,-0.15988,-9.10297
2017-03-15,1.21575,-1.588,1.15378,5.23129,1.52053,10.32298,-0.15383,-9.10297
2017-03-16,1.22843,-1.5855,1.15487,6.17492,1.79218,10.48587,-0.1512,-9.10297
2017-03-17,1.23512,-1.5703,1.15936,6.32946,1.83354,10.42817,-0.15058,-9.10297
2017-03-20,1.23845,-1.54,1.1673,5.9169,1.70984,10.43493,-0.14758,-9.10297
2017-03-21,1.23671,-1.4537,1.18854,3.97289,1.14539,10.43739,-0.13928,-9.10297
2017-03-22,1.24821,-1.4955,1.17885,5.71672,1.64686,10.53344,-0.14198,-9.10297
2017-03-23,1.24751,-1.4424,1.19225,4.53009,1.30282,10.53466,-0.13692,-9.10297
2017-03-24,1.25188,-1.4184,1.19865,4.34471,1.24856,10.55104,-0.13443,-9.10297
2017-03-27,1.25145,-1.4245,1.19732,4.42234,1.27008,10.55166,-0.135,-9.10297
2017-03-28,1.25579,-1.4551,1.19056,5.33399,1.53023,10.53053,-0.13818,-9.10297
2017-03-29,1.24214,-1.4462,1.19439,3.92046,1.12244,10.7266,-0.13482,-9.10297
2017-03-30,1.24404,-1.5198,1.17796,5.45793,1.56135,10.68636,-0.14222,-9.10297
2017-03-31,1.24785,-1.4908,1.18577,5.10265,1.45652,10.64168,-0.14009,-9.10297
2017-04-03,1.25408,-1.4791,1.1895,5.28641,1.50598,10.66262,-0.13872,-7.07343
2017-04-04,1.24922,-1.473,1.1924,4.65508,1.32375,10.61974,-0.1387,-7.07343
2017-04-05,1.244,-1.421,1.20612,3.09242,0.87895,10.53678,-0.13486,-7.07343
2017-04-06,1.24891,-1.4322,1.20415,3.64962,1.0372,10.2085,-0.14029,-7.07343
2017-04-07,1.24687,-1.5007,1.18907,4.74656,1.348,10.10384,-0.14853,-7.07343
2017-04-10,1.23752,-1.4921,1.19335,3.63442,1.03038,10.22685,-0.1459,-7.07343
2017-04-11,1.24254,-1.454,1.20391,3.15828,0.89446,10.23717,-0.14203,-7.07343
2017-04-12,1.24923,-1.4211,1.21237,2.99566,0.84775,10.24936,-0.13865,-7.07343
2017-04-13,1.25499,-1.3769,1.2237,2.52452,0.71393,10.04169,-0.13712,-7.07343
2017-04-14,1.25078,-1.3769,1.22419,2.14919,0.60748,10.07322,-0.13669,-7.07343
2017-04-17,1.25351,-1.3969,1.21815,2.86164,0.80859,8.33923,-0.16751,-7.07343
2017-04-18,1.25578,-1.3187,1.23651,1.54622,0.43668,8.06136,-0.16358,-7.07343
2017-04-19,1.28446,-1.3166,1.23516,3.91334,1.10531,9.1311,-0.14419,-7.07343
2017-04-20,1.27823,-1.3606,1.22444,4.29959,1.21294,9.17134,-0.14835,-7.07343
2017-04-21,1.2802,-1.3832,1.21866,4.92623,1.38774,8.94835,-0.15458,-7.07343
2017-04-24,1.28263,-1.4047,1.2092,5.89493,1.65778,8.95184,-0.15692,-7.07343
2017-04-25,1.27766,-1.4529,1.19918,6.33959,1.77801,8.85387,-0.1641,-7.07343
2017-04-26,1.28324,-1.428,1.20539,6.2578,1.74969,8.86773,-0.16103,-7.07343
2017-04-27,1.28484,-1.4237,1.2059,6.34082,1.76756,8.86896,-0.16053,-7.07343
2017-04-28,1.28936,-1.4129,1.21005,6.34803,1.76412,8.75332,-0.16141,-7.07343
2017-05-01,1.29316,-1.4429,1.20263,7.25758,2.01073,8.66323,-0.16655,-5.95911
2017-05-02,1.28974,-1.4,1.21253,6.17314,1.70348,8.61786,-0.16245,-5.95911
2017-05-03,1.29416,-1.4598,1.19993,7.55975,2.08031,8.31443,-0.17557,-5.95911
2017-05-04,1.28717,-1.4487,1.1999,7.02057,1.92371,8.37234,-0.17303,-5.95911
2017-05-05,1.29249,-1.4438,1.20295,7.17902,1.96005,8.39588,-0.17197,-5.95911
2017-05-08,1.29656,-1.4485,1.20237,7.54192,2.05171,8.4052,-0.17233,-5.95911
2017-05-09,1.29433,-1.4396,1.20484,7.16459,1.94123,8.40815,-0.17121,-5.95911
2017-05-10,1.29485,-1.4627,1.20255,7.39535,1.99663,8.38742,-0.17439,-5.95911
2017-05-11,1.29306,-1.4685,1.20298,7.22073,1.94257,8.39001,-0.17503,-5.95911
2017-05-12,1.28916,-1.4398,1.21025,6.31656,1.69424,8.40422,-0.17132,-5.95911
2017-05-15,1.28866,-1.428,1.21467,5.91336,1.58422,8.35245,-0.17097,-5.95911
2017-05-16,1.29031,-1.4281,1.21521,5.99601,1.60387,8.35298,-0.17097,-5.95911
2017-05-17,1.29169,-1.3572,1.23364,4.59784,1.22774,8.35113,-0.16252,-5.95911
2017-05-18,1.29702,-1.38,1.22915,5.37472,1.43317,8.31934,-0.16588,-5.95911
2017-05-19,1.29584,-1.3734,1.23135,5.10459,1.35949,8.30959,-0.16528,-5.95911
2017-05-22,1.30122,-1.3916,1.22741,5.83987,1.55353,8.33917,-0.16688,-5.95911
2017-05-23,1.29953,-1.4363,1.2181,6.47052,1.71863,8.32149,-0.1726,-5.95911
2017-05-24,1.29566,-1.3868,1.22909,5.27437,1.39794,8.2107,-0.1689,-5.95911
2017-05-25,1.29803,-1.391,1.22645,5.67196,1.50078,7.77377,-0.17894,-5.95911
2017-05-26,1.29333,-1.4248,1.22014,5.82552,1.53824,7.80528,-0.18254,-5.95911
2017-05-29,1.28143,-1.4248,1.2208,4.84685,1.27724,7.97547,-0.17865,-5.95911
2017-05-30,1.28141,-1.4075,1.2251,4.49385,1.18243,7.75744,-0.18144,-5.95911
2017-05-31,1.2809,-1.3685,1.23298,3.81282,1.00221,7.7599,-0.17636,-5.95911
2017-06-01,1.28755,-1.3478,1.23793,3.92969,1.03233,7.80732,-0.17263,-7.78666
2017-06-02,1.28883,-1.3076,1.247,3.29941,0.86591,7.73021,-0.16915,-7.78666
2017-06-05,1.287,-1.3365,1.24075,3.66006,0.96022,7.70198,-0.17353,-7.78666
2017-06-06,1.29074,-1.3475,1.23917,4.07713,1.06868,7.6871,-0.17529,-7.78666
2017-06-07,1.29067,-1.377,1.2318,4.66865,1.22346,7.67208,-0.17948,-7.78666
2017-06-08,1.29621,-1.3608,1.23578,4.77406,1.24925,7.7009,-0.17671,-7.78666
2017-06-09,1.2723,-1.4097,1.2258,3.72266,0.97265,8.63218,-0.16331,-7.78666
2017-06-12,1.27392,-1.4499,1.21744,4.53452,1.1837,8.58116,-0.16896,-7.78666
2017-06-13,1.26698,-1.4097,1.22716,3.19347,0.83261,8.442,-0.16699,-7.78666
2017-06-14,1.27505,-1.4416,1.21961,4.4456,1.1583,8.46594,-0.17028,-7.78666
2017-06-15,1.27545,-1.3499,1.23979,2.83496,0.73771,8.45428,-0.15967,-7.78666
2017-06-16,1.27584,-1.3584,1.23874,2.95081,0.76773,8.44575,-0.16084,-7.78666
2017-06-19,1.27796,-1.394,1.23123,3.72512,0.96883,8.26005,-0.16876,-7.78666
2017-06-20,1.27324,-1.3954,1.23087,3.38423,0.8798,8.29824,-0.16816,-7.78666
2017-06-21,1.26325,-1.3694,1.23642,2.147,0.5579,8.43211,-0.1624,-7.78666
2017-06-22,1.26757,-1.344,1.24247,2.00008,0.51978,8.4568,-0.15893,-7.78666
2017-06-23,1.26781,-1.3316,1.24571,1.75856,0.45705,8.43086,-0.15794,-7.78666
2017-06-26,1.27434,-1.3346,1.24553,2.28698,0.59451,8.18127,-0.16313,-7.78666
2017-06-27,1.27246,-1.3544,1.2416,2.45463,0.63803,8.18659,-0.16544,-7.78666
2017-06-28,1.2813,-1.273,1.25976,1.69512,0.44064,8.27441,-0.15385,-7.78666
2017-06-29,1.29415,-1.2319,1.26839,2.01045,0.52279,8.44508,-0.14587,-7.78666
2017-06-30,1.30112,-1.2632,1.26202,3.05134,0.79375,8.4528,-0.14944,-7.78666
2017-07-03,1.30164,-1.2928,1.25632,3.54404,0.92198,8.39575,-0.15398,-7.4969
2017-07-04,1.29487,-1.3177,1.25132,3.421,0.88982,8.45258,-0.15589,-7.4969
2017-07-05,1.29349,-1.3283,1.24904,3.49725,0.91015,8.44727,-0.15725,-7.4969
2017-07-06,1.29318,-1.2835,1.25883,2.69207,0.70067,8.28713,-0.15488,-7.4969
2017-07-07,1.29735,-1.3193,1.25132,3.61307,0.94097,8.27512,-0.15943,-7.4969
2017-07-10,1.28912,-1.3297,1.24953,3.1196,0.81253,8.33761,-0.15948,-7.4969
2017-07-12,1.28596,-1.2719,1.2615,1.92053,0.50025,8.31609,-0.15294,-7.4969
2017-07-13,1.28937,-1.2591,1.26413,1.97697,0.51522,8.29293,-0.15183,-7.4969
2017-07-14,1.29472,-1.2285,1.27031,1.90345,0.49656,8.31838,-0.14769,-7.4969
2017-07-17,1.31113,-1.2501,1.26602,3.50137,0.9148,8.65961,-0.14436,-7.4969
2017-07-18,1.30531,-1.2644,1.26326,3.27456,0.85641,7.49009,-0.16881,-7.4969
2017-07-19,1.30387,-1.2985,1.25639,3.70876,0.97141,7.42334,-0.17492,-7.4969
2017-07-20,1.30327,-1.2668,1.26277,3.15726,0.82752,7.42072,-0.17071,-7.4969
2017-07-21,1.29655,-1.2886,1.25859,2.97089,0.77896,7.49263,-0.17198,-7.4969
2017-07-24,1.30047,-1.3021,1.2564,3.44796,0.905,7.46814,-0.17435,-7.4969
2017-07-25,1.3031,-1.3242,1.25266,3.94784,1.03711,7.43089,-0.1782,-7.4969
2017-07-26,1.30276,-1.2855,1.26131,3.23391,0.84984,7.42874,-0.17304,-7.4969
2017-07-27,1.31148,-1.3304,1.2531,4.55343,1.19805,7.51185,-0.17711,-7.4969
2017-07-28,1.30767,-1.2999,1.25951,3.75223,0.98742,7.51834,-0.1729,-7.4969
2017-07-31,1.31449,-1.2944,1.26101,4.15372,1.09288,7.56233,-0.17116,-7.4969
2017-08-01,1.31954,-1.2707,1.26637,4.11291,1.08188,7.56963,-0.16787,-8.76146
2017-08-02,1.32079,-1.2628,1.26845,4.04407,1.06392,7.48037,-0.16882,-8.76146
2017-08-03,1.32284,-1.2997,1.26151,4.74709,1.24844,7.44596,-0.17455,-8.76146
2017-08-04,1.31441,-1.3147,1.25944,4.27203,1.12266,7.54516,-0.17424,-8.76146
2017-08-07,1.3047,-1.332,1.25673,3.74597,0.98406,7.68903,-0.17323,-8.76146
2017-08-08,1.30378,-1.35,1.25191,4.05942,1.06671,7.6906,-0.17554,-8.76146
2017-08-09,1.29862,-1.356,1.25048,3.77752,0.99269,7.72828,-0.17546,-8.76146
2017-08-10,1.30141,-1.3333,1.24679,4.28758,1.12763,7.7134,-0.17286,-8.76146
2017-08-11,1.29767,-1.3044,1.25318,3.48898,0.91844,7.73641,-0.16861,-8.76146
2017-08-14,1.30059,-1.3206,1.25696,3.41226,0.89956,7.74478,-0.17051,-8.76146
2017-08-15,1.29651,-1.3722,1.24759,3.84658,1.01625,7.76969,-0.17661,-8.76146
2017-08-16,1.2867,-1.3122,1.26089,2.02628,0.5362,7.87348,-0.16666,-8.76146
2017-08-17,1.28916,-1.289,1.25563,2.63525,0.69936,7.88224,-0.16353,-8.76146
2017-08-18,1.2865,-1.3097,1.253,2.63888,0.70152,7.84466,-0.16695,-8.76146
2017-08-21,1.28737,-1.3036,1.25792,2.3137,0.61577,7.84312,-0.16621,-8.76146
2017-08-22,1.28982,-1.3381,1.25637,2.62766,0.70097,7.83226,-0.17084,-8.76146
2017-08-23,1.2824,-1.3221,1.25619,2.06472,0.55201,7.90457,-0.16726,-8.76146
2017-08-24,1.28038,-1.3405,1.25327,2.14014,0.57404,7.87893,-0.17014,-8.76146
2017-08-25,1.28039,-1.3403,1.25629,1.90024,0.51081,7.65962,-0.17498,-8.76146
2017-08-28,1.29052,-1.3103,1.26278,2.1731,0.58561,7.82058,-0.16755,-8.76146
2017-08-29,1.29271,-1.3074,1.26191,2.41116,0.65082,7.82621,-0.16705,-8.76146
2017-08-30,1.29266,-1.3031,1.26651,2.04348,0.55259,7.75919,-0.16794,-8.76146
2017-08-31,1.29206,-1.2871,1.27089,1.65199,0.44739,7.75758,-0.16592,-8.76146
2017-09-01,1.29416,-1.2969,1.27184,1.74029,0.47191,7.75825,-0.16716,-6.80148
2017-09-04,1.29651,-1.3012,1.27137,1.95815,0.53154,7.74528,-0.168,-6.80148
2017-09-05,1.29241,-1.2437,1.27034,1.72233,0.46784,7.77237,-0.16002,-6.80148
2017-09-06,1.30412,-1.297,1.26174,3.30398,0.89819,7.93416,-0.16347,-6.80148
2017-09-07,1.30497,-1.2658,1.26783,2.88709,0.78501,6.96309,-0.18179,-6.80148
2017-09-08,1.31048,-1.2355,1.27197,2.98288,0.81148,7.0027,-0.17643,-6.80148
2017-09-11,1.31977,-1.2517,1.27619,3.35723,0.91456,7.02093,-0.17828,-6.80148
2017-09-12,1.31697,-1.1967,1.28706,2.29696,0.62639,6.94516,-0.17231,-6.80148
2017-09-13,1.32892,-1.2258,1.28041,3.71838,1.01536,7.15097,-0.17142,-6.80148
2017-09-14,1.3206,-1.1488,1.29517,1.94486,0.53131,7.28397,-0.15772,-6.80148
2017-09-15,1.33991,-1.0698,1.31192,2.11123,0.57737,7.79911,-0.13717,-6.80148
2017-09-18,1.35752,-1.1092,1.30452,3.98212,1.09132,8.1236,-0.13654,-6.80148
2017-09-19,1.35166,-1.1021,1.30631,3.41282,0.93627,7.99554,-0.13784,-6.80148
2017-09-20,1.35153,-1.1459,1.29841,4.00982,1.10092,7.98455,-0.14351,-6.80148
2017-09-21,1.34896,-1.1138,1.30506,3.30866,0.90945,8.00433,-0.13915,-6.80148
2017-09-22,1.35798,-1.1054,1.30645,3.86798,1.06523,8.04216,-0.13745,-6.80148
2017-09-25,1.35073,-1.0976,1.29953,3.86406,1.06505,8.12766,-0.13505,-6.80148
2017-09-26,1.34778,-1.1062,1.29926,3.66663,1.01124,8.05942,-0.13726,-6.80148
2017-09-27,1.34481,-1.1088,1.30185,3.24678,0.89607,7.86156,-0.14104,-6.80148
2017-09-28,1.33989,-1.0895,1.30863,2.36082,0.65243,7.84679,-0.13885,-6.80148
2017-09-29,1.34302,-1.1364,1.29971,3.27837,0.90796,7.85566,-0.14466,-6.80148
2017-10-02,1.33941,-1.1845,1.29412,3.4394,0.95341,7.79703,-0.15192,-6.38218
2017-10-03,1.32756,-1.1411,1.30188,1.95328,0.54209,8.01595,-0.14235,-6.38218
2017-10-04,1.32412,-1.1373,1.30184,1.69638,0.47192,8.03758,-0.1415,-6.38218
2017-10-05,1.32328,-1.1472,1.30034,1.74875,0.4878,8.01901,-0.14306,-6.38218
2017-10-06,1.31127,-1.205,1.28951,1.67334,0.4682,8.13029,-0.14821,-6.38218
2017-10-09,1.3084,-1.2122,1.28312,1.95156,0.54785,8.12677,-0.14916,-6.38218
2017-10-10,1.31441,-1.1757,1.28916,1.93904,0.54537,8.1587,-0.1441,-6.38218
2017-10-11,1.32111,-1.1585,1.29292,2.15693,0.60775,8.17906,-0.14164,-6.38218
2017-10-12,1.32398,-1.1477,1.29584,2.14837,0.60651,7.79986,-0.14714,-6.38218
2017-10-13,1.32644,-1.1051,1.30315,1.77149,0.50101,7.7504,-0.14259,-6.38218
2017-10-16,1.32889,-1.1656,1.28918,3.03375,0.86081,7.75179,-0.15037,-6.38218
2017-10-17,1.32529,-1.2392,1.27399,3.94804,1.12351,7.77378,-0.15941,-6.38218
2017-10-18,1.31949,-1.2289,1.27698,3.27442,0.93394,7.75306,-0.15851,-6.38218
2017-10-19,1.3213,-1.2529,1.2754,3.5357,1.01075,7.73629,-0.16195,-6.38218
2017-10-20,1.31506,-1.2587,1.27395,3.17629,0.91044,7.79127,-0.16155,-6.38218
2017-10-23,1.31898,-1.2517,1.26856,3.8981,1.12122,7.81129,-0.16024,-6.38218
2017-10-24,1.32065,-1.2518,1.26585,4.23873,1.22383,7.70343,-0.1625,-6.38218
2017-10-25,1.3132,-1.2018,1.2735,3.06954,0.88871,7.76675,-0.15474,-6.38218
2017-10-26,1.32735,-1.2261,1.26709,4.64612,1.3495,7.99018,-0.15345,-6.38218
2017-10-27,1.31303,-1.2242,1.27508,2.93268,0.85294,8.25092,-0.14837,-6.38218
2017-10-30,1.3134,-1.2192,1.26995,3.36445,0.98175,8.24863,-0.14781,-6.38218
2017-10-31,1.32125,-1.2206,1.27097,3.87999,1.13496,8.33085,-0.14652,-6.38218
2017-11-01,1.32922,-1.1913,1.27589,4.09521,1.20024,8.31455,-0.14328,-5.49192
2017-11-02,1.32554,-1.2883,1.26398,4.75531,1.39553,8.19333,-0.15724,-5.49192
2017-11-03,1.30533,-1.2637,1.27087,2.67537,0.78642,8.7673,-0.14414,-5.49192
2017-11-06,1.30804,-1.268,1.26388,3.43456,1.01281,8.73888,-0.1451,-5.49192
2017-11-07,1.31751,-1.2788,1.26012,4.453,1.31566,8.84468,-0.14458,-5.49192
2017-11-08,1.31721,-1.3142,1.25634,4.73126,1.40013,8.82319,-0.14895,-5.49192
2017-11-09,1.3113,-1.2706,1.258,4.14948,1.22995,8.8637,-0.14335,-5.49192
2017-11-10,1.31444,-1.26,1.25596,4.55105,1.35067,8.84973,-0.14238,-5.49192
2017-11-13,1.31203,-1.2847,1.25216,4.67042,1.39018,8.71707,-0.14738,-5.49192
2017-11-14,1.31234,-1.2846,1.25394,4.55174,1.35834,8.71104,-0.14747,-5.49192
2017-11-15,1.31579,-1.2785,1.24705,5.36546,1.60777,8.71024,-0.14678,-5.49192
2017-11-17,1.32004,-1.2722,1.25715,4.88165,1.46541,8.72899,-0.14574,-5.49192
2017-11-20,1.32027,-1.3143,1.25733,4.88483,1.46742,8.7237,-0.15066,-5.49192
2017-11-21,1.3245,-1.3339,1.26079,4.93016,1.48292,8.6511,-0.15419,-5.49192
2017-11-22,1.32456,-1.2773,1.26802,4.36185,1.31289,8.64128,-0.14781,-5.49192
2017-11-23,1.33168,-1.3036,1.2646,5.16864,1.55658,8.6942,-0.14994,-5.49192
2017-11-24,1.33067,-1.3207,1.26334,5.19268,1.56244,8.57195,-0.15407,-5.49192
2017-11-27,1.33245,-1.3005,1.26576,5.13394,1.54267,8.5702,-0.15175,-5.49192
2017-11-28,1.33223,-1.3107,1.26406,5.25307,1.5771,8.57053,-0.15293,-5.49192
2017-11-29,1.33654,-1.2439,1.27146,4.99161,1.4975,8.58583,-0.14488,-5.49192
2017-11-30,1.34172,-1.3162,1.25659,6.55543,1.96619,8.60908,-0.15289,-5.49192
2017-12-01,1.353,-1.3951,1.24465,8.34647,2.5004,8.74615,-0.15951,-4.5617
2017-12-04,1.3494,-1.3539,1.25219,7.47642,2.22942,8.73762,-0.15495,-4.5617
2017-12-05,1.34753,-1.3671,1.25264,7.30213,2.17058,8.58052,-0.15933,-4.5617
2017-12-06,1.34153,-1.3594,1.25839,6.3978,1.89554,8.63812,-0.15737,-4.5617
2017-12-07,1.33923,-1.3718,1.26112,6.00902,1.77819,8.61422,-0.15925,-4.5617
2017-12-08,1.34844,-1.3541,1.26703,6.22728,1.84066,8.6077,-0.15731,-4.5617
2017-12-11,1.33921,-1.4372,1.25538,6.46429,1.90766,8.71453,-0.16492,-4.5617
2017-12-12,1.33494,-1.4369,1.25385,6.26607,1.84598,8.55614,-0.16794,-4.5617
2017-12-13,1.33195,-1.3678,1.26467,5.18325,1.52537,8.472,-0.16145,-4.5617
2017-12-14,1.34097,-1.4194,1.25457,6.6599,1.958,8.06924,-0.1759,-4.5617
2017-12-15,1.34329,-1.4425,1.25915,6.46874,1.89655,7.63123,-0.18903,-4.5617
2017-12-18,1.33174,-1.4585,1.25664,5.80436,1.69713,7.77434,-0.1876,-4.5617
2017-12-19,1.33808,-1.479,1.2505,6.76887,1.97524,7.83809,-0.18869,-4.5617
2017-12-20,1.33869,-1.4526,1.25743,6.26228,1.82346,7.83094,-0.1855,-4.5617
2017-12-21,1.3372,-1.4753,1.25534,6.31763,1.83505,7.71076,-0.19133,-4.5617
2017-12-22,1.33804,-1.4956,1.25093,6.73229,1.95026,7.64228,-0.1957,-4.5617
2017-12-25,1.33651,-1.4956,1.25207,6.52601,1.88471,7.63387,-0.19592,-4.5617
2017-12-26,1.33761,-1.4856,1.25155,6.65069,1.91498,7.62448,-0.19485,-4.5617
2017-12-27,1.33747,-1.5023,1.24868,6.86895,1.97143,7.58972,-0.19794,-4.5617
2017-12-28,1.34039,-1.49,1.25388,6.67175,1.90893,7.58786,-0.19637,-4.5617
2017-12-29,1.34409,-1.466,1.25312,7.00777,1.99875,7.58832,-0.19319,-4.5617
2018-01-01,1.35161,-1.466,1.25444,7.46077,2.12123,7.44597,-0.19689,-4.24469
2018-01-02,1.35113,-1.4395,1.26867,6.29716,1.78327,7.42413,-0.19389,-4.24469
2018-01-03,1.35962,-1.4914,1.26604,7.13097,2.01468,7.51562,-0.19844,-4.24469
2018-01-04,1.35113,-1.4898,1.26704,6.42589,1.80894,7.38891,-0.20163,-4.24469
2018-01-05,1.35529,-1.5082,1.26543,6.8602,1.9272,7.38675,-0.20418,-4.24469
2018-01-08,1.35759,-1.5105,1.26413,7.13223,1.99898,7.34541,-0.20564,-4.24469
2018-01-09,1.35713,-1.51,1.26178,7.28513,2.03756,7.28803,-0.20719,-4.24469
2018-01-10,1.35323,-1.4916,1.26864,6.45506,1.80204,7.30878,-0.20408,-4.24469
2018-01-11,1.35128,-1.4608,1.27528,5.78853,1.61624,7.31092,-0.19981,-4.24469
2018-01-12,1.35419,-1.4544,1.27656,5.90357,1.64933,7.31381,-0.19886,-4.24469
2018-01-15,1.37331,-1.4594,1.27789,7.2007,2.01304,7.78423,-0.18748,-4.24469
2018-01-16,1.37982,-1.4845,1.26401,8.76701,2.4578,7.76205,-0.19125,-4.24469
2018-01-17,1.37988,-1.5215,1.25826,9.22684,2.5835,7.76199,-0.19602,-4.24469
2018-01-18,1.3828,-1.5219,1.25828,9.43674,2.63854,7.68807,-0.19796,-4.24469
2018-01-19,1.38947,-1.552,1.26229,9.59941,2.68066,7.71788,-0.20109,-4.24469
2018-01-22,1.38916,-1.5514,1.26716,9.19219,2.55733,7.72017,-0.20095,-4.24469
2018-01-23,1.39848,-1.5165,1.27638,9.13594,2.53304,7.69496,-0.19708,-4.24469
2018-01-24,1.40174,-1.4661,1.28618,8.604,2.38121,7.44291,-0.19698,-4.24469
2018-01-25,1.42209,-1.4387,1.29282,9.5303,2.63237,7.54101,-0.19078,-4.24469
2018-01-26,1.41503,-1.4633,1.29569,8.81018,2.42575,7.6417,-0.19149,-4.24469
2018-01-29,1.41493,-1.4624,1.27523,10.39544,2.85482,7.58358,-0.19284,-4.24469
2018-01-30,1.40766,-1.4914,1.26637,10.57739,2.88612,7.61738,-0.19579,-4.24469
2018-01-31,1.41559,-1.4751,1.28094,9.9953,2.71196,7.63729,-0.19314,-4.24469
2018-02-01,1.42005,-1.4852,1.2824,10.19597,2.7537,6.88085,-0.21585,-3.86701
2018-02-02,1.42668,-1.4733,1.2655,11.98794,3.22268,6.91135,-0.21317,-3.86701
2018-02-05,1.41113,-1.4054,1.22392,14.23379,3.79668,7.2356,-0.19423,-3.86701
2018-02-06,1.39437,-1.4864,1.24611,11.24158,2.96985,7.68813,-0.19334,-3.86701
2018-02-07,1.39587,-1.5123,1.25443,10.68333,2.80785,7.60947,-0.19874,-3.86701
2018-02-08,1.38793,-1.4108,1.27235,8.69456,2.2753,7.72051,-0.18273,-3.86701
2018-02-09,1.3935,-1.3861,1.28244,8.30514,2.17125,7.72584,-0.17941,-3.86701
2018-02-12,1.38274,-1.4219,1.28483,7.34394,1.91606,7.9186,-0.17956,-3.86701
2018-02-13,1.38523,-1.3797,1.29684,6.59407,1.71886,7.91268,-0.17437,-3.86701
2018-02-14,1.3887,-1.4846,1.29336,7.11208,1.85365,7.90496,-0.18781,-3.86701
2018-02-15,1.40158,-1.4739,1.29738,7.72558,2.01496,8.08134,-0.18238,-3.86701
2018-02-16,1.41042,-1.514,1.29497,8.53984,2.22828,8.13961,-0.186,-3.86701
2018-02-19,1.40315,-1.5011,1.30015,7.62439,1.98393,8.23049,-0.18238,-3.86701
2018-02-20,1.39927,-1.5407,1.29783,7.52536,1.95571,8.21258,-0.1876,-3.86701
2018-02-21,1.40011,-1.5878,1.29444,7.8472,2.03918,8.20668,-0.19348,-3.86701
2018-02-22,1.39101,-1.5587,1.30621,6.29064,1.63439,8.33543,-0.187,-3.86701
2018-02-23,1.3953,-1.526,1.31693,5.78123,1.50397,8.34728,-0.18281,-3.86701
2018-02-26,1.3968,-1.5114,1.32149,5.54254,1.44316,8.33221,-0.18139,-3.86701
2018-02-27,1.39665,-1.5423,1.31546,5.98875,1.56005,8.30866,-0.18563,-3.86701
2018-02-28,1.39061,-1.5643,1.31091,5.90219,1.53794,8.21617,-0.19039,-3.86701
2018-03-01,1.37542,-1.5281,1.31959,4.14382,1.08009,8.50694,-0.17963,-3.77974
2018-03-02,1.37754,-1.5839,1.30564,5.36096,1.401,8.50344,-0.18627,-3.77974
2018-03-05,1.3795,-1.5753,1.31396,4.86747,1.27477,8.44932,-0.18644,-3.77974
2018-03-06,1.38523,-1.55,1.32059,4.77889,1.25443,8.46977,-0.183,-3.77974
2018-03-07,1.39001,-1.5628,1.31323,5.68199,1.49568,8.39348,-0.18619,-3.77974
2018-03-08,1.39063,-1.551,1.31197,5.82235,1.53613,8.2596,-0.18778,-3.77974
2018-03-09,1.38057,-1.5496,1.32041,4.45514,1.17822,8.37469,-0.18503,-3.77974
2018-03-12,1.38554,-1.5381,1.32216,4.68256,1.24073,8.37747,-0.1836,-3.77974
2018-03-13,1.39076,-1.5186,1.32531,4.82035,1.27944,8.30976,-0.18275,-3.77974
2018-03-14,1.39723,-1.5621,1.32226,5.51532,1.46383,8.34648,-0.18716,-3.77974
2018-03-15,1.39716,-1.5607,1.32395,5.3819,1.42738,8.13301,-0.1919,-3.77974
2018-03-16,1.39386,-1.5823,1.32626,4.97137,1.31768,8.1155,-0.19497,-3.77974
2018-03-19,1.39435,-1.5663,1.33357,4.45666,1.18151,8.11564,-0.193,-3.77974
2018-03-20,1.40252,-1.5507,1.34307,4.33147,1.14901,8.17346,-0.18972,-3.77974
2018-03-21,1.40048,-1.4936,1.36256,2.74543,0.72877,8.18543,-0.18247,-3.77974
2018-03-22,1.41463,-1.5193,1.36494,3.57523,0.95051,8.38525,-0.18119,-3.77974
2018-03-23,1.41147,-1.4735,1.38332,2.01479,0.53633,8.40866,-0.17524,-3.77974
2018-03-26,1.41477,-1.5027,1.37322,2.98053,0.79546,8.41148,-0.17865,-3.77974
2018-03-27,1.42389,-1.466,1.38198,2.98791,0.79901,8.48058,-0.17287,-3.77974
2018-03-28,1.41764,-1.539,1.37064,3.37137,0.9032,8.53966,-0.18022,-3.77974
2018-03-29,1.40803,-1.5248,1.37309,2.51316,0.6751,8.61912,-0.17691,-3.77974
2018-03-30,1.40294,-1.5248,1.37407,2.0788,0.55978,8.65936,-0.17609,-3.77974
2018-04-02,1.40382,-1.5148,1.36896,2.51466,0.67858,8.58254,-0.1765,-2.4703
2018-04-03,1.40467,-1.5552,1.3626,3.04062,0.82136,8.47155,-0.18358,-2.4703
2018-04-04,1.40687,-1.5573,1.36071,3.33575,0.9021,8.45913,-0.1841,-2.4703
2018-04-05,1.40881,-1.5481,1.36216,3.36744,0.91204,8.4577,-0.18304,-2.4703
2018-04-06,1.40087,-1.5004,1.368,2.37497,0.64478,8.5475,-0.17554,-2.4703
2018-04-09,1.40917,-1.5085,1.37632,2.35833,0.6423,8.58666,-0.17568,-2.4703
2018-04-10,1.41383,-1.518,1.38555,2.02027,0.55185,8.59222,-0.17667,-2.4703
2018-04-11,1.41822,-1.5348,1.38887,2.09074,0.57329,8.60076,-0.17845,-2.4703
2018-04-12,1.4189,-1.5402,1.38504,2.41566,0.66538,8.16599,-0.18861,-2.4703
2018-04-13,1.42381,-1.5449,1.38551,2.72703,0.75381,8.14308,-0.18972,-2.4703
2018-04-16,1.42468,-1.5424,1.3784,3.30291,0.91516,8.14258,-0.18942,-2.4703
2018-04-17,1.43421,-1.5568,1.3745,4.2524,1.18076,8.22938,-0.18918,-2.4703
2018-04-18,1.42965,-1.6485,1.37515,3.887,1.0812,8.21755,-0.20061,-2.4703
2018-04-19,1.42043,-1.6185,1.38201,2.74258,0.76372,8.33259,-0.19424,-2.4703
2018-04-20,1.40865,-1.6898,1.37844,2.16789,0.60517,8.40953,-0.20094,-2.4703
2018-04-23,1.40017,-1.7121,1.37827,1.57663,0.4416,8.48622,-0.20175,-2.4703
2018-04-24,1.39383,-1.6828,1.38231,0.82948,0.23336,8.00929,-0.21011,-2.4703
2018-04-25,1.39938,-1.6776,1.38355,1.13772,0.32162,7.99783,-0.20976,-2.4703
2018-04-26,1.39392,-1.674,1.38376,0.73179,0.20771,8.03256,-0.2084,-2.4703
2018-04-27,1.39194,-1.7267,1.37581,1.16571,0.33231,7.97425,-0.21653,-2.4703
2018-04-30,1.37711,-1.7473,1.37833,-0.08897,-0.02549,8.15869,-0.21416,-2.4703
2018-05-01,1.37722,-1.7856,1.37371,0.25492,0.0735,8.12692,-0.21971,-3.87361
2018-05-02,1.36093,-1.7155,1.37392,-0.94979,-0.27567,8.37188,-0.20491,-3.87361
2018-05-03,1.35739,-1.7589,1.37123,-1.01506,-0.29654,8.12105,-0.21659,-3.87361
2018-05-04,1.35724,-1.744,1.37525,-1.31857,-0.38754,7.78777,-0.22394,-3.87361
2018-05-07,1.3532,-1.744,1.38125,-2.05178,-0.60637,7.7982,-0.22364,-3.87361
2018-05-08,1.35704,-1.7348,1.37583,-1.37548,-0.40849,7.75302,-0.22376,-3.87361
2018-05-09,1.35534,-1.7376,1.38181,-1.93382,-0.57713,7.70391,-0.22555,-3.87361
2018-05-10,1.35446,-1.7789,1.37865,-1.77032,-0.53059,7.55981,-0.23531,-3.87361
2018-05-11,1.35234,-1.7674,1.37571,-1.71314,-0.51573,7.5513,-0.23405,-3.87361
2018-05-14,1.35538,-1.748,1.38274,-1.99824,-0.60434,7.5476,-0.2316,-3.87361
2018-05-15,1.35624,-1.7838,1.38684,-2.23081,-0.67783,7.29375,-0.24457,-3.87361
2018-05-16,1.35002,-1.82,1.38321,-2.42848,-0.74091,7.20523,-0.25259,-3.87361
2018-05-17,1.35483,-1.7658,1.38684,-2.33507,-0.71334,7.1965,-0.24537,-3.87361
2018-05-18,1.35153,-1.7798,1.38244,-2.26097,-0.69227,7.19257,-0.24745,-3.87361
2018-05-21,1.34771,-1.7918,1.38311,-2.59265,-0.79548,7.20301,-0.24876,-3.87361
2018-05-22,1.34318,-1.7612,1.38698,-3.20844,-0.98822,7.125,-0.24719,-3.87361
2018-05-23,1.3441,-1.7709,1.38466,-2.97289,-0.91874,7.09138,-0.24973,-3.87361
2018-05-24,1.33713,-1.7888,1.37929,-3.10426,-0.96469,7.14228,-0.25045,-3.87361
2018-05-25,1.33835,-1.7844,1.37283,-2.5438,-0.7961,7.14858,-0.24962,-3.87361
2018-05-28,1.3309,-1.7844,1.37306,-3.11845,-0.98315,7.17873,-0.24857,-3.87361
2018-05-29,1.33156,-1.6931,1.38407,-3.86766,-1.23141,6.87079,-0.24642,-3.87361
2018-05-30,1.32538,-1.7947,1.38161,-4.1553,-1.33287,6.90697,-0.25984,-3.87361
2018-05-31,1.32836,-1.8084,1.38201,-3.96,-1.2689,6.91875,-0.26138,-3.87361
2018-06-01,1.32894,-1.8231,1.37566,-3.45494,-1.10542,6.8548,-0.26596,-4.15936
2018-06-04,1.33565,-1.836,1.36422,-2.11647,-0.67652,6.90083,-0.26605,-4.15936
2018-06-05,1.33165,-1.8147,1.36433,-2.42504,-0.7755,6.91335,-0.26249,-4.15936
2018-06-06,1.34061,-1.7821,1.36302,-1.65798,-0.53011,6.93798,-0.25686,-4.15936
2018-06-07,1.34216,-1.7217,1.37384,-2.33356,-0.74616,6.89693,-0.24963,-4.15936
2018-06-08,1.34192,-1.729,1.3704,-2.09969,-0.67139,6.84267,-0.25268,-4.15936
2018-06-11,1.34138,-1.7539,1.36961,-2.08285,-0.66571,6.76045,-0.25944,-4.15936
2018-06-12,1.33743,-1.7708,1.36659,-2.15637,-0.68892,6.77488,-0.26138,-4.15936
2018-06-13,1.33726,-1.8356,1.36864,-2.31953,-0.74073,6.76726,-0.27125,-4.15936
2018-06-14,1.33828,-1.8156,1.36387,-1.89446,-0.60473,6.77027,-0.26817,-4.15936
2018-06-15,1.32566,-1.8281,1.35375,-2.09683,-0.6691,6.86516,-0.26629,-4.15936
2018-06-18,1.32751,-1.8126,1.36219,-2.57882,-0.82384,6.87932,-0.26349,-4.15936
2018-06-19,1.32587,-1.8158,1.36399,-2.83429,-0.90533,6.51312,-0.27879,-4.15936
2018-06-20,1.31733,-1.8371,1.36028,-3.20805,-1.02569,6.59927,-0.27838,-4.15936
2018-06-21,1.31752,-1.805,1.36029,-3.19429,-1.02152,6.56753,-0.27484,-4.15936
2018-06-22,1.32478,-1.7679,1.3681,-3.21767,-1.0296,6.52638,-0.27089,-4.15936
2018-06-25,1.32624,-1.7671,1.37373,-3.51771,-1.12525,6.50748,-0.27155,-4.15936
2018-06-26,1.32784,-1.7713,1.37564,-3.53606,-1.13153,6.41688,-0.27604,-4.15936
2018-06-27,1.3221,-1.7693,1.38442,-4.60541,-1.47476,6.43048,-0.27514,-4.15936
2018-06-28,1.31204,-1.7903,1.38166,-5.17015,-1.65455,6.55967,-0.27293,-4.15936
2018-06-29,1.30751,-1.7658,1.38556,-5.79764,-1.85267,6.56776,-0.26886,-4.15936
2018-07-02,1.32078,-1.808,1.3753,-4.0449,-1.29091,6.92233,-0.26118,-4.21549
2018-07-03,1.31441,-1.793,1.37838,-4.75264,-1.5191,6.94696,-0.2581,-4.21549
2018-07-04,1.31944,-1.7578,1.37928,-4.43577,-1.41851,6.95314,-0.25281,-4.21549
2018-07-05,1.32293,-1.7866,1.37436,-3.81413,-1.22112,6.85244,-0.26072,-4.21549
2018-07-06,1.32258,-1.7399,1.37107,-3.60113,-1.15462,6.79827,-0.25593,-4.21549
2018-07-09,1.32979,-1.7727,1.37159,-3.09528,-0.99495,6.87204,-0.25796,-4.21549
2018-07-10,1.32556,-1.7668,1.37424,-3.60689,-1.16245,6.87856,-0.25686,-4.21549
2018-07-11,1.32573,-1.7388,1.35882,-2.46529,-0.79537,6.82142,-0.2549,-4.21549
2018-07-12,1.321,-1.7735,1.35875,-2.81738,-0.91003,6.82925,-0.25969,-4.21549
2018-07-13,1.31804,-1.7542,1.36112,-3.21616,-1.03955,6.64232,-0.26409,-4.21549
2018-07-16,1.32277,-1.7536,1.35055,-2.07869,-0.67224,6.70351,-0.26159,-4.21549
2018-07-17,1.32364,-1.7868,1.34862,-1.86914,-0.60493,6.62841,-0.26957,-4.21549
2018-07-18,1.31062,-1.8317,1.34998,-2.95901,-0.95792,6.7043,-0.27321,-4.21549
2018-07-19,1.30782,-1.8303,1.35067,-3.22402,-1.04303,6.63355,-0.27592,-4.21549
2018-07-20,1.3023,-1.828,1.3521,-3.75218,-1.21266,6.62724,-0.27583,-4.21549
2018-07-23,1.31472,-1.8589,1.35018,-2.66132,-0.85916,6.88456,-0.27001,-4.21549
2018-07-24,1.31027,-1.8599,1.35065,-3.03517,-0.9794,6.87631,-0.27048,-4.21549
2018-07-25,1.31522,-1.8454,1.35218,-2.77165,-0.89411,6.94086,-0.26588,-4.21549
2018-07-26,1.31996,-1.8748,1.35277,-2.45522,-0.79181,6.7044,-0.27964,-4.21549
2018-07-27,1.31087,-1.8518,1.35484,-3.299,-1.06397,6.81714,-0.27164,-4.21549
2018-07-30,1.31118,-1.8111,1.36124,-3.74674,-1.20815,6.43434,-0.28147,-4.21549
2018-07-31,1.31354,-1.8314,1.35429,-3.05495,-0.98464,6.43852,-0.28444,-4.21549
2018-08-01,1.31216,-1.8009,1.35577,-3.26949,-1.05369,6.43883,-0.27969,-4.52658
2018-08-02,1.31261,-1.7867,1.35062,-2.85455,-0.91964,6.42181,-0.27822,-4.52658
2018-08-03,1.30181,-1.8071,1.34748,-3.44793,-1.11079,6.57057,-0.27503,-4.52658
2018-08-06,1.30036,-1.8146,1.34778,-3.58223,-1.15388,6.57015,-0.27619,-4.52658
2018-08-07,1.2945,-1.8332,1.34902,-4.12514,-1.32866,6.61529,-0.27712,-4.52658
2018-08-08,1.29467,-1.828,1.34058,-3.48485,-1.12329,6.61513,-0.27634,-4.52658
2018-08-09,1.28816,-1.8064,1.34159,-4.06413,-1.31196,6.64393,-0.27189,-4.52658
2018-08-10,1.28284,-1.8045,1.34951,-5.06649,-1.63709,6.67035,-0.27053,-4.52658
2018-08-13,1.27588,-1.7862,1.35327,-5.88827,-1.90385,6.69136,-0.26694,-4.52658
2018-08-14,1.27628,-1.8045,1.34815,-5.4784,-1.76816,6.63477,-0.27198,-4.52658
2018-08-15,1.27178,-1.8023,1.3453,-5.61985,-1.8109,6.64833,-0.27109,-4.52658
2018-08-16,1.26939,-1.8136,1.34405,-5.71482,-1.83823,6.64016,-0.27313,-4.52658
2018-08-17,1.27146,-1.8103,1.34313,-5.48425,-1.76169,6.64144,-0.27258,-4.52658
2018-08-20,1.27471,-1.7675,1.34497,-5.36475,-1.72045,6.6698,-0.265,-4.52658
2018-08-21,1.28043,-1.7611,1.34731,-5.09168,-1.63109,6.69331,-0.26311,-4.52658
2018-08-22,1.29056,-1.7254,1.35388,-4.79029,-1.53394,6.90283,-0.24996,-4.52658
2018-08-23,1.29047,-1.7439,1.35334,-4.75672,-1.52092,6.82813,-0.2554,-4.52658
2018-08-24,1.28107,-1.745,1.35561,-5.65584,-1.80606,6.9598,-0.25073,-4.52658
2018-08-27,1.28609,-1.765,1.35633,-5.31784,-1.69392,6.96871,-0.25327,-4.52658
2018-08-28,1.28967,-1.7698,1.35579,-4.99981,-1.58962,6.9781,-0.25362,-4.52658
2018-08-29,1.28677,-1.7324,1.35966,-5.51034,-1.75046,6.98464,-0.24803,-4.52658
2018-08-30,1.30359,-1.7259,1.36454,-4.56925,-1.44786,7.40968,-0.23292,-4.52658
2018-08-31,1.3011,-1.7377,1.36117,-4.51344,-1.42848,7.39728,-0.23491,-4.52658
2018-09-03,1.29231,-1.7556,1.36034,-5.13026,-1.6214,7.36473,-0.23838,-3.64307
2018-09-04,1.2869,-1.7856,1.36224,-5.68924,-1.79416,7.39105,-0.24159,-3.64307
2018-09-05,1.28584,-1.7417,1.36176,-5.73637,-1.80378,7.39043,-0.23567,-3.64307
2018-09-06,1.29149,-1.775,1.35975,-5.15064,-1.61475,7.45928,-0.23796,-3.64307
2018-09-07,1.29254,-1.8057,1.36005,-5.09133,-1.59204,7.44914,-0.2424,-3.64307
2018-09-10,1.29303,-1.8041,1.35961,-5.02103,-1.56624,7.45097,-0.24213,-3.64307
2018-09-11,1.30264,-1.8008,1.36206,-4.4602,-1.38804,7.61481,-0.23649,-3.64307
2018-09-12,1.30156,-1.8139,1.36291,-4.60577,-1.43268,7.3906,-0.24543,-3.64307
2018-09-13,1.30455,-1.7965,1.35608,-3.87407,-1.20429,7.40113,-0.24273,-3.64307
2018-09-14,1.31113,-1.8038,1.35411,-3.22567,-1.00368,7.47402,-0.24134,-3.64307
2018-09-17,1.30733,-1.7848,1.35822,-3.81873,-1.19054,7.3858,-0.24165,-3.64307
2018-09-18,1.31463,-1.8216,1.35687,-3.16283,-0.9889,7.47297,-0.24376,-3.64307
2018-09-19,1.31685,-1.7975,1.35509,-2.86266,-0.89795,7.3968,-0.24301,-3.64307
2018-09-20,1.31411,-1.807,1.35192,-2.83612,-0.89321,7.40323,-0.24408,-3.64307
2018-09-21,1.32709,-1.8329,1.34986,-1.70159,-0.53793,7.66331,-0.23918,-3.64307
2018-09-24,1.30804,-1.8041,1.3597,-3.87284,-1.22909,8.14742,-0.22143,-3.64307
2018-09-25,1.31173,-1.8162,1.36105,-3.69076,-1.17395,8.02525,-0.22631,-3.64307
2018-09-26,1.31799,-1.8147,1.36027,-3.15752,-1.00749,8.04975,-0.22544,-3.64307
2018-09-27,1.31728,-1.808,1.35965,-3.16568,-1.01403,7.79146,-0.23205,-3.64307
2018-09-28,1.30787,-1.8023,1.36144,-4.01436,-1.29079,7.86337,-0.2292,-3.64307
2018-10-01,1.3039,-1.8245,1.3655,-4.61576,-1.49049,7.84485,-0.23257,-3.27482
2018-10-02,1.30436,-1.8421,1.36265,-4.37202,-1.41781,7.82461,-0.23542,-3.27482
2018-10-03,1.2982,-1.9004,1.35946,-4.61111,-1.50415,7.87649,-0.24128,-3.27482
2018-10-04,1.29406,-1.8414,1.36707,-5.48848,-1.79924,7.80996,-0.23578,-3.27482
2018-10-05,1.30242,-1.8161,1.36886,-4.97558,-1.63997,7.90864,-0.22963,-3.27482
2018-10-08,1.31271,-1.8399,1.36768,-4.1019,-1.35928,8.07474,-0.22786,-3.27482
2018-10-09,1.30931,-1.8211,1.37313,-4.75892,-1.58798,8.06028,-0.22593,-3.27482
2018-10-10,1.3157,-1.7919,1.39123,-5.5816,-1.86949,8.11026,-0.22094,-3.27482
2018-10-11,1.32067,-1.7835,1.38717,-4.91253,-1.64878,8.11382,-0.21981,-3.27482
2018-10-12,1.32342,-1.8285,1.37207,-3.61034,-1.21693,8.1236,-0.22508,-3.27482
2018-10-15,1.31039,-1.8718,1.36718,-4.2421,-1.43322,8.12352,-0.23042,-3.27482
2018-10-16,1.31548,-1.8751,1.35618,-3.04743,-1.03125,8.14826,-0.23012,-3.27482
2018-10-17,1.31872,-1.935,1.3425,-1.78701,-0.60558,8.11386,-0.23848,-3.27482
2018-10-18,1.31044,-1.9365,1.34802,-2.82727,-0.95911,7.99268,-0.24228,-3.27482
2018-10-19,1.30242,-1.9484,1.3468,-3.35071,-1.13791,8.05809,-0.24179,-3.27482
2018-10-22,1.30654,-1.9898,1.33969,-2.50523,-0.85213,8.04711,-0.24727,-3.27482
2018-10-23,1.2966,-1.9737,1.33266,-2.74349,-0.93455,8.15016,-0.24217,-3.27482
2018-10-24,1.29813,-1.9347,1.34859,-3.81328,-1.3008,8.04285,-0.24055,-3.27482
2018-10-25,1.28883,-1.9877,1.33981,-3.87992,-1.32627,8.16444,-0.24346,-3.27482
2018-10-26,1.28246,-1.9795,1.34202,-4.53923,-1.55238,8.2063,-0.24122,-3.27482
2018-10-29,1.2831,-1.9618,1.34347,-4.59732,-1.57245,8.20702,-0.23904,-3.27482
2018-10-30,1.28025,-1.9792,1.33104,-3.89063,-1.33031,8.21425,-0.24095,-3.27482
2018-10-31,1.27089,-1.9826,1.32228,-3.96416,-1.35464,8.1802,-0.24237,-3.27482
2018-11-01,1.27694,-1.9424,1.32199,-3.46662,-1.18419,8.24271,-0.23565,-3.03547
2018-11-02,1.30037,-1.9829,1.30605,-0.43537,-0.14872,8.9861,-0.22066,-3.03547
2018-11-05,1.30056,-1.9657,1.31101,-0.79998,-0.2739,8.98611,-0.21875,-3.03547
2018-11-06,1.30581,-1.9618,1.30743,-0.1242,-0.04261,8.95947,-0.21896,-3.03547
2018-11-07,1.31125,-1.9786,1.29296,1.40487,0.48343,8.94926,-0.22109,-3.03547
2018-11-08,1.31285,-1.9648,1.29102,1.67722,0.57819,8.87307,-0.22143,-3.03547
2018-11-09,1.30668,-1.9856,1.28845,1.40478,0.48477,8.93309,-0.22227,-3.03547
2018-11-12,1.29385,-2.0492,1.28847,0.41647,0.14393,9.1334,-0.22436,-3.03547
2018-11-13,1.28579,-1.9292,1.28702,-0.09532,-0.03302,9.2165,-0.20932,-3.03547
2018-11-14,1.30141,-1.901,1.29733,0.31367,0.10888,9.51385,-0.19981,-3.03547
2018-11-15,1.29862,-2.0273,1.27622,1.74002,0.60604,9.51637,-0.21303,-3.03547
2018-11-16,1.27665,-1.9499,1.28306,-0.50096,-0.17477,10.08939,-0.19326,-3.03547
2018-11-19,1.28332,-1.9579,1.28818,-0.37799,-0.13194,10.01799,-0.19544,-3.03547
2018-11-20,1.28598,-1.9557,1.278,0.62205,0.21738,10.02728,-0.19504,-3.03547
2018-11-21,1.27892,-1.9491,1.27855,0.0286,0.01002,9.98034,-0.19529,-3.03547
2018-11-22,1.27773,-1.9199,1.28307,-0.41734,-0.14642,9.94957,-0.19296,-3.03547
2018-11-23,1.2876,-1.9329,1.26325,1.90884,0.67114,10.05548,-0.19222,-3.03547
2018-11-26,1.28123,-1.9278,1.26425,1.33392,0.46962,10.09429,-0.19098,-3.03547
2018-11-27,1.28123,-1.9342,1.26307,1.42722,0.5034,9.73934,-0.1986,-3.03547
2018-11-28,1.27437,-1.9321,1.25616,1.43953,0.50886,9.78732,-0.19741,-3.03547
2018-11-29,1.28241,-1.9353,1.26049,1.72447,0.61092,9.78622,-0.19776,-3.03547
2018-11-30,1.27845,-1.91,1.25919,1.51743,0.53892,9.77018,-0.19549,-3.03547
2018-12-03,1.27535,-1.94,1.26206,1.04739,0.3733,9.78022,-0.19836,-4.77676
2018-12-04,1.27259,-1.91,1.28272,-0.79263,-0.28387,9.74506,-0.196,-4.77676
2018-12-05,1.27205,-1.88,1.28724,-1.1871,-0.4273,9.74279,-0.19296,-4.77676
2018-12-06,1.27277,-1.91,1.27595,-0.25011,-0.09041,9.74335,-0.19603,-4.77676
2018-12-07,1.27786,-1.8321,1.30004,-1.72118,-0.62585,9.6577,-0.1897,-4.77676
2018-12-10,1.2721,-1.922,1.27753,-0.42611,-0.15587,9.69387,-0.19827,-4.77676
2018-12-11,1.25612,-1.9397,1.27294,-1.32965,-0.4899,9.98334,-0.19429,-4.77676
2018-12-12,1.2493,-1.8846,1.27958,-2.39469,-0.88698,9.96297,-0.18916,-4.77676
2018-12-13,1.26287,-1.8543,1.2866,-1.86169,-0.69398,10.21732,-0.18149,-4.77676
2018-12-14,1.2655,-1.878,1.28051,-1.17877,-0.44276,10.15604,-0.18491,-4.77676
2018-12-17,1.25856,-1.8057,1.29654,-2.97356,-1.12683,10.19186,-0.17717,-4.77676
2018-12-18,1.26157,-1.7337,1.29503,-2.61718,-0.99929,10.20685,-0.16986,-4.77676
2018-12-19,1.2655,-1.7284,1.29963,-2.66139,-1.02504,10.0133,-0.17261,-4.77676
2018-12-20,1.26279,-1.7752,1.28412,-1.67569,-0.6522,9.62393,-0.18446,-4.77676
2018-12-21,1.26698,-1.7134,1.29482,-2.17394,-0.85817,9.63154,-0.17789,-4.77676
2018-12-24,1.26489,-1.7002,1.29051,-2.00465,-0.79482,9.573,-0.1776,-4.77676
2018-12-25,1.27108,-1.7002,1.28988,-1.46797,-0.58643,9.6368,-0.17643,-4.77676
2018-12-26,1.26887,-1.7902,1.28399,-1.18383,-0.47662,9.54643,-0.18753,-4.77676
2018-12-27,1.26488,-1.6901,1.28822,-1.82841,-0.74219,9.54768,-0.17702,-4.77676
2018-12-28,1.26462,-1.6651,1.28877,-1.89125,-0.77065,9.54635,-0.17442,-4.77676
2018-12-31,1.26936,-1.6089,1.29959,-2.35344,-0.96203,9.54362,-0.16858,-4.77676
2019-01-01,1.2738,-1.6089,1.29903,-1.96117,-0.80489,9.55665,-0.16835,-4.1874
2019-01-02,1.27543,-1.6525,1.29126,-1.23371,-0.50831,9.46509,-0.17459,-4.1874
2019-01-03,1.25219,-1.5559,1.31878,-5.18122,-2.14515,9.98284,-0.15586,-4.1874
2019-01-04,1.26288,-1.5836,1.30842,-3.54225,-1.47166,10.14479,-0.1561,-4.1874
2019-01-07,1.2735,-1.6527,1.29709,-1.83576,-0.76598,10.24479,-0.16132,-4.1874
2019-01-08,1.27861,-1.6956,1.2933,-1.1425,-0.47865,10.24893,-0.16544,-4.1874
2019-01-09,1.27379,-1.681,1.30699,-2.57283,-1.08348,10.25567,-0.16391,-4.1874
2019-01-10,1.27997,-1.6508,1.3121,-2.47932,-1.04986,10.13616,-0.16286,-4.1874
2019-01-11,1.2754,-1.5882,1.31417,-2.99459,-1.27437,10.11882,-0.15696,-4.1874
2019-01-14,1.28498,-1.5877,1.30988,-1.91886,-0.82019,10.2278,-0.15523,-4.1874
2019-01-15,1.2875,-1.6021,1.31346,-1.99662,-0.85618,10.16778,-0.15757,-4.1874
2019-01-16,1.28722,-1.6121,1.31597,-2.20951,-0.95211,10.0978,-0.15965,-4.1874
2019-01-17,1.28858,-1.6137,1.31203,-1.80387,-0.78045,10.07826,-0.16012,-4.1874
2019-01-18,1.2984,-1.6376,1.31359,-1.16358,-0.50475,10.08287,-0.16241,-4.1874
2019-01-21,1.28535,-1.6548,1.31039,-1.92987,-0.84001,10.28075,-0.16096,-4.1874
2019-01-22,1.28917,-1.6182,1.32037,-2.39087,-1.04393,10.19873,-0.15867,-4.1874
2019-01-23,1.29577,-1.6239,1.31404,-1.39979,-0.61259,10.19848,-0.15923,-4.1874
2019-01-24,1.30822,-1.6361,1.30973,-0.11562,-0.0508,10.37002,-0.15777,-4.1874
2019-01-25,1.31216,-1.6372,1.30776,0.33591,0.14826,10.37089,-0.15786,-4.1874
2019-01-28,1.32085,-1.6555,1.30088,1.52322,0.67451,10.32324,-0.16037,-4.1874
2019-01-29,1.31601,-1.6176,1.31531,0.05373,0.0239,10.3233,-0.15669,-4.1874
2019-01-30,1.30804,-1.5599,1.32354,-1.17744,-0.52549,9.75693,-0.15988,-4.1874
2019-01-31,1.31172,-1.5459,1.3239,-0.92486,-0.41434,9.77197,-0.1582,-4.1874
2019-02-01,1.31094,-1.6197,1.30854,0.18381,0.0826,9.74082,-0.16628,-3.04254
2019-02-04,1.30774,-1.6397,1.30638,0.10359,0.04667,9.71745,-0.16874,-3.04254
2019-02-05,1.3031,-1.631,1.30525,-0.16443,-0.07426,9.73907,-0.16747,-3.04254
2019-02-06,1.29572,-1.6255,1.30885,-1.0078,-0.4562,9.75944,-0.16656,-3.04254
2019-02-07,1.29344,-1.6197,1.30856,-1.16216,-0.52731,9.56345,-0.16936,-3.04254
2019-02-08,1.29492,-1.6396,1.30493,-0.77005,-0.35008,9.48136,-0.17293,-3.04254
2019-02-11,1.29368,-1.6464,1.30199,-0.64009,-0.29139,9.16638,-0.17961,-3.04254
2019-02-12,1.28641,-1.6506,1.30351,-1.32099,-0.60181,9.22456,-0.17894,-3.04254
2019-02-13,1.28921,-1.6881,1.30254,-1.02868,-0.46896,8.57035,-0.19697,-3.04254
2019-02-14,1.28568,-1.6796,1.30995,-1.87057,-0.85302,8.5272,-0.19697,-3.04254
2019-02-15,1.27984,-1.6687,1.3146,-2.68,-1.22164,8.5656,-0.19481,-3.04254
2019-02-18,1.29056,-1.6599,1.3162,-1.96778,-0.89727,8.65614,-0.19176,-3.04254
2019-02-19,1.29241,-1.6313,1.32211,-2.27188,-1.0358,8.65711,-0.18843,-3.04254
2019-02-20,1.30613,-1.5908,1.32901,-1.73663,-0.7913,8.77643,-0.18126,-3.04254
2019-02-21,1.30451,-1.6372,1.32203,-1.33389,-0.60775,8.71846,-0.18779,-3.04254
2019-02-22,1.30414,-1.599,1.32579,-1.64625,-0.75128,8.71903,-0.18339,-3.04254
2019-02-25,1.30656,-1.6302,1.3153,-0.66703,-0.30439,8.64823,-0.1885,-3.04254
2019-02-26,1.31271,-1.5647,1.33007,-1.31352,-0.60008,8.60999,-0.18173,-3.04254
2019-02-27,1.3258,-1.5285,1.33987,-1.05554,-0.48266,8.78864,-0.17392,-3.04254
2019-02-28,1.33182,-1.5584,1.33323,-0.10547,-0.04827,8.80215,-0.17705,-3.04254
2019-03-01,1.32649,-1.6002,1.31763,0.67021,0.30686,8.83421,-0.18114,-1.92616
2019-03-04,1.32398,-1.5875,1.32609,-0.15974,-0.07328,8.84644,-0.17945,-1.92616
2019-03-05,1.31785,-1.5796,1.32866,-0.81702,-0.37515,8.90906,-0.1773,-1.92616
2019-03-06,1.31567,-1.5967,1.32934,-1.03378,-0.47524,8.89207,-0.17956,-1.92616
2019-03-07,1.31822,-1.6061,1.33145,-0.99857,-0.45944,8.83876,-0.18171,-1.92616
2019-03-08,1.30924,-1.557,1.33641,-2.05351,-0.94637,8.55786,-0.18194,-1.92616
2019-03-11,1.29884,-1.5968,1.3271,-2.15284,-0.9955,8.64581,-0.18469,-1.92616
2019-03-12,1.32485,-1.5632,1.33152,-0.50175,-0.23258,9.2461,-0.16907,-1.92616
2019-03-13,1.30668,-1.5452,1.33687,-2.28445,-1.06169,9.68974,-0.15947,-1.92616
2019-03-14,1.32857,-1.5306,1.33856,-0.7495,-0.34981,10.13167,-0.15107,-1.92616
2019-03-15,1.32586,-1.5156,1.33875,-0.96803,-0.45468,10.14322,-0.14942,-1.92616
2019-03-18,1.32972,-1.5545,1.33415,-0.33255,-0.15717,10.14143,-0.15328,-1.92616
2019-03-19,1.32644,-1.5466,1.33764,-0.8414,-0.40049,10.14541,-0.15244,-1.92616
2019-03-20,1.32714,-1.5004,1.35079,-1.76606,-0.84736,10.13243,-0.14808,-1.92616
2019-03-21,1.32053,-1.5684,1.33505,-1.09361,-0.5274,10.18634,-0.15397,-1.92616
2019-03-22,1.31323,-1.4936,1.35545,-3.16448,-1.53724,10.22502,-0.14607,-1.92616
2019-03-25,1.32065,-1.5048,1.35353,-2.4585,-1.19388,10.26517,-0.14659,-1.92616
2019-03-26,1.32153,-1.4289,1.36473,-3.21701,-1.56255,10.23625,-0.13959,-1.92616
2019-03-27,1.32114,-1.4379,1.36395,-3.18874,-1.54644,10.23658,-0.14047,-1.92616
2019-03-28,1.31527,-1.5037,1.34917,-2.54502,-1.23134,10.26867,-0.14644,-1.92616
2019-03-29,1.30565,-1.4954,1.35004,-3.3427,-1.61484,10.37104,-0.14419,-1.92616
2019-04-01,1.30229,-1.5786,1.33607,-2.56078,-1.2339,10.38637,-0.15199,-2.48672
2019-04-02,1.3069,-1.5547,1.34137,-2.6037,-1.25275,9.6821,-0.16057,-2.48672
2019-04-03,1.31277,-1.5564,1.34217,-2.21495,-1.06408,9.58295,-0.16241,-2.48672
2019-04-04,1.3177,-1.5324,1.3461,-2.13291,-1.024,9.4749,-0.16173,-2.48672
2019-04-05,1.3077,-1.5051,1.35133,-3.2814,-1.57398,9.58654,-0.157,-2.48672
2019-04-08,1.30382,-1.5396,1.34908,-3.41316,-1.6344,9.57384,-0.16081,-2.48672
2019-04-09,1.30634,-1.518,1.35526,-3.67678,-1.75777,9.53625,-0.15918,-2.48672
2019-04-10,1.30572,-1.4884,1.36072,-4.12602,-1.96862,9.50479,-0.15659,-2.48672
2019-04-11,1.30993,-1.4686,1.3598,-3.73642,-1.77902,9.41275,-0.15602,-2.48672
2019-04-12,1.3056,-1.4861,1.35477,-3.6965,-1.75733,9.43409,-0.15752,-2.48672
2019-04-15,1.30839,-1.4709,1.35734,-3.67323,-1.74317,9.44133,-0.15579,-2.48672
2019-04-16,1.31027,-1.5073,1.35186,-3.12485,-1.4798,9.44296,-0.15962,-2.48672
2019-04-17,1.30463,-1.489,1.35643,-3.89341,-1.84053,9.3674,-0.15896,-2.48672
2019-04-18,1.30393,-1.5084,1.35169,-3.59706,-1.695,9.13748,-0.16508,-2.48672
2019-04-19,1.29944,-1.5084,1.35145,-3.92445,-1.84437,9.14933,-0.16486,-2.48672
2019-04-22,1.29938,-1.5184,1.3579,-4.40544,-2.06461,9.09322,-0.16698,-2.48672
2019-04-23,1.29814,-1.4621,1.36855,-5.28188,-2.46525,8.88693,-0.16452,-2.48672
2019-04-24,1.29381,-1.4698,1.37048,-5.75691,-2.67108,8.8867,-0.16539,-2.48672
2019-04-25,1.29049,-1.5014,1.364,-5.53981,-2.55244,8.78938,-0.17082,-2.48672
2019-04-26,1.28961,-1.4815,1.35756,-5.13497,-2.35109,8.76412,-0.16904,-2.48672
2019-04-29,1.29202,-1.4948,1.35607,-4.83835,-2.20323,8.69594,-0.1719,-2.48672
2019-04-30,1.29324,-1.4175,1.3717,-5.88973,-2.67008,8.67781,-0.16335,-2.48672
2019-05-01,1.30398,-1.4717,1.36618,-4.65945,-2.09819,8.84211,-0.16644,-3.10081
2019-05-02,1.30531,-1.4733,1.35936,-4.05704,-1.81901,8.83162,-0.16682,-3.10081
2019-05-03,1.30332,-1.4213,1.36214,-4.414,-1.97258,8.80806,-0.16136,-3.10081
2019-05-06,1.31506,-1.3913,1.37778,-4.6587,-2.07394,8.91059,-0.15614,-3.10081
2019-05-07,1.30993,-1.3794,1.38648,-5.67962,-2.5178,8.94049,-0.15429,-3.10081
2019-05-08,1.30688,-1.4384,1.37723,-5.24275,-2.30978,8.9526,-0.16067,-3.10081
2019-05-09,1.3012,-1.4193,1.37871,-5.78605,-2.53588,8.99532,-0.15778,-3.10081
2019-05-10,1.30097,-1.4181,1.37003,-5.17268,-2.25287,8.91994,-0.15898,-3.10081
2019-05-13,1.30107,-1.3653,1.38874,-6.52114,-2.82707,8.9107,-0.15322,-3.10081
2019-05-14,1.29631,-1.4089,1.37743,-6.06938,-2.61238,8.92471,-0.15787,-3.10081
2019-05-15,1.29066,-1.3504,1.38277,-6.89414,-2.9476,8.9209,-0.15137,-3.10081
2019-05-16,1.28475,-1.3986,1.37347,-6.67724,-2.83082,8.81145,-0.15873,-3.10081
2019-05-17,1.27977,-1.4124,1.37107,-6.89117,-2.89871,8.83869,-0.1598,-3.10081
2019-05-20,1.27316,-1.4152,1.37003,-7.3336,-3.06001,8.62088,-0.16416,-3.10081
2019-05-21,1.27291,-1.4161,1.36585,-7.0468,-2.91346,8.61931,-0.16429,-3.10081
2019-05-23,1.26642,-1.4135,1.35752,-6.94703,-2.84835,8.67095,-0.16302,-3.10081
2019-05-24,1.26646,-1.4631,1.35012,-6.39631,-2.60191,8.6588,-0.16897,-3.10081
2019-05-27,1.27248,-1.4631,1.34968,-5.89042,-2.38024,8.65963,-0.16896,-3.10081
2019-05-28,1.26823,-1.3904,1.36705,-7.50341,-3.0151,8.41405,-0.16525,-3.10081
2019-05-29,1.26597,-1.4361,1.35872,-7.07095,-2.81615,8.34888,-0.17201,-3.10081
2019-05-30,1.26295,-1.3864,1.35579,-7.09358,-2.80326,8.3298,-0.16644,-3.10081
2019-05-31,1.26097,-1.2778,1.36476,-7.90991,-3.1018,8.32827,-0.15343,-3.10081
2019-06-03,1.26395,-1.2318,1.35952,-7.28878,-2.83159,8.31393,-0.14816,-5.09042
2019-06-04,1.26642,-1.2445,1.35519,-6.77488,-2.6115,8.32766,-0.14944,-5.09042
2019-06-05,1.27028,-1.2725,1.34516,-5.72755,-2.19306,8.34434,-0.1525,-5.09042
2019-06-06,1.26886,-1.3009,1.34395,-5.74952,-2.19117,8.24827,-0.15772,-5.09042
2019-06-07,1.26984,-1.2863,1.3504,-6.15118,-2.33322,8.11012,-0.1586,-5.09042
2019-06-10,1.2723,-1.3506,1.33884,-5.09812,-1.92344,7.01488,-0.19253,-5.09042
2019-06-11,1.26912,-1.3347,1.3403,-5.45701,-2.05144,6.49724,-0.20543,-5.09042
2019-06-12,1.27244,-1.3064,1.33606,-4.87868,-1.82641,5.53352,-0.23609,-5.09042
2019-06-13,1.26934,-1.2601,1.34449,-5.7514,-2.14646,5.53804,-0.22754,-5.09042
2019-06-14,1.26801,-1.2512,1.34593,-5.96428,-2.21594,5.48985,-0.22791,-5.09042
2019-06-17,1.2596,-1.2594,1.34137,-6.28953,-2.3255,5.60528,-0.22468,-5.09042
2019-06-18,1.25415,-1.2783,1.34185,-6.75872,-2.48569,5.64199,-0.22657,-5.09042
2019-06-19,1.25666,-1.1627,1.35096,-7.23581,-2.64497,5.60892,-0.20729,-5.09042
2019-06-20,1.26566,-1.1922,1.35478,-6.80438,-2.47103,5.74362,-0.20757,-5.09042
2019-06-21,1.27079,-1.2053,1.35532,-6.43939,-2.32487,5.68206,-0.21212,-5.09042
2019-06-24,1.27509,-1.188,1.3548,-6.06408,-2.17808,5.73241,-0.20724,-5.09042
2019-06-25,1.27397,-1.1787,1.35642,-6.2716,-2.24238,5.73247,-0.20562,-5.09042
2019-06-26,1.26907,-1.2268,1.35436,-6.5047,-2.31452,5.71713,-0.21458,-5.09042
2019-06-27,1.26984,-1.1595,1.35898,-6.78455,-2.40181,5.55318,-0.2088,-5.09042
2019-06-28,1.26775,-1.1503,1.35745,-6.83653,-2.40693,5.54169,-0.20757,-5.09042
2019-07-01,1.26945,-1.2227,1.34513,-5.79017,-2.0271,5.49515,-0.22251,-6.37927
2019-07-02,1.26446,-1.247,1.33448,-5.38918,-1.87948,5.44522,-0.22901,-6.37927
2019-07-03,1.25983,-1.2664,1.33555,-5.83716,-2.0287,5.40677,-0.23422,-6.37927
2019-07-04,1.25827,-1.2722,1.33459,-5.88823,-2.03844,5.22326,-0.24356,-6.37927
2019-07-05,1.2583,-1.3032,1.33355,-5.80824,-2.00297,5.20247,-0.2505,-6.37927
2019-07-08,1.25255,-1.3782,1.32788,-5.83974,-2.00641,5.23846,-0.26309,-6.37927
2019-07-09,1.25164,-1.3833,1.32742,-5.87793,-2.01243,5.23832,-0.26407,-6.37927
2019-07-10,1.24586,-1.2898,1.33977,-7.26754,-2.47882,5.23674,-0.2463,-6.37927
2019-07-11,1.25081,-1.2606,1.33999,-6.88696,-2.335,5.29677,-0.23799,-6.37927
2019-07-12,1.25235,-1.245,1.34022,-6.78118,-2.28697,5.28033,-0.23578,-6.37927
2019-07-15,1.2572,-1.2867,1.33636,-6.10636,-2.04881,5.34208,-0.24086,-6.37927
2019-07-16,1.2518,-1.281,1.3315,-6.17208,-2.06228,5.34176,-0.23981,-6.37927
2019-07-17,1.2412,-1.2961,1.32967,-6.88506,-2.29086,5.56725,-0.23281,-6.37927
2019-07-18,1.24347,-1.2542,1.32732,-6.52555,-2.1601,5.56451,-0.22539,-6.37927
2019-07-19,1.25419,-1.2972,1.32627,-5.58803,-1.84131,5.86495,-0.22118,-6.37927
2019-07-22,1.25128,-1.3153,1.32566,-5.77382,-1.89617,5.87501,-0.22388,-6.37927
2019-07-23,1.24749,-1.3689,1.3223,-5.82426,-1.906,5.86945,-0.23322,-6.37927
2019-07-24,1.2439,-1.3632,1.3203,-5.9605,-1.94377,5.87399,-0.23207,-6.37927
2019-07-25,1.2486,-1.3681,1.32101,-5.6377,-1.8317,5.93791,-0.2304,-6.37927
2019-07-26,1.24535,-1.3993,1.31833,-5.69532,-1.84427,5.93235,-0.23588,-6.37927
2019-07-29,1.23767,-1.4205,1.31821,-6.30464,-2.03491,6.02819,-0.23564,-6.37927
2019-07-30,1.22175,-1.4532,1.31958,-7.70311,-2.47632,6.23533,-0.23306,-6.37927
2019-07-31,1.21616,-1.4571,1.32228,-8.36605,-2.67337,6.26099,-0.23273,-6.37927
2019-08-01,1.21538,-1.3523,1.31874,-8.16238,-2.58991,6.26117,-0.21598,-7.38177
2019-08-02,1.21243,-1.3187,1.32309,-8.73425,-2.75308,5.92132,-0.2227,-7.38177
2019-08-05,1.21521,-1.2639,1.32434,-8.59905,-2.69031,5.93969,-0.21279,-7.38177
2019-08-06,1.21582,-1.2282,1.32004,-8.2242,-2.55497,5.94459,-0.20661,-7.38177
2019-08-07,1.21697,-1.2115,1.31244,-7.55213,-2.33122,5.92283,-0.20455,-7.38177
2019-08-08,1.21433,-1.188,1.31425,-7.90745,-2.42794,5.92421,-0.20053,-7.38177
2019-08-09,1.21437,-1.2511,1.31344,-7.84207,-2.39399,5.92388,-0.2112,-7.38177
2019-08-12,1.2022,-1.1782,1.31667,-9.09537,-2.76102,6.17067,-0.19094,-7.38177
2019-08-13,1.20788,-1.2461,1.31784,-8.71342,-2.62551,6.24762,-0.19945,-7.38177
2019-08-14,1.20642,-1.2021,1.31463,-8.58997,-2.57103,6.20639,-0.19369,-7.38177
2019-08-15,1.20604,-1.1207,1.31279,-8.48149,-2.52291,6.17993,-0.18135,-7.38177
2019-08-16,1.20916,-1.0551,1.31424,-8.33332,-2.46388,6.15849,-0.17132,-7.38177
2019-08-19,1.2161,-1.1018,1.31361,-7.71314,-2.26799,6.29509,-0.17503,-7.38177
2019-08-20,1.21315,-1.0723,1.3136,-7.95478,-2.32766,6.2416,-0.1718,-7.38177
2019-08-21,1.21623,-1.1233,1.31147,-7.53886,-2.19566,6.27328,-0.17906,-7.38177
2019-08-22,1.21322,-1.1078,1.3092,-7.61317,-2.21015,6.18725,-0.17905,-7.38177
2019-08-23,1.22519,-1.037,1.3068,-6.44877,-1.86562,6.51469,-0.15918,-7.38177
2019-08-26,1.22624,-1.067,1.30295,-6.06782,-1.75165,6.51573,-0.16376,-7.38177
2019-08-27,1.2222,-1.1015,1.30239,-6.3552,-1.83118,6.52904,-0.16871,-7.38177
2019-08-28,1.22832,-1.1172,1.30321,-5.91852,-1.70243,6.61775,-0.16882,-7.38177
2019-08-29,1.22185,-1.1411,1.30351,-6.46916,-1.85744,6.6637,-0.17124,-7.38177
2019-08-30,1.21865,-1.0924,1.30066,-6.51297,-1.86556,6.65711,-0.1641,-7.38177
2019-09-02,1.21592,-1.1413,1.29878,-6.59175,-1.88352,6.62301,-0.17232,-5.30473
2019-09-03,1.20667,-1.1237,1.29206,-6.83777,-1.94866,6.76699,-0.16606,-5.30473
2019-09-04,1.20904,-1.0093,1.29805,-7.10334,-2.01884,6.78247,-0.14881,-5.30473
2019-09-05,1.22489,-1.0348,1.29751,-5.75984,-1.63221,7.30509,-0.14165,-5.30473
2019-09-06,1.23239,-1.1154,1.29856,-5.22952,-1.47902,7.41614,-0.1504,-5.30473
2019-09-09,1.22831,-1.1037,1.29986,-5.66237,-1.59893,7.41089,-0.14893,-5.30473
2019-09-10,1.23454,-1.167,1.29873,-5.06935,-1.42856,7.48504,-0.15591,-5.30473
2019-09-11,1.23548,-1.1688,1.29479,-4.68859,-1.31898,7.48784,-0.15609,-5.30473
2019-09-12,1.23347,-1.2066,1.29364,-4.76242,-1.33777,7.38455,-0.1634,-5.30473
2019-09-13,1.23294,-1.2118,1.29295,-4.75256,-1.33312,7.33966,-0.1651,-5.30473
2019-09-16,1.24973,-1.2216,1.3122,-4.8776,-1.36654,7.83055,-0.156,-5.30473
2019-09-17,1.24285,-1.1965,1.30132,-4.59719,-1.28655,7.76478,-0.15409,-5.30473
2019-09-18,1.25027,-1.2165,1.29887,-3.81358,-1.06634,7.81703,-0.15562,-5.30473
2019-09-19,1.24705,-1.2284,1.30024,-4.17637,-1.16745,7.79516,-0.15758,-5.30473
2019-09-20,1.25251,-1.172,1.29817,-3.5807,-1.00029,7.85105,-0.14928,-5.30473
2019-09-23,1.24719,-1.2334,1.29976,-4.12842,-1.15275,7.85881,-0.15694,-5.30473
2019-09-24,1.24346,-1.1738,1.29368,-3.95975,-1.10494,7.87544,-0.14905,-5.30473
2019-09-25,1.2486,-1.2626,1.29305,-3.49811,-0.97538,7.92075,-0.1594,-5.30473
2019-09-26,1.23596,-1.2587,1.2934,-4.54264,-1.26624,8.15844,-0.15428,-5.30473
2019-09-27,1.2332,-1.2904,1.29096,-4.57794,-1.27487,8.13567,-0.15861,-5.30473
2019-09-30,1.22932,-1.2907,1.28786,-4.65213,-1.29401,8.12781,-0.1588,-5.30473
2019-10-01,1.229,-1.2815,1.28152,-4.18489,-1.1631,8.12603,-0.1577,-3.9895
2019-10-02,1.22923,-1.1679,1.27534,-3.68315,-1.0226,8.12641,-0.14372,-3.9895
2019-10-03,1.23044,-1.0911,1.27367,-3.45306,-0.95802,8.08532,-0.13495,-3.9895
2019-10-04,1.23423,-1.1272,1.27593,-3.32261,-0.92145,8.11263,-0.13894,-3.9895
2019-10-07,1.23344,-1.1603,1.27565,-3.3651,-0.93321,8.06357,-0.14389,-3.9895
2019-10-08,1.2288,-1.1783,1.27473,-3.66948,-1.01746,8.05101,-0.14635,-3.9895
2019-10-09,1.22196,-1.1671,1.27447,-4.20741,-1.16555,8.11423,-0.14383,-3.9895
2019-10-10,1.2213,-1.1602,1.27617,-4.39493,-1.21596,8.06804,-0.1438,-3.9895
2019-10-11,1.24332,-1.1018,1.27859,-2.7977,-0.77313,8.82202,-0.12489,-3.9895
2019-10-14,1.2619,-1.1776,1.27679,-1.17305,-0.32406,9.14821,-0.12872,-3.9895
2019-10-15,1.26118,-1.1238,1.27371,-0.98881,-0.27318,9.14412,-0.1229,-3.9895
2019-10-16,1.27606,-1.1259,1.27537,0.05469,0.01511,9.28203,-0.1213,-3.9895
2019-10-17,1.28238,-1.1269,1.27661,0.45091,0.12462,9.31305,-0.121,-3.9895
2019-10-18,1.28686,-1.0944,1.27425,0.98506,0.27233,9.30691,-0.11759,-3.9895
2019-10-21,1.29002,-1.1011,1.27301,1.32734,0.36708,9.2895,-0.11853,-3.9895
2019-10-22,1.29717,-1.1384,1.27592,1.65185,0.45697,9.32064,-0.12214,-3.9895
2019-10-23,1.28848,-1.1304,1.2799,0.66764,0.18475,9.41419,-0.12007,-3.9895
2019-10-24,1.29232,-1.1879,1.2825,0.76277,0.21119,9.32618,-0.12737,-3.9895
2019-10-25,1.28403,-1.1995,1.28353,0.03846,0.01065,9.02547,-0.1329,-3.9895
2019-10-28,1.2832,-1.1775,1.28143,0.1383,0.03834,8.96432,-0.13135,-3.9895
2019-10-29,1.28574,-1.1814,1.28129,0.34678,0.09621,8.96188,-0.13183,-3.9895
2019-10-30,1.28667,-1.1625,1.27751,0.71459,0.19841,8.93654,-0.13008,-3.9895
2019-10-31,1.29017,-1.1047,1.27496,1.18582,0.32952,8.93955,-0.12357,-3.9895
2019-11-01,1.29396,-1.1067,1.27872,1.18504,0.32965,8.94781,-0.12368,-1.99828
2019-11-04,1.29376,-1.1426,1.28077,1.00894,0.28099,8.95073,-0.12765,-1.99828
2019-11-05,1.28916,-1.1521,1.28326,0.45868,0.12796,8.97485,-0.12837,-1.99828
2019-11-06,1.28806,-1.133,1.27865,0.73367,0.20504,8.98027,-0.12617,-1.99828
2019-11-07,1.28568,-1.246,1.28259,0.24034,0.06728,8.71715,-0.14294,-1.99828
2019-11-08,1.278,-1.2129,1.28164,-0.28465,-0.07982,8.79761,-0.13787,-1.99828
2019-11-11,1.27964,-1.2129,1.28058,-0.07314,-0.02054,8.78751,-0.13803,-1.99828
2019-11-12,1.28584,-1.1905,1.27917,0.52059,0.14647,8.81806,-0.13501,-1.99828
2019-11-13,1.28521,-1.1756,1.27978,0.42376,0.11936,8.81728,-0.13333,-1.99828
2019-11-14,1.28538,-1.169,1.27912,0.48824,0.13768,8.76549,-0.13336,-1.99828
2019-11-15,1.28818,-1.1801,1.28116,0.54638,0.15426,8.74319,-0.13497,-1.99828
2019-11-18,1.29212,-1.116,1.27723,1.15905,0.32772,8.74763,-0.12758,-1.99828
2019-11-19,1.29509,-1.1214,1.2725,1.75933,0.49827,8.72339,-0.12855,-1.99828
2019-11-20,1.29295,-1.0717,1.27624,1.30052,0.36866,8.55419,-0.12528,-1.99828
2019-11-21,1.29271,-1.0895,1.28212,0.82212,0.23334,8.55673,-0.12733,-1.99828
2019-11-22,1.29199,-1.0895,1.27883,1.02412,0.29105,8.5202,-0.12787,-1.99828
2019-11-25,1.28535,-1.1507,1.27973,0.43783,0.12458,8.56266,-0.13439,-1.99828
2019-11-26,1.28972,-1.153,1.28092,0.68477,0.19508,8.4911,-0.13579,-1.99828
2019-11-27,1.28609,-1.167,1.28056,0.43098,0.12292,8.49447,-0.13738,-1.99828
2019-11-28,1.29299,-1.1665,1.28029,0.98723,0.28184,8.51771,-0.13695,-1.99828
2019-11-29,1.29129,-1.1239,1.27556,1.22537,0.35016,8.34986,-0.1346,-1.99828
2019-12-02,1.29129,-1.1163,1.27417,1.33475,0.38182,8.35059,-0.13368,-0.99452
2019-12-03,1.29406,-1.063,1.27482,1.49843,0.42915,7.9922,-0.133,-0.99452
2019-12-04,1.29978,-1.0663,1.28072,1.47724,0.42374,7.95415,-0.13406,-0.99452
2019-12-05,1.31113,-1.0492,1.28135,2.29752,0.66024,8.06062,-0.13016,-0.99452
2019-12-06,1.31584,-1.1251,1.28399,2.45019,0.70549,8.03604,-0.14001,-0.99452
2019-12-09,1.31396,-1.117,1.2884,1.96394,0.56626,8.05081,-0.13874,-0.99452
2019-12-10,1.31458,-1.1312,1.28872,1.98631,0.57384,8.0341,-0.1408,-0.99452
2019-12-11,1.31313,-1.103,1.28471,2.18825,0.63349,8.04013,-0.13719,-0.99452
2019-12-12,1.32001,-1.1178,1.28397,2.76786,0.80261,7.67749,-0.14559,-0.99452
2019-12-13,1.34753,-1.0891,1.28377,4.8468,1.40715,8.52756,-0.12772,-0.99452
2019-12-16,1.33533,-1.0915,1.28289,4.00637,1.16289,8.72167,-0.12515,-0.99452
2019-12-17,1.32725,-1.1904,1.28683,3.09232,0.89793,8.80828,-0.13515,-0.99452
2019-12-18,1.31222,-1.1954,1.28791,1.86926,0.54399,9.12092,-0.13106,-0.99452
2019-12-19,1.30873,-1.1397,1.28862,1.54856,0.452,9.09108,-0.12536,-0.99452
2019-12-20,1.30174,-1.1723,1.28709,1.13176,0.33133,9.14265,-0.12822,-0.99452
2019-12-23,1.30054,-1.2053,1.28828,0.94729,0.27823,9.12213,-0.13213,-0.99452
2019-12-24,1.2945,-1.1694,1.29122,0.25385,0.0749,8.92066,-0.13109,-0.99452
2019-12-25,1.29349,-1.1694,1.2909,0.20095,0.05956,8.90568,-0.13131,-0.99452
2019-12-26,1.29735,-1.1694,1.29316,0.32337,0.09635,8.88067,-0.13168,-0.99452
2019-12-27,1.30022,-1.1282,1.29672,0.26938,0.08069,8.8818,-0.12702,-0.99452
2019-12-30,1.30919,-1.0687,1.30254,0.50904,0.15364,8.96054,-0.11927,-0.99452
2019-12-31,1.3113,-1.1404,1.28886,1.72602,0.52474,8.96137,-0.12726,-0.99452
2020-01-01,1.32626,-1.1404,1.28865,2.87689,0.87998,9.18836,-0.12411,-1.75574
2020-01-02,1.32503,-1.1181,1.28405,3.14181,0.96552,9.1908,-0.12165,-1.75574
2020-01-03,1.31527,-1.0551,1.29963,1.19628,0.36986,9.29741,-0.11348,-1.75574
2020-01-06,1.30801,-1.064,1.29995,0.61803,0.19252,9.29589,-0.11446,-1.75574
2020-01-07,1.317,-1.0451,1.2969,1.53822,0.48249,9.36086,-0.11165,-1.75574
2020-01-08,1.31137,-1.0113,1.2845,2.07041,0.65051,8.78838,-0.11507,-1.75574
2020-01-09,1.31051,-1.0521,1.28088,2.28692,0.71968,8.31974,-0.12646,-1.75574
2020-01-10,1.30702,-1.1258,1.27999,2.0898,0.65923,8.34229,-0.13495,-1.75574
2020-01-13,1.30456,-1.1381,1.27658,2.16816,0.68505,8.04043,-0.14155,-1.75574
2020-01-14,1.29882,-1.1389,1.27833,1.59014,0.50412,8.04108,-0.14164,-1.75574
2020-01-15,1.30225,-1.1717,1.27706,1.95385,0.62152,8.02878,-0.14594,-1.75574
2020-01-16,1.30412,-1.2265,1.27965,1.89413,0.60476,8.01966,-0.15294,-1.75574
2020-01-17,1.30787,-1.2305,1.28001,2.15352,0.69065,7.96512,-0.15449,-1.75574
2020-01-20,1.30073,-1.2044,1.28001,1.60602,0.51811,7.92539,-0.15197,-1.75574
2020-01-21,1.30056,-1.1512,1.28081,1.52989,0.497,7.90462,-0.14564,-1.75574
2020-01-22,1.3048,-1.1434,1.27598,2.23341,0.73012,7.81587,-0.14629,-1.75574
2020-01-23,1.31447,-1.169,1.27227,3.26314,1.07233,7.94234,-0.14719,-1.75574
2020-01-24,1.31199,-1.128,1.27047,3.21603,1.06195,7.94844,-0.14191,-1.75574
2020-01-27,1.30618,-1.1064,1.27127,2.70926,0.89799,8.00464,-0.13822,-1.75574
2020-01-28,1.30601,-1.0931,1.26897,2.87715,0.95811,7.98904,-0.13682,-1.75574
2020-01-29,1.30246,-1.0429,1.27001,2.52248,0.84411,7.99034,-0.13052,-1.75574
2020-01-30,1.3022,-0.989,1.26253,3.09417,1.04055,7.9904,-0.12377,-1.75574
2020-01-31,1.3089,-0.919,1.2666,3.28548,1.10944,8.01737,-0.11463,-1.75574
2020-02-03,1.31817,-0.9688,1.25146,5.19268,1.75734,8.1287,-0.11918,-1.17805
2020-02-04,1.29975,-1.0263,1.24777,4.08106,1.3831,8.61692,-0.1191,-1.17805
2020-02-05,1.30327,-1.0376,1.25222,3.99625,1.35774,8.53931,-0.12151,-1.17805
2020-02-06,1.29971,-1.0346,1.25102,3.81863,1.30154,8.55848,-0.12089,-1.17805
2020-02-07,1.29303,-1.0084,1.25012,3.37458,1.15556,8.57411,-0.11761,-1.17805
2020-02-10,1.28916,-0.9904,1.24495,3.48972,1.20186,8.5956,-0.11522,-1.17805
2020-02-11,1.29182,-0.9872,1.24831,3.42636,1.18471,8.60505,-0.11472,-1.17805
2020-02-12,1.29566,-0.9963,1.2534,3.31537,1.15172,8.61428,-0.11566,-1.17805
2020-02-13,1.29576,-0.948,1.25616,3.10317,1.08402,8.59318,-0.11032,-1.17805
2020-02-14,1.30468,-0.9512,1.25941,3.53133,1.2415,8.68994,-0.10946,-1.17805
2020-02-17,1.3053,-0.9321,1.25969,3.55658,1.25809,8.68276,-0.10735,-1.17805
2020-02-18,1.3009,-0.9442,1.26314,2.94536,1.04749,8.71116,-0.10839,-1.17805
2020-02-19,1.30022,-0.958,1.26779,2.52576,0.9033,8.71106,-0.10998,-1.17805
2020-02-20,1.29282,-0.9317,1.26997,1.78335,0.64199,8.72523,-0.10678,-1.17805
2020-02-21,1.28833,-0.8696,1.26851,1.55049,0.5615,8.7278,-0.09964,-1.17805
2020-02-24,1.29537,-0.818,1.26513,2.36193,0.86209,8.77647,-0.0932,-1.17805
2020-02-25,1.29266,-0.7973,1.26026,2.53799,0.93235,8.72206,-0.09141,-1.17805
2020-02-26,1.30034,-0.7972,1.2543,3.60484,1.33429,8.79768,-0.09061,-1.17805
2020-02-27,1.29069,-0.8017,1.25202,3.04161,1.13517,8.9267,-0.08981,-1.17805
2020-02-28,1.28889,-0.6078,1.24538,3.43432,1.29239,8.92006,-0.06814,-1.17805
2020-03-02,1.2807,-0.6291,1.25036,2.39752,0.90806,8.96086,-0.07021,-5.23428
2020-03-03,1.27672,-0.5455,1.25082,2.0488,0.78113,8.79232,-0.06204,-5.23428
2020-03-04,1.28208,-0.5483,1.24693,2.77994,1.06858,8.80447,-0.06228,-5.23428
2020-03-05,1.2875,-0.5095,1.24425,3.41692,1.32384,8.85019,-0.05757,-5.23428
2020-03-06,1.29507,-0.5148,1.22846,5.28013,2.06209,8.93512,-0.05762,-5.23428
2020-03-09,1.30993,-0.3903,1.18581,9.95464,3.91091,9.23138,-0.04228,-5.23428
2020-03-10,1.30753,-0.5251,1.20597,8.08593,3.16078,9.17552,-0.05723,-5.23428
2020-03-11,1.29097,-0.4976,1.20608,6.80168,2.65925,8.50665,-0.0585,-5.23428
2020-03-12,1.28182,-0.4604,1.2031,6.33832,2.48536,8.43594,-0.05458,-5.23428
2020-03-13,1.25702,-0.4165,1.20879,3.9123,1.54084,9.18428,-0.04535,-5.23428
2020-03-16,1.23999,-0.1495,1.19894,3.36619,1.33702,9.29977,-0.01608,-5.23428
2020-03-17,1.22666,-0.2692,1.1962,2.51435,1.00895,9.50286,-0.02833,-5.23428
2020-03-18,1.21217,-0.2713,1.18176,2.54028,1.03178,9.71143,-0.02794,-5.23428
2020-03-19,1.16253,-0.1762,1.19984,-3.15889,-1.30215,12.6679,-0.01391,-5.23428
2020-03-20,1.14944,-0.2858,1.19145,-3.58958,-1.49858,12.79905,-0.02233,-5.23428
2020-03-23,1.1623,-0.2248,1.18869,-2.24462,-0.94691,13.05992,-0.01721,-5.23428
2020-03-24,1.15955,-0.3392,1.1885,-2.46537,-1.04984,13.02583,-0.02604,-5.23428
2020-03-25,1.1792,-0.3984,1.1886,-0.79389,-0.34066,13.52507,-0.02946,-5.23428
2020-03-26,1.18511,-0.3642,1.18385,0.10677,0.04618,13.48272,-0.02701,-5.23428
2020-03-27,1.22006,-0.2651,1.17829,3.4842,1.52083,14.80029,-0.01791,-5.23428
2020-03-30,1.24532,-0.2526,1.17205,6.06363,2.66306,15.2211,-0.0166,-5.23428
2020-03-31,1.23716,-0.2152,1.178,4.90044,2.1558,15.26179,-0.0141,-5.23428
2020-04-01,1.24085,-0.2486,1.18997,4.18711,1.84469,15.22855,-0.01632,-2.97317
2020-04-02,1.23824,-0.2672,1.20879,2.40717,1.0633,15.20177,-0.01758,-2.97317
2020-04-03,1.2395,-0.2794,1.22059,1.53719,0.68101,15.12591,-0.01847,-2.97317
2020-04-06,1.22202,-0.3237,1.21919,0.23163,0.10293,15.34295,-0.0211,-2.97317
2020-04-07,1.22405,-0.2956,1.2162,0.64311,0.28676,15.35281,-0.01925,-2.97317
2020-04-08,1.23387,-0.2991,1.21925,1.19189,0.5329,15.45568,-0.01935,-2.97317
2020-04-09,1.23931,-0.3167,1.21686,1.82785,0.81986,15.49075,-0.02044,-2.97317
2020-04-10,1.24549,-0.3167,1.21762,2.26265,1.0172,15.5158,-0.02041,-2.97317
2020-04-13,1.24611,-0.3467,1.21939,2.16743,0.97615,15.50316,-0.02236,-2.97317
2020-04-14,1.2524,-0.3141,1.21537,3.00057,1.3537,15.53998,-0.02021,-2.97317
2020-04-15,1.26263,-0.2583,1.21123,4.15565,1.87699,15.6238,-0.01653,-2.97317
2020-04-16,1.2521,-0.2669,1.21387,3.10092,1.40027,15.67152,-0.01703,-2.97317
2020-04-17,1.24878,-0.2434,1.21618,2.64538,1.19508,15.67652,-0.01553,-2.97317
2020-04-20,1.24875,-0.1789,1.2103,3.12763,1.41518,15.65705,-0.01143,-2.97317
2020-04-21,1.24428,-0.2351,1.19689,3.8825,1.75812,15.58044,-0.01509,-2.97317
2020-04-22,1.22986,-0.2511,1.20512,2.03243,0.91986,15.72804,-0.01597,-2.97317
2020-04-23,1.23239,-0.2699,1.20983,1.84739,0.83705,15.72441,-0.01716,-2.97317
2020-04-24,1.23522,-0.2502,1.21337,1.78531,0.80996,15.73685,-0.0159,-2.97317
2020-04-27,1.23666,-0.285,1.21367,1.87688,0.85216,15.73757,-0.01811,-2.97317
2020-04-28,1.24227,-0.263,1.21615,2.12517,0.96589,15.77348,-0.01667,-2.97317
2020-04-29,1.24356,-0.2541,1.2224,1.71625,0.78023,15.7327,-0.01615,-2.97317
2020-04-30,1.24715,-0.2541,1.22608,1.70394,0.7755,15.66987,-0.01622,-2.97317
2020-05-01,1.25815,-0.2553,1.22684,2.51982,1.14715,15.55402,-0.01641,-4.01157
2020-05-04,1.24542,-0.2786,1.22947,1.28926,0.58684,15.65828,-0.01779,-4.01157
2020-05-05,1.24456,-0.2786,1.23482,0.7851,0.35759,15.65294,-0.0178,-4.01157
2020-05-06,1.24442,-0.3153,1.2341,0.83297,0.37991,15.62688,-0.02018,-4.01157
2020-05-07,1.23256,-0.1841,1.23376,-0.09709,-0.04433,15.72289,-0.01171,-4.01157
2020-05-08,1.23759,-0.2241,1.23778,-0.01502,-0.00687,15.74246,-0.01424,-4.01157
2020-05-11,1.24174,-0.3149,1.23798,0.30327,0.13901,15.74626,-0.02,-4.01157
2020-05-12,1.23335,-0.2425,1.23441,-0.08612,-0.03956,15.79263,-0.01536,-4.01157
2020-05-13,1.22549,-0.2857,1.23313,-0.62181,-0.28624,15.75421,-0.01813,-4.01157
2020-05-14,1.22416,-0.2592,1.23596,-0.9601,-0.44271,15.7514,-0.01646,-4.01157
2020-05-15,1.22339,-0.2694,1.23768,-1.16124,-0.53627,15.74429,-0.01711,-4.01157
2020-05-18,1.20858,-0.342,1.24197,-2.72532,-1.26049,15.90261,-0.02151,-4.01157
2020-05-19,1.22,-0.2989,1.24029,-1.64925,-0.76225,16.01399,-0.01866,-4.01157
2020-05-20,1.2256,-0.313,1.24267,-1.38333,-0.63961,16.04261,-0.01951,-4.01157
2020-05-21,1.22369,-0.3737,1.24271,-1.54229,-0.71352,15.9929,-0.02337,-4.01157
2020-05-22,1.22234,-0.3768,1.2425,-1.63545,-0.75657,15.99112,-0.02356,-4.01157
2020-05-25,1.21861,-0.3768,1.24233,-1.92774,-0.89184,15.93642,-0.02364,-4.01157
2020-05-26,1.22014,-0.3475,1.2428,-1.8404,-0.85159,15.88895,-0.02187,-4.01157
2020-05-27,1.2335,-0.359,1.24169,-0.6615,-0.3063,16.06229,-0.02235,-4.01157
2020-05-28,1.22648,-0.3736,1.24182,-1.24266,-0.57615,16.05328,-0.02327,-4.01157
2020-05-29,1.23215,-0.32,1.24173,-0.77421,-0.35922,16.08008,-0.0199,-4.01157
2020-06-01,1.2348,-0.2936,1.24348,-0.70042,-0.32507,16.06064,-0.01828,-4.68706
2020-06-02,1.2487,-0.3427,1.24586,0.22837,0.106,16.20575,-0.02115,-4.68706
2020-06-03,1.25815,-0.3314,1.24671,0.91337,0.42428,16.23576,-0.02041,-4.68706
2020-06-04,1.25751,-0.3449,1.24709,0.83269,0.38692,16.05562,-0.02148,-4.68706
2020-06-05,1.26091,-0.3918,1.2504,0.83653,0.38897,16.06758,-0.02438,-4.68706
2020-06-08,1.27257,-0.3638,1.24821,1.93289,0.89947,15.99153,-0.02275,-4.68706
2020-06-09,1.27353,-0.3537,1.24752,2.06353,0.96031,15.93113,-0.0222,-4.68706
2020-06-10,1.27113,-0.3262,1.24795,1.84066,0.85688,15.43958,-0.02113,-4.68706
2020-06-11,1.27107,-0.3198,1.23916,2.54223,1.18372,15.18214,-0.02106,-4.68706
2020-06-12,1.2577,-0.2792,1.24148,1.29828,0.60443,15.17521,-0.0184,-4.68706
2020-06-15,1.25088,-0.3297,1.24391,0.55865,0.26019,15.01704,-0.02196,-4.68706
2020-06-16,1.26378,-0.3504,1.24564,1.44575,0.6737,12.44552,-0.02815,-4.68706
2020-06-17,1.25851,-0.346,1.24582,1.01323,0.47243,12.23026,-0.02829,-4.68706
2020-06-18,1.25527,-0.3347,1.24694,0.66587,0.31072,12.09527,-0.02767,-4.68706
2020-06-19,1.24268,-0.3416,1.24684,-0.33423,-0.15599,12.28511,-0.02781,-4.68706
2020-06-22,1.23481,-0.3934,1.2495,-1.18257,-0.55203,11.9504,-0.03292,-4.68706
2020-06-23,1.25016,-0.3251,1.24854,0.12939,0.06039,12.14591,-0.02677,-4.68706
2020-06-24,1.25249,-0.3732,1.24596,0.52239,0.24391,10.71133,-0.03484,-4.68706
2020-06-25,1.2413,-0.3467,1.24724,-0.47782,-0.22315,10.06884,-0.03443,-4.68706
2020-06-26,1.24254,-0.3245,1.24596,-0.27465,-0.12832,9.98313,-0.0325,-4.68706
2020-06-29,1.23422,-0.3207,1.24787,-1.1004,-0.51447,10.05659,-0.03189,-4.68706
2020-06-30,1.23106,-0.3602,1.24821,-1.38411,-0.64714,10.06074,-0.0358,-4.68706
2020-07-01,1.23893,-0.3476,1.24961,-0.85888,-0.40156,10.14144,-0.03428,-4.44514
2020-07-02,1.24648,-0.36,1.25109,-0.36919,-0.17266,9.79274,-0.03676,-4.44514
2020-07-03,1.24664,-0.3531,1.25103,-0.35117,-0.16429,9.78896,-0.03607,-4.44514
2020-07-06,1.24755,-0.3624,1.25094,-0.27147,-0.12705,9.6638,-0.0375,-4.44514
2020-07-07,1.24955,-0.3375,1.24996,-0.03298,-0.01544,9.63017,-0.03505,-4.44514
2020-07-08,1.25428,-0.329,1.25075,0.28199,0.13198,9.6088,-0.03424,-4.44514
2020-07-09,1.26135,-0.3351,1.24944,0.94898,0.44416,9.67162,-0.03465,-4.44514
2020-07-10,1.26051,-0.3791,1.25167,0.70341,0.32916,9.62272,-0.0394,-4.44514
2020-07-13,1.26275,-0.3547,1.24873,1.1163,0.52235,9.49007,-0.03738,-4.44514
2020-07-14,1.25518,-0.382,1.25047,0.37606,0.17595,9.4169,-0.04057,-4.44514
2020-07-15,1.25693,-0.3237,1.25164,0.42181,0.19741,9.40468,-0.03442,-4.44514
2020-07-16,1.2591,-0.3744,1.25158,0.59931,0.28059,9.41023,-0.03979,-4.44514
2020-07-17,1.25595,-0.3684,1.25257,0.26912,0.12605,9.39528,-0.03921,-4.44514
2020-07-20,1.25712,-0.3834,1.25348,0.29008,0.13597,9.0848,-0.0422,-4.44514
2020-07-21,1.26618,-0.3585,1.25388,0.97559,0.45758,9.1812,-0.03905,-4.44514
2020-07-22,1.27307,-0.3763,1.25438,1.47906,0.69393,9.22847,-0.04078,-4.44514
2020-07-23,1.27299,-0.3969,1.25286,1.59442,0.74788,9.22804,-0.04301,-4.44514
2020-07-24,1.27307,-0.3763,1.253,1.58919,0.74504,9.19124,-0.04094,-4.44514
2020-07-27,1.27959,-0.437,1.25433,1.99367,0.93419,9.23877,-0.0473,-4.44514
2020-07-28,1.28898,-0.3418,1.25318,2.81624,1.3189,9.32808,-0.03664,-4.44514
2020-07-29,1.29237,-0.3653,1.25489,2.94308,1.37614,9.18685,-0.03976,-4.44514
2020-07-30,1.29825,-0.3688,1.25411,3.45856,1.61423,8.96582,-0.04113,-4.44514
2020-07-31,1.31179,-0.3526,1.25484,4.4384,2.06649,9.16889,-0.03846,-4.44514
2020-08-03,1.31017,-0.3463,1.25613,4.21176,1.95287,9.17634,-0.03774,-3.19531
2020-08-04,1.30787,-0.3249,1.25706,3.963,1.83068,8.94668,-0.03632,-3.19531
2020-08-05,1.30861,-0.3244,1.25866,3.89154,1.79177,8.92422,-0.03635,-3.19531
2020-08-06,1.31268,-0.2974,1.25916,4.163,1.91091,8.92165,-0.03333,-3.19531
2020-08-07,1.3138,-0.2894,1.25928,4.23874,1.93888,8.78471,-0.03294,-3.19531
2020-08-10,1.30523,-0.2977,1.26045,3.49083,1.59088,8.79006,-0.03387,-3.19531
2020-08-11,1.30772,-0.2952,1.25924,3.77776,1.71734,8.78152,-0.03362,-3.19531
2020-08-12,1.30507,-0.3048,1.2617,3.37967,1.53191,8.79682,-0.03465,-3.19531
2020-08-13,1.3048,-0.3352,1.26178,3.3526,1.51619,8.38218,-0.03999,-3.19531
2020-08-14,1.30705,-0.3098,1.26203,3.50515,1.58161,8.21608,-0.03771,-3.19531
2020-08-17,1.3107,-0.3346,1.26349,3.66841,1.65131,8.19306,-0.04084,-3.19531
2020-08-18,1.31079,-0.3057,1.26393,3.64046,1.6347,8.17838,-0.03738,-3.19531
2020-08-19,1.3254,-0.3116,1.26362,4.77307,2.13801,8.4056,-0.03707,-3.19531
2020-08-20,1.31108,-0.2842,1.26365,3.68507,1.64386,8.70881,-0.03263,-3.19531
2020-08-21,1.32203,-0.324,1.2635,4.52827,2.01545,8.82577,-0.03671,-3.19531
2020-08-24,1.30941,-0.3145,1.26501,3.44991,1.52985,8.869,-0.03546,-3.19531
2020-08-25,1.30714,-0.2956,1.26655,3.15442,1.39702,8.78308,-0.03366,-3.19531
2020-08-26,1.31522,-0.2648,1.26609,3.80658,1.68279,8.81437,-0.03004,-3.19531
2020-08-27,1.32198,-0.2729,1.26526,4.38581,1.93386,8.84976,-0.03084,-3.19531
2020-08-28,1.31996,-0.3011,1.26645,4.13842,1.81896,8.62167,-0.03492,-3.19531
2020-08-31,1.33565,-0.3011,1.26537,5.40484,2.36886,8.79682,-0.03423,-3.19531
2020-09-01,1.33645,-0.288,1.26668,5.36176,2.33726,8.79218,-0.03276,-3.98194
2020-09-02,1.33994,-0.3237,1.26542,5.72247,2.48116,8.79152,-0.03682,-3.98194
2020-09-03,1.33513,-0.2928,1.26314,5.54286,2.38881,8.67576,-0.03375,-3.98194
2020-09-04,1.32622,-0.3644,1.26232,4.93847,2.11647,8.80295,-0.0414,-3.98194
2020-09-07,1.32457,-0.3507,1.26299,4.76106,2.03146,8.79644,-0.03987,-3.98194
2020-09-08,1.31622,-0.3999,1.2583,4.50075,1.91264,8.90568,-0.0449,-3.98194
2020-09-09,1.29685,-0.3369,1.26178,2.74105,1.16097,9.15901,-0.03678,-3.98194
2020-09-10,1.29992,-0.3315,1.26065,3.06753,1.29772,9.08636,-0.03648,-3.98194
2020-09-11,1.28083,-0.3963,1.2607,1.58441,0.66956,9.38165,-0.04224,-3.98194
2020-09-14,1.28066,-0.3474,1.26152,1.50516,0.63649,9.33957,-0.0372,-3.98194
2020-09-15,1.28497,-0.3304,1.26343,1.69015,0.71533,9.34133,-0.03537,-3.98194
2020-09-16,1.28848,-0.3116,1.26606,1.75488,0.74273,9.10723,-0.03421,-3.98194
2020-09-17,1.296,-0.3865,1.26659,2.29526,0.97156,9.05613,-0.04268,-3.98194
2020-09-18,1.29756,-0.4042,1.26666,2.40954,1.01996,8.74576,-0.04622,-3.98194
2020-09-21,1.29328,-0.4,1.26363,2.31931,0.98139,8.77619,-0.04558,-3.98194
2020-09-22,1.28205,-0.3342,1.26551,1.29887,0.54924,8.7649,-0.03813,-3.98194
2020-09-23,1.2744,-0.3231,1.26504,0.73787,0.31208,8.85984,-0.03647,-3.98194
2020-09-24,1.27175,-0.3424,1.26511,0.52301,0.22123,8.75618,-0.0391,-3.98194
2020-09-25,1.27571,-0.3414,1.26622,0.74602,0.31568,8.74963,-0.03902,-3.98194
2020-09-28,1.27668,-0.3268,1.26729,0.73838,0.31245,8.66988,-0.03769,-3.98194
2020-09-29,1.28735,-0.3166,1.26556,1.70721,0.72235,8.74011,-0.03622,-3.98194
2020-09-30,1.28665,-0.3303,1.26534,1.67044,0.70644,8.74233,-0.03778,-3.98194
2020-10-01,1.29176,-0.3335,1.26521,2.07624,0.87762,8.76955,-0.03803,-4.01521
2020-10-02,1.28863,-0.3201,1.2627,2.03275,0.85865,8.78696,-0.03643,-4.01521
2020-10-05,1.29311,-0.3491,1.26508,2.19108,0.92487,8.78248,-0.03975,-4.01521
2020-10-06,1.29926,-0.3318,1.26662,2.5445,1.07369,8.76333,-0.03786,-4.01521
2020-10-07,1.28833,-0.3413,1.26655,1.70476,0.7189,8.94075,-0.03817,-4.01521
2020-10-08,1.29176,-0.3313,1.26963,1.72798,0.72895,8.94821,-0.03702,-4.01521
2020-10-09,1.29405,-0.3698,1.26939,1.92373,0.81198,8.85776,-0.04175,-4.01521
2020-10-12,1.30317,-0.352,1.26836,2.70774,1.14363,8.95238,-0.03932,-4.01521
2020-10-13,1.30657,-0.3718,1.26869,2.94229,1.24233,8.95874,-0.0415,-4.01521
2020-10-14,1.29353,-0.3443,1.27042,1.80237,0.76025,9.18809,-0.03747,-4.01521
2020-10-15,1.30124,-0.3977,1.26908,2.50226,1.05515,9.25279,-0.04298,-4.01521
2020-10-16,1.29021,-0.3939,1.26881,1.6726,0.70528,9.32762,-0.04223,-4.01521
2020-10-19,1.29277,-0.4194,1.26705,2.00982,0.8479,9.27583,-0.04521,-4.01521
2020-10-20,1.29487,-0.408,1.26807,2.09149,0.88175,9.27966,-0.04397,-4.01521
2020-10-21,1.2954,-0.4059,1.2667,2.24056,0.94407,9.27961,-0.04374,-4.01521
2020-10-22,1.3132,-0.3834,1.26868,3.44844,1.45255,9.61135,-0.03989,-4.01521
2020-10-23,1.30781,-0.3811,1.26836,3.06242,1.28752,9.54954,-0.03991,-4.01521
2020-10-26,1.30547,-0.3432,1.26478,3.16639,1.32926,9.54528,-0.03595,-4.01521
2020-10-27,1.30157,-0.3698,1.26517,2.83715,1.18996,9.52368,-0.03883,-4.01521
2020-10-28,1.30319,-0.4002,1.25857,3.48375,1.45963,9.29324,-0.04306,-4.01521
2020-10-29,1.29899,-0.4458,1.25662,3.31581,1.38689,9.31162,-0.04788,-4.01521
2020-10-30,1.29319,-0.4267,1.25685,2.85019,1.1901,9.34661,-0.04565,-4.01521
2020-11-02,1.29267,-0.4396,1.25966,2.58703,1.07922,9.34548,-0.04704,-3.29631
2020-11-03,1.29239,-0.4047,1.2626,2.33209,0.97206,9.32138,-0.04342,-3.29631
2020-11-04,1.31216,-0.3802,1.26848,3.38578,1.41011,9.81759,-0.03873,-3.29631
2020-11-05,1.29668,-0.3639,1.26962,2.10905,0.87674,10.01711,-0.03633,-3.29631
2020-11-06,1.31394,-0.3692,1.26863,3.5091,1.45777,10.35925,-0.03564,-3.29631
2020-11-09,1.31806,-0.3818,1.27291,3.48561,1.44524,10.3681,-0.03682,-3.29631
2020-11-10,1.31697,-0.3935,1.27532,3.21366,1.33011,10.36973,-0.03795,-3.29631
2020-11-11,1.32615,-0.3749,1.27725,3.75773,1.55295,10.4544,-0.03586,-3.29631
2020-11-12,1.32242,-0.3711,1.27602,3.57144,1.47244,10.45882,-0.03548,-3.29631
2020-11-13,1.31216,-0.3738,1.27637,2.76599,1.13802,10.5783,-0.03534,-3.29631
2020-11-16,1.32205,-0.3628,1.27896,3.31346,1.36152,10.44958,-0.03472,-3.29631
2020-11-17,1.32221,-0.354,1.27924,3.30341,1.35497,10.21552,-0.03465,-3.29631
2020-11-18,1.32591,-0.3492,1.27981,3.53841,1.44872,10.09459,-0.03459,-3.29631
2020-11-19,1.32564,-0.355,1.28025,3.48471,1.42385,9.90307,-0.03585,-3.29631
2020-11-20,1.32492,-0.3511,1.28148,3.33421,1.35977,9.89645,-0.03548,-3.29631
2020-11-23,1.33051,-0.3546,1.28419,3.54326,1.4427,9.85636,-0.03598,-3.29631
2020-11-24,1.33291,-0.347,1.28843,3.39381,1.37955,9.81082,-0.03537,-3.29631
2020-11-25,1.33633,-0.3597,1.29009,3.52117,1.4296,9.81679,-0.03664,-3.29631
2020-11-26,1.33854,-0.3665,1.29062,3.64585,1.47895,9.53416,-0.03844,-3.29631
2020-11-27,1.33545,-0.3391,1.29207,3.30229,1.33771,9.54493,-0.03553,-3.29631
2020-11-30,1.33319,-0.3232,1.2927,3.0839,1.24777,9.5357,-0.03389,-3.29631
2020-12-01,1.33369,-0.3485,1.29188,3.18484,1.2873,9.50919,-0.03665,-3.70348
2020-12-02,1.34226,-0.3611,1.29282,3.75345,1.51536,9.49636,-0.03803,-3.70348
2020-12-03,1.33708,-0.3494,1.29456,3.23144,1.30261,9.52697,-0.03667,-3.70348
2020-12-04,1.3455,-0.3644,1.29596,3.75115,1.51073,9.51229,-0.03831,-3.70348
2020-12-07,1.34174,-0.3964,1.29372,3.64441,1.46444,9.02379,-0.04393,-3.70348
2020-12-08,1.33574,-0.3969,1.29492,3.10379,1.24465,9.07137,-0.04375,-3.70348
2020-12-09,1.33656,-0.4282,1.29222,3.37382,1.35152,8.52748,-0.05021,-3.70348
2020-12-10,1.3367,-0.4519,1.29358,3.27894,1.31208,8.52668,-0.053,-3.70348
2020-12-11,1.33057,-0.4542,1.29256,2.89826,1.15814,8.57349,-0.05298,-3.70348
2020-12-14,1.33182,-0.4065,1.29427,2.86042,1.14205,8.56252,-0.04747,-3.70348
2020-12-15,1.33308,-0.3955,1.29793,2.67271,1.06596,8.49521,-0.04656,-3.70348
2020-12-16,1.34445,-0.3566,1.30133,3.25933,1.29947,8.64515,-0.04125,-3.70348
2020-12-17,1.35029,-0.384,1.30192,3.64789,1.45315,8.64132,-0.04444,-3.70348
2020-12-18,1.35702,-0.4139,1.30272,4.08329,1.62457,8.46783,-0.04888,-3.70348
2020-12-21,1.3402,-0.4574,1.29473,3.45164,1.37091,8.77629,-0.05212,-3.70348
2020-12-22,1.34495,-0.4463,1.29531,3.76131,1.49336,8.77328,-0.05087,-3.70348
2020-12-23,1.33994,-0.3637,1.3035,2.75781,1.09335,8.80952,-0.04128,-3.70348
2020-12-24,1.35053,-0.3899,1.30481,3.44392,1.36546,8.92289,-0.0437,-3.70348
2020-12-25,1.3552,-0.3899,1.3055,3.73637,1.48128,8.8106,-0.04425,-3.70348
2020-12-28,1.35724,-0.3999,1.30466,3.95064,1.56753,8.8073,-0.04541,-3.70348
2020-12-29,1.3466,-0.4142,1.30325,3.27252,1.29949,8.95393,-0.04626,-3.70348
2020-12-30,1.34999,-0.4123,1.30505,3.38538,1.34908,8.93922,-0.04612,-3.70348
2020-12-31,1.36307,-0.4103,1.30684,4.21247,1.68272,9.09953,-0.04509,-3.70348
2021-01-01,1.3673,-0.4103,1.30757,4.46646,1.78393,9.07677,-0.0452,-3.17608
2021-01-04,1.36842,-0.4094,1.30176,4.99396,1.99388,8.87965,-0.04611,-3.17608
2021-01-05,1.35716,-0.4455,1.30722,3.74877,1.49572,9.06139,-0.04916,-3.17608
2021-01-06,1.36295,-0.4748,1.30768,4.14015,1.65312,9.08607,-0.05226,-3.17608
2021-01-07,1.36253,-0.4658,1.31274,3.72214,1.48604,9.00061,-0.05175,-3.17608
2021-01-08,1.35696,-0.4814,1.31676,3.0078,1.20038,9.04275,-0.05324,-3.17608
2021-01-11,1.35163,-0.4717,1.31426,2.80372,1.11952,8.83103,-0.05341,-3.17608
2021-01-12,1.35241,-0.4376,1.32064,2.37741,0.95012,8.76647,-0.04992,-3.17608
2021-01-13,1.36705,-0.4522,1.32049,3.46566,1.38693,8.79884,-0.05139,-3.17608
2021-01-14,1.36493,-0.4734,1.31899,3.42326,1.36943,8.80988,-0.05374,-3.17608
2021-01-15,1.36836,-0.4658,1.31608,3.89589,1.55857,8.81483,-0.05284,-3.17608
2021-01-18,1.35753,-0.4653,1.31688,3.04044,1.21531,8.98949,-0.05176,-3.17608
2021-01-19,1.35812,-0.4446,1.3225,2.6582,1.06178,8.59882,-0.0517,-3.17608
2021-01-20,1.36442,-0.4485,1.3253,2.90926,1.16244,8.58448,-0.05225,-3.17608
2021-01-21,1.36685,-0.424,1.32853,2.84377,1.13636,8.57251,-0.04946,-3.17608
2021-01-22,1.37295,-0.4243,1.32664,3.4308,1.37196,8.57058,-0.04951,-3.17608
2021-01-25,1.36882,-0.4475,1.32476,3.27184,1.30912,8.60476,-0.05201,-3.17608
2021-01-26,1.3679,-0.4339,1.32701,3.03483,1.21458,8.57153,-0.05062,-3.17608
2021-01-27,1.37415,-0.4324,1.31406,4.47201,1.79304,8.53518,-0.05066,-3.17608
2021-01-28,1.36694,-0.4188,1.32206,3.33818,1.33871,8.62173,-0.04857,-3.17608
2021-01-29,1.3725,-0.4313,1.32033,3.87536,1.5578,8.64185,-0.04991,-3.17608
2021-02-01,1.36977,-0.4004,1.32829,3.07531,1.24014,8.16177,-0.04906,-1.82944
2021-02-02,1.36788,-0.4072,1.336,2.35785,0.95471,7.76614,-0.05243,-1.82944
2021-02-03,1.36593,-0.3988,1.34314,1.68288,0.68441,7.35939,-0.05419,-1.82944
2021-02-04,1.36491,-0.348,1.35157,0.98179,0.40088,7.3464,-0.04737,-1.82944
2021-02-05,1.36761,-0.3212,1.3576,0.73467,0.30135,7.34638,-0.04372,-1.82944
2021-02-08,1.37387,-0.3374,1.35936,1.06158,0.4378,7.27768,-0.04636,-1.82944
2021-02-09,1.37457,-0.3543,1.35901,1.13824,0.47111,7.24518,-0.0489,-1.82944
2021-02-10,1.3818,-0.3231,1.36374,1.31584,0.54594,7.09843,-0.04552,-1.82944
2021-02-11,1.38326,-0.3392,1.3627,1.49736,0.62442,6.96749,-0.04868,-1.82944
2021-02-12,1.38102,-0.3463,1.36775,0.96596,0.40372,6.98219,-0.0496,-1.82944
2021-02-15,1.38715,-0.3361,1.36955,1.27727,0.53662,7.00982,-0.04795,-1.82944
2021-02-16,1.39148,-0.3666,1.36708,1.769,0.74652,7.0235,-0.0522,-1.82944
2021-02-17,1.38881,-0.396,1.36701,1.58241,0.67146,7.03931,-0.05626,-1.82944
2021-02-18,1.38664,-0.3468,1.37136,1.10742,0.47238,7.01864,-0.04941,-1.82944
2021-02-19,1.39675,-0.3197,1.37293,1.71993,0.73709,7.13893,-0.04478,-1.82944
2021-02-22,1.40311,-0.3467,1.37513,2.01443,0.86753,7.17051,-0.04835,-1.82944
2021-02-23,1.40712,-0.3219,1.37976,1.96409,0.84884,7.18047,-0.04483,-1.82944
2021-02-24,1.41203,-0.3337,1.38589,1.86862,0.81154,7.17211,-0.04653,-1.82944
2021-02-25,1.41483,-0.4617,1.36081,3.89263,1.69592,7.15602,-0.06452,-1.82944
2021-02-26,1.40082,-0.357,1.37459,1.89007,0.82456,7.48015,-0.04773,-1.82944
2021-03-01,1.39725,-0.366,1.37228,1.80313,0.78956,7.4204,-0.04932,-0.32806
2021-03-02,1.39295,-0.3749,1.36788,1.81662,0.79719,7.40258,-0.05064,-0.32806
2021-03-03,1.3955,-0.3883,1.36788,1.99878,0.87959,7.3181,-0.05306,-0.32806
2021-03-04,1.3927,-0.4479,1.36632,1.91208,0.84383,7.30503,-0.06131,-0.32806
2021-03-05,1.38941,-0.4281,1.38103,0.60525,0.26817,7.2573,-0.05899,-0.32806
2021-03-08,1.38537,-0.5181,1.36507,1.47612,0.65724,7.29173,-0.07105,-0.32806
2021-03-09,1.38236,-0.5057,1.36675,1.13562,0.50682,7.31183,-0.06916,-0.32806
2021-03-10,1.38904,-0.4871,1.37238,1.20722,0.54012,7.28574,-0.06686,-0.32806
2021-03-11,1.39315,-0.4517,1.38321,0.71584,0.3212,7.29968,-0.06188,-0.32806
2021-03-12,1.39899,-0.4732,1.38083,1.3068,0.5876,7.33259,-0.06453,-0.32806
2021-03-15,1.39295,-0.481,1.37998,0.93554,0.42162,7.23131,-0.06652,-0.32806
2021-03-16,1.38991,-0.4707,1.3806,0.67203,0.30343,7.21053,-0.06528,-0.32806
2021-03-17,1.39022,-0.4057,1.38969,0.03833,0.01734,7.15214,-0.05672,-0.32806
2021-03-18,1.39758,-0.4524,1.36602,2.28468,1.03689,6.72349,-0.06729,-0.32806
2021-03-19,1.39251,-0.5187,1.36159,2.24533,1.02021,6.75197,-0.07682,-0.32806
2021-03-22,1.38326,-0.5073,1.3666,1.21195,0.55135,6.8522,-0.07403,-0.32806
2021-03-23,1.38625,-0.5089,1.35277,2.44474,1.11391,6.69616,-0.076,-0.32806
2021-03-24,1.37304,-0.5089,1.36306,0.72972,0.33261,6.95769,-0.07314,-0.32806
2021-03-25,1.36889,-0.5121,1.35693,0.8773,0.40016,6.98241,-0.07334,-0.32806
2021-03-26,1.37491,-0.5287,1.36401,0.79632,0.36343,6.84025,-0.07729,-0.32806
2021-03-29,1.3791,-0.5487,1.35985,1.40547,0.64189,6.84794,-0.08013,-0.32806
2021-03-30,1.37751,-0.5222,1.36283,1.07127,0.48951,6.58743,-0.07927,-0.32806
2021-03-31,1.37466,-0.5312,1.36011,1.06471,0.48706,6.5749,-0.08079,-0.32806
2021-04-01,1.37863,-0.5367,1.36651,0.88268,0.40393,6.59709,-0.08135,-0.31559
2021-04-02,1.38351,-0.6067,1.35641,1.97795,0.90729,6.40718,-0.09469,-0.31559
2021-04-05,1.38313,-0.5767,1.35177,2.29315,1.05433,6.35738,-0.09071,-0.31559
2021-04-06,1.3914,-0.5135,1.36277,2.07935,0.9567,6.45865,-0.07951,-0.31559
2021-04-07,1.38313,-0.5068,1.3669,1.18015,0.54417,6.52135,-0.07771,-0.31559
2021-04-08,1.37438,-0.5081,1.36748,0.50351,0.23294,6.60205,-0.07696,-0.31559
2021-04-09,1.37344,-0.5107,1.36708,0.46432,0.21574,6.60446,-0.07733,-0.31559
2021-04-12,1.37122,-0.5309,1.36481,0.46826,0.21828,6.25775,-0.08484,-0.31559
2021-04-13,1.37538,-0.4945,1.37223,0.22953,0.10726,6.27724,-0.07878,-0.31559
2021-04-14,1.37597,-0.5004,1.37946,-0.25344,-0.11878,6.25874,-0.07995,-0.31559
2021-04-15,1.37792,-0.4967,1.38203,-0.29779,-0.13989,6.0468,-0.08214,-0.31559
2021-04-16,1.37855,-0.5034,1.38118,-0.19031,-0.08946,6.04682,-0.08325,-0.31559
2021-04-19,1.38185,-0.519,1.37723,0.33436,0.15727,5.99709,-0.08654,-0.31559
2021-04-20,1.39938,-0.4901,1.37755,1.57226,0.73992,6.48455,-0.07558,-0.31559
2021-04-21,1.39388,-0.4861,1.37718,1.20556,0.56722,6.48718,-0.07493,-0.31559
2021-04-22,1.39318,-0.496,1.3735,1.42327,0.66957,6.45541,-0.07683,-0.31559
2021-04-23,1.38403,-0.5083,1.37673,0.52873,0.24878,6.59806,-0.07704,-0.31559
2021-04-26,1.38664,-0.5162,1.37356,0.94742,0.4461,6.54739,-0.07884,-0.31559
2021-04-27,1.38956,-0.5325,1.37354,1.16008,0.5468,6.46548,-0.08236,-0.31559
2021-04-28,1.39036,-0.4978,1.38231,0.58017,0.27347,6.41968,-0.07754,-0.31559
2021-04-29,1.39567,-0.4662,1.39046,0.37419,0.17649,6.44394,-0.07235,-0.31559
2021-04-30,1.39528,-0.4637,1.38498,0.74109,0.34969,6.43602,-0.07205,-0.31559
2021-05-03,1.38198,-0.4437,1.38989,-0.57071,-0.26929,6.72588,-0.06597,0.47227
2021-05-04,1.39038,-0.4666,1.38731,0.22089,0.10425,6.82447,-0.06837,0.47227
2021-05-05,1.38881,-0.4338,1.39362,-0.34595,-0.16332,6.82153,-0.06359,0.47227
2021-05-06,1.39098,-0.4786,1.38551,0.39376,0.18602,6.77044,-0.07069,0.47227
2021-05-07,1.38985,-0.4613,1.39299,-0.22502,-0.10639,6.77308,-0.06811,0.47227
2021-05-10,1.40412,-0.4733,1.38433,1.41972,0.67152,6.99343,-0.06768,0.47227
2021-05-11,1.41313,-0.4323,1.38756,1.82602,0.86461,7.09903,-0.0609,0.47227
2021-05-12,1.41383,-0.4493,1.37751,2.60235,1.2326,7.08793,-0.06339,0.47227
2021-05-13,1.40637,-0.4102,1.38541,1.50157,0.71127,7.12821,-0.05755,0.47227
2021-05-14,1.40509,-0.4145,1.39828,0.48527,0.22987,7.10722,-0.05832,0.47227
2021-05-17,1.41018,-0.437,1.3948,1.09672,0.51963,7.12781,-0.06131,0.47227
2021-05-18,1.41487,-0.4308,1.39061,1.72927,0.81922,7.14436,-0.0603,0.47227
2021-05-19,1.4188,-0.4869,1.37403,3.20661,1.5181,7.0224,-0.06934,0.47227
2021-05-20,1.41062,-0.4497,1.37882,2.27999,1.07721,7.06919,-0.06361,0.47227
2021-05-21,1.41856,-0.4652,1.38151,2.64619,1.24885,7.13447,-0.0652,0.47227
2021-05-24,1.41429,-0.4651,1.39146,1.62709,0.76671,7.12872,-0.06524,0.47227
2021-05-25,1.41561,-0.4514,1.39357,1.56933,0.73907,7.12014,-0.0634,0.47227
2021-05-26,1.41439,-0.4813,1.39269,1.54628,0.72783,6.82937,-0.07048,0.47227
2021-05-27,1.41161,-0.4415,1.40283,0.6241,0.29361,6.821,-0.06473,0.47227
2021-05-28,1.42037,-0.432,1.40499,1.08898,0.51234,6.89335,-0.06267,0.47227
2021-05-31,1.41804,-0.432,1.40517,0.91184,0.42903,6.89728,-0.06263,0.47227
2021-06-01,1.42268,-0.4244,1.4057,1.20087,0.56492,6.90764,-0.06144,0.64148
2021-06-02,1.41571,-0.4388,1.40755,0.57778,0.27172,6.96663,-0.06299,0.64148
2021-06-03,1.41719,-0.4534,1.40372,0.95497,0.44908,6.93741,-0.06536,0.64148
2021-06-04,1.41099,-0.4188,1.41534,-0.30738,-0.14453,6.98416,-0.05996,0.64148
2021-06-07,1.41643,-0.4118,1.41535,0.07646,0.03595,6.96129,-0.05916,0.64148
2021-06-08,1.41766,-0.4131,1.41563,0.14264,0.06707,6.94162,-0.05951,0.64148
2021-06-09,1.41499,-0.4171,1.41304,0.13762,0.06472,6.90871,-0.06037,0.64148
2021-06-10,1.41123,-0.3779,1.42508,-0.97618,-0.45939,6.87238,-0.05499,0.64148
2021-06-11,1.41701,-0.4435,1.41525,0.12475,0.05873,6.89809,-0.06429,0.64148
2021-06-14,1.41193,-0.4656,1.41006,0.13264,0.0625,6.94204,-0.06707,0.64148
2021-06-15,1.41099,-0.4318,1.41746,-0.45701,-0.21538,6.86816,-0.06287,0.64148
2021-06-16,1.40815,-0.5363,1.39799,0.72459,0.34154,6.83931,-0.07841,0.64148
2021-06-17,1.39907,-0.4886,1.40348,-0.31468,-0.14836,6.83164,-0.07152,0.64148
2021-06-18,1.39386,-0.4861,1.39868,-0.34513,-0.16277,6.86372,-0.07082,0.64148
2021-06-21,1.38171,-0.4953,1.40693,-1.80837,-0.85282,6.81874,-0.07264,0.64148
2021-06-22,1.39254,-0.4574,1.41587,-1.66126,-0.78289,6.95955,-0.06572,0.64148
2021-06-23,1.39499,-0.4918,1.41166,-1.18752,-0.5593,6.91603,-0.07111,0.64148
2021-06-24,1.39675,-0.5266,1.40748,-0.76584,-0.3606,6.89569,-0.07637,0.64148
2021-06-25,1.39169,-0.5243,1.41035,-1.33209,-0.62715,6.93301,-0.07562,0.64148
2021-06-28,1.38951,-0.5275,1.40524,-1.12621,-0.53002,6.92728,-0.07615,0.64148
2021-06-29,1.38791,-0.5242,1.4052,-1.23806,-0.5825,6.91014,-0.07586,0.64148
2021-06-30,1.38427,-0.5042,1.40988,-1.83275,-0.86229,6.89564,-0.07312,0.64148
2021-07-01,1.38292,-0.5331,1.40756,-1.76646,-0.8308,6.89827,-0.07728,0.21535
2021-07-02,1.37595,-0.5196,1.41153,-2.55262,-1.20015,6.86261,-0.07571,0.21535
2021-07-05,1.38313,-0.5222,1.41068,-1.97245,-0.92715,6.84316,-0.07631,0.21535
2021-07-06,1.38562,-0.5244,1.40219,-1.18907,-0.55867,6.72925,-0.07793,0.21535
2021-07-07,1.38057,-0.5226,1.3999,-1.39094,-0.65395,6.76986,-0.0772,0.21535
2021-07-08,1.38011,-0.4712,1.40388,-1.7077,-0.803,6.7616,-0.06969,0.21535
2021-07-09,1.37908,-0.47,1.41381,-2.48706,-1.1708,6.73719,-0.06976,0.21535
2021-07-12,1.38995,-0.498,1.40783,-1.2784,-0.60167,6.91562,-0.07201,0.21535
2021-07-13,1.3887,-0.547,1.40113,-0.89172,-0.42082,6.91404,-0.07911,0.21535
2021-07-14,1.38061,-0.482,1.40855,-2.00357,-0.94818,7.01577,-0.0687,0.21535
2021-07-15,1.38581,-0.3981,1.41661,-2.19801,-1.04182,7.03994,-0.05655,0.21535
2021-07-16,1.38297,-0.4444,1.40645,-1.68308,-0.79995,6.57125,-0.06763,0.21535
2021-07-19,1.37639,-0.4233,1.38901,-0.91274,-0.43607,6.59272,-0.06421,0.21535
2021-07-20,1.367,-0.4075,1.39774,-2.22382,-1.06718,6.72521,-0.06059,0.21535
2021-07-21,1.36333,-0.422,1.40655,-3.12149,-1.50522,6.62118,-0.06373,0.21535
2021-07-22,1.3714,-0.4238,1.41055,-2.81471,-1.36095,6.72174,-0.06305,0.21535
2021-07-23,1.37739,-0.4163,1.41303,-2.55486,-1.23985,6.76761,-0.06151,0.21535
2021-07-26,1.37578,-0.4318,1.41074,-2.50907,-1.22067,6.76914,-0.06379,0.21535
2021-07-27,1.38292,-0.4136,1.41013,-1.94901,-0.94983,6.80689,-0.06076,0.21535
2021-07-28,1.38827,-0.4224,1.41095,-1.62068,-0.79177,6.85391,-0.06163,0.21535
2021-07-29,1.39069,-0.4388,1.4128,-1.57774,-0.77254,6.5847,-0.06664,0.21535
2021-07-30,1.39643,-0.4065,1.41719,-1.47555,-0.72499,6.5247,-0.0623,0.21535
2021-08-02,1.38962,-0.3986,1.40709,-1.24885,-0.61649,6.59575,-0.06043,0.7224
2021-08-03,1.38927,-0.4065,1.40647,-1.23012,-0.6099,6.58841,-0.0617,0.7224
2021-08-04,1.39179,-0.4085,1.40035,-0.61293,-0.30553,6.59646,-0.06193,0.7224
2021-08-05,1.38904,-0.4632,1.3962,-0.51403,-0.25906,6.27369,-0.07383,0.7224
2021-08-06,1.39276,-0.4344,1.40014,-0.52834,-0.26816,6.15841,-0.07054,0.7224
2021-08-09,1.38685,-0.4786,1.38843,-0.11428,-0.05827,6.20868,-0.07709,0.7224
2021-08-10,1.38491,-0.4939,1.3908,-0.4243,-0.21767,6.13007,-0.08057,0.7224
2021-08-11,1.3836,-0.4942,1.39387,-0.73943,-0.38074,6.1302,-0.08062,0.7224
2021-08-12,1.38669,-0.4928,1.39448,-0.5599,-0.28914,6.10087,-0.08078,0.7224
2021-08-13,1.38116,-0.4647,1.39636,-1.0948,-0.56685,6.10162,-0.07616,0.7224
2021-08-16,1.38639,-0.4295,1.39686,-0.75287,-0.39077,6.12592,-0.07011,0.7224
2021-08-17,1.38427,-0.4484,1.39047,-0.44673,-0.23267,6.03124,-0.07435,0.7224
2021-08-18,1.37404,-0.4729,1.38078,-0.48945,-0.25578,6.07494,-0.07784,0.7224
2021-08-19,1.37438,-0.488,1.3735,0.06382,0.03341,6.05515,-0.08059,0.7224
2021-08-20,1.36308,-0.5314,1.36761,-0.33172,-0.1741,6.24535,-0.08509,0.7224
2021-08-23,1.36253,-0.4931,1.38472,-1.61593,-0.85011,6.24523,-0.07896,0.7224
2021-08-24,1.37248,-0.5053,1.38948,-1.23114,-0.64882,6.43332,-0.07854,0.7224
2021-08-25,1.37255,-0.5069,1.39305,-1.48253,-0.78333,6.29163,-0.08057,0.7224
2021-08-26,1.37665,-0.5103,1.38686,-0.73854,-0.39044,6.32668,-0.08066,0.7224
2021-08-27,1.37024,-0.4704,1.39915,-2.08814,-1.10696,6.33525,-0.07425,0.7224
2021-08-30,1.3763,-0.4504,1.40355,-1.96054,-1.04053,6.35161,-0.07091,0.7224
2021-08-31,1.37605,-0.4213,1.40534,-2.10675,-1.11997,6.34459,-0.0664,0.7224
2021-09-01,1.37534,-0.4528,1.39764,-1.60863,-0.85579,6.29451,-0.07194,0.03964
2021-09-02,1.37716,-0.4656,1.39948,-1.60746,-0.85711,6.24531,-0.07455,0.03964
2021-09-03,1.38368,-0.4519,1.39971,-1.15204,-0.61659,6.32533,-0.07144,0.03964
2021-09-06,1.38592,-0.4681,1.39762,-0.84015,-0.45126,6.3304,-0.07394,0.03964
2021-09-07,1.38395,-0.4763,1.39251,-0.61648,-0.33221,6.31679,-0.0754,0.03964
2021-09-08,1.37798,-0.4665,1.39624,-1.3161,-0.71183,6.30277,-0.07402,0.03964
2021-09-09,1.37677,-0.4216,1.39738,-1.48595,-0.80793,6.27095,-0.06723,0.03964
2021-09-10,1.38397,-0.4494,1.39697,-0.93532,-0.51179,6.37044,-0.07054,0.03964
2021-09-13,1.38408,-0.4323,1.40128,-1.23499,-0.67889,6.36138,-0.06796,0.03964
2021-09-14,1.38381,-0.4096,1.40382,-1.4353,-0.78938,6.23548,-0.06569,0.03964
2021-09-15,1.38102,-0.4064,1.40979,-2.06158,-1.13473,6.20516,-0.06549,0.03964
2021-09-16,1.38489,-0.3953,1.411,-1.86786,-1.0272,5.97966,-0.06611,0.03964
2021-09-17,1.3797,-0.4036,1.40773,-2.01085,-1.10489,5.81376,-0.06942,0.03964
2021-09-20,1.37297,-0.3975,1.40178,-2.07663,-1.13976,5.87699,-0.06764,0.03964
2021-09-21,1.36627,-0.4054,1.40234,-2.60583,-1.4284,5.94104,-0.06824,0.03964
2021-09-22,1.36575,-0.4219,1.40697,-2.97395,-1.62705,5.90367,-0.07146,0.03964
2021-09-23,1.36171,-0.3926,1.41409,-3.77457,-2.05988,5.92233,-0.06629,0.03964
2021-09-24,1.37225,-0.4072,1.41489,-3.05972,-1.66278,6.13321,-0.06639,0.03964
2021-09-27,1.3669,-0.4073,1.41734,-3.62303,-1.96383,6.15928,-0.06613,0.03964
2021-09-28,1.37016,-0.4197,1.41131,-2.95911,-1.59819,6.17863,-0.06793,0.03964
2021-09-29,1.35422,-0.4193,1.41011,-4.04356,-2.17865,6.52659,-0.06424,0.03964
2021-09-30,1.34264,-0.3518,1.41593,-5.31481,-2.85053,6.64001,-0.05298,0.03964
2021-10-01,1.34698,-0.3079,1.42314,-5.5002,-2.92688,6.66595,-0.04619,1.03464
2021-10-04,1.35709,-0.3502,1.42082,-4.58894,-2.4219,6.81845,-0.05136,1.03464
2021-10-05,1.36075,-0.3017,1.42956,-4.93341,-2.58899,6.84412,-0.04408,1.03464
2021-10-06,1.36277,-0.3032,1.4253,-4.48629,-2.33957,6.85175,-0.04425,1.03464
2021-10-07,1.35921,-0.3272,1.42544,-4.75763,-2.46852,6.66993,-0.04906,1.03464
2021-10-08,1.36203,-0.286,1.43089,-4.9321,-2.54396,6.68646,-0.04277,1.03464
2021-10-11,1.36166,-0.2542,1.43472,-5.22648,-2.68044,6.59115,-0.03857,1.03464
2021-10-12,1.35906,-0.3109,1.42744,-4.90838,-2.5008,6.54932,-0.04747,1.03464
2021-10-13,1.35788,-0.3688,1.42158,-4.58381,-2.32178,6.54083,-0.05638,1.03464
2021-10-14,1.36692,-0.3563,1.42624,-4.24826,-2.14128,6.6205,-0.05382,1.03464
2021-10-15,1.36689,-0.3862,1.42522,-4.17881,-2.09766,6.47747,-0.05962,1.03464
2021-10-18,1.37616,-0.3346,1.42859,-3.73948,-1.86988,6.59282,-0.05075,1.03464
2021-10-19,1.37365,-0.3253,1.43137,-4.11627,-2.05208,6.49906,-0.05005,1.03464
2021-10-20,1.37932,-0.335,1.43159,-3.71927,-1.84672,6.49292,-0.05159,1.03464
2021-10-21,1.3823,-0.3649,1.4263,-3.13341,-1.55151,6.5022,-0.05612,1.03464
2021-10-22,1.37912,-0.3834,1.42534,-3.29654,-1.62962,6.43555,-0.05958,1.03464
2021-10-25,1.37627,-0.3853,1.42591,-3.54328,-1.74839,6.39834,-0.06022,1.03464
2021-10-26,1.37644,-0.419,1.42204,-3.25903,-1.60495,6.38726,-0.0656,1.03464
2021-10-27,1.37661,-0.476,1.41138,-2.49438,-1.22635,6.32792,-0.07522,1.03464
2021-10-28,1.37329,-0.4568,1.41292,-2.84547,-1.39835,6.273,-0.07282,1.03464
2021-10-29,1.38007,-0.3726,1.42067,-2.89902,-1.42277,6.35586,-0.05862,1.03464
2021-11-01,1.36833,-0.38,1.42005,-3.71046,-1.81848,6.56321,-0.0579,0.86646
2021-11-02,1.36554,-0.3844,1.41974,-3.89215,-1.90186,6.56388,-0.05856,0.86646
2021-11-03,1.36174,-0.3858,1.41495,-3.83339,-1.86702,6.55525,-0.05885,0.86646
2021-11-04,1.36949,-0.4672,1.40403,-2.4909,-1.20943,6.61586,-0.07062,0.86646
2021-11-05,1.35086,-0.502,1.40392,-3.85277,-1.8681,7.14255,-0.07028,0.86646
2021-11-08,1.34913,-0.5806,1.39737,-3.51353,-1.69774,7.14394,-0.08127,0.86646
2021-11-09,1.35645,-0.5161,1.40439,-3.47335,-1.67354,7.21957,-0.07149,0.86646
2021-11-10,1.356,-0.5515,1.39563,-2.88031,-1.38397,7.18138,-0.0768,0.86646
2021-11-11,1.34127,-0.5633,1.39615,-4.01011,-1.92317,7.4398,-0.07571,0.86646
2021-11-12,1.33665,-0.5944,1.39368,-4.17852,-1.99667,7.46033,-0.07967,0.86646
2021-11-15,1.34171,-0.5848,1.39353,-3.79021,-1.80548,7.37723,-0.07927,0.86646
2021-11-16,1.34084,-0.569,1.39546,-3.99244,-1.89608,7.37631,-0.07714,0.86646
2021-11-17,1.34246,-0.5439,1.39194,-3.6191,-1.71297,7.20724,-0.07547,0.86646
2021-11-18,1.34916,-0.5658,1.39101,-3.05471,-1.44165,7.28235,-0.07769,0.86646
2021-11-19,1.34996,-0.6108,1.38185,-2.33416,-1.0995,7.12615,-0.08571,0.86646
2021-11-22,1.34345,-0.6769,1.37605,-2.39697,-1.12805,7.18416,-0.09422,0.86646
2021-11-23,1.33976,-0.6232,1.38517,-3.33279,-1.56688,7.16786,-0.08694,0.86646
2021-11-24,1.3376,-0.6052,1.38739,-3.65488,-1.71552,7.12035,-0.085,0.86646
2021-11-25,1.33307,-0.6372,1.38443,-3.78069,-1.771,7.07765,-0.09003,0.86646
2021-11-26,1.33142,-0.6085,1.35589,-1.82169,-0.85135,7.07884,-0.08596,0.86646
2021-11-29,1.3341,-0.5935,1.36441,-2.2465,-1.04993,7.09698,-0.08363,0.86646
2021-11-30,1.3315,-0.5506,1.35692,-1.89062,-0.88301,7.09326,-0.07762,0.86646
2021-12-01,1.32959,-0.5261,1.35102,-1.59872,-0.74616,7.01427,-0.075,0.88764
2021-12-02,1.328,-0.6206,1.34775,-1.47611,-0.68861,7.0001,-0.08866,0.88764
2021-12-03,1.33,-0.5702,1.34918,-1.43158,-0.66752,7.01189,-0.08132,0.88764
2021-12-06,1.32373,-0.6805,1.35011,-1.97275,-0.91973,7.02093,-0.09692,0.88764
2021-12-07,1.32644,-0.7396,1.35645,-2.2374,-1.04294,7.0411,-0.10504,0.88764
2021-12-08,1.32461,-0.7434,1.35971,-2.61511,-1.21802,6.94282,-0.10707,0.88764
2021-12-09,1.321,-0.7513,1.35345,-2.42658,-1.12899,6.95272,-0.10806,0.88764
2021-12-10,1.3224,-0.7635,1.35844,-2.68913,-1.25005,6.96122,-0.10968,0.88764
2021-12-13,1.32571,-0.7357,1.35625,-2.27735,-1.05726,6.98564,-0.10532,0.88764
2021-12-14,1.32135,-0.7299,1.35263,-2.33947,-1.08519,6.96981,-0.10472,0.88764
2021-12-15,1.32305,-0.7404,1.35646,-2.49346,-1.15593,6.95426,-0.10647,0.88764
2021-12-16,1.32631,-0.638,1.36467,-2.85117,-1.32035,6.92807,-0.09209,0.88764
2021-12-17,1.33237,-0.6061,1.36249,-2.23546,-1.03356,6.94516,-0.08727,0.88764
2021-12-20,1.32294,-0.5917,1.35744,-2.57409,-1.18894,7.0734,-0.08365,0.88764
2021-12-21,1.321,-0.5663,1.36734,-3.44782,-1.59083,7.05866,-0.08023,0.88764
2021-12-22,1.32696,-0.5426,1.37626,-3.64751,-1.67951,6.9355,-0.07824,0.88764
2021-12-23,1.3352,-0.5308,1.3814,-3.40136,-1.56211,7.02925,-0.07551,0.88764
2021-12-24,1.34066,-0.5385,1.38055,-2.93185,-1.34323,7.06444,-0.07623,0.88764
2021-12-27,1.34043,-0.5485,1.38331,-3.14909,-1.44019,6.67687,-0.08215,0.88764
2021-12-28,1.34427,-0.5585,1.38315,-2.85126,-1.30139,6.47925,-0.0862,0.88764
2021-12-29,1.34333,-0.5082,1.38905,-3.34732,-1.52524,6.44774,-0.07882,0.88764
2021-12-30,1.34988,-0.5153,1.38752,-2.75061,-1.25051,6.34426,-0.08122,0.88764
2021-12-31,1.34984,-0.4875,1.3872,-2.73047,-1.23955,6.31917,-0.07715,0.88764
2022-01-03,1.35223,-0.5975,1.38151,-2.14261,-0.9712,6.32239,-0.09451,1.28648
2022-01-04,1.34833,-0.5083,1.38978,-3.02779,-1.37181,6.32706,-0.08034,1.28648
2022-01-05,1.35314,-0.5661,1.37988,-1.95695,-0.885,6.35521,-0.08908,1.28648
2022-01-06,1.35556,-0.545,1.38375,-2.05827,-0.93011,6.36634,-0.08561,1.28648
2022-01-07,1.35336,-0.5563,1.38397,-2.2365,-1.00979,6.36332,-0.08742,1.28648
2022-01-10,1.35923,-0.5606,1.38059,-1.55929,-0.70335,6.42127,-0.0873,1.28648
2022-01-11,1.35803,-0.5465,1.3886,-2.22589,-1.00367,6.28078,-0.08701,1.28648
2022-01-12,1.36333,-0.556,1.39101,-2.01044,-0.90573,6.33142,-0.08782,1.28648
2022-01-13,1.371,-0.5662,1.38376,-0.92666,-0.41723,6.28523,-0.09008,1.28648
2022-01-14,1.37137,-0.6276,1.3837,-0.8953,-0.40322,6.27522,-0.10001,1.28648
2022-01-17,1.36735,-0.5927,1.38648,-1.38945,-0.62584,6.24416,-0.09492,1.28648
2022-01-18,1.3648,-0.6558,1.3762,-0.83215,-0.3748,6.2359,-0.10517,1.28648
2022-01-19,1.36003,-0.5735,1.38168,-1.57963,-0.71167,6.25694,-0.09166,1.28648
2022-01-20,1.36086,-0.6108,1.37525,-1.0521,-0.47412,6.24776,-0.09776,1.28648
2022-01-21,1.35977,-0.5695,1.37131,-0.84536,-0.38138,6.24868,-0.09114,1.28648
2022-01-24,1.35558,-0.5885,1.36558,-0.7349,-0.33211,6.2749,-0.09379,1.28648
2022-01-25,1.34893,-0.5969,1.36562,-1.22972,-0.5558,6.32988,-0.0943,1.28648
2022-01-26,1.35108,-0.6554,1.36305,-0.88212,-0.39863,6.25292,-0.10481,1.28648
2022-01-27,1.3468,-0.6191,1.36625,-1.43363,-0.64775,6.0553,-0.10224,1.28648
2022-01-28,1.33883,-0.5646,1.37458,-2.63508,-1.19028,6.15145,-0.09178,1.28648
2022-01-31,1.34034,-0.5039,1.38464,-3.25194,-1.46691,6.13723,-0.08211,1.28648
2022-02-01,1.34454,-0.5057,1.38776,-3.16381,-1.42456,6.05792,-0.08348,0.85189
2022-02-02,1.35254,-0.5193,1.38673,-2.4968,-1.12246,5.54284,-0.09369,0.85189
2022-02-03,1.3565,-0.4536,1.38689,-2.21558,-0.99523,5.56649,-0.08149,0.85189
2022-02-04,1.35984,-0.5307,1.38755,-2.01695,-0.90513,5.48228,-0.0968,0.85189
2022-02-07,1.35334,-0.4909,1.38931,-2.62273,-1.1766,5.56637,-0.08819,0.85189
2022-02-08,1.35378,-0.4791,1.39034,-2.66469,-1.20153,5.10775,-0.0938,0.85189
2022-02-09,1.35476,-0.5608,1.39036,-2.59374,-1.17352,5.05608,-0.11092,0.85189
2022-02-10,1.35333,-0.6005,1.37557,-1.63039,-0.73975,5.00984,-0.11986,0.85189
2022-02-11,1.35518,-0.4601,1.37766,-1.64551,-0.75186,5.01325,-0.09178,0.85189
2022-02-14,1.35696,-0.4736,1.37567,-1.36911,-0.62612,5.0142,-0.09445,0.85189
2022-02-15,1.35329,-0.4761,1.37712,-1.74589,-0.7995,4.94989,-0.09618,0.85189
2022-02-16,1.35411,-0.5367,1.37816,-1.76019,-0.80654,4.94996,-0.10843,0.85189
2022-02-17,1.35849,-0.5597,1.36285,-0.32007,-0.14676,4.88894,-0.11448,0.85189
2022-02-18,1.36188,-0.5764,1.36414,-0.16593,-0.07627,4.87372,-0.11827,0.85189
2022-02-21,1.35934,-0.5835,1.36448,-0.377,-0.17398,4.87779,-0.11962,0.85189
2022-02-22,1.3596,-0.5529,1.36813,-0.6255,-0.28964,4.82119,-0.11468,0.85189
2022-02-23,1.35894,-0.6061,1.36013,-0.0878,-0.04078,4.81371,-0.12591,0.85189
2022-02-24,1.35457,-0.5882,1.36571,-0.81899,-0.38065,4.85261,-0.12121,0.85189
2022-02-25,1.33733,-0.6485,1.3669,-2.18693,-1.01677,5.49584,-0.118,0.85189
2022-02-28,1.33733,-0.5595,1.36877,-2.32391,-1.08013,5.48734,-0.10196,0.85189
2022-03-01,1.34228,-0.6779,1.35666,-1.06567,-0.49639,5.52776,-0.12264,0.05882
2022-03-02,1.33351,-0.6677,1.36995,-2.69586,-1.25764,5.68157,-0.11752,0.05882
2022-03-03,1.33969,-0.5996,1.37096,-2.30707,-1.07687,5.6705,-0.10574,0.05882
2022-03-04,1.3351,-0.6409,1.37022,-2.59682,-1.21102,5.70358,-0.11237,0.05882
2022-03-07,1.32125,-0.5955,1.36585,-3.32036,-1.54628,6.07412,-0.09804,0.05882
2022-03-08,1.31123,-0.537,1.37428,-4.69615,-2.18297,6.23831,-0.08608,0.05882
2022-03-09,1.30993,-0.5279,1.3645,-4.08148,-1.88906,6.23608,-0.08465,0.05882
2022-03-10,1.31857,-0.5744,1.36428,-3.40854,-1.57235,6.35833,-0.09034,0.05882
2022-03-11,1.31032,-0.6199,1.36167,-3.84351,-1.76875,6.44657,-0.09616,0.05882
2022-03-14,1.30503,-0.6829,1.34872,-3.29333,-1.51103,6.48702,-0.10527,0.05882
2022-03-15,1.30119,-0.7385,1.34338,-3.19141,-1.46111,6.48645,-0.11385,0.05882
2022-03-16,1.30465,-0.7804,1.34763,-3.24114,-1.48099,6.43948,-0.12119,0.05882
2022-03-17,1.31411,-0.8195,1.35476,-3.04662,-1.39068,6.46498,-0.12676,0.05882
2022-03-18,1.31604,-0.9047,1.35504,-2.92034,-1.33107,6.46648,-0.13991,0.05882
2022-03-21,1.31608,-0.9706,1.35583,-2.97555,-1.35405,6.3997,-0.15166,0.05882
2022-03-22,1.31683,-0.9236,1.35981,-3.21161,-1.45991,6.27152,-0.14727,0.05882
2022-03-23,1.32665,-0.9046,1.36194,-2.62587,-1.1951,6.39925,-0.14136,0.05882
2022-03-24,1.3206,-0.9744,1.36031,-2.96213,-1.34749,6.45947,-0.15085,0.05882
2022-03-25,1.31957,-1.087,1.35283,-2.4889,-1.13123,6.42954,-0.16906,0.05882
2022-03-28,1.31763,-1.1204,1.34583,-2.11748,-0.96154,6.43341,-0.17415,0.05882
2022-03-29,1.31036,-1.061,1.35106,-3.05898,-1.38856,6.42974,-0.16501,0.05882
2022-03-30,1.30938,-1.0072,1.35506,-3.42945,-1.55491,6.42934,-0.15666,0.05882
2022-03-31,1.31389,-0.998,1.34319,-2.20552,-0.99776,6.46164,-0.15445,0.05882
2022-04-01,1.3147,-1.1251,1.3282,-1.02165,-0.46179,6.44601,-0.17454,0.86975
2022-04-04,1.31038,-1.1429,1.33334,-1.73702,-0.78551,6.42039,-0.17801,0.86975
2022-04-05,1.31146,-1.1891,1.31413,-0.20341,-0.09194,6.40928,-0.18553,0.86975
2022-04-06,1.30774,-1.1417,1.30965,-0.14645,-0.0662,6.42237,-0.17777,0.86975
2022-04-07,1.30721,-1.1492,1.31045,-0.24753,-0.1119,6.34577,-0.1811,0.86975
2022-04-08,1.30693,-1.2154,1.30586,0.08181,0.03705,6.34607,-0.19152,0.86975
2022-04-11,1.30322,-1.14,1.29774,0.4214,0.19126,6.29471,-0.1811,0.86975
2022-04-12,1.30242,-1.0574,1.31413,-0.89472,-0.40639,6.16208,-0.1716,0.86975
2022-04-13,1.30025,-1.0696,1.32557,-1.92813,-0.8765,6.16042,-0.17362,0.86975
2022-04-14,1.31203,-1.1444,1.31468,-0.20181,-0.09174,6.45224,-0.17736,0.86975
2022-04-15,1.307,-1.1444,1.31441,-0.56497,-0.25736,6.47923,-0.17663,0.86975
2022-04-18,1.30576,-1.1444,1.31731,-0.88081,-0.40236,6.45419,-0.17731,0.86975
2022-04-19,1.30098,-1.1801,1.31068,-0.74254,-0.34123,6.47689,-0.1822,0.86975
2022-04-20,1.30137,-1.176,1.31469,-1.01831,-0.47,6.48003,-0.18148,0.86975
2022-04-21,1.30688,-1.1402,1.31008,-0.24435,-0.11333,6.53527,-0.17447,0.86975
2022-04-22,1.30263,-1.1842,1.28443,1.40661,0.65487,6.49877,-0.18222,0.86975
2022-04-25,1.28309,-1.1767,1.28619,-0.24154,-0.1129,7.10503,-0.16562,0.86975
2022-04-26,1.274,-1.1883,1.26891,0.40054,0.18818,7.201,-0.16502,0.86975
2022-04-27,1.2584,-1.1956,1.27371,-1.20955,-0.57175,7.4905,-0.15962,0.86975
2022-04-28,1.25419,-1.1988,1.27917,-1.9727,-0.93543,7.49282,-0.15999,0.86975
2022-04-29,1.24639,-1.2089,1.26945,-1.83391,-0.87251,7.51447,-0.16088,0.86975
2022-05-02,1.25739,-1.2989,1.25966,-0.18037,-0.08617,7.64522,-0.1699,-0.57401
2022-05-03,1.24983,-1.2612,1.27025,-1.6206,-0.7788,7.66058,-0.16464,-0.57401
2022-05-04,1.25004,-1.1627,1.2971,-3.69574,-1.7819,7.62855,-0.15241,-0.57401
2022-05-05,1.26181,-1.3124,1.26114,0.05315,0.02563,7.88946,-0.16635,-0.57401
2022-05-06,1.23641,-1.3493,1.2608,-1.95314,-0.9451,8.76947,-0.15386,-0.57401
2022-05-09,1.23267,-1.3383,1.24443,-0.94965,-0.46069,8.76405,-0.1527,-0.57401
2022-05-10,1.23388,-1.392,1.23947,-0.45202,-0.21958,8.77776,-0.15858,-0.57401
2022-05-11,1.23092,-1.371,1.24665,-1.26985,-0.61756,8.76065,-0.1565,-0.57401
2022-05-12,1.22342,-1.4412,1.23988,-1.33618,-0.65077,8.7886,-0.16399,-0.57401
2022-05-13,1.22061,-1.4797,1.24566,-2.03095,-0.98876,8.78696,-0.1684,-0.57401
2022-05-16,1.22585,-1.4201,1.25765,-2.56064,-1.24666,8.85555,-0.16036,-0.57401
2022-05-17,1.23248,-1.3443,1.26827,-2.86265,-1.39382,8.91381,-0.15081,-0.57401
2022-05-18,1.24844,-1.2789,1.25878,-0.82503,-0.40123,9.33612,-0.13698,-0.57401
2022-05-19,1.23458,-1.211,1.27365,-3.11526,-1.51655,9.53865,-0.12696,-0.57401
2022-05-20,1.24621,-1.1536,1.28022,-2.69235,-1.31022,9.77983,-0.11796,-0.57401
2022-05-23,1.25041,-1.1568,1.28266,-2.54658,-1.24077,9.82428,-0.11775,-0.57401
2022-05-24,1.25675,-1.159,1.27918,-1.7689,-0.86461,9.89867,-0.11709,-0.57401
2022-05-25,1.2543,-1.0901,1.29116,-2.89674,-1.42014,9.6146,-0.11338,-0.57401
2022-05-26,1.25861,-1.032,1.30328,-3.48726,-1.70874,9.65382,-0.1069,-0.57401
2022-05-27,1.26173,-1.0956,1.30131,-3.0887,-1.51519,9.63295,-0.11373,-0.57401
2022-05-30,1.26283,-1.0308,1.30933,-3.61591,-1.77592,9.57263,-0.10768,-0.57401
2022-05-31,1.2647,-1.0473,1.30725,-3.30871,-1.63072,9.51984,-0.11001,-0.57401
2022-06-01,1.26089,-1.1307,1.29267,-2.48892,-1.23197,9.51569,-0.11882,-1.25214
2022-06-02,1.24831,-1.1107,1.29881,-3.96554,-1.97401,9.49968,-0.11692,-1.25214
2022-06-03,1.25792,-1.1407,1.29515,-2.91665,-1.45557,9.55241,-0.11941,-1.25214
2022-06-06,1.24923,-1.0928,1.29994,-3.9791,-1.99497,9.63446,-0.11343,-1.25214
2022-06-07,1.25235,-1.0843,1.30448,-4.07817,-2.04941,9.54253,-0.11363,-1.25214
2022-06-08,1.25873,-1.1154,1.30151,-3.34209,-1.68238,9.54907,-0.11681,-1.25214
2022-06-09,1.25403,-1.0627,1.30098,-3.67595,-1.85653,9.54484,-0.11134,-1.25214
2022-06-10,1.2493,-1.0851,1.29174,-3.34068,-1.68811,9.55447,-0.11357,-1.25214
2022-06-13,1.22749,-1.3162,1.2444,-1.36823,-0.69244,10.11309,-0.13015,-1.25214
2022-06-14,1.21448,-1.3582,1.24089,-2.15175,-1.09122,10.15657,-0.13373,-1.25214
2022-06-15,1.20126,-1.2803,1.25663,-4.50595,-2.29211,10.32346,-0.12402,-1.25214
2022-06-16,1.21743,-1.1284,1.26897,-4.14623,-2.11221,10.73783,-0.10509,-1.25214
2022-06-17,1.23548,-1.0853,1.27441,-3.10229,-1.58092,11.19754,-0.09692,-1.25214
2022-06-20,1.22282,-0.9898,1.28712,-5.12482,-2.62293,11.21574,-0.08825,-1.25214
2022-06-21,1.22517,-1.0087,1.28689,-4.91458,-2.51614,11.21385,-0.08995,-1.25214
2022-06-22,1.22666,-1.0304,1.28467,-4.62065,-2.36536,11.2239,-0.0918,-1.25214
2022-06-23,1.22508,-1.1553,1.26553,-3.24796,-1.66137,11.22375,-0.10293,-1.25214
2022-06-24,1.22608,-1.1824,1.26818,-3.37643,-1.72799,11.19487,-0.10562,-1.25214
2022-06-27,1.22824,-1.1646,1.27198,-3.49879,-1.79222,11.20897,-0.1039,-1.25214
2022-06-28,1.22674,-1.0683,1.28235,-4.43343,-2.26902,11.17243,-0.09562,-1.25214
2022-06-29,1.21898,-1.0565,1.28297,-5.11627,-2.61181,11.21592,-0.0942,-1.25214
2022-06-30,1.21318,-1.0557,1.28,-5.36132,-2.72499,11.23095,-0.094,-1.25214
2022-07-01,1.21609,-1.1445,1.27103,-4.41916,-2.23278,11.24694,-0.10176,-1.35993
2022-07-04,1.21027,-0.991,1.29203,-6.53653,-3.28847,11.26527,-0.08797,-1.35993
2022-07-05,1.21145,-1.0205,1.2796,-5.47349,-2.72708,11.2727,-0.09053,-1.35993
2022-07-06,1.19491,-1.1997,1.2551,-4.91371,-2.43409,11.54551,-0.10391,-1.35993
2022-07-07,1.19232,-1.1996,1.25846,-5.39863,-2.6638,11.54292,-0.10393,-1.35993
2022-07-08,1.2028,-1.2091,1.26203,-4.80662,-2.35995,11.71993,-0.10317,-1.35993
2022-07-11,1.20166,-1.1719,1.2617,-4.87516,-2.38554,11.71981,-0.09999,-1.35993
2022-07-12,1.19009,-1.2405,1.24337,-4.37961,-2.13778,11.65033,-0.10648,-1.35993
2022-07-13,1.18778,-1.2304,1.24537,-4.73514,-2.30562,11.64138,-0.10569,-1.35993
2022-07-14,1.18638,-1.1904,1.2513,-5.32771,-2.58858,11.64102,-0.10226,-1.35993
2022-07-15,1.18396,-1.1844,1.25937,-6.17395,-2.9876,11.63341,-0.10181,-1.35993
2022-07-18,1.18883,-1.1578,1.26187,-5.96181,-2.86768,11.68208,-0.09911,-1.35993
2022-07-19,1.19483,-1.1462,1.26597,-5.78355,-2.76583,11.69902,-0.09797,-1.35993
2022-07-20,1.20035,-1.2318,1.25381,-4.35758,-2.07397,11.75454,-0.10479,-1.35993
2022-07-21,1.19717,-1.1442,1.26745,-5.70421,-2.70594,11.41866,-0.1002,-1.35993
2022-07-22,1.19962,-1.1039,1.27285,-5.92531,-2.79775,11.36946,-0.09709,-1.35993
2022-07-25,1.1987,-1.157,1.2637,-5.28133,-2.47687,11.13239,-0.10393,-1.35993
2022-07-26,1.20552,-1.1702,1.25614,-4.11383,-1.92224,11.19353,-0.10454,-1.35993
2022-07-27,1.20369,-1.0483,1.2811,-6.2328,-2.91135,11.13703,-0.09413,-1.35993
2022-07-28,1.21631,-1.0467,1.28411,-5.42478,-2.51893,11.19768,-0.09347,-1.35993
2022-07-29,1.21734,-1.055,1.2873,-5.58723,-2.58134,11.14469,-0.09466,-1.35993
2022-08-01,1.21674,-1.0444,1.2775,-4.87282,-2.23974,11.14406,-0.09372,-0.86423
2022-08-02,1.22542,-1.2076,1.24705,-1.75034,-0.80061,11.07198,-0.10907,-0.86423
2022-08-03,1.2143,-1.1279,1.26402,-4.01304,-1.83469,10.46423,-0.10779,-0.86423
2022-08-04,1.21383,-1.049,1.2767,-5.04968,-2.30098,10.44933,-0.10039,-0.86423
2022-08-05,1.21585,-1.0505,1.27743,-4.94071,-2.23987,10.45345,-0.10049,-0.86423
2022-08-08,1.20595,-1.1396,1.2624,-4.57488,-2.06397,10.56523,-0.10786,-0.86423
2022-08-09,1.20847,-1.1522,1.25772,-3.99425,-1.79453,10.50985,-0.10963,-0.86423
2022-08-10,1.20742,-1.1122,1.27175,-5.19066,-2.32503,10.50211,-0.1059,-0.86423
2022-08-11,1.2213,-1.0822,1.27581,-4.36691,-1.94742,10.72026,-0.10095,-0.86423
2022-08-12,1.21962,-1.0236,1.28697,-5.37569,-2.38975,10.66563,-0.09597,-0.86423
2022-08-15,1.2128,-1.0711,1.27445,-4.95878,-2.19561,10.3845,-0.10314,-0.86423
2022-08-16,1.20569,-0.9794,1.28916,-6.69372,-2.95807,10.21558,-0.09587,-0.86423
2022-08-17,1.20982,-0.8534,1.31149,-8.06914,-3.5458,10.05255,-0.08489,-0.86423
2022-08-18,1.20451,-0.856,1.31357,-8.66714,-3.7736,10.05212,-0.08516,-0.86423
2022-08-19,1.19327,-0.8074,1.31854,-9.98233,-4.29097,10.13627,-0.07965,-0.86423
2022-08-22,1.18181,-0.7811,1.31308,-10.53282,-4.451,10.28706,-0.07593,-0.86423
2022-08-23,1.17665,-0.7115,1.32679,-12.00909,-4.98164,10.2705,-0.06928,-0.86423
2022-08-24,1.18328,-0.4952,1.37061,-14.69666,-5.96904,10.33354,-0.04792,-0.86423
2022-08-25,1.17918,-0.5147,1.36675,-14.76177,-5.81543,10.33776,-0.04979,-0.86423
2022-08-26,1.1824,-0.6481,1.33021,-11.77892,-4.5078,10.35343,-0.0626,-0.86423
2022-08-29,1.16945,-0.7181,1.31657,-11.84942,-4.46218,10.53637,-0.06815,-0.86423
2022-08-30,1.17225,-0.5609,1.33973,-13.35397,-4.95156,10.40525,-0.05391,-0.86423
2022-08-31,1.16598,-0.4739,1.35221,-14.81847,-5.38107,10.2899,-0.04605,-0.86423
2022-09-01,1.15985,-0.5085,1.34339,-14.69073,-5.20203,10.2575,-0.04957,-4.36267
2022-09-02,1.15489,-0.4533,1.35063,-15.65635,-5.41209,10.24844,-0.04423,-4.36267
2022-09-05,1.14746,-0.3783,1.35957,-16.96157,-5.7128,10.21676,-0.03703,-4.36267
2022-09-06,1.15664,-0.4661,1.33805,-14.56882,-4.7636,10.37816,-0.04491,-4.36267
2022-09-07,1.15119,-0.4728,1.34214,-15.34766,-4.91456,10.3892,-0.04551,-4.36267
2022-09-08,1.15198,-0.4928,1.34162,-15.23916,-4.77555,9.85225,-0.05002,-4.36267
2022-09-09,1.15216,-0.4537,1.34866,-15.74713,-4.83635,9.65715,-0.04698,-4.36267
2022-09-12,1.16194,-0.5319,1.33191,-13.65253,-4.10672,9.61105,-0.05534,-4.36267
2022-09-13,1.16898,-0.5401,1.31699,-11.92175,-3.5327,9.28616,-0.05816,-4.36267
2022-09-14,1.15062,-0.5731,1.31515,-13.36524,-3.91631,9.24189,-0.06201,-4.36267
2022-09-15,1.15449,-0.6125,1.30928,-12.5818,-3.63837,9.09369,-0.06735,-4.36267
2022-09-16,1.14527,-0.5313,1.3175,-14.01026,-4.00304,9.18485,-0.05785,-4.36267
2022-09-19,1.14331,-0.6013,1.30989,-13.60146,-3.83148,9.17389,-0.06554,-4.36267
2022-09-20,1.14432,-0.5114,1.3138,-13.81081,-3.83846,9.1825,-0.05569,-4.36267
2022-09-21,1.13806,-0.4364,1.31727,-14.6242,-4.00992,9.2161,-0.04735,-4.36267
2022-09-22,1.12559,-0.4211,1.31849,-15.81786,-4.27425,9.40239,-0.04479,-4.36267
2022-09-23,1.12642,-0.0215,1.34735,-17.90959,-4.7569,9.41189,-0.00228,-4.36267
2022-09-26,1.07974,0.1928,1.34902,-22.26565,-5.79402,12.44821,0.01549,-4.36267
2022-09-27,1.07728,0.2719,1.33377,-21.35656,-5.39218,12.43506,0.02187,-4.36267
2022-09-28,1.07275,0.2939,1.32376,-21.0247,-5.17164,12.41285,0.02368,-4.36267
2022-09-29,1.0836,0.3068,1.30004,-18.21056,-4.3713,12.63009,0.02429,-4.36267
2022-09-30,1.11694,0.2078,1.28386,-13.9275,-3.28534,14.15791,0.01468,-4.36267
2022-10-03,1.11406,0.1925,1.28086,-13.95209,-3.25863,13.9332,0.01382,-2.11552
2022-10-04,1.13341,0.1463,1.27398,-11.69081,-2.70386,14.40535,0.01016,-2.11552
2022-10-05,1.14513,0.1302,1.26868,-10.24551,-2.35399,14.4499,0.00901,-2.11552
2022-10-06,1.13554,0.1891,1.2524,-9.79543,-2.23982,14.53039,0.01301,-2.11552
2022-10-07,1.11621,0.1057,1.23856,-10.40115,-2.37053,14.78937,0.00715,-2.11552
2022-10-10,1.10727,0.3534,1.22827,-10.37065,-2.35511,14.85494,0.02379,-2.11552
2022-10-11,1.10764,0.2565,1.21936,-9.60901,-2.17315,14.85775,0.01726,-2.11552
2022-10-12,1.09678,0.2648,1.2165,-10.3596,-2.33539,14.95989,0.0177,-2.11552
2022-10-13,1.11056,-0.0503,1.22221,-9.58005,-2.15126,15.17325,-0.00332,-2.11552
2022-10-14,1.13039,-0.0729,1.22399,-7.95562,-1.78031,15.58675,-0.00468,-2.11552
2022-10-17,1.12442,-0.4177,1.23456,-9.34514,-2.08969,15.57086,-0.02683,-2.11552
2022-10-18,1.1354,-0.4497,1.24149,-8.93345,-1.99295,15.71459,-0.02862,-2.11552
2022-10-19,1.13443,-0.6183,1.24046,-8.93556,-1.98943,15.7037,-0.03937,-2.11552
2022-10-20,1.1211,-0.68,1.24602,-10.56453,-2.34607,15.8551,-0.04289,-2.11552
2022-10-21,1.12215,-0.3447,1.23395,-9.49752,-2.10112,15.80148,-0.02181,-2.11552
2022-10-24,1.13447,-0.6733,1.24368,-9.19124,-2.0274,15.98411,-0.04212,-2.11552
2022-10-25,1.13077,-0.639,1.24924,-9.9631,-2.19175,15.82199,-0.04039,-2.11552
2022-10-26,1.14622,-0.6437,1.25191,-8.81963,-1.93361,16.08986,-0.04001,-2.11552
2022-10-27,1.16382,-0.6674,1.24931,-7.08876,-1.55038,16.41245,-0.04066,-2.11552
2022-10-28,1.1566,-0.782,1.26571,-9.01422,-1.96927,16.37097,-0.04777,-2.11552
2022-10-31,1.1596,-0.7335,1.26432,-8.64645,-1.88461,16.29996,-0.045,-2.11552
2022-11-01,1.14682,-0.8837,1.27061,-10.25121,-2.23069,16.43059,-0.05378,-0.523
2022-11-02,1.14895,-1.0071,1.27174,-10.15407,-2.20285,16.43188,-0.06129,-0.523
2022-11-03,1.13843,-1.04,1.27902,-11.64373,-2.51724,16.45152,-0.06322,-0.523
2022-11-04,1.11712,-0.993,1.27393,-13.1353,-2.82596,16.82707,-0.05901,-0.523
2022-11-07,1.13316,-0.9489,1.27411,-11.72364,-2.50549,17.11039,-0.05546,-0.523
2022-11-08,1.1518,-0.8916,1.26843,-9.64567,-2.05138,17.28179,-0.05159,-0.523
2022-11-09,1.15527,-0.9019,1.27041,-9.50073,-2.01578,17.29944,-0.05213,-0.523
2022-11-10,1.13682,-0.7406,1.27931,-11.80907,-2.49881,17.5421,-0.04222,-0.523
2022-11-11,1.16956,-0.6699,1.27866,-8.91837,-1.8776,18.47176,-0.03627,-0.523
2022-11-14,1.17991,-0.7258,1.27768,-7.96023,-1.67206,18.54937,-0.03913,-0.523
2022-11-15,1.17525,-0.6961,1.2691,-7.68275,-1.61056,18.54577,-0.03753,-0.523
2022-11-16,1.18804,-0.7321,1.27535,-7.09158,-1.48446,18.58805,-0.03939,-0.523
2022-11-17,1.19153,-0.769,1.28496,-7.54956,-1.57812,18.49445,-0.04158,-0.523
2022-11-18,1.18601,-0.7821,1.29626,-8.88867,-1.85484,18.49711,-0.04228,-0.523
2022-11-21,1.18864,-0.784,1.30213,-9.11957,-1.8977,18.46852,-0.04245,-0.523
2022-11-22,1.18276,-0.786,1.30787,-10.05496,-2.08608,18.48247,-0.04253,-0.523
2022-11-23,1.18946,-0.811,1.32371,-10.69408,-2.21071,18.50884,-0.04382,-0.523
2022-11-24,1.20735,-0.788,1.32234,-9.09767,-1.87315,18.60319,-0.04236,-0.523
2022-11-25,1.21134,-0.6636,1.32054,-8.631,-1.77257,18.60784,-0.03566,-0.523
2022-11-28,1.20547,-0.7122,1.31056,-8.35846,-1.71267,18.60158,-0.03829,-0.523
2022-11-29,1.19603,-0.8036,1.31707,-9.64049,-1.97124,18.64168,-0.04311,-0.523
2022-11-30,1.19469,-0.6162,1.31236,-9.39441,-1.91513,18.61953,-0.03309,-0.523
2022-12-01,1.20775,-0.5069,1.30928,-8.0716,-1.64079,18.67746,-0.02714,0.74228
2022-12-02,1.22593,-0.4568,1.31654,-7.1314,-1.44647,18.83724,-0.02425,0.74228
2022-12-05,1.22972,-0.5329,1.3144,-6.65862,-1.34832,18.80676,-0.02834,0.74228
2022-12-06,1.21924,-0.5594,1.31509,-7.56757,-1.52972,18.90463,-0.02959,0.74228
2022-12-07,1.2133,-0.5146,1.31626,-8.14463,-1.64285,18.93957,-0.02717,0.74228
2022-12-08,1.22124,-0.5477,1.32356,-8.04591,-1.61878,18.91188,-0.02896,0.74228
2022-12-09,1.2236,-0.5422,1.31967,-7.55833,-1.51728,18.88338,-0.02871,0.74228
2022-12-12,1.22392,-0.5704,1.30088,-6.09849,-1.222,18.58181,-0.0307,0.74228
2022-12-13,1.22708,-0.3663,1.29896,-5.6921,-1.13918,18.5784,-0.01972,0.74228
2022-12-14,1.23567,-0.3701,1.30267,-5.28081,-1.05577,18.52534,-0.01998,0.74228
2022-12-15,1.24194,-0.4161,1.29738,-4.36666,-0.87222,18.53159,-0.02245,0.74228
2022-12-16,1.21892,-0.3017,1.2999,-6.43251,-1.28406,18.95961,-0.01591,0.74228
2022-12-19,1.21603,-0.2692,1.29692,-6.44025,-1.28362,18.92647,-0.01422,0.74228
2022-12-20,1.21533,-0.2324,1.30052,-6.77489,-1.34841,18.77051,-0.01238,0.74228
2022-12-21,1.21892,-0.2551,1.30441,-6.77904,-1.34715,18.77341,-0.01359,0.74228
2022-12-22,1.20774,-0.184,1.2904,-6.62008,-1.31365,16.70342,-0.01102,0.74228
2022-12-23,1.20399,-0.2341,1.29082,-6.96357,-1.37989,16.71245,-0.01401,0.74228
2022-12-26,1.206,-0.2341,1.29009,-6.74007,-1.33338,16.66827,-0.01404,0.74228
2022-12-27,1.20842,-0.3141,1.28729,-6.32294,-1.24886,16.58483,-0.01894,0.74228
2022-12-28,1.20273,-0.3244,1.28757,-6.81591,-1.34439,15.58074,-0.02082,0.74228
2022-12-29,1.20285,-0.2929,1.29327,-7.24806,-1.42783,15.56363,-0.01882,0.74228
2022-12-30,1.20563,-0.3692,1.28429,-6.31979,-1.24249,15.2222,-0.02425,0.74228
2023-01-02,1.21203,-0.3692,1.28401,-5.76877,-1.13267,15.1306,-0.0244,-1.82246
2023-01-03,1.20629,-0.3278,1.28492,-6.31486,-1.23844,15.05647,-0.02177,-1.82246
2023-01-04,1.19697,-0.3511,1.30596,-8.71436,-1.70641,14.70939,-0.02387,-1.82246
2023-01-05,1.20571,-0.4111,1.30336,-7.78835,-1.52075,14.64092,-0.02808,-1.82246
2023-01-06,1.19123,-0.3043,1.3061,-9.20623,-1.79359,14.88449,-0.02044,-1.82246
2023-01-09,1.21164,-0.1754,1.2881,-6.11924,-1.18846,15.04481,-0.01166,-1.82246
2023-01-10,1.21849,-0.2837,1.30272,-6.68424,-1.29638,14.90487,-0.01903,-1.82246
2023-01-11,1.21545,-0.3927,1.2972,-6.50938,-1.26036,14.5542,-0.02698,-1.82246
2023-01-12,1.21595,-0.2806,1.30213,-6.84746,-1.32377,14.49602,-0.01936,-1.82246
2023-01-13,1.22178,-0.3519,1.30601,-6.66736,-1.28674,14.41207,-0.02442,-1.82246
2023-01-16,1.22267,-0.3133,1.30275,-6.3439,-1.22231,14.40655,-0.02175,-1.82246
2023-01-17,1.22078,-0.3423,1.29418,-5.83873,-1.12332,14.17423,-0.02415,-1.82246
2023-01-18,1.22847,-0.196,1.27963,-4.08004,-0.78408,14.20813,-0.01379,-1.82246
2023-01-19,1.23477,-0.2103,1.27518,-3.2205,-0.6186,14.09757,-0.01492,-1.82246
2023-01-20,1.23933,-0.3099,1.28187,-3.37494,-0.64816,14.07376,-0.02202,-1.82246
2023-01-23,1.24063,-0.3528,1.28313,-3.36834,-0.64679,13.85677,-0.02546,-1.82246
2023-01-24,1.23798,-0.4077,1.29777,-4.71688,-0.90604,13.57733,-0.03003,-1.82246
2023-01-25,1.23292,-0.3774,1.2963,-5.01256,-0.96288,13.53806,-0.02788,-1.82246
2023-01-26,1.24125,-0.4155,1.29708,-4.39982,-0.84512,13.58292,-0.03059,-1.82246
2023-01-27,1.24153,-0.3952,1.30012,-4.61122,-0.88705,13.35781,-0.02959,-1.82246
2023-01-30,1.24003,-0.4503,1.29832,-4.59382,-0.88455,13.36628,-0.03369,-1.82246
2023-01-31,1.23536,-0.4173,1.30121,-5.19344,-0.99975,13.23807,-0.03152,-1.82246
2023-02-01,1.23089,-0.2713,1.30824,-6.09449,-1.17257,12.62934,-0.02148,-1.63697
2023-02-02,1.239,-0.6252,1.32875,-6.99335,-1.34507,12.40641,-0.05039,-1.63697
2023-02-03,1.2223,-0.7513,1.34866,-9.83769,-1.89171,12.38781,-0.06065,-1.63697
2023-02-06,1.20451,-0.6959,1.33115,-9.99699,-1.91768,12.76615,-0.05451,-1.63697
2023-02-07,1.20267,-0.6538,1.32568,-9.73752,-1.86273,12.31302,-0.0531,-1.63697
2023-02-08,1.20546,-0.6601,1.31339,-8.57542,-1.63569,10.9774,-0.06013,-1.63697
2023-02-09,1.20715,-0.6791,1.30763,-7.99546,-1.52185,10.84811,-0.0626,-1.63697
2023-02-10,1.21168,-0.6195,1.29908,-6.96507,-1.32366,10.83282,-0.05719,-1.63697
2023-02-13,1.20523,-0.5825,1.29712,-7.34831,-1.39489,10.68705,-0.05451,-1.63697
2023-02-14,1.21521,-0.586,1.31157,-7.63021,-1.44612,10.79429,-0.05429,-1.63697
2023-02-15,1.21743,-0.664,1.323,-8.31535,-1.57311,10.75115,-0.06176,-1.63697
2023-02-16,1.20398,-0.6684,1.30756,-8.2531,-1.5579,10.98839,-0.06083,-1.63697
2023-02-17,1.19753,-0.5962,1.30976,-8.9578,-1.68738,10.99654,-0.05422,-1.63697
2023-02-20,1.20298,-0.6598,1.31377,-8.8102,-1.65521,10.97642,-0.06011,-1.63697
2023-02-21,1.20392,-0.6424,1.29138,-7.01275,-1.31395,10.5604,-0.06083,-1.63697
2023-02-22,1.21093,-0.5882,1.29868,-6.99589,-1.30855,10.60448,-0.05547,-1.63697
2023-02-23,1.20499,-0.5648,1.30036,-7.61698,-1.42238,10.60557,-0.05326,-1.63697
2023-02-24,1.20178,-0.556,1.29295,-7.31244,-1.36277,10.4995,-0.05295,-1.63697
2023-02-27,1.19524,-0.4586,1.2936,-7.90803,-1.47105,10.55517,-0.04345,-1.63697
2023-02-28,1.20616,-0.462,1.2913,-6.82127,-1.26625,10.48623,-0.04406,-1.63697
2023-03-01,1.20335,-0.5584,1.29725,-7.5134,-1.39252,10.0444,-0.05559,-0.67763
2023-03-02,1.20299,-0.593,1.30589,-8.20723,-1.51818,10.02077,-0.05918,-0.67763
2023-03-03,1.19516,-0.5247,1.30699,-8.94507,-1.6509,9.96136,-0.05267,-0.67763
2023-03-06,1.20285,-0.526,1.30455,-8.1169,-1.49403,10.00695,-0.05256,-0.67763
2023-03-07,1.20265,-0.5464,1.30597,-8.24257,-1.51386,9.91502,-0.05511,-0.67763
2023-03-08,1.18277,-0.6238,1.31679,-10.73362,-1.96688,10.43303,-0.05979,-0.67763
2023-03-09,1.18502,-0.4642,1.28308,-7.95031,-1.4513,10.44324,-0.04445,-0.67763
2023-03-10,1.19225,-0.4054,1.26157,-5.65116,-1.02952,10.5087,-0.03858,-0.67763
2023-03-13,1.20793,-0.3513,1.25354,-3.70575,-0.67447,10.75187,-0.03267,-0.67763
2023-03-14,1.21714,-0.3168,1.27758,-4.84646,-0.8818,10.81531,-0.02929,-0.67763
2023-03-15,1.21521,-0.3107,1.27421,-4.74052,-0.86192,10.15357,-0.0306,-0.67763
2023-03-16,1.20693,-0.415,1.29737,-7.22632,-1.31293,10.23419,-0.04055,-0.67763
2023-03-17,1.21105,-0.2534,1.27491,-5.13872,-0.93205,10.25798,-0.0247,-0.67763
2023-03-20,1.21877,-0.3551,1.28726,-5.46742,-0.99083,10.32097,-0.03441,-0.67763
2023-03-21,1.22763,-0.4742,1.3097,-6.47191,-1.17174,10.24851,-0.04627,-0.67763
2023-03-22,1.22251,-0.1099,1.27294,-4.04228,-0.73102,10.26502,-0.01071,-0.67763
2023-03-23,1.22797,-0.1385,1.27439,-3.71013,-0.67063,10.29593,-0.01345,-0.67763
2023-03-24,1.22815,-0.2492,1.29081,-4.97572,-0.8991,10.29006,-0.02422,-0.67763
2023-03-27,1.2246,-0.3234,1.29496,-5.58618,-1.00861,10.26077,-0.03152,-0.67763
2023-03-28,1.22976,-0.288,1.29559,-5.21509,-0.94067,10.29048,-0.02799,-0.67763
2023-03-29,1.23305,-0.305,1.30465,-5.64452,-1.01727,10.29352,-0.02963,-0.67763
2023-03-30,1.23136,-0.223,1.29627,-5.13742,-0.92498,10.24977,-0.02176,-0.67763
2023-03-31,1.23873,-0.1462,1.2915,-4.17213,-0.7507,10.26126,-0.01425,-0.67763
2023-04-03,1.2287,-0.1785,1.28032,-4.11523,-0.74024,10.27382,-0.01737,1.24965
2023-04-04,1.24231,-0.0415,1.26606,-1.89327,-0.34042,10.40216,-0.00399,1.24965
2023-04-05,1.24984,-0.0213,1.26355,-1.09073,-0.19617,10.14133,-0.0021,1.24965
2023-04-06,1.24631,-0.029,1.26926,-1.82522,-0.32839,9.61347,-0.00302,1.24965
2023-04-07,1.2439,-0.149,1.27772,-2.68253,-0.48269,9.56648,-0.01558,1.24965
2023-04-10,1.24316,-0.179,1.27727,-2.70695,-0.48701,9.55122,-0.01874,1.24965
2023-04-11,1.23922,-0.0918,1.26579,-2.12114,-0.38177,9.57733,-0.00959,1.24965
2023-04-12,1.2431,0.0116,1.25391,-0.86615,-0.15611,9.55163,0.00121,1.24965
2023-04-13,1.24927,-0.0528,1.27364,-1.93211,-0.34934,9.59693,-0.0055,1.24965
2023-04-14,1.25253,-0.0416,1.27929,-2.11408,-0.38282,9.59965,-0.00433,1.24965
2023-04-17,1.24002,-0.0989,1.28809,-3.80312,-0.68907,9.74756,-0.01015,1.24965
2023-04-18,1.23755,-0.0395,1.28427,-3.70558,-0.67182,9.70402,-0.00407,1.24965
2023-04-19,1.24254,0.0841,1.28251,-3.16566,-0.57461,9.70952,0.00866,1.24965
2023-04-20,1.24288,0.0902,1.28008,-2.94855,-0.53591,9.70746,0.00929,1.24965
2023-04-21,1.24409,0.0528,1.285,-3.2355,-0.58848,9.69911,0.00544,1.24965
2023-04-24,1.24497,0.1107,1.27656,-2.50537,-0.45608,9.66272,0.01146,1.24965
2023-04-25,1.25,0.2054,1.25681,-0.54316,-0.09894,9.60294,0.02139,1.24965
2023-04-26,1.24148,0.1786,1.2656,-1.92449,-0.35093,9.70295,0.01841,1.24965
2023-04-27,1.24715,0.1179,1.28454,-2.95449,-0.53903,9.74218,0.0121,1.24965
2023-04-28,1.24975,0.1578,1.29056,-3.21302,-0.58637,9.71817,0.01624,1.24965
2023-05-01,1.25576,0.0278,1.29685,-3.21998,-0.58792,9.72999,0.00286,3.04822
2023-05-02,1.2486,0.1545,1.2804,-2.51524,-0.45944,9.71952,0.0159,3.04822
2023-05-03,1.24766,0.2686,1.27414,-2.09974,-0.38396,9.31501,0.02884,3.04822
2023-05-04,1.2569,0.2991,1.25625,0.05127,0.00938,8.90795,0.03358,3.04822
2023-05-05,1.25834,0.2577,1.27684,-1.46013,-0.26757,8.8971,0.02896,3.04822
2023-05-08,1.26306,0.1777,1.27998,-1.33083,-0.24405,8.91213,0.01994,3.04822
2023-05-09,1.26127,0.2261,1.26812,-0.54145,-0.09938,8.92143,0.02534,3.04822
2023-05-10,1.26247,0.3372,1.26912,-0.52573,-0.0966,8.90003,0.03789,3.04822
2023-05-11,1.2627,0.2619,1.27801,-1.20531,-0.22178,8.81702,0.0297,3.04822
2023-05-12,1.25081,0.2228,1.28148,-2.42193,-0.44601,8.91456,0.02499,3.04822
2023-05-15,1.2451,0.251,1.2752,-2.38919,-0.44024,8.96654,0.02799,3.04822
2023-05-16,1.25252,0.1847,1.27257,-1.58822,-0.29285,8.72537,0.02117,3.04822
2023-05-17,1.24844,0.1533,1.27944,-2.45259,-0.45272,8.67664,0.01767,3.04822
2023-05-18,1.24828,0.173,1.28788,-3.12334,-0.57711,8.64202,0.02002,3.04822
2023-05-19,1.24123,0.147,1.28264,-3.28126,-0.60663,8.73172,0.01684,3.04822
2023-05-22,1.24611,0.1978,1.27362,-2.18436,-0.40432,8.69298,0.02275,3.04822
2023-05-23,1.24344,0.3261,1.25034,-0.553,-0.10241,8.64085,0.03774,3.04822
2023-05-24,1.24173,0.4565,1.22555,1.31164,0.24306,8.62543,0.05292,3.04822
2023-05-25,1.2371,0.497,1.23433,0.2244,0.04161,8.58373,0.0579,3.04822
2023-05-26,1.23183,0.4606,1.24492,-1.05737,-0.19617,8.45827,0.05446,3.04822
2023-05-29,1.23469,0.4606,1.24458,-0.79815,-0.14814,8.44991,0.05451,3.04822
2023-05-30,1.23493,0.4588,1.25652,-1.73252,-0.32167,8.4488,0.0543,3.04822
2023-05-31,1.24119,0.4515,1.2547,-1.08303,-0.20114,8.37885,0.05389,3.04822
2023-06-01,1.24469,0.4508,1.27075,-2.07206,-0.38496,8.30802,0.05426,5.21488
2023-06-02,1.2526,0.3466,1.28384,-2.46376,-0.45779,8.38671,0.04133,5.21488
2023-06-05,1.24302,0.4456,1.27289,-2.37449,-0.44119,7.80533,0.05709,5.21488
2023-06-06,1.24332,0.4366,1.28154,-3.02776,-0.56261,7.80283,0.05595,5.21488
2023-06-07,1.24285,0.4302,1.27958,-2.91223,-0.54123,7.73032,0.05565,5.21488
2023-06-08,1.24459,0.4506,1.2824,-2.99326,-0.5563,7.3098,0.06164,5.21488
2023-06-09,1.25595,0.3941,1.28678,-2.42473,-0.45092,7.37497,0.05344,5.21488
2023-06-12,1.2581,0.5247,1.2716,-1.0674,-0.19855,7.36663,0.07123,5.21488
2023-06-13,1.25153,0.5488,1.267,-1.22839,-0.22863,7.30776,0.0751,5.21488
2023-06-14,1.26068,0.5006,1.28004,-1.52364,-0.28379,7.40925,0.06756,5.21488
2023-06-15,1.26709,0.6856,1.25334,1.09089,0.20327,7.3733,0.09298,5.21488
2023-06-16,1.27858,0.6388,1.26423,1.12843,0.21043,7.44667,0.08578,5.21488
2023-06-19,1.28304,0.7307,1.25772,1.99301,0.37201,7.4025,0.09871,5.21488
2023-06-20,1.27948,0.598,1.267,0.98013,0.18317,7.39733,0.08084,5.21488
2023-06-21,1.27654,0.6885,1.26508,0.90124,0.16853,7.42028,0.09279,5.21488
2023-06-22,1.2772,0.5957,1.282,-0.37468,-0.07009,7.38595,0.08065,5.21488
2023-06-23,1.27471,0.6135,1.2754,-0.05371,-0.01005,7.36882,0.08326,5.21488
2023-06-26,1.27296,0.6544,1.26329,0.76293,0.14292,7.36635,0.08884,5.21488
2023-06-27,1.2712,0.7065,1.26895,0.17655,0.0331,7.36655,0.09591,5.21488
2023-06-28,1.27447,0.6785,1.2702,0.33575,0.06303,7.29523,0.09301,5.21488
2023-06-29,1.26425,0.5404,1.2783,-1.10518,-0.20776,7.29131,0.07412,5.21488
2023-06-30,1.26146,0.5989,1.27188,-0.82225,-0.15478,6.98566,0.08573,5.21488
2023-07-03,1.26933,0.5967,1.27233,-0.23646,-0.04459,6.99146,0.08535,5.54819
2023-07-04,1.26929,0.5738,1.27387,-0.36016,-0.06803,6.96371,0.0824,5.54819
2023-07-05,1.27176,0.5799,1.26309,0.68416,0.12939,6.95656,0.08336,5.54819
2023-07-06,1.27045,0.5969,1.25062,1.57389,0.29801,6.95951,0.08577,5.54819
2023-07-07,1.27427,0.5599,1.25532,1.49883,0.28403,6.94213,0.08065,5.54819
2023-07-10,1.28389,0.6569,1.24826,2.81485,0.5338,7.06569,0.09297,5.54819
2023-07-11,1.28647,0.6876,1.24597,3.19916,0.60689,7.01495,0.09802,5.54819
2023-07-12,1.29348,0.7082,1.25686,2.8716,0.54492,7.07246,0.10013,5.54819
2023-07-13,1.29963,0.7435,1.25266,3.68139,0.69878,6.78846,0.10952,5.54819
2023-07-14,1.31285,0.6034,1.26815,3.46449,0.65764,7.0184,0.08597,5.54819
2023-07-17,1.30902,0.5925,1.27051,2.98577,0.56676,7.03164,0.08426,5.54819
2023-07-18,1.30717,0.5076,1.27661,2.36547,0.44917,7.04511,0.07205,5.54819
2023-07-19,1.30351,0.3873,1.28026,1.79928,0.34193,7.08181,0.05469,5.54819
2023-07-20,1.29398,0.375,1.27905,1.16018,0.22078,7.2638,0.05163,5.54819
2023-07-21,1.28723,0.3499,1.28321,0.3128,0.05961,7.32251,0.04778,5.54819
2023-07-24,1.28535,0.2877,1.28167,0.28657,0.05463,7.18216,0.04006,5.54819
2023-07-25,1.28126,0.2959,1.28059,0.05258,0.01003,7.17357,0.04125,5.54819
2023-07-26,1.28939,0.3761,1.28393,0.42422,0.08095,7.26289,0.05178,5.54819
2023-07-27,1.29272,0.2012,1.27997,0.99126,0.18927,7.22295,0.02786,5.54819
2023-07-28,1.27938,0.2988,1.28487,-0.4281,-0.08183,7.44166,0.04015,5.54819
2023-07-31,1.2854,0.2559,1.28335,0.15968,0.03054,7.48737,0.03418,5.54819
2023-08-01,1.2834,0.3225,1.27707,0.49414,0.09458,7.36475,0.04379,5.06149
2023-08-02,1.27957,0.3049,1.2597,1.56561,0.29992,7.39249,0.04124,5.06149
2023-08-03,1.27204,0.259,1.26176,0.81092,0.15544,7.45959,0.03472,5.06149
2023-08-04,1.27163,0.3657,1.24488,2.12646,0.40792,7.4537,0.04906,5.06149
2023-08-07,1.27479,0.3633,1.2576,1.3578,0.2607,7.46686,0.04865,5.06149
2023-08-08,1.2782,0.412,1.25253,2.02876,0.38992,7.48377,0.05505,5.06149
2023-08-09,1.27416,0.3906,1.25321,1.65825,0.31914,7.25626,0.05383,5.06149
2023-08-10,1.27201,0.2753,1.26172,0.81224,0.15651,7.20021,0.03824,5.06149
2023-08-11,1.26701,0.3199,1.26856,-0.12242,-0.02363,7.15862,0.04469,5.06149
2023-08-14,1.2695,0.328,1.26924,0.02041,0.00395,7.13265,0.04599,5.06149
2023-08-15,1.26852,0.3536,1.25455,1.10726,0.21474,7.13527,0.04956,5.06149
2023-08-16,1.27013,0.3165,1.25507,1.19261,0.23182,7.03564,0.04499,5.06149
2023-08-17,1.27282,0.4121,1.24124,2.51226,0.48926,7.00778,0.05881,5.06149
2023-08-18,1.27502,0.4144,1.24567,2.32885,0.45449,6.99493,0.05924,5.06149
2023-08-21,1.27419,0.38,1.2493,1.97308,0.38609,6.98891,0.05437,5.06149
2023-08-22,1.27608,0.2944,1.25532,1.63994,0.32223,6.94098,0.04241,5.06149
2023-08-23,1.27316,0.2197,1.2682,0.38971,0.07684,6.89695,0.03185,5.06149
2023-08-24,1.27205,0.1617,1.26011,0.94325,0.18643,6.89267,0.02346,5.06149
2023-08-25,1.25929,0.1611,1.27311,-1.09193,-0.21617,7.20905,0.02235,5.06149
2023-08-28,1.25897,0.2211,1.27588,-1.33419,-0.26458,7.14503,0.03094,5.06149
2023-08-29,1.26111,0.307,1.27756,-1.29566,-0.25742,7.13199,0.04305,5.06149
2023-08-30,1.26368,0.2625,1.28545,-1.70841,-0.34067,7.03313,0.03732,5.06149
2023-08-31,1.27118,0.2234,1.29023,-1.48718,-0.29732,6.94414,0.03217,5.06149
2023-09-01,1.26728,0.1881,1.29677,-2.30052,-0.46105,6.97786,0.02696,4.39762
2023-09-04,1.25914,0.2401,1.29409,-2.73786,-0.5498,7.10616,0.03379,4.39762
2023-09-05,1.26231,0.213,1.28451,-1.7433,-0.35114,7.11723,0.02993,4.39762
2023-09-06,1.25706,0.17,1.28138,-1.91667,-0.38719,6.93772,0.0245,4.39762
2023-09-07,1.24988,0.1348,1.28337,-2.64435,-0.53576,7.0228,0.01919,4.39762
2023-09-08,1.24751,0.049,1.29245,-3.53916,-0.71852,6.95516,0.00705,4.39762
2023-09-11,1.249,0.0992,1.28979,-3.21382,-0.65363,6.79897,0.01459,4.39762
2023-09-12,1.25088,0.0311,1.28729,-2.86956,-0.58504,6.72476,0.00462,4.39762
2023-09-13,1.24917,-0.0212,1.29706,-3.76154,-0.76862,6.46109,-0.00328,4.39762
2023-09-14,1.24895,-0.1375,1.30834,-4.64507,-0.95048,6.41367,-0.02144,4.39762
2023-09-15,1.24019,-0.1051,1.29478,-4.30749,-0.88219,6.53283,-0.01609,4.39762
2023-09-18,1.23976,-0.0648,1.28946,-3.93058,-0.80565,6.52257,-0.00993,4.39762
2023-09-19,1.23837,-0.1663,1.29176,-4.22061,-0.86634,6.52072,-0.0255,4.39762
2023-09-20,1.23936,-0.3194,1.28801,-3.85066,-0.79125,6.51881,-0.049,4.39762
2023-09-21,1.23289,-0.3796,1.27019,-2.98062,-0.61332,6.58633,-0.05763,4.39762
2023-09-22,1.22942,-0.377,1.27204,-3.40749,-0.70222,6.60032,-0.05712,4.39762
2023-09-25,1.22418,-0.3978,1.27451,-4.02884,-0.83149,6.61145,-0.06017,4.39762
2023-09-26,1.22131,-0.4004,1.25934,-3.06593,-0.63347,6.4481,-0.0621,4.39762
2023-09-27,1.21468,-0.3892,1.26227,-3.84292,-0.79533,6.51409,-0.05975,4.39762
2023-09-28,1.21353,-0.1564,1.25858,-3.64472,-0.7556,6.36542,-0.02457,4.39762
2023-09-29,1.22048,-0.273,1.2616,-3.31372,-0.68802,6.49261,-0.04205,4.39762
2023-10-02,1.2193,-0.2807,1.2625,-3.48136,-0.72431,6.47191,-0.04337,3.08164
2023-10-03,1.20912,-0.3304,1.25039,-3.35687,-0.69949,6.65347,-0.04966,3.08164
2023-10-04,1.20785,-0.2313,1.25541,-3.86241,-0.80592,6.6089,-0.035,3.08164
2023-10-05,1.21374,-0.2674,1.25776,-3.56261,-0.74391,6.49258,-0.04119,3.08164
2023-10-06,1.21877,-0.2964,1.2648,-3.70719,-0.77496,6.54499,-0.04529,3.08164
2023-10-09,1.22209,-0.3981,1.2653,-3.47432,-0.72678,6.46106,-0.06162,3.08164
2023-10-10,1.22504,-0.3158,1.26617,-3.30248,-0.69138,6.39466,-0.04938,3.08164
2023-10-11,1.22914,-0.343,1.27362,-3.55526,-0.74538,6.05244,-0.05667,3.08164
2023-10-12,1.23163,-0.3617,1.26967,-3.04141,-0.63863,6.07103,-0.05958,3.08164
2023-10-13,1.21832,-0.3296,1.25081,-2.63134,-0.55299,6.38544,-0.05162,3.08164
2023-10-16,1.21538,-0.3269,1.26308,-3.84998,-0.80948,6.38176,-0.05122,3.08164
2023-10-17,1.22115,-0.441,1.26259,-3.33692,-0.70186,6.35989,-0.06934,3.08164
2023-10-18,1.21788,-0.3601,1.25147,-2.72058,-0.57252,6.31001,-0.05707,3.08164
2023-10-19,1.21434,-0.3844,1.24097,-2.16913,-0.45689,6.32202,-0.0608,3.08164
2023-10-20,1.21372,-0.3709,1.23902,-2.06278,-0.43511,6.30541,-0.05882,3.08164
2023-10-23,1.2164,-0.3545,1.24528,-2.34661,-0.49571,6.16686,-0.05748,3.08164
2023-10-24,1.22502,-0.4085,1.25428,-2.36035,-0.49931,6.33355,-0.0645,3.08164
2023-10-25,1.21619,-0.4375,1.24832,-2.6073,-0.55234,6.17066,-0.0709,3.08164
2023-10-26,1.21035,-0.3624,1.24385,-2.73082,-0.57918,6.11921,-0.05922,3.08164
2023-10-27,1.21371,-0.3324,1.23958,-2.10933,-0.4478,6.1631,-0.05393,3.08164
2023-10-30,1.21137,-0.4081,1.24931,-3.08352,-0.65668,6.15207,-0.06634,3.08164
2023-10-31,1.21657,-0.4645,1.25914,-3.43869,-0.73375,6.15057,-0.07552,3.08164
2023-11-01,1.21521,-0.3413,1.26273,-3.8357,-0.82082,6.15059,-0.05549,3.32067
2023-11-02,1.21822,-0.4156,1.27284,-4.38585,-0.94217,6.15032,-0.06757,3.32067
2023-11-03,1.21919,-0.333,1.27531,-4.50042,-0.96953,6.11968,-0.05441,3.32067
2023-11-06,1.23738,-0.3866,1.277,-3.15182,-0.68171,6.84466,-0.05648,3.32067
2023-11-07,1.23455,-0.3903,1.27586,-3.29098,-0.71401,6.85001,-0.05698,3.32067
2023-11-08,1.22918,-0.3883,1.27656,-3.78244,-0.8221,6.85927,-0.05661,3.32067
2023-11-09,1.2285,-0.5117,1.2721,-3.48744,-0.7588,6.84122,-0.0748,3.32067
2023-11-10,1.2217,-0.4582,1.27912,-4.59261,-1.00084,6.91467,-0.06626,3.32067
2023-11-13,1.22282,-0.447,1.27384,-4.08758,-0.89126,6.91116,-0.06468,3.32067
2023-11-14,1.22806,-0.3633,1.27569,-3.80449,-0.83074,6.95914,-0.0522,3.32067
2023-11-15,1.24945,-0.4257,1.27446,-1.98126,-0.43345,7.8095,-0.05451,3.32067
2023-11-16,1.24224,-0.4281,1.26875,-2.11188,-0.46289,7.88566,-0.05429,3.32067
2023-11-17,1.2415,-0.4369,1.27488,-2.6536,-0.58308,7.87644,-0.05547,3.32067
2023-11-20,1.24545,-0.4243,1.27857,-2.62409,-0.5785,7.90007,-0.05371,3.32067
2023-11-21,1.25091,-0.3928,1.27805,-2.14698,-0.47496,7.95533,-0.04938,3.32067
2023-11-22,1.25442,-0.3582,1.28042,-2.05168,-0.45517,7.7229,-0.04638,3.32067
2023-11-23,1.249,-0.2621,1.2779,-2.28772,-0.50878,7.76994,-0.03373,3.32067
2023-11-24,1.25335,-0.2735,1.27909,-2.03304,-0.45331,7.79501,-0.03509,3.32067
2023-11-27,1.26003,-0.2413,1.27499,-1.18,-0.26391,7.85889,-0.0307,3.32067
2023-11-28,1.26344,-0.2001,1.2765,-1.02828,-0.23067,7.78566,-0.0257,3.32067
2023-11-29,1.27123,-0.2273,1.27564,-0.34622,-0.07792,7.86045,-0.02892,3.32067
2023-11-30,1.26964,-0.2445,1.27502,-0.42282,-0.09545,7.75405,-0.03153,3.32067
2023-12-01,1.26317,-0.1146,1.26982,-0.52533,-0.11903,7.80864,-0.01468,4.37873
2023-12-04,1.27131,-0.1653,1.26394,0.58168,0.13231,7.86539,-0.02102,4.37873
2023-12-05,1.26341,-0.213,1.26319,0.01717,0.00392,7.8815,-0.02703,4.37873
2023-12-06,1.25945,-0.2244,1.25574,0.29503,0.06761,7.89866,-0.02841,4.37873
2023-12-07,1.25587,-0.1954,1.25373,0.17032,0.03923,7.91822,-0.02468,4.37873
2023-12-08,1.25895,-0.2829,1.26165,-0.21396,-0.04954,7.9274,-0.03569,4.37873
2023-12-11,1.25548,-0.2297,1.25915,-0.29188,-0.0679,7.94289,-0.02892,4.37873
2023-12-12,1.25546,-0.3201,1.2559,-0.03527,-0.00825,7.94274,-0.0403,4.37873
2023-12-13,1.25707,-0.2368,1.25679,0.02202,0.00518,7.81259,-0.03031,4.37873
2023-12-14,1.26229,-0.2066,1.25906,0.25622,0.06055,7.85101,-0.02632,4.37873
2023-12-15,1.27714,-0.282,1.25919,1.41554,0.33689,8.16959,-0.03452,4.37873
2023-12-18,1.26723,-0.307,1.25936,0.6236,0.14935,8.33512,-0.03683,4.37873
2023-12-19,1.26518,-0.376,1.26112,0.32139,0.07744,8.26788,-0.04548,4.37873
2023-12-20,1.27327,-0.4304,1.25292,1.61087,0.39105,8.32608,-0.05169,4.37873
2023-12-21,1.26413,-0.4755,1.25188,0.97375,0.23808,8.4155,-0.0565,4.37873
2023-12-22,1.2685,-0.5101,1.25532,1.04425,0.25745,8.41542,-0.06061,4.37873
2023-12-25,1.2677,-0.5101,1.25579,0.94426,0.23513,8.32948,-0.06124,4.37873
2023-12-26,1.27049,-0.5301,1.26121,0.73295,0.18451,8.32827,-0.06365,4.37873
2023-12-27,1.27272,-0.4734,1.26383,0.70053,0.17822,8.26952,-0.05725,4.37873
2023-12-28,1.28008,-0.5066,1.26064,1.53017,0.39369,8.32506,-0.06085,4.37873
2023-12-29,1.2734,-0.4817,1.25826,1.19635,0.31105,8.207,-0.05869,4.37873
2024-01-01,1.273,-0.4817,1.25872,1.12789,0.29567,8.20148,-0.05873,4.3307
2024-01-02,1.27288,-0.487,1.24885,1.90569,0.50294,8.16224,-0.05967,4.3307
2024-01-03,1.26231,-0.3997,1.24904,1.05622,0.28045,8.33188,-0.04797,4.3307
2024-01-04,1.26743,-0.4204,1.24612,1.69544,0.45342,8.35008,-0.05035,4.3307
2024-01-05,1.26841,-0.4133,1.25646,0.94611,0.25519,8.3419,-0.04955,4.3307
2024-01-08,1.27178,-0.3408,1.25253,1.52525,0.41471,8.33374,-0.04089,4.3307
2024-01-09,1.27452,-0.3346,1.25989,1.15402,0.31605,8.33466,-0.04015,4.3307
2024-01-10,1.27129,-0.3459,1.25824,1.03196,0.28462,8.03219,-0.04306,4.3307
2024-01-11,1.27452,-0.2258,1.26349,0.86922,0.24122,8.01565,-0.02817,4.3307
2024-01-12,1.27778,-0.2405,1.26325,1.14359,0.32022,7.98332,-0.03013,4.3307
2024-01-15,1.27366,-0.2424,1.26375,0.78111,0.22106,7.99349,-0.03032,4.3307
2024-01-16,1.27162,-0.3564,1.25219,1.53917,0.44054,7.97375,-0.0447,4.3307
2024-01-17,1.26385,-0.2302,1.24397,1.58569,0.45851,8.08749,-0.02846,4.3307
2024-01-18,1.26768,-0.2951,1.2527,1.189,0.34694,8.09564,-0.03645,4.3307
2024-01-19,1.27099,-0.3371,1.25917,0.93428,0.27642,8.00058,-0.04213,4.3307
2024-01-22,1.26999,-0.3062,1.26506,0.3886,0.11666,7.84676,-0.03902,4.3307
2024-01-23,1.2707,-0.2379,1.27147,-0.06047,-0.01842,7.76675,-0.03063,4.3307
2024-01-24,1.2692,-0.2049,1.26715,0.16112,0.04983,7.76559,-0.02639,4.3307
2024-01-25,1.27188,-0.1935,1.27105,0.0651,0.02049,7.75182,-0.02496,4.3307
2024-01-26,1.27083,-0.2325,1.27632,-0.43111,-0.13789,7.72506,-0.0301,4.3307
2024-01-29,1.26976,-0.2251,1.26974,0.00164,0.00053,7.7226,-0.02915,4.3307
2024-01-30,1.27133,-0.2256,1.27459,-0.2563,-0.08401,7.71501,-0.02924,4.3307
2024-01-31,1.26955,-0.2673,1.2605,0.71511,0.23815,7.72611,-0.0346,4.3307
2024-02-01,1.26784,-0.2107,1.25813,0.76918,0.25865,7.17801,-0.02935,4.41197
2024-02-02,1.27473,-0.1926,1.2554,1.52775,0.51978,7.22658,-0.02665,4.41197
2024-02-05,1.2622,-0.206,1.25988,0.18369,0.06313,7.45839,-0.02762,4.41197
2024-02-06,1.25345,-0.1865,1.2694,-1.26465,-0.43934,7.60093,-0.02454,4.41197
2024-02-07,1.26065,-0.2018,1.27434,-1.08018,-0.37805,7.58176,-0.02662,4.41197
2024-02-08,1.26274,-0.1774,1.28097,-1.43328,-0.50679,7.58484,-0.02339,4.41197
2024-02-09,1.26205,-0.1357,1.2806,-1.45921,-0.52148,7.54871,-0.01798,4.41197
2024-02-12,1.26373,-0.1529,1.26851,-0.37761,-0.13619,6.733,-0.02271,4.41197
2024-02-13,1.26275,-0.2361,1.25021,0.99823,0.36419,6.62597,-0.03563,4.41197
2024-02-14,1.25907,-0.2738,1.26364,-0.36296,-0.13394,6.65452,-0.04114,4.41197
2024-02-15,1.25683,-0.2587,1.27048,-1.07984,-0.40237,6.63872,-0.03897,4.41197
2024-02-16,1.25992,-0.2633,1.26903,-0.72063,-0.27061,6.60013,-0.03989,4.41197
2024-02-19,1.26111,-0.2574,1.26886,-0.61228,-0.23132,6.57975,-0.03912,4.41197
2024-02-20,1.25876,-0.2846,1.2538,0.39482,0.1498,6.53079,-0.04358,4.41197
2024-02-21,1.26274,-0.2901,1.25599,0.53601,0.20421,6.5243,-0.04446,4.41197
2024-02-22,1.26381,-0.3107,1.26585,-0.16143,-0.06181,6.44027,-0.04824,4.41197
2024-02-23,1.26637,-0.3039,1.27081,-0.35053,-0.13465,6.43037,-0.04726,4.41197
2024-02-26,1.26727,-0.2833,1.27231,-0.39689,-0.15281,6.31124,-0.04489,4.41197
2024-02-27,1.26846,-0.2674,1.27758,-0.71671,-0.27658,6.30948,-0.04238,4.41197
2024-02-28,1.26817,-0.1898,1.27212,-0.31137,-0.12034,6.22422,-0.03049,4.41197
2024-02-29,1.2663,-0.2433,1.27722,-0.85829,-0.33222,6.09516,-0.03992,4.41197
2024-03-01,1.26255,-0.1767,1.27981,-1.3583,-0.52763,5.99494,-0.02947,5.16441
2024-03-04,1.26603,-0.1684,1.27367,-0.60193,-0.23456,5.9858,-0.02813,5.16441
2024-03-05,1.2692,-0.1862,1.26158,0.60182,0.23494,5.975,-0.03116,5.16441
2024-03-06,1.27049,-0.183,1.26251,0.63001,0.24695,5.95956,-0.03071,5.16441
2024-03-07,1.27354,-0.113,1.26269,0.85596,0.33746,5.94662,-0.019,5.16441
2024-03-08,1.28156,-0.1481,1.25822,1.83781,0.72841,6.06797,-0.02441,5.16441
2024-03-11,1.28551,-0.1909,1.25371,2.50493,0.99694,6.0901,-0.03135,5.16441
2024-03-12,1.28198,-0.2918,1.26796,1.09985,0.4411,6.07184,-0.04806,5.16441
2024-03-13,1.27959,-0.2723,1.27222,0.57767,0.23331,5.62165,-0.04844,5.16441
2024-03-14,1.28021,-0.308,1.26726,1.01686,0.41227,5.39297,-0.05711,5.16441
2024-03-15,1.27458,-0.3277,1.26688,0.60621,0.24721,5.45879,-0.06003,5.16441
2024-03-18,1.27314,-0.374,1.26985,0.25858,0.10602,5.31375,-0.07038,5.16441
2024-03-19,1.27272,-0.371,1.27566,-0.23122,-0.09524,5.10883,-0.07262,5.16441
2024-03-20,1.27194,-0.311,1.28192,-0.78136,-0.32324,5.06513,-0.0614,5.16441
2024-03-21,1.27984,-0.4128,1.28283,-0.23389,-0.09709,5.20979,-0.07924,5.16441
2024-03-22,1.26619,-0.4017,1.28033,-1.11025,-0.46398,5.62733,-0.07138,5.16441
2024-03-25,1.25979,-0.3759,1.28036,-1.61902,-0.6854,5.70302,-0.06591,5.16441
2024-03-26,1.26379,-0.3778,1.27888,-1.18665,-0.50664,5.61611,-0.06727,5.16441
2024-03-27,1.26285,-0.3698,1.28408,-1.66728,-0.72164,5.52364,-0.06695,5.16441
2024-03-28,1.26167,-0.408,1.28315,-1.68792,-0.73661,5.52587,-0.07383,5.16441
2024-03-29,1.26263,-0.408,1.28294,-1.5958,-0.70042,5.52879,-0.0738,5.16441
2024-04-01,1.26373,-0.538,1.27545,-0.92371,-0.40836,5.27372,-0.10202,4.76604
2024-04-02,1.25455,-0.4215,1.26713,-0.99832,-0.44556,5.4074,-0.07795,4.76604
2024-04-03,1.25769,-0.4249,1.27042,-1.00719,-0.45216,5.43051,-0.07824,4.76604
2024-04-04,1.26518,-0.4372,1.25205,1.04344,0.46948,5.53785,-0.07895,4.76604
2024-04-05,1.26402,-0.4574,1.25541,0.68316,0.31027,5.52153,-0.08284,4.76604
2024-04-08,1.26253,-0.4841,1.26236,0.0134,0.00611,5.5042,-0.08795,4.76604
2024-04-09,1.26587,-0.4733,1.26335,0.19906,0.09152,5.50637,-0.08595,4.76604
2024-04-10,1.26776,-0.5813,1.25619,0.9175,0.42527,5.48965,-0.10589,4.76604
2024-04-11,1.25376,-0.4901,1.2644,-0.84471,-0.39397,5.88278,-0.08331,4.76604
2024-04-12,1.25548,-0.5009,1.24238,1.04907,0.4915,5.885,-0.08511,4.76604
2024-04-15,1.24618,-0.5117,1.22606,1.62765,0.76387,5.94395,-0.08609,4.76604
2024-04-16,1.24474,-0.4846,1.23259,0.98059,0.46062,5.9098,-0.082,4.76604
2024-04-17,1.2431,-0.4136,1.23117,0.96425,0.45358,5.88378,-0.07029,4.76604
2024-04-18,1.24538,-0.5003,1.2321,1.07198,0.50865,5.89916,-0.08481,4.76604
2024-04-19,1.24377,-0.5197,1.22631,1.41314,0.67325,5.89971,-0.08809,4.76604
2024-04-22,1.23758,-0.5811,1.2405,-0.23619,-0.1132,5.97046,-0.09733,4.76604
2024-04-23,1.23503,-0.4964,1.25406,-1.52973,-0.7379,5.95749,-0.08332,4.76604
2024-04-24,1.24533,-0.4209,1.25106,-0.4593,-0.22348,6.20991,-0.06778,4.76604
2024-04-25,1.24595,-0.4463,1.25764,-0.93392,-0.45782,6.21114,-0.07185,4.76604
2024-04-26,1.25091,-0.4472,1.26127,-0.82515,-0.40732,6.26252,-0.07141,4.76604
2024-04-29,1.25105,-0.4573,1.26352,-0.99182,-0.49237,6.25863,-0.07307,4.76604
2024-04-30,1.25598,-0.4519,1.25284,0.2502,0.12496,6.30941,-0.07162,4.76604
2024-05-01,1.24902,-0.3603,1.25171,-0.21572,-0.10851,6.29782,-0.05721,5.18572
2024-05-02,1.25393,-0.3773,1.25892,-0.39714,-0.2012,6.04663,-0.0624,5.18572
2024-05-03,1.25406,-0.3598,1.27121,-1.35864,-0.69088,5.88416,-0.06115,5.18572
2024-05-06,1.25411,-0.3598,1.27131,-1.36253,-0.69642,5.76806,-0.06238,5.18572
2024-05-07,1.25598,-0.4529,1.27352,-1.38676,-0.7117,5.7662,-0.07854,5.18572
2024-05-08,1.25014,-0.4775,1.27613,-2.05741,-1.05976,5.83788,-0.08179,5.18572
2024-05-09,1.24933,-0.4619,1.27967,-2.39974,-1.24132,5.83093,-0.07922,5.18572
2024-05-10,1.25257,-0.4808,1.28029,-2.18929,-1.13915,5.85582,-0.08211,5.18572
2024-05-13,1.25229,-0.4566,1.26848,-1.28507,-0.67394,5.82824,-0.07834,5.18572
2024-05-14,1.25619,-0.4156,1.27024,-1.11247,-0.5904,5.85255,-0.07101,5.18572
2024-05-15,1.25853,-0.4019,1.28159,-1.81596,-0.97121,5.84361,-0.06878,5.18572
2024-05-16,1.269,-0.4527,1.28168,-0.99424,-0.53281,6.07293,-0.07454,5.18572
2024-05-17,1.2672,-0.4251,1.28728,-1.57224,-0.85067,6.06775,-0.07006,5.18572
2024-05-20,1.27065,-0.4051,1.28525,-1.14241,-0.62633,6.05949,-0.06685,5.18572
2024-05-21,1.27108,-0.3977,1.28881,-1.38501,-0.76717,6.0578,-0.06565,5.18572
2024-05-22,1.27113,-0.3289,1.28369,-0.98285,-0.54994,6.04505,-0.05441,5.18572
2024-05-23,1.2721,-0.3269,1.278,-0.46272,-0.26145,6.0453,-0.05408,5.18572
2024-05-24,1.26941,-0.3455,1.28814,-1.46509,-0.83647,6.05821,-0.05703,5.18572
2024-05-27,1.27361,-0.3455,1.28799,-1.12264,-0.6461,6.09364,-0.0567,5.18572
2024-05-28,1.27724,-0.3755,1.2755,0.13626,0.07913,6.11045,-0.06145,5.18572
2024-05-29,1.27584,-0.3353,1.26101,1.16887,0.68707,6.08315,-0.05512,5.18572
2024-05-30,1.2698,-0.3119,1.25976,0.79362,0.47097,6.13801,-0.05081,5.18572
2024-05-31,1.27304,-0.3155,1.27668,-0.28542,-0.17099,6.13888,-0.05139,5.18572
2024-06-03,1.27437,-0.2819,1.27619,-0.14222,-0.08588,6.13907,-0.04592,6.24043
2024-06-04,1.28102,-0.2444,1.27645,0.35742,0.21728,6.20776,-0.03937,6.24043
2024-06-05,1.2773,-0.1984,1.28245,-0.40231,-0.24644,6.10693,-0.03249,6.24043
2024-06-06,1.27948,-0.2068,1.28221,-0.21326,-0.13103,6.08435,-0.03399,6.24043
2024-06-07,1.27933,-0.2942,1.28633,-0.54562,-0.33605,6.06001,-0.04855,6.24043
2024-06-10,1.27294,-0.2733,1.27898,-0.47283,-0.2921,6.13062,-0.04458,6.24043
2024-06-11,1.27264,-0.2601,1.27756,-0.38597,-0.23956,6.12961,-0.04243,6.24043
2024-06-12,1.27405,-0.2925,1.28668,-0.98639,-0.6141,6.07085,-0.04818,6.24043
2024-06-13,1.27962,-0.2008,1.28826,-0.67266,-0.41962,6.12874,-0.03276,6.24043
2024-06-14,1.27551,-0.2687,1.27916,-0.28538,-0.17832,6.16375,-0.04359,6.24043
2024-06-17,1.26831,-0.3013,1.27685,-0.67061,-0.41922,6.2671,-0.04808,6.24043
2024-06-18,1.2716,-0.2913,1.28145,-0.77185,-0.48335,6.16207,-0.04727,6.24043
2024-06-19,1.27074,-0.2786,1.28135,-0.83108,-0.52153,5.77394,-0.04825,6.24043
2024-06-20,1.2722,-0.3351,1.26918,0.23795,0.1497,5.68291,-0.05897,6.24043
2024-06-21,1.26605,-0.3154,1.27044,-0.3467,-0.21843,5.73611,-0.05498,6.24043
2024-06-24,1.2639,-0.3101,1.26837,-0.35277,-0.22261,5.74446,-0.05398,6.24043
2024-06-25,1.26834,-0.2977,1.27456,-0.48913,-0.30929,5.78323,-0.05148,6.24043
2024-06-26,1.2684,-0.2948,1.27761,-0.72325,-0.45959,5.78161,-0.05099,6.24043
2024-06-27,1.26218,-0.2658,1.28038,-1.43201,-0.91265,5.86437,-0.04532,6.24043
2024-06-28,1.26457,-0.2816,1.27745,-1.01322,-0.6484,5.68653,-0.04952,6.24043
2024-07-01,1.26486,-0.3329,1.2791,-1.11927,-0.71914,5.6661,-0.05875,6.47732
2024-07-02,1.26457,-0.2974,1.28171,-1.34594,-0.86878,5.54011,-0.05368,6.47732
2024-07-03,1.26904,-0.3012,1.27953,-0.82321,-0.5365,5.58146,-0.05396,6.47732
2024-07-04,1.27478,-0.2672,1.27959,-0.37684,-0.24637,5.64578,-0.04733,6.47732
2024-07-05,1.27558,-0.2221,1.27603,-0.0358,-0.02346,5.624,-0.03949,6.47732
2024-07-08,1.28065,-0.2476,1.27779,0.22329,0.14667,5.67021,-0.04367,6.47732
2024-07-09,1.28156,-0.215,1.27753,0.31522,0.20738,5.18778,-0.04144,6.47732
2024-07-10,1.27877,-0.2441,1.27285,0.46395,0.30596,5.20785,-0.04687,6.47732
2024-07-11,1.28526,-0.2016,1.27213,1.02737,0.67791,5.05205,-0.0399,6.47732
2024-07-12,1.29237,-0.1321,1.27845,1.08336,0.717,5.13914,-0.0257,6.47732
2024-07-15,1.29668,-0.1771,1.27064,2.02891,1.34489,5.15275,-0.03437,6.47732
2024-07-16,1.297,-0.1371,1.27157,1.98,1.31176,5.148,-0.02663,6.47732
2024-07-17,1.29777,-0.1336,1.25675,3.21179,2.12463,5.13293,-0.02603,6.47732
2024-07-18,1.30075,-0.2185,1.24221,4.60416,3.03379,5.01156,-0.0436,6.47732
2024-07-19,1.29517,-0.213,1.23979,4.36957,2.85377,5.0826,-0.04191,6.47732
2024-07-22,1.29331,-0.1939,1.25505,3.00253,1.9453,4.86283,-0.03987,6.47732
2024-07-23,1.29324,-0.1822,1.25866,2.71072,1.75039,4.86455,-0.03745,6.47732
2024-07-24,1.29016,-0.1695,1.229,4.85657,3.12763,4.85128,-0.03494,6.47732
2024-07-25,1.28999,-0.2052,1.22479,5.18636,3.30868,4.85228,-0.04229,6.47732
2024-07-26,1.28568,-0.1573,1.24372,3.31799,2.09405,4.86051,-0.03236,6.47732
2024-07-29,1.28684,-0.1926,1.24323,3.44743,2.17016,4.70943,-0.0409,6.47732
2024-07-30,1.28604,-0.1801,1.23593,3.97412,2.49299,4.66136,-0.03864,6.47732
2024-07-31,1.2837,-0.1843,1.24461,3.09261,1.92964,4.68226,-0.03936,6.47732
2024-08-01,1.28531,-0.1706,1.22826,4.54043,2.82277,4.6851,-0.03641,5.72289
2024-08-02,1.2729,0.0044,1.20194,5.73556,3.53824,5.09555,0.00086,5.72289
2024-08-05,1.27879,0.0101,1.13729,11.72668,7.1492,5.07275,0.00199,5.72289
2024-08-06,1.27887,-0.0385,1.18375,7.729,4.5013,5.06898,-0.0076,5.72289
2024-08-07,1.26847,-0.0597,1.18176,7.08064,4.04433,5.32737,-0.01121,5.72289
2024-08-08,1.26804,-0.0946,1.20144,5.39459,3.03857,5.3278,-0.01776,5.72289
2024-08-09,1.27475,-0.083,1.22117,4.29343,2.40198,5.39312,-0.01539,5.72289
2024-08-12,1.27504,-0.03,1.2157,4.76563,2.6569,5.38296,-0.00557,5.72289
2024-08-13,1.27712,-0.0171,1.23573,3.29519,1.82511,5.13563,-0.00333,5.72289
2024-08-14,1.28667,-0.0576,1.25146,2.77476,1.53202,5.33136,-0.0108,5.72289
2024-08-15,1.28287,-0.0735,1.25716,2.02513,1.11598,5.34501,-0.01375,5.72289
2024-08-16,1.28594,-0.0368,1.26369,1.74563,0.96115,5.36362,-0.00686,5.72289
2024-08-19,1.29472,0.0109,1.26914,1.9955,1.099,5.5242,0.00197,5.72289
2024-08-20,1.29904,0.037,1.25979,3.06758,1.68993,5.55693,0.00666,5.72289
2024-08-21,1.30354,0.0838,1.25942,3.44371,1.89374,5.56887,0.01505,5.72289
2024-08-22,1.30935,0.0652,1.24765,4.82674,2.64901,5.59735,0.01165,5.72289
2024-08-23,1.30977,0.0901,1.25802,4.03145,2.20573,5.57599,0.01616,5.72289
2024-08-26,1.32127,0.0801,1.25172,5.40754,2.95561,5.81054,0.01379,5.72289
2024-08-27,1.31917,0.1354,1.26198,4.43241,2.44423,5.72724,0.02364,5.72289
2024-08-28,1.32575,0.1695,1.252,5.72391,3.1963,5.7809,0.02932,5.72289
2024-08-29,1.31937,0.151,1.26108,4.51796,2.55909,5.88275,0.02567,5.72289
2024-08-30,1.31662,0.082,1.26736,3.81318,2.18677,5.82888,0.01407,5.72289
2024-09-02,1.31285,0.1176,1.26833,3.45034,1.98404,5.82801,0.02018,6.96088
2024-09-03,1.3142,0.1173,1.2404,5.77923,3.34323,5.82361,0.02014,6.96088
2024-09-04,1.31141,0.1497,1.24095,5.52227,3.17481,5.84505,0.02561,6.96088
2024-09-05,1.31447,0.1602,1.24996,5.03225,2.87213,5.75328,0.02784,6.96088
2024-09-06,1.31775,0.1532,1.24117,5.98734,3.40048,5.76468,0.02658,6.96088
2024-09-09,1.31334,0.1207,1.25528,4.52093,2.55324,5.81608,0.02075,6.96088
2024-09-10,1.30714,0.1519,1.26392,3.36247,1.90563,5.85356,0.02595,6.96088
2024-09-11,1.30803,0.1319,1.26907,3.02324,1.72408,5.80903,0.02271,6.96088
2024-09-12,1.30395,0.0546,1.26834,2.76905,1.60006,5.72294,0.00954,6.96088
2024-09-13,1.31323,0.0836,1.27289,3.12003,1.81617,5.86089,0.01426,6.96088
2024-09-16,1.3138,0.0862,1.26799,3.54879,2.07046,5.85598,0.01472,6.96088
2024-09-17,1.32107,0.0837,1.26413,4.40574,2.57356,5.93952,0.01409,6.96088
2024-09-18,1.31674,0.1329,1.26307,4.16164,2.42475,5.88925,0.02257,6.96088
2024-09-19,1.32011,0.1406,1.27169,3.7374,2.17088,5.88263,0.0239,6.96088
2024-09-20,1.32818,0.1756,1.27467,4.11187,2.39094,5.95516,0.02949,6.96088
2024-09-23,1.3314,0.1528,1.27666,4.19792,2.44686,5.96297,0.02562,6.96088
2024-09-24,1.33499,0.1898,1.2787,4.30772,2.5039,5.86143,0.03238,6.96088
2024-09-25,1.34273,0.1967,1.28197,4.63101,2.68829,5.93961,0.03312,6.96088
2024-09-26,1.33158,0.1527,1.28441,3.60644,2.08316,6.22256,0.02454,6.96088
2024-09-27,1.34138,0.2107,1.27756,4.87494,2.80446,6.35344,0.03316,6.96088
2024-09-30,1.33833,0.1586,1.27797,4.61458,2.63668,6.36337,0.02492,6.96088
2024-10-01,1.33761,0.1738,1.26382,5.67488,3.22317,6.32499,0.02748,7.48216
2024-10-02,1.3274,0.2267,1.2671,4.64961,2.61894,6.54567,0.03463,7.48216
2024-10-03,1.32661,0.1062,1.25041,5.9153,3.31268,6.51465,0.0163,7.48216
2024-10-04,1.31303,0.0713,1.25422,4.58229,2.54559,6.8666,0.01038,7.48216
2024-10-07,1.31253,0.0896,1.23767,5.8722,3.2646,6.84874,0.01308,7.48216
2024-10-08,1.30847,0.0642,1.24808,4.72539,2.61104,6.81784,0.00942,7.48216
2024-10-09,1.30948,-0.0005,1.24953,4.68672,2.57671,6.73539,-7e-05,7.48216
2024-10-10,1.30683,0.0369,1.24634,4.73964,2.59283,6.71975,0.00549,7.48216
2024-10-11,1.30622,0.0659,1.25006,4.39412,2.40486,6.72075,0.00981,7.48216
2024-10-14,1.3049,0.043,1.25489,3.90818,2.13004,6.72371,0.0064,7.48216
2024-10-15,1.30675,0.0725,1.25828,3.77938,2.05167,6.71428,0.0108,7.48216
2024-10-16,1.30659,-0.0315,1.25896,3.71346,2.00897,6.65551,-0.00473,7.48216
2024-10-17,1.29902,-0.0642,1.25953,3.08763,1.66393,6.75436,-0.0095,7.48216
2024-10-18,1.30157,-0.0934,1.26524,2.83095,1.5216,6.7649,-0.01381,7.48216
2024-10-21,1.30526,-0.1311,1.26093,3.45509,1.85403,6.76729,-0.01937,7.48216
2024-10-22,1.2983,-0.1249,1.259,3.07377,1.64488,6.85711,-0.01821,7.48216
2024-10-23,1.29828,-0.1257,1.25754,3.18835,1.70391,6.82125,-0.01843,7.48216
2024-10-24,1.29137,-0.1249,1.25956,2.49408,1.33084,6.90699,-0.01808,7.48216
2024-10-25,1.29734,-0.1649,1.25146,3.60051,1.9182,6.96511,-0.02368,7.48216
2024-10-28,1.29582,-0.0856,1.2648,2.42292,1.28647,6.95881,-0.0123,7.48216
2024-10-29,1.29747,-0.1008,1.26692,2.38259,1.26336,6.95889,-0.01449,7.48216
2024-10-30,1.30141,-0.0418,1.26309,2.988,1.58317,6.68645,-0.00625,7.48216
2024-10-31,1.29596,0.019,1.25609,3.12425,1.65365,6.69019,0.00284,7.48216
2024-11-01,1.28977,-0.0297,1.25884,2.42793,1.28239,6.76437,-0.00439,7.28869
2024-11-04,1.29534,0.0297,1.25665,3.03231,1.59911,6.60035,0.0045,7.28869
2024-11-05,1.29545,0.1444,1.26374,2.47834,1.30367,6.59912,0.02188,7.28869
2024-11-06,1.30436,0.0013,1.27495,2.28057,1.19793,6.65427,0.0002,7.28869
2024-11-07,1.28833,0.0274,1.27861,0.75723,0.39755,7.1249,0.00385,7.28869
2024-11-08,1.29823,0.0101,1.283,1.18011,0.6198,7.27559,0.00139,7.28869
2024-11-11,1.29171,-0.0634,1.2854,0.48914,0.25689,7.2024,-0.0088,7.28869
2024-11-12,1.2875,-0.1396,1.28417,0.25874,0.13588,7.2079,-0.01937,7.28869
2024-11-13,1.27392,-0.0658,1.28842,-1.13198,-0.59451,7.49957,-0.00877,7.28869
2024-11-14,1.27068,-0.1461,1.28403,-1.04492,-0.5486,7.37955,-0.0198,7.28869
2024-11-15,1.26678,-0.1433,1.28009,-1.04498,-0.54858,7.36262,-0.01946,7.28869
2024-11-18,1.26177,-0.1167,1.27793,-1.27297,-0.66855,7.35425,-0.01587,7.28869
2024-11-19,1.26793,-0.1411,1.27427,-0.49914,-0.26228,7.36646,-0.01915,7.28869
2024-11-20,1.26945,-0.139,1.27262,-0.24897,-0.13099,7.37261,-0.01885,7.28869
2024-11-21,1.26553,-0.1316,1.27082,-0.41703,-0.21961,7.1467,-0.01841,7.28869
2024-11-22,1.25848,-0.1902,1.27304,-1.15055,-0.60708,7.21184,-0.02637,7.28869
2024-11-25,1.25938,-0.0952,1.28275,-1.83874,-0.97183,7.12434,-0.01336,7.28869
2024-11-26,1.25331,-0.1042,1.28463,-2.46898,-1.3061,7.12456,-0.01463,7.28869
2024-11-27,1.25739,-0.0289,1.28648,-2.28773,-1.20949,7.16575,-0.00403,7.28869
2024-11-28,1.26776,-0.0365,1.28594,-1.42323,-0.75267,7.3715,-0.00495,7.28869
2024-11-29,1.26968,-0.0523,1.28738,-1.38442,-0.73341,7.37637,-0.00709,7.28869
2024-12-02,1.27016,-0.0993,1.28865,-1.44479,-0.76579,7.37159,-0.01347,7.70272
2024-12-03,1.26585,-0.1186,1.28433,-1.44913,-0.76808,7.37089,-0.01609,7.70272
2024-12-04,1.26743,-0.082,1.2872,-1.54839,-0.82143,7.35388,-0.01115,7.70272
2024-12-05,1.27012,-0.042,1.28838,-1.42793,-0.76013,7.35257,-0.00571,7.70272
2024-12-06,1.27593,0.0164,1.29492,-1.47723,-0.78764,7.37195,0.00222,7.70272
2024-12-09,1.27493,-0.0493,1.28547,-0.82308,-0.44116,7.36918,-0.00669,7.70272
2024-12-10,1.27491,-0.0219,1.28614,-0.87673,-0.47091,7.34883,-0.00298,7.70272
2024-12-11,1.278,-0.0712,1.28408,-0.4745,-0.25518,7.21458,-0.00987,7.70272
2024-12-12,1.27663,-0.1099,1.28191,-0.41273,-0.22215,7.21353,-0.01524,7.70272
2024-12-13,1.26773,-0.1208,1.27983,-0.95008,-0.51213,7.22642,-0.01672,7.70272
2024-12-16,1.26274,-0.0869,1.27893,-1.27386,-0.68697,7.23744,-0.01201,7.70272
2024-12-17,1.26904,-0.016,1.27864,-0.7541,-0.40678,7.29709,-0.00219,7.70272
2024-12-18,1.27108,-0.1888,1.24781,1.84825,0.99741,7.18362,-0.02628,7.70272
2024-12-19,1.25677,-0.2076,1.25497,0.14348,0.07738,7.46175,-0.02782,7.70272
2024-12-20,1.2498,-0.2228,1.26663,-1.33781,-0.72152,7.48217,-0.02978,7.70272
2024-12-23,1.25699,-0.2333,1.27082,-1.0939,-0.58968,7.48056,-0.03119,7.70272
2024-12-24,1.25345,-0.1614,1.27838,-1.97001,-1.0617,7.34202,-0.02198,7.70272
2024-12-25,1.2536,-0.1614,1.27819,-1.94232,-1.04561,7.15007,-0.02257,7.70272
2024-12-26,1.25437,-0.1514,1.27744,-1.82241,-0.98004,7.15368,-0.02116,7.70272
2024-12-27,1.25298,-0.1898,1.27091,-1.4208,-0.76338,7.15299,-0.02653,7.70272
2024-12-30,1.25788,-0.1001,1.26915,-0.89177,-0.47888,7.09148,-0.01412,7.70272
2024-12-31,1.25491,-0.19,1.2661,-0.88783,-0.47667,7.09768,-0.02677,7.70272
2025-01-02,1.25192,-0.1806,1.2626,-0.8488,-0.45562,6.84304,-0.02639,5.6109
2025-01-03,1.23802,-0.1947,1.26591,-2.22781,-1.19631,7.15204,-0.02722,5.6109
2025-01-06,1.24268,-0.1463,1.26785,-2.00469,-1.07497,7.19884,-0.02032,5.6109
2025-01-07,1.25109,-0.1909,1.26054,-0.75199,-0.40297,7.35004,-0.02597,5.6109
2025-01-08,1.24779,-0.0512,1.26655,-1.49253,-0.80118,7.35557,-0.00696,5.6109
2025-01-09,1.23599,-0.0961,1.26398,-2.23929,-1.20368,7.56125,-0.01271,5.6109
2025-01-10,1.22994,-0.1739,1.25276,-1.83864,-0.98811,7.60409,-0.02287,5.6109
2025-01-13,1.22049,-0.1354,1.25267,-2.60195,-1.39824,7.7075,-0.01757,5.6109
2025-01-14,1.22333,-0.1062,1.25627,-2.65698,-1.42579,7.73532,-0.01373,5.6109
2025-01-15,1.22134,-0.1278,1.25885,-3.02482,-1.62172,7.67559,-0.01665,5.6109
2025-01-16,1.22433,-0.1516,1.25804,-2.71576,-1.45319,7.6837,-0.01973,5.6109
2025-01-17,1.22369,-0.2011,1.25913,-2.85488,-1.52519,7.64547,-0.0263,5.6109
2025-01-20,1.2171,-0.184,1.25961,-3.4328,-1.83204,7.64663,-0.02406,5.6109
2025-01-21,1.23314,-0.1781,1.2647,-2.52727,-1.34799,8.14963,-0.02185,5.6109
2025-01-22,1.23354,-0.2031,1.26439,-2.46981,-1.31741,8.10058,-0.02507,5.6109
2025-01-23,1.23142,-0.2183,1.26533,-2.71652,-1.44829,8.02974,-0.02719,5.6109
2025-01-24,1.23539,-0.1963,1.266,-2.44777,-1.30382,8.07002,-0.02432,5.6109
2025-01-27,1.24594,-0.1671,1.26154,-1.24452,-0.66303,8.27085,-0.0202,5.6109
2025-01-28,1.24606,-0.1249,1.26552,-1.54949,-0.82685,8.23869,-0.01516,5.6109
2025-01-29,1.24417,-0.113,1.26704,-1.82127,-0.97494,8.20975,-0.01376,5.6109
2025-01-30,1.24553,-0.1607,1.26707,-1.7149,-0.91897,8.17347,-0.01966,5.6109
2025-01-31,1.24239,-0.2532,1.26358,-1.69081,-0.90716,8.12237,-0.03117,5.6109
2025-02-03,1.2292,-0.2861,1.25946,-2.43217,-1.30671,8.36371,-0.03421,6.51047
2025-02-04,1.24318,-0.1888,1.26436,-1.68971,-0.90971,8.57517,-0.02202,6.51047
2025-02-05,1.24782,-0.2679,1.26817,-1.61819,-0.87266,8.28924,-0.03232,6.51047
2025-02-06,1.25041,-0.237,1.27006,-1.55993,-0.84299,8.13963,-0.02912,6.51047
2025-02-07,1.24375,-0.3098,1.26561,-1.74234,-0.94732,8.1465,-0.03803,6.51047
2025-02-10,1.23916,-0.2989,1.26566,-2.11643,-1.15701,8.15277,-0.03666,6.51047
2025-02-11,1.23606,-0.2676,1.26426,-2.25566,-1.23685,7.90627,-0.03385,6.51047
2025-02-12,1.24516,-0.3392,1.26564,-1.63166,-0.89531,8.04688,-0.04215,6.51047
2025-02-13,1.24507,-0.299,1.26839,-1.85561,-1.01964,8.02758,-0.03725,6.51047
2025-02-14,1.25634,-0.2275,1.27114,-1.17103,-0.64474,8.2029,-0.02773,6.51047
2025-02-17,1.25842,-0.2265,1.27134,-1.02157,-0.56481,8.14919,-0.02779,6.51047
2025-02-18,1.26215,-0.2593,1.26808,-0.46874,-0.26029,8.16835,-0.03174,6.51047
2025-02-19,1.26258,-0.1693,1.27002,-0.58757,-0.32727,8.14591,-0.02078,6.51047
2025-02-20,1.25842,-0.1381,1.2695,-0.87674,-0.48913,8.0952,-0.01706,6.51047
2025-02-21,1.26704,-0.0977,1.27032,-0.25821,-0.14447,8.20876,-0.0119,6.51047
2025-02-24,1.26499,-0.1019,1.26903,-0.31883,-0.17881,8.15522,-0.0125,6.51047
2025-02-25,1.26178,-0.0337,1.27317,-0.89835,-0.50504,8.14787,-0.00414,6.51047
2025-02-26,1.26744,0.0382,1.27597,-0.67053,-0.37773,8.02896,0.00476,6.51047
2025-02-27,1.26823,-0.0114,1.27055,-0.18297,-0.10323,8.02412,-0.00142,6.51047
2025-02-28,1.25989,0.0351,1.27454,-1.15612,-0.65327,8.13071,0.00432,6.51047
2025-03-03,1.2604,0.1528,1.27668,-1.28376,-0.72634,8.10409,0.01885,7.58379
2025-03-04,1.27015,0.049,1.27495,-0.37769,-0.21381,8.24839,0.00594,7.58379
2025-03-05,1.27943,0.1281,1.2809,-0.11542,-0.06542,8.36514,0.01531,7.58379
2025-03-06,1.28919,0.1538,1.27875,0.8131,0.46101,8.45231,0.0182,7.58379
2025-03-07,1.28853,0.0644,1.27685,0.9103,0.51606,8.45124,0.00762,7.58379
2025-03-10,1.29324,0.1555,1.27759,1.21794,0.69042,8.47975,0.01834,7.58379
2025-03-11,1.28755,0.1081,1.27728,0.80061,0.45374,8.51789,0.01269,7.58379
2025-03-12,1.29448,0.0992,1.2768,1.3755,0.77961,8.57854,0.01156,7.58379
2025-03-13,1.29643,0.1415,1.2796,1.30647,0.74039,8.45544,0.01673,7.58379
2025-03-14,1.29584,0.0496,1.27889,1.31674,0.74599,8.41193,0.0059,7.58379
2025-03-17,1.29306,0.0215,1.27862,1.12276,0.6358,8.37541,0.00257,7.58379
2025-03-18,1.29853,0.0815,1.28,1.43784,0.81393,8.40829,0.00969,7.58379
2025-03-19,1.30005,0.1209,1.28189,1.4072,0.79657,8.06829,0.01498,7.58379
2025-03-20,1.30107,0.1745,1.28106,1.54969,0.8775,7.97247,0.02189,7.58379
2025-03-21,1.2968,0.1968,1.2818,1.16352,0.65896,7.94201,0.02478,7.58379
2025-03-24,1.29246,0.113,1.2802,0.95295,0.54011,7.95169,0.01421,7.58379
2025-03-25,1.29242,0.1689,1.28164,0.83774,0.47512,7.95203,0.02124,7.58379
2025-03-26,1.29433,0.1444,1.27906,1.18655,0.67337,7.95446,0.01815,7.58379
2025-03-27,1.28776,0.1449,1.27858,0.71586,0.40636,8.02652,0.01805,7.58379
2025-03-28,1.2952,0.1972,1.27871,1.28134,0.72875,8.06756,0.02444,7.58379
2025-03-31,1.29383,0.1927,1.2767,1.33257,0.75848,8.05318,0.02393,7.58379
2025-04-01,1.29209,0.1993,1.27778,1.11388,0.63431,8.04084,0.02479,8.49077
2025-04-02,1.29231,0.162,1.27655,1.22659,0.69851,7.68394,0.02108,8.49077
2025-04-03,1.30463,0.212,1.28255,1.70671,0.97317,7.86078,0.02697,8.49077
2025-04-04,1.30887,0.2109,1.28798,1.60831,0.91891,7.78341,0.0271,8.49077
2025-04-07,1.29107,0.1471,1.29095,0.00965,0.00552,8.27504,0.01778,8.49077
2025-04-08,1.2735,0.0715,1.29139,-1.39566,-0.79899,8.52163,0.00839,8.49077
2025-04-09,1.2791,-0.0211,1.28689,-0.60696,-0.34741,8.48578,-0.00249,8.49077
2025-04-10,1.28254,-0.0437,1.28859,-0.4706,-0.26946,8.32425,-0.00525,8.49077
2025-04-11,1.29921,-0.0818,1.28545,1.06419,0.60976,8.66584,-0.00944,8.49077
2025-04-14,1.30852,0.0031,1.28959,1.45785,0.83568,8.73692,0.00035,8.49077
2025-04-15,1.31745,0.0109,1.29111,2.01974,1.15947,8.80744,0.00124,8.49077
2025-04-16,1.3231,0.0041,1.28879,2.62771,1.51082,8.82237,0.00046,8.49077
2025-04-17,1.3234,-0.0783,1.28459,2.97662,1.71053,8.72145,-0.00898,8.49077
2025-04-22,1.33797,-0.0828,1.28622,3.94498,2.26453,8.61406,-0.00961,8.49077
2025-04-23,1.32732,-0.0532,1.29118,2.76022,1.57993,8.81066,-0.00604,8.49077
2025-04-24,1.32645,-0.0056,1.29258,2.58674,1.48172,8.79903,-0.00064,8.49077
2025-04-25,1.33262,-0.0783,1.29126,3.15312,1.8068,8.81699,-0.00888,8.49077
2025-04-28,1.32901,0.0408,1.2968,2.45379,1.40593,8.72458,0.00468,8.49077
2025-04-29,1.34362,0.0652,1.30165,3.17332,1.82097,8.94408,0.00729,8.49077
2025-04-30,1.34108,0.0905,1.30569,2.67459,1.53811,8.94896,0.01011,8.49077
2025-05-01,1.33239,-0.0095,1.3064,1.97012,1.13757,9.08019,-0.00105,9.5185
2025-05-02,1.32864,-0.044,1.30829,1.5431,0.89512,9.08516,-0.00484,9.5185
2025-05-05,1.32719,-0.074,1.31081,1.24241,0.72563,8.77867,-0.00843,9.5185
2025-05-06,1.32926,-0.06,1.30705,1.68467,0.98998,8.53625,-0.00703,9.5185
2025-05-07,1.33559,-0.0262,1.3112,1.84332,1.08794,8.55182,-0.00306,9.5185
2025-05-08,1.32942,-0.1097,1.30528,1.83227,1.08318,8.6251,-0.01272,9.5185
2025-05-09,1.32354,-0.1154,1.30295,1.56771,0.93026,8.6,-0.01342,9.5185
2025-05-12,1.3289,-0.0514,1.30291,1.9754,1.17719,8.56789,-0.006,9.5185
2025-05-13,1.31778,-0.1146,1.29751,1.55037,0.92733,8.74842,-0.0131,9.5185
2025-05-14,1.33044,-0.1009,1.29947,2.35568,1.41548,8.82481,-0.01143,9.5185
2025-05-15,1.32635,-0.0489,1.3056,1.577,0.94898,8.86083,-0.00552,9.5185
2025-05-16,1.33069,-0.0856,1.30297,2.10532,1.27227,8.72303,-0.00981,9.5185
2025-05-19,1.33055,-0.0329,1.30455,1.97359,1.19767,8.72407,-0.00377,9.5185
2025-05-20,1.33601,0.0079,1.30682,2.20862,1.34415,8.73792,0.0009,9.5185
2025-05-21,1.33978,-0.0261,1.30649,2.51595,1.53343,8.74554,-0.00298,9.5185
2025-05-22,1.3419,-0.0072,1.30901,2.48216,1.51128,8.70364,-0.00083,9.5185
2025-05-23,1.34192,-0.0428,1.30664,2.66441,1.62053,8.62509,-0.00496,9.5185
2025-05-26,1.35358,-0.0428,1.30708,3.496,2.12359,8.74639,-0.00489,9.5185
2025-05-27,1.35652,-0.0015,1.31219,3.32238,2.01277,8.71797,-0.00017,9.5185
2025-05-28,1.35133,0.0944,1.31385,2.8129,1.70133,8.74738,0.01079,9.5185
2025-05-29,1.34315,0.0321,1.31449,2.15636,1.30448,8.86151,0.00362,9.5185
2025-05-30,1.3499,0.0947,1.31844,2.35788,1.42905,8.76538,0.0108,9.5185
2025-06-02,1.34673,0.0051,1.31378,2.47736,1.50693,8.79149,0.00058,9.73628
2025-06-03,1.35567,-0.0628,1.30916,3.4913,2.12779,8.76075,-0.00717,9.73628
2025-06-04,1.35314,0.0915,1.31856,2.58903,1.57918,8.68645,0.01053,9.73628
2025-06-05,1.35522,0.0224,1.31432,3.06392,1.87638,8.57993,0.00261,9.73628
2025-06-06,1.35796,-0.1133,1.30708,3.81834,2.3423,8.57923,-0.01321,9.73628
2025-06-09,1.35382,-0.0272,1.3095,3.32835,2.04135,8.59445,-0.00316,9.73628
2025-06-10,1.35567,-0.1083,1.30706,3.65153,2.23888,8.53147,-0.01269,9.73628
2025-06-11,1.35082,0.0059,1.30378,3.5447,2.17174,8.52529,0.00069,9.73628
2025-06-12,1.35674,-0.0835,1.30036,4.24443,2.59512,8.55586,-0.00976,9.73628
2025-06-13,1.36277,-0.0339,1.28635,5.77096,3.51292,8.58435,-0.00395,9.73628
2025-06-16,1.3557,-0.1069,1.28747,5.16375,3.11044,8.6484,-0.01236,9.73628
2025-06-17,1.35656,-0.0427,1.27981,5.82424,3.47857,8.61956,-0.00495,9.73628
2025-06-18,1.343,-0.0489,1.28044,4.77057,2.81692,8.88208,-0.00551,9.73628
2025-06-19,1.34165,-0.0065,1.2828,4.48541,2.62785,8.88711,-0.00073,9.73628
2025-06-20,1.34767,-0.0211,1.28111,5.0655,2.94775,8.88876,-0.00237,9.73628
2025-06-23,1.3436,-0.016,1.29749,3.49233,2.01493,8.8831,-0.0018,9.73628
2025-06-24,1.35454,0.0259,1.31485,2.97396,1.70896,9.0073,0.00288,9.73628
2025-06-25,1.36149,0.0873,1.31743,3.28926,1.88489,9.04871,0.00965,9.73628
2025-06-26,1.36919,0.0565,1.31626,3.9424,2.25169,9.01917,0.00626,9.73628
2025-06-27,1.37248,0.0497,1.31652,4.16229,2.3655,8.97159,0.00554,9.73628
2025-06-30,1.37197,0.0331,1.3162,4.14995,2.34573,8.96645,0.00369,9.73628
2025-07-01,1.37306,-0.0164,1.31549,4.2836,2.40833,8.95459,-0.00183,8.33686
2025-07-02,1.37472,0.0963,1.31581,4.37956,2.44887,8.95324,0.01076,8.33686
2025-07-03,1.365,-0.0115,1.31168,3.98504,2.21531,8.92698,-0.00129,8.33686
2025-07-04,1.36683,-0.0162,1.31344,3.9844,2.20429,8.91322,-0.00182,8.33686
2025-07-07,1.36515,-0.0338,1.30697,4.35554,2.39813,8.43176,-0.00401,8.33686
2025-07-08,1.36236,-0.0361,1.30646,4.18989,2.29411,7.91838,-0.00456,8.33686
2025-07-09,1.35853,0.0185,1.31076,3.57959,1.95003,7.92675,0.00233,8.33686
2025-07-10,1.35931,0.0312,1.31712,3.15245,1.71123,7.91924,0.00394,8.33686
2025-07-11,1.35796,-0.0138,1.30838,3.71919,2.01353,7.54319,-0.00183,8.33686
2025-07-14,1.34938,-0.0992,1.30648,3.23129,1.74262,7.55698,-0.01313,8.33686
2025-07-15,1.3428,-0.1094,1.30754,2.66143,1.43115,7.52156,-0.01454,8.33686
2025-07-16,1.33933,-0.0035,1.31479,1.84978,0.99277,7.49939,-0.00047,8.33686
2025-07-17,1.34111,-0.0231,1.3113,2.24804,1.20584,7.50281,-0.00308,8.33686
2025-07-18,1.34326,0.0599,1.31737,1.94606,1.04279,7.18507,0.00834,8.33686
2025-07-21,1.3416,0.062,1.31764,1.80191,0.96516,7.00177,0.00885,8.33686
2025-07-22,1.34895,0.0607,1.3201,2.16125,1.15736,7.07896,0.00857,8.33686
2025-07-23,1.35216,-0.0245,1.31702,2.63317,1.40921,7.03647,-0.00348,8.33686
2025-07-24,1.35796,-0.0405,1.31398,3.29238,1.7595,7.05653,-0.00574,8.33686
2025-07-25,1.351,-0.0061,1.31974,2.34099,1.24795,6.80364,-0.0009,8.33686
2025-07-28,1.34409,0.0025,1.31504,2.18472,1.16318,6.87255,0.00036,8.33686
2025-07-29,1.33602,0.0387,1.30807,2.11449,1.12472,6.85455,0.00565,8.33686
2025-07-30,1.33536,-0.0295,1.30227,2.50967,1.33349,6.8308,-0.00432,8.33686
2025-07-31,1.32577,-0.0717,1.29987,1.97245,1.04715,6.98148,-0.01027,8.33686
2025-08-01,1.32099,0.0734,1.31387,0.53987,0.28672,7.01064,0.01047,8.35847
2025-08-04,1.32899,0.0849,1.32194,0.53236,0.2832,7.05142,0.01204,8.35847
2025-08-05,1.32975,0.0628,1.32374,0.45298,0.24126,6.99125,0.00898,8.35847
2025-08-06,1.32995,0.0692,1.32855,0.10517,0.05603,6.93294,0.00998,8.35847
2025-08-07,1.33579,0.1016,1.3329,0.21634,0.11531,6.94118,0.01464,8.35847
2025-08-08,1.34515,0.0749,1.33302,0.90596,0.48349,6.85835,0.01092,8.35847
2025-08-11,1.34445,0.0603,1.32991,1.08725,0.5804,6.59813,0.00914,8.35847
2025-08-12,1.34353,0.0988,1.33763,0.43987,0.23487,6.56752,0.01504,8.35847
2025-08-13,1.35042,0.1275,1.34219,0.61123,0.3267,6.61288,0.01928,8.35847
2025-08-14,1.35853,0.1264,1.33756,1.55568,0.83205,6.71169,0.01883,8.35847
2025-08-15,1.35307,0.1173,1.33988,0.97929,0.52395,6.72316,0.01745,8.35847
2025-08-18,1.35564,0.1623,1.34157,1.04317,0.55814,6.71101,0.02418,8.35847
2025-08-19,1.35082,0.2131,1.34759,0.23931,0.12804,6.74624,0.03159,8.35847
2025-08-20,1.34868,0.1627,1.33968,0.66933,0.35812,6.75472,0.02409,8.35847
2025-08-21,1.34664,0.1622,1.33534,0.84221,0.45065,6.53267,0.02483,8.35847
2025-08-22,1.34194,0.2265,1.34572,-0.28101,-0.15038,6.55157,0.03457,8.35847
2025-08-25,1.35111,0.1865,1.33763,1.00278,0.53666,6.65496,0.02802,8.35847
2025-08-26,1.34535,0.274,1.35077,-0.40228,-0.21525,6.59763,0.04153,8.35847
2025-08-27,1.34787,0.3225,1.35182,-0.29252,-0.15654,6.53065,0.04938,8.35847
2025-08-28,1.35038,0.3122,1.34998,0.02986,0.01598,6.52397,0.04785,8.35847
2025-08-29,1.35111,0.3247,1.35067,0.03255,0.01742,6.38669,0.05084,8.35847
2025-09-01,1.35038,0.3419,1.3522,-0.13471,-0.07209,6.37686,0.05362,7.97977
2025-09-02,1.35479,0.3201,1.34351,0.83662,0.44772,6.40341,0.04999,7.97977
2025-09-03,1.33835,0.3321,1.35125,-0.95973,-0.51406,6.8384,0.04856,7.97977
2025-09-04,1.34416,0.3734,1.35871,-1.07652,-0.57653,6.87399,0.05432,7.97977
2025-09-05,1.34445,0.3601,1.36222,-1.31362,-0.70372,6.86775,0.05243,7.97977
2025-09-08,1.34929,0.3522,1.35946,-0.75086,-0.40239,6.87115,0.05126,7.97977
2025-09-09,1.35531,0.3423,1.35722,-0.14107,-0.07586,6.87315,0.0498,7.97977
2025-09-10,1.35211,0.3826,1.35653,-0.32647,-0.17607,6.82856,0.05603,7.97977
2025-09-11,1.35347,0.3697,1.35989,-0.47308,-0.25564,6.75347,0.05474,7.97977
2025-09-12,1.35766,0.3658,1.3573,0.02666,0.01441,6.78105,0.05394,7.97977
2025-09-15,1.35534,0.3683,1.35434,0.07404,0.04004,6.4768,0.05686,7.97977
2025-09-16,1.36027,0.4057,1.35326,0.51625,0.2794,6.50949,0.06232,7.97977
2025-09-17,1.36539,0.3618,1.35221,0.97012,0.52516,6.49199,0.05573,7.97977
2025-09-18,1.36297,0.3313,1.35126,0.86289,0.46718,6.4714,0.05119,7.97977
2025-09-19,1.3556,0.3544,1.3561,-0.03673,-0.0199,6.36668,0.05566,7.97977
2025-09-22,1.34647,0.3145,1.35171,-0.38822,-0.21039,6.42223,0.04897,7.97977
2025-09-23,1.3515,0.3272,1.34863,0.2121,0.11497,6.36288,0.05142,7.97977
2025-09-24,1.35245,0.301,1.34225,0.75714,0.41049,6.34367,0.04745,7.97977
2025-09-25,1.34524,0.3285,1.3435,0.12942,0.07017,6.4255,0.05112,7.97977
2025-09-26,1.33365,0.3264,1.3437,-0.75073,-0.40728,6.63364,0.0492,7.97977
2025-09-29,1.34082,0.2997,1.34587,-0.37529,-0.2036,6.72751,0.04455,7.97977
2025-09-30,1.34372,0.2963,1.34791,-0.31064,-0.16855,6.60648,0.04485,7.97977
2025-10-01,1.34434,0.3406,1.3564,-0.89349,-0.48546,6.60022,0.0516,7.48511
2025-10-02,1.34802,0.3836,1.36301,-1.1057,-0.60109,6.62418,0.05791,7.48511
2025-10-03,1.34466,0.3138,1.35517,-0.7786,-0.42363,6.62981,0.04733,7.48511
2025-10-06,1.34338,0.2946,1.3509,-0.55831,-0.30389,6.61047,0.04457,7.48511
2025-10-07,1.34849,0.3705,1.35606,-0.55949,-0.30527,6.65662,0.05566,7.48511
2025-10-08,1.3421,0.3498,1.35305,-0.81243,-0.44376,6.71858,0.05206,7.48511
2025-10-09,1.34014,0.3548,1.35596,-1.17348,-0.64238,6.60708,0.0537,7.48511
2025-10-10,1.33049,0.3847,1.35929,-2.14092,-1.17184,6.69178,0.05749,7.48511
2025-10-13,1.33362,0.37,1.35876,-1.86751,-1.02179,6.69133,0.0553,7.48511
2025-10-14,1.33326,0.346,1.35709,-1.7714,-0.97025,6.68543,0.05175,7.48511
2025-10-15,1.33216,0.2813,1.353,-1.55184,-0.85003,6.67808,0.04212,7.48511
2025-10-16,1.34045,0.3402,1.35554,-1.11935,-0.61393,6.79273,0.05008,7.48511
2025-10-17,1.34456,0.318,1.35712,-0.92982,-0.51063,6.73076,0.04725,7.48511
2025-10-20,1.34259,0.307,1.35975,-1.26997,-0.69857,6.71826,0.0457,7.48511
2025-10-21,1.34052,0.3188,1.35996,-1.44021,-0.79194,6.66418,0.04784,7.48511
2025-10-22,1.33652,0.2388,1.34869,-0.90608,-0.49843,6.61325,0.03611,7.48511
2025-10-23,1.33518,0.1987,1.33736,-0.16305,-0.08972,6.53843,0.03039,7.48511
2025-10-24,1.33275,0.2165,1.34006,-0.54753,-0.30136,6.43739,0.03363,7.48511
2025-10-27,1.33224,0.202,1.34053,-0.62044,-0.3415,6.4371,0.03138,7.48511
2025-10-28,1.3341,0.2045,1.34321,-0.6805,-0.37457,6.27534,0.03259,7.48511
2025-10-29,1.32793,0.1114,1.3338,-0.4406,-0.24272,6.30313,0.01767,7.48511
2025-10-30,1.31954,0.1207,1.33429,-1.11178,-0.6129,6.31385,0.01912,7.48511
2025-10-31,1.31591,0.1134,1.33277,-1.27327,-0.70203,6.33418,0.0179,7.48511
2025-11-03,1.31347,0.132,1.33493,-1.62059,-0.89335,6.3428,0.02081,6.19443
2025-11-04,1.31353,0.1291,1.33358,-1.51537,-0.83469,6.27435,0.02058,6.19443
2025-11-05,1.30217,0.1148,1.33603,-2.56681,-1.41287,6.3207,0.01816,6.19443
2025-11-06,1.30526,0.1578,1.33776,-2.45939,-1.35269,6.34699,0.02486,6.19443
2025-11-07,1.3141,0.1964,1.34034,-1.97745,-1.08607,6.50868,0.03018,6.19443
2025-11-10,1.31427,0.1446,1.33673,-1.69501,-0.93063,6.41406,0.02254,6.19443
2025-11-11,1.3173,0.0788,1.32905,-0.88832,-0.48814,6.30565,0.0125,6.19443
2025-11-12,1.31529,0.1362,1.33993,-1.85586,-1.02215,6.26835,0.02173,6.19443
2025-11-13,1.31278,0.1388,1.33612,-1.76193,-0.97051,6.25663,0.02218,6.19443
2025-11-14,1.31522,0.1939,1.33671,-1.62066,-0.89349,6.24304,0.03106,6.19443
2025-11-17,1.31601,0.2019,1.33487,-1.42252,-0.78514,6.24184,0.03235,6.19443
2025-11-18,1.31562,0.2173,1.33161,-1.20813,-0.66788,6.23766,0.03484,6.19443
2025-11-19,1.31475,0.2501,1.33874,-1.80787,-1.00023,6.20561,0.0403,6.19443
2025-11-20,1.30618,0.2275,1.33436,-2.13445,-1.17983,6.15573,0.03696,6.19443
2025-11-21,1.30849,0.265,1.34226,-2.54812,-1.40686,6.12513,0.04326,6.19443
2025-11-24,1.30964,0.318,1.34718,-2.82621,-1.55743,6.11308,0.05202,6.19443
2025-11-25,1.31062,0.3243,1.35252,-3.147,-1.73035,6.09995,0.05316,6.19443
2025-11-26,1.31587,0.2684,1.3481,-2.42,-1.32672,6.1623,0.04356,6.19443
2025-11-27,1.3245,0.3001,1.3502,-1.92166,-1.05181,6.31725,0.0475,6.19443
2025-11-28,1.32412,0.2657,1.34846,-1.82135,-0.99592,6.27554,0.04234,6.19443
2025-12-01,1.32398,0.1799,1.3405,-1.2405,-0.67796,5.79512,0.03104,7.58122
2025-12-02,1.32093,0.2137,1.34578,-1.86362,-1.01824,5.73716,0.03725,7.58122
2025-12-03,1.32195,0.2358,1.34734,-1.9023,-1.03892,5.74014,0.04108,7.58122
2025-12-04,1.33488,0.1573,1.33993,-0.37725,-0.20583,6.03213,0.02608,7.58122
2025-12-05,1.33218,0.1678,1.33994,-0.58086,-0.31693,5.96928,0.02811,7.58122
2025-12-08,1.33246,0.2119,1.34465,-0.91099,-0.49705,5.95485,0.03558,7.58122
2025-12-09,1.33268,0.167,1.34214,-0.70763,-0.38601,5.9501,0.02807,7.58122
2025-12-10,1.33035,0.2428,1.34885,-1.38108,-0.75327,5.91842,0.04102,7.58122
2025-12-11,1.33883,0.2105,1.34996,-0.82793,-0.45132,6.0596,0.03474,7.58122
2025-12-12,1.33905,0.1938,1.34762,-0.63829,-0.34789,6.01024,0.03224,7.58122
2025-12-15,1.33677,0.1928,1.34783,-0.824,-0.44906,5.96115,0.03234,7.58122
2025-12-16,1.33806,0.2583,1.35725,-1.42406,-0.77595,5.95946,0.04334,7.58122
2025-12-17,1.3425,0.1933,1.34837,-0.43629,-0.23762,5.90965,0.03271,7.58122
2025-12-18,1.33746,0.2564,1.35382,-1.21601,-0.66227,5.80311,0.04418,7.58122
2025-12-19,1.33854,0.2544,1.35456,-1.18972,-0.64773,5.75398,0.04421,7.58122
2025-12-22,1.3377,0.2563,1.35163,-1.03571,-0.56365,5.75208,0.04456,7.58122
2025-12-23,1.34699,0.2348,1.34914,-0.15916,-0.08662,5.82646,0.0403,7.58122
2025-12-24,1.35136,0.2639,1.35258,-0.09013,-0.04906,5.58764,0.04723,7.58122
2025-12-26,1.35089,0.2839,1.35801,-0.52495,-0.28573,5.48944,0.05172,7.58122
2025-12-29,1.34973,0.2758,1.35298,-0.24051,-0.1309,5.47703,0.05036,7.58122
2025-12-30,1.3511,0.2658,1.35204,-0.0694,-0.03777,5.47976,0.04851,7.58122
2025-12-31,1.34672,0.1981,1.3486,-0.13947,-0.07593,5.49258,0.03607,7.58122
2026-01-02,1.34736,0.2255,1.35161,-0.31462,-0.17128,5.47024,0.04122,7.67246
2026-01-05,1.3438,0.2353,1.34916,-0.39809,-0.21672,5.49314,0.04284,7.67246
2026-01-06,1.3534,0.2013,1.34938,0.2976,0.16201,5.62507,0.03579,7.67246
2026-01-07,1.35006,0.1616,1.34735,0.20051,0.10915,5.56412,0.02904,7.67246
2026-01-08,1.34593,0.1186,1.33882,0.53002,0.28853,5.59139,0.02121,7.67246
2026-01-09,1.3438,0.0759,1.33373,0.75189,0.40938,5.40303,0.01405,7.67246
2026-01-12,1.33942,0.0562,1.33015,0.69441,0.37809,5.42713,0.01036,7.67246
2026-01-13,1.34657,0.0981,1.3284,1.35845,0.7401,5.52712,0.01775,7.67246
2026-01-14,1.34268,0.0868,1.32417,1.38785,0.75701,5.5574,0.01562,7.67246
2026-01-15,1.34427,0.0772,1.33148,0.95564,0.5214,5.42343,0.01423,7.67246
2026-01-16,1.33813,0.0576,1.32919,0.67089,0.36614,5.46565,0.01054,7.67246
2026-01-19,1.34043,0.0542,1.32899,0.85674,0.46782,5.4698,0.00991,7.67246
2026-01-20,1.34183,0.0502,1.32125,1.54551,0.84411,5.46512,0.00919,7.67246
2026-01-21,1.34409,0.0695,1.32612,1.34565,0.73448,5.44059,0.01277,7.67246
2026-01-22,1.34194,0.0708,1.33105,0.81491,0.44466,5.44675,0.013,7.67246
2026-01-23,1.35013,0.116,1.32939,1.54827,0.84492,5.56273,0.02085,7.67246
2026-01-26,1.36625,0.138,1.33173,2.5588,1.39556,6.03022,0.02288,7.67246
2026-01-27,1.36775,0.1688,1.32915,2.86258,1.55839,6.02849,0.028,7.67246
2026-01-28,1.38244,0.1581,1.32656,4.12594,2.24102,6.28222,0.02517,7.67246
2026-01-29,1.38253,0.1466,1.31985,4.63965,2.50756,6.12154,0.02395,7.67246
2026-01-30,1.38064,0.1704,1.32113,4.40587,2.36644,6.0956,0.02795,7.67246
2026-02-02,1.36791,0.1199,1.32918,2.87266,1.53443,6.39745,0.01874,7.06309
2026-02-03,1.36732,0.1281,1.32511,3.13547,1.67091,6.4,0.02002,7.06309
2026-02-04,1.36975,0.1407,1.32043,3.66702,1.94877,6.11654,0.023,7.06309
2026-02-05,1.36446,0.2058,1.32614,2.84874,1.5083,6.17854,0.03331,7.06309
2026-02-06,1.35208,0.1605,1.32332,2.15018,1.13592,6.35972,0.02524,7.06309
2026-02-09,1.3609,0.1695,1.32583,2.61054,1.37784,6.4731,0.02619,7.06309
2026-02-10,1.36834,0.2015,1.32844,2.95936,1.5594,6.53821,0.03082,7.06309
2026-02-11,1.36346,0.1493,1.32334,2.98626,1.56993,6.57814,0.0227,7.06309
2026-02-12,1.3624,0.1983,1.32753,2.59299,1.3599,6.56472,0.03021,7.06309
2026-02-13,1.36203,0.2187,1.32909,2.44768,1.28146,6.56186,0.03333,7.06309
2026-02-16,1.36478,0.2086,1.32845,2.69795,1.41019,6.56837,0.03176,7.06309
2026-02-17,1.36277,0.1737,1.32689,2.66775,1.39191,6.57891,0.0264,7.06309
2026-02-18,1.35645,0.1476,1.31927,2.77928,1.44767,6.6569,0.02217,7.06309
2026-02-19,1.34958,0.1489,1.31603,2.51782,1.30906,6.60017,0.02256,7.06309
2026-02-20,1.34611,0.1366,1.31631,2.23871,1.16265,6.62389,0.02062,7.06309
2026-02-23,1.35333,0.1666,1.31728,2.69992,1.4008,6.69548,0.02488,7.06309
2026-02-24,1.34969,0.1539,1.31958,2.2562,1.16905,6.72597,0.02288,7.06309
2026-02-25,1.34975,0.163,1.32225,2.05853,1.06581,6.6879,0.02437,7.06309
2026-02-26,1.3558,0.1527,1.32084,2.61288,1.35152,6.62354,0.02305,7.06309
2026-02-27,1.34915,0.1872,1.31896,2.26288,1.16964,6.70662,0.02791,7.06309
2026-03-02,1.34066,0.1476,1.30394,2.77705,1.43375,6.83523,0.02159,6.91333
2026-03-03,1.34106,0.2847,1.30774,2.51616,1.29649,6.81633,0.04177,6.91333
2026-03-04,1.33536,0.1783,1.30178,2.54686,1.31034,6.87432,0.02594,6.91333
2026-03-05,1.33695,0.2227,1.29768,2.98177,1.53162,6.5973,0.03376,6.91333
2026-03-06,1.33574,0.3588,1.29674,2.96286,1.51876,6.58695,0.05447,6.91333
2026-03-09,1.33011,0.3828,1.29665,2.54715,1.3032,6.64187,0.05763,6.91333
2026-03-10,1.3425,0.263,1.30301,2.98527,1.52667,6.89755,0.03813,6.91333
2026-03-11,1.3419,0.3538,1.30868,2.50686,1.27931,6.88815,0.05136,6.91333
2026-03-12,1.33819,0.3494,1.29846,3.01393,1.53611,6.79464,0.05142,6.91333
2026-03-13,1.33525,0.3923,1.30309,2.43828,1.24125,6.8086,0.05762,6.91333
2026-03-16,1.32477,0.4124,1.3128,0.90718,0.46167,6.97983,0.05908,6.91333
2026-03-17,1.33143,0.3582,1.30532,1.98073,1.00889,7.05275,0.05079,6.91333
2026-03-18,1.33595,0.3419,1.29991,2.73526,1.39354,7.05425,0.04847,6.91333
2026-03-19,1.32651,0.5221,1.32196,0.34303,0.17497,7.1558,0.07296,6.91333
2026-03-20,1.34257,0.5328,1.31899,1.77228,0.9044,7.55686,0.07051,6.91333
2026-03-23,1.33316,0.5026,1.32858,0.34366,0.1754,7.68774,0.06538,6.91333
2026-03-24,1.34243,0.4195,1.31472,2.08571,1.06498,7.68816,0.05456,6.91333
2026-03-25,1.34163,0.4146,1.31846,1.7421,0.88878,7.65959,0.05413,6.91333
2026-03-26,1.33636,0.416,1.3138,1.70296,0.86816,7.69757,0.05404,6.91333
2026-03-27,1.33356,0.436,1.31216,1.61796,0.82441,7.70601,0.05658,6.91333
2026-03-30,1.32384,0.4925,1.32023,0.27315,0.13913,7.83229,0.06288,6.91333
2026-03-31,1.31728,0.519,1.32221,-0.37347,-0.19026,7.86583,0.06598,6.91333
2026-04-01,1.32433,0.3759,1.31847,0.44309,0.22573,7.94623,0.04731,6.84899
2026-04-02,1.33026,0.4147,1.31736,0.97482,0.49659,7.98723,0.05192,6.84899
2026-04-03,1.32303,0.3647,1.31192,0.84333,0.42953,7.9169,0.04607,6.84899
2026-04-06,1.31863,0.3747,1.31277,0.44592,0.22712,7.92801,0.04726,6.84899
2026-04-07,1.32342,0.507,1.32843,-0.37838,-0.19276,7.94856,0.06379,6.84899
2026-04-08,1.34018,0.2985,1.31762,1.6974,0.86503,8.3483,0.03576,6.84899
2026-04-09,1.33941,0.3834,1.32835,0.82905,0.42221,8.32344,0.04606,6.84899
2026-04-10,1.343,0.3591,1.32642,1.24228,0.63255,8.27151,0.04341,6.84899
2026-04-13,1.33944,0.4422,1.33352,0.44299,0.22548,8.26835,0.05348,6.84899
2026-04-14,1.35153,0.4136,1.33456,1.26357,0.64312,8.46033,0.04889,6.84899
2026-04-15,1.35753,0.3828,1.33117,1.96131,0.99801,8.45041,0.0453,6.84899
2026-04-16,1.35737,0.399,1.33022,2.02053,1.02723,8.44527,0.04725,6.84899
2026-04-17,1.35261,0.3622,1.33414,1.37524,0.69847,8.47582,0.04273,6.84899
2026-04-20,1.34844,0.4245,1.33687,0.86166,0.43748,8.49401,0.04998,6.84899
2026-04-21,1.35313,0.4322,1.3352,1.33349,0.67698,8.51449,0.05076,6.84899
2026-04-22,1.35097,0.4615,1.33711,1.03098,0.5232,8.43444,0.05472,6.84899
2026-04-23,1.35004,0.4451,1.33274,1.2894,0.65421,8.08333,0.05506,6.84899
2026-04-24,1.34664,0.4989,1.34043,0.46243,0.23474,8.09233,0.06165,6.84899
2026-04-27,1.35151,0.5093,1.34042,0.82382,0.4184,7.82317,0.0651,6.84899
2026-04-28,1.35382,0.5122,1.33919,1.08654,0.55209,7.83368,0.06538,6.84899
2026-04-29,1.35245,0.5124,1.33445,1.33947,0.6808,7.8321,0.06542,6.84899
2026-04-30,1.34886,0.4736,1.33418,1.0945,0.55614,7.63475,0.06203,6.84899
2026-05-01,1.36027,0.4447,1.3347,1.89772,0.96418,7.82775,0.05681,7.12944
2026-05-04,1.35814,0.3847,1.32228,2.67638,1.35881,7.82399,0.04917,7.12944
2026-05-05,1.35314,0.4838,1.33999,0.97679,0.49521,7.82055,0.06186,7.12944
2026-05-06,1.35687,0.4437,1.34086,1.18725,0.60238,7.62425,0.0582,7.12944
2026-05-07,1.35918,0.3786,1.33354,1.90451,0.96658,7.51914,0.05035,7.12944
2026-05-08,1.35556,0.4051,1.33655,1.41252,0.71634,7.45375,0.05435,7.12944
2026-05-11,1.35947,0.4428,1.33899,1.51791,0.76958,7.44484,0.05948,7.12944
2026-05-12,1.36047,0.4775,1.34206,1.36279,0.69058,7.44496,0.06414,7.12944
2026-05-13,1.3537,0.4457,1.33963,1.04485,0.52927,7.51085,0.05934,7.12944
2026-05-14,1.35263,0.3827,1.33176,1.55507,0.78751,7.4997,0.05103,7.12944
2026-05-15,1.33914,0.3921,1.33019,0.67032,0.33926,7.75227,0.05058,7.12944
2026-05-18,1.33085,0.3596,1.32465,0.46701,0.2364,7.79413,0.04614,7.12944
2026-05-19,1.3432,0.2951,1.3163,2.02303,1.02407,7.96184,0.03706,7.12944
2026-05-20,1.3396,0.2693,1.31763,1.65354,0.83621,7.96325,0.03382,7.12944
2026-05-21,1.3434,0.2215,1.31352,2.24904,1.13676,7.90937,0.028,7.12944
2026-05-22,1.34326,0.15,1.30364,2.99329,1.51104,7.89207,0.01901,7.12944
2026-05-25,1.34816,0.15,1.30417,3.31766,1.67123,7.92712,0.01892,7.12944
2026-05-26,1.34964,0.2019,1.31379,2.69207,1.35249,7.87783,0.02563,7.12944
2026-05-27,1.34553,0.196,1.31733,2.11867,1.06264,7.83971,0.025,7.12944
2026-05-28,1.34165,0.1817,1.31644,1.89697,0.95044,7.75805,0.02342,7.12944
2026-05-29,1.34445,0.1783,1.31758,2.01869,1.01099,7.76893,0.02295,7.12944
2026-06-01,1.34515,0.2373,1.32327,1.6404,0.82078,7.72017,0.03074,6.94
2026-06-02,1.346,0.2192,1.32053,1.91014,0.95516,7.71782,0.0284,6.94
2026-06-03,1.34542,0.2342,1.32139,1.80218,0.90044,7.71585,0.03035,6.94
2026-06-04,1.34271,0.2498,1.32616,1.24087,0.61954,7.6779,0.03253,6.94
2026-06-05,1.3427,0.1409,1.30732,2.67022,1.33269,7.45063,0.01891,6.94
2026-06-08,1.33356,0.1771,1.31378,1.49499,0.74483,7.57451,0.02338,6.94
2026-06-09,1.33333,0.1773,1.31494,1.38902,0.69173,7.55502,0.02347,6.94
2026-06-10,1.33722,0.1837,1.31321,1.81152,0.90173,7.5653,0.02428,6.94
2026-06-11,1.3362,0.2538,1.32684,0.70274,0.34957,7.39496,0.03432,6.94
2026-06-12,1.34138,0.1449,1.31504,1.98334,0.98663,7.36759,0.01967,6.94
2026-06-15,1.34497,0.1275,1.31681,2.11644,1.05187,7.35608,0.01733,6.94
2026-06-16,1.3416,0.1561,1.3237,1.34284,0.66683,7.22969,0.02159,6.94
2026-06-17,1.34264,0.0016,1.30009,3.22078,1.59888,6.81809,0.00023,6.94
2026-06-18,1.33012,0.0423,1.30721,1.73737,0.86044,6.93089,0.0061,6.94
2026-06-19,1.3202,0.0423,1.30721,0.98865,0.48938,6.94171,0.00609,6.94
2026-06-22,1.32079,0.037,1.30718,1.03589,0.5127,6.94284,0.00533,6.94
2026-06-23,1.32471,0.0103,1.3024,1.6986,0.84099,6.93099,0.00149,6.94
2026-06-24,1.32001,0.0578,1.31224,0.5903,0.29214,6.95388,0.00831,6.94
2026-06-25,1.31666,0.0775,1.31359,0.23307,0.11539,6.81831,0.01137,6.94
2026-06-26,1.31879,0.1279,1.32365,-0.36782,-0.1824,6.75369,0.01894,6.94
2026-06-29,1.31971,0.1024,1.31954,0.01284,0.00637,6.66842,0.01536,6.94
2026-06-30,1.3254,0.088,1.31852,0.52041,0.25848,6.66369,0.01321,6.94
2026-07-01,1.32507,0.0283,1.311,1.06693,0.53014,6.57314,0.00431,7.97103
2026-07-02,1.32793,0.0318,1.31163,1.23558,0.614,6.55099,0.00485,7.97103
2026-07-03,1.33387,0.0481,1.31394,1.5054,0.74832,6.57144,0.00732,7.97103
2026-07-06,1.33531,0.0699,1.3174,1.35054,0.67104,6.06834,0.01152,7.97103
2026-07-07,1.33979,0.0508,1.31237,2.06778,1.02724,6.10538,0.00832,7.97103
2026-07-08,1.33489,0.1653,1.32517,0.73115,0.36291,6.12413,0.02699,7.97103
2026-07-09,1.33962,0.1375,1.32338,1.22005,0.60558,6.14414,0.02238,7.97103
2026-07-10,1.34156,0.0868,1.31698,1.849,0.91758,5.87512,0.01477,7.97103
2026-07-13,1.33869,0.1138,1.31356,1.89522,0.94068,5.81514,0.01957,7.97103
2026-07-14,1.33479,0.159,1.31958,1.14597,0.56849,5.83995,0.02723,7.97103
2026-07-15,1.33971,0.2079,1.32719,0.9387,0.46563,5.85456,0.03551,7.97103
2026-07-16,1.35413,0.2167,1.32824,1.93031,0.95779,6.21232,0.03488,7.97103
2026-07-17,1.34789,0.1987,1.32163,1.9678,0.97586,6.24272,0.03183,7.97103
2026-07-20,1.34463,0.2157,1.32354,1.58094,0.78344,6.25318,0.03449,7.97103
2026-07-21,1.34317,0.1753,1.31775,1.91014,0.94641,6.25528,0.02802,7.97103
2026-07-22,1.33792,0.1652,1.31487,1.7378,0.86077,6.28351,0.02629,7.97103
2026-07-23,1.33752,0.1805,1.31189,1.93548,0.95804,6.23805,0.02894,7.97103
2026-07-24,1.33127,0.1378,1.30849,1.72601,0.85367,6.2908,0.02191,7.97103
2026-07-27,1.33513,0.1199,1.31133,1.79878,0.8892,6.32039,0.01897,7.97103
2026-07-28,1.32899,0.132,1.31631,0.95899,0.47378,6.36309,0.02074,7.97103
2026-07-29,1.32873,0.1908,1.31887,0.74473,0.3679,6.11515,0.0312,7.97103
2026-07-30,1.33673,0.1435,1.31567,1.5883,0.78472,6.24129,0.02299,7.97103
2026-07-31,1.34609,0.1069,1.31076,2.65976,1.3133,6.36608,0.01679,7.97103
2026-08-03,1.34916,0.0656,1.30932,2.99748,1.47761,6.35822,0.01032,7.92279
2026-08-04,1.3427,0.0917,1.3156,2.03926,1.00318,6.41656,0.01429,7.92279
2026-08-05,1.3451,0.0571,1.31132,2.54358,1.25004,6.40868,0.00891,7.92279
2026-08-06,1.34696,0.0304,1.30626,3.06871,1.50577,6.3872,0.00476,7.92279
2026-08-07,1.34553,0.0856,1.31382,2.38541,1.1679,6.38724,0.0134,7.92279
2026-08-10,1.34907,0.0879,1.31122,2.84608,1.39156,6.33535,0.01387,7.92279
2026-08-11,1.35113,0.0788,1.3097,3.11411,1.51986,6.34136,0.01243,7.92279
2026-08-12,1.35099,0.1015,1.31389,2.78397,1.3557,6.00648,0.0169,7.92279
2026-08-13,1.34978,0.1486,1.32183,2.09253,1.01741,5.8707,0.02531,7.92279
2026-08-14,1.34907,0.1637,1.32375,1.89499,0.92064,5.57886,0.02934,7.92279
2026-08-17,1.35466,0.175,1.32318,2.35175,1.1417,5.60877,0.0312,7.92279
2026-08-18,1.35503,0.203,1.3266,2.12035,1.02818,5.58286,0.03636,7.92279
2026-08-19,1.35367,0.2045,1.32773,1.93531,0.93813,5.58732,0.0366,7.92279
2026-08-20,1.35999,0.171,1.32084,2.92085,1.41536,5.61669,0.03044,7.92279
2026-08-21,1.36435,0.1262,1.31552,3.64453,1.76291,5.64699,0.02235,7.92279
2026-08-24,1.36536,0.1591,1.3209,3.31017,1.59641,5.60994,0.02836,7.92279
2026-08-25,1.36383,0.1631,1.32411,2.95544,1.42183,5.58102,0.02922,7.92279
2026-08-26,1.3647,0.159,1.32445,2.99399,1.4375,5.56933,0.02855,7.92279
2026-08-27,1.35969,0.1656,1.32559,2.54016,1.21723,5.62368,0.02945,7.92279
2026-08-28,1.35971,0.1135,1.31884,3.05196,1.46046,5.62298,0.02019,7.92279
2026-08-31,1.35404,0.1035,1.31652,2.8098,1.34179,5.68861,0.01819,7.92279
2026-09-01,1.35501,0.1116,1.31414,3.06328,1.46024,5.67351,0.01967,7.92279
2026-09-02,1.35153,0.1575,1.32194,2.21384,1.05309,5.69942,0.02763,7.92279
2026-09-03,1.34836,0.0885,1.31384,2.59402,1.23261,5.54638,0.01596,7.92279
2026-09-04,1.35318,0.0682,1.31075,3.18585,1.51157,5.5871,0.01221,7.92279
2026-09-07,1.35172,0.099,1.31435,2.80296,1.32692,5.56639,0.01779,7.92279
2026-09-08,1.35468,0.0684,1.30919,3.41568,1.61423,5.57761,0.01226,7.92279
2026-09-09,1.35446,0.125,1.31517,2.9442,1.38792,5.52841,0.02261,7.92279
2026-09-10,1.3552,0.1449,1.3142,3.07163,1.44545,5.50532,0.02632,7.92279
2026-09-11,1.35093,0.0843,1.31008,3.07065,1.44216,5.51928,0.01527,7.92279
2026-09-14,1.35258,0.1421,1.31642,2.70943,1.26991,5.52214,0.02573,7.92279
2026-09-15,1.35009,0.0988,1.30979,3.0309,1.41832,5.19192,0.01903,7.92279
2026-09-16,1.34735,-0.0533,1.28993,4.35463,2.03376,4.97215,-0.01072,7.92279
2026-09-17,1.33829,-0.0202,1.2987,3.00298,1.39687,5.16879,-0.00391,7.92279
2026-09-18,1.3358,0.0226,1.30629,2.23419,1.03727,5.15441,0.00438,7.92279
2026-09-21,1.33887,-0.0562,1.29707,3.17159,1.471,5.11688,-0.01098,7.92279
2026-09-22,1.33709,-0.0502,1.29985,2.82431,1.30721,5.09587,-0.00985,7.92279
2026-09-23,1.33431,-0.1115,1.28971,3.40009,1.57119,5.10897,-0.02182,7.92279
2026-09-24,1.32415,-0.1056,1.28958,2.64538,1.21951,5.34201,-0.01977,7.92279
2026-09-25,1.32107,-0.0638,1.29744,1.80487,0.83082,5.29214,-0.01206,7.92279
2026-09-28,1.32293,-0.0904,1.29218,2.35131,1.08165,5.29992,-0.01706,7.92279
2026-09-29,1.32543,-0.1243,1.28884,2.79988,1.28681,5.29569,-0.02347,7.92279
2026-09-30,1.32328,-0.1676,1.28316,3.07839,1.41257,5.22537,-0.03207,7.92279
2026-10-01,1.32644,-0.0968,1.29298,2.55438,1.1699,5.24412,-0.01846,7.92279
2026-10-02,1.31996,-0.1468,1.28885,2.38524,1.09096,5.28245,-0.02779,7.92279
2026-10-05,1.32429,-0.1468,1.28924,2.68267,1.22578,5.28189,-0.02779,7.92279
2026-10-06,1.32209,-0.1468,1.28976,2.47552,1.12947,5.23755,-0.02803,7.92279
