date,spot,diff,lvix,lbrent,fair,gap_pct,z,vol_3m,carry_to_vol,reer_dev
2007-07-30,1.8836,-6.54,3.03831,4.32731,,,,,,24.01648
2007-07-31,1.8655,-6.54,3.15785,4.34445,,,,,,24.01648
2007-08-01,1.8779,-6.61,3.16421,4.32214,,,,,,19.97023
2007-08-02,1.8659,-6.61,3.05494,4.32757,,,,,,19.97023
2007-08-03,1.875,-6.65,3.22526,4.31415,,,,,,19.97023
2007-08-06,1.8959,-6.62,3.13288,4.26507,,,,,,19.97023
2007-08-07,1.9033,-6.56,3.07084,4.27388,,,,,,19.97023
2007-08-08,1.8823,-6.55,3.06572,4.26254,,,,,,19.97023
2007-08-09,1.9114,-6.69,3.27639,4.25149,,,,,,19.97023
2007-08-10,1.938,-6.93,3.34286,4.25405,,,,,,19.97023
2007-08-13,1.9347,-6.76,3.27978,4.25178,,,,,,19.97023
2007-08-14,1.9724,-6.86,3.32071,4.25575,,,,,,19.97023
2007-08-15,1.9929,-7.29,3.42328,4.27165,,,,,,19.97023
2007-08-16,2.1025,-7.71,3.42849,4.2452,,,,,,19.97023
2007-08-17,2.0285,-7.74,3.40086,4.25476,,,,,,19.97023
2007-08-20,2.033,-8.38,3.27071,4.24635,,,,,,19.97023
2007-08-21,2.0253,-7.91,3.22883,4.2296,,,,,,19.97023
2007-08-22,2.0101,-7.83,3.1307,4.22975,,,,,,19.97023
2007-08-23,1.996,-7.61,3.11883,4.24649,,,,,,19.97023
2007-08-24,1.9719,-7.26,3.0311,4.25731,,,,,,19.97023
2007-08-27,1.952,-6.87,3.12325,4.26198,,,,,,19.97023
2007-08-28,1.9834,-7.1,3.26957,4.25632,,,,,,19.97023
2007-08-29,1.9711,-7.52,3.17011,4.27847,,,,,,19.97023
2007-08-30,1.9631,-7.66,3.22127,4.27528,,,,,,19.97023
2007-08-31,1.9632,-7.49,3.15188,4.2862,,,,,,19.97023
2007-09-03,1.9511,-7.49,3.15188,4.2862,,,,,,22.52817
2007-09-04,1.9435,-7.03,3.12588,4.30298,,,,,,22.52817
2007-09-05,1.9654,-7.14,3.20193,4.30865,,,,,,22.52817
2007-09-06,1.9468,-6.96,3.17764,4.31442,,,,,,22.52817
2007-09-07,1.9585,-7.18,3.2669,4.31842,,,,,,22.52817
2007-09-11,1.9245,-7.14,3.22962,4.33572,,,,,,22.52817
2007-09-12,1.904,-7.22,3.21727,4.3526,,,,,,22.52817
2007-09-13,1.8955,-7.17,3.20923,4.34536,,,,,,22.52817
2007-09-14,1.89,-7.24,3.21567,4.33362,,,,,,22.52817
2007-09-17,1.9085,-7.1,3.27639,4.34355,,,,,,22.52817
2007-09-18,1.8975,-7.24,3.01308,4.35144,,,,,,22.52817
2007-09-19,1.8665,-7.32,2.99723,4.36272,,,,,,22.52817
2007-09-20,1.8528,-7.46,3.01798,4.37059,,,,,,22.52817
2007-09-21,1.857,-7.51,2.94444,4.37324,,,,,,22.52817
2007-09-24,1.8643,-7.41,2.96373,4.36831,,,,,,22.52817
2007-09-25,1.8621,-7.46,2.92316,4.35183,,,,,,22.52817
2007-09-26,1.8495,-7.52,2.8696,4.34937,,,,,,22.52817
2007-09-27,1.8365,-7.54,2.83321,4.3824,,,,,,22.52817
2007-09-28,1.834,-7.43,2.89037,4.3716,,,,,,22.52817
2007-10-01,1.816,-7.33,2.88144,4.35208,,,,,,27.80966
2007-10-02,1.819,-7.29,2.91723,4.34873,,,,,,27.80966
2007-10-03,1.819,-7.29,2.93386,4.34873,,,,,,27.80966
2007-10-04,1.8251,-7.29,2.91452,4.36907,,,,,,27.80966
2007-10-05,1.805,-7.25,2.82791,4.36818,,,,,,27.80966
2007-10-08,1.8125,-7.25,2.85991,4.33834,,,,,,27.80966
2007-10-09,1.7975,-7.19,2.78006,4.35015,,,,,,27.80966
2007-10-10,1.7984,-7.19,2.81361,4.36437,,,,,,27.80966
2007-10-11,1.787,-7.13,2.9381,4.3839,,,,,,27.80966
2007-10-12,1.7993,-7.05,2.87526,4.38888,,,,,,27.80966
2007-10-15,1.8051,-6.95,2.95751,4.41582,,,,,,27.80966
2007-10-16,1.8194,-7.0,2.99673,4.42545,,,,,,27.80966
2007-10-17,1.8045,-7.24,2.91993,4.42041,,,,,,27.80966
2007-10-18,1.8005,-7.49,2.91777,4.43793,,,,,,27.80966
2007-10-19,1.7905,-7.39,3.13375,4.42831,,,,,,27.80966
2007-10-22,1.8165,-7.25,3.07454,4.42209,,,,,,27.80966
2007-10-23,1.7935,-7.27,3.01602,4.41703,,,,,,27.80966
2007-10-24,1.799,-7.4,3.03495,4.43521,,,,,,27.80966
2007-10-25,1.788,-7.31,3.05259,4.47141,,,,,,27.80966
2007-10-26,1.7721,-7.29,2.97349,4.48515,,,,18.65072,-0.39087,27.80966
2007-10-29,1.7495,-7.24,2.98921,4.50336,,,,18.72162,-0.38672,27.80966
2007-10-30,1.747,-7.29,3.04785,4.47095,,,,18.65715,-0.39073,27.80966
2007-10-31,1.7362,-7.31,2.91939,4.50679,,,,18.65479,-0.39186,27.80966
2007-11-01,1.7395,-7.44,3.14458,4.49669,,,,18.62537,-0.39946,28.8256
2007-11-02,1.7475,-7.64,3.13593,4.52266,,,,18.49621,-0.41306,28.8256
2007-11-05,1.752,-7.54,3.19089,4.50524,,,,18.483,-0.40794,28.8256
2007-11-06,1.7268,-7.49,3.06292,4.53539,,,,18.56824,-0.40338,28.8256
2007-11-07,1.7269,-7.76,3.27677,4.53518,,,,18.25821,-0.42501,28.8256
2007-11-08,1.7338,-7.87,3.26423,4.53034,,,,18.02484,-0.43662,28.8256
2007-11-09,1.7473,-7.98,3.3499,4.53453,,,,18.12521,-0.44027,28.8256
2007-11-12,1.7735,-7.98,3.43689,4.52157,,,,17.93866,-0.44485,28.8256
2007-11-13,1.7665,-7.75,3.18221,4.48672,,,,17.77621,-0.43598,28.8256
2007-11-14,1.7311,-7.84,3.25579,4.51481,,,,14.1832,-0.55277,28.8256
2007-11-15,1.7418,-7.95,3.33435,4.50236,,,,12.64592,-0.62866,28.8256
2007-11-16,1.7415,-7.85,3.23829,4.51765,,,,12.61934,-0.62206,28.8256
2007-11-19,1.7562,-7.85,3.25848,4.52483,,,,12.80135,-0.61322,28.8256
2007-11-20,1.757,-8.0,3.21406,4.55902,,,,12.76733,-0.6266,28.8256
2007-11-21,1.7816,-8.16,3.28989,4.55219,,,,13.12258,-0.62183,28.8256
2007-11-22,1.7685,-8.16,3.28989,4.55219,,,,13.00394,-0.6275,28.8256
2007-11-23,1.7975,-8.02,3.24298,4.56185,,,,13.37659,-0.59955,28.8256
2007-11-27,1.8354,-8.09,3.26881,4.52742,,,,13.66693,-0.59194,28.8256
2007-11-28,1.792,-8.2,3.18263,4.4977,,,,14.37057,-0.57061,28.8256
2007-11-29,1.7695,-8.26,3.1768,4.50225,,,,14.53373,-0.56833,28.8256
2007-11-30,1.7759,-8.1,3.12983,4.48029,,,,14.56804,-0.55601,28.8256
2007-12-03,1.7805,-8.19,3.16167,4.49759,,,,14.56129,-0.56245,28.34588
2007-12-04,1.816,-8.18,3.16927,4.49457,,,,15.15534,-0.53974,28.34588
2007-12-05,1.788,-8.18,3.11485,4.48289,,,,15.21814,-0.53752,28.34588
2007-12-06,1.7845,-8.16,3.04262,4.50181,,,,15.13134,-0.53928,28.34588
2007-12-07,1.7597,-8.13,3.03735,4.48458,,,,15.2629,-0.53266,28.34588
2007-12-10,1.7585,-8.2,3.03206,4.47779,,,,14.9215,-0.54954,28.34588
2007-12-11,1.7565,-8.31,3.16082,4.4997,,,,14.80193,-0.56141,28.34588
2007-12-12,1.7557,-8.37,3.11218,4.54351,,,,14.7885,-0.56598,28.34588
2007-12-13,1.7732,-8.38,3.11618,4.52309,,,,14.95047,-0.56052,28.34588
2007-12-14,1.794,-8.37,3.14716,4.51841,,,,15.01144,-0.55757,28.34588
2007-12-17,1.8134,-8.18,3.19949,4.51404,,,,15.16018,-0.53957,28.34588
2007-12-19,1.7986,-8.34,3.07639,4.51612,,,,14.89874,-0.55978,28.34588
2007-12-20,1.7981,-8.33,3.02432,4.50954,,,,14.83496,-0.56151,28.34588
2007-12-21,1.7893,-8.25,2.91615,4.52678,,,,14.85044,-0.55554,28.34588
2007-12-24,1.7893,-7.92,2.92316,4.52937,,,,14.82269,-0.53432,28.34588
2007-12-25,1.7893,-7.92,2.92316,4.52937,,,,14.82286,-0.53431,28.34588
2007-12-27,1.7635,-8.08,3.00865,4.55156,,,,15.03266,-0.5375,28.34588
2007-12-28,1.7673,-8.07,3.03206,4.54202,,,,14.98859,-0.53841,28.34588
2007-12-31,1.7673,-7.89,3.11352,4.5417,,,,14.98828,-0.52641,28.34588
2008-01-01,1.7673,-7.89,3.11352,4.5417,,,,14.86954,-0.53061,28.80307
2008-01-02,1.7645,-7.99,3.14286,4.58333,,,,14.86521,-0.5375,28.80307
2008-01-03,1.748,-8.01,3.11307,4.58088,,,,14.97119,-0.53503,28.80307
2008-01-04,1.7572,-8.05,3.17555,4.57254,,,,14.99654,-0.53679,28.80307
2008-01-07,1.764,-7.98,3.16927,4.54744,,,,14.86959,-0.53667,28.80307
2008-01-08,1.752,-8.0,3.23593,4.55955,,,,14.8962,-0.53705,28.80307
2008-01-09,1.7687,-8.03,3.18304,4.54722,,,,14.944,-0.53734,28.80307
2008-01-10,1.7602,-8.01,3.15487,4.52418,,,,14.97087,-0.53504,28.80307
2008-01-11,1.7456,-8.16,3.16463,4.51163,,,,15.0082,-0.5437,28.80307
2008-01-14,1.7275,-8.06,3.13114,4.53174,,,,15.06764,-0.53492,28.80307
2008-01-15,1.7467,-8.08,3.15017,4.51064,,,,15.22993,-0.53053,28.80307
2008-01-16,1.7674,-8.11,3.19376,4.49424,,,,15.33677,-0.52879,28.80307
2008-01-17,1.7725,-8.18,3.3485,4.48582,,,,15.26897,-0.53573,28.80307
2008-01-18,1.7917,-8.39,3.30248,4.49122,,,,15.4224,-0.54401,28.80307
2008-01-21,1.8262,-8.39,3.30248,4.49122,,,,15.84735,-0.52943,28.80307
2008-01-22,1.7971,-8.9,3.43431,4.48244,,,,15.91714,-0.55915,28.80307
2008-01-23,1.8058,-9.04,3.36799,4.46153,,,,15.74001,-0.57433,28.80307
2008-01-24,1.7815,-8.88,3.32432,4.48942,,,,15.96232,-0.55631,28.80307
2008-01-25,1.7803,-8.95,3.37005,4.50976,,,,15.9165,-0.56231,28.80307
2008-01-28,1.7785,-8.91,3.32432,4.51503,,,,15.81572,-0.56336,28.80307
2008-01-29,1.7701,-8.97,3.30762,4.52179,,,,15.62921,-0.57393,28.80307
2008-01-30,1.7749,-9.04,3.31854,4.52753,,,,15.63373,-0.57824,28.80307
2008-01-31,1.7525,-9.29,3.26576,4.52407,,,,15.79596,-0.58812,28.80307
2008-02-01,1.7525,-9.15,3.17889,4.49357,,,,15.79198,-0.57941,31.37437
2008-02-04,1.7425,-8.98,3.25771,4.50424,,,,15.80798,-0.56807,31.37437
2008-02-05,1.7575,-9.06,3.34074,4.48661,,,,15.89367,-0.57004,31.37437
2008-02-06,1.75,-9.15,3.36626,4.47483,,,,15.64327,-0.58492,31.37437
2008-02-07,1.7585,-9.08,3.31999,4.48312,,,,15.67063,-0.57943,31.37437
2008-02-08,1.7594,-9.02,3.33256,4.52114,,,,15.65269,-0.57626,31.37437
2008-02-11,1.7589,-8.94,3.31782,4.53828,,,,15.57803,-0.57388,31.37437
2008-02-12,1.7405,-8.94,3.27071,4.53109,,,,15.42619,-0.57953,31.37437
2008-02-13,1.7438,-8.97,3.21406,4.53603,,,,15.41419,-0.58193,31.37437
2008-02-14,1.7445,-8.94,3.24025,4.55556,,,,14.86666,-0.60135,31.37437
2008-02-15,1.7475,-9.04,3.21968,4.54997,,,,14.81977,-0.61,31.37437
2008-02-18,1.7325,-9.04,3.21968,4.54997,,,,14.92095,-0.60586,31.37437
2008-02-19,1.7293,-8.97,3.2422,4.59067,,,,14.82449,-0.60508,31.37437
2008-02-20,1.731,-9.0,3.19458,4.58924,,,,14.82588,-0.60705,31.37437
2008-02-21,1.7052,-9.05,3.22366,4.56685,,,,14.83303,-0.61012,31.37437
2008-02-22,1.705,-9.05,3.18055,4.57481,,,,14.77099,-0.61269,31.37437
2008-02-25,1.7005,-9.05,3.1368,4.5818,,,,14.37326,-0.62964,31.37437
2008-02-26,1.6845,-9.11,3.08649,4.59986,,,,13.77548,-0.66132,31.37437
2008-02-27,1.6635,-9.27,3.12192,4.58772,,,,13.19325,-0.70263,31.37437
2008-02-28,1.6763,-9.35,3.15828,4.61413,,,,13.1013,-0.71367,31.37437
2008-02-29,1.6785,-9.4,3.27865,4.60617,,,,13.07747,-0.71879,31.37437
2008-03-03,1.674,-9.55,3.26881,4.60996,,,,13.06291,-0.73108,30.89163
2008-03-04,1.6768,-9.59,3.23946,4.58006,,,,12.37994,-0.77464,30.89163
2008-03-05,1.667,-9.72,3.20275,4.62144,,,,12.07399,-0.80504,30.89163
2008-03-06,1.6629,-9.86,3.316,4.63094,,,,12.07584,-0.81651,30.89163
2008-03-07,1.6875,-9.8,3.31382,4.62869,,,,12.19473,-0.80363,30.89163
2008-03-10,1.6984,-9.9,3.38031,4.64593,,,,12.2772,-0.80637,30.89163
2008-03-11,1.7013,-9.77,3.27185,4.65634,,,,12.28486,-0.79529,30.89163
2008-03-12,1.6822,-9.77,3.30395,4.66598,,,,12.4727,-0.78331,30.89163
2008-03-13,1.7005,-9.9,3.30652,4.67786,,,,12.5051,-0.79168,30.89163
2008-03-14,1.7074,-10.07,3.43914,4.66532,,,,12.29096,-0.8193,30.89163
2008-03-17,1.7228,-10.14,3.47321,4.62252,,,,12.22813,-0.82924,30.89163
2008-03-18,1.6952,-10.33,3.24999,4.65928,,,,12.52325,-0.82487,30.89163
2008-03-19,1.6996,-10.64,3.39585,4.61234,,,,12.54256,-0.84831,30.89163
2008-03-20,1.7379,-10.62,3.28166,4.60896,,,,13.34247,-0.79595,30.89163
2008-03-21,1.7379,-10.62,3.28166,4.60896,,,,13.34247,-0.79595,30.89163
2008-03-24,1.7379,-10.01,3.24766,4.60377,,,,13.34247,-0.75024,30.89163
2008-03-25,1.736,-9.96,3.24727,4.61115,,,,13.03399,-0.76416,30.89163
2008-03-26,1.7322,-9.96,3.26117,4.64429,,,,13.03041,-0.76437,30.89163
2008-03-27,1.7268,-9.95,3.25347,4.65396,,,,13.04227,-0.7629,30.89163
2008-03-28,1.7377,-9.92,3.24688,4.64218,,,,13.11002,-0.75667,30.89163
2008-03-31,1.7395,-9.87,3.24298,4.60817,,,,13.1098,-0.75287,30.89163
2008-04-02,1.7228,-9.84,3.15402,4.64198,,,,13.11705,-0.75017,31.56956
2008-04-03,1.7193,-9.85,3.14458,4.63006,,,,13.07419,-0.75339,31.56956
2008-04-04,1.7045,-9.9,3.11129,4.65301,,,,13.14965,-0.75287,31.56956
2008-04-07,1.6948,-9.8,3.10995,4.67414,,,,13.12981,-0.74639,31.56956
2008-04-08,1.6945,-9.84,3.10727,4.66664,,,,12.97154,-0.75858,31.56956
2008-04-09,1.6876,-9.94,3.1272,4.68647,,,,12.96282,-0.76681,31.56956
2008-04-10,1.6754,-9.98,3.09013,4.68398,,,,12.93879,-0.77132,31.56956
2008-04-11,1.6813,-10.06,3.1553,4.68905,,,,12.81061,-0.78529,31.56956
2008-04-14,1.68,-10.17,3.17053,4.69902,,,,12.59629,-0.80738,31.56956
2008-04-15,1.6816,-10.15,3.12588,4.71474,,,,12.34675,-0.82208,31.56956
2008-04-16,1.668,-10.13,3.02189,4.72437,,,,12.40969,-0.8163,31.56956
2008-04-17,1.6593,-10.52,3.01406,4.72233,,,,12.20549,-0.86191,31.56956
2008-04-18,1.6605,-10.4,3.00221,4.7355,,,,11.49676,-0.9046,31.56956
2008-04-21,1.666,-10.41,3.02042,4.73996,,,,11.14755,-0.93384,31.56956
2008-04-22,1.6525,-10.48,3.03831,4.75316,,,,11.16399,-0.93873,31.56956
2008-04-23,1.6568,-10.49,3.00865,4.75755,,,,10.91462,-0.9611,31.56956
2008-04-24,1.6675,-10.49,2.99873,4.73918,,,,11.01944,-0.95195,31.56956
2008-04-25,1.6666,-10.41,2.97502,4.75652,,,,11.01989,-0.94466,31.56956
2008-04-28,1.6743,-10.32,2.97757,4.75995,,,,11.05069,-0.93388,31.56956
2008-04-29,1.703,-10.29,3.00766,4.73119,,,,11.59548,-0.88741,31.56956
2008-04-30,1.6582,-10.32,3.03447,4.71277,,,,12.48656,-0.82649,31.56956
2008-05-02,1.6425,-10.25,2.90032,4.7411,,,,12.60378,-0.81325,35.23805
2008-05-05,1.6574,-10.22,2.93916,4.7706,,,,12.72527,-0.80313,35.23805
2008-05-06,1.6584,-10.12,2.90197,4.79007,,,,12.58592,-0.80407,35.23805
2008-05-07,1.6693,-10.08,2.98214,4.80664,,,,12.6547,-0.79654,35.23805
2008-05-08,1.6763,-10.09,2.96527,4.81088,,,,12.64352,-0.79804,35.23805
2008-05-09,1.6905,-10.06,2.96579,4.83151,,,,12.77454,-0.7875,35.23805
2008-05-12,1.6855,-9.98,2.87864,4.81145,,,,12.78278,-0.78074,35.23805
2008-05-13,1.6545,-9.92,2.88926,4.82109,,,,13.13113,-0.75546,35.23805
2008-05-14,1.6557,-9.93,2.8713,4.80287,,,,13.12344,-0.75666,35.23805
2008-05-15,1.6515,-9.92,2.79117,4.80917,,,,13.12547,-0.75578,35.23805
2008-05-16,1.6395,-9.91,2.80154,4.82823,,,,13.17689,-0.75207,35.23805
2008-05-19,1.6408,-9.93,2.8338,4.82879,,,,13.09018,-0.75858,35.23805
2008-05-20,1.6509,-9.89,2.86676,4.85078,,,,13.16297,-0.75135,35.23805
2008-05-21,1.646,-9.89,2.92262,4.88809,,,,13.16575,-0.75119,35.23805
2008-05-22,1.6533,-9.89,2.89315,4.87145,,,,12.88357,-0.76764,35.23805
2008-05-23,1.65,-9.89,2.97298,4.87954,,,,12.88684,-0.76745,35.23805
2008-05-26,1.6596,-9.89,2.97298,4.87954,,,,12.94087,-0.76425,35.23805
2008-05-27,1.6675,-9.86,2.97757,4.85445,,,,12.84781,-0.76745,35.23805
2008-05-28,1.6669,-9.86,2.94812,4.87466,,,,12.59915,-0.78259,35.23805
2008-05-29,1.6431,-9.85,2.89812,4.84332,,,,12.82579,-0.76798,35.23805
2008-05-30,1.6225,-9.86,2.88088,4.85031,,,,13.05435,-0.7553,35.23805
2008-06-02,1.629,-9.9,2.9872,4.85219,,,,13.0781,-0.75699,38.53888
2008-06-03,1.6197,-9.9,3.00766,4.82495,,,,13.11336,-0.75496,38.53888
2008-06-04,1.6292,-9.91,3.03495,4.80484,,,,13.12969,-0.75478,38.53888
2008-06-05,1.6295,-10.4,2.92477,4.84843,,,,13.12317,-0.79249,38.53888
2008-06-06,1.626,-10.4,3.15955,4.925,,,,12.76779,-0.81455,38.53888
2008-06-09,1.6166,-10.36,3.1407,4.89717,,,,12.72852,-0.81392,38.53888
2008-06-10,1.6376,-10.23,3.14329,4.87535,,,,13.01153,-0.78623,38.53888
2008-06-11,1.64,-10.29,3.18304,4.90542,,,,12.83469,-0.80173,38.53888
2008-06-12,1.6322,-10.25,3.14974,4.91332,,,,12.65808,-0.80976,38.53888
2008-06-13,1.6294,-10.26,3.05494,4.90609,,,,12.62354,-0.81277,38.53888
2008-06-16,1.6224,-10.18,3.04214,4.90312,,,,12.48658,-0.81528,38.53888
2008-06-17,1.6105,-10.26,3.05069,4.89575,,,,12.17158,-0.84295,38.53888
2008-06-18,1.607,-10.32,3.10189,4.91588,,,,12.15469,-0.84905,38.53888
2008-06-19,1.599,-10.34,3.07177,4.8828,,,,11.22999,-0.92075,38.53888
2008-06-20,1.5992,-10.38,3.12983,4.90424,,,,11.23062,-0.92426,38.53888
2008-06-23,1.6121,-10.38,3.11972,4.91199,,,,11.38292,-0.91189,38.53888
2008-06-24,1.6005,-10.42,3.10995,4.91603,,,,11.44656,-0.91032,38.53888
2008-06-25,1.5965,-10.44,3.05117,4.9003,,,,11.44772,-0.91197,38.53888
2008-06-26,1.591,-10.51,3.17513,4.94043,,,,11.45004,-0.9179,38.53888
2008-06-27,1.601,-10.57,3.15444,4.94385,,,,11.44932,-0.9232,38.53888
2008-06-30,1.591,-10.35,3.17597,4.94043,,,,11.48185,-0.90142,38.53888
2008-07-02,1.5963,-10.43,3.25501,4.97162,,,,11.39671,-0.91518,40.32066
2008-07-03,1.592,-10.41,3.21004,4.98415,,,,11.39943,-0.9132,40.32066
2008-07-04,1.602,-10.41,3.21004,4.98415,,,,11.39469,-0.91358,40.32066
2008-07-07,1.5953,-10.38,3.2496,4.95491,,,,11.37317,-0.91267,40.32066
2008-07-08,1.608,-10.39,3.14199,4.91581,,,,11.51059,-0.90265,40.32066
2008-07-09,1.607,-10.43,3.22803,4.91691,,,,11.49169,-0.90761,40.32066
2008-07-10,1.6064,-10.58,3.2422,4.95604,,,,11.41617,-0.92676,40.32066
2008-07-11,1.6015,-10.63,3.31382,4.97321,,,,11.39393,-0.93295,40.32066
2008-07-14,1.5878,-10.73,3.3492,4.96926,,,,11.50075,-0.93298,40.32066
2008-07-15,1.5895,-10.86,3.35131,4.93267,,,,11.50155,-0.94422,40.32066
2008-07-16,1.5934,-10.88,3.22287,4.91126,,,,11.42566,-0.95224,40.32066
2008-07-17,1.586,-10.82,3.21928,4.87573,,,,11.41703,-0.94771,40.32066
2008-07-18,1.589,-10.77,3.18013,4.86899,,,,11.4254,-0.94264,40.32066
2008-07-21,1.5792,-10.77,3.13767,4.88741,,,,11.44786,-0.94079,40.32066
2008-07-22,1.5816,-10.7,3.05306,4.86407,,,,11.36059,-0.94185,40.32066
2008-07-23,1.5799,-10.66,3.05918,4.83063,,,,11.34103,-0.93995,40.32066
2008-07-24,1.5779,-11.35,3.15444,4.83977,,,,11.24674,-1.00918,40.32066
2008-07-25,1.5692,-11.25,3.13157,4.82447,,,,11.28486,-0.99691,40.32066
2008-07-28,1.5695,-11.27,3.18759,4.83501,,,,11.23077,-1.00349,40.32066
2008-07-29,1.5707,-11.28,3.09241,4.80982,,,,10.62491,-1.06166,40.32066
2008-07-30,1.5565,-11.3,3.05447,4.84497,,,,9.43345,-1.19786,40.32066
2008-07-31,1.5618,-11.32,3.13288,4.82012,,,,9.3128,-1.21553,40.32066
2008-08-26,1.6372,-11.29,3.01994,4.74171,,,,13.24037,-0.8527,42.1268
2008-08-27,1.6193,-11.33,2.98366,4.75548,,,,13.41397,-0.84464,42.1268
2008-08-28,1.6205,-11.26,2.96682,4.73769,,,,13.34211,-0.84394,42.1268
2008-08-29,1.6307,-11.28,3.02772,4.73664,,,,13.37825,-0.84316,42.1268
2008-09-01,1.638,-11.28,3.02772,4.73664,,,,13.29455,-0.84847,30.95371
2008-09-02,1.6523,-11.28,3.09059,4.68527,,,,13.41067,-0.84112,30.95371
2008-09-03,1.6687,-11.3,3.06479,4.68269,,,,13.0389,-0.86664,30.95371
2008-09-04,1.6928,-11.31,3.1793,4.66627,,,,13.34462,-0.84753,30.95371
2008-09-05,1.7289,-11.32,3.1381,4.64526,,,,13.95987,-0.8109,30.95371
2008-09-08,1.7358,-11.29,3.11972,4.63899,,,,13.8785,-0.81349,30.95371
2008-09-09,1.752,-11.34,3.2375,4.60856,,,,13.97936,-0.8112,30.95371
2008-09-10,1.7779,-11.35,3.19949,4.59482,,,,14.20828,-0.79883,30.95371
2008-09-11,1.813,-12.14,3.19417,4.58129,,,,14.6482,-0.82877,30.95371
2008-09-12,1.7775,-12.26,3.24493,4.58067,,,,15.24165,-0.80437,30.95371
2008-09-15,1.7989,-12.73,3.45632,4.54584,,,,15.37972,-0.82771,30.95371
2008-09-16,1.8242,-12.91,3.41115,4.49111,,,,15.56093,-0.82964,30.95371
2008-09-17,1.8783,-13.72,3.58961,4.55219,,,,16.50967,-0.83103,30.95371
2008-09-18,1.9095,-13.52,3.49953,4.55587,,,,16.75788,-0.80678,30.95371
2008-09-19,1.816,-12.76,3.46792,4.60126,,,,19.50185,-0.6543,30.95371
2008-09-22,1.793,-12.47,3.52194,4.66382,,,,19.5057,-0.6393,30.95371
2008-09-23,1.8083,-12.95,3.57571,4.63551,,,,19.54901,-0.66244,30.95371
2008-09-24,1.8383,-13.26,3.56076,4.62937,,,,19.71116,-0.67272,30.95371
2008-09-25,1.8288,-12.99,3.49104,4.65014,,,,19.74726,-0.65781,30.95371
2008-09-26,1.8476,-12.88,3.54789,4.63996,,,,19.81519,-0.65001,30.95371
2008-09-29,1.9095,-12.81,3.84417,4.54308,,,,20.73904,-0.61768,30.95371
2008-09-30,1.922,-12.83,3.67351,4.5867,,,,20.68378,-0.62029,30.95371
2008-10-01,1.9271,-12.9,3.68412,4.55734,,,,20.58047,-0.62681,13.10129
2008-10-02,1.99,-13.12,3.81242,4.50601,,,,21.40918,-0.61282,13.10129
2008-10-03,2.022,-13.24,3.80977,4.50258,,,,21.50172,-0.61576,13.10129
2008-10-06,2.1194,-13.21,3.9522,4.427,,,,23.17662,-0.56997,13.10129
2008-10-07,2.1788,-12.93,3.98304,4.43864,,,,23.57881,-0.54837,13.10129
2008-10-08,2.4,-13.07,4.05231,4.43509,,,,29.786,-0.4388,13.10129
2008-10-09,2.1485,-13.15,4.15763,4.41474,,,,37.85964,-0.34734,13.10129
2008-10-10,2.2485,-13.5,4.24778,4.30528,,,,38.67687,-0.34905,13.10129
2008-10-13,2.1262,-13.5,4.00715,4.34976,,,,40.56672,-0.33279,13.10129
2008-10-14,2.026,-13.41,4.00969,4.3112,,,,41.90941,-0.31998,13.10129
2008-10-15,2.1153,-13.53,4.23772,4.25986,,,,42.5842,-0.31772,13.10129
2008-10-16,2.1835,-13.29,4.21376,4.25986,,,,42.90701,-0.30974,13.10129
2008-10-17,2.0685,-12.92,4.2532,4.24276,,,,44.47833,-0.29048,13.10129
2008-10-20,2.1039,-12.51,3.96973,4.27708,,,,44.55032,-0.28081,13.10129
2008-10-21,2.1655,-12.65,3.97237,4.24449,,,,44.76393,-0.28259,13.10129
2008-10-22,2.368,-12.7,4.24348,4.16698,,,,47.8451,-0.26544,13.10129
2008-10-23,2.2725,-12.77,4.21656,4.18844,,,,48.74786,-0.26196,13.10129
2008-10-24,2.2768,-12.86,4.37109,4.12794,,,,48.75346,-0.26378,13.10129
2008-10-27,2.2295,-12.91,4.38278,4.11757,,,,49.0055,-0.26344,13.10129
2008-10-28,2.1603,-12.98,4.2041,4.09917,,,,49.55228,-0.26195,13.10129
2008-10-29,2.1084,-13.13,4.24792,4.18159,,,,49.88099,-0.26323,13.10129
2008-10-30,2.0675,-13.34,4.14155,4.15434,,,,50.10189,-0.26626,13.10129
2008-10-31,2.097,-13.29,4.09251,4.1793,,,,50.12165,-0.26515,13.10129
2008-11-03,2.1194,-13.26,3.98304,4.10231,,,,50.06841,-0.26484,12.72093
2008-11-04,2.0918,-13.27,3.86556,4.1963,,,,50.18901,-0.2644,12.72093
2008-11-05,2.1113,-13.35,3.9993,4.12504,,,,50.19704,-0.26595,12.72093
2008-11-06,2.1358,-13.43,4.15387,4.05057,,,,50.1819,-0.26763,12.72093
2008-11-07,2.1455,-13.44,4.02714,4.04917,,,,50.17861,-0.26784,12.72093
2008-11-10,2.1225,-13.46,4.09401,4.07889,,,,50.22773,-0.26798,12.72093
2008-11-11,2.174,-13.46,4.11806,4.02016,,,,50.37062,-0.26722,12.72093
2008-11-12,2.2305,-13.57,4.1966,3.95833,,,,50.52201,-0.2686,12.72093
2008-11-13,2.2825,-13.53,4.09151,3.95833,,,,50.62406,-0.26726,12.72093
2008-11-14,2.2265,-13.6,4.19434,3.99342,,,,50.94695,-0.26694,12.72093
2008-11-17,2.2525,-13.63,4.23628,3.95719,,,,50.94928,-0.26752,12.72093
2008-11-18,2.2485,-13.63,4.2142,3.94816,,,,50.9619,-0.26745,12.72093
2008-11-19,2.339,-13.68,4.30757,3.94584,,,,51.31336,-0.2666,12.72093
2008-11-20,2.3475,-13.72,4.39272,3.87287,,,,51.31283,-0.26738,12.72093
2008-11-21,2.405,-13.73,4.28593,3.89569,,,,50.7758,-0.2704,12.72093
2008-11-24,2.2746,-13.62,4.16976,3.98769,,,,52.15834,-0.26113,12.72093
2008-11-25,2.2535,-13.65,4.10923,3.919,,,,52.23357,-0.26133,12.72093
2008-11-26,2.258,-13.7,4.00588,3.9875,,,,52.23712,-0.26227,12.72093
2008-11-27,2.1985,-13.7,4.00588,3.9875,,,,52.62465,-0.26033,12.72093
2008-11-28,2.2567,-13.74,4.01241,3.97949,,,,52.79407,-0.26026,12.72093
2008-12-01,2.345,-13.68,4.22698,3.87058,,,,53.20842,-0.2571,6.60338
2008-12-02,2.328,-13.69,4.14282,3.81639,,,,53.23644,-0.25715,6.60338
2008-12-03,2.3455,-13.73,4.10627,3.81639,,,,53.13922,-0.25838,6.60338
2008-12-04,2.4308,-13.73,4.15324,3.74431,,,,53.49632,-0.25665,6.60338
2008-12-05,2.566,-13.73,4.09318,3.68236,,,,54.3751,-0.25251,6.60338
2008-12-08,2.511,-13.72,4.06886,3.77092,,,,54.6262,-0.25116,6.60338
2008-12-09,2.4345,-13.72,4.07601,3.72642,,,,55.02947,-0.24932,6.60338
2008-12-10,2.382,-13.72,4.02052,3.74715,,,,55.06754,-0.24915,6.60338
2008-12-11,2.2395,-13.74,4.02142,3.85841,,,,56.61806,-0.24268,6.60338
2008-12-12,2.3495,-13.73,3.99416,3.83751,,,,57.27806,-0.23971,6.60338
2008-12-15,2.3115,-13.72,4.03883,3.79773,,,,57.18738,-0.23991,6.60338
2008-12-16,2.317,-13.71,3.95833,3.79773,,,,57.12479,-0.24,6.60338
2008-12-17,2.32,-13.7,3.90882,3.81837,,,,56.09186,-0.24424,6.60338
2008-12-18,2.346,-13.7,3.85736,3.76954,,,,56.00734,-0.24461,6.60338
2008-12-19,2.3705,-13.73,3.80511,3.78419,,,,56.01443,-0.24512,6.60338
2008-12-22,2.3583,-13.74,3.79684,3.72449,,,,55.99056,-0.2454,6.60338
2008-12-23,2.3261,-13.73,3.80711,3.69784,,,,56.07353,-0.24486,6.60338
2008-12-24,2.3261,-13.73,3.78895,3.60032,,,,56.06332,-0.2449,6.60338
2008-12-25,2.3261,-13.73,3.78895,3.60032,,,,55.74988,-0.24628,6.60338
2008-12-26,2.3261,-13.72,3.77,3.64728,,,,55.74901,-0.2461,6.60338
2008-12-29,2.3493,-13.69,3.78191,3.70254,,,,55.76598,-0.24549,6.60338
2008-12-30,2.324,-13.65,3.72882,3.69262,,,,55.51998,-0.24586,6.60338
2008-12-31,2.324,-13.64,3.68888,3.81969,,,,55.45408,-0.24597,6.60338
2009-01-01,2.324,-13.64,3.68888,3.81969,,,,54.70115,-0.24935,11.85157
2009-01-02,2.313,-13.67,3.66842,3.84823,,,,54.45412,-0.25104,11.85157
2009-01-05,2.2165,-13.61,3.66561,3.90439,,,,51.54867,-0.26402,11.85157
2009-01-06,2.139,-13.61,3.65222,3.92257,,,,47.06108,-0.2892,11.85157
2009-01-07,2.1725,-13.64,3.77023,3.82559,,,,46.25677,-0.29488,11.85157
2009-01-08,2.2146,-13.66,3.75091,3.7993,,,,45.02469,-0.30339,11.85157
2009-01-09,2.2431,-13.68,3.75701,3.79369,,,,43.97203,-0.31111,11.85157
2009-01-12,2.272,-13.63,3.82516,3.7591,,,,43.22004,-0.31536,11.85157
2009-01-13,2.2483,-13.64,3.76746,3.80288,,,,42.82822,-0.31848,11.85157
2009-01-14,2.3051,-13.63,3.89467,3.80844,,,,41.63602,-0.32736,11.85157
2009-01-15,2.3226,-13.64,3.93183,3.80844,,,,41.53838,-0.32837,11.85157
2009-01-16,2.29,-13.63,3.83103,3.84096,,,,41.27956,-0.33019,11.85157
2009-01-19,2.2825,-13.63,3.83103,3.84096,,,,37.15874,-0.3668,11.85157
2009-01-20,2.3125,-13.62,4.03689,3.77552,,,,36.32496,-0.37495,11.85157
2009-01-21,2.3038,-13.64,3.83773,3.80711,,,,36.33237,-0.37542,11.85157
2009-01-22,2.3003,-12.65,3.8563,3.81529,,,,36.07882,-0.35062,11.85157
2009-01-23,2.3002,-12.64,3.85588,3.87888,,,,35.48751,-0.35618,11.85157
2009-01-26,2.2638,-12.61,3.82188,3.8493,,,,35.28381,-0.35739,11.85157
2009-01-27,2.267,-12.62,3.7436,3.77803,,,,35.0317,-0.36025,11.85157
2009-01-28,2.237,-12.56,3.68034,3.80444,,,,35.05787,-0.35826,11.85157
2009-01-29,2.24,-12.52,3.75256,3.81551,,,,35.00368,-0.35768,11.85157
2009-01-30,2.263,-12.51,3.8031,3.82603,,,,34.93564,-0.35809,11.85157
2009-02-02,2.34,-12.48,3.81815,3.78009,,,,35.49185,-0.35163,13.65829
2009-02-03,2.307,-12.43,3.76259,3.78601,,,,35.57315,-0.34942,13.65829
2009-02-04,2.2869,-12.45,3.78077,3.78759,,,,35.6221,-0.3495,13.65829
2009-02-05,2.29,-12.46,3.77803,3.83859,,,,35.54143,-0.35058,13.65829
2009-02-06,2.2593,-12.47,3.76977,3.8332,,,,35.35537,-0.3527,13.65829
2009-02-09,2.2385,-12.43,3.77597,3.82908,,,,35.03813,-0.35476,13.65829
2009-02-10,2.2635,-12.44,3.8431,3.79796,,,,34.8003,-0.35747,13.65829
2009-02-11,2.2598,-12.45,3.79616,3.79053,,,,34.43824,-0.36152,13.65829
2009-02-12,2.286,-12.46,3.71965,3.79053,,,,34.43714,-0.36182,13.65829
2009-02-13,2.256,-12.46,3.75957,3.83428,,,,34.54004,-0.36074,13.65829
2009-02-16,2.266,-12.46,3.75957,3.83428,,,,33.61368,-0.37068,13.65829
2009-02-17,2.315,-12.43,3.88486,3.74833,,,,33.88909,-0.36678,13.65829
2009-02-18,2.349,-12.44,3.88074,3.70746,,,,33.6612,-0.36956,13.65829
2009-02-19,2.3533,-12.45,3.85185,3.76769,,,,31.72564,-0.39243,13.65829
2009-02-20,2.3905,-12.48,3.89792,3.76445,,,,31.80383,-0.39241,13.65829
2009-02-23,2.379,-12.46,3.9631,3.7462,,,,31.82383,-0.39153,13.65829
2009-02-24,2.383,-12.43,3.81749,3.78055,,,,31.32818,-0.39677,13.65829
2009-02-25,2.394,-12.45,3.7993,3.81595,,,,30.92746,-0.40255,13.65829
2009-02-26,2.344,-12.48,3.79908,3.86304,,,,30.28182,-0.41213,13.65829
2009-02-27,2.369,-12.49,3.83622,3.85439,,,,30.31855,-0.41196,13.65829
2009-03-02,2.437,-12.47,3.96367,3.76491,,,,30.80161,-0.40485,14.03498
2009-03-03,2.439,-12.48,3.93045,3.79684,,,,29.96396,-0.4165,14.03498
2009-03-04,2.371,-12.49,3.86199,3.84993,,,,28.4118,-0.43961,14.03498
2009-03-05,2.378,-12.55,3.91542,3.80176,,,,28.11799,-0.44633,14.03498
2009-03-06,2.3724,-12.54,3.89853,3.82734,,,,27.44848,-0.45686,14.03498
2009-03-09,2.3652,-12.52,3.9056,3.81441,,,,27.10858,-0.46185,14.03498
2009-03-10,2.3434,-12.51,3.79256,3.80999,,,,24.13287,-0.51838,14.03498
2009-03-11,2.3368,-12.52,3.77529,3.75068,,,,22.14894,-0.56526,14.03498
2009-03-12,2.3182,-11.03,3.71795,3.83298,,,,21.96311,-0.50221,14.03498
2009-03-13,2.3065,-11.05,3.7462,3.82603,,,,21.98138,-0.5027,14.03498
2009-03-16,2.2095,-11.01,3.77826,3.83859,,,,23.5928,-0.46667,14.03498
2009-03-17,2.2759,-11.01,3.70868,3.87619,,,,24.25178,-0.45399,14.03498
2009-03-18,2.2997,-11.04,3.69038,3.86409,,,,24.25203,-0.45522,14.03498
2009-03-19,2.251,-11.05,3.77689,3.92533,,,,24.5946,-0.44929,14.03498
2009-03-20,2.264,-11.03,3.82625,3.93613,,,,24.48441,-0.45049,14.03498
2009-03-23,2.27,-11.03,3.76653,3.97912,,,,24.49202,-0.45035,14.03498
2009-03-24,2.2439,-11.04,3.75957,3.97968,,,,24.59358,-0.4489,14.03498
2009-03-25,2.2387,-11.06,3.7436,3.94642,,,,24.59577,-0.44967,14.03498
2009-03-26,2.2354,-11.1,3.69784,3.97893,,,,24.50286,-0.45301,14.03498
2009-03-27,2.2754,-11.11,3.71455,3.95086,,,,24.69241,-0.44994,14.03498
2009-03-30,2.323,-11.07,3.81859,3.87099,,,,25.04846,-0.44194,14.03498
2009-03-31,2.307,-11.04,3.78737,3.8965,,,,25.0865,-0.44008,14.03498
2009-04-01,2.2785,-11.03,3.74431,3.88033,,,,25.19101,-0.43785,17.83476
2009-04-02,2.227,-11.03,3.73862,3.96556,,,,24.1277,-0.45715,17.83476
2009-04-03,2.1993,-11.04,3.68135,3.97912,,,,23.16339,-0.47661,17.83476
2009-04-06,2.2215,-11.05,3.71186,3.95585,,,,23.04354,-0.47953,17.83476
2009-04-07,2.2259,-11.05,3.69858,3.93613,,,,22.72653,-0.48622,17.83476
2009-04-08,2.1973,-11.07,3.65971,3.94333,,,,22.72419,-0.48715,17.83476
2009-04-09,2.175,-11.07,3.59813,3.99009,,,,22.64958,-0.48875,17.83476
2009-04-10,2.1811,-11.07,3.59813,3.99009,,,,22.57182,-0.49043,17.83476
2009-04-14,2.1771,-11.08,3.62886,3.95047,,,,21.97297,-0.50426,17.83476
2009-04-15,2.194,-11.1,3.58823,3.95047,,,,21.97565,-0.5051,17.83476
2009-04-16,2.177,-11.12,3.57767,3.95047,,,,21.85654,-0.50877,17.83476
2009-04-17,2.1826,-11.11,3.52459,3.95047,,,,21.8609,-0.50821,17.83476
2009-04-20,2.2303,-11.11,3.66817,3.95047,,,,22.14527,-0.50169,17.83476
2009-04-21,2.239,-11.1,3.61469,3.95047,,,,22.15337,-0.50105,17.83476
2009-05-01,2.18,-10.09,3.56388,3.96746,,,,22.76679,-0.44319,23.8306
2009-05-04,2.1326,-10.06,3.54183,3.99967,,,,23.15464,-0.43447,23.8306
2009-05-05,2.1469,-10.06,3.50736,3.9912,,,,23.01064,-0.43719,23.8306
2009-05-06,2.1115,-10.06,3.4797,4.02803,,,,23.22069,-0.43323,23.8306
2009-05-07,2.1033,-10.07,3.50975,4.03371,,,,23.09567,-0.43601,23.8306
2009-05-08,2.073,-10.06,3.4673,4.06285,,,,23.24807,-0.43272,23.8306
2009-05-11,2.0498,-10.06,3.49256,4.05144,,,,23.21499,-0.43334,23.8306
2009-05-12,2.0595,-10.06,3.45947,4.05941,,,,22.139,-0.4544,23.8306
2009-05-13,2.1009,-10.08,3.51601,4.049,,,,22.42555,-0.44949,23.8306
2009-05-14,2.0985,-10.09,3.44585,4.049,,,,22.37693,-0.45091,23.8306
2009-05-15,2.0784,-10.08,3.50014,4.02499,,,,22.43038,-0.44939,23.8306
2009-05-18,2.0772,-10.06,3.40917,4.06851,,,,22.29888,-0.45114,23.8306
2009-05-19,2.0448,-10.07,3.36038,4.07618,,,,22.42943,-0.44896,23.8306
2009-05-20,2.0174,-10.07,3.36833,4.10413,,,,22.40982,-0.44936,23.8306
2009-05-21,2.0375,-10.06,3.44521,4.09318,,,,22.53255,-0.44647,23.8306
2009-05-22,2.0238,-10.07,3.48523,4.10726,,,,22.39437,-0.44967,23.8306
2009-05-25,2.0201,-10.07,3.48523,4.10726,,,,22.27681,-0.45204,23.8306
2009-05-26,2.0337,-10.07,3.42165,4.1148,,,,22.30725,-0.45142,23.8306
2009-05-27,2.012,-10.08,3.47692,4.13517,,,,21.87555,-0.46079,23.8306
2009-05-28,2.0042,-10.1,3.45537,4.16496,,,,21.60904,-0.4674,23.8306
2009-05-29,1.9653,-10.11,3.36453,4.18236,,,,21.85735,-0.46254,23.8306
2009-06-02,1.941,-10.11,3.38879,4.222,,,,21.60991,-0.46784,29.79091
2009-06-03,1.9452,-10.11,3.43463,4.18783,,,,21.63512,-0.4673,29.79091
2009-06-04,1.9421,-10.11,3.40718,4.22989,,,,21.61503,-0.46773,29.79091
2009-06-05,1.956,-10.05,3.38845,4.2245,,,,21.65819,-0.46403,29.79091
2009-06-08,1.9751,-10.06,3.3935,4.21774,,,,21.49958,-0.46792,29.79091
2009-06-09,1.9426,-10.06,3.3418,4.24305,,,,21.50253,-0.46785,29.79091
2009-06-10,1.9477,-10.07,3.3485,4.25986,,,,20.56905,-0.48957,29.79091
2009-06-11,1.947,-10.06,3.33613,4.27375,,,,20.5602,-0.48929,29.79091
2009-06-12,1.9205,-9.06,3.33755,4.26155,,,,20.04886,-0.4519,29.79091
2009-06-15,1.9575,-9.08,3.42784,4.24046,,,,20.5091,-0.44273,29.79091
2009-06-16,1.9675,-9.08,3.48676,4.25192,,,,20.57397,-0.44133,29.79091
2009-06-17,1.979,-9.08,3.45126,4.26056,,,,20.64906,-0.43973,29.79091
2009-06-18,1.911,-9.07,3.4022,4.26352,,,,21.59283,-0.42005,29.79091
2009-06-19,1.9511,-9.06,3.33185,4.23686,,,,22.12023,-0.40958,29.79091
2009-06-22,2.012,-9.05,3.43946,4.20439,,,,23.0901,-0.39194,29.79091
2009-06-23,1.9999,-9.05,3.42035,4.2312,,,,23.09573,-0.39185,29.79091
2009-06-24,1.962,-9.06,3.36902,4.22435,,,,21.84676,-0.41471,29.79091
2009-06-25,1.9606,-9.07,3.27185,4.24535,,,,20.89081,-0.43416,29.79091
2009-06-26,1.93,-9.05,3.2554,4.23295,,,,20.89535,-0.43311,29.79091
2009-06-29,1.9542,-9.05,3.23278,4.26254,,,,20.76594,-0.43581,29.79091
2009-06-30,1.9628,-9.06,3.27147,4.23844,,,,20.74631,-0.4367,29.79091
2009-07-01,1.928,-9.08,3.26652,4.23106,,,,20.95415,-0.43333,30.99945
2009-07-02,1.9533,-9.08,3.33042,4.19946,,,,21.10314,-0.43027,30.99945
2009-07-03,1.9507,-9.08,3.33042,4.19946,,,,21.10384,-0.43025,30.99945
2009-07-06,1.924,-9.06,3.3673,4.15966,,,,21.23015,-0.42675,30.99945
2009-07-07,1.9647,-9.06,3.42914,4.14678,,,,21.36252,-0.42411,30.99945
2009-07-08,2.0004,-9.07,3.44362,4.10149,,,,21.25088,-0.42681,30.99945
2009-07-09,1.9425,-9.06,3.39384,4.11251,,,,21.91035,-0.4135,30.99945
2009-07-10,2.013,-9.07,3.36799,4.10297,,,,23.12182,-0.39227,30.99945
2009-07-13,1.9874,-9.07,3.26995,4.10578,,,,22.83804,-0.39714,30.99945
2009-07-14,1.9664,-9.07,3.21968,4.10858,,,,22.80507,-0.39772,30.99945
2009-07-15,1.9355,-9.07,3.25386,4.14456,,,,22.84726,-0.39698,30.99945
2009-07-16,1.8891,-9.06,3.23554,4.14456,,,,23.25207,-0.38964,30.99945
2009-07-17,1.9254,-9.08,3.19212,4.18022,,,,23.55193,-0.38553,30.99945
2009-07-20,1.904,-9.06,3.19458,4.1963,,,,23.56638,-0.38445,30.99945
2009-07-21,1.9062,-9.06,3.17262,4.20275,,,,23.55473,-0.38464,30.99945
2009-07-22,1.9022,-9.06,3.15572,4.20782,,,,23.55466,-0.38464,30.99945
2009-07-23,1.8848,-8.56,3.15402,4.23772,,,,23.50939,-0.36411,30.99945
2009-07-24,1.8937,-8.57,3.1394,4.25306,,,,23.52619,-0.36427,30.99945
2009-07-27,1.8805,-8.56,3.18965,4.26,,,,23.52494,-0.36387,30.99945
2009-07-28,1.881,-8.56,3.21928,4.24678,,,,23.02237,-0.37181,30.99945
2009-07-29,1.899,-8.56,3.24298,4.19765,,,,23.1153,-0.37032,30.99945
2009-07-30,1.8766,-8.57,3.23475,4.25007,,,,22.67303,-0.37798,30.99945
2009-07-31,1.8634,-8.57,3.25501,4.27249,,,,22.3426,-0.38357,30.99945
2009-08-03,1.833,-8.56,3.24103,4.29797,,,,22.44996,-0.38129,35.6542
2009-08-04,1.8306,-8.57,3.21447,4.30784,,,,22.26673,-0.38488,35.6542
2009-08-05,1.832,-8.57,3.21487,4.32427,,,,22.27239,-0.38478,35.6542
2009-08-06,1.8284,-8.58,3.24532,4.31522,,,,22.13124,-0.38769,35.6542
2009-08-07,1.8232,-8.56,3.20923,4.29851,,,,22.05197,-0.38817,35.6542
2009-08-10,1.845,-8.56,3.21848,4.29729,,,,22.18504,-0.38585,35.6542
2009-08-11,1.851,-8.57,3.25771,4.28303,,,,21.77066,-0.39365,35.6542
2009-08-12,1.833,-8.58,3.23672,4.28895,,,,21.82503,-0.39313,35.6542
2009-08-13,1.8303,-8.58,3.20721,4.29701,1.89597,-3.52526,-1.36617,21.77234,-0.39408,35.6542
2009-08-14,1.8415,-8.57,3.18924,4.28234,1.89954,-3.1031,-1.20112,21.83118,-0.39256,35.6542
2009-08-17,1.8,-8.57,3.32827,4.25618,1.93878,-7.42712,-2.87079,22.05768,-0.38853,35.6542
2009-08-18,1.8,-8.57,3.265,4.28179,1.91307,-6.09225,-2.33581,21.93733,-0.39066,35.6542
2009-08-19,1.8604,-8.58,3.26805,4.31201,1.89779,-1.99004,-0.75902,22.90373,-0.37461,35.6542
2009-08-20,1.84,-8.58,3.22247,4.29497,1.89784,-3.0952,-1.17989,22.95992,-0.37369,35.6542
2009-08-21,1.829,-8.58,3.21928,4.30663,1.89113,-3.34026,-1.27156,22.97738,-0.37341,35.6542
2009-08-24,1.7973,-8.58,3.22446,4.30757,1.89119,-5.09224,-1.93608,23.13169,-0.37092,35.6542
2009-08-25,1.8372,-8.58,3.21567,4.27416,1.90598,-3.6753,-1.39218,23.54815,-0.36436,35.6542
2009-08-26,1.872,-8.6,3.21687,4.27179,1.90724,-1.86473,-0.70502,23.88596,-0.36004,35.6542
2009-08-27,1.8792,-8.6,3.20599,4.28372,1.89903,-1.04952,-0.39661,23.60578,-0.36432,35.6542
2009-08-28,1.8233,-8.6,3.20923,4.28758,1.89754,-3.99127,-1.50814,24.22348,-0.35503,35.6542
2009-08-31,1.874,-8.6,3.25848,4.24348,1.92852,-2.8677,-1.08194,24.87548,-0.34572,35.6542
2009-09-01,1.913,-8.61,3.37245,4.21553,1.96394,-2.62786,-0.99133,25.23253,-0.34123,35.69858
2009-09-02,1.8879,-8.61,3.36384,4.2145,1.96154,-3.82663,-1.4532,25.31877,-0.34006,35.69858
2009-09-03,1.8665,-8.6,3.29953,4.20648,1.95279,-4.51917,-1.71723,25.32254,-0.33962,35.69858
2009-09-04,1.8432,-8.61,3.22922,4.202,1.94131,-5.18589,-1.97324,25.2337,-0.34121,35.69858
2009-09-07,1.8398,-8.61,3.22922,4.202,1.94027,-5.31681,-2.02315,25.22465,-0.34133,35.69858
2009-09-08,1.8233,-8.61,3.24337,4.24017,1.92234,-5.28953,-2.0133,25.27631,-0.34064,35.69858
2009-09-09,1.836,-8.61,3.1913,4.24606,1.90887,-3.892,-1.48178,25.19307,-0.34176,35.69858
2009-09-10,1.816,-8.61,3.15913,4.24649,1.90177,-4.6151,-1.76107,24.94875,-0.34511,35.69858
2009-09-11,1.8085,-8.61,3.18428,4.21494,1.92121,-6.04592,-2.30521,24.92252,-0.34547,35.69858
2009-09-14,1.814,-8.61,3.1722,4.21124,1.91983,-5.67017,-2.15559,24.89614,-0.34584,35.69858
2009-09-15,1.8036,-8.62,3.15359,4.21124,1.91536,-6.01234,-2.28284,23.96251,-0.35973,35.69858
2009-09-16,1.7964,-8.65,3.16505,4.27207,1.88669,-4.9041,-1.85645,23.56013,-0.36715,35.69858
2009-09-17,1.8074,-8.65,3.16336,4.2704,1.88629,-4.27225,-1.61738,22.69758,-0.3811,35.69858
2009-09-18,1.8059,-8.67,3.17471,4.26718,1.88927,-4.51314,-1.70883,22.68108,-0.38226,35.69858
2009-09-21,1.7714,-8.64,3.18055,4.2296,1.90756,-7.40572,-2.80567,22.686,-0.38085,35.69858
2009-09-22,1.803,-8.64,3.13897,4.25604,1.88582,-4.49087,-1.69546,23.01193,-0.37546,35.69858
2009-09-23,1.7877,-8.64,3.15657,4.21936,1.90594,-6.40435,-2.41988,22.87332,-0.37773,35.69858
2009-09-24,1.7535,-8.65,3.21687,4.17161,1.93957,-10.08538,-3.80171,22.98371,-0.37635,35.69858
2009-09-25,1.799,-8.65,3.24298,4.17608,1.94072,-7.5829,-2.82469,23.59698,-0.36657,35.69858
2009-09-28,1.7413,-8.64,3.21406,4.18266,1.93084,-10.33235,-3.82548,24.19112,-0.35716,35.69858
2009-09-29,1.7846,-8.62,3.22645,4.1819,1.93189,-7.93052,-2.89827,24.58155,-0.35067,35.69858
2009-09-30,1.7721,-8.61,3.24298,4.23512,1.90788,-7.38297,-2.67819,24.60699,-0.3499,35.69858
2009-10-01,1.7796,-8.65,3.3418,4.23686,1.92455,-7.83025,-2.82448,24.50572,-0.35298,40.20399
2009-10-02,1.7455,-8.65,3.3562,4.22054,1.93377,-10.24308,-3.68008,24.34816,-0.35526,40.20399
2009-10-05,1.7683,-8.67,3.28989,4.2201,1.92061,-8.26248,-2.93623,24.20152,-0.35824,40.20399
2009-10-06,1.747,-8.67,3.24649,4.22771,1.90796,-8.81349,-3.11046,23.64683,-0.36665,40.20399
2009-10-07,1.7584,-8.66,3.20599,4.20767,1.90878,-8.20621,-2.87615,22.46546,-0.38548,40.20399
2009-10-08,1.738,-8.69,3.18553,4.2452,1.88629,-8.18786,-2.85454,22.44482,-0.38717,40.20399
2009-10-09,1.7377,-8.68,3.1407,4.2485,1.87515,-7.61262,-2.63994,22.38129,-0.38782,40.20399
2009-10-12,1.7397,-8.68,3.13593,4.26774,1.86398,-6.90013,-2.38247,22.21044,-0.39081,40.20399
2009-10-13,1.729,-8.68,3.13506,4.28221,1.85584,-7.07931,-2.43835,21.75311,-0.39902,40.20399
2009-10-14,1.7034,-8.68,3.12939,4.29183,1.84921,-8.21308,-2.81858,21.51499,-0.40344,40.20399
2009-10-15,1.7015,-8.68,3.07823,4.29183,1.83842,-7.73978,-2.63845,21.43345,-0.40497,40.20399
2009-10-16,1.706,-8.68,3.06479,4.34368,1.81164,-6.00806,-2.03618,21.4438,-0.40478,40.20399
2009-10-19,1.7067,-8.67,3.06759,4.35376,1.80668,-5.69269,-1.92322,21.44806,-0.40423,40.20399
2009-10-20,1.7526,-8.67,3.03975,4.34692,1.80334,-2.85426,-0.96249,22.12215,-0.39191,40.20399
2009-10-21,1.7307,-8.68,3.10099,4.37814,1.80076,-3.96831,-1.33919,22.20585,-0.39089,40.20399
2009-10-22,1.7243,-8.69,3.02965,4.37588,1.78745,-3.5967,-1.21311,22.18206,-0.39176,40.20399
2009-10-23,1.6642,-8.68,3.10324,4.36843,1.80385,-8.05815,-2.71816,23.20287,-0.37409,40.20399
2009-10-26,1.7158,-8.67,3.19089,4.34718,1.82921,-6.40024,-2.14677,23.99205,-0.36137,40.20399
2009-10-27,1.732,-8.67,3.21205,4.35568,1.82904,-5.45127,-1.82133,23.99952,-0.36126,40.20399
2009-10-28,1.7542,-8.68,3.32899,4.32889,1.8639,-6.06606,-2.02373,24.13172,-0.35969,40.20399
2009-10-29,1.733,-8.69,3.20923,4.35722,1.82638,-5.24817,-1.74725,24.03485,-0.36156,40.20399
2009-10-30,1.7024,-8.7,3.42394,4.32015,1.88572,-10.22732,-3.40351,24.27208,-0.35844,40.20399
2009-11-02,1.7608,-8.69,3.39384,4.33794,1.86984,-6.00854,-1.98163,25.25347,-0.34411,40.00979
2009-11-03,1.7405,-8.69,3.36072,4.35812,1.85326,-6.27741,-2.06731,25.34745,-0.34284,40.00979
2009-11-04,1.717,-8.7,3.32215,4.36805,1.84055,-6.94857,-2.27944,25.47385,-0.34153,40.00979
2009-11-05,1.7205,-8.71,3.23593,4.35658,1.82776,-6.04766,-1.9769,25.34793,-0.34362,40.00979
2009-11-06,1.7151,-8.69,3.18594,4.32902,1.82886,-6.42212,-2.09339,25.33552,-0.343,40.00979
2009-11-09,1.6979,-8.68,3.14199,4.35376,1.80866,-6.31915,-2.05377,25.33981,-0.34254,40.00979
2009-11-10,1.7083,-8.68,3.12851,4.35028,1.80666,-5.59825,-1.81467,25.38199,-0.34197,40.00979
2009-11-11,1.7172,-8.68,3.13723,4.35607,1.80501,-4.98701,-1.61423,25.37221,-0.34211,40.00979
2009-11-12,1.7337,-8.68,3.188,4.331,1.82495,-5.12921,-1.65782,25.07171,-0.34621,40.00979
2009-11-13,1.7234,-8.69,3.15103,4.32479,1.8199,-5.44845,-1.75675,25.09427,-0.34629,40.00979
2009-11-16,1.708,-8.68,3.1307,4.36641,1.79729,-5.09547,-1.63985,24.1915,-0.3588,40.00979
2009-11-17,1.71,-8.69,3.10951,4.36907,1.79172,-4.66818,-1.49843,24.11622,-0.36034,40.00979
2009-11-18,1.716,-8.71,3.07408,4.37538,1.78198,-3.7731,-1.20883,24.11367,-0.36121,40.00979
2009-11-19,1.73,-8.73,3.11928,4.35208,1.8005,-3.99448,-1.27808,23.94603,-0.36457,40.00979
2009-11-20,1.7327,-8.73,3.09964,4.3464,1.79853,-3.72871,-1.19155,23.50835,-0.37136,40.00979
2009-11-23,1.7265,-8.7,3.05211,4.34976,1.78693,-3.44011,-1.09783,23.16986,-0.37549,40.00979
2009-11-24,1.7284,-8.7,3.01896,4.33677,1.78543,-3.24615,-1.0347,23.15171,-0.37578,40.00979
2009-11-25,1.731,-8.7,3.01945,4.36233,1.77453,-2.48358,-0.79082,22.40093,-0.38838,40.00979
2009-11-26,1.7513,-8.7,3.01945,4.36233,1.77423,-1.30092,-0.41399,21.80674,-0.39896,40.00979
2009-11-27,1.7425,-8.72,3.20842,4.34614,1.81897,-4.29515,-1.36692,21.36955,-0.40806,40.00979
2009-11-30,1.7477,-8.69,3.19908,4.36272,1.80934,-3.466,-1.10105,21.25345,-0.40887,40.00979
2009-12-01,1.7246,-8.69,3.0874,4.37387,1.78209,-3.27943,-1.04073,21.2939,-0.4081,38.73084
2009-12-02,1.717,-8.7,3.05022,4.35517,1.78225,-3.72981,-1.18238,21.18012,-0.41076,38.73084
2009-12-03,1.704,-8.69,3.11174,4.36131,1.79149,-5.00689,-1.58517,21.2193,-0.40953,38.73084
2009-12-04,1.7212,-8.69,3.05636,4.35054,1.78427,-3.59865,-1.13701,21.277,-0.40842,38.73084
2009-12-07,1.724,-8.71,3.09558,4.33638,1.79794,-4.19952,-1.32592,21.22372,-0.41039,38.73084
2009-12-08,1.7479,-8.72,3.16505,4.32002,1.81863,-3.96658,-1.25055,21.32811,-0.40885,38.73084
2009-12-09,1.7603,-8.72,3.1206,4.28207,1.82497,-3.60769,-1.13768,21.37042,-0.40804,38.73084
2009-12-10,1.7697,-8.73,3.10548,4.27472,1.8246,-3.05489,-0.96476,21.39041,-0.40813,38.73084
2009-12-11,1.7591,-8.72,3.07223,4.275,1.81706,-3.242,-1.02385,21.39309,-0.40761,38.73084
2009-12-14,1.7445,-8.71,3.05164,4.27514,1.81217,-3.80585,-1.20111,21.44028,-0.40624,38.73084
2009-12-15,1.7506,-8.7,3.06759,4.27736,1.81364,-3.53773,-1.11559,21.41408,-0.40627,38.73084
2009-12-16,1.7443,-8.71,3.02237,4.29797,1.79555,-2.8956,-0.91264,21.42297,-0.40657,38.73084
2009-12-17,1.7903,-8.71,3.11396,4.29552,1.81447,-1.3412,-0.42326,21.72706,-0.40088,38.73084
2009-12-18,1.7865,-8.7,3.07639,4.30068,1.80414,-0.98264,-0.31041,21.43733,-0.40583,38.73084
2009-12-21,1.7795,-8.67,3.01994,4.29032,1.796,-0.92294,-0.29211,21.38398,-0.40544,38.73084
2009-12-22,1.7796,-8.67,2.97246,4.29674,1.78345,-0.21601,-0.06842,21.02338,-0.4124,38.73084
2009-12-23,1.7615,-8.68,2.98113,4.32347,1.77416,-0.71629,-0.22702,20.47954,-0.42384,38.73084
2009-12-24,1.7272,-8.7,2.96887,4.3348,1.76732,-2.2961,-0.72783,19.80349,-0.43932,38.73084
2009-12-28,1.736,-8.64,2.99223,4.34795,1.76501,-1.65753,-0.52558,19.19003,-0.45023,38.73084
2009-12-29,1.736,-8.65,2.99623,4.35208,1.76392,-1.59549,-0.50635,19.14335,-0.45185,38.73084
2009-12-30,1.739,-8.7,2.99373,4.35709,1.76194,-1.31032,-0.41646,19.12573,-0.45488,38.73084
2009-12-31,1.743,-8.69,3.07639,4.35581,1.77836,-2.00825,-0.63963,18.73862,-0.46375,38.73084
2010-01-04,1.719,-8.67,2.99773,4.38353,1.75059,-1.82083,-0.58131,18.75072,-0.46238,37.20111
2010-01-05,1.737,-8.68,2.96269,4.38937,1.74088,-0.22315,-0.07145,18.72232,-0.46362,37.20111
2010-01-06,1.7315,-8.69,2.95282,4.40538,1.73198,-0.02779,-0.00894,18.68375,-0.46511,37.20111
2010-01-07,1.7389,-8.7,2.94759,4.40073,1.73224,0.38377,0.12418,18.5591,-0.46877,37.20111
2010-01-08,1.732,-8.7,2.89757,4.39901,1.72235,0.55887,0.18187,18.57618,-0.46834,37.20111
2010-01-11,1.731,-8.71,2.86505,4.39408,1.71778,0.7664,0.25014,18.57485,-0.46891,37.20111
2010-01-12,1.7373,-8.7,2.90417,4.37324,1.7333,0.23026,0.07536,18.54767,-0.46906,37.20111
2010-01-13,1.7459,-8.69,2.882,4.36068,1.73362,0.70589,0.23148,18.319,-0.47437,37.20111
2010-01-14,1.7641,-8.7,2.8696,4.3544,1.73388,1.72816,0.56785,18.42433,-0.4722,37.20111
2010-01-15,1.7644,-8.69,2.88536,4.34523,1.74066,1.35446,0.44602,18.41969,-0.47178,37.20111
2010-01-18,1.7633,-8.69,2.88536,4.34523,1.74079,1.28473,0.42376,18.42113,-0.47174,37.20111
2010-01-19,1.7742,-8.69,2.86676,4.35195,1.73473,2.24983,0.74309,17.68743,-0.49131,37.20111
2010-01-20,1.7895,-8.7,2.92745,4.33494,1.75376,2.01729,0.66693,17.57247,-0.49509,37.20111
2010-01-21,1.8008,-8.69,3.10324,4.31187,1.79715,0.20274,0.06705,17.58832,-0.49408,37.20111
2010-01-22,1.8188,-8.69,3.30725,4.28813,1.84701,-1.53897,-0.50977,16.07291,-0.54066,37.20111
2010-01-25,1.7835,-8.69,3.23514,4.29987,1.82727,-2.42439,-0.80375,15.49772,-0.56073,37.20111
2010-01-26,1.8336,-8.68,3.20071,4.29442,1.82226,0.62052,0.20566,16.32956,-0.53155,37.20111
2010-01-27,1.8496,-8.67,3.14156,4.27999,1.81657,1.80216,0.59746,16.23012,-0.53419,37.20111
2010-01-28,1.868,-8.67,3.16674,4.27847,1.82208,2.48898,0.82528,16.11116,-0.53814,37.20111
2010-01-29,1.8729,-8.67,3.20356,4.26914,1.83321,2.14189,0.71016,15.64293,-0.55424,37.20111
2010-02-01,1.8624,-8.65,3.11751,4.29197,1.80658,3.04307,1.00852,14.2686,-0.60623,34.35182
2010-02-02,1.8304,-8.65,3.06712,4.33152,1.7806,2.75835,0.91372,14.51656,-0.59587,34.35182
2010-02-03,1.85,-8.65,3.07269,4.32968,1.78245,3.71945,1.23339,14.34838,-0.60286,34.35182
2010-02-04,1.8804,-8.66,3.26117,4.27847,1.84028,2.15689,0.71416,14.6629,-0.59061,34.35182
2010-02-05,1.8827,-8.65,3.26232,4.24262,1.85596,1.43073,0.47352,14.63376,-0.5911,34.35182
2010-02-08,1.8715,-8.63,3.27752,4.25007,1.85523,0.87306,0.2889,14.52443,-0.59417,34.35182
2010-02-09,1.843,-8.63,3.2581,4.27847,1.8392,0.2062,0.06823,14.87994,-0.57998,34.35182
2010-02-10,1.8506,-8.64,3.23475,4.28414,1.83247,0.98471,0.32588,14.86971,-0.58105,34.35182
2010-02-11,1.8515,-8.64,3.17639,4.29114,1.81844,1.80169,0.59625,14.77241,-0.58487,34.35182
2010-02-12,1.8585,-8.65,3.12369,4.28909,1.80975,2.65787,0.8794,14.71303,-0.58791,34.35182
2010-02-15,1.8514,-8.65,3.12369,4.28909,1.80998,2.26246,0.748,14.60395,-0.59231,34.35182
2010-02-16,1.8425,-8.65,3.10234,4.32651,1.79031,2.87329,0.94944,14.65481,-0.59025,34.35182
2010-02-17,1.833,-8.65,3.07823,4.33428,1.78286,2.77331,0.91561,14.70162,-0.58837,34.35182
2010-02-18,1.819,-8.65,3.02675,4.35388,1.76551,2.98451,0.98464,14.73182,-0.58716,34.35182
2010-02-19,1.8035,-8.64,2.99673,4.35914,1.75797,2.55692,0.8432,14.84901,-0.58186,34.35182
2010-02-22,1.808,-8.64,2.99273,4.3645,1.7553,2.95791,0.97484,14.82853,-0.58266,34.35182
2010-02-23,1.8196,-8.63,3.06199,4.34705,1.77522,2.46907,0.81297,14.87163,-0.5803,34.35182
2010-02-24,1.8186,-8.63,3.00914,4.35786,1.7613,3.20154,1.05349,14.87344,-0.58023,34.35182
2010-02-25,1.836,-8.62,3.00072,4.33454,1.76959,3.68403,1.21092,14.81596,-0.5818,34.35182
2010-02-26,1.806,-8.62,2.97041,4.35144,1.75745,2.72527,0.89452,15.1699,-0.56823,34.35182
2010-03-01,1.798,-8.62,2.95803,4.34238,1.75929,2.17645,0.71388,15.19451,-0.56731,38.23915
2010-03-02,1.7325,-8.61,2.94759,4.35901,1.75051,-1.03422,-0.33909,16.73788,-0.5144,38.23915
2010-03-03,1.788,-8.61,2.93545,4.37261,1.74261,2.57138,0.843,17.85303,-0.48227,38.23915
2010-03-04,1.7885,-8.61,2.92959,4.36361,1.7456,2.42807,0.79551,17.77454,-0.4844,38.23915
2010-03-05,1.778,-8.6,2.85762,4.38065,1.72609,2.96322,0.97043,17.72215,-0.48527,38.23915
2010-03-08,1.7847,-8.59,2.87864,4.38788,1.72698,3.28781,1.07585,17.73273,-0.48441,38.23915
2010-03-09,1.781,-8.59,2.88592,4.3809,1.73157,2.81463,0.91998,17.5347,-0.48989,38.23915
2010-03-10,1.768,-8.6,2.92155,4.38801,1.73534,1.86467,0.60897,17.54511,-0.49017,38.23915
2010-03-11,1.769,-8.59,2.8937,4.38552,1.73161,2.136,0.69733,17.51294,-0.49049,38.23915
2010-03-12,1.761,-8.6,2.86676,4.37437,1.73226,1.64577,0.53733,17.49487,-0.49157,38.23915
2010-03-15,1.7614,-8.58,2.89037,4.3553,1.74402,0.99163,0.32374,17.41236,-0.49275,38.23915
2010-03-16,1.7662,-8.59,2.873,4.3697,1.73543,1.75759,0.57419,17.40704,-0.49348,38.23915
2010-03-17,1.762,-8.6,2.82791,4.40623,1.71325,2.80594,0.91728,17.39805,-0.49431,38.23915
2010-03-18,1.771,-8.59,2.81061,4.40036,1.713,3.32961,1.08886,16.61921,-0.51687,38.23915
2010-03-19,1.795,-8.59,2.83145,4.38053,1.72524,3.96372,1.29577,16.83568,-0.51023,38.23915
2010-03-22,1.799,-8.6,2.82554,4.38875,1.72166,4.39444,1.43676,16.82121,-0.51126,38.23915
2010-03-23,1.7806,-8.61,2.79423,4.39074,1.71652,3.66504,1.19669,16.95067,-0.50794,38.23915
2010-03-24,1.7933,-8.61,2.86505,4.37727,1.73437,3.34105,1.08999,16.8797,-0.51008,38.23915
2010-03-25,1.799,-8.61,2.91235,4.37714,1.74276,3.17628,1.03506,16.39369,-0.5252,38.23915
2010-03-26,1.823,-8.61,2.87751,4.37311,1.73898,4.71827,1.53652,16.5641,-0.5198,38.23915
2010-03-29,1.8085,-8.6,2.86733,4.39655,1.72797,4.55521,1.48004,16.65606,-0.51633,38.23915
2010-03-30,1.7938,-8.59,2.84083,4.3979,1.72334,4.00719,1.29978,16.74722,-0.51292,38.23915
2010-03-31,1.7805,-8.59,2.86733,4.41522,1.72094,3.40215,1.10251,16.81769,-0.51077,38.23915
2010-04-01,1.7654,-8.59,2.86049,4.43094,1.71382,2.96553,0.96011,16.66745,-0.51538,40.48637
2010-04-02,1.765,-8.59,2.86049,4.43094,1.71414,2.92403,0.94759,16.54353,-0.51924,40.48637
2010-04-05,1.7605,-8.57,2.83439,4.45295,1.70089,3.44461,1.11541,16.53879,-0.51818,40.48637
2010-04-06,1.753,-8.58,2.78686,4.45609,1.69276,3.4967,1.13101,16.54294,-0.51865,40.48637
2010-04-07,1.777,-8.58,2.81061,4.44957,1.69966,4.44965,1.43742,16.73797,-0.51261,40.48637
2010-04-08,1.773,-8.58,2.80215,4.44041,1.70268,4.04718,1.30473,16.74533,-0.51238,40.48637
2010-04-09,1.771,-8.59,2.7813,4.44065,1.70015,4.08287,1.31406,16.73481,-0.5133,40.48637
2010-04-12,1.7562,-8.59,2.74599,4.43994,1.69566,3.50814,1.1272,16.79706,-0.5114,40.48637
2010-04-13,1.7135,-8.59,2.78501,4.43935,1.70245,0.64718,0.20771,17.37444,-0.4944,40.48637
2010-04-14,1.746,-8.59,2.74663,4.45609,1.68989,3.26667,1.04838,17.79593,-0.48269,40.48637
2010-04-15,1.75,-8.59,2.76569,4.46786,1.68844,3.58105,1.14816,17.80242,-0.48252,40.48637
2010-04-16,1.7562,-8.59,2.91017,4.45423,1.71615,2.30706,0.73876,17.77247,-0.48333,40.48637
2010-04-19,1.7603,-8.59,2.85302,4.43355,1.71632,2.53012,0.80978,17.69117,-0.48555,40.48637
2010-04-20,1.7525,-8.59,2.75557,4.4403,1.69927,3.08435,0.98656,17.65973,-0.48642,40.48637
2010-04-21,1.748,-8.6,2.79239,4.45085,1.70105,2.72244,0.86998,17.53779,-0.49037,40.48637
2010-04-22,1.7635,-8.59,2.80154,4.4505,1.70267,3.51044,1.12096,17.2065,-0.49923,40.48637
2010-04-23,1.7628,-8.59,2.81061,4.46878,1.69691,3.80967,1.21501,16.24676,-0.52872,40.48637
2010-04-26,1.744,-8.59,2.86049,4.46395,1.70659,2.16844,0.69058,16.25831,-0.52835,40.48637
2010-04-27,1.765,-8.59,3.1272,4.45179,1.751,0.79641,0.25353,16.31953,-0.52636,40.48637
2010-04-28,1.7581,-8.59,3.04832,4.45621,1.73752,1.17757,0.37484,16.31459,-0.52652,40.48637
2010-04-29,1.731,-9.33,2.91452,4.46476,1.73206,-0.06098,-0.01941,16.54742,-0.56383,40.48637
2010-04-30,1.7287,-9.34,3.09331,4.47095,1.75614,-1.57504,-0.50132,16.21806,-0.5759,40.48637
2010-05-03,1.731,-9.33,3.00519,4.48796,1.73554,-0.26185,-0.08332,16.05437,-0.58115,39.59114
2010-05-04,1.7493,-9.34,3.17136,4.48796,1.76038,-0.63168,-0.20101,15.84054,-0.58963,39.59114
2010-05-05,1.7798,-9.35,3.21527,4.41413,1.79921,-1.08468,-0.34515,16.25846,-0.57509,39.59114
2010-05-06,1.8341,-9.39,3.49043,4.3799,1.85805,-1.29749,-0.41282,17.36017,-0.54089,39.59114
2010-05-07,1.8495,-9.37,3.71235,4.36016,1.90162,-2.779,-0.88407,17.17267,-0.54563,39.59114
2010-05-10,1.7749,-9.34,3.36176,4.38353,1.83432,-3.29306,-1.04697,19.02607,-0.49091,39.59114
2010-05-11,1.7755,-9.34,3.34357,4.38813,1.82915,-2.97692,-0.94578,19.02573,-0.49091,39.59114
2010-05-12,1.7735,-9.34,3.23946,4.39692,1.80916,-1.99104,-0.63247,19.00449,-0.49146,39.59114
2010-05-13,1.77,-9.34,3.28391,4.3834,1.82179,-2.88414,-0.91584,18.99588,-0.49169,39.59114
2010-05-14,1.8025,-9.34,3.4417,4.34614,1.86253,-3.27592,-1.03939,19.3481,-0.48273,39.59114
2010-05-17,1.8033,-9.34,3.42881,4.31882,1.87266,-3.77396,-1.19646,19.32381,-0.48334,39.59114
2010-05-18,1.816,-9.33,3.51304,4.30986,1.88919,-3.95131,-1.25179,19.31819,-0.48296,39.59114
2010-05-19,1.8297,-9.33,3.56445,4.29987,1.90115,-3.8306,-1.21287,19.29714,-0.48349,39.59114
2010-05-20,1.8848,-9.33,3.82407,4.27444,1.95306,-3.55744,-1.12639,20.17236,-0.46251,39.59114
2010-05-21,1.8468,-9.33,3.69138,4.27221,1.93194,-4.50721,-1.4293,20.56932,-0.45359,39.59114
2010-05-24,1.8622,-9.33,3.64597,4.26507,1.92741,-3.44196,-1.09238,20.63171,-0.45222,39.59114
2010-05-25,1.8685,-9.33,3.54414,4.24205,1.92236,-2.84189,-0.90213,20.55746,-0.45385,39.59114
2010-05-26,1.863,-9.33,3.55592,4.27305,1.909,-2.4389,-0.77453,20.28561,-0.45993,39.59114
2010-05-27,1.816,-9.33,3.39047,4.31294,1.86543,-2.68549,-0.85377,20.9237,-0.44591,39.59114
2010-05-28,1.8143,-9.34,3.46792,4.30434,1.88108,-3.61473,-1.15004,19.50781,-0.47878,39.59114
2010-05-31,1.8144,-9.34,3.46792,4.30434,1.88077,-3.59251,-1.14302,18.47637,-0.50551,39.59114
2010-06-01,1.834,-9.34,3.57066,4.28648,1.90432,-3.76277,-1.19828,18.59562,-0.50227,40.75587
2010-06-02,1.831,-9.34,3.40685,4.30068,1.87258,-2.24532,-0.71578,18.5566,-0.50333,40.75587
2010-06-03,1.8194,-9.36,3.38303,4.32294,1.8589,-2.14779,-0.68625,18.59386,-0.50339,40.75587
2010-06-04,1.8389,-9.36,3.56897,4.27792,1.90778,-3.67749,-1.17708,18.70173,-0.50049,40.75587
2010-06-07,1.874,-9.38,3.59923,4.27792,1.9122,-2.01808,-0.64692,18.98886,-0.49397,40.75587
2010-06-08,1.86,-9.38,3.5175,4.27792,1.89963,-2.10832,-0.67745,19.0634,-0.49204,40.75587
2010-06-09,1.842,-9.4,3.51839,4.27792,1.90005,-3.10266,-1.0002,19.15047,-0.49085,40.75587
2010-06-10,1.8123,-10.15,3.42002,4.32135,1.88491,-3.92815,-1.26738,19.44889,-0.52188,40.75587
2010-06-11,1.8116,-10.17,3.36003,4.30878,1.88242,-3.83463,-1.23661,19.44408,-0.52304,40.75587
2010-06-14,1.8017,-10.18,3.35271,4.32015,1.87581,-4.03092,-1.29906,19.47197,-0.5228,40.75587
2010-06-15,1.7846,-10.16,3.25308,4.33336,1.85409,-3.82011,-1.22933,19.54691,-0.51978,40.75587
2010-06-16,1.7868,-10.15,3.25501,4.3585,1.84183,-3.03311,-0.97479,19.35983,-0.52428,40.75587
2010-06-17,1.7854,-10.16,3.22087,4.36539,1.83349,-2.65773,-0.85398,19.35466,-0.52494,40.75587
2010-06-18,1.7723,-10.14,3.17597,4.35953,1.82891,-3.14439,-1.01035,19.30116,-0.52536,40.75587
2010-06-21,1.7636,-10.13,3.21406,4.36717,1.83026,-3.70985,-1.19114,19.26915,-0.52571,40.75587
2010-06-22,1.7669,-10.12,3.29769,4.35722,1.84664,-4.41401,-1.41616,19.26145,-0.5254,40.75587
2010-06-23,1.8011,-10.12,3.2925,4.33428,1.85656,-3.03284,-0.97205,19.46582,-0.51989,40.75587
2010-06-24,1.7785,-10.12,3.39249,4.3369,1.86978,-5.00528,-1.60443,19.56325,-0.5173,40.75587
2010-06-25,1.78,-10.12,3.35096,4.35825,1.85276,-4.00652,-1.28275,19.49831,-0.51902,40.75587
2010-06-28,1.782,-10.08,3.3673,4.35144,1.85703,-4.12404,-1.3198,19.4428,-0.51844,40.75587
2010-06-29,1.8078,-10.1,3.53018,4.32334,1.89537,-4.73023,-1.51204,19.57318,-0.51601,40.75587
2010-06-30,1.7909,-10.07,3.54212,4.31762,1.89864,-5.84215,-1.86419,19.67027,-0.51194,40.75587
2010-07-01,1.7989,-10.08,3.49226,4.28138,1.9092,-5.95094,-1.89262,19.6799,-0.5122,40.69883
2010-07-02,1.7745,-10.08,3.40519,4.27179,1.90077,-6.87399,-2.17874,19.85806,-0.5076,40.69883
2010-07-05,1.7734,-10.08,3.40519,4.27179,1.90037,-6.91516,-2.18269,19.67069,-0.51244,40.69883
2010-07-06,1.767,-10.08,3.38946,4.269,1.89912,-7.21077,-2.26599,19.67883,-0.51223,40.69883
2010-07-07,1.765,-10.09,3.28989,4.29742,1.8703,-5.79498,-1.81228,19.67884,-0.51273,40.69883
2010-07-08,1.7683,-10.1,3.24688,4.31361,1.85601,-4.84122,-1.50933,19.609,-0.51507,40.69883
2010-07-09,1.7564,-10.09,3.21808,4.32307,1.84657,-5.00609,-1.5579,19.00991,-0.53078,40.69883
2010-07-12,1.76,-10.09,3.19581,4.30905,1.84997,-4.98534,-1.54811,18.64272,-0.54123,40.69883
2010-07-13,1.756,-10.1,3.20112,4.33925,1.83561,-4.43399,-1.37423,18.64356,-0.54174,40.69883
2010-07-14,1.766,-10.1,3.21447,4.34081,1.83631,-3.90416,-1.20856,18.66473,-0.54113,40.69883
2010-07-15,1.77,-10.1,3.22446,4.34081,1.83729,-3.73132,-1.15464,18.66439,-0.54114,40.69883
2010-07-16,1.7826,-10.1,3.26767,4.32241,1.85239,-3.84011,-1.18717,18.69319,-0.5403,40.69883
2010-07-19,1.7863,-10.08,3.25694,4.32572,1.84829,-3.4117,-1.05392,18.68758,-0.5394,40.69883
2010-07-20,1.7737,-10.09,3.17513,4.33362,1.83258,-3.26547,-1.00797,18.66484,-0.54059,40.69883
2010-07-21,1.7714,-10.09,3.24415,4.32241,1.84774,-4.21906,-1.30188,18.66666,-0.54054,40.69883
2010-07-22,1.7602,-10.59,3.20397,4.3544,1.83813,-4.33205,-1.33516,18.58405,-0.56984,40.69883
2010-07-23,1.7605,-10.59,3.15572,4.34963,1.83317,-4.04463,-1.24448,18.42813,-0.57466,40.69883
2010-07-26,1.7656,-10.59,3.12369,4.35028,1.82778,-3.46132,-1.06337,18.42023,-0.57491,40.69883
2010-07-27,1.7607,-10.6,3.14372,4.33244,1.83944,-4.37517,-1.34265,18.15586,-0.58383,40.69883
2010-07-28,1.7623,-10.6,3.18842,4.33152,1.84604,-4.64215,-1.42211,18.15337,-0.58391,40.69883
2010-07-29,1.7648,-10.6,3.18346,4.35144,1.83482,-3.89088,-1.18958,18.15358,-0.58391,40.69883
2010-07-30,1.7585,-10.6,3.157,4.35901,1.82672,-3.80595,-1.16198,18.04994,-0.58726,40.69883
2010-08-02,1.7429,-10.59,3.0915,4.39222,1.7998,-3.21235,-0.97944,17.79377,-0.59515,39.56491
2010-08-03,1.7537,-10.59,3.11928,4.41498,1.79233,-2.17891,-0.66376,16.74654,-0.63237,39.56491
2010-08-04,1.7537,-10.59,3.10054,4.40916,1.79259,-2.19315,-0.66815,16.6456,-0.6362,39.56491
2010-08-05,1.7526,-10.6,3.09558,4.40195,1.79589,-2.43985,-0.74362,14.48853,-0.73161,39.56491
2010-08-06,1.7535,-10.6,3.07915,4.38402,1.80244,-2.753,-0.83945,14.48884,-0.7316,39.56491
2010-08-09,1.7075,-10.6,3.09739,4.39433,1.80034,-5.29457,-1.61483,15.41981,-0.68743,39.56491
2010-08-10,1.751,-10.6,3.10772,4.37701,1.81021,-3.32547,-1.01242,16.25384,-0.65215,39.56491
2010-08-11,1.76,-10.6,3.23436,4.35208,1.8421,-4.55937,-1.38867,15.85899,-0.66839,39.56491
2010-08-12,1.7685,-10.59,3.24766,4.3244,1.8574,-4.90454,-1.49097,15.89231,-0.66636,39.56491
2010-08-13,1.7664,-10.6,3.26728,4.31895,1.86321,-5.33558,-1.61852,15.82312,-0.66991,39.56491
2010-08-16,1.722,-10.59,3.26194,4.31549,1.86364,-7.90427,-2.3917,16.50868,-0.64148,39.56491
2010-08-17,1.7554,-10.58,3.19171,4.3429,1.83824,-4.61129,-1.38752,15.83878,-0.66798,39.56491
2010-08-18,1.7478,-10.59,3.20234,4.3369,1.84272,-5.28868,-1.58832,15.36479,-0.68924,39.56491
2010-08-19,1.7488,-10.59,3.27488,4.32148,1.86167,-6.25424,-1.87395,15.25447,-0.69422,39.56491
2010-08-20,1.7606,-10.6,3.23829,4.30757,1.86258,-5.63055,-1.68121,15.30809,-0.69244,39.56491
2010-08-23,1.7128,-10.59,3.24493,4.29892,1.86731,-8.63707,-2.57171,16.20193,-0.65363,39.56491
2010-08-24,1.7613,-10.59,3.31273,4.28193,1.88612,-6.84707,-2.02598,16.48061,-0.64257,39.56491
2010-08-25,1.7609,-10.59,3.28466,4.29701,1.87304,-6.17356,-1.82007,16.48044,-0.64258,39.56491
2010-08-26,1.7649,-10.59,3.30945,4.31775,1.86602,-5.5716,-1.63745,16.48927,-0.64224,39.56491
2010-08-27,1.7563,-10.6,3.19663,4.33925,1.8358,-4.42735,-1.2986,16.35415,-0.64815,39.56491
2010-08-30,1.6992,-10.61,3.30358,4.3386,1.85305,-8.66741,-2.54097,17.58861,-0.60323,39.56491
2010-08-31,1.755,-10.61,3.26002,4.31268,1.8579,-5.69775,-1.65995,18.78602,-0.56478,39.56491
2010-09-01,1.7501,-10.62,3.17346,4.33533,1.83149,-4.54583,-1.32084,18.65128,-0.5694,41.34306
2010-09-02,1.74,-10.61,3.14372,4.3429,1.82201,-4.6055,-1.33594,18.2409,-0.58166,41.34306
2010-09-03,1.7395,-10.61,3.05918,4.33951,1.80826,-3.87691,-1.12277,18.1963,-0.58309,41.34306
2010-09-06,1.674,-10.61,3.05918,4.33951,1.80622,-7.6022,-2.20234,19.59928,-0.54135,41.34306
2010-09-07,1.7249,-10.61,3.16969,4.35337,1.81667,-5.18378,-1.49501,20.35149,-0.52134,41.34306
2010-09-08,1.73,-10.61,3.14631,4.35889,1.80848,-4.43665,-1.27723,20.36509,-0.52099,41.34306
2010-09-09,1.7192,-10.61,3.1272,4.34989,1.80859,-5.06861,-1.45704,20.37311,-0.52078,41.34306
2010-09-10,1.7232,-10.61,3.09059,4.35876,1.7958,-4.12698,-1.1847,20.30304,-0.52258,41.34306
2010-09-13,1.668,-10.6,3.05447,4.36983,1.7814,-6.57718,-1.88814,21.28315,-0.49805,41.34306
2010-09-14,1.7165,-10.6,3.07084,4.37147,1.78069,-3.67143,-1.0522,22.09961,-0.47965,41.34306
2010-09-15,1.7015,-10.6,3.09558,4.36831,1.7857,-4.82978,-1.38332,22.11892,-0.47923,41.34306
2010-09-16,1.7212,-10.59,3.07823,4.36284,1.78275,-3.51328,-1.00764,22.23373,-0.4763,41.34306
2010-09-17,1.7175,-10.59,3.0915,4.3594,1.78494,-3.85163,-1.10669,22.23169,-0.47635,41.34306
2010-09-20,1.6655,-10.58,3.06805,4.37349,1.77081,-6.13134,-1.76544,22.67806,-0.46653,41.34306
2010-09-21,1.7265,-10.58,3.10683,4.36208,1.7811,-3.11373,-0.89877,23.74424,-0.44558,41.34306
2010-09-22,1.7245,-10.59,3.11396,4.35607,1.7837,-3.37516,-0.98073,23.74311,-0.44602,41.34306
2010-09-23,1.6743,-10.59,3.17262,4.35812,1.79082,-6.72794,-1.98067,24.43965,-0.43331,41.34306
2010-09-24,1.7177,-10.6,3.07777,4.3678,1.76378,-2.64725,-0.81216,24.82615,-0.42697,41.34306
2010-09-27,1.6644,-10.59,3.11529,4.36399,1.77072,-6.19208,-1.91791,25.52179,-0.41494,41.34306
2010-09-28,1.709,-10.59,3.11795,4.36577,1.76782,-3.38409,-1.05597,26.09104,-0.40589,41.34306
2010-09-29,1.709,-10.59,3.14631,4.39161,1.75364,-2.57878,-0.81077,25.96045,-0.40793,41.34306
2010-09-30,1.7035,-10.59,3.16548,4.41049,1.74351,-2.32146,-0.73024,25.96577,-0.40784,41.34306
2010-10-01,1.6961,-10.59,3.11352,4.42784,1.72317,-1.58353,-0.49863,25.96963,-0.40778,41.03947
2010-10-04,1.6335,-10.62,3.15828,4.42221,1.73199,-5.85436,-1.85369,27.00123,-0.39332,41.03947
2010-10-05,1.6975,-10.63,3.08007,4.44077,1.70681,-0.54672,-0.17256,28.13801,-0.37778,41.03947
2010-10-06,1.669,-10.62,3.06759,4.44336,1.70207,-1.96225,-0.62245,28.30094,-0.37525,41.03947
2010-10-07,1.684,-10.62,3.07084,4.42401,1.71341,-1.73145,-0.5535,28.36283,-0.37443,41.03947
2010-10-08,1.6778,-10.63,3.03062,4.43117,1.70215,-1.44103,-0.46867,28.36743,-0.37473,41.03947
2010-10-11,1.6258,-10.63,2.94233,4.42748,1.69259,-4.0261,-1.32426,28.99332,-0.36664,41.03947
2010-10-12,1.6613,-10.62,2.94075,4.42485,1.69361,-1.92638,-0.63625,29.34606,-0.36189,41.03947
2010-10-13,1.67,-10.62,2.94812,4.43841,1.68502,-0.89552,-0.29648,29.32746,-0.36212,41.03947
2010-10-14,1.6525,-10.61,2.98971,4.43711,1.69053,-2.27507,-0.75366,29.38148,-0.36111,41.03947
2010-10-15,1.6606,-10.61,2.94602,4.41219,1.70222,-2.47542,-0.82056,29.38225,-0.3611,41.03947
2010-10-18,1.6064,-10.6,2.94916,4.43521,1.68578,-4.82351,-1.59807,30.07719,-0.35243,41.03947
2010-10-19,1.672,-10.61,3.02675,4.39568,1.72107,-2.89254,-0.95758,31.18618,-0.34021,41.03947
2010-10-20,1.69,-10.61,2.98518,4.42604,1.69379,-0.22417,-0.0742,31.27082,-0.33929,41.03947
2010-10-21,1.675,-10.62,2.95855,4.40464,1.70514,-1.78338,-0.59282,31.30563,-0.33924,41.03947
2010-10-22,1.694,-10.62,2.93279,4.41836,1.69172,0.13457,0.04478,31.3963,-0.33826,41.03947
2010-10-25,1.6439,-10.61,2.9882,4.42533,1.69282,-2.93215,-0.97561,31.94007,-0.33218,41.03947
2010-10-26,1.6998,-10.61,3.00667,4.42676,1.69297,0.4028,0.13394,32.67639,-0.3247,41.03947
2010-10-27,1.7023,-10.61,3.03062,4.42161,1.69923,0.18041,0.06,32.67327,-0.32473,41.03947
2010-10-28,1.719,-10.62,3.03879,4.42592,1.69686,1.29638,0.43126,32.69169,-0.32485,41.03947
2010-10-29,1.7135,-10.63,3.054,4.42065,1.7025,0.64402,0.21422,32.67092,-0.32537,41.03947
2010-11-01,1.6462,-10.62,3.08329,4.43817,1.69266,-2.78334,-0.92723,33.62156,-0.31587,39.46302
2010-11-02,1.7043,-10.62,3.0713,4.44746,1.68381,1.20961,0.40286,34.37105,-0.30898,39.46302
2010-11-03,1.701,-10.62,2.97349,4.45876,1.66583,2.08954,0.69602,34.37177,-0.30897,39.46302
2010-11-04,1.689,-10.62,2.91885,4.47734,1.64755,2.48474,0.82742,33.98901,-0.31245,39.46302
2010-11-05,1.6747,-10.62,2.90471,4.47859,1.64593,1.73303,0.57812,33.63427,-0.31575,39.46302
2010-11-08,1.679,-10.62,2.90635,4.48255,1.64377,2.1209,0.70747,33.6201,-0.31588,39.46302
2010-11-09,1.696,-10.62,2.94864,4.48108,1.64908,2.80536,0.93871,33.67187,-0.3154,39.46302
2010-11-10,1.696,-10.62,2.91615,4.48819,1.64153,3.26439,1.09431,33.67195,-0.3154,39.46302
2010-11-11,1.71,-10.62,2.92531,4.4865,1.64428,3.91926,1.31256,33.3353,-0.31858,39.46302
2010-11-12,1.7215,-10.62,3.02578,4.45829,1.67336,2.83651,0.95117,33.13389,-0.32052,39.46302
2010-11-15,1.6704,-10.61,3.00568,4.46245,1.66898,0.08492,0.02847,33.65883,-0.31522,39.46302
2010-11-16,1.72,-10.6,3.11706,4.43947,1.69406,1.51983,0.51095,34.18845,-0.31005,39.46302
2010-11-17,1.736,-10.61,3.08007,4.42221,1.70429,1.84364,0.62028,34.21326,-0.31011,39.46302
2010-11-18,1.7262,-10.6,2.93119,4.44324,1.67776,2.84625,0.95725,33.78083,-0.31379,39.46302
2010-11-19,1.711,-10.61,2.89259,4.43486,1.68183,1.71984,0.57799,33.34863,-0.31815,39.46302
2010-11-22,1.673,-10.6,2.91072,4.43034,1.687,-0.83344,-0.28006,33.6375,-0.31512,39.46302
2010-11-23,1.7208,-10.6,3.02675,4.42185,1.7016,1.12218,0.37786,34.12927,-0.31058,39.46302
2010-11-24,1.7335,-10.59,2.97349,4.45249,1.67484,3.44233,1.1642,34.15169,-0.31009,39.46302
2010-11-25,1.722,-10.59,2.97349,4.45249,1.6755,2.73756,0.92477,33.52212,-0.31591,39.46302
2010-11-26,1.7155,-10.59,3.10099,4.44945,1.68691,1.68081,0.56732,32.8886,-0.322,39.46302
2010-11-29,1.7296,-10.57,3.06945,4.46981,1.67004,3.5045,1.18261,32.92887,-0.32099,39.46302
2010-11-30,1.717,-10.58,3.1587,4.45342,1.68868,1.66317,0.56104,32.94081,-0.32118,39.46302
2010-12-01,1.7145,-10.59,3.06152,4.48717,1.65738,3.38816,1.14262,32.94175,-0.32148,42.06268
2010-12-02,1.7059,-10.59,2.96476,4.50745,1.63684,4.13276,1.39194,32.03459,-0.33058,42.06268
2010-12-03,1.7015,-10.61,2.89093,4.51546,1.62696,4.47978,1.50619,31.46632,-0.33719,42.06268
2010-12-06,1.6361,-10.6,2.89148,4.51579,1.62785,0.5057,0.16965,32.40875,-0.32707,42.06268
2010-12-07,1.6813,-10.61,2.88982,4.51514,1.62817,3.21096,1.07781,32.87259,-0.32276,42.06268
2010-12-08,1.677,-10.6,2.87582,4.50833,1.63295,2.66208,0.89261,32.87094,-0.32247,42.06268
2010-12-09,1.692,-10.61,2.84781,4.51075,1.63013,3.72508,1.24973,32.26426,-0.32885,42.06268
2010-12-10,1.7036,-10.62,2.86847,4.50513,1.63647,4.0205,1.35618,31.77395,-0.33424,42.06268
2010-12-13,1.705,-10.6,2.86505,4.51295,1.63162,4.39897,1.4924,31.72561,-0.33411,42.06268
2010-12-14,1.693,-10.6,2.86847,4.51316,1.63278,3.6216,1.23144,31.6699,-0.3347,42.06268
2010-12-15,1.693,-10.61,2.88703,4.52396,1.62658,4.00225,1.36017,31.66761,-0.33504,42.06268
2010-12-16,1.6989,-10.62,2.8559,4.51863,1.63015,4.13088,1.40446,31.06106,-0.34191,42.06268
2010-12-17,1.7043,-10.64,2.77944,4.5182,1.62799,4.58088,1.55479,30.21183,-0.35218,42.06268
2010-12-20,1.6662,-10.61,2.79789,4.5298,1.62126,2.73422,0.92603,30.54212,-0.34739,42.06268
2010-12-21,1.7066,-10.61,2.80275,4.53475,1.61827,5.31484,1.79962,30.35136,-0.34957,42.06268
2010-12-22,1.7,-10.61,2.73761,4.53956,1.61332,5.23312,1.76639,29.92262,-0.35458,42.06268
2010-12-23,1.699,-10.61,2.80154,4.54595,1.61288,5.20176,1.75139,29.23676,-0.3629,42.06268
2010-12-24,1.6923,-10.61,2.80154,4.54595,1.61454,4.70377,1.58415,28.76128,-0.3689,42.06268
2010-12-27,1.6907,-10.58,2.87187,4.5417,1.62144,4.18271,1.4088,28.7617,-0.36785,42.06268
2010-12-28,1.685,-10.6,2.86334,4.54733,1.61818,4.04611,1.36243,28.76238,-0.36854,42.06268
2010-12-29,1.6902,-10.62,2.84955,4.54478,1.62072,4.19749,1.4139,28.7569,-0.3693,42.06268
2010-12-30,1.678,-10.63,2.86334,4.53357,1.63057,2.86711,0.96518,27.76961,-0.38279,42.06268
2010-12-31,1.662,-10.63,2.87639,4.55124,1.61857,2.64779,0.89063,26.74,-0.39753,42.06268
2011-01-03,1.6155,-10.6,2.86847,4.55219,1.61808,-0.15935,-0.05356,27.12395,-0.3908,42.76209
2011-01-04,1.6465,-10.61,2.85532,4.53828,1.62794,1.13353,0.38099,27.34038,-0.38807,42.76209
2011-01-05,1.6675,-10.61,2.83439,4.55913,1.61231,3.36599,1.1312,27.45496,-0.38645,42.76209
2011-01-06,1.675,-10.6,2.85647,4.54881,1.6212,3.26479,1.09659,26.71623,-0.39676,42.76209
2011-01-07,1.6859,-10.61,2.84141,4.53614,1.63085,3.31972,1.11389,26.39956,-0.4019,42.76209
2011-01-10,1.6355,-10.6,2.86448,4.56122,1.61372,1.34066,0.44931,27.07633,-0.39149,42.76209
2011-01-11,1.689,-10.6,2.82672,4.58098,1.5986,5.50055,1.84412,27.76152,-0.38182,42.76209
2011-01-12,1.6416,-10.6,2.78748,4.58619,1.595,2.8799,0.96234,28.33525,-0.37409,42.76209
2011-01-13,1.6247,-10.6,2.79667,4.58558,1.59628,1.76471,0.59001,27.61314,-0.38388,42.76209
2011-01-14,1.669,-10.6,2.73826,4.58558,1.5953,4.51642,1.51184,26.96049,-0.39317,42.76209
2011-01-17,1.6481,-10.6,2.73826,4.58558,1.59638,3.18877,1.06629,26.98624,-0.39279,42.76209
2011-01-18,1.6821,-10.59,2.76443,4.58292,1.5995,5.03532,1.68253,27.24646,-0.38867,42.76209
2011-01-19,1.6715,-10.59,2.85128,4.5866,1.59962,4.39523,1.46463,27.17938,-0.38963,42.76209
2011-01-20,1.67,-11.09,2.88982,4.57037,1.6171,3.2191,1.07079,26.49669,-0.41854,42.76209
2011-01-21,1.6352,-11.09,2.91615,4.58088,1.61066,1.51194,0.50274,25.95848,-0.42722,42.76209
2011-01-24,1.6193,-11.09,2.87074,4.57068,1.61764,0.10255,0.03409,26.01907,-0.42623,42.76209
2011-01-25,1.6705,-11.09,2.86733,4.55651,1.62806,2.57315,0.8557,26.71306,-0.41515,42.76209
2011-01-26,1.6677,-11.09,2.81181,4.58405,1.60747,3.67812,1.22345,26.70841,-0.41522,42.76209
2011-01-27,1.6183,-11.1,2.78192,4.57872,1.61186,0.3986,0.13256,26.17478,-0.42407,42.76209
2011-01-28,1.6723,-11.1,2.99773,4.59935,1.60029,4.40122,1.46623,26.07621,-0.42568,42.76209
2011-01-31,1.6343,-11.1,2.97195,4.61522,1.5894,2.78611,0.92703,26.46676,-0.41939,42.76209
2011-02-01,1.667,-11.1,2.8696,4.62242,1.58329,5.15191,1.71373,26.74558,-0.41502,42.09552
2011-02-02,1.6652,-11.09,2.85071,4.6283,1.57996,5.25479,1.74358,26.69316,-0.41546,42.09552
2011-02-03,1.6627,-11.11,2.81481,4.62262,1.58485,4.79536,1.58889,26.68912,-0.41627,42.09552
2011-02-04,1.6684,-11.1,2.7682,4.60347,1.59891,4.25432,1.409,26.61856,-0.417,42.09552
2011-02-07,1.6242,-11.09,2.78994,4.59764,1.60434,1.23017,0.40672,27.14435,-0.40856,42.09552
2011-02-08,1.6279,-11.1,2.76064,4.60437,1.59945,1.76316,0.58285,27.09104,-0.40973,42.09552
2011-02-09,1.6645,-11.11,2.76443,4.62321,1.58629,4.8126,1.59076,27.44124,-0.40487,42.09552
2011-02-10,1.662,-11.13,2.7782,4.61383,1.59467,4.13521,1.36348,26.77542,-0.41568,42.09552
2011-02-11,1.6641,-11.13,2.75302,4.61937,1.59133,4.47131,1.47259,26.10554,-0.42635,42.09552
2011-02-14,1.6155,-11.12,2.76946,4.63551,1.58087,2.16717,0.71272,26.66623,-0.41701,42.09552
2011-02-15,1.6665,-11.12,2.79545,4.62144,1.59177,4.58784,1.50981,27.41513,-0.40562,42.09552
2011-02-16,1.6686,-11.13,2.81661,4.64227,1.57846,5.55361,1.82441,27.36544,-0.40672,42.09552
2011-02-17,1.669,-11.16,2.8088,4.63074,1.58833,4.95404,1.62459,26.99573,-0.4134,42.09552
2011-02-18,1.662,-11.15,2.79911,4.63006,1.58971,4.44689,1.45637,26.39044,-0.4225,42.09552
2011-02-21,1.6145,-11.15,2.79911,4.63006,1.59074,1.48247,0.48464,26.94343,-0.41383,42.09552
2011-02-22,1.6675,-11.13,3.03495,4.66136,1.57233,5.87691,1.92222,27.73353,-0.40132,42.09552
2011-02-23,1.6707,-11.13,3.09693,4.71178,1.54159,8.04267,2.62215,27.72963,-0.40138,42.09552
2011-02-24,1.671,-11.12,3.05965,4.71277,1.54463,7.86402,2.54738,27.67482,-0.40181,42.09552
2011-02-25,1.6627,-11.12,2.95595,4.71975,1.54073,7.6189,2.45327,27.65557,-0.40209,42.09552
2011-02-28,1.66,-11.1,2.90963,4.71671,1.54446,7.21417,2.31086,27.65583,-0.40136,42.09552
2011-03-01,1.6588,-11.11,3.045,4.74858,1.5319,7.95836,2.53681,27.64065,-0.40194,41.37013
2011-03-02,1.6574,-11.12,3.03013,4.7566,1.53031,7.97785,2.52835,27.63737,-0.40235,41.37013
2011-03-03,1.6542,-11.62,2.92316,4.7431,1.54478,6.84392,2.15741,26.49344,-0.4386,41.37013
2011-03-04,1.6495,-11.63,2.94759,4.75333,1.54329,6.65538,2.09117,25.92081,-0.44867,41.37013
2011-03-07,1.6399,-11.64,3.0282,4.74528,1.55545,5.28708,1.65641,25.94068,-0.44872,41.37013
2011-03-08,1.6521,-11.64,2.98669,4.72792,1.56615,5.34243,1.67282,25.92074,-0.44906,41.37013
2011-03-09,1.654,-11.65,3.00667,4.75307,1.55506,6.16825,1.93506,25.88136,-0.45013,41.37013
2011-03-10,1.6547,-11.67,3.08557,4.74866,1.56526,5.55705,1.74294,25.88068,-0.45092,41.37013
2011-03-11,1.659,-11.67,2.99972,4.73479,1.57106,5.4465,1.70687,25.85283,-0.4514,41.37013
2011-03-14,1.6561,-11.66,3.05069,4.7333,1.57738,4.87023,1.52726,25.85431,-0.45099,41.37013
2011-03-15,1.6649,-11.65,3.1913,4.68693,1.61478,3.05666,0.96079,25.86783,-0.45037,41.37013
2011-03-16,1.6632,-11.65,3.38099,4.7061,1.61901,2.69256,0.84855,25.8584,-0.45053,41.37013
2011-03-17,1.676,-11.67,3.27223,4.74406,1.59359,5.04188,1.59455,25.50749,-0.45751,41.37013
2011-03-18,1.6795,-11.68,3.19622,4.73558,1.59667,5.05776,1.59994,25.0467,-0.46633,41.37013
2011-03-21,1.6637,-11.65,3.02578,4.74458,1.58159,5.06124,1.60265,25.10424,-0.46407,41.37013
2011-03-22,1.6636,-11.65,3.00618,4.751,1.57906,5.21521,1.65233,25.10425,-0.46406,41.37013
2011-03-23,1.6593,-11.66,2.95335,4.7497,1.5779,5.03015,1.5949,25.09775,-0.46458,41.37013
2011-03-24,1.66,-11.66,2.89037,4.75117,1.57424,5.30422,1.68312,25.09783,-0.46458,41.37013
2011-03-25,1.6575,-11.66,2.88536,4.75005,1.5764,5.01695,1.59162,25.09127,-0.4647,41.37013
2011-03-28,1.6499,-11.64,2.96733,4.74319,1.58826,3.8077,1.20931,25.09668,-0.46381,41.37013
2011-03-29,1.66,-11.65,2.89922,4.74319,1.58421,4.67338,1.48838,25.09034,-0.46432,41.37013
2011-03-30,1.6559,-11.65,2.87413,4.74606,1.58251,4.53325,1.44456,25.02217,-0.46559,41.37013
2011-03-31,1.6285,-11.66,2.87582,4.76525,1.57615,3.26717,1.04337,24.58987,-0.47418,41.37013
2011-04-01,1.6272,-11.68,2.85647,4.7766,1.57135,3.49229,1.11818,24.28899,-0.48088,45.8302
2011-04-04,1.612,-11.69,2.8622,4.79629,1.5658,2.90793,0.93449,24.21481,-0.48276,45.8302
2011-04-05,1.6052,-11.68,2.84781,4.80582,1.5629,2.6704,0.86402,24.20404,-0.48256,45.8302
2011-04-06,1.607,-11.69,2.82731,4.80648,1.56336,2.75338,0.8992,24.16326,-0.48379,45.8302
2011-04-07,1.6147,-11.71,2.83966,4.8095,1.56576,3.07797,1.01164,23.42491,-0.4999,45.8302
2011-04-08,1.5929,-11.71,2.88312,4.84143,1.5605,2.05492,0.67846,22.62779,-0.51751,45.8302
2011-04-11,1.5703,-11.7,2.8088,4.82012,1.56325,0.44989,0.14953,22.09806,-0.52946,45.8302
2011-04-12,1.5771,-11.7,2.83849,4.79513,1.5764,0.04414,0.01477,22.03253,-0.53103,45.8302
2011-04-13,1.591,-11.69,2.8285,4.81121,1.571,1.26507,0.42577,21.40655,-0.54609,45.8302
2011-04-14,1.592,-11.68,2.78932,4.80697,1.56981,1.40355,0.47492,21.27219,-0.54907,45.8302
2011-04-18,1.5686,-11.68,2.83086,4.80082,1.57732,-0.55428,-0.18818,21.02606,-0.5555,45.8302
2011-04-19,1.589,-11.69,2.76191,4.79851,1.57159,1.10151,0.37584,21.18378,-0.55184,45.8302
2011-04-20,1.5785,-11.69,2.71271,4.79851,1.56784,0.67787,0.23307,21.21582,-0.551,45.8302
2011-04-21,1.569,-11.69,2.68717,4.8202,1.5599,0.58173,0.20183,20.845,-0.56081,45.8302
2011-04-22,1.569,-11.69,2.68717,4.8202,1.56124,0.49605,0.17317,20.76278,-0.56303,45.8302
2011-04-25,1.5613,-11.93,2.75811,4.81754,1.56866,-0.46998,-0.16561,19.75816,-0.6038,45.8302
2011-04-26,1.575,-11.93,2.74855,4.82141,1.56737,0.48542,0.17236,19.85475,-0.60086,45.8302
2011-04-27,1.5645,-11.94,2.73112,4.82935,1.56411,0.02511,0.00897,18.99085,-0.62872,45.8302
2011-04-28,1.5665,-11.96,2.68239,4.82847,1.55954,0.44502,0.16018,17.74569,-0.67397,45.8302
2011-04-29,1.5863,-11.96,2.69124,4.83541,1.55965,1.69402,0.61359,17.37903,-0.68819,45.8302
2011-05-02,1.5633,-11.95,2.77196,4.82927,1.5716,-0.52948,-0.19292,17.10732,-0.69853,42.86535
2011-05-03,1.5765,-11.97,2.81541,4.8077,1.58223,-0.36274,-0.13339,17.21089,-0.69549,42.86535
2011-05-04,1.5875,-11.97,2.83791,4.79736,1.58772,-0.01382,-0.00512,17.28118,-0.69266,42.86535
2011-05-05,1.605,-11.98,2.90142,4.70773,1.61616,-0.69293,-0.25875,17.42017,-0.68771,42.86535
2011-05-06,1.625,-11.98,2.91235,4.69254,1.62072,0.26368,0.09908,16.77386,-0.71421,42.86535
2011-05-09,1.5994,-11.97,2.84258,4.75273,1.59914,0.01602,0.00605,17.06457,-0.70145,42.86535
2011-05-10,1.6155,-11.97,2.76695,4.76754,1.58738,1.75593,0.66591,16.57738,-0.72207,42.86535
2011-05-11,1.607,-11.97,2.83027,4.72358,1.60455,0.15259,0.05816,16.60404,-0.72091,42.86535
2011-05-12,1.6199,-11.98,2.77446,4.72721,1.59726,1.40748,0.54015,16.68804,-0.71788,42.86535
2011-05-13,1.6165,-11.97,2.83732,4.73471,1.60322,0.82502,0.31943,15.60223,-0.7672,42.86535
2011-05-16,1.6356,-11.96,2.90362,4.725,1.613,1.39118,0.54251,14.47574,-0.82621,42.86535
2011-05-17,1.6308,-11.96,2.86505,4.70039,1.61376,1.05025,0.41294,14.48175,-0.82587,42.86535
2011-05-18,1.618,-11.95,2.78686,4.72117,1.60109,1.0504,0.41679,14.55884,-0.82081,42.86535
2011-05-19,1.6113,-11.95,2.74213,4.71331,1.59808,0.82377,0.32807,14.55829,-0.82084,42.86535
2011-05-20,1.6159,-11.95,2.85819,4.72197,1.60941,0.40256,0.16124,13.36858,-0.89389,42.86535
2011-05-23,1.6113,-11.94,2.90526,4.70139,1.61898,-0.47535,-0.19162,11.65703,-1.02427,42.86535
2011-05-24,1.6373,-11.94,2.88032,4.72322,1.61192,1.56245,0.63541,12.10978,-0.98598,42.86535
2011-05-25,1.6285,-11.94,2.83732,4.74432,1.60353,1.54501,0.62993,12.15158,-0.98259,42.86535
2011-05-26,1.6265,-11.95,2.7782,4.74537,1.59761,1.79232,0.73555,12.11734,-0.98619,42.86535
2011-05-27,1.6223,-11.95,2.77134,4.74519,1.5977,1.52818,0.63451,12.12297,-0.98573,42.86535
2011-05-30,1.5943,-11.95,2.77134,4.74519,1.59835,-0.25353,-0.10652,12.59329,-0.94892,42.86535
2011-05-31,1.593,-11.94,2.73761,4.75986,1.59269,0.0197,0.00835,12.59327,-0.94813,42.86535
2011-06-01,1.5787,-11.95,2.9069,4.74084,1.61253,-2.11999,-0.90743,12.70232,-0.94077,44.18044
2011-06-02,1.592,-11.96,2.89536,4.74962,1.60931,-1.08118,-0.46543,12.82484,-0.93257,44.18044
2011-06-03,1.5775,-11.96,2.88759,4.75221,1.60805,-1.91825,-0.83488,12.89712,-0.92734,44.18044
2011-06-06,1.5688,-11.95,2.91723,4.7404,1.61326,-2.79442,-1.22919,12.82926,-0.93146,44.18044
2011-06-07,1.5802,-11.95,2.89425,4.76029,1.60692,-1.67677,-0.74144,12.92477,-0.92458,44.18044
2011-06-08,1.577,-11.96,2.93332,4.76941,1.60849,-1.97741,-0.88113,12.92522,-0.92532,44.18044
2011-06-09,1.5815,-12.2,2.87751,4.7839,1.59545,-0.87843,-0.39432,12.928,-0.94369,44.18044
2011-06-10,1.5869,-12.2,2.93704,4.77727,1.60217,-0.95738,-0.43131,12.95308,-0.94186,44.18044
2011-06-13,1.5948,-12.2,2.97604,4.77996,1.6052,-0.65024,-0.29502,12.94699,-0.9423,44.18044
2011-06-14,1.589,-12.2,2.90471,4.78882,1.59749,-0.53282,-0.24437,12.96039,-0.94133,44.18044
2011-06-15,1.5791,-12.2,3.05965,4.76303,1.61625,-2.32534,-1.07151,12.89287,-0.94626,44.18044
2011-06-16,1.597,-12.2,3.12369,4.73637,1.62676,-1.84658,-0.8631,13.10972,-0.93061,44.18044
2011-06-17,1.6061,-12.21,3.0842,4.72924,1.62439,-1.13206,-0.536,13.05302,-0.93542,44.18044
2011-06-20,1.5898,-12.22,2.99523,4.71573,1.61855,-1.79251,-0.85854,13.19406,-0.92617,44.18044
2011-06-21,1.594,-12.22,2.93704,4.70908,1.61414,-1.25568,-0.60582,13.20539,-0.92538,44.18044
2011-06-22,1.5875,-12.23,2.91885,4.73804,1.60755,-1.25514,-0.60718,13.22146,-0.92501,44.18044
2011-06-23,1.587,-12.24,2.95959,4.67526,1.62072,-2.1026,-1.02601,13.22068,-0.92582,44.18044
2011-06-24,1.5905,-12.23,3.04927,4.6551,1.63223,-2.58957,-1.27061,13.20896,-0.92589,44.18044
2011-06-27,1.59,-12.23,3.02335,4.66334,1.6281,-2.36823,-1.16892,13.13913,-0.93081,44.18044
2011-06-28,1.595,-12.22,2.95335,4.68933,1.61757,-1.40493,-0.69777,13.15601,-0.92885,44.18044
2011-06-29,1.578,-12.23,2.84897,4.72206,1.60263,-1.54847,-0.77192,12.91114,-0.94724,44.18044
2011-06-30,1.5697,-12.22,2.80457,4.72278,1.59846,-1.81591,-0.91002,12.94632,-0.9439,44.18044
2011-07-01,1.5614,-12.23,2.76443,4.71644,1.59509,-2.13498,-1.07315,12.85879,-0.9511,45.32829
2011-07-04,1.5488,-12.23,2.76443,4.71644,1.59489,-2.93274,-1.47744,12.92754,-0.94604,45.32829
2011-07-05,1.5515,-12.23,2.77633,4.71644,1.59571,-2.80979,-1.41836,12.93143,-0.94576,45.32829
2011-07-06,1.5637,-12.24,2.79362,4.73286,1.59463,-1.95885,-0.98974,12.99689,-0.94176,45.32829
2011-07-07,1.5692,-12.22,2.76946,4.77567,1.58695,-1.12451,-0.56873,12.7448,-0.95882,45.32829
2011-07-08,1.5545,-12.22,2.76946,4.77348,1.58713,-2.07706,-1.05069,12.56225,-0.97276,45.32829
2011-07-11,1.5618,-12.22,2.91181,4.76422,1.60189,-2.53437,-1.2814,12.56774,-0.97233,45.32829
2011-07-12,1.58,-12.22,2.98921,4.76856,1.60842,-1.78262,-0.90056,12.66114,-0.96516,45.32829
2011-07-13,1.5747,-12.24,2.99122,4.76856,1.60775,-2.07696,-1.04889,12.67681,-0.96554,45.32829
2011-07-14,1.5677,-12.24,3.03495,4.77339,1.61089,-2.7177,-1.3714,12.35609,-0.9906,45.32829
2011-07-15,1.5765,-12.23,2.97195,4.76439,1.60594,-1.85013,-0.93305,12.12932,-1.0083,45.32829
2011-07-18,1.568,-12.23,3.04214,4.75402,1.61373,-2.8749,-1.45043,12.10509,-1.01032,45.32829
2011-07-19,1.575,-12.22,2.95543,4.75402,1.60544,-1.91423,-0.96427,12.078,-1.01176,45.32829
2011-07-20,1.565,-12.23,2.94916,4.77196,1.60173,-2.31968,-1.16814,12.14628,-1.00689,45.32829
2011-07-21,1.5615,-12.45,2.86562,4.76652,1.5889,-1.73979,-0.87593,12.1143,-1.02771,45.32829
2011-07-22,1.5523,-12.45,2.86334,4.77635,1.58696,-2.20841,-1.11143,12.03899,-1.03414,45.32829
2011-07-25,1.5539,-12.45,2.96269,4.77018,1.59656,-2.70808,-1.36137,11.96946,-1.04015,45.32829
2011-07-26,1.5441,-12.43,3.00717,4.77305,1.60026,-3.57224,-1.7965,12.03015,-1.03324,45.32829
2011-07-27,1.5337,-12.42,3.13462,4.76584,1.61241,-5.0046,-2.51133,11.81392,-1.0513,45.32829
2011-07-28,1.5631,-12.43,3.16716,4.76525,1.61382,-3.19357,-1.59361,12.09489,-1.02771,45.32829
2011-07-29,1.5628,-12.4,3.22883,4.75995,1.61991,-3.58918,-1.78659,11.97352,-1.03562,45.32829
2011-08-01,1.5465,-12.4,3.16379,4.76055,1.61319,-4.22184,-2.09643,12.06133,-1.02808,41.90742
2011-08-02,1.5578,-12.44,3.21044,4.75755,1.61542,-3.63175,-1.8013,11.94201,-1.0417,41.90742
2011-08-03,1.5633,-12.48,3.15188,4.72942,1.61337,-3.15262,-1.56533,11.68294,-1.06822,41.90742
2011-08-04,1.563,-12.48,3.45505,4.67516,1.64596,-5.1716,-2.56247,11.2636,-1.10799,41.90742
2011-08-05,1.5768,-12.49,3.46574,4.69474,1.64066,-3.96989,-1.95959,11.22028,-1.11316,41.90742
2011-08-08,1.593,-12.45,3.8712,4.64189,1.67841,-5.22297,-2.58146,11.37277,-1.09472,41.90742
2011-08-09,1.5969,-12.47,3.55706,4.63055,1.65283,-3.44244,-1.69548,11.26509,-1.10696,41.90742
2011-08-10,1.6282,-12.48,3.76097,4.66983,1.65644,-1.7198,-0.84584,11.92206,-1.0468,41.90742
2011-08-11,1.6219,-12.47,3.66356,4.68232,1.64693,-1.53152,-0.75306,11.71009,-1.06489,41.90742
2011-08-12,1.6233,-12.48,3.59347,4.68241,1.64144,-1.1114,-0.54637,11.69775,-1.06687,41.90742
2011-08-15,1.6114,-12.48,3.46167,4.69966,1.62983,-1.13713,-0.55892,11.68405,-1.06812,41.90742
2011-08-16,1.5887,-12.47,3.49195,4.69966,1.63145,-2.6552,-1.30552,11.995,-1.0396,41.90742
2011-08-17,1.5841,-12.49,3.45252,4.70592,1.62648,-2.64018,-1.29611,11.99022,-1.04168,41.90742
2011-08-18,1.5785,-12.49,3.7535,4.67274,1.64859,-4.34425,-2.1292,11.99695,-1.0411,41.90742
2011-08-19,1.607,-12.48,3.76236,4.68786,1.64338,-2.23835,-1.09232,12.10679,-1.03083,41.90742
2011-08-22,1.5953,-12.49,3.74809,4.68546,1.64128,-2.84132,-1.38506,12.1456,-1.02836,41.90742
2011-08-23,1.6025,-12.49,3.59099,4.69419,1.63013,-1.70959,-0.83184,12.18235,-1.02525,41.90742
2011-08-24,1.5973,-12.48,3.58074,4.70184,1.62765,-1.88218,-0.91525,12.18828,-1.02393,41.90742
2011-08-25,1.6073,-12.49,3.68286,4.70184,1.63132,-1.48325,-0.7207,11.74438,-1.06349,41.90742
2011-08-26,1.609,-12.49,3.57206,4.71277,1.62328,-0.8839,-0.42971,11.74423,-1.0635,41.90742
2011-08-29,1.6,-12.48,3.47445,4.71743,1.61791,-1.11311,-0.54104,11.65544,-1.07074,41.90742
2011-08-30,1.5943,-12.49,3.49317,4.73637,1.61428,-1.24537,-0.60538,11.55945,-1.0805,41.90742
2011-08-31,1.5865,-12.48,3.45379,4.74363,1.61073,-1.51548,-0.73915,11.45322,-1.08965,41.90742
2011-09-01,1.5825,-11.98,3.4601,4.73874,1.62389,-2.58177,-1.25915,11.40895,-1.05005,32.41217
2011-09-02,1.599,-11.98,3.524,4.72144,1.62904,-1.86127,-0.91089,11.505,-1.04129,32.41217
2011-09-05,1.6298,-11.98,3.524,4.72144,1.62826,0.09426,0.04615,12.0989,-0.99017,32.41217
2011-09-06,1.6493,-11.98,3.61092,4.72641,1.6308,1.12807,0.55298,12.30309,-0.97374,32.41217
2011-09-07,1.66,-11.98,3.50796,4.75186,1.62176,2.33054,1.14326,12.34592,-0.97036,32.41217
2011-09-08,1.6535,-11.98,3.53573,4.74101,1.6263,1.65889,0.81634,12.34952,-0.97008,32.41217
2011-09-09,1.6516,-11.99,3.65118,4.72535,1.63514,1.0019,0.49366,12.32495,-0.97282,32.41217
2011-09-12,1.6749,-11.99,3.65299,4.72073,1.63668,2.30839,1.1412,12.53071,-0.95685,32.41217
2011-09-13,1.7035,-11.99,3.60848,4.71752,1.63619,4.0316,1.99611,12.76933,-0.93897,32.41217
2011-09-14,1.7115,-11.99,3.54385,4.72206,1.63358,4.65992,2.30711,12.7561,-0.93994,32.41217
2011-09-15,1.724,-11.99,3.4648,4.74788,1.62567,5.87248,2.90278,12.60994,-0.95084,32.41217
2011-09-16,1.7091,-11.99,3.43334,4.72046,1.6311,4.67133,2.29687,12.76288,-0.93944,32.41217
2011-09-19,1.7105,-11.99,3.48829,4.69263,1.64064,4.16971,2.04724,12.71939,-0.94265,32.41217
2011-09-20,1.7846,-11.99,3.49226,4.70538,1.63928,8.49348,4.18133,15.15214,-0.79131,32.41217
2011-09-21,1.7916,-11.99,3.61953,4.70375,1.64911,8.28712,4.03757,15.15757,-0.79102,32.41217
2011-09-22,1.8339,-12.0,3.72207,4.65862,1.66674,9.55771,4.60428,15.74444,-0.76217,32.41217
2011-09-23,1.8768,-11.99,3.71965,4.6441,1.67314,11.48671,5.4445,16.28747,-0.73615,32.41217
2011-09-26,1.8558,-11.98,3.66407,4.6441,1.67333,10.35026,4.77195,16.30562,-0.73472,32.41217
2011-09-27,1.846,-11.99,3.62993,4.67414,1.66826,10.12419,4.57397,16.30604,-0.73531,32.41217
2011-09-28,1.802,-11.98,3.71552,4.64256,1.68397,6.77447,3.00437,17.09116,-0.70095,32.41217
2011-09-29,1.8177,-11.98,3.65945,4.64391,1.68129,7.80104,3.46143,17.00629,-0.70445,32.41217
2011-09-30,1.8277,-11.98,3.76027,4.6324,1.69466,7.55761,3.32809,17.01562,-0.70406,32.41217
2011-10-03,1.847,-11.98,3.81661,4.62213,1.70452,8.02774,3.5067,17.05735,-0.70234,30.25982
2011-10-04,1.8877,-11.99,3.70917,4.60307,1.69996,10.47557,4.5319,17.48193,-0.68585,30.25982
2011-10-05,1.8501,-12.0,3.63257,4.60307,1.69484,8.76505,3.72692,17.91505,-0.66983,30.25982
2011-10-06,1.8337,-11.99,3.59099,4.66089,1.68492,8.46176,3.58279,18.06136,-0.66385,30.25982
2011-10-07,1.8067,-11.99,3.58906,4.66231,1.68679,6.86758,2.87837,18.29539,-0.65536,30.25982
2011-10-10,1.7623,-11.99,3.49711,4.69089,1.67443,5.11455,2.13383,19.04866,-0.62944,30.25982
2011-10-11,1.7469,-11.98,3.49226,4.70709,1.67352,4.29148,1.79213,19.12567,-0.62638,30.25982
2011-10-12,1.7388,-11.98,3.44234,4.71277,1.66807,4.15267,1.73601,19.15095,-0.62556,30.25982
2011-10-13,1.774,-11.98,3.42426,4.71052,1.66707,6.21714,2.60355,19.44894,-0.61597,30.25982
2011-10-14,1.7431,-11.98,3.34074,4.74215,1.65442,5.22152,2.18472,19.82927,-0.60416,30.25982
2011-10-17,1.7307,-11.96,3.50826,4.70193,1.68121,2.90136,1.21381,19.84245,-0.60275,30.25982
2011-10-18,1.767,-11.96,3.45189,4.71088,1.6739,5.41269,2.26986,20.19169,-0.59232,30.25982
2011-10-19,1.7575,-11.97,3.53922,4.68574,1.68841,4.01028,1.67869,20.18374,-0.59305,30.25982
2011-10-20,1.7613,-11.47,3.54904,4.6983,1.70836,3.0517,1.27879,20.18286,-0.5683,30.25982
2011-10-21,1.787,-11.48,3.44426,4.69647,1.69558,5.25104,2.20751,20.26342,-0.56654,30.25982
2011-10-24,1.7676,-11.48,3.37622,4.71358,1.68619,4.71523,1.9814,20.35596,-0.56396,30.25982
2011-10-25,1.7493,-11.49,3.47259,4.70881,1.70026,2.8437,1.19425,20.22225,-0.56819,30.25982
2011-10-26,1.7615,-11.48,3.39652,4.69052,1.69281,3.97762,1.67279,20.24428,-0.56707,30.25982
2011-10-27,1.758,-11.48,3.23711,4.71921,1.66941,5.17082,2.17394,20.10385,-0.57103,30.25982
2011-10-28,1.709,-11.49,3.1999,4.69966,1.66627,2.53197,1.06223,20.96556,-0.54804,30.25982
2011-10-31,1.6871,-11.49,3.39986,4.69647,1.69424,-0.4222,-0.17731,21.15655,-0.54309,30.25982
2011-11-01,1.6924,-11.49,3.54875,4.69629,1.71501,-1.3269,-0.55829,21.15806,-0.54306,30.02081
2011-11-02,1.742,-11.49,3.4886,4.69446,1.70652,2.05766,0.86618,21.82005,-0.52658,30.02081
2011-11-03,1.7333,-11.49,3.41773,4.708,1.69627,2.15977,0.91136,21.7875,-0.52737,30.02081
2011-11-04,1.7315,-11.49,3.40652,4.71823,1.6946,2.15442,0.91081,21.79146,-0.52727,30.02081
2011-11-07,1.749,-11.49,3.39618,4.7411,1.69211,3.3067,1.40142,21.5542,-0.53307,30.02081
2011-11-08,1.7499,-11.49,3.31346,4.74493,1.681,4.01725,1.70551,21.53057,-0.53366,30.02081
2011-11-09,1.7395,-11.49,3.58795,4.72126,1.72317,0.94302,0.40168,21.57819,-0.53248,30.02081
2011-11-10,1.7566,-11.49,3.49073,4.73365,1.70866,2.76687,1.18263,21.57751,-0.5325,30.02081
2011-11-11,1.76,-11.49,3.40253,4.7376,1.69641,3.67994,1.57702,21.34473,-0.53831,30.02081
2011-11-14,1.7399,-11.49,3.43817,4.71752,1.70369,2.10323,0.90171,21.48733,-0.53473,30.02081
2011-11-15,1.7595,-11.49,3.44106,4.72197,1.70428,3.18866,1.36827,21.54927,-0.5332,30.02081
2011-11-16,1.7693,-11.49,3.51184,4.71743,1.71571,3.07561,1.31869,21.31292,-0.53911,30.02081
2011-11-17,1.7703,-11.48,3.54125,4.68417,1.72305,2.70516,1.15945,21.23831,-0.54053,30.02081
2011-11-18,1.7645,-11.49,3.46574,4.67805,1.71193,3.02453,1.29741,21.2529,-0.54063,30.02081
2011-11-21,1.7778,-11.48,3.49378,4.67805,1.71712,3.47265,1.49008,21.26351,-0.53989,30.02081
2011-11-22,1.8042,-11.48,3.4648,4.69162,1.71257,5.2121,2.23564,21.40478,-0.53633,30.02081
2011-11-23,1.8117,-11.48,3.52577,4.67302,1.72372,4.97804,2.1255,21.40914,-0.53622,30.02081
2011-11-24,1.8593,-11.48,3.52577,4.67302,1.72459,7.5212,3.19808,21.88468,-0.52457,30.02081
2011-11-25,1.8755,-11.48,3.54009,4.66721,1.72836,8.16997,3.44032,21.88631,-0.52453,30.02081
2011-11-28,1.8803,-11.47,3.46979,4.69135,1.71806,9.02328,3.75634,21.83344,-0.52534,30.02081
2011-11-29,1.8547,-11.48,3.42231,4.70791,1.71076,8.07832,3.31886,22.05559,-0.5205,30.02081
2011-11-30,1.8415,-11.49,3.32504,4.70791,1.6957,8.24843,3.35979,22.08028,-0.52037,30.02081
2011-12-01,1.808,-10.99,3.31091,4.69126,1.72046,4.96289,2.00336,22.1892,-0.49529,27.65267
2011-12-02,1.799,-10.98,3.31491,4.69993,1.7224,4.35117,1.75319,22.12916,-0.49618,27.65267
2011-12-05,1.7952,-10.99,3.32647,4.69875,1.7247,4.00633,1.6122,22.11552,-0.49694,27.65267
2011-12-06,1.7796,-10.99,3.33684,4.70782,1.72725,2.98575,1.20145,22.18191,-0.49545,27.65267
2011-12-07,1.791,-10.98,3.35585,4.6962,1.73201,3.34916,1.35052,22.20112,-0.49457,27.65267
2011-12-08,1.7987,-10.99,3.42067,4.68315,1.74342,3.12134,1.25861,22.05938,-0.4982,27.65267
2011-12-09,1.817,-10.99,3.27261,4.68786,1.71886,5.55281,2.24006,21.90264,-0.50177,27.65267
2011-12-12,1.7973,-10.99,3.24532,4.67526,1.71506,4.6835,1.88289,22.01827,-0.49913,27.65267
2011-12-13,1.8092,-10.99,3.23514,4.69592,1.71409,5.40026,2.16661,22.01055,-0.49931,27.65267
2011-12-14,1.8577,-10.99,3.25963,4.65415,1.71871,7.77661,3.10936,22.51363,-0.48815,27.65267
2011-12-15,1.8763,-11.0,3.22327,4.65482,1.71264,9.12641,3.61908,22.57948,-0.48717,27.65267
2011-12-16,1.8588,-11.0,3.19006,4.63812,1.70739,8.49661,3.32872,21.08918,-0.52159,27.65267
2011-12-19,1.853,-10.99,3.21567,4.64092,1.71301,7.85538,3.04456,21.09184,-0.52105,27.65267
2011-12-20,1.8665,-10.99,3.14501,4.6703,1.70195,9.22907,3.54517,20.62537,-0.53284,27.65267
2011-12-21,1.8418,-10.99,3.06479,4.67944,1.68905,8.65787,3.28572,20.26964,-0.54219,27.65267
2011-12-22,1.8553,-10.99,3.05211,4.68111,1.68758,9.47489,3.5579,20.20169,-0.54401,27.65267
2011-12-23,1.851,-10.99,3.03158,4.68176,1.68479,9.40865,3.48936,20.17878,-0.54463,27.65267
2011-12-26,1.858,-10.99,3.03158,4.68176,1.68554,9.74141,3.57076,19.58338,-0.56119,27.65267
2011-12-27,1.8575,-10.98,3.08694,4.69382,1.69707,9.03311,3.27262,19.51293,-0.5627,27.65267
2011-12-28,1.86,-10.99,3.15785,4.67805,1.70914,8.45872,3.03812,19.48613,-0.56399,27.65267
2011-12-29,1.8767,-10.98,3.12016,4.68222,1.70404,9.65141,3.43534,19.45522,-0.56437,27.65267
2011-12-30,1.8652,-10.98,3.15274,4.67637,1.71028,8.67109,3.05097,18.99481,-0.57805,27.65267
2012-01-02,1.8623,-10.98,3.15274,4.67637,1.71095,8.47652,2.956,18.56107,-0.59156,30.85482
2012-01-03,1.8701,-10.98,3.13419,4.71966,1.71096,8.89352,3.07546,18.48728,-0.59392,30.85482
2012-01-04,1.8345,-10.98,3.10099,4.73356,1.70696,7.20558,2.46936,18.6534,-0.58863,30.85482
2012-01-05,1.8184,-10.98,3.06712,4.72508,1.70122,6.66135,2.26916,18.04052,-0.60863,30.85482
2012-01-06,1.843,-10.98,3.02675,4.72792,1.69491,8.37677,2.83947,18.12324,-0.60585,30.85482
2012-01-09,1.8476,-10.99,3.04785,4.72251,1.69854,8.4116,2.82906,18.09144,-0.60747,30.85482
2012-01-10,1.841,-10.98,3.02965,4.72986,1.69745,8.11847,2.70952,17.69137,-0.62064,30.85482
2012-01-11,1.799,-10.98,3.0469,4.72064,1.70067,5.62077,1.86243,17.95343,-0.61158,30.85482
2012-01-12,1.8035,-10.97,3.01896,4.71187,1.69614,6.13765,2.02697,17.89009,-0.61319,30.85482
2012-01-13,1.7809,-10.97,3.04023,4.70447,1.69988,4.65586,1.53139,17.60858,-0.62299,30.85482
2012-01-16,1.7908,-10.97,3.04023,4.70447,1.7003,5.18576,1.70173,17.60518,-0.62311,30.85482
2012-01-17,1.7793,-10.97,3.10009,4.71429,1.71256,3.82285,1.25108,17.6522,-0.62145,30.85482
2012-01-18,1.7795,-10.97,3.03927,4.70646,1.7011,4.50563,1.47234,17.41054,-0.63008,30.85482
2012-01-19,1.7683,-10.45,2.98921,4.71447,1.72868,2.26615,0.73895,17.31807,-0.60342,30.85482
2012-01-20,1.7555,-10.45,2.90581,4.69921,1.71218,2.49838,0.81423,17.25256,-0.60571,30.85482
2012-01-23,1.7601,-10.46,2.92692,4.70574,1.71646,2.51076,0.81774,17.20388,-0.608,30.85482
2012-01-24,1.752,-10.46,2.93969,4.70075,1.71875,1.91584,0.62363,17.22413,-0.60729,30.85482
2012-01-25,1.7584,-10.46,2.90745,4.69875,1.713,2.6157,0.85116,16.25469,-0.64351,30.85482
2012-01-26,1.76,-10.45,2.92155,4.70764,1.71772,2.43137,0.79066,16.02676,-0.65203,30.85482
2012-01-27,1.8525,-10.44,2.91939,4.71367,1.71913,7.47153,2.42821,18.94682,-0.55102,30.85482
2012-01-30,1.738,-10.45,2.96527,4.70728,1.7273,0.61781,0.19963,22.2662,-0.46932,30.85482
2012-01-31,1.7463,-10.44,2.96733,4.70935,1.7288,1.00692,0.32537,22.2633,-0.46893,30.85482
2012-02-01,1.7448,-10.44,2.92047,4.71456,1.72105,1.37031,0.44279,22.26295,-0.46894,34.00895
2012-02-02,1.7317,-10.42,2.88926,4.71912,1.71806,0.79055,0.25601,22.22187,-0.46891,34.00895
2012-02-03,1.7181,-10.42,2.83908,4.74127,1.7119,0.36163,0.11713,22.27497,-0.46779,34.00895
2012-02-06,1.7153,-10.42,2.87695,4.75299,1.72053,-0.30415,-0.09854,22.24699,-0.46838,34.00895
2012-02-07,1.7237,-10.42,2.87074,4.75557,1.71984,0.22416,0.07264,22.17893,-0.46982,34.00895
2012-02-08,1.7247,-10.41,2.89922,4.76388,1.72709,-0.13862,-0.04493,22.17504,-0.46945,34.00895
2012-02-09,1.7184,-10.41,2.92477,4.77567,1.73349,-0.87429,-0.28346,22.06988,-0.47168,34.00895
2012-02-10,1.7155,-10.41,3.03447,4.76482,1.75275,-2.14842,-0.69709,21.94951,-0.47427,34.00895
2012-02-13,1.7188,-10.39,2.94654,4.77009,1.73837,-1.13192,-0.36734,21.92145,-0.47397,34.00895
2012-02-14,1.7152,-10.38,2.97246,4.77204,1.74424,-1.67878,-0.54514,21.92286,-0.47348,34.00895
2012-02-15,1.7161,-10.39,3.05117,4.77854,1.75889,-2.46314,-0.80027,21.91646,-0.47407,34.00895
2012-02-16,1.7277,-10.4,2.95595,4.78841,1.74132,-0.78549,-0.2552,21.90561,-0.47476,34.00895
2012-02-17,1.7155,-10.41,2.87807,4.78399,1.72594,-0.60646,-0.19715,21.72447,-0.47918,34.00895
2012-02-20,1.7093,-10.41,2.87807,4.78399,1.72607,-0.97658,-0.31756,21.7081,-0.47954,34.00895
2012-02-21,1.7172,-10.42,2.90087,4.80123,1.73142,-0.82446,-0.26807,21.04457,-0.49514,34.00895
2012-02-22,1.7145,-10.41,2.90087,4.81137,1.73318,-1.08349,-0.35227,20.94747,-0.49696,34.00895
2012-02-23,1.7051,-10.41,2.82138,4.81721,1.71918,-0.82234,-0.26736,20.94719,-0.49696,34.00895
2012-02-24,1.7128,-10.4,2.85128,4.83207,1.72701,-0.82598,-0.26855,20.83402,-0.49918,34.00895
2012-02-27,1.7066,-10.38,2.90087,4.82165,1.73624,-1.72205,-0.5599,20.80555,-0.49891,34.00895
2012-02-28,1.7059,-10.4,2.88815,4.80033,1.72935,-1.36534,-0.44381,20.51175,-0.50703,34.00895
2012-02-29,1.6977,-10.42,2.91398,4.80942,1.73335,-2.07795,-0.67531,20.51039,-0.50804,34.00895
2012-03-01,1.7166,-10.42,2.84839,4.83787,1.72417,-0.44011,-0.14298,20.64825,-0.50464,27.91682
2012-03-02,1.7135,-10.43,2.85013,4.81746,1.72168,-0.47614,-0.15474,20.58533,-0.50667,27.91682
2012-03-05,1.7293,-10.42,2.89315,4.81867,1.73081,-0.08739,-0.02842,20.63138,-0.50506,27.91682
2012-03-06,1.7378,-10.42,3.03831,4.80386,1.75635,-1.06174,-0.34565,20.6376,-0.5049,27.91682
2012-03-07,1.7593,-10.42,2.94812,4.82125,1.74212,0.9811,0.3197,20.68779,-0.50368,27.91682
2012-03-08,1.7658,-9.67,2.88759,4.83183,1.79023,-1.37415,-0.44821,20.59557,-0.46952,27.91682
2012-03-09,1.7613,-9.66,2.83966,4.83612,1.78246,-1.19399,-0.38954,20.55259,-0.47001,27.91682
2012-03-12,1.7891,-9.66,2.74983,4.83103,1.76516,1.34717,0.43966,20.08691,-0.48091,27.91682
2012-03-13,1.7988,-9.67,2.69463,4.83803,1.75634,2.3889,0.77984,20.01008,-0.48326,27.91682
2012-03-14,1.7913,-9.66,2.72851,4.82807,1.76414,1.5277,0.49877,19.94515,-0.48433,27.91682
2012-03-15,1.8034,-9.67,2.73567,4.81665,1.76569,2.11308,0.69201,19.99155,-0.4837,27.91682
2012-03-16,1.7994,-9.66,2.67208,4.83477,1.75919,2.26026,0.74086,19.93316,-0.48462,27.91682
2012-03-19,1.7975,-9.65,2.71071,4.83398,1.76931,1.58065,0.51859,19.76475,-0.48824,27.91682
2012-03-20,1.8207,-9.65,2.74599,4.82125,1.77642,2.46234,0.80972,19.88256,-0.48535,27.91682
2012-03-21,1.8141,-9.66,2.71668,4.82189,1.77256,2.31638,0.76257,19.8897,-0.48568,27.91682
2012-03-22,1.8192,-9.67,2.74535,4.81332,1.77791,2.29577,0.75643,19.88255,-0.48636,27.91682
2012-03-23,1.8181,-9.67,2.69598,4.82935,1.77344,2.48721,0.82078,19.88262,-0.48635,27.91682
2012-03-26,1.8093,-9.66,2.65746,4.8335,1.7701,2.1902,0.72343,19.89989,-0.48543,27.91682
2012-03-27,1.8171,-9.66,2.74663,4.83262,1.78871,1.5745,0.52081,19.83258,-0.48708,27.91682
2012-03-28,1.8212,-9.66,2.7389,4.82157,1.78817,1.83046,0.60762,19.80672,-0.48771,27.91682
2012-03-29,1.8234,-9.68,2.73955,4.80721,1.78729,2.00051,0.668,19.80776,-0.4887,27.91682
2012-03-30,1.8208,-9.68,2.74084,4.81121,1.79116,1.64142,0.55115,19.78755,-0.4892,27.91682
2012-04-02,1.8257,-9.67,2.74983,4.83175,1.79854,1.49894,0.50403,19.42348,-0.49785,24.02694
2012-04-03,1.8328,-9.67,2.75111,4.82719,1.79985,1.81419,0.61235,19.35718,-0.49956,24.02694
2012-04-04,1.8292,-9.67,2.79972,4.8068,1.80735,1.20155,0.40667,19.17086,-0.50441,24.02694
2012-04-05,1.8275,-9.67,2.81541,4.81567,1.81354,0.76679,0.26053,19.16412,-0.50459,24.02694
2012-04-06,1.8229,-9.68,2.81541,4.81567,1.81351,0.51642,0.17577,19.15765,-0.50528,24.02694
2012-04-09,1.8219,-9.66,2.93439,4.8095,1.83784,-0.87119,-0.29689,18.58333,-0.51982,24.02694
2012-04-10,1.819,-9.66,3.01504,4.78649,1.85006,-1.69335,-0.57857,18.58079,-0.51989,24.02694
2012-04-11,1.8325,-9.66,2.99673,4.78899,1.84732,-0.80541,-0.27613,18.45333,-0.52348,24.02694
2012-04-12,1.8346,-9.66,2.84491,4.80164,1.82051,0.77086,0.26523,18.42496,-0.52429,24.02694
2012-04-13,1.8262,-9.66,2.97298,4.80263,1.8468,-1.12174,-0.38696,18.40077,-0.52498,24.02694
2012-04-16,1.8374,-9.67,2.97298,4.77643,1.84162,-0.22946,-0.07941,18.4359,-0.52452,24.02694
2012-04-17,1.8457,-9.67,2.91561,4.77727,1.83108,0.79551,0.27609,18.40015,-0.52554,24.02694
2012-04-18,1.8584,-9.68,2.92531,4.77043,1.83159,1.45315,0.50554,18.36905,-0.52697,24.02694
2012-04-19,1.8777,-8.93,2.91017,4.77068,1.90722,-1.55986,-0.54403,18.46285,-0.48367,24.02694
2012-04-20,1.8795,-8.92,2.85877,4.7771,1.89881,-1.02209,-0.35728,18.42728,-0.48407,24.02694
2012-04-23,1.8718,-8.92,2.94286,4.77668,1.91679,-2.37503,-0.83198,18.4492,-0.48349,24.02694
2012-04-24,1.8798,-8.91,2.89591,4.77204,1.9068,-1.42623,-0.50077,18.46079,-0.48264,24.02694
2012-04-25,1.8793,-8.91,2.82257,4.78013,1.89261,-0.70551,-0.24805,15.38918,-0.57898,24.02694
2012-04-26,1.8788,-8.91,2.78748,4.78682,1.88628,-0.39718,-0.13971,8.22185,-1.0837,24.02694
2012-04-27,1.8838,-8.91,2.79239,4.78607,1.88739,-0.19054,-0.06708,8.19587,-1.08713,24.02694
2012-04-30,1.886,-8.9,2.842,4.78307,1.89905,-0.68973,-0.24328,8.18516,-1.08733,24.02694
2012-05-01,1.9058,-8.91,2.8094,4.78465,1.89173,0.74092,0.26206,8.19192,-1.08766,17.64371
2012-05-02,1.9064,-8.92,2.82613,4.77238,1.89324,0.69293,0.2458,7.97044,-1.11914,17.64371
2012-05-03,1.9222,-8.91,2.86562,4.75428,1.90087,1.11611,0.39709,8.04979,-1.10686,17.64371
2012-05-04,1.9098,-8.93,2.95282,4.72898,1.9145,-0.24594,-0.08761,8.19251,-1.09002,17.64371
2012-05-07,1.9269,-8.9,2.94128,4.7288,1.91587,0.5743,0.20499,8.3178,-1.06999,17.64371
2012-05-08,1.9188,-8.91,2.94707,4.725,1.91655,0.11714,0.04193,8.33317,-1.06922,17.64371
2012-05-09,1.9379,-8.91,2.99972,4.72916,1.92986,0.41592,0.14905,8.46028,-1.05316,17.64371
2012-05-10,1.9695,-8.9,2.93545,4.725,1.91645,2.7305,0.97958,8.92676,-0.997,17.64371
2012-05-11,1.952,-8.9,2.99022,4.72082,1.93,1.1337,0.40715,9.16055,-0.97156,17.64371
2012-05-14,1.9652,-8.9,3.08512,4.71465,1.95129,0.71029,0.25506,9.20265,-0.96711,17.64371
2012-05-15,1.9926,-8.91,3.08968,4.72064,1.95253,2.03146,0.72945,9.45307,-0.94255,17.64371
2012-05-16,1.9999,-8.9,3.10324,4.71591,1.95683,2.17716,0.78136,9.26343,-0.96077,17.64371
2012-05-17,1.9994,-8.9,3.19826,4.6774,1.97305,1.32659,0.47582,9.19817,-0.96758,17.64371
2012-05-18,2.0077,-8.92,3.22287,4.67414,1.97653,1.56464,0.56108,9.19425,-0.97017,17.64371
2012-05-21,2.022,-8.91,3.0915,4.6896,1.95022,3.61436,1.29571,9.20238,-0.96823,17.64371
2012-05-22,2.0323,-8.91,3.11263,4.68592,1.95582,3.83574,1.37282,9.06536,-0.98286,17.64371
2012-05-23,2.0873,-8.91,3.10593,4.65928,1.95084,6.76105,2.4159,10.24657,-0.86956,17.64371
2012-05-24,2.0271,-8.9,3.06991,4.66861,1.94769,3.99646,1.42079,12.05761,-0.73812,17.64371
2012-05-25,2.0274,-8.91,3.08007,4.67124,1.95069,3.85697,1.36849,12.05221,-0.73928,17.64371
2012-05-28,1.9847,-8.91,3.08007,4.67124,1.95223,1.64959,0.5847,12.89275,-0.69109,17.64371
2012-05-29,1.9819,-8.91,3.04595,4.66983,1.94457,1.90129,0.67412,12.79599,-0.69631,17.64371
2012-05-30,1.992,-8.93,3.18387,4.63928,1.97065,1.07733,0.38212,12.7807,-0.69871,17.64371
2012-05-31,2.0149,-8.43,3.18055,4.6237,2.029,-0.69715,-0.24748,12.83712,-0.65669,17.64371
2012-06-01,2.0253,-8.43,3.28316,4.58935,2.04902,-1.16426,-0.41412,12.83914,-0.65659,14.89993
2012-06-04,2.0388,-8.42,3.2627,4.5936,2.04592,-0.3484,-0.12401,12.71173,-0.66238,14.89993
2012-06-05,2.0529,-8.42,3.20599,4.5935,2.03189,1.02893,0.36661,12.74166,-0.66082,14.89993
2012-06-06,2.0215,-8.41,3.09829,4.61155,2.01025,0.55799,0.19901,13.19602,-0.63731,14.89993
2012-06-07,2.0316,-8.41,3.07823,4.60447,2.00461,1.33728,0.47753,12.92288,-0.65078,14.89993
2012-06-08,2.0296,-8.41,3.05542,4.59986,1.99885,1.52662,0.54538,12.91798,-0.65103,14.89993
2012-06-11,2.022,-8.41,3.15955,4.58497,2.02329,-0.06394,-0.02285,12.91007,-0.65143,14.89993
2012-06-12,2.0637,-8.4,3.09513,4.57615,2.00688,2.79192,0.99807,13.39797,-0.62696,14.89993
2012-06-13,2.0668,-8.4,3.18924,4.57605,2.03209,1.69365,0.60505,13.36938,-0.6283,14.89993
2012-06-14,2.0709,-8.39,3.07639,4.57502,2.00531,3.21839,1.15002,13.35311,-0.62832,14.89993
2012-06-15,2.0578,-8.41,3.04975,4.58098,1.99846,2.926,1.0446,13.28619,-0.63299,14.89993
2012-06-18,2.0482,-8.4,2.90799,4.56487,1.96238,4.28043,1.52708,13.30563,-0.63131,14.89993
2012-06-19,2.0601,-8.41,2.91126,4.56185,1.96289,4.83348,1.72089,13.32705,-0.63105,14.89993
2012-06-20,2.0279,-8.41,2.84723,4.52926,1.94296,4.27879,1.5193,13.7828,-0.61018,14.89993
2012-06-21,2.0225,-8.41,2.99972,4.49122,1.97591,2.33035,0.82569,13.74724,-0.61176,14.89993
2012-06-22,2.0622,-8.41,2.89646,4.51064,1.95438,5.36983,1.9023,14.18695,-0.5928,14.89993
2012-06-25,2.066,-8.4,3.01455,4.51097,1.98684,3.90688,1.37923,14.1869,-0.5921,14.89993
2012-06-26,2.0603,-8.4,2.98163,4.53281,1.98325,3.81128,1.3433,14.21813,-0.5908,14.89993
2012-06-27,2.0747,-8.41,2.96785,4.53796,1.98027,4.65837,1.63986,14.23643,-0.59074,14.89993
2012-06-28,2.0745,-8.41,2.98113,4.51481,1.98076,4.6241,1.62414,14.24243,-0.59049,14.89993
2012-06-29,2.0768,-8.41,2.83791,4.58292,1.95751,5.91573,2.07287,14.23856,-0.59065,14.89993
2012-07-02,2.0087,-8.4,2.82138,4.57821,1.95527,2.69574,0.94081,15.88033,-0.52896,16.38212
2012-07-03,1.9846,-8.41,2.81301,4.61195,1.95836,1.33099,0.4642,16.10395,-0.52223,16.38212
2012-07-04,2.0084,-8.41,2.81301,4.61195,1.95866,2.50784,0.87454,16.22294,-0.5184,16.38212
2012-07-05,2.0263,-8.42,2.8622,4.61215,1.97038,2.79857,0.97529,16.283,-0.5171,16.38212
2012-07-06,2.0187,-8.42,2.83908,4.5869,1.96076,2.91206,1.01407,16.30647,-0.51636,16.38212
2012-07-09,2.0276,-8.41,2.88926,4.60837,1.97913,2.41961,0.84191,16.27458,-0.51676,16.38212
2012-07-10,2.0314,-8.41,2.92959,4.58466,1.98564,2.27843,0.79254,16.2744,-0.51676,16.38212
2012-07-11,2.0325,-8.4,2.88759,4.60747,1.98097,2.56801,0.89287,16.22715,-0.51765,16.38212
2012-07-12,2.0352,-7.9,2.90854,4.61581,2.05468,-0.95267,-0.33104,16.20243,-0.48758,16.38212
2012-07-13,2.0367,-7.9,2.8178,4.62889,2.03299,0.18249,0.06341,16.1927,-0.48787,16.38212
2012-07-16,2.0373,-7.9,2.83966,4.64005,2.04079,-0.17128,-0.05952,16.15865,-0.4889,16.38212
2012-07-17,2.0341,-7.9,2.80215,4.64439,2.03174,0.11606,0.04033,16.0681,-0.49166,16.38212
2012-07-18,2.0206,-7.91,2.78254,4.65548,2.02741,-0.33667,-0.11705,16.14614,-0.4899,16.38212
2012-07-19,2.0185,-7.91,2.73761,4.68028,2.0202,-0.08408,-0.02923,16.11721,-0.49078,16.38212
2012-07-20,2.0112,-7.91,2.78932,4.67124,2.03193,-1.02567,-0.3566,16.13339,-0.49029,16.38212
2012-07-23,2.0229,-7.9,2.92424,4.63725,2.06203,-1.91611,-0.66612,16.15854,-0.48891,16.38212
2012-07-24,2.0364,-7.9,3.01896,4.6388,2.08684,-2.44675,-0.85029,16.19277,-0.48787,16.38212
2012-07-25,2.0455,-7.9,2.96218,4.64804,2.07268,-1.32016,-0.45867,16.20301,-0.48756,16.38212
2012-07-26,2.0327,-7.89,2.86391,4.65643,2.04926,-0.81131,-0.28182,16.27387,-0.48483,16.38212
2012-07-27,2.0201,-7.89,2.81541,4.66786,2.03843,-0.90337,-0.31378,16.22986,-0.48614,16.38212
2012-07-30,2.0209,-7.89,2.89204,4.66532,2.05775,-1.80705,-0.6276,16.22975,-0.48614,16.38212
2012-07-31,2.0403,-7.89,2.94075,4.6532,2.06778,-1.33801,-0.46456,16.25567,-0.48537,16.38212
2012-08-01,2.0567,-7.9,2.94233,4.66306,2.06835,-0.56493,-0.19644,16.24501,-0.4863,15.1918
2012-08-02,2.0421,-7.91,2.86619,4.6625,2.04671,-0.22553,-0.07842,16.25119,-0.48673,15.1918
2012-08-03,2.0484,-7.91,2.74983,4.6908,2.02148,1.3227,0.45996,16.22298,-0.48758,15.1918
2012-08-06,2.027,-7.9,2.76946,4.69638,2.02928,-0.11238,-0.03907,16.28289,-0.48517,15.1918
2012-08-07,2.0285,-7.89,2.77196,4.7185,2.0353,-0.33444,-0.11632,15.97694,-0.49384,15.1918
2012-08-08,2.0271,-7.89,2.72916,4.71975,2.02422,0.14227,0.04951,15.86465,-0.49733,15.1918
2012-08-09,2.0211,-7.89,2.72654,4.72933,2.02527,-0.20593,-0.07167,15.83066,-0.4984,15.1918
2012-08-10,2.0171,-7.9,2.69056,4.72695,2.01417,0.14535,0.05058,15.6009,-0.50638,15.1918
2012-08-13,2.0139,-7.89,2.6174,4.73268,1.99775,0.80532,0.28027,15.58884,-0.50613,15.1918
2012-08-14,2.0197,-7.89,2.698,4.73646,2.01935,0.01719,0.00598,15.59844,-0.50582,15.1918
2012-08-15,2.0258,-7.91,2.68307,4.75574,2.01613,0.47831,0.16661,15.58837,-0.50743,15.1918
2012-08-16,2.0236,-7.91,2.65956,4.76132,2.01119,0.61503,0.21423,15.52576,-0.50948,15.1918
2012-08-17,2.0151,-7.91,2.59898,4.73365,1.99101,1.20255,0.41897,15.51367,-0.50987,15.1918
2012-08-20,2.0145,-7.89,2.64048,4.73356,2.00452,0.49666,0.17301,14.52338,-0.54326,15.1918
2012-08-21,2.0143,-7.89,2.70938,4.7418,2.02377,-0.46922,-0.16345,13.30059,-0.59321,15.1918
2012-08-22,2.0109,-7.89,2.71536,4.74415,2.02541,-0.71904,-0.25081,13.30427,-0.59304,15.1918
2012-08-23,2.0153,-7.89,2.77009,4.74502,2.03954,-1.19539,-0.41694,12.59654,-0.62636,15.1918
2012-08-24,2.0228,-7.9,2.71998,4.7326,2.02277,0.00139,0.00048,12.61089,-0.62644,15.1918
2012-08-27,2.0231,-7.89,2.79423,4.72082,2.04115,-0.88843,-0.31046,12.57377,-0.6275,15.1918
2012-08-28,2.031,-7.9,2.80275,4.72366,2.04229,-0.5543,-0.19368,12.39034,-0.63759,15.1918
2012-08-29,2.0409,-7.88,2.83674,4.72331,2.05345,-0.61326,-0.21471,12.38576,-0.63621,15.1918
2012-08-30,2.047,-7.4,2.88088,4.72429,2.13029,-3.98818,-1.39666,12.32894,-0.60021,15.1918
2012-08-31,2.0455,-7.41,2.86049,4.74119,2.12471,-3.79928,-1.32871,12.25136,-0.60483,15.1918
2012-09-03,2.0277,-7.41,2.86049,4.74119,2.12328,-4.60577,-1.60961,11.9811,-0.61847,13.51907
2012-09-04,2.0286,-7.4,2.88926,4.73778,2.13021,-4.88747,-1.7054,11.93942,-0.6198,13.51907
2012-09-05,2.0367,-7.39,2.87582,4.72818,2.12461,-4.22591,-1.47922,11.96451,-0.61766,13.51907
2012-09-06,2.0362,-7.39,2.74727,4.73171,2.08937,-2.57781,-0.90098,11.93968,-0.61894,13.51907
2012-09-07,2.025,-7.39,2.66584,4.73839,2.06793,-2.09791,-0.73408,11.25415,-0.65665,13.51907
2012-09-10,2.0253,-7.4,2.78994,4.74328,2.09921,-3.58432,-1.25496,11.2486,-0.65786,13.51907
2012-09-11,2.0193,-7.4,2.79789,4.7484,2.10073,-3.95361,-1.38358,11.25095,-0.65772,13.51907
2012-09-12,2.0119,-7.4,2.76001,4.75325,2.08979,-3.79846,-1.33089,11.20614,-0.66035,13.51907
2012-09-13,2.0238,-7.4,2.64262,4.76132,2.05875,-1.71202,-0.59945,11.24002,-0.65836,13.51907
2012-09-14,2.0182,-7.39,2.67484,4.76132,2.06775,-2.42553,-0.84972,11.18509,-0.6607,13.51907
2012-09-17,2.0093,-7.39,2.68034,4.76132,2.0682,-2.88944,-1.01387,10.77174,-0.68605,13.51907
2012-09-18,2.0303,-7.4,2.65183,4.71877,2.05421,-1.17095,-0.41099,10.96268,-0.67502,13.51907
2012-09-19,2.0199,-7.39,2.63045,4.68389,2.04644,-1.30533,-0.46077,10.27744,-0.71905,13.51907
2012-09-20,2.0215,-7.39,2.64404,4.70075,2.05114,-1.45563,-0.51459,10.27058,-0.71953,13.51907
2012-09-21,2.0181,-7.39,2.63763,4.71331,2.05021,-1.57833,-0.55818,10.26252,-0.7201,13.51907
2012-09-24,2.0188,-7.39,2.64971,4.69875,2.0517,-1.61645,-0.57202,10.15616,-0.72764,13.51907
2012-09-25,2.0235,-7.39,2.73631,4.70456,2.07408,-2.46873,-0.87354,10.17096,-0.72658,13.51907
2012-09-26,2.0282,-7.39,2.82197,4.70084,2.09541,-3.26021,-1.15669,10.18113,-0.72585,13.51907
2012-09-27,2.0332,-7.41,2.69733,4.71859,2.06103,-1.35944,-0.48197,7.68034,-0.9648,13.51907
2012-09-28,2.027,-7.4,2.75557,4.72197,2.07714,-2.44369,-0.86677,7.29737,-1.01406,13.51907
2012-10-01,2.0226,-7.41,2.79239,4.72019,2.08462,-3.02047,-1.07085,6.92269,-1.07039,12.90636
2012-10-02,2.023,-7.41,2.7543,4.71465,2.07368,-2.47427,-0.87663,6.68996,-1.10763,12.90636
2012-10-03,2.0251,-7.41,2.73631,4.6837,2.06678,-2.03724,-0.72509,6.64986,-1.11431,12.90636
2012-10-04,2.0187,-7.4,2.67759,4.72366,2.05459,-1.76205,-0.62753,6.62082,-1.11769,12.90636
2012-10-05,2.0161,-7.39,2.66236,4.71868,2.05132,-1.73176,-0.61682,6.61331,-1.11744,12.90636
2012-10-08,1.9974,-7.39,2.71536,4.71689,2.06434,-3.29621,-1.1743,6.86254,-1.07686,12.90636
2012-10-09,2.0287,-7.4,2.79545,4.74057,2.08372,-2.67594,-0.95301,7.5524,-0.97982,12.90636
2012-10-10,2.0307,-7.4,2.79055,4.73909,2.08165,-2.47784,-0.88247,7.55362,-0.97966,12.90636
2012-10-11,2.0394,-7.15,2.74663,4.75109,2.10215,-3.03052,-1.07915,7.60272,-0.94045,12.90636
2012-10-12,2.0391,-7.14,2.7813,4.74162,2.11123,-3.47633,-1.23703,7.59596,-0.93997,12.90636
2012-10-15,2.0419,-7.14,2.72589,4.75186,2.09621,-2.62506,-0.93287,7.47702,-0.95493,12.90636
2012-10-16,2.0355,-7.16,2.72261,4.74554,2.09187,-2.73191,-0.97039,7.50253,-0.95434,12.90636
2012-10-17,2.0334,-7.14,2.71271,4.74554,2.09095,-2.79099,-0.99316,7.46762,-0.95613,12.90636
2012-10-18,2.0299,-7.15,2.71005,4.74554,2.08811,-2.82713,-1.00636,7.3884,-0.96773,12.90636
2012-10-19,2.026,-7.15,2.83674,4.70175,2.11966,-4.51926,-1.60777,7.27539,-0.98276,12.90636
2012-10-22,2.026,-7.15,2.81061,4.69538,2.11183,-4.14933,-1.47248,7.21672,-0.99075,12.90636
2012-10-23,2.023,-7.14,2.93545,4.68444,2.1445,-5.83269,-2.06572,7.11429,-1.00361,12.90636
2012-10-24,2.0254,-7.14,2.90854,4.68074,2.13605,-5.31933,-1.87911,7.00779,-1.01887,12.90636
2012-10-25,2.0241,-7.14,2.89702,4.68666,2.13178,-5.18327,-1.82588,7.00873,-1.01873,12.90636
2012-10-26,2.024,-7.13,2.87976,4.69638,2.12729,-4.97748,-1.74786,6.73592,-1.0585,12.90636
2012-10-29,2.0252,-7.11,2.87976,4.69638,2.12866,-4.98257,-1.745,6.5322,-1.08845,12.90636
2012-10-30,2.0309,-7.11,2.87976,4.69638,2.12752,-4.64758,-1.62547,6.40796,-1.10956,12.90636
2012-10-31,2.029,-7.14,2.92316,4.68859,2.13389,-5.04052,-1.7598,6.37754,-1.11955,12.90636
2012-11-01,2.0279,-7.16,2.81481,4.6837,2.10327,-3.64909,-1.2732,6.02166,-1.18904,11.65736
2012-11-02,2.0295,-7.16,2.86733,4.66042,2.11674,-4.20894,-1.46827,6.02191,-1.18899,11.65736
2012-11-05,2.0288,-7.14,2.91344,4.67963,2.12916,-4.82821,-1.68228,6.02068,-1.18591,11.65736
2012-11-06,2.0342,-7.15,2.86676,4.71016,2.11368,-3.83297,-1.33247,6.01266,-1.18916,11.65736
2012-11-07,2.0291,-7.15,2.94864,4.67115,2.13536,-5.10449,-1.77942,6.02104,-1.1875,11.65736
2012-11-08,2.033,-7.15,2.91723,4.67516,2.12622,-4.48332,-1.56018,6.02209,-1.1873,11.65736
2012-11-09,2.0372,-7.16,2.9237,4.69501,2.12424,-4.18368,-1.45472,6.00932,-1.19148,11.65736
2012-11-12,2.0445,-7.16,2.81421,4.69199,2.09693,-2.53192,-0.87916,6.02129,-1.18911,11.65736
2012-11-13,2.0493,-7.14,2.81241,4.68454,2.09905,-2.39847,-0.83257,6.03185,-1.18372,11.65736
2012-11-14,2.0572,-7.15,2.88592,4.69693,2.11411,-2.72902,-0.94711,6.00763,-1.19015,11.65736
2012-11-15,2.0637,-7.17,2.88982,4.70935,2.11092,-2.26235,-0.78517,6.03264,-1.18854,11.65736
2012-11-16,2.0648,-7.19,2.79789,4.70935,2.08602,-1.02263,-0.35507,6.03191,-1.19199,11.65736
2012-11-19,2.0806,-7.16,2.72392,4.70809,2.0721,0.40959,0.14228,6.18678,-1.15731,11.65736
2012-11-20,2.0772,-7.17,2.71337,4.69893,2.0694,0.37632,0.13074,6.19269,-1.15782,11.65736
2012-11-21,2.0802,-7.15,2.72851,4.70827,2.07451,0.27374,0.09525,6.16105,-1.16052,11.65736
2012-11-22,2.0956,-7.15,2.72851,4.70827,2.07457,1.0086,0.35102,6.31461,-1.1323,11.65736
2012-11-23,2.1033,-7.15,2.71734,4.71295,2.07165,1.51599,0.5276,6.30984,-1.13315,11.65736
2012-11-26,2.0801,-7.15,2.74084,4.70881,2.07785,0.10843,0.03774,6.66402,-1.07293,11.65736
2012-11-27,2.0813,-7.15,2.76758,4.6993,2.08517,-0.18588,-0.06473,6.64199,-1.07648,11.65736
2012-11-28,2.083,-7.15,2.74148,4.69602,2.07953,0.16654,0.05807,6.63977,-1.07684,11.65736
2012-11-29,2.0919,-7.16,2.71204,4.70737,2.07026,1.03969,0.36307,6.42702,-1.11405,11.65736
2012-11-30,2.0956,-7.17,2.76443,4.7116,2.08073,0.71204,0.24888,6.43204,-1.11473,11.65736
2012-12-03,2.1339,-7.15,2.81181,4.70881,2.09445,1.86618,0.65346,7.30323,-0.97902,10.48439
2012-12-05,2.1183,-7.15,2.80093,4.6896,2.09504,1.10389,0.38755,7.47778,-0.95617,10.48439
2012-12-06,2.0871,-7.15,2.8082,4.67311,2.09974,-0.60384,-0.21366,8.00307,-0.89341,10.48439
2012-12-07,2.076,-7.16,2.76632,4.67302,2.08939,-0.6428,-0.22852,8.08692,-0.88538,10.48439
2012-12-10,2.0735,-7.16,2.77571,4.67591,2.09113,-0.84655,-0.30175,8.06482,-0.88781,10.48439
2012-12-11,2.0762,-7.17,2.74535,4.68222,2.08216,-0.28655,-0.10241,8.02349,-0.89363,10.48439
2012-12-12,2.0756,-7.18,2.76946,4.69592,2.08368,-0.38875,-0.13922,7.94938,-0.90322,10.48439
2012-12-13,2.0704,-7.19,2.80699,4.6813,2.09388,-1.12774,-0.40654,7.94529,-0.90494,10.48439
2012-12-14,2.0843,-7.21,2.83321,4.69272,2.0946,-0.49317,-0.17803,7.98172,-0.90331,10.48439
2012-12-17,2.0851,-7.2,2.79362,4.69272,2.08727,-0.10391,-0.03768,7.72845,-0.93162,10.48439
2012-12-18,2.0951,-7.19,2.74535,4.69272,2.0784,0.8001,0.29214,7.69305,-0.93461,10.48439
2012-12-19,2.088,-7.2,2.85417,4.70375,2.0975,-0.45404,-0.16613,7.73382,-0.93098,10.48439
2012-12-20,2.0692,-7.19,2.87187,4.7023,2.10252,-1.59746,-0.58672,7.95577,-0.90375,10.48439
2012-12-21,2.0693,-7.19,2.88144,4.69107,2.10719,-1.81442,-0.66746,7.95607,-0.90371,10.48439
2012-12-24,2.0563,-7.19,2.88144,4.68951,2.10732,-2.4507,-0.90455,8.05733,-0.89236,10.48439
2012-12-25,2.0749,-7.19,2.88144,4.68951,2.10686,-1.52843,-0.5645,8.2359,-0.87301,10.48439
2012-12-26,2.0771,-7.16,2.96939,4.71016,2.12154,-2.11679,-0.78488,8.22613,-0.8704,10.48439
2012-12-27,2.048,-7.17,2.96887,4.70773,2.11992,-3.4517,-1.28632,8.69522,-0.82459,10.48439
2012-12-28,2.0417,-7.24,3.12325,4.7061,2.14183,-4.78769,-1.7845,8.70702,-0.83151,10.48439
2012-12-31,2.0451,-7.2,2.89148,4.71052,2.09813,-2.55979,-0.95226,8.71229,-0.82642,10.48439
2013-01-01,2.0507,-7.2,2.89148,4.71052,2.09721,-2.24245,-0.83741,8.72574,-0.82514,13.28209
2013-01-02,2.0456,-7.17,2.68649,4.72269,2.05756,-0.58304,-0.21813,8.7162,-0.82261,13.28209
2013-01-03,2.0456,-7.17,2.67828,4.71975,2.05697,-0.55441,-0.20851,8.711,-0.8231,13.28209
2013-01-04,2.0487,-7.18,2.62684,4.71232,2.04924,-0.02632,-0.00991,8.49509,-0.84519,13.28209
2013-01-07,2.0324,-7.18,2.62394,4.71313,2.04852,-0.79024,-0.29803,8.0837,-0.88821,13.28209
2013-01-08,2.0264,-7.18,2.61154,4.71796,2.04447,-0.88797,-0.33529,8.10316,-0.88607,13.28209
2013-01-09,2.0401,-7.19,2.62539,4.71635,2.04642,-0.30911,-0.11683,8.17108,-0.87993,13.28209
2013-01-10,2.0477,-7.19,2.60195,4.71752,2.04206,0.27601,0.10483,8.20465,-0.87633,13.28209
2013-01-11,2.0277,-7.18,2.59227,4.70628,2.04647,-0.92124,-0.35135,8.43417,-0.8513,13.28209
2013-01-14,2.0297,-7.17,2.60417,4.71743,2.04496,-0.74889,-0.28592,8.4143,-0.85212,13.28209
2013-01-15,2.0324,-7.16,2.60639,4.7032,2.05256,-0.98705,-0.37739,8.41629,-0.85073,13.28209
2013-01-17,2.0408,-7.18,2.60786,4.70601,2.04949,-0.42477,-0.16258,8.44905,-0.8498,13.28209
2013-01-18,2.0371,-7.17,2.52252,4.70601,2.03702,0.00417,0.0016,8.44803,-0.84872,13.28209
2013-01-21,2.0298,-7.17,2.52252,4.70601,2.0374,-0.37351,-0.14388,8.47998,-0.84552,13.28209
2013-01-22,2.0387,-7.17,2.52011,4.72224,2.0298,0.43756,0.16875,8.51837,-0.84171,13.28209
2013-01-23,2.041,-7.17,2.52252,4.72562,2.02891,0.59424,0.22947,8.51808,-0.84174,13.28209
2013-01-24,2.0339,-7.17,2.54081,4.72986,2.03008,0.18813,0.07277,8.54736,-0.83886,13.28209
2013-01-25,2.0285,-7.17,2.55645,4.72986,2.0328,-0.21194,-0.08249,8.56484,-0.83714,13.28209
2013-01-28,2.0285,-7.18,2.60786,4.73163,2.03865,-0.49918,-0.19485,8.56409,-0.83838,13.28209
2013-01-29,1.9941,-7.18,2.58852,4.73935,2.03183,-1.87461,-0.73304,9.2032,-0.78016,13.28209
2013-01-30,1.9864,-7.18,2.66166,4.74406,2.04026,-2.67535,-1.04723,9.23022,-0.77788,13.28209
2013-01-31,1.9883,-7.18,2.65886,4.7497,2.03662,-2.40106,-0.93994,9.23373,-0.77758,13.28209
2013-02-01,1.9906,-7.19,2.55723,4.76012,2.01483,-1.20966,-0.47369,9.2358,-0.77849,16.52905
2013-02-04,1.9864,-7.18,2.6858,4.75014,2.03993,-2.65925,-1.04255,9.24286,-0.77682,16.52905
2013-02-05,1.9947,-7.18,2.61885,4.75806,2.02559,-1.53664,-0.60248,9.26766,-0.77474,16.52905
2013-02-06,1.9829,-7.18,2.596,4.75986,2.02104,-1.90513,-0.74669,9.32578,-0.76991,16.52905
2013-02-07,1.9859,-7.18,2.60269,4.76422,2.01953,-1.67942,-0.65787,9.32207,-0.77022,16.52905
2013-02-08,1.9635,-7.18,2.56649,4.77828,2.00683,-2.18285,-0.85495,9.56224,-0.75087,16.52905
2013-02-11,1.9701,-7.16,2.56032,4.77179,2.01086,-2.04779,-0.80155,9.55843,-0.74908,16.52905
2013-02-12,1.9707,-7.16,2.53687,4.77626,2.00478,-1.71464,-0.67072,9.54167,-0.75039,16.52905
2013-02-13,1.9688,-7.15,2.56341,4.77677,2.00917,-2.02961,-0.79363,9.49852,-0.75275,16.52905
2013-02-14,1.9641,-7.14,2.53845,4.77559,2.00675,-2.14839,-0.83956,9.47182,-0.75381,16.52905
2013-02-15,1.9562,-7.15,2.52252,4.77559,2.00299,-2.3638,-0.92318,9.48997,-0.75343,16.52905
2013-02-18,1.9652,-7.15,2.52252,4.77559,2.00247,-1.87855,-0.73376,9.39876,-0.76074,16.52905
2013-02-19,1.9597,-7.13,2.51041,4.76661,2.00687,-2.37849,-0.93034,9.40533,-0.75808,16.52905
2013-02-20,1.9539,-7.13,2.68649,4.75014,2.0414,-4.38068,-1.71224,9.40155,-0.75839,16.52905
2013-02-21,1.9601,-7.12,2.72261,4.73207,2.05684,-4.8175,-1.87755,9.28624,-0.76673,16.52905
2013-02-22,1.9718,-7.12,2.65113,4.73708,2.04276,-3.5353,-1.37303,9.34456,-0.76194,16.52905
2013-02-25,1.9691,-7.13,2.94391,4.74005,2.08427,-5.68406,-2.20348,9.11842,-0.78193,16.52905
2013-02-26,1.9805,-7.11,2.82554,4.72482,2.0755,-4.68548,-1.80778,9.21069,-0.77193,16.52905
2013-02-27,1.9821,-7.14,2.68989,4.71734,2.05542,-3.63228,-1.39713,9.21063,-0.77519,16.52905
2013-02-28,1.9744,-7.14,2.74148,4.71295,2.06515,-4.49365,-1.72531,9.17317,-0.77836,16.52905
2013-03-01,1.9777,-7.14,2.73177,4.70411,2.06799,-4.46446,-1.7091,9.17204,-0.77845,16.95098
2013-03-04,1.9811,-7.14,2.63977,4.7013,2.05519,-3.67157,-1.4016,8.33759,-0.85636,16.95098
2013-03-05,1.9711,-7.17,2.60121,4.71501,2.03843,-3.35906,-1.27991,8.28148,-0.86579,16.95098
2013-03-06,1.9625,-7.15,2.60491,4.71007,2.0433,-4.03475,-1.5349,7.83026,-0.91312,16.95098
2013-03-07,1.9707,-7.15,2.56955,4.71088,2.03704,-3.31096,-1.25662,7.84604,-0.91129,16.95098
2013-03-08,1.9595,-7.15,2.5329,4.70818,2.03252,-3.6589,-1.38652,7.90612,-0.90436,16.95098
2013-03-11,1.9419,-7.15,2.44755,4.70248,2.02213,-4.04869,-1.53135,8.05758,-0.88736,16.95098
2013-03-12,1.9573,-7.15,2.50716,4.69729,2.03312,-3.80054,-1.43417,8.25351,-0.8663,16.95098
2013-03-13,1.9656,-7.16,2.47064,4.68693,2.03126,-3.28575,-1.23743,8.31105,-0.8615,16.95098
2013-03-14,1.9715,-7.15,2.4248,4.69519,2.02024,-2.44199,-0.9183,8.20747,-0.87116,16.95098
2013-03-15,1.972,-7.16,2.4248,4.69483,2.01892,-2.35163,-0.88401,8.20669,-0.87246,16.95098
2013-03-18,1.9788,-7.18,2.59227,4.69483,2.04248,-3.16736,-1.19063,8.17333,-0.87847,16.95098
2013-03-19,1.9828,-7.18,2.66653,4.67703,2.06297,-3.96373,-1.48812,8.17806,-0.87796,16.95098
2013-03-20,1.9826,-7.18,2.53924,4.68878,2.03635,-2.67519,-1.00225,8.00632,-0.89679,16.95098
2013-03-21,1.9844,-7.18,2.63834,4.67721,2.05748,-3.6167,-1.35511,8.01133,-0.89623,16.95098
2013-03-22,2.0051,-7.18,2.60786,4.67898,2.05127,-2.27665,-0.85158,8.22595,-0.87285,16.95098
2013-03-25,2.0065,-7.17,2.62031,4.6837,2.05159,-2.22249,-0.83092,8.00473,-0.89572,16.95098
2013-03-26,2.006,-7.18,2.5471,4.69465,2.03327,-1.35008,-0.5045,7.99842,-0.89768,16.95098
2013-03-27,2.0149,-7.16,2.57642,4.69766,2.03827,-1.15321,-0.43091,7.56913,-0.94595,16.95098
2013-03-28,2.0102,-7.18,2.5416,4.70066,2.02915,-0.93823,-0.35057,7.55929,-0.94982,16.95098
2013-03-29,2.0192,-7.18,2.5416,4.70066,2.02902,-0.48522,-0.18128,7.60872,-0.94365,16.95098
2013-04-01,2.019,-7.17,2.6086,4.71025,2.03573,-0.82535,-0.30835,7.58534,-0.94524,15.84731
2013-04-02,2.0151,-7.18,2.54788,4.70673,2.02684,-0.58077,-0.21696,7.57946,-0.9473,15.84731
2013-04-03,2.0186,-7.19,2.65395,4.67386,2.05888,-1.97585,-0.73835,7.58962,-0.94735,15.84731
2013-04-04,2.021,-7.18,2.63117,4.66664,2.05963,-1.89333,-0.70718,7.58689,-0.94637,15.84731
2013-04-05,2.0128,-7.18,2.63333,4.64554,2.07026,-2.81461,-1.05081,7.46311,-0.96206,15.84731
2013-04-08,1.9832,-7.18,2.57946,4.65072,2.05848,-3.72564,-1.38944,8.00156,-0.89733,15.84731
2013-04-09,1.9897,-7.19,2.55257,4.66561,2.04525,-2.75353,-1.02543,7.90637,-0.90939,15.84731
2013-04-10,1.9806,-7.18,2.51447,4.66146,2.04183,-3.04453,-1.13279,7.90508,-0.90828,15.84731
2013-04-11,1.9732,-7.18,2.50471,4.64698,2.04669,-3.6568,-1.35897,7.70594,-0.93175,15.84731
2013-04-12,1.9748,-7.19,2.48989,4.6358,2.04758,-3.61928,-1.34287,7.70471,-0.9332,15.84731
2013-04-15,1.9662,-7.19,2.84897,4.60906,2.11936,-7.50127,-2.77851,7.7358,-0.92945,15.84731
2013-04-16,1.998,-7.19,2.6362,4.60876,2.08198,-4.11748,-1.51369,8.36846,-0.85918,15.84731
2013-04-17,1.9846,-7.19,2.80397,4.60876,2.10926,-6.09185,-2.23448,8.46096,-0.84979,15.84731
2013-04-18,1.9971,-7.45,2.86562,4.59643,2.09659,-4.8614,-1.77444,8.54026,-0.87234,15.84731
2013-04-19,1.9817,-7.45,2.70605,4.60166,2.06603,-4.16723,-1.51636,8.61655,-0.86461,15.84731
2013-04-22,2.0052,-7.45,2.66653,4.60906,2.05497,-2.45152,-0.89003,8.95314,-0.83211,15.84731
2013-04-23,2.0159,-7.45,2.60121,4.60827,2.04363,-1.36596,-0.49553,8.99819,-0.82794,15.84731
2013-04-24,2.0184,-7.44,2.6108,4.62232,2.03994,-1.06151,-0.385,8.98763,-0.8278,15.84731
2013-04-25,2.0087,-7.45,2.61154,4.6387,2.03205,-1.1556,-0.41922,9.03741,-0.82435,15.84731
2013-04-26,1.9993,-7.45,2.6108,4.63628,2.03266,-1.65462,-0.60018,8.41049,-0.8858,15.84731
2013-04-29,1.9933,-7.45,2.61813,4.64256,2.03084,-1.86602,-0.67668,8.39594,-0.88733,15.84731
2013-04-30,2.0057,-7.45,2.60417,4.62859,2.03381,-1.39199,-0.50467,8.4839,-0.87813,15.84731
2013-05-01,2.0015,-7.44,2.67346,4.60467,2.05629,-2.70069,-0.97908,8.49297,-0.87602,14.29092
2013-05-02,2.0017,-7.45,2.60933,4.63327,2.03177,-1.49083,-0.53998,8.48121,-0.87841,14.29092
2013-05-03,2.0069,-7.45,2.55334,4.64622,2.01662,-0.4831,-0.17493,8.45647,-0.88098,14.29092
2013-05-06,2.0054,-7.46,2.53845,4.65833,2.00834,-0.14671,-0.05318,8.36933,-0.89135,14.29092
2013-05-07,2.0059,-7.46,2.55179,4.64823,2.01481,-0.44297,-0.16062,8.36496,-0.89181,14.29092
2013-05-08,2.0058,-7.46,2.53845,4.64765,2.01293,-0.35481,-0.12875,8.03208,-0.92878,14.29092
2013-05-09,2.0007,-7.46,2.5749,4.6489,2.01879,-0.89989,-0.3271,8.02869,-0.92917,14.29092
2013-05-10,2.0093,-7.46,2.5329,4.64353,2.01399,-0.23315,-0.0848,8.06935,-0.92449,14.29092
2013-05-13,2.0138,-7.45,2.52972,4.63298,2.01887,-0.25161,-0.0916,8.07423,-0.92269,14.29092
2013-05-14,2.0062,-7.45,2.5471,4.63084,2.02259,-0.81375,-0.29625,8.09823,-0.91995,14.29092
2013-05-15,2.0184,-7.46,2.55023,4.64131,2.01769,0.03517,0.0128,8.12854,-0.91775,14.29092
2013-05-16,2.0199,-7.47,2.57032,4.64247,2.01956,0.01702,0.0062,8.08611,-0.92381,14.29092
2013-05-17,2.0226,-7.46,2.52172,4.64169,2.01286,0.48258,0.17569,8.06106,-0.92544,14.29092
2013-05-20,2.0312,-7.45,2.56649,4.64169,2.02142,0.48264,0.17585,8.064,-0.92386,14.29092
2013-05-21,2.0357,-7.46,2.59301,4.64353,2.02419,0.56703,0.20676,8.05397,-0.92625,14.29092
2013-05-22,2.0328,-7.46,2.62612,4.63084,2.035,-0.10822,-0.03948,7.98965,-0.93371,14.29092
2013-05-23,2.0456,-7.45,2.64404,4.62928,2.03976,0.28606,0.10442,8.06358,-0.92391,14.29092
2013-05-24,2.0411,-7.46,2.63834,4.63123,2.03722,0.1904,0.06952,8.01343,-0.93094,14.29092
2013-05-27,2.0469,-7.46,2.63834,4.63123,2.03734,0.46796,0.17091,8.0271,-0.92935,14.29092
2013-05-28,2.0535,-7.45,2.67277,4.6466,2.03785,0.7651,0.27976,7.99449,-0.93189,14.29092
2013-05-29,2.0738,-7.45,2.69665,4.62918,2.04959,1.17434,0.43029,8.20212,-0.9083,14.29092
2013-05-30,2.1073,-7.96,2.67622,4.62683,1.99752,5.35032,1.96378,8.75124,-0.90959,14.29092
2013-05-31,2.1077,-7.96,2.79117,4.60906,2.02401,4.05153,1.48266,8.66653,-0.91848,14.29092
2013-06-03,2.0899,-7.95,2.78994,4.62556,2.01829,3.48677,1.27396,8.80906,-0.90248,7.24005
2013-06-04,2.1213,-7.96,2.78932,4.63706,2.01265,5.25755,1.91934,9.21877,-0.86346,7.24005
2013-06-05,2.124,-7.95,2.8622,4.63512,2.02579,4.73395,1.72375,9.11248,-0.87243,7.24005
2013-06-06,2.1251,-7.95,2.81121,4.64063,2.01663,5.23909,1.90564,8.87066,-0.89621,7.24005
2013-06-07,2.1274,-7.96,2.71734,4.64976,1.99938,6.20624,2.25366,8.77286,-0.90734,7.24005
2013-06-10,2.1274,-7.95,2.73696,4.64391,2.00681,5.83521,2.11058,8.75664,-0.90788,7.24005
2013-06-11,2.1274,-7.95,2.83732,4.63434,2.02535,4.91591,1.77076,8.75293,-0.90827,7.24005
2013-06-12,2.1274,-7.95,2.92262,4.63947,2.03412,4.48365,1.6114,8.7542,-0.90814,7.24005
2013-06-13,2.1527,-7.95,2.79789,4.64679,2.015,6.61031,2.37289,8.99832,-0.8835,7.24005
2013-06-14,2.1168,-7.95,2.842,4.64718,2.02084,4.63932,1.65748,9.70143,-0.81947,7.24005
2013-06-17,2.0964,-7.95,2.82138,4.64718,2.01869,3.77726,1.34721,9.9337,-0.80031,7.24005
2013-06-18,2.1678,-7.95,2.81,4.66363,2.00904,7.6057,2.71198,11.8829,-0.66903,7.24005
2013-06-19,2.1776,-7.95,2.81181,4.66457,2.00927,8.04521,2.85089,11.76011,-0.67601,7.24005
2013-06-20,2.2242,-7.95,3.01994,4.62644,2.05422,7.95021,2.80073,12.41178,-0.64052,7.24005
2013-06-21,2.2557,-7.95,2.93916,4.61423,2.0523,9.44969,3.30778,12.65123,-0.6284,7.24005
2013-06-24,2.2385,-7.94,3.00122,4.6167,2.05996,8.31198,2.8825,12.78175,-0.6212,7.24005
2013-06-25,2.2256,-7.94,2.91615,4.61769,2.05066,8.18659,2.81775,12.84404,-0.61819,7.24005
2013-06-26,2.2102,-7.94,2.84549,4.62163,2.04145,7.94217,2.71468,12.94343,-0.61344,7.24005
2013-06-27,2.1862,-7.94,2.82494,4.63298,2.03363,7.23435,2.45816,13.17435,-0.60269,7.24005
2013-06-28,2.1959,-7.96,2.82494,4.62654,2.03634,7.54402,2.55376,13.17304,-0.60426,7.24005
2013-07-01,2.1892,-7.96,2.79545,4.63473,2.0294,7.57976,2.56009,13.20237,-0.60292,3.62881
2013-07-02,2.2231,-7.97,2.79972,4.64439,2.02393,9.3859,3.15651,13.49921,-0.5904,3.62881
2013-07-03,2.2472,-7.95,2.78501,4.66117,2.01501,10.90594,3.64219,13.57623,-0.58558,3.62881
2013-07-04,2.2634,-7.95,2.78501,4.66117,2.01582,11.58412,3.83292,13.19284,-0.6026,3.62881
2013-07-05,2.246,-7.96,2.70069,4.67954,1.99743,11.72872,3.83688,13.33539,-0.59691,3.62881
2013-07-08,2.2475,-7.95,2.69327,4.67684,2.00066,11.63425,3.76355,13.27244,-0.59899,3.62881
2013-07-09,2.2615,-7.96,2.66375,4.68037,1.99662,12.45717,4.0042,13.24644,-0.60092,3.62881
2013-07-10,2.2541,-7.96,2.65395,4.68684,1.9931,12.3062,3.91425,13.28859,-0.59901,3.62881
2013-07-11,2.2704,-8.46,2.63977,4.67963,1.95628,14.89137,4.70793,13.26127,-0.63795,3.62881
2013-07-12,2.252,-8.46,2.62756,4.6896,1.95191,14.3012,4.45719,13.12256,-0.64469,3.62881
2013-07-15,2.2619,-8.46,2.62394,4.69217,1.9518,14.74546,4.52315,13.01333,-0.6501,3.62881
2013-07-16,2.2163,-8.47,2.66862,4.69501,1.9535,12.62178,3.80712,13.73468,-0.61669,3.62881
2013-07-17,2.2488,-8.47,2.62322,4.69465,1.95304,14.10101,4.20486,13.83844,-0.61206,3.62881
2013-07-18,2.2229,-8.47,2.62249,4.69465,1.95541,12.82132,3.7676,13.95596,-0.60691,3.62881
2013-07-19,2.2218,-8.47,2.52892,4.68278,1.96273,12.39818,3.6082,13.942,-0.60752,3.62881
2013-07-22,2.2448,-8.46,2.50879,4.68352,1.96618,13.25223,3.82414,14.05127,-0.60208,3.62881
2013-07-23,2.2302,-8.48,2.53845,4.68601,1.96638,12.58955,3.60608,14.08751,-0.60195,3.62881
2013-07-24,2.21,-8.47,2.5787,4.6746,1.9787,11.05549,3.13865,14.19545,-0.59667,3.62881
2013-07-25,2.2436,-8.48,2.56264,4.67889,1.97621,12.68988,3.58496,14.41691,-0.5882,3.62881
2013-07-26,2.2407,-8.47,2.54318,4.67442,1.98308,12.21377,3.42018,14.40347,-0.58805,3.62881
2013-07-29,2.2544,-8.47,2.59451,4.67703,1.98405,12.77437,3.55006,14.40753,-0.58789,3.62881
2013-07-30,2.2666,-8.46,2.59451,4.67199,1.99084,12.97224,3.572,14.41975,-0.5867,3.62881
2013-07-31,2.2794,-8.46,2.59898,4.67935,1.98724,13.71637,3.73994,14.43785,-0.58596,3.62881
2013-08-01,2.2737,-8.46,2.56032,4.69629,1.97645,14.01084,3.77994,14.4558,-0.58523,-0.84134
2013-08-02,2.3012,-8.46,2.48324,4.69089,1.98542,14.76013,3.93726,14.58922,-0.57988,-0.84134
2013-08-05,2.284,-8.45,2.47148,4.68859,1.9927,13.64385,3.59541,14.71115,-0.57439,-0.84134
2013-08-06,2.3026,-8.46,2.54318,4.6838,1.99715,14.23155,3.72156,14.72986,-0.57434,-0.84134
2013-08-07,2.2952,-8.45,2.56341,4.67693,2.00559,13.48826,3.49518,14.76372,-0.57235,-0.84134
2013-08-08,2.3041,-8.45,2.54396,4.66983,2.01546,13.38424,3.43584,14.7679,-0.57219,-0.84134
2013-08-09,2.2785,-8.45,2.596,4.68417,2.0023,12.92217,3.2837,14.96104,-0.5648,-0.84134
2013-08-12,2.2686,-8.44,2.55023,4.69107,2.0014,12.53176,3.15292,14.99167,-0.56298,-0.84134
2013-08-13,2.2845,-8.44,2.51041,4.69884,1.99916,13.34209,3.32742,15.02478,-0.56174,-0.84134
2013-08-14,2.3107,-8.45,2.56802,4.7023,1.99371,14.75523,3.64434,15.14241,-0.55804,-0.84134
2013-08-15,2.3215,-8.45,2.68989,4.71052,1.97886,15.96937,3.8955,15.14504,-0.55794,-0.84134
2013-08-16,2.3378,-8.45,2.66514,4.71106,1.98147,16.53689,3.97501,15.17642,-0.55678,-0.84134
2013-08-19,2.3875,-8.44,2.71469,4.71106,1.97923,18.75405,4.43911,15.61704,-0.54044,-0.84134
2013-08-20,2.4096,-8.46,2.70203,4.70184,1.989,19.18304,4.45402,15.6565,-0.54035,-0.84134
2013-08-21,2.3939,-8.46,2.76883,4.69875,1.98714,18.62272,4.24184,15.73435,-0.53768,-0.84134
2013-08-22,2.4478,-8.47,2.69192,4.69957,1.99407,20.50143,4.5903,16.22198,-0.52213,-0.84134
2013-08-23,2.4325,-8.47,2.63763,4.70989,1.99139,20.00879,4.38951,16.32364,-0.51888,-0.84134
2013-08-26,2.3455,-8.46,2.70738,4.70709,1.98928,16.47279,3.54776,18.03253,-0.46915,-0.84134
2013-08-27,2.3762,-8.45,2.81959,4.73935,1.94833,19.85286,4.22566,17.94664,-0.47084,-0.84134
2013-08-28,2.3684,-8.47,2.80275,4.75884,1.93266,20.3318,4.25791,17.97362,-0.47125,-0.84134
2013-08-29,2.3425,-8.98,2.82197,4.74632,1.91945,19.91781,4.10065,18.03929,-0.4978,-0.84134
2013-08-30,2.3561,-8.97,2.8338,4.73629,1.92859,20.02197,4.05843,17.86137,-0.5022,-0.84134
2013-09-02,2.3807,-8.97,2.8338,4.73629,1.92968,21.0038,4.18954,17.94602,-0.49983,1.80082
2013-09-03,2.3748,-8.98,2.81,4.75083,1.92056,21.22977,4.16304,17.96482,-0.49987,1.80082
2013-09-04,2.356,-8.98,2.76506,4.74415,1.93318,19.77988,3.81449,18.06922,-0.49698,1.80082
2013-09-05,2.3578,-8.98,2.75811,4.74719,1.93314,19.85857,3.77734,18.06708,-0.49704,1.80082
2013-09-06,2.3204,-8.98,2.76317,4.75462,1.92798,18.52645,3.47758,18.40563,-0.48789,1.80082
2013-09-09,2.3006,-8.98,2.74919,4.73374,1.9489,16.59061,3.07791,18.51121,-0.48511,1.80082
2013-09-10,2.2739,-8.98,2.67622,4.71178,1.97904,13.8884,2.55376,18.56178,-0.48379,1.80082
2013-09-11,2.2823,-8.98,2.62612,4.71402,1.98643,13.88435,2.53706,18.21748,-0.49293,1.80082
2013-09-12,2.2718,-8.99,2.65956,4.72411,1.97445,14.02828,2.54717,18.12236,-0.49607,1.80082
2013-09-13,2.2726,-8.99,2.65042,4.72544,1.97663,13.9533,2.51738,16.89858,-0.532,1.80082
2013-09-16,2.2767,-8.98,2.66584,4.72544,1.9764,14.14497,2.53607,16.88276,-0.5319,1.80082
2013-09-17,2.2814,-8.99,2.67622,4.72544,1.97594,14.37458,2.56105,16.3658,-0.54932,1.80082
2013-09-18,2.2503,-8.99,2.60933,4.70592,2.0066,11.46194,2.02893,16.36675,-0.54928,1.80082
2013-09-19,2.1828,-8.99,2.57718,4.68914,2.02972,7.27129,1.28194,17.40063,-0.51665,1.80082
2013-09-20,2.1973,-8.99,2.57414,4.69336,2.02831,8.00283,1.40868,17.42154,-0.51603,1.80082
2013-09-23,2.2075,-8.98,2.66096,4.68361,2.02248,8.75353,1.53781,17.3933,-0.51629,1.80082
2013-09-24,2.1958,-8.98,2.64476,4.68804,2.02312,8.1905,1.43553,17.28636,-0.51948,1.80082
2013-09-25,2.1947,-8.98,2.63977,4.68509,2.02827,7.88611,1.37938,17.26395,-0.52016,1.80082
2013-09-26,2.2233,-9.0,2.64333,4.69327,2.02062,9.55904,1.66887,17.44488,-0.51591,1.80082
2013-09-27,2.239,-8.98,2.73826,4.68795,2.00784,10.89699,1.89724,17.22964,-0.52119,1.80082
2013-09-30,2.2227,-8.98,2.8094,4.68555,1.99609,10.75309,1.86567,17.15401,-0.52349,1.80082
2013-10-01,2.217,-8.98,2.74342,4.68158,2.0148,9.56352,1.6538,17.09478,-0.52531,5.08561
2013-10-02,2.2126,-8.98,2.8094,4.69309,1.99117,10.54479,1.82082,17.03242,-0.52723,5.08561
2013-10-03,2.1896,-8.97,2.87187,4.69135,1.98065,10.02958,1.72792,17.15309,-0.52294,5.08561
2013-10-04,2.2049,-8.97,2.8178,4.69556,1.98893,10.30845,1.77156,17.16558,-0.52256,5.08561
2013-10-07,2.2075,-8.97,2.96579,4.69757,1.95635,12.0779,2.06943,17.15838,-0.52278,5.08561
2013-10-09,2.2051,-8.95,2.97553,4.6919,1.96118,11.72248,2.00044,17.09035,-0.52369,5.08561
2013-10-10,2.2026,-9.45,2.80215,4.71671,1.9586,11.74064,1.99597,17.01978,-0.55524,5.08561
2013-10-11,2.1772,-9.42,2.75493,4.71205,1.97482,9.75644,1.65212,17.13875,-0.54963,5.08561
2013-10-14,2.171,-9.42,2.77695,4.70989,1.97335,9.54546,1.61211,16.66953,-0.5651,5.08561
2013-10-15,2.1789,-9.36,2.92638,4.70012,1.95349,10.92038,1.83956,16.41425,-0.57024,5.08561
2013-10-16,2.1773,-9.4,2.68853,4.70827,1.99618,8.68524,1.45814,16.2592,-0.57813,5.08561
2013-10-17,2.1781,-9.45,2.60121,4.70926,2.01443,7.81183,1.30875,16.25975,-0.58119,5.08561
2013-10-18,2.1585,-9.46,2.56802,4.70926,2.02354,6.4565,1.07998,16.20657,-0.58371,5.08561
2013-10-21,2.1455,-9.46,2.57718,4.6972,2.03516,5.27979,0.88215,16.19969,-0.58396,5.08561
2013-10-22,2.1706,-9.46,2.59002,4.70021,2.0308,6.65735,1.11147,16.2887,-0.58077,5.08561
2013-10-23,2.1696,-9.46,2.59675,4.68028,2.0509,5.62655,0.93824,15.98622,-0.59176,5.08561
2013-10-24,2.1863,-9.47,2.58022,4.67274,2.06393,5.7598,0.95975,16.06913,-0.58933,5.08561
2013-10-25,2.2006,-9.46,2.57185,4.67217,2.06874,6.17909,1.02872,16.07631,-0.58844,5.08561
2013-10-28,2.1844,-9.46,2.58852,4.69693,2.04126,6.77751,1.12719,16.09282,-0.58784,5.08561
2013-10-29,2.1775,-9.46,2.596,4.69144,2.04688,6.18604,1.02756,16.05078,-0.58938,5.08561
2013-10-30,2.182,-9.46,2.61374,4.69921,2.03616,6.91761,1.14831,16.05622,-0.58918,5.08561
2013-10-31,2.1811,-9.46,2.62104,4.68988,2.04577,6.40549,1.06254,15.84848,-0.5969,5.08561
2013-11-01,2.2318,-9.46,2.58626,4.66259,2.08593,6.75929,1.12084,16.4881,-0.57375,1.34609
2013-11-04,2.2517,-9.45,2.55955,4.66561,2.09316,7.30116,1.20981,16.50482,-0.57256,1.34609
2013-11-05,2.2408,-9.45,2.58551,4.6571,2.09732,6.61746,1.09511,16.51957,-0.57205,1.34609
2013-11-06,2.2773,-9.45,2.53924,4.65624,2.11438,7.42292,1.227,16.828,-0.56156,1.34609
2013-11-07,2.2825,-9.45,2.63261,4.63919,2.1076,7.97192,1.31585,16.68549,-0.56636,1.34609
2013-11-08,2.3029,-9.44,2.55723,4.6551,2.11585,8.47131,1.39596,16.75439,-0.56343,1.34609
2013-11-11,2.3093,-9.44,2.52813,4.66721,2.11424,8.82506,1.45156,16.70658,-0.56505,1.34609
2013-11-12,2.3278,-9.42,2.55101,4.66165,2.11677,9.50326,1.55994,16.62686,-0.56655,1.34609
2013-11-13,2.3304,-9.42,2.52733,4.67395,2.11344,9.77218,1.60026,16.60256,-0.56738,1.34609
2013-11-14,2.329,-9.42,2.51527,4.68712,2.10537,10.09494,1.64906,16.54298,-0.56943,1.34609
2013-11-15,2.3113,-9.42,2.50062,4.68721,2.11343,8.94976,1.45862,16.04304,-0.58717,1.34609
2013-11-18,2.3159,-9.41,2.57261,4.68721,2.092,10.1679,1.65389,15.92963,-0.59072,1.34609
2013-11-19,2.2604,-9.42,2.59451,4.67208,2.10472,7.13616,1.15769,16.57775,-0.56823,1.34609
2013-11-20,2.2688,-9.42,2.59525,4.68269,2.09363,8.03526,1.30187,15.9259,-0.59149,1.34609
2013-11-21,2.2687,-9.43,2.53845,4.70121,2.09331,8.04611,1.30188,15.89407,-0.5933,1.34609
2013-11-22,2.3021,-9.43,2.50634,4.70998,2.09626,9.36651,1.51344,14.50167,-0.65027,1.34609
2013-11-25,2.2738,-9.42,2.54866,4.70953,2.0845,8.6925,1.40155,14.44358,-0.65219,1.34609
2013-11-26,2.2808,-9.43,2.55023,4.70845,2.08755,8.85354,1.4255,14.45327,-0.65245,1.34609
2013-11-27,2.2938,-9.43,2.56341,4.71232,2.08044,9.76323,1.56948,14.35017,-0.65714,1.34609
2013-11-28,2.327,-9.93,2.56341,4.71232,2.07894,11.27233,1.80868,14.59943,-0.68016,1.34609
2013-11-29,2.3149,-9.94,2.6174,4.69766,2.08071,10.66593,1.70675,14.47259,-0.68682,1.34609
2013-12-02,2.3308,-9.95,2.65535,4.71358,2.04986,12.84422,2.04987,14.5393,-0.68435,-0.25729
2013-12-03,2.3533,-9.94,2.67759,4.72402,2.03167,14.69613,2.33611,14.58766,-0.6814,-0.25729
2013-12-04,2.373,-9.94,2.68785,4.71743,2.03878,15.18049,2.40046,14.68247,-0.677,-0.25729
2013-12-05,2.388,-9.94,2.71337,4.70935,2.04203,15.65108,2.46131,14.36287,-0.69206,-0.25729
2013-12-06,2.3562,-9.94,2.62394,4.71501,2.07263,12.82321,2.00504,14.51813,-0.68466,-0.25729
2013-12-09,2.3218,-9.93,2.60195,4.69492,2.11,9.56541,1.48974,14.63272,-0.67862,-0.25729
2013-12-10,2.317,-9.93,2.63261,4.69483,2.10044,9.81281,1.52512,14.62435,-0.679,-0.25729
2013-12-11,2.306,-9.93,2.73567,4.69775,2.05808,11.3741,1.76454,14.62637,-0.67891,-0.25729
2013-12-12,2.3387,-9.93,2.74342,4.68832,2.0696,12.22402,1.89123,14.88617,-0.66706,-0.25729
2013-12-13,2.332,-9.93,2.75748,4.68979,2.06478,12.17006,1.87683,14.8983,-0.66652,-0.25729
2013-12-16,2.325,-9.93,2.77446,4.70474,2.04137,13.0099,2.00016,14.90953,-0.66602,-0.25729
2013-12-17,2.3229,-9.93,2.78563,4.7042,2.04075,12.94991,1.98524,14.6373,-0.6784,-0.25729
2013-12-18,2.3164,-9.93,2.62467,4.7042,2.10923,9.36908,1.4328,13.238,-0.75011,-0.25729
2013-12-19,2.3289,-9.94,2.64971,4.70311,2.10409,10.1512,1.5525,13.21871,-0.75196,-0.25729
2013-12-20,2.3545,-9.93,2.62394,4.71644,2.10012,11.43331,1.74782,13.34997,-0.74382,-0.25729
2013-12-23,2.3827,-9.93,2.56802,4.71456,2.12937,11.24059,1.71587,13.46148,-0.73766,-0.25729
2013-12-24,2.354,-9.93,2.52413,4.71761,2.14797,9.15916,1.39742,13.72252,-0.72363,-0.25729
2013-12-25,2.3552,-9.93,2.52413,4.71761,2.15185,9.0299,1.37894,13.51034,-0.73499,-0.25729
2013-12-26,2.3545,-9.93,2.51204,4.71832,2.16094,8.57862,1.31411,13.45478,-0.73803,-0.25729
2013-12-27,2.3523,-9.93,2.52252,4.7201,2.15836,8.60471,1.3217,13.35878,-0.74333,-0.25729
2013-12-30,2.3335,-9.93,2.60712,4.71142,2.13868,8.71823,1.34348,13.46053,-0.73771,-0.25729
2013-12-31,2.3593,-9.93,2.61885,4.70773,2.14337,9.59876,1.48462,13.60048,-0.73012,-0.25729
2014-01-01,2.3592,-9.93,2.61885,4.70773,2.14773,9.39092,1.45654,13.40161,-0.74096,-0.48101
2014-01-02,2.3571,-9.93,2.65535,4.68009,2.17593,7.99739,1.24027,13.35593,-0.74349,-0.48101
2014-01-03,2.3847,-9.93,2.62177,4.6718,2.20773,7.71088,1.20071,13.5226,-0.73433,-0.48101
2014-01-06,2.3715,-9.95,2.60639,4.6703,2.22206,6.50879,1.01749,13.58296,-0.73254,-0.48101
2014-01-07,2.3737,-9.96,2.55878,4.67609,2.23938,5.82487,0.91516,13.57509,-0.7337,-0.48101
2014-01-08,2.3687,-9.95,2.5549,4.67423,2.24841,5.21196,0.82405,13.34247,-0.74574,-0.48101
2014-01-09,2.392,-9.96,2.55645,4.66711,2.26406,5.49689,0.87519,13.42041,-0.74215,-0.48101
2014-01-10,2.388,-9.95,2.49651,4.67516,2.28237,4.52411,0.72461,13.42872,-0.74095,-0.48101
2014-01-13,2.3535,-9.97,2.58626,4.67049,2.25344,4.34443,0.70001,13.79953,-0.72249,-0.48101
2014-01-14,2.3568,-9.96,2.50797,4.66711,2.2974,2.55268,0.41348,13.79844,-0.72182,-0.48101
2014-01-15,2.3516,-9.96,2.50797,4.67404,2.28838,2.72536,0.44368,13.65829,-0.72923,-0.48101
2014-01-16,2.3555,-10.46,2.52813,4.67367,2.30666,2.09522,0.34257,13.57527,-0.77052,-0.48101
2014-01-17,2.3606,-10.45,2.52092,4.67339,2.31254,2.05712,0.33817,13.41874,-0.77876,-0.48101
2014-01-20,2.3475,-10.45,2.52092,4.67339,2.31489,1.39895,0.23119,13.48512,-0.77493,-0.48101
2014-01-21,2.3405,-10.46,2.5549,4.67339,2.30172,1.67091,0.27728,13.44736,-0.77785,-0.48101
2014-01-22,2.3578,-10.46,2.55257,4.68463,2.28719,3.04067,0.50692,13.4623,-0.77698,-0.48101
2014-01-23,2.3696,-10.46,2.62249,4.67823,2.27049,4.2726,0.71711,13.37259,-0.7822,-0.48101
2014-01-24,2.3909,-10.46,2.89812,4.68102,2.15596,10.34342,1.74847,13.42787,-0.77898,-0.48101
2014-01-27,2.3932,-10.45,2.85762,4.66993,2.19405,8.68807,1.47334,13.42774,-0.77824,-0.48101
2014-01-28,2.4184,-10.45,2.76001,4.67665,2.2288,8.16423,1.38995,13.54188,-0.77168,-0.48101
2014-01-29,2.4234,-10.46,2.85359,4.68074,2.19113,10.07545,1.72557,12.82959,-0.8153,-0.48101
2014-01-30,2.4324,-10.48,2.85013,4.68167,2.19799,10.13371,1.74164,12.74701,-0.82215,-0.48101
2014-01-31,2.4088,-10.48,2.91289,4.66721,2.19996,9.06904,1.56478,12.87886,-0.81374,-0.48101
2014-02-03,2.4223,-10.45,3.06526,4.66382,2.15197,11.83356,2.05528,12.54741,-0.83284,0.1925
2014-02-04,2.4372,-10.44,2.95021,4.66136,2.2058,9.97579,1.74118,12.58722,-0.82941,0.1925
2014-02-05,2.4064,-10.43,2.99323,4.66579,2.18973,9.43517,1.65472,12.77975,-0.81613,0.1925
2014-02-06,2.3955,-10.43,2.84665,4.6746,2.23704,6.8439,1.20884,12.81512,-0.81388,0.1925
2014-02-07,2.3795,-10.42,2.7272,4.69656,2.25441,5.40026,0.96064,12.80703,-0.81362,0.1925
2014-02-10,2.3752,-10.43,2.72524,4.68795,2.27149,4.46476,0.7992,12.81326,-0.814,0.1925
2014-02-11,2.4062,-10.45,2.67484,4.68841,2.2937,4.78828,0.86241,13.05937,-0.80019,0.1925
2014-02-12,2.4014,-10.45,2.66026,4.68942,2.29985,4.32076,0.78134,12.96481,-0.80603,0.1925
2014-02-13,2.417,-10.47,2.64901,4.68887,2.30856,4.59036,0.83423,13.0152,-0.80444,0.1925
2014-02-14,2.391,-10.48,2.60786,4.68887,2.32633,2.74215,0.50095,12.222,-0.85747,0.1925
2014-02-17,2.3841,-10.48,2.60786,4.68887,2.32884,2.34499,0.43093,12.23142,-0.85681,0.1925
2014-02-18,2.3818,-10.45,2.62973,4.68887,2.32112,2.5806,0.4774,12.23535,-0.85408,0.1925
2014-02-19,2.3861,-10.44,2.74084,4.70474,2.26709,5.1163,0.95294,11.9102,-0.87656,0.1925
2014-02-20,2.389,-10.45,2.69395,4.7032,2.28898,4.2767,0.80191,11.61667,-0.89957,0.1925
2014-02-21,2.3696,-10.45,2.68649,4.69912,2.29931,3.01129,0.56855,11.74307,-0.88989,0.1925
2014-02-24,2.3406,-10.45,2.65535,4.70628,2.3049,1.53716,0.29208,11.97614,-0.87257,0.1925
2014-02-25,2.3363,-10.45,2.6152,4.69602,2.33188,0.18929,0.03625,11.63723,-0.89798,0.1925
2014-02-26,2.3388,-10.45,2.66375,4.69611,2.31767,0.90737,0.17515,11.58918,-0.9017,0.1925
2014-02-27,2.348,-10.71,2.64191,4.69098,2.35731,-0.39578,-0.07705,11.53535,-0.92845,0.1925
2014-02-28,2.319,-10.7,2.63906,4.69199,2.35881,-1.70207,-0.33466,11.63987,-0.91925,0.1925
2014-03-03,2.3334,-10.7,2.77259,4.71133,2.29891,1.48902,0.29524,11.58343,-0.92373,2.7252
2014-03-04,2.3411,-10.7,2.64617,4.6941,2.35897,-0.76041,-0.15218,11.52961,-0.92805,2.7252
2014-03-05,2.3378,-10.69,2.63117,4.67991,2.37726,-1.67382,-0.33851,11.22151,-0.95264,2.7252
2014-03-06,2.3173,-10.7,2.65395,4.68306,2.36981,-2.24052,-0.45811,10.96907,-0.97547,2.7252
2014-03-07,2.32,-10.69,2.64688,4.69135,2.36618,-1.97098,-0.40704,10.96371,-0.97504,2.7252
2014-03-10,2.3356,-10.7,2.65324,4.68287,2.37303,-1.58983,-0.33172,11.00018,-0.97271,2.7252
2014-03-11,2.3432,-10.7,2.69463,4.68721,2.35864,-0.65677,-0.13858,10.65255,-1.00445,2.7252
2014-03-12,2.3594,-10.7,2.67208,4.68232,2.37098,-0.4895,-0.10448,10.72316,-0.99784,2.7252
2014-03-13,2.3523,-10.7,2.78625,4.67647,2.34164,0.45426,0.0982,10.72325,-0.99783,2.7252
2014-03-14,2.3611,-10.7,2.88032,4.6874,2.31096,2.1465,0.46933,10.7442,-0.99589,2.7252
2014-03-17,2.3405,-10.69,2.74983,4.68712,2.35166,-0.47581,-0.10524,10.87853,-0.98267,2.7252
2014-03-18,2.3461,-10.7,2.67553,4.67086,2.3834,-1.57739,-0.35302,10.83658,-0.9874,2.7252
2014-03-19,2.3294,-10.69,2.71602,4.66202,2.37638,-1.99681,-0.45356,10.70555,-0.99855,2.7252
2014-03-20,2.3446,-10.69,2.67553,4.66768,2.38578,-1.74123,-0.40112,10.51062,-1.01707,2.7252
2014-03-21,2.3233,-10.69,2.70805,4.67208,2.37738,-2.30107,-0.53807,10.38971,-1.0289,2.7252
2014-03-24,2.3198,-10.69,2.71403,4.67105,2.37786,-2.47207,-0.58748,10.39188,-1.02869,2.7252
2014-03-25,2.3186,-10.7,2.64048,4.67274,2.39715,-3.33188,-0.80454,10.39202,-1.02964,2.7252
2014-03-26,2.3091,-10.7,2.70337,4.67311,2.38257,-3.13208,-0.76304,10.4199,-1.02688,2.7252
2014-03-27,2.2929,-10.71,2.68239,4.68056,2.38708,-4.02532,-0.99036,10.39206,-1.03059,2.7252
2014-03-28,2.2562,-10.71,2.66792,4.68278,2.38974,-5.75028,-1.42813,10.61006,-1.00942,2.7252
2014-03-31,2.2561,-10.7,2.63045,4.67991,2.39602,-6.01719,-1.50767,10.61005,-1.00848,2.7252
2014-04-01,2.2693,-10.71,2.57261,4.65985,2.40905,-5.976,-1.51266,10.69031,-1.00184,6.97118
2014-04-02,2.2583,-10.73,2.57185,4.65196,2.4096,-6.48483,-1.66022,10.42834,-1.02893,6.97118
2014-04-03,2.265,-10.98,2.59301,4.66485,2.43153,-7.09476,-1.83658,10.41183,-1.05457,6.97118
2014-04-04,2.2765,-10.97,2.6362,4.67021,2.421,-6.15396,-1.60928,10.47129,-1.04763,6.97118
2014-04-07,2.2308,-10.97,2.74535,4.66174,2.40063,-7.33728,-1.93829,11.17984,-0.98123,6.97118
2014-04-08,2.2143,-10.97,2.70069,4.67907,2.40929,-8.43958,-2.25027,11.03681,-0.99395,6.97118
2014-04-09,2.1989,-10.96,2.62612,4.68195,2.41918,-9.54732,-2.56124,11.09641,-0.98771,6.97118
2014-04-10,2.1813,-10.96,2.76569,4.67712,2.39581,-9.37988,-2.52886,10.85421,-1.00975,6.97118
2014-04-11,2.2039,-10.96,2.83498,4.67591,2.38476,-7.88683,-2.1342,11.08487,-0.98874,6.97118
2014-04-14,2.2139,-10.96,2.77944,4.69199,2.3957,-7.8921,-2.14944,11.13835,-0.98399,6.97118
2014-04-15,2.2123,-10.96,2.74791,4.68896,2.39867,-8.08812,-2.21278,11.1258,-0.9851,6.97118
2014-04-16,2.2336,-10.96,2.65183,4.68951,2.40994,-7.59861,-2.08367,11.30884,-0.96915,6.97118
2014-04-17,2.2382,-10.97,2.59227,4.6962,2.41872,-7.75661,-2.13531,11.28316,-0.97225,6.97118
2014-04-18,2.2282,-10.97,2.59227,4.6962,2.4168,-8.12484,-2.24147,11.29907,-0.97088,6.97118
2014-04-21,2.2282,-10.96,2.584,4.70003,2.41572,-8.08053,-2.22968,11.17866,-0.98044,6.97118
2014-04-22,2.2282,-10.97,2.57946,4.69382,2.4131,-7.97186,-2.19925,11.11617,-0.98685,6.97118
2014-04-23,2.237,-10.98,2.58551,4.69236,2.41086,-7.48495,-2.06316,10.97872,-1.00012,6.97118
2014-04-24,2.2179,-10.99,2.58927,4.70348,2.41335,-8.44566,-2.32663,11.07275,-0.99253,6.97118
2014-04-25,2.209,-10.97,2.64333,4.69665,2.40335,-8.4325,-2.319,10.82797,-1.01312,6.97118
2014-04-28,2.2388,-10.97,2.63691,4.68324,2.39727,-6.83899,-1.87659,11.20766,-0.9788,6.97118
2014-04-29,2.2203,-10.98,2.61813,4.69116,2.40057,-7.80646,-2.13649,11.24861,-0.97612,6.97118
2014-04-30,2.2332,-10.97,2.596,4.68278,2.39582,-7.02914,-1.92131,11.21186,-0.97843,6.97118
2014-05-01,2.228,-10.97,2.584,4.67991,2.39354,-7.16674,-1.9584,11.12848,-0.98576,7.30627
2014-05-02,2.2307,-10.98,2.558,4.68758,2.39632,-7.16188,-1.96146,11.03755,-0.99479,7.30627
2014-05-05,2.215,-10.97,2.58701,4.67954,2.38972,-7.59253,-2.08495,10.85847,-1.01027,7.30627
2014-05-06,2.2423,-10.97,2.62467,4.67339,2.38511,-6.17435,-1.69733,11.17056,-0.98205,7.30627
2014-05-07,2.227,-10.97,2.59525,4.68333,2.3875,-6.95913,-1.91132,11.17358,-0.98178,7.30627
2014-05-08,2.214,-10.97,2.59749,4.6825,2.38532,-7.45315,-2.04226,11.21395,-0.97825,7.30627
2014-05-09,2.213,-10.97,2.55878,4.68111,2.38241,-7.37632,-2.01492,10.84406,-1.01161,7.30627
2014-05-12,2.2075,-10.97,2.50389,4.68592,2.38118,-7.57355,-2.06196,10.84574,-1.01146,7.30627
2014-05-13,2.2099,-10.97,2.49568,4.69355,2.38115,-7.46375,-2.02716,10.74103,-1.02132,7.30627
2014-05-14,2.2116,-10.97,2.49897,4.70221,2.38184,-7.41556,-2.00879,10.5779,-1.03707,7.30627
2014-05-15,2.1997,-10.97,2.57794,4.70447,2.38308,-8.00733,-2.1637,10.60563,-1.03436,7.30627
2014-05-16,2.2156,-10.97,2.52092,4.70429,2.37816,-7.08056,-1.90786,10.74035,-1.02138,7.30627
2014-05-19,2.2103,-10.97,2.51931,4.69474,2.37259,-7.0855,-1.90341,10.72627,-1.02272,7.30627
2014-05-20,2.2029,-10.97,2.56187,4.69766,2.37369,-7.46706,-2.00001,10.72312,-1.02302,7.30627
2014-05-21,2.2128,-10.96,2.47738,4.70547,2.36839,-6.79499,-1.81366,10.69205,-1.02506,7.30627
2014-05-22,2.2051,-10.97,2.4874,4.70375,2.36697,-7.08387,-1.88618,10.4585,-1.04891,7.30627
2014-05-23,2.2108,-10.96,2.4301,4.70538,2.36032,-6.5444,-1.73778,10.48052,-1.04575,7.30627
2014-05-26,2.219,-10.96,2.4301,4.70538,2.35784,-6.06896,-1.60765,10.51356,-1.04246,7.30627
2014-05-27,2.2211,-10.96,2.44322,4.70066,2.35525,-5.86434,-1.55116,10.47554,-1.04625,7.30627
2014-05-28,2.2328,-10.96,2.45788,4.69875,2.35352,-5.26569,-1.39143,10.27847,-1.06631,7.30627
2014-05-29,2.2276,-10.96,2.44842,4.70021,2.35135,-5.40628,-1.42649,10.19054,-1.07551,7.30627
2014-05-30,2.2236,-10.96,2.43361,4.6951,2.34682,-5.39328,-1.42104,10.15951,-1.07879,7.30627
2014-06-02,2.2368,-10.96,2.44928,4.68979,2.34512,-4.72887,-1.24452,10.24749,-1.06953,6.83731
2014-06-03,2.2738,-10.96,2.47401,4.6897,2.34594,-3.12338,-0.82122,10.66887,-1.02729,6.83731
2014-06-04,2.2766,-10.96,2.49155,4.68583,2.346,-3.00297,-0.78951,10.66925,-1.02725,6.83731
2014-06-05,2.2754,-10.96,2.45788,4.68942,2.34237,-2.90068,-0.76256,10.57397,-1.03651,6.83731
2014-06-06,2.2563,-10.96,2.37304,4.68776,2.33224,-3.31008,-0.87194,10.66708,-1.02746,6.83731
2014-06-09,2.2428,-10.96,2.41144,4.70039,2.33656,-4.09552,-1.08244,10.61061,-1.03293,6.83731
2014-06-10,2.2262,-10.96,2.39699,4.69611,2.33281,-4.67778,-1.23862,10.68446,-1.02579,6.83731
2014-06-11,2.2191,-10.96,2.45101,4.70003,2.33762,-5.203,-1.37916,10.6528,-1.02884,6.83731
2014-06-12,2.2304,-10.96,2.53052,4.72756,2.34733,-5.10976,-1.35574,10.6016,-1.03381,6.83731
2014-06-13,2.227,-10.96,2.4998,4.73101,2.34132,-5.00603,-1.32957,10.58315,-1.03561,6.83731
2014-06-16,2.2196,-10.96,2.53766,4.72933,2.34361,-5.43671,-1.44578,10.5179,-1.04203,6.83731
2014-06-17,2.2298,-10.96,2.48989,4.73136,2.3347,-4.59706,-1.22348,10.47088,-1.04671,6.83731
2014-06-18,2.2588,-10.97,2.3618,4.73848,2.31509,-2.46136,-0.65507,10.68435,-1.02674,6.83731
2014-06-19,2.2197,-10.98,2.36274,4.74545,2.31385,-4.1541,-1.10634,11.21214,-0.9793,6.83731
2014-06-20,2.2195,-10.98,2.38417,4.74328,2.31452,-4.19212,-1.11647,11.21275,-0.97924,6.83731
2014-06-23,2.2268,-10.97,2.39608,4.73725,2.31371,-3.82855,-1.0196,11.21874,-0.97783,6.83731
2014-06-24,2.213,-10.97,2.49568,4.74023,2.32675,-5.01238,-1.33556,11.20064,-0.97941,6.83731
2014-06-25,2.2216,-10.97,2.45014,4.7362,2.31859,-4.27304,-1.1381,10.77689,-1.01792,6.83731
2014-06-26,2.2048,-10.96,2.45359,4.72924,2.31755,-4.98758,-1.32923,10.8764,-1.00769,6.83731
2014-06-27,2.1939,-10.97,2.42126,4.73004,2.31076,-5.18976,-1.38394,10.84047,-1.01195,6.83731
2014-06-30,2.1918,-10.96,2.44842,4.72171,2.31307,-5.38506,-1.43683,10.80526,-1.01432,6.83731
2014-07-01,2.2117,-10.98,2.41144,4.72108,2.30628,-4.18758,-1.11709,10.95115,-1.00263,6.90886
2014-07-02,2.1981,-10.98,2.3814,4.71169,2.30094,-4.57261,-1.2204,10.95468,-1.00231,6.90886
2014-07-03,2.2223,-10.99,2.33408,4.70953,2.29176,-3.07784,-0.82178,10.43773,-1.05291,6.90886
2014-07-04,2.2068,-10.99,2.33408,4.70953,2.28978,-3.69116,-0.98723,10.42589,-1.05411,6.90886
2014-07-07,2.2098,-10.96,2.42745,4.70266,2.30455,-4.19837,-1.12417,10.33374,-1.0606,6.90886
2014-07-08,2.2225,-10.97,2.48324,4.6908,2.31778,-4.19767,-1.12433,10.2609,-1.06911,6.90886
2014-07-09,2.2094,-10.97,2.45531,4.68472,2.31242,-4.55739,-1.22117,10.12966,-1.08296,6.90886
2014-07-10,2.2074,-10.98,2.5329,4.68832,2.32759,-5.30192,-1.41962,10.09003,-1.0882,6.90886
2014-07-11,2.2186,-10.98,2.49155,4.66965,2.32221,-4.56427,-1.22133,10.14046,-1.08279,6.90886
2014-07-14,2.2175,-10.97,2.46979,4.67264,2.31492,-4.29954,-1.15016,9.95383,-1.10209,6.90886
2014-07-15,2.2073,-10.98,2.48157,4.66363,2.31915,-4.94297,-1.32189,9.98397,-1.09976,6.90886
2014-07-16,2.2158,-10.98,2.3979,4.66202,2.30003,-3.7309,-0.99715,9.97846,-1.10037,6.90886
2014-07-17,2.2207,-10.98,2.6769,4.66306,2.3601,-6.08827,-1.6274,9.98903,-1.09921,6.90886
2014-07-18,2.2554,-10.98,2.48989,4.67507,2.31552,-2.6309,-0.70196,10.46251,-1.04946,6.90886
2014-07-21,2.2223,-10.97,2.55023,4.67916,2.32659,-4.58603,-1.22427,10.85284,-1.0108,6.90886
2014-07-22,2.2182,-10.97,2.50471,4.67591,2.31627,-4.32616,-1.15409,10.72204,-1.02313,6.90886
2014-07-23,2.2083,-10.97,2.44408,4.68241,2.30113,-4.11778,-1.09786,10.72931,-1.02243,6.90886
2014-07-24,2.2159,-10.97,2.47148,4.67348,2.30759,-4.05448,-1.08051,10.40344,-1.05446,6.90886
2014-07-25,2.2153,-10.97,2.54081,4.68574,2.32062,-4.64469,-1.23753,10.27136,-1.06802,6.90886
2014-07-28,2.2221,-10.96,2.53052,4.67814,2.31761,-4.20834,-1.12102,10.22281,-1.07211,6.90886
2014-07-29,2.2193,-10.98,2.58626,4.67954,2.33094,-4.90794,-1.30766,10.21546,-1.07484,6.90886
2014-07-30,2.227,-10.96,2.59002,4.66824,2.33031,-4.53448,-1.20816,10.23678,-1.07065,6.90886
2014-07-31,2.2437,-10.97,2.83027,4.66363,2.38626,-6.15994,-1.64088,10.24341,-1.07093,6.90886
2014-08-01,2.2603,-10.97,2.83498,4.65244,2.38632,-5.42569,-1.4439,10.05497,-1.091,5.2902
2014-08-04,2.2523,-10.96,2.71602,4.65786,2.35628,-4.51316,-1.20041,9.98334,-1.09783,5.2902
2014-08-05,2.254,-10.97,2.82554,4.65024,2.38157,-5.50524,-1.46423,9.9082,-1.10716,5.2902
2014-08-06,2.2763,-10.97,2.79545,4.65005,2.37298,-4.15948,-1.1046,10.08947,-1.08727,5.2902
2014-08-07,2.2707,-10.97,2.81301,4.65814,2.37556,-4.51468,-1.19815,10.08917,-1.0873,5.2902
2014-08-08,2.2941,-10.97,2.75811,4.65415,2.36194,-2.91433,-0.77308,10.27753,-1.06738,5.2902
2014-08-11,2.279,-10.96,2.65535,4.65091,2.33726,-2.52407,-0.66989,10.37771,-1.05611,5.2902
2014-08-12,2.2724,-10.97,2.6483,4.63492,2.33547,-2.73752,-0.72683,10.33223,-1.06173,5.2902
2014-08-13,2.2749,-10.96,2.55723,4.64708,2.31363,-1.68837,-0.4482,10.24342,-1.06995,5.2902
2014-08-14,2.2785,-10.96,2.51931,4.62507,2.30377,-1.10316,-0.29288,10.22988,-1.07137,5.2902
2014-08-15,2.2639,-10.97,2.57642,4.62448,2.3164,-2.29251,-0.60905,10.29502,-1.06556,5.2902
2014-08-18,2.2456,-10.97,2.51122,4.62104,2.29998,-2.39292,-0.63613,10.40141,-1.05466,5.2902
2014-08-19,2.2552,-10.97,2.50226,4.62065,2.2962,-1.80191,-0.47932,10.40429,-1.05437,5.2902
2014-08-20,2.2435,-10.96,2.4664,4.62771,2.28682,-1.91267,-0.50884,10.45297,-1.04851,5.2902
2014-08-21,2.2573,-10.98,2.4647,4.63113,2.28718,-1.31505,-0.34995,10.49695,-1.04602,5.2902
2014-08-22,2.2668,-10.97,2.43973,4.62781,2.27923,-0.54696,-0.14565,10.52558,-1.04222,5.2902
2014-08-25,2.2729,-10.96,2.45959,4.63133,2.2831,-0.44757,-0.11921,10.48917,-1.04489,5.2902
2014-08-26,2.2829,-10.97,2.45359,4.62986,2.28226,0.02825,0.00753,10.50721,-1.04404,5.2902
2014-08-27,2.2586,-10.96,2.4664,4.63201,2.28464,-1.14641,-0.30551,10.73105,-1.02133,5.2902
2014-08-28,2.2436,-10.97,2.48906,4.62947,2.28984,-2.04001,-0.5438,10.75583,-1.01991,5.2902
2014-08-29,2.2372,-10.97,2.49238,4.63657,2.29092,-2.37297,-0.63261,10.24282,-1.07099,5.2902
2014-09-01,2.2316,-10.97,2.49238,4.63657,2.29015,-2.58975,-0.69055,10.24802,-1.07045,3.68678
2014-09-02,2.2431,-10.97,2.50553,4.60856,2.28808,-1.98544,-0.52965,10.30581,-1.06445,3.68678
2014-09-03,2.2398,-10.97,2.51447,4.63249,2.29296,-2.34555,-0.62578,10.17383,-1.07826,3.68678
2014-09-04,2.234,-10.97,2.53687,4.6233,2.29576,-2.7272,-0.72786,10.11637,-1.08438,3.68678
2014-09-05,2.2393,-10.97,2.49238,4.61334,2.28228,-1.90099,-0.50763,10.01568,-1.09528,3.68678
2014-09-08,2.2378,-10.98,2.53845,4.60717,2.29178,-2.38371,-0.6369,9.9947,-1.09858,3.68678
2014-09-09,2.265,-10.98,2.60269,4.59673,2.30422,-1.71692,-0.45884,10.23088,-1.07322,3.68678
2014-09-10,2.2832,-10.98,2.55568,4.58538,2.28957,-0.27879,-0.07453,10.34078,-1.06182,3.68678
2014-09-11,2.2852,-10.98,2.54945,4.58578,2.28772,-0.11003,-0.02943,10.31339,-1.06464,3.68678
2014-09-12,2.2949,-10.98,2.58852,4.57584,2.29436,0.02372,0.00635,10.30795,-1.0652,3.68678
2014-09-15,2.2719,-10.98,2.64759,4.5711,2.30666,-1.51846,-0.4072,10.20313,-1.07614,3.68678
2014-09-16,2.3395,-10.98,2.54396,4.57089,2.27999,2.5768,0.69161,11.17554,-0.9825,3.68678
2014-09-17,2.3337,-10.98,2.53766,4.59482,2.28481,2.11706,0.56815,11.1938,-0.9809,3.68678
2014-09-18,2.3553,-10.98,2.4874,4.5819,2.27019,3.68041,0.98781,11.30958,-0.97086,3.68678
2014-09-19,2.3632,-10.98,2.49403,4.58894,2.27468,3.8178,1.02395,11.22676,-0.97802,3.68678
2014-09-22,2.365,-10.99,2.61667,4.5744,2.30289,2.66142,0.71329,11.21205,-0.9802,3.68678
2014-09-23,2.3957,-10.99,2.70337,4.57316,2.32441,3.02102,0.8095,11.32275,-0.97061,3.68678
2014-09-24,2.4097,-10.98,2.58551,4.5742,2.29643,4.81458,1.28971,11.28521,-0.97295,3.68678
2014-09-25,2.3794,-10.99,2.74983,4.57471,2.33934,1.69787,0.45444,11.62559,-0.94533,3.68678
2014-09-26,2.4252,-10.99,2.698,4.57471,2.32744,4.11443,1.10173,12.06156,-0.91116,3.68678
2014-09-29,2.4198,-10.98,2.77134,4.57677,2.34751,3.03299,0.81232,11.98576,-0.91609,3.68678
2014-09-30,2.4435,-10.98,2.79178,4.5504,2.35043,3.88327,1.04059,11.94968,-0.91885,3.68678
2014-10-01,2.4359,-10.98,2.81601,4.545,2.35892,3.21112,0.86059,11.86224,-0.92563,-0.22281
2014-10-02,2.4817,-10.99,2.78254,4.53711,2.35236,5.35246,1.43506,12.34292,-0.89039,-0.22281
2014-10-03,2.4921,-10.99,2.67759,4.52515,2.3272,6.84599,1.8338,12.32696,-0.89154,-0.22281
2014-10-06,2.4549,-10.98,2.73826,4.53034,2.34822,4.443,1.18738,12.68944,-0.86529,-0.22281
2014-10-07,2.4253,-10.98,2.84491,4.52298,2.38036,1.87052,0.49987,12.97747,-0.84608,-0.22281
2014-10-08,2.3932,-10.99,2.71536,4.51503,2.34673,1.96091,0.52429,13.28925,-0.82698,-0.22281
2014-10-09,2.374,-10.99,2.93173,4.50037,2.40857,-1.44587,-0.38687,13.41393,-0.8193,-0.22281
2014-10-10,2.3949,-10.99,3.05589,4.50214,2.44351,-2.00949,-0.53831,13.4499,-0.81711,-0.22281
2014-10-13,2.386,-10.99,3.20437,4.4874,2.4836,-4.00897,-1.07466,13.47673,-0.81548,-0.22281
2014-10-14,2.3905,-10.98,3.12632,4.44312,2.45198,-2.53937,-0.68107,13.47588,-0.81479,-0.22281
2014-10-15,2.3961,-10.98,3.22962,4.42819,2.47734,-3.33425,-0.89502,13.16018,-0.83433,-0.22281
2014-10-16,2.4524,-10.97,3.22684,4.4364,2.4712,-0.76362,-0.20509,13.50294,-0.81242,-0.22281
2014-10-17,2.4659,-10.98,3.09059,4.43722,2.43199,1.38471,0.37206,13.50735,-0.81289,-0.22281
2014-10-20,2.4307,-10.98,2.92155,4.44735,2.38719,1.80618,0.48542,13.83209,-0.79381,-0.22281
2014-10-21,2.4622,-10.98,2.77758,4.4569,2.34962,4.68027,1.2583,14.01282,-0.78357,-0.22281
2014-10-22,2.478,-10.98,2.88312,4.43923,2.38189,3.9557,1.06244,14.03865,-0.78213,-0.22281
2014-10-23,2.4843,-10.99,2.80518,4.46395,2.36624,4.86893,1.30656,14.03709,-0.78293,-0.22281
2014-10-24,2.4957,-10.99,2.77944,4.45586,2.36249,5.48543,1.46957,14.03442,-0.78307,-0.22281
2014-10-27,2.4689,-10.98,2.77509,4.45237,2.36498,4.30042,1.14971,14.25635,-0.77018,-0.22281
2014-10-28,2.5196,-10.98,2.66653,4.4547,2.33833,7.46622,1.99355,14.69532,-0.74718,-0.22281
2014-10-29,2.4582,-10.97,2.718,4.46729,2.35797,4.16278,1.10733,15.57611,-0.70428,-0.22281
2014-10-30,2.4578,-11.24,2.67553,4.45713,2.37084,3.60237,0.95725,15.54772,-0.72294,-0.22281
2014-10-31,2.4016,-11.24,2.6412,4.45272,2.3644,1.56095,0.41442,16.30274,-0.68945,-0.22281
2014-11-03,2.4135,-11.23,2.68989,4.44006,2.3788,1.44802,0.38438,16.22401,-0.69218,-2.85051
2014-11-04,2.4923,-11.22,2.70069,4.41667,2.38341,4.46755,1.18575,17.36496,-0.64613,-2.85051
2014-11-05,2.4939,-11.22,2.65113,4.41824,2.37415,4.92072,1.30435,17.27372,-0.64954,-2.85051
2014-11-06,2.5013,-11.22,2.6152,4.41715,2.36931,5.42102,1.43465,17.20104,-0.65229,-2.85051
2014-11-07,2.5666,-11.22,2.57414,4.42353,2.36323,8.25522,2.18097,17.84812,-0.62864,-2.85051
2014-11-10,2.5489,-11.23,2.53924,4.41086,2.36442,7.51289,1.97606,17.93519,-0.62614,-2.85051
2014-11-11,2.5494,-11.23,2.55878,4.40269,2.37837,6.94442,1.81977,17.93803,-0.62604,-2.85051
2014-11-12,2.5544,-11.23,2.56649,4.38677,2.39033,6.63866,1.73419,17.86024,-0.62877,-2.85051
2014-11-13,2.5631,-11.23,2.62394,4.35568,2.41843,5.81007,1.51344,17.74545,-0.63284,-2.85051
2014-11-14,2.5859,-11.23,2.58852,4.35337,2.41709,6.75076,1.75467,17.79192,-0.63119,-2.85051
2014-11-17,2.5968,-11.22,2.63834,4.37336,2.43119,6.58993,1.70789,17.73284,-0.63272,-2.85051
2014-11-18,2.6047,-11.23,2.62901,4.36272,2.43904,6.57133,1.69848,17.71661,-0.63387,-2.85051
2014-11-19,2.5791,-11.24,2.6362,4.35799,2.44953,5.15453,1.32865,17.87732,-0.62873,-2.85051
2014-11-20,2.5689,-11.23,2.6086,4.37362,2.44214,5.06033,1.30217,17.9171,-0.62678,-2.85051
2014-11-21,2.5697,-11.24,2.55723,4.38652,2.43097,5.5499,1.42588,17.91303,-0.62748,-2.85051
2014-11-24,2.512,-11.23,2.53528,4.37802,2.43257,3.21302,0.82388,18.40991,-0.61,-2.85051
2014-11-25,2.5425,-11.23,2.50553,4.36093,2.43437,4.34583,1.1138,18.44569,-0.60881,-2.85051
2014-11-26,2.5271,-11.23,2.49072,4.3535,2.43767,3.60279,0.92245,18.49121,-0.60732,-2.85051
2014-11-27,2.4979,-11.23,2.49072,4.3535,2.44087,2.3094,0.59104,18.6692,-0.60153,-2.85051
2014-11-28,2.5272,-11.23,2.59002,4.25064,2.50633,0.8292,0.21218,18.76211,-0.59855,-2.85051
2014-12-01,2.5315,-11.22,2.65042,4.28414,2.50706,0.97012,0.24828,18.74971,-0.59841,-4.19815
2014-12-02,2.557,-11.22,2.55334,4.25618,2.49583,2.42133,0.6201,18.79536,-0.59696,-4.19815
2014-12-03,2.5649,-11.24,2.52573,4.24735,2.49569,2.73546,0.70167,18.79625,-0.59799,-4.19815
2014-12-04,2.5491,-11.73,2.51608,4.24334,2.53765,0.45008,0.11546,18.86209,-0.62188,-4.19815
2014-12-05,2.5883,-11.73,2.4757,4.23512,2.53104,2.23702,0.57413,18.94125,-0.61928,-4.19815
2014-12-08,2.5861,-11.72,2.65395,4.19253,2.59591,-0.37864,-0.09715,18.91218,-0.61971,-4.19815
2014-12-09,2.5966,-11.71,2.73112,4.2023,2.60976,-0.5057,-0.12975,18.91533,-0.61907,-4.19815
2014-12-10,2.5895,-11.72,2.91939,4.16263,2.6759,-3.28224,-0.84215,18.93365,-0.619,-4.19815
2014-12-11,2.6131,-11.72,2.99972,4.15387,2.6957,-3.11195,-0.79796,18.82777,-0.62248,-4.19815
2014-12-12,2.6467,-11.73,3.04832,4.12471,2.717,-2.6214,-0.67182,18.138,-0.64671,-4.19815
2014-12-15,2.6496,-11.71,3.01651,4.11186,2.70819,-2.18731,-0.56034,18.1165,-0.64637,-4.19815
2014-12-16,2.6921,-11.72,3.15997,4.09201,2.75117,-2.17056,-0.55589,18.27356,-0.64136,-4.19815
2014-12-17,2.7352,-11.72,2.96733,4.09101,2.69833,1.3573,0.34753,18.47858,-0.63425,-4.19815
2014-12-18,2.712,-11.71,2.82197,4.0821,2.66641,1.6954,0.43407,18.60318,-0.62946,-4.19815
2014-12-19,2.6593,-11.71,2.80275,4.11708,2.64924,0.37884,0.09698,18.9745,-0.61714,-4.19815
2014-12-22,2.6565,-11.7,2.72458,4.09618,2.63814,0.69355,0.17755,18.96293,-0.61699,-4.19815
2014-12-23,2.6624,-11.72,2.69463,4.12212,2.62245,1.51206,0.38707,18.74222,-0.62533,-4.19815
2014-12-24,2.6912,-11.74,2.66514,4.09834,2.62848,2.35832,0.60362,18.50301,-0.63449,-4.19815
2014-12-25,2.6912,-11.74,2.66514,4.09834,2.63118,2.25532,0.57706,18.48938,-0.63496,-4.19815
2014-12-26,2.6952,-11.74,2.67415,4.08514,2.64157,2.0098,0.51409,18.4167,-0.63747,-4.19815
2014-12-29,2.6927,-11.72,2.71204,4.05837,2.66313,1.10413,0.28236,18.39933,-0.63698,-4.19815
2014-12-30,2.6993,-11.72,2.76758,4.05872,2.67796,0.79379,0.20298,18.07206,-0.64851,-4.19815
2014-12-31,2.6541,-11.71,2.95491,4.04882,2.72918,-2.78945,-0.71328,18.42492,-0.63555,-4.19815
2015-01-01,2.6542,-11.71,2.95491,4.04882,2.72582,-2.66254,-0.68069,18.13594,-0.64568,-1.11487
2015-01-02,2.6532,-11.73,2.87864,4.03282,2.71249,-2.21005,-0.56512,17.93499,-0.65403,-1.11487
2015-01-05,2.6912,-11.72,2.99172,3.97237,2.7641,-2.67283,-0.68362,17.86019,-0.65621,-1.11487
2015-01-06,2.7031,-11.72,3.05022,3.93378,2.79235,-3.24861,-0.83068,17.75253,-0.66019,-1.11487
2015-01-07,2.6966,-11.72,2.96062,3.93476,2.76452,-2.4875,-0.6361,17.72164,-0.66134,-1.11487
2015-01-08,2.6808,-11.72,2.8338,3.93104,2.73115,-1.86091,-0.47584,17.75453,-0.66011,-1.11487
2015-01-09,2.6597,-11.73,2.86505,3.91422,2.74438,-3.13407,-0.80156,17.8613,-0.65673,-1.11487
2015-01-12,2.6264,-11.72,2.97553,3.85925,2.79035,-6.0554,-1.54837,18.0878,-0.64795,-1.11487
2015-01-13,2.6702,-11.72,3.02335,3.84139,2.80109,-4.7856,-1.22167,17.80804,-0.65813,-1.11487
2015-01-14,2.6396,-11.71,3.06712,3.88547,2.78616,-5.40365,-1.37819,17.97171,-0.65158,-1.11487
2015-01-15,2.6121,-11.72,3.10861,3.8643,2.79879,-6.90316,-1.75818,17.85177,-0.65652,-1.11487
2015-01-16,2.6387,-11.72,3.04214,3.86472,2.7734,-4.97861,-1.26497,17.78679,-0.65892,-1.11487
2015-01-19,2.6169,-11.72,3.04214,3.86472,2.76728,-5.58736,-1.41827,17.85153,-0.65653,-1.11487
2015-01-20,2.6481,-11.72,2.99022,3.87099,2.74614,-3.63534,-0.92165,17.9837,-0.6517,-1.11487
2015-01-21,2.611,-11.72,2.93651,3.89243,2.72182,-4.15678,-1.05356,18.21995,-0.64325,-1.11487
2015-01-22,2.5971,-12.22,2.79728,3.88198,2.73213,-5.06876,-1.28416,18.11214,-0.67469,-1.11487
2015-01-23,2.5707,-12.23,2.81301,3.88753,2.72926,-5.98507,-1.51656,17.80144,-0.68702,-1.11487
2015-01-26,2.5778,-12.22,2.74213,3.87453,2.71032,-5.01286,-1.26986,17.06651,-0.71602,-1.11487
2015-01-27,2.5799,-12.23,2.84607,3.90399,2.72079,-5.3172,-1.34646,17.0655,-0.71665,-1.11487
2015-01-28,2.5693,-12.23,3.01749,3.88095,2.76557,-7.36143,-1.86685,16.39359,-0.74602,-1.11487
2015-01-29,2.5731,-12.22,2.93173,3.89447,2.7328,-6.02154,-1.52507,16.37496,-0.74626,-1.11487
2015-01-30,2.6002,-12.23,3.04309,3.9701,2.73233,-4.95646,-1.2542,15.23591,-0.80271,-1.11487
2015-02-02,2.6788,-12.23,2.96682,4.00278,2.70003,-0.78931,-0.19982,16.3102,-0.74984,-6.23503
2015-02-03,2.7236,-12.23,2.85244,4.05889,2.65444,2.57219,0.65242,16.59728,-0.73687,-6.23503
2015-02-04,2.6911,-12.24,2.90854,3.99194,2.69033,0.02847,0.00723,16.04871,-0.76268,-6.23503
2015-02-05,2.7383,-12.23,2.82435,4.03548,2.65545,3.07223,0.78108,16.3106,-0.74982,-6.23503
2015-02-06,2.7416,-12.23,2.85013,4.05699,2.65597,3.17302,0.80764,16.30948,-0.74987,-6.23503
2015-02-09,2.7796,-12.24,2.92047,4.06629,2.67157,3.964,1.00965,16.50296,-0.74169,-6.23503
2015-02-10,2.7663,-12.24,2.84665,4.033,2.66588,3.69759,0.94227,16.54276,-0.7399,-6.23503
2015-02-11,2.8311,-12.24,2.83086,4.00113,2.67386,5.71432,1.45739,17.05072,-0.71786,-6.23503
2015-02-12,2.8655,-12.23,2.73046,4.04393,2.63851,8.25303,2.10383,17.17488,-0.71209,-6.23503
2015-02-13,2.817,-12.24,2.68717,4.04987,2.63142,6.81489,1.73192,17.57098,-0.6966,-6.23503
2015-02-16,2.8309,-12.24,2.68717,4.04987,2.63478,7.17939,1.8208,17.43907,-0.70187,-6.23503
2015-02-17,2.826,-12.23,2.76001,4.13565,2.62308,7.45124,1.88535,17.41648,-0.70221,-6.23503
2015-02-18,2.8257,-12.23,2.73761,4.10314,2.63182,7.10824,1.79501,17.41785,-0.70215,-6.23503
2015-02-19,2.834,-12.23,2.7272,4.09784,2.6337,7.32981,1.84872,16.70935,-0.73193,-6.23503
2015-02-20,2.8633,-12.23,2.66026,4.098,2.62255,8.78287,2.21056,16.66907,-0.73369,-6.23503
2015-02-23,2.8641,-12.23,2.67828,4.07584,2.63756,8.23983,2.06768,16.59399,-0.73701,-6.23503
2015-02-24,2.8747,-12.23,2.61667,4.07176,2.63039,8.88178,2.22178,16.36459,-0.74735,-6.23503
2015-02-25,2.857,-12.23,2.62756,4.12115,2.6175,8.75533,2.18185,16.33558,-0.74867,-6.23503
2015-02-26,2.8688,-12.22,2.63261,4.09518,2.63107,8.65016,2.14721,16.34127,-0.7478,-6.23503
2015-02-27,2.905,-12.23,2.59077,4.13645,2.61149,10.65116,2.63363,16.39924,-0.74577,-6.23503
2015-03-02,2.8368,-12.23,2.56802,4.08665,2.63186,7.4984,1.8427,17.18843,-0.71153,-13.94274
2015-03-03,2.8927,-12.23,2.62901,4.1112,2.63531,9.31908,2.28364,17.48145,-0.6996,-13.94274
2015-03-04,2.9279,-12.24,2.65535,4.10347,2.64672,10.09629,2.46291,17.39514,-0.70364,-13.94274
2015-03-05,2.9714,-12.73,2.64191,4.10231,2.68457,10.1513,2.46301,17.57167,-0.72446,-13.94274
2015-03-06,3.0001,-12.74,2.7213,4.08983,2.70634,10.305,2.48791,17.63052,-0.72261,-13.94274
2015-03-09,3.057,-12.73,2.71204,4.06954,2.71652,11.80806,2.83608,17.9044,-0.711,-13.94274
2015-03-10,3.1227,-12.73,2.81481,4.03229,2.75278,12.60872,3.0085,18.24536,-0.69771,-13.94274
2015-03-11,3.1016,-12.72,2.82554,4.05248,2.74826,12.09507,2.8661,18.23118,-0.69771,-13.94274
2015-03-12,3.1269,-12.72,2.73567,4.04445,2.74289,13.10289,3.08474,18.26306,-0.69649,-13.94274
2015-03-13,3.1631,-12.72,2.77259,4.00132,2.7737,13.13709,3.06943,18.15381,-0.70068,-13.94274
2015-03-16,3.245,-12.7,2.74791,3.97856,2.78537,15.27352,3.54344,18.54165,-0.68494,-13.94274
2015-03-17,3.2428,-12.7,2.75111,3.97837,2.7924,14.95342,3.4347,18.4145,-0.68967,-13.94274
2015-03-18,3.2462,-12.72,2.63691,4.02374,2.76131,16.17815,3.68956,17.84498,-0.71281,-13.94274
2015-03-19,3.2181,-12.72,2.64404,3.99692,2.78372,14.50045,3.27104,17.98329,-0.70732,-13.94274
2015-03-20,3.2904,-12.74,2.56649,4.01313,2.77377,17.08004,3.82581,18.38629,-0.69291,-13.94274
2015-03-23,3.2246,-12.72,2.596,4.02392,2.77691,14.94695,3.31335,18.91501,-0.67248,-13.94274
2015-03-24,3.1283,-12.73,2.61154,4.00933,2.79419,11.29491,2.48682,20.0405,-0.63521,-13.94274
2015-03-25,3.1362,-12.71,2.73696,4.03389,2.79352,11.57093,2.5393,20.03968,-0.63424,-13.94274
2015-03-26,3.1973,-12.72,2.76001,4.08075,2.77133,14.29799,3.12528,20.30929,-0.62631,-13.94274
2015-03-27,3.1795,-12.71,2.71271,4.03265,2.80027,12.70087,2.75545,20.37716,-0.62374,-13.94274
2015-03-30,3.2412,-12.71,2.67484,4.03052,2.80303,14.52427,3.13457,20.25297,-0.62756,-13.94274
2015-03-31,3.226,-12.72,2.7272,4.00933,2.82551,13.25545,2.84071,20.30488,-0.62645,-13.94274
2015-04-01,3.1885,-12.72,2.71536,4.0448,2.80614,12.77406,2.72344,20.50866,-0.62023,-11.47263
2015-04-02,3.1643,-12.73,2.6858,4.00642,2.83438,11.01099,2.33651,20.48453,-0.62144,-11.47263
2015-04-03,3.1222,-12.73,2.6858,4.00642,2.83825,9.5349,2.01905,20.72758,-0.61416,-11.47263
2015-04-06,3.1216,-12.72,2.69056,4.06251,2.80302,10.76474,2.2767,20.71192,-0.61414,-11.47263
2015-04-07,3.1216,-12.73,2.69327,4.07923,2.79527,11.0417,2.32901,20.65061,-0.61645,-11.47263
2015-04-08,3.1251,-12.72,2.63763,4.01728,2.83915,9.59615,2.01803,20.54595,-0.6191,-11.47263
2015-04-09,3.0461,-12.72,2.57185,4.03548,2.82894,7.39615,1.55317,21.09329,-0.60304,-11.47263
2015-04-10,3.0553,-12.73,2.53211,4.0582,2.81654,8.1369,1.70929,20.8961,-0.6092,-11.47263
2015-04-13,3.0718,-12.72,2.63476,4.05924,2.81872,8.5981,1.80638,20.7196,-0.61391,-11.47263
2015-04-14,3.1192,-12.73,2.6152,4.06783,2.81601,10.2254,2.14757,20.70991,-0.61468,-11.47263
2015-04-15,3.0646,-12.73,2.55257,4.09966,2.79728,9.12704,1.91402,21.05392,-0.60464,-11.47263
2015-04-16,3.0259,-12.73,2.5337,4.10099,2.80041,7.7441,1.62384,21.16303,-0.60152,-11.47263
2015-04-17,3.0186,-12.74,2.63117,4.15025,2.76253,8.86446,1.85952,21.09369,-0.60397,-11.47263
2015-04-20,3.0367,-12.72,2.58776,4.15025,2.76534,9.36093,1.9629,20.84828,-0.61012,-11.47263
2015-04-21,3.0294,-12.72,2.584,4.12842,2.78471,8.42212,1.76484,20.81229,-0.61118,-11.47263
2015-04-22,3.026,-12.72,2.54239,4.13884,2.78172,8.41706,1.76341,20.66639,-0.61549,-11.47263
2015-04-23,3.0052,-12.72,2.52413,4.17208,2.75951,8.529,1.78631,20.75321,-0.61292,-11.47263
2015-04-24,2.9685,-12.72,2.50879,4.17869,2.75785,7.36056,1.54162,20.95919,-0.60689,-11.47263
2015-04-27,2.9483,-12.73,2.57414,4.17177,2.75942,6.62084,1.38734,20.99952,-0.6062,-11.47263
2015-04-28,2.9131,-12.73,2.5185,4.16883,2.76857,5.08873,1.06754,21.19038,-0.60074,-11.47263
2015-04-29,2.9348,-12.74,2.59451,4.18723,2.74678,6.62104,1.39161,21.14929,-0.60238,-11.47263
2015-04-30,2.9527,-13.24,2.67759,4.2014,2.74602,7.25687,1.52608,20.39821,-0.64908,-11.47263
2015-05-01,3.0111,-13.24,2.5416,4.1966,2.76613,8.48552,1.7842,20.49671,-0.64596,-12.06386
2015-05-04,3.0111,-13.23,2.55334,4.19645,2.76615,8.48488,1.78162,20.31281,-0.65131,-12.06386
2015-05-05,3.083,-13.24,2.66096,4.21242,2.74138,11.74421,2.46269,20.54338,-0.64449,-12.06386
2015-05-06,3.0531,-13.23,2.718,4.21612,2.73306,11.07343,2.31278,20.67438,-0.63992,-12.06386
2015-05-07,3.0287,-13.24,2.71668,4.18266,2.76381,9.15231,1.90349,20.61709,-0.64219,-12.06386
2015-05-08,3.0213,-13.24,2.55412,4.18037,2.78668,8.08348,1.67668,20.5939,-0.64291,-12.06386
2015-05-11,2.9712,-13.23,2.62829,4.173,2.78523,6.46353,1.33814,20.4253,-0.64773,-12.06386
2015-05-12,3.0564,-13.22,2.62901,4.2026,2.76081,10.1713,2.10392,21.03743,-0.6284,-12.06386
2015-05-13,3.0175,-13.23,2.62177,4.20185,2.76461,8.75305,1.80434,20.90531,-0.63285,-12.06386
2015-05-14,3.0365,-13.24,2.54475,4.19855,2.77859,8.87616,1.82543,20.91715,-0.63297,-12.06386
2015-05-15,2.9899,-13.23,2.51608,4.19825,2.78367,7.14681,1.46594,21.17186,-0.62489,-12.06386
2015-05-18,2.9914,-13.23,2.54396,4.19374,2.78569,7.12465,1.4589,21.17104,-0.62491,-12.06386
2015-05-19,3.0058,-13.23,2.55334,4.1592,2.81524,6.54969,1.33954,21.18162,-0.6246,-12.06386
2015-05-20,3.0316,-13.23,2.55568,4.17485,2.80226,7.8663,1.60815,21.15325,-0.62544,-12.06386
2015-05-21,3.0017,-13.23,2.49403,4.1978,2.79244,7.22622,1.47375,21.26344,-0.62219,-12.06386
2015-05-22,3.0367,-13.23,2.49568,4.18006,2.80963,7.77196,1.58179,21.3664,-0.6192,-12.06386
2015-05-25,3.089,-13.23,2.49568,4.18006,2.81243,9.37975,1.90435,21.55993,-0.61364,-12.06386
2015-05-26,3.0932,-13.23,2.64333,4.1545,2.81711,9.34929,1.89154,21.552,-0.61386,-12.06386
2015-05-27,3.148,-13.24,2.58551,4.1281,2.85166,9.88665,1.99331,21.68244,-0.61063,-12.06386
2015-05-28,3.1379,-13.24,2.58852,4.13645,2.84676,9.73727,1.95552,21.09992,-0.62749,-12.06386
2015-05-29,3.1584,-13.24,2.62756,4.18297,2.80297,11.93848,2.3886,20.80953,-0.63625,-12.06386
2015-06-01,3.1758,-13.23,2.63691,4.17254,2.81304,12.12938,2.41339,20.71323,-0.63872,-12.87472
2015-06-02,3.1695,-13.24,2.65605,4.1819,2.80548,12.19975,2.41363,20.54098,-0.64457,-12.87472
2015-06-03,3.1286,-13.23,2.61447,4.15575,2.83687,9.78831,1.92559,20.65395,-0.64056,-12.87472
2015-06-04,3.1332,-13.73,2.68853,4.12762,2.87772,8.50573,1.66719,20.32411,-0.67555,-12.87472
2015-06-05,3.1402,-13.72,2.65395,4.14804,2.86827,9.05785,1.7709,19.88126,-0.6901,-12.87472
2015-06-08,3.1396,-13.73,2.7272,4.1382,2.87062,8.95666,1.74637,19.83235,-0.6923,-12.87472
2015-06-09,3.1099,-13.73,2.67208,4.17254,2.8532,8.6151,1.67517,19.85921,-0.69137,-12.87472
2015-06-10,3.0955,-13.73,2.58173,4.1851,2.85969,7.92375,1.53692,19.7382,-0.69561,-12.87472
2015-06-11,3.114,-13.74,2.55334,4.17608,2.87631,7.93986,1.53713,19.07054,-0.72048,-12.87472
2015-06-12,3.0871,-13.73,2.62322,4.15685,2.88613,6.73142,1.30071,19.13792,-0.71742,-12.87472
2015-06-15,3.1168,-13.73,2.73372,4.13693,2.89022,7.54751,1.45641,19.24671,-0.71337,-12.87472
2015-06-16,3.1235,-13.74,2.6953,4.13724,2.89966,7.43595,1.43219,19.18448,-0.7162,-12.87472
2015-06-17,3.0869,-13.74,2.67415,4.15685,2.88937,6.61303,1.27153,18.75025,-0.73279,-12.87472
2015-06-18,3.0504,-13.74,2.57946,4.16294,2.90024,5.04808,0.96914,18.47639,-0.74365,-12.87472
2015-06-19,3.0578,-13.74,2.6362,4.14345,2.91133,4.9085,0.94171,17.49019,-0.78558,-12.87472
2015-06-22,3.0932,-13.74,2.54475,4.14852,2.92196,5.69531,1.09179,17.64215,-0.77882,-12.87472
2015-06-23,3.0844,-13.74,2.49403,4.16589,2.91657,5.59481,1.07128,17.19689,-0.79898,-12.87472
2015-06-24,3.0738,-13.74,2.58475,4.15088,2.91896,5.16872,0.98868,17.17685,-0.79991,-12.87472
2015-06-25,3.0949,-13.74,2.63977,4.1463,2.91712,5.91598,1.1306,16.7718,-0.81923,-12.87472
2015-06-26,3.1244,-13.74,2.64048,4.14725,2.91835,6.82235,1.30217,16.87509,-0.81422,-12.87472
2015-06-29,3.1257,-13.73,2.93651,4.1273,2.89587,7.63725,1.45547,16.72198,-0.82108,-12.87472
2015-06-30,3.115,-13.74,2.90307,4.15246,2.88567,7.64726,1.45453,16.66852,-0.82431,-12.87472
2015-07-01,3.108,-13.74,2.7782,4.1273,2.92749,5.98342,1.13604,16.45901,-0.8348,-14.33299
2015-07-02,3.1455,-13.74,2.82078,4.12826,2.92505,7.26627,1.37841,16.6349,-0.82597,-14.33299
2015-07-03,3.094,-13.74,2.82078,4.12826,2.92965,5.45824,1.03417,16.96417,-0.80994,-14.33299
2015-07-06,3.1292,-13.73,2.8338,4.03495,3.00877,3.92464,0.74335,17.11676,-0.80214,-14.33299
2015-07-07,3.1351,-13.73,2.7782,4.04042,3.0132,3.9657,0.7515,16.3079,-0.84192,-14.33299
2015-07-08,3.1787,-13.73,2.97859,4.04393,2.99371,5.99593,1.13649,16.51832,-0.8312,-14.33299
2015-07-09,3.2317,-13.72,2.99423,4.07091,2.9755,8.25956,1.56543,16.79702,-0.81681,-14.33299
2015-07-10,3.2211,-13.74,2.82316,4.07295,2.99608,7.24179,1.37077,16.55423,-0.83,-14.33299
2015-07-13,3.1556,-13.73,2.63189,4.05785,3.02463,4.23894,0.80189,16.6924,-0.82253,-14.33299
2015-07-14,3.1312,-13.74,2.59301,4.0692,3.02129,3.57337,0.67626,16.56256,-0.82958,-14.33299
2015-07-15,3.1365,-13.73,2.58249,4.04393,3.04323,3.01873,0.57159,16.5531,-0.82945,-14.33299
2015-07-16,3.1356,-13.73,2.49403,4.05196,3.04362,2.97741,0.56435,16.51788,-0.83122,-14.33299
2015-07-17,3.1506,-13.72,2.48073,4.05213,3.04507,3.4068,0.64688,16.52878,-0.83007,-14.33299
2015-07-20,3.1852,-13.71,2.50553,4.03689,3.05757,4.08946,0.77829,16.65217,-0.82332,-14.33299
2015-07-21,3.1945,-13.72,2.50307,4.04375,3.05635,4.42098,0.84362,16.58298,-0.82735,-14.33299
2015-07-22,3.1719,-13.71,2.49486,4.02767,3.07213,3.196,0.6126,16.44631,-0.83362,-14.33299
2015-07-23,3.2198,-13.72,2.53687,4.01223,3.08636,4.23269,0.81583,16.59953,-0.82653,-14.33299
2015-07-24,3.2842,-13.71,2.62031,4.0004,3.09356,5.98007,1.15837,16.77356,-0.81736,-14.33299
2015-07-27,3.356,-13.7,2.74727,3.97912,3.10616,7.73626,1.50863,17.19872,-0.79657,-14.33299
2015-07-28,3.3617,-13.7,2.59824,3.97594,3.12067,7.4398,1.45907,17.18012,-0.79743,-14.33299
2015-07-29,3.3545,-13.69,2.52573,3.97744,3.1257,7.06436,1.38908,16.82513,-0.81366,-14.33299
2015-07-30,3.3239,-14.18,2.49568,3.97612,3.20002,3.79815,0.7508,16.96234,-0.83597,-14.33299
2015-07-31,3.3708,-14.17,2.49486,3.95527,3.22092,4.54829,0.90543,16.5599,-0.85568,-14.33299
2015-08-03,3.4194,-14.17,2.53052,3.90238,3.26496,4.6217,0.92335,16.59984,-0.85362,-20.55581
2015-08-04,3.4488,-14.17,2.56495,3.91182,3.25987,5.63387,1.13014,16.53223,-0.85711,-20.55581
2015-08-05,3.4663,-14.17,2.52653,3.90379,3.27487,5.68106,1.14513,16.5172,-0.85789,-20.55581
2015-08-06,3.4838,-14.21,2.62249,3.90238,3.27869,6.06788,1.22927,16.07238,-0.88413,-20.55581
2015-08-07,3.5316,-14.19,2.59451,3.88383,3.29793,6.84569,1.39237,15.37046,-0.9232,-20.55581
2015-08-10,3.5316,-14.13,2.50389,3.92019,3.27443,7.56083,1.54379,15.06943,-0.93766,-20.55581
2015-08-11,3.4357,-14.15,2.61813,3.89549,3.29049,4.31839,0.88378,16.19931,-0.87349,-20.55581
2015-08-12,3.471,-14.15,2.6108,3.9052,3.28701,5.4464,1.11781,15.88783,-0.89062,-20.55581
2015-08-13,3.4751,-14.15,2.60195,3.8963,3.2984,5.21856,1.07224,15.88517,-0.89077,-20.55581
2015-08-14,3.5193,-14.16,2.55179,3.89243,3.31189,6.07438,1.24988,16.01059,-0.88441,-20.55581
2015-08-17,3.4779,-14.15,2.56649,3.89243,3.31235,4.87708,1.00454,16.21545,-0.87262,-20.55581
2015-08-18,3.4766,-14.18,2.62394,3.88794,3.31745,4.68577,0.96673,16.0376,-0.88417,-20.55581
2015-08-19,3.4649,-14.2,2.72458,3.85355,3.33966,3.68141,0.76105,15.96545,-0.88942,-20.55581
2015-08-20,3.4883,-14.23,2.95178,3.84203,3.33118,4.60888,0.95526,15.70277,-0.90621,-20.55581
2015-08-21,3.4578,-14.22,3.33328,3.81683,3.31378,4.25419,0.88264,15.84806,-0.89727,-20.55581
2015-08-24,3.498,-14.19,3.70721,3.75396,3.33102,4.89133,1.01455,15.64917,-0.90676,-20.55581
2015-08-25,3.5481,-14.18,3.58407,3.76607,3.34808,5.80251,1.20331,15.81546,-0.89659,-20.55581
2015-08-26,3.6115,-14.19,3.41181,3.76445,3.37744,6.70062,1.38904,16.10275,-0.88122,-20.55581
2015-08-27,3.5941,-14.19,3.26194,3.86199,3.32302,7.84197,1.624,16.14735,-0.87878,-20.55581
2015-08-28,3.5502,-14.19,3.26002,3.91302,3.29595,7.43092,1.53625,16.37962,-0.86632,-20.55581
2015-08-31,3.5787,-14.17,3.34744,3.99176,3.24454,9.80247,2.02494,16.14554,-0.87764,-20.55581
2015-09-01,3.6192,-14.22,3.44681,3.90318,3.33276,8.24509,1.69995,16.24744,-0.87521,-27.76357
2015-09-02,3.6925,-14.22,3.26155,3.92197,3.3319,10.27618,2.11627,16.63121,-0.85502,-27.76357
2015-09-03,3.7539,-14.23,3.24298,3.92553,3.34317,11.58759,2.37959,16.85179,-0.84442,-27.76357
2015-09-04,3.735,-14.23,3.32504,3.90419,3.37321,10.18837,2.08401,16.74234,-0.84994,-27.76357
2015-09-07,3.8397,-14.23,3.32504,3.90419,3.38506,12.6022,2.56969,17.38371,-0.81858,-27.76357
2015-09-08,3.835,-14.19,3.21487,3.90238,3.3853,12.47279,2.53091,17.40043,-0.8155,-27.76357
2015-09-09,3.8159,-14.22,3.2669,3.86241,3.43211,10.60017,2.14062,17.31272,-0.82136,-27.76357
2015-09-10,3.7787,-14.23,3.19335,3.88957,3.41877,10.00978,2.01521,17.46311,-0.81486,-27.76357
2015-09-11,3.8481,-14.21,3.14415,3.87411,3.42748,11.57554,2.32238,17.72232,-0.80181,-27.76357
2015-09-14,3.8682,-14.18,3.18842,3.83665,3.45731,11.22971,2.24177,17.45781,-0.81224,-27.76357
2015-09-15,3.8107,-14.18,3.11529,3.84224,3.453,9.85703,1.95851,17.57931,-0.80663,-27.76357
2015-09-16,3.8597,-14.19,3.06105,3.84182,3.45441,11.09377,2.19644,17.67445,-0.80285,-27.76357
2015-09-17,3.8286,-14.24,3.05117,3.89345,3.43675,10.79722,2.12839,17.75679,-0.80195,-27.76357
2015-09-18,3.8914,-14.25,3.10369,3.8601,3.4732,11.36926,2.23206,17.89512,-0.79631,-27.76357
2015-09-21,3.939,-14.24,3.00271,3.89019,3.44418,13.42396,2.62319,17.91441,-0.79489,-27.76357
2015-09-22,3.9814,-14.25,3.11085,3.89345,3.46612,13.85971,2.69038,17.95652,-0.79358,-27.76357
2015-09-23,4.0477,-14.24,3.09693,3.86598,3.48717,14.9058,2.87393,18.0983,-0.78681,-27.76357
2015-09-24,4.1751,-14.24,3.15572,3.87474,3.49952,17.65117,3.37667,18.86155,-0.75497,-27.76357
2015-09-25,3.933,-14.25,3.16209,3.88362,3.50878,11.41329,2.16014,22.78822,-0.62532,-27.76357
2015-09-28,3.9676,-14.24,3.3189,3.85736,3.56068,10.82104,2.03996,22.77774,-0.62517,-27.76357
2015-09-29,4.1037,-14.24,3.28952,3.87598,3.55331,14.40102,2.70531,23.49601,-0.60606,-27.76357
2015-09-30,4.0544,-14.25,3.19867,3.87888,3.54631,13.38948,2.49855,23.35366,-0.61018,-27.76357
2015-10-01,3.9457,-14.25,3.11574,3.86472,3.54457,10.72082,1.98941,24.13878,-0.59034,-27.33748
2015-10-02,3.9988,-14.25,3.04166,3.87391,3.52732,12.54568,2.32006,24.2132,-0.58852,-27.33748
2015-10-05,3.9275,-14.24,2.97246,3.89691,3.50067,11.50478,2.11879,24.51561,-0.58085,-27.33748
2015-10-06,3.9099,-14.25,2.96527,3.9497,3.47691,11.73665,2.15567,24.41669,-0.58362,-27.33748
2015-10-07,3.849,-14.25,2.91235,3.93828,3.47594,10.19479,1.86656,24.67194,-0.57758,-27.33748
2015-10-08,3.8803,-14.25,2.85762,3.97123,3.44923,11.776,2.15393,24.23024,-0.58811,-27.33748
2015-10-09,3.7819,-14.24,2.83791,3.96367,3.45126,9.14881,1.66931,24.82027,-0.57372,-27.33748
2015-10-12,3.7591,-14.24,2.78316,3.90922,3.47094,7.97543,1.45597,24.88498,-0.57223,-27.33748
2015-10-13,3.7605,-14.24,2.87187,3.89671,3.50503,7.03536,1.28661,24.88193,-0.5723,-27.33748
2015-10-14,3.8888,-14.25,2.89204,3.89488,3.51841,10.00924,1.83575,25.62517,-0.55609,-27.33748
2015-10-15,3.8071,-14.24,2.77571,3.88588,3.49379,8.58804,1.57783,26.04211,-0.54681,-27.33748
2015-10-16,3.7925,-14.24,2.71138,3.88629,3.48039,8.58801,1.58251,26.07627,-0.54609,-27.33748
2015-10-19,3.9207,-14.23,2.70672,3.88383,3.48166,11.87599,2.19405,26.69947,-0.53297,-27.33748
2015-10-20,3.8878,-14.23,2.75684,3.88588,3.49982,10.51312,1.9427,26.69582,-0.53304,-27.33748
2015-10-21,3.9023,-14.24,2.81541,3.86807,3.53216,9.9656,1.84015,26.47705,-0.53782,-27.33748
2015-10-22,3.9367,-14.25,2.67069,3.87287,3.49734,11.83403,2.18531,26.22799,-0.54331,-27.33748
2015-10-23,3.9023,-14.24,2.67139,3.87099,3.50068,10.86077,2.00406,26.32504,-0.54093,-27.33748
2015-10-26,3.8756,-14.23,2.7272,3.86157,3.52234,9.55757,1.76639,26.37481,-0.53953,-27.33748
2015-10-27,3.9039,-14.22,2.73631,3.8461,3.53334,9.9733,1.8458,26.28938,-0.5409,-27.33748
2015-10-28,3.8834,-14.21,2.66236,3.89284,3.49275,10.60227,1.96496,26.23051,-0.54174,-27.33748
2015-10-29,3.8972,-14.18,2.68171,3.88773,3.49588,10.86746,2.01721,26.11731,-0.54293,-27.33748
2015-10-30,3.8447,-14.17,2.71271,3.90318,3.49812,9.44691,1.75194,26.26841,-0.53943,-27.33748
2015-11-02,3.8514,-14.17,2.64971,3.88753,3.49197,9.79716,1.81577,26.25967,-0.53961,-23.39628
2015-11-03,3.8702,-14.19,2.6769,3.92277,3.49367,10.23522,1.89603,26.25882,-0.54039,-23.39628
2015-11-04,3.7671,-14.2,2.74148,3.88321,3.53602,6.33036,1.1726,26.75927,-0.53066,-23.39628
2015-11-05,3.7956,-14.2,2.71138,3.87078,3.53695,7.05767,1.31086,26.78998,-0.53005,-23.39628
2015-11-06,3.7801,-14.17,2.66236,3.85904,3.52346,7.03069,1.3094,26.17333,-0.54139,-23.39628
2015-11-09,3.7663,-14.11,2.80457,3.85418,3.54471,6.06357,1.13192,26.13286,-0.53993,-23.39628
2015-11-10,3.7991,-14.12,2.7272,3.85947,3.52855,7.38762,1.38157,26.17442,-0.53946,-23.39628
2015-11-11,3.7454,-14.12,2.77633,3.8245,3.55972,5.08473,0.95182,26.25776,-0.53775,-23.39628
2015-11-12,3.7629,-14.11,2.91072,3.78555,3.61015,4.14394,0.77673,26.13734,-0.53984,-23.39628
2015-11-13,3.7669,-14.11,2.99972,3.77529,3.63898,3.45488,0.64914,26.13529,-0.53988,-23.39628
2015-11-16,3.8406,-14.1,2.89922,3.7746,3.6123,6.1285,1.15429,26.36596,-0.53478,-23.39628
2015-11-17,3.8256,-14.11,2.93598,3.77437,3.62718,5.32596,1.00458,26.36827,-0.53511,-23.39628
2015-11-18,3.8083,-14.13,2.82435,3.78737,3.60295,5.54298,1.04731,26.31479,-0.53696,-23.39628
2015-11-19,3.7671,-14.14,2.83262,3.78827,3.61029,4.25182,0.80514,26.34989,-0.53662,-23.39628
2015-11-20,3.7612,-14.13,2.7389,3.79908,3.58135,4.89995,0.93058,26.2211,-0.53888,-23.39628
2015-11-23,3.6996,-14.11,2.74855,3.80288,3.57734,3.36038,0.64074,26.22404,-0.53806,-23.39628
2015-11-24,3.7289,-14.09,2.7682,3.83125,3.56362,4.53374,0.86965,26.24465,-0.53687,-23.39628
2015-11-25,3.6962,-14.06,2.72064,3.83233,3.5435,4.21904,0.8133,26.1844,-0.53696,-23.39628
2015-11-26,3.7394,-14.06,2.72064,3.83233,3.54538,5.32804,1.03248,26.23576,-0.53591,-23.39628
2015-11-27,3.7384,-14.07,2.71602,3.80355,3.56324,4.79884,0.93464,26.14839,-0.53808,-23.39628
2015-11-30,3.8414,-14.03,2.78068,3.79796,3.56916,7.3506,1.4392,26.40249,-0.53139,-23.39628
2015-12-01,3.8666,-14.04,2.6858,3.79414,3.55467,8.41122,1.65159,26.23393,-0.53518,-23.55903
2015-12-02,3.8506,-14.04,2.76695,3.74927,3.59823,6.77855,1.33531,26.22684,-0.53533,-23.55903
2015-12-03,3.8323,-14.04,2.89646,3.78055,3.61676,5.78861,1.14522,25.65737,-0.54721,-23.55903
2015-12-04,3.7559,-14.02,2.6953,3.7612,3.5738,4.96994,0.98745,25.97005,-0.53985,-23.55903
2015-12-07,3.751,-13.96,2.76254,3.70696,3.59519,4.24261,0.84804,25.95361,-0.53788,-23.55903
2015-12-08,3.7595,-13.98,2.8679,3.69536,3.63429,3.38735,0.68101,25.88572,-0.54007,-23.55903
2015-12-09,3.8145,-13.99,2.97604,3.69163,3.66678,3.94963,0.79931,25.79048,-0.54245,-23.55903
2015-12-10,3.7427,-14.01,2.96218,3.68211,3.67738,1.7606,0.35864,26.03978,-0.53802,-23.55903
2015-12-11,3.8078,-14.02,3.19417,3.63574,3.76141,1.22585,0.25175,26.11018,-0.53696,-23.55903
2015-12-14,3.8127,-13.99,3.12369,3.63548,3.73407,2.08391,0.43187,25.98225,-0.53844,-23.55903
2015-12-15,3.8844,-14.0,3.04214,3.64936,3.71219,4.53454,0.94585,26.2009,-0.53433,-23.55903
2015-12-16,3.9059,-13.98,2.88256,3.61604,3.68127,5.92298,1.24392,26.021,-0.53726,-23.55903
2015-12-17,3.8929,-14.02,2.94128,3.61577,3.71461,4.68813,0.99077,25.91246,-0.54105,-23.55903
2015-12-18,3.8763,-14.06,3.03013,3.60767,3.75997,3.04702,0.64521,25.82957,-0.54434,-23.55903
2015-12-21,3.9784,-14.01,2.92852,3.59319,3.72204,6.66079,1.41444,26.15001,-0.53576,-23.55903
2015-12-22,4.0114,-14.04,2.8094,3.58657,3.70884,7.84215,1.66684,25.43075,-0.55209,-23.55903
2015-12-23,3.9852,-14.05,2.74535,3.6206,3.68397,7.85961,1.67013,22.45778,-0.62562,-23.55903
2015-12-24,3.941,-14.05,2.75621,3.63469,3.68406,6.74193,1.43322,22.50272,-0.62437,-23.55903
2015-12-25,3.913,-14.05,2.75621,3.63469,3.68757,5.9337,1.26283,21.46558,-0.65454,-23.55903
2015-12-28,3.9082,-14.02,2.82791,3.60059,3.71468,5.07852,1.08186,21.34211,-0.65692,-23.55903
2015-12-29,3.8551,-14.02,2.77758,3.63204,3.68977,4.38321,0.93531,20.82295,-0.6733,-23.55903
2015-12-30,3.8641,-14.04,2.85013,3.59622,3.73626,3.36449,0.72044,20.64325,-0.68013,-23.55903
2015-12-31,3.9567,-14.09,2.90197,3.61846,3.75902,5.12514,1.10135,20.89268,-0.6744,-23.55903
2016-01-01,3.95,-14.09,2.90197,3.61846,3.7618,4.88167,1.05236,20.87508,-0.67497,-23.77007
2016-01-04,3.9491,-14.03,3.03013,3.61685,3.76997,4.64211,1.00279,20.62514,-0.68024,-23.77007
2016-01-05,4.0373,-14.05,2.96218,3.59512,3.77671,6.67224,1.44454,21.02312,-0.66831,-23.77007
2016-01-06,4.0269,-14.04,3.02481,3.5331,3.82377,5.17603,1.12333,20.34449,-0.69011,-23.77007
2016-01-07,4.0199,-14.05,3.21848,3.51898,3.8781,3.59117,0.78112,20.30208,-0.69205,-23.77007
2016-01-08,4.0415,-14.05,3.29621,3.51304,3.89885,3.59332,0.78421,20.31966,-0.69145,-23.77007
2016-01-11,3.9932,-14.04,3.19048,3.45157,3.91257,2.03981,0.44687,19.38852,-0.72414,-23.77007
2016-01-12,4.0504,-14.04,3.11218,3.42946,3.91194,3.47822,0.765,19.07326,-0.73611,-23.77007
2016-01-13,4.0252,-14.03,3.22764,3.41148,3.94479,2.01786,0.44602,19.10394,-0.7344,-23.77007
2016-01-14,4.0141,-14.0,3.17597,3.43495,3.90997,2.62847,0.58412,17.95213,-0.77985,-23.77007
2016-01-15,4.0059,-14.01,3.29658,3.43431,3.94052,1.64559,0.36786,17.87016,-0.78399,-23.77007
2016-01-18,4.0043,-14.01,3.29658,3.43431,3.94247,1.55617,0.34968,17.85872,-0.78449,-23.77007
2016-01-19,4.0523,-13.99,3.26002,3.35899,3.9761,1.8982,0.42868,17.92939,-0.78028,-23.77007
2016-01-20,4.0584,-13.99,3.31745,3.32791,4.00953,1.21143,0.27501,17.83177,-0.78455,-23.77007
2016-01-21,4.1014,-13.97,3.28429,3.37588,3.96533,3.37381,0.77005,17.87442,-0.78156,-23.77007
2016-01-22,4.1535,-13.94,3.10638,3.47135,3.86205,7.27542,1.66938,17.98362,-0.77515,-23.77007
2016-01-25,4.0895,-13.94,3.18428,3.41773,3.91533,4.35227,1.001,18.24384,-0.76409,-23.77007
2016-01-26,4.0879,-13.94,3.11352,3.45947,3.87875,5.25173,1.2118,18.23692,-0.76438,-23.77007
2016-01-27,4.0669,-13.93,3.14027,3.49953,3.8571,5.29649,1.22547,18.04502,-0.77196,-23.77007
2016-01-28,4.1049,-13.9,3.10995,3.52312,3.82724,7.00379,1.6248,18.12265,-0.767,-23.77007
2016-01-29,4.067,-13.92,3.00568,3.54789,3.80403,6.68433,1.5502,18.22081,-0.76396,-23.77007
2016-02-01,3.9971,-13.9,2.99473,3.54645,3.79816,5.10537,1.18311,17.71732,-0.78454,-21.89786
2016-02-02,3.9597,-13.91,3.09013,3.48799,3.86047,2.53783,0.58838,17.78474,-0.78213,-21.89786
2016-02-03,3.9853,-13.92,3.07501,3.55649,3.81756,4.30022,0.99893,17.79486,-0.78225,-21.89786
2016-02-04,3.8923,-13.96,3.08374,3.5398,3.84833,1.13618,0.26425,18.43581,-0.75722,-21.89786
2016-02-05,3.8862,-13.95,3.15188,3.52812,3.86485,0.55092,0.12832,18.36546,-0.75958,-21.89786
2016-02-08,3.8985,-13.93,3.2581,3.49286,3.89998,-0.03806,-0.00888,18.1316,-0.76827,-21.89786
2016-02-09,3.8916,-13.95,3.27865,3.41181,3.96873,-1.96267,-0.45894,18.1192,-0.7699,-21.89786
2016-02-10,3.8815,-13.94,3.26919,3.42881,3.94998,-1.749,-0.40983,18.12965,-0.76891,-21.89786
2016-02-11,3.9263,-13.97,3.33719,3.4032,3.99134,-1.64286,-0.386,17.86176,-0.78212,-21.89786
2016-02-12,3.9875,-13.95,3.23475,3.50736,3.89155,2.43571,0.5735,18.09279,-0.77103,-21.89786
2016-02-15,3.9682,-13.95,3.23475,3.50736,3.89233,1.93034,0.45547,18.09663,-0.77086,-21.89786
2016-02-16,3.995,-13.95,3.18263,3.47135,3.91067,2.13349,0.50447,17.98293,-0.77574,-21.89786
2016-02-17,4.0625,-13.95,3.10503,3.54096,3.85092,5.34873,1.26752,18.25078,-0.76435,-21.89786
2016-02-18,3.9809,-13.95,3.07454,3.53456,3.85297,3.26627,0.77423,18.41488,-0.75754,-21.89786
2016-02-19,4.0246,-13.94,3.02189,3.49681,3.86959,3.92783,0.93286,18.46973,-0.75475,-21.89786
2016-02-22,4.0164,-13.92,2.96424,3.54645,3.81985,5.01758,1.19292,18.36983,-0.75776,-21.89786
2016-02-23,3.9428,-13.93,3.04357,3.50466,3.86747,1.92911,0.45883,18.66839,-0.74618,-21.89786
2016-02-24,3.9535,-13.92,3.0311,3.53835,3.83847,2.95262,0.70349,18.6707,-0.74555,-21.89786
2016-02-25,3.9544,-13.93,2.95021,3.5636,3.81445,3.60335,0.85947,17.88992,-0.77865,-21.89786
2016-02-26,3.9519,-13.92,2.98619,3.5582,3.82084,3.37268,0.80489,17.84833,-0.7799,-21.89786
2016-02-29,3.9647,-13.92,3.02286,3.58269,3.8092,4.00113,0.95483,17.83385,-0.78054,-21.89786
2016-03-01,4.0129,-13.92,2.87356,3.58241,3.79103,5.68758,1.35697,17.95107,-0.77544,-17.22309
2016-03-02,3.922,-13.89,2.83849,3.60902,3.75744,4.28642,1.02164,18.09024,-0.76782,-17.22309
2016-03-03,3.8893,-13.97,2.81541,3.61281,3.78457,2.72966,0.65025,18.17688,-0.76856,-17.22309
2016-03-04,3.7961,-13.96,2.82494,3.65636,3.75089,1.1981,0.2853,18.83847,-0.74104,-17.22309
2016-03-07,3.7688,-13.93,2.85359,3.70966,3.70455,1.71936,0.40944,18.66543,-0.7463,-17.22309
2016-03-08,3.7811,-13.96,2.92692,3.68009,3.7469,0.90869,0.21637,18.28059,-0.76365,-17.22309
2016-03-09,3.7527,-13.95,2.90908,3.71528,3.71534,1.00057,0.23826,18.00927,-0.7746,-17.22309
2016-03-10,3.6769,-13.93,2.89315,3.69013,3.72392,-1.27078,-0.30264,18.45209,-0.75493,-17.22309
2016-03-11,3.614,-13.92,2.80336,3.69858,3.70219,-2.41086,-0.5744,18.32927,-0.75944,-17.22309
2016-03-14,3.5717,-13.91,2.8285,3.67706,3.71608,-3.96281,-0.94414,18.39986,-0.75598,-17.22309
2016-03-15,3.655,-13.91,2.82376,3.65687,3.72882,-1.99944,-0.476,19.03425,-0.73079,-17.22309
2016-03-16,3.7623,-13.94,2.70738,3.6971,3.69566,1.78711,0.42541,19.93938,-0.69912,-17.22309
2016-03-17,3.7366,-13.96,2.67,3.72666,3.67805,1.57942,0.3759,19.23678,-0.72569,-17.22309
2016-03-18,3.6206,-13.95,2.64048,3.71844,3.67676,-1.53923,-0.36629,20.08635,-0.6945,-17.22309
2016-03-21,3.6211,-13.94,2.62394,3.72666,3.66444,-1.18977,-0.28309,20.06422,-0.69477,-17.22309
2016-03-22,3.6126,-13.95,2.65113,3.73266,3.66714,-1.49845,-0.35651,19.96948,-0.69857,-17.22309
2016-03-23,3.5778,-13.95,2.70404,3.70056,3.69627,-3.25767,-0.77496,20.00579,-0.6973,-17.22309
2016-03-24,3.6801,-13.95,2.69056,3.69982,3.69404,-0.37801,-0.08987,20.86421,-0.66861,-17.22309
2016-03-25,3.6772,-13.95,2.69056,3.69982,3.69385,-0.4517,-0.10739,20.70332,-0.67381,-17.22309
2016-03-28,3.6835,-13.96,2.72392,3.69561,3.70488,-0.57877,-0.13761,20.69994,-0.6744,-17.22309
2016-03-29,3.6772,-14.02,2.62612,3.66714,3.73477,-1.55349,-0.36936,20.09546,-0.69767,-17.22309
2016-03-30,3.6349,-14.05,2.60712,3.67021,3.74084,-2.87292,-0.68301,20.20286,-0.69545,-17.22309
2016-03-31,3.5961,-14.04,2.63548,3.67883,3.73353,-3.7503,-0.89119,20.28883,-0.69201,-17.22309
2016-04-01,3.5865,-14.02,2.57261,3.68034,3.71423,-3.49949,-0.83095,19.7157,-0.71111,-14.98373
2016-04-04,3.5486,-14.02,2.64759,3.62939,3.75937,-5.76982,-1.36911,19.7928,-0.70834,-14.98373
2016-04-05,3.6172,-14.02,2.73567,3.63416,3.76674,-4.05085,-0.95951,20.24004,-0.69269,-14.98373
2016-04-06,3.6737,-14.02,2.64547,3.68487,3.71628,-1.15239,-0.27272,20.48342,-0.68446,-14.98373
2016-04-07,3.6364,-14.02,2.78254,3.67453,3.74401,-2.91643,-0.69014,20.44871,-0.68562,-14.98373
2016-04-08,3.6826,-14.02,2.73177,3.73624,3.69282,-0.27718,-0.06557,20.40127,-0.68721,-14.98373
2016-04-11,3.5862,-14.02,2.78871,3.75724,3.68705,-2.77323,-0.65604,20.98738,-0.66802,-14.98373
2016-04-12,3.4885,-14.03,2.698,3.79975,3.64762,-4.46043,-1.05479,21.61173,-0.64918,-14.98373
2016-04-13,3.4825,-14.02,2.62756,3.78827,3.63985,-4.41916,-1.04391,21.61194,-0.64872,-14.98373
2016-04-14,3.4935,-14.03,2.61885,3.78055,3.6463,-4.28076,-1.01015,21.63579,-0.64846,-14.98373
2016-04-15,3.4725,-14.03,2.61154,3.76352,3.65528,-5.12973,-1.2094,21.45801,-0.65383,-14.98373
2016-04-18,3.531,-14.03,2.59152,3.7591,3.65345,-3.40918,-0.8026,21.78482,-0.64403,-14.98373
2016-04-19,3.6099,-14.04,2.58324,3.78487,3.63758,-0.76387,-0.17973,22.17889,-0.63303,-14.98373
2016-04-20,3.5253,-14.02,2.58626,3.82428,3.60414,-2.21174,-0.52043,22.39303,-0.62609,-14.98373
2016-04-21,3.5244,-14.02,2.63548,3.79616,3.63016,-2.95674,-0.69555,22.24254,-0.63032,-14.98373
2016-04-22,3.5244,-14.02,2.58173,3.8091,3.612,-2.45525,-0.57732,22.24408,-0.63028,-14.98373
2016-04-25,3.5623,-14.0,2.64476,3.79504,3.62354,-1.70454,-0.40067,22.38843,-0.62532,-14.98373
2016-04-26,3.5504,-14.01,2.6362,3.82297,3.60711,-1.58471,-0.37244,22.26918,-0.62912,-14.98373
2016-04-27,3.5202,-14.01,2.62249,3.85397,3.5842,-1.80183,-0.42341,22.26033,-0.62937,-14.98373
2016-04-28,3.5215,-14.03,2.72261,3.87411,3.5949,-2.06287,-0.48468,22.05466,-0.63615,-14.98373
2016-04-29,3.4797,-14.03,2.75366,3.87391,3.59991,-3.39635,-0.7978,22.09507,-0.63498,-14.98373
2016-05-02,3.4328,-14.03,2.68649,3.87328,3.58846,-4.43462,-1.04103,22.14482,-0.63356,-13.77563
2016-05-03,3.4965,-14.04,2.74727,3.84481,3.62042,-3.48289,-0.81675,22.10025,-0.63529,-13.77563
2016-05-04,3.5549,-14.06,2.77571,3.79818,3.66331,-3.00406,-0.70417,22.40023,-0.62767,-13.77563
2016-05-05,3.5454,-14.05,2.76695,3.80688,3.65177,-2.9561,-0.69276,22.38219,-0.62773,-13.77563
2016-05-06,3.5331,-14.06,2.68921,3.81485,3.63629,-2.87881,-0.67453,22.38561,-0.62808,-13.77563
2016-05-09,3.499,-14.01,2.67896,3.77575,3.64105,-3.97956,-0.9322,22.44429,-0.62421,-13.77563
2016-05-10,3.513,-14.01,2.61227,3.81815,3.60047,-2.45953,-0.5757,22.31599,-0.6278,-13.77563
2016-05-11,3.4704,-13.99,2.68717,3.86283,3.57637,-3.00779,-0.70381,22.13291,-0.63209,-13.77563
2016-05-12,3.447,-13.98,2.66792,3.87287,3.56226,-3.28904,-0.76924,22.14552,-0.63128,-13.77563
2016-05-13,3.4771,-13.96,2.71071,3.86765,3.56524,-2.50337,-0.58516,22.18128,-0.62936,-13.77563
2016-05-16,3.5302,-13.97,2.68649,3.89121,3.54897,-0.53018,-0.12389,22.12797,-0.63133,-13.77563
2016-05-17,3.4945,-13.97,2.74535,3.89752,3.55516,-1.72087,-0.40212,21.88335,-0.63838,-13.77563
2016-05-18,3.4861,-13.95,2.76946,3.89039,3.55642,-1.9972,-0.46664,21.72365,-0.64216,-13.77563
2016-05-19,3.5585,-13.94,2.793,3.88794,3.55817,0.00924,0.00216,22.19865,-0.62797,-13.77563
2016-05-20,3.5609,-13.92,2.7213,3.88609,3.5393,0.60851,0.14223,21.94658,-0.63427,-13.77563
2016-05-23,3.5573,-13.9,2.76127,3.87847,3.54406,0.3729,0.08716,21.92937,-0.63385,-13.77563
2016-05-24,3.5665,-13.9,2.66862,3.88383,3.5242,1.19321,0.27893,21.94274,-0.63347,-13.77563
2016-05-25,3.5673,-13.92,2.63189,3.90681,3.51034,1.60955,0.37623,21.945,-0.63431,-13.77563
2016-05-26,3.5769,-13.94,2.59749,3.90379,3.51378,1.78054,0.41615,21.94036,-0.63536,-13.77563
2016-05-27,3.5827,-13.93,2.57414,3.89833,3.50996,2.05131,0.47935,21.77362,-0.63977,-13.77563
2016-05-30,3.6089,-13.93,2.57414,3.89833,3.51043,2.76648,0.64633,21.41823,-0.65038,-13.77563
2016-05-31,3.5674,-13.91,2.65254,3.9058,3.51248,1.55145,0.36232,21.47043,-0.64787,-13.77563
2016-06-01,3.5832,-13.95,2.65324,3.90621,3.52715,1.57667,0.36817,20.98874,-0.66464,-11.10641
2016-06-02,3.591,-13.96,2.61227,3.91282,3.51975,2.00394,0.46788,20.95817,-0.66609,-11.10641
2016-06-03,3.5801,-13.95,2.60047,3.9048,3.5196,1.70446,0.39788,20.94685,-0.66597,-11.10641
2016-06-06,3.5245,-13.97,2.61374,3.92296,3.51773,0.19219,0.04486,21.11406,-0.66164,-11.10641
2016-06-07,3.4845,-13.97,2.64262,3.94042,3.51142,-0.7697,-0.17965,20.85307,-0.66993,-11.10641
2016-06-08,3.4349,-14.01,2.64476,3.961,3.51291,-2.24571,-0.52413,20.76777,-0.6746,-11.10641
2016-06-09,3.3575,-13.99,2.68376,3.95028,3.51885,-4.69366,-1.09519,21.11819,-0.66246,-11.10641
2016-06-10,3.3959,-13.99,2.83498,3.92277,3.56216,-4.77995,-1.11408,20.70292,-0.67575,-11.10641
2016-06-13,3.4158,-13.98,3.04309,3.919,3.59643,-5.15289,-1.19956,19.83522,-0.70481,-11.10641
2016-06-14,3.4773,-13.98,3.02042,3.90862,3.5979,-3.40945,-0.79258,20.17806,-0.69283,-11.10641
2016-06-15,3.4751,-13.99,3.00271,3.89121,3.60932,-3.78973,-0.88053,19.20934,-0.72829,-11.10641
2016-06-16,3.4693,-13.98,2.96373,3.85418,3.623,-4.33508,-1.00649,19.20973,-0.72776,-11.10641
2016-06-17,3.4612,-13.98,2.96579,3.89528,3.5951,-3.79562,-0.8805,19.20968,-0.72776,-11.10641
2016-06-20,3.4128,-13.97,2.91072,3.92494,3.5618,-4.2733,-0.99059,19.31342,-0.72333,-11.10641
2016-06-21,3.3917,-13.98,2.91669,3.92435,3.56607,-5.01322,-1.16101,18.42306,-0.75883,-11.10641
2016-06-22,3.4121,-13.98,3.05259,3.90962,3.59711,-5.28038,-1.22128,18.48054,-0.75647,-11.10641
2016-06-23,3.3743,-13.94,2.84781,3.93006,3.53482,-4.64749,-1.07335,18.57708,-0.75039,-11.10641
2016-06-24,3.337,-13.98,3.24882,3.87971,3.64662,-8.87274,-2.0469,18.6786,-0.74845,-11.10641
2016-06-27,3.3677,-13.98,3.17178,3.85355,3.64817,-7.99956,-1.83796,18.68628,-0.74814,-11.10641
2016-06-28,3.3893,-13.99,2.93119,3.88321,3.59305,-5.83786,-1.33685,18.64552,-0.75031,-11.10641
2016-06-29,3.3025,-13.99,2.81181,3.92415,3.54709,-7.14484,-1.63334,19.3027,-0.72477,-11.10641
2016-06-30,3.2376,-13.99,2.74919,3.9056,3.54982,-9.20655,-2.09915,19.56991,-0.71487,-11.10641
2016-07-01,3.2059,-13.97,2.6926,3.90882,3.53118,-9.66402,-2.19401,19.18444,-0.72819,-5.5844
2016-07-04,3.2306,-13.97,2.6926,3.90882,3.52976,-8.8562,-2.0011,18.95825,-0.73688,-5.5844
2016-07-05,3.2885,-13.97,2.74599,3.87037,3.56252,-8.00374,-1.80132,19.29097,-0.72417,-5.5844
2016-07-06,3.2991,-13.98,2.70538,3.88773,3.54717,-7.24997,-1.62651,19.0999,-0.73194,-5.5844
2016-07-07,3.327,-13.96,2.69192,3.8373,3.57152,-7.0921,-1.58692,18.5273,-0.75348,-5.5844
2016-07-08,3.3611,-13.97,2.58022,3.84503,3.55175,-5.51731,-1.23146,17.86662,-0.78191,-5.5844
2016-07-11,3.2977,-13.94,2.60565,3.83406,3.55138,-7.41109,-1.65176,18.24308,-0.76413,-5.5844
2016-07-12,3.3072,-13.96,2.60639,3.88095,3.52536,-6.38806,-1.41996,18.24068,-0.76532,-5.5844
2016-07-13,3.2935,-13.94,2.56802,3.83428,3.54259,-7.29074,-1.61737,18.22295,-0.76497,-5.5844
2016-07-14,3.2616,-13.93,2.55101,3.85799,3.51864,-7.58562,-1.67852,17.95343,-0.7759,-5.5844
2016-07-15,3.2484,-13.93,2.53924,3.86304,3.5115,-7.78809,-1.71861,17.32122,-0.80422,-5.5844
2016-07-18,3.2766,-13.93,2.52092,3.8493,3.51567,-7.04227,-1.54949,16.85033,-0.82669,-5.5844
2016-07-19,3.2494,-13.94,2.4824,3.84289,3.51486,-7.85297,-1.72379,16.91007,-0.82436,-5.5844
2016-07-20,3.2479,-13.93,2.46555,3.85376,3.49868,-7.43778,-1.62787,16.90889,-0.82383,-5.5844
2016-07-21,3.2527,-13.93,2.54475,3.83298,3.52444,-8.02349,-1.75147,16.74283,-0.832,-5.5844
2016-07-22,3.2686,-13.92,2.48657,3.82188,3.51532,-7.2769,-1.58368,16.78555,-0.82928,-5.5844
2016-07-25,3.2515,-13.93,2.5549,3.80042,3.54376,-8.60726,-1.86864,16.74072,-0.8321,-5.5844
2016-07-26,3.2821,-13.94,2.56879,3.80377,3.54562,-7.72305,-1.67101,16.87253,-0.8262,-5.5844
2016-07-27,3.27,-13.94,2.55179,3.77207,3.56113,-8.52869,-1.84044,16.73758,-0.83286,-5.5844
2016-07-28,3.2586,-14.0,2.54318,3.7542,3.59007,-9.68727,-2.0835,16.54994,-0.84592,-5.5844
2016-07-29,3.2819,-13.97,2.47401,3.74856,3.56514,-8.27805,-1.77281,16.16741,-0.86408,-5.5844
2016-08-01,3.2462,-13.96,2.52092,3.74833,3.56876,-9.47317,-2.02251,15.88582,-0.87877,-4.03386
2016-08-02,3.2584,-13.96,2.59301,3.7329,3.59188,-9.74401,-2.07201,15.91751,-0.87702,-4.03386
2016-08-03,3.2528,-13.97,2.55412,3.76352,3.56429,-9.14477,-1.93643,15.9118,-0.87796,-4.03386
2016-08-04,3.2346,-13.99,2.51931,3.79076,3.54356,-9.12277,-1.92466,15.8451,-0.88292,-4.03386
2016-08-05,3.1869,-13.97,2.43274,3.79031,3.51341,-9.75392,-2.05046,16.03902,-0.871,-4.03386
2016-08-08,3.1607,-13.94,2.44235,3.81529,3.48623,-9.80267,-2.05227,15.95167,-0.87389,-4.03386
2016-08-09,3.1686,-13.96,2.45616,3.80622,3.4987,-9.91026,-2.06642,15.93456,-0.87608,-4.03386
2016-08-10,3.1429,-13.97,2.48906,3.78533,3.51986,-11.32739,-2.3521,15.85941,-0.88086,-4.03386
2016-08-11,3.1247,-13.97,2.45788,3.82951,3.48183,-10.8219,-2.23491,15.50931,-0.90075,-4.03386
2016-08-12,3.139,-13.96,2.44669,3.84951,3.46028,-9.74441,-2.0025,15.47146,-0.90231,-4.03386
2016-08-15,3.1905,-13.94,2.46895,3.87847,3.43966,-7.51951,-1.53918,15.88254,-0.87769,-4.03386
2016-08-16,3.1848,-13.98,2.53687,3.8965,3.45983,-8.28309,-1.69168,15.24253,-0.91717,-4.03386
2016-08-17,3.2012,-13.95,2.50062,3.90902,3.43041,-6.91532,-1.40861,15.29753,-0.91191,-4.03386
2016-08-18,3.2048,-13.95,2.43624,3.92967,3.3989,-5.88034,-1.19573,15.30734,-0.91133,-4.03386
2016-08-19,3.2379,-13.95,2.42834,3.92947,3.39486,-4.7338,-0.96174,15.47038,-0.90172,-4.03386
2016-08-22,3.2045,-13.96,2.50716,3.89508,3.43905,-7.06402,-1.43483,15.56621,-0.89681,-4.03386
2016-08-23,3.1987,-13.95,2.51608,3.91122,3.42734,-6.90392,-1.39992,15.54063,-0.89765,-4.03386
2016-08-24,3.2355,-13.94,2.59898,3.89284,3.45768,-6.64148,-1.34473,15.75044,-0.88505,-4.03386
2016-08-25,3.2233,-13.92,2.61227,3.9054,3.4463,-6.68955,-1.35351,15.65134,-0.88938,-4.03386
2016-08-26,3.2283,-13.91,2.61374,3.91042,3.43946,-6.33587,-1.27994,15.5379,-0.89523,-4.03386
2016-08-29,3.2641,-13.92,2.56032,3.89711,3.43401,-5.0745,-1.02445,15.69712,-0.88679,-4.03386
2016-08-30,3.2276,-13.92,2.57414,3.87888,3.44831,-6.61448,-1.33492,15.79924,-0.88106,-4.03386
2016-08-31,3.2368,-13.92,2.59675,3.851,3.47104,-6.98701,-1.40884,15.82269,-0.87975,-4.03386
2016-09-01,3.226,-13.92,2.60121,3.85121,3.47153,-7.33523,-1.47714,15.56783,-0.89415,-5.22426
2016-09-02,3.2532,-13.92,2.48324,3.84652,3.43816,-5.52982,-1.11282,15.5543,-0.89493,-5.22426
2016-09-05,3.2561,-13.92,2.48324,3.84652,3.43719,-5.41251,-1.09022,15.32365,-0.9084,-5.22426
2016-09-06,3.2672,-13.93,2.48657,3.85566,3.43527,-5.0162,-1.01046,14.68116,-0.94883,-5.22426
2016-09-07,3.1963,-13.91,2.47989,3.87078,3.41651,-6.66246,-1.34133,15.09823,-0.9213,-5.22426
2016-09-08,3.1907,-13.9,2.52653,3.91182,3.40123,-6.38954,-1.28454,15.03539,-0.92449,-5.22426
2016-09-09,3.2149,-13.9,2.8622,3.87141,3.52936,-9.33196,-1.873,14.64472,-0.94915,-5.22426
2016-09-12,3.2717,-13.88,2.71866,3.87785,3.47238,-5.95307,-1.19068,15.11763,-0.91813,-5.22426
2016-09-13,3.2469,-13.89,2.882,3.85227,3.54278,-8.72114,-1.74221,15.17556,-0.91529,-5.22426
2016-09-14,3.3141,-13.92,2.89812,3.82538,3.57467,-7.56866,-1.50769,15.77173,-0.88259,-5.22426
2016-09-15,3.3435,-13.96,2.79117,3.84139,3.54357,-5.81175,-1.15555,15.64618,-0.89223,-5.22426
2016-09-16,3.2998,-13.95,2.73242,3.82363,3.53151,-6.78639,-1.34756,15.81327,-0.88217,-5.22426
2016-09-19,3.2655,-13.95,2.74277,3.82755,3.53183,-7.84031,-1.55409,15.88327,-0.87828,-5.22426
2016-09-20,3.2712,-13.95,2.76758,3.82603,3.54009,-7.89963,-1.56221,15.7474,-0.88586,-5.22426
2016-09-21,3.2561,-14.03,2.58776,3.84652,3.49729,-7.14577,-1.41067,15.62246,-0.89807,-5.22426
2016-09-22,3.2096,-14.07,2.48657,3.86388,3.46768,-7.73407,-1.52457,15.74671,-0.89352,-5.22426
2016-09-23,3.217,-14.07,2.50879,3.82625,3.49679,-8.33949,-1.6417,15.6923,-0.89662,-5.22426
2016-09-26,3.2432,-14.0,2.67415,3.85757,3.50517,-7.76794,-1.52695,14.93686,-0.93728,-5.22426
2016-09-27,3.2406,-13.99,2.57261,3.82799,3.4868,-7.32269,-1.43731,14.39917,-0.97158,-5.22426
2016-09-28,3.2326,-13.98,2.51689,3.88547,3.42934,-5.90809,-1.16002,14.26904,-0.97974,-5.22426
2016-09-29,3.2178,-13.99,2.64048,3.89671,3.46466,-7.39175,-1.45099,14.21624,-0.98409,-5.22426
2016-09-30,3.2593,-13.96,2.58701,3.89304,3.43854,-5.35359,-1.04905,13.99676,-0.99737,-5.22426
2016-10-03,3.2598,-13.93,2.60786,3.89386,3.43366,-5.19609,-1.01711,13.98027,-0.9964,-2.73613
2016-10-04,3.2087,-13.92,2.61227,3.92927,3.40916,-6.05997,-1.18501,14.21123,-0.97951,-2.73613
2016-10-05,3.2545,-13.93,2.56418,3.94855,3.38461,-3.92012,-0.76589,14.35522,-0.97038,-2.73613
2016-10-06,3.2185,-13.92,2.55257,3.961,3.36928,-4.57849,-0.89461,14.02322,-0.99264,-2.73613
2016-10-07,3.2272,-13.92,2.60121,3.9499,3.3908,-4.94498,-0.96636,14.02159,-0.99275,-2.73613
2016-10-10,3.2193,-13.92,2.59376,3.9499,3.38752,-5.0934,-0.99698,14.00716,-0.99378,-2.73613
2016-10-11,3.2027,-13.9,2.73177,3.9591,3.41841,-6.51821,-1.27745,13.91249,-0.9991,-2.73613
2016-10-12,3.1959,-13.88,2.76695,3.94758,3.42926,-7.04771,-1.38192,13.8966,-0.99881,-2.73613
2016-10-13,3.2007,-13.95,2.81481,3.95182,3.46546,-7.94744,-1.55867,13.78358,-1.01207,-2.73613
2016-10-14,3.1773,-13.93,2.78006,3.95028,3.44696,-8.14615,-1.59658,13.76157,-1.01224,-2.73613
2016-10-17,3.202,-13.91,2.78563,3.94197,3.44617,-7.34866,-1.44022,13.85654,-1.00386,-2.73613
2016-10-18,3.2042,-13.91,2.72654,3.94507,3.4241,-6.63772,-1.30196,13.85349,-1.00408,-2.73613
2016-10-19,3.1817,-13.9,2.66792,3.96405,3.38855,-6.2985,-1.23712,13.87978,-1.00146,-2.73613
2016-10-20,3.1661,-13.65,2.62104,3.93925,3.304,-4.26334,-0.8381,13.87528,-0.98376,-2.73613
2016-10-21,3.1391,-13.66,2.59077,3.947,3.29212,-4.75946,-0.93745,13.82444,-0.98811,-2.73613
2016-10-24,3.1489,-13.67,2.56649,3.9408,3.2909,-4.41072,-0.87082,13.83174,-0.98831,-2.73613
2016-10-25,3.1245,-13.66,2.59972,3.9277,3.30534,-5.6266,-1.11227,13.89461,-0.98311,-2.73613
2016-10-26,3.1104,-13.67,2.65605,3.91162,3.33594,-7.00044,-1.38606,13.82423,-0.98884,-2.73613
2016-10-27,3.1388,-13.7,2.73177,3.92138,3.36294,-6.89754,-1.36657,13.81061,-0.99199,-2.73613
2016-10-28,3.1653,-13.7,2.78439,3.90621,3.38946,-6.84235,-1.35579,13.90044,-0.98558,-2.73613
2016-10-31,3.2031,-13.66,2.83674,3.87743,3.41141,-6.30061,-1.24758,14.1145,-0.9678,-2.73613
2016-11-01,3.1982,-13.65,2.92101,3.87805,3.43436,-7.12431,-1.4104,14.07498,-0.96981,-5.60198
2016-11-02,3.2351,-13.63,2.96114,3.84716,3.46108,-6.75214,-1.33693,13.94346,-0.97752,-5.60198
2016-11-03,3.2526,-13.62,3.09467,3.83622,3.50899,-7.5875,-1.5032,13.87258,-0.98179,-5.60198
2016-11-04,3.2584,-13.62,3.11396,3.81947,3.52581,-7.88746,-1.55938,13.86905,-0.98204,-5.60198
2016-11-07,3.2323,-13.59,2.92906,3.8319,3.4434,-6.32645,-1.24846,13.8665,-0.98006,-5.60198
2016-11-08,3.2009,-13.57,2.93066,3.82951,3.43754,-7.1324,-1.40542,13.96121,-0.97198,-5.60198
2016-11-09,3.1681,-13.55,2.66584,3.83644,3.34072,-5.30538,-1.04343,14.09608,-0.96126,-5.60198
2016-11-10,3.233,-13.52,2.69056,3.82516,3.34487,-3.40168,-0.66836,14.30355,-0.94522,-5.60198
2016-11-11,3.3956,-13.52,2.65113,3.82516,3.33205,1.88923,0.37107,17.31452,-0.78085,-5.60198
2016-11-14,3.39,-13.45,2.67277,3.79391,3.33534,1.62557,0.31927,17.3021,-0.77736,-5.60198
2016-11-15,3.4403,-13.49,2.59301,3.84908,3.28761,4.53981,0.89161,17.52151,-0.76991,-5.60198
2016-11-16,3.4417,-13.53,2.61885,3.84224,3.31496,3.75204,0.73638,17.42293,-0.77656,-5.60198
2016-11-17,3.4507,-13.56,2.59152,3.83924,3.31956,3.87438,0.76007,17.27237,-0.78507,-5.60198
2016-11-18,3.4324,-13.56,2.55334,3.84716,3.30285,3.84735,0.75449,17.3112,-0.78331,-5.60198
2016-11-21,3.3823,-13.54,2.51931,3.88978,3.25744,3.76128,0.73724,17.46666,-0.77519,-5.60198
2016-11-22,3.3874,-13.51,2.5185,3.89427,3.2443,4.31642,0.84568,17.44351,-0.7745,-5.60198
2016-11-23,3.3636,-13.49,2.52011,3.8908,3.24065,3.72393,0.72925,17.51292,-0.77029,-5.60198
2016-11-24,3.4311,-13.49,2.52011,3.8908,3.2409,5.70305,1.11663,17.81252,-0.75733,-5.60198
2016-11-25,3.3907,-13.51,2.51285,3.85524,3.27023,3.61772,0.70772,17.82937,-0.75774,-5.60198
2016-11-28,3.421,-13.52,2.57642,3.87619,3.27873,4.24752,0.8308,17.89876,-0.75536,-5.60198
2016-11-29,3.4072,-13.52,2.55723,3.83687,3.30014,3.19258,0.62415,17.90602,-0.75505,-5.60198
2016-11-30,3.4538,-13.52,2.59002,3.92138,3.25274,5.99766,1.17227,18.02435,-0.7501,-5.60198
2016-12-01,3.4063,-13.27,2.64404,3.92118,3.18239,6.7993,1.32724,18.26575,-0.7265,-4.64123
2016-12-02,3.573,-13.26,2.64759,3.99747,3.13093,13.20763,2.57388,20.54507,-0.64541,-4.64123
2016-12-05,3.4747,-13.26,2.49651,4.00624,3.08527,11.88699,2.30156,20.85266,-0.63589,-4.64123
2016-12-06,3.42,-13.26,2.46725,3.98769,3.09145,10.09995,1.94572,21.12663,-0.62764,-4.64123
2016-12-07,3.4063,-13.23,2.50307,3.97029,3.1046,9.27415,1.78066,21.10968,-0.62673,-4.64123
2016-12-08,3.3816,-13.24,2.53687,3.98694,3.10807,8.43485,1.61491,20.89876,-0.63353,-4.64123
2016-12-09,3.3737,-13.21,2.46385,3.99508,3.07548,9.25475,1.76772,20.8419,-0.63382,-4.64123
2016-12-12,3.377,-13.24,2.53687,4.0198,3.09052,8.86495,1.68911,20.44714,-0.64752,-4.64123
2016-12-13,3.3373,-13.21,2.54318,4.02034,3.08449,7.87761,1.49992,20.51402,-0.64395,-4.64123
2016-12-14,3.3342,-13.2,2.57946,3.98713,3.11483,6.80575,1.29527,20.34103,-0.64893,-4.64123
2016-12-15,3.369,-13.24,2.54866,3.98935,3.11992,7.68073,1.4626,20.32593,-0.65138,-4.64123
2016-12-16,3.3657,-13.24,2.50144,4.01114,3.09505,8.38307,1.59889,20.32643,-0.65137,-4.64123
2016-12-19,3.3904,-13.23,2.46044,4.00588,3.08712,9.37091,1.78794,20.34541,-0.65027,-4.64123
2016-12-20,3.3639,-13.23,2.43799,4.01368,3.07877,8.85718,1.69089,20.19061,-0.65526,-4.64123
2016-12-21,3.3531,-13.23,2.42214,3.99747,3.08857,8.21759,1.56874,20.20347,-0.65484,-4.64123
2016-12-22,3.3254,-13.24,2.43624,4.00824,3.09086,7.31392,1.39756,20.22391,-0.65467,-4.64123
2016-12-23,3.2863,-13.23,2.43712,4.01024,3.09068,6.13718,1.1791,20.37018,-0.64948,-4.64123
2016-12-26,3.2695,-13.23,2.43712,4.01024,3.09441,5.50409,1.06568,20.39134,-0.6488,-4.64123
2016-12-27,3.2696,-13.24,2.48407,4.02696,3.10102,5.29362,1.03298,20.36835,-0.65003,-4.64123
2016-12-28,3.2694,-13.22,2.5611,4.02927,3.11746,4.75867,0.93673,20.20776,-0.6542,-4.64123
2016-12-29,3.2825,-13.28,2.59301,4.02785,3.14538,4.26715,0.85099,20.2232,-0.65667,-4.64123
2016-12-30,3.2523,-13.24,2.64191,4.02767,3.15244,3.11871,0.62971,20.05535,-0.66017,-4.64123
2017-01-02,3.2532,-13.24,2.64191,4.02767,3.15591,3.03615,0.61988,19.8538,-0.66688,-0.28348
2017-01-03,3.284,-13.22,2.55334,4.01584,3.1375,4.56343,0.93759,19.8114,-0.66729,-0.28348
2017-01-04,3.2635,-13.22,2.47233,4.03353,3.10254,5.05788,1.0417,19.84868,-0.66604,-0.28348
2017-01-05,3.2141,-13.23,2.45702,4.04112,3.09701,3.71104,0.76862,20.08137,-0.65882,-0.28348
2017-01-06,3.1977,-13.22,2.42657,4.0448,3.0852,3.58158,0.74404,20.0808,-0.65834,-0.28348
2017-01-09,3.2222,-13.25,2.44755,4.00624,3.12937,2.92336,0.60908,20.13408,-0.65809,-0.28348
2017-01-10,3.1955,-13.23,2.44148,3.9823,3.14362,1.63701,0.34198,20.20261,-0.65487,-0.28348
2017-01-11,3.1945,-13.23,2.42126,4.00915,3.11828,2.41498,0.50629,20.14805,-0.65664,-0.28348
2017-01-12,3.1963,-12.48,2.44582,4.02553,2.97269,7.25268,1.52408,20.08821,-0.62126,-0.28348
2017-01-13,3.1868,-12.47,2.41859,4.01548,2.97658,6.82415,1.43212,20.09627,-0.62051,-0.28348
2017-01-16,3.1868,-12.47,2.41859,4.01548,2.98357,6.58951,1.38236,20.04642,-0.62206,-0.28348
2017-01-17,3.2405,-12.45,2.47401,4.01584,3.00292,7.61431,1.59675,20.29483,-0.61346,-0.28348
2017-01-18,3.2098,-12.47,2.52413,3.9875,3.04971,5.11627,1.07129,20.3128,-0.6139,-0.28348
2017-01-19,3.2296,-12.48,2.54788,3.99194,3.06094,5.36363,1.12336,20.33861,-0.61361,-0.28348
2017-01-20,3.1949,-12.5,2.44582,4.0162,3.02035,5.61816,1.17681,20.39695,-0.61284,-0.28348
2017-01-23,3.1423,-12.49,2.46555,4.01151,3.03348,3.5244,0.73777,20.65571,-0.60468,-0.28348
2017-01-24,3.1617,-12.49,2.40424,4.0153,3.0167,4.69457,0.98327,20.61246,-0.60594,-0.28348
2017-01-25,3.1687,-12.5,2.38047,4.00879,3.02114,4.76879,0.99868,20.5483,-0.60832,-0.28348
2017-01-26,3.1685,-12.49,2.36368,4.02963,3.003,5.36456,1.1231,20.4066,-0.61206,-0.28348
2017-01-27,3.1761,-12.48,2.35897,4.01674,3.01569,5.18247,1.08455,20.41109,-0.61143,-0.28348
2017-01-30,3.1096,-12.49,2.47486,4.01151,3.05986,1.61242,0.3371,20.69984,-0.60339,-0.28348
2017-01-31,3.1255,-12.48,2.48407,4.01998,3.05853,2.16606,0.45338,20.69643,-0.603,-0.28348
2017-02-01,3.1501,-12.49,2.46895,4.01926,3.05911,2.93089,0.61368,20.76053,-0.60162,1.46989
2017-02-02,3.128,-12.48,2.47906,4.0353,3.0512,2.48604,0.52055,20.74677,-0.60154,1.46989
2017-02-03,3.1225,-12.49,2.39516,4.03971,3.02635,3.12773,0.65511,20.66345,-0.60445,1.46989
2017-02-06,3.1195,-12.47,2.43098,4.02034,3.05329,2.14543,0.44948,20.56566,-0.60635,1.46989
2017-02-07,3.1137,-12.47,2.42392,4.00824,3.06305,1.64004,0.34362,20.1399,-0.61917,1.46989
2017-02-08,3.1167,-12.46,2.43799,4.00951,3.06692,1.61024,0.33742,17.4344,-0.71468,1.46989
2017-02-09,3.1159,-12.46,2.38693,4.01872,3.04573,2.27781,0.47741,17.43568,-0.71463,1.46989
2017-02-10,3.1288,-12.45,2.38417,4.03777,3.03006,3.20673,0.672,17.16549,-0.72529,1.46989
2017-02-13,3.1071,-12.48,2.40424,4.018,3.05807,1.59065,0.33323,17.19532,-0.72578,1.46989
2017-02-14,3.1101,-12.46,2.37398,4.02482,3.04155,2.22864,0.46684,17.18198,-0.72518,1.46989
2017-02-15,3.0812,-12.46,2.4824,4.02088,3.07892,0.07392,0.01548,17.23556,-0.72292,1.46989
2017-02-16,3.0561,-12.47,2.4647,4.01908,3.075,-0.61658,-0.12918,17.08443,-0.7299,1.46989
2017-02-17,3.0875,-12.47,2.44148,4.02195,3.06473,0.7402,0.15508,17.23728,-0.72343,1.46989
2017-02-20,3.0955,-12.47,2.44148,4.02195,3.06326,1.04689,0.21954,17.21826,-0.72423,1.46989
2017-02-21,3.0855,-12.47,2.44842,4.03707,3.05254,1.07396,0.22527,16.67415,-0.74786,1.46989
2017-02-22,3.0939,-12.48,2.463,4.02249,3.07095,0.7445,0.15617,16.56755,-0.75328,1.46989
2017-02-23,3.0623,-11.74,2.46044,4.03566,2.97353,2.94149,0.61703,16.52419,-0.71047,1.46989
2017-02-24,3.0603,-11.73,2.43973,4.02517,2.97704,2.75833,0.57846,16.51905,-0.71009,1.46989
2017-02-27,3.0946,-11.75,2.49238,4.0241,2.99884,3.14343,0.65901,16.4343,-0.71497,1.46989
2017-02-28,3.1053,-11.72,2.55878,4.018,3.02234,2.70784,0.5676,16.27986,-0.71991,1.46989
2017-03-01,3.108,-11.62,2.52892,4.01818,3.0047,3.38008,0.70831,12.85532,-0.90391,0.30484
2017-03-02,3.0882,-11.58,2.46895,4.00879,2.99367,3.10888,0.65118,11.78378,-0.98271,0.30484
2017-03-03,3.1546,-11.54,2.39425,4.02356,2.95958,6.38131,1.33613,12.31986,-0.9367,0.30484
2017-03-06,3.12,-11.51,2.41948,4.02553,2.97128,4.88395,1.02112,12.46214,-0.9236,0.30484
2017-03-07,3.1372,-11.49,2.43799,4.02392,2.98244,5.05876,1.05666,12.47889,-0.92076,0.30484
2017-03-08,3.1159,-11.52,2.47317,3.97237,3.04467,2.31255,0.48253,12.5276,-0.91957,0.30484
2017-03-09,3.1593,-11.52,2.5096,3.95489,3.07421,2.73042,0.56967,12.87986,-0.89442,0.30484
2017-03-10,3.1913,-11.5,2.45616,3.93905,3.07371,3.75428,0.7834,12.88055,-0.89282,0.30484
2017-03-13,3.1475,-11.46,2.42922,3.93866,3.06722,2.58358,0.53889,13.14477,-0.87183,0.30484
2017-03-14,3.1524,-11.47,2.5096,3.93026,3.10477,1.52229,0.31752,12.95356,-0.88547,0.30484
2017-03-15,3.1637,-11.52,2.45359,3.94758,3.07899,2.71409,0.56607,12.98666,-0.88706,0.30484
2017-03-16,3.0999,-11.52,2.41681,3.94623,3.07174,0.91252,0.19027,13.44039,-0.85712,0.30484
2017-03-17,3.1193,-11.52,2.42303,3.94662,3.07504,1.42913,0.29803,13.46193,-0.85575,0.30484
2017-03-20,3.0866,-11.49,2.42834,3.94391,3.07844,0.26467,0.0552,13.58563,-0.84575,0.30484
2017-03-21,3.071,-11.48,2.52333,3.93104,3.11928,-1.56005,-0.32536,13.53344,-0.84827,0.30484
2017-03-22,3.0868,-11.48,2.55023,3.92474,3.13233,-1.46407,-0.30535,13.41993,-0.85544,0.30484
2017-03-23,3.0848,-11.49,2.57414,3.92316,3.14116,-1.81055,-0.37759,13.39376,-0.85786,0.30484
2017-03-24,3.1381,-11.47,2.56187,3.9279,3.12977,0.26592,0.05545,13.87137,-0.82688,0.30484
2017-03-27,3.1097,-11.47,2.52573,3.92691,3.11975,-0.32262,-0.06728,13.97294,-0.82087,0.30484
2017-03-28,3.1252,-11.47,2.44495,3.93828,3.08505,1.29298,0.26976,13.98786,-0.82,0.30484
2017-03-29,3.1384,-11.47,2.43537,3.95929,3.06669,2.31147,0.48253,13.91567,-0.82425,0.30484
2017-03-30,3.1221,-11.47,2.44582,3.96954,3.06439,1.86582,0.38962,13.94536,-0.8225,0.30484
2017-03-31,3.1477,-11.49,2.51527,3.96708,3.09243,1.77134,0.37021,13.91068,-0.82598,0.30484
2017-04-03,3.1218,-11.46,2.51608,3.97255,3.08716,1.1158,0.2332,13.94904,-0.82156,-0.85095
2017-04-04,3.113,-11.46,2.46725,3.99213,3.0564,1.83485,0.3835,13.64023,-0.84016,-0.85095
2017-04-05,3.0956,-11.45,2.55645,3.99563,3.08265,0.41932,0.08763,13.6473,-0.83899,-0.85095
2017-04-06,3.1196,-11.46,2.51689,4.00533,3.06335,1.81965,0.38031,13.64951,-0.83959,-0.85095
2017-04-07,3.1415,-11.43,2.5549,4.01169,3.06981,2.30838,0.48262,13.63717,-0.83815,-0.85095
2017-04-10,3.1447,-11.43,2.64262,4.02499,3.08939,1.77461,0.371,13.6396,-0.838,-0.85095
2017-04-11,3.1318,-11.43,2.71271,4.02945,3.11113,0.66218,0.13855,13.6603,-0.83673,-0.85095
2017-04-12,3.1368,-11.44,2.75811,4.02285,3.13332,0.11115,0.02326,13.65481,-0.8378,-0.85095
2017-04-13,3.1235,-10.44,2.77009,4.02339,3.05593,2.18711,0.45772,13.67806,-0.76327,-0.85095
2017-04-14,3.1424,-10.44,2.77009,4.02339,3.05963,2.66927,0.55854,13.29921,-0.78501,-0.85095
2017-04-17,3.1437,-10.42,2.68512,4.01386,3.04217,3.28293,0.68689,13.17282,-0.79102,-0.85095
2017-04-18,3.1303,-10.43,2.66862,4.00533,3.04917,2.62589,0.54934,13.12927,-0.79441,-0.85095
2017-04-19,3.1065,-10.44,2.70337,3.96897,3.09472,0.37991,0.07949,13.04315,-0.80042,-0.85095
2017-04-20,3.1483,-10.46,2.64971,3.9701,3.07792,2.26081,0.47312,12.91082,-0.81017,-0.85095
2017-04-21,3.1471,-10.46,2.68307,3.95047,3.10788,1.25403,0.26241,12.85083,-0.81396,-0.85095
2017-04-24,3.1468,-10.44,2.38324,3.94352,3.01278,4.3522,0.9107,12.84244,-0.81293,-0.85095
2017-04-25,3.127,-10.43,2.37584,3.95316,3.00644,3.93174,0.82207,12.90218,-0.80839,-0.85095
2017-04-26,3.1472,-10.42,2.38417,3.94778,3.01669,4.23532,0.88506,12.96057,-0.80398,-0.85095
2017-04-27,3.1711,-10.44,2.33795,3.94042,3.01276,5.12227,1.06959,12.32521,-0.84704,-0.85095
2017-04-28,3.1811,-10.45,2.3814,3.94604,3.02814,4.92783,1.02785,12.30054,-0.84956,-0.85095
2017-05-01,3.1761,-10.42,2.31352,3.94197,3.01141,5.32444,1.10954,12.20912,-0.85346,-3.28144
2017-05-02,3.1751,-10.43,2.35991,3.92118,3.04897,4.05364,0.84382,12.12235,-0.86039,-3.28144
2017-05-03,3.1502,-10.4,2.36837,3.9277,3.04811,3.29455,0.6854,12.22452,-0.85075,-3.28144
2017-05-04,3.1621,-10.39,2.34756,3.87909,3.08342,2.51982,0.52398,12.2438,-0.84859,-3.28144
2017-05-05,3.1849,-10.35,2.35802,3.89386,3.07406,3.54205,0.73655,12.3149,-0.84045,-3.28144
2017-05-08,3.1777,-10.34,2.27932,3.89874,3.0463,4.22292,0.87774,12.32537,-0.83892,-3.28144
2017-05-09,3.1964,-10.34,2.29858,3.88629,3.06623,4.15764,0.86374,12.37473,-0.83557,-3.28144
2017-05-10,3.1868,-10.35,2.32337,3.91641,3.05358,4.27022,0.88662,12.36972,-0.83672,-3.28144
2017-05-11,3.1657,-10.36,2.36085,3.92731,3.06089,3.36695,0.69857,12.36234,-0.83803,-3.28144
2017-05-12,3.139,-10.37,2.34181,3.92868,3.05659,2.6604,0.55172,12.48501,-0.8306,-3.28144
2017-05-15,3.1777,-10.35,2.34373,3.94778,3.04209,4.3612,0.90441,12.56493,-0.82372,-3.28144
2017-05-16,3.1082,-10.35,2.36556,3.94449,3.05481,1.73251,0.35916,13.24627,-0.78135,-3.28144
2017-05-17,3.0958,-10.35,2.74663,3.95527,3.17537,-2.53764,-0.52617,13.11662,-0.78908,-3.28144
2017-05-18,3.1334,-10.32,2.68512,3.961,3.14545,-0.38375,-0.07958,13.3269,-0.77437,-3.28144
2017-05-19,3.369,-10.33,2.48823,3.98174,3.06247,9.53926,1.9791,19.64476,-0.52584,-3.28144
2017-05-22,3.2533,-10.32,2.39151,3.98657,3.03213,7.04048,1.45617,20.94301,-0.49277,-3.28144
2017-05-23,3.2654,-10.33,2.37211,3.99176,3.0265,7.59766,1.56839,20.82916,-0.49594,-3.28144
2017-05-24,3.2686,-10.32,2.30458,3.98824,3.01112,8.20493,1.68978,20.8264,-0.49553,-3.28144
2017-05-25,3.2742,-10.31,2.30158,3.9408,3.05239,7.01479,1.44116,20.72566,-0.49745,-3.28144
2017-05-26,3.2735,-10.31,2.2834,3.95412,3.03985,7.40502,1.5188,20.72025,-0.49758,-3.28144
2017-05-29,3.1777,-10.31,2.2834,3.95412,3.04425,4.29018,0.8781,21.6017,-0.47728,-3.28144
2017-05-30,3.2554,-10.32,2.33988,3.94816,3.07027,5.85505,1.19912,22.07299,-0.46754,-3.28144
2017-05-31,3.2562,-10.27,2.34277,3.9182,3.09559,5.05831,1.03563,21.6788,-0.47373,-3.28144
2017-06-01,3.2251,-9.27,2.29152,3.9186,3.03057,6.22133,1.27358,21.64972,-0.42818,-6.75246
2017-06-02,3.249,-9.27,2.27727,3.91102,3.03712,6.74368,1.37927,21.67059,-0.42777,-6.75246
2017-06-05,3.2492,-9.29,2.30956,3.90137,3.06208,5.93129,1.2125,21.61914,-0.42971,-6.75246
2017-06-06,3.2961,-9.28,2.3466,3.91442,3.06883,7.1444,1.4615,21.63171,-0.429,-6.75246
2017-06-07,3.276,-9.25,2.34084,3.87245,3.10441,5.37983,1.10001,21.58796,-0.42848,-6.75246
2017-06-08,3.2673,-9.24,2.31846,3.86828,3.1033,5.14967,1.0539,21.40344,-0.43171,-6.75246
2017-06-09,3.2596,-9.24,2.37024,3.87432,3.12106,4.34317,0.8888,21.41061,-0.43156,-6.75246
2017-06-12,3.1777,-9.27,2.43886,3.87722,3.14845,0.92462,0.18916,22.02094,-0.42096,-6.75246
2017-06-13,3.3167,-9.25,2.34373,3.88609,3.1064,6.55066,1.34079,23.22964,-0.3982,-6.75246
2017-06-14,3.3144,-9.24,2.36462,3.85015,3.1469,5.18596,1.06019,23.20835,-0.39813,-6.75246
2017-06-15,3.2726,-9.23,2.38876,3.84844,3.16066,3.48052,0.71122,23.25568,-0.39689,-6.75246
2017-06-16,3.2736,-9.22,2.33988,3.85799,3.13738,4.25034,0.86837,23.22418,-0.397,-6.75246
2017-06-19,3.2886,-9.23,2.33892,3.84823,3.14841,4.35636,0.88954,23.22041,-0.3975,-6.75246
2017-06-20,3.2811,-9.24,2.38509,3.82908,3.18446,2.98975,0.61009,23.22745,-0.39781,-6.75246
2017-06-21,3.3255,-9.26,2.37491,3.80265,3.20519,3.68475,0.75168,23.13471,-0.40026,-6.75246
2017-06-22,3.3334,-9.29,2.34947,3.81154,3.19253,4.31799,0.88055,23.04651,-0.4031,-6.75246
2017-06-23,3.3397,-9.28,2.30458,3.81859,3.17322,5.11353,1.0421,23.03371,-0.40289,-6.75246
2017-06-26,3.3415,-9.26,2.29253,3.82494,3.16682,5.36908,1.09305,23.02494,-0.40217,-6.75246
2017-06-27,3.2948,-9.25,2.40334,3.84267,3.19636,3.03318,0.61679,23.18973,-0.39888,-6.75246
2017-06-28,3.312,-9.23,2.30558,3.85672,3.15082,4.98902,1.01419,23.15934,-0.39854,-6.75246
2017-06-29,3.2795,-9.21,2.43712,3.85904,3.19962,2.46579,0.50083,23.18698,-0.39721,-6.75246
2017-06-30,3.3027,-9.22,2.41413,3.86953,3.18467,3.63924,0.739,23.20865,-0.39727,-6.75246
2017-07-03,3.1777,-9.19,2.4177,3.9056,3.1578,0.62822,0.12751,24.48847,-0.37528,-4.45314
2017-07-04,3.3005,-9.19,2.4177,3.9056,3.15835,4.40249,0.89366,25.57511,-0.35933,-4.45314
2017-07-05,3.3092,-9.2,2.40424,3.86682,3.18877,3.70698,0.75201,25.54768,-0.36011,-4.45314
2017-07-06,3.287,-9.21,2.52892,3.87349,3.23257,1.66982,0.33867,25.59227,-0.35987,-4.45314
2017-07-07,3.2973,-9.2,2.41502,3.84396,3.21584,2.50155,0.50739,25.57789,-0.35969,-4.45314
2017-07-10,3.1777,-9.21,2.40785,3.84759,3.21234,-1.08419,-0.21995,26.66851,-0.34535,-4.45314
2017-07-12,3.2531,-9.2,2.33214,3.86577,3.16852,2.63434,0.53507,27.05309,-0.34007,-4.45314
2017-07-13,3.2068,-9.2,2.29253,3.87991,3.14375,1.98561,0.4032,27.19455,-0.3383,-4.45314
2017-07-14,3.21,-9.21,2.25234,3.88998,3.12227,2.77108,0.56271,27.19488,-0.33867,-4.45314
2017-07-17,3.1777,-9.18,2.28442,3.87991,3.1431,1.09491,0.22231,27.26008,-0.33676,-4.45314
2017-07-18,3.1812,-9.18,2.29152,3.88855,3.13941,1.3224,0.26865,27.21351,-0.33733,-4.45314
2017-07-19,3.1527,-9.14,2.28136,3.906,3.12098,1.0112,0.20547,27.14717,-0.33668,-4.45314
2017-07-20,3.1477,-9.1,2.25968,3.89792,3.11915,0.91122,0.18517,27.14897,-0.33519,-4.45314
2017-07-21,3.1184,-9.09,2.23645,3.87245,3.13173,-0.4264,-0.08665,27.21338,-0.33403,-4.45314
2017-07-24,3.1777,-9.08,2.2439,3.88362,3.12444,1.69018,0.34359,27.44554,-0.33084,-4.45314
2017-07-25,3.1444,-9.07,2.2439,3.91602,3.09741,1.50566,0.30713,27.5,-0.32982,-4.45314
2017-07-26,3.1712,-9.12,2.26176,3.93124,3.09239,2.51654,0.5179,27.51094,-0.3315,-4.45314
2017-07-27,3.1375,-8.14,2.31352,3.94139,3.08175,1.79291,0.37109,27.5856,-0.29508,-4.45314
2017-07-28,3.1526,-8.17,2.33117,3.96119,3.07607,2.45751,0.51003,27.60233,-0.29599,-4.45314
2017-07-31,3.1777,-8.18,2.32825,3.96367,3.07497,3.28633,0.68241,27.64916,-0.29585,-4.45314
2017-08-01,3.1258,-8.17,2.31154,3.96329,3.07018,1.79543,0.37295,27.8018,-0.29387,-3.83833
2017-08-02,3.1228,-8.17,2.3302,3.95814,3.08343,1.26879,0.26361,27.79097,-0.29398,-3.83833
2017-08-03,3.1122,-8.17,2.34564,3.95144,3.09655,0.50428,0.1049,27.75728,-0.29434,-3.83833
2017-08-04,3.1115,-8.17,2.30558,3.95929,3.07319,1.23882,0.25771,27.75461,-0.29437,-3.83833
2017-08-07,3.1293,-8.23,2.29556,3.95833,3.07151,1.86397,0.38776,27.75315,-0.29654,-3.83833
2017-08-08,3.1242,-8.19,2.39425,3.95393,3.11897,0.16743,0.03483,27.74913,-0.29514,-3.83833
2017-08-09,3.1259,-8.19,2.40785,3.96462,3.11669,0.29494,0.06136,27.71973,-0.29546,-3.83833
2017-08-10,3.1523,-8.2,2.77509,3.94932,3.29526,-4.4352,-0.92324,27.72064,-0.29581,-3.83833
2017-08-11,3.1736,-8.22,2.74148,3.95316,3.27089,-3.01959,-0.62811,27.64389,-0.29735,-3.83833
2017-08-14,3.1777,-8.23,2.51204,3.92652,3.18659,-0.27929,-0.05809,27.2775,-0.30171,-3.83833
2017-08-15,3.1872,-8.21,2.48823,3.9279,3.17393,0.41723,0.08685,27.268,-0.30109,-3.83833
2017-08-16,3.1676,-8.23,2.463,3.91741,3.17183,-0.13347,-0.0278,27.19627,-0.30262,-3.83833
2017-08-17,3.1514,-8.25,2.74406,3.93241,3.28086,-4.02592,-0.83887,22.89716,-0.36031,-3.83833
2017-08-18,3.1733,-8.23,2.65746,3.96499,3.21095,-1.17933,-0.24587,21.88764,-0.37601,-3.83833
2017-08-21,3.1777,-8.25,2.57946,3.94468,3.19355,-0.49748,-0.10387,21.87483,-0.37715,-3.83833
2017-08-22,3.163,-8.25,2.42922,3.94874,3.12848,1.09733,0.2295,21.88893,-0.3769,-3.83833
2017-08-23,3.1605,-8.25,2.50553,3.96215,3.14771,0.40564,0.08517,21.88428,-0.37698,-3.83833
2017-08-24,3.1393,-8.23,2.50389,3.95201,3.154,-0.46704,-0.09846,21.91886,-0.37548,-3.83833
2017-08-25,3.1465,-8.22,2.42303,3.9591,3.11627,0.96524,0.20454,21.11539,-0.38929,-3.83833
2017-08-28,3.1587,-8.27,2.42657,3.94913,3.12702,1.00788,0.21536,20.54811,-0.40247,-3.83833
2017-08-29,3.1658,-8.22,2.45959,3.95124,3.13536,0.9663,0.20708,20.55486,-0.39991,-3.83833
2017-08-30,3.1642,-8.22,2.4177,3.92908,3.14042,0.75434,0.16198,20.47062,-0.40155,-3.83833
2017-08-31,3.1588,-8.24,2.35991,3.95852,3.09602,2.00752,0.43357,20.41255,-0.40367,-3.83833
2017-09-01,3.146,-8.23,2.3155,3.95738,3.08459,1.97144,0.42826,20.42502,-0.40294,-4.38887
2017-09-04,3.1777,-8.23,2.3155,3.95738,3.08608,2.92547,0.63795,20.31571,-0.40511,-4.38887
2017-09-05,3.1394,-8.22,2.50389,3.97744,3.12107,0.58561,0.12849,20.41756,-0.40259,-4.38887
2017-09-06,3.1158,-8.18,2.45359,3.99268,3.09113,0.79491,0.1755,20.4602,-0.3998,-4.38887
2017-09-07,3.0979,-8.2,2.44669,3.99802,3.08384,0.45484,0.10123,20.48235,-0.40034,-4.38887
2017-09-08,3.0976,-7.21,2.49486,3.9849,3.08211,0.5014,0.11232,19.86095,-0.36302,-4.38887
2017-09-11,3.1777,-7.2,2.37304,3.98602,3.05187,4.04021,0.91399,18.59269,-0.38725,-4.38887
2017-09-12,3.0997,-7.22,2.35897,3.99397,3.04392,1.81591,0.41323,19.21097,-0.37583,-4.38887
2017-09-13,3.1219,-7.21,2.35138,4.01024,3.02726,3.07851,0.70375,19.13228,-0.37685,-4.38887
2017-09-14,3.1316,-7.2,2.34564,4.01584,3.02201,3.56219,0.81707,19.14671,-0.37604,-4.38887
2017-09-15,3.1181,-7.2,2.31944,4.01854,3.0159,3.33261,0.76958,19.12971,-0.37638,-4.38887
2017-09-18,3.1097,-7.2,2.31747,4.01602,3.02031,2.91655,0.67694,19.13115,-0.37635,-4.38887
2017-09-19,3.1349,-7.21,2.32043,4.00988,3.02959,3.41688,0.79738,18.99777,-0.37952,-4.38887
2017-09-20,3.1328,-7.21,2.28034,4.03052,3.00297,4.23245,0.9974,18.98596,-0.37975,-4.38887
2017-09-21,3.1306,-7.21,2.26903,4.033,3.00092,4.23057,1.00502,18.97709,-0.37993,-4.38887
2017-09-22,3.1345,-7.22,2.26072,4.04059,2.99435,4.5744,1.09477,18.97999,-0.3804,-4.38887
2017-09-25,3.1235,-7.2,2.32337,4.07788,2.97098,5.00624,1.21075,18.80134,-0.38295,-4.38887
2017-09-26,3.1573,-7.19,2.31944,4.068,2.98347,5.66303,1.38201,18.90661,-0.38029,-4.38887
2017-09-27,3.1639,-7.18,2.2895,4.05872,2.99023,5.64539,1.38705,18.82365,-0.38144,-4.38887
2017-09-28,3.1919,-7.19,2.25654,4.05022,2.99589,6.33748,1.56828,18.8559,-0.38131,-4.38887
2017-09-29,3.1809,-7.19,2.25234,4.05248,2.99629,5.97901,1.49357,17.21263,-0.41772,-4.38887
2017-10-02,3.1634,-7.24,2.24601,4.02749,3.02525,4.46551,1.12684,15.42459,-0.46938,-4.94357
2017-10-03,3.1529,-7.18,2.25234,4.02535,3.03053,3.95857,1.00862,15.41871,-0.46567,-4.94357
2017-10-04,3.1408,-7.17,2.26488,4.02177,3.03919,3.28876,0.84666,15.3841,-0.46607,-4.94357
2017-10-05,3.1332,-7.18,2.21812,4.04305,3.00966,4.02273,1.05012,15.36768,-0.46721,-4.94357
2017-10-06,3.1524,-7.18,2.26696,4.01854,3.04781,3.37419,0.88628,13.55879,-0.52955,-4.94357
2017-10-09,3.1555,-7.18,2.33505,4.02159,3.05991,3.07626,0.81405,12.68741,-0.56592,-4.94357
2017-10-10,3.1868,-7.17,2.31055,4.03619,3.0411,4.6799,1.24709,12.53601,-0.57195,-4.94357
2017-10-11,3.1778,-7.15,2.28747,4.042,3.03227,4.68775,1.25453,12.54575,-0.56991,-4.94357
2017-10-12,3.1697,-7.16,2.29354,4.02981,3.04922,3.87518,1.0439,12.39214,-0.57779,-4.94357
2017-10-13,3.169,-7.16,2.2628,4.04603,3.02749,4.56814,1.23453,12.39001,-0.57788,-4.94357
2017-10-16,3.1462,-7.15,2.29354,4.05733,3.02296,3.99585,1.08101,12.34288,-0.57928,-4.94357
2017-10-17,3.1703,-7.16,2.33311,4.05837,3.03097,4.49437,1.21683,12.43305,-0.57588,-4.94357
2017-10-18,3.1561,-7.16,2.30956,4.06303,3.02345,4.29396,1.16598,12.3201,-0.58116,-4.94357
2017-10-19,3.1701,-7.15,2.30757,4.04708,3.04218,4.11894,1.12117,11.75786,-0.6081,-4.94357
2017-10-20,3.1649,-7.14,2.29958,4.05612,3.0326,4.27004,1.16621,11.56817,-0.61721,-4.94357
2017-10-23,3.1909,-7.16,2.40424,4.04952,3.06107,4.15395,1.1369,11.55933,-0.61941,-4.94357
2017-10-24,3.2344,-7.13,2.41234,4.06612,3.04634,5.9901,1.64452,11.65584,-0.61171,-4.94357
2017-10-25,3.2426,-7.13,2.41859,4.068,3.04853,6.1715,1.69455,11.63048,-0.61304,-4.94357
2017-10-26,3.2312,-6.39,2.4248,4.08261,3.03174,6.37181,1.75266,11.55627,-0.55295,-4.94357
2017-10-27,3.2865,-6.4,2.28238,4.10165,2.98818,9.51601,2.62022,11.52338,-0.55539,-4.94357
2017-10-30,3.2348,-6.38,2.35138,4.10923,2.99826,7.59364,2.08826,11.99124,-0.53205,-4.94357
2017-10-31,3.2873,-6.35,2.32043,4.11692,2.98839,9.5333,2.6217,12.35812,-0.51383,-4.94357
2017-11-01,3.2696,-6.32,2.32239,4.11562,2.99522,8.76493,2.41117,12.4199,-0.50886,-6.67759
2017-11-02,3.2662,-6.33,2.29556,4.10462,3.00654,8.28362,2.28623,12.38456,-0.51112,-6.67759
2017-11-03,3.2646,-6.32,2.21266,4.12826,2.96893,9.49345,2.62074,12.37801,-0.51058,-6.67759
2017-11-06,3.2926,-6.31,2.24071,4.16309,2.94322,11.21736,3.09136,12.47689,-0.50574,-6.67759
2017-11-07,3.2479,-6.28,2.29152,4.15403,2.96906,8.97638,2.45967,12.71053,-0.49408,-6.67759
2017-11-08,3.2701,-6.27,2.28034,4.15088,2.97474,9.4663,2.58253,12.71209,-0.49323,-6.67759
2017-11-09,3.2513,-6.26,2.35138,4.15779,2.98821,8.4379,2.28921,12.7719,-0.49014,-6.67759
2017-11-10,3.2487,-6.27,2.42392,4.15135,3.01578,7.43952,2.01058,12.76275,-0.49127,-6.67759
2017-11-13,3.2764,-6.26,2.44235,4.14567,3.03056,7.79982,2.1003,12.7973,-0.48917,-6.67759
2017-11-14,3.2759,-6.24,2.45014,4.13052,3.05277,7.05441,1.89146,12.7464,-0.48955,-6.67759
2017-11-15,3.3119,-6.25,2.5749,4.12504,3.09352,6.82119,1.8227,12.85169,-0.48632,-6.67759
2017-11-17,3.2706,-6.21,2.43624,4.13868,3.05004,6.98186,1.8618,13.11989,-0.47333,-6.67759
2017-11-20,3.2545,-6.2,2.36556,4.13068,3.04447,6.67129,1.77596,13.12473,-0.47239,-6.67759
2017-11-21,3.254,-6.2,2.27521,4.13629,3.01914,7.49114,1.99041,13.1229,-0.47246,-6.67759
2017-11-22,3.2573,-6.21,2.29051,4.1482,3.01474,7.73837,2.04916,13.04151,-0.47617,-6.67759
2017-11-23,3.2229,-6.21,2.29051,4.1482,3.01857,6.5497,1.73126,13.22711,-0.46949,-6.67759
2017-11-24,3.2203,-6.21,2.26903,4.15669,3.00865,6.79829,1.79872,13.21003,-0.4701,-6.67759
2017-11-27,3.2329,-6.23,2.2895,4.15638,3.01835,6.8668,1.82044,13.22409,-0.47111,-6.67759
2017-11-28,3.2264,-6.2,2.30558,4.15277,3.03027,6.27152,1.66451,13.23141,-0.46858,-6.67759
2017-11-29,3.2097,-6.21,2.37024,4.14488,3.05941,4.79552,1.27406,13.27124,-0.46793,-6.67759
2017-11-30,3.2448,-6.23,2.42303,4.15214,3.07079,5.51199,1.46524,13.40939,-0.4646,-6.67759
2017-12-01,3.2712,-6.23,2.43624,4.15088,3.0797,6.0324,1.60383,13.35924,-0.46634,-7.94507
2017-12-04,3.2574,-6.21,2.45788,4.13437,3.1053,4.78175,1.26971,13.14851,-0.4723,-7.94507
2017-12-05,3.2426,-6.2,2.42745,4.14091,3.09336,4.71182,1.25325,13.08678,-0.47376,-7.94507
2017-12-06,3.2403,-6.2,2.39971,4.11447,3.11146,4.05743,1.08096,13.0253,-0.476,-7.94507
2017-12-07,3.2343,-5.71,2.31846,4.13036,3.0784,4.94034,1.31738,13.03448,-0.43807,-7.94507
2017-12-08,3.2872,-5.72,2.25968,4.14946,3.04635,7.60909,2.0342,12.43248,-0.46009,-7.94507
2017-12-11,3.2878,-5.67,2.23431,4.16961,3.02536,8.31902,2.21918,11.31216,-0.50123,-7.94507
2017-12-12,3.3033,-5.66,2.29455,4.14852,3.06534,7.47649,1.98587,11.26833,-0.50229,-7.94507
2017-12-13,3.3031,-5.7,2.32043,4.13421,3.08832,6.7234,1.77965,11.26092,-0.50618,-7.94507
2017-12-14,3.3086,-5.68,2.35042,4.14804,3.0887,6.87749,1.81482,11.21282,-0.50656,-7.94507
2017-12-15,3.3404,-5.69,2.24284,4.14678,3.0595,8.7838,2.31116,11.3188,-0.5027,-7.94507
2017-12-18,3.292,-5.62,2.25444,4.14962,3.06472,7.15392,1.87246,11.65707,-0.48211,-7.94507
2017-12-19,3.2905,-5.63,2.30558,4.15575,3.07825,6.6678,1.73931,11.65607,-0.48301,-7.94507
2017-12-20,3.2885,-5.62,2.27419,4.16759,3.06122,7.16195,1.86269,11.6556,-0.48217,-7.94507
2017-12-21,3.2965,-5.65,2.26384,4.17285,3.05598,7.57593,1.96369,11.65992,-0.48457,-7.94507
2017-12-22,3.3068,-5.67,2.29253,4.17823,3.0632,7.65195,1.97603,11.6356,-0.4873,-7.94507
2017-12-25,3.338,-5.67,2.29253,4.17823,3.06595,8.50145,2.1878,11.59151,-0.48915,-7.94507
2017-12-26,3.3355,-5.53,2.32728,4.20499,3.06044,8.60626,2.2044,11.59341,-0.477,-7.94507
2017-12-27,3.3097,-5.56,2.34851,4.1963,3.07903,7.22431,1.84619,11.60409,-0.47914,-7.94507
2017-12-28,3.3133,-5.61,2.32043,4.2005,3.0694,7.64638,1.94832,11.57553,-0.48464,-7.94507
2017-12-29,3.3111,-5.61,2.40153,4.1987,3.10196,6.52454,1.65841,11.51101,-0.48736,-7.94507
2018-01-01,3.3076,-5.61,2.40153,4.1987,3.10566,6.29978,1.59936,11.4875,-0.48836,-6.64892
2018-01-02,3.311,-5.56,2.27932,4.19825,3.06938,7.57749,1.92468,11.44938,-0.48562,-6.64892
2018-01-03,3.2578,-5.59,2.21375,4.21715,3.03734,7.00694,1.78031,11.9302,-0.46856,-6.64892
2018-01-04,3.2355,-5.59,2.22138,4.22054,3.04129,6.19025,1.572,11.96974,-0.46701,-6.64892
2018-01-05,3.2331,-5.61,2.22138,4.2139,3.04892,5.86543,1.48684,11.97137,-0.46862,-6.64892
2018-01-08,3.2266,-5.55,2.25339,4.21627,3.06164,5.24767,1.33014,11.8237,-0.4694,-6.64892
2018-01-09,3.239,-5.56,2.31055,4.23149,3.07186,5.29826,1.34141,11.82952,-0.47001,-6.64892
2018-01-10,3.2468,-5.58,2.28442,4.237,3.06182,5.86589,1.48287,11.82244,-0.47198,-6.64892
2018-01-11,3.2264,-5.57,2.29051,4.23787,3.06593,5.10164,1.28689,11.89737,-0.46817,-6.64892
2018-01-12,3.2142,-5.57,2.31846,4.24664,3.07085,4.56246,1.14925,11.82897,-0.47088,-6.64892
2018-01-15,3.2007,-5.57,2.31846,4.24664,3.07261,4.08416,1.02762,11.7692,-0.47327,-6.64892
2018-01-16,3.2132,-5.55,2.45616,4.23628,3.12892,2.65804,0.66825,11.75431,-0.47217,-6.64892
2018-01-17,3.2227,-5.56,2.47738,4.2396,3.13526,2.75088,0.69172,11.73689,-0.47372,-6.64892
2018-01-18,3.2222,-5.55,2.50307,4.23859,3.14653,2.3763,0.59754,11.73086,-0.47311,-6.64892
2018-01-19,3.2051,-5.56,2.42214,4.22844,3.12726,2.45857,0.61846,11.67211,-0.47635,-6.64892
2018-01-22,3.1947,-5.56,2.40062,4.23454,3.11771,2.43944,0.61569,11.36353,-0.48928,-6.64892
2018-01-23,3.2007,-5.56,2.40695,4.24792,3.11296,2.7797,0.70296,11.35788,-0.48953,-6.64892
2018-01-24,3.2355,-5.57,2.43973,4.25604,3.12121,3.59637,0.91206,11.54809,-0.48233,-6.64892
2018-01-25,3.1451,-5.58,2.44928,4.25448,3.12876,0.52086,0.13266,12.3712,-0.45105,-6.64892
2018-01-26,3.1469,-5.59,2.40514,4.2559,3.11529,1.00943,0.25764,11.98329,-0.46648,-6.64892
2018-01-29,3.151,-5.56,2.62756,4.24075,3.19498,-1.38622,-0.35491,11.50939,-0.48308,-6.64892
2018-01-30,3.1536,-5.56,2.69395,4.2344,3.21752,-2.00659,-0.51616,11.47275,-0.48463,-6.64892
2018-01-31,3.1795,-5.54,2.60565,4.23483,3.18857,-0.28481,-0.07358,11.60492,-0.47738,-6.64892
2018-02-01,3.1847,-5.52,2.60047,4.23527,3.18584,-0.0358,-0.0093,11.61222,-0.47536,-8.44737
2018-02-02,3.1637,-5.52,2.85128,4.228,3.25869,-2.95816,-0.77602,11.53367,-0.4786,-8.44737
2018-02-05,3.2154,-5.49,3.61953,4.2139,3.46909,-7.594,-2.00682,11.70788,-0.46891,-8.44737
2018-02-06,3.2611,-5.48,3.40053,4.2026,3.3751,-3.43606,-0.91193,11.97264,-0.45771,-8.44737
2018-02-07,3.2334,-5.45,3.32251,4.1822,3.35238,-3.61351,-0.96366,12.03893,-0.4527,-8.44737
2018-02-08,3.2699,-5.2,3.51035,4.17146,3.38291,-3.39767,-0.9105,12.24842,-0.42454,-8.44737
2018-02-09,3.2846,-5.2,3.36936,4.1398,3.35235,-2.04179,-0.54968,12.16284,-0.42753,-8.44737
2018-02-12,3.2908,-5.13,3.24298,4.13661,3.32064,-0.90274,-0.24429,12.16836,-0.42158,-8.44737
2018-02-13,3.294,-5.16,3.21768,4.13868,3.31042,-0.49714,-0.13494,11.96857,-0.43113,-8.44737
2018-02-14,3.2942,-5.17,2.95803,4.16449,3.2532,1.25244,0.34069,11.69753,-0.44197,-8.44737
2018-02-15,3.2162,-5.17,2.95126,4.16403,3.25279,-1.13138,-0.30807,12.61445,-0.40985,-8.44737
2018-02-16,3.2264,-5.13,2.96836,4.17192,3.25041,-0.74132,-0.2024,12.63228,-0.4061,-8.44737
2018-02-19,3.2282,-5.13,2.96836,4.17192,3.24939,-0.65436,-0.18005,12.63092,-0.40615,-8.44737
2018-02-20,3.2331,-5.09,3.02529,4.17823,3.25544,-0.68875,-0.19101,12.45382,-0.40871,-8.44737
2018-02-21,3.2543,-5.11,2.99673,4.18083,3.24964,0.14322,0.03987,12.51969,-0.40816,-8.44737
2018-02-22,3.2676,-5.12,2.92959,4.19555,3.23469,1.01239,0.28306,12.52185,-0.40889,-8.44737
2018-02-23,3.2487,-5.11,2.80275,4.20931,3.21173,1.14463,0.3213,12.5715,-0.40647,-8.44737
2018-02-26,3.2372,-5.09,2.76001,4.21213,3.20535,0.98877,0.27823,12.54762,-0.40565,-8.44737
2018-02-27,3.2225,-5.09,2.92262,4.19915,3.2354,-0.39946,-0.11307,12.38923,-0.41084,-8.44737
2018-02-28,3.2485,-5.1,2.9882,4.18632,3.24916,-0.02045,-0.00582,12.38743,-0.41171,-8.44737
2018-03-01,3.2448,-5.12,3.11218,4.18525,3.26767,-0.7024,-0.20131,12.36108,-0.4142,-9.09935
2018-03-02,3.25,-5.1,2.97502,4.16465,3.25275,-0.08456,-0.02439,12.33142,-0.41358,-9.09935
2018-03-05,3.2496,-5.05,2.93013,4.18266,3.24189,0.23763,0.06893,12.33054,-0.40955,-9.09935
2018-03-06,3.241,-5.07,2.91017,4.18647,3.23877,0.0689,0.02007,12.33655,-0.41097,-9.09935
2018-03-07,3.208,-5.07,2.87695,4.16418,3.23981,-0.98674,-0.2887,12.05689,-0.42051,-9.09935
2018-03-08,3.2429,-5.08,2.80578,4.15277,3.23174,0.34474,0.10112,12.26327,-0.41425,-9.09935
2018-03-09,3.2661,-5.08,2.68376,4.1819,3.2093,1.75424,0.51694,12.31232,-0.41259,-9.09935
2018-03-12,3.2561,-5.04,2.75874,4.17362,3.22232,1.04271,0.30972,12.32581,-0.4089,-9.09935
2018-03-13,3.2603,-5.02,2.79423,4.16883,3.22815,0.99094,0.29608,12.3237,-0.40735,-9.09935
2018-03-14,3.2587,-4.99,2.84665,4.17269,3.23482,0.73562,0.22181,12.16176,-0.4103,-9.09935
2018-03-15,3.2585,-4.98,2.8088,4.17623,3.22941,0.89683,0.27176,11.81433,-0.42152,-9.09935
2018-03-16,3.2821,-4.97,2.76001,4.19283,3.2216,1.86063,0.5652,11.90588,-0.41744,-9.09935
2018-03-19,3.2801,-4.95,2.94549,4.19041,3.24693,1.01645,0.30949,11.90588,-0.41576,-9.09935
2018-03-20,3.2841,-4.94,2.90142,4.21094,3.23994,1.35365,0.41337,11.89813,-0.41519,-9.09935
2018-03-21,3.3087,-5.01,2.88256,4.2409,3.23625,2.21393,0.67764,11.97675,-0.41831,-9.09935
2018-03-22,3.2727,-4.78,3.15017,4.2328,3.27301,-0.00933,-0.00287,12.01961,-0.39768,-9.09935
2018-03-23,3.3141,-4.76,3.21366,4.2549,3.28051,1.01879,0.31571,12.29212,-0.38724,-9.09935
2018-03-26,3.3145,-4.71,3.04595,4.25021,3.26011,1.65459,0.51517,12.19309,-0.38628,-9.09935
2018-03-27,3.3103,-4.73,3.11352,4.25007,3.27089,1.1976,0.37449,12.19383,-0.3879,-9.09935
2018-03-28,3.3229,-4.77,3.12983,4.24176,3.27545,1.43841,0.45198,12.21681,-0.39045,-9.09935
2018-03-29,3.3193,-4.77,2.99423,4.25234,3.25855,1.84709,0.58397,12.21691,-0.39044,-9.09935
2018-03-30,3.3035,-4.77,2.99423,4.25234,3.26019,1.31959,0.4196,12.25317,-0.38929,-9.09935
2018-04-02,3.302,-4.73,3.16209,4.2142,3.2848,0.52212,0.16684,11.80552,-0.40066,-12.29792
2018-04-03,3.3094,-4.75,3.04927,4.22127,3.26975,1.20533,0.38693,11.72367,-0.40516,-12.29792
2018-04-04,3.3394,-4.79,2.99873,4.2198,3.26382,2.28935,0.73708,11.84846,-0.40427,-12.29792
2018-04-05,3.3277,-4.78,2.94128,4.22435,3.25728,2.13899,0.68968,11.8652,-0.40286,-12.29792
2018-04-06,3.3416,-4.77,3.06759,4.20633,3.27527,2.00484,0.64855,11.8692,-0.40188,-12.29792
2018-04-09,3.3675,-4.74,3.08053,4.22902,3.27705,2.72273,0.88568,11.95131,-0.39661,-12.29792
2018-04-10,3.421,-4.76,3.01896,4.26324,3.27012,4.51054,1.47461,12.24597,-0.3887,-12.29792
2018-04-11,3.4073,-4.77,3.00766,4.2775,3.27162,4.06357,1.33345,12.24957,-0.3894,-12.29792
2018-04-12,3.3731,-4.75,2.91723,4.27694,3.26269,3.32797,1.0952,12.40518,-0.3829,-12.29792
2018-04-13,3.411,-4.74,2.85704,4.28469,3.25729,4.61114,1.52441,12.56259,-0.37731,-12.29792
2018-04-16,3.4243,-4.71,2.80699,4.26858,3.25253,5.14639,1.70364,12.57008,-0.3747,-12.29792
2018-04-17,3.4161,-4.7,2.72458,4.27082,3.244,5.16912,1.71131,12.58618,-0.37343,-12.29792
2018-04-18,3.4058,-4.69,2.74727,4.29701,3.25017,4.67717,1.54993,12.5481,-0.37376,-12.29792
2018-04-19,3.3771,-4.68,2.77009,4.30109,3.2555,3.66705,1.21996,12.66204,-0.36961,-12.29792
2018-04-20,3.3827,-4.69,2.82613,4.30488,3.26469,3.55102,1.18489,12.66141,-0.37042,-12.29792
2018-04-23,3.4137,-4.63,2.79362,4.31361,3.26233,4.53565,1.51751,12.61188,-0.36711,-12.29792
2018-04-24,3.4489,-4.63,2.89148,4.30217,3.27633,5.13328,1.72613,11.27238,-0.41074,-12.29792
2018-04-25,3.4715,-4.65,2.88144,4.30407,3.27775,5.74298,1.94121,11.31615,-0.41092,-12.29792
2018-04-26,3.4809,-4.68,2.78748,4.31402,3.26943,6.26744,2.12727,11.31833,-0.41349,-12.29792
2018-04-27,3.4742,-4.68,2.73502,4.31268,3.2658,6.18588,2.10962,11.33916,-0.41273,-12.29792
2018-04-30,3.4581,-4.63,2.7682,4.31975,3.27324,5.49404,1.88352,11.32388,-0.40887,-12.29792
2018-05-01,3.5058,-4.65,2.74019,4.31975,3.27239,6.88997,2.3793,11.59087,-0.40118,-15.00005
2018-05-02,3.5061,-4.66,2.77071,4.29538,3.27697,6.75836,2.34805,11.47649,-0.40605,-15.00005
2018-05-03,3.5496,-4.66,2.76632,4.29892,3.27971,7.90799,2.77042,11.3011,-0.41235,-15.00005
2018-05-04,3.5266,-4.66,2.6926,4.31575,3.27541,7.38922,2.59607,11.12174,-0.419,-15.00005
2018-05-07,3.5255,-4.64,2.69124,4.33297,3.28056,7.20092,2.54258,10.94833,-0.42381,-15.00005
2018-05-08,3.5492,-4.63,2.68853,4.31549,3.28106,7.85565,2.79157,10.81946,-0.42793,-15.00005
2018-05-09,3.5619,-4.62,2.59675,4.34653,3.27716,8.3316,2.97495,10.81007,-0.42738,-15.00005
2018-05-10,3.5903,-4.6,2.58249,4.34989,3.27984,9.04417,3.2295,10.89126,-0.42236,-15.00005
2018-05-11,3.5495,-4.58,2.53766,4.34536,3.27772,7.96592,2.83302,11.18861,-0.40934,-15.00005
2018-05-14,3.6029,-4.57,2.55955,4.35965,3.28645,9.19326,3.25606,11.51831,-0.39676,-15.00005
2018-05-15,3.6216,-4.58,2.68307,4.36221,3.30666,9.0978,3.19294,10.32017,-0.44379,-15.00005
2018-05-16,3.6487,-4.58,2.59675,4.37299,3.3031,9.95109,3.46414,10.37731,-0.44135,-15.00005
2018-05-17,3.6744,-4.58,2.59749,4.37324,3.30892,10.47683,3.61096,10.42238,-0.43944,-15.00005
2018-05-18,3.6951,-4.59,2.59675,4.36323,3.31246,10.93167,3.73485,10.44601,-0.4394,-15.00005
2018-05-21,3.7384,-4.57,2.57108,4.37223,3.31805,11.92792,4.03701,10.58306,-0.43182,-15.00005
2018-05-22,3.6757,-4.57,2.58173,4.37664,3.32786,9.94128,3.32717,11.2439,-0.40644,-15.00005
2018-05-23,3.646,-4.58,2.53211,4.37952,3.32984,9.07053,3.01478,11.31727,-0.40469,-15.00005
2018-05-24,3.6256,-4.59,2.52813,4.36679,3.33061,8.48656,2.80186,11.36458,-0.40389,-15.00005
2018-05-25,3.6481,-4.6,2.58173,4.33651,3.32959,9.13584,2.99802,11.32356,-0.40623,-15.00005
2018-05-28,3.6262,-4.6,2.58173,4.33651,3.33347,8.41722,2.74344,11.36637,-0.4047,-15.00005
2018-05-29,3.7342,-4.57,2.83439,4.32267,3.35284,10.77251,3.48999,12.61838,-0.36217,-15.00005
2018-05-30,3.7241,-4.56,2.70404,4.35028,3.35616,10.40286,3.33177,12.65649,-0.36029,-15.00005
2018-05-31,3.7221,-4.57,2.73631,4.35144,3.36381,10.12151,3.21066,12.6598,-0.36099,-15.00005
2018-06-01,3.722,-4.58,2.59972,4.35144,3.35707,10.31916,3.2469,12.63017,-0.36262,-15.79274
2018-06-04,3.7616,-4.56,2.54475,4.32135,3.34412,11.764,3.66458,12.48278,-0.3653,-15.79274
2018-06-05,3.7445,-4.56,2.5177,4.32254,3.34665,11.23271,3.45348,12.44633,-0.36637,-15.79274
2018-06-06,3.8043,-4.55,2.45445,4.32228,3.34572,12.84498,3.9036,12.70364,-0.35817,-15.79274
2018-06-07,3.8434,-4.56,2.49568,4.34795,3.36567,13.27295,3.97423,12.74833,-0.35769,-15.79274
2018-06-08,3.9007,-4.57,2.4998,4.33677,3.3664,14.7313,4.34561,12.97479,-0.35222,-15.79274
2018-06-11,3.7049,-4.56,2.51366,4.33677,3.37311,9.38214,2.71877,16.91924,-0.26952,-15.79274
2018-06-12,3.7088,-4.58,2.51285,4.32915,3.37328,9.48227,2.73183,16.91509,-0.27076,-15.79274
2018-06-13,3.715,-4.56,2.56032,4.34042,3.38587,9.27683,2.65927,16.88264,-0.2701,-15.79274
2018-06-14,3.7188,-4.56,2.49486,4.32994,3.3802,9.54659,2.72052,16.87567,-0.27021,-15.79274
2018-06-15,3.804,-4.56,2.48324,4.29647,3.36436,12.28143,3.4773,17.37284,-0.26248,-15.79274
2018-06-18,3.7287,-4.56,2.51041,4.32201,3.38434,9.68996,2.71408,17.90306,-0.25471,-15.79274
2018-06-19,3.7462,-4.56,2.59152,4.31855,3.38959,10.00329,2.78279,17.71947,-0.25734,-15.79274
2018-06-20,3.745,-4.56,2.54866,4.31402,3.38794,10.02003,2.76704,17.59834,-0.25912,-15.79274
2018-06-21,3.7691,-4.56,2.68376,4.29114,3.38342,10.7949,2.96073,17.6169,-0.25884,-15.79274
2018-06-22,3.7651,-4.57,2.62249,4.32479,3.40426,10.0748,2.74068,17.61537,-0.25943,-15.79274
2018-06-25,3.7863,-4.57,2.85244,4.31388,3.41135,10.42817,2.81695,17.62647,-0.25927,-15.79274
2018-06-26,3.7751,-4.57,2.76758,4.3348,3.42423,9.75499,2.61601,17.64413,-0.25901,-15.79274
2018-06-27,3.7958,-4.57,2.88536,4.35183,3.44503,9.69628,2.5851,17.60221,-0.25963,-15.79274
2018-06-28,3.8601,-4.57,2.82435,4.35478,3.44811,11.28666,2.9918,17.83294,-0.25627,-15.79274
2018-06-29,3.8595,-4.57,2.7782,4.375,3.46423,10.80483,2.84263,17.84068,-0.25616,-15.79274
2018-07-02,3.8756,-4.52,2.74727,4.34769,3.44824,11.68361,3.05406,17.7942,-0.25402,-15.85475
2018-07-03,3.9126,-4.52,2.7813,4.35363,3.45924,12.31542,3.19473,17.80991,-0.25379,-15.85475
2018-07-04,3.8963,-4.52,2.7813,4.35363,3.46477,11.73825,3.02147,17.85759,-0.25311,-15.85475
2018-07-05,3.911,-4.54,2.70605,4.34886,3.46195,12.19614,3.11595,17.82752,-0.25466,-15.85475
2018-07-06,3.9313,-4.53,2.59301,4.34523,3.45768,12.83733,3.25494,17.62904,-0.25696,-15.85475
2018-07-09,3.8659,-4.52,2.54081,4.35761,3.46974,10.81157,2.71694,17.9931,-0.25121,-15.85475
2018-07-10,3.8713,-4.51,2.53687,4.36767,3.48238,10.5873,2.64369,17.82521,-0.25301,-15.85475
2018-07-11,3.8151,-4.53,2.61227,4.29592,3.43144,10.59879,2.62946,18.04195,-0.25108,-15.85475
2018-07-12,3.8761,-4.52,2.53211,4.31013,3.44174,11.8851,2.92876,18.25655,-0.24758,-15.85475
2018-07-13,3.8807,-4.52,2.4998,4.32188,3.4535,11.66274,2.85024,18.23579,-0.24786,-15.85475
2018-07-16,3.8494,-4.49,2.55179,4.27444,3.41862,11.86812,2.87764,18.32097,-0.24507,-15.85475
2018-07-17,3.856,-4.48,2.48989,4.27889,3.4221,11.9376,2.87097,18.19868,-0.24617,-15.85475
2018-07-18,3.8359,-4.5,2.49321,4.28909,3.434,11.06769,2.64025,18.25754,-0.24647,-15.85475
2018-07-19,3.8492,-4.5,2.5549,4.28469,3.43529,11.37635,2.69534,18.20275,-0.24722,-15.85475
2018-07-20,3.8285,-4.51,2.55412,4.29142,3.44377,10.5907,2.49128,18.17996,-0.24808,-15.85475
2018-07-23,3.7708,-4.51,2.53528,4.29128,3.44532,9.02697,2.11047,18.46001,-0.24431,-15.85475
2018-07-24,3.7804,-4.48,2.5185,4.29647,3.45116,9.11191,2.12097,18.45955,-0.24269,-15.85475
2018-07-25,3.7461,-4.49,2.50879,4.30312,3.45912,7.97001,1.847,18.56644,-0.24183,-15.85475
2018-07-26,3.6864,-4.51,2.49651,4.31134,3.46844,6.09462,1.40766,18.85078,-0.23925,-15.85475
2018-07-27,3.7443,-4.5,2.56725,4.30798,3.46917,7.6318,1.75924,18.90602,-0.23802,-15.85475
2018-07-30,3.7111,-4.46,2.65746,4.31709,3.48203,6.37119,1.46435,19.00981,-0.23462,-15.85475
2018-07-31,3.7281,-4.47,2.55179,4.30744,3.47135,7.13555,1.63661,18.88312,-0.23672,-15.85475
2018-08-01,3.753,-4.47,2.57642,4.30744,3.47384,7.72946,1.76821,18.8603,-0.23701,-17.02178
2018-08-02,3.747,-4.48,2.50062,4.2966,3.46337,7.87148,1.79568,18.86567,-0.23747,-17.02178
2018-08-03,3.7484,-4.49,2.45445,4.29333,3.46103,7.97638,1.81412,18.82992,-0.23845,-17.02178
2018-08-06,3.7023,-4.45,2.42214,4.30068,3.4691,6.5059,1.4755,19.00608,-0.23414,-17.02178
2018-08-07,3.7345,-4.44,2.39151,4.31281,3.48202,7.00017,1.58472,19.01787,-0.23346,-17.02178
2018-08-08,3.7505,-4.44,2.38417,4.28055,3.45315,8.26021,1.86661,18.8721,-0.23527,-17.02178
2018-08-09,3.7701,-4.44,2.42214,4.27764,3.45348,8.772,1.97689,18.67693,-0.23773,-17.02178
2018-08-10,3.7996,-4.45,2.57718,4.28785,3.46835,9.12182,2.04938,18.70962,-0.23785,-17.02178
2018-08-13,3.8654,-4.44,2.69327,4.2851,3.46925,10.81255,2.41937,18.95021,-0.2343,-17.02178
2018-08-14,3.882,-4.42,2.58852,4.28303,3.46748,11.29213,2.51211,18.92229,-0.23359,-17.02178
2018-08-15,3.8644,-4.43,2.68376,4.25929,3.44785,11.40554,2.52195,18.92785,-0.23405,-17.02178
2018-08-16,3.9006,-4.43,2.59898,4.26872,3.45806,12.0422,2.64757,18.87886,-0.23465,-17.02178
2018-08-17,3.9039,-4.45,2.53687,4.2743,3.46532,11.9171,2.60343,18.53741,-0.24006,-17.02178
2018-08-20,3.9098,-4.44,2.52493,4.27958,3.47349,11.83267,2.57261,18.44575,-0.24071,-17.02178
2018-08-21,3.966,-4.42,2.55412,4.28538,3.48248,13.00132,2.81454,18.57949,-0.2379,-17.02178
2018-08-22,4.0485,-4.41,2.50553,4.31455,3.51588,14.1057,3.03529,18.94912,-0.23273,-17.02178
2018-08-23,4.0369,-4.42,2.5185,4.31388,3.51943,13.71772,2.92876,18.90768,-0.23377,-17.02178
2018-08-24,4.1123,-4.41,2.48407,4.32836,3.53939,15.0027,3.18053,18.38031,-0.23993,-17.02178
2018-08-27,4.1028,-4.38,2.49815,4.33349,3.5493,14.49205,3.0446,18.37677,-0.23834,-17.02178
2018-08-28,4.0775,-4.37,2.52573,4.33008,3.5492,13.87617,2.88956,18.43731,-0.23702,-17.02178
2018-08-29,4.1339,-4.37,2.50553,4.34562,3.57123,14.63125,3.02393,18.59739,-0.23498,-17.02178
2018-08-30,4.1055,-4.39,2.60491,4.35376,3.5831,13.60994,2.78958,18.58526,-0.23621,-17.02178
2018-08-31,4.1486,-4.39,2.55412,4.34925,3.58368,14.63795,2.98035,18.6323,-0.23561,-17.02178
2018-09-03,4.0537,-4.39,2.55412,4.34925,3.58804,12.20227,2.46362,19.04992,-0.23045,-19.30842
2018-09-04,4.1548,-4.37,2.57718,4.35889,3.60232,14.26867,2.86415,19.54484,-0.22359,-19.30842
2018-09-05,4.1537,-4.36,2.63261,4.34731,3.5907,14.56513,2.90158,19.35123,-0.22531,-19.30842
2018-09-06,4.1431,-4.37,2.68444,4.33729,3.58069,14.589,2.88379,16.16852,-0.27028,-19.30842
2018-09-07,4.0573,-4.36,2.70002,4.3416,3.58896,12.26558,2.40481,16.79386,-0.25962,-19.30842
2018-09-10,4.0438,-4.36,2.65042,4.3486,3.60247,11.55661,2.25311,16.82069,-0.2592,-19.30842
2018-09-11,4.0846,-4.35,2.58173,4.37021,3.63507,11.65968,2.26183,16.91006,-0.25724,-19.30842
2018-09-12,4.1516,-4.34,2.57566,4.37877,3.64986,12.88063,2.48615,16.6313,-0.26095,-19.30842
2018-09-13,4.1598,-4.35,2.51527,4.35901,3.63086,13.59974,2.60904,16.0537,-0.27097,-19.30842
2018-09-14,4.205,-4.34,2.49072,4.35786,3.63443,14.58222,2.77884,16.14585,-0.2688,-19.30842
2018-09-17,4.172,-4.34,2.61593,4.35735,3.63268,13.84238,2.61788,16.25722,-0.26696,-19.30842
2018-09-18,4.1321,-4.33,2.54866,4.36983,3.6562,12.23604,2.29851,16.38429,-0.26428,-19.30842
2018-09-19,4.1584,-4.34,2.46385,4.3745,3.67055,12.47901,2.332,16.40492,-0.26455,-19.30842
2018-09-20,4.1303,-4.33,2.4681,4.36564,3.66253,12.0197,2.23419,16.4681,-0.26293,-19.30842
2018-09-21,4.076,-4.32,2.45788,4.36691,3.6688,10.52503,1.94676,16.70463,-0.25861,-19.30842
2018-09-24,4.05,-4.28,2.50144,4.39692,3.71196,8.71568,1.60615,16.75044,-0.25552,-19.30842
2018-09-25,4.0913,-4.29,2.51931,4.40513,3.7262,9.34736,1.71821,16.54751,-0.25925,-19.30842
2018-09-26,4.0736,-4.3,2.55645,4.39864,3.71824,9.12765,1.67315,16.57967,-0.25935,-19.30842
2018-09-27,4.0308,-4.32,2.5185,4.4033,3.73115,7.7248,1.41219,16.72129,-0.25835,-19.30842
2018-09-28,4.012,-4.31,2.49486,4.41546,3.75376,6.65326,1.21402,16.6556,-0.25877,-19.30842
2018-10-01,4.0527,-4.27,2.48491,4.44242,3.79762,6.50086,1.18456,16.74062,-0.25507,-11.54586
2018-10-02,4.0164,-4.27,2.48906,4.4403,3.79744,5.6058,1.02007,16.83761,-0.2536,-11.54586
2018-10-03,3.9395,-4.27,2.45187,4.45771,3.83016,2.81474,0.51168,17.2644,-0.24733,-11.54586
2018-10-04,3.9004,-4.28,2.65465,4.4377,3.78581,2.98186,0.54212,17.0475,-0.25106,-11.54586
2018-10-05,3.8739,-4.27,2.69598,4.43272,3.77619,2.55474,0.46451,17.10198,-0.24968,-11.54586
2018-10-08,3.8358,-4.27,2.75302,4.42974,3.76823,1.7773,0.32347,16.96283,-0.25173,-11.54586
2018-10-09,3.7772,-4.25,2.76946,4.44265,3.78748,-0.27177,-0.04955,16.93315,-0.25099,-11.54586
2018-10-10,3.7148,-4.23,3.13375,4.41992,3.7145,0.00806,0.00147,17.23812,-0.24539,-11.54586
2018-10-11,3.7548,-4.23,3.21808,4.38527,3.6502,2.82529,0.51726,17.31997,-0.24423,-11.54586
2018-10-12,3.7815,-4.22,3.05918,4.38739,3.67048,2.97989,0.54616,17.37978,-0.24281,-11.54586
2018-10-15,3.7816,-4.19,3.05871,4.39173,3.67808,2.77569,0.5089,17.35111,-0.24148,-11.54586
2018-10-16,3.7339,-4.2,2.86903,4.3995,3.71253,0.57408,0.1054,17.51165,-0.23984,-11.54586
2018-10-17,3.7236,-4.19,2.85647,4.38265,3.6881,0.95783,0.17669,17.48957,-0.23957,-11.54586
2018-10-18,3.6862,-4.18,2.99873,4.37311,3.65622,0.81672,0.15156,17.34415,-0.241,-11.54586
2018-10-19,3.7203,-4.19,2.99022,4.37927,3.66705,1.44157,0.26892,17.44046,-0.24025,-11.54586
2018-10-22,3.7109,-4.16,2.97757,4.3799,3.66961,1.11878,0.20989,17.354,-0.23971,-11.54586
2018-10-23,3.6823,-4.17,3.03062,4.33651,3.595,2.39934,0.45294,17.12195,-0.24355,-11.54586
2018-10-24,3.6924,-4.16,3.22803,4.33297,3.56324,3.56069,0.67575,16.83656,-0.24708,-11.54586
2018-10-25,3.7311,-4.16,3.18718,4.34238,3.58526,3.98717,0.75861,16.87517,-0.24652,-11.54586
2018-10-26,3.7049,-4.17,3.1847,4.35183,3.60236,2.80659,0.5353,16.90959,-0.24661,-11.54586
2018-10-29,3.6416,-4.16,3.2068,4.34821,3.59508,1.28573,0.24583,17.19428,-0.24194,-11.54586
2018-10-30,3.7158,-4.17,3.1506,4.32955,3.57427,3.8832,0.7456,17.68098,-0.23585,-11.54586
2018-10-31,3.6946,-4.16,3.05542,4.32374,3.57974,3.15821,0.60888,17.71588,-0.23482,-11.54586
2018-11-01,3.7207,-4.18,2.96218,4.32413,3.59388,3.46796,0.67169,17.60003,-0.2375,-11.88192
2018-11-02,3.6949,-4.17,2.97093,4.28813,3.53819,4.33382,0.84431,17.56769,-0.23737,-11.88192
2018-11-05,3.7,-4.14,2.99373,4.29279,3.5432,4.33019,0.84681,17.54745,-0.23593,-11.88192
2018-11-06,3.7246,-4.15,2.99122,4.27847,3.52272,5.57273,1.09311,17.5675,-0.23623,-11.88192
2018-11-07,3.7599,-4.13,2.79484,4.27764,3.55037,5.73394,1.12918,17.6008,-0.23465,-11.88192
2018-11-08,3.7304,-4.15,2.81661,4.25774,3.51911,5.8306,1.14955,17.3085,-0.23977,-11.88192
2018-11-09,3.7592,-4.14,2.85417,4.25106,3.50587,6.9768,1.37644,17.3606,-0.23847,-11.88192
2018-11-12,3.7294,-4.14,3.01798,4.25021,3.48464,6.78827,1.33982,17.40623,-0.23785,-11.88192
2018-11-13,3.7664,-4.12,2.99673,4.18159,3.39184,10.47466,2.06714,17.41923,-0.23652,-11.88192
2018-11-14,3.8014,-4.12,3.05636,4.19147,3.40387,11.04551,2.17348,17.52747,-0.23506,-11.88192
2018-11-15,3.7824,-4.13,2.99473,4.199,3.42758,9.85048,1.93141,17.54675,-0.23537,-11.88192
2018-11-16,3.7824,-4.14,2.89812,4.2011,3.44579,9.32066,1.82204,17.28781,-0.23948,-11.88192
2018-11-19,3.7425,-4.12,3.00072,4.20155,3.43847,8.47287,1.65288,16.84266,-0.24462,-11.88192
2018-11-20,3.7544,-4.11,3.11263,4.13565,3.34218,11.63043,2.2665,16.86237,-0.24374,-11.88192
2018-11-21,3.7557,-4.09,3.03495,4.15072,3.37844,10.58619,2.05517,16.38636,-0.2496,-11.88192
2018-11-22,3.7961,-4.09,3.03495,4.15072,3.38532,11.45263,2.21784,16.56388,-0.24692,-11.88192
2018-11-23,3.8031,-4.09,3.06898,4.07414,3.29333,14.39166,2.77689,16.54413,-0.24722,-11.88192
2018-11-26,3.673,-4.09,2.93916,4.10231,3.35016,9.20005,1.76437,17.58973,-0.23252,-11.88192
2018-11-27,3.9397,-4.09,2.94549,4.09784,3.35057,16.19751,3.09981,22.69565,-0.18021,-11.88192
2018-11-28,3.8735,-4.1,2.91723,4.07346,3.33345,15.0151,2.84842,22.81208,-0.17973,-11.88192
2018-11-29,3.8492,-4.13,2.93332,4.08614,3.35652,13.69616,2.57902,22.39517,-0.18441,-11.88192
2018-11-30,3.851,-4.13,2.89425,4.07261,3.35183,13.8826,2.59826,21.79211,-0.18952,-11.88192
2018-12-03,3.8652,-4.12,2.79972,4.12212,3.42016,12.23271,2.27545,21.81331,-0.18888,-14.23628
2018-12-04,3.8408,-4.08,3.03206,4.12842,3.42281,11.5219,2.13371,21.83632,-0.18684,-14.23628
2018-12-05,3.8511,-4.08,3.03206,4.12842,3.42943,11.5965,2.1389,21.47709,-0.18997,-14.23628
2018-12-06,3.8674,-4.09,3.05353,4.09534,3.40001,12.88051,2.36622,21.49443,-0.19028,-14.23628
2018-12-07,3.8778,-4.1,3.14544,4.1218,3.43347,12.16967,2.22539,21.39508,-0.19163,-14.23628
2018-12-10,3.9058,-4.09,3.11972,4.09384,3.41489,13.43167,2.44567,21.17622,-0.19314,-14.23628
2018-12-11,3.9167,-4.09,3.08007,4.09767,3.42923,13.29135,2.40655,21.18144,-0.19309,-14.23628
2018-12-12,3.9026,-4.07,3.06619,4.09684,3.43806,12.67371,2.28209,21.05186,-0.19333,-14.23628
2018-12-13,3.8541,-4.07,3.02772,4.11822,3.46719,10.57928,1.89631,21.13185,-0.1926,-14.23628
2018-12-14,3.8907,-4.08,3.07408,4.099,3.4553,11.86795,2.1209,21.16949,-0.19273,-14.23628
2018-12-17,3.9155,-4.1,3.19949,4.08782,3.45359,12.55293,2.23431,21.16962,-0.19367,-14.23628
2018-12-18,3.8976,-4.11,3.24181,4.02998,3.41304,13.27562,2.35194,21.14959,-0.19433,-14.23628
2018-12-19,3.9109,-4.1,3.24181,4.04725,3.44197,12.77228,2.25118,21.01725,-0.19508,-14.23628
2018-12-20,3.8962,-4.11,3.34568,3.99544,3.41466,13.19236,2.31437,20.99459,-0.19576,-14.23628
2018-12-21,3.8389,-4.11,3.40486,3.98565,3.42674,11.35764,1.9835,21.06803,-0.19508,-14.23628
2018-12-24,3.8434,-4.05,3.58546,3.92138,3.4051,12.10842,2.10783,21.0615,-0.19229,-14.23628
2018-12-25,3.9026,-4.05,3.58546,3.92138,3.42825,12.9592,2.24813,21.21457,-0.19091,-14.23628
2018-12-26,3.9028,-4.06,3.41477,3.99765,3.49282,11.09849,1.91696,21.19794,-0.19153,-14.23628
2018-12-27,3.9206,-4.09,3.39986,3.95432,3.47361,12.10507,2.08372,21.11483,-0.1937,-14.23628
2018-12-28,3.8715,-4.1,3.34427,3.95508,3.48451,10.53152,1.80581,21.18582,-0.19353,-14.23628
2018-12-31,3.8742,-4.05,3.23554,3.98527,3.50866,9.91061,1.69466,20.84128,-0.19433,-14.23628
2019-01-01,3.88,-4.05,3.23554,3.98527,3.5187,9.7745,1.66729,20.75014,-0.19518,-11.63894
2019-01-02,3.8799,-4.08,3.14501,4.0057,3.52959,9.46278,1.61054,20.70497,-0.19705,-11.63894
2019-01-03,3.7863,-4.09,3.23672,4.02446,3.55729,6.23895,1.05926,21.18623,-0.19305,-11.63894
2019-01-04,3.7551,-4.08,3.06246,4.0441,3.55451,5.4899,0.9312,21.02599,-0.19405,-11.63894
2019-01-07,3.6612,-4.05,3.06339,4.04882,3.5627,2.72735,0.46235,21.37207,-0.1895,-11.63894
2019-01-08,3.7341,-4.04,3.01896,4.07278,3.5736,4.39322,0.74471,21.63375,-0.18675,-11.63894
2019-01-09,3.7124,-4.05,2.99473,4.11806,3.5978,3.13554,0.53132,21.61387,-0.18738,-11.63894
2019-01-10,3.68,-4.07,2.97041,4.12196,3.59755,2.26593,0.38392,21.68002,-0.18773,-11.63894
2019-01-11,3.7079,-4.07,2.90087,4.10231,3.58023,3.50375,0.59368,21.59258,-0.18849,-11.63894
2019-01-14,3.6596,-4.05,2.94812,4.07737,3.57534,2.32933,0.39463,21.74292,-0.18627,-11.63894
2019-01-15,3.6975,-4.05,2.92316,4.10495,3.58872,2.98627,0.50596,21.75121,-0.1862,-11.63894
2019-01-16,3.7164,-4.07,2.94654,4.11611,3.59777,3.24419,0.54966,21.69633,-0.18759,-11.63894
2019-01-17,3.7343,-4.08,2.8937,4.11382,3.59164,3.89524,0.6599,21.71138,-0.18792,-11.63894
2019-01-18,3.7489,-4.09,2.8792,4.13836,3.60369,3.95033,0.66909,21.66537,-0.18878,-11.63894
2019-01-21,3.7502,-4.09,2.8792,4.13836,3.60505,3.9473,0.66833,21.65964,-0.18883,-11.63894
2019-01-22,3.7514,-4.07,3.03495,4.11904,3.61553,3.6892,0.62437,21.56066,-0.18877,-11.63894
2019-01-23,3.812,-4.09,2.97144,4.11317,3.60588,5.55893,0.94057,21.74342,-0.1881,-11.63894
2019-01-24,3.7623,-4.13,2.93863,4.11235,3.60157,4.36614,0.73823,21.62276,-0.191,-11.63894
2019-01-25,3.7698,-4.11,2.85762,4.12131,3.59983,4.61362,0.77974,21.25369,-0.19338,-11.63894
2019-01-28,3.7696,-4.08,2.93757,4.09318,3.59968,4.61251,0.77922,21.21939,-0.19228,-11.63894
2019-01-29,3.7596,-4.08,2.95126,4.11611,3.61336,3.96758,0.66987,21.18316,-0.19261,-11.63894
2019-01-30,3.7185,-4.08,2.8713,4.12147,3.608,3.01666,0.50909,21.25354,-0.19197,-11.63894
2019-01-31,3.6814,-4.09,2.80759,4.12536,3.60305,2.15116,0.36295,21.34788,-0.19159,-11.63894
2019-02-01,3.6428,-4.1,2.7813,4.12504,3.60025,1.17489,0.19822,21.4047,-0.19155,-11.35038
2019-02-04,3.6573,-4.08,2.75557,4.13533,3.60401,1.46774,0.24763,21.33097,-0.19127,-11.35038
2019-02-05,3.667,-4.08,2.74535,4.12681,3.59979,1.84982,0.31209,21.28562,-0.19168,-11.35038
2019-02-06,3.6683,-4.08,2.73307,4.1382,3.60478,1.74683,0.29477,21.22456,-0.19223,-11.35038
2019-02-07,3.6947,-4.08,2.79545,4.12115,3.60522,2.45158,0.41371,21.22092,-0.19226,-11.35038
2019-02-08,3.7149,-4.07,2.75493,4.12875,3.60617,2.97069,0.50132,21.1544,-0.19239,-11.35038
2019-02-11,3.7286,-4.05,2.77071,4.1192,3.60667,3.32476,0.56104,21.08229,-0.1921,-11.35038
2019-02-12,3.7552,-4.07,2.73631,4.13389,3.60957,3.95538,0.66756,21.1117,-0.19278,-11.35038
2019-02-13,3.708,-4.06,2.75047,4.15277,3.62149,2.36061,0.39858,21.25996,-0.19097,-11.35038
2019-02-14,3.7532,-4.07,2.78625,4.16775,3.63163,3.2927,0.55615,21.29862,-0.19109,-11.35038
2019-02-15,3.722,-4.07,2.70203,4.19344,3.63464,2.37519,0.40128,21.3544,-0.19059,-11.35038
2019-02-18,3.6468,-4.07,2.70203,4.19344,3.63591,0.29895,0.05053,21.73543,-0.18725,-11.35038
2019-02-19,3.7317,-4.05,2.70002,4.19645,3.63897,2.51624,0.42543,22.12855,-0.18302,-11.35038
2019-02-20,3.722,-4.05,2.64048,4.20589,3.63796,2.2839,0.38623,22.12915,-0.18302,-11.35038
2019-02-21,3.724,-4.05,2.67139,4.20574,3.64174,2.23365,0.37776,20.9915,-0.19294,-11.35038
2019-02-22,3.7665,-4.04,2.60343,4.20648,3.63726,3.49163,0.5905,15.65213,-0.25811,-11.35038
2019-02-25,3.7463,-4.03,2.698,4.17069,3.63481,3.0211,0.51085,15.33223,-0.26285,-11.35038
2019-02-26,3.7504,-4.05,2.71932,4.17761,3.63887,3.01891,0.51045,15.2905,-0.26487,-11.35038
2019-02-27,3.7471,-4.05,2.68785,4.19555,3.64402,2.78949,0.47179,15.28972,-0.26488,-11.35038
2019-02-28,3.7273,-4.05,2.69327,4.19011,3.64381,2.26554,0.38324,15.29696,-0.26476,-11.35038
2019-03-01,3.7475,-4.06,2.60786,4.17546,3.63215,3.12653,0.52909,15.29757,-0.2654,-13.3745
2019-03-04,3.7214,-4.04,2.68307,4.18464,3.64492,2.07661,0.35154,15.34087,-0.26335,-13.3745
2019-03-05,3.7741,-4.04,2.69056,4.18753,3.64787,3.40198,0.57613,15.58932,-0.25915,-13.3745
2019-03-06,3.7744,-4.03,2.75621,4.1895,3.6562,3.18159,0.53902,15.57715,-0.25871,-13.3745
2019-03-07,3.8368,-4.05,2.8088,4.19419,3.66125,4.68336,0.79362,15.86626,-0.25526,-13.3745
2019-03-08,3.8693,-4.04,2.77571,4.18571,3.65875,5.59518,0.94798,15.95066,-0.25328,-13.3745
2019-03-11,3.8134,-4.04,2.66236,4.1984,3.6566,4.19862,0.71096,16.19423,-0.24947,-13.3745
2019-03-12,3.8373,-4.04,2.62249,4.19976,3.6565,4.82632,0.81727,16.05665,-0.25161,-13.3745
2019-03-13,3.8116,-4.05,2.596,4.21287,3.66027,4.05117,0.68605,15.99252,-0.25324,-13.3745
2019-03-14,3.8133,-4.05,2.60269,4.20812,3.66214,4.04483,0.68516,15.93577,-0.25415,-13.3745
2019-03-15,3.8405,-4.05,2.55568,4.20708,3.66241,4.74803,0.80444,15.9831,-0.25339,-13.3745
2019-03-18,3.813,-4.06,2.57261,4.21272,3.6672,3.89875,0.66065,16.02538,-0.25335,-13.3745
2019-03-19,3.79,-4.04,2.60712,4.21376,3.67256,3.1478,0.53325,16.05136,-0.25169,-13.3745
2019-03-20,3.7877,-4.02,2.63261,4.22683,3.68005,2.88326,0.48843,15.78339,-0.2547,-13.3745
2019-03-21,3.7742,-4.01,2.61227,4.21745,3.68001,2.52732,0.42816,15.79498,-0.25388,-13.3745
2019-03-22,3.791,-4.04,2.80215,4.20514,3.68129,2.93653,0.49753,15.50665,-0.26053,-13.3745
2019-03-25,3.906,-4.04,2.793,4.20782,3.68249,5.89248,0.9983,16.65224,-0.24261,-13.3745
2019-03-26,3.8536,-4.04,2.68649,4.21907,3.68388,4.50401,0.76269,16.84275,-0.23987,-13.3745
2019-03-27,3.875,-4.06,2.718,4.217,3.68375,5.06144,0.85705,16.69313,-0.24321,-13.3745
2019-03-28,3.9882,-4.07,2.66931,4.21686,3.68349,7.94782,1.34562,17.6578,-0.23049,-13.3745
2019-03-29,3.8977,-4.1,2.61813,4.22523,3.6831,5.66324,0.95754,18.2661,-0.22446,-13.3745
2019-04-01,3.9225,-4.07,2.59525,4.23425,3.68968,6.11906,1.03433,18.30907,-0.22229,-14.17163
2019-04-02,3.8485,-4.08,2.59227,4.23945,3.69153,4.16412,0.70379,18.0453,-0.2261,-14.17163
2019-04-03,3.8523,-4.06,2.62031,4.23859,3.69578,4.14791,0.70147,17.96217,-0.22603,-14.17163
2019-04-04,3.8683,-4.06,2.6086,4.23989,3.69777,4.50839,0.76287,17.19709,-0.23609,-14.17163
2019-04-05,3.8559,-4.06,2.55101,4.25334,3.70171,4.08085,0.6909,16.78238,-0.24192,-14.17163
2019-04-08,3.874,-4.07,2.5787,4.26409,3.70326,4.50745,0.76343,16.75268,-0.24295,-14.17163
2019-04-09,3.8482,-4.08,2.65886,4.25717,3.70191,3.87565,0.65675,16.71007,-0.24416,-14.17163
2019-04-10,3.848,-4.07,2.58776,4.27291,3.70737,3.72309,0.63146,16.65261,-0.24441,-14.17163
2019-04-11,3.824,-4.07,2.56649,4.26028,3.70813,3.07699,0.52232,16.4789,-0.24698,-14.17163
2019-04-12,3.8558,-4.06,2.48574,4.2704,3.71374,3.75388,0.63805,16.43591,-0.24702,-14.17163
2019-04-15,3.8803,-4.07,2.51122,4.26521,3.71361,4.39086,0.74712,16.45131,-0.2474,-14.17163
2019-04-16,3.8704,-4.07,2.4998,4.27277,3.71685,4.04813,0.68932,16.44224,-0.24753,-14.17163
2019-04-17,3.9038,-4.06,2.5337,4.27137,3.71903,4.84884,0.82615,16.50753,-0.24595,-14.17163
2019-04-18,3.9367,-4.08,2.49238,4.27625,3.72064,5.64476,0.9626,16.57993,-0.24608,-14.17163
2019-04-19,3.9267,-4.08,2.49238,4.27625,3.72309,5.32455,0.9079,16.59298,-0.24589,-14.17163
2019-04-22,3.9345,-4.06,2.51931,4.30461,3.7287,5.37235,0.91613,16.30183,-0.24905,-14.17163
2019-04-23,3.9341,-4.05,2.50797,4.31093,3.73404,5.21919,0.89048,16.06577,-0.25209,-14.17163
2019-04-24,3.9183,-4.06,2.57566,4.31174,3.73189,4.87439,0.83591,16.09128,-0.25231,-14.17163
2019-04-25,3.9896,-4.07,2.584,4.30878,3.73227,6.66738,1.14658,16.46311,-0.24722,-14.17163
2019-04-26,3.9527,-4.08,2.54396,4.27875,3.73893,5.56005,0.95873,16.5745,-0.24616,-14.17163
2019-04-29,3.9292,-4.06,2.57338,4.27722,3.74292,4.8569,0.84024,16.45925,-0.24667,-14.17163
2019-04-30,3.9443,-4.07,2.57414,4.28772,3.74337,5.2284,0.90795,16.31895,-0.2494,-14.17163
2019-05-01,3.9169,-4.07,2.69463,4.27916,3.73369,4.79045,0.83517,16.23089,-0.25076,-15.55609
2019-05-02,3.9193,-4.03,2.66862,4.25915,3.74839,4.45872,0.77911,16.22106,-0.24844,-15.55609
2019-05-03,3.9662,-4.07,2.5549,4.26056,3.75905,5.36423,0.94152,16.36179,-0.24875,-15.55609
2019-05-06,3.9366,-4.06,2.73696,4.26605,3.7391,5.14728,0.9073,16.45413,-0.24675,-15.55609
2019-05-07,3.9682,-4.07,2.96114,4.24678,3.71118,6.69627,1.18125,16.46727,-0.24716,-15.55609
2019-05-08,3.9687,-4.07,2.96527,4.25377,3.71092,6.71588,1.18537,16.44493,-0.24749,-15.55609
2019-05-09,3.9263,-4.07,2.94969,4.25405,3.71455,5.54392,0.9792,16.60331,-0.24513,-15.55609
2019-05-10,3.9454,-4.07,2.77509,4.25731,3.73922,5.36733,0.95003,16.57468,-0.24556,-15.55609
2019-05-13,3.9597,-4.09,3.02286,4.25178,3.70361,6.6861,1.18546,16.35669,-0.25005,-15.55609
2019-05-14,3.9905,-4.09,2.8937,4.26605,3.72034,7.01009,1.2442,16.25954,-0.25154,-15.55609
2019-05-15,3.9751,-4.08,2.79972,4.27347,3.73521,6.22468,1.10588,16.17963,-0.25217,-15.55609
2019-05-16,3.9999,-4.1,2.7272,4.28524,3.74054,6.70387,1.19137,15.61094,-0.26264,-15.55609
2019-05-17,4.0462,-4.11,2.77009,4.27958,3.73532,7.99435,1.4241,15.1276,-0.27169,-15.55609
2019-05-20,4.0974,-4.11,2.79178,4.27625,3.73464,9.27006,1.65429,15.27294,-0.2691,-15.55609
2019-05-21,4.0949,-4.11,2.70471,4.27916,3.74856,8.83718,1.57764,15.27768,-0.26902,-15.55609
2019-05-23,4.0368,-4.13,2.8285,4.21597,3.73972,7.64427,1.36556,15.46577,-0.26704,-15.55609
2019-05-24,4.0387,-4.15,2.76317,4.2296,3.74453,7.56266,1.35326,15.41035,-0.2693,-15.55609
2019-05-27,4.0212,-4.15,2.76317,4.2296,3.74613,7.08581,1.27022,15.45007,-0.26861,-15.55609
2019-05-28,4.0421,-4.13,2.8622,4.25007,3.73322,7.94927,1.42949,15.46597,-0.26704,-15.55609
2019-05-29,4.0236,-4.13,2.8848,4.24061,3.73312,7.49326,1.35182,15.45447,-0.26724,-15.55609
2019-05-30,3.9734,-4.12,2.85071,4.20275,3.74784,5.84418,1.05819,15.67242,-0.26288,-15.55609
2019-05-31,3.98,-4.15,2.92906,4.16651,3.7365,6.31325,1.14835,15.59005,-0.2662,-15.55609
2019-06-03,3.9242,-4.15,2.93704,4.11545,3.74419,4.69585,0.85743,15.65394,-0.26511,-12.97938
2019-06-04,3.8841,-4.15,2.83145,4.12665,3.76028,3.23986,0.59436,15.8046,-0.26258,-12.97938
2019-06-05,3.8536,-4.15,2.7782,4.10479,3.77349,2.1008,0.38728,15.55315,-0.26683,-12.97938
2019-06-06,3.8794,-4.17,2.7682,4.1218,3.76983,2.86499,0.53133,15.51858,-0.26871,-12.97938
2019-06-07,3.8784,-4.22,2.79117,4.14773,3.75289,3.28976,0.61195,15.23291,-0.27703,-12.97938
2019-06-10,3.8765,-4.21,2.76883,4.1318,3.76369,2.95332,0.55282,15.18494,-0.27725,-12.97938
2019-06-11,3.8845,-4.23,2.77196,4.1318,3.76021,3.25183,0.61285,15.12464,-0.27968,-12.97938
2019-06-12,3.8551,-4.26,2.76695,4.09384,3.76311,2.41505,0.45842,15.20683,-0.28014,-12.97938
2019-06-13,3.8659,-4.31,2.76127,4.11594,3.74966,3.05285,0.58376,15.15127,-0.28446,-12.97938
2019-06-14,3.8482,-4.3,2.72654,4.1273,3.75775,2.37858,0.45671,15.10932,-0.28459,-12.97938
2019-06-17,3.8945,-4.27,2.73112,4.10989,3.76816,3.29785,0.63726,15.23793,-0.28022,-12.97938
2019-06-18,3.887,-4.28,2.718,4.12939,3.76646,3.15032,0.61181,15.24388,-0.28077,-12.97938
2019-06-19,3.8595,-4.32,2.66236,4.12423,3.77019,2.3412,0.45711,15.2976,-0.2824,-12.97938
2019-06-20,3.8354,-4.36,2.69124,4.16589,3.74824,2.29881,0.451,15.33115,-0.28439,-12.97938
2019-06-21,3.8377,-4.39,2.73437,4.17746,3.73101,2.81934,0.55606,14.09423,-0.31148,-12.97938
2019-06-24,3.8205,-4.37,2.72524,4.17223,3.73975,2.13613,0.42319,13.86383,-0.31521,-12.97938
2019-06-25,3.8256,-4.38,2.78994,4.17516,3.72415,2.68779,0.53481,13.81932,-0.31695,-12.97938
2019-06-26,3.8455,-4.35,2.78563,4.19705,3.72937,3.06636,0.61225,12.5546,-0.34649,-12.97938
2019-06-27,3.8429,-4.36,2.76127,4.19795,3.7325,2.91485,0.58507,11.70254,-0.37257,-12.97938
2019-06-28,3.816,-4.38,2.71337,4.19795,3.73822,2.05943,0.41533,11.70302,-0.37426,-12.97938
2019-07-01,3.8495,-4.29,2.64333,4.17531,3.78184,1.77321,0.35997,11.21655,-0.38247,-11.45244
2019-07-02,3.8396,-4.3,2.55955,4.13357,3.80466,0.91403,0.18575,11.22648,-0.38302,-11.45244
2019-07-03,3.8439,-4.29,2.53131,4.15607,3.80998,0.88627,0.18042,11.19677,-0.38315,-11.45244
2019-07-04,3.825,-4.29,2.53131,4.15607,3.81048,0.38042,0.07761,11.22142,-0.3823,-11.45244
2019-07-05,3.8008,-4.27,2.58626,4.16247,3.80314,-0.06142,-0.01255,11.24603,-0.37969,-11.45244
2019-07-08,3.8191,-4.24,2.6362,4.1606,3.80092,0.47713,0.09761,11.21578,-0.37804,-11.45244
2019-07-09,3.7991,-4.24,2.64547,4.16138,3.79904,0.00169,0.00035,11.26258,-0.37647,-11.45244
2019-07-10,3.799,-4.3,2.56725,4.20484,3.79253,0.17038,0.03495,11.1952,-0.38409,-11.45244
2019-07-11,3.7503,-4.33,2.55955,4.1975,3.78737,-0.98371,-0.20213,11.35086,-0.38147,-11.45244
2019-07-12,3.7548,-4.36,2.51689,4.2005,3.78801,-0.88054,-0.18128,11.27249,-0.38678,-11.45244
2019-07-15,3.7344,-4.34,2.54003,4.1969,3.78935,-1.46079,-0.30136,11.30849,-0.38378,-11.45244
2019-07-16,3.7537,-4.35,2.55412,4.16434,3.79038,-0.9725,-0.20151,11.21583,-0.38784,-11.45244
2019-07-17,3.7672,-4.36,2.63691,4.15356,3.77218,-0.13205,-0.02751,11.09946,-0.39281,-11.45244
2019-07-18,3.7618,-4.45,2.60491,4.126,3.75883,0.07905,0.01654,11.09418,-0.40111,-11.45244
2019-07-19,3.7174,-4.44,2.67069,4.13469,3.74507,-0.74145,-0.15589,11.30308,-0.39281,-11.45244
2019-07-22,3.7459,-4.41,2.60491,4.14725,3.76721,-0.5673,-0.11979,11.43058,-0.38581,-11.45244
2019-07-23,3.7398,-4.44,2.53449,4.15622,3.77607,-0.96505,-0.20505,11.41296,-0.38903,-11.45244
2019-07-24,3.7724,-4.4,2.49072,4.14599,3.80257,-0.79666,-0.17041,10.93072,-0.40254,-11.45244
2019-07-25,3.7713,-4.4,2.54475,4.14931,3.78962,-0.48447,-0.10434,10.79688,-0.40753,-11.45244
2019-07-26,3.7752,-4.38,2.49815,4.15041,3.80855,-0.87964,-0.19054,10.75004,-0.40744,-11.45244
2019-07-29,3.7735,-4.38,2.55179,4.15434,3.79497,-0.56744,-0.12373,10.7117,-0.4089,-11.45244
2019-07-30,3.7801,-4.42,2.63476,4.17007,3.75889,0.56265,0.12344,10.64606,-0.41518,-11.45244
2019-07-31,3.7893,-4.42,2.78006,4.177,3.71877,1.87881,0.4147,10.66043,-0.41462,-11.45244
2019-08-01,3.8117,-3.93,2.88312,4.10264,3.85519,-1.13438,-0.25222,10.44131,-0.37639,-14.21666
2019-08-02,3.8373,-3.94,2.86847,4.12536,3.85413,-0.4375,-0.09806,10.4479,-0.37711,-14.21666
2019-08-05,3.8839,-3.95,3.20234,4.09117,3.75825,3.28875,0.74316,10.61161,-0.37223,-14.21666
2019-08-06,3.9731,-3.95,3.0042,4.07652,3.81945,3.94397,0.8982,11.56974,-0.34141,-14.21666
2019-08-07,3.9587,-3.98,2.9699,4.02945,3.82723,3.37755,0.77465,11.38696,-0.34952,-14.21666
2019-08-08,3.9674,-3.98,2.82791,4.0497,3.86998,2.48608,0.57554,11.35452,-0.35052,-14.21666
2019-08-09,3.9176,-4.0,2.8887,4.06954,3.84516,1.86632,0.43679,11.61141,-0.34449,-14.21666
2019-08-12,3.9402,-4.0,3.0488,4.07022,3.79702,3.70142,0.87475,11.56285,-0.34594,-14.21666
2019-08-13,3.9839,-4.0,2.86334,4.11578,3.85327,3.33387,0.79535,11.75317,-0.34033,-14.21666
2019-08-14,3.9624,-4.04,3.09558,4.08564,3.76875,5.01077,1.19622,11.73461,-0.34428,-14.21666
2019-08-15,4.0503,-4.09,3.05306,4.0644,3.7685,7.21133,1.72307,12.32644,-0.33181,-14.21666
2019-08-16,3.9901,-4.13,2.91615,4.07142,3.79918,4.90317,1.16921,12.41673,-0.33262,-14.21666
2019-08-19,4.0046,-4.06,2.82613,4.09,3.85265,3.86823,0.92235,12.443,-0.32629,-14.21666
2019-08-20,4.0732,-4.06,2.8622,4.09484,3.84146,5.85771,1.39754,12.5906,-0.32246,-14.21666
2019-08-21,4.0517,-4.03,2.76001,4.09933,3.88714,4.14627,0.98843,12.63717,-0.3189,-14.21666
2019-08-22,4.024,-4.0,2.81421,4.09301,3.88287,3.57011,0.85114,12.68269,-0.31539,-14.21666
2019-08-23,4.068,-4.03,2.98921,4.08328,3.81683,6.37306,1.52068,12.82729,-0.31417,-14.21666
2019-08-26,4.1262,-3.99,2.96114,4.07244,3.84462,7.06818,1.68513,13.09593,-0.30467,-14.21666
2019-08-27,4.1515,-4.02,3.01111,4.08614,3.81745,8.38862,1.99716,12.87572,-0.31222,-14.21666
2019-08-28,4.1228,-4.01,2.96269,4.10248,3.83705,7.18293,1.70608,12.96406,-0.30932,-14.21666
2019-08-29,4.1677,-4.01,2.88368,4.11218,3.86352,7.57848,1.79798,12.77483,-0.3139,-14.21666
2019-08-30,4.1681,-4.01,2.94339,4.10149,3.8482,7.98547,1.89313,12.57116,-0.31898,-14.21666
2019-09-02,4.1439,-4.01,2.94339,4.10149,3.85069,7.33862,1.73783,12.51782,-0.32034,-16.01809
2019-09-03,4.1844,-4.02,2.97859,4.06492,3.84409,8.48255,2.0089,12.58724,-0.31937,-16.01809
2019-09-04,4.1651,-4.03,2.85244,4.10594,3.87682,7.17243,1.69681,12.63798,-0.31888,-16.01809
2019-09-05,4.0932,-4.03,2.78932,4.11005,3.8988,4.86575,1.15116,13.16836,-0.30604,-16.01809
2019-09-06,4.106,-4.04,2.70805,4.11969,3.92117,4.60593,1.09081,13.17399,-0.30666,-16.01809
2019-09-09,4.0613,-4.04,2.72589,4.13661,3.91344,3.70874,0.87921,13.2782,-0.30426,-16.01809
2019-09-10,4.0934,-4.05,2.7213,4.13324,3.91252,4.51935,1.0727,13.34743,-0.30343,-16.01809
2019-09-11,4.0795,-4.04,2.68171,4.10775,3.9357,3.58863,0.85321,13.32965,-0.30308,-16.01809
2019-09-12,4.0642,-4.05,2.65465,4.10066,3.94314,3.02408,0.72106,13.17058,-0.3075,-16.01809
2019-09-13,4.0589,-4.04,2.62031,4.098,3.96063,2.45087,0.58677,13.16616,-0.30685,-16.01809
2019-09-16,4.0855,-4.01,2.6858,4.2344,3.92924,3.89982,0.93727,13.12067,-0.30562,-16.01809
2019-09-17,4.0793,-4.01,2.67,4.16744,3.94722,3.2913,0.79378,13.04945,-0.30729,-16.01809
2019-09-18,4.076,-4.05,2.63548,4.15261,3.94515,3.26298,0.78996,13.05415,-0.31025,-16.01809
2019-09-19,4.1073,-3.57,2.64262,4.16511,4.15908,-1.2527,-0.30437,13.07403,-0.27306,-16.01809
2019-09-20,4.1666,-3.59,2.72916,4.16325,4.12183,1.08023,0.264,13.33741,-0.26917,-16.01809
2019-09-23,4.1483,-3.56,2.70203,4.17084,4.14778,0.01265,0.00311,13.36328,-0.2664,-16.01809
2019-09-24,4.1615,-3.58,2.83615,4.14472,4.09753,1.54904,0.38314,13.36347,-0.26789,-16.01809
2019-09-25,4.1617,-3.61,2.77009,4.1334,4.11115,1.22207,0.30422,13.25963,-0.27226,-16.01809
2019-09-26,4.1471,-3.67,2.77695,4.139,4.08356,1.54397,0.38821,13.20943,-0.27783,-16.01809
2019-09-27,4.1692,-3.7,2.84607,4.12568,4.05065,2.88461,0.73476,13.21247,-0.28004,-16.01809
2019-09-30,4.1571,-3.62,2.78748,4.10726,4.11745,0.9583,0.24771,13.2393,-0.27343,-16.01809
2019-10-01,4.1548,-3.68,2.92101,4.07567,4.04373,2.70965,0.70225,13.1852,-0.2791,-15.7604
2019-10-02,4.1546,-3.71,3.02335,4.05508,3.99648,3.8802,1.00854,13.09635,-0.28329,-15.7604
2019-10-03,4.1244,-3.8,2.95073,4.05543,3.97921,3.58383,0.93286,13.19224,-0.28805,-15.7604
2019-10-04,4.0829,-3.79,2.83556,4.0668,4.02475,1.43455,0.37439,13.32437,-0.28444,-15.7604
2019-10-07,4.0546,-3.75,2.88256,4.06646,4.02957,0.61934,0.16207,13.42082,-0.27942,-15.7604
2019-10-08,4.1051,-3.78,3.00964,4.06457,3.97203,3.29528,0.86469,13.30578,-0.28409,-15.7604
2019-10-09,4.0909,-3.81,2.92531,4.06595,3.9869,2.57517,0.67673,13.34179,-0.28557,-15.7604
2019-10-10,4.1083,-3.82,2.86619,4.07923,4.00262,2.60611,0.68675,13.28143,-0.28762,-15.7604
2019-10-11,4.1084,-3.82,2.74599,4.10281,4.04327,1.59798,0.42183,13.2639,-0.288,-15.7604
2019-10-14,4.1085,-3.82,2.67896,4.08345,4.06737,1.00608,0.26626,13.25951,-0.2881,-15.7604
2019-10-15,4.1237,-3.83,2.60565,4.07312,4.08797,0.87031,0.23094,13.25498,-0.28895,-15.7604
2019-10-16,4.1786,-3.84,2.61593,4.08463,4.07985,2.39152,0.63681,13.17926,-0.29137,-15.7604
2019-10-17,4.1486,-3.84,2.62394,4.09284,4.07874,1.69832,0.45416,13.24877,-0.28984,-15.7604
2019-10-18,4.1611,-3.84,2.65676,4.08463,4.0691,2.2357,0.60055,13.23499,-0.29014,-15.7604
2019-10-21,4.1111,-3.83,2.63906,4.07686,4.08281,0.69044,0.18691,13.43969,-0.28498,-15.7604
2019-10-22,4.12476,-3.85,2.67139,4.08933,4.06166,1.54178,0.41925,13.441,-0.28644,-15.7604
2019-10-23,4.0784,-3.85,2.63977,4.11366,4.07307,0.1308,0.03568,13.67986,-0.28144,-15.7604
2019-10-24,4.0331,-3.83,2.61813,4.1218,4.0915,-1.43759,-0.39334,13.89948,-0.27555,-15.7604
2019-10-25,4.0393,-3.84,2.53766,4.12746,4.11258,-1.79792,-0.49355,13.89911,-0.27628,-15.7604
2019-10-28,4.0029,-3.85,2.57338,4.12017,4.09418,-2.25483,-0.62044,14.04184,-0.27418,-15.7604
2019-10-29,3.9888,-3.87,2.58022,4.1205,4.07986,-2.25718,-0.62242,14.03129,-0.27581,-15.7604
2019-10-30,3.9967,-3.88,2.51204,4.10446,4.09457,-2.4193,-0.66922,13.98131,-0.27751,-15.7604
2019-10-31,3.9862,-3.46,2.58173,4.09817,4.31396,-7.90182,-2.19193,13.80104,-0.25071,-15.7604
2019-11-01,4.016,-3.48,2.5096,4.12212,4.32372,-7.38303,-2.04563,13.11977,-0.26525,-16.76644
2019-11-04,3.9894,-3.47,2.55179,4.12923,4.31421,-7.82742,-2.17255,13.16903,-0.2635,-16.76644
2019-11-05,4.0108,-3.44,2.57261,4.1425,4.32568,-7.55779,-2.10375,13.20428,-0.26052,-16.76644
2019-11-06,3.992,-3.44,2.53528,4.12293,4.33327,-8.20297,-2.28979,12.9851,-0.26492,-16.76644
2019-11-07,4.0823,-3.44,2.54396,4.1318,4.32942,-5.87725,-1.64257,13.67562,-0.25154,-16.76644
2019-11-08,4.0995,-3.45,2.49072,4.13533,4.33839,-5.66389,-1.58913,13.53065,-0.25498,-16.76644
2019-11-11,4.1334,-3.45,2.54081,4.13003,4.31914,-4.39562,-1.23048,13.56543,-0.25432,-16.76644
2019-11-12,4.1513,-3.41,2.54003,4.1281,4.34086,-4.46509,-1.24891,12.88305,-0.26469,-16.76644
2019-11-13,4.1679,-3.43,2.56495,4.13308,4.31994,-3.58289,-1.00094,12.51684,-0.27403,-16.76644
2019-11-14,4.1686,-3.43,2.56879,4.13164,4.31669,-3.49094,-0.97494,12.50298,-0.27433,-16.76644
2019-11-15,4.1943,-3.43,2.48906,4.14789,4.34017,-3.41864,-0.95492,12.10865,-0.28327,-16.76644
2019-11-18,4.1948,-3.43,2.52252,4.13421,4.32625,-3.08548,-0.8621,12.0523,-0.28459,-16.76644
2019-11-19,4.2164,-3.43,2.55412,4.1094,4.31019,-2.20007,-0.61521,11.99113,-0.28604,-16.76644
2019-11-20,4.1917,-3.43,2.54788,4.13357,4.31662,-2.93658,-0.82115,11.88326,-0.28864,-16.76644
2019-11-21,4.195,-3.42,2.5749,4.15841,4.32105,-2.96045,-0.82771,11.55151,-0.29607,-16.76644
2019-11-22,4.1917,-3.42,2.51285,4.14931,4.33276,-3.30981,-0.9251,11.49175,-0.2976,-16.76644
2019-11-25,4.195,-3.39,2.47401,4.1534,4.36023,-3.86324,-1.07954,11.40153,-0.29733,-16.76644
2019-11-26,4.2254,-3.4,2.44582,4.16309,4.36148,-3.16969,-0.88563,11.28795,-0.30121,-16.76644
2019-11-27,4.2318,-3.38,2.46385,4.15982,4.36711,-3.14741,-0.88024,11.29088,-0.29936,-16.76644
2019-11-28,4.2627,-3.38,2.46385,4.15982,4.36537,-2.37992,-0.66547,11.30886,-0.29888,-16.76644
2019-11-29,4.188,-3.41,2.53528,4.13405,4.3215,-3.13785,-0.87748,11.71599,-0.29106,-16.76644
2019-12-02,4.2361,-3.4,2.70203,4.10956,4.28215,-1.0813,-0.30241,11.8959,-0.28581,-15.31585
2019-12-03,4.2223,-3.43,2.77009,4.10792,4.24913,-0.63331,-0.1773,11.36588,-0.30178,-15.31585
2019-12-04,4.204,-3.45,2.69463,4.14313,4.26498,-1.4402,-0.40363,11.39372,-0.3028,-15.31585
2019-12-05,4.2061,-3.46,2.67553,4.14931,4.26492,-1.38869,-0.38935,11.15904,-0.31006,-15.31585
2019-12-06,4.1846,-3.47,2.61154,4.16496,4.27693,-2.18249,-0.61186,11.11534,-0.31218,-15.31585
2019-12-09,4.1189,-3.46,2.7638,4.16278,4.2502,-3.13807,-0.87944,11.55478,-0.29944,-15.31585
2019-12-10,4.1411,-3.44,2.75239,4.16418,4.26436,-2.93307,-0.82139,11.57352,-0.29723,-15.31585
2019-12-11,4.1446,-3.43,2.70738,4.1545,4.27528,-3.1043,-0.86877,11.56941,-0.29647,-15.31585
2019-12-12,4.1237,-2.94,2.63476,4.162,4.60446,-11.02742,-3.08385,11.54909,-0.25457,-15.31585
2019-12-13,4.08725,-2.93,2.53607,4.17777,4.62849,-12.4359,-3.44585,11.68527,-0.25074,-15.31585
2019-12-16,4.0858,-2.93,2.49651,4.1796,4.6253,-12.40226,-3.39731,11.6843,-0.25076,-15.31585
2019-12-17,4.0619,-2.94,2.50879,4.19117,4.60748,-12.60294,-3.41411,11.63904,-0.2526,-15.31585
2019-12-18,4.0702,-2.94,2.53211,4.19223,4.58985,-12.01547,-3.21893,11.26992,-0.26087,-15.31585
2019-12-19,4.05966,-2.93,2.52573,4.1978,4.5873,-12.2191,-3.24091,11.24941,-0.26046,-15.31585
2019-12-20,4.0688,-2.92,2.52653,4.19177,4.57934,-11.82067,-3.10354,11.23913,-0.25981,-15.31585
2019-12-23,4.0799,-2.91,2.53449,4.19555,4.57317,-11.41337,-2.96883,11.25579,-0.25853,-15.31585
2019-12-24,4.082,-2.92,2.53924,4.20767,4.55777,-11.02458,-2.84378,11.23807,-0.25983,-15.31585
2019-12-25,4.0828,-2.92,2.53924,4.20767,4.54563,-10.7383,-2.74924,11.18152,-0.26115,-15.31585
2019-12-26,4.083,-2.92,2.53766,4.21833,4.53685,-10.54014,-2.6798,11.16948,-0.26143,-15.31585
2019-12-27,4.0547,-2.93,2.59749,4.22186,4.50837,-10.60588,-2.67808,11.24883,-0.26047,-15.31585
2019-12-30,4.0223,-2.93,2.69598,4.22596,4.47415,-10.64631,-2.67275,11.35166,-0.25811,-15.31585
2019-12-31,4.01571,-2.95,2.62322,4.18965,4.45798,-10.44809,-2.60855,11.27039,-0.26175,-15.31585
2020-01-01,4.01679,-2.95,2.62322,4.18965,4.44611,-10.15484,-2.5212,11.09756,-0.26582,-16.24727
2020-01-02,4.0163,-2.96,2.52333,4.19344,4.45396,-10.34321,-2.5545,11.0138,-0.26875,-16.24727
2020-01-03,4.0234,-2.98,2.64048,4.22829,4.40941,-9.16141,-2.25053,10.72382,-0.27789,-16.24727
2020-01-06,4.057,-2.94,2.62829,4.2328,4.42056,-8.58218,-2.10037,10.84157,-0.27118,-16.24727
2020-01-07,4.0604,-2.96,2.62394,4.22347,4.40007,-8.03398,-1.9596,10.80703,-0.2739,-16.24727
2020-01-08,4.0662,-2.96,2.59898,4.18113,4.39687,-7.81834,-1.90017,10.81178,-0.27378,-16.24727
2020-01-09,4.0628,-2.96,2.52892,4.18006,4.41,-8.20017,-1.98626,10.81254,-0.27376,-16.24727
2020-01-10,4.0921,-2.96,2.53052,4.17408,4.40289,-7.32028,-1.7663,10.88569,-0.27192,-16.24727
2020-01-13,4.0705,-2.93,2.51122,4.162,4.41503,-8.12479,-1.95446,10.58879,-0.27671,-16.24727
2020-01-14,4.1458,-2.93,2.51689,4.16651,4.40697,-6.10909,-1.46417,11.14053,-0.263,-16.24727
2020-01-15,4.1313,-2.93,2.51931,4.15888,4.39992,-6.29943,-1.5071,11.14493,-0.2629,-16.24727
2020-01-16,4.1742,-2.95,2.51122,4.16852,4.38763,-4.9866,-1.19069,11.06757,-0.26654,-16.24727
2020-01-17,4.1836,-2.94,2.49321,4.17208,4.39119,-4.84288,-1.15567,11.05755,-0.26588,-16.24727
2020-01-20,4.1616,-2.94,2.49321,4.17208,4.38445,-5.21657,-1.24602,10.86609,-0.27057,-16.24727
2020-01-21,4.1885,-2.94,2.55334,4.16806,4.36265,-4.0738,-0.97387,10.67846,-0.27532,-16.24727
2020-01-22,4.2109,-2.95,2.558,4.14646,4.35095,-3.27169,-0.78328,10.71892,-0.27521,-16.24727
2020-01-23,4.1813,-2.95,2.56341,4.12778,4.34441,-3.82671,-0.91786,10.65257,-0.27693,-16.24727
2020-01-24,4.1691,-2.96,2.67828,4.10578,4.30765,-3.26934,-0.78514,10.64349,-0.2781,-16.24727
2020-01-27,4.1595,-2.95,2.90307,4.08295,4.25395,-2.24524,-0.53998,10.65708,-0.27681,-16.24727
2020-01-28,4.2061,-2.93,2.78994,4.08614,4.28421,-1.83997,-0.44381,10.83998,-0.2703,-16.24727
2020-01-29,4.1934,-2.94,2.79667,4.09117,4.27404,-1.90475,-0.46122,10.78318,-0.27265,-16.24727
2020-01-30,4.2289,-2.93,2.74019,4.06543,4.28837,-1.39643,-0.33934,10.7881,-0.2716,-16.24727
2020-01-31,4.2422,-2.95,2.93598,4.0632,4.23006,0.28654,0.06982,10.76028,-0.27416,-16.24727
2020-02-03,4.2826,-2.93,2.8887,3.99728,4.2501,0.76171,0.18602,10.8343,-0.27044,-19.11571
2020-02-04,4.2468,-2.93,2.77571,3.98824,4.27671,-0.7018,-0.1719,10.1039,-0.28999,-19.11571
2020-02-05,4.2537,-2.93,2.718,4.01241,4.28714,-0.78309,-0.19252,10.07991,-0.29068,-19.11571
2020-02-06,4.2336,-2.68,2.70538,4.00606,4.38078,-3.41747,-0.84357,10.01346,-0.26764,-19.11571
2020-02-07,4.2808,-2.69,2.7389,3.99765,4.36297,-1.90135,-0.47165,10.21117,-0.26344,-19.11571
2020-02-10,4.3204,-2.67,2.71071,3.97537,4.37477,-1.25052,-0.3117,10.33647,-0.25831,-19.11571
2020-02-11,4.32097,-2.68,2.71998,3.98917,4.36334,-0.97566,-0.24444,10.33653,-0.25927,-19.11571
2020-02-12,4.32753,-2.67,2.62031,4.02159,4.38507,-1.32082,-0.33279,10.27631,-0.25982,-19.11571
2020-02-13,4.3545,-2.66,2.64971,4.0314,4.37491,-0.46756,-0.11847,10.33929,-0.25727,-19.11571
2020-02-14,4.34677,-2.67,2.61593,4.04865,4.37404,-0.62557,-0.15945,10.30823,-0.25902,-19.11571
2020-02-17,4.297,-2.67,2.61593,4.04865,4.36996,-1.68377,-0.43201,10.50939,-0.25406,-19.11571
2020-02-18,4.3265,-2.67,2.69665,4.05612,4.34136,-0.34282,-0.0885,10.58807,-0.25217,-19.11571
2020-02-19,4.3548,-2.67,2.66584,4.07957,4.34146,0.3067,0.0796,10.6529,-0.25064,-19.11571
2020-02-20,4.364,-2.67,2.7447,4.08278,4.31585,1.10958,0.28963,10.6571,-0.25054,-19.11571
2020-02-21,4.3923,-2.69,2.83791,4.06903,4.28497,2.47398,0.64855,10.63913,-0.25284,-19.11571
2020-02-24,4.3898,-2.72,3.22008,4.03069,4.18542,4.76769,1.25658,10.64014,-0.25564,-19.11571
2020-02-25,4.3866,-2.72,3.32683,4.00642,4.1729,4.99439,1.31975,10.55557,-0.25768,-19.11571
2020-02-26,4.3868,-2.72,3.31637,3.97837,4.18959,4.59977,1.22061,9.89232,-0.27496,-19.11571
2020-02-27,4.4491,-2.8,3.66766,3.9547,4.10205,8.12153,2.16413,10.02373,-0.27934,-19.11571
2020-02-28,4.4848,-2.98,3.69163,3.92237,4.07029,9.69801,2.58565,10.09179,-0.29529,-19.11571
2020-03-02,4.4413,-3.12,3.50915,3.94932,4.07601,8.58291,2.28764,10.26354,-0.30399,-26.57311
2020-03-03,4.4724,-3.3,3.60604,3.94855,4.01998,10.66488,2.84769,10.33553,-0.31929,-26.57311
2020-03-04,4.5132,-3.53,3.46542,3.93437,3.99116,12.29253,3.27964,10.38519,-0.33991,-26.57311
2020-03-05,4.5834,-3.63,3.67933,3.91182,3.95631,14.71301,3.91279,10.18218,-0.35651,-26.57311
2020-03-06,4.6062,-3.8,3.73624,3.81264,3.94174,15.57821,4.10741,10.17644,-0.37341,-26.57311
2020-03-09,4.5898,-3.92,3.99747,3.53689,3.97202,14.45613,3.77727,10.22944,-0.38321,-26.57311
2020-03-10,4.7229,-3.81,3.85651,3.61685,4.05129,15.33887,3.98309,11.47425,-0.33205,-26.57311
2020-03-11,4.6421,-3.83,3.98713,3.57767,4.0978,12.4717,3.2104,11.91547,-0.32143,-26.57311
2020-03-12,4.8138,-3.92,4.32374,3.50315,4.12864,15.35385,3.93034,13.73675,-0.28537,-26.57311
2020-03-13,4.7902,-3.97,4.05751,3.52194,4.17277,13.79928,3.49884,13.71419,-0.28948,-26.57311
2020-03-16,4.8526,-4.01,4.4151,3.40286,4.26022,13.0194,3.28295,13.86801,-0.28915,-26.57311
2020-03-17,4.999,-4.06,4.32955,3.35794,4.32387,14.50872,3.63977,14.83079,-0.27375,-26.57311
2020-03-18,5.0097,-4.23,4.33664,3.21406,4.42175,12.48394,3.10892,14.83112,-0.28521,-26.57311
2020-03-19,5.10396,-3.71,4.27667,3.34885,4.53119,11.90316,2.95355,15.14425,-0.24498,-26.57311
2020-03-20,5.0942,-3.7,4.19026,3.2951,4.60674,10.05819,2.48782,15.17184,-0.24387,-26.57311
2020-03-23,5.0455,-3.73,4.1205,3.29695,4.62922,8.6108,2.13016,15.38419,-0.24246,-26.57311
2020-03-24,5.1417,-3.74,4.1218,3.30138,4.64993,10.05308,2.49052,15.67792,-0.23855,-26.57311
2020-03-25,5.0981,-3.75,4.1581,3.31018,4.67041,8.76218,2.16862,15.7239,-0.23849,-26.57311
2020-03-26,5.0337,-3.75,4.11087,3.27109,4.7241,6.34784,1.57053,15.89229,-0.23596,-26.57311
2020-03-27,5.0226,-3.72,4.18266,3.21607,4.79776,4.57994,1.13431,15.90025,-0.23396,-26.57311
2020-03-30,5.10463,-3.63,4.04445,3.125,4.9059,3.97095,0.98507,16.08474,-0.22568,-26.57311
2020-03-31,5.1927,-3.64,3.98043,3.12413,4.91522,5.49176,1.36519,16.28167,-0.22356,-26.57311
2020-04-01,5.2035,-3.66,4.0441,3.20842,4.85332,6.96692,1.73508,16.27999,-0.22482,-31.26531
2020-04-02,5.2482,-3.66,3.93006,3.3992,4.69249,11.19223,2.78592,16.28257,-0.22478,-31.26531
2020-04-03,5.2553,-3.65,3.84588,3.52959,4.59025,13.5303,3.35177,16.27872,-0.22422,-31.26531
2020-04-06,5.3485,-3.6,3.81198,3.49802,4.64252,14.15584,3.47473,16.4903,-0.21831,-31.26531
2020-04-07,5.2853,-3.61,3.84374,3.46167,4.6912,11.92419,2.89833,16.77719,-0.21517,-31.26531
2020-04-08,5.2217,-3.53,3.76931,3.49165,4.68952,10.74918,2.59591,17.07748,-0.2067,-31.26531
2020-04-09,5.1235,-3.5,3.72978,3.44935,4.74692,7.63423,1.83436,17.58801,-0.199,-31.26531
2020-04-10,5.1058,-3.5,3.72978,3.44935,4.75545,7.10852,1.70407,17.38767,-0.20129,-31.26531
2020-04-13,5.1055,-3.49,3.71771,3.45758,4.75648,7.08109,1.69373,17.34643,-0.20119,-31.26531
2020-04-14,5.1985,-3.55,3.63125,3.38777,4.82135,7.53161,1.79857,17.54018,-0.20239,-31.26531
2020-04-15,5.162,-3.61,3.70966,3.32107,4.89425,5.3263,1.26853,17.66484,-0.20436,-31.26531
2020-04-16,5.237,-3.61,3.69163,3.32576,4.89746,6.70311,1.59442,17.7139,-0.20379,-31.26531
2020-04-17,5.2309,-3.63,3.64153,3.33506,4.89311,6.67546,1.58409,17.73046,-0.20473,-31.26531
2020-04-20,5.2327,-3.63,3.78032,3.24142,5.01459,4.25748,1.00787,17.73789,-0.20465,-31.26531
2020-04-21,5.3154,-3.64,3.81573,2.96166,5.36324,-0.89604,-0.21191,17.77351,-0.2048,-31.26531
2020-04-22,5.315,-3.63,3.73719,3.01406,5.29542,0.36917,0.08731,17.73878,-0.20464,-31.26531
2020-04-23,5.4569,-3.64,3.7228,3.06011,5.23729,4.10767,0.9715,18.25258,-0.19942,-31.26531
2020-04-24,5.5331,-3.63,3.58157,3.06526,5.24397,5.36699,1.26829,18.30214,-0.19834,-31.26531
2020-04-27,5.5726,-3.63,3.50526,2.99523,5.35087,4.06035,0.95825,18.24829,-0.19892,-31.26531
2020-04-28,5.6526,-3.64,3.51363,3.01847,5.33373,5.80654,1.36947,18.33606,-0.19852,-31.26531
2020-04-29,5.4974,-3.65,3.44138,3.11529,5.22448,5.09191,1.19925,19.44978,-0.18766,-31.26531
2020-04-30,5.3348,-3.66,3.53076,3.22962,5.08428,4.80977,1.13126,20.57877,-0.17785,-31.26531
2020-05-01,5.486,-3.63,3.61604,3.27488,5.03708,8.53719,2.00549,21.00512,-0.17281,-35.30261
2020-05-04,5.477,-3.62,3.58269,3.30322,5.01411,8.8302,2.06626,21.03068,-0.17213,-35.30261
2020-05-05,5.5406,-3.62,3.51482,3.43302,4.85858,13.13572,3.06104,21.00748,-0.17232,-35.30261
2020-05-06,5.5781,-3.63,3.52988,3.39182,4.91984,12.55713,2.89964,20.96812,-0.17312,-35.30261
2020-05-07,5.7152,-2.89,3.44808,3.38303,5.08572,11.66926,2.67264,21.32801,-0.1355,-35.30261
2020-05-08,5.82872,-2.88,3.33149,3.43302,5.03731,14.59251,3.31951,21.52458,-0.1338,-35.30261
2020-05-11,5.477,-2.88,3.31673,3.38879,5.11583,6.82175,1.53631,25.35085,-0.11361,-35.30261
2020-05-12,5.8171,-2.87,3.49772,3.40053,5.09905,13.17472,2.96371,27.75441,-0.10341,-35.30261
2020-05-13,5.8848,-2.87,3.56332,3.37383,5.14594,13.4165,2.99243,27.7582,-0.10339,-35.30261
2020-05-14,5.8864,-2.88,3.48462,3.43817,5.06882,14.95357,3.30635,27.57597,-0.10444,-35.30261
2020-05-15,5.8094,-2.88,3.46229,3.48124,5.02102,14.5844,3.19063,27.8109,-0.10356,-35.30261
2020-05-18,5.8552,-2.87,3.37759,3.5499,4.94163,16.96345,3.67445,27.81576,-0.10318,-35.30261
2020-05-19,5.719,-2.87,3.41871,3.5453,4.95755,14.28817,3.05485,28.37999,-0.10113,-35.30261
2020-05-20,5.7552,-2.88,3.33185,3.57655,4.92592,15.5592,3.29641,28.37953,-0.10148,-35.30261
2020-05-21,5.6905,-2.88,3.38541,3.58518,4.92021,14.54462,3.04902,28.53505,-0.10093,-35.30261
2020-05-22,5.5524,-2.88,3.3379,3.55906,4.97037,11.07362,2.30042,29.09254,-0.09899,-35.30261
2020-05-25,5.5287,-2.88,3.3379,3.55906,4.97775,10.49754,2.16951,29.12768,-0.09888,-35.30261
2020-05-26,5.4434,-2.86,3.33256,3.58823,4.94731,9.55592,1.96606,29.29932,-0.09761,-35.30261
2020-05-27,5.344,-2.85,3.31854,3.54789,5.01665,6.32122,1.29591,29.59873,-0.09629,-35.30261
2020-05-28,5.2727,-2.85,3.35306,3.5636,4.99576,5.39531,1.10458,29.67122,-0.09605,-35.30261
2020-05-29,5.4036,-2.86,3.31455,3.56473,4.99867,7.78943,1.59382,29.97936,-0.0954,-35.30261
2020-06-01,5.3348,-2.86,3.34039,3.64597,4.88273,8.85474,1.80967,30.1184,-0.09496,-30.48452
2020-06-02,5.3665,-2.85,3.28989,3.67807,4.8481,10.15899,2.0729,30.01426,-0.09495,-30.48452
2020-06-03,5.1993,-2.84,3.24493,3.68362,4.85225,6.90814,1.40545,30.776,-0.09228,-30.48452
2020-06-04,5.0616,-2.85,3.25076,3.68863,4.84676,4.33715,0.88238,31.29243,-0.09108,-30.48452
2020-06-05,5.1172,-2.85,3.19949,3.74479,4.77215,6.98111,1.42168,30.86877,-0.09233,-30.48452
2020-06-08,4.9595,-2.83,3.25076,3.70868,4.8307,2.63145,0.53584,31.33576,-0.09031,-30.48452
2020-06-09,4.8216,-2.81,3.31673,3.71795,4.8201,0.03106,0.00634,31.03956,-0.09053,-30.48452
2020-06-10,4.8984,-2.83,3.31673,3.73122,4.79654,2.1013,0.4292,31.18176,-0.09076,-30.48452
2020-06-11,4.9722,-2.83,3.70844,3.65196,4.88639,1.7409,0.35607,31.21734,-0.09065,-30.48452
2020-06-12,4.975,-2.84,3.58602,3.65661,4.88786,1.76717,0.3615,30.64301,-0.09268,-30.48452
2020-06-15,5.0478,-2.82,3.53806,3.68185,4.86194,3.75148,0.76799,30.77928,-0.09162,-30.48452
2020-06-16,5.15321,-2.83,3.51661,3.7126,4.81954,6.69411,1.37105,30.83144,-0.09179,-30.48452
2020-06-17,5.2436,-2.83,3.51065,3.70647,4.83395,8.13435,1.66347,31.01998,-0.09123,-30.48452
2020-06-18,5.2279,-2.09,3.49469,3.72593,5.02706,3.91742,0.79922,30.96094,-0.0675,-30.48452
2020-06-19,5.3772,-2.1,3.55877,3.74218,5.00382,7.19664,1.46786,31.23823,-0.06723,-30.48452
2020-06-22,5.31,-2.09,3.45852,3.76306,4.99351,6.14524,1.25138,31.29748,-0.06678,-30.48452
2020-06-23,5.2519,-2.09,3.44585,3.75256,5.01987,4.51856,0.9191,31.26965,-0.06684,-30.48452
2020-06-24,5.151,-2.1,3.52164,3.6966,5.1043,0.91069,0.18511,31.52205,-0.06662,-30.48452
2020-06-25,5.3466,-2.09,3.47259,3.71479,5.08401,5.03608,1.02374,32.22512,-0.06486,-30.48452
2020-06-26,5.3595,-2.11,3.5476,3.71406,5.08338,5.28945,1.07422,32.05526,-0.06582,-30.48452
2020-06-29,5.4809,-2.11,3.45884,3.73074,5.06827,7.82698,1.58778,32.35213,-0.06522,-30.48452
2020-06-30,5.4021,-2.09,3.41543,3.71722,5.10608,5.63551,1.14052,32.45631,-0.06439,-30.48452
2020-07-01,5.4617,-2.11,3.35411,3.73838,5.07613,7.32101,1.47979,32.52403,-0.06488,-31.99431
2020-07-02,5.3162,-2.11,3.32071,3.76445,5.04685,5.1994,1.04874,32.79968,-0.06433,-31.99431
2020-07-03,5.3589,-2.11,3.32071,3.76445,5.0529,5.87961,1.1848,32.75023,-0.06443,-31.99431
2020-07-06,5.3114,-2.1,3.33006,3.76352,5.06421,4.76566,0.95908,32.70747,-0.06421,-31.99431
2020-07-07,5.3543,-2.1,3.38201,3.76306,5.06991,5.45772,1.09745,32.50682,-0.0646,-31.99431
2020-07-08,5.3778,-2.1,3.33506,3.76792,5.06906,5.91243,1.18748,32.50386,-0.06461,-31.99431
2020-07-09,5.3426,-2.12,3.37622,3.74597,5.10006,4.64599,0.9319,32.53709,-0.06516,-31.99431
2020-07-10,5.3378,-2.12,3.30652,3.76677,5.07493,5.05,1.0121,32.347,-0.06554,-31.99431
2020-07-13,5.3269,-2.11,3.47166,3.75467,5.1015,4.32343,0.86567,32.31553,-0.06529,-31.99431
2020-07-14,5.4015,-2.1,3.38507,3.75887,5.1041,5.6632,1.13337,32.30664,-0.065,-31.99431
2020-07-15,5.3668,-2.09,3.3236,3.77941,5.08432,5.4071,1.08147,32.33488,-0.06464,-31.99431
2020-07-16,5.36695,-2.14,3.3322,3.76977,5.08573,5.38213,1.07605,32.33497,-0.06618,-31.99431
2020-07-17,5.3307,-2.14,3.24571,3.76445,5.09773,4.46874,0.89281,32.21539,-0.06643,-31.99431
2020-07-20,5.3853,-2.12,3.19704,3.76769,5.10471,5.35091,1.06911,32.27918,-0.06568,-31.99431
2020-07-21,5.3277,-2.12,3.21246,3.79144,5.07664,4.82708,0.96434,31.90878,-0.06644,-31.99431
2020-07-22,5.1698,-2.12,3.1913,3.79076,5.08238,1.70546,0.34078,32.31933,-0.0656,-31.99431
2020-07-23,5.1181,-2.13,3.26117,3.76838,5.11454,0.06958,0.01393,32.32482,-0.06589,-31.99431
2020-07-24,5.2106,-2.14,3.25192,3.76908,5.11151,1.91992,0.38574,32.40477,-0.06604,-31.99431
2020-07-27,5.2291,-2.14,3.20842,3.77069,5.11152,2.27432,0.45853,31.96463,-0.06695,-31.99431
2020-07-28,5.14142,-2.14,3.23632,3.7663,5.12256,0.36749,0.07449,31.58253,-0.06776,-31.99431
2020-07-29,5.1523,-2.14,3.18221,3.77849,5.10581,0.90637,0.18473,31.05203,-0.06892,-31.99431
2020-07-30,5.1688,-2.16,3.20923,3.7598,5.12764,0.79943,0.16371,31.06302,-0.06954,-31.99431
2020-07-31,5.1539,-2.16,3.19704,3.76815,5.11792,0.70064,0.14445,30.96158,-0.06976,-31.99431
2020-08-03,5.2212,-2.15,3.18965,3.78759,5.09652,2.41699,0.50152,31.05105,-0.06924,-34.37525
2020-08-04,5.3187,-2.16,3.168,3.79391,5.08641,4.46559,0.93354,30.88047,-0.06995,-34.37525
2020-08-05,5.2902,-2.15,3.13506,3.81043,5.07051,4.24144,0.89072,30.59945,-0.07026,-34.37525
2020-08-06,5.2909,-1.9,3.12016,3.80866,5.18131,2.09305,0.4429,28.003,-0.06785,-34.37525
2020-08-07,5.3313,-1.9,3.10054,3.79324,5.20688,2.36151,0.50363,25.19658,-0.07541,-34.37525
2020-08-10,5.4372,-1.89,3.09693,3.80644,5.19609,4.53585,0.97451,25.41692,-0.07436,-34.37525
2020-08-11,5.4805,-1.89,3.1793,3.79549,5.2211,4.84877,1.04654,25.48172,-0.07417,-34.37525
2020-08-12,5.3804,-1.89,3.10369,3.81617,5.19377,3.53028,0.76538,25.60427,-0.07382,-34.37525
2020-08-13,5.435,-1.9,3.09693,3.80577,5.20923,4.24271,0.92618,25.64049,-0.0741,-34.37525
2020-08-14,5.367,-1.9,3.09331,3.80221,5.2199,2.77902,0.61224,25.34436,-0.07497,-34.37525
2020-08-17,5.4208,-1.9,3.06105,3.81485,5.20431,4.07573,0.9066,25.39791,-0.07481,-34.37525
2020-08-18,5.5083,-1.91,3.06852,3.81683,5.20259,5.70994,1.28413,25.5325,-0.07481,-34.37525
2020-08-19,5.4654,-1.89,3.11529,3.81485,5.22308,4.53493,1.02927,25.10744,-0.07528,-34.37525
2020-08-20,5.5564,-1.89,3.12325,3.80444,5.24441,5.77867,1.3236,25.31536,-0.07466,-34.37525
2020-08-21,5.5559,-1.9,3.11529,3.79211,5.26449,5.38771,1.24673,25.11548,-0.07565,-34.37525
2020-08-24,5.6186,-1.88,3.10772,3.80955,5.25344,6.7199,1.56939,24.91488,-0.07546,-34.37525
2020-08-25,5.6106,-1.89,3.09241,3.82559,5.23089,7.00761,1.64744,24.75139,-0.07636,-34.37525
2020-08-26,5.5074,-1.89,3.14716,3.82078,5.24773,4.82975,1.14265,24.58562,-0.07687,-34.37525
2020-08-27,5.6072,-1.89,3.19745,3.80866,5.27394,6.12744,1.46425,24.68849,-0.07655,-34.37525
2020-08-28,5.5687,-1.9,3.13375,3.80777,5.27279,5.46015,1.31611,24.71319,-0.07688,-34.37525
2020-08-31,5.39,-1.89,3.27374,3.81287,5.28387,1.98873,0.48335,24.76502,-0.07632,-34.37525
2020-09-01,5.4909,-1.88,3.2627,3.81947,5.2812,3.89385,0.9557,24.38372,-0.0771,-33.48756
2020-09-02,5.3973,-1.88,3.27978,3.79391,5.32557,1.3379,0.3323,24.57994,-0.07649,-33.48756
2020-09-03,5.3387,-1.89,3.51453,3.78578,5.35055,-0.2218,-0.05572,23.82271,-0.07934,-33.48756
2020-09-04,5.2899,-1.89,3.42589,3.75326,5.3966,-1.99701,-0.50659,23.16435,-0.08159,-33.48756
2020-09-07,5.301,-1.89,3.42589,3.75326,5.39539,-1.765,-0.45094,22.98116,-0.08224,-33.48756
2020-09-08,5.2983,-1.87,3.44872,3.68336,5.51762,-4.05613,-1.04264,22.81396,-0.08197,-33.48756
2020-09-09,5.3606,-1.88,3.36072,3.70844,5.46478,-1.92487,-0.49677,22.91346,-0.08205,-33.48756
2020-09-10,5.3085,-1.88,3.39148,3.69038,5.49472,-3.44789,-0.89292,22.85356,-0.08226,-33.48756
2020-09-11,5.3205,-1.89,3.29101,3.68462,5.49273,-3.18582,-0.82563,22.49689,-0.08401,-33.48756
2020-09-14,5.3162,-1.89,3.25231,3.67908,5.49918,-3.38407,-0.87777,22.23472,-0.085,-33.48756
2020-09-15,5.2683,-1.89,3.2422,3.70204,5.45951,-3.56515,-0.92603,22.30315,-0.08474,-33.48756
2020-09-16,5.2743,-1.88,3.25963,3.74289,5.39555,-2.2728,-0.5911,21.56511,-0.08718,-33.48756
2020-09-17,5.236,-1.91,3.27563,3.76815,5.33815,-1.93205,-0.50309,21.46854,-0.08897,-33.48756
2020-09-18,5.2378,-1.9,3.25154,3.76468,5.34737,-2.07038,-0.53955,21.35663,-0.08897,-33.48756
2020-09-21,5.3898,-1.9,3.32432,3.72425,5.41385,-0.44517,-0.11603,21.74285,-0.08739,-33.48756
2020-09-22,5.4126,-1.9,3.29064,3.73098,5.40221,0.19222,0.05015,20.45105,-0.0929,-33.48756
2020-09-23,5.4699,-1.89,3.35271,3.73218,5.40531,1.18791,0.31017,20.55105,-0.09197,-33.48756
2020-09-24,5.5924,-1.9,3.35025,3.73624,5.3942,3.60847,0.94222,20.54018,-0.0925,-33.48756
2020-09-25,5.5084,-1.9,3.27261,3.73576,5.39728,2.03787,0.53173,20.5597,-0.09241,-33.48756
2020-09-28,5.5611,-1.89,3.26538,3.74786,5.38311,3.25299,0.84902,20.53115,-0.09206,-33.48756
2020-09-29,5.6602,-1.91,3.26843,3.7143,5.43199,4.1154,1.07383,20.05616,-0.09523,-33.48756
2020-09-30,5.6305,-1.9,3.27223,3.71235,5.44267,3.39286,0.88432,20.04326,-0.09479,-33.48756
2020-10-01,5.6084,-1.91,3.28466,3.71186,5.44035,3.0422,0.7926,19.97013,-0.09564,-35.51895
2020-10-02,5.642,-1.91,3.3189,3.67046,5.51322,2.30898,0.60128,19.94414,-0.09577,-35.51895
2020-10-05,5.6816,-1.9,3.33077,3.72062,5.43265,4.48067,1.16682,19.96989,-0.09514,-35.51895
2020-10-06,5.5734,-1.9,3.38371,3.75303,5.37867,3.55646,0.92491,20.31907,-0.09351,-35.51895
2020-10-07,5.5938,-1.9,3.33435,3.73743,5.40825,3.3733,0.87655,20.32517,-0.09348,-35.51895
2020-10-08,5.6113,-1.91,3.27185,3.76908,5.35223,4.72683,1.22738,20.32264,-0.09398,-35.51895
2020-10-09,5.5986,-1.9,3.21888,3.75771,5.38002,3.98247,1.0327,20.15623,-0.09426,-35.51895
2020-10-12,5.529,-1.9,3.22167,3.73098,5.42776,1.84812,0.47874,20.27813,-0.0937,-35.51895
2020-10-13,5.5297,-1.89,3.26079,3.74833,5.40345,2.30958,0.59815,20.27806,-0.0932,-35.51895
2020-10-14,5.5685,-1.88,3.27336,3.76861,5.3749,3.53851,0.91611,20.26492,-0.09277,-35.51895
2020-10-15,5.5905,-1.89,3.29473,3.76491,5.37763,3.8821,1.00437,20.18427,-0.09364,-35.51895
2020-10-16,5.6112,-1.89,3.31091,3.75957,5.38852,4.04935,1.0466,20.06061,-0.09421,-35.51895
2020-10-19,5.6448,-1.89,3.37348,3.75232,5.40217,4.39341,1.13431,19.07449,-0.09909,-35.51895
2020-10-20,5.6056,-1.9,3.37929,3.76491,5.37804,4.14415,1.0686,19.00917,-0.09995,-35.51895
2020-10-21,5.6042,-1.9,3.35515,3.73122,5.4379,3.01236,0.77599,18.71444,-0.10153,-35.51895
2020-10-22,5.6078,-1.91,3.33613,3.74856,5.40497,3.6839,0.94912,18.70838,-0.10209,-35.51895
2020-10-23,5.5913,-1.9,3.316,3.73218,5.43981,2.74672,0.70746,18.36707,-0.10345,-35.51895
2020-10-26,5.6162,-1.89,3.48001,3.70031,5.50078,2.07662,0.53475,18.37701,-0.10285,-35.51895
2020-10-27,5.6227,-1.9,3.50706,3.71844,5.46606,2.82535,0.7282,18.37329,-0.10341,-35.51895
2020-10-28,5.7052,-1.9,3.69586,3.66663,5.55778,2.61793,0.67649,18.54105,-0.10248,-35.51895
2020-10-29,5.7449,-1.91,3.62674,3.62833,5.6201,2.19627,0.56727,18.42966,-0.10364,-35.51895
2020-10-30,5.7778,-1.91,3.63811,3.62327,5.63034,2.58534,0.6678,18.12558,-0.10538,-35.51895
2020-11-02,5.7414,-1.91,3.61443,3.66279,5.5633,3.1512,0.81389,18.14076,-0.10529,-33.03209
2020-11-03,5.7411,-1.9,3.57094,3.6816,5.53762,3.60865,0.93186,18.14128,-0.10473,-33.03209
2020-11-04,5.7549,-1.9,3.38676,3.71917,5.47273,5.02735,1.29716,18.09751,-0.10499,-33.03209
2020-11-05,5.663,-1.9,3.31709,3.71186,5.48598,3.17581,0.81823,18.02862,-0.10539,-33.03209
2020-11-06,5.5234,-1.9,3.21326,3.67503,5.54742,-0.43385,-0.11172,18.67686,-0.10173,-33.03209
2020-11-09,5.3627,-1.89,3.24843,3.74715,5.43168,-1.27818,-0.32923,19.24786,-0.09819,-33.03209
2020-11-10,5.3847,-1.9,3.21084,3.77529,5.37839,0.11717,0.03018,19.15643,-0.09918,-33.03209
2020-11-11,5.4139,-1.9,3.15487,3.77963,5.36987,0.81653,0.21032,19.01898,-0.0999,-33.03209
2020-11-12,5.39,-1.9,3.23278,3.77345,5.38225,0.14383,0.03705,18.93414,-0.10035,-33.03209
2020-11-13,5.4567,-1.91,3.13983,3.75607,5.40336,0.98224,0.25303,18.81998,-0.10149,-33.03209
2020-11-16,5.457,-1.91,3.11129,3.78009,5.36334,1.73128,0.44606,18.75534,-0.10184,-33.03209
2020-11-17,5.4149,-1.91,3.12281,3.77849,5.36686,0.89117,0.2296,18.51189,-0.10318,-33.03209
2020-11-18,5.3272,-1.91,3.17136,3.79189,5.34653,-0.36222,-0.09332,18.78339,-0.10169,-33.03209
2020-11-19,5.3617,-1.93,3.14027,3.78872,5.34005,0.40468,0.10433,18.6847,-0.10329,-33.03209
2020-11-20,5.3045,-1.93,3.16548,3.80577,5.31315,-0.16302,-0.04204,18.79078,-0.10271,-33.03209
2020-11-23,5.3781,-1.92,3.1206,3.82994,5.27745,1.88929,0.48789,18.66732,-0.10285,-33.03209
2020-11-24,5.4406,-1.91,3.07454,3.86828,5.22004,4.13849,1.0713,18.45436,-0.1035,-33.03209
2020-11-25,5.3726,-1.91,3.05636,3.88383,5.19568,3.34852,0.8705,18.56936,-0.10286,-33.03209
2020-11-26,5.3226,-1.91,3.05636,3.88383,5.1963,2.40155,0.62627,17.48893,-0.10921,-33.03209
2020-11-27,5.3353,-1.91,3.03687,3.87494,5.20901,2.39546,0.62555,17.07867,-0.11184,-33.03209
2020-11-30,5.3425,-1.92,3.02383,3.86262,5.222,2.28124,0.5968,16.73935,-0.1147,-33.03209
2020-12-01,5.3311,-1.91,3.03351,3.85904,5.23321,1.85319,0.48619,16.6016,-0.11505,-29.37329
2020-12-02,5.2049,-1.91,3.05259,3.8764,5.2087,-0.07303,-0.01921,17.18563,-0.11114,-29.37329
2020-12-03,5.2163,-1.92,3.05777,3.88588,5.18942,0.51661,0.13622,17.18615,-0.11172,-29.37329
2020-12-04,5.151,-1.91,3.03447,3.89691,5.17548,-0.47419,-0.12526,17.36255,-0.11001,-29.37329
2020-12-07,5.1544,-1.92,3.05871,3.88753,5.18624,-0.61576,-0.16323,17.18842,-0.1117,-29.37329
2020-12-08,5.0983,-1.91,3.02917,3.88855,5.18582,-1.70201,-0.45282,17.21545,-0.11095,-29.37329
2020-12-09,5.1197,-1.92,3.10324,3.88896,5.18739,-1.31352,-0.35186,17.23299,-0.11141,-29.37329
2020-12-10,5.1697,-1.92,3.1144,3.91701,5.14695,0.44106,0.11859,17.35626,-0.11062,-29.37329
2020-12-11,5.0242,-1.92,3.14888,3.91142,5.15959,-2.65904,-0.71716,18.16833,-0.10568,-29.37329
2020-12-14,5.0642,-1.91,3.20761,3.91781,5.16158,-1.90475,-0.51534,18.24767,-0.10467,-29.37329
2020-12-15,5.1177,-1.92,3.1307,3.92711,5.13286,-0.29576,-0.08027,18.3313,-0.10474,-29.37329
2020-12-16,5.07888,-1.91,3.11352,3.93339,5.12633,-0.92976,-0.25388,18.38783,-0.10387,-29.37329
2020-12-17,5.0832,-1.92,3.08786,3.94158,5.10614,-0.45025,-0.12342,17.41491,-0.11025,-29.37329
2020-12-18,5.0569,-1.92,3.0713,3.95623,5.08301,-0.51501,-0.1416,17.40346,-0.11032,-29.37329
2020-12-21,5.1006,-1.91,3.22526,3.93006,5.14545,-0.87551,-0.24132,17.35543,-0.11005,-29.37329
2020-12-22,5.11894,-1.91,3.18759,3.91362,5.1637,-0.87072,-0.24036,16.73021,-0.11416,-29.37329
2020-12-23,5.15665,-1.91,3.14888,3.93574,5.1265,0.58659,0.16217,16.58374,-0.11517,-29.37329
2020-12-24,5.2153,-1.91,3.06945,3.9375,5.11349,1.97152,0.54639,16.6338,-0.11483,-29.37329
2020-12-25,5.2153,-1.91,3.06945,3.9375,5.11422,1.95718,0.54289,16.19684,-0.11792,-29.37329
2020-12-28,5.2153,-1.89,3.07731,3.92908,5.13746,1.50378,0.41775,16.17871,-0.11682,-29.37329
2020-12-29,5.2459,-1.9,3.13897,3.93359,5.13584,2.12031,0.58977,16.23016,-0.11707,-29.37329
2020-12-30,5.2086,-1.92,3.12544,3.93847,5.1183,1.74894,0.48751,16.211,-0.11844,-29.37329
2020-12-31,5.19084,-1.91,3.12457,3.94739,5.1113,1.54408,0.43127,16.12882,-0.11842,-29.37329
2021-01-01,5.1921,-1.91,3.12457,3.94739,5.11197,1.55534,0.4356,15.72068,-0.1215,-31.93244
2021-01-04,5.1919,-1.91,3.29473,3.93359,5.15848,0.6458,0.18148,15.69238,-0.12172,-31.93244
2021-01-05,5.2953,-1.91,3.23238,3.98155,5.08229,4.10576,1.15913,16.21972,-0.11776,-31.93244
2021-01-06,5.2841,-1.91,3.22167,3.99452,5.06507,4.23344,1.19843,16.21924,-0.11776,-31.93244
2021-01-07,5.3129,-1.91,3.10772,3.996,5.04688,5.13672,1.45793,16.09457,-0.11867,-31.93244
2021-01-08,5.4088,-1.92,3.07084,4.02517,4.9991,7.87686,2.23909,16.51522,-0.11626,-31.93244
2021-01-11,5.41219,-1.92,3.18138,4.01926,5.02893,7.34472,2.08502,16.44912,-0.11672,-31.93244
2021-01-12,5.4877,-1.91,3.14974,4.03566,5.01052,9.09691,2.57866,16.67469,-0.11454,-31.93244
2021-01-13,5.3214,-1.91,3.10054,4.02642,5.01891,5.85245,1.65301,17.73098,-0.10772,-31.93244
2021-01-14,5.2975,-1.91,3.14631,4.03282,5.02152,5.35031,1.50975,17.69111,-0.10796,-31.93244
2021-01-15,5.1958,-1.91,3.19212,4.00915,5.06386,2.57209,0.72599,18.03212,-0.10592,-31.93244
2021-01-18,5.2913,-1.91,3.19212,4.00915,5.06547,4.36178,1.23215,18.44523,-0.10355,-31.93244
2021-01-19,5.2948,-1.91,3.14587,4.02356,5.04035,4.92498,1.39091,18.4453,-0.10355,-31.93244
2021-01-20,5.3567,-1.92,3.07177,4.02678,5.01971,6.49767,1.83691,18.6094,-0.10317,-31.93244
2021-01-21,5.2905,-1.91,3.05965,4.02714,5.02446,5.15943,1.45546,18.72632,-0.102,-31.93244
2021-01-22,5.3495,-1.92,3.08694,4.01476,5.04308,5.89858,1.66228,18.8765,-0.10171,-31.93244
2021-01-25,5.4655,-1.91,3.14372,4.02321,5.05113,7.8843,2.2183,19.15243,-0.09973,-31.93244
2021-01-26,5.4655,-1.93,3.13636,4.02374,5.04316,8.04225,2.25286,19.09047,-0.1011,-31.93244
2021-01-27,5.3538,-1.92,3.61658,4.02195,5.15644,3.75602,1.04848,19.45012,-0.09871,-31.93244
2021-01-28,5.4126,-1.93,3.40817,4.01692,5.11789,5.59868,1.56317,19.57133,-0.09861,-31.93244
2021-01-29,5.43799,-1.94,3.49923,4.02321,5.13122,5.80661,1.61893,19.60287,-0.09897,-31.93244
2021-02-01,5.4608,-1.93,3.40917,4.03158,5.1113,6.61413,1.84197,19.61819,-0.09838,-32.1641
2021-02-02,5.4305,-1.93,3.24103,4.05109,5.05269,7.21098,2.00353,19.39691,-0.0995,-32.1641
2021-02-03,5.3669,-1.96,3.13157,4.06834,4.99557,7.1699,1.98755,18.89867,-0.10371,-32.1641
2021-02-04,5.352,-1.96,3.08053,4.07482,4.97899,7.2243,1.99643,17.96025,-0.10913,-32.1641
2021-02-05,5.4257,-1.97,3.03831,4.08328,4.95733,9.02798,2.48756,18.15096,-0.10853,-32.1641
2021-02-08,5.3692,-1.95,3.05589,4.10363,4.95204,8.08789,2.21564,18.24048,-0.10691,-32.1641
2021-02-09,5.3643,-1.96,3.07408,4.11235,4.94609,8.11682,2.2131,18.2204,-0.10757,-32.1641
2021-02-10,5.3767,-1.95,3.09059,4.11855,4.95246,8.21913,2.23078,18.05341,-0.10801,-32.1641
2021-02-11,5.3849,-1.95,3.05636,4.11317,4.95369,8.34653,2.25446,18.05676,-0.10799,-32.1641
2021-02-12,5.3654,-1.96,2.99423,4.13405,4.9131,8.80652,2.36705,18.00565,-0.10885,-32.1641
2021-02-15,5.3686,-1.96,2.99423,4.13405,4.91716,8.78364,2.34817,17.70301,-0.11072,-32.1641
2021-02-16,5.368,-1.96,3.06619,4.14867,4.9254,8.60491,2.28794,17.65619,-0.11101,-32.1641
2021-02-17,5.3694,-1.96,3.06805,4.16418,4.91416,8.85947,2.34366,17.52066,-0.11187,-32.1641
2021-02-18,5.4098,-1.97,3.11307,4.15779,4.93443,9.19743,2.42057,17.36701,-0.11343,-32.1641
2021-02-19,5.4258,-1.96,3.09331,4.14171,4.95619,9.05272,2.36951,17.22088,-0.11382,-32.1641
2021-02-22,5.3807,-1.97,3.15487,4.17807,4.93747,8.59658,2.23875,17.1162,-0.1151,-32.1641
2021-02-23,5.4634,-1.96,3.14027,4.18006,4.94276,10.0148,2.59725,17.27508,-0.11346,-32.1641
2021-02-24,5.4396,-1.97,3.06058,4.20529,4.89443,10.56067,2.7208,17.29654,-0.1139,-32.1641
2021-02-25,5.40296,-1.96,3.3635,4.2029,5.00856,7.5799,1.93881,17.3526,-0.11295,-32.1641
2021-02-26,5.52803,-1.96,3.33042,4.19162,5.01814,9.67712,2.46623,17.92883,-0.10932,-32.1641
2021-03-01,5.5976,-1.95,3.1506,4.15403,5.00591,11.17191,2.8321,17.37552,-0.11223,-33.61674
2021-03-02,5.6407,-1.96,3.18221,4.13836,5.0343,11.37337,2.86105,17.4233,-0.11249,-33.61674
2021-03-03,5.6751,-1.95,3.28354,4.15998,5.06428,11.38772,2.84268,17.21957,-0.11324,-33.61674
2021-03-04,5.6175,-1.96,3.35236,4.2008,5.05818,10.4879,2.59757,17.37837,-0.11278,-33.61674
2021-03-05,5.6683,-1.96,3.20518,4.23931,4.97684,13.00935,3.20104,17.26161,-0.11355,-33.61674
2021-03-08,5.6895,-1.95,3.2375,4.22303,5.02149,12.4895,3.04279,17.25916,-0.11298,-33.61674
2021-03-09,5.8746,-1.95,3.1793,4.21242,5.01723,15.77596,3.80929,18.2303,-0.10696,-33.61674
2021-03-10,5.8015,-1.96,3.11618,4.21804,4.99172,15.03363,3.57982,17.4006,-0.11264,-33.61674
2021-03-11,5.6711,-1.96,3.08694,4.2432,4.96849,13.22663,3.11046,18.06421,-0.1085,-33.61674
2021-03-12,5.5348,-1.96,3.02965,4.23729,4.9558,11.04975,2.57422,18.71328,-0.10474,-33.61674
2021-03-15,5.49516,-1.96,2.99723,4.23237,4.95095,10.4287,2.4138,18.7053,-0.10478,-33.61674
2021-03-16,5.6145,-1.98,2.98518,4.22523,4.94589,12.6796,2.91862,19.13765,-0.10346,-33.61674
2021-03-17,5.6234,-1.98,2.95647,4.21951,4.94261,12.90425,2.94648,19.08821,-0.10373,-33.61674
2021-03-18,5.5831,-2.74,3.07177,4.14757,4.67275,17.79969,4.03092,19.11691,-0.14333,-33.61674
2021-03-19,5.5587,-2.74,3.04214,4.16713,4.6509,17.8303,3.97569,19.14683,-0.1431,-33.61674
2021-03-22,5.49356,-2.72,2.9381,4.16852,4.61578,17.40972,3.8257,19.28356,-0.14105,-33.61674
2021-03-23,5.5055,-2.74,3.01062,4.10743,4.68301,16.18057,3.50754,19.17138,-0.14292,-33.61674
2021-03-24,5.5204,-2.73,3.054,4.16527,4.67451,16.6325,3.56485,19.17408,-0.14238,-33.61674
2021-03-25,5.6196,-2.73,2.98619,4.12633,4.66987,18.51294,3.92175,19.46861,-0.14023,-33.61674
2021-03-26,5.6484,-2.73,2.93704,4.16775,4.62344,20.02325,4.17996,19.46197,-0.14027,-33.61674
2021-03-29,5.7524,-2.72,3.03206,4.17408,4.67542,20.72991,4.25837,19.68228,-0.1382,-33.61674
2021-03-30,5.7808,-2.73,2.97604,4.16107,4.65506,21.65882,4.37405,19.66698,-0.13881,-33.61674
2021-03-31,5.7716,-2.72,2.96527,4.15167,4.66428,21.30158,4.22364,19.67596,-0.13824,-33.61674
2021-04-01,5.6313,-2.73,2.85244,4.17223,4.59329,20.37442,3.97169,20.36476,-0.13406,-32.3216
2021-04-02,5.7074,-2.73,2.85244,4.17223,4.59685,21.63917,4.15371,20.17115,-0.13534,-32.3216
2021-04-05,5.7106,-2.72,2.88536,4.12955,4.64569,20.6385,3.89536,20.16042,-0.13492,-32.3216
2021-04-06,5.6627,-2.73,2.89702,4.139,4.64466,19.81836,3.68702,20.23338,-0.13493,-32.3216
2021-04-07,5.5932,-2.73,2.84258,4.14567,4.61563,19.21035,3.52654,20.11164,-0.13574,-32.3216
2021-04-08,5.6121,-2.74,2.83027,4.1463,4.60721,19.73027,3.57806,20.11967,-0.13619,-32.3216
2021-04-09,5.5666,-2.73,2.81481,4.14234,4.60936,18.86948,3.37927,20.01022,-0.13643,-32.3216
2021-04-12,5.6793,-2.73,2.82791,4.14757,4.61701,20.70811,3.66756,19.3816,-0.14086,-32.3216
2021-04-13,5.7322,-2.72,2.81241,4.15371,4.61409,21.69855,3.79249,19.41745,-0.14008,-32.3216
2021-04-14,5.7163,-2.73,2.83262,4.1984,4.60219,21.67888,3.73637,18.97921,-0.14384,-32.3216
2021-04-15,5.6529,-2.73,2.80759,4.2038,4.59078,20.81195,3.53812,18.83731,-0.14493,-32.3216
2021-04-16,5.615,-2.73,2.78809,4.20125,4.58569,20.25018,3.40056,18.90135,-0.14443,-32.3216
2021-04-19,5.5858,-2.73,2.85013,4.20544,4.62044,18.9737,3.15071,18.81403,-0.1451,-32.3216
2021-04-20,5.5453,-2.72,2.92745,4.19825,4.67404,17.09267,2.81149,18.69596,-0.14549,-32.3216
2021-04-21,5.5679,-2.72,2.8622,4.1793,4.65012,18.01252,2.9411,18.5905,-0.14631,-32.3216
2021-04-22,5.5679,-2.72,2.92906,4.18052,4.68888,17.18244,2.78358,18.10282,-0.15025,-32.3216
2021-04-23,5.4432,-2.72,2.85244,4.19132,4.64548,15.8473,2.54793,18.67557,-0.14564,-32.3216
2021-04-26,5.4772,-2.72,2.87017,4.18434,4.66097,16.13697,2.57844,18.24002,-0.14912,-32.3216
2021-04-27,5.4353,-2.74,2.86562,4.196,4.64637,15.68282,2.48982,18.18157,-0.1507,-32.3216
2021-04-28,5.451,-2.74,2.84955,4.20871,4.6353,16.20989,2.55794,18.1666,-0.15083,-32.3216
2021-04-29,5.3414,-2.74,2.86847,4.22771,4.64182,14.03813,2.20098,18.59488,-0.14735,-32.3216
2021-04-30,5.3364,-2.74,2.9237,4.20842,4.68428,13.03389,2.03377,18.56516,-0.14759,-32.3216
2021-05-03,5.4397,-2.71,2.90745,4.21302,4.69236,14.77888,2.29674,18.81608,-0.14403,-28.94302
2021-05-04,5.4381,-2.73,2.96939,4.23237,4.71566,14.25398,2.20423,18.80657,-0.14516,-28.94302
2021-05-05,5.4426,-2.73,2.9523,4.23353,4.71069,14.44228,2.22316,18.60834,-0.14671,-28.94302
2021-05-06,5.3527,-3.48,2.91181,4.22083,4.32792,21.25148,3.25629,18.79074,-0.1852,-28.94302
2021-05-07,5.27343,-3.48,2.81481,4.22362,4.28046,20.86216,3.16394,19.02429,-0.18292,-28.94302
2021-05-10,5.2355,-3.48,2.97859,4.2242,4.37876,17.86974,2.68383,19.06716,-0.18251,-28.94302
2021-05-11,5.2222,-3.49,3.08374,4.22756,4.44252,16.16969,2.41163,19.06764,-0.18303,-28.94302
2021-05-12,5.2212,-3.48,3.31745,4.23873,4.59777,12.71548,1.88582,19.05701,-0.18261,-28.94302
2021-05-13,5.3031,-3.48,3.14113,4.20544,4.50751,16.25465,2.40275,19.32312,-0.1801,-28.94302
2021-05-14,5.3077,-3.49,2.93439,4.22989,4.37682,19.28355,2.83457,19.32429,-0.1806,-28.94302
2021-05-17,5.2695,-3.48,2.98163,4.24075,4.41671,17.65412,2.57481,19.37526,-0.17961,-28.94302
2021-05-18,5.2715,-3.48,3.06058,4.22989,4.47772,16.31999,2.36484,19.31108,-0.18021,-28.94302
2021-05-19,5.2595,-3.49,3.09919,4.19961,4.51182,15.33343,2.20976,19.30238,-0.18081,-28.94302
2021-05-20,5.308,-3.49,3.02868,4.17608,4.47434,17.08572,2.45051,19.33082,-0.18054,-28.94302
2021-05-21,5.2813,-3.49,3.0032,4.1963,4.4608,16.88453,2.40744,19.09545,-0.18277,-28.94302
2021-05-24,5.3618,-3.48,2.91235,4.22625,4.40614,19.63004,2.78313,19.33314,-0.18,-28.94302
2021-05-25,5.3185,-3.48,2.93598,4.22902,4.42922,18.29673,2.57467,19.35355,-0.17981,-28.94302
2021-05-26,5.3307,-3.48,2.85417,4.23222,4.37877,19.67136,2.75069,18.78292,-0.18527,-28.94302
2021-05-27,5.3105,-3.48,2.8178,4.24075,4.35927,19.73809,2.74006,18.60349,-0.18706,-28.94302
2021-05-28,5.2382,-3.49,2.819,4.2432,4.36188,18.30746,2.52314,18.6973,-0.18666,-28.94302
2021-05-31,5.238,-3.49,2.819,4.2432,4.3678,18.16813,2.48863,18.64076,-0.18722,-28.94302
2021-06-01,5.2166,-3.48,2.8848,4.25206,4.4252,16.45303,2.24011,18.5617,-0.18748,-24.43748
2021-06-02,5.1497,-3.48,2.86106,4.2676,4.41344,15.42839,2.09024,18.59062,-0.18719,-24.43748
2021-06-03,5.0745,-3.48,2.89259,4.26704,4.44206,13.31108,1.79562,18.74399,-0.18566,-24.43748
2021-06-04,5.0763,-3.48,2.7985,4.27514,4.37738,14.81333,1.99194,17.44595,-0.19947,-24.43748
2021-06-07,5.0446,-3.48,2.7985,4.26956,4.38234,14.07349,1.8853,17.34178,-0.20067,-24.43748
2021-06-08,5.0452,-3.48,2.83732,4.27972,4.41684,13.30129,1.776,16.83798,-0.20668,-24.43748
2021-06-09,5.0349,-3.47,2.88424,4.27972,4.46226,12.07377,1.60762,16.20723,-0.2141,-24.43748
2021-06-10,5.0615,-3.47,2.77882,4.28386,4.38755,14.28927,1.89798,16.2211,-0.21392,-24.43748
2021-06-11,5.0545,-3.47,2.75047,4.2862,4.37158,14.51545,1.92159,15.54592,-0.22321,-24.43748
2021-06-14,5.117,-3.47,2.79667,4.28854,4.41173,14.83016,1.95631,15.78257,-0.21986,-24.43748
2021-06-15,5.0586,-3.47,2.83439,4.30393,4.44782,12.86746,1.69142,15.86848,-0.21867,-24.43748
2021-06-16,5.0438,-3.46,2.89867,4.30932,4.50833,11.22338,1.47144,15.86068,-0.21815,-24.43748
2021-06-17,5.0543,-4.21,2.87639,4.29155,4.18623,18.84386,2.46612,15.73864,-0.26749,-24.43748
2021-06-18,5.0074,-4.2,3.03013,4.29742,4.31874,14.79528,1.92515,15.80268,-0.26578,-24.43748
2021-06-21,5.096,-4.2,2.88424,4.31615,4.22318,18.7867,2.43717,16.2359,-0.25869,-24.43748
2021-06-22,5.0131,-4.21,2.81301,4.31495,4.17795,18.22327,2.35121,16.04242,-0.26243,-24.43748
2021-06-23,4.9571,-4.2,2.79239,4.32002,4.17794,17.1002,2.19481,16.08867,-0.26105,-24.43748
2021-06-24,4.9652,-4.2,2.77071,4.32493,4.17195,17.40708,2.22385,15.57073,-0.26974,-24.43748
2021-06-25,4.9127,-4.19,2.74855,4.3331,4.17037,16.38179,2.08314,15.58668,-0.26882,-24.43748
2021-06-28,4.9154,-4.2,2.75748,4.31321,4.17897,16.23078,2.05544,15.59809,-0.26926,-24.43748
2021-06-29,4.9248,-4.21,2.77384,4.31428,4.19776,15.9732,2.015,14.96246,-0.28137,-24.43748
2021-06-30,4.9551,-4.2,2.76191,4.31922,4.20337,16.453,2.06826,14.72364,-0.28526,-24.43748
2021-07-01,4.9692,-4.2,2.73955,4.32863,4.19982,16.82169,2.10799,14.74834,-0.28478,-24.52877
2021-07-02,5.0451,-4.2,2.71271,4.33297,4.19261,18.50949,2.31608,15.09446,-0.27825,-24.52877
2021-07-05,5.0592,-4.2,2.71271,4.33297,4.20614,18.46635,2.30454,14.96892,-0.28058,-24.52877
2021-07-06,5.08846,-4.2,2.79972,4.3112,4.28734,17.1308,2.13755,15.0088,-0.27984,-24.52877
2021-07-07,5.1953,-4.2,2.78501,4.29633,4.28378,19.29178,2.40192,15.59602,-0.2693,-24.52877
2021-07-08,5.2312,-4.19,2.94444,4.30569,4.43923,16.41594,2.03648,15.08478,-0.27776,-24.52877
2021-07-09,5.258,-4.19,2.78378,4.32479,4.31954,19.66026,2.43197,14.98885,-0.27954,-24.52877
2021-07-12,5.2579,-4.2,2.78316,4.31962,4.32771,19.46931,2.39925,14.98848,-0.28022,-24.52877
2021-07-13,5.1727,-4.2,2.84025,4.33716,4.39924,16.19628,1.99088,15.16147,-0.27702,-24.52877
2021-07-14,5.1624,-4.19,2.793,4.31428,4.36487,16.7813,2.05799,15.1235,-0.27705,-24.52877
2021-07-15,5.0699,-4.2,2.8338,4.29688,4.40582,14.03941,1.72046,15.47256,-0.27145,-24.52877
2021-07-16,5.11,-4.2,2.91506,4.29851,4.4928,12.87225,1.5761,15.54083,-0.27026,-24.52877
2021-07-19,5.1154,-4.2,3.11352,4.22858,4.66205,9.27994,1.13531,15.51022,-0.27079,-24.52877
2021-07-20,5.2509,-4.2,2.98214,4.23917,4.54989,14.32959,1.75299,16.45498,-0.25524,-24.52877
2021-07-21,5.2199,-4.2,2.88536,4.27986,4.48706,15.12809,1.84696,15.88782,-0.26435,-24.52877
2021-07-22,5.1873,-4.2,2.873,4.30122,4.49506,14.32354,1.74415,15.86399,-0.26475,-24.52877
2021-07-23,5.1996,-4.2,2.84491,4.30542,4.48078,14.87855,1.80857,15.81573,-0.26556,-24.52877
2021-07-26,5.1979,-4.2,2.86676,4.3108,4.51634,14.05525,1.70643,15.79915,-0.26584,-24.52877
2021-07-27,5.1754,-4.2,2.96321,4.31053,4.62194,11.31011,1.37123,15.31095,-0.27431,-24.52877
2021-07-28,5.1691,-4.2,2.90745,4.31402,4.57971,12.10639,1.46747,15.31138,-0.27431,-24.52877
2021-07-29,5.1148,-4.19,2.87356,4.33139,4.56901,11.28422,1.36719,14.90764,-0.28106,-24.52877
2021-07-30,5.0804,-4.19,2.90362,4.33507,4.61046,9.7063,1.17499,14.95144,-0.28024,-24.52877
2021-08-02,5.2087,-4.2,2.96836,4.28895,4.65752,11.18472,1.35388,15.82851,-0.26534,-25.06577
2021-08-03,5.1746,-4.2,2.89259,4.28234,4.58654,12.06371,1.45986,15.5411,-0.27025,-25.06577
2021-08-04,5.1968,-4.2,2.8887,4.25391,4.57589,12.72427,1.53865,15.29129,-0.27467,-25.06577
2021-08-05,5.1682,-5.2,2.84955,4.26676,4.29137,18.59184,2.24496,15.26347,-0.34068,-25.06577
2021-08-06,5.2452,-5.19,2.78192,4.25845,4.24509,21.15496,2.54462,15.54656,-0.33384,-25.06577
2021-08-09,5.232,-5.19,2.81661,4.23469,4.28618,19.93968,2.38492,15.55513,-0.33365,-25.06577
2021-08-10,5.2318,-5.2,2.82078,4.25745,4.32115,19.12329,2.27708,15.23156,-0.3414,-25.06577
2021-08-11,5.1883,-5.2,2.78316,4.26886,4.31084,18.5273,2.19696,15.31625,-0.33951,-25.06577
2021-08-12,5.2182,-5.19,2.74663,4.26704,4.29525,19.4643,2.29898,15.29971,-0.33922,-25.06577
2021-08-13,5.2522,-5.19,2.73761,4.25689,4.29967,20.01083,2.3531,15.35717,-0.33795,-25.06577
2021-08-16,5.2475,-5.19,2.78006,4.24147,4.35088,18.73728,2.19292,15.35153,-0.33808,-25.06577
2021-08-17,5.2597,-5.18,2.88536,4.23454,4.47207,16.22227,1.89222,15.24511,-0.33978,-25.06577
2021-08-18,5.2943,-5.18,3.0713,4.22288,4.67235,12.49689,1.45421,15.27015,-0.33922,-25.06577
2021-08-19,5.3786,-5.19,3.07593,4.19645,4.67352,14.05162,1.63322,15.29761,-0.33927,-25.06577
2021-08-20,5.4141,-5.2,2.92101,4.17715,4.5145,18.17112,2.10937,15.26123,-0.34073,-25.06577
2021-08-23,5.379,-5.2,2.842,4.23048,4.48454,18.18656,2.10512,15.31547,-0.33953,-25.06577
2021-08-24,5.3799,-5.2,2.84607,4.26338,4.52623,17.27802,1.99439,15.29453,-0.33999,-25.06577
2021-08-25,5.2458,-5.19,2.82078,4.28013,4.53034,14.66303,1.68987,15.88363,-0.32675,-25.06577
2021-08-26,5.211,-5.2,2.93598,4.26367,4.65203,11.34671,1.30634,15.93971,-0.32623,-25.06577
2021-08-27,5.2516,-5.2,2.79667,4.28634,4.53534,14.66322,1.68861,15.99468,-0.32511,-25.06577
2021-08-30,5.2028,-5.2,2.78439,4.29606,4.54432,13.53181,1.55743,15.8922,-0.3272,-25.06577
2021-08-31,5.1829,-5.21,2.80215,4.29032,4.57091,12.56523,1.44554,15.62507,-0.33344,-25.06577
2021-09-01,5.1493,-5.2,2.77944,4.27096,4.55041,12.36434,1.42354,15.68483,-0.33153,-24.36699
2021-09-02,5.1846,-5.2,2.79789,4.29087,4.59675,12.03438,1.38792,15.68324,-0.33156,-24.36699
2021-09-03,5.1818,-5.2,2.79789,4.2851,4.60685,11.76084,1.35823,15.68433,-0.33154,-24.36699
2021-09-06,5.1898,-5.2,2.79789,4.2851,4.61985,11.6332,1.34477,15.6778,-0.33168,-24.36699
2021-09-07,5.1693,-5.2,2.89812,4.27235,4.73008,8.87953,1.02834,15.67187,-0.3318,-24.36699
2021-09-08,5.1696,-5.2,2.88815,4.28496,4.74091,8.65664,1.00588,15.66809,-0.33188,-24.36699
2021-09-09,5.3206,-5.21,2.93386,4.269,4.78936,10.51892,1.22561,16.50414,-0.31568,-24.36699
2021-09-10,5.1965,-5.2,3.04214,4.28936,4.93714,5.11992,0.59751,17.03485,-0.30526,-24.36699
2021-09-13,5.247,-5.19,2.96373,4.29742,4.86518,7.55527,0.8834,17.12013,-0.30315,-24.36699
2021-09-14,5.2132,-5.21,2.96836,4.29865,4.87695,6.66734,0.78031,17.17583,-0.30333,-24.36699
2021-09-15,5.2389,-5.21,2.90032,4.3236,4.82764,8.17539,0.9573,17.08098,-0.30502,-24.36699
2021-09-16,5.2217,-5.21,2.92799,4.32638,4.86762,7.0218,0.82224,16.75204,-0.31101,-24.36699
2021-09-17,5.2568,-5.21,3.03543,4.32201,4.98997,5.20925,0.61032,16.44538,-0.31681,-24.36699
2021-09-20,5.2897,-5.21,3.24688,4.30298,5.22195,1.28913,0.15118,16.29836,-0.31966,-24.36699
2021-09-21,5.3232,-5.22,3.19294,4.30892,5.16482,3.02041,0.35474,16.33223,-0.31961,-24.36699
2021-09-22,5.2689,-5.22,3.03831,4.33323,5.01356,4.96756,0.58437,16.3214,-0.31983,-24.36699
2021-09-23,5.2877,-6.22,2.92477,4.34705,4.79126,9.85906,1.16175,16.3283,-0.38093,-24.36699
2021-09-24,5.3019,-6.22,2.87639,4.35786,4.76417,10.69414,1.26147,16.33047,-0.38088,-24.36699
2021-09-27,5.337,-6.21,2.93173,4.37613,4.8516,9.53552,1.12508,16.33648,-0.38013,-24.36699
2021-09-28,5.3904,-6.21,3.14631,4.37059,5.09291,5.67706,0.6706,16.42762,-0.37802,-24.36699
2021-09-29,5.4276,-6.21,3.11618,4.36488,5.06598,6.89487,0.81623,16.22573,-0.38273,-24.36699
2021-09-30,5.4143,-6.21,3.14156,4.36335,5.1029,5.92347,0.70219,16.2382,-0.38243,-24.36699
2021-10-01,5.4417,-6.21,3.04927,4.37299,5.01886,8.0889,0.9613,16.2304,-0.38262,-27.07918
2021-10-04,5.3679,-6.21,3.13375,4.39765,5.13671,4.40235,0.52391,15.98973,-0.38837,-27.07918
2021-10-05,5.4532,-6.21,3.05871,4.41353,5.07369,7.21348,0.86081,16.23027,-0.38262,-27.07918
2021-10-06,5.4755,-6.21,3.04452,4.39544,5.05599,7.97098,0.95351,16.2201,-0.38286,-27.07918
2021-10-07,5.4919,-6.2,2.97246,4.40611,4.99954,9.39282,1.12593,16.22627,-0.3821,-27.07918
2021-10-08,5.517,-6.2,2.93226,4.41146,4.97357,10.36959,1.24432,15.86925,-0.39069,-27.07918
2021-10-11,5.5069,-6.2,2.99573,4.42664,5.06007,8.46219,1.01576,15.86805,-0.39072,-27.07918
2021-10-12,5.536,-6.19,2.9882,4.42389,5.06122,8.9665,1.07728,15.4058,-0.4018,-27.07918
2021-10-13,5.5315,-6.2,2.92531,4.42101,5.00539,9.99446,1.20161,15.35514,-0.40377,-27.07918
2021-10-14,5.5125,-6.2,2.82494,4.43082,4.92421,11.28535,1.3575,15.38386,-0.40302,-27.07918
2021-10-15,5.5122,-6.2,2.79117,4.441,4.91081,11.55259,1.3899,14.52469,-0.42686,-27.07918
2021-10-18,5.4584,-6.19,2.79178,4.43474,4.92065,10.37148,1.24721,14.61798,-0.42345,-27.07918
2021-10-19,5.5113,-6.2,2.75366,4.44359,4.90103,11.73544,1.41135,14.65574,-0.42304,-27.07918
2021-10-20,5.5833,-6.2,2.74019,4.45225,4.90662,12.91942,1.55317,14.84951,-0.41752,-27.07918
2021-10-21,5.5963,-6.19,2.70872,4.43805,4.88352,13.62393,1.6371,14.8484,-0.41688,-27.07918
2021-10-22,5.6578,-6.19,2.73631,4.44887,4.93021,13.76545,1.65342,14.93185,-0.41455,-27.07918
2021-10-25,5.6492,-6.19,2.72392,4.45423,4.93667,13.4822,1.61808,14.93415,-0.41449,-27.07918
2021-10-26,5.5544,-6.19,2.77134,4.45899,4.99599,10.59543,1.27053,15.19342,-0.40741,-27.07918
2021-10-27,5.5648,-6.19,2.83204,4.4377,5.04838,9.7394,1.16769,15.10518,-0.40979,-27.07918
2021-10-28,5.535,-7.69,2.80518,4.43462,4.97244,10.71812,1.28526,14.38837,-0.53446,-27.07918
2021-10-29,5.6449,-7.7,2.78871,4.43533,4.97732,12.58612,1.50891,14.78117,-0.52093,-27.07918
2021-11-01,5.6337,-7.7,2.79789,4.43923,5.00981,11.73686,1.40722,14.78433,-0.52082,-26.32008
2021-11-02,5.6789,-7.7,2.77446,4.43935,5.01076,12.51691,1.50224,14.77867,-0.52102,-26.32008
2021-11-03,5.6786,-7.7,2.71469,4.4066,4.96538,13.42148,1.61309,14.53211,-0.52986,-26.32008
2021-11-04,5.5524,-7.71,2.73696,4.38875,4.99787,10.52189,1.26582,15.27224,-0.50484,-26.32008
2021-11-05,5.6017,-7.7,2.80215,4.4157,5.08409,9.69532,1.16858,15.35205,-0.50156,-26.32008
2021-11-08,5.5411,-7.69,2.84607,4.42401,5.1406,7.50241,0.90612,15.42335,-0.49859,-26.32008
2021-11-09,5.5431,-7.71,2.87807,4.44006,5.18794,6.62168,0.80348,15.39419,-0.50084,-26.32008
2021-11-10,5.4791,-7.7,2.93013,4.41449,5.22816,4.6881,0.57145,15.55468,-0.49503,-26.32008
2021-11-11,5.4899,-7.7,2.8713,4.41727,5.19178,5.58338,0.68365,15.5535,-0.49507,-26.32008
2021-11-12,5.398,-7.7,2.79055,4.40879,5.1334,5.02611,0.61802,15.94229,-0.48299,-26.32008
2021-11-15,5.4576,-7.7,2.80275,4.40733,5.15014,5.79858,0.716,16.03587,-0.48017,-26.32008
2021-11-16,5.4563,-7.7,2.79545,4.41195,5.15598,5.66134,0.70182,15.73121,-0.48947,-26.32008
2021-11-17,5.5022,-7.7,2.83966,4.38552,5.1842,5.95316,0.74139,15.7648,-0.48843,-26.32008
2021-11-18,5.5287,-7.7,2.86733,4.39741,5.21728,5.79761,0.72548,15.7299,-0.48951,-26.32008
2021-11-19,5.5564,-7.7,2.88536,4.36805,5.22427,6.16362,0.77522,15.75619,-0.4887,-26.32008
2021-11-22,5.6116,-7.7,2.95335,4.37827,5.28157,6.06122,0.7662,14.96906,-0.51439,-26.32008
2021-11-23,5.5856,-7.69,2.96424,4.41049,5.3082,5.0939,0.64726,14.93222,-0.51499,-26.32008
2021-11-24,5.5704,-7.69,2.92209,4.40976,5.28574,5.24544,0.67023,14.88936,-0.51648,-26.32008
2021-11-25,5.6052,-7.69,2.92209,4.40976,5.29106,5.76761,0.74118,14.77793,-0.52037,-26.32008
2021-11-26,5.5651,-7.69,3.35411,4.28662,5.51165,0.96514,0.12476,14.83914,-0.51822,-26.32008
2021-11-29,5.6078,-7.69,3.13375,4.29647,5.37899,4.16585,0.54258,14.81308,-0.51914,-26.32008
2021-11-30,5.6007,-7.7,3.30285,4.25661,5.46512,2.45059,0.32206,14.77987,-0.52098,-26.32008
2021-12-01,5.62087,-7.69,3.43785,4.23222,5.53116,1.60884,0.2133,14.78293,-0.52019,-26.50877
2021-12-02,5.69157,-7.7,3.33042,4.24377,5.47047,3.96208,0.53009,14.95195,-0.51498,-26.50877
2021-12-03,5.64332,-7.69,3.42328,4.24678,5.51902,2.22726,0.3005,15.04655,-0.51108,-26.50877
2021-12-06,5.6501,-7.7,3.30248,4.29155,5.4687,3.26319,0.44466,15.04416,-0.51183,-26.50877
2021-12-07,5.688,-7.69,3.08603,4.32334,5.37062,5.74162,0.78973,14.02399,-0.54835,-26.50877
2021-12-08,5.6118,-7.68,2.99072,4.32836,5.33086,5.13592,0.71287,13.43463,-0.57166,-26.50877
2021-12-09,5.5316,-9.19,3.07177,4.30972,5.37982,2.7823,0.38968,13.67929,-0.67182,-26.50877
2021-12-10,5.5711,-9.19,2.92799,4.31949,5.32407,4.53549,0.64116,13.65427,-0.67305,-26.50877
2021-12-13,5.60866,-9.2,3.01111,4.30932,5.36423,4.45585,0.63548,13.67972,-0.67253,-26.50877
2021-12-14,5.6797,-9.2,3.08603,4.3,5.39716,5.1026,0.73468,13.84104,-0.66469,-26.50877
2021-12-15,5.6806,-9.2,2.95959,4.30244,5.35942,5.82004,0.84493,13.79976,-0.66668,-26.50877
2021-12-16,5.6794,-9.2,3.02383,4.31775,5.39366,5.16208,0.75604,13.76486,-0.66837,-26.50877
2021-12-17,5.6874,-9.2,3.0713,4.29756,5.41075,4.98653,0.73652,13.72466,-0.67033,-26.50877
2021-12-20,5.69306,-9.18,3.12983,4.26998,5.42694,4.78717,0.71319,13.53114,-0.67844,-26.50877
2021-12-21,5.7413,-9.18,3.045,4.30379,5.41614,5.83024,0.87696,13.60027,-0.67499,-26.50877
2021-12-22,5.744,-9.17,2.92477,4.32135,5.40012,6.17348,0.93741,13.59837,-0.67435,-26.50877
2021-12-23,5.653,-9.18,2.88815,4.34186,5.40659,4.45673,0.68303,13.98268,-0.65653,-26.50877
2021-12-24,5.6718,-9.18,2.88815,4.34186,5.4159,4.61662,0.71529,13.87078,-0.66182,-26.50877
2021-12-27,5.6711,-9.19,2.87243,4.36437,5.42438,4.44796,0.6975,13.81682,-0.66513,-26.50877
2021-12-28,5.6241,-9.19,2.86448,4.36869,5.4302,3.50849,0.55759,13.92067,-0.66017,-26.50877
2021-12-29,5.6275,-9.2,2.83027,4.37236,5.43377,3.50319,0.56374,13.89135,-0.66228,-26.50877
2021-12-30,5.7027,-9.2,2.85244,4.37349,5.44201,4.67922,0.76313,13.81734,-0.66583,-26.50877
2021-12-31,5.5702,-9.19,2.84607,4.35388,5.44943,2.19194,0.362,14.33004,-0.64131,-26.50877
2022-01-03,5.5693,-9.17,2.8094,4.36919,5.45147,2.13847,0.35791,14.31009,-0.64081,-24.82114
2022-01-04,5.6812,-9.17,2.82791,4.38203,5.45687,4.02874,0.68283,14.83055,-0.61832,-24.82114
2022-01-05,5.6762,-9.16,2.98214,4.39198,5.46246,3.83826,0.65962,14.81048,-0.61848,-24.82114
2022-01-06,5.70564,-9.15,2.97604,4.4066,5.46475,4.31364,0.75207,14.83282,-0.61688,-24.82114
2022-01-07,5.6824,-9.15,2.93173,4.40367,5.47057,3.79912,0.67277,14.83009,-0.61699,-24.82114
2022-01-10,5.6322,-9.12,2.96527,4.39284,5.47082,2.90709,0.52257,14.94439,-0.61026,-24.82114
2022-01-11,5.6622,-9.14,2.91289,4.42748,5.47543,3.3541,0.61192,14.95819,-0.61104,-24.82114
2022-01-12,5.5673,-9.13,2.86903,4.43876,5.48324,1.52134,0.28189,15.35443,-0.59462,-24.82114
2022-01-13,5.5332,-9.13,3.01111,4.4364,5.45793,1.36961,0.2581,15.27505,-0.59771,-24.82114
2022-01-14,5.5267,-9.12,2.95439,4.45504,5.46419,1.13751,0.21801,15.15641,-0.60173,-24.82114
2022-01-17,5.5333,-9.12,2.95439,4.45504,5.46268,1.28458,0.25079,14.92917,-0.61088,-24.82114
2022-01-18,5.5158,-9.09,3.12632,4.47175,5.40298,2.06651,0.41242,14.93268,-0.60873,-24.82114
2022-01-19,5.5657,-9.08,3.17178,4.48232,5.37866,3.41833,0.69688,14.87911,-0.61025,-24.82114
2022-01-20,5.4372,-9.08,3.2422,4.48165,5.34774,1.65908,0.3455,15.57885,-0.58284,-24.82114
2022-01-21,5.4181,-9.08,3.36211,4.47609,5.29707,2.25918,0.48073,15.23511,-0.59599,-24.82114
2022-01-24,5.4571,-9.06,3.39786,4.45748,5.28374,3.22834,0.70104,15.30389,-0.59201,-24.82114
2022-01-25,5.4861,-9.06,3.43914,4.47961,5.26946,4.02894,0.88922,15.3093,-0.5918,-24.82114
2022-01-26,5.4407,-9.06,3.46449,4.49937,5.26777,3.23015,0.7242,14.85411,-0.60993,-24.82114
2022-01-27,5.42917,-9.05,3.4174,4.49245,5.29678,2.46866,0.56303,14.85466,-0.60924,-24.82114
2022-01-28,5.40348,-9.06,3.31999,4.50014,5.34215,1.14164,0.26351,14.77386,-0.61325,-24.82114
2022-01-31,5.3626,-9.03,3.21205,4.51316,5.38118,-0.3459,-0.08079,14.83546,-0.60868,-24.82114
2022-02-01,5.3031,-9.06,3.08922,4.49043,5.42644,-2.29913,-0.54567,14.33089,-0.6322,-19.45192
2022-02-02,5.2645,-9.06,3.09513,4.4939,5.42694,-3.03886,-0.73174,14.25631,-0.63551,-19.45192
2022-02-03,5.2609,-10.55,3.19253,4.51207,5.43902,-3.32967,-0.81368,14.1139,-0.74749,-19.45192
2022-02-04,5.2829,-10.52,3.14501,4.5355,5.44671,-3.05361,-0.75445,14.14745,-0.7436,-19.45192
2022-02-07,5.3269,-10.48,3.12939,4.52926,5.45182,-2.31804,-0.57908,14.08703,-0.74395,-19.45192
2022-02-08,5.2626,-10.5,3.06526,4.50844,5.47057,-3.87581,-0.98027,14.27024,-0.7358,-19.45192
2022-02-09,5.2584,-10.49,2.99373,4.51689,5.48037,-4.13455,-1.05402,13.88499,-0.75549,-19.45192
2022-02-10,5.2345,-10.35,3.1743,4.51535,5.44909,-4.01776,-1.03519,13.7133,-0.75474,-19.45192
2022-02-11,5.2487,-10.39,3.30908,4.54796,5.43151,-3.4236,-0.88632,13.72967,-0.75676,-19.45192
2022-02-14,5.24996,-10.32,3.34392,4.56934,5.42759,-3.32749,-0.86748,13.60896,-0.75832,-19.45192
2022-02-15,5.214,-10.35,3.24649,4.53561,5.44743,-4.37973,-1.14766,13.6158,-0.76015,-19.45192
2022-02-16,5.1579,-10.37,3.19006,4.55187,5.45126,-5.53178,-1.45236,13.70307,-0.75676,-19.45192
2022-02-17,5.1358,-10.39,3.33613,4.53228,5.44275,-5.80492,-1.52634,13.52997,-0.76792,-19.45192
2022-02-18,5.1706,-10.4,3.32324,4.53839,5.44025,-5.08367,-1.33607,13.61089,-0.76409,-19.45192
2022-02-21,5.1375,-10.4,3.32324,4.53839,5.43797,-5.68401,-1.49449,13.64748,-0.76205,-19.45192
2022-02-22,5.1027,-10.38,3.36072,4.57306,5.42909,-6.20012,-1.63181,13.60463,-0.76298,-19.45192
2022-02-23,5.0571,-10.41,3.43463,4.57306,5.42018,-6.93361,-1.82324,13.63987,-0.7632,-19.45192
2022-02-24,5.0087,-10.43,3.41181,4.59593,5.41302,-7.76311,-2.03953,13.60538,-0.76661,-19.45192
2022-02-25,5.1222,-10.42,3.31745,4.58425,5.41335,-5.5284,-1.45191,14.44088,-0.72156,-19.45192
2022-02-28,5.1594,-10.4,3.40618,4.61502,5.40225,-4.5996,-1.2105,14.51045,-0.71673,-19.45192
2022-03-01,5.1584,-10.43,3.50616,4.65367,5.38702,-4.33659,-1.14318,14.2372,-0.73259,-13.84225
2022-03-02,5.159,-10.41,3.42556,4.72677,5.37277,-4.06015,-1.07096,14.1704,-0.73463,-13.84225
2022-03-03,5.0965,-10.37,3.41707,4.70465,5.37119,-5.2494,-1.38529,14.32179,-0.72407,-13.84225
2022-03-04,5.0309,-10.41,3.46511,4.77162,5.34938,-6.13826,-1.6182,14.39642,-0.7231,-13.84225
2022-03-07,5.06056,-10.37,3.59594,4.81389,5.31912,-4.98315,-1.31121,14.28613,-0.72588,-13.84225
2022-03-08,5.1105,-10.39,3.55906,4.85187,5.30212,-3.68098,-0.96712,14.22826,-0.73024,-13.84225
2022-03-09,5.0588,-10.37,3.4797,4.71079,5.3312,-5.24461,-1.37737,14.23479,-0.7285,-13.84225
2022-03-10,5.0115,-10.36,3.40883,4.69437,5.33485,-6.25253,-1.64072,14.21998,-0.72855,-13.84225
2022-03-11,5.0097,-10.35,3.42589,4.72446,5.31883,-5.98774,-1.57102,13.92069,-0.7435,-13.84225
2022-03-14,5.0735,-10.3,3.45852,4.67189,5.31964,-4.7374,-1.24352,14.2203,-0.72432,-13.84225
2022-03-15,5.1214,-10.29,3.39551,4.60427,5.33924,-4.16561,-1.09495,14.39256,-0.71495,-13.84225
2022-03-16,5.1632,-10.31,3.28354,4.58517,5.35468,-3.64149,-0.95793,14.51271,-0.71041,-13.84225
2022-03-17,5.07387,-11.35,3.24532,4.66946,5.3569,-5.42811,-1.43052,14.8471,-0.76446,-13.84225
2022-03-18,5.0394,-11.33,3.17262,4.68148,5.35783,-6.12712,-1.61424,14.73144,-0.7691,-13.84225
2022-03-21,5.0178,-11.21,3.15828,4.75031,5.33267,-6.08612,-1.60238,14.72887,-0.76109,-13.84225
2022-03-22,4.9352,-11.24,3.13288,4.7491,5.33176,-7.72882,-2.03399,14.75338,-0.76186,-13.84225
2022-03-23,4.91,-11.25,3.15997,4.80074,5.30551,-7.74724,-2.03497,14.7226,-0.76413,-13.84225
2022-03-24,4.8242,-11.23,3.07593,4.77938,5.31532,-9.69483,-2.54206,15.03098,-0.74712,-13.84225
2022-03-25,4.8263,-11.2,3.03543,4.79289,5.30773,-9.50847,-2.47911,14.99671,-0.74683,-13.84225
2022-03-28,4.7369,-11.16,2.97706,4.72278,5.33203,-11.83489,-3.06817,15.33118,-0.72793,-13.84225
2022-03-29,4.7641,-11.2,2.93916,4.70257,5.33732,-11.36151,-2.91949,15.08312,-0.74255,-13.84225
2022-03-30,4.7562,-11.2,2.96166,4.73136,5.31567,-11.12103,-2.83408,14.48831,-0.77304,-13.84225
2022-03-31,4.7697,-11.23,3.02335,4.6813,5.31782,-10.87801,-2.75225,14.52039,-0.7734,-13.84225
2022-04-01,4.7378,-11.22,2.97706,4.64813,5.33018,-11.78125,-2.96412,13.81341,-0.81225,-8.65996
2022-04-04,4.6572,-11.09,2.92155,4.67777,5.31643,-13.23879,-3.30322,14.09824,-0.78662,-8.65996
2022-04-05,4.5938,-11.1,3.04595,4.66946,5.29324,-14.17222,-3.49967,14.1513,-0.78438,-8.65996
2022-04-06,4.6507,-11.08,3.09558,4.61581,5.2972,-13.01614,-3.17601,14.49664,-0.76431,-8.65996
2022-04-07,4.7152,-11.07,3.07038,4.61095,5.29409,-11.57998,-2.79784,14.8387,-0.74602,-8.65996
2022-04-08,4.7521,-11.05,3.05211,4.63259,5.28071,-10.54731,-2.52983,14.90218,-0.7415,-8.65996
2022-04-11,4.6981,-10.98,3.19335,4.58985,5.26858,-11.46021,-2.73501,14.73059,-0.74539,-8.65996
2022-04-12,4.6936,-11.01,3.18883,4.65053,5.24055,-11.02257,-2.61182,14.71773,-0.74808,-8.65996
2022-04-13,4.6731,-11.0,3.08283,4.68933,5.23521,-11.35849,-2.67693,14.71896,-0.74734,-8.65996
2022-04-14,4.6902,-10.96,3.12236,4.71582,5.21358,-10.57923,-2.4809,14.75332,-0.74288,-8.65996
2022-04-15,4.701,-10.96,3.12236,4.71582,5.20782,-10.23867,-2.39203,14.78563,-0.74126,-8.65996
2022-04-18,4.7006,-10.94,3.09874,4.7288,5.20151,-10.12584,-2.35624,14.60788,-0.74891,-8.65996
2022-04-19,4.652,-10.94,3.06199,4.67516,5.21906,-11.50209,-2.66802,14.08265,-0.77684,-8.65996
2022-04-20,4.665,-10.93,3.01161,4.67096,5.22213,-11.28171,-2.6013,14.12014,-0.77407,-8.65996
2022-04-21,4.6208,-10.92,3.12148,4.68518,5.1948,-11.70902,-2.68544,14.05589,-0.7769,-8.65996
2022-04-22,4.6208,-10.92,3.33968,4.66955,5.15876,-11.01278,-2.51017,13.97392,-0.78146,-8.65996
2022-04-25,4.7952,-10.84,3.29658,4.62811,5.16935,-7.51321,-1.70215,16.03025,-0.67622,-8.65996
2022-04-26,4.8762,-10.92,3.51214,4.65387,5.11964,-4.87178,-1.10064,16.46318,-0.6633,-8.65996
2022-04-27,4.9978,-10.93,3.45316,4.657,5.12347,-2.48335,-0.56038,17.27128,-0.63284,-8.65996
2022-04-28,4.9636,-10.93,3.40086,4.67833,5.12347,-3.17009,-0.71537,17.26099,-0.63322,-8.65996
2022-04-29,4.9378,-10.9,3.50856,4.69446,5.09465,-3.12718,-0.70585,17.16265,-0.6351,-8.65996
2022-05-02,4.9713,-10.85,3.4763,4.67823,5.1019,-2.59315,-0.58509,17.18759,-0.63127,-10.93134
2022-05-03,5.0847,-10.84,3.37588,4.65367,5.12692,-0.82686,-0.18655,17.81687,-0.60841,-10.93134
2022-05-04,4.9581,-10.86,3.23554,4.70175,5.13781,-3.56044,-0.80336,18.45869,-0.58834,-10.93134
2022-05-05,4.9188,-11.9,3.44042,4.70863,5.0954,-3.52731,-0.79639,18.41195,-0.64632,-10.93134
2022-05-06,5.028,-11.9,3.40751,4.72197,5.09326,-1.28958,-0.29186,18.85097,-0.63127,-10.93134
2022-05-09,5.0804,-11.83,3.54818,4.66287,5.08324,-0.05597,-0.01269,18.98101,-0.62325,-10.93134
2022-05-10,5.1609,-11.86,3.4962,4.62947,5.10694,1.05106,0.23955,19.23841,-0.61648,-10.93134
2022-05-11,5.1313,-11.84,3.48308,4.67758,5.09221,0.76481,0.1757,19.26037,-0.61473,-10.93134
2022-05-12,5.13425,-11.79,3.45852,4.67703,5.09829,0.70296,0.16249,19.26091,-0.61212,-10.93134
2022-05-13,5.1334,-11.72,3.3628,4.71447,5.10516,0.5516,0.12799,19.21531,-0.60993,-10.93134
2022-05-16,5.0583,-11.68,3.31309,4.7383,5.10613,-0.94104,-0.21931,19.31867,-0.6046,-10.93134
2022-05-17,5.0597,-11.69,3.26194,4.71787,5.1253,-1.2882,-0.30115,19.30198,-0.60564,-10.93134
2022-05-18,4.9381,-11.72,3.4327,4.69236,5.10338,-3.29218,-0.77084,19.83794,-0.59079,-10.93134
2022-05-19,4.9675,-11.7,3.37929,4.71886,5.09963,-2.62515,-0.6148,19.84779,-0.58949,-10.93134
2022-05-20,4.93,-11.72,3.38201,4.7234,5.09576,-3.30693,-0.77485,19.85842,-0.59018,-10.93134
2022-05-23,4.8802,-11.68,3.3492,4.7311,5.09599,-4.32685,-1.01326,19.8801,-0.58752,-10.93134
2022-05-24,4.8135,-11.69,3.38269,4.73233,5.08613,-5.50936,-1.28922,19.97387,-0.58526,-10.93134
2022-05-25,4.8178,-11.69,3.34533,4.73646,5.08804,-5.45755,-1.27586,19.42106,-0.60192,-10.93134
2022-05-26,4.8228,-11.68,3.31419,4.76559,5.07721,-5.14076,-1.202,19.35402,-0.60349,-10.93134
2022-05-27,4.7682,-11.67,3.24727,4.78273,5.07919,-6.31829,-1.47555,19.46254,-0.59961,-10.93134
2022-05-30,4.7296,-11.67,3.24727,4.78273,5.07554,-7.05914,-1.64524,19.50884,-0.59819,-10.93134
2022-05-31,4.7524,-11.59,3.26538,4.81088,5.05318,-6.1368,-1.42648,19.42206,-0.59674,-10.93134
2022-06-01,4.7304,-11.6,3.2461,4.75609,5.0805,-7.13999,-1.65649,19.28664,-0.60145,-12.07649
2022-06-02,4.8155,-11.58,3.20761,4.76737,5.07915,-5.33039,-1.23332,19.60483,-0.59067,-12.07649
2022-06-03,4.7957,-11.54,3.21044,4.78516,5.06625,-5.48809,-1.26845,19.49619,-0.59191,-12.07649
2022-06-06,4.775,-11.49,3.22167,4.7834,5.06113,-5.81951,-1.34322,19.41951,-0.59167,-12.07649
2022-06-07,4.7942,-11.49,3.17889,4.79223,5.06266,-5.4486,-1.25595,19.36666,-0.59329,-12.07649
2022-06-08,4.86753,-11.47,3.17639,4.81689,5.04736,-3.62798,-0.83515,19.6255,-0.58444,-12.07649
2022-06-09,4.8981,-11.45,3.26155,4.81275,5.02852,-2.62787,-0.60461,19.49309,-0.58739,-12.07649
2022-06-10,4.9033,-11.36,3.32324,4.8041,5.01677,-2.28771,-0.52632,19.39108,-0.58584,-12.07649
2022-06-13,4.984,-11.02,3.52695,4.80623,4.96552,0.37158,0.0855,19.61063,-0.56194,-12.07649
2022-06-14,5.1134,-10.92,3.48707,4.79719,4.9785,2.6736,0.61533,19.99168,-0.54623,-12.07649
2022-06-15,5.1161,-11.01,3.38845,4.775,5.01476,2.00065,0.46031,19.94194,-0.5521,-12.07649
2022-06-16,5.052,-11.66,3.49499,4.78591,4.99503,1.13403,0.26092,20.08755,-0.58046,-12.07649
2022-06-17,5.0522,-11.62,3.43817,4.72845,5.03763,0.28873,0.06644,19.79867,-0.58691,-12.07649
2022-06-20,5.1521,-11.62,3.43817,4.72845,5.03771,2.24534,0.51696,20.13368,-0.57714,-12.07649
2022-06-21,5.1872,-11.55,3.40751,4.74188,5.03744,2.92965,0.67452,19.81681,-0.58284,-12.07649
2022-06-22,5.1228,-11.64,3.36557,4.71617,5.06242,1.18556,0.27298,20.00361,-0.5819,-12.07649
2022-06-23,5.1936,-11.6,3.36902,4.70093,5.06977,2.41316,0.55674,19.75906,-0.58707,-12.07649
2022-06-24,5.238,-11.52,3.30432,4.72845,5.06812,3.29689,0.76253,19.79134,-0.58207,-12.07649
2022-06-27,5.2414,-11.46,3.29398,4.74571,5.06116,3.49931,0.81021,19.78172,-0.57932,-12.07649
2022-06-28,5.2368,-11.46,3.34498,4.77052,5.03833,3.86352,0.89534,19.78579,-0.5792,-12.07649
2022-06-29,5.2666,-11.47,3.3379,4.75583,5.04939,4.21169,0.97786,19.73231,-0.58128,-12.07649
2022-06-30,5.1809,-11.53,3.35725,4.74328,5.05487,2.46263,0.57273,19.70367,-0.58517,-12.07649
2022-07-01,5.252,-11.52,3.28466,4.71519,5.08558,3.21997,0.7505,19.59358,-0.58795,-16.83507
2022-07-04,5.331,-11.52,3.28466,4.71519,5.08652,4.69451,1.09658,19.65583,-0.58609,-16.83507
2022-07-05,5.3283,-11.35,3.31564,4.63249,5.12838,3.82417,0.89378,19.52013,-0.58145,-16.83507
2022-07-06,5.3852,-11.35,3.28579,4.61205,5.14807,4.50332,1.05254,19.56273,-0.58018,-16.83507
2022-07-07,5.428,-11.3,3.26117,4.65062,5.13064,5.63411,1.31676,19.40556,-0.58231,-16.83507
2022-07-08,5.3382,-11.27,3.20437,4.67302,5.12942,3.98969,0.93181,19.76411,-0.57023,-16.83507
2022-07-11,5.254,-11.07,3.26461,4.67376,5.11511,2.67908,0.6257,20.04851,-0.55216,-16.83507
2022-07-12,5.3772,-11.03,3.30652,4.60006,5.15252,4.2681,0.9966,20.49484,-0.53818,-16.83507
2022-07-13,5.4365,-10.86,3.28915,4.60086,5.15397,5.33683,1.24497,20.57025,-0.52795,-16.83507
2022-07-14,5.3909,-10.85,3.27336,4.59613,5.1616,4.34657,1.01282,20.67699,-0.52474,-16.83507
2022-07-15,5.4228,-10.88,3.18759,4.6167,5.16716,4.82893,1.12429,20.53072,-0.52994,-16.83507
2022-07-18,5.4101,-10.75,3.2308,4.66598,5.12686,5.37747,1.25114,20.55277,-0.52304,-16.83507
2022-07-19,5.4368,-10.73,3.19867,4.67609,5.12772,5.85286,1.35999,20.41621,-0.52556,-16.83507
2022-07-20,5.4131,-10.74,3.17304,4.67208,5.13702,5.23482,1.21417,20.45732,-0.525,-16.83507
2022-07-21,5.4702,-10.77,3.14027,4.64304,5.16364,5.76725,1.33581,19.2914,-0.55828,-16.83507
2022-07-22,5.4978,-10.76,3.1368,4.63667,5.16985,6.15037,1.42204,19.07055,-0.56422,-16.83507
2022-07-25,5.4967,-10.63,3.15103,4.65539,5.15444,6.42895,1.48348,18.50605,-0.57441,-16.83507
2022-07-26,5.3563,-10.7,3.2064,4.64823,5.15164,3.89581,0.8971,19.232,-0.55636,-16.83507
2022-07-27,5.3501,-10.81,3.14587,4.66927,5.15335,3.74681,0.8622,19.19405,-0.5632,-16.83507
2022-07-28,5.243,-10.83,3.10593,4.67414,5.15938,1.60773,0.36969,19.63404,-0.55159,-16.83507
2022-07-29,5.1827,-10.84,3.06011,4.70057,5.15232,0.58793,0.13519,19.2834,-0.56214,-16.83507
2022-08-01,5.1712,-10.69,3.12851,4.60547,5.19622,-0.48265,-0.11098,18.58235,-0.57528,-13.17601
2022-08-02,5.184,-10.69,3.17513,4.61056,5.18389,0.00216,0.0005,18.50247,-0.57776,-13.17601
2022-08-03,5.2777,-10.73,3.08877,4.57244,5.22549,0.99421,0.22866,18.33169,-0.58533,-13.17601
2022-08-04,5.2827,-11.25,3.06526,4.54457,5.25915,0.44677,0.10277,18.22774,-0.61719,-13.17601
2022-08-05,5.2111,-11.17,3.05164,4.55303,5.25468,-0.83272,-0.19161,18.18508,-0.61424,-13.17601
2022-08-08,5.1646,-11.1,3.05824,4.5711,5.23981,-1.44578,-0.33296,18.23874,-0.60859,-13.17601
2022-08-09,5.1101,-11.08,3.08053,4.56757,5.23681,-2.44943,-0.56451,18.36369,-0.60336,-13.17601
2022-08-10,5.1237,-11.1,2.98265,4.57883,5.24676,-2.37341,-0.5475,18.3718,-0.60419,-13.17601
2022-08-11,5.0937,-11.13,3.00568,4.60116,5.22745,-2.59193,-0.59817,18.16776,-0.61262,-13.17601
2022-08-12,5.157,-11.12,2.97195,4.5865,5.24156,-1.62634,-0.37568,18.33198,-0.60659,-13.17601
2022-08-15,5.0749,-11.03,2.99323,4.55493,5.25664,-3.51851,-0.81381,17.95073,-0.61446,-13.17601
2022-08-16,5.0956,-11.05,2.98011,4.52548,5.27832,-3.52313,-0.81567,17.93136,-0.61624,-13.17601
2022-08-17,5.14174,-11.07,2.99072,4.53956,5.26632,-2.39409,-0.55507,17.93821,-0.61712,-13.17601
2022-08-18,5.165,-11.04,2.97349,4.57048,5.24639,-1.56356,-0.36302,17.81806,-0.6196,-13.17601
2022-08-19,5.167,-11.01,3.02529,4.57182,5.23578,-1.32245,-0.30761,17.56778,-0.62672,-13.17601
2022-08-22,5.1684,-10.93,3.16969,4.56934,5.21258,-0.85111,-0.19837,17.56856,-0.62213,-13.17601
2022-08-23,5.1561,-10.95,3.18263,4.60737,5.18436,-0.54653,-0.12747,17.58248,-0.62278,-13.17601
2022-08-24,5.1035,-10.93,3.12764,4.6173,5.18539,-1.59179,-0.37149,17.55134,-0.62274,-13.17601
2022-08-25,5.1101,-10.87,3.08099,4.59855,5.20406,-1.822,-0.42526,17.45133,-0.62288,-13.17601
2022-08-26,5.1087,-10.86,3.24103,4.61502,5.16709,-1.13638,-0.26519,17.43854,-0.62276,-13.17601
2022-08-29,5.0625,-10.78,3.26614,4.65482,5.13317,-1.38636,-0.32355,17.52096,-0.61526,-13.17601
2022-08-30,5.0272,-10.78,3.26614,4.59825,5.17271,-2.85344,-0.66588,17.2577,-0.62465,-13.17601
2022-08-31,5.1219,-10.79,3.25308,4.56944,5.19452,-1.40794,-0.32842,17.59814,-0.61313,-13.17601
2022-09-01,5.1817,-10.78,3.24103,4.52569,5.22687,-0.86798,-0.20245,17.68881,-0.60942,-13.18264
2022-09-02,5.2404,-10.81,3.2375,4.53281,5.22275,0.33744,0.0787,17.7932,-0.60754,-13.18264
2022-09-05,5.171,-10.81,3.2375,4.53281,5.22287,-0.99801,-0.23276,17.8103,-0.60695,-13.18264
2022-09-06,5.1539,-10.71,3.2925,4.53077,5.21294,-1.13909,-0.26568,17.79739,-0.60177,-13.18264
2022-09-07,5.2472,-10.68,3.20437,4.47734,5.26373,-0.31459,-0.07337,18.12434,-0.58926,-13.18264
2022-09-08,5.2467,-10.69,3.16167,4.49032,5.26126,-0.27719,-0.06465,17.85841,-0.5986,-13.18264
2022-09-09,5.2133,-10.67,3.12632,4.53088,5.23733,-0.45985,-0.10725,17.1854,-0.62088,-13.18264
2022-09-12,5.1463,-10.58,3.17262,4.54329,5.21916,-1.40583,-0.32788,17.38811,-0.60846,-13.18264
2022-09-13,5.092,-10.47,3.30579,4.53443,5.20207,-2.13857,-0.49878,17.33322,-0.60404,-13.18264
2022-09-14,5.1898,-10.51,3.26423,4.54436,5.20193,-0.23354,-0.05446,17.7405,-0.59243,-13.18264
2022-09-15,5.1627,-10.53,3.26843,4.5091,5.22667,-1.23137,-0.28714,17.34126,-0.60722,-13.18264
2022-09-16,5.2461,-10.55,3.26957,4.5147,5.2225,0.45085,0.10512,17.58419,-0.59997,-13.18264
2022-09-19,5.2507,-10.38,3.24882,4.52179,5.21708,0.64239,0.14979,17.39487,-0.59673,-13.18264
2022-09-20,5.1709,-10.4,3.30175,4.50667,5.21975,-0.94025,-0.21926,17.45957,-0.59566,-13.18264
2022-09-21,5.1415,-10.44,3.33185,4.49792,5.22149,-1.54375,-0.35998,17.40695,-0.59976,-13.18264
2022-09-22,5.1704,-10.46,3.30872,4.50491,5.22007,-0.956,-0.2229,17.44606,-0.59956,-13.18264
2022-09-23,5.1155,-10.51,3.39853,4.45609,5.2405,-2.41414,-0.56286,17.57074,-0.59815,-13.18264
2022-09-26,5.2588,-10.36,3.47383,4.43153,5.24118,0.33558,0.07822,18.4065,-0.56284,-13.18264
2022-09-27,5.3894,-10.4,3.48431,4.45748,5.22204,3.15459,0.73528,18.74341,-0.55486,-13.18264
2022-09-28,5.3781,-10.35,3.40718,4.49223,5.21028,3.1701,0.73854,18.56299,-0.55756,-13.18264
2022-09-29,5.3742,-10.39,3.46072,4.48289,5.20875,3.12699,0.72832,18.32669,-0.56693,-13.18264
2022-09-30,5.3962,-10.42,3.45379,4.47688,5.21443,3.42655,0.79792,18.34323,-0.56806,-13.18264
2022-10-03,5.4143,-10.29,3.40453,4.48706,5.21232,3.8019,0.88521,18.23262,-0.56437,-11.98279
2022-10-04,5.1635,-10.3,3.36971,4.51961,5.19615,-0.63027,-0.1467,20.48711,-0.50276,-11.98279
2022-10-05,5.1758,-10.29,3.35166,4.53657,5.18612,-0.19914,-0.04638,20.23943,-0.50841,-11.98279
2022-10-06,5.1952,-10.29,3.41838,4.54775,5.16613,0.56104,0.13074,20.01158,-0.5142,-11.98279
2022-10-07,5.2201,-10.3,3.44553,4.58415,5.13801,1.585,0.3694,19.46976,-0.52903,-11.98279
2022-10-10,5.1984,-10.3,3.4797,4.56633,5.14451,1.04203,0.24286,19.34324,-0.53249,-11.98279
2022-10-11,5.1868,-10.08,3.51542,4.54638,5.14855,0.74023,0.17264,19.28246,-0.52275,-11.98279
2022-10-12,5.2921,-10.05,3.51363,4.52667,5.1626,2.47753,0.57815,19.68231,-0.51061,-11.98279
2022-10-13,5.2915,-9.96,3.46386,4.54934,5.1555,2.60384,0.6077,19.67835,-0.50614,-11.98279
2022-10-14,5.2598,-9.94,3.46636,4.51776,5.17826,1.56248,0.36474,19.6807,-0.50506,-11.98279
2022-10-17,5.3274,-9.78,3.44585,4.51765,5.1794,2.81743,0.65785,19.84251,-0.49288,-11.98279
2022-10-18,5.27736,-9.71,3.41773,4.50014,5.19621,1.54964,0.3618,19.80413,-0.4903,-11.98279
2022-10-19,5.2398,-9.68,3.42622,4.52624,5.17679,1.20985,0.2826,19.81383,-0.48855,-11.98279
2022-10-20,5.2692,-9.66,3.40053,4.52591,5.18174,1.67374,0.3914,19.85438,-0.48654,-11.98279
2022-10-21,5.2166,-9.66,3.39081,4.53796,5.17538,0.79334,0.18568,19.28155,-0.501,-11.98279
2022-10-24,5.1634,-9.59,3.39618,4.53539,5.17579,-0.23965,-0.05617,19.38121,-0.49481,-11.98279
2022-10-25,5.3062,-9.61,3.3485,4.53818,5.18127,2.38266,0.5589,19.74796,-0.48663,-11.98279
2022-10-26,5.3152,-9.64,3.30615,4.56111,5.17078,2.75461,0.64612,19.60463,-0.49172,-11.98279
2022-10-27,5.3839,-9.62,3.31018,4.5743,5.1599,4.24964,0.99696,19.75366,-0.487,-11.98279
2022-10-28,5.3392,-9.57,3.24843,4.56195,5.17762,3.07302,0.72094,19.83106,-0.48258,-11.98279
2022-10-31,5.2885,-9.53,3.25347,4.55209,5.18426,1.99076,0.46727,19.60834,-0.48602,-11.98279
2022-11-01,5.1788,-9.52,3.25076,4.55019,5.18618,-0.14245,-0.03346,20.05136,-0.47478,-13.15075
2022-11-02,5.1424,-9.53,3.2527,4.56601,5.17288,-0.59094,-0.139,19.9161,-0.47851,-13.15075
2022-11-03,5.1426,-9.5,3.2308,4.5504,5.18783,-0.87559,-0.20651,19.83652,-0.47891,-13.15075
2022-11-04,5.1149,-9.54,3.20071,4.59077,5.15745,-0.82841,-0.19587,19.7512,-0.48301,-13.15075
2022-11-07,5.07813,-9.46,3.19253,4.58415,5.16087,-1.61626,-0.38349,19.79615,-0.47787,-13.15075
2022-11-08,5.15333,-9.47,3.24025,4.55766,5.17822,-0.48183,-0.11474,19.98078,-0.47396,-13.15075
2022-11-09,5.143,-9.46,3.26155,4.52883,5.20213,-1.14307,-0.27358,19.83124,-0.47703,-13.15075
2022-11-10,5.1852,-9.47,3.15828,4.53978,5.20487,-0.3787,-0.09106,19.6273,-0.48249,-13.15075
2022-11-11,5.34158,-9.47,3.1144,4.56424,5.18571,2.96151,0.71451,20.47696,-0.46247,-13.15075
2022-11-14,5.27906,-9.41,3.16674,4.5341,5.20794,1.35632,0.32926,20.55781,-0.45773,-13.15075
2022-11-15,5.3312,-9.44,3.2003,4.5418,5.19769,2.53626,0.61917,20.6282,-0.45763,-13.15075
2022-11-16,5.3317,-9.43,3.18263,4.53109,5.21108,2.28834,0.5611,20.62835,-0.45714,-13.15075
2022-11-17,5.399,-9.43,3.17513,4.49736,5.24953,2.8076,0.69215,20.76841,-0.45405,-13.15075
2022-11-18,5.4221,-9.41,3.1407,4.47301,5.28105,2.63583,0.65324,20.77099,-0.45304,-13.15075
2022-11-21,5.3813,-9.34,3.10727,4.47107,5.28545,1.79724,0.44802,20.71954,-0.45078,-13.15075
2022-11-22,5.3186,-9.35,3.05824,4.48142,5.27918,0.744,0.18652,20.87091,-0.44799,-13.15075
2022-11-23,5.3577,-9.35,3.01308,4.44746,5.32508,0.61079,0.15409,20.91275,-0.4471,-13.15075
2022-11-24,5.3583,-9.35,3.01308,4.44746,5.32651,0.59513,0.15091,20.81754,-0.44914,-13.15075
2022-11-25,5.32,-9.34,3.02042,4.4264,5.35409,-0.63873,-0.16264,20.82029,-0.4486,-13.15075
2022-11-28,5.4085,-9.34,3.10054,4.42113,5.35754,0.94677,0.24212,20.74963,-0.45013,-13.15075
2022-11-29,5.3647,-9.37,3.08603,4.4192,5.36523,-0.00988,-0.00254,20.70974,-0.45244,-13.15075
2022-11-30,5.2682,-9.38,3.02432,4.4477,5.33281,-1.21887,-0.31449,20.92575,-0.44825,-13.15075
2022-12-01,5.18159,-9.42,2.9877,4.46453,5.31448,-2.53231,-0.65662,21.02016,-0.44814,-13.68275
2022-12-02,5.1836,-9.41,2.94759,4.44933,5.3368,-2.91262,-0.75902,21.00926,-0.4479,-13.68275
2022-12-05,5.218,-9.39,3.03255,4.41498,5.38164,-3.08782,-0.80877,20.73851,-0.45278,-13.68275
2022-12-06,5.28,-9.38,3.09874,4.37387,5.44067,-2.99769,-0.78961,20.87464,-0.44935,-13.68275
2022-12-07,5.234,-9.46,3.12148,4.34601,5.48609,-4.70408,-1.24196,20.90982,-0.45242,-13.68275
2022-12-08,5.204,-9.47,3.10414,4.33271,5.5056,-5.63387,-1.48948,20.77722,-0.45579,-13.68275
2022-12-09,5.2243,-9.44,3.12808,4.33205,5.50287,-5.19497,-1.37383,20.67345,-0.45662,-13.68275
2022-12-12,5.235,-9.37,3.21888,4.35658,5.46041,-4.21575,-1.1137,20.32799,-0.46094,-13.68275
2022-12-13,5.3213,-9.4,3.11574,4.39049,5.41102,-1.67207,-0.44156,20.55328,-0.45735,-13.68275
2022-12-14,5.2928,-9.42,3.05117,4.41522,5.37568,-1.55383,-0.41034,20.3399,-0.46313,-13.68275
2022-12-15,5.2772,-9.41,3.12808,4.39704,5.40213,-2.33973,-0.6189,20.34868,-0.46244,-13.68275
2022-12-16,5.3118,-9.44,3.11883,4.36995,5.443,-2.43994,-0.64649,20.14502,-0.4686,-13.68275
2022-12-19,5.30651,-9.38,3.10995,4.37952,5.42709,-2.24684,-0.59785,20.10878,-0.46646,-13.68275
2022-12-20,5.2916,-9.4,3.06712,4.3819,5.42397,-2.47079,-0.65912,20.09242,-0.46784,-13.68275
2022-12-21,5.1984,-9.42,2.99923,4.40916,5.38238,-3.47801,-0.92981,20.29994,-0.46404,-13.68275
2022-12-22,5.1999,-9.4,3.08968,4.3942,5.40606,-3.88806,-1.04026,19.52311,-0.48148,-13.68275
2022-12-23,5.1656,-9.41,3.03831,4.42986,5.35133,-3.53248,-0.94661,18.90486,-0.49776,-13.68275
2022-12-26,5.1643,-9.41,3.03831,4.42986,5.35086,-3.54886,-0.95215,18.90281,-0.49781,-13.68275
2022-12-27,5.2175,-9.29,3.07501,4.43474,5.33954,-2.31217,-0.62023,19.0279,-0.48823,-13.68275
2022-12-28,5.2923,-9.29,3.09739,4.42197,5.35938,-1.25962,-0.338,19.23381,-0.483,-13.68275
2022-12-29,5.2668,-9.3,3.06526,4.40988,5.37602,-2.05257,-0.55212,19.24015,-0.48336,-13.68275
2022-12-30,5.2846,-9.33,3.07593,4.4533,5.31299,-0.53584,-0.14434,16.71406,-0.55821,-13.68275
2023-01-02,5.2855,-9.33,3.07593,4.4533,5.31293,-0.51756,-0.13963,16.7091,-0.55838,-13.93396
2023-01-03,5.36013,-9.22,3.13114,4.40794,5.38258,-0.41803,-0.11291,16.91949,-0.54493,-13.93396
2023-01-04,5.4785,-9.2,3.0915,4.35466,5.46062,0.32696,0.0884,17.43148,-0.52778,-13.93396
2023-01-05,5.4301,-9.09,3.11174,4.36552,5.44228,-0.22399,-0.06064,17.51088,-0.51911,-13.93396
2023-01-06,5.3498,-9.08,3.05069,4.36399,5.43805,-1.6361,-0.44358,17.77804,-0.51074,-13.93396
2023-01-09,5.2244,-9.05,3.08968,4.37764,5.41963,-3.66876,-0.99503,17.97272,-0.50354,-13.93396
2023-01-10,5.2537,-9.02,3.02432,4.38328,5.40084,-2.7622,-0.749,18.01008,-0.50083,-13.93396
2023-01-11,5.1983,-9.03,3.0488,4.41486,5.35467,-2.96369,-0.80379,18.0944,-0.49905,-13.93396
2023-01-12,5.1585,-9.09,2.93545,4.43117,5.31741,-3.03412,-0.82285,17.96105,-0.5061,-13.93396
2023-01-13,5.1077,-9.08,2.90963,4.44594,5.29013,-3.50941,-0.95165,17.97055,-0.50527,-13.93396
2023-01-16,5.0807,-9.08,2.90963,4.44594,5.28877,-4.01367,-1.08789,17.94671,-0.50594,-13.93396
2023-01-17,5.146,-9.04,2.96321,4.45342,5.28169,-2.60264,-0.70491,18.1023,-0.49938,-13.93396
2023-01-18,5.0996,-9.06,3.01259,4.44242,5.30506,-3.94985,-1.06967,18.0822,-0.50105,-13.93396
2023-01-19,5.1853,-9.04,3.0214,4.45621,5.2838,-1.8817,-0.50913,18.28399,-0.49442,-13.93396
2023-01-20,5.173,-9.03,2.9882,4.47312,5.25287,-1.53216,-0.4145,17.43212,-0.51801,-13.93396
2023-01-23,5.2063,-9.02,2.98619,4.47949,5.24225,-0.68819,-0.18618,17.48073,-0.516,-13.93396
2023-01-24,5.2059,-9.03,2.95491,4.45586,5.27303,-1.28127,-0.34668,17.27483,-0.52273,-13.93396
2023-01-25,5.1384,-9.03,2.94864,4.45574,5.27197,-2.56632,-0.69429,17.38674,-0.51936,-13.93396
2023-01-26,5.0722,-9.04,2.93013,4.4713,5.24576,-3.36455,-0.90983,17.47158,-0.51741,-13.93396
2023-01-27,5.06275,-9.02,2.91831,4.46199,5.25582,-3.7427,-1.01133,16.98036,-0.5312,-13.93396
2023-01-30,5.1072,-9.03,2.99273,4.44147,5.29772,-3.66244,-0.98871,17.02111,-0.53052,-13.93396
2023-01-31,5.1149,-9.05,2.96527,4.43663,5.30084,-3.57079,-0.96325,17.02416,-0.5316,-13.93396
2023-02-01,5.0722,-9.09,2.88312,4.41691,5.31859,-4.74336,-1.27875,17.07238,-0.53244,-12.24477
2023-02-02,5.0535,-9.09,2.93013,4.40879,5.33714,-5.46083,-1.47071,17.02749,-0.53384,-12.24477
2023-02-03,5.0492,-9.05,2.90854,4.38128,5.37286,-6.21307,-1.67075,16.76095,-0.53995,-12.24477
2023-02-06,5.1498,-9.04,2.96682,4.39433,5.36089,-4.01712,-1.07951,17.22941,-0.52468,-12.24477
2023-02-07,5.1457,-9.04,2.92638,4.42712,5.30669,-3.08066,-0.82859,17.15014,-0.52711,-12.24477
2023-02-08,5.2093,-9.03,2.97706,4.44371,5.28991,-1.53554,-0.41491,16.24834,-0.55575,-12.24477
2023-02-09,5.1995,-8.98,3.03062,4.43675,5.3058,-2.02382,-0.54916,16.0865,-0.55823,-12.24477
2023-02-10,5.2895,-8.96,3.02189,4.45887,5.27159,0.33926,0.09231,16.33795,-0.54842,-12.24477
2023-02-13,5.21348,-8.94,3.01259,4.46142,5.26641,-1.01005,-0.27513,16.58796,-0.53894,-12.24477
2023-02-14,5.1584,-8.95,2.93969,4.44945,5.27703,-2.27362,-0.61977,16.50256,-0.54234,-12.24477
2023-02-15,5.1915,-8.96,2.90307,4.44711,5.27731,-1.6394,-0.44764,16.53416,-0.54191,-12.24477
2023-02-16,5.218,-8.91,3.0042,4.4443,5.28998,-1.37004,-0.37483,16.51422,-0.53954,-12.24477
2023-02-17,5.2168,-8.91,2.99673,4.41884,5.32748,-2.09937,-0.57444,16.35574,-0.54476,-12.24477
2023-02-20,5.16517,-8.91,2.99673,4.41884,5.32705,-3.086,-0.8444,16.39292,-0.54353,-12.24477
2023-02-21,5.1667,-8.89,3.12983,4.41944,5.33792,-3.26026,-0.89153,16.39328,-0.5423,-12.24477
2023-02-22,5.1665,-8.91,3.10414,4.3895,5.38099,-4.06775,-1.11148,16.33862,-0.54533,-12.24477
2023-02-23,5.1512,-8.91,3.05117,4.40928,5.34463,-3.68635,-1.00616,15.977,-0.55768,-12.24477
2023-02-24,5.1362,-8.89,3.07593,4.42077,5.328,-3.66625,-1.00002,15.9133,-0.55865,-12.24477
2023-02-27,5.2078,-8.86,3.04214,4.41219,5.33535,-2.41967,-0.66012,15.77237,-0.56174,-12.24477
2023-02-28,5.1997,-8.87,3.03013,4.42951,5.30847,-2.07025,-0.56601,15.41995,-0.57523,-12.24477
2023-03-01,5.2359,-8.85,3.02432,4.4345,5.29924,-1.20246,-0.32959,15.48122,-0.57166,-11.80166
2023-03-02,5.1783,-8.84,2.97502,4.43971,5.28688,-2.07522,-0.57022,15.58496,-0.56721,-11.80166
2023-03-03,5.1996,-8.84,2.91723,4.45237,5.26327,-1.21709,-0.33476,15.42046,-0.57326,-11.80166
2023-03-06,5.1944,-8.82,2.9237,4.45644,5.25656,-1.18948,-0.3279,15.32429,-0.57556,-11.80166
2023-03-07,5.1522,-8.71,2.97502,4.42233,5.30493,-2.92123,-0.80644,15.36776,-0.56677,-11.80166
2023-03-08,5.19,-8.69,2.95021,4.41474,5.31237,-2.33036,-0.64366,15.41948,-0.56357,-11.80166
2023-03-09,5.1444,-8.7,3.11839,4.40171,5.34417,-3.80977,-1.05256,15.51087,-0.5609,-11.80166
2023-03-10,5.1637,-8.74,3.21084,4.41619,5.33074,-3.18375,-0.87941,15.16259,-0.57642,-11.80166
2023-03-13,5.2156,-8.88,3.2779,4.39161,5.3767,-3.04213,-0.84006,15.27222,-0.58145,-11.80166
2023-03-14,5.2457,-8.87,3.16674,4.34963,5.42755,-3.40791,-0.94201,15.30846,-0.57942,-11.80166
2023-03-15,5.2517,-9.0,3.26347,4.29987,5.5111,-4.82129,-1.33508,15.25142,-0.59011,-11.80166
2023-03-16,5.2871,-9.01,3.13506,4.31348,5.47895,-3.56435,-0.98886,15.31256,-0.58841,-11.80166
2023-03-17,5.2296,-9.23,3.23907,4.29005,5.52782,-5.5459,-1.54139,15.45743,-0.59712,-11.80166
2023-03-20,5.2778,-8.94,3.18428,4.30122,5.48982,-3.93866,-1.09454,15.14795,-0.59018,-11.80166
2023-03-21,5.2357,-8.97,3.06246,4.32175,5.45261,-4.05935,-1.12885,15.23751,-0.58868,-11.80166
2023-03-22,5.2409,-8.96,3.10279,4.33977,5.42675,-3.48475,-0.96903,15.17685,-0.59037,-11.80166
2023-03-23,5.2361,-9.02,3.11839,4.32955,5.44279,-3.87139,-1.0769,15.17829,-0.59427,-11.80166
2023-03-24,5.2967,-9.01,3.07915,4.31735,5.45519,-2.94829,-0.82022,15.21413,-0.59221,-11.80166
2023-03-27,5.2451,-8.84,3.02529,4.35825,5.38701,-2.66958,-0.74246,15.07395,-0.58644,-11.80166
2023-03-28,5.1971,-8.95,2.99423,4.36501,5.38051,-3.46828,-0.96458,15.15415,-0.5906,-11.80166
2023-03-29,5.1644,-8.95,2.95073,4.36029,5.38376,-4.15978,-1.15624,15.18479,-0.58941,-11.80166
2023-03-30,5.1342,-8.78,2.94549,4.37286,5.35722,-4.25205,-1.18105,15.22407,-0.57672,-11.80166
2023-03-31,5.0927,-8.9,2.92852,4.37915,5.35207,-4.96751,-1.37804,15.01043,-0.59292,-11.80166
2023-04-03,5.0623,-8.85,2.92047,4.44183,5.26487,-3.92354,-1.08642,14.31922,-0.61805,-8.40528
2023-04-04,5.0631,-8.87,2.94444,4.44195,5.26592,-3.9276,-1.0869,14.23758,-0.623,-8.40528
2023-04-05,5.0707,-8.89,2.94864,4.44253,5.2656,-3.7716,-1.04331,13.96731,-0.63649,-8.40528
2023-04-06,5.0332,-8.84,2.91235,4.44406,5.25887,-4.38599,-1.21298,13.24438,-0.66745,-8.40528
2023-04-07,5.0583,-8.8,2.91235,4.44406,5.25591,-3.83235,-1.05837,13.23322,-0.66499,-8.40528
2023-04-10,5.0544,-8.67,2.94286,4.43296,5.26545,-4.09082,-1.12852,13.07643,-0.66302,-8.40528
2023-04-11,5.0653,-8.71,2.94969,4.4498,5.24476,-3.48154,-0.95937,13.00287,-0.66985,-8.40528
2023-04-12,5.004,-8.73,2.94916,4.46969,5.21892,-4.20535,-1.15803,13.07908,-0.66748,-8.40528
2023-04-13,4.9169,-8.65,2.8792,4.45539,5.22787,-6.13248,-1.68688,13.4919,-0.64113,-8.40528
2023-04-14,4.9267,-8.61,2.83732,4.45795,5.21759,-5.73655,-1.57363,13.23,-0.65079,-8.40528
2023-04-17,4.9087,-8.54,2.83027,4.43982,5.23549,-6.44521,-1.7637,13.13497,-0.65017,-8.40528
2023-04-18,4.9398,-8.55,2.82316,4.43994,5.23265,-5.7593,-1.57118,12.73896,-0.67117,-8.40528
2023-04-19,4.9843,-8.59,2.80093,4.42029,5.25537,-5.29565,-1.44125,12.88207,-0.66682,-8.40528
2023-04-20,5.0743,-8.63,2.84316,4.39568,5.291,-4.18185,-1.13612,13.33253,-0.64729,-8.40528
2023-04-21,5.0477,-8.61,2.81959,4.40256,5.27663,-4.43555,-1.20372,13.36749,-0.6441,-8.40528
2023-04-24,5.0479,-8.55,2.82672,4.41558,5.25603,-4.04036,-1.0951,13.12165,-0.65159,-8.40528
2023-04-25,5.0334,-8.63,2.93173,4.39161,5.30222,-5.20291,-1.40861,12.8781,-0.67013,-8.40528
2023-04-26,5.0531,-8.59,2.93598,4.35273,5.35105,-5.7291,-1.54801,12.89806,-0.66599,-8.40528
2023-04-27,5.043,-8.57,2.83498,4.36144,5.32361,-5.41502,-1.45972,12.77948,-0.67061,-8.40528
2023-04-28,4.9762,-8.65,2.75874,4.37626,5.29466,-6.20331,-1.66873,13.04092,-0.6633,-8.40528
2023-05-01,4.986,-8.48,2.77758,4.37336,5.29107,-5.93859,-1.5932,12.94853,-0.6549,-6.64361
2023-05-02,4.9879,-8.51,2.87807,4.32175,5.37121,-7.40376,-1.98139,12.9304,-0.65814,-6.64361
2023-05-03,5.0384,-8.49,2.90908,4.28124,5.42446,-7.38303,-1.96838,13.0919,-0.64849,-6.64361
2023-05-04,4.9944,-8.49,3.00022,4.28359,5.43187,-8.39656,-2.23072,12.57391,-0.67521,-6.64361
2023-05-05,4.9826,-8.49,2.84433,4.32148,5.35417,-7.19235,-1.90323,12.5794,-0.67491,-6.64361
2023-05-08,4.9517,-8.44,2.83204,4.34394,5.31938,-7.16252,-1.88993,12.35681,-0.68302,-6.64361
2023-05-09,5.008,-8.46,2.87413,4.3495,5.31753,-5.99716,-1.57861,12.58939,-0.67199,-6.64361
2023-05-10,4.9859,-8.51,2.82968,4.33611,5.32487,-6.57743,-1.72896,12.08187,-0.70436,-6.64361
2023-05-11,4.9429,-8.55,2.82909,4.31722,5.34486,-7.81823,-2.05179,11.87121,-0.72023,-6.64361
2023-05-12,4.9295,-8.5,2.83498,4.30636,5.35323,-8.24634,-2.15696,11.71081,-0.72583,-6.64361
2023-05-15,4.9202,-8.54,2.84025,4.32055,5.33432,-8.08118,-2.10587,11.62307,-0.73475,-6.64361
2023-05-16,4.8879,-8.52,2.88982,4.31629,5.34481,-8.93636,-2.31951,11.61501,-0.73353,-6.64361
2023-05-17,4.9394,-8.49,2.82554,4.34329,5.29648,-6.97984,-1.80357,11.84063,-0.71702,-6.64361
2023-05-18,4.9377,-8.44,2.77571,4.32889,5.29709,-7.02589,-1.8116,11.69623,-0.7216,-6.64361
2023-05-19,4.9644,-8.46,2.82197,4.32519,5.30794,-6.69117,-1.72195,11.75839,-0.71949,-6.64361
2023-05-22,4.9968,-8.35,2.84549,4.3306,5.30204,-5.92933,-1.52505,11.84438,-0.70498,-6.64361
2023-05-23,4.9661,-8.41,2.91939,4.34173,5.30639,-6.62778,-1.70198,11.88828,-0.70742,-6.64361
2023-05-24,4.9712,-8.38,2.99723,4.36131,5.30257,-6.45312,-1.65477,11.88295,-0.70521,-6.64361
2023-05-25,4.9586,-8.37,2.95178,4.33415,5.31844,-7.00573,-1.79541,11.52445,-0.72628,-6.64361
2023-05-26,5.0352,-8.41,2.88759,4.34316,5.29222,-4.97854,-1.27426,11.96456,-0.70291,-6.64361
2023-05-29,4.9928,-8.41,2.88759,4.34316,5.29093,-5.79966,-1.48592,11.97119,-0.70252,-6.64361
2023-05-30,5.0181,-8.2,2.85991,4.29783,5.32598,-5.95457,-1.52687,11.84041,-0.69254,-6.64361
2023-05-31,5.0348,-8.23,2.88703,4.28579,5.34209,-5.92425,-1.52014,11.82907,-0.69574,-6.64361
2023-06-01,5.0548,-8.25,2.75047,4.30784,5.28516,-4.45642,-1.14369,11.86236,-0.69548,-3.57464
2023-06-02,5.0131,-8.25,2.68102,4.33244,5.24352,-4.49382,-1.15421,11.86573,-0.69528,-3.57464
2023-06-05,4.9566,-8.29,2.68989,4.34003,5.23662,-5.49558,-1.41115,11.9567,-0.69333,-3.57464
2023-06-06,4.9256,-8.31,2.6362,4.33454,5.22512,-5.90309,-1.51423,11.89725,-0.69848,-3.57464
2023-06-07,4.912,-8.33,2.63476,4.34316,5.21289,-5.94526,-1.52326,11.86983,-0.70178,-3.57464
2023-06-08,4.9224,-8.37,2.61374,4.33021,5.21402,-5.7554,-1.47172,11.68165,-0.71651,-3.57464
2023-06-09,4.9221,-8.38,2.62684,4.31468,5.22585,-5.98826,-1.5285,11.60427,-0.72215,-3.57464
2023-06-12,4.8779,-8.35,2.70872,4.27444,5.2796,-7.91363,-2.01537,11.7052,-0.71336,-3.57464
2023-06-13,4.8606,-8.39,2.68171,4.30798,5.23718,-7.46214,-1.89287,11.60361,-0.72305,-3.57464
2023-06-14,4.861,-8.39,2.63045,4.2932,5.22877,-7.29314,-1.84415,11.4412,-0.73331,-3.57464
2023-06-15,4.815,-8.42,2.67415,4.32638,5.209,-7.86528,-1.98313,11.36518,-0.74086,-3.57464
2023-06-16,4.8092,-8.41,2.60565,4.33873,5.17236,-7.27977,-1.83144,11.28694,-0.74511,-3.57464
2023-06-19,4.807,-8.41,2.60565,4.33873,5.16618,-7.20604,-1.80967,11.27844,-0.74567,-3.57464
2023-06-20,4.7769,-8.36,2.63045,4.32942,5.17493,-8.00344,-2.01025,11.3206,-0.73848,-3.57464
2023-06-21,4.7893,-8.35,2.58022,4.34536,5.13837,-7.03518,-1.76165,11.04266,-0.75616,-3.57464
2023-06-22,4.7623,-8.35,2.558,4.30596,5.15452,-7.91442,-1.97704,10.94853,-0.76266,-3.57464
2023-06-23,4.76974,-8.34,2.59824,4.30204,5.16592,-7.97922,-1.98711,10.85354,-0.76841,-3.57464
2023-06-26,4.7855,-8.25,2.65676,4.30649,5.18184,-7.95691,-1.97502,10.8456,-0.76068,-3.57464
2023-06-27,4.7673,-8.31,2.62031,4.28027,5.17971,-8.29691,-2.05284,10.8175,-0.7682,-3.57464
2023-06-28,4.8105,-8.31,2.59749,4.30447,5.14558,-6.73375,-1.66131,10.91324,-0.76146,-3.57464
2023-06-29,4.8505,-8.29,2.60565,4.30865,5.14125,-5.82137,-1.43394,11.01576,-0.75256,-3.57464
2023-06-30,4.8556,-8.32,2.60933,4.31615,5.13223,-5.54081,-1.36413,11.01997,-0.75499,-3.57464
2023-07-03,4.7842,-8.31,2.60786,4.31281,5.12975,-6.97379,-1.71755,11.36728,-0.73105,-2.68761
2023-07-04,4.8065,-8.31,2.60786,4.31281,5.12425,-6.40156,-1.57428,11.34313,-0.7326,-2.68761
2023-07-05,4.8399,-8.31,2.65183,4.33925,5.12297,-5.68399,-1.39656,11.38962,-0.72961,-2.68761
2023-07-06,4.8472,-8.29,2.73696,4.33755,5.16215,-6.29516,-1.54615,11.39815,-0.72731,-2.68761
2023-07-07,4.9187,-8.29,2.69665,4.36272,5.12513,-4.11109,-1.00848,11.7906,-0.7031,-2.68761
2023-07-10,4.8709,-8.27,2.71271,4.35273,5.13876,-5.35334,-1.31234,11.70284,-0.70667,-2.68761
2023-07-11,4.8982,-8.26,2.69733,4.3745,5.11658,-4.3619,-1.06816,11.23181,-0.73541,-2.68761
2023-07-12,4.8515,-8.28,2.60565,4.3834,5.06425,-4.29189,-1.05042,11.38329,-0.72738,-2.68761
2023-07-13,4.8169,-8.28,2.6108,4.39888,5.05542,-4.8331,-1.18242,11.44726,-0.72332,-2.68761
2023-07-14,4.7948,-8.26,2.59077,4.3804,5.05558,-5.2961,-1.29441,11.39891,-0.72463,-2.68761
2023-07-17,4.7881,-8.26,2.60121,4.3631,5.06866,-5.69438,-1.38977,11.23734,-0.73505,-2.68761
2023-07-18,4.8058,-8.26,2.58776,4.37739,5.05025,-4.9614,-1.20908,10.62771,-0.77721,-2.68761
2023-07-19,4.8093,-8.26,2.62177,4.37525,5.06631,-5.20621,-1.26788,10.59451,-0.77965,-2.68761
2023-07-20,4.7899,-8.26,2.63834,4.37752,5.0703,-5.68895,-1.38536,10.6133,-0.77827,-2.68761
2023-07-21,4.7969,-8.25,2.61007,4.39531,5.0413,-4.96939,-1.20896,10.6148,-0.77722,-2.68761
2023-07-24,4.7774,-8.24,2.63261,4.4157,5.0385,-5.32121,-1.29298,10.59205,-0.77794,-2.68761
2023-07-25,4.7255,-8.24,2.62901,4.42652,5.02703,-6.18565,-1.50065,10.77873,-0.76447,-2.68761
2023-07-26,4.7489,-8.24,2.57946,4.41788,5.00177,-5.18784,-1.25582,10.54815,-0.78118,-2.68761
2023-07-27,4.7362,-8.24,2.66792,4.43367,5.03853,-6.18787,-1.49624,10.54056,-0.78174,-2.68761
2023-07-28,4.7416,-8.23,2.59002,4.44253,4.98674,-5.04072,-1.21792,10.54515,-0.78045,-2.68761
2023-07-31,4.7233,-8.2,2.61227,4.44922,4.99413,-5.57562,-1.34562,10.32701,-0.79403,-2.68761
2023-08-01,4.7247,-8.21,2.63404,4.44159,5.00864,-5.83605,-1.40672,10.20912,-0.80418,-3.25484
2023-08-02,4.792,-8.22,2.7782,4.42125,5.10474,-6.32227,-1.52217,10.63656,-0.77281,-3.25484
2023-08-03,4.8104,-7.71,2.76758,4.4443,5.11185,-6.07808,-1.46165,10.61137,-0.72658,-3.25484
2023-08-04,4.9164,-7.71,2.83908,4.45713,5.14621,-4.56846,-1.09717,11.27105,-0.68405,-3.25484
2023-08-07,4.8854,-7.69,2.75811,4.44664,5.10495,-4.39589,-1.05537,11.30576,-0.68018,-3.25484
2023-08-08,4.899,-7.68,2.77196,4.45632,5.10748,-4.16759,-1.00026,11.19379,-0.68609,-3.25484
2023-08-09,4.8986,-7.7,2.77009,4.47221,5.09505,-3.93192,-0.94445,11.18157,-0.68863,-3.25484
2023-08-10,4.9017,-7.71,2.76317,4.45899,5.09946,-3.95528,-0.9508,11.17655,-0.68984,-3.25484
2023-08-11,4.8915,-7.71,2.69733,4.46372,5.05465,-3.28087,-0.78847,11.10573,-0.69424,-3.25484
2023-08-14,4.911,-7.69,2.69598,4.45679,5.05992,-2.98725,-0.71941,10.93135,-0.70348,-3.25484
2023-08-15,4.9621,-7.69,2.80093,4.44136,5.13795,-3.48251,-0.83944,11.12882,-0.691,-3.25484
2023-08-16,4.9832,-7.69,2.82019,4.42425,5.16338,-3.55191,-0.85719,11.10886,-0.69224,-3.25484
2023-08-17,4.9869,-7.69,2.88424,4.43224,5.20136,-4.21065,-1.01643,11.03249,-0.69703,-3.25484
2023-08-18,4.9755,-7.7,2.85071,4.4403,5.17436,-3.91906,-0.94635,10.97202,-0.70179,-3.25484
2023-08-21,4.9669,-7.68,2.84083,4.43628,5.17356,-4.07656,-0.98539,10.9757,-0.69973,-3.25484
2023-08-22,4.9787,-7.68,2.83145,4.43117,5.17295,-3.8275,-0.92804,10.97374,-0.69985,-3.25484
2023-08-23,4.9371,-7.68,2.77134,4.42137,5.1396,-4.01973,-0.97677,10.65334,-0.7209,-3.25484
2023-08-24,4.8551,-7.67,2.84491,4.42317,5.19268,-6.72205,-1.63536,11.03329,-0.69517,-3.25484
2023-08-25,4.8803,-7.64,2.75239,4.43651,5.11967,-4.78835,-1.16225,11.0358,-0.69229,-3.25484
2023-08-28,4.8704,-7.67,2.71337,4.4358,5.08886,-4.38772,-1.0637,11.01349,-0.69642,-3.25484
2023-08-29,4.8726,-7.69,2.67069,4.4484,5.04763,-3.52907,-0.85466,10.97761,-0.70052,-3.25484
2023-08-30,4.8513,-7.69,2.63045,4.45272,5.01546,-3.32783,-0.80586,10.89376,-0.70591,-3.25484
2023-08-31,4.8884,-7.69,2.60786,4.4643,4.99055,-2.0681,-0.50065,10.78805,-0.71283,-3.25484
2023-09-01,4.9538,-7.72,2.57185,4.48357,4.94956,0.08556,0.02072,11.04825,-0.69875,-2.98733
2023-09-04,4.9763,-7.72,2.57185,4.48357,4.94997,0.53046,0.12846,11.06795,-0.69751,-2.98733
2023-09-05,4.9362,-7.7,2.63977,4.50025,4.99075,-1.09906,-0.26635,11.18403,-0.68848,-2.98733
2023-09-06,4.9667,-7.7,2.67069,4.50645,5.00851,-0.83824,-0.20313,11.25065,-0.6844,-2.98733
2023-09-07,4.977,-7.72,2.66723,4.49892,5.00874,-0.63576,-0.15406,11.10116,-0.69542,-2.98733
2023-09-08,4.9761,-7.7,2.62756,4.50701,4.97561,0.00992,0.00241,11.07381,-0.69533,-2.98733
2023-09-11,4.983,-7.7,2.62467,4.5069,4.9722,0.21698,0.0526,11.07549,-0.69523,-2.98733
2023-09-12,4.9294,-7.69,2.65535,4.52244,4.98401,-1.10171,-0.2671,11.12594,-0.69118,-2.98733
2023-09-13,4.9466,-7.7,2.60121,4.52048,4.94382,0.05628,0.01365,11.13842,-0.6913,-2.98733
2023-09-14,4.9154,-7.7,2.55101,4.5401,4.8939,0.43837,0.10636,11.21937,-0.68631,-2.98733
2023-09-15,4.8682,-7.69,2.62394,4.54255,4.94074,-1.47902,-0.35923,11.32008,-0.67932,-2.98733
2023-09-18,4.867,-7.7,2.63906,4.54786,4.94086,-1.50608,-0.36632,11.31095,-0.68076,-2.98733
2023-09-19,4.8537,-7.71,2.64688,4.54691,4.941,-1.78273,-0.43399,11.26396,-0.68448,-2.98733
2023-09-20,4.8658,-7.69,2.71734,4.53828,4.99019,-2.52424,-0.61571,11.26971,-0.68236,-2.98733
2023-09-21,4.8788,-7.18,2.86448,4.53582,5.1165,-4.75721,-1.16425,11.26363,-0.63745,-2.98733
2023-09-22,4.9349,-7.19,2.84491,4.5355,5.08452,-2.98684,-0.73334,11.44825,-0.62804,-2.98733
2023-09-25,4.9339,-7.17,2.82731,4.53571,5.05542,-2.43304,-0.60066,11.3187,-0.63347,-2.98733
2023-09-26,4.9683,-7.17,2.94128,4.54287,5.11019,-2.81585,-0.6996,11.28407,-0.63541,-2.98733
2023-09-27,4.9862,-7.17,2.90252,4.57006,5.04038,-1.0808,-0.26963,11.30169,-0.63442,-2.98733
2023-09-28,5.0422,-7.19,2.85302,4.55787,5.00425,0.75556,0.18922,11.07037,-0.64948,-2.98733
2023-09-29,5.0328,-7.2,2.86334,4.55713,5.00672,0.5195,0.13071,11.05576,-0.65124,-2.98733
2023-10-02,5.0428,-7.13,2.86847,4.50767,5.05427,-0.22726,-0.05762,10.98719,-0.64894,-4.58737
2023-10-03,5.0615,-7.13,2.98467,4.50998,5.12438,-1.23461,-0.31537,11.00289,-0.64801,-4.58737
2023-10-04,5.1663,-7.14,2.92209,4.45214,5.13242,0.65792,0.16965,11.36092,-0.62847,-4.58737
2023-10-05,5.1546,-7.14,2.91723,4.43165,5.14589,0.16918,0.04406,11.1755,-0.6389,-4.58737
2023-10-06,5.165,-7.12,2.85934,4.4377,5.09599,1.34506,0.35244,11.13733,-0.63929,-4.58737
2023-10-09,5.1457,-7.12,2.87356,4.47904,5.05847,1.70965,0.45102,10.97535,-0.64873,-4.58737
2023-10-10,5.1352,-7.14,2.83498,4.47335,5.03451,1.9802,0.52496,10.86923,-0.6569,-4.58737
2023-10-11,5.051,-7.14,2.7782,4.45225,5.01475,0.72032,0.19189,11.37029,-0.62795,-4.58737
2023-10-12,5.0496,-7.12,2.81481,4.45435,5.0352,0.28556,0.07627,11.36358,-0.62656,-4.58737
2023-10-13,5.0459,-7.13,2.96114,4.50965,5.07268,-0.5294,-0.14194,11.35299,-0.62803,-4.58737
2023-10-16,5.0482,-7.14,2.84549,4.49591,5.0047,0.86538,0.23273,11.35316,-0.6289,-4.58737
2023-10-17,5.0376,-7.13,2.88368,4.4987,5.02497,0.25112,0.06781,11.32634,-0.62951,-4.58737
2023-10-18,5.0374,-7.14,2.95595,4.51634,5.05176,-0.28465,-0.07719,11.32676,-0.63037,-4.58737
2023-10-19,5.0561,-7.15,3.06339,4.52591,5.11159,-1.09156,-0.29722,11.29819,-0.63284,-4.58737
2023-10-20,5.0629,-7.17,3.07777,4.52353,5.11874,-1.09693,-0.30003,11.03986,-0.64946,-4.58737
2023-10-23,5.0313,-7.17,3.01406,4.49792,5.09865,-1.32976,-0.36523,11.10837,-0.64546,-4.58737
2023-10-24,5.0123,-7.17,2.94286,4.47813,5.06699,-1.08517,-0.29942,11.1251,-0.64449,-4.58737
2023-10-25,4.991,-7.16,3.00519,4.50125,5.0783,-1.73409,-0.48079,11.17265,-0.64085,-4.58737
2023-10-26,4.9947,-7.16,3.02917,4.47654,5.11612,-2.402,-0.66945,11.13212,-0.64318,-4.58737
2023-10-27,4.9853,-7.16,3.0573,4.50513,5.09573,-2.19088,-0.61429,11.14535,-0.64242,-4.58737
2023-10-30,4.95203,-7.15,2.98315,4.47107,5.08259,-2.60236,-0.72939,10.9121,-0.65524,-4.58737
2023-10-31,5.0461,-7.16,2.89812,4.47061,5.02361,0.4467,0.12529,11.49304,-0.62299,-4.58737
2023-11-01,5.0341,-7.18,2.82554,4.43829,5.01274,0.42519,0.11926,10.68298,-0.6721,-2.57922
2023-11-02,4.9537,-6.71,2.75111,4.46418,4.9326,0.42681,0.11973,11.1028,-0.60435,-2.57922
2023-11-03,4.9529,-6.72,2.70203,4.44136,4.92643,0.53588,0.15035,11.09081,-0.60591,-2.57922
2023-11-06,4.8992,-6.69,2.70069,4.44477,4.92204,-0.46514,-0.1305,11.30988,-0.59152,-2.57922
2023-11-07,4.8841,-6.7,2.6953,4.40195,4.96469,-1.63666,-0.45941,11.3259,-0.59156,-2.57922
2023-11-08,4.8715,-6.71,2.67069,4.37626,4.97426,-2.0875,-0.58792,11.32998,-0.59223,-2.57922
2023-11-09,4.9093,-6.71,2.7272,4.38215,4.99998,-1.83036,-0.51721,11.40895,-0.58813,-2.57922
2023-11-10,4.9339,-6.72,2.65113,4.39974,4.93233,0.03185,0.00901,11.2607,-0.59677,-2.57922
2023-11-13,4.89338,-6.7,2.69192,4.41304,4.94356,-1.02018,-0.28943,11.3421,-0.59072,-2.57922
2023-11-14,4.9062,-6.73,2.65042,4.41243,4.91859,-0.25229,-0.07177,11.35521,-0.59268,-2.57922
2023-11-15,4.8645,-6.72,2.65183,4.39667,4.93633,-1.46588,-0.4182,11.46877,-0.58594,-2.57922
2023-11-16,4.8609,-6.74,2.66166,4.34925,4.99129,-2.64703,-0.75872,11.46567,-0.58784,-2.57922
2023-11-17,4.8622,-6.75,2.62467,4.38962,4.92554,-1.29428,-0.37239,11.45312,-0.58936,-2.57922
2023-11-20,4.81918,-6.71,2.596,4.41061,4.88651,-1.38754,-0.40056,11.46768,-0.58512,-2.57922
2023-11-21,4.8518,-6.72,2.59152,4.41219,4.88248,-0.63045,-0.18241,11.06044,-0.60757,-2.57922
2023-11-22,4.8993,-6.71,2.55334,4.40623,4.86572,0.68775,0.20007,11.18447,-0.59994,-2.57922
2023-11-23,4.9055,-6.71,2.55334,4.39901,4.87329,0.65873,0.19326,11.17883,-0.60024,-2.57922
2023-11-24,4.9025,-6.71,2.52252,4.38925,4.8639,0.7904,0.23363,11.17955,-0.6002,-2.57922
2023-11-27,4.9009,-6.76,2.54081,4.38178,4.88201,0.38623,0.11511,11.14289,-0.60666,-2.57922
2023-11-28,4.8955,-6.78,2.54081,4.40281,4.86267,0.67294,0.20252,11.04173,-0.61403,-2.57922
2023-11-29,4.8698,-6.8,2.56341,4.42004,4.86118,0.17716,0.05379,10.75544,-0.63224,-2.57922
2023-11-30,4.9041,-6.8,2.55878,4.41679,4.86063,0.89026,0.27303,10.81194,-0.62893,-2.57922
2023-12-01,4.9231,-6.82,2.53607,4.36793,4.88773,0.72103,0.22396,10.7228,-0.63603,-1.70731
2023-12-04,4.90216,-6.79,2.57108,4.35709,4.9183,-0.32868,-0.1029,10.68031,-0.63575,-1.70731
2023-12-05,4.9431,-6.8,2.55334,4.3464,4.91422,0.58606,0.18524,10.80677,-0.62924,-1.70731
2023-12-06,4.9277,-6.8,2.56264,4.30811,4.9498,-0.44749,-0.14347,10.82354,-0.62826,-1.70731
2023-12-07,4.9012,-6.81,2.56955,4.30474,4.95525,-1.09677,-0.35529,10.86912,-0.62655,-1.70731
2023-12-08,4.9101,-6.81,2.51366,4.32863,4.89808,0.24503,0.08036,10.66229,-0.6387,-1.70731
2023-12-11,4.89329,-6.78,2.53607,4.33113,4.90938,-0.32843,-0.10916,10.65851,-0.63611,-1.70731
2023-12-12,4.9367,-6.79,2.49072,4.29374,4.90726,0.59812,0.20083,10.73366,-0.63259,-1.70731
2023-12-13,4.9645,-6.81,2.50062,4.30757,4.9011,1.2852,0.43796,10.60535,-0.64213,-1.70731
2023-12-14,4.9184,-6.32,2.52413,4.33873,4.89773,0.42114,0.14535,10.77892,-0.58633,-1.70731
2023-12-15,4.9146,-6.31,2.50797,4.33794,4.88747,0.55358,0.19251,10.76456,-0.58618,-1.70731
2023-12-18,4.91966,-6.29,2.53052,4.35607,4.88822,0.64108,0.2251,10.75588,-0.5848,-1.70731
2023-12-19,4.8959,-6.32,2.52813,4.37236,4.87366,0.45524,0.16147,10.78992,-0.58573,-1.70731
2023-12-20,4.8665,-6.31,2.6152,4.37827,4.9258,-1.21126,-0.43206,10.60501,-0.595,-1.70731
2023-12-21,4.9146,-6.33,2.61374,4.37437,4.9259,-0.22972,-0.08247,10.79407,-0.58643,-1.70731
2023-12-22,4.8818,-6.31,2.56725,4.37033,4.89862,-0.34395,-0.12372,10.77884,-0.58541,-1.70731
2023-12-25,4.86984,-6.31,2.56725,4.37033,4.89832,-0.58296,-0.2098,10.75832,-0.58652,-1.70731
2023-12-26,4.86974,-6.3,2.56418,4.39531,4.87782,-0.16561,-0.05963,10.5,-0.6,-1.70731
2023-12-27,4.8135,-6.31,2.52011,4.37764,4.86267,-1.01634,-0.36618,10.7282,-0.58817,-1.70731
2023-12-28,4.8261,-6.3,2.52333,4.3617,4.87584,-1.02535,-0.36948,10.73536,-0.58685,-1.70731
2023-12-29,4.8502,-6.35,2.52172,4.34432,4.88646,-0.7449,-0.2685,10.75969,-0.59017,-1.70731
2024-01-01,4.8505,-6.35,2.52172,4.34432,4.88601,-0.72944,-0.26316,9.86442,-0.64373,-1.08113
2024-01-02,4.8524,-6.29,2.58022,4.32928,4.93341,-1.65573,-0.59828,9.86488,-0.63762,-1.08113
2024-01-03,4.9225,-6.27,2.64191,4.35991,4.94829,-0.52263,-0.18911,10.31385,-0.60792,-1.08113
2024-01-04,4.9192,-6.27,2.6483,4.35144,4.95787,-0.78313,-0.28368,10.29606,-0.60897,-1.08113
2024-01-05,4.8956,-6.28,2.59152,4.36641,4.9112,-0.31813,-0.1153,10.32538,-0.60821,-1.08113
2024-01-08,4.86067,-6.26,2.57108,4.33231,4.92384,-1.2913,-0.46877,9.90503,-0.632,-1.08113
2024-01-09,4.869,-6.28,2.54632,4.35144,4.89403,-0.51285,-0.18663,9.91574,-0.63334,-1.08113
2024-01-10,4.9051,-6.29,2.54081,4.3412,4.898,0.14477,0.05278,10.04276,-0.62632,-1.08113
2024-01-11,4.8914,-6.29,2.52092,4.34912,4.88019,0.22949,0.08392,10.05191,-0.62575,-1.08113
2024-01-12,4.8697,-6.3,2.5416,4.36042,4.8851,-0.31576,-0.11553,10.07799,-0.62512,-1.08113
2024-01-15,4.8529,-6.3,2.5416,4.36042,4.88504,-0.6601,-0.24154,10.09427,-0.62412,-1.08113
2024-01-16,4.8622,-6.3,2.62756,4.36042,4.9386,-1.55901,-0.57049,10.0696,-0.62565,-1.08113
2024-01-17,4.9249,-6.28,2.69395,4.35517,4.98389,-1.19076,-0.43565,10.41586,-0.60293,-1.08113
2024-01-18,4.934,-6.3,2.6483,4.37071,4.94295,-0.18116,-0.06627,10.3577,-0.60824,-1.08113
2024-01-19,4.9261,-6.3,2.58776,4.36386,4.90976,0.3322,0.12157,10.33714,-0.60945,-1.08113
2024-01-22,4.90464,-6.29,2.57946,4.38278,4.89107,0.27706,0.1014,10.33883,-0.60839,-1.08113
2024-01-23,4.9883,-6.3,2.52972,4.37639,4.8646,2.51104,0.91928,10.89455,-0.57827,-1.08113
2024-01-24,4.9522,-6.31,2.57566,4.38253,4.88973,1.26939,0.46461,10.9847,-0.57444,-1.08113
2024-01-25,4.9325,-6.31,2.59898,4.41195,4.88348,0.99871,0.36623,10.93186,-0.57721,-1.08113
2024-01-26,4.9158,-6.31,2.58475,4.42545,4.86519,1.03492,0.38041,10.25419,-0.61536,-1.08113
2024-01-29,4.9136,-6.33,2.61007,4.41159,4.89141,0.45271,0.16641,10.24641,-0.61778,-1.08113
2024-01-30,4.9502,-6.33,2.58852,4.41727,4.87391,1.55321,0.571,9.85242,-0.64248,-1.08113
2024-01-31,4.9503,-6.33,2.66375,4.40318,4.93282,0.35366,0.13003,9.85237,-0.64248,-1.08113
2024-02-01,4.9519,-5.83,2.63045,4.36564,4.9448,0.14346,0.05274,9.6005,-0.60726,-1.65501
2024-02-02,4.915,-5.82,2.62829,4.34808,4.95647,-0.84018,-0.30896,9.70074,-0.59995,-1.65501
2024-02-05,4.93294,-5.83,2.6152,4.35658,4.94166,-0.17666,-0.065,9.71066,-0.60037,-1.65501
2024-02-06,4.94994,-5.81,2.56955,4.36424,4.90757,0.85977,0.31662,9.61288,-0.6044,-1.65501
2024-02-07,4.9623,-5.82,2.55179,4.3721,4.89111,1.44492,0.53209,9.5743,-0.60788,-1.65501
2024-02-08,4.9693,-5.81,2.54866,4.4022,4.86948,2.02915,0.74777,9.42614,-0.61637,-1.65501
2024-02-09,4.9919,-5.81,2.55955,4.40903,4.87349,2.40063,0.88527,9.45358,-0.61458,-1.65501
2024-02-12,4.9531,-5.82,2.63404,4.40672,4.9257,0.55468,0.20462,9.42692,-0.61738,-1.65501
2024-02-13,4.9522,-5.8,2.76317,4.41607,5.00669,-1.09421,-0.40409,9.42511,-0.61538,-1.65501
2024-02-14,4.952,-5.82,2.66584,4.40183,4.95053,0.02973,0.01098,9.42535,-0.61748,-1.65501
2024-02-15,4.9683,-5.82,2.63977,4.41715,4.92281,0.91985,0.33983,9.25647,-0.62875,-1.65501
2024-02-16,4.9724,-5.81,2.65605,4.42449,4.92945,0.86762,0.32051,9.16898,-0.63366,-1.65501
2024-02-19,4.9651,-5.81,2.65605,4.42449,4.93015,0.7063,0.26091,8.97631,-0.64726,-1.65501
2024-02-20,4.9564,-5.81,2.73567,4.41086,4.99327,-0.74107,-0.27381,8.98221,-0.64683,-1.65501
2024-02-21,4.9264,-5.81,2.73046,4.4192,4.98348,-1.15193,-0.42559,9.06734,-0.64076,-1.65501
2024-02-22,4.9349,-5.8,2.6769,4.42688,4.94173,-0.1384,-0.05113,9.0729,-0.63927,-1.65501
2024-02-23,4.9624,-5.79,2.62104,4.40207,4.92167,0.82413,0.30447,9.13429,-0.63388,-1.65501
2024-02-26,4.9935,-5.78,2.62031,4.41316,4.91432,1.59829,0.59042,9.14377,-0.63212,-1.65501
2024-02-27,4.9789,-5.8,2.59749,4.42664,4.89075,1.78629,0.66011,9.06713,-0.63967,-1.65501
2024-02-28,4.9324,-5.8,2.62756,4.427,4.91118,0.43119,0.15933,9.23739,-0.62788,-1.65501
2024-02-29,4.9673,-5.8,2.59525,4.42628,4.89077,1.55273,0.57392,9.3006,-0.62362,-1.65501
2024-03-01,4.9698,-5.83,2.57338,4.42545,4.87735,1.87782,0.69462,9.15389,-0.63689,-2.17318
2024-03-04,4.9527,-5.77,2.60195,4.41643,4.90327,1.00298,0.37142,9.15877,-0.63,-2.17318
2024-03-05,4.9449,-5.78,2.67139,4.40721,4.95365,-0.17684,-0.06563,9.09768,-0.63533,-2.17318
2024-03-06,4.9571,-5.78,2.67415,4.41836,4.94683,0.20736,0.07752,9.10347,-0.63492,-2.17318
2024-03-07,4.9436,-5.78,2.67,4.41836,4.94282,0.01585,0.00597,9.09331,-0.63563,-2.17318
2024-03-08,4.9338,-5.79,2.69056,4.40769,4.96097,-0.54926,-0.20798,8.92997,-0.64838,-2.17318
2024-03-11,4.97754,-5.77,2.72261,4.40928,4.97871,-0.02353,-0.00894,9.03465,-0.63865,-2.17318
2024-03-12,4.9774,-5.77,2.62756,4.40574,4.92098,1.14005,0.43726,8.83176,-0.65332,-2.17318
2024-03-13,4.9687,-5.77,2.62104,4.43117,4.90128,1.36609,0.52823,8.83824,-0.65284,-2.17318
2024-03-14,4.9692,-5.77,2.66723,4.44758,4.91974,1.00037,0.38894,8.83654,-0.65297,-2.17318
2024-03-15,4.9927,-5.77,2.66792,4.44664,4.9214,1.43837,0.56229,8.8235,-0.65394,-2.17318
2024-03-18,4.96805,-5.77,2.66236,4.46464,4.90864,1.20291,0.47263,8.79476,-0.65607,-2.17318
2024-03-19,5.0294,-5.77,2.62612,4.47027,4.88539,2.90517,1.14672,8.91461,-0.64725,-2.17318
2024-03-20,5.03,-5.78,2.56802,4.45377,4.86271,3.38235,1.34323,8.79859,-0.65692,-2.17318
2024-03-21,4.9662,-5.27,2.55878,4.45179,4.86481,2.06278,0.82261,9.17187,-0.57458,-2.17318
2024-03-22,4.9745,-5.29,2.56955,4.4477,4.87447,2.03126,0.81852,9.17562,-0.57653,-2.17318
2024-03-25,5.0009,-5.29,2.57946,4.46303,4.87419,2.56634,1.05466,8.89925,-0.59443,-2.17318
2024-03-26,4.9722,-5.29,2.58324,4.45725,4.88095,1.85215,0.76738,8.97956,-0.58912,-2.17318
2024-03-27,4.9757,-5.3,2.54788,4.45539,4.86319,2.28722,0.95766,8.93291,-0.59331,-2.17318
2024-03-28,4.9903,-5.29,2.56572,4.47141,4.86775,2.48642,1.04449,8.94683,-0.59127,-2.17318
2024-03-29,5.0141,-5.29,2.56572,4.47141,4.86999,2.91622,1.2287,8.98818,-0.58855,-2.17318
2024-04-01,5.0132,-5.31,2.61374,4.47072,4.90145,2.25429,0.95562,8.53844,-0.62189,-3.83996
2024-04-02,5.0536,-5.33,2.68171,4.48774,4.937,2.33432,0.99448,8.67477,-0.61443,-3.83996
2024-04-03,5.0644,-5.33,2.66236,4.49256,4.92546,2.78173,1.18527,8.61535,-0.61866,-3.83996
2024-04-04,5.0386,-5.34,2.79423,4.50701,5.00229,0.7232,0.30819,8.5503,-0.62454,-3.83996
2024-04-05,5.0574,-5.32,2.77446,4.51273,4.98874,1.36698,0.58615,8.57066,-0.62072,-3.83996
2024-04-08,5.0549,-5.32,2.72064,4.50402,4.96074,1.88031,0.80752,8.46134,-0.62874,-3.83996
2024-04-09,5.0239,-5.32,2.70672,4.49334,4.95829,1.31458,0.56628,8.54034,-0.62293,-3.83996
2024-04-10,5.0076,-5.3,2.76001,4.50513,4.98771,0.39791,0.17156,8.51592,-0.62236,-3.83996
2024-04-11,5.0662,-5.3,2.70203,4.49692,4.95533,2.21278,0.95524,8.76621,-0.60459,-3.83996
2024-04-12,5.0904,-5.3,2.85128,4.5048,5.04775,0.84144,0.36327,8.80097,-0.60221,-3.83996
2024-04-15,5.1171,-5.3,2.95647,4.50092,5.11761,-0.00995,-0.0043,8.50342,-0.62328,-3.83996
2024-04-16,5.1837,-5.3,2.91235,4.50003,5.08948,1.83435,0.79227,8.85095,-0.59881,-3.83996
2024-04-17,5.2855,-5.3,2.90197,4.46924,5.09739,3.62379,1.56449,9.59069,-0.55262,-3.83996
2024-04-18,5.2326,-5.29,2.89037,4.46717,5.09496,2.6657,1.15544,9.78855,-0.54043,-3.83996
2024-04-19,5.2417,-5.3,2.92906,4.46924,5.12194,2.31134,1.00423,9.24287,-0.57341,-3.83996
2024-04-22,5.2062,-5.33,2.82968,4.46591,5.05976,2.85318,1.24487,9.22678,-0.57767,-3.83996
2024-04-23,5.1657,-5.3,2.75302,4.4821,5.0067,3.12639,1.37095,9.33831,-0.56755,-3.83996
2024-04-24,5.1305,-5.29,2.77071,4.47756,5.02225,2.13246,0.9443,9.42521,-0.56126,-3.83996
2024-04-25,5.1455,-5.28,2.73242,4.48875,4.99533,2.96197,1.32419,9.43291,-0.55974,-3.83996
2024-04-26,5.1586,-5.29,2.71005,4.49424,4.98128,3.49792,1.57515,9.34232,-0.56624,-3.83996
2024-04-29,5.1155,-5.3,2.6858,4.48187,4.97166,2.85212,1.29404,9.51536,-0.55699,-3.83996
2024-04-30,5.117,-5.29,2.75047,4.47574,5.0165,1.98353,0.91041,9.51538,-0.55594,-3.83996
2024-05-01,5.1939,-5.29,2.73372,4.42413,5.01879,3.42967,1.59343,9.80005,-0.53979,-3.97492
2024-05-02,5.1944,-5.29,2.68649,4.42688,4.98891,4.03629,1.89983,9.78501,-0.54062,-3.97492
2024-05-03,5.1103,-5.3,2.60195,4.41836,4.93891,3.41137,1.61404,10.35179,-0.51199,-3.97492
2024-05-06,5.0709,-5.3,2.60195,4.42281,4.93916,2.63232,1.25536,10.47355,-0.50604,-3.97492
2024-05-07,5.0749,-5.3,2.58249,4.42077,4.92835,2.93029,1.41398,10.47171,-0.50613,-3.97492
2024-05-08,5.0733,-5.3,2.56495,4.4258,4.91838,3.10113,1.51003,10.43745,-0.50779,-3.97492
2024-05-09,5.0879,-5.04,2.54081,4.42939,4.91006,3.55786,1.74084,10.32013,-0.48837,-3.97492
2024-05-10,5.1408,-5.03,2.52972,4.41631,4.90624,4.67,2.29833,10.5079,-0.47869,-3.97492
2024-05-13,5.12326,-5.05,2.61007,4.42317,4.95422,3.35521,1.66178,10.53785,-0.47922,-3.97492
2024-05-14,5.1542,-5.06,2.59675,4.41134,4.94828,4.07727,2.04605,10.58093,-0.47822,-3.97492
2024-05-15,5.1278,-5.05,2.52172,4.41582,4.90686,4.4043,2.21595,10.64236,-0.47452,-3.97492
2024-05-16,5.1336,-5.05,2.51931,4.42209,4.90778,4.49847,2.2616,10.63562,-0.47482,-3.97492
2024-05-17,5.1286,-5.04,2.48407,4.43058,4.88992,4.76561,2.40884,10.62996,-0.47413,-3.97492
2024-05-20,5.102,-5.05,2.49733,4.42736,4.89895,4.06119,2.05869,10.60934,-0.476,-3.97492
2024-05-21,5.1031,-5.05,2.47317,4.41739,4.88543,4.35905,2.20922,10.60688,-0.47611,-3.97492
2024-05-22,5.1219,-5.05,2.50879,4.4055,4.90617,4.30313,2.17548,10.57731,-0.47744,-3.97492
2024-05-23,5.1511,-5.04,2.5471,4.39888,4.92884,4.41062,2.22732,10.56547,-0.47703,-3.97492
2024-05-24,5.1431,-5.04,2.47906,4.40818,4.89242,4.99687,2.51477,10.55095,-0.47768,-3.97492
2024-05-27,5.1698,-5.04,2.47906,4.40818,4.89449,5.47238,2.73759,10.39651,-0.48478,-3.97492
2024-05-28,5.1717,-5.04,2.55878,4.43343,4.94666,4.44897,2.20968,10.3174,-0.48849,-3.97492
2024-05-29,5.1613,-5.04,2.65886,4.42604,5.00539,3.06737,1.51718,10.33102,-0.48785,-3.97492
2024-05-30,5.2021,-5.04,2.67208,4.40501,5.01072,3.74832,1.85022,10.39866,-0.48468,-3.97492
2024-05-31,5.2021,-5.04,2.55878,4.40207,4.94547,5.05904,2.49358,10.38892,-0.48513,-3.97492
2024-06-03,5.2444,-4.98,2.57338,4.36131,4.94946,5.78831,2.83579,10.48616,-0.47491,-7.6932
2024-06-04,5.249,-4.98,2.57718,4.35054,4.95259,5.81276,2.82603,10.46031,-0.47609,-7.6932
2024-06-05,5.2877,-4.99,2.53607,4.36195,4.93331,6.93741,3.34704,10.52015,-0.47433,-7.6932
2024-06-06,5.3004,-4.99,2.53211,4.3804,4.9377,7.08834,3.38706,10.40619,-0.47952,-7.6932
2024-06-07,5.2571,-4.98,2.50307,4.37727,4.92409,6.544,3.10014,10.56614,-0.47132,-7.6932
2024-06-10,5.27044,-4.98,2.54475,4.4022,4.95568,6.15805,2.89367,10.55775,-0.47169,-7.6932
2024-06-11,5.3528,-4.98,2.55334,4.40574,4.96383,7.5442,3.51595,10.95047,-0.45477,-7.6932
2024-06-12,5.3649,-4.99,2.48823,4.41401,4.92961,8.46182,3.89983,10.9292,-0.45658,-7.6932
2024-06-13,5.401,-4.99,2.47989,4.41582,4.92889,9.14712,4.16323,10.91377,-0.45722,-7.6932
2024-06-14,5.3616,-4.99,2.53845,4.41425,4.96727,7.63915,3.42393,10.8181,-0.46126,-7.6932
2024-06-17,5.3572,-4.98,2.54553,4.43379,4.97831,7.33517,3.26261,10.8229,-0.46014,-7.6932
2024-06-18,5.424,-5.0,2.5096,4.44653,4.96118,8.919,3.93522,10.6911,-0.46768,-7.6932
2024-06-19,5.4399,-5.0,2.5096,4.44653,4.96494,9.13604,3.98515,10.69535,-0.46749,-7.6932
2024-06-20,5.4224,-5.0,2.58626,4.45097,5.01535,7.80353,3.36351,10.70559,-0.46705,-7.6932
2024-06-21,5.4524,-5.01,2.58022,4.44547,5.01426,8.37701,3.59479,10.6415,-0.4708,-7.6932
2024-06-24,5.42613,-5.0,2.59002,4.45446,5.02547,7.67074,3.27704,10.71487,-0.46664,-7.6932
2024-06-25,5.3893,-5.01,2.55257,4.44277,5.0041,7.41578,3.159,10.83385,-0.46244,-7.6932
2024-06-26,5.4507,-5.0,2.52972,4.44559,4.99365,8.75771,3.70198,10.99947,-0.45457,-7.6932
2024-06-27,5.5225,-5.01,2.50471,4.45887,4.98196,10.30081,4.30959,11.24301,-0.44561,-7.6932
2024-06-28,5.5005,-5.02,2.52092,4.4591,4.99595,9.62112,3.95827,11.21791,-0.4475,-7.6932
2024-07-01,5.5919,-5.03,2.50307,4.4613,4.98834,11.42162,4.63145,11.61869,-0.43292,-10.24112
2024-07-02,5.655,-5.03,2.4874,4.45713,4.98341,12.64259,5.02199,11.6958,-0.43007,-10.24112
2024-07-03,5.6755,-5.03,2.49238,4.46981,4.99336,12.80498,4.96444,11.69513,-0.43009,-10.24112
2024-07-04,5.5554,-5.03,2.49238,4.46981,4.99935,10.54617,4.00076,12.57722,-0.39993,-10.24112
2024-07-05,5.4864,-5.04,2.52413,4.46061,5.02266,8.83134,3.30936,12.79626,-0.39386,-10.24112
2024-07-08,5.47129,-5.04,2.51527,4.45144,5.02006,8.60729,3.19686,12.78938,-0.39408,-10.24112
2024-07-09,5.4704,-5.04,2.52653,4.43864,5.02926,8.40789,3.09454,12.62244,-0.39929,-10.24112
2024-07-10,5.4171,-5.04,2.55334,4.44359,5.05005,7.01616,2.55873,12.7908,-0.39403,-10.24112
2024-07-11,5.4147,-5.06,2.55878,4.44735,5.05574,6.85931,2.48819,12.76459,-0.39641,-10.24112
2024-07-12,5.438,-5.07,2.52252,4.443,5.03422,7.71535,2.78327,12.54868,-0.40403,-10.24112
2024-07-15,5.4228,-5.07,2.57414,4.44088,5.07056,6.716,2.40902,11.9779,-0.42328,-10.24112
2024-07-16,5.4468,-5.07,2.57946,4.4276,5.07565,7.05746,2.51841,11.81254,-0.4292,-10.24112
2024-07-17,5.4243,-5.07,2.67277,4.44359,5.14258,5.33343,1.89323,11.84871,-0.42789,-10.24112
2024-07-18,5.4877,-5.07,2.7682,4.44394,5.21199,5.15478,1.82649,11.95703,-0.42402,-10.24112
2024-07-19,5.5432,-5.07,2.80457,4.41437,5.24225,5.58216,1.97638,11.96607,-0.4237,-10.24112
2024-07-22,5.52087,-5.07,2.70203,4.41159,5.17533,6.46323,2.28406,11.90331,-0.42593,-10.24112
2024-07-23,5.5707,-5.09,2.68921,4.39457,5.16846,7.49451,2.63625,12.00108,-0.42413,-10.24112
2024-07-24,5.5853,-5.1,2.89259,4.40318,5.32467,4.77881,1.67013,12.00141,-0.42495,-10.24112
2024-07-25,5.6536,-5.11,2.91561,4.41122,5.34831,5.5512,1.93538,12.03321,-0.42466,-10.24112
2024-07-26,5.6431,-5.12,2.79667,4.39605,5.26359,6.96198,2.4201,12.05031,-0.42489,-10.24112
2024-07-29,5.62284,-5.09,2.8094,4.37927,5.28318,6.23085,2.15357,11.78171,-0.43203,-10.24112
2024-07-30,5.6145,-5.1,2.873,4.36475,5.33997,5.01328,1.72518,11.79229,-0.43249,-10.24112
2024-07-31,5.6111,-5.09,2.79484,4.39099,5.27959,6.08975,2.09049,11.24753,-0.45254,-10.24112
2024-08-01,5.6566,-5.13,2.92262,4.37601,5.38877,4.85068,1.65802,11.16485,-0.45948,-11.52618
2024-08-02,5.7506,-5.21,3.15231,4.34133,5.59236,2.79033,0.95144,11.54543,-0.45126,-11.52618
2024-08-05,5.7267,-5.15,3.65247,4.33467,6.07789,-5.95184,-2.02946,11.60212,-0.44388,-11.52618
2024-08-06,5.7209,-5.16,3.32179,4.33703,5.73091,-0.17482,-0.05941,11.61521,-0.44425,-11.52618
2024-08-07,5.6555,-5.16,3.32683,4.36093,5.7319,-1.34179,-0.45599,11.78705,-0.43777,-11.52618
2024-08-08,5.6358,-5.16,3.16927,4.37147,5.59042,0.80846,0.27497,11.78828,-0.43772,-11.52618
2024-08-09,5.5461,-5.17,3.01406,4.37777,5.46003,1.56413,0.5328,12.26186,-0.42163,-11.52618
2024-08-12,5.5063,-5.17,3.03062,4.41037,5.47379,0.5922,0.20199,12.31188,-0.41992,-11.52618
2024-08-13,5.4919,-5.18,2.89702,4.39061,5.36445,2.34813,0.80115,12.33469,-0.41995,-11.52618
2024-08-14,5.4557,-5.18,2.78439,4.37902,5.27421,3.38327,1.15398,12.42393,-0.41694,-11.52618
2024-08-15,5.4689,-5.16,2.72327,4.39494,5.22575,4.5479,1.54934,12.36314,-0.41737,-11.52618
2024-08-16,5.4849,-5.17,2.69463,4.37802,5.20577,5.22305,1.77515,12.36709,-0.41804,-11.52618
2024-08-19,5.4713,-5.19,2.68444,4.35234,5.20217,5.04405,1.70977,12.37719,-0.41932,-11.52618
2024-08-20,5.4056,-5.21,2.76506,4.3464,5.27106,2.52039,0.85233,12.61437,-0.41302,-11.52618
2024-08-21,5.4781,-5.24,2.78932,4.33139,5.29271,3.44274,1.16341,12.85185,-0.40772,-11.52618
2024-08-22,5.4825,-5.22,2.86505,4.34666,5.35845,2.28858,0.77248,12.82382,-0.40705,-11.52618
2024-08-23,5.5909,-5.25,2.7638,4.3697,5.26672,5.97318,2.01499,13.3541,-0.39314,-11.52618
2024-08-26,5.4854,-5.26,2.78192,4.39974,5.27779,3.85821,1.29747,13.94431,-0.37721,-11.52618
2024-08-27,5.4957,-5.27,2.73631,4.37639,5.24472,4.67434,1.56981,13.87498,-0.37982,-11.52618
2024-08-28,5.5079,-5.29,2.83966,4.36501,5.33603,3.17012,1.06212,13.87641,-0.38122,-11.52618
2024-08-29,5.5622,-5.28,2.75047,4.38128,5.25828,5.61889,1.88121,13.91663,-0.3794,-11.52618
2024-08-30,5.6277,-5.29,2.70805,4.36691,5.22663,7.39333,2.46692,14.08241,-0.37565,-11.52618
2024-09-02,5.6092,-5.29,2.70805,4.36691,5.22964,7.00651,2.3245,14.05151,-0.37647,-11.30588
2024-09-03,5.6151,-5.31,3.0311,4.30068,5.53352,1.46351,0.4833,14.0484,-0.37798,-11.30588
2024-09-04,5.6475,-5.32,3.05965,4.28634,5.56493,1.4728,0.48636,13.95722,-0.38116,-11.30588
2024-09-05,5.642,-5.35,2.99072,4.2862,5.50112,2.5287,0.83493,13.96058,-0.38322,-11.30588
2024-09-06,5.5675,-5.37,3.10817,4.26352,5.61796,-0.90219,-0.29776,13.93928,-0.38524,-11.30588
2024-09-09,5.5966,-5.39,2.96785,4.27444,5.48085,2.08985,0.68981,13.96586,-0.38594,-11.30588
2024-09-10,5.5843,-5.44,2.94864,4.23686,5.471,2.04973,0.67669,13.92296,-0.39072,-11.30588
2024-09-11,5.6629,-5.4,2.873,4.25717,5.40324,4.69379,1.55144,14.08547,-0.38337,-11.30588
2024-09-12,5.6674,-5.44,2.83732,4.27625,5.366,5.46472,1.80287,14.0813,-0.38633,-11.30588
2024-09-13,5.6257,-5.53,2.80699,4.27123,5.33474,5.31055,1.74676,13.98007,-0.39556,-11.30588
2024-09-16,5.61237,-5.54,2.84141,4.28703,5.36476,4.51222,1.48052,13.98407,-0.39617,-11.30588
2024-09-17,5.5039,-5.55,2.86847,4.3,5.38812,2.12609,0.69616,14.52922,-0.38199,-11.30588
2024-09-18,5.4817,-5.66,2.90307,4.29932,5.41039,1.30932,0.42865,14.51378,-0.38997,-11.30588
2024-09-19,5.461,-5.95,2.793,4.31589,5.26997,3.56076,1.16629,14.50087,-0.41032,-11.30588
2024-09-20,5.4239,-6.0,2.78192,4.31066,5.25746,3.11664,1.01972,14.501,-0.41376,-11.30588
2024-09-23,5.5136,-6.03,2.76569,4.30271,5.24293,5.03379,1.64624,14.69489,-0.41035,-11.30588
2024-09-24,5.5361,-6.06,2.73372,4.31975,5.20546,6.15827,2.01149,14.4822,-0.41844,-11.30588
2024-09-25,5.4497,-6.06,2.73502,4.29674,5.21739,4.35629,1.41722,14.80174,-0.40941,-11.30588
2024-09-26,5.4738,-6.07,2.73242,4.2711,5.2262,4.62881,1.5031,14.44318,-0.42027,-11.30588
2024-09-27,5.4367,-6.07,2.83086,4.27639,5.32088,2.15343,0.69818,14.306,-0.4243,-11.30588
2024-09-30,5.4332,-6.02,2.8172,4.27347,5.31725,2.15712,0.69954,14.27999,-0.42157,-11.30588
2024-10-01,5.4485,-6.04,2.95803,4.2981,5.44106,0.13661,0.04429,13.66129,-0.44213,-10.99223
2024-10-02,5.424,-6.06,2.93916,4.30271,5.41837,0.10385,0.03367,13.46353,-0.4501,-10.99223
2024-10-03,5.4403,-6.07,3.01994,4.35183,5.4736,-0.61017,-0.19786,13.468,-0.4507,-10.99223
2024-10-04,5.4763,-6.02,2.95543,4.35735,5.41384,1.14719,0.37203,13.53418,-0.4448,-10.99223
2024-10-07,5.4543,-5.98,3.11972,4.39358,5.56441,-1.99861,-0.64808,13.41293,-0.44584,-10.99223
2024-10-08,5.4942,-6.0,3.06433,4.34614,5.52693,-0.59388,-0.19254,13.48893,-0.44481,-10.99223
2024-10-09,5.5347,-6.0,3.03783,4.33834,5.50387,0.55866,0.18113,13.53997,-0.44313,-10.99223
2024-10-10,5.5961,-6.0,3.04118,4.3745,5.49224,1.87336,0.60762,13.69385,-0.43815,-10.99223
2024-10-11,5.5817,-6.02,3.01847,4.36995,5.47055,2.01133,0.65218,13.68397,-0.43993,-10.99223
2024-10-14,5.6106,-6.02,2.98062,4.34976,5.44373,3.01934,0.98105,13.68536,-0.43989,-10.99223
2024-10-15,5.5947,-6.02,3.02723,4.30744,5.51117,1.50421,0.48859,13.51381,-0.44547,-10.99223
2024-10-16,5.652,-6.03,2.97451,4.30703,5.45972,3.46128,1.12508,13.51756,-0.44609,-10.99223
2024-10-17,5.668,-6.01,2.95021,4.31013,5.43949,4.11507,1.33745,13.49758,-0.44526,-10.99223
2024-10-18,5.6518,-6.02,2.89204,4.29128,5.39439,4.66141,1.51547,13.39955,-0.44927,-10.99223
2024-10-21,5.6359,-6.02,2.91072,4.30798,5.40676,4.15066,1.35033,13.40427,-0.44911,-10.99223
2024-10-22,5.6881,-6.03,2.90142,4.33126,5.38588,5.45954,1.77766,13.30989,-0.45305,-10.99223
2024-10-23,5.6893,-6.02,2.95699,4.31695,5.45237,4.25366,1.38422,13.30397,-0.4525,-10.99223
2024-10-24,5.6865,-6.05,2.94864,4.30919,5.44799,4.28474,1.39727,13.2831,-0.45547,-10.99223
2024-10-25,5.664,-6.02,3.0121,4.33139,5.50296,2.88437,0.94265,13.30497,-0.45246,-10.99223
2024-10-28,5.68581,-6.05,2.98568,4.26858,5.5155,3.04127,0.99585,13.32459,-0.45405,-10.99223
2024-10-29,5.7102,-6.05,2.96218,4.26437,5.49726,3.80035,1.24698,13.25494,-0.45643,-10.99223
2024-10-30,5.76,-6.08,3.01308,4.28428,5.53343,4.01305,1.3181,12.95274,-0.4694,-10.99223
2024-10-31,5.7623,-6.11,3.14243,4.29265,5.65778,1.8305,0.60156,12.92486,-0.47273,-10.99223
2024-11-01,5.7894,-6.14,3.08557,4.29183,5.59884,3.34691,1.10136,12.95525,-0.47394,-11.76329
2024-11-04,5.67753,-6.1,3.09013,4.31855,5.59236,1.51144,0.49787,13.34253,-0.45718,-11.76329
2024-11-05,5.7906,-6.11,3.01994,4.32453,5.51661,4.84723,1.59804,13.88779,-0.43995,-11.76329
2024-11-06,5.7398,-6.11,2.78932,4.31642,5.29744,8.02003,2.6393,13.61166,-0.44888,-11.76329
2024-11-07,5.6748,-6.62,2.7213,4.32585,5.16445,9.4237,3.08038,13.73373,-0.48202,-11.76329
2024-11-08,5.691,-6.62,2.70404,4.30231,5.16777,9.64446,3.12334,13.72716,-0.48226,-11.76329
2024-11-11,5.7364,-6.62,2.70605,4.2743,5.19432,9.92656,3.18409,13.72653,-0.48228,-11.76329
2024-11-12,5.7554,-6.62,2.68853,4.27514,5.18254,10.48431,3.32995,13.73195,-0.48209,-11.76329
2024-11-13,5.7482,-6.65,2.64048,4.28055,5.13525,11.27584,3.54657,13.73125,-0.4843,-11.76329
2024-11-14,5.8059,-6.64,2.66096,4.28441,5.15813,11.83012,3.68246,13.83823,-0.47983,-11.76329
2024-11-15,5.7883,-6.65,2.7813,4.26324,5.29313,8.94292,2.74869,13.60859,-0.48866,-11.76329
2024-11-18,5.7946,-6.62,2.74599,4.29456,5.23933,10.07325,3.07565,13.37948,-0.49479,-11.76329
2024-11-19,5.7464,-6.63,2.79423,4.2947,5.2862,8.34747,2.52722,13.50665,-0.49087,-11.76329
2024-11-20,5.7718,-6.63,2.84258,4.28785,5.34089,7.75921,2.33709,12.97733,-0.51089,-11.76329
2024-11-21,5.7707,-6.62,2.82554,4.30717,5.3097,8.32581,2.49717,12.35547,-0.53579,-11.76329
2024-11-22,5.8141,-6.62,2.72392,4.31975,5.20529,11.06098,3.29801,12.42613,-0.53275,-11.76329
2024-11-25,5.7993,-6.63,2.68102,4.2906,5.19794,10.94755,3.23145,12.44205,-0.53287,-11.76329
2024-11-26,5.7972,-6.64,2.64617,4.28785,5.17273,11.39753,3.33203,12.30886,-0.53945,-11.76329
2024-11-27,5.8096,-6.65,2.64617,4.28813,5.17661,11.53619,3.33847,12.10681,-0.54928,-11.76329
2024-11-28,5.9374,-6.65,2.64617,4.28813,5.18207,13.60667,3.89938,12.80413,-0.51936,-11.76329
2024-11-29,6.0139,-6.67,2.60343,4.28964,5.14638,15.578,4.40316,13.02348,-0.51215,-11.76329
2024-12-02,5.9732,-6.74,2.59077,4.2743,5.15328,14.76501,4.10318,13.08238,-0.5152,-14.8176
2024-12-03,6.0568,-6.76,2.58776,4.29892,5.12678,16.67039,4.56627,13.33203,-0.50705,-14.8176
2024-12-04,6.0431,-6.78,2.59898,4.28096,5.16468,15.70735,4.2218,13.0262,-0.52049,-14.8176
2024-12-05,6.0388,-6.79,2.60565,4.27792,5.18072,15.32607,4.05789,13.00777,-0.522,-14.8176
2024-12-06,6.0103,-6.83,2.5471,4.26437,5.15461,15.35838,4.00751,13.0445,-0.52359,-14.8176
2024-12-09,6.0883,-6.83,2.65254,4.27861,5.22892,15.21632,3.91318,13.00301,-0.52526,-14.8176
2024-12-10,6.0766,-6.84,2.65183,4.2793,5.23308,14.94455,3.78671,13.01739,-0.52545,-14.8176
2024-12-11,6.0453,-6.87,2.6086,4.29756,5.17417,15.56015,3.89004,12.96598,-0.52985,-14.8176
2024-12-12,5.9527,-7.9,2.63333,4.29606,5.07191,16.01278,3.946,13.36694,-0.59101,-14.8176
2024-12-13,5.9961,-7.91,2.62539,4.31066,5.0496,17.18003,4.17402,12.76096,-0.61986,-14.8176
2024-12-16,6.0409,-7.88,2.68717,4.30285,5.11836,16.57185,3.96199,12.77011,-0.61707,-14.8176
2024-12-17,6.1473,-7.87,2.76443,4.29306,5.19914,16.75206,3.94666,13.11224,-0.6002,-14.8176
2024-12-18,6.1032,-7.89,3.31854,4.29579,5.62444,8.16917,1.89721,13.12278,-0.60124,-14.8176
2024-12-19,6.2889,-7.9,3.1818,4.28881,5.53531,12.76381,2.95462,13.98577,-0.56486,-14.8176
2024-12-20,6.1516,-7.91,2.91017,4.28964,5.32524,14.42547,3.31378,14.78952,-0.53484,-14.8176
2024-12-23,6.0842,-7.89,2.82019,4.28538,5.27096,14.34831,3.26472,14.59285,-0.54068,-14.8176
2024-12-24,6.1939,-7.85,2.65816,4.29837,5.13388,18.77037,4.23362,14.93686,-0.52555,-14.8176
2024-12-25,6.1756,-7.85,2.65816,4.29837,5.14176,18.32097,4.0667,14.86484,-0.52809,-14.8176
2024-12-26,6.1828,-7.9,2.68989,4.29401,5.17501,17.79296,3.88969,14.85605,-0.53177,-14.8176
2024-12-27,6.1485,-7.94,2.76946,4.30636,5.21117,16.5403,3.56529,14.93285,-0.53171,-14.8176
2024-12-30,6.1937,-7.88,2.85647,4.30932,5.28146,15.933,3.39367,14.9134,-0.52838,-14.8176
2024-12-31,6.1779,-7.88,2.85359,4.31268,5.27688,15.76431,3.32088,14.94122,-0.5274,-14.8176
2025-01-02,6.3,-7.89,2.88648,4.32981,5.26803,17.88929,3.72922,15.32328,-0.5149,-13.06015
2025-01-03,6.151,-7.91,2.78068,4.33742,5.17586,17.26093,3.55036,16.14848,-0.48983,-13.06015
2025-01-06,6.1807,-7.9,2.77509,4.33467,5.18251,17.61417,3.57855,16.12255,-0.49,-13.06015
2025-01-07,6.1155,-7.9,2.88032,4.34445,5.24249,15.40305,3.09018,16.27373,-0.48544,-13.06015
2025-01-08,6.1009,-7.9,2.87356,4.33284,5.26587,14.71892,2.92554,16.17812,-0.48831,-13.06015
2025-01-09,6.1058,-7.9,2.87356,4.34277,5.24701,15.1581,2.98881,16.15871,-0.4889,-13.06015
2025-01-10,6.0346,-7.89,2.97246,4.37902,5.24368,14.04852,2.74788,16.35188,-0.48251,-13.06015
2025-01-13,6.1059,-7.88,2.95439,4.39457,5.19986,16.06232,3.1196,16.46683,-0.47854,-13.06015
2025-01-14,6.0934,-7.89,2.92906,4.38103,5.2117,15.63001,3.01042,16.38264,-0.48161,-13.06015
2025-01-15,6.0548,-7.9,2.78006,4.40709,5.04595,18.22646,3.48185,16.44822,-0.4803,-13.06015
2025-01-16,6.0122,-7.91,2.8094,4.39802,5.08799,16.69078,3.15244,16.51011,-0.4791,-13.06015
2025-01-17,6.0499,-7.91,2.77071,4.39185,5.07483,17.57485,3.28993,16.52492,-0.47867,-13.06015
2025-01-20,6.06616,-7.91,2.77071,4.39185,5.07714,17.7979,3.29797,16.44631,-0.48096,-13.06015
2025-01-21,6.0298,-7.89,2.71204,4.37311,5.08018,17.13669,3.14239,16.50577,-0.47801,-13.06015
2025-01-22,6.0205,-7.89,2.71469,4.36945,5.09324,16.72556,3.03757,16.51077,-0.47787,-13.06015
2025-01-23,5.9403,-7.89,2.70938,4.36042,5.11265,15.00412,2.70024,16.73065,-0.47159,-13.06015
2025-01-24,5.924,-7.9,2.698,4.3631,5.10109,14.95566,2.67229,16.73315,-0.47212,-13.06015
2025-01-27,5.9091,-7.93,2.8848,4.34484,5.27564,11.33938,2.01188,16.72847,-0.47404,-13.06015
2025-01-28,5.8926,-7.94,2.79789,4.35015,5.20226,12.46044,2.20193,16.65883,-0.47662,-13.06015
2025-01-29,5.8561,-7.94,2.80699,4.33834,5.23792,11.15601,1.96206,16.71064,-0.47515,-13.06015
2025-01-30,5.8567,-8.95,2.76254,4.34212,5.09363,13.95963,2.4461,16.68632,-0.53637,-13.06015
2025-01-31,5.8745,-8.94,2.79911,4.34068,5.12876,13.57576,2.36545,16.20701,-0.55161,-13.06015
2025-02-03,5.8406,-8.91,2.92424,4.33021,5.24924,10.67507,1.85018,15.77735,-0.56473,-8.81764
2025-02-04,5.8062,-8.92,2.84549,4.33336,5.18818,11.25435,1.94509,15.72099,-0.56739,-8.81764
2025-02-05,5.7571,-8.92,2.75811,4.31227,5.17893,10.58353,1.82332,15.64482,-0.57016,-8.81764
2025-02-06,5.8029,-8.91,2.74084,4.30798,5.18281,11.30095,1.9406,15.71214,-0.56708,-8.81764
2025-02-07,5.7605,-8.9,2.80578,4.31294,5.22284,9.79821,1.67644,15.70746,-0.56661,-8.81764
2025-02-10,5.8032,-8.9,2.76064,4.32902,5.15833,11.77965,2.01014,15.76274,-0.56462,-8.81764
2025-02-11,5.7869,-8.9,2.77384,4.34381,5.13833,11.88685,2.02068,15.77139,-0.56431,-8.81764
2025-02-12,5.7645,-8.9,2.76569,4.31989,5.1951,10.40019,1.76137,15.66172,-0.56826,-8.81764
2025-02-13,5.7644,-8.91,2.71469,4.31775,5.16916,10.89911,1.84077,15.65046,-0.56931,-8.81764
2025-02-14,5.7669,-8.91,2.6926,4.31402,5.1698,10.92999,1.84214,15.64904,-0.56936,-8.81764
2025-02-17,5.7012,-8.91,2.6926,4.31402,5.1766,9.6528,1.62209,15.72792,-0.56651,-8.81764
2025-02-18,5.7121,-8.91,2.73112,4.32863,5.17575,9.86025,1.65505,15.70655,-0.56728,-8.81764
2025-02-19,5.6886,-8.91,2.72589,4.33126,5.17189,9.52261,1.59549,15.72648,-0.56656,-8.81764
2025-02-20,5.7203,-8.92,2.75111,4.33703,5.18064,9.90934,1.65681,15.69259,-0.56842,-8.81764
2025-02-21,5.7013,-8.93,2.90197,4.30986,5.36486,6.08233,1.01456,15.69798,-0.56886,-8.81764
2025-02-24,5.731,-8.94,2.94339,4.31455,5.38917,6.14986,1.02535,15.73597,-0.56813,-8.81764
2025-02-25,5.7778,-8.95,2.96682,4.29073,5.47445,5.39309,0.89855,15.81738,-0.56583,-8.81764
2025-02-26,5.7403,-8.94,2.94969,4.284,5.4844,4.56032,0.75929,15.22998,-0.587,-8.81764
2025-02-27,5.8017,-8.93,3.05069,4.30461,5.51456,5.07597,0.84477,15.15897,-0.58909,-8.81764
2025-02-28,5.839,-8.93,2.97706,4.29292,5.49216,6.12385,1.01862,15.16868,-0.58871,-8.81764
2025-03-03,5.8804,-8.9,3.12588,4.27137,5.68034,3.46137,0.57528,14.96782,-0.59461,-9.64734
2025-03-04,6.0205,-8.91,3.15743,4.26324,5.73397,4.87622,0.81034,15.71353,-0.56703,-9.64734
2025-03-05,5.8857,-8.9,3.08786,4.23844,5.75082,2.31828,0.38501,16.34992,-0.54435,-9.64734
2025-03-06,5.7401,-8.91,3.21366,4.24075,5.85522,-1.98575,-0.32974,17.05796,-0.52234,-9.64734
2025-03-07,5.763,-8.91,3.15145,4.25362,5.76238,0.01076,0.00179,16.86061,-0.52845,-9.64734
2025-03-10,5.7829,-8.92,3.32719,4.23816,5.95954,-3.00882,-0.49958,16.8812,-0.5284,-9.64734
2025-03-11,5.8529,-8.91,3.29287,4.24219,5.91335,-1.02758,-0.17058,17.04944,-0.5226,-9.64734
2025-03-12,5.8086,-8.9,3.18759,4.26198,5.76631,0.73065,0.12129,16.84139,-0.52846,-9.64734
2025-03-13,5.7978,-8.91,3.20518,4.24678,5.82453,-0.45992,-0.07635,16.77158,-0.53126,-9.64734
2025-03-14,5.7985,-8.92,3.08053,4.25675,5.68939,1.89961,0.31535,16.69377,-0.53433,-9.64734
2025-03-17,5.7406,-8.91,3.02091,4.26367,5.62336,2.06352,0.34258,16.38427,-0.54381,-9.64734
2025-03-18,5.67807,-8.91,3.07731,4.25646,5.69245,-0.25295,-0.04199,16.45821,-0.54137,-9.64734
2025-03-19,5.6721,-8.92,2.99072,4.25958,5.61074,1.08766,0.1806,15.19511,-0.58703,-9.64734
2025-03-20,5.6481,-9.92,2.98568,4.27667,5.48566,2.91823,0.48459,14.62832,-0.67814,-9.64734
2025-03-21,5.6739,-9.92,2.95907,4.27889,5.46127,3.81953,0.63416,14.54161,-0.68218,-9.64734
2025-03-24,5.7296,-9.92,2.86106,4.29046,5.35557,6.75085,1.12051,14.1981,-0.69869,-9.64734
2025-03-25,5.7608,-9.92,2.842,4.29073,5.34545,7.48313,1.24061,14.25577,-0.69586,-9.64734
2025-03-26,5.6984,-9.92,2.90854,4.30122,5.37769,5.79259,0.95893,14.38114,-0.68979,-9.64734
2025-03-27,5.7335,-9.92,2.92799,4.30447,5.39129,6.15409,1.01837,14.43038,-0.68744,-9.64734
2025-03-28,5.7393,-9.92,3.07501,4.29905,5.53458,3.63208,0.60101,14.33533,-0.692,-9.64734
2025-03-31,5.7581,-9.93,3.10369,4.31402,5.52331,4.16304,0.68898,14.36044,-0.69148,-9.64734
2025-04-01,5.6984,-9.93,3.08053,4.31066,5.51841,3.20952,0.53114,13.84791,-0.71708,-10.20412
2025-04-02,5.6813,-9.93,3.06852,4.31682,5.49658,3.30538,0.54712,13.08719,-0.75876,-10.20412
2025-04-03,5.6637,-9.94,3.40186,4.25049,5.98066,-5.44543,-0.90277,13.03345,-0.76265,-10.20412
2025-04-04,5.6306,-9.97,3.81353,4.18327,6.5725,-15.46786,-2.56899,12.93121,-0.771,-10.20412
2025-04-07,5.84003,-9.96,3.84972,4.16216,6.62123,-12.55452,-2.08012,14.97877,-0.66494,-10.20412
2025-04-08,5.9136,-9.94,3.95757,4.14027,6.74016,-13.08286,-2.16251,15.20787,-0.65361,-10.20412
2025-04-09,6.0133,-9.9,3.51512,4.18174,6.18085,-2.74821,-0.45293,15.41753,-0.64213,-10.20412
2025-04-10,5.8181,-9.91,3.70672,4.14836,6.43504,-10.07841,-1.66246,16.57887,-0.59775,-10.20412
2025-04-11,5.8843,-9.91,3.62594,4.17069,6.27579,-6.44123,-1.06099,16.75138,-0.59159,-10.20412
2025-04-14,5.8642,-9.92,3.43043,4.17254,6.1078,-4.07007,-0.67096,16.72034,-0.59329,-10.20412
2025-04-15,5.8542,-9.92,3.40519,4.1693,6.09604,-4.04806,-0.6686,16.66926,-0.59511,-10.20412
2025-04-16,5.8846,-9.92,3.48554,4.18738,6.10198,-3.62739,-0.60014,16.65319,-0.59568,-10.20412
2025-04-17,5.8654,-9.91,3.38946,4.21892,5.94257,-1.30715,-0.21683,16.65036,-0.59518,-10.20412
2025-04-22,5.8071,-9.92,3.42002,4.21124,5.98663,-3.04481,-0.50579,16.72238,-0.59322,-10.20412
2025-04-23,5.7199,-9.92,3.34815,4.19147,5.98885,-4.59475,-0.76425,16.97253,-0.58447,-10.20412
2025-04-24,5.7034,-9.93,3.27601,4.19795,5.91643,-3.66709,-0.6106,16.78452,-0.59162,-10.20412
2025-04-25,5.6787,-9.93,3.21246,4.20275,5.85779,-3.10496,-0.51755,16.79564,-0.59122,-10.20412
2025-04-28,5.6847,-9.93,3.22486,4.18753,5.90859,-3.86285,-0.64489,16.79488,-0.59125,-10.20412
2025-04-29,5.6529,-9.94,3.18511,4.16278,5.94728,-5.07646,-0.84868,16.81914,-0.59099,-10.20412
2025-04-30,5.62,-9.94,3.2068,4.14504,6.0098,-6.70602,-1.12289,16.81425,-0.59117,-10.20412
2025-05-01,5.6729,-9.94,3.20275,4.12923,6.04464,-6.34721,-1.06267,16.9329,-0.58702,-9.09464
2025-05-02,5.6771,-9.92,3.12148,4.11562,6.01927,-5.8526,-0.98017,16.91961,-0.5863,-9.09464
2025-05-05,5.6669,-9.92,3.16294,4.09817,6.09312,-7.25177,-1.21584,16.88813,-0.58739,-9.09464
2025-05-06,5.6863,-9.92,3.20923,4.12955,6.0357,-5.96317,-1.00064,16.86928,-0.58805,-9.09464
2025-05-07,5.7128,-9.91,3.15913,4.11284,6.04081,-5.58289,-0.93685,16.81553,-0.58934,-9.09464
2025-05-08,5.7446,-10.41,3.11263,4.14059,5.89949,-2.66056,-0.44638,16.77603,-0.62053,-9.09464
2025-05-09,5.6616,-10.41,3.08649,4.15748,5.83701,-3.05127,-0.51231,16.96263,-0.6137,-9.09464
2025-05-12,5.6482,-10.33,2.91181,4.17377,5.68273,-0.60948,-0.10241,16.89564,-0.6114,-9.09464
2025-05-13,5.6698,-10.34,2.90252,4.19915,5.61517,0.96819,0.16284,16.90966,-0.61148,-9.09464
2025-05-14,5.60047,-10.34,2.92424,4.19102,5.65348,-0.94208,-0.15861,17.06487,-0.60592,-9.09464
2025-05-15,5.6365,-10.37,2.88088,4.16713,5.68666,-0.88598,-0.14936,17.11999,-0.60572,-9.09464
2025-05-16,5.6813,-10.38,2.84723,4.18068,5.63627,0.79568,0.13457,17.19926,-0.60351,-9.09464
2025-05-19,5.65867,-10.36,2.89812,4.18266,5.67044,-0.20771,-0.03521,17.06557,-0.60707,-9.09464
2025-05-20,5.6445,-10.37,2.89536,4.18022,5.67978,-0.62306,-0.10589,17.0671,-0.6076,-9.09464
2025-05-21,5.6673,-10.39,3.03831,4.173,5.79083,-2.15634,-0.36741,17.06863,-0.60872,-9.09464
2025-05-22,5.6447,-10.38,3.00964,4.16573,5.79375,-2.60628,-0.44489,17.04778,-0.60888,-9.09464
2025-05-23,5.7162,-10.39,3.10414,4.171,5.83942,-2.13274,-0.36471,17.22574,-0.60317,-9.09464
2025-05-26,5.6452,-10.39,3.10414,4.171,5.84107,-3.41087,-0.58482,17.37343,-0.59804,-9.09464
2025-05-27,5.6666,-10.4,2.94233,4.16029,5.77019,-1.81155,-0.31112,17.3099,-0.60081,-9.09464
2025-05-28,5.6374,-10.4,2.96062,4.17285,5.75267,-2.02412,-0.34872,17.29239,-0.60142,-9.09464
2025-05-29,5.6887,-10.39,2.95387,4.16122,5.78346,-1.65195,-0.28558,17.25464,-0.60216,-9.09464
2025-05-30,5.6651,-10.39,2.92155,4.15732,5.77897,-1.99003,-0.34529,17.21672,-0.60348,-9.09464
2025-06-02,5.7208,-10.31,2.91017,4.16868,5.75193,-0.54267,-0.09459,17.27365,-0.59686,-7.7852
2025-06-03,5.6724,-10.32,2.873,4.18403,5.69587,-0.41294,-0.0722,16.6427,-0.62009,-7.7852
2025-06-04,5.6378,-10.31,2.86847,4.17223,5.72953,-1.61388,-0.28296,16.0858,-0.64094,-7.7852
2025-06-05,5.6321,-10.31,2.91669,4.1796,5.73936,-1.88652,-0.33156,15.30534,-0.67362,-7.7852
2025-06-06,5.5846,-10.32,2.81959,4.19675,5.64666,-1.10513,-0.1949,15.36618,-0.6716,-7.7852
2025-06-09,5.5627,-10.31,2.84258,4.20529,5.6413,-1.40315,-0.24828,15.36,-0.67122,-7.7852
2025-06-10,5.557,-10.3,2.83027,4.20275,5.64492,-1.56968,-0.27841,15.14345,-0.68016,-7.7852
2025-06-11,5.5721,-10.3,2.84839,4.2452,5.54677,0.45557,0.08103,15.09632,-0.68229,-7.7852
2025-06-12,5.5358,-10.29,2.89148,4.23931,5.58645,-0.91076,-0.16223,15.14033,-0.67964,-7.7852
2025-06-13,5.5373,-10.3,3.03591,4.30717,5.48595,0.93174,0.16632,15.1407,-0.68029,-7.7852
2025-06-16,5.5389,-10.32,2.95021,4.29361,5.48086,1.05332,0.18828,15.02318,-0.68694,-7.7852
2025-06-17,5.4908,-10.33,3.07269,4.33664,5.43392,1.04124,0.18636,14.96703,-0.69018,-7.7852
2025-06-18,5.493,-10.33,3.00271,4.3399,5.3961,1.77981,0.31898,14.9678,-0.69015,-7.7852
2025-06-19,5.4852,-10.58,3.00271,4.3399,5.39193,1.71511,0.30794,14.94985,-0.7077,-7.7852
2025-06-20,5.49,-10.61,3.02626,4.34394,5.39614,1.72445,0.31037,14.91767,-0.71124,-7.7852
2025-06-23,5.5184,-10.62,2.9872,4.26942,5.56772,-0.88971,-0.16043,14.81656,-0.71677,-7.7852
2025-06-24,5.4938,-10.62,2.86106,4.20678,5.67148,-3.18302,-0.57518,14.78514,-0.71829,-7.7852
2025-06-25,5.5103,-10.62,2.819,4.21479,5.63246,-2.19275,-0.39707,14.65847,-0.7245,-7.7852
2025-06-26,5.5579,-10.61,2.8088,4.21553,5.62755,-1.24538,-0.22589,14.71217,-0.72117,-7.7852
2025-06-27,5.4771,-10.61,2.79239,4.21612,5.62035,-2.58184,-0.46908,14.97787,-0.70838,-7.7852
2025-06-30,5.4784,-10.59,2.8172,4.21376,5.63877,-2.8852,-0.52514,14.95712,-0.70802,-7.7852
2025-07-01,5.4302,-10.6,2.82316,4.20633,5.66041,-4.1521,-0.75688,14.91894,-0.71051,-7.6095
2025-07-02,5.4588,-10.59,2.81181,4.2357,5.58192,-2.23032,-0.40713,14.95991,-0.70789,-7.6095
2025-07-03,5.4264,-10.58,2.79606,4.2312,5.58719,-2.92006,-0.53372,14.98986,-0.70581,-7.6095
2025-07-04,5.4093,-10.58,2.79606,4.22376,5.60563,-3.56511,-0.65248,14.96159,-0.70714,-7.6095
2025-07-07,5.4194,-10.58,2.87864,4.24248,5.59668,-3.21879,-0.58994,12.93113,-0.81818,-7.6095
2025-07-08,5.4877,-10.58,2.82197,4.25064,5.55247,-1.17335,-0.21545,12.93136,-0.81817,-7.6095
2025-07-09,5.4461,-10.58,2.76883,4.25121,5.52853,-1.50225,-0.27627,12.46932,-0.84848,-7.6095
2025-07-10,5.5818,-10.58,2.75874,4.22888,5.57619,0.10055,0.0185,11.87708,-0.89079,-7.6095
2025-07-11,5.5311,-10.59,2.79728,4.25362,5.53601,-0.08879,-0.01636,11.74237,-0.90186,-7.6095
2025-07-14,5.5719,-10.58,2.84491,4.23715,5.59676,-0.4452,-0.08207,11.84855,-0.89294,-7.6095
2025-07-15,5.587,-10.58,2.85532,4.22989,5.61881,-0.56767,-0.1047,11.86786,-0.89148,-7.6095
2025-07-16,5.551,-10.59,2.84258,4.22713,5.61973,-1.23054,-0.22712,11.86021,-0.8929,-7.6095
2025-07-17,5.5666,-10.59,2.80457,4.24161,5.56923,-0.04719,-0.00872,11.87367,-0.89189,-7.6095
2025-07-18,5.5466,-10.6,2.79789,4.23816,5.57489,-0.50869,-0.09399,11.74136,-0.90279,-7.6095
2025-07-21,5.5781,-10.59,2.81241,4.23715,5.58425,-0.1102,-0.02037,11.43727,-0.92592,-7.6095
2025-07-22,5.5655,-10.59,2.80336,4.22815,5.60145,-0.64389,-0.11914,11.43241,-0.92631,-7.6095
2025-07-23,5.5639,-10.59,2.73242,4.22698,5.57226,-0.15019,-0.02781,11.40417,-0.92861,-7.6095
2025-07-24,5.5164,-10.58,2.73372,4.23671,5.55144,-0.63324,-0.11736,11.51885,-0.91849,-7.6095
2025-07-25,5.52,-10.58,2.70337,4.22596,5.56193,-0.75679,-0.14037,11.47344,-0.92213,-7.6095
2025-07-28,5.5652,-10.6,2.71005,4.24907,5.51319,0.93898,0.17431,11.54388,-0.91824,-7.6095
2025-07-29,5.5868,-10.6,2.77134,4.28372,5.46648,2.17718,0.4046,11.41116,-0.92892,-7.6095
2025-07-30,5.5732,-10.59,2.73955,4.29374,5.43412,2.52717,0.47058,11.41773,-0.9275,-7.6095
2025-07-31,5.5754,-10.59,2.81661,4.284,5.49265,1.49523,0.27873,11.4144,-0.92778,-7.6095
2025-08-01,5.5988,-10.65,3.01455,4.24377,5.67124,-1.2856,-0.23995,11.42553,-0.93212,-5.99915
2025-08-04,5.5379,-10.65,2.86334,4.23062,5.63171,-1.67982,-0.31381,11.57831,-0.91982,-5.99915
2025-08-05,5.4961,-10.66,2.882,4.2142,5.67608,-3.22224,-0.60248,11.59742,-0.91917,-5.99915
2025-08-06,5.503,-10.68,2.81959,4.20305,5.67049,-2.99827,-0.5607,11.25593,-0.94883,-5.99915
2025-08-07,5.4589,-10.68,2.80759,4.19615,5.67833,-3.9409,-0.73682,11.3521,-0.9408,-5.99915
2025-08-08,5.4143,-10.68,2.718,4.19855,5.62971,-3.90135,-0.72906,11.41891,-0.93529,-5.99915
2025-08-11,5.4323,-10.66,2.78809,4.19915,5.65808,-4.07224,-0.76069,11.20083,-0.95172,-5.99915
2025-08-12,5.4423,-10.67,2.68989,4.19147,5.6263,-3.32501,-0.62078,11.12345,-0.95923,-5.99915
2025-08-13,5.4012,-10.71,2.67346,4.18403,5.63109,-4.16818,-0.77795,11.07534,-0.96701,-5.99915
2025-08-14,5.3912,-10.7,2.69665,4.2023,5.60005,-3.80067,-0.70895,11.05857,-0.96758,-5.99915
2025-08-15,5.4091,-10.7,2.71403,4.18738,5.63663,-4.12028,-0.7682,11.08264,-0.96547,-5.99915
2025-08-18,5.4004,-10.67,2.70738,4.1987,5.60721,-3.75795,-0.70028,11.0426,-0.96626,-5.99915
2025-08-19,5.4357,-10.7,2.74535,4.18647,5.64758,-3.82384,-0.71222,11.11748,-0.96245,-5.99915
2025-08-20,5.4976,-10.7,2.75302,4.2023,5.61565,-2.1246,-0.39553,11.05928,-0.96751,-5.99915
2025-08-21,5.46916,-10.68,2.8094,4.21464,5.61645,-2.65738,-0.49468,10.83443,-0.98575,-5.99915
2025-08-22,5.4648,-10.73,2.65465,4.21553,5.53846,-1.33891,-0.2492,10.79945,-0.99357,-5.99915
2025-08-25,5.4213,-10.71,2.69395,4.2312,5.52532,-1.90049,-0.35375,10.86287,-0.98593,-5.99915
2025-08-26,5.4097,-10.72,2.68239,4.20797,5.56535,-2.83664,-0.52807,10.68677,-1.00311,-5.99915
2025-08-27,5.4312,-10.74,2.698,4.22024,5.54582,-2.0885,-0.38891,10.70648,-1.00313,-5.99915
2025-08-28,5.4177,-10.74,2.66931,4.22858,5.51418,-1.76517,-0.32874,10.49879,-1.02297,-5.99915
2025-08-29,5.413,-10.77,2.73177,4.22127,5.55722,-2.62937,-0.48976,10.38362,-1.03721,-5.99915
2025-09-01,5.4324,-10.77,2.73177,4.22127,5.55544,-2.23972,-0.4172,10.36065,-1.03951,-4.53188
2025-09-02,5.4384,-10.8,2.84316,4.23613,5.58026,-2.575,-0.4796,10.36578,-1.04189,-4.53188
2025-09-03,5.467,-10.82,2.79423,4.21361,5.59775,-2.36354,-0.44011,10.30291,-1.05019,-4.53188
2025-09-04,5.4481,-10.84,2.72785,4.20454,5.58036,-2.39862,-0.44656,10.29673,-1.05276,-4.53188
2025-09-05,5.444,-10.93,2.71998,4.18205,5.61642,-3.11799,-0.58046,10.29613,-1.06156,-4.53188
2025-09-08,5.4122,-10.9,2.71536,4.18996,5.59651,-3.34883,-0.62339,10.33592,-1.05457,-4.53188
2025-09-09,5.4203,-10.9,2.71071,4.19555,5.58104,-2.92239,-0.54388,10.26869,-1.06148,-4.53188
2025-09-10,5.4336,-10.91,2.73112,4.21198,5.55849,-2.27241,-0.42292,10.28316,-1.06096,-4.53188
2025-09-11,5.402,-10.92,2.68853,4.19525,5.56603,-2.99135,-0.55671,10.34162,-1.05593,-4.53188
2025-09-12,5.3882,-10.92,2.69192,4.20454,5.54843,-2.93045,-0.54524,10.21262,-1.06926,-4.53188
2025-09-15,5.351,-10.94,2.75302,4.21124,5.5657,-3.93385,-0.73176,10.29704,-1.06244,-4.53188
2025-09-16,5.3152,-10.96,2.79484,4.2264,5.55758,-4.4593,-0.82934,10.37215,-1.05668,-4.53188
2025-09-17,5.2958,-10.98,2.75493,4.21877,5.54806,-4.65342,-0.86521,10.38733,-1.05706,-4.53188
2025-09-18,5.3101,-10.97,2.75366,4.21124,5.55842,-4.5704,-0.84944,10.34368,-1.06055,-4.53188
2025-09-19,5.3043,-10.97,2.73761,4.19991,5.56745,-4.84192,-0.89945,10.31451,-1.06355,-4.53188
2025-09-22,5.3205,-11.0,2.77882,4.19825,5.58918,-4.92649,-0.91473,10.31522,-1.06639,-4.53188
2025-09-23,5.3343,-11.0,2.81181,4.21405,5.57684,-4.44648,-0.82523,10.16732,-1.0819,-4.53188
2025-09-24,5.2816,-10.98,2.78378,4.23859,5.51779,-4.37491,-0.8118,9.94483,-1.10409,-4.53188
2025-09-25,5.3299,-10.96,2.8178,4.24017,5.53274,-3.73505,-0.693,10.13068,-1.08186,-4.53188
2025-09-26,5.3637,-10.98,2.7272,4.25035,5.4641,-1.85456,-0.34421,10.07324,-1.09002,-4.53188
2025-09-29,5.34225,-10.96,2.78006,4.21907,5.54415,-3.70965,-0.68909,10.03984,-1.09165,-4.53188
2025-09-30,5.3217,-10.98,2.78994,4.20499,5.56984,-4.5574,-0.84714,10.00088,-1.0979,-4.53188
2025-10-01,5.3195,-10.99,2.79055,4.17976,5.60571,-5.24068,-0.97503,9.98417,-1.10074,-4.55957
2025-10-02,5.3288,-10.98,2.81121,4.1606,5.64158,-5.70372,-1.06186,9.98317,-1.09985,-4.55957
2025-10-03,5.3366,-10.97,2.81241,4.16713,5.62716,-5.30168,-0.98797,9.64654,-1.13719,-4.55957
2025-10-06,5.3346,-10.98,2.79545,4.18159,5.5925,-4.7213,-0.87976,9.53598,-1.15143,-4.55957
2025-10-07,5.3112,-10.99,2.84723,4.18129,5.62277,-5.7007,-1.06252,8.1107,-1.355,-4.55957
2025-10-08,5.3538,-10.99,2.79117,4.19344,5.56818,-3.9262,-0.73179,8.11799,-1.35378,-4.55957
2025-10-09,5.3352,-10.97,2.79911,4.17777,5.59107,-4.6844,-0.87364,7.9792,-1.37482,-4.55957
2025-10-10,5.3772,-10.98,3.07547,4.13884,5.81825,-7.88313,-1.47147,8.13264,-1.35012,-4.55957
2025-10-13,5.523,-10.98,2.94602,4.1482,5.71559,-3.42759,-0.63987,9.71914,-1.12973,-4.55957
2025-10-14,5.4641,-10.98,3.03543,4.1334,5.7908,-5.80716,-1.08644,9.93014,-1.10572,-4.55957
2025-10-15,5.4815,-10.97,3.02723,4.12568,5.79077,-5.48865,-1.02818,9.93101,-1.10462,-4.55957
2025-10-16,5.4493,-10.98,3.2312,4.11186,5.94042,-8.6293,-1.61734,9.92321,-1.1065,-4.55957
2025-10-17,5.44081,-11.0,3.03399,4.11562,5.7953,-6.31189,-1.18246,9.91876,-1.10901,-4.55957
2025-10-20,5.4061,-11.03,2.90307,4.11104,5.70828,-5.43894,-1.01931,9.99204,-1.10388,-4.55957
2025-10-21,5.3687,-11.04,2.88312,4.11611,5.68509,-5.72607,-1.07462,9.94338,-1.11029,-4.55957
2025-10-22,5.3867,-11.04,2.92316,4.13661,5.68769,-5.43712,-1.02237,9.96988,-1.10734,-4.55957
2025-10-23,5.3994,-11.05,2.85071,4.1895,5.58705,-3.41635,-0.64326,9.83444,-1.1236,-4.55957
2025-10-24,5.3829,-11.07,2.79545,4.18875,5.55143,-3.08275,-0.58169,9.80741,-1.12874,-4.55957
2025-10-27,5.3883,-11.11,2.75938,4.18388,5.53187,-2.62968,-0.49709,9.80521,-1.13307,-4.55957
2025-10-28,5.3733,-11.11,2.7985,4.16511,5.57269,-3.64362,-0.68962,9.81359,-1.1321,-4.55957
2025-10-29,5.3574,-11.07,2.8285,4.17316,5.58348,-4.1334,-0.78313,9.77634,-1.13233,-4.55957
2025-10-30,5.3578,-11.08,2.82791,4.17439,5.5807,-4.07611,-0.77293,9.55318,-1.15982,-4.55957
2025-10-31,5.382,-11.11,2.85877,4.17546,5.59813,-3.93721,-0.74738,9.49614,-1.16995,-4.55957
2025-11-03,5.3746,-11.02,2.84316,4.17269,5.58953,-3.92112,-0.74507,9.49284,-1.16088,-3.36642
2025-11-04,5.3549,-11.04,2.94444,4.16573,5.65828,-5.51084,-1.04849,9.38891,-1.17586,-3.36642
2025-11-05,5.3959,-11.04,2.89093,4.15135,5.6333,-4.30558,-0.81953,9.38147,-1.17679,-3.36642
2025-11-06,5.3586,-11.07,2.97041,4.14915,5.68415,-5.89786,-1.1236,9.45553,-1.17074,-3.36642
2025-11-07,5.3495,-11.08,2.94864,4.15309,5.6649,-5.72858,-1.09225,9.45074,-1.17239,-3.36642
2025-11-10,5.3309,-11.05,2.8679,4.15982,5.60706,-5.05061,-0.96341,9.35703,-1.18093,-3.36642
2025-11-11,5.2897,-11.05,2.84955,4.17685,5.58157,-5.3709,-1.02575,9.47306,-1.16647,-3.36642
2025-11-12,5.2707,-11.05,2.86277,4.13852,5.61949,-6.40771,-1.22562,9.46668,-1.16725,-3.36642
2025-11-13,5.2913,-11.04,2.99573,4.14329,5.69608,-7.37136,-1.41056,9.50242,-1.16181,-3.36642
2025-11-14,5.2965,-11.05,2.9872,4.16496,5.67069,-6.82642,-1.30665,9.40449,-1.17497,-3.36642
2025-11-17,5.2956,-11.03,3.10817,4.162,5.74519,-8.14872,-1.55995,9.09748,-1.21242,-3.36642
2025-11-18,5.3295,-11.06,3.2064,4.17269,5.79185,-8.31951,-1.59124,9.15414,-1.2082,-3.36642
2025-11-19,5.3215,-11.05,3.16379,4.1512,5.77949,-8.25603,-1.57823,9.15644,-1.2068,-3.36642
2025-11-20,5.3286,-11.06,3.27412,4.14915,5.84151,-9.19002,-1.75587,9.03218,-1.22451,-3.36642
2025-11-21,5.3323,-11.1,3.15402,4.13613,5.77631,-7.99829,-1.52645,9.02614,-1.22976,-3.36642
2025-11-24,5.4021,-11.09,3.0214,4.14899,5.68606,-5.12293,-0.97744,9.37132,-1.1834,-3.36642
2025-11-25,5.3868,-11.1,2.92101,4.13485,5.64047,-4.60154,-0.87966,9.3752,-1.18398,-3.36642
2025-11-26,5.3794,-11.08,2.84433,4.1452,5.58828,-3.80952,-0.7294,9.37745,-1.18156,-3.36642
2025-11-27,5.3308,-11.08,2.84433,4.1452,5.58715,-4.69677,-0.90108,9.51626,-1.16432,-3.36642
2025-11-28,5.3554,-11.12,2.79423,4.1463,5.5575,-3.70433,-0.71204,9.56287,-1.16283,-3.36642
2025-12-01,5.3354,-11.19,2.84723,4.14583,5.58399,-4.55393,-0.87709,9.52202,-1.17517,-6.04313
2025-12-02,5.3558,-11.23,2.8088,4.13437,5.57095,-3.93854,-0.76041,9.53772,-1.17743,-6.04313
2025-12-03,5.3263,-11.28,2.77758,4.13788,5.5505,-4.12318,-0.79817,9.59506,-1.17561,-6.04313
2025-12-04,5.3061,-11.29,2.75874,4.14725,5.53278,-4.18332,-0.81179,9.55575,-1.18149,-6.04313
2025-12-05,5.3093,-11.29,2.73502,4.15497,5.51408,-3.78442,-0.7362,9.55054,-1.18213,-6.04313
2025-12-08,5.4381,-11.27,2.81301,4.13501,5.57039,-2.40355,-0.46906,10.705,-1.05278,-6.04313
2025-12-09,5.43,-11.27,2.82909,4.12617,5.58532,-2.82035,-0.55183,10.64368,-1.05884,-6.04313
2025-12-10,5.4315,-11.31,2.75811,4.13052,5.54438,-2.05693,-0.40356,10.63019,-1.06395,-6.04313
2025-12-11,5.4698,-11.34,2.698,4.11545,5.52572,-1.01722,-0.20012,10.62013,-1.06778,-6.04313
2025-12-12,5.4055,-11.37,2.75621,4.11284,5.5587,-2.79467,-0.55181,10.80589,-1.0522,-6.04313
2025-12-15,5.4182,-11.35,2.80336,4.10363,5.59026,-3.12624,-0.6191,10.78396,-1.05249,-6.04313
2025-12-16,5.4134,-11.36,2.80215,4.07618,5.61276,-3.61647,-0.71795,10.77625,-1.05417,-6.04313
2025-12-17,5.5075,-11.36,2.86903,4.089,5.63388,-2.26879,-0.45147,11.29062,-1.00615,-6.04313
2025-12-18,5.5185,-11.38,2.82554,4.09134,5.60989,-1.64248,-0.32783,11.28327,-1.00857,-6.04313
2025-12-19,5.5213,-11.38,2.70203,4.10215,5.5417,-0.36887,-0.07388,11.27588,-1.00923,-6.04313
2025-12-22,5.5398,-11.36,2.64476,4.12826,5.49413,0.82777,0.16646,11.08556,-1.02476,-6.04313
2025-12-23,5.59,-11.35,2.63906,4.13324,5.48898,1.82363,0.36804,11.08305,-1.02409,-6.04313
2025-12-24,5.5185,-11.31,2.60047,4.131,5.476,0.77309,0.15648,11.35288,-0.99622,-6.04313
2025-12-26,5.5195,-11.36,2.61007,4.10495,5.50431,0.27553,0.05593,11.31688,-1.00381,-6.04313
2025-12-29,5.5425,-11.32,2.65324,4.12617,5.50776,0.62875,0.12802,11.3045,-1.00137,-6.04313
2025-12-30,5.5691,-11.35,2.66236,4.12584,5.51333,1.00654,0.20531,11.33253,-1.00154,-6.04313
2025-12-31,5.4762,-11.33,2.70471,4.10841,5.54951,-1.3298,-0.2719,11.86087,-0.95524,-6.04313
2026-01-02,5.517,-11.35,2.67484,4.10677,5.53615,-0.34654,-0.07103,11.94152,-0.95047,-4.25147
2026-01-05,5.4216,-11.36,2.70136,4.12326,5.53325,-2.03839,-0.41889,12.47019,-0.91097,-4.25147
2026-01-06,5.4075,-11.37,2.69124,4.10594,5.54159,-2.44954,-0.50479,12.44814,-0.91339,-4.25147
2026-01-07,5.372,-11.38,2.73307,4.09368,5.56789,-3.58154,-0.7396,12.42282,-0.91606,-4.25147
2026-01-08,5.3839,-11.38,2.73761,4.12697,5.54073,-2.87124,-0.59432,12.40916,-0.91706,-4.25147
2026-01-09,5.3866,-11.38,2.67346,4.14852,5.49494,-1.99134,-0.41337,12.31055,-0.92441,-4.25147
2026-01-12,5.3703,-11.33,2.71602,4.15685,5.50789,-2.52984,-0.5272,11.06012,-1.0244,-4.25147
2026-01-13,5.3737,-11.33,2.77134,4.18159,5.51174,-2.53641,-0.53035,10.86268,-1.04302,-4.25147
2026-01-14,5.3713,-11.33,2.8184,4.1975,5.51849,-2.70337,-0.56684,10.84013,-1.04519,-4.25147
2026-01-15,5.3961,-11.32,2.76254,4.15513,5.52895,-2.43206,-0.5112,10.82424,-1.0458,-4.25147
2026-01-16,5.3679,-11.33,2.7638,4.16091,5.52395,-2.86572,-0.60364,10.86858,-1.04245,-4.25147
2026-01-19,5.3677,-11.33,2.7638,4.16091,5.52317,-2.85528,-0.60251,10.79562,-1.0495,-4.25147
2026-01-20,5.3687,-11.3,3.00022,4.17316,5.61336,-4.45635,-0.94294,10.70611,-1.05547,-4.25147
2026-01-21,5.3743,-11.3,2.82731,4.17807,5.53428,-2.93324,-0.6225,10.68673,-1.05739,-4.25147
2026-01-22,5.3188,-11.29,2.74983,4.15982,5.51544,-3.63038,-0.77282,10.87281,-1.03837,-4.25147
2026-01-23,5.2837,-11.3,2.7782,4.18783,5.50392,-4.08343,-0.87131,10.93352,-1.03352,-4.25147
2026-01-26,5.2889,-11.33,2.78192,4.18342,5.50703,-4.0415,-0.86425,10.93343,-1.03627,-4.25147
2026-01-27,5.2791,-11.33,2.79423,4.21316,5.48846,-3.88914,-0.83363,10.92638,-1.03694,-4.25147
2026-01-28,5.1836,-11.32,2.79423,4.22537,5.47825,-5.52863,-1.18889,11.49238,-0.985,-4.25147
2026-01-29,5.1971,-11.33,2.82613,4.25859,5.46488,-5.02408,-1.08361,11.50882,-0.98446,-4.25147
2026-01-30,5.1892,-11.33,2.85877,4.2583,5.47692,-5.39638,-1.16703,11.46566,-0.98817,-4.25147
2026-02-02,5.255,-11.31,2.79362,4.19419,5.49644,-4.49211,-0.97344,11.76306,-0.96148,-2.66679
2026-02-03,5.2594,-11.31,2.89037,4.20961,5.52371,-4.9033,-1.06454,11.74597,-0.96288,-2.66679
2026-02-04,5.2375,-11.31,2.92531,4.24075,5.51305,-5.12745,-1.11507,11.65963,-0.97001,-2.66679
2026-02-05,5.238,-11.33,3.08053,4.21287,5.59636,-6.61764,-1.44279,11.58577,-0.97792,-2.66679
2026-02-06,5.2705,-11.32,3.01406,4.22024,5.56039,-5.35438,-1.16854,11.65587,-0.97118,-2.66679
2026-02-09,5.2159,-11.31,2.85417,4.23469,5.48339,-5.00114,-1.09319,11.81566,-0.9572,-2.66679
2026-02-10,5.1916,-11.31,2.87864,4.2312,5.49405,-5.66246,-1.24068,11.75289,-0.96232,-2.66679
2026-02-11,5.1962,-11.3,2.87074,4.23989,5.48248,-5.36307,-1.17833,11.7359,-0.96286,-2.66679
2026-02-12,5.1987,-11.3,3.03591,4.21242,5.56704,-6.84545,-1.50798,11.70692,-0.96524,-2.66679
2026-02-13,5.2139,-11.32,3.02529,4.21582,5.55686,-6.37044,-1.40618,11.72181,-0.96572,-2.66679
2026-02-16,5.2179,-11.32,3.02529,4.21582,5.55423,-6.2464,-1.38273,11.72357,-0.96558,-2.66679
2026-02-17,5.2439,-11.31,3.01013,4.21094,5.55021,-5.67703,-1.25965,11.69457,-0.96712,-2.66679
2026-02-18,5.2205,-11.3,2.97655,4.25348,5.50163,-5.24519,-1.16639,11.72247,-0.96396,-2.66679
2026-02-19,5.2344,-11.31,3.00717,4.27193,5.49577,-4.8727,-1.08603,11.73299,-0.96395,-2.66679
2026-02-20,5.2088,-11.31,2.94916,4.27333,5.47171,-4.92416,-1.10032,11.76739,-0.96113,-2.66679
2026-02-23,5.1765,-11.31,3.045,4.26956,5.50796,-6.20654,-1.38994,11.50435,-0.98311,-2.66679
2026-02-24,5.1709,-11.31,2.97298,4.25944,5.48778,-5.94775,-1.33427,11.49631,-0.98379,-2.66679
2026-02-25,5.152,-11.31,2.88648,4.26056,5.45446,-5.70489,-1.28068,11.51127,-0.98252,-2.66679
2026-02-26,5.1242,-11.32,2.92477,4.25915,5.46697,-6.47509,-1.45469,11.42572,-0.99075,-2.66679
2026-02-27,5.1366,-11.33,2.98871,4.28331,5.46677,-6.22974,-1.40178,11.39334,-0.99444,-2.66679
2026-03-02,5.1296,-11.28,3.06526,4.35337,5.43411,-5.76675,-1.29988,11.37714,-0.99146,-1.63788
2026-03-03,5.1703,-11.29,3.15997,4.39938,5.41999,-4.71627,-1.0647,11.47094,-0.98423,-1.63788
2026-03-04,5.2773,-11.29,3.05164,4.39938,5.37643,-1.86104,-0.42127,12.17142,-0.92758,-1.63788
2026-03-05,5.2301,-11.3,3.16758,4.44746,5.37026,-2.64464,-0.60073,12.27836,-0.92032,-1.63788
2026-03-06,5.2634,-11.31,3.38405,4.52926,5.36272,-1.86947,-0.42593,12.34772,-0.91596,-1.63788
2026-03-09,5.2435,-11.29,3.23868,4.59472,5.2596,-0.30651,-0.07004,11.35292,-0.99446,-1.63788
2026-03-10,5.2053,-11.29,3.21607,4.47506,5.35636,-2.86078,-0.65585,11.43135,-0.98763,-1.63788
2026-03-11,5.1624,-11.29,3.18759,4.52157,5.30568,-2.73756,-0.62912,11.53009,-0.97918,-1.63788
2026-03-12,5.1514,-11.28,3.30652,4.60976,5.26248,-2.13343,-0.49136,11.42219,-0.98755,-1.63788
2026-03-13,5.2439,-11.28,3.30285,4.63609,5.23868,0.09953,0.023,11.80604,-0.95544,-1.63788
2026-03-16,5.3291,-11.28,3.15743,4.60727,5.22998,1.87741,0.43509,12.2529,-0.9206,-1.63788
2026-03-17,5.2334,-11.28,3.10772,4.6388,5.20545,0.53547,0.12445,12.76277,-0.88382,-1.63788
2026-03-18,5.1929,-11.27,3.22247,4.67637,5.219,-0.50133,-0.11696,12.31973,-0.91479,-1.63788
2026-03-19,5.2621,-11.02,3.18055,4.68813,5.2151,0.89723,0.21022,12.62967,-0.87255,-1.63788
2026-03-20,5.2199,-11.01,3.28766,4.72019,5.23248,-0.24069,-0.05657,12.71064,-0.8662,-1.63788
2026-03-23,5.3119,-11.01,3.26385,4.60457,5.31441,-0.04733,-0.01116,13.20632,-0.83369,-1.63788
2026-03-24,5.2329,-11.01,3.29398,4.64909,5.29811,-1.23854,-0.29318,13.36234,-0.82396,-1.63788
2026-03-25,5.2326,-11.02,3.23199,4.62713,5.29636,-1.21115,-0.28738,13.14542,-0.83831,-1.63788
2026-03-26,5.2368,-11.02,3.312,4.68222,5.2809,-0.83868,-0.19927,13.14798,-0.83815,-1.63788
2026-03-27,5.2351,-11.02,3.4356,4.72358,5.28918,-1.0278,-0.24471,13.1093,-0.84062,-1.63788
2026-03-30,5.238,-11.04,3.42133,4.72544,5.28313,-0.85787,-0.20468,13.06182,-0.84521,-1.63788
2026-03-31,5.264,-11.05,3.22883,4.77365,5.19391,1.34043,0.32053,12.70913,-0.86945,-1.63788
2026-04-01,5.1928,-11.05,3.2003,4.6167,5.29943,-2.03257,-0.48718,12.8632,-0.85904,1.5619
2026-04-02,5.1545,-11.05,3.17262,4.69162,5.23982,-1.64164,-0.39465,12.49167,-0.88459,1.5619
2026-04-03,5.1564,-11.04,3.17262,4.69162,5.23967,-1.60191,-0.38609,12.48838,-0.88402,1.5619
2026-04-06,5.1579,-11.03,3.18511,4.69839,5.23867,-1.55381,-0.37535,12.43348,-0.88712,1.5619
2026-04-07,5.1383,-11.04,3.2496,4.69382,5.25931,-2.32772,-0.564,12.43552,-0.88778,1.5619
2026-04-08,5.1506,-11.06,3.04643,4.55124,5.29447,-2.75499,-0.66972,12.44893,-0.88843,1.5619
2026-04-09,5.1002,-11.07,2.9699,4.56351,5.26162,-3.11584,-0.75926,12.57417,-0.88038,1.5619
2026-04-10,5.0958,-11.06,2.95647,4.55598,5.26078,-3.18634,-0.77806,12.5707,-0.87982,1.5619
2026-04-13,5.005,-11.04,2.95073,4.59875,5.22847,-4.36812,-1.07008,13.02895,-0.84734,1.5619
2026-04-14,4.9944,-11.04,2.91017,4.55166,5.24561,-4.90747,-1.20643,12.97812,-0.85066,1.5619
2026-04-15,4.9848,-11.04,2.89977,4.55314,5.23802,-4.95509,-1.22194,12.95338,-0.85229,1.5619
2026-04-16,4.9924,-11.05,2.88703,4.59905,5.19818,-4.03919,-0.99911,12.96271,-0.85245,1.5619
2026-04-17,4.98709,-11.05,2.86106,4.50402,5.25553,-5.24289,-1.30127,12.95988,-0.85263,1.5619
2026-04-20,5.0063,-11.04,2.93757,4.55892,5.23376,-4.44321,-1.1049,12.9914,-0.84979,1.5619
2026-04-21,4.9524,-11.06,2.97041,4.58985,5.21556,-5.17735,-1.29144,13.00456,-0.85047,1.5619
2026-04-22,5.008,-11.06,2.94022,4.62409,5.1776,-3.33056,-0.83262,13.18471,-0.83885,1.5619
2026-04-23,4.9849,-11.06,2.96062,4.65463,5.15736,-3.40111,-0.85311,13.20069,-0.83784,1.5619
2026-04-24,5.0308,-11.06,2.92906,4.6571,5.14418,-2.22868,-0.56082,13.35276,-0.82829,1.5619
2026-04-27,4.9791,-11.07,2.89148,4.68426,5.11301,-2.65394,-0.67018,13.02073,-0.85018,1.5619
2026-04-28,4.9996,-11.07,2.88088,4.71187,5.08815,-1.75573,-0.44521,13.03946,-0.84896,1.5619
2026-04-29,4.9943,-11.07,2.93439,4.77094,5.05651,-1.2379,-0.31533,13.03848,-0.84903,1.5619
2026-04-30,5.0175,-10.82,2.82672,4.73629,5.07032,-1.04718,-0.26802,12.80575,-0.84493,1.5619
2026-05-01,4.9695,-10.82,2.83262,4.6837,5.11015,-2.79096,-0.71763,12.92364,-0.83723,2.83218
2026-05-04,4.95193,-10.8,2.90635,4.74005,5.08397,-2.63159,-0.67936,12.91776,-0.83606,2.83218
2026-05-05,4.9848,-10.81,2.85532,4.6993,5.10012,-2.28699,-0.59254,13.00352,-0.83131,2.83218
2026-05-06,4.9273,-10.81,2.8559,4.61779,5.16033,-4.62087,-1.20175,13.10215,-0.82506,2.83218
2026-05-07,4.93227,-10.81,2.83791,4.60577,5.16257,-4.56358,-1.19114,12.96951,-0.83349,2.83218
2026-05-08,4.9449,-10.81,2.84433,4.61799,5.15136,-4.09047,-1.07114,12.96439,-0.83382,2.83218
2026-05-11,4.9133,-10.8,2.91126,4.64641,5.14153,-4.54042,-1.19272,13.00851,-0.83023,2.83218
2026-05-12,4.9064,-10.8,2.88982,4.68,5.10671,-4.00152,-1.05424,13.0059,-0.83039,2.83218
2026-05-13,4.9097,-10.81,2.88312,4.65994,5.11608,-4.11756,-1.08857,12.9867,-0.83239,2.83218
2026-05-14,5.0249,-10.81,2.84839,4.66079,5.10462,-1.57396,-0.41709,13.85311,-0.78033,2.83218
2026-05-15,5.0041,-10.81,2.91398,4.69373,5.09057,-1.71327,-0.45532,13.82414,-0.78197,2.83218
2026-05-18,5.0604,-10.82,2.88032,4.71939,5.06183,-0.02822,-0.00753,14.00604,-0.77252,2.83218
2026-05-19,5.00562,-10.83,2.8937,4.71205,5.07038,-1.28534,-0.3441,14.14332,-0.76573,2.83218
2026-05-20,5.0582,-10.85,2.85877,4.65415,5.10769,-0.97363,-0.2612,14.29079,-0.75923,2.83218
2026-05-21,5.0117,-10.82,2.819,4.63064,5.12104,-2.15826,-0.58002,14.35273,-0.75386,2.83218
2026-05-22,5.0171,-10.82,2.81541,4.63996,5.11204,-1.87471,-0.50433,14.35575,-0.75371,2.83218
2026-05-25,5.0257,-10.82,2.8088,4.63996,5.11022,-1.6678,-0.4495,14.34756,-0.75414,2.83218
2026-05-26,5.0104,-10.82,2.8338,4.60096,5.14554,-2.66144,-0.71859,14.32175,-0.75549,2.83218
2026-05-27,5.0445,-10.82,2.79055,4.54638,5.18106,-2.67116,-0.72157,14.3826,-0.7523,2.83218
2026-05-28,5.0729,-10.81,2.75621,4.5402,5.18004,-2.08994,-0.56477,14.42901,-0.74919,2.83218
2026-05-29,5.0517,-10.81,2.72916,4.52233,5.18954,-2.69196,-0.72807,14.35628,-0.75298,2.83218
2026-06-01,5.0392,-10.72,2.77571,4.55367,5.17756,-2.70867,-0.73288,13.72116,-0.78127,0.93363
2026-06-02,5.0386,-10.73,2.75811,4.56435,5.16447,-2.46739,-0.66802,13.61865,-0.78789,0.93363
2026-06-03,5.0207,-10.72,2.77633,4.58303,5.15265,-2.59417,-0.7032,13.55747,-0.79071,0.93363
2026-06-04,5.0774,-10.72,2.73437,4.55419,5.16838,-1.77603,-0.48164,13.75198,-0.77952,0.93363
2026-06-05,5.0607,-10.72,3.06852,4.53357,5.24089,-3.49857,-0.94882,13.69458,-0.78279,0.93363
2026-06-08,5.177,-10.7,2.94022,4.54595,5.2093,-0.62205,-0.16863,14.36132,-0.74506,0.93363
2026-06-09,5.2031,-10.71,2.98921,4.51579,5.24146,-0.73459,-0.19913,14.38858,-0.74434,0.93363
2026-06-10,5.1901,-10.71,3.10099,4.53367,5.24479,-1.04817,-0.28413,13.94302,-0.76813,0.93363
2026-06-11,5.1921,-10.72,2.96733,4.50402,5.24614,-1.03536,-0.28066,13.54574,-0.79139,0.93363
2026-06-12,5.1138,-10.72,2.87243,4.46969,5.25889,-2.79767,-0.75839,13.40216,-0.79987,0.93363
2026-06-15,5.0609,-10.71,2.78501,4.42089,5.28577,-4.34737,-1.17843,13.47133,-0.79502,0.93363
2026-06-16,5.0751,-10.71,2.79789,4.36894,5.33115,-4.92216,-1.33336,13.20061,-0.81133,0.93363
2026-06-17,5.1019,-10.67,2.91452,4.37639,5.34626,-4.67851,-1.26621,13.16266,-0.81063,0.93363
2026-06-18,5.1221,-10.42,2.79728,4.38015,5.34255,-4.21393,-1.14033,12.68726,-0.8213,0.93363
2026-06-19,5.1815,-10.42,2.79728,4.38015,5.34237,-3.05755,-0.82756,12.57123,-0.82888,0.93363
2026-06-22,5.1514,-10.4,2.84955,4.35543,5.37311,-4.21382,-1.14114,12.62221,-0.82394,0.93363
2026-06-23,5.1565,-10.4,2.9699,4.34484,5.40034,-4.62037,-1.25158,12.6229,-0.8239,0.93363
2026-06-24,5.1977,-10.4,2.92477,4.30055,5.43073,-4.38577,-1.18793,12.72904,-0.81703,0.93363
2026-06-25,5.2075,-10.41,2.93863,4.32095,5.41397,-3.8883,-1.05361,12.73465,-0.81745,0.93363
2026-06-26,5.1941,-10.42,2.91289,4.27653,5.44681,-4.75059,-1.28746,12.70242,-0.82032,0.93363
2026-06-29,5.1707,-10.38,2.87074,4.29251,5.42966,-4.88692,-1.32357,12.43969,-0.83443,0.93363
2026-06-30,5.18179,-10.38,2.80033,4.28936,5.42172,-4.52629,-1.22516,12.35713,-0.84,0.93363
2026-07-01,5.1747,-10.4,2.8088,4.27068,5.43659,-4.93707,-1.33542,12.36038,-0.8414,1.59823
2026-07-02,5.2206,-10.43,2.78192,4.27388,5.42673,-3.87236,-1.04649,12.48436,-0.83545,1.59823
2026-07-03,5.2222,-10.43,2.78192,4.27388,5.426,-3.82843,-1.03386,12.45789,-0.83722,1.59823
2026-07-06,5.1844,-10.38,2.74535,4.27653,5.42198,-4.48075,-1.20921,12.54007,-0.82775,1.59823
2026-07-07,5.1436,-10.39,2.78068,4.30622,5.40062,-4.87598,-1.31484,12.48365,-0.83229,1.59823
2026-07-08,5.1709,-10.38,2.82731,4.35697,5.36517,-3.68804,-0.99375,12.52432,-0.82879,1.59823
2026-07-09,5.1635,-10.42,2.76254,4.33467,5.37038,-3.92838,-1.05821,11.97139,-0.87041,1.59823
2026-07-10,5.1339,-10.4,2.71005,4.33086,5.36661,-4.43315,-1.19357,12.02549,-0.86483,1.59823
2026-07-13,5.1078,-10.36,2.84258,4.42245,5.31279,-3.9348,-1.0583,12.06748,-0.85851,1.59823
2026-07-14,5.1479,-10.41,2.80336,4.43947,5.28651,-2.65693,-0.71485,12.15696,-0.8563,1.59823
2026-07-15,5.0879,-10.42,2.75175,4.44206,5.27366,-3.58585,-0.96523,12.3968,-0.84054,1.59823
2026-07-16,5.0909,-10.41,2.8172,4.43355,5.29092,-3.85383,-1.03798,12.37624,-0.84113,1.59823
2026-07-17,5.1136,-10.4,2.93226,4.47847,5.2738,-3.08484,-0.83111,12.19559,-0.85277,1.59823
2026-07-20,5.127,-10.39,2.92585,4.49111,5.26244,-2.60744,-0.70348,12.01045,-0.86508,1.59823
2026-07-21,5.1044,-10.38,2.83615,4.51097,5.23012,-2.43312,-0.65769,12.00704,-0.86449,1.59823
2026-07-22,5.0875,-10.36,2.81181,4.54404,5.19969,-2.18122,-0.59084,11.89464,-0.87098,1.59823
2026-07-23,5.06249,-10.3,2.92852,4.61205,5.17017,-2.10475,-0.57165,11.74887,-0.87668,1.59823
2026-07-24,5.0969,-10.29,2.92209,4.57244,5.20209,-2.04284,-0.55604,11.79633,-0.87231,1.59823
2026-07-27,5.0825,-10.29,2.92692,4.48142,5.27822,-3.77848,-1.0307,11.80995,-0.8713,1.59823
2026-07-28,5.12303,-10.35,2.90197,4.43189,5.30924,-3.5703,-0.97589,11.87787,-0.87137,1.59823
2026-07-29,5.1371,-10.42,3.0282,4.508,5.26076,-2.37867,-0.65274,11.7134,-0.88958,1.59823
2026-07-30,5.1271,-10.43,2.83849,4.48897,5.24222,-2.22053,-0.61143,11.69523,-0.89182,1.59823
2026-07-31,5.0781,-10.42,2.77196,4.50114,5.22112,-2.77743,-0.76749,11.80276,-0.88284,1.59823
2026-08-03,5.0727,-10.34,2.7638,4.42807,5.2879,-4.15487,-1.14926,11.55665,-0.89472,-0.28569
2026-08-04,5.1029,-10.36,2.80336,4.37399,5.33823,-4.50853,-1.249,11.60803,-0.89249,-0.28569
2026-08-05,5.1437,-10.36,2.76064,4.37513,5.32947,-3.54799,-0.98427,11.69625,-0.88575,-0.28569
2026-08-06,5.1385,-10.1,2.718,4.41268,5.31563,-3.38902,-0.94237,11.61378,-0.86966,-0.28569
2026-08-07,5.1218,-10.13,2.70136,4.42545,5.29882,-3.39781,-0.94589,11.63336,-0.87077,-0.28569
2026-08-10,5.0826,-10.11,2.73826,4.47415,5.26605,-3.54568,-0.98745,11.75305,-0.8602,-0.28569
2026-08-11,5.106,-10.11,2.72654,4.48762,5.25237,-2.82636,-0.78758,10.85062,-0.93174,-0.28569
2026-08-12,5.1735,-10.13,2.67759,4.48841,5.23963,-1.27008,-0.35488,11.11294,-0.91155,-0.28569
2026-08-13,5.1954,-10.13,2.68307,4.46671,5.25769,-1.19188,-0.33405,10.92716,-0.92705,-0.28569
2026-08-14,5.1998,-10.14,2.65676,4.48323,5.23707,-0.71421,-0.20078,10.68319,-0.94915,-0.28569
2026-08-17,5.2217,-10.13,2.72064,4.50943,5.22647,-0.09129,-0.02581,10.52107,-0.96283,-0.28569
2026-08-18,5.2025,-10.14,2.76254,4.51108,5.23182,-0.5619,-0.15956,10.36966,-0.97785,-0.28569
2026-08-19,5.2143,-10.14,2.70069,4.51765,5.21345,0.01629,0.00465,10.37464,-0.97738,-0.28569
2026-08-20,5.1767,-10.13,2.77321,4.54095,5.209,-0.62196,-0.17816,10.48982,-0.9657,-0.28569
2026-08-21,5.1931,-10.12,2.71668,4.54744,5.19344,-0.00645,-0.00185,10.47868,-0.96577,-0.28569
2026-08-24,5.1373,-10.13,2.76317,4.52363,5.22194,-1.63423,-0.47108,10.64376,-0.95173,-0.28569
2026-08-25,5.1543,-10.14,2.73761,4.48391,5.24947,-1.82961,-0.52924,10.60675,-0.95599,-0.28569
2026-08-26,5.1464,-10.15,2.72195,4.47552,5.25222,-2.0354,-0.59229,10.57483,-0.95983,-0.28569
2026-08-27,5.1474,-10.16,2.67484,4.49647,5.22315,-1.46088,-0.42795,10.55985,-0.96214,-0.28569
2026-08-28,5.1611,-10.1,2.66931,4.49211,5.23304,-1.38426,-0.40781,10.56957,-0.95557,-0.28569
2026-08-31,5.1912,-10.09,2.7027,4.50524,5.23012,-0.74689,-0.22156,10.59378,-0.95245,-0.28569
2026-09-01,5.1817,-10.08,2.79362,4.55019,5.21121,-0.56796,-0.1693,10.37745,-0.97134,-0.28569
2026-09-02,5.1522,-10.08,2.7213,4.56049,5.18899,-0.71156,-0.21295,10.4228,-0.96711,-0.28569
2026-09-03,5.0927,-10.11,2.66166,4.55934,5.17581,-1.61873,-0.48777,9.65243,-1.0474,-0.28569
2026-09-04,5.101,-10.09,2.67622,4.56726,5.17442,-1.42903,-0.43359,9.60051,-1.05099,-0.28569
2026-09-07,5.1262,-10.09,2.72785,4.56726,5.18405,-1.12214,-0.34354,9.6466,-1.04596,-0.28569
2026-09-08,5.1267,-10.06,2.75493,4.58415,5.17842,-1.00383,-0.31036,9.64607,-1.04291,-0.28569
2026-09-09,5.0848,-10.05,2.80093,4.6172,5.15972,-1.46268,-0.45674,9.29955,-1.0807,-0.28569
2026-09-10,5.1034,-10.0,2.88144,4.6787,5.12836,-0.48791,-0.15402,9.0887,-1.10027,-0.28569
2026-09-11,5.1028,-9.93,2.76254,4.65024,5.13948,-0.71622,-0.22834,9.07259,-1.0945,-0.28569
2026-09-14,5.11121,-9.89,2.83908,4.66042,5.15193,-0.79348,-0.25517,9.0173,-1.09678,-0.28569
2026-09-15,5.138,-9.89,2.84491,4.68905,5.12966,0.16241,0.05276,9.04345,-1.09361,-0.28569
2026-09-16,5.1429,-9.86,2.87413,4.66183,5.1646,-0.42097,-0.13821,8.73999,-1.12815,-0.28569
2026-09-17,5.1509,-9.63,2.73696,4.65224,5.17575,-0.48136,-0.15955,8.66846,-1.11092,-0.28569
2026-09-18,5.1241,-9.61,2.6953,4.64314,5.17813,-1.0489,-0.35003,8.72827,-1.10102,-0.28569
2026-09-21,5.1407,-9.58,2.69935,4.60856,5.21387,-1.41341,-0.47517,8.60122,-1.1138,-0.28569
2026-09-22,5.1104,-9.59,2.65395,4.59764,5.21192,-1.96698,-0.66595,8.66643,-1.10657,-0.28569
2026-09-23,5.0999,-9.56,2.71998,4.63551,5.19828,-1.91073,-0.6532,8.6615,-1.10374,-0.28569
2026-09-24,5.1643,-9.51,2.75175,4.66908,5.18382,-0.37718,-0.12992,8.98935,-1.05792,-0.28569
2026-09-25,5.1905,-9.51,2.69935,4.64746,5.19099,-0.00954,-0.00331,9.0367,-1.05238,-0.28569
2026-09-28,5.1875,-9.47,2.77695,4.65662,5.20926,-0.41861,-0.14657,9.03312,-1.04836,-0.28569
2026-09-29,5.2229,-9.5,2.77509,4.63074,5.22843,-0.10589,-0.03743,8.96165,-1.06007,-0.28569
2026-09-30,5.2029,-9.55,2.79362,4.63986,5.21879,-0.30502,-0.10858,8.99427,-1.06179,-0.28569
2026-10-01,5.1791,-9.58,2.79667,4.62801,5.22662,-0.91337,-0.32792,8.92269,-1.07367,-0.28569
2026-10-02,5.2226,-9.56,2.72851,4.62742,5.21383,0.16808,0.06089,8.93149,-1.07037,-0.28569
2026-10-05,5.2231,-9.53,2.74213,4.60837,5.24053,-0.33312,-0.12199,8.8723,-1.07413,-0.28569
2026-10-06,4.9771,-9.53,2.71602,4.60737,5.23538,-5.05912,-1.87648,13.13116,-0.72575,-0.28569
