date,spot,diff,fair,gap_pct,z,vol_3m,carry_to_vol,reer_dev
2007-07-30,119.15,3.601,,,,,,-25.70801
2007-07-31,118.42,3.564,,,,,,-25.70801
2007-08-01,118.98,3.591,,,,,,-21.7426
2007-08-02,119.14,3.61,,,,,,-21.7426
2007-08-03,118.04,3.482,,,,,,-21.7426
2007-08-06,118.82,3.505,,,,,,-21.7426
2007-08-07,118.8,3.594,,,,,,-21.7426
2007-08-08,119.69,3.637,,,,,,-21.7426
2007-08-09,118.29,3.467,,,,,,-21.7426
2007-08-10,118.51,3.526,,,,,,-21.7426
2007-08-13,118.21,3.53,,,,,,-21.7426
2007-08-14,117.42,3.439,,,,,,-21.7426
2007-08-15,116.32,3.366,,,,,,-21.7426
2007-08-16,114.06,3.211,,,,,,-21.7426
2007-08-17,114.25,3.362,,,,,,-21.7426
2007-08-20,114.84,3.276,,,,,,-21.7426
2007-08-21,114.15,3.206,,,,,,-21.7426
2007-08-22,115.62,3.276,,,,,,-21.7426
2007-08-23,116.02,3.296,,,,,,-21.7426
2007-08-24,116.38,3.416,,,,,,-21.7426
2007-08-27,115.55,3.396,,,,,,-21.7426
2007-08-28,114.34,3.251,,,,,,-21.7426
2007-08-29,115.84,3.266,,,,,,-21.7426
2007-08-30,115.94,3.233,,,,,,-21.7426
2007-08-31,115.77,3.28,,,,,,-21.7426
2007-09-03,115.78,3.281,,,,,,-21.30809
2007-09-04,116.24,3.276,,,,,,-21.30809
2007-09-05,115.12,3.197,,,,,,-21.30809
2007-09-06,115.39,3.253,,,,,,-21.30809
2007-09-07,113.39,3.083,,,,,,-21.30809
2007-09-11,114.26,3.163,,,,,,-21.30809
2007-09-12,114.12,3.163,,,,,,-21.30809
2007-09-13,114.59,3.293,,,,,,-21.30809
2007-09-14,115.26,3.257,,,,,,-21.30809
2007-09-17,115.03,3.287,,,,,,-21.30809
2007-09-18,115.91,3.222,,,,,,-21.30809
2007-09-19,116.01,3.202,,,,,,-21.30809
2007-09-20,114.64,3.297,,,,,,-21.30809
2007-09-21,115.48,3.217,,,,,,-21.30809
2007-09-24,114.86,3.207,,,,,,-21.30809
2007-09-25,114.66,3.136,,,,,,-21.30809
2007-09-26,115.44,3.107,,,,,,-21.30809
2007-09-27,115.55,3.069,,,,,,-21.30809
2007-09-28,114.74,3.114,,,,,,-21.30809
2007-10-01,115.8,3.184,,,,,,-22.98529
2007-10-02,115.71,3.133,,,,,,-22.98529
2007-10-03,116.56,3.165,,,,,,-22.98529
2007-10-04,116.41,3.125,,,,,,-22.98529
2007-10-05,116.88,3.219,,,,,,-22.98529
2007-10-08,117.32,3.219,,,,,,-22.98529
2007-10-09,117.19,3.268,,,,,,-22.98529
2007-10-10,117.148,3.253,,,,,,-22.98529
2007-10-11,117.37,3.232,,,,,,-22.98529
2007-10-12,117.59,3.357,,,,,,-22.98529
2007-10-15,117.32,3.33,,,,,,-22.98529
2007-10-16,116.94,3.24,,,,,,-22.98529
2007-10-17,116.49,3.145,,,,,,-22.98529
2007-10-18,115.46,3.091,,,,,,-22.98529
2007-10-19,114.56,3.001,,,,,,-22.98529
2007-10-22,114.442,3.062,,,,,,-22.98529
2007-10-23,114.86,3.017,,,,,,-22.98529
2007-10-24,114.18,2.958,,,,,,-22.98529
2007-10-25,113.963,2.973,,,,,,-22.98529
2007-10-26,114.21,2.987,,,,10.66043,0.28019,-22.98529
2007-10-29,114.7,3.018,,,,10.64679,0.28347,-22.98529
2007-10-30,114.78,3.05,,,,10.59685,0.28782,-22.98529
2007-10-31,115.39,3.165,,,,10.65529,0.29704,-22.98529
2007-11-01,114.46,2.955,,,,10.61827,0.27829,-20.82376
2007-11-02,114.72,2.888,,,,10.53614,0.2741,-20.82376
2007-11-05,114.3,2.909,,,,10.55412,0.27563,-20.82376
2007-11-06,114.71,2.929,,,,10.46151,0.27998,-20.82376
2007-11-07,112.61,2.839,,,,10.83029,0.26214,-20.82376
2007-11-08,112.71,2.704,,,,10.82241,0.24985,-20.82376
2007-11-09,110.66,2.654,,,,11.37419,0.23334,-20.82376
2007-11-12,109.62,2.653,,,,11.4425,0.23185,-20.82376
2007-11-13,111.14,2.787,,,,11.6939,0.23833,-20.82376
2007-11-14,111.27,2.807,,,,11.04985,0.25403,-20.82376
2007-11-15,110.48,2.6,,,,11.12292,0.23375,-20.82376
2007-11-16,110.98,2.591,,,,11.11044,0.2332,-20.82376
2007-11-19,109.77,2.445,,,,11.25243,0.21729,-20.82376
2007-11-20,109.72,2.4,,,,10.91735,0.21983,-20.82376
2007-11-21,108.35,2.26,,,,11.12981,0.20306,-20.82376
2007-11-22,108.49,2.26,,,,11.10805,0.20346,-20.82376
2007-11-23,108.12,2.34,,,,11.05037,0.21176,-20.82376
2007-11-27,108.8,2.283,,,,10.97555,0.20801,-20.82376
2007-11-28,109.96,2.403,,,,10.86141,0.22124,-20.82376
2007-11-29,109.76,2.293,,,,10.8577,0.21119,-20.82376
2007-11-30,111.76,2.283,,,,11.49738,0.19857,-20.82376
2007-12-03,110.44,2.163,,,,11.71709,0.1846,-21.51926
2007-12-04,109.86,2.193,,,,11.71157,0.18725,-21.51926
2007-12-05,110.91,2.189,,,,11.75538,0.18621,-21.51926
2007-12-06,111.36,2.289,,,,11.77762,0.19435,-21.51926
2007-12-07,111.66,2.382,,,,11.28024,0.21117,-21.51926
2007-12-10,111.79,2.437,,,,11.16999,0.21817,-21.51926
2007-12-11,110.88,2.202,,,,11.27812,0.19525,-21.51926
2007-12-12,111.99,2.356,,,,11.43406,0.20605,-21.51926
2007-12-13,112.31,2.471,,,,11.3839,0.21706,-21.51926
2007-12-14,113.26,2.576,,,,11.51492,0.22371,-21.51926
2007-12-17,112.85,2.52,,,,11.42193,0.22063,-21.51926
2007-12-19,113.29,2.406,,,,11.45183,0.2101,-21.51926
2007-12-20,113.16,2.375,,,,11.21233,0.21182,-21.51926
2007-12-21,114.05,2.475,,,,11.22734,0.22044,-21.51926
2007-12-24,114.16,2.525,,,,11.17985,0.22585,-21.51926
2007-12-25,114.2,2.504,,,,11.17517,0.22407,-21.51926
2007-12-26,114.22,2.575,,,,11.08851,0.23222,-21.51926
2007-12-27,113.84,2.51,,,,11.10401,0.22604,-21.51926
2007-12-28,112.37,2.415,,,,11.3144,0.21344,-21.51926
2007-12-31,111.65,2.345,,,,11.2107,0.20918,-21.51926
2008-01-01,111.82,2.345,,,,11.21847,0.20903,-19.30081
2008-01-02,109.263,2.175,,,,11.97851,0.18158,-19.30081
2008-01-03,109.51,2.125,,,,11.99634,0.17714,-19.30081
2008-01-04,108.63,2.055,,,,12.03537,0.17075,-19.30081
2008-01-07,109.23,2.082,,,,12.0695,0.1725,-19.30081
2008-01-08,107.66,2.087,,,,12.361,0.16884,-19.30081
2008-01-09,109.88,2.027,,,,13.10406,0.15468,-19.30081
2008-01-10,109.62,2.072,,,,13.09331,0.15825,-19.30081
2008-01-11,108.96,1.983,,,,13.11628,0.15119,-19.30081
2008-01-14,108.25,1.973,,,,13.15792,0.14995,-19.30081
2008-01-15,106.77,1.921,,,,13.38813,0.14349,-19.30081
2008-01-16,107.345,1.921,,,,13.44762,0.14285,-19.30081
2008-01-17,106.4,1.856,,,,13.44673,0.13803,-19.30081
2008-01-18,106.83,1.781,,,,13.42186,0.13269,-19.30081
2008-01-21,105.62,1.791,,,,13.57844,0.1319,-19.30081
2008-01-22,107.06,1.553,,,,13.86536,0.11201,-19.30081
2008-01-23,106.75,1.593,,,,13.8357,0.11514,-19.30081
2008-01-24,107.15,1.743,,,,13.86786,0.12569,-19.30081
2008-01-25,106.8,1.666,,,,13.86039,0.1202,-19.30081
2008-01-28,106.97,1.676,,,,13.82862,0.1212,-19.30081
2008-01-29,107.04,1.74,,,,13.8284,0.12583,-19.30081
2008-01-30,106.23,1.751,,,,13.82602,0.12665,-19.30081
2008-01-31,106.251,1.621,,,,13.76006,0.1178,-19.30081
2008-02-01,106.51,1.54,,,,13.76178,0.1119,-20.0408
2008-02-04,106.69,1.496,,,,13.7641,0.10869,-20.0408
2008-02-05,106.531,1.319,,,,13.73144,0.09606,-20.0408
2008-02-06,106.38,1.387,,,,13.27399,0.10449,-20.0408
2008-02-07,107.31,1.416,,,,13.40824,0.10561,-20.0408
2008-02-08,107.74,1.381,,,,12.95492,0.1066,-20.0408
2008-02-11,106.83,1.381,,,,12.92914,0.10681,-20.0408
2008-02-12,107.34,1.391,,,,12.65009,0.10996,-20.0408
2008-02-13,108.282,1.351,,,,12.78183,0.1057,-20.0408
2008-02-14,107.79,1.345,,,,12.73738,0.10559,-20.0408
2008-02-15,107.8,1.329,,,,12.69878,0.10466,-20.0408
2008-02-18,108.16,1.329,,,,12.53916,0.10599,-20.0408
2008-02-19,107.92,1.474,,,,12.54539,0.11749,-20.0408
2008-02-20,108.05,1.569,,,,12.29636,0.1276,-20.0408
2008-02-21,107.41,1.383,,,,12.34939,0.11199,-20.0408
2008-02-22,107.19,1.398,,,,12.33776,0.11331,-20.0408
2008-02-25,108.03,1.522,,,,12.37396,0.123,-20.0408
2008-02-26,107.35,1.417,,,,12.24028,0.11577,-20.0408
2008-02-27,106.37,1.387,,,,12.36307,0.11219,-20.0408
2008-02-28,104.95,1.276,,,,12.04236,0.10596,-20.0408
2008-02-29,103.77,1.097,,,,12.0218,0.09125,-20.0408
2008-03-03,103.52,1.087,,,,11.99405,0.09063,-15.87828
2008-03-04,103.37,1.101,,,,11.80452,0.09327,-15.87828
2008-03-05,103.91,1.126,,,,11.82744,0.0952,-15.87828
2008-03-06,102.58,1.006,,,,12.03293,0.0836,-15.87828
2008-03-07,102.7,1.021,,,,12.03298,0.08485,-15.87828
2008-03-10,101.42,0.951,,,,12.16471,0.07818,-15.87828
2008-03-11,103.27,1.19,,,,12.57458,0.09464,-15.87828
2008-03-12,101.48,1.051,,,,12.95459,0.08113,-15.87828
2008-03-13,100.68,1.07,,,,12.85199,0.08326,-15.87828
2008-03-14,99.03,0.905,,,,13.17842,0.06867,-15.87828
2008-03-17,97.1,0.79,,,,13.58188,0.05817,-15.87828
2008-03-18,99.82,1.005,,,,14.85356,0.06766,-15.87828
2008-03-19,98.62,0.975,,,,14.85252,0.06565,-15.87828
2008-03-20,99.38,1.025,,,,14.97281,0.06846,-15.87828
2008-03-21,99.57,1.02,,,,14.98685,0.06806,-15.87828
2008-03-24,100.74,1.269,,,,15.23487,0.0833,-15.87828
2008-03-25,100.08,1.224,,,,15.26022,0.08021,-15.87828
2008-03-26,99.16,1.139,,,,15.16876,0.07509,-15.87828
2008-03-27,99.53,1.155,,,,15.18378,0.07607,-15.87828
2008-03-28,99.12,1.098,,,,15.17523,0.07235,-15.87828
2008-03-31,99.85,1.056,,,,14.65834,0.07204,-15.87828
2008-04-02,102.29,1.295,,,,15.51083,0.08349,-18.16812
2008-04-03,102.29,1.336,,,,15.44695,0.08649,-18.16812
2008-04-04,101.52,1.271,,,,15.44577,0.08229,-18.16812
2008-04-07,102.44,1.386,,,,15.33701,0.09037,-18.16812
2008-04-08,108.18,1.301,,,,18.45371,0.0705,-18.16812
2008-04-09,101.822,1.181,,,,22.04705,0.05357,-18.16812
2008-04-10,102.06,1.241,,,,22.03551,0.05632,-18.16812
2008-04-11,100.95,1.155,,,,22.09759,0.05227,-18.16812
2008-04-14,101.16,1.18,,,,21.95545,0.05375,-18.16812
2008-04-15,101.82,1.24,,,,21.96966,0.05644,-18.16812
2008-04-16,101.8,1.36,,,,21.90961,0.06207,-18.16812
2008-04-17,102.48,1.484,,,,21.93893,0.06764,-18.16812
2008-04-18,103.75,1.544,,,,21.97993,0.07025,-18.16812
2008-04-21,103.303,1.538,,,,21.81294,0.07051,-18.16812
2008-04-22,102.87,1.557,,,,21.82014,0.07136,-18.16812
2008-04-23,103.452,1.531,,,,21.83878,0.0701,-18.16812
2008-04-24,104.247,1.69,,,,21.89286,0.07719,-18.16812
2008-04-25,104.4,1.622,,,,21.89242,0.07409,-18.16812
2008-04-28,104.21,1.536,,,,21.89324,0.07016,-18.16812
2008-04-29,104.0,1.526,,,,21.84735,0.06985,-18.16812
2008-04-30,103.943,1.515,,,,21.84712,0.06935,-18.16812
2008-05-02,105.3,1.717,,,,22.00275,0.07804,-18.62532
2008-05-05,104.91,1.667,,,,22.01059,0.07574,-18.62532
2008-05-06,104.684,1.627,,,,22.0125,0.07391,-18.62532
2008-05-07,104.779,1.557,,,,22.01251,0.07073,-18.62532
2008-05-08,108.27,1.512,,,,22.91787,0.06597,-18.62532
2008-05-09,102.8,1.526,,,,25.14854,0.06068,-18.62532
2008-05-12,103.77,1.56,,,,25.17908,0.06196,-18.62532
2008-05-13,104.62,1.714,,,,25.21684,0.06797,-18.62532
2008-05-14,105.05,1.719,,,,25.1655,0.06831,-18.62532
2008-05-15,104.8,1.609,,,,25.15496,0.06396,-18.62532
2008-05-16,104.02,1.633,,,,25.19383,0.06482,-18.62532
2008-05-19,104.391,1.591,,,,25.19529,0.06315,-18.62532
2008-05-20,103.57,1.526,,,,25.236,0.06047,-18.62532
2008-05-21,103.04,1.626,,,,25.24885,0.0644,-18.62532
2008-05-22,104.04,1.765,,,,25.31126,0.06973,-18.62532
2008-05-23,103.3,1.623,,,,25.34431,0.06404,-18.62532
2008-05-26,103.34,1.621,,,,25.28782,0.0641,-18.62532
2008-05-27,104.191,1.689,,,,25.32356,0.0667,-18.62532
2008-05-28,104.65,1.764,,,,25.27951,0.06978,-18.62532
2008-05-29,105.49,1.771,,,,25.18858,0.07031,-18.62532
2008-05-30,105.5,1.76,,,,25.08204,0.07017,-18.62532
2008-06-02,104.48,1.591,,,,25.15612,0.06325,-20.69547
2008-06-03,105.13,1.593,,,,25.18292,0.06326,-20.69547
2008-06-04,105.24,1.607,,,,25.16346,0.06386,-20.69547
2008-06-05,105.92,1.692,,,,25.0516,0.06754,-20.69547
2008-06-06,104.9,1.526,,,,25.13375,0.06072,-20.69547
2008-06-09,106.32,1.884,,,,25.12994,0.07497,-20.69547
2008-06-10,107.34,1.968,,,,24.94815,0.07888,-20.69547
2008-06-11,106.96,1.837,,,,24.69159,0.0744,-20.69547
2008-06-12,107.8,2.047,,,,24.66552,0.08299,-20.69547
2008-06-13,108.15,2.041,,,,24.40742,0.08362,-20.69547
2008-06-16,108.14,2.059,,,,24.03131,0.08568,-20.69547
2008-06-17,107.97,2.024,,,,23.45397,0.0863,-20.69547
2008-06-18,107.82,2.015,,,,23.30373,0.08647,-20.69547
2008-06-19,107.92,2.089,,,,23.2691,0.08978,-20.69547
2008-06-20,107.31,1.999,,,,23.31046,0.08576,-20.69547
2008-06-23,107.83,2.128,,,,23.22524,0.09162,-20.69547
2008-06-24,107.78,2.012,,,,23.17551,0.08682,-20.69547
2008-06-25,107.8,1.988,,,,23.07988,0.08614,-20.69547
2008-06-26,106.947,1.877,,,,23.14848,0.08109,-20.69547
2008-06-27,106.12,1.869,,,,23.19348,0.08058,-20.69547
2008-06-30,106.12,1.849,,,,23.15946,0.07984,-20.69547
2008-07-02,105.94,1.791,,,,22.68009,0.07897,-21.23644
2008-07-03,106.74,1.715,,,,22.72245,0.07548,-21.23644
2008-07-04,106.81,1.717,,,,22.6608,0.07577,-21.23644
2008-07-07,107.16,1.617,,,,22.60519,0.07153,-21.23644
2008-07-08,109.41,1.645,,,,20.22274,0.08134,-21.23644
2008-07-09,106.871,1.604,,,,16.75771,0.09572,-21.23644
2008-07-10,107.066,1.668,,,,16.75608,0.09955,-21.23644
2008-07-11,106.21,1.817,,,,16.68351,0.10891,-21.23644
2008-07-14,106.22,1.701,,,,16.68208,0.10197,-21.23644
2008-07-15,104.81,1.631,,,,16.87684,0.09664,-21.23644
2008-07-16,105.18,1.691,,,,16.88736,0.10013,-21.23644
2008-07-17,106.228,1.821,,,,16.94794,0.10745,-21.23644
2008-07-18,106.95,1.901,,,,16.82763,0.11297,-21.23644
2008-07-21,106.496,1.901,,,,16.82689,0.11297,-21.23644
2008-07-22,107.23,1.956,,,,16.84729,0.1161,-21.23644
2008-07-23,107.89,2.015,,,,16.85352,0.11956,-21.23644
2008-07-24,107.38,1.804,,,,16.82689,0.10721,-21.23644
2008-07-25,107.85,1.92,,,,16.84387,0.11399,-21.23644
2008-07-28,107.46,1.794,,,,16.85787,0.10642,-21.23644
2008-07-29,108.08,1.865,,,,16.88256,0.11047,-21.23644
2008-07-30,108.15,1.867,,,,16.88092,0.1106,-21.23644
2008-07-31,107.81,1.749,,,,16.70891,0.10467,-21.23644
2008-08-08,110.17,1.814,,,,17.2192,0.10535,-21.13157
2008-08-26,109.61,1.655,,,,17.24956,0.09594,-21.13157
2008-08-27,109.54,1.594,,,,17.25169,0.0924,-21.13157
2008-08-28,109.42,1.654,,,,15.97533,0.10353,-21.13157
2008-08-29,108.79,1.651,,,,12.05522,0.13695,-21.13157
2008-09-01,108.056,1.629,,,,12.02576,0.13546,-17.28436
2008-09-02,108.65,1.539,,,,11.96956,0.12858,-17.28436
2008-09-03,108.35,1.543,,,,11.9667,0.12894,-17.28436
2008-09-04,106.73,1.461,,,,12.35303,0.11827,-17.28436
2008-09-05,107.68,1.51,,,,12.36786,0.12209,-17.28436
2008-09-08,108.11,1.554,,,,12.37236,0.1256,-17.28436
2008-09-09,107.28,1.494,,,,12.36718,0.1208,-17.28436
2008-09-10,107.72,1.488,,,,12.33225,0.12066,-17.28436
2008-09-11,106.98,1.448,,,,12.28805,0.11784,-17.28436
2008-09-12,107.94,1.492,,,,12.30547,0.12125,-17.28436
2008-09-15,104.251,1.042,,,,14.20437,0.07336,-17.28436
2008-09-16,105.52,1.184,,,,14.31524,0.08271,-17.28436
2008-09-17,104.319,0.903,,,,14.47632,0.06238,-17.28436
2008-09-18,105.5,0.982,,,,14.56446,0.06742,-17.28436
2008-09-19,107.42,1.371,,,,15.00447,0.09137,-17.28436
2008-09-22,105.56,1.344,,,,15.29183,0.08789,-17.28436
2008-09-23,105.719,1.324,,,,15.24522,0.08685,-17.28436
2008-09-24,106.08,1.229,,,,15.25857,0.08054,-17.28436
2008-09-25,106.32,1.357,,,,15.21108,0.08921,-17.28436
2008-09-26,106.05,1.303,,,,15.09194,0.08634,-17.28436
2008-09-29,103.843,0.889,,,,15.43091,0.05761,-17.28436
2008-09-30,106.07,1.252,,,,15.9052,0.07872,-17.28436
2008-10-01,105.94,1.056,,,,15.89206,0.06645,-7.84282
2008-10-02,105.21,0.856,,,,15.86478,0.05396,-7.84282
2008-10-03,105.3,0.874,,,,15.84977,0.05514,-7.84282
2008-10-06,101.88,0.748,,,,17.13742,0.04365,-7.84282
2008-10-07,101.46,0.763,,,,17.14886,0.04449,-7.84282
2008-10-08,110.09,0.904,,,,23.81346,0.03796,-7.84282
2008-10-09,99.51,0.853,,,,31.27346,0.02728,-7.84282
2008-10-10,101.1,0.777,,,,31.44663,0.02471,-7.84282
2008-10-13,102.28,0.777,,,,31.52626,0.02465,-7.84282
2008-10-14,101.96,0.98,,,,31.52949,0.03108,-7.84282
2008-10-15,99.72,0.84,,,,31.81566,0.0264,-7.84282
2008-10-16,101.24,0.815,,,,31.95229,0.02551,-7.84282
2008-10-17,101.65,0.854,,,,31.93601,0.02674,-7.84282
2008-10-20,101.97,0.933,,,,31.94493,0.02921,-7.84282
2008-10-21,100.327,0.818,,,,32.09674,0.02549,-7.84282
2008-10-22,97.86,0.798,,,,32.40585,0.02463,-7.84282
2008-10-23,97.478,0.823,,,,32.40707,0.0254,-7.84282
2008-10-24,94.27,0.853,,,,33.01658,0.02584,-7.84282
2008-10-27,93.194,0.894,,,,32.73981,0.02731,-7.84282
2008-10-28,98.2,0.944,,,,34.24535,0.02757,-7.84282
2008-10-29,97.52,0.971,,,,34.25733,0.02834,-7.84282
2008-10-30,98.79,1.006,,,,34.35102,0.02929,-7.84282
2008-10-31,98.44,1.021,,,,34.35339,0.02972,-7.84282
2008-11-03,99.0,0.911,,,,34.29052,0.02657,-2.43262
2008-11-04,99.733,0.852,,,,34.31939,0.02483,-2.43262
2008-11-05,98.22,0.815,,,,34.36836,0.02371,-2.43262
2008-11-06,97.276,0.736,,,,34.36967,0.02141,-2.43262
2008-11-07,98.09,0.762,,,,34.42091,0.02214,-2.43262
2008-11-10,97.97,0.673,,,,34.38083,0.01957,-2.43262
2008-11-11,97.291,0.677,,,,34.36337,0.0197,-2.43262
2008-11-12,94.8,0.597,,,,34.70091,0.0172,-2.43262
2008-11-13,97.57,0.667,,,,35.22266,0.01894,-2.43262
2008-11-14,97.02,0.671,,,,35.22976,0.01905,-2.43262
2008-11-17,96.41,0.695,,,,35.2097,0.01974,-2.43262
2008-11-18,96.746,0.615,,,,35.2223,0.01746,-2.43262
2008-11-19,96.003,0.544,,,,35.24137,0.01544,-2.43262
2008-11-20,94.05,0.464,,,,35.10838,0.01322,-2.43262
2008-11-21,95.91,0.534,,,,35.38045,0.01509,-2.43262
2008-11-24,96.87,0.754,,,,35.46188,0.02126,-2.43262
2008-11-25,95.447,0.563,,,,35.55422,0.01583,-2.43262
2008-11-26,95.607,0.487,,,,35.55473,0.0137,-2.43262
2008-11-27,95.429,0.491,,,,35.5418,0.01381,-2.43262
2008-11-28,95.5,0.414,,,,35.51403,0.01166,-2.43262
2008-12-01,93.14,0.321,,,,35.81005,0.00896,2.90817
2008-12-02,93.151,0.356,,,,35.72046,0.00997,2.90817
2008-12-03,93.14,0.326,,,,35.65293,0.00914,2.90817
2008-12-04,92.45,0.271,,,,35.64423,0.0076,2.90817
2008-12-05,92.82,0.366,,,,35.65136,0.01027,2.90817
2008-12-08,109.24,0.392,,,,48.6016,0.00807,2.90817
2008-12-09,92.303,0.257,,,,59.15968,0.00434,2.90817
2008-12-10,92.84,0.276,,,,59.13872,0.00467,2.90817
2008-12-11,91.53,0.211,,,,58.82323,0.00359,2.90817
2008-12-12,91.07,0.246,,,,58.75532,0.00419,2.90817
2008-12-15,90.5,0.215,,,,58.73184,0.00366,2.90817
2008-12-16,88.68,0.14,,,,58.77602,0.00238,2.90817
2008-12-17,87.32,0.27,,,,58.67605,0.0046,2.90817
2008-12-18,89.505,0.226,,,,58.86793,0.00384,2.90817
2008-12-19,89.27,0.326,,,,58.86196,0.00554,2.90817
2008-12-22,90.16,0.476,,,,58.90375,0.00808,2.90817
2008-12-23,90.84,0.506,,,,58.93067,0.00859,2.90817
2008-12-24,90.5,0.507,,,,58.9312,0.0086,2.90817
2008-12-25,90.514,0.501,,,,58.81289,0.00852,2.90817
2008-12-26,90.77,0.487,,,,58.6302,0.00831,2.90817
2008-12-29,90.652,0.392,,,,58.63014,0.00669,2.90817
2008-12-30,90.29,0.38,,,,58.62407,0.00648,2.90817
2008-12-31,90.65,0.39,,,,58.6345,0.00665,2.90817
2009-01-01,90.667,0.39,,,,58.3044,0.00669,3.32714
2009-01-02,91.79,0.51,,,,58.37095,0.00874,3.32714
2009-01-05,93.217,0.422,,,,55.98746,0.00754,3.32714
2009-01-06,93.38,0.426,,,,52.29741,0.00815,3.32714
2009-01-07,92.68,0.456,,,,52.19996,0.00874,3.32714
2009-01-08,91.36,0.461,,,,52.1956,0.00883,3.32714
2009-01-09,90.37,0.381,,,,52.22678,0.0073,3.32714
2009-01-12,89.43,0.371,,,,52.09381,0.00712,3.32714
2009-01-13,89.341,0.392,,,,51.98144,0.00754,3.32714
2009-01-14,89.16,0.356,,,,51.96701,0.00685,3.32714
2009-01-15,89.94,0.356,,,,52.00168,0.00685,3.32714
2009-01-16,90.9,0.366,,,,51.97997,0.00704,3.32714
2009-01-19,90.62,0.375,,,,51.76466,0.00724,3.32714
2009-01-20,89.81,0.38,,,,51.78528,0.00734,3.32714
2009-01-21,89.05,0.415,,,,51.39429,0.00807,3.32714
2009-01-22,89.126,0.39,,,,51.35031,0.00759,3.32714
2009-01-23,88.76,0.466,,,,50.2092,0.00928,3.32714
2009-01-26,89.24,0.465,,,,50.21648,0.00926,3.32714
2009-01-27,89.33,0.468,,,,50.13456,0.00933,3.32714
2009-01-28,90.462,0.479,,,,50.2129,0.00954,3.32714
2009-01-29,89.91,0.547,,,,50.20134,0.0109,3.32714
2009-01-30,89.9,0.537,,,,50.16968,0.0107,3.32714
2009-02-02,89.36,0.494,,,,50.10148,0.00986,2.38423
2009-02-03,89.37,0.551,,,,50.07493,0.011,2.38423
2009-02-04,89.42,0.555,,,,50.03798,0.01109,2.38423
2009-02-05,91.15,0.557,,,,50.20786,0.01109,2.38423
2009-02-06,91.92,0.58,,,,50.22965,0.01155,2.38423
2009-02-09,91.31,0.657,,,,49.98649,0.01314,2.38423
2009-02-10,90.444,0.511,,,,49.65705,0.01029,2.38423
2009-02-11,90.29,0.521,,,,49.64895,0.01049,2.38423
2009-02-12,90.67,0.491,,,,49.64899,0.00989,2.38423
2009-02-13,91.86,0.581,,,,49.72061,0.01169,2.38423
2009-02-16,91.71,0.575,,,,49.70125,0.01157,2.38423
2009-02-17,92.276,0.485,,,,49.55502,0.00979,2.38423
2009-02-18,93.63,0.6,,,,49.48329,0.01213,2.38423
2009-02-19,94.011,0.63,,,,49.44724,0.01274,2.38423
2009-02-20,93.34,0.579,,,,49.38088,0.01173,2.38423
2009-02-23,94.4,0.575,,,,49.43437,0.01163,2.38423
2009-02-24,96.55,0.625,,,,49.64117,0.01259,2.38423
2009-02-25,97.39,0.68,,,,49.67004,0.01369,2.38423
2009-02-26,98.334,0.688,,,,49.43474,0.01392,2.38423
2009-02-27,97.62,0.608,,,,49.46145,0.01229,2.38423
2009-03-02,97.054,0.497,,,,49.47861,0.01004,-3.02526
2009-03-03,98.535,0.517,,,,49.53462,0.01044,-3.02526
2009-03-04,98.992,0.577,,,,49.53633,0.01165,-3.02526
2009-03-05,98.13,0.501,,,,37.06521,0.01352,-3.02526
2009-03-06,98.34,0.511,,,,15.00807,0.03405,-3.02526
2009-03-09,98.92,0.561,,,,15.00911,0.03738,-3.02526
2009-03-10,98.78,0.6,,,,14.69673,0.04083,-3.02526
2009-03-11,97.25,0.62,,,,15.02778,0.04126,-3.02526
2009-03-12,97.32,0.62,,,,14.95422,0.04146,-3.02526
2009-03-13,97.94,0.57,,,,14.33646,0.03976,-3.02526
2009-03-16,98.2,0.595,,,,13.91329,0.04276,-3.02526
2009-03-17,98.781,0.644,,,,13.14494,0.04899,-3.02526
2009-03-18,96.401,0.414,,,,14.11197,0.02934,-3.02526
2009-03-19,94.45,0.474,,,,14.64771,0.03236,-3.02526
2009-03-20,95.93,0.494,,,,14.88499,0.03319,-3.02526
2009-03-23,97.092,0.527,,,,15.02038,0.03509,-3.02526
2009-03-24,98.34,0.527,,,,15.19847,0.03467,-3.02526
2009-03-25,97.73,0.557,,,,15.26952,0.03648,-3.02526
2009-03-26,98.7,0.491,,,,15.35929,0.03197,-3.02526
2009-03-27,97.85,0.491,,,,15.45296,0.03177,-3.02526
2009-03-30,97.432,0.433,,,,15.48252,0.02797,-3.02526
2009-03-31,98.97,0.402,,,,15.75062,0.02552,-3.02526
2009-04-01,98.66,0.432,,,,15.6178,0.02766,-5.55601
2009-04-02,99.56,0.482,,,,15.43241,0.03123,-5.55601
2009-04-03,100.3,0.564,,,,15.48428,0.03642,-5.55601
2009-04-06,100.76,0.524,,,,15.39812,0.03403,-5.55601
2009-04-07,100.69,0.489,,,,15.072,0.03244,-5.55601
2009-04-08,99.74,0.498,,,,15.02711,0.03314,-5.55601
2009-04-09,100.44,0.502,,,,14.86407,0.03377,-5.55601
2009-04-10,100.26,0.506,,,,14.87112,0.03403,-5.55601
2009-04-13,100.02,0.44,,,,14.87519,0.02958,-5.55601
2009-04-14,98.97,0.415,,,,15.01106,0.02765,-5.55601
2009-04-15,99.23,0.44,,,,14.89884,0.02953,-5.55601
2009-04-16,99.33,0.494,,,,14.87132,0.03322,-5.55601
2009-04-17,99.08,0.589,,,,14.74265,0.03995,-5.55601
2009-04-20,98.066,0.528,,,,14.79649,0.03568,-5.55601
2009-04-21,98.64,0.552,,,,14.82076,0.03725,-5.55601
2009-05-01,99.19,0.549,,,,14.79515,0.03711,-5.7254
2009-05-04,98.83,0.569,,,,14.81531,0.03841,-5.7254
2009-05-05,98.92,0.609,,,,14.81549,0.04111,-5.7254
2009-05-06,98.41,0.589,,,,14.70623,0.04005,-5.7254
2009-05-07,99.128,0.607,,,,14.67405,0.04137,-5.7254
2009-05-08,98.45,0.606,,,,14.76694,0.04104,-5.7254
2009-05-11,97.5,0.521,,,,14.86037,0.03506,-5.7254
2009-05-12,96.46,0.51,,,,15.05481,0.03388,-5.7254
2009-05-13,95.37,0.51,,,,15.26325,0.03341,-5.7254
2009-05-14,96.0,0.499,,,,14.85758,0.03359,-5.7254
2009-05-15,95.11,0.51,,,,14.91243,0.0342,-5.7254
2009-05-18,96.373,0.56,,,,15.05072,0.03721,-5.7254
2009-05-19,96.117,0.529,,,,14.92019,0.03546,-5.7254
2009-05-20,94.911,0.499,,,,15.15765,0.03292,-5.7254
2009-05-21,94.13,0.529,,,,15.24844,0.03469,-5.7254
2009-05-22,94.74,0.568,,,,15.0861,0.03765,-5.7254
2009-05-25,94.82,0.558,,,,15.08006,0.037,-5.7254
2009-05-26,95.05,0.597,,,,15.04193,0.03969,-5.7254
2009-05-27,95.38,0.597,,,,14.78066,0.04039,-5.7254
2009-05-28,96.798,0.626,,,,15.04394,0.04161,-5.7254
2009-05-29,95.43,0.576,,,,15.25461,0.03776,-5.7254
2009-06-01,96.522,0.625,,,,15.25711,0.04096,-6.56576
2009-06-02,95.601,0.606,,,,14.70233,0.04122,-6.56576
2009-06-03,96.07,0.554,,,,14.62958,0.03787,-6.56576
2009-06-04,96.643,0.614,,,,14.54668,0.04221,-6.56576
2009-06-05,98.81,0.983,,,,15.15036,0.06488,-6.56576
2009-06-08,98.457,1.052,,,,15.1209,0.06957,-6.56576
2009-06-09,97.477,0.952,,,,14.94806,0.06369,-6.56576
2009-06-10,98.149,1.007,,,,14.98402,0.0672,-6.56576
2009-06-11,97.63,0.976,,,,14.91928,0.06542,-6.56576
2009-06-12,98.37,0.926,,,,14.99111,0.06177,-6.56576
2009-06-15,97.819,0.885,,,,14.98431,0.05906,-6.56576
2009-06-16,96.5,0.86,,,,15.22064,0.0565,-6.56576
2009-06-17,95.74,0.819,,,,14.98328,0.05466,-6.56576
2009-06-18,96.57,0.914,,,,15.08726,0.06058,-6.56576
2009-06-19,96.76,0.894,,,,15.03619,0.05946,-6.56576
2009-06-22,95.85,0.813,,,,15.1376,0.05371,-6.56576
2009-06-23,95.119,0.793,,,,15.15165,0.05234,-6.56576
2009-06-24,95.848,0.857,,,,14.44524,0.05933,-6.56576
2009-06-25,95.943,0.806,,,,13.84111,0.05823,-6.56576
2009-06-26,95.21,0.797,,,,13.57436,0.05871,-6.56576
2009-06-29,96.092,0.816,,,,13.48311,0.06052,-6.56576
2009-06-30,96.331,0.803,,,,13.23667,0.06066,-6.56576
2009-07-01,96.62,0.763,,,,13.19815,0.05781,-4.80566
2009-07-02,95.952,0.71,,,,13.10545,0.05418,-4.80566
2009-07-03,96.14,0.725,,,,13.00699,0.05574,-4.80566
2009-07-06,95.17,0.706,,,,13.13244,0.05376,-4.80566
2009-07-07,94.769,0.721,,,,12.74196,0.05658,-4.80566
2009-07-08,92.772,0.656,,,,13.38523,0.04901,-4.80566
2009-07-09,93.04,0.7,,,,13.2527,0.05282,-4.80566
2009-07-10,92.53,0.67,,,,13.16808,0.05088,-4.80566
2009-07-13,93.022,0.675,,,,13.18202,0.05121,-4.80566
2009-07-14,93.421,0.72,,,,13.22829,0.05443,-4.80566
2009-07-15,94.177,0.77,,,,13.24661,0.05813,-4.80566
2009-07-16,93.776,0.735,,,,13.16469,0.05583,-4.80566
2009-07-17,94.21,0.755,,,,13.21311,0.05714,-4.80566
2009-07-20,94.14,0.725,,,,13.21008,0.05488,-4.80566
2009-07-21,93.533,0.684,,,,13.11445,0.05216,-4.80566
2009-07-22,93.569,0.699,,,,13.09765,0.05337,-4.80566
2009-07-23,94.93,0.804,,,,13.44934,0.05978,-4.80566
2009-07-24,94.87,0.779,,,,13.44437,0.05794,-4.80566
2009-07-27,95.16,0.813,,,,13.32146,0.06103,-4.80566
2009-07-28,94.38,0.854,,,,13.34753,0.06398,-4.80566
2009-07-29,95.1,0.899,,,,13.39257,0.06713,-4.80566
2009-07-30,95.56,0.918,,,,13.42324,0.06839,-4.80566
2009-07-31,94.64,0.855,,,,13.54333,0.06313,-4.80566
2009-08-03,95.167,0.905,,,,13.56934,0.06669,-5.65971
2009-08-04,95.29,0.93,,,,13.48204,0.06898,-5.65971
2009-08-05,94.796,0.965,,,,13.45482,0.07172,-5.65971
2009-08-06,95.484,0.955,,,,13.41557,0.07119,-5.65971
2009-08-07,97.43,1.055,99.28789,-1.88895,-0.73021,13.85874,0.07613,-5.65971
2009-08-10,97.01,0.965,98.65732,-1.68383,-0.65058,13.69128,0.07048,-5.65971
2009-08-11,95.92,0.94,98.48113,-2.63505,-1.0177,13.82266,0.068,-5.65971
2009-08-12,96.157,0.91,98.24047,-2.1436,-0.82705,13.70074,0.06642,-5.65971
2009-08-13,95.27,0.855,97.81819,-2.63956,-1.01771,13.56907,0.06301,-5.65971
2009-08-14,94.86,0.805,97.31967,-2.5599,-0.98599,13.58535,0.05926,-5.65971
2009-08-17,94.43,0.78,97.3209,-3.01549,-1.16048,13.37968,0.0583,-5.65971
2009-08-18,94.84,0.8,97.43839,-2.70291,-1.03881,13.30353,0.06013,-5.65971
2009-08-19,94.11,0.755,97.29762,-3.33102,-1.27898,13.33126,0.05663,-5.65971
2009-08-20,94.257,0.784,97.26367,-3.14004,-1.20372,13.3341,0.0588,-5.65971
2009-08-21,94.37,0.885,98.01423,-3.78894,-1.45039,13.32695,0.06641,-5.65971
2009-08-24,94.39,0.804,97.43988,-3.18005,-1.21477,13.3073,0.06042,-5.65971
2009-08-25,93.9,0.809,97.22934,-3.48421,-1.32903,12.9926,0.06227,-5.65971
2009-08-26,94.08,0.819,97.25915,-3.32335,-1.26571,12.69597,0.06451,-5.65971
2009-08-27,93.63,0.799,97.1274,-3.66727,-1.39519,12.50577,0.06389,-5.65971
2009-08-28,93.56,0.768,96.89826,-3.50586,-1.3328,12.3684,0.06209,-5.65971
2009-08-31,92.87,0.73,96.47905,-3.81252,-1.44722,12.40125,0.05887,-5.65971
2009-09-01,92.707,0.68,96.26804,-3.76924,-1.42813,12.33305,0.05514,-2.90478
2009-09-02,92.209,0.655,96.03978,-4.07048,-1.53916,11.45984,0.05716,-2.90478
2009-09-03,92.687,0.68,95.95378,-3.46385,-1.3067,11.5163,0.05905,-2.90478
2009-09-04,92.97,0.709,95.89581,-3.09854,-1.16695,11.39485,0.06222,-2.90478
2009-09-07,92.92,0.703,95.82625,-3.07978,-1.15863,11.28929,0.06227,-2.90478
2009-09-08,92.31,0.697,96.02657,-3.94724,-1.4837,11.31269,0.06161,-2.90478
2009-09-09,92.13,0.707,95.93804,-4.0502,-1.51913,11.18342,0.06322,-2.90478
2009-09-10,91.687,0.691,95.68659,-4.26976,-1.59786,11.17129,0.06185,-2.90478
2009-09-11,90.66,0.696,95.57572,-5.28026,-1.97116,11.07491,0.06284,-2.90478
2009-09-14,90.87,0.731,95.7191,-5.19879,-1.93345,11.0039,0.06643,-2.90478
2009-09-15,90.898,0.75,95.74746,-5.19761,-1.92591,10.8377,0.0692,-2.90478
2009-09-16,91.02,0.8,96.48023,-5.82589,-2.15113,10.83157,0.07386,-2.90478
2009-09-17,91.206,0.765,96.15815,-5.28735,-1.94376,10.70909,0.07143,-2.90478
2009-09-18,91.27,0.805,96.42967,-5.49918,-2.01524,10.62135,0.07579,-2.90478
2009-09-21,92.026,0.795,96.09945,-4.33124,-1.58167,10.64152,0.07471,-2.90478
2009-09-22,90.71,0.795,96.06265,-5.7333,-2.0898,10.98514,0.07237,-2.90478
2009-09-23,91.327,0.735,95.39778,-4.36088,-1.58432,11.00279,0.0668,-2.90478
2009-09-24,90.823,0.709,95.10716,-4.60917,-1.6712,10.85895,0.06529,-2.90478
2009-09-25,89.81,0.769,95.64988,-6.29981,-2.28017,11.03002,0.06972,-2.90478
2009-09-28,89.862,0.753,95.40662,-5.98728,-2.156,11.004,0.06843,-2.90478
2009-09-29,90.221,0.772,95.55725,-5.74633,-2.05977,10.9874,0.07026,-2.90478
2009-09-30,89.87,0.711,95.4511,-6.02498,-2.15212,10.98623,0.06472,-2.90478
2009-10-01,89.547,0.636,95.27955,-6.20516,-2.20648,10.84371,0.05865,-3.19659
2009-10-02,89.61,0.65,95.31679,-6.17391,-2.18524,10.82834,0.06003,-3.19659
2009-10-05,89.62,0.649,94.98094,-5.80977,-2.04674,10.00341,0.06488,-3.19659
2009-10-06,88.8,0.679,95.03265,-6.78338,-2.37995,10.12578,0.06706,-3.19659
2009-10-07,88.538,0.634,94.33048,-6.33725,-2.21127,10.08995,0.06283,-3.19659
2009-10-08,88.769,0.653,94.56981,-6.33008,-2.19816,10.03901,0.06505,-3.19659
2009-10-09,89.74,0.728,94.91683,-5.60844,-1.93831,10.25759,0.07097,-3.19659
2009-10-12,89.71,0.728,94.97159,-5.69956,-1.96254,10.10452,0.07205,-3.19659
2009-10-13,89.82,0.661,94.48953,-5.06814,-1.73863,10.08699,0.06553,-3.19659
2009-10-14,89.41,0.72,94.9468,-6.00842,-2.05528,10.05812,0.07158,-3.19659
2009-10-15,90.827,0.725,94.68127,-4.15595,-1.41589,10.58909,0.06847,-3.19659
2009-10-16,90.91,0.73,94.95351,-4.35174,-1.48008,10.52464,0.06936,-3.19659
2009-10-19,90.773,0.744,95.10734,-4.66442,-1.58337,10.52534,0.07069,-3.19659
2009-10-20,90.798,0.698,94.51296,-4.00997,-1.3581,10.08097,0.06924,-3.19659
2009-10-21,90.88,0.748,95.4087,-4.86298,-1.64414,10.08611,0.07416,-3.19659
2009-10-22,91.396,0.707,94.64616,-3.49436,-1.17827,10.13874,0.06973,-3.19659
2009-10-23,92.05,0.767,95.44134,-3.61798,-1.2183,10.1368,0.07566,-3.19659
2009-10-26,92.2,0.775,95.82044,-3.85159,-1.29507,10.01496,0.07738,-3.19659
2009-10-27,91.624,0.71,95.45281,-4.09388,-1.37431,10.02131,0.07085,-3.19659
2009-10-28,90.57,0.682,95.67799,-5.48652,-1.83837,10.09746,0.06754,-3.19659
2009-10-29,91.49,0.727,95.52949,-4.32053,-1.44306,10.25192,0.07091,-3.19659
2009-10-30,90.09,0.65,95.83664,-6.1836,-2.06155,10.66158,0.06097,-3.19659
2009-11-02,90.39,0.674,95.9532,-5.97269,-1.9829,10.65789,0.06324,-2.31627
2009-11-03,90.39,0.674,95.86832,-5.8842,-1.94604,10.53505,0.06398,-2.31627
2009-11-04,90.698,0.643,95.42095,-5.07629,-1.67298,9.67186,0.06648,-2.31627
2009-11-05,90.77,0.628,94.70239,-4.24105,-1.39403,9.65751,0.06503,-2.31627
2009-11-06,89.88,0.593,93.92454,-4.40163,-1.44427,9.59931,0.06178,-2.31627
2009-11-09,89.829,0.602,93.86266,-4.39248,-1.43872,9.57349,0.06288,-2.31627
2009-11-10,89.71,0.591,93.62718,-4.27385,-1.39745,9.42811,0.06268,-2.31627
2009-11-11,89.91,0.596,93.7027,-4.13178,-1.349,9.42415,0.06324,-2.31627
2009-11-12,90.28,0.566,93.54472,-3.55236,-1.158,9.44516,0.05992,-2.31627
2009-11-13,89.66,0.571,93.29304,-3.97208,-1.29383,9.46817,0.06031,-2.31627
2009-11-16,89.01,0.535,93.07092,-4.4613,-1.45119,9.45536,0.05658,-2.31627
2009-11-17,89.23,0.54,92.92476,-4.05727,-1.31939,9.46664,0.05704,-2.31627
2009-11-18,89.398,0.535,92.64711,-3.56994,-1.15988,9.47368,0.05647,-2.31627
2009-11-19,88.9,0.494,92.33817,-3.79454,-1.23433,9.51791,0.0519,-2.31627
2009-11-20,88.83,0.504,92.1709,-3.692,-1.20454,9.47859,0.05317,-2.31627
2009-11-23,88.9,0.524,92.00221,-3.43004,-1.1202,9.46775,0.05535,-2.31627
2009-11-24,88.593,0.479,91.2313,-2.93451,-0.96053,9.44916,0.05069,-2.31627
2009-11-25,87.36,0.49,91.37521,-4.49368,-1.47354,9.80753,0.04996,-2.31627
2009-11-26,85.14,0.49,91.28182,-6.96547,-2.28333,10.91108,0.04491,-2.31627
2009-11-27,86.48,0.455,91.92242,-6.10318,-1.99395,11.42767,0.03982,-2.31627
2009-11-30,86.25,0.445,91.76316,-6.19609,-2.01924,11.39914,0.03904,-2.31627
2009-12-01,86.65,0.505,91.60695,-5.56301,-1.80877,11.38758,0.04435,-2.83695
2009-12-02,87.56,0.545,91.5942,-4.50437,-1.46234,11.59064,0.04702,-2.83695
2009-12-03,88.259,0.571,92.19616,-4.36428,-1.41768,11.72652,0.04869,-2.83695
2009-12-04,90.52,0.671,92.73887,-2.42169,-0.78638,12.77559,0.05252,-2.83695
2009-12-07,89.29,0.606,92.23582,-3.2459,-1.05477,13.04928,0.04644,-2.83695
2009-12-08,88.38,0.55,92.00948,-4.0246,-1.30728,13.16687,0.04177,-2.83695
2009-12-09,88.09,0.581,91.84618,-4.17563,-1.35406,12.99943,0.04469,-2.83695
2009-12-10,88.23,0.601,91.88851,-4.0629,-1.31514,12.99396,0.04625,-2.83695
2009-12-11,89.09,0.661,92.25443,-3.49033,-1.1281,13.15157,0.05026,-2.83695
2009-12-14,88.69,0.7,92.49578,-4.20159,-1.35627,13.17347,0.05314,-2.83695
2009-12-15,89.511,0.715,92.73691,-3.5405,-1.1408,13.30521,0.05374,-2.83695
2009-12-16,89.85,0.685,92.17871,-2.55876,-0.82348,13.32883,0.05139,-2.83695
2009-12-17,89.64,0.605,91.92898,-2.52146,-0.8111,13.22225,0.04576,-2.83695
2009-12-18,90.44,0.661,92.26187,-1.99442,-0.64117,13.04009,0.05069,-2.83695
2009-12-21,91.057,0.735,92.59735,-1.67748,-0.53915,13.04051,0.05636,-2.83695
2009-12-22,91.805,0.795,92.92083,-1.20811,-0.38839,13.09434,0.06071,-2.83695
2009-12-23,91.64,0.805,93.18167,-1.66832,-0.53674,12.89542,0.06243,-2.83695
2009-12-24,91.444,0.845,93.55776,-2.28523,-0.73577,12.90468,0.06548,-2.83695
2009-12-25,91.11,0.845,93.54081,-2.63303,-0.84733,12.90594,0.06547,-2.83695
2009-12-28,91.69,0.935,94.72637,-3.25791,-1.04768,12.93774,0.07227,-2.83695
2009-12-29,91.97,0.944,94.8479,-3.08121,-0.9898,12.92422,0.07304,-2.83695
2009-12-30,92.42,0.944,94.83104,-2.57534,-0.82649,12.95487,0.07287,-2.83695
2009-12-31,92.91,1.004,96.07495,-3.34973,-1.07429,12.99004,0.07729,-2.83695
2010-01-01,92.92,1.004,96.06333,-3.32687,-1.06579,12.83818,0.0782,-4.38498
2010-01-04,92.495,0.943,94.90808,-2.57542,-0.82421,12.86126,0.07332,-4.38498
2010-01-05,91.585,0.862,93.76534,-2.35278,-0.75259,13.02741,0.06617,-4.38498
2010-01-06,92.356,0.856,93.6706,-1.41337,-0.45201,12.95592,0.06607,-4.38498
2010-01-07,93.39,0.876,93.82675,-0.46657,-0.14923,13.12934,0.06672,-4.38498
2010-01-08,92.66,0.796,92.56358,0.10411,0.03332,13.23778,0.06013,-4.38498
2010-01-11,92.092,0.786,92.20451,-0.1221,-0.03909,13.26599,0.05925,-4.38498
2010-01-12,91.08,0.756,92.06522,-1.0759,-0.34457,13.09421,0.05774,-4.38498
2010-01-13,91.433,0.806,92.41674,-1.07017,-0.3428,13.11551,0.06145,-4.38498
2010-01-14,91.267,0.781,92.01041,-0.81125,-0.26022,13.11718,0.05954,-4.38498
2010-01-15,90.75,0.735,91.5608,-0.88948,-0.28531,13.16768,0.05582,-4.38498
2010-01-18,90.705,0.73,91.49338,-0.86541,-0.27761,13.16672,0.05544,-4.38498
2010-01-19,91.199,0.77,91.83167,-0.69133,-0.22176,13.16275,0.0585,-4.38498
2010-01-20,91.192,0.759,92.06973,-0.9579,-0.3073,13.08198,0.05802,-4.38498
2010-01-21,90.393,0.709,92.64238,-2.45799,-0.78879,13.19023,0.05375,-4.38498
2010-01-22,89.81,0.679,93.64039,-4.17655,-1.33991,13.19403,0.05146,-4.38498
2010-01-25,90.415,0.698,93.35918,-3.2044,-1.02721,13.06635,0.05342,-4.38498
2010-01-26,89.63,0.713,93.26251,-3.97281,-1.27247,13.01531,0.05478,-4.38498
2010-01-27,89.95,0.744,93.15765,-3.50393,-1.12138,12.66965,0.05872,-4.38498
2010-01-28,89.778,0.715,92.96724,-3.49072,-1.11581,12.65668,0.05649,-4.38498
2010-01-29,90.27,0.665,92.58683,-2.53418,-0.80906,12.70567,0.05234,-4.38498
2010-02-01,90.76,0.705,92.50586,-1.90533,-0.60795,12.73404,0.05536,-2.53504
2010-02-02,90.428,0.705,92.23987,-1.98385,-0.6328,12.7541,0.05528,-2.53504
2010-02-03,90.84,0.725,92.50352,-1.8147,-0.57863,12.62922,0.05741,-2.53504
2010-02-04,89.41,0.645,92.72847,-3.6443,-1.16174,13.02981,0.0495,-2.53504
2010-02-05,89.22,0.615,92.25917,-3.34964,-1.06684,13.03392,0.04718,-2.53504
2010-02-08,89.22,0.635,92.61483,-3.73441,-1.18804,13.02546,0.04875,-2.53504
2010-02-09,89.768,0.685,93.14717,-3.69522,-1.17446,13.05827,0.05246,-2.53504
2010-02-10,89.93,0.756,93.85889,-4.27609,-1.35791,12.98982,0.0582,-2.53504
2010-02-11,89.81,0.756,93.43758,-3.95973,-1.25705,12.90777,0.05857,-2.53504
2010-02-12,89.95,0.686,92.18135,-2.45039,-0.77724,12.90238,0.05317,-2.53504
2010-02-15,90.05,0.68,92.09876,-2.24963,-0.71404,12.89904,0.05272,-2.53504
2010-02-16,90.244,0.66,91.7893,-1.69785,-0.53959,12.85278,0.05135,-2.53504
2010-02-17,91.05,0.715,92.2917,-1.35454,-0.43088,12.96667,0.05514,-2.53504
2010-02-18,91.977,0.745,92.32591,-0.37863,-0.12064,13.11205,0.05682,-2.53504
2010-02-19,91.54,0.795,92.71736,-1.27797,-0.4087,13.13079,0.06054,-2.53504
2010-02-22,91.235,0.754,92.19725,-1.04917,-0.3365,12.82037,0.05881,-2.53504
2010-02-23,90.16,0.714,92.16288,-2.19715,-0.70712,11.92641,0.05987,-2.53504
2010-02-24,90.279,0.714,91.79165,-1.66165,-0.53667,11.54656,0.06184,-2.53504
2010-02-25,89.27,0.665,91.08154,-2.00897,-0.64967,11.77274,0.05649,-2.53504
2010-02-26,88.921,0.655,90.78235,-2.07166,-0.67036,11.77639,0.05562,-2.53504
2010-03-01,89.15,0.645,90.53628,-1.54302,-0.5003,11.60771,0.05557,-2.94204
2010-03-02,88.74,0.645,90.49393,-1.95721,-0.63595,11.54221,0.05588,-2.94204
2010-03-03,88.57,0.665,90.66293,-2.33554,-0.76008,10.34788,0.06426,-2.94204
2010-03-04,89.16,0.715,91.1483,-2.20554,-0.71959,10.07805,0.07095,-2.94204
2010-03-05,90.22,0.77,91.28022,-1.1683,-0.38186,10.13443,0.07598,-2.94204
2010-03-08,90.286,0.76,91.32289,-1.1419,-0.37394,10.10802,0.07519,-2.94204
2010-03-09,89.989,0.75,91.22297,-1.36193,-0.44694,10.13167,0.07403,-2.94204
2010-03-10,90.47,0.78,91.8374,-1.50013,-0.4933,10.00402,0.07797,-2.94204
2010-03-11,90.648,0.83,92.19317,-1.69022,-0.55695,9.96289,0.08331,-2.94204
2010-03-12,90.54,0.83,91.94195,-1.53656,-0.50753,9.80252,0.08467,-2.94204
2010-03-15,90.32,0.815,91.87709,-1.70928,-0.5656,9.78856,0.08326,-2.94204
2010-03-16,90.29,0.785,91.41065,-1.23353,-0.40889,9.77659,0.08029,-2.94204
2010-03-17,90.403,0.805,91.38914,-1.08492,-0.36004,9.61614,0.08371,-2.94204
2010-03-18,90.48,0.835,91.59754,-1.22755,-0.40773,9.51813,0.08773,-2.94204
2010-03-19,90.52,0.875,92.18188,-1.81928,-0.60471,9.36911,0.09339,-2.94204
2010-03-22,90.34,0.865,92.0205,-1.84311,-0.61262,9.3705,0.09231,-2.94204
2010-03-23,90.366,0.874,91.8915,-1.67405,-0.55632,9.36292,0.09335,-2.94204
2010-03-24,92.014,0.934,93.11486,-1.18931,-0.39513,10.02115,0.0932,-2.94204
2010-03-25,92.513,0.948,93.63586,-1.20643,-0.401,9.99935,0.09481,-2.94204
2010-03-26,92.507,0.883,92.55507,-0.05195,-0.01726,9.98193,0.08846,-2.94204
2010-03-29,92.49,0.878,92.4613,0.03103,0.01031,9.93446,0.08838,-2.94204
2010-03-30,92.82,0.898,92.51338,0.33089,0.11003,9.90315,0.09068,-2.94204
2010-03-31,93.52,0.853,92.18753,1.43504,0.47719,10.01699,0.08516,-2.94204
2010-04-01,93.85,0.887,92.59504,1.34622,0.44756,9.99402,0.08875,-6.31148
2010-04-02,94.53,0.947,93.34881,1.25741,0.41795,9.87501,0.0959,-6.31148
2010-04-05,94.33,1.017,94.07919,0.26624,0.08848,9.75702,0.10423,-6.31148
2010-04-06,93.794,0.981,93.2813,0.54812,0.18216,9.57902,0.10241,-6.31148
2010-04-07,93.309,0.901,92.45105,0.92372,0.3071,9.50408,0.0948,-6.31148
2010-04-08,93.42,0.935,92.79701,0.6691,0.2225,9.42059,0.09925,-6.31148
2010-04-09,93.16,0.925,92.52197,0.68723,0.22856,9.1599,0.10098,-6.31148
2010-04-12,93.183,0.915,92.14013,1.12547,0.3744,9.1321,0.1002,-6.31148
2010-04-13,93.18,0.91,92.36796,0.8753,0.29117,9.12224,0.09976,-6.31148
2010-04-14,93.318,0.91,92.10428,1.30916,0.43828,9.04256,0.10064,-6.31148
2010-04-15,93.04,0.875,91.83004,1.309,0.43859,9.06671,0.09651,-6.31148
2010-04-16,92.15,0.815,92.10747,0.04617,0.01548,9.22544,0.08834,-6.31148
2010-04-19,92.46,0.85,92.09112,0.39976,0.13411,9.24734,0.09192,-6.31148
2010-04-20,93.171,0.89,91.89586,1.37805,0.4625,9.18055,0.09694,-6.31148
2010-04-21,93.054,0.87,91.92967,1.21562,0.40813,9.07875,0.09583,-6.31148
2010-04-22,93.398,0.91,92.49722,0.96913,0.32539,9.01541,0.10094,-6.31148
2010-04-23,93.95,0.94,92.96801,1.05072,0.35276,8.87966,0.10586,-6.31148
2010-04-26,93.9,0.925,93.13552,0.81747,0.27444,8.86463,0.10435,-6.31148
2010-04-27,93.144,0.868,94.33378,-1.26927,-0.4261,9.02255,0.0962,-6.31148
2010-04-28,93.96,0.87,93.78705,0.18423,0.06184,9.11719,0.09542,-6.31148
2010-04-29,94.013,0.85,92.58183,1.53402,0.51492,9.06535,0.09376,-6.31148
2010-04-30,93.83,0.81,93.38061,0.48009,0.16111,9.03931,0.08961,-6.31148
2010-05-03,94.692,0.84,93.14892,1.643,0.55139,9.16709,0.09163,-2.68919
2010-05-04,94.71,0.8,93.85226,0.90977,0.30532,8.53095,0.09378,-2.68919
2010-05-05,93.781,0.72,93.06499,0.76642,0.25724,8.77943,0.08201,-2.68919
2010-05-06,90.83,0.59,93.38083,-2.76964,-0.92973,10.9556,0.05385,-2.68919
2010-05-07,91.58,0.67,95.96056,-4.67244,-1.56728,11.00901,0.06086,-2.68919
2010-05-10,93.18,0.71,93.89502,-0.76442,-0.25581,11.51972,0.06163,-2.68919
2010-05-11,92.49,0.69,93.51164,-1.09854,-0.36769,11.62463,0.05936,-2.68919
2010-05-12,93.169,0.735,93.33792,-0.18115,-0.06065,11.70334,0.0628,-2.68919
2010-05-13,92.777,0.71,93.30839,-0.57113,-0.19196,11.74155,0.06047,-2.68919
2010-05-14,92.46,0.63,93.37559,-0.98539,-0.3312,11.76208,0.05356,-2.68919
2010-05-17,92.55,0.65,93.49946,-1.02066,-0.34313,11.63524,0.05586,-2.68919
2010-05-18,91.901,0.595,93.38718,-1.60422,-0.53926,11.54958,0.05152,-2.68919
2010-05-19,91.54,0.635,94.24366,-2.91075,-0.97825,11.53694,0.05504,-2.68919
2010-05-20,89.37,0.6,95.62479,-6.76471,-2.27325,12.48067,0.04807,-2.68919
2010-05-21,89.986,0.605,94.65328,-5.05664,-1.69113,12.33887,0.04903,-2.68919
2010-05-24,90.19,0.61,94.34874,-4.50793,-1.50423,12.34452,0.04941,-2.68919
2010-05-25,90.332,0.65,94.1119,-4.09927,-1.3655,12.13522,0.05356,-2.68919
2010-05-26,89.97,0.66,94.31979,-4.72148,-1.56986,12.13659,0.05438,-2.68919
2010-05-27,90.879,0.71,93.81968,-3.18457,-1.05636,12.28764,0.05778,-2.68919
2010-05-28,91.052,0.6,92.89547,-2.00441,-0.66416,12.25074,0.04898,-2.68919
2010-05-31,91.19,0.6,92.88163,-1.83807,-0.60877,12.24349,0.04901,-2.68919
2010-06-01,91.1,0.625,93.89665,-3.02369,-1.0011,12.18196,0.05131,-0.32463
2010-06-02,92.19,0.665,93.28966,-1.18576,-0.39223,12.18486,0.05458,-0.32463
2010-06-03,92.623,0.67,93.1907,-0.61104,-0.20209,12.21561,0.05485,-0.32463
2010-06-04,91.88,0.575,93.19255,-1.41844,-0.46912,12.31092,0.04671,-0.32463
2010-06-07,91.516,0.595,93.6509,-2.30602,-0.76264,12.29788,0.04838,-0.32463
2010-06-08,91.41,0.595,93.07964,-1.81005,-0.59845,12.29535,0.04839,-0.32463
2010-06-09,91.365,0.595,93.07423,-1.85349,-0.61273,12.29308,0.0484,-0.32463
2010-06-10,91.309,0.645,93.06002,-1.89953,-0.62791,12.28296,0.05251,-0.32463
2010-06-11,91.62,0.6,92.05109,-0.46942,-0.15515,12.29939,0.04878,-0.32463
2010-06-14,91.62,0.615,92.19187,-0.62224,-0.20576,12.29773,0.05001,-0.32463
2010-06-15,91.474,0.635,91.78234,-0.33651,-0.11135,12.30229,0.05162,-0.32463
2010-06-16,91.396,0.595,91.25886,0.15017,0.0497,12.30387,0.04836,-0.32463
2010-06-17,90.84,0.565,90.62444,0.23757,0.07873,12.36033,0.04571,-0.32463
2010-06-18,90.7,0.585,90.58613,0.12562,0.04165,12.36454,0.04731,-0.32463
2010-06-21,90.995,0.585,90.81934,0.19324,0.06412,11.83062,0.04945,-0.32463
2010-06-22,90.54,0.559,91.01143,-0.51934,-0.17244,11.81424,0.04732,-0.32463
2010-06-23,89.91,0.51,90.31196,-0.44607,-0.14825,11.88842,0.0429,-0.32463
2010-06-24,89.63,0.52,91.06031,-1.5832,-0.52697,11.90022,0.0437,-0.32463
2010-06-25,89.15,0.5,90.46774,-1.4673,-0.48892,11.91042,0.04198,-0.32463
2010-06-28,89.313,0.47,90.09998,-0.87728,-0.29309,11.80604,0.03981,-0.32463
2010-06-29,88.649,0.465,91.06845,-2.69267,-0.90067,11.84953,0.03924,-0.32463
2010-06-30,88.43,0.465,91.09288,-2.96684,-0.99241,11.73746,0.03962,-0.32463
2010-07-01,87.6,0.49,91.12011,-3.93975,-1.31767,11.8548,0.04133,1.56071
2010-07-02,87.79,0.49,90.52821,-3.07139,-1.02674,11.83717,0.0414,1.56071
2010-07-05,87.625,0.49,90.49637,-3.22434,-1.07801,11.80868,0.04149,1.56071
2010-07-06,87.48,0.48,90.22768,-3.0926,-1.03388,11.80097,0.04067,1.56071
2010-07-07,87.68,0.49,89.68149,-2.25706,-0.75381,11.81408,0.04148,1.56071
2010-07-08,88.41,0.49,89.3717,-1.0819,-0.36115,11.95624,0.04098,1.56071
2010-07-09,88.57,0.49,89.16844,-0.6734,-0.22478,11.96692,0.04095,1.56071
2010-07-12,88.639,0.51,89.33316,-0.78008,-0.26067,11.9623,0.04263,1.56071
2010-07-13,88.793,0.525,89.53589,-0.83318,-0.27842,11.96479,0.04388,1.56071
2010-07-14,88.27,0.475,88.88796,-0.69764,-0.23311,11.87577,0.04,1.56071
2010-07-15,87.34,0.465,88.79257,-1.64944,-0.55196,12.00981,0.03872,1.56071
2010-07-16,86.56,0.47,89.14834,-2.94639,-0.98618,11.98834,0.0392,1.56071
2010-07-19,86.76,0.47,89.05308,-2.60869,-0.87292,12.00845,0.03914,1.56071
2010-07-20,87.242,0.465,88.42619,-1.34823,-0.45107,12.04417,0.03861,1.56071
2010-07-21,86.861,0.435,88.40913,-1.76661,-0.59178,11.97738,0.03632,1.56071
2010-07-22,87.124,0.456,88.37525,-1.42595,-0.47842,12.00706,0.03798,1.56071
2010-07-23,87.52,0.456,88.03343,-0.58494,-0.19663,11.97773,0.03807,1.56071
2010-07-26,86.998,0.475,88.07432,-1.22958,-0.41416,11.85357,0.04007,1.56071
2010-07-27,87.816,0.505,88.63095,-0.92373,-0.31196,12.03651,0.04196,1.56071
2010-07-28,87.452,0.465,88.27894,-0.94115,-0.31806,12.05103,0.03859,1.56071
2010-07-29,86.683,0.445,87.85787,-1.34626,-0.45585,11.96485,0.03719,1.56071
2010-07-30,86.44,0.405,87.02057,-0.6694,-0.22683,11.96365,0.03385,1.56071
2010-08-02,86.598,0.415,86.6661,-0.07861,-0.02667,11.85767,0.035,3.37549
2010-08-03,85.78,0.385,86.30194,-0.60662,-0.20597,10.23238,0.03763,3.37549
2010-08-04,85.78,0.42,86.71814,-1.08772,-0.36944,10.06492,0.04173,3.37549
2010-08-05,86.3,0.39,86.20963,0.10478,0.03558,9.46362,0.04121,3.37549
2010-08-06,85.833,0.36,85.69339,0.16278,0.05531,9.41846,0.03822,3.37549
2010-08-09,85.344,0.4,86.44468,-1.28146,-0.43612,9.30024,0.04301,3.37549
2010-08-10,85.897,0.384,86.30147,-0.46977,-0.15998,9.41287,0.0408,3.37549
2010-08-11,85.36,0.404,87.46725,-2.43869,-0.83078,9.45707,0.04272,3.37549
2010-08-12,85.172,0.414,87.74449,-2.97564,-1.01329,9.44781,0.04382,3.37549
2010-08-13,86.074,0.409,87.79812,-1.98328,-0.67547,9.66662,0.04231,3.37549
2010-08-16,86.14,0.375,87.25053,-1.28098,-0.43657,9.6551,0.03884,3.37549
2010-08-17,85.307,0.39,86.99181,-1.95575,-0.66682,8.64022,0.04514,3.37549
2010-08-18,85.595,0.39,87.07311,-1.71212,-0.58395,8.54279,0.04565,3.37549
2010-08-19,85.44,0.375,87.33743,-2.19647,-0.7494,8.52236,0.044,3.37549
2010-08-20,85.344,0.376,87.14454,-2.08779,-0.7122,8.50813,0.04419,3.37549
2010-08-23,85.56,0.376,87.21044,-1.91062,-0.65197,8.51144,0.04418,3.37549
2010-08-24,85.141,0.381,87.75601,-3.02516,-1.03275,8.25845,0.04613,3.37549
2010-08-25,84.178,0.405,87.91364,-4.34214,-1.48191,8.49018,0.0477,3.37549
2010-08-26,84.684,0.389,87.74161,-3.54695,-1.21197,8.59595,0.04525,3.37549
2010-08-27,84.346,0.431,87.61752,-3.80536,-1.30126,8.61437,0.05003,3.37549
2010-08-30,85.501,0.371,87.29881,-2.08088,-0.7146,8.72604,0.04252,3.37549
2010-08-31,84.532,0.351,86.76963,-2.61266,-0.90296,8.87702,0.03954,3.37549
2010-09-01,84.14,0.381,86.64514,-2.93389,-1.01431,8.79984,0.0433,3.66104
2010-09-02,84.407,0.376,86.35416,-2.28066,-0.78795,8.83076,0.04258,3.66104
2010-09-03,84.25,0.391,86.08822,-2.1584,-0.74554,8.83148,0.04427,3.66104
2010-09-06,84.43,0.371,85.79213,-1.60045,-0.55355,8.85677,0.04189,3.66104
2010-09-07,84.12,0.351,86.08526,-2.30939,-0.79915,8.86897,0.03958,3.66104
2010-09-08,83.732,0.386,86.45032,-3.19487,-1.10603,8.84121,0.04366,3.66104
2010-09-09,83.95,0.436,87.08606,-3.66755,-1.27338,8.87353,0.04913,3.66104
2010-09-10,83.93,0.436,86.83746,-3.4055,-1.18186,8.87639,0.04912,3.66104
2010-09-13,84.307,0.39,85.89987,-1.87174,-0.65183,8.95272,0.04356,3.66104
2010-09-14,83.681,0.36,85.51192,-2.16438,-0.75975,8.9863,0.04006,3.66104
2010-09-15,83.048,0.37,85.77288,-3.22842,-1.14231,9.07391,0.04078,3.66104
2010-09-16,85.7,0.355,85.44523,0.29772,0.10571,11.16968,0.03178,3.66104
2010-09-17,85.848,0.355,85.52165,0.38087,0.13576,11.15139,0.03183,3.66104
2010-09-20,85.69,0.345,85.22139,0.54837,0.19865,11.08357,0.03113,3.66104
2010-09-21,85.702,0.304,84.86029,0.98699,0.35765,11.07457,0.02745,3.66104
2010-09-22,85.113,0.314,85.08769,0.02974,0.01079,11.10485,0.02828,3.66104
2010-09-23,84.48,0.324,85.45333,-1.14556,-0.4178,11.17299,0.029,3.66104
2010-09-24,84.51,0.319,84.94635,-0.515,-0.18792,11.095,0.02875,3.66104
2010-09-27,84.316,0.303,84.87985,-0.6665,-0.24323,11.09396,0.02731,3.66104
2010-09-28,84.275,0.236,83.9115,0.43226,0.15795,10.95304,0.02155,3.66104
2010-09-29,83.892,0.305,84.85394,-1.14012,-0.41702,10.96617,0.02781,3.66104
2010-09-30,83.766,0.288,84.54431,-0.92486,-0.33873,10.9648,0.02627,3.66104
2010-10-01,83.57,0.292,84.29149,-0.85963,-0.31531,10.96806,0.02662,4.68397
2010-10-04,83.333,0.284,84.3553,-1.2193,-0.44721,10.95878,0.02592,4.68397
2010-10-05,83.503,0.297,84.12712,-0.74465,-0.27309,10.81823,0.02745,4.68397
2010-10-06,83.19,0.267,83.59607,-0.48693,-0.17946,10.81871,0.02468,4.68397
2010-10-07,82.967,0.241,83.28638,-0.3842,-0.143,10.81781,0.02228,4.68397
2010-10-08,82.38,0.231,82.88909,-0.61608,-0.22975,10.86955,0.02125,4.68397
2010-10-11,81.82,0.231,82.46283,-0.78259,-0.29276,10.88719,0.02122,4.68397
2010-10-12,82.089,0.25,82.67318,-0.70913,-0.26585,10.75375,0.02325,4.68397
2010-10-13,81.78,0.245,82.47875,-0.8508,-0.31982,10.64654,0.02301,4.68397
2010-10-14,81.798,0.26,82.87322,-1.30593,-0.4911,10.62914,0.02446,4.68397
2010-10-15,81.47,0.245,82.55938,-1.32829,-0.49949,10.56418,0.02319,4.68397
2010-10-18,81.378,0.255,82.57408,-1.45909,-0.54861,10.54302,0.02419,4.68397
2010-10-19,81.198,0.24,82.88862,-2.06072,-0.77498,10.51307,0.02283,4.68397
2010-10-20,81.542,0.22,82.18757,-0.78859,-0.29642,10.50653,0.02094,4.68397
2010-10-21,81.055,0.24,82.46098,-1.71973,-0.64639,10.50668,0.02284,4.68397
2010-10-22,81.3,0.214,81.83416,-0.65487,-0.24607,10.32453,0.02073,4.68397
2010-10-25,81.309,0.234,82.34885,-1.27078,-0.47803,10.31056,0.0227,4.68397
2010-10-26,80.825,0.264,82.87449,-2.5041,-0.94183,10.2396,0.02578,4.68397
2010-10-27,81.337,0.263,82.96466,-1.98138,-0.74493,10.3402,0.02543,4.68397
2010-10-28,81.679,0.238,82.54761,-1.05782,-0.39819,10.37701,0.02294,4.68397
2010-10-29,81.679,0.203,82.08661,-0.49779,-0.18743,10.23129,0.01984,4.68397
2010-11-01,80.406,0.202,82.13688,-2.12984,-0.80224,10.65627,0.01896,3.42375
2010-11-02,80.559,0.202,81.99333,-1.76481,-0.66543,10.57646,0.0191,3.42375
2010-11-03,80.668,0.202,81.35434,-0.84723,-0.3195,10.55043,0.01915,3.42375
2010-11-04,81.05,0.195,80.79213,0.31868,0.12045,10.56681,0.01845,3.42375
2010-11-05,80.776,0.245,81.47692,-0.86399,-0.32674,10.47424,0.02339,3.42375
2010-11-08,81.14,0.271,81.87099,-0.89686,-0.33916,10.47435,0.02587,3.42375
2010-11-09,81.09,0.321,82.91767,-2.22886,-0.84282,10.47054,0.03066,3.42375
2010-11-10,81.583,0.301,82.35201,-0.9382,-0.35473,10.31108,0.02919,3.42375
2010-11-11,82.204,0.3,82.38573,-0.22082,-0.08349,10.4438,0.02873,3.42375
2010-11-12,82.41,0.361,84.09708,-2.0265,-0.76632,10.30197,0.03504,3.42375
2010-11-15,82.47,0.38,84.24957,-2.13489,-0.80685,10.27464,0.03698,3.42375
2010-11-16,83.162,0.365,84.77935,-1.92615,-0.72754,10.42563,0.03501,3.42375
2010-11-17,83.38,0.349,84.3452,-1.15094,-0.43476,10.44234,0.03342,3.42375
2010-11-18,83.1,0.359,83.52602,-0.51136,-0.19917,10.44238,0.03438,3.42375
2010-11-19,83.54,0.364,83.41138,0.15408,0.06001,10.46489,0.03478,3.42375
2010-11-22,83.485,0.329,82.97111,0.61746,0.24051,10.2206,0.03219,3.42375
2010-11-23,83.29,0.289,83.04402,0.29577,0.11523,10.1533,0.02846,3.42375
2010-11-24,83.269,0.368,83.88621,-0.73849,-0.28771,10.12488,0.03635,3.42375
2010-11-25,83.52,0.361,83.76638,-0.29457,-0.11475,9.75269,0.03702,3.42375
2010-11-26,83.63,0.321,83.87745,-0.29545,-0.1151,9.4966,0.0338,3.42375
2010-11-29,84.157,0.324,83.65558,0.59759,0.23338,9.53862,0.03397,3.42375
2010-11-30,84.254,0.262,83.25508,1.19269,0.46579,9.51994,0.02752,3.42375
2010-12-01,83.678,0.351,83.9877,-0.36942,-0.14437,9.6111,0.03652,2.64623
2010-12-02,84.123,0.368,83.58244,0.64465,0.25278,9.66193,0.03809,2.64623
2010-12-03,83.749,0.306,82.11386,1.97174,0.77586,9.67501,0.03163,2.64623
2010-12-06,82.78,0.246,81.17411,1.95902,0.7744,9.90809,0.02483,2.64623
2010-12-07,82.67,0.361,82.98909,-0.38524,-0.15301,9.89441,0.03649,2.64623
2010-12-08,83.479,0.422,83.91304,-0.5186,-0.20679,10.09382,0.04181,2.64623
2010-12-09,84.1,0.416,83.64727,0.53977,0.21556,10.16446,0.04093,2.64623
2010-12-10,83.816,0.421,83.87199,-0.06678,-0.02671,10.076,0.04178,2.64623
2010-12-13,83.973,0.375,83.07349,1.07697,0.43094,9.96229,0.03764,2.64623
2010-12-14,83.44,0.43,83.97176,-0.63527,-0.25428,7.76865,0.05535,2.64623
2010-12-15,83.79,0.455,84.3883,-0.71151,-0.28507,7.81179,0.05825,2.64623
2010-12-16,84.269,0.445,84.10012,0.2006,0.08038,7.89977,0.05633,2.64623
2010-12-17,84.05,0.41,83.15995,1.0646,0.42674,7.91307,0.05181,2.64623
2010-12-20,84.01,0.419,83.32925,0.81362,0.32617,7.7992,0.05372,2.64623
2010-12-21,83.771,0.424,83.40284,0.44046,0.1768,7.6783,0.05522,2.64623
2010-12-22,83.79,0.436,83.23915,0.65959,0.26506,7.67801,0.05679,2.64623
2010-12-23,83.56,0.456,83.82538,-0.31709,-0.12779,7.6837,0.05935,2.64623
2010-12-24,83.02,0.456,83.81491,-0.95295,-0.38511,7.7875,0.05856,2.64623
2010-12-27,82.919,0.506,84.96326,-2.43547,-0.98728,7.74077,0.06537,2.64623
2010-12-28,82.72,0.553,85.60418,-3.42727,-1.39139,7.74908,0.07136,2.64623
2010-12-29,82.356,0.448,83.86231,-1.8125,-0.73499,7.78328,0.05756,2.64623
2010-12-30,81.618,0.493,84.70359,-3.71083,-1.50579,7.96268,0.06191,2.64623
2010-12-31,81.48,0.443,83.809,-2.81828,-1.14686,7.95253,0.05571,2.64623
2011-01-03,81.123,0.443,83.72589,-3.15817,-1.29047,7.96448,0.05562,2.14127
2011-01-04,81.67,0.457,83.95005,-2.75353,-1.12857,8.07613,0.05659,2.14127
2011-01-05,82.038,0.542,84.97785,-3.5208,-1.45197,8.00908,0.06767,2.14127
2011-01-06,83.189,0.502,84.4996,-1.56316,-0.6476,8.36527,0.06001,2.14127
2011-01-07,83.3,0.427,83.33263,-0.03916,-0.01634,8.34574,0.05116,2.14127
2011-01-10,83.03,0.417,83.06668,-0.04416,-0.0185,8.33616,0.05002,2.14127
2011-01-11,82.71,0.435,82.96032,-0.30219,-0.12779,8.37645,0.05193,2.14127
2011-01-12,83.34,0.44,82.77096,0.68513,0.29258,8.46145,0.052,2.14127
2011-01-13,83.07,0.411,82.34991,0.87063,0.37605,8.48712,0.04843,2.14127
2011-01-14,82.762,0.405,81.96562,0.96691,0.42359,8.51065,0.04759,2.14127
2011-01-17,82.887,0.4,81.86188,1.24449,0.55368,8.47699,0.04719,2.14127
2011-01-18,82.67,0.405,82.05805,0.74299,0.33333,8.40249,0.0482,2.14127
2011-01-19,82.612,0.404,82.35368,0.31318,0.14161,8.38674,0.04817,2.14127
2011-01-20,82.155,0.465,83.55359,-1.68805,-0.77487,8.46663,0.05492,2.14127
2011-01-21,82.92,0.444,83.18433,-0.31828,-0.14789,8.56582,0.05183,2.14127
2011-01-24,82.586,0.453,83.19196,-0.73105,-0.3446,8.52569,0.05313,2.14127
2011-01-25,82.542,0.418,82.78352,-0.29218,-0.13921,8.48892,0.04924,2.14127
2011-01-26,82.26,0.418,82.20823,0.06296,0.03033,8.5192,0.04907,2.14127
2011-01-27,82.163,0.395,81.78886,0.45641,0.22254,7.89526,0.05003,2.14127
2011-01-28,82.885,0.345,81.59701,1.56615,0.77245,8.06711,0.04277,2.14127
2011-01-31,82.089,0.385,81.81196,0.33805,0.16948,8.31355,0.04631,2.14127
2011-02-01,82.07,0.415,81.71373,0.43505,0.22128,8.26474,0.05021,0.94101
2011-02-02,81.391,0.475,82.36737,-1.19247,-0.61623,8.40886,0.05649,0.94101
2011-02-03,81.493,0.51,82.74289,-1.5221,-0.7979,8.36516,0.06097,0.94101
2011-02-04,81.65,0.562,83.53841,-2.28647,-1.20593,8.37214,0.06713,0.94101
2011-02-07,82.22,0.567,83.72407,-1.81279,-0.96008,8.39988,0.0675,0.94101
2011-02-08,82.289,0.638,84.5271,-2.68348,-1.42333,8.26364,0.07721,0.94101
2011-02-09,82.303,0.572,83.26789,-1.16554,-0.61819,8.24827,0.06935,0.94101
2011-02-10,82.419,0.612,83.99241,-1.89105,-1.00606,8.2519,0.07416,0.94101
2011-02-11,83.34,0.612,83.78985,-0.53833,-0.28635,8.38287,0.07301,0.94101
2011-02-14,83.444,0.64,84.00366,-0.66847,-0.35566,8.37017,0.07646,0.94101
2011-02-15,83.413,0.61,83.8495,-0.52194,-0.27791,8.34246,0.07312,0.94101
2011-02-16,83.716,0.615,83.67255,0.05192,0.02765,8.30686,0.07404,0.94101
2011-02-17,83.61,0.564,83.06684,0.65175,0.34748,8.30981,0.06787,0.94101
2011-02-18,83.29,0.554,82.88313,0.48969,0.26142,8.33245,0.06649,0.94101
2011-02-21,83.08,0.548,82.74188,0.40782,0.21944,8.34762,0.06565,0.94101
2011-02-22,83.066,0.518,82.618,0.5408,0.29205,8.32466,0.06222,0.94101
2011-02-23,82.76,0.518,82.03316,0.88213,0.47714,8.35056,0.06203,0.94101
2011-02-24,82.438,0.499,81.61716,1.0007,0.54214,8.27897,0.06027,0.94101
2011-02-25,82.047,0.485,80.9646,1.32802,0.71994,8.32024,0.05829,0.94101
2011-02-28,81.622,0.453,80.42989,1.4713,0.79725,8.27437,0.05475,0.94101
2011-03-01,81.873,0.422,80.00273,2.31085,1.25418,8.22375,0.05131,1.38421
2011-03-02,81.898,0.462,80.43832,1.7984,0.97529,8.18406,0.05645,1.38421
2011-03-03,81.828,0.561,81.66981,0.19351,0.10484,7.85745,0.0714,1.38421
2011-03-04,82.367,0.451,80.09778,2.79366,1.51456,7.96852,0.0566,1.38421
2011-03-07,82.343,0.479,80.95796,1.69634,0.91762,7.71581,0.06208,1.38421
2011-03-08,82.292,0.508,81.51583,0.94766,0.51336,7.55864,0.06721,1.38421
2011-03-09,82.8,0.473,80.77165,2.48021,1.34394,7.64305,0.06189,1.38421
2011-03-10,82.833,0.422,80.48737,2.87263,1.55386,7.63254,0.05529,1.38421
2011-03-11,82.918,0.426,80.49761,2.96247,1.60249,7.53297,0.05655,1.38421
2011-03-14,81.284,0.435,80.92485,0.44282,0.23923,8.4596,0.05142,1.38421
2011-03-15,81.82,0.415,81.864,-0.05377,-0.02916,8.48726,0.0489,1.38421
2011-03-16,81.056,0.355,81.518,-0.56835,-0.30932,8.66302,0.04098,1.38421
2011-03-17,79.128,0.375,80.85307,-2.15668,-1.1798,9.85547,0.03805,1.38421
2011-03-18,79.5,0.4,80.98803,-1.85443,-1.0194,9.91162,0.04036,1.38421
2011-03-21,81.015,0.46,81.06482,-0.06147,-0.03391,10.6657,0.04313,1.38421
2011-03-22,81.209,0.469,81.07757,0.16197,0.0902,10.67187,0.04395,1.38421
2011-03-23,81.039,0.474,81.01882,0.02491,0.014,10.60698,0.04469,1.38421
2011-03-24,80.867,0.511,81.35767,-0.60493,-0.34357,10.61143,0.04816,1.38421
2011-03-25,81.014,0.59,82.55667,-1.8863,-1.08066,10.61258,0.05559,1.38421
2011-03-28,81.449,0.604,83.19428,-2.12016,-1.22452,10.63969,0.05677,1.38421
2011-03-29,81.76,0.603,82.94705,-1.44144,-0.83709,10.51556,0.05734,1.38421
2011-03-30,82.411,0.598,82.75581,-0.41752,-0.24298,10.62713,0.05627,1.38421
2011-03-31,83.15,0.592,82.44671,0.84941,0.49524,10.72761,0.05518,1.38421
2011-04-01,83.36,0.595,82.32489,1.24951,0.73032,10.6596,0.05582,-2.16669
2011-04-04,84.22,0.564,81.70959,3.0261,1.77753,10.81265,0.05216,-2.16669
2011-04-05,84.13,0.633,82.67044,1.75011,1.03045,10.46102,0.06051,-2.16669
2011-04-06,85.16,0.644,82.82953,2.77472,1.63881,10.73062,0.06002,-2.16669
2011-04-07,85.32,0.608,82.39214,3.49189,2.06883,10.70972,0.05677,-2.16669
2011-04-08,84.96,0.631,82.64536,2.76219,1.64131,10.71595,0.05888,-2.16669
2011-04-11,85.04,0.651,83.01977,2.40429,1.43525,10.61739,0.06131,-2.16669
2011-04-12,84.63,0.575,82.33932,2.744,1.64912,10.64378,0.05402,-2.16669
2011-04-13,83.6,0.551,81.84495,2.12169,1.28079,10.90787,0.05051,-2.16669
2011-04-14,83.783,0.57,82.09613,2.03392,1.2298,10.91212,0.05224,-2.16669
2011-04-18,83.147,0.49,81.16112,2.41739,1.46916,11.00946,0.04451,-2.16669
2011-04-19,82.334,0.479,80.81739,1.8592,1.13042,11.186,0.04282,-2.16669
2011-04-20,82.58,0.489,80.84256,2.1264,1.29908,11.14575,0.04387,-2.16669
2011-04-21,82.44,0.479,80.44803,2.44594,1.5045,10.99311,0.04357,-2.16669
2011-04-22,81.897,0.479,80.51509,1.70178,1.05227,11.04255,0.04338,-2.16669
2011-04-25,81.87,0.464,80.61803,1.54103,0.95433,11.04232,0.04202,-2.16669
2011-04-26,81.84,0.45,80.36874,1.81408,1.12519,11.02218,0.04083,-2.16669
2011-04-27,81.511,0.453,80.32072,1.47104,0.91414,11.04841,0.041,-2.16669
2011-04-28,82.204,0.431,79.8506,2.90467,1.80891,11.03931,0.03904,-2.16669
2011-04-29,81.53,0.421,79.72588,2.23768,1.3944,10.99318,0.0383,-2.16669
2011-05-02,81.227,0.424,80.16905,1.31102,0.82199,11.01693,0.03849,0.28113
2011-05-03,81.18,0.424,80.55156,0.77714,0.49126,10.89245,0.03893,0.28113
2011-05-04,80.969,0.414,80.58859,0.47093,0.30087,10.90112,0.03798,0.28113
2011-05-05,80.64,0.394,81.30242,-0.8181,-0.52744,10.92175,0.03607,0.28113
2011-05-06,80.417,0.391,81.42856,-1.25005,-0.81671,10.83568,0.03608,0.28113
2011-05-09,80.734,0.386,80.57998,0.19096,0.12646,10.86715,0.03552,0.28113
2011-05-10,80.242,0.406,80.51029,-0.3338,-0.22113,10.92851,0.03715,0.28113
2011-05-11,81.011,0.375,80.61976,0.48411,0.3208,11.10282,0.03378,0.28113
2011-05-12,81.01,0.39,80.63775,0.46058,0.30521,10.85938,0.03591,0.28113
2011-05-13,81.04,0.39,80.78932,0.30981,0.20529,10.85523,0.03593,0.28113
2011-05-16,80.817,0.36,80.63446,0.22613,0.14985,10.86487,0.03313,0.28113
2011-05-17,80.782,0.37,80.88078,-0.12221,-0.08116,10.83247,0.03416,0.28113
2011-05-18,81.421,0.4,80.90721,0.63302,0.42096,10.96209,0.03649,0.28113
2011-05-19,81.661,0.37,80.37156,1.59162,1.05856,10.96012,0.03376,0.28113
2011-05-20,81.714,0.37,80.69041,1.26056,0.83789,10.95248,0.03378,0.28113
2011-05-23,81.74,0.37,81.03452,0.86682,0.5758,10.95308,0.03378,0.28113
2011-05-24,81.957,0.38,80.92446,1.26786,0.84226,10.94567,0.03472,0.28113
2011-05-25,82.048,0.365,80.38091,2.05277,1.36311,10.92186,0.03342,0.28113
2011-05-26,82.022,0.299,79.19506,3.50737,2.32536,10.88057,0.02748,0.28113
2011-05-27,81.27,0.3,79.22214,2.55212,1.68322,10.98757,0.0273,0.28113
2011-05-30,80.831,0.305,79.32583,1.87967,1.23881,11.02008,0.02768,0.28113
2011-05-31,80.88,0.275,78.66817,2.7728,1.82652,11.02081,0.02495,0.28113
2011-06-01,81.453,0.27,79.30867,2.66787,1.75646,11.11492,0.02429,0.97464
2011-06-02,80.894,0.29,79.52913,1.70163,1.12026,11.11398,0.02609,0.97464
2011-06-03,80.97,0.265,79.1331,2.29474,1.51764,11.11669,0.02384,0.97464
2011-06-06,80.22,0.27,79.42445,0.99667,0.661,11.26267,0.02397,0.97464
2011-06-07,80.12,0.22,78.46681,2.08498,1.38901,11.18449,0.01967,0.97464
2011-06-08,80.17,0.22,78.53813,2.05651,1.37027,11.18533,0.01967,0.97464
2011-06-09,79.89,0.26,78.86599,1.29006,0.85845,11.19654,0.02322,0.97464
2011-06-10,80.29,0.24,78.81712,1.85149,1.2312,10.53901,0.02277,0.97464
2011-06-13,80.34,0.23,78.78516,1.9543,1.2978,10.45052,0.02201,0.97464
2011-06-14,80.176,0.28,79.25135,1.15998,0.76913,10.29291,0.0272,0.97464
2011-06-15,80.54,0.2,78.77022,2.2219,1.47245,9.1158,0.02194,0.97464
2011-06-16,80.88,0.205,79.28422,1.99274,1.3178,9.1069,0.02251,0.97464
2011-06-17,80.577,0.21,79.31527,1.57826,1.04196,8.31843,0.02525,0.97464
2011-06-20,80.076,0.21,79.15449,1.15746,0.76344,8.39265,0.02502,0.97464
2011-06-21,80.234,0.23,79.32706,1.1368,0.74986,8.39519,0.0274,0.97464
2011-06-22,80.221,0.23,79.05814,1.46018,0.96408,8.38567,0.02743,0.97464
2011-06-23,80.383,0.195,79.17252,1.51735,1.0029,8.38766,0.02325,0.97464
2011-06-24,80.44,0.195,79.63466,1.00621,0.6656,8.31547,0.02345,0.97464
2011-06-27,80.46,0.255,80.38836,0.08908,0.05899,8.27609,0.03081,0.97464
2011-06-28,80.85,0.323,80.97585,-0.15554,-0.10327,8.17418,0.03951,0.97464
2011-06-29,81.08,0.308,80.1552,1.14715,0.76299,7.98323,0.03858,0.97464
2011-06-30,80.71,0.283,79.6413,1.33297,0.88608,8.00377,0.03536,0.97464
2011-07-01,80.6,0.337,80.36247,0.29514,0.19605,7.69949,0.04377,1.85033
2011-07-04,80.88,0.34,80.40957,0.58333,0.38749,7.74393,0.04391,1.85033
2011-07-05,80.733,0.28,79.56779,1.4538,0.9657,7.29706,0.03837,1.85033
2011-07-06,81.07,0.27,79.36563,2.12476,1.41023,7.34598,0.03675,1.85033
2011-07-07,80.938,0.33,79.86013,1.34068,0.88813,7.31516,0.04511,1.85033
2011-07-08,81.23,0.24,78.57187,3.32709,2.2027,7.35966,0.03261,1.85033
2011-07-11,80.65,0.215,78.76176,2.36913,1.56101,7.42703,0.02895,1.85033
2011-07-12,80.29,0.215,78.99939,1.6205,1.0652,7.09393,0.03031,1.85033
2011-07-13,79.318,0.215,79.02499,0.3701,0.24323,7.43486,0.02892,1.85033
2011-07-14,78.92,0.23,79.35255,-0.54659,-0.35922,7.35693,0.03126,1.85033
2011-07-15,79.18,0.22,79.06867,0.1407,0.09254,7.1702,0.03068,1.85033
2011-07-18,79.113,0.22,79.37496,-0.33058,-0.2177,7.13279,0.03084,1.85033
2011-07-19,79.05,0.24,79.38798,-0.42663,-0.28151,7.12985,0.03366,1.85033
2011-07-20,79.126,0.25,79.37771,-0.3176,-0.20972,7.03352,0.03554,1.85033
2011-07-21,78.754,0.239,78.99683,-0.30787,-0.20362,7.08248,0.03375,1.85033
2011-07-22,78.584,0.239,78.91809,-0.42424,-0.2812,7.089,0.03371,1.85033
2011-07-25,78.38,0.259,79.56152,-1.49618,-0.99326,7.06701,0.03665,1.85033
2011-07-26,78.3,0.249,79.52249,-1.54922,-1.02753,6.8216,0.0365,1.85033
2011-07-27,77.914,0.279,80.39356,-3.13284,-2.07876,6.70609,0.0416,1.85033
2011-07-28,77.93,0.265,80.25525,-2.94012,-1.94338,6.68056,0.03967,1.85033
2011-07-29,77.73,0.205,79.57229,-2.34246,-1.54319,6.69146,0.03064,1.85033
2011-08-01,77.213,0.225,79.632,-3.08482,-2.02835,6.78761,0.03315,4.84562
2011-08-02,77.46,0.18,79.10284,-2.09872,-1.37571,6.7988,0.02648,4.84562
2011-08-03,77.335,0.183,79.178,-2.35519,-1.54142,6.78801,0.02696,4.84562
2011-08-04,77.112,0.123,79.54388,-3.10499,-2.02809,6.73891,0.01825,4.84562
2011-08-05,79.29,0.143,79.62836,-0.42583,-0.27712,8.75751,0.01633,4.84562
2011-08-08,78.254,0.135,80.99096,-3.43776,-2.23807,8.90761,0.01516,4.84562
2011-08-09,77.585,0.055,78.98693,-1.79083,-1.16096,9.05048,0.00608,4.84562
2011-08-10,77.05,0.055,79.09751,-2.62268,-1.69884,9.13297,0.00602,4.84562
2011-08-11,76.759,0.05,78.60154,-2.37206,-1.53282,9.14422,0.00547,4.84562
2011-08-12,76.86,0.055,78.44904,-2.04636,-1.31966,9.15389,0.00601,4.84562
2011-08-15,76.82,0.04,77.77109,-1.23048,-0.79231,8.98312,0.00445,4.84562
2011-08-16,76.84,0.055,78.01872,-1.52235,-0.98005,8.95216,0.00614,4.84562
2011-08-17,76.754,0.045,77.71259,-1.24117,-0.79897,8.94618,0.00503,4.84562
2011-08-18,76.547,0.055,78.69657,-2.76947,-1.78381,8.94855,0.00615,4.84562
2011-08-19,76.637,0.06,78.56328,-2.48244,-1.5964,8.92864,0.00672,4.84562
2011-08-22,76.786,0.091,78.92157,-2.74322,-1.76062,8.93843,0.01018,4.84562
2011-08-23,76.832,0.091,78.4918,-2.1373,-1.36946,8.94337,0.01018,4.84562
2011-08-24,76.66,0.101,78.5043,-2.37733,-1.52143,8.79183,0.01149,4.84562
2011-08-25,77.053,0.085,78.38518,-1.71414,-1.09692,8.82545,0.00963,4.84562
2011-08-26,77.435,0.066,77.80015,-0.47045,-0.30082,8.89514,0.00742,4.84562
2011-08-29,76.682,0.066,77.5968,-1.18592,-0.7592,8.93593,0.00739,4.84562
2011-08-30,76.933,0.059,77.33171,-0.51693,-0.33292,8.89279,0.00663,4.84562
2011-08-31,76.701,0.064,77.26167,-0.72833,-0.47147,8.89663,0.00719,4.84562
2011-09-01,76.73,0.048,77.06813,-0.4397,-0.28609,8.73225,0.0055,6.96534
2011-09-02,76.86,0.058,77.4537,-0.76947,-0.50171,8.74463,0.00663,6.96534
2011-09-05,76.902,0.058,77.44382,-0.70209,-0.45806,8.74419,0.00663,6.96534
2011-09-06,76.902,0.073,77.73662,-1.07945,-0.70514,8.72601,0.00837,6.96534
2011-09-07,77.618,0.072,77.31793,0.38735,0.25322,8.87798,0.00811,6.96534
2011-09-08,77.301,0.052,77.17691,0.16066,0.10543,8.90299,0.00584,6.96534
2011-09-09,77.508,0.032,77.20721,0.38883,0.25595,8.92214,0.00359,6.96534
2011-09-12,77.463,0.071,77.81578,-0.45438,-0.29975,8.86253,0.00801,6.96534
2011-09-13,77.18,0.071,77.76499,-0.75509,-0.49941,8.8279,0.00804,6.96534
2011-09-14,76.932,0.055,77.38051,-0.5813,-0.38525,8.82114,0.00624,6.96534
2011-09-15,76.677,0.075,77.30111,-0.81065,-0.5373,8.7663,0.00856,6.96534
2011-09-16,76.734,0.045,77.06637,-0.43221,-0.28699,8.75459,0.00514,6.96534
2011-09-19,76.91,0.025,77.11317,-0.26382,-0.17519,8.77453,0.00285,6.96534
2011-09-20,76.596,0.05,77.35552,-0.98671,-0.65522,8.78356,0.00569,6.96534
2011-09-21,76.463,0.08,77.97774,-1.96165,-1.30211,8.7805,0.00911,6.96534
2011-09-22,76.538,0.075,78.45041,-2.46793,-1.63569,8.78528,0.00854,6.96534
2011-09-23,76.306,0.105,78.98037,-3.44478,-2.27717,8.72112,0.01204,6.96534
2011-09-26,76.54,0.13,79.21693,-3.43766,-2.26302,8.72511,0.0149,6.96534
2011-09-27,76.336,0.124,78.74752,-3.11021,-2.03784,8.70092,0.01425,6.96534
2011-09-28,76.808,0.144,79.40866,-3.32987,-2.17309,8.81359,0.01634,6.96534
2011-09-29,76.54,0.138,79.18865,-3.40195,-2.21107,8.78766,0.0157,6.96534
2011-09-30,76.765,0.113,79.00175,-2.87213,-1.85781,8.8183,0.01281,6.96534
2011-10-03,77.19,0.101,78.93767,-2.23886,-1.44361,8.85342,0.01141,7.90567
2011-10-04,76.592,0.114,79.17043,-3.31102,-2.13061,8.96215,0.01272,7.90567
2011-10-05,76.76,0.114,79.05511,-2.94615,-1.88742,8.93792,0.01275,7.90567
2011-10-06,76.782,0.153,78.98115,-2.8239,-1.80285,8.84936,0.01729,7.90567
2011-10-07,76.658,0.163,79.07651,-3.1062,-1.97839,8.81929,0.01848,7.90567
2011-10-10,76.77,0.163,78.68377,-2.4623,-1.56419,8.51653,0.01914,7.90567
2011-10-11,76.66,0.181,78.75773,-2.69963,-1.71168,8.46933,0.02137,7.90567
2011-10-12,76.667,0.151,78.20778,-1.98978,-1.25876,8.43586,0.0179,7.90567
2011-10-13,77.18,0.151,78.20229,-1.31586,-0.83169,8.55679,0.01765,7.90567
2011-10-14,76.88,0.145,77.73616,-1.10749,-0.70014,8.58512,0.01689,7.90567
2011-10-17,77.22,0.145,78.23914,-1.31115,-0.82997,8.63565,0.01679,7.90567
2011-10-18,76.831,0.135,77.95847,-1.4568,-0.92215,8.64279,0.01562,7.90567
2011-10-19,76.777,0.135,78.25254,-1.90362,-1.20549,8.63558,0.01563,7.90567
2011-10-20,76.8,0.134,78.10189,-1.68096,-1.06465,8.62461,0.01554,7.90567
2011-10-21,76.86,0.154,78.33052,-1.89518,-1.20172,8.62621,0.01785,7.90567
2011-10-24,76.21,0.154,78.10679,-2.45844,-1.55984,8.73255,0.01764,7.90567
2011-10-25,76.132,0.114,77.61969,-1.93524,-1.22679,8.73282,0.01305,7.90567
2011-10-26,76.109,0.138,78.08971,-2.56918,-1.62821,8.72138,0.01582,7.90567
2011-10-27,76.184,0.169,78.14919,-2.54683,-1.61264,8.62915,0.01958,7.90567
2011-10-28,75.93,0.137,77.8484,-2.49515,-1.57627,8.62324,0.01589,7.90567
2011-10-31,75.74,0.107,77.54635,-2.35694,-1.48712,8.63052,0.0124,7.90567
2011-11-01,78.308,0.087,77.32481,1.26349,0.79547,10.92991,0.00796,6.34289
2011-11-02,78.306,0.091,77.37834,1.19174,0.74984,9.37991,0.0097,6.34289
2011-11-03,78.139,0.101,77.35802,1.0045,0.63169,9.01313,0.01121,6.34289
2011-11-04,78.053,0.084,77.01426,1.33975,0.84218,8.8469,0.00949,6.34289
2011-11-07,78.13,0.116,77.24981,1.13297,0.71171,8.73266,0.01328,6.34289
2011-11-08,78.077,0.12,77.23039,1.09026,0.68473,8.69679,0.0138,6.34289
2011-11-09,77.708,0.11,77.48425,0.28835,0.18103,8.75131,0.01257,6.34289
2011-11-10,77.758,0.11,77.30898,0.57914,0.36358,8.75065,0.01257,6.34289
2011-11-11,77.652,0.115,77.29361,0.4626,0.29053,8.75617,0.01313,6.34289
2011-11-14,77.156,0.11,77.44172,-0.36963,-0.23231,8.85111,0.01243,6.34289
2011-11-15,77.079,0.13,77.68197,-0.77922,-0.49016,8.83589,0.01471,6.34289
2011-11-16,77.06,0.13,77.75844,-0.90228,-0.56909,8.8335,0.01472,6.34289
2011-11-17,77.061,0.145,78.31541,-1.61471,-1.01986,8.82545,0.01643,6.34289
2011-11-18,76.958,0.17,78.68598,-2.22051,-1.40144,8.82911,0.01925,6.34289
2011-11-21,76.839,0.145,78.32439,-1.91468,-1.20611,8.82296,0.01643,6.34289
2011-11-22,76.9,0.135,78.01579,-1.44054,-0.90615,8.76404,0.0154,6.34289
2011-11-23,76.97,0.135,78.22493,-1.61726,-1.01661,8.70788,0.0155,6.34289
2011-11-24,77.272,0.131,78.15485,-1.13604,-0.71354,8.51791,0.01538,6.34289
2011-11-25,77.166,0.14,78.34258,-1.51323,-0.95019,8.49879,0.01647,6.34289
2011-11-28,77.667,0.115,77.69069,-0.0305,-0.01915,8.57121,0.01342,6.34289
2011-11-29,78.081,0.125,77.64225,0.5635,0.35441,8.6321,0.01448,6.34289
2011-11-30,77.96,0.11,77.3767,0.75102,0.47383,8.63486,0.01274,6.34289
2011-12-01,77.583,0.135,77.89731,-0.40431,-0.25578,8.6939,0.01553,6.43832
2011-12-02,77.75,0.12,77.58669,0.21026,0.13326,8.70312,0.01379,6.43832
2011-12-05,78.08,0.145,77.96511,0.14725,0.09364,8.5462,0.01697,6.43832
2011-12-06,77.812,0.125,77.58059,0.29784,0.19007,8.53417,0.01465,6.43832
2011-12-07,77.75,0.11,77.48384,0.34291,0.21913,8.51991,0.01291,6.43832
2011-12-08,77.673,0.09,77.3556,0.40947,0.26181,8.52154,0.01056,6.43832
2011-12-09,77.68,0.09,77.22533,0.58703,0.37531,8.48825,0.0106,6.43832
2011-12-12,77.612,0.11,77.63352,-0.02772,-0.01772,8.46389,0.013,6.43832
2011-12-13,77.939,0.11,77.42416,0.66277,0.42407,8.47266,0.01298,6.43832
2011-12-14,77.961,0.12,78.00692,-0.05888,-0.03768,8.47209,0.01416,6.43832
2011-12-15,78.108,0.135,78.20109,-0.11911,-0.07622,8.46849,0.01594,6.43832
2011-12-16,77.84,0.11,77.97729,-0.17623,-0.11279,8.45588,0.01301,6.43832
2011-12-19,77.81,0.11,77.96279,-0.19618,-0.12557,8.44725,0.01302,6.43832
2011-12-20,78.01,0.13,77.92258,0.11213,0.07178,8.45857,0.01537,6.43832
2011-12-21,77.84,0.146,78.0217,-0.23315,-0.14924,8.44658,0.01729,6.43832
2011-12-22,78.07,0.15,78.05558,0.01847,0.01182,8.44514,0.01776,6.43832
2011-12-23,78.16,0.15,78.03692,0.1576,0.10089,8.42483,0.0178,6.43832
2011-12-26,78.08,0.15,78.0367,0.05547,0.03552,8.34636,0.01797,6.43832
2011-12-27,78.03,0.169,78.22786,-0.25325,-0.16225,8.31361,0.02033,6.43832
2011-12-28,77.87,0.149,78.12917,-0.33226,-0.21293,8.30934,0.01793,6.43832
2011-12-29,77.946,0.149,78.06049,-0.14678,-0.09421,8.24108,0.01808,6.43832
2011-12-30,77.659,0.119,77.68906,-0.03871,-0.0249,8.12082,0.01465,6.43832
2012-01-02,77.02,0.119,77.68576,-0.86069,-0.55468,8.28513,0.01436,7.20826
2012-01-03,76.93,0.139,77.53186,-0.7793,-0.50218,8.28859,0.01677,7.20826
2012-01-04,76.722,0.118,77.05753,-0.43637,-0.28117,8.30026,0.01422,7.20826
2012-01-05,76.71,0.143,77.48833,-1.00953,-0.65047,8.29511,0.01724,7.20826
2012-01-06,77.151,0.123,77.13343,0.02278,0.01467,8.36869,0.0147,7.20826
2012-01-09,76.91,0.133,77.34648,-0.56591,-0.36474,8.39359,0.01585,7.20826
2012-01-10,76.86,0.112,76.94552,-0.11121,-0.07172,8.28596,0.01352,7.20826
2012-01-11,76.85,0.111,77.03012,-0.23411,-0.15116,8.24938,0.01346,7.20826
2012-01-12,76.858,0.091,76.79904,0.07674,0.0496,8.20044,0.0111,7.20826
2012-01-13,76.779,0.111,77.1749,-0.51431,-0.33352,8.14048,0.01364,7.20826
2012-01-16,76.91,0.115,77.22414,-0.40762,-0.26517,8.1464,0.01412,7.20826
2012-01-17,76.82,0.085,76.71682,0.1344,0.08749,8.14971,0.01043,7.20826
2012-01-18,76.82,0.114,77.18333,-0.47185,-0.30729,8.14818,0.01399,7.20826
2012-01-19,76.767,0.134,77.36331,-0.77378,-0.50388,7.96533,0.01682,7.20826
2012-01-20,77.08,0.134,77.45512,-0.48548,-0.31606,8.00076,0.01675,7.20826
2012-01-23,76.96,0.134,77.40209,-0.5728,-0.37296,8.00789,0.01673,7.20826
2012-01-24,77.0,0.113,77.14294,-0.18546,-0.12076,8.00652,0.01411,7.20826
2012-01-25,77.687,0.093,76.84059,1.09548,0.71328,8.16048,0.0114,7.20826
2012-01-26,77.77,0.093,76.76752,1.29741,0.84456,8.1407,0.01142,7.20826
2012-01-27,77.46,0.093,76.71357,0.96831,0.62994,4.70167,0.01978,7.20826
2012-01-30,76.732,0.093,76.81539,-0.10862,-0.07066,5.05375,0.0184,7.20826
2012-01-31,76.36,0.093,76.79477,-0.56776,-0.36948,5.12239,0.01816,7.20826
2012-02-01,76.27,0.102,76.84004,-0.74463,-0.48458,5.12287,0.01991,3.77297
2012-02-02,76.189,0.102,76.76752,-0.75645,-0.4923,5.11726,0.01993,3.77297
2012-02-03,76.18,0.102,76.50353,-0.42379,-0.27591,5.11725,0.01993,3.77297
2012-02-06,76.551,0.112,76.55506,-0.0053,-0.00345,5.14573,0.02177,3.77297
2012-02-07,76.55,0.121,76.6571,-0.13981,-0.09117,5.14283,0.02353,3.77297
2012-02-08,76.79,0.141,76.8887,-0.12845,-0.0838,5.18161,0.02721,3.77297
2012-02-09,77.06,0.146,76.8594,0.26065,0.17013,5.07545,0.02877,3.77297
2012-02-10,77.632,0.146,77.04508,0.7589,0.49561,5.28306,0.02764,3.77297
2012-02-13,77.7,0.165,77.21614,0.62467,0.40851,5.28472,0.03122,3.77297
2012-02-14,77.51,0.175,77.36459,0.18778,0.12304,5.30982,0.03296,3.77297
2012-02-15,78.36,0.185,77.50012,1.10341,0.7248,5.72433,0.03232,3.77297
2012-02-16,78.48,0.185,77.337,1.46714,0.96444,5.71734,0.03236,3.77297
2012-02-17,78.824,0.185,77.33619,1.90554,1.25263,5.77356,0.03204,3.77297
2012-02-20,79.788,0.185,77.34497,3.10977,2.04475,6.23425,0.02967,3.77297
2012-02-21,79.586,0.205,77.49938,2.65682,1.74689,6.22706,0.03292,3.77297
2012-02-22,79.83,0.185,77.10311,3.47558,2.28729,6.23691,0.02966,3.77297
2012-02-23,80.28,0.205,77.317,3.76066,2.47269,6.20627,0.03303,3.77297
2012-02-24,79.93,0.206,77.21745,3.45258,2.26403,6.20468,0.0332,3.77297
2012-02-27,81.471,0.196,77.21297,5.36797,3.51241,7.23347,0.0271,3.77297
2012-02-28,80.464,0.19,77.35492,3.94057,2.54941,7.61902,0.02494,3.77297
2012-02-29,80.48,0.191,77.3108,4.01751,2.58361,7.61265,0.02509,3.77297
2012-03-01,81.276,0.19,76.99845,5.40655,3.45547,7.80324,0.02435,-0.94771
2012-03-02,81.12,0.17,76.93017,5.30314,3.35089,7.77689,0.02186,-0.94771
2012-03-05,81.627,0.199,77.4089,5.30583,3.31658,7.85001,0.02535,-0.94771
2012-03-06,81.518,0.188,77.47327,5.08909,3.14702,7.85347,0.02394,-0.94771
2012-03-07,80.66,0.188,77.28638,4.27251,2.61735,8.17428,0.023,-0.94771
2012-03-08,81.338,0.207,77.46863,4.87402,2.96641,8.31452,0.0249,-0.94771
2012-03-09,81.58,0.217,77.58705,5.01836,3.02794,8.2973,0.02615,-0.94771
2012-03-12,82.373,0.22,77.67947,5.86668,3.50832,8.48736,0.02592,-0.94771
2012-03-13,82.363,0.24,77.93996,5.51975,3.26169,8.48713,0.02828,-0.94771
2012-03-14,82.96,0.295,78.93337,4.97544,2.90969,8.5363,0.03456,-0.94771
2012-03-15,83.84,0.26,78.53743,6.53348,3.78929,8.74137,0.02974,-0.94771
2012-03-16,83.492,0.26,78.39278,6.30189,3.604,8.80145,0.02954,-0.94771
2012-03-19,83.45,0.28,78.75854,5.78609,3.26757,8.78256,0.03188,-0.94771
2012-03-20,83.37,0.3,79.2301,5.09323,2.84661,8.78397,0.03415,-0.94771
2012-03-21,83.65,0.279,78.92845,5.80998,3.22139,8.79611,0.03172,-0.94771
2012-03-22,83.203,0.259,78.73852,5.51509,3.02689,8.8805,0.02917,-0.94771
2012-03-23,82.51,0.259,78.62087,4.82823,2.62628,9.07109,0.02855,-0.94771
2012-03-26,82.589,0.249,78.46426,5.12332,2.76793,9.05141,0.02751,-0.94771
2012-03-27,82.987,0.22,78.05878,6.12218,3.2828,9.08451,0.02422,-0.94771
2012-03-28,83.048,0.23,78.35172,5.82107,3.08865,9.03476,0.02546,-0.94771
2012-03-29,82.832,0.216,78.30868,5.6156,2.95217,8.86665,0.02436,-0.94771
2012-03-30,82.273,0.215,78.29311,4.95834,2.58611,8.99618,0.0239,-0.94771
2012-04-02,82.87,0.214,78.11732,5.90613,3.06385,9.04617,0.02366,0.46155
2012-04-03,81.54,0.244,78.64404,3.61618,1.86278,9.69021,0.02518,0.46155
2012-04-04,82.83,0.234,78.68686,5.13142,2.64258,10.08612,0.0232,0.46155
2012-04-05,82.44,0.233,78.61243,4.7541,2.44392,10.11837,0.02303,0.46155
2012-04-06,82.27,0.207,78.26712,4.98789,2.56056,10.13227,0.02043,0.46155
2012-04-09,81.33,0.206,78.27328,3.83087,1.95913,10.4376,0.01974,0.46155
2012-04-10,81.643,0.166,77.88896,4.70718,2.40228,10.45277,0.01588,0.46155
2012-04-11,80.694,0.186,78.18494,3.15872,1.60837,10.74855,0.0173,0.46155
2012-04-12,81.008,0.176,78.06136,3.70528,1.88736,10.76491,0.01635,0.46155
2012-04-13,80.93,0.155,77.69062,4.085,2.0796,10.76343,0.0144,0.46155
2012-04-16,80.902,0.16,78.02712,3.61821,1.83944,10.76473,0.01486,0.46155
2012-04-17,80.381,0.16,78.09868,2.88046,1.46622,10.85913,0.01473,0.46155
2012-04-18,81.06,0.16,78.17976,3.61788,1.84426,10.94777,0.01461,0.46155
2012-04-19,81.3,0.165,78.29016,3.77241,1.9247,10.9455,0.01507,0.46155
2012-04-20,81.609,0.185,78.58162,3.78017,1.92611,10.9608,0.01688,0.46155
2012-04-23,81.6,0.164,78.23767,4.2078,2.13713,10.84229,0.01513,0.46155
2012-04-24,81.08,0.164,78.3626,3.40896,1.72502,10.93651,0.015,0.46155
2012-04-25,81.39,0.154,78.27636,3.90067,1.96976,10.9129,0.01411,0.46155
2012-04-26,81.3,0.152,78.26388,3.80599,1.91506,10.72099,0.01418,0.46155
2012-04-27,81.058,0.151,78.28262,3.48393,1.747,10.68637,0.01413,0.46155
2012-04-30,80.35,0.161,78.39875,2.45841,1.22956,10.8544,0.01483,0.46155
2012-05-01,79.921,0.162,78.47598,1.8246,0.91379,10.9185,0.01484,3.59047
2012-05-02,80.21,0.162,78.5957,2.03312,1.0207,10.93177,0.01482,3.59047
2012-05-03,80.121,0.172,78.85727,1.58985,0.79939,10.90726,0.01577,3.59047
2012-05-04,80.21,0.162,78.85005,1.71002,0.86221,10.90649,0.01485,3.59047
2012-05-07,79.818,0.161,78.88598,1.17455,0.59468,10.95313,0.0147,3.59047
2012-05-08,79.92,0.161,78.93856,1.23563,0.62947,10.93823,0.01472,3.59047
2012-05-09,79.86,0.161,78.82542,1.30395,0.66756,10.85288,0.01483,3.59047
2012-05-10,79.71,0.161,79.01446,0.87642,0.45069,10.86247,0.01482,3.59047
2012-05-11,79.869,0.161,78.96364,1.14003,0.58914,10.85136,0.01484,3.59047
2012-05-14,80.03,0.185,79.1098,1.15648,0.59993,10.64776,0.01737,3.59047
2012-05-15,79.85,0.185,79.05426,1.00154,0.52251,10.65737,0.01736,3.59047
2012-05-16,80.325,0.2,79.24413,1.35475,0.7109,10.68623,0.01872,3.59047
2012-05-17,80.35,0.22,79.6061,0.93013,0.49025,10.41112,0.02113,3.59047
2012-05-18,79.408,0.22,79.57433,-0.20924,-0.11106,10.66825,0.02062,3.59047
2012-05-21,79.17,0.2,79.5312,-0.4552,-0.24328,10.66563,0.01875,3.59047
2012-05-22,79.41,0.2,79.51454,-0.13155,-0.07069,10.62128,0.01883,3.59047
2012-05-23,80.004,0.18,79.56693,0.5478,0.29647,10.69434,0.01683,3.59047
2012-05-24,79.42,0.19,79.68504,-0.33317,-0.18165,10.06531,0.01888,3.59047
2012-05-25,79.66,0.2,79.73987,-0.10021,-0.05501,9.78507,0.02044,3.59047
2012-05-28,79.59,0.2,79.74248,-0.19141,-0.10579,9.78584,0.02044,3.59047
2012-05-29,79.561,0.2,79.85081,-0.3636,-0.20232,9.57169,0.02089,3.59047
2012-05-30,79.5,0.17,79.43916,0.07655,0.04297,9.56672,0.01777,3.59047
2012-05-31,78.982,0.17,79.58502,-0.76058,-0.4302,9.55215,0.0178,3.59047
2012-06-01,78.528,0.15,79.38499,-1.0854,-0.61833,9.60838,0.01561,4.909
2012-06-04,78.1,0.15,79.39809,-1.64843,-0.94148,9.44533,0.01588,4.909
2012-06-05,78.361,0.15,79.56102,-1.5198,-0.86956,9.30554,0.01612,4.909
2012-06-06,78.73,0.16,79.82357,-1.37946,-0.79059,9.33876,0.01713,4.909
2012-06-07,79.27,0.17,80.04031,-0.96707,-0.55517,9.2289,0.01842,4.909
2012-06-08,79.69,0.18,80.24536,-0.69448,-0.39953,9.30355,0.01935,4.909
2012-06-11,79.56,0.17,79.94315,-0.48044,-0.27755,9.17152,0.01854,4.909
2012-06-12,79.307,0.2,80.50673,-1.50144,-0.87157,8.89608,0.02248,4.909
2012-06-13,79.527,0.2,80.19275,-0.83365,-0.48555,8.90028,0.02247,4.909
2012-06-14,79.372,0.2,80.56166,-1.48772,-0.87077,8.90321,0.02246,4.909
2012-06-15,79.422,0.19,80.49449,-1.34134,-0.78885,8.9077,0.02133,4.909
2012-06-18,79.052,0.19,81.09462,-2.55107,-1.50457,8.90127,0.02135,4.909
2012-06-19,79.0,0.2,81.18755,-2.7314,-1.6101,8.85505,0.02259,4.909
2012-06-20,79.034,0.22,81.84719,-3.49759,-2.06088,8.72436,0.02522,4.909
2012-06-21,79.421,0.22,81.62166,-2.73319,-1.60838,8.7895,0.02503,4.909
2012-06-22,80.02,0.21,81.68474,-2.05906,-1.21241,8.87369,0.02367,4.909
2012-06-25,80.56,0.21,81.26961,-0.87699,-0.51757,8.98984,0.02336,4.909
2012-06-26,79.65,0.21,81.19092,-1.91613,-1.1355,9.24088,0.02273,4.909
2012-06-27,79.46,0.21,81.18065,-2.14232,-1.27102,9.16358,0.02292,4.909
2012-06-28,79.685,0.21,81.29959,-2.00597,-1.19248,9.05325,0.0232,4.909
2012-06-29,79.313,0.23,81.42359,-2.62629,-1.56568,8.52688,0.02697,4.909
2012-07-02,79.839,0.2,81.21463,-1.70834,-1.01928,8.0057,0.02498,5.01629
2012-07-03,79.44,0.2,80.97361,-1.91213,-1.14391,8.01201,0.02496,5.01629
2012-07-04,79.84,0.2,80.95766,-1.39017,-0.83394,8.08399,0.02474,5.01629
2012-07-05,79.94,0.18,80.59611,-0.8174,-0.49172,7.77403,0.02315,5.01629
2012-07-06,79.86,0.17,80.75413,-1.11339,-0.67126,7.73005,0.02199,5.01629
2012-07-09,79.478,0.17,80.42371,-1.18288,-0.71602,7.43625,0.02286,5.01629
2012-07-10,79.558,0.17,80.44617,-1.11019,-0.67406,7.39353,0.02299,5.01629
2012-07-11,79.35,0.17,80.4124,-1.32999,-0.80869,7.40707,0.02295,5.01629
2012-07-12,79.61,0.15,80.08892,-0.59978,-0.36568,7.44167,0.02016,5.01629
2012-07-13,79.31,0.15,80.2888,-1.2266,-0.74947,7.36969,0.02035,5.01629
2012-07-16,79.17,0.14,80.04305,-1.09672,-0.67075,7.16381,0.01954,5.01629
2012-07-17,78.82,0.15,80.2247,-1.76647,-1.08399,7.17654,0.0209,5.01629
2012-07-18,79.096,0.12,79.92738,-1.04562,-0.64414,7.16955,0.01674,5.01629
2012-07-19,78.799,0.12,79.90454,-1.39323,-0.85997,7.1987,0.01667,5.01629
2012-07-20,78.74,0.12,79.78827,-1.32253,-0.81829,7.10048,0.0169,5.01629
2012-07-23,78.45,0.12,79.56487,-1.41113,-0.87569,7.07519,0.01696,5.01629
2012-07-24,78.311,0.12,79.24403,-1.18441,-0.73656,7.07845,0.01695,5.01629
2012-07-25,78.107,0.12,79.36277,-1.59497,-0.99482,7.07373,0.01696,5.01629
2012-07-26,78.103,0.13,79.7143,-2.04206,-1.27592,6.87589,0.01891,5.01629
2012-07-27,78.324,0.15,79.97667,-2.0881,-1.30342,6.83327,0.02195,5.01629
2012-07-30,78.5,0.13,79.55218,-1.33145,-0.83149,6.80677,0.0191,5.01629
2012-07-31,78.101,0.133,79.48903,-1.76162,-1.09999,6.87142,0.01936,5.01629
2012-08-01,78.12,0.145,79.53307,-1.79268,-1.1241,6.86583,0.02112,4.57159
2012-08-02,78.38,0.146,79.78436,-1.77588,-1.11493,6.84465,0.02133,4.57159
2012-08-03,78.22,0.148,80.01173,-2.26479,-1.42145,6.846,0.02162,4.57159
2012-08-06,78.61,0.152,79.93986,-1.67757,-1.05224,6.92733,0.02194,4.57159
2012-08-07,78.2,0.182,80.08004,-2.3757,-1.48931,6.99144,0.02603,4.57159
2012-08-08,78.61,0.199,80.35634,-2.19721,-1.37584,7.06424,0.02817,4.57159
2012-08-09,78.4,0.199,80.30294,-2.39822,-1.50141,7.06535,0.02817,4.57159
2012-08-10,78.61,0.179,80.22679,-2.03585,-1.27236,7.07948,0.02528,4.57159
2012-08-13,78.25,0.18,80.4196,-2.73491,-1.70685,7.01867,0.02565,4.57159
2012-08-14,78.33,0.175,80.07891,-2.20818,-1.37436,7.0231,0.02492,4.57159
2012-08-15,78.815,0.17,79.96097,-1.44353,-0.89758,6.75292,0.02517,4.57159
2012-08-16,78.99,0.19,80.18469,-1.50114,-0.93321,6.74303,0.02818,4.57159
2012-08-17,79.25,0.19,80.50054,-1.56565,-0.97255,6.74802,0.02816,4.57159
2012-08-20,79.51,0.19,80.36771,-1.07297,-0.6694,6.61002,0.02874,4.57159
2012-08-21,79.33,0.21,80.312,-1.23027,-0.77189,6.46091,0.0325,4.57159
2012-08-22,79.242,0.16,79.8021,-0.70434,-0.44439,6.43478,0.02486,4.57159
2012-08-23,78.539,0.16,79.63868,-1.39045,-0.88459,6.67131,0.02398,4.57159
2012-08-24,78.6,0.18,80.03157,-1.80495,-1.15434,6.67414,0.02697,4.57159
2012-08-27,78.73,0.18,79.86033,-1.42549,-0.91446,6.68322,0.02693,4.57159
2012-08-28,78.75,0.171,79.73166,-1.23884,-0.79729,6.55643,0.02608,4.57159
2012-08-29,78.57,0.171,79.63064,-1.3409,-0.86626,6.46948,0.02643,4.57159
2012-08-30,78.72,0.17,79.48304,-0.96463,-0.62715,6.38341,0.02663,4.57159
2012-08-31,78.53,0.123,79.02646,-0.63021,-0.41126,6.36947,0.01931,4.57159
2012-09-03,78.29,0.123,79.02804,-0.93829,-0.6152,6.32745,0.01944,3.83117
2012-09-04,78.339,0.133,79.05123,-0.90505,-0.59554,6.1712,0.02155,3.83117
2012-09-05,78.47,0.153,79.31415,-1.07002,-0.70664,6.08265,0.02515,3.83117
2012-09-06,78.42,0.174,79.87272,-1.83554,-1.21607,6.07668,0.02863,3.83117
2012-09-07,78.89,0.154,79.8797,-1.24672,-0.8278,6.17102,0.02496,3.83117
2012-09-10,78.219,0.154,79.49865,-1.62274,-1.08079,6.3699,0.02418,3.83117
2012-09-11,78.226,0.155,79.45968,-1.56477,-1.0433,6.36099,0.02437,3.83117
2012-09-12,77.75,0.155,79.54106,-2.27748,-1.51794,6.46565,0.02397,3.83117
2012-09-13,77.83,0.145,79.72878,-2.41036,-1.60417,6.41069,0.02262,3.83117
2012-09-14,77.648,0.17,79.86461,-2.81471,-1.86963,6.42389,0.02646,3.83117
2012-09-17,78.333,0.15,79.62878,-1.64066,-1.08665,6.67349,0.02248,3.83117
2012-09-18,78.673,0.15,79.81685,-1.44346,-0.95514,6.65744,0.02253,3.83117
2012-09-19,78.77,0.17,80.16386,-1.75406,-1.15978,6.47969,0.02624,3.83117
2012-09-20,78.397,0.17,80.06169,-2.10117,-1.38772,6.38322,0.02663,3.83117
2012-09-21,78.2,0.17,80.02149,-2.30256,-1.51905,6.00146,0.02833,3.83117
2012-09-24,78.08,0.17,80.0117,-2.44389,-1.60871,5.99177,0.02837,3.83117
2012-09-25,77.864,0.17,79.75341,-2.39758,-1.57487,5.97842,0.02844,3.83117
2012-09-26,77.728,0.16,79.43098,-2.1673,-1.42068,5.92095,0.02702,3.83117
2012-09-27,77.698,0.15,79.57986,-2.39316,-1.5656,5.751,0.02608,3.83117
2012-09-28,77.61,0.13,79.2048,-2.03407,-1.32781,5.67735,0.0229,3.83117
2012-10-01,77.959,0.15,79.3119,-1.72052,-1.12237,5.65764,0.02651,2.11024
2012-10-02,78.041,0.13,79.19569,-1.46875,-0.95876,5.65544,0.02299,2.11024
2012-10-03,78.215,0.13,79.30089,-1.3788,-0.89943,5.67787,0.0229,2.11024
2012-10-04,78.415,0.13,79.33316,-1.16409,-0.75904,5.63306,0.02308,2.11024
2012-10-05,78.484,0.17,79.78978,-1.65007,-1.07562,5.632,0.03018,2.11024
2012-10-08,78.702,0.17,79.65439,-1.20285,-0.78378,5.64176,0.03013,2.11024
2012-10-09,78.286,0.15,79.19897,-1.15945,-0.75506,5.69193,0.02635,2.11024
2012-10-10,78.219,0.17,79.41909,-1.52261,-0.99108,5.64855,0.0301,2.11024
2012-10-11,78.075,0.18,79.59261,-1.92514,-1.25188,5.64942,0.03186,2.11024
2012-10-12,78.402,0.17,79.41875,-1.2885,-0.83672,5.6511,0.03008,2.11024
2012-10-15,78.468,0.17,79.51437,-1.32469,-0.86035,5.60753,0.03032,2.11024
2012-10-16,78.789,0.17,79.52904,-0.93488,-0.60704,5.62028,0.03025,2.11024
2012-10-17,78.825,0.2,79.86863,-1.3153,-0.85401,5.61894,0.03559,2.11024
2012-10-18,79.06,0.19,79.76457,-0.88724,-0.57682,5.59833,0.03394,2.11024
2012-10-19,79.308,0.2,79.66915,-0.45434,-0.2961,5.61673,0.03561,2.11024
2012-10-22,79.257,0.22,79.94759,-0.86755,-0.56611,5.59047,0.03935,2.11024
2012-10-23,79.99,0.19,79.36138,0.78898,0.5157,5.87094,0.03236,2.11024
2012-10-24,79.82,0.19,79.41857,0.50418,0.33046,5.87062,0.03236,2.11024
2012-10-25,79.838,0.212,79.66238,0.22021,0.14501,5.85731,0.03619,2.11024
2012-10-26,80.235,0.202,79.5772,0.82323,0.54325,5.82822,0.03466,2.11024
2012-10-29,79.65,0.202,79.57375,0.09578,0.06339,6.03062,0.0335,2.11024
2012-10-30,79.764,0.203,79.57786,0.23363,0.15556,6.00399,0.03381,2.11024
2012-10-31,79.684,0.203,79.47985,0.25653,0.17224,5.99124,0.03388,2.11024
2012-11-01,79.86,0.203,79.70063,0.19977,0.13608,5.92863,0.03424,-0.6634
2012-11-02,80.22,0.183,79.36284,1.07427,0.73612,5.88221,0.03111,-0.6634
2012-11-05,80.5,0.184,79.27043,1.5392,1.06082,5.83419,0.03154,-0.6634
2012-11-06,80.16,0.204,79.58897,0.71492,0.49574,5.87548,0.03472,-0.6634
2012-11-07,80.29,0.174,79.06229,1.54091,1.07489,5.86231,0.02968,-0.6634
2012-11-08,79.97,0.174,79.12976,1.05625,0.73731,5.84312,0.02978,-0.6634
2012-11-09,79.479,0.174,79.13047,0.43947,0.30727,5.9841,0.02908,-0.6634
2012-11-12,79.46,0.175,79.36483,0.11984,0.08413,5.86149,0.02986,-0.6634
2012-11-13,79.598,0.175,79.35412,0.30686,0.21613,5.85529,0.02989,-0.6634
2012-11-14,79.46,0.15,78.94495,0.6503,0.46068,5.83107,0.02572,-0.6634
2012-11-15,80.2,0.14,78.84971,1.69799,1.20534,6.08393,0.02301,-0.6634
2012-11-16,81.12,0.14,79.04681,2.58893,1.83992,6.46686,0.02165,-0.6634
2012-11-19,81.526,0.15,79.31315,2.7518,1.95768,6.5256,0.02299,-0.6634
2012-11-20,81.35,0.17,79.53195,2.2602,1.60911,6.26649,0.02713,-0.6634
2012-11-21,81.755,0.17,79.52228,2.76897,1.97462,6.32814,0.02686,-0.6634
2012-11-22,82.574,0.17,79.53004,3.75601,2.67724,6.59591,0.02577,-0.6634
2012-11-23,82.359,0.19,79.78016,3.18129,2.25759,6.62951,0.02866,-0.6634
2012-11-26,82.546,0.17,79.52773,3.725,2.63516,6.60831,0.02573,-0.6634
2012-11-27,81.873,0.172,79.48045,2.96583,2.08558,6.84273,0.02514,-0.6634
2012-11-28,82.08,0.172,79.5425,3.1403,2.19947,6.82485,0.0252,-0.6634
2012-11-29,82.15,0.152,79.45249,3.33876,2.32731,6.78191,0.02241,-0.6634
2012-11-30,82.151,0.153,79.36988,3.44401,2.38855,6.78353,0.02255,-0.6634
2012-12-03,82.456,0.153,79.2693,3.94139,2.71861,6.80687,0.02248,-4.44045
2012-12-05,81.816,0.153,79.26563,3.16683,2.1685,7.01492,0.02181,-4.44045
2012-12-06,82.436,0.154,79.23641,3.95863,2.69866,7.07012,0.02178,-4.44045
2012-12-07,82.43,0.154,79.35555,3.8011,2.57275,6.81869,0.02258,-4.44045
2012-12-10,82.56,0.144,79.26387,4.07428,2.74077,6.81858,0.02112,-4.44045
2012-12-11,82.35,0.144,79.37042,3.68527,2.46196,6.70723,0.02147,-4.44045
2012-12-12,82.52,0.155,79.45725,3.78216,2.51644,6.71114,0.0231,-4.44045
2012-12-13,83.21,0.175,79.53312,4.5194,2.99301,6.83784,0.02559,-4.44045
2012-12-14,83.667,0.14,79.17672,5.51623,3.6231,6.71773,0.02084,-4.44045
2012-12-17,84.158,0.15,79.38959,5.83287,3.7867,6.75473,0.02221,-4.44045
2012-12-18,83.903,0.18,79.81254,4.99808,3.20359,6.80428,0.02645,-4.44045
2012-12-19,84.361,0.18,79.56571,5.8522,3.71581,6.75944,0.02663,-4.44045
2012-12-20,84.226,0.18,79.52739,5.74021,3.59872,6.74165,0.0267,-4.44045
2012-12-21,84.42,0.16,79.30747,6.2472,3.86939,6.72252,0.0238,-4.44045
2012-12-24,84.41,0.16,79.31908,6.22073,3.79999,6.67901,0.02396,-4.44045
2012-12-25,84.84,0.161,79.34583,6.69511,4.03247,6.69275,0.02406,-4.44045
2012-12-26,85.0,0.162,79.17562,7.09828,4.21181,6.68367,0.02424,-4.44045
2012-12-27,85.668,0.162,79.1853,7.86887,4.59031,6.78377,0.02388,-4.44045
2012-12-28,86.507,0.172,78.85359,9.26326,5.29719,6.95512,0.02473,-4.44045
2012-12-31,85.96,0.152,79.34927,8.00228,4.4541,7.13595,0.0213,-4.44045
2013-01-01,86.72,0.152,79.36955,8.85698,4.83625,7.28159,0.02087,-10.68895
2013-01-02,86.6,0.172,80.17435,7.70961,4.12548,7.30404,0.02355,-10.68895
2013-01-03,87.275,0.172,80.22769,8.41954,4.43376,7.40643,0.02322,-10.68895
2013-01-04,87.74,0.173,80.41254,8.72077,4.50591,7.43896,0.02326,-10.68895
2013-01-07,88.198,0.174,80.48603,9.15007,4.63601,7.33166,0.02373,-10.68895
2013-01-08,87.253,0.154,80.43211,8.13985,4.04029,7.73964,0.0199,-10.68895
2013-01-09,86.868,0.144,80.35741,7.79053,3.80834,7.80502,0.01845,-10.68895
2013-01-10,88.133,0.164,80.65086,8.87176,4.27674,8.1988,0.02,-10.68895
2013-01-11,89.246,0.18,80.84916,9.88114,4.68246,8.46976,0.02125,-10.68895
2013-01-14,89.523,0.18,80.89281,10.13707,4.70401,8.46242,0.02127,-10.68895
2013-01-15,89.46,0.18,80.92567,10.02605,4.55544,8.47435,0.02124,-10.68895
2013-01-16,88.75,0.18,81.03071,9.09952,4.05207,8.70317,0.02068,-10.68895
2013-01-17,88.63,0.2,81.20194,8.75312,3.8361,8.72221,0.02293,-10.68895
2013-01-18,89.821,0.185,81.48095,9.74495,4.20977,9.00942,0.02053,-10.68895
2013-01-21,90.181,0.185,81.55827,10.0501,4.26736,8.89935,0.02079,-10.68895
2013-01-22,89.6,0.185,81.65879,9.28058,3.87154,9.0206,0.02051,-10.68895
2013-01-23,88.529,0.175,81.64528,8.09462,3.32775,9.43275,0.01855,-10.68895
2013-01-24,88.58,0.145,81.40661,8.44497,3.43431,9.41076,0.01541,-10.68895
2013-01-25,90.558,0.201,81.80713,10.16261,4.08684,10.09444,0.01991,-10.68895
2013-01-28,91.179,0.21,81.69413,10.98424,4.3473,10.13899,0.02071,-10.68895
2013-01-29,90.46,0.22,81.91699,9.92013,3.85509,10.31834,0.02132,-10.68895
2013-01-30,90.79,0.19,81.40893,10.90642,4.17714,10.32342,0.0184,-10.68895
2013-01-31,91.021,0.203,81.56225,10.97237,4.13142,10.31186,0.01969,-10.68895
2013-02-01,91.707,0.203,82.13462,11.02391,4.0826,10.36659,0.01958,-14.95233
2013-02-04,92.77,0.183,81.3987,13.0764,4.76475,10.45591,0.0175,-14.95233
2013-02-05,92.153,0.203,81.94077,11.74535,4.18671,10.60888,0.01913,-14.95233
2013-02-06,93.57,0.219,82.22477,12.92532,4.52937,10.84905,0.02019,-14.95233
2013-02-07,93.435,0.218,82.25504,12.74413,4.37808,10.73663,0.0203,-14.95233
2013-02-08,93.633,0.218,82.54698,12.60153,4.24905,10.72192,0.02033,-14.95233
2013-02-11,92.535,0.238,82.76482,11.15839,3.69771,11.10136,0.02144,-14.95233
2013-02-12,94.191,0.259,83.0948,12.53425,4.1011,11.48378,0.02255,-14.95233
2013-02-13,93.305,0.26,83.01582,11.68425,3.76229,11.6575,0.0223,-14.95233
2013-02-14,93.256,0.23,83.06276,11.57518,3.67589,11.52644,0.01995,-14.95233
2013-02-15,92.957,0.245,83.31895,10.94611,3.43228,11.56275,0.02119,-14.95233
2013-02-18,93.722,0.245,83.39634,11.67285,3.62172,11.59375,0.02113,-14.95233
2013-02-19,93.65,0.245,83.51727,11.4511,3.50757,11.59581,0.02113,-14.95233
2013-02-20,93.708,0.225,82.2868,12.99729,3.9335,11.49009,0.01958,-14.95233
2013-02-21,93.66,0.215,81.9849,13.31362,3.96859,11.4635,0.01876,-14.95233
2013-02-22,93.15,0.225,82.56145,12.06683,3.54182,11.56107,0.01946,-14.95233
2013-02-25,94.22,0.205,80.58539,15.63152,4.53226,11.52956,0.01778,-14.95233
2013-02-26,92.397,0.205,81.3394,12.7464,3.62344,12.32363,0.01663,-14.95233
2013-02-27,92.11,0.225,82.34782,11.20315,3.14533,12.36248,0.0182,-14.95233
2013-02-28,92.303,0.205,81.92116,11.93193,3.31792,12.35714,0.01659,-14.95233
2013-03-01,92.582,0.205,81.99639,12.14195,3.34057,12.35371,0.01659,-15.50539
2013-03-04,93.564,0.2,82.63175,12.42517,3.38142,12.31716,0.01624,-15.50539
2013-03-05,93.401,0.21,83.05098,11.74474,3.16053,12.29117,0.01709,-15.50539
2013-03-06,93.289,0.21,83.06904,11.60301,3.09185,12.30089,0.01707,-15.50539
2013-03-07,93.927,0.21,83.38325,11.90704,3.14336,12.33875,0.01702,-15.50539
2013-03-08,94.928,0.23,83.81881,12.44613,3.25392,12.41969,0.01852,-15.50539
2013-03-11,96.17,0.23,84.5285,12.90287,3.33882,12.60399,0.01825,-15.50539
2013-03-12,96.619,0.23,84.16414,13.80065,3.53324,12.55549,0.01832,-15.50539
2013-03-13,95.82,0.23,84.54042,12.52416,3.16817,12.71841,0.01808,-15.50539
2013-03-14,96.02,0.23,85.0253,12.16076,3.04644,12.69618,0.01812,-15.50539
2013-03-15,95.962,0.205,85.02713,12.09819,3.0038,12.66555,0.01619,-15.50539
2013-03-18,94.889,0.215,83.76907,12.46439,3.06752,12.92528,0.01663,-15.50539
2013-03-19,95.343,0.195,83.13306,13.70385,3.34147,12.91863,0.01509,-15.50539
2013-03-20,95.05,0.215,84.36719,11.92245,2.87539,12.95773,0.01659,-15.50539
2013-03-21,95.955,0.225,83.63298,13.74414,3.28821,13.03934,0.01726,-15.50539
2013-03-22,94.91,0.215,83.937,12.28626,2.90881,13.2791,0.01619,-15.50539
2013-03-25,94.828,0.201,83.82966,12.32778,2.89514,13.2896,0.01512,-15.50539
2013-03-26,93.963,0.211,84.57782,10.5229,2.45205,13.40703,0.01574,-15.50539
2013-03-27,94.635,0.211,84.36828,11.48359,2.66076,13.35141,0.0158,-15.50539
2013-03-28,94.316,0.204,84.7057,10.7468,2.47342,13.2943,0.01534,-15.50539
2013-03-29,94.19,0.193,84.70731,10.61121,2.42867,13.22154,0.0146,-15.50539
2013-04-01,94.282,0.175,84.02306,11.5199,2.62229,13.2104,0.01325,-18.05987
2013-04-02,93.18,0.194,84.75988,9.47108,2.14257,13.40066,0.01448,-18.05987
2013-04-03,93.362,0.184,83.83359,10.76507,2.42537,13.37392,0.01376,-18.05987
2013-04-04,92.889,0.162,83.98727,10.074,2.25734,13.40017,0.01209,-18.05987
2013-04-05,96.437,0.158,84.06087,13.73487,3.06332,15.07412,0.01048,-18.05987
2013-04-08,98.751,0.146,84.60387,15.46215,3.4181,15.65705,0.00932,-18.05987
2013-04-09,99.28,0.132,84.86993,15.68243,3.42875,15.4681,0.00853,-18.05987
2013-04-10,98.95,0.117,85.34645,14.78958,3.19785,15.3489,0.00762,-18.05987
2013-04-11,99.666,0.121,85.70799,15.08785,3.23276,15.38678,0.00786,-18.05987
2013-04-12,99.621,0.091,86.00119,14.70119,3.11903,15.38526,0.00591,-18.05987
2013-04-15,98.406,0.09,82.60196,17.50683,3.68122,15.51874,0.0058,-18.05987
2013-04-16,96.8,0.11,85.1525,12.82032,2.66107,15.92568,0.00691,-18.05987
2013-04-17,97.61,0.11,83.49626,15.61782,3.21978,15.80386,0.00696,-18.05987
2013-04-18,98.029,0.11,83.09579,16.52694,3.37367,15.80591,0.00696,-18.05987
2013-04-19,98.203,0.115,85.00797,14.42917,2.91364,15.7266,0.00731,-18.05987
2013-04-22,99.797,0.115,85.56024,15.39174,3.0833,15.75272,0.0073,-18.05987
2013-04-23,99.16,0.11,86.53576,13.6177,2.70285,15.83821,0.00695,-18.05987
2013-04-24,99.677,0.11,86.45249,14.234,2.80515,15.31008,0.00718,-18.05987
2013-04-25,99.42,0.107,86.42508,14.00754,2.73941,15.29313,0.007,-18.05987
2013-04-26,99.342,0.096,86.67078,13.64517,2.64904,15.18315,0.00632,-18.05987
2013-04-29,97.842,0.076,86.73598,12.04852,2.32317,15.53857,0.00489,-18.05987
2013-04-30,97.864,0.098,87.24496,11.48589,2.20334,15.53727,0.00631,-18.05987
2013-05-01,97.269,0.085,86.92038,11.24878,2.14803,15.54929,0.00547,-20.19556
2013-05-02,97.132,0.089,87.46754,10.48032,1.99276,15.40576,0.00578,-20.19556
2013-05-03,97.946,0.109,88.06099,10.63867,2.01504,15.40527,0.00708,-20.19556
2013-05-06,99.1,0.109,88.20444,11.64721,2.1973,15.28742,0.00713,-20.19556
2013-05-07,99.344,0.108,88.3501,11.72813,2.20212,15.28291,0.00707,-20.19556
2013-05-08,98.776,0.107,88.70585,10.75288,2.00946,15.33959,0.00698,-20.19556
2013-05-09,98.878,0.107,88.31051,11.30277,2.104,15.12281,0.00708,-20.19556
2013-05-10,100.765,0.147,88.75845,12.68725,2.35148,15.17683,0.00969,-20.19556
2013-05-13,101.923,0.115,89.43924,13.06581,2.40857,15.16292,0.00758,-20.19556
2013-05-14,101.667,0.125,89.28787,12.98371,2.37988,15.17841,0.00824,-20.19556
2013-05-15,102.21,0.125,89.19616,13.61915,2.4826,15.1697,0.00824,-20.19556
2013-05-16,102.258,0.1,89.33264,13.51321,2.44846,15.1098,0.00662,-20.19556
2013-05-17,102.135,0.13,89.8743,12.78834,2.30386,15.11257,0.0086,-20.19556
2013-05-20,102.701,0.129,89.34128,13.93582,2.49829,15.13442,0.00852,-20.19556
2013-05-21,102.166,0.129,89.02833,13.76444,2.45279,15.18853,0.00849,-20.19556
2013-05-22,102.442,0.135,88.80515,14.28521,2.53058,15.12672,0.00892,-20.19556
2013-05-23,103.176,0.14,88.5961,15.23484,2.68195,15.03665,0.00931,-20.19556
2013-05-24,102.41,0.135,88.84484,14.20929,2.48381,14.53726,0.00929,-20.19556
2013-05-27,101.061,0.135,88.96341,12.74991,2.21549,14.81102,0.00911,-20.19556
2013-05-28,101.105,0.159,87.7458,14.17156,2.45069,14.81191,0.01073,-20.19556
2013-05-29,102.446,0.158,87.8641,15.35445,2.63953,14.99395,0.01054,-20.19556
2013-05-30,100.916,0.167,88.19077,13.47862,2.3013,15.24526,0.01095,-20.19556
2013-05-31,101.1,0.161,86.95562,15.07122,2.5598,15.23394,0.01057,-20.19556
2013-06-03,100.476,0.171,86.50271,14.97431,2.52717,15.29923,0.01118,-16.67149
2013-06-04,99.738,0.196,85.9037,14.93198,2.50441,15.3498,0.01277,-16.67149
2013-06-05,100.25,0.181,85.12786,16.35127,2.72572,15.24859,0.01187,-16.67149
2013-06-06,98.952,0.181,85.88633,14.16103,2.34385,15.29542,0.01183,-16.67149
2013-06-07,97.327,0.2,86.94578,11.27918,1.8569,15.64296,0.01279,-16.67149
2013-06-10,98.238,0.195,86.92679,12.23268,2.00701,15.65443,0.01246,-16.67149
2013-06-11,98.849,0.215,85.39502,14.63057,2.39099,15.69407,0.0137,-16.67149
2013-06-12,96.102,0.215,84.02478,13.42984,2.18244,16.70677,0.01287,-16.67149
2013-06-13,95.929,0.19,86.1649,10.73455,1.73631,16.55396,0.01148,-16.67149
2013-06-14,95.494,0.16,85.83136,10.6679,1.72039,16.55362,0.00967,-16.67149
2013-06-17,94.242,0.14,86.41954,8.66521,1.39332,16.75324,0.00836,-16.67149
2013-06-18,94.68,0.14,86.13056,9.46385,1.51883,16.66813,0.0084,-16.67149
2013-06-19,95.517,0.18,85.65075,10.90262,1.74573,16.61899,0.01083,-16.67149
2013-06-20,96.59,0.201,83.33956,14.75518,2.35558,16.76425,0.01199,-16.67149
2013-06-21,97.141,0.246,84.66156,13.75019,2.1832,16.68673,0.01474,-16.67149
2013-06-24,98.423,0.286,83.53632,16.3993,2.59238,16.82527,0.017,-16.67149
2013-06-25,97.531,0.296,85.21966,13.49381,2.11989,16.91934,0.01749,-16.67149
2013-06-26,98.147,0.251,86.72663,12.37054,1.93522,16.95391,0.0148,-16.67149
2013-06-27,97.77,0.218,86.90394,11.78144,1.8364,16.97762,0.01284,-16.67149
2013-06-28,98.476,0.223,87.22213,12.13548,1.8853,16.84058,0.01324,-16.67149
2013-07-01,99.38,0.202,87.5037,12.72698,1.97029,16.92036,0.01194,-18.03317
2013-07-02,99.657,0.202,87.15547,13.40407,2.06722,16.87872,0.01197,-18.03317
2013-07-03,100.733,0.227,86.84667,14.83293,2.27796,15.31123,0.01483,-18.03317
2013-07-04,99.956,0.227,86.94893,13.94091,2.13004,14.66796,0.01548,-18.03317
2013-07-05,100.22,0.267,87.76405,13.27158,2.01892,14.63931,0.01824,-18.03317
2013-07-08,101.386,0.236,88.024,14.13256,2.14133,14.79773,0.01595,-18.03317
2013-07-09,100.85,0.241,88.46749,13.09991,1.9768,14.77477,0.01631,-18.03317
2013-07-10,101.153,0.251,88.50444,13.35815,2.01105,14.78482,0.01698,-18.03317
2013-07-11,98.551,0.215,88.91629,10.28789,1.54277,15.49911,0.01387,-18.03317
2013-07-12,99.04,0.245,88.99398,10.69551,1.60169,15.16169,0.01616,-18.03317
2013-07-15,99.197,0.215,88.82371,11.04542,1.65092,15.07735,0.01426,-18.03317
2013-07-16,99.946,0.21,88.01221,12.71545,1.89614,15.12635,0.01388,-18.03317
2013-07-17,99.16,0.19,88.63715,11.21837,1.66722,15.21162,0.01249,-18.03317
2013-07-18,99.66,0.19,88.69376,11.65749,1.72811,14.89778,0.01275,-18.03317
2013-07-19,100.522,0.19,90.77418,10.20017,1.50787,14.93898,0.01272,-18.03317
2013-07-22,100.389,0.19,91.1625,9.6409,1.42335,14.90747,0.01275,-18.03317
2013-07-23,99.324,0.2,90.74376,9.03475,1.33293,15.05381,0.01329,-18.03317
2013-07-24,99.497,0.21,90.71059,9.24534,1.36321,15.05704,0.01395,-18.03317
2013-07-25,100.452,0.191,90.66169,10.25452,1.51004,14.85157,0.01286,-18.03317
2013-07-26,99.275,0.181,91.14043,8.54923,1.25673,15.05085,0.01203,-18.03317
2013-07-29,97.96,0.201,90.42316,8.00588,1.17652,15.24282,0.01319,-18.03317
2013-07-30,98.043,0.211,90.81774,7.65516,1.1246,15.24034,0.01384,-18.03317
2013-07-31,98.016,0.191,90.23126,8.27548,1.21471,15.14914,0.01261,-18.03317
2013-08-01,97.833,0.231,90.75816,7.50636,1.1011,14.96514,0.01544,-16.41549
2013-08-02,99.42,0.181,91.77222,8.00436,1.17351,15.30818,0.01182,-16.41549
2013-08-05,98.935,0.206,92.50879,6.71594,0.98399,15.29623,0.01347,-16.41549
2013-08-06,98.232,0.206,91.47487,7.12678,1.0441,15.36139,0.01341,-16.41549
2013-08-07,97.308,0.211,91.5534,6.09588,0.89294,14.97727,0.01409,-16.41549
2013-08-08,96.57,0.191,91.98591,4.86328,0.71292,14.8417,0.01287,-16.41549
2013-08-09,96.74,0.211,90.7639,6.37653,0.93584,14.8469,0.01421,-16.41549
2013-08-12,96.044,0.21,91.36062,4.99919,0.73434,14.84892,0.01414,-16.41549
2013-08-13,97.2,0.23,92.2382,5.23963,0.77146,15.07107,0.01526,-16.41549
2013-08-14,98.153,0.23,91.08528,7.47312,1.10241,15.21799,0.01511,-16.41549
2013-08-15,97.853,0.25,88.92011,9.5728,1.41323,15.17362,0.01648,-16.41549
2013-08-16,97.055,0.25,89.49764,8.10656,1.19638,15.22053,0.01643,-16.41549
2013-08-19,97.667,0.25,88.67499,9.65859,1.42529,15.27102,0.01637,-16.41549
2013-08-20,97.579,0.25,89.47695,8.66812,1.27783,15.18645,0.01646,-16.41549
2013-08-21,97.31,0.27,89.03727,8.88467,1.30924,15.13289,0.01784,-16.41549
2013-08-22,97.81,0.309,91.77957,6.36371,0.93727,14.96393,0.02065,-16.41549
2013-08-23,98.879,0.289,91.9406,7.27542,1.07256,15.13552,0.01909,-16.41549
2013-08-26,98.705,0.299,91.2172,7.88921,1.16395,14.88558,0.02009,-16.41549
2013-08-27,98.258,0.269,86.71352,12.49869,1.84377,14.6167,0.0184,-16.41549
2013-08-28,96.892,0.289,86.91103,10.8712,1.59946,14.85843,0.01945,-16.41549
2013-08-29,97.728,0.276,86.85488,11.79494,1.73267,14.92933,0.01849,-16.41549
2013-08-30,98.292,0.275,87.18688,11.98888,1.75769,14.91242,0.01844,-16.41549
2013-09-02,98.385,0.274,87.28269,11.97362,1.75129,14.87485,0.01842,-17.66327
2013-09-03,99.57,0.314,88.71375,11.54461,1.68616,14.84543,0.02115,-17.66327
2013-09-04,99.554,0.344,91.39414,8.55189,1.24865,14.4547,0.0238,-17.66327
2013-09-05,99.728,0.403,94.18318,5.72049,0.83467,14.34288,0.0281,-17.66327
2013-09-06,100.116,0.343,91.37051,9.14067,1.33351,14.31119,0.02397,-17.66327
2013-09-09,99.977,0.332,92.38353,7.89914,1.15107,13.10346,0.02534,-17.66327
2013-09-10,99.719,0.382,97.54901,2.20013,0.32034,13.11029,0.02914,-17.66327
2013-09-11,100.285,0.351,97.08553,3.24238,0.47223,13.1059,0.02678,-17.66327
2013-09-12,99.83,0.331,94.95722,5.00423,0.72893,12.84255,0.02577,-17.66327
2013-09-13,99.578,0.331,95.19064,4.50597,0.65633,12.83808,0.02578,-17.66327
2013-09-16,99.015,0.291,93.00567,6.26108,0.91208,12.7977,0.02274,-17.66327
2013-09-17,99.07,0.275,92.08725,7.30902,1.06438,12.61513,0.0218,-17.66327
2013-09-18,99.128,0.225,92.08161,7.37366,1.0737,12.56942,0.0179,-17.66327
2013-09-19,98.21,0.23,93.88671,4.50192,0.65534,12.4412,0.01849,-17.66327
2013-09-20,99.39,0.24,94.29435,5.26302,0.76663,12.52938,0.01915,-17.66327
2013-09-23,99.277,0.25,93.41646,6.08464,0.88706,12.47286,0.02004,-17.66327
2013-09-24,98.74,0.254,93.80008,5.13244,0.74803,12.4975,0.02032,-17.66327
2013-09-25,98.745,0.259,94.34974,4.55323,0.6634,12.41537,0.02086,-17.66327
2013-09-26,98.435,0.239,92.91009,5.77642,0.84225,12.29208,0.01944,-17.66327
2013-09-27,98.905,0.24,91.15239,8.16271,1.18966,12.31765,0.01948,-17.66327
2013-09-30,97.827,0.223,88.92733,9.53812,1.38817,12.30458,0.01812,-17.66327
2013-10-01,98.4,0.222,90.52738,8.33884,1.21133,12.27786,0.01808,-16.97927
2013-10-02,97.926,0.21,87.99197,10.69666,1.55242,12.2973,0.01708,-16.97927
2013-10-03,97.3,0.233,87.89487,10.16576,1.47737,12.11244,0.01924,-16.97927
2013-10-04,97.259,0.233,88.90863,8.97683,1.30561,12.07559,0.0193,-16.97927
2013-10-07,97.29,0.274,87.7066,10.36991,1.509,12.05521,0.02273,-16.97927
2013-10-09,96.901,0.274,87.88493,9.76615,1.422,10.91658,0.0251,-16.97927
2013-10-10,97.479,0.259,89.80059,8.20454,1.19528,10.93776,0.02368,-16.97927
2013-10-11,98.185,0.259,91.16859,7.4143,1.08046,11.03378,0.02347,-16.97927
2013-10-14,98.314,0.259,90.8284,7.91944,1.15826,10.92737,0.0237,-16.97927
2013-10-15,98.65,0.275,88.8095,10.50846,1.541,10.83996,0.02537,-16.97927
2013-10-16,98.544,0.245,92.35797,6.48312,0.95112,10.79161,0.0227,-16.97927
2013-10-17,98.94,0.23,93.6055,5.54245,0.81453,10.67789,0.02154,-16.97927
2013-10-18,97.99,0.23,94.51024,3.61572,0.53223,10.84041,0.02122,-16.97927
2013-10-21,97.927,0.23,95.02887,3.00415,0.4435,10.63748,0.02162,-16.97927
2013-10-22,98.194,0.209,93.29403,5.1189,0.75731,10.64666,0.01963,-16.97927
2013-10-23,98.133,0.209,94.25828,4.0285,0.59617,10.46033,0.01998,-16.97927
2013-10-24,97.42,0.229,96.43736,1.01379,0.15023,10.29835,0.02224,-16.97927
2013-10-25,97.385,0.218,96.06026,1.36965,0.20339,9.95195,0.02191,-16.97927
2013-10-28,97.57,0.218,94.28903,3.42052,0.50921,9.9582,0.02189,-16.97927
2013-10-29,97.62,0.212,94.09231,3.68061,0.54947,9.95881,0.02129,-16.97927
2013-10-30,98.194,0.233,94.54215,3.78994,0.56728,10.02171,0.02325,-16.97927
2013-10-31,98.507,0.213,93.68994,5.01368,0.75328,9.50137,0.02242,-16.97927
2013-11-01,98.321,0.233,97.61252,0.72318,0.10902,9.45934,0.02463,-18.22977
2013-11-04,98.692,0.223,97.67374,1.03712,0.15681,9.38081,0.02377,-18.22977
2013-11-05,98.627,0.224,97.48432,1.16535,0.17645,9.18064,0.0244,-18.22977
2013-11-06,98.456,0.204,97.71758,0.75282,0.11424,9.05132,0.02254,-18.22977
2013-11-07,98.65,0.199,95.54426,3.19886,0.48638,9.05278,0.02198,-18.22977
2013-11-08,98.171,0.229,99.03543,-0.87668,-0.13366,8.9852,0.02549,-18.22977
2013-11-11,99.199,0.23,99.41346,-0.21597,-0.03304,8.9089,0.02582,-18.22977
2013-11-12,99.138,0.25,100.50457,-1.36904,-0.21064,8.70159,0.02873,-18.22977
2013-11-13,99.617,0.23,99.25344,0.36562,0.05642,8.72579,0.02636,-18.22977
2013-11-14,99.218,0.195,96.54418,2.73187,0.42218,8.60008,0.02267,-18.22977
2013-11-15,100.24,0.215,98.46168,1.78998,0.27718,8.74648,0.02458,-18.22977
2013-11-18,100.354,0.215,96.10656,4.32463,0.67048,8.74353,0.02459,-18.22977
2013-11-19,99.863,0.195,94.95541,5.03919,0.78147,8.7859,0.02219,-18.22977
2013-11-20,100.181,0.185,93.69153,6.69707,1.0385,8.75202,0.02114,-18.22977
2013-11-21,100.207,0.195,95.22355,5.10108,0.79082,8.48842,0.02297,-18.22977
2013-11-22,101.319,0.215,97.20546,4.1447,0.64242,8.74937,0.02457,-18.22977
2013-11-25,101.29,0.205,95.14076,6.26302,0.97036,8.69266,0.02358,-18.22977
2013-11-26,101.35,0.195,94.51066,6.98673,1.08147,8.17929,0.02384,-18.22977
2013-11-27,101.234,0.184,93.15418,8.31788,1.28603,8.02858,0.02292,-18.22977
2013-11-28,102.21,0.192,93.72115,8.67056,1.33836,8.16516,0.02351,-18.22977
2013-11-29,102.292,0.197,93.11468,9.39997,1.4484,8.16498,0.02413,-18.22977
2013-12-02,102.471,0.218,92.36886,10.37899,1.59644,7.83654,0.02782,-20.81182
2013-12-03,102.933,0.198,89.80481,13.64397,2.09371,7.87693,0.02514,-20.81182
2013-12-04,102.351,0.218,91.15177,11.58821,1.77173,7.9695,0.02735,-20.81182
2013-12-05,102.404,0.218,90.78346,12.04487,1.83674,7.93828,0.02746,-20.81182
2013-12-06,101.742,0.214,93.25058,8.71498,1.32531,8.04856,0.02659,-20.81182
2013-12-09,103.131,0.214,95.20027,8.00172,1.21575,8.45274,0.02532,-20.81182
2013-12-10,103.266,0.214,94.16864,9.22209,1.39932,8.39005,0.02551,-20.81182
2013-12-11,102.798,0.219,90.83857,12.36819,1.87351,8.38993,0.0261,-20.81182
2013-12-12,102.508,0.25,93.22945,9.48772,1.43242,8.39445,0.02978,-20.81182
2013-12-13,103.54,0.245,92.37421,11.41102,1.71993,8.51427,0.02878,-20.81182
2013-12-16,103.27,0.245,91.00982,12.63795,1.90006,8.54011,0.02869,-20.81182
2013-12-17,103.027,0.245,90.72502,12.71579,1.90571,8.56137,0.02862,-20.81182
2013-12-18,102.624,0.22,94.57039,8.17274,1.2207,8.37355,0.02627,-20.81182
2013-12-19,104.213,0.25,95.98407,8.22547,1.22699,8.5856,0.02912,-20.81182
2013-12-20,104.276,0.27,97.7273,6.48603,0.96751,8.57708,0.03148,-20.81182
2013-12-23,104.03,0.28,100.79331,3.16073,0.47115,8.50866,0.03291,-20.81182
2013-12-24,104.176,0.28,102.32209,1.79562,0.2676,8.50793,0.03291,-20.81182
2013-12-25,104.3,0.282,102.49033,1.75029,0.2609,8.4693,0.0333,-20.81182
2013-12-26,104.524,0.322,106.23542,-1.62408,-0.2421,8.43711,0.03816,-20.81182
2013-12-27,104.879,0.302,104.00475,0.83707,0.12478,8.10028,0.03728,-20.81182
2013-12-30,105.32,0.292,100.49511,4.68943,0.69901,8.06783,0.03619,-20.81182
2013-12-31,104.934,0.282,99.54983,5.26732,0.78483,8.03665,0.03509,-20.81182
2014-01-01,105.3,0.282,99.61045,5.55463,0.82719,7.90337,0.03568,-20.9025
2014-01-02,105.324,0.292,100.82965,4.36088,0.64905,7.89884,0.03697,-20.9025
2014-01-03,104.833,0.312,104.41038,0.40395,0.0601,7.98574,0.03907,-20.9025
2014-01-06,104.912,0.309,104.86952,0.0405,0.00603,7.9164,0.03903,-20.9025
2014-01-07,104.21,0.309,106.38603,-2.06662,-0.3075,8.01612,0.03855,-20.9025
2014-01-08,104.712,0.339,109.23054,-4.2247,-0.62859,7.95513,0.04261,-20.9025
2014-01-09,104.844,0.349,110.43048,-5.19126,-0.77211,7.95506,0.04387,-20.9025
2014-01-10,104.83,0.299,107.86641,-2.85535,-0.42444,7.94334,0.03764,-20.9025
2014-01-13,103.949,0.299,104.51683,-0.54477,-0.08097,8.15397,0.03667,-20.9025
2014-01-14,103.116,0.3,107.97059,-4.60043,-0.68374,8.31874,0.03606,-20.9025
2014-01-15,104.179,0.32,109.19699,-4.70429,-0.69928,8.26897,0.0387,-20.9025
2014-01-16,104.571,0.32,108.30574,-3.50919,-0.52139,8.28084,0.03864,-20.9025
2014-01-17,104.295,0.31,107.71148,-3.22328,-0.47879,8.30607,0.03732,-20.9025
2014-01-20,104.238,0.309,107.60251,-3.17673,-0.47198,8.3055,0.0372,-20.9025
2014-01-21,104.225,0.309,106.18461,-1.86272,-0.27671,8.13814,0.03797,-20.9025
2014-01-22,104.223,0.349,108.84252,-4.33692,-0.64422,8.13599,0.0429,-20.9025
2014-01-23,104.635,0.299,102.29675,2.26002,0.33558,8.15467,0.03667,-20.9025
2014-01-24,103.37,0.279,90.61854,13.1656,1.95467,8.57561,0.03253,-20.9025
2014-01-27,102.05,0.279,92.77449,9.52912,1.40969,8.94503,0.03119,-20.9025
2014-01-28,102.661,0.289,96.68501,5.9974,0.8855,8.99481,0.03213,-20.9025
2014-01-29,103.231,0.269,91.69192,11.8535,1.74879,9.03195,0.02978,-20.9025
2014-01-30,102.3,0.272,92.05708,10.55009,1.5525,9.22149,0.0295,-20.9025
2014-01-31,102.758,0.255,89.58658,13.71712,2.01392,9.25067,0.02757,-20.9025
2014-02-03,102.192,0.218,82.39306,21.53522,3.14997,9.32114,0.02339,-19.38336
2014-02-04,101.142,0.228,87.00229,15.0591,2.18214,9.56844,0.02383,-19.38336
2014-02-05,101.689,0.238,86.20351,16.52082,2.38362,9.5591,0.0249,-19.38336
2014-02-06,101.466,0.249,91.34419,10.50891,1.50829,9.36119,0.0266,-19.38336
2014-02-07,102.039,0.224,92.0719,10.27853,1.47452,9.41797,0.02378,-19.38336
2014-02-10,102.524,0.249,94.67794,7.96159,1.14059,9.41651,0.02644,-19.38336
2014-02-11,102.133,0.279,98.93077,3.18556,0.45593,9.41288,0.02964,-19.38336
2014-02-12,102.52,0.28,99.49727,2.99277,0.42829,9.22658,0.03035,-19.38336
2014-02-13,102.469,0.25,97.43598,5.03648,0.72064,9.22676,0.0271,-19.38336
2014-02-14,102.188,0.245,98.52051,3.65495,0.52288,9.18699,0.02667,-19.38336
2014-02-17,101.564,0.25,98.98483,2.57225,0.36833,9.25933,0.027,-19.38336
2014-02-18,102.062,0.235,96.95205,5.13639,0.73565,9.3064,0.02525,-19.38336
2014-02-19,102.332,0.245,92.935,9.63221,1.37977,9.06068,0.02704,-19.38336
2014-02-20,102.311,0.26,95.94795,6.42113,0.91882,9.06053,0.0287,-19.38336
2014-02-21,102.312,0.25,95.69681,6.68419,0.9569,9.06015,0.02759,-19.38336
2014-02-24,102.513,0.27,98.11671,4.38319,0.62754,9.06341,0.02979,-19.38336
2014-02-25,102.482,0.26,99.38516,3.06844,0.43939,8.86027,0.02934,-19.38336
2014-02-26,102.15,0.25,96.81053,5.36866,0.76941,8.88311,0.02814,-19.38336
2014-02-27,102.299,0.257,98.55956,3.72389,0.53397,8.88094,0.02894,-19.38336
2014-02-28,102.11,0.257,98.61825,3.47944,0.49879,8.84013,0.02907,-19.38336
2014-03-03,101.305,0.248,92.07922,9.54865,1.36875,8.90847,0.02784,-19.26963
2014-03-04,101.412,0.258,98.38201,3.03335,0.43409,8.91079,0.02895,-19.26963
2014-03-05,102.178,0.258,99.81223,2.34257,0.33524,8.94669,0.02884,-19.26963
2014-03-06,102.367,0.298,102.44716,-0.07828,-0.0112,8.52554,0.03495,-19.26963
2014-03-07,103.032,0.308,103.13187,-0.09689,-0.01387,8.62275,0.03572,-19.26963
2014-03-10,103.19,0.299,102.59409,0.57916,0.08294,8.5792,0.03485,-19.26963
2014-03-11,103.236,0.299,100.80968,2.37833,0.34062,8.5594,0.03493,-19.26963
2014-03-12,102.84,0.294,101.49898,1.31256,0.18796,8.35392,0.03519,-19.26963
2014-03-13,102.783,0.259,94.67835,8.21346,1.17636,8.33898,0.03106,-19.26963
2014-03-14,101.78,0.28,92.65655,9.39139,1.34534,8.55221,0.03274,-19.26963
2014-03-17,101.33,0.3,99.05765,2.26805,0.32451,8.56188,0.03504,-19.26963
2014-03-18,101.859,0.28,100.9725,0.87413,0.12507,8.03612,0.03484,-19.26963
2014-03-19,101.44,0.395,111.3467,-9.31812,-1.33525,8.06854,0.04896,-19.26963
2014-03-20,102.468,0.375,110.32016,-7.38361,-1.05716,8.32765,0.04503,-19.26963
2014-03-21,102.407,0.375,108.5345,-5.8113,-0.83141,8.32121,0.04507,-19.26963
2014-03-24,102.241,0.396,110.32652,-7.61116,-1.08867,8.32015,0.0476,-19.26963
2014-03-25,102.207,0.396,113.06094,-10.09268,-1.44245,8.30509,0.04768,-19.26963
2014-03-26,102.285,0.371,107.72969,-5.18622,-0.73974,8.27348,0.04484,-19.26963
2014-03-27,101.903,0.37,107.87646,-5.69653,-0.81272,8.24662,0.04487,-19.26963
2014-03-28,102.147,0.362,107.45104,-5.06223,-0.72194,8.2417,0.04392,-19.26963
2014-03-31,102.889,0.353,108.24851,-5.07789,-0.7239,8.34766,0.04229,-19.26963
2014-04-01,103.214,0.358,112.50542,-8.61969,-1.22827,8.3766,0.04274,-17.62621
2014-04-02,103.633,0.388,115.91104,-11.19671,-1.59321,8.37412,0.04633,-17.62621
2014-04-03,103.867,0.378,112.77836,-8.23133,-1.16842,8.38632,0.04507,-17.62621
2014-04-04,103.896,0.348,107.65479,-3.55393,-0.5038,8.28011,0.04203,-17.62621
2014-04-07,103.32,0.329,102.23695,1.05378,0.14935,8.29265,0.03967,-17.62621
2014-04-08,103.069,0.319,101.94924,1.09236,0.15481,8.29889,0.03844,-17.62621
2014-04-09,101.955,0.289,102.03912,-0.08248,-0.01169,8.56504,0.03374,-17.62621
2014-04-10,102.107,0.289,97.16701,4.95901,0.70284,8.41711,0.03433,-17.62621
2014-04-11,101.38,0.289,94.79046,6.72071,0.95209,8.38523,0.03447,-17.62621
2014-04-14,101.442,0.28,95.07899,6.47792,0.91706,8.11053,0.03452,-17.62621
2014-04-15,101.904,0.3,98.07711,3.82772,0.54143,8.12855,0.03691,-17.62621
2014-04-16,101.877,0.3,101.64477,0.22821,0.03227,8.1159,0.03696,-17.62621
2014-04-17,102.201,0.34,107.07598,-4.65972,-0.65918,8.14673,0.04173,-17.62621
2014-04-18,102.443,0.34,107.03118,-4.38136,-0.61975,8.16427,0.04164,-17.62621
2014-04-21,102.56,0.33,106.14599,-3.43675,-0.48608,8.16904,0.0404,-17.62621
2014-04-22,102.67,0.36,109.46899,-6.41214,-0.90688,8.1291,0.04429,-17.62621
2014-04-23,102.621,0.34,107.41274,-4.56361,-0.64501,7.76376,0.04379,-17.62621
2014-04-24,102.48,0.341,106.50919,-3.85636,-0.54483,7.32545,0.04655,-17.62621
2014-04-25,102.302,0.342,104.86721,-2.47656,-0.34979,7.23465,0.04727,-17.62621
2014-04-28,102.105,0.352,106.91862,-4.60663,-0.6506,7.1537,0.04921,-17.62621
2014-04-29,102.516,0.352,107.05951,-4.33659,-0.61221,6.96923,0.05051,-17.62621
2014-04-30,102.564,0.332,106.72544,-3.97725,-0.56128,6.91148,0.04804,-17.62621
2014-05-01,102.22,0.325,106.75235,-4.33843,-0.61207,6.8549,0.04741,-16.76942
2014-05-02,102.266,0.335,108.09544,-5.54373,-0.78192,6.52561,0.05134,-16.76942
2014-05-05,102.2,0.345,108.32066,-5.81643,-0.82005,6.44055,0.05357,-16.76942
2014-05-06,102.14,0.345,107.15599,-4.79412,-0.6755,6.42547,0.05369,-16.76942
2014-05-07,101.693,0.325,105.88017,-4.03495,-0.56847,6.38753,0.05088,-16.76942
2014-05-08,101.872,0.315,104.97149,-2.99716,-0.42221,6.32404,0.04981,-16.76942
2014-05-09,101.593,0.319,106.95221,-5.14075,-0.72409,6.3019,0.05062,-16.76942
2014-05-12,101.9,0.329,109.68609,-7.36306,-1.03664,6.28466,0.05235,-16.76942
2014-05-13,102.185,0.31,107.72207,-5.27696,-0.7423,6.31053,0.04912,-16.76942
2014-05-14,102.232,0.305,106.48277,-4.07384,-0.573,6.28726,0.04851,-16.76942
2014-05-15,101.815,0.295,102.37379,-0.54732,-0.07696,6.21932,0.04743,-16.76942
2014-05-16,101.499,0.295,104.54579,-2.95762,-0.41628,6.17127,0.0478,-16.76942
2014-05-19,101.542,0.275,103.54953,-1.95775,-0.27557,6.14728,0.04474,-16.76942
2014-05-20,101.5,0.265,100.89822,0.59465,0.0838,6.14754,0.04311,-16.76942
2014-05-21,101.262,0.285,105.13585,-3.75421,-0.52975,6.16348,0.04624,-16.76942
2014-05-22,101.42,0.285,104.79794,-3.27638,-0.46426,6.15834,0.04628,-16.76942
2014-05-23,101.765,0.285,106.75454,-4.7866,-0.68172,6.1994,0.04597,-16.76942
2014-05-26,101.962,0.285,106.6626,-4.50704,-0.64857,6.1795,0.04612,-16.76942
2014-05-27,101.894,0.305,108.14356,-5.95266,-0.86413,6.17333,0.04941,-16.76942
2014-05-28,101.977,0.279,105.40904,-3.31011,-0.48536,6.16498,0.04526,-16.76942
2014-05-29,101.73,0.282,105.74075,-3.86681,-0.57119,5.97407,0.0472,-16.76942
2014-05-30,101.72,0.282,106.62954,-4.71366,-0.70218,5.97076,0.04723,-16.76942
2014-06-02,101.876,0.303,108.37933,-6.1881,-0.93056,5.7831,0.05239,-16.69819
2014-06-03,102.42,0.323,109.2439,-6.4501,-0.98166,5.87058,0.05502,-16.69819
2014-06-04,102.54,0.323,109.08006,-6.18292,-0.95307,5.72718,0.0564,-16.69819
2014-06-05,102.681,0.313,108.83514,-5.82072,-0.90743,5.72546,0.05467,-16.69819
2014-06-06,102.423,0.324,112.86116,-9.70471,-1.52645,5.74505,0.0564,-16.69819
2014-06-09,102.48,0.344,111.62134,-8.54445,-1.35384,5.6965,0.06039,-16.69819
2014-06-10,102.48,0.364,114.35216,-10.96151,-1.74584,5.69561,0.06391,-16.69819
2014-06-11,102.314,0.359,111.32506,-8.44078,-1.35403,5.35034,0.0671,-16.69819
2014-06-12,102.0,0.339,103.29754,-1.26407,-0.20389,5.31053,0.06384,-16.69819
2014-06-13,101.7,0.369,106.16107,-4.29302,-0.69892,5.24203,0.07039,-16.69819
2014-06-16,101.967,0.405,108.254,-5.98311,-0.98192,5.20115,0.07787,-16.69819
2014-06-17,101.87,0.425,110.93107,-8.52115,-1.40514,4.79079,0.08871,-16.69819
2014-06-18,102.174,0.395,110.6604,-7.97888,-1.32231,4.82876,0.0818,-16.69819
2014-06-19,101.89,0.395,109.25942,-6.98313,-1.16108,4.8498,0.08145,-16.69819
2014-06-20,101.93,0.415,110.4089,-7.99044,-1.33544,4.85028,0.08556,-16.69819
2014-06-23,102.066,0.396,109.03503,-6.60495,-1.10621,4.85547,0.08156,-16.69819
2014-06-24,101.87,0.406,106.48481,-4.43048,-0.7432,4.81244,0.08436,-16.69819
2014-06-25,101.91,0.396,107.3453,-5.19606,-0.87363,4.78853,0.0827,-16.69819
2014-06-26,101.8,0.377,106.51749,-4.5299,-0.7641,4.55836,0.08271,-16.69819
2014-06-27,101.637,0.375,106.91309,-5.06086,-0.85545,4.51651,0.08303,-16.69819
2014-06-30,101.443,0.397,109.07981,-7.25828,-1.2297,4.44282,0.08936,-16.69819
2014-07-01,101.29,0.403,110.42716,-8.63684,-1.46757,4.4172,0.09123,-16.44069
2014-07-02,101.54,0.418,113.73398,-11.34094,-1.93287,4.45233,0.09388,-16.44069
2014-07-03,101.83,0.448,117.55008,-14.35597,-2.44537,4.37046,0.10251,-16.44069
2014-07-04,102.18,0.448,116.97022,-13.51834,-2.29885,4.40757,0.10164,-16.44069
2014-07-07,102.11,0.449,115.301,-12.14954,-2.06353,3.83311,0.11714,-16.44069
2014-07-08,101.8,0.445,115.1818,-12.35016,-2.09961,3.86962,0.115,-16.44069
2014-07-09,101.46,0.449,116.86086,-14.13194,-2.40251,3.655,0.12285,-16.44069
2014-07-10,101.535,0.399,110.18406,-8.17486,-1.38671,3.65594,0.10914,-16.44069
2014-07-11,101.283,0.419,115.53046,-13.16157,-2.23519,3.57129,0.11732,-16.44069
2014-07-14,101.37,0.42,115.34434,-12.91447,-2.19115,3.57621,0.11744,-16.44069
2014-07-15,101.52,0.425,116.59794,-13.84758,-2.34625,3.52924,0.12042,-16.44069
2014-07-16,101.66,0.435,119.27377,-15.97875,-2.70117,3.5066,0.12405,-16.44069
2014-07-17,101.63,0.405,110.01502,-7.92781,-1.33595,3.49732,0.1158,-16.44069
2014-07-18,101.23,0.445,115.0853,-12.82784,-2.16322,3.56952,0.12467,-16.44069
2014-07-21,101.34,0.445,112.75203,-10.67098,-1.79328,3.5787,0.12435,-16.44069
2014-07-22,101.4,0.42,112.34516,-10.25028,-1.71963,3.57405,0.11751,-16.44069
2014-07-23,101.47,0.43,113.25617,-10.9889,-1.84536,3.56367,0.12066,-16.44069
2014-07-24,101.52,0.46,115.68287,-13.05968,-2.19285,3.54688,0.12969,-16.44069
2014-07-25,101.76,0.46,111.99526,-9.58395,-1.60597,3.48382,0.13204,-16.44069
2014-07-28,101.749,0.465,113.37891,-10.82264,-1.81125,3.48179,0.13355,-16.44069
2014-07-29,101.81,0.472,112.0692,-9.60082,-1.60352,3.42189,0.13794,-16.44069
2014-07-30,102.076,0.492,114.5085,-11.49315,-1.92031,3.46209,0.14211,-16.44069
2014-07-31,102.84,0.463,107.6657,-4.58567,-0.7656,3.76911,0.12284,-16.44069
2014-08-01,102.773,0.403,105.47849,-2.59844,-0.43459,3.76961,0.10691,-16.89552
2014-08-04,102.563,0.403,107.29058,-4.50636,-0.75517,3.68455,0.10938,-16.89552
2014-08-05,102.542,0.403,105.82171,-3.14833,-0.52816,3.67029,0.1098,-16.89552
2014-08-06,102.589,0.414,107.00471,-4.21422,-0.70708,3.62494,0.11421,-16.89552
2014-08-07,102.113,0.374,103.37434,-1.22767,-0.20599,3.70241,0.10102,-16.89552
2014-08-08,102.129,0.384,105.51702,-3.26356,-0.5479,3.65984,0.10492,-16.89552
2014-08-11,102.155,0.404,109.14835,-6.62167,-1.11285,3.659,0.11041,-16.89552
2014-08-12,102.205,0.384,110.0419,-7.38806,-1.24389,3.5651,0.10771,-16.89552
2014-08-13,102.282,0.365,109.31174,-6.64702,-1.12043,3.50878,0.10402,-16.89552
2014-08-14,102.408,0.355,112.14908,-9.08643,-1.5323,3.51531,0.10099,-16.89552
2014-08-15,102.496,0.35,110.45304,-7.47666,-1.25979,3.51646,0.09953,-16.89552
2014-08-18,102.41,0.37,113.14109,-9.96512,-1.67969,3.48563,0.10615,-16.89552
2014-08-19,102.61,0.39,114.13422,-10.64397,-1.79356,3.49281,0.11166,-16.89552
2014-08-20,102.91,0.415,115.0709,-11.16936,-1.88191,3.47627,0.11938,-16.89552
2014-08-21,103.701,0.415,114.33688,-9.76375,-1.64294,3.76983,0.11008,-16.89552
2014-08-22,103.849,0.449,116.71523,-11.67991,-1.96984,3.77196,0.11904,-16.89552
2014-08-25,104.201,0.449,115.55193,-10.33984,-1.75298,3.82085,0.11751,-16.89552
2014-08-26,104.07,0.439,115.01554,-10.00035,-1.70367,3.79352,0.11572,-16.89552
2014-08-27,104.09,0.429,113.71129,-8.84069,-1.51285,3.79254,0.11312,-16.89552
2014-08-28,103.878,0.427,113.14921,-8.54903,-1.4724,3.81507,0.11192,-16.89552
2014-08-29,103.696,0.407,111.21493,-7.00011,-1.21162,3.69762,0.11007,-16.89552
2014-09-01,104.168,0.408,111.07421,-6.41936,-1.11607,3.79391,0.10754,-19.37217
2014-09-02,104.34,0.458,115.55325,-10.20767,-1.78395,3.79763,0.1206,-19.37217
2014-09-03,105.237,0.443,112.01449,-6.24133,-1.09277,4.10303,0.10797,-19.37217
2014-09-04,104.871,0.463,113.03808,-7.49938,-1.31798,4.17689,0.11085,-19.37217
2014-09-05,105.582,0.444,113.72997,-7.43391,-1.31118,4.36709,0.10167,-19.37217
2014-09-08,105.18,0.468,114.10042,-8.14058,-1.44459,4.43142,0.10561,-19.37217
2014-09-09,106.16,0.489,114.18038,-7.28321,-1.29736,4.71284,0.10376,-19.37217
2014-09-10,106.123,0.509,116.54034,-9.36387,-1.67849,4.66099,0.1092,-19.37217
2014-09-11,106.826,0.505,115.9569,-8.20173,-1.47659,4.79462,0.10533,-19.37217
2014-09-12,107.105,0.505,115.46921,-7.51942,-1.35694,4.79647,0.10529,-19.37217
2014-09-15,107.33,0.505,114.16449,-6.17321,-1.11807,4.78338,0.10557,-19.37217
2014-09-16,107.138,0.47,114.50331,-6.6486,-1.21004,4.75735,0.09879,-19.37217
2014-09-17,107.15,0.515,114.14215,-6.32149,-1.1554,4.75865,0.10822,-19.37217
2014-09-18,108.516,0.515,115.65084,-6.36781,-1.16948,5.31805,0.09684,-19.37217
2014-09-19,108.8,0.52,114.80699,-5.3741,-0.99199,5.29503,0.09821,-19.37217
2014-09-22,108.94,0.511,112.70423,-3.39696,-0.63127,5.29357,0.09653,-19.37217
2014-09-23,108.75,0.501,110.51004,-1.60547,-0.30045,5.30616,0.09442,-19.37217
2014-09-24,108.542,0.526,113.42865,-4.40368,-0.83051,5.31286,0.09901,-19.37217
2014-09-25,109.316,0.496,109.22492,0.08336,0.01586,5.41416,0.09161,-19.37217
2014-09-26,108.61,0.526,111.19806,-2.35495,-0.45103,5.6027,0.09388,-19.37217
2014-09-29,109.411,0.5,108.92788,0.44255,0.08538,5.73435,0.08719,-19.37217
2014-09-30,109.39,0.502,110.24961,-0.78275,-0.15227,5.7307,0.0876,-19.37217
2014-10-01,109.66,0.46,108.7968,0.79028,0.15488,5.71822,0.08044,-19.19815
2014-10-02,109.02,0.465,110.01261,-0.90637,-0.17914,5.87584,0.07914,-19.19815
2014-10-03,108.523,0.51,113.84592,-4.78838,-0.95461,5.92671,0.08605,-19.19815
2014-10-06,109.802,0.48,111.42261,-1.46515,-0.29442,6.2339,0.077,-19.19815
2014-10-07,108.868,0.461,109.60285,-0.67273,-0.13668,6.53423,0.07055,-19.19815
2014-10-08,108.072,0.41,110.36125,-2.09614,-0.43044,6.71234,0.06108,-19.19815
2014-10-09,108.127,0.411,108.15174,-0.02288,-0.00474,6.71307,0.06122,-19.19815
2014-10-10,107.83,0.401,106.1469,1.5732,0.32877,6.75459,0.05937,-19.19815
2014-10-13,107.338,0.401,105.3661,1.85418,0.39106,6.8438,0.05859,-19.19815
2014-10-14,107.063,0.345,107.23773,-0.16307,-0.03475,6.8744,0.05019,-19.19815
2014-10-15,107.314,0.295,105.40891,1.79119,0.38568,6.81178,0.04331,-19.19815
2014-10-16,105.98,0.305,105.5958,0.36318,0.0792,7.32233,0.04165,-19.19815
2014-10-17,106.405,0.375,109.36243,-2.74148,-0.60609,7.35179,0.05101,-19.19815
2014-10-20,107.144,0.345,109.61868,-2.28341,-0.51035,7.45413,0.04628,-19.19815
2014-10-21,106.91,0.355,110.81152,-3.58434,-0.80819,7.47877,0.04747,-19.19815
2014-10-22,107.021,0.38,111.1847,-3.81677,-0.86785,7.47237,0.05085,-19.19815
2014-10-23,107.148,0.38,110.52716,-3.10502,-0.71265,7.47046,0.05087,-19.19815
2014-10-24,108.161,0.391,111.36881,-2.92264,-0.67882,7.66513,0.05101,-19.19815
2014-10-27,108.202,0.386,111.25191,-2.77972,-0.65255,7.6586,0.0504,-19.19815
2014-10-28,107.843,0.402,112.52666,-4.25137,-1.00758,7.58807,0.05298,-19.19815
2014-10-29,108.112,0.46,112.97297,-4.39809,-1.05325,7.59045,0.0606,-19.19815
2014-10-30,108.846,0.46,113.61048,-4.28417,-1.03564,7.66027,0.06005,-19.19815
2014-10-31,109.213,0.47,114.19468,-4.46047,-1.09074,7.67179,0.06126,-19.19815
2014-11-03,112.841,0.49,114.67642,-1.61347,-0.39932,9.94812,0.04926,-24.25146
2014-11-04,113.648,0.5,115.75412,-1.83623,-0.45994,9.93042,0.05035,-24.25146
2014-11-05,113.48,0.5,115.9274,-2.13375,-0.54063,9.94612,0.05027,-24.25146
2014-11-06,114.655,0.51,116.3628,-1.47853,-0.37867,10.08981,0.05055,-24.25146
2014-11-07,115.176,0.48,115.38712,-0.18314,-0.04758,10.10035,0.04752,-24.25146
2014-11-10,114.533,0.525,117.46335,-2.52634,-0.66605,10.20887,0.05143,-24.25146
2014-11-11,114.753,0.52,117.33417,-2.2244,-0.59562,10.20825,0.05094,-24.25146
2014-11-12,115.721,0.505,117.35269,-1.40017,-0.38062,10.29088,0.04907,-24.25146
2014-11-13,115.57,0.5,117.97387,-2.05868,-0.56894,10.2964,0.04856,-24.25146
2014-11-14,115.824,0.52,118.69524,-2.44874,-0.68749,10.29655,0.0505,-24.25146
2014-11-17,116.896,0.525,117.46176,-0.48282,-0.13777,10.39774,0.05049,-24.25146
2014-11-18,116.646,0.515,117.58797,-0.8043,-0.23252,10.36656,0.04968,-24.25146
2014-11-19,116.869,0.53,118.04304,-0.99956,-0.29284,10.36617,0.05113,-24.25146
2014-11-20,118.148,0.521,117.23611,0.77482,0.23084,10.51798,0.04953,-24.25146
2014-11-21,118.236,0.521,116.95775,1.08698,0.3284,10.50043,0.04962,-24.25146
2014-11-24,117.744,0.521,117.35221,0.33331,0.10221,10.56741,0.0493,-24.25146
2014-11-25,118.454,0.501,117.5723,0.74712,0.23253,10.56637,0.04741,-24.25146
2014-11-26,117.801,0.522,118.42528,-0.52855,-0.16711,10.64873,0.04902,-24.25146
2014-11-27,117.63,0.522,118.28958,-0.55916,-0.17952,10.65862,0.04897,-24.25146
2014-11-28,117.84,0.46,120.17046,-1.95835,-0.6371,10.65851,0.04316,-24.25146
2014-12-01,118.864,0.483,118.9797,-0.09729,-0.03203,10.66085,0.04531,-24.89884
2014-12-02,118.308,0.548,121.98163,-3.05791,-1.01755,10.68842,0.05127,-24.89884
2014-12-03,119.194,0.573,122.75481,-2.94365,-0.99114,10.70231,0.05354,-24.89884
2014-12-04,119.861,0.553,122.08118,-1.83535,-0.62443,10.66239,0.05186,-24.89884
2014-12-05,119.812,0.653,124.97311,-4.21748,-1.45332,10.57211,0.06177,-24.89884
2014-12-08,121.561,0.644,125.6896,-3.33992,-1.16243,10.85552,0.05932,-24.89884
2014-12-09,120.65,0.644,124.8998,-3.4618,-1.21764,10.98713,0.05861,-24.89884
2014-12-10,119.342,0.589,124.33609,-4.0995,-1.4558,11.28155,0.05221,-24.89884
2014-12-11,117.709,0.619,124.94273,-5.964,-2.14061,11.69888,0.05291,-24.89884
2014-12-12,119.007,0.555,123.7704,-3.92459,-1.42204,11.83205,0.04691,-24.89884
2014-12-15,118.165,0.59,124.8499,-5.50302,-2.01341,11.95785,0.04934,-24.89884
2014-12-16,117.741,0.575,124.35992,-5.46927,-2.01448,11.78455,0.04879,-24.89884
2014-12-17,116.613,0.615,125.4652,-7.31677,-2.70974,11.98151,0.05133,-24.89884
2014-12-18,118.796,0.68,127.33867,-6.94425,-2.58109,12.47934,0.05449,-24.89884
2014-12-19,118.938,0.705,126.33652,-6.03467,-2.2574,12.46331,0.05657,-24.89884
2014-12-22,119.497,0.741,127.79938,-6.71704,-2.53693,12.46144,0.05946,-24.89884
2014-12-23,120.15,0.761,127.08429,-5.61096,-2.12965,12.43568,0.06119,-24.89884
2014-12-24,120.69,0.766,127.74858,-5.68388,-2.17036,12.34272,0.06206,-24.89884
2014-12-25,120.459,0.756,127.14729,-5.40367,-2.07734,12.30864,0.06142,-24.89884
2014-12-26,120.37,0.758,127.24939,-5.55785,-2.1582,12.31223,0.06156,-24.89884
2014-12-29,120.424,0.753,127.50454,-5.71331,-2.23648,12.31254,0.06116,-24.89884
2014-12-30,120.632,0.718,126.1536,-4.47556,-1.76041,12.22188,0.05875,-24.89884
2014-12-31,119.458,0.698,125.08026,-4.59908,-1.81835,12.37239,0.05642,-24.89884
2015-01-01,119.673,0.698,124.7923,-4.18878,-1.66809,12.19807,0.05722,-22.84774
2015-01-02,119.87,0.688,125.09095,-4.26332,-1.70629,12.03072,0.05719,-22.84774
2015-01-05,120.434,0.707,126.63423,-5.0201,-2.01868,11.91037,0.05936,-22.84774
2015-01-06,119.425,0.676,126.51136,-5.76436,-2.3234,12.07969,0.05596,-22.84774
2015-01-07,118.673,0.645,125.75996,-5.80032,-2.33391,12.15246,0.05308,-22.84774
2015-01-08,119.289,0.64,125.86681,-5.36751,-2.15985,12.11011,0.05285,-22.84774
2015-01-09,119.792,0.619,125.3867,-4.56456,-1.83467,12.08945,0.0512,-22.84774
2015-01-12,118.212,0.589,125.45379,-5.94579,-2.39027,12.45808,0.04728,-22.84774
2015-01-13,118.328,0.57,124.84901,-5.36446,-2.1512,12.12775,0.047,-22.84774
2015-01-14,117.795,0.54,122.45406,-3.87901,-1.55772,12.18294,0.04432,-22.84774
2015-01-15,117.39,0.465,120.82248,-2.88207,-1.15873,12.1758,0.03819,-22.84774
2015-01-16,116.13,0.515,121.94609,-4.88689,-1.97213,12.39982,0.04153,-22.84774
2015-01-19,117.56,0.516,121.62928,-3.40289,-1.37423,12.5906,0.04098,-22.84774
2015-01-20,117.712,0.561,122.49717,-3.9847,-1.61547,12.59051,0.04456,-22.84774
2015-01-21,118.649,0.561,121.9819,-2.77031,-1.12519,12.55609,0.04468,-22.84774
2015-01-22,117.86,0.55,122.35626,-3.74395,-1.52627,12.65974,0.04344,-22.84774
2015-01-23,118.751,0.535,121.59205,-2.36427,-0.96532,12.68274,0.04218,-22.84774
2015-01-26,117.361,0.556,122.5064,-4.29086,-1.75728,12.95672,0.04291,-22.84774
2015-01-27,118.52,0.545,120.99699,-2.0684,-0.84932,13.02347,0.04185,-22.84774
2015-01-28,117.775,0.497,119.64545,-1.57567,-0.64778,13.10605,0.03792,-22.84774
2015-01-29,117.592,0.505,119.76183,-1.8284,-0.75593,11.44715,0.04412,-22.84774
2015-01-30,118.248,0.46,116.75064,1.27437,0.53131,11.41546,0.0403,-22.84774
2015-02-02,117.184,0.48,116.84222,0.29209,0.12266,11.57128,0.04148,-22.92461
2015-02-03,117.575,0.5,116.53118,0.89175,0.37728,11.41447,0.0438,-22.92461
2015-02-04,117.646,0.49,117.49753,0.12629,0.05372,11.38363,0.04304,-22.92461
2015-02-05,117.288,0.477,116.57502,0.60974,0.26102,11.34093,0.04206,-22.92461
2015-02-06,117.535,0.615,119.26387,-1.46022,-0.62933,11.34201,0.05422,-22.92461
2015-02-09,118.97,0.605,118.59528,0.31546,0.13667,11.4732,0.05273,-22.92461
2015-02-10,118.563,0.625,119.96031,-1.17164,-0.50998,11.49414,0.05438,-22.92461
2015-02-11,119.358,0.625,120.64086,-1.06907,-0.46664,11.5574,0.05408,-22.92461
2015-02-12,120.17,0.57,118.79549,1.1504,0.50322,11.49272,0.0496,-22.92461
2015-02-13,118.916,0.62,120.00169,-0.90884,-0.3991,11.68852,0.05304,-22.92461
2015-02-16,118.57,0.615,119.88354,-1.10173,-0.48559,11.70142,0.05256,-22.92461
2015-02-17,118.492,0.665,118.97848,-0.40972,-0.18113,11.50021,0.05783,-22.92461
2015-02-18,119.208,0.58,117.80527,1.18369,0.52575,11.56156,0.05017,-22.92461
2015-02-19,118.689,0.635,119.19657,-0.42673,-0.19014,11.56455,0.05491,-22.92461
2015-02-20,118.988,0.636,119.4554,-0.39204,-0.17556,11.51326,0.05524,-22.92461
2015-02-23,119.076,0.607,119.19172,-0.09714,-0.04365,11.45747,0.05298,-22.92461
2015-02-24,118.903,0.571,118.70793,0.16419,0.07419,11.45748,0.04984,-22.92461
2015-02-25,118.892,0.587,118.00672,0.7474,0.33939,11.45289,0.05125,-22.92461
2015-02-26,118.822,0.635,119.60074,-0.65325,-0.29889,11.32214,0.05608,-22.92461
2015-02-27,119.377,0.615,118.45454,0.77573,0.35696,11.31936,0.05433,-22.92461
2015-03-02,119.826,0.645,120.26467,-0.36542,-0.16924,11.24599,0.05735,-22.80986
2015-03-03,120.204,0.66,119.82181,0.31846,0.14845,11.20815,0.05889,-22.80986
2015-03-04,119.637,0.645,119.55039,0.07242,0.03392,11.24848,0.05734,-22.80986
2015-03-05,119.651,0.643,119.5879,0.05275,0.02494,10.85504,0.05924,-22.80986
2015-03-06,120.045,0.723,121.21861,-0.9729,-0.46428,10.77574,0.0671,-22.80986
2015-03-09,120.739,0.684,120.82514,-0.07132,-0.03439,10.60975,0.06447,-22.80986
2015-03-10,121.408,0.67,120.88229,0.43395,0.20977,10.27433,0.06521,-22.80986
2015-03-11,121.038,0.67,120.40428,0.52495,0.2538,10.07397,0.06651,-22.80986
2015-03-12,121.411,0.654,120.64039,0.63673,0.30782,9.97655,0.06555,-22.80986
2015-03-13,121.318,0.664,121.63725,-0.2628,-0.12704,9.94616,0.06676,-22.80986
2015-03-16,121.343,0.645,121.83554,-0.40508,-0.19581,9.73238,0.06627,-22.80986
2015-03-17,121.367,0.685,122.66861,-1.06675,-0.51565,9.02571,0.07589,-22.80986
2015-03-18,121.28,0.565,119.63018,1.36968,0.66192,9.02644,0.06259,-22.80986
2015-03-19,120.064,0.626,121.49892,-1.18804,-0.57496,9.21636,0.06792,-22.80986
2015-03-20,120.762,0.59,120.71078,0.04242,0.02053,9.22484,0.06396,-22.80986
2015-03-23,120.027,0.581,120.16283,-0.1131,-0.05476,9.26241,0.06273,-22.80986
2015-03-24,119.75,0.556,119.90273,-0.12746,-0.06173,9.26591,0.06,-22.80986
2015-03-25,119.791,0.56,118.9116,0.73682,0.35687,9.26538,0.06044,-22.80986
2015-03-26,119.518,0.58,118.2272,1.08588,0.52592,9.27517,0.06253,-22.80986
2015-03-27,119.183,0.545,118.76564,0.3508,0.16986,9.28281,0.05871,-22.80986
2015-03-30,119.25,0.545,118.97839,0.22803,0.11041,9.07679,0.06004,-22.80986
2015-03-31,120.013,0.523,118.7631,1.04693,0.50693,9.16007,0.0571,-22.80986
2015-04-01,120.022,0.525,118.11719,1.59978,0.77451,9.15431,0.05735,-22.31258
2015-04-02,119.574,0.53,119.21322,0.30217,0.14627,9.13467,0.05802,-22.31258
2015-04-03,119.697,0.475,118.14288,1.30688,0.63318,8.97986,0.0529,-22.31258
2015-04-06,118.823,0.495,117.3517,1.24596,0.60396,9.01118,0.05493,-22.31258
2015-04-07,119.477,0.505,117.20363,1.92111,0.93136,9.01864,0.056,-22.31258
2015-04-08,120.29,0.525,119.23419,0.88159,0.42704,9.08163,0.05781,-22.31258
2015-04-09,120.094,0.549,119.62241,0.39346,0.19055,8.67577,0.06328,-22.31258
2015-04-10,120.55,0.564,119.60939,0.78332,0.37939,8.70352,0.0648,-22.31258
2015-04-13,120.209,0.535,118.56172,1.37982,0.66823,8.67219,0.06169,-22.31258
2015-04-14,120.059,0.525,118.28707,1.48688,0.71981,8.64451,0.06073,-22.31258
2015-04-15,119.457,0.505,117.49381,1.65708,0.80257,8.41621,0.06,-22.31258
2015-04-16,119.143,0.495,117.37131,1.49819,0.72563,8.0886,0.0612,-22.31258
2015-04-17,119.044,0.505,116.04437,2.55206,1.23711,8.08823,0.06244,-22.31258
2015-04-20,118.818,0.546,117.04533,1.50316,0.7291,7.94301,0.06874,-22.31258
2015-04-21,119.195,0.546,117.54255,1.39604,0.67758,7.84917,0.06956,-22.31258
2015-04-22,119.633,0.571,118.00362,1.37134,0.66671,7.73934,0.07378,-22.31258
2015-04-23,119.95,0.551,116.96952,2.51616,1.22479,7.36718,0.07479,-22.31258
2015-04-24,119.571,0.556,117.01849,2.15784,1.05068,7.14242,0.07784,-22.31258
2015-04-27,118.927,0.541,116.58394,1.98984,0.97056,7.11145,0.07607,-22.31258
2015-04-28,119.126,0.56,117.30055,1.54423,0.75396,7.1092,0.07877,-22.31258
2015-04-29,118.823,0.56,116.57357,1.91124,0.93315,7.04554,0.07948,-22.31258
2015-04-30,118.97,0.58,116.3198,2.25281,1.09964,6.80064,0.08529,-22.31258
2015-05-01,119.452,0.598,117.43942,1.6992,0.82989,6.81527,0.08774,-23.26013
2015-05-04,120.136,0.598,117.40748,2.29738,1.12152,6.90196,0.08664,-23.26013
2015-05-05,120.1,0.618,117.01448,2.6027,1.26958,6.86906,0.08997,-23.26013
2015-05-06,119.922,0.648,117.33302,2.18253,1.06314,6.86986,0.09433,-23.26013
2015-05-07,119.397,0.614,117.35364,1.72622,0.83992,6.49956,0.09447,-23.26013
2015-05-08,119.709,0.584,117.53211,1.83522,0.89254,6.48016,0.09012,-23.26013
2015-05-11,119.78,0.619,118.11293,1.40155,0.68112,6.34375,0.09758,-23.26013
2015-05-12,120.131,0.609,117.26265,2.41665,1.1758,6.2234,0.09786,-23.26013
2015-05-13,119.835,0.589,116.90153,2.47839,1.20495,5.87088,0.10033,-23.26013
2015-05-14,119.16,0.565,116.83883,1.96717,0.95534,5.95327,0.09491,-23.26013
2015-05-15,119.191,0.56,116.8737,1.96334,0.95547,5.95148,0.09409,-23.26013
2015-05-18,119.33,0.59,117.48672,1.55674,0.75935,5.83282,0.10115,-23.26013
2015-05-19,119.9,0.64,119.25792,0.53696,0.26251,5.83996,0.10959,-23.26013
2015-05-20,120.652,0.611,118.27072,1.99341,0.97929,5.94801,0.10272,-23.26013
2015-05-21,121.212,0.606,117.94865,2.72917,1.34429,6.01237,0.10079,-23.26013
2015-05-22,121.039,0.646,119.17311,1.55357,0.76638,6.01207,0.10745,-23.26013
2015-05-25,121.571,0.641,119.06036,2.08679,1.03086,6.06718,0.10565,-23.26013
2015-05-26,121.6,0.641,118.95781,2.1968,1.08758,6.06421,0.1057,-23.26013
2015-05-27,122.986,0.641,119.81882,2.60897,1.29256,6.39415,0.10025,-23.26013
2015-05-28,123.74,0.628,119.35894,3.60474,1.79066,6.46038,0.09721,-23.26013
2015-05-29,123.82,0.618,117.97549,4.8352,2.39955,6.43817,0.09599,-23.26013
2015-06-01,124.193,0.647,118.79669,4.44233,2.19589,6.36982,0.10157,-24.76221
2015-06-02,124.847,0.647,118.54043,5.18349,2.55298,6.43666,0.10052,-24.76221
2015-06-03,124.036,0.692,120.29757,3.06034,1.49788,6.57217,0.10529,-24.76221
2015-06-04,124.304,0.662,120.00459,3.52002,1.71911,6.4943,0.10194,-24.76221
2015-06-05,124.38,0.735,121.30416,2.50403,1.21944,6.41242,0.11462,-24.76221
2015-06-08,125.629,0.705,120.59437,4.09005,1.98892,6.65443,0.10594,-24.76221
2015-06-09,124.563,0.725,120.55558,3.27007,1.58414,6.87884,0.1054,-24.76221
2015-06-10,124.339,0.755,121.38789,2.40205,1.16106,6.8891,0.10959,-24.76221
2015-06-11,122.866,0.735,121.31563,1.26986,0.61301,7.31577,0.10047,-24.76221
2015-06-12,123.581,0.744,121.67042,1.55809,0.75193,7.40115,0.10052,-24.76221
2015-06-15,123.29,0.725,121.22369,1.69018,0.81567,7.41745,0.09774,-24.76221
2015-06-16,123.42,0.71,121.06469,1.92681,0.92971,7.1148,0.09979,-24.76221
2015-06-17,123.439,0.67,119.8405,2.95854,1.42648,7.03105,0.09529,-24.76221
2015-06-18,123.53,0.655,119.80291,3.06361,1.47421,6.90791,0.09482,-24.76221
2015-06-19,123.002,0.645,119.79118,2.64505,1.27008,6.95116,0.09279,-24.76221
2015-06-22,122.751,0.675,120.78185,1.61719,0.7753,6.96866,0.09686,-24.76221
2015-06-23,123.379,0.695,121.09638,1.86742,0.89481,7.01009,0.09914,-24.76221
2015-06-24,123.86,0.676,120.62042,2.65033,1.26901,7.00948,0.09644,-24.76221
2015-06-25,123.851,0.677,120.52666,2.72083,1.30082,7.01081,0.09657,-24.76221
2015-06-26,123.598,0.722,121.56836,1.65576,0.79039,6.93063,0.10418,-24.76221
2015-06-29,122.612,0.642,118.87318,3.09677,1.47748,7.13483,0.08998,-24.76221
2015-06-30,122.67,0.643,118.53406,3.42975,1.63293,7.08653,0.09074,-24.76221
2015-07-01,122.386,0.693,120.8114,1.29494,0.61547,7.10616,0.09752,-23.77036
2015-07-02,123.32,0.64,119.38317,3.24443,1.54319,7.07756,0.09043,-23.77036
2015-07-03,123.059,0.63,119.17632,3.20598,1.52232,7.02688,0.08966,-23.77036
2015-07-06,122.407,0.59,120.27462,1.75739,0.83374,7.00153,0.08427,-23.77036
2015-07-07,122.611,0.575,120.05763,2.10448,0.99774,6.99606,0.08219,-23.77036
2015-07-08,122.49,0.545,118.46843,3.33829,1.58181,6.96519,0.07825,-23.77036
2015-07-09,120.862,0.591,118.89486,1.64098,0.7763,7.45719,0.07925,-23.77036
2015-07-10,121.7,0.645,120.80804,0.73561,0.34852,7.57541,0.08514,-23.77036
2015-07-13,122.496,0.685,122.88959,-0.32079,-0.15243,7.60257,0.0901,-23.77036
2015-07-14,123.57,0.655,122.10582,1.19197,0.56792,7.75649,0.08445,-23.77036
2015-07-15,123.32,0.63,122.18534,0.92435,0.44206,7.76898,0.08109,-23.77036
2015-07-16,123.87,0.665,123.21205,0.53258,0.25534,7.79102,0.08535,-23.77036
2015-07-17,124.149,0.675,123.50537,0.51978,0.24947,7.78117,0.08675,-23.77036
2015-07-20,124.142,0.705,124.42442,-0.22724,-0.10919,7.75801,0.09087,-23.77036
2015-07-21,124.294,0.705,124.26153,0.02613,0.01258,7.74787,0.09099,-23.77036
2015-07-22,123.86,0.746,125.59843,-1.39379,-0.67215,7.75467,0.0962,-23.77036
2015-07-23,124.068,0.706,124.83043,-0.61265,-0.29582,7.66223,0.09214,-23.77036
2015-07-24,123.876,0.696,124.47916,-0.48573,-0.23507,7.67221,0.09072,-23.77036
2015-07-27,123.763,0.676,123.94382,-0.146,-0.07087,7.65173,0.08835,-23.77036
2015-07-28,123.24,0.685,124.89185,-1.33145,-0.64709,7.71258,0.08882,-23.77036
2015-07-29,123.576,0.695,125.38564,-1.45378,-0.7072,7.69284,0.09034,-23.77036
2015-07-30,123.94,0.715,125.97153,-1.62583,-0.79082,7.63692,0.09362,-23.77036
2015-07-31,124.071,0.665,125.28462,-0.97341,-0.47406,7.636,0.08709,-23.77036
2015-08-03,124.04,0.675,126.56964,-2.01886,-0.98381,7.62685,0.0885,-22.21789
2015-08-04,123.945,0.735,127.53113,-2.85226,-1.38932,7.56599,0.09715,-22.21789
2015-08-05,124.274,0.725,127.59364,-2.63617,-1.28221,7.56644,0.09582,-22.21789
2015-08-06,124.73,0.705,126.72884,-1.58983,-0.77213,7.59129,0.09287,-22.21789
2015-08-07,124.734,0.725,127.70645,-2.35508,-1.14379,7.57796,0.09567,-22.21789
2015-08-10,124.3,0.725,127.15346,-2.26967,-1.1025,7.59741,0.09543,-22.21789
2015-08-11,124.613,0.679,126.18371,-1.25259,-0.60783,7.50017,0.09053,-22.21789
2015-08-12,125.07,0.669,125.7308,-0.52696,-0.25571,7.52267,0.08893,-22.21789
2015-08-13,124.255,0.719,127.11451,-2.27524,-1.10647,7.66243,0.09383,-22.21789
2015-08-14,124.363,0.73,127.60524,-2.57368,-1.25133,7.6167,0.09584,-22.21789
2015-08-17,124.35,0.715,127.1519,-2.22823,-1.08259,7.5299,0.09495,-22.21789
2015-08-18,124.438,0.735,127.49321,-2.42555,-1.17837,7.48272,0.09823,-22.21789
2015-08-19,124.371,0.666,126.26573,-1.51196,-0.73417,7.47591,0.08909,-22.21789
2015-08-20,123.897,0.686,126.22237,-1.85946,-0.90294,7.47959,0.09172,-22.21789
2015-08-21,123.42,0.636,124.31511,-0.72264,-0.35073,7.52569,0.08451,-22.21789
2015-08-24,121.732,0.586,123.24852,-1.23809,-0.60173,7.69403,0.07616,-22.21789
2015-08-25,118.884,0.666,125.11429,-5.10794,-2.48298,8.91587,0.0747,-22.21789
2015-08-26,118.54,0.666,125.43617,-5.65466,-2.73484,8.92333,0.07464,-22.21789
2015-08-27,120.058,0.672,123.75496,-3.03285,-1.4582,9.2911,0.07233,-22.21789
2015-08-28,121.003,0.712,123.42123,-1.97878,-0.95078,9.37073,0.07598,-22.21789
2015-08-31,121.289,0.733,121.67461,-0.31742,-0.15257,9.30689,0.07876,-22.21789
2015-09-01,121.089,0.693,122.28768,-0.98505,-0.47373,9.29624,0.07455,-19.48557
2015-09-02,119.715,0.71,123.04794,-2.74601,-1.32178,9.54979,0.07435,-19.48557
2015-09-03,120.58,0.698,122.70648,-1.74817,-0.84075,9.43953,0.07394,-19.48557
2015-09-04,120.056,0.698,122.74807,-2.21757,-1.0665,9.33453,0.07478,-19.48557
2015-09-07,119.164,0.699,122.71274,-2.93455,-1.4119,9.43253,0.07411,-19.48557
2015-09-08,119.403,0.729,123.84672,-3.65403,-1.75774,9.16525,0.07954,-19.48557
2015-09-09,120.089,0.739,124.63567,-3.71617,-1.78547,9.16321,0.08065,-19.48557
2015-09-10,120.278,0.739,124.32177,-3.30674,-1.58772,9.16376,0.08064,-19.48557
2015-09-11,120.619,0.7,124.03466,-2.79242,-1.3397,9.18204,0.07624,-19.48557
2015-09-14,120.796,0.72,125.02573,-3.44164,-1.65019,9.1888,0.07836,-19.48557
2015-09-15,120.36,0.8,126.90652,-5.29635,-2.53524,9.20921,0.08687,-19.48557
2015-09-16,120.434,0.8,127.10202,-5.38882,-2.56476,9.17758,0.08717,-19.48557
2015-09-17,120.523,0.685,123.51158,-2.44943,-1.15942,9.1734,0.07467,-19.48557
2015-09-18,120.046,0.676,123.7622,-3.0487,-1.44221,9.1359,0.07399,-19.48557
2015-09-21,120.001,0.706,124.19302,-3.43369,-1.62414,9.09355,0.07764,-19.48557
2015-09-22,120.498,0.676,122.86309,-1.94375,-0.91912,9.14041,0.07396,-19.48557
2015-09-23,120.08,0.686,123.72839,-2.99305,-1.41612,9.1551,0.07493,-19.48557
2015-09-24,120.2,0.657,122.57727,-1.95846,-0.92658,9.02952,0.07276,-19.48557
2015-09-25,120.24,0.691,122.94972,-2.22858,-1.05774,9.02907,0.07653,-19.48557
2015-09-28,120.368,0.662,122.01549,-1.35943,-0.64708,9.02395,0.07336,-19.48557
2015-09-29,119.84,0.628,121.09817,-1.04441,-0.49831,8.91727,0.07043,-19.48557
2015-09-30,119.86,0.625,121.49955,-1.35861,-0.64983,8.91164,0.07013,-19.48557
2015-10-01,119.859,0.633,122.45182,-2.14015,-1.0253,8.85621,0.07148,-19.7769
2015-10-02,119.81,0.578,121.66802,-1.53891,-0.73756,8.84689,0.06533,-19.7769
2015-10-05,119.995,0.608,122.10309,-1.74156,-0.83688,8.85415,0.06867,-19.7769
2015-10-06,120.461,0.609,120.95163,-0.40646,-0.19567,8.48506,0.07177,-19.7769
2015-10-07,120.24,0.649,122.25346,-1.66067,-0.80162,8.37293,0.07751,-19.7769
2015-10-08,119.915,0.645,121.75773,-1.52501,-0.73789,8.27511,0.07794,-19.7769
2015-10-09,119.929,0.645,122.04882,-1.75212,-0.84938,8.06823,0.07994,-19.7769
2015-10-12,120.179,0.645,123.66116,-2.85629,-1.38959,8.07796,0.07985,-19.7769
2015-10-13,120.011,0.635,123.1889,-2.61355,-1.27211,8.01943,0.07918,-19.7769
2015-10-14,119.72,0.565,121.89691,-1.802,-0.87829,8.00875,0.07055,-19.7769
2015-10-15,118.83,0.6,123.44331,-3.80881,-1.85818,8.1253,0.07384,-19.7769
2015-10-16,119.05,0.6,123.81956,-3.92818,-1.91257,8.13226,0.07378,-19.7769
2015-10-19,119.27,0.601,123.87697,-3.78991,-1.83996,8.12735,0.07395,-19.7769
2015-10-20,119.503,0.651,124.32024,-3.95193,-1.91296,8.13065,0.08007,-19.7769
2015-10-21,119.78,0.626,123.8897,-3.37349,-1.62811,8.14893,0.07682,-19.7769
2015-10-22,119.842,0.6,124.22321,-3.59058,-1.72875,8.15125,0.07361,-19.7769
2015-10-23,120.86,0.651,125.10234,-3.44993,-1.65659,8.30936,0.07835,-19.7769
2015-10-26,121.296,0.647,124.85149,-2.88911,-1.38357,8.32423,0.07772,-19.7769
2015-10-27,120.949,0.642,125.02604,-3.31531,-1.58467,8.31345,0.07722,-19.7769
2015-10-28,120.477,0.727,125.90444,-4.40643,-2.10103,8.33769,0.08719,-19.7769
2015-10-29,120.86,0.747,126.21974,-4.33915,-2.06005,8.36937,0.08925,-19.7769
2015-10-30,121.0,0.748,125.65375,-3.77395,-1.7849,8.3749,0.08931,-19.7769
2015-11-02,120.495,0.768,126.73254,-5.04706,-2.38043,8.38583,0.09158,-20.71074
2015-11-03,120.788,0.798,126.25334,-4.42536,-2.07684,8.3646,0.0954,-20.71074
2015-11-04,121.095,0.838,127.4555,-5.11919,-2.39604,8.38619,0.09993,-20.71074
2015-11-05,121.49,0.849,128.05583,-5.26344,-2.45134,8.39605,0.10112,-20.71074
2015-11-06,121.67,0.9,129.4699,-6.2136,-2.87875,8.38418,0.10734,-20.71074
2015-11-09,123.2,0.894,128.45217,-4.17476,-1.91888,8.73609,0.10233,-20.71074
2015-11-10,123.077,0.874,128.3851,-4.22242,-1.9349,8.64352,0.10112,-20.71074
2015-11-11,123.084,0.875,128.86138,-4.58702,-2.09584,8.64115,0.10126,-20.71074
2015-11-12,122.757,0.895,129.21529,-5.12731,-2.33439,8.65554,0.1034,-20.71074
2015-11-13,122.56,0.865,128.29853,-4.57591,-2.07277,8.658,0.09991,-20.71074
2015-11-16,122.364,0.885,129.20348,-5.43883,-2.45577,8.66209,0.10217,-20.71074
2015-11-17,123.266,0.87,128.63903,-4.26656,-1.9172,8.76273,0.09928,-20.71074
2015-11-18,123.445,0.915,129.70187,-4.94428,-2.21575,8.73402,0.10476,-20.71074
2015-11-19,123.525,0.931,129.77115,-4.93289,-2.20068,8.27369,0.11253,-20.71074
2015-11-20,122.912,0.956,130.41387,-5.92443,-2.63369,6.78987,0.1408,-20.71074
2015-11-23,122.923,0.966,130.24897,-5.78896,-2.55901,6.75479,0.14301,-20.71074
2015-11-24,122.915,0.931,128.75495,-4.6418,-2.04001,6.28808,0.14806,-20.71074
2015-11-25,122.505,0.936,129.01211,-5.17544,-2.26648,6.14442,0.15233,-20.71074
2015-11-26,122.68,0.936,128.89272,-4.94011,-2.1538,6.13388,0.1526,-20.71074
2015-11-27,122.634,0.928,129.42888,-5.39272,-2.34145,6.1237,0.15154,-20.71074
2015-11-30,122.83,0.948,129.2754,-5.11437,-2.21051,5.6558,0.16762,-20.71074
2015-12-01,123.21,0.922,129.59179,-5.04992,-2.17556,5.51311,0.16724,-19.54866
2015-12-02,122.915,0.955,130.50109,-5.98885,-2.57123,5.45894,0.17494,-19.54866
2015-12-03,123.226,0.98,128.98536,-4.56789,-1.95153,5.23752,0.18711,-19.54866
2015-12-04,122.653,0.985,130.80916,-6.43803,-2.74337,5.33019,0.1848,-19.54866
2015-12-07,123.19,0.965,131.38771,-6.44247,-2.72629,5.28192,0.1827,-19.54866
2015-12-08,123.28,0.97,130.881,-5.98303,-2.51447,5.27703,0.18382,-19.54866
2015-12-09,122.912,0.965,130.04331,-5.63989,-2.35582,5.29602,0.18221,-19.54866
2015-12-10,121.7,0.985,130.45297,-6.94538,-2.88575,5.66964,0.17373,-19.54866
2015-12-11,121.71,0.91,129.1741,-5.95199,-2.45326,5.61865,0.16196,-19.54866
2015-12-14,120.893,1.0,130.34679,-7.52927,-3.08554,5.78521,0.17285,-19.54866
2015-12-15,121.09,1.01,130.43455,-7.43375,-3.01854,5.79218,0.17437,-19.54866
2015-12-16,121.675,1.045,132.63578,-8.62533,-3.47224,5.80959,0.17988,-19.54866
2015-12-17,122.463,1.03,131.83035,-7.3707,-2.93276,5.94058,0.17338,-19.54866
2015-12-18,122.45,1.02,131.09212,-6.81975,-2.69103,5.89034,0.17316,-19.54866
2015-12-21,121.3,0.995,131.99039,-8.44623,-3.30943,6.15832,0.16157,-19.54866
2015-12-22,121.206,1.032,133.19272,-9.43055,-3.6559,6.15872,0.16757,-19.54866
2015-12-23,121.03,1.052,132.63171,-9.15378,-3.50291,6.16671,0.17059,-19.54866
2015-12-24,120.935,1.07,131.97987,-8.73962,-3.30494,6.1661,0.17353,-19.54866
2015-12-25,120.17,1.069,131.7333,-9.1872,-3.43815,6.23549,0.17144,-19.54866
2015-12-28,120.231,1.086,131.9409,-9.29392,-3.4397,6.23614,0.17415,-19.54866
2015-12-29,120.35,1.125,131.26509,-8.68147,-3.17651,6.23896,0.18032,-19.54866
2015-12-30,120.529,1.113,131.38751,-8.62607,-3.12571,6.24462,0.17823,-19.54866
2015-12-31,120.45,1.093,130.02671,-7.65052,-2.74652,6.23938,0.17518,-19.54866
2016-01-01,120.288,1.093,129.80171,-7.61191,-2.71273,6.19683,0.17638,-16.13551
2016-01-04,120.311,1.048,128.57675,-6.6446,-2.35124,6.18597,0.16942,-16.13551
2016-01-05,119.467,1.07,129.61556,-8.15326,-2.86988,6.3225,0.16924,-16.13551
2016-01-06,119.102,1.019,130.79004,-9.36131,-3.26918,6.35076,0.16045,-16.13551
2016-01-07,118.61,0.988,129.39126,-8.70001,-3.00673,6.38529,0.15473,-16.13551
2016-01-08,117.54,0.971,128.70978,-9.07814,-3.11034,6.62287,0.14661,-16.13551
2016-01-11,117.08,0.971,131.3098,-11.47019,-3.89352,6.64878,0.14604,-16.13551
2016-01-12,117.65,0.958,132.54189,-11.91846,-3.98678,6.56951,0.14583,-16.13551
2016-01-13,117.83,0.946,131.7874,-11.19471,-3.68802,6.56583,0.14408,-16.13551
2016-01-14,117.425,0.931,131.39059,-11.23746,-3.65398,6.58522,0.14138,-16.13551
2016-01-15,118.203,0.88,130.14122,-9.62166,-3.08876,6.71285,0.13109,-16.13551
2016-01-18,116.99,0.875,129.9338,-10.49367,-3.33885,6.99199,0.12514,-16.13551
2016-01-19,117.384,0.9,132.25509,-11.92819,-3.7569,7.02978,0.12803,-16.13551
2016-01-20,117.565,0.861,132.39266,-11.87808,-3.69173,6.81105,0.12641,-16.13551
2016-01-21,117.134,0.851,131.03362,-11.21353,-3.43967,6.79103,0.12531,-16.13551
2016-01-22,117.924,0.901,129.85296,-9.63623,-2.92232,6.92774,0.13006,-16.13551
2016-01-25,118.572,0.906,130.38984,-9.50084,-2.85754,6.98875,0.12964,-16.13551
2016-01-26,118.228,0.876,129.86296,-9.38648,-2.80093,6.97334,0.12562,-16.13551
2016-01-27,118.38,0.867,128.31624,-8.05981,-2.38718,6.9745,0.12431,-16.13551
2016-01-28,118.467,0.856,127.89457,-7.65718,-2.25575,6.93383,0.12345,-16.13551
2016-01-29,118.93,0.843,128.27078,-7.56084,-2.21683,6.96329,0.12106,-16.13551
2016-02-01,121.34,0.97,128.15526,-5.4646,-1.595,8.04587,0.12056,-14.61998
2016-02-02,120.84,0.902,128.7527,-6.34262,-1.84688,8.06114,0.11189,-14.61998
2016-02-03,119.856,0.902,126.95571,-5.75472,-1.67103,8.21481,0.1098,-14.61998
2016-02-04,118.12,0.878,127.28512,-7.47285,-2.16495,8.29394,0.10586,-14.61998
2016-02-05,116.866,0.933,126.66655,-8.05301,-2.32294,8.53188,0.10935,-14.61998
2016-02-08,116.95,0.852,126.49516,-7.84576,-2.25141,8.53568,0.09982,-14.61998
2016-02-09,115.668,0.931,128.17772,-10.26937,-2.93254,8.76993,0.10616,-14.61998
2016-02-10,115.191,0.927,127.64971,-10.26983,-2.90821,8.7922,0.10543,-14.61998
2016-02-11,113.252,0.857,127.52131,-11.8668,-3.33323,9.35572,0.0916,-14.61998
2016-02-12,112.497,0.874,125.67561,-11.07775,-3.0782,9.2535,0.09445,-14.61998
2016-02-15,113.67,0.855,125.55516,-9.94457,-2.73782,9.535,0.08967,-14.61998
2016-02-16,114.322,0.9,126.90809,-10.44441,-2.85525,9.63078,0.09345,-14.61998
2016-02-17,114.08,0.891,125.88781,-9.84912,-2.67241,9.60253,0.09279,-14.61998
2016-02-18,114.28,0.896,126.30726,-10.00659,-2.69754,9.61723,0.09317,-14.61998
2016-02-19,113.25,0.972,127.6891,-12.00006,-3.21279,9.74294,0.09976,-14.61998
2016-02-22,112.489,0.993,126.89886,-12.0535,-3.19527,9.79551,0.10137,-14.61998
2016-02-23,112.971,0.964,126.94124,-11.65931,-3.06073,9.84482,0.09792,-14.61998
2016-02-24,111.88,0.964,126.07717,-11.94673,-3.10889,9.98468,0.09655,-14.61998
2016-02-25,112.101,0.932,126.35782,-11.97175,-3.0868,9.98964,0.0933,-14.61998
2016-02-26,113.118,1.036,125.6229,-10.48531,-2.6794,10.1685,0.10188,-14.61998
2016-02-29,113.66,1.025,124.42073,-9.04572,-2.29616,10.23971,0.1001,-14.61998
2016-03-01,112.43,1.086,125.83471,-11.26384,-2.84527,10.38912,0.10453,-14.02273
2016-03-02,113.93,1.076,125.36038,-9.56084,-2.39729,10.7751,0.09986,-14.02273
2016-03-03,113.466,1.061,125.41515,-10.01262,-2.49748,10.73096,0.09887,-14.02273
2016-03-04,113.67,1.083,123.84188,-8.57061,-2.12524,10.74129,0.10083,-14.02273
2016-03-07,113.803,1.122,121.68194,-6.69417,-1.65286,10.74672,0.1044,-14.02273
2016-03-08,113.452,1.11,121.4667,-6.82603,-1.68112,10.6083,0.10464,-14.02273
2016-03-09,112.66,1.083,120.76255,-6.94518,-1.70606,10.67035,0.1015,-14.02273
2016-03-10,113.253,1.103,121.25864,-6.83015,-1.67441,10.68807,0.1032,-14.02273
2016-03-11,112.86,1.133,121.64858,-7.49883,-1.83391,10.6851,0.10604,-14.02273
2016-03-14,113.778,1.139,121.64124,-6.68269,-1.62958,10.77895,0.10567,-14.02273
2016-03-15,113.83,1.135,122.0712,-6.98983,-1.70083,10.67511,0.10632,-14.02273
2016-03-16,113.105,1.045,123.05226,-8.42925,-2.0461,10.72375,0.09745,-14.02273
2016-03-17,112.752,1.069,122.25251,-8.0898,-1.95711,10.60178,0.10083,-14.02273
2016-03-18,111.35,1.06,122.73046,-9.73122,-2.34694,10.84163,0.09777,-14.02273
2016-03-21,111.445,1.09,122.13571,-9.16016,-2.19863,10.85052,0.10046,-14.02273
2016-03-22,112.139,1.125,121.02219,-7.62347,-1.82225,10.9539,0.1027,-14.02273
2016-03-23,112.252,1.094,121.49058,-7.90904,-1.88538,10.91211,0.10026,-14.02273
2016-03-24,112.4,1.104,121.3535,-7.66438,-1.82182,10.9181,0.10112,-14.02273
2016-03-25,112.83,1.114,121.04434,-7.02747,-1.66595,10.95438,0.10169,-14.02273
2016-03-28,113.45,1.116,120.60755,-6.11797,-1.44716,11.0205,0.10127,-14.02273
2016-03-29,113.364,1.004,123.88303,-8.87339,-2.09608,11.02041,0.0911,-14.02273
2016-03-30,112.68,0.986,124.10952,-9.66125,-2.27362,11.06715,0.08909,-14.02273
2016-03-31,112.366,0.936,124.1354,-9.96116,-2.33417,11.06977,0.08455,-14.02273
2016-04-01,112.48,0.974,124.03815,-9.78137,-2.28222,11.0107,0.08846,-12.13276
2016-04-04,111.722,0.975,124.5149,-10.84117,-2.5192,11.0642,0.08812,-12.13276
2016-04-05,111.25,0.94,123.87742,-10.75126,-2.48526,11.0653,0.08495,-12.13276
2016-04-06,110.378,0.962,122.90569,-10.75065,-2.47244,11.03257,0.0872,-12.13276
2016-04-07,109.699,0.936,122.15728,-10.75691,-2.46233,11.06591,0.08458,-12.13276
2016-04-08,108.427,0.941,120.80393,-10.80917,-2.46279,11.20092,0.08401,-12.13276
2016-04-11,108.311,0.947,119.5561,-9.8779,-2.24087,11.18633,0.08466,-12.13276
2016-04-12,107.93,0.992,118.47249,-9.31979,-2.10716,11.18696,0.08867,-12.13276
2016-04-13,108.64,0.993,119.24272,-9.31214,-2.09947,11.18561,0.08877,-12.13276
2016-04-14,109.42,1.028,118.82714,-8.24761,-1.85412,11.16146,0.0921,-12.13276
2016-04-15,109.316,0.994,119.74442,-9.11169,-2.04442,11.12525,0.08935,-12.13276
2016-04-18,108.017,1.004,119.72531,-10.29115,-2.30394,11.31925,0.0887,-12.13276
2016-04-19,109.073,1.029,118.52436,-8.31011,-1.8549,11.52272,0.0893,-12.13276
2016-04-20,109.24,1.064,116.71099,-6.61535,-1.47483,11.42527,0.09313,-12.13276
2016-04-21,109.838,1.085,116.52174,-5.90713,-1.31738,11.42477,0.09497,-12.13276
2016-04-22,109.437,1.12,115.84401,-5.68955,-1.26974,11.43029,0.09799,-12.13276
2016-04-25,111.436,1.12,115.54275,-3.61902,-0.80839,12.05804,0.09288,-12.13276
2016-04-26,111.136,1.125,114.68626,-3.14455,-0.70364,12.05797,0.0933,-12.13276
2016-04-27,111.23,1.079,114.76434,-3.12806,-0.70122,12.02279,0.08975,-12.13276
2016-04-28,111.52,1.024,114.40041,-2.55007,-0.57284,11.2588,0.09095,-12.13276
2016-04-29,108.076,1.014,114.2833,-5.58458,-1.25762,12.7522,0.07952,-12.13276
2016-05-02,106.453,1.044,114.14986,-6.98086,-1.5744,12.96819,0.0805,-10.7585
2016-05-03,106.396,0.994,115.27262,-8.01319,-1.80776,12.7105,0.0782,-10.7585
2016-05-04,106.68,0.994,116.1743,-8.5258,-1.92113,12.60555,0.07885,-10.7585
2016-05-05,106.92,0.964,116.55778,-8.63062,-1.94152,12.61993,0.07639,-10.7585
2016-05-06,107.275,0.987,116.42874,-8.18837,-1.83914,12.50188,0.07895,-10.7585
2016-05-09,107.36,0.968,117.91022,-9.37358,-2.10399,12.49366,0.07748,-10.7585
2016-05-10,108.331,0.968,117.25151,-7.91299,-1.77201,12.23101,0.07914,-10.7585
2016-05-11,109.194,0.988,114.89698,-5.09098,-1.13876,12.28977,0.08039,-10.7585
2016-05-12,108.415,1.013,114.18533,-5.18564,-1.1606,12.16043,0.0833,-10.7585
2016-05-13,109.1,1.013,113.89928,-4.30497,-0.96374,12.17349,0.08321,-10.7585
2016-05-16,108.661,1.044,112.74449,-3.68912,-0.82638,12.18829,0.08566,-10.7585
2016-05-17,109.08,1.075,111.36728,-2.0752,-0.46498,12.21313,0.08802,-10.7585
2016-05-18,108.95,1.146,109.77676,-0.75599,-0.16952,12.09625,0.09474,-10.7585
2016-05-19,110.14,1.116,110.29537,-0.14097,-0.03166,12.2453,0.09114,-10.7585
2016-05-20,109.881,1.126,110.71855,-0.75935,-0.17081,12.21559,0.09218,-10.7585
2016-05-23,110.05,1.148,110.10358,-0.04868,-0.01096,12.07517,0.09507,-10.7585
2016-05-24,109.374,1.159,110.50287,-1.02683,-0.23165,12.12348,0.0956,-10.7585
2016-05-25,110.17,1.154,110.3312,-0.14622,-0.03302,12.07238,0.09559,-10.7585
2016-05-26,110.111,1.109,111.69796,-1.43095,-0.32367,12.02605,0.09222,-10.7585
2016-05-27,109.713,1.14,111.33085,-1.46385,-0.33171,11.85791,0.09614,-10.7585
2016-05-30,110.77,1.131,111.51369,-0.66914,-0.15195,11.70823,0.0966,-10.7585
2016-05-31,110.841,1.109,111.16304,-0.29012,-0.06602,11.68672,0.09489,-10.7585
2016-06-01,110.67,1.152,110.21574,0.41131,0.09382,11.68063,0.09862,-7.68592
2016-06-02,109.477,1.13,110.91031,-1.30074,-0.29742,11.85954,0.09528,-7.68592
2016-06-03,108.86,1.02,113.67026,-4.32391,-0.9907,11.8923,0.08577,-7.68592
2016-06-06,106.721,1.051,112.37918,-5.16607,-1.1848,12.43575,0.08451,-7.68592
2016-06-07,107.438,1.03,112.12327,-4.26849,-0.97922,12.46795,0.08261,-7.68592
2016-06-08,107.254,1.021,111.76798,-4.12253,-0.94657,12.45776,0.08196,-7.68592
2016-06-09,106.78,1.016,111.79155,-4.58654,-1.05456,12.34507,0.0823,-7.68592
2016-06-10,107.09,1.001,111.48168,-4.01907,-0.92538,12.36649,0.08094,-7.68592
2016-06-13,106.504,1.007,109.63188,-2.89457,-0.6679,12.35172,0.08153,-7.68592
2016-06-14,106.226,1.018,109.78747,-3.29775,-0.76293,12.34848,0.08244,-7.68592
2016-06-15,106.087,0.974,111.31901,-4.81406,-1.11646,12.12321,0.08034,-7.68592
2016-06-16,105.85,0.984,112.28947,-5.90571,-1.3726,12.12216,0.08117,-7.68592
2016-06-17,104.743,0.955,111.88888,-6.59965,-1.53442,12.18939,0.07835,-7.68592
2016-06-20,104.648,0.991,110.77417,-5.68913,-1.32341,12.18206,0.08135,-7.68592
2016-06-21,103.824,1.007,110.32372,-6.07218,-1.41344,12.24673,0.08223,-7.68592
2016-06-22,104.67,0.992,109.72857,-4.71973,-1.09991,12.34888,0.08033,-7.68592
2016-06-23,104.65,1.018,110.45927,-5.40254,-1.26167,12.27622,0.08292,-7.68592
2016-06-24,104.896,0.929,109.98234,-4.73504,-1.10711,12.2973,0.07555,-7.68592
2016-06-27,102.127,0.894,112.11562,-9.33135,-2.1836,13.28436,0.0673,-7.68592
2016-06-28,101.812,0.903,113.44181,-10.8162,-2.5247,13.28561,0.06797,-7.68592
2016-06-29,102.701,0.918,113.21083,-9.743,-2.26377,13.43418,0.06833,-7.68592
2016-06-30,102.778,0.879,115.24496,-11.44886,-2.65049,13.39727,0.06561,-7.68592
2016-07-01,103.073,0.919,114.69828,-10.68676,-2.45816,13.40985,0.06853,-6.20396
2016-07-04,102.488,0.915,114.74532,-11.29693,-2.58607,13.37293,0.06842,-6.20396
2016-07-05,102.518,0.88,116.01003,-12.36383,-2.81678,13.33727,0.06598,-6.20396
2016-07-06,101.141,0.914,115.06652,-12.89948,-2.92,13.40231,0.0682,-6.20396
2016-07-07,101.15,0.923,116.15193,-13.82945,-3.10873,13.40443,0.06886,-6.20396
2016-07-08,100.79,0.964,115.87968,-13.95132,-3.11288,13.40474,0.07191,-6.20396
2016-07-11,100.692,1.011,114.5893,-12.92881,-2.86409,13.31453,0.07593,-6.20396
2016-07-12,102.524,1.041,112.6044,-9.37838,-2.06641,13.76227,0.07564,-6.20396
2016-07-13,104.756,1.037,114.03003,-8.4828,-1.86747,14.48374,0.0716,-6.20396
2016-07-14,104.076,1.037,113.52722,-8.69213,-1.91484,14.3518,0.07226,-6.20396
2016-07-15,105.191,1.043,113.26083,-7.39156,-1.63061,14.38008,0.07253,-6.20396
2016-07-18,105.459,1.013,114.41907,-8.15455,-1.80282,14.38755,0.07041,-6.20396
2016-07-19,106.146,1.031,114.32832,-7.42588,-1.64481,14.40661,0.07156,-6.20396
2016-07-20,106.137,1.057,113.4514,-6.66438,-1.47907,14.39292,0.07344,-6.20396
2016-07-21,107.204,1.027,114.00712,-6.15273,-1.36813,14.055,0.07307,-6.20396
2016-07-22,105.811,1.043,114.24588,-7.66986,-1.70823,14.26928,0.07309,-6.20396
2016-07-25,106.326,1.055,113.79592,-6.78969,-1.51236,14.31031,0.07372,-6.20396
2016-07-26,105.578,1.086,112.73719,-6.56093,-1.46198,14.34966,0.07568,-6.20396
2016-07-27,104.849,1.102,113.07529,-7.55327,-1.68469,13.00805,0.08472,-6.20396
2016-07-28,104.951,1.065,114.43346,-8.65,-1.93007,12.6651,0.08409,-6.20396
2016-07-29,104.745,0.921,118.94446,-12.71278,-2.83585,12.66974,0.07269,-6.20396
2016-08-01,102.332,0.907,118.79442,-14.9172,-3.31438,13.46671,0.06735,-4.22348
2016-08-02,102.359,0.835,120.41131,-16.24272,-3.58303,13.45514,0.06206,-4.22348
2016-08-03,101.068,0.847,119.49626,-16.74915,-3.65932,13.64099,0.06209,-4.22348
2016-08-04,101.337,0.818,119.74536,-16.69159,-3.60751,13.65575,0.0599,-4.22348
2016-08-05,101.199,0.913,117.54947,-14.97704,-3.20333,13.50624,0.0676,-4.22348
2016-08-08,102.145,0.912,116.8447,-13.44523,-2.85382,13.54612,0.06733,-4.22348
2016-08-09,102.288,0.897,117.15533,-13.57083,-2.86405,13.49752,0.06646,-4.22348
2016-08-10,101.915,0.892,117.32137,-14.07778,-2.95152,13.42767,0.06643,-4.22348
2016-08-11,101.133,0.962,114.7825,-12.66025,-2.63563,13.48042,0.07136,-4.22348
2016-08-12,101.808,0.907,115.71946,-12.80802,-2.65152,13.53414,0.06702,-4.22348
2016-08-15,101.283,0.904,115.09087,-12.78034,-2.63057,13.55866,0.06667,-4.22348
2016-08-16,101.24,0.95,113.33073,-11.28164,-2.30869,13.33803,0.07122,-4.22348
2016-08-17,100.2,0.925,113.7947,-12.72278,-2.59416,13.45748,0.06874,-4.22348
2016-08-18,99.906,0.906,114.05663,-13.24654,-2.68589,13.44668,0.06738,-4.22348
2016-08-19,100.112,0.966,112.53651,-11.69881,-2.3569,13.43223,0.07192,-4.22348
2016-08-22,100.554,0.962,112.84054,-11.52807,-2.31107,13.3696,0.07195,-4.22348
2016-08-23,100.251,0.947,112.8535,-11.84135,-2.36265,13.37192,0.07082,-4.22348
2016-08-24,100.311,0.953,112.70611,-11.65083,-2.31325,13.3712,0.07127,-4.22348
2016-08-25,100.552,0.968,112.07309,-10.84762,-2.14365,13.2069,0.0733,-4.22348
2016-08-26,100.555,1.018,110.74073,-9.64868,-1.89897,13.20337,0.0771,-4.22348
2016-08-29,101.92,0.995,111.54007,-9.01957,-1.76973,13.5412,0.07348,-4.22348
2016-08-30,101.809,0.997,111.67034,-9.24526,-1.80917,13.40196,0.07439,-4.22348
2016-08-31,102.868,0.997,111.97206,-8.48028,-1.65497,13.56468,0.0735,-4.22348
2016-09-01,103.302,0.967,112.63982,-8.65385,-1.68555,13.04218,0.07414,-4.66861
2016-09-02,103.258,0.987,112.3495,-8.43838,-1.64064,12.95961,0.07616,-4.66861
2016-09-05,103.934,0.993,112.12907,-7.58945,-1.4731,13.03614,0.07617,-4.66861
2016-09-06,103.51,0.929,113.49482,-9.2089,-1.78497,13.03213,0.07129,-4.66861
2016-09-07,101.525,0.939,112.95785,-10.67096,-2.06454,13.54699,0.06931,-4.66861
2016-09-08,101.829,0.979,111.33452,-8.92444,-1.72357,13.53506,0.07233,-4.66861
2016-09-09,102.306,0.994,111.27504,-8.40366,-1.6223,13.57187,0.07324,-4.66861
2016-09-12,102.438,1.039,110.14462,-7.25364,-1.40069,13.57628,0.07653,-4.66861
2016-09-13,101.751,1.044,110.33151,-8.09609,-1.5658,13.62852,0.0766,-4.66861
2016-09-14,102.504,1.044,110.62693,-7.62618,-1.47921,13.57051,0.07693,-4.66861
2016-09-15,102.548,1.014,111.07243,-7.98516,-1.55588,13.57088,0.07472,-4.66861
2016-09-16,102.008,1.039,110.54566,-8.03773,-1.57537,13.52132,0.07684,-4.66861
2016-09-19,102.307,1.059,109.99026,-7.24137,-1.42518,13.42989,0.07885,-4.66861
2016-09-20,101.846,1.056,110.06249,-7.75864,-1.534,13.45548,0.07848,-4.66861
2016-09-21,101.547,1.016,110.38121,-8.34182,-1.65626,13.45265,0.07552,-4.66861
2016-09-22,100.393,1.016,109.87657,-9.02652,-1.7991,12.55723,0.08091,-4.66861
2016-09-23,100.831,0.992,110.71252,-9.34911,-1.86932,12.57757,0.07887,-4.66861
2016-09-26,100.889,0.989,110.95144,-9.50718,-1.90483,12.44961,0.07944,-4.66861
2016-09-27,100.359,1.018,110.05355,-9.22133,-1.85166,12.48743,0.08152,-4.66861
2016-09-28,100.468,1.043,108.75448,-7.92536,-1.59509,12.4737,0.08362,-4.66861
2016-09-29,100.935,1.005,110.01544,-8.6144,-1.73735,12.46687,0.08061,-4.66861
2016-09-30,101.199,1.059,108.47114,-6.93953,-1.4011,12.47954,0.08486,-4.66861
2016-10-03,101.563,1.081,107.97565,-6.12264,-1.23835,12.20358,0.08858,-5.21784
2016-10-04,101.817,1.101,107.2631,-5.21076,-1.05397,12.21327,0.09015,-5.21784
2016-10-05,102.88,1.135,106.0941,-3.07632,-0.62233,12.36073,0.09182,-5.21784
2016-10-06,103.46,1.14,105.83665,-2.27119,-0.45985,12.40287,0.09191,-5.21784
2016-10-07,103.765,1.11,106.81393,-2.89597,-0.58665,11.8891,0.09336,-5.21784
2016-10-10,103.018,1.11,106.76053,-3.56846,-0.72318,11.15941,0.09947,-5.21784
2016-10-11,103.697,1.134,106.68695,-2.84257,-0.57611,11.16847,0.10154,-5.21784
2016-10-12,103.342,1.133,106.89321,-3.37864,-0.68496,10.97282,0.10326,-5.21784
2016-10-13,104.304,1.113,107.52245,-3.03899,-0.61613,11.12447,0.10005,-5.21784
2016-10-14,103.722,1.113,107.3478,-3.43598,-0.69686,11.09264,0.10034,-5.21784
2016-10-17,104.039,1.085,108.07784,-3.80859,-0.77242,11.1136,0.09763,-5.21784
2016-10-18,103.851,1.095,107.52521,-3.47682,-0.7049,10.91714,0.1003,-5.21784
2016-10-19,103.865,1.08,107.52904,-3.4669,-0.7028,10.61418,0.10175,-5.21784
2016-10-20,103.391,1.106,106.78676,-3.2316,-0.65495,10.59575,0.10438,-5.21784
2016-10-21,104.109,1.096,106.84397,-2.59311,-0.52537,10.60988,0.1033,-5.21784
2016-10-24,103.917,1.088,106.95996,-2.8862,-0.58462,10.52768,0.10335,-5.21784
2016-10-25,104.321,1.114,106.48137,-2.04974,-0.41509,10.55621,0.10553,-5.21784
2016-10-26,104.154,1.114,106.77916,-2.48922,-0.50404,10.55385,0.10555,-5.21784
2016-10-27,104.563,1.124,106.75087,-2.0708,-0.41924,9.4684,0.11871,-5.21784
2016-10-28,105.209,1.108,107.43682,-2.09541,-0.4242,9.53955,0.11615,-5.21784
2016-10-31,104.565,1.107,107.8016,-3.04836,-0.61738,9.25891,0.11956,-5.21784
2016-11-01,104.82,1.079,108.83422,-3.75812,-0.76104,9.25695,0.11656,-7.73461
2016-11-02,104.092,1.069,109.39013,-4.96455,-1.00483,9.37091,0.11408,-7.73461
2016-11-03,103.378,1.069,109.90932,-6.12635,-1.23875,9.30809,0.11485,-7.73461
2016-11-04,103.052,1.064,110.11299,-6.62733,-1.33803,9.32864,0.11406,-7.73461
2016-11-07,104.195,1.079,108.86582,-4.3852,-0.88407,9.54706,0.11302,-7.73461
2016-11-08,104.438,1.133,107.37293,-2.77145,-0.55854,9.41297,0.12037,-7.73461
2016-11-09,105.03,1.178,105.22066,-0.18136,-0.03655,9.38855,0.12547,-7.73461
2016-11-10,105.853,1.183,105.23985,0.58093,0.11707,9.42891,0.12547,-7.73461
2016-11-11,106.856,1.168,105.51602,1.26194,0.25434,9.58583,0.12185,-7.73461
2016-11-14,106.871,1.219,104.4495,2.29188,0.46204,9.31427,0.13087,-7.73461
2016-11-15,108.202,1.204,104.2532,3.71773,0.74955,9.5502,0.12607,-7.73461
2016-11-16,109.038,1.11,106.89126,1.98844,0.40093,9.6354,0.1152,-7.73461
2016-11-17,108.785,1.195,104.58755,3.93489,0.79364,9.6428,0.12393,-7.73461
2016-11-18,110.256,1.236,103.39198,6.42776,1.29564,9.90462,0.12479,-7.73461
2016-11-21,110.973,1.251,102.728,7.72022,1.55374,9.9524,0.1257,-7.73461
2016-11-22,110.65,1.232,103.28218,6.89072,1.38402,9.99179,0.1233,-7.73461
2016-11-23,111.006,1.282,102.13717,8.32675,1.67053,9.99279,0.12829,-7.73461
2016-11-24,112.582,1.282,102.252,9.62415,1.92732,10.02326,0.1279,-7.73461
2016-11-25,113.292,1.262,103.04727,9.47807,1.89261,10.05196,0.12555,-7.73461
2016-11-28,112.652,1.263,103.23562,8.72894,1.73813,10.00183,0.12628,-7.73461
2016-11-29,111.69,1.254,103.71161,7.41131,1.47226,10.18328,0.12314,-7.73461
2016-11-30,112.47,1.277,102.90868,8.88445,1.7618,10.24115,0.12469,-7.73461
2016-12-01,114.694,1.314,102.36575,11.37156,2.24823,10.82521,0.12138,-13.2185
2016-12-02,113.909,1.289,102.81834,10.24361,2.01537,10.89824,0.11828,-13.2185
2016-12-05,113.505,1.319,101.80667,10.87712,2.13168,10.0961,0.13064,-13.2185
2016-12-06,113.863,1.309,102.23889,10.76838,2.10123,10.09694,0.12964,-13.2185
2016-12-07,114.052,1.294,102.9742,10.2176,1.98519,10.07973,0.12838,-13.2185
2016-12-08,113.713,1.309,102.90137,9.99067,1.93376,10.12324,0.12931,-13.2185
2016-12-09,114.075,1.339,102.16854,11.02323,2.12585,9.98258,0.13413,-13.2185
2016-12-12,115.412,1.339,102.61218,11.75517,2.25707,10.11523,0.13237,-13.2185
2016-12-13,115.002,1.354,102.58773,11.42311,2.18319,10.16982,0.13314,-13.2185
2016-12-14,115.224,1.469,100.76954,13.4042,2.55105,10.06697,0.14592,-13.2185
2016-12-15,117.211,1.489,100.63721,15.24536,2.88541,10.51287,0.14164,-13.2185
2016-12-16,118.241,1.46,101.35154,15.41298,2.89797,10.5053,0.13898,-13.2185
2016-12-19,117.791,1.421,102.2511,14.14803,2.64212,10.52466,0.13502,-13.2185
2016-12-20,117.037,1.436,102.17905,13.57635,2.52025,10.30341,0.13937,-13.2185
2016-12-21,117.875,1.391,103.18991,13.30536,2.45584,10.33941,0.13453,-13.2185
2016-12-22,117.604,1.401,103.36394,12.90669,2.36878,10.37688,0.13501,-13.2185
2016-12-23,117.542,1.401,103.63476,12.59229,2.29898,10.27674,0.13633,-13.2185
2016-12-26,117.31,1.398,103.94198,12.09871,2.19782,10.31214,0.13557,-13.2185
2016-12-27,117.192,1.449,103.62558,12.30295,2.22485,10.32547,0.14033,-13.2185
2016-12-28,117.48,1.434,104.56721,11.64381,2.09585,10.32537,0.13888,-13.2185
2016-12-29,117.087,1.402,105.50217,10.41857,1.86838,10.38512,0.135,-13.2185
2016-12-30,116.267,1.387,106.22719,9.03092,1.61476,10.54962,0.13147,-13.2185
2017-01-02,116.795,1.387,106.42384,9.29906,1.65964,10.42713,0.13302,-13.17827
2017-01-03,117.495,1.407,105.74655,10.53506,1.87667,10.43234,0.13487,-13.17827
2017-01-04,117.659,1.433,105.16207,11.22879,1.99436,10.43136,0.13737,-13.17827
2017-01-05,117.113,1.373,106.18147,9.79897,1.73455,10.3513,0.13264,-13.17827
2017-01-06,115.265,1.433,105.33204,9.01162,1.59136,10.91195,0.13132,-13.17827
2017-01-09,117.15,1.423,105.59421,10.38516,1.82972,11.24086,0.12659,-13.17827
2017-01-10,115.985,1.433,105.48642,9.48786,1.66633,11.39319,0.12578,-13.17827
2017-01-11,115.872,1.448,105.48507,9.39167,1.64504,11.31035,0.12802,-13.17827
2017-01-12,115.098,1.403,106.51027,7.75425,1.35464,11.43259,0.12272,-13.17827
2017-01-13,114.664,1.434,106.01752,7.84018,1.36719,11.46322,0.1251,-13.17827
2017-01-16,114.227,1.434,106.16528,7.31906,1.27398,11.51053,0.12458,-13.17827
2017-01-17,114.152,1.4,107.08451,6.39126,1.11072,11.4529,0.12224,-13.17827
2017-01-18,112.878,1.465,106.53202,5.7862,1.00438,11.68109,0.12542,-13.17827
2017-01-19,114.762,1.48,106.64533,7.33518,1.27203,12.05436,0.12278,-13.17827
2017-01-20,114.98,1.435,106.82569,7.35598,1.27363,12.04548,0.11913,-13.17827
2017-01-23,113.81,1.401,107.45392,5.74683,0.99344,12.2587,0.11429,-13.17827
2017-01-24,112.78,1.456,106.52278,5.70801,0.98577,12.42538,0.11718,-13.17827
2017-01-25,113.84,1.446,106.53314,6.63378,1.14456,12.49347,0.11574,-13.17827
2017-01-26,113.293,1.411,107.08661,5.63394,0.97081,12.46442,0.1132,-13.17827
2017-01-27,114.455,1.42,106.94702,6.78482,1.16804,12.59009,0.11279,-13.17827
2017-01-30,114.668,1.429,107.68155,6.28627,1.08076,12.47496,0.11455,-13.17827
2017-01-31,113.65,1.399,108.24231,4.87512,0.83724,12.53724,0.11159,-13.17827
2017-02-01,112.743,1.447,107.68276,4.59214,0.78814,12.64771,0.11441,-12.54027
2017-02-02,113.311,1.436,108.07463,4.73142,0.81156,12.51875,0.11471,-12.54027
2017-02-03,112.789,1.441,107.56874,4.73888,0.81233,12.57321,0.11461,-12.54027
2017-02-06,112.639,1.381,108.36087,3.8721,0.66335,12.55073,0.11003,-12.54027
2017-02-07,111.827,1.381,108.26267,3.23926,0.55475,12.58505,0.10973,-12.54027
2017-02-08,112.387,1.36,108.62983,3.40022,0.58221,12.49337,0.10886,-12.54027
2017-02-09,111.952,1.409,107.89342,3.69263,0.6321,12.52781,0.11247,-12.54027
2017-02-10,113.434,1.414,108.03367,4.87782,0.83477,12.55794,0.1126,-12.54027
2017-02-13,113.914,1.414,108.0749,5.26193,0.90003,12.49891,0.11313,-12.54027
2017-02-14,113.705,1.474,107.40457,5.70046,0.97445,12.49451,0.11797,-12.54027
2017-02-15,114.301,1.504,107.89299,5.76954,0.98558,12.26034,0.12267,-12.54027
2017-02-16,114.112,1.459,108.30599,5.22199,0.89131,12.20881,0.1195,-12.54027
2017-02-17,113.305,1.454,108.30418,4.51396,0.76994,12.28399,0.11837,-12.54027
2017-02-20,112.911,1.449,108.42499,4.05413,0.69123,12.29415,0.11786,-12.54027
2017-02-21,113.28,1.46,108.56673,4.24976,0.7243,11.98595,0.12181,-12.54027
2017-02-22,113.669,1.48,108.41947,4.7283,0.80548,11.9395,0.12396,-12.54027
2017-02-23,113.417,1.44,108.96177,4.00742,0.68224,11.89223,0.12109,-12.54027
2017-02-24,112.682,1.385,109.2773,3.0681,0.52209,11.83777,0.117,-12.54027
2017-02-27,112.188,1.464,108.95321,2.92576,0.49773,11.78962,0.12418,-12.54027
2017-02-28,112.745,1.482,109.24416,3.15433,0.53648,11.14551,0.13297,-12.54027
2017-03-01,113.077,1.549,108.49055,4.1406,0.70403,11.08204,0.13978,-12.55802
2017-03-02,114.121,1.596,107.64515,5.84191,0.99283,11.2137,0.14233,-12.55802
2017-03-03,114.342,1.611,107.24233,6.41029,1.08838,11.20284,0.1438,-12.55802
2017-03-06,113.847,1.605,107.6129,5.63149,0.95504,11.23238,0.14289,-12.55802
2017-03-07,113.917,1.615,107.74639,5.56899,0.94361,11.21702,0.14398,-12.55802
2017-03-08,113.926,1.65,107.31156,5.98128,1.01259,11.19875,0.14734,-12.55802
2017-03-09,114.411,1.639,107.61359,6.12503,1.03595,10.98085,0.14926,-12.55802
2017-03-10,115.149,1.624,107.30797,7.0524,1.19165,11.03597,0.14716,-12.55802
2017-03-13,114.732,1.659,106.97162,7.00355,1.18194,11.05286,0.1501,-12.55802
2017-03-14,114.915,1.659,107.608,6.56978,1.10726,10.49506,0.15807,-12.55802
2017-03-15,114.659,1.584,108.03728,5.94861,1.00141,10.33824,0.15322,-12.55802
2017-03-16,113.402,1.614,107.62453,5.22904,0.87942,10.53127,0.15326,-12.55802
2017-03-17,113.34,1.595,107.89023,4.92778,0.82813,10.46466,0.15242,-12.55802
2017-03-20,112.674,1.565,108.17682,4.07316,0.68405,10.40206,0.15045,-12.55802
2017-03-21,112.573,1.533,109.02995,3.19792,0.53681,10.39715,0.14744,-12.55802
2017-03-22,111.532,1.538,109.17347,2.13734,0.35868,10.5382,0.14595,-12.55802
2017-03-23,111.369,1.533,109.40431,1.77988,0.29866,10.53644,0.1455,-12.55802
2017-03-24,111.004,1.524,109.44855,1.41117,0.23678,10.54786,0.14448,-12.55802
2017-03-27,110.552,1.535,109.10791,1.31486,0.22061,10.54534,0.14556,-12.55802
2017-03-28,110.771,1.56,108.45925,2.10905,0.35385,10.5502,0.14786,-12.55802
2017-03-29,111.226,1.51,108.96535,2.05342,0.34448,10.52133,0.14352,-12.55802
2017-03-30,111.154,1.495,109.27397,1.70584,0.28613,10.46745,0.14282,-12.55802
2017-03-31,111.776,1.474,109.93729,1.65867,0.27821,10.45736,0.14095,-12.55802
2017-04-03,111.265,1.415,110.41038,0.77106,0.12932,10.47487,0.13509,-10.3258
2017-04-04,110.709,1.438,110.09691,0.55442,0.09299,10.48035,0.13721,-10.3258
2017-04-05,110.854,1.441,110.81326,0.03675,0.00616,10.03407,0.14361,-10.3258
2017-04-06,110.381,1.451,110.54399,-0.14755,-0.02475,9.45662,0.15344,-10.3258
2017-04-07,110.897,1.509,110.52371,0.33718,0.05655,9.34018,0.16156,-10.3258
2017-04-10,111.225,1.509,111.35974,-0.12107,-0.02031,9.36868,0.16107,-10.3258
2017-04-11,110.717,1.464,112.25879,-1.38294,-0.23195,9.32242,0.15704,-10.3258
2017-04-12,109.587,1.469,112.48829,-2.61304,-0.43825,9.50018,0.15463,-10.3258
2017-04-13,108.902,1.434,112.77775,-3.49707,-0.58641,9.54524,0.15023,-10.3258
2017-04-14,109.101,1.434,112.71812,-3.26161,-0.54674,9.55921,0.15001,-10.3258
2017-04-17,108.323,1.43,111.93996,-3.28452,-0.55042,9.41101,0.15195,-10.3258
2017-04-18,109.112,1.395,111.92808,-2.54817,-0.4269,8.88941,0.15693,-10.3258
2017-04-19,108.535,1.411,111.67762,-2.85436,-0.47814,8.91714,0.15823,-10.3258
2017-04-20,108.834,1.431,111.12254,-2.08098,-0.34855,8.74234,0.16369,-10.3258
2017-04-21,109.375,1.422,111.22195,-1.67454,-0.28049,8.64589,0.16447,-10.3258
2017-04-24,109.978,1.462,108.65171,1.21329,0.20326,8.50064,0.17199,-10.3258
2017-04-25,109.641,1.498,108.46376,1.07952,0.18089,8.47211,0.17682,-10.3258
2017-04-26,111.046,1.483,108.5868,2.23947,0.37532,8.61609,0.17212,-10.3258
2017-04-27,111.191,1.443,108.46325,2.4838,0.41644,8.61068,0.16758,-10.3258
2017-04-28,111.226,1.487,108.57966,2.408,0.40393,8.43964,0.17619,-10.3258
2017-05-01,111.302,1.487,108.07498,2.9422,0.49372,8.29639,0.17923,-12.41908
2017-05-02,111.812,1.472,108.35506,3.14054,0.52723,8.28526,0.17767,-12.41908
2017-05-03,111.969,1.502,108.33398,3.30032,0.55434,8.24251,0.18223,-12.41908
2017-05-04,112.783,1.522,107.67788,4.63214,0.77846,8.36857,0.18187,-12.41908
2017-05-05,112.537,1.522,107.95218,4.15938,0.69916,8.25072,0.18447,-12.41908
2017-05-08,112.684,1.528,107.45961,4.74724,0.79838,8.19456,0.18647,-12.41908
2017-05-09,113.23,1.558,107.40916,5.27757,0.88807,8.21039,0.18976,-12.41908
2017-05-10,113.698,1.533,108.04431,5.10044,0.85846,7.81999,0.19604,-12.41908
2017-05-11,114.328,1.532,108.4569,5.27187,0.88773,7.85261,0.19509,-12.41908
2017-05-12,113.809,1.468,108.7328,4.5628,0.76841,7.89784,0.18587,-12.41908
2017-05-15,113.271,1.484,108.84746,3.98357,0.67115,7.88195,0.18828,-12.41908
2017-05-16,113.642,1.46,109.13875,4.04331,0.68142,7.90508,0.18469,-12.41908
2017-05-17,112.646,1.42,112.07537,0.50786,0.08562,7.97382,0.17808,-12.41908
2017-05-18,111.126,1.421,111.68747,-0.50398,-0.08504,8.39336,0.1693,-12.41908
2017-05-19,111.401,1.441,110.36701,0.93251,0.15752,8.38137,0.17193,-12.41908
2017-05-22,111.284,1.458,109.65921,1.4708,0.24865,8.34895,0.17463,-12.41908
2017-05-23,110.891,1.477,109.47766,1.28273,0.21707,8.36519,0.17657,-12.41908
2017-05-24,111.957,1.453,109.09657,2.58814,0.43857,8.5017,0.17091,-12.41908
2017-05-25,111.524,1.468,108.75184,2.51712,0.42704,8.49169,0.17287,-12.41908
2017-05-26,111.73,1.468,108.73118,2.72067,0.46209,8.43921,0.17395,-12.41908
2017-05-29,111.256,1.471,108.74807,2.27999,0.38768,8.45495,0.17398,-12.41908
2017-05-30,111.174,1.445,109.24408,1.75119,0.29786,8.2343,0.17549,-12.41908
2017-05-31,110.839,1.442,109.15831,1.52795,0.26,8.23643,0.17508,-12.41908
2017-06-01,110.796,1.44,108.85537,1.76705,0.30091,8.19929,0.17562,-12.19026
2017-06-02,111.437,1.435,108.7883,2.40556,0.40998,8.29031,0.17309,-12.19026
2017-06-05,110.463,1.466,108.8965,1.42827,0.24359,8.45926,0.1733,-12.19026
2017-06-06,110.381,1.442,109.30896,0.97596,0.16657,8.40435,0.17158,-12.19026
2017-06-07,109.509,1.437,109.16051,0.31874,0.05445,8.40905,0.17089,-12.19026
2017-06-08,109.9,1.433,109.05277,0.7739,0.13229,8.43363,0.16991,-12.19026
2017-06-09,109.859,1.458,109.353,0.46166,0.07893,8.42121,0.17313,-12.19026
2017-06-12,110.288,1.464,109.80801,0.43617,0.07463,8.46543,0.17294,-12.19026
2017-06-13,109.921,1.489,109.18347,0.67322,0.11536,8.21728,0.1812,-12.19026
2017-06-14,110.055,1.464,109.32489,0.66562,0.11428,8.2244,0.17801,-12.19026
2017-06-15,109.446,1.47,109.49685,-0.04645,-0.00799,8.21545,0.17893,-12.19026
2017-06-16,110.952,1.44,109.29304,1.5065,0.25986,8.68687,0.16577,-12.19026
2017-06-19,110.954,1.476,109.2152,1.57955,0.27324,8.48952,0.17386,-12.19026
2017-06-20,111.673,1.472,109.54374,1.9251,0.33401,8.58448,0.17147,-12.19026
2017-06-21,111.334,1.462,109.498,1.66284,0.28941,8.5808,0.17038,-12.19026
2017-06-22,111.31,1.442,109.39364,1.73663,0.30321,8.53996,0.16885,-12.19026
2017-06-23,111.29,1.443,109.10756,1.98052,0.3469,8.53165,0.16913,-12.19026
2017-06-26,111.239,1.464,109.05229,1.98535,0.34873,8.49286,0.17238,-12.19026
2017-06-27,111.858,1.497,109.92948,1.73912,0.30621,8.56374,0.17481,-12.19026
2017-06-28,112.188,1.46,109.25358,2.65045,0.468,8.51126,0.17154,-12.19026
2017-06-29,112.354,1.5,110.30375,1.84167,0.32628,8.46313,0.17724,-12.19026
2017-06-30,112.009,1.495,110.16914,1.65625,0.2946,8.42391,0.17747,-12.19026
2017-07-03,112.262,1.531,110.26562,1.79433,0.32052,8.43117,0.18159,-14.14903
2017-07-04,113.386,1.536,110.32578,2.73604,0.49082,8.60308,0.17854,-14.14903
2017-07-05,112.962,1.526,110.26263,2.41864,0.43561,8.59914,0.17746,-14.14903
2017-07-06,113.187,1.502,111.40789,1.58431,0.28667,8.58918,0.17487,-14.14903
2017-07-07,113.149,1.502,110.42508,2.43682,0.44298,8.53343,0.17601,-14.14903
2017-07-10,113.985,1.499,110.39477,3.20041,0.58461,8.3696,0.1791,-14.14903
2017-07-12,113.748,1.459,109.56784,3.74415,0.68758,8.27068,0.17641,-14.14903
2017-07-13,113.335,1.484,109.27303,3.64984,0.67353,8.31229,0.17853,-14.14903
2017-07-14,113.418,1.459,108.78962,4.16642,0.77311,8.16128,0.17877,-14.14903
2017-07-17,112.397,1.469,109.1899,2.89487,0.53983,8.28159,0.17738,-14.14903
2017-07-18,112.581,1.466,109.241,3.01166,0.56496,8.20087,0.17876,-14.14903
2017-07-19,111.995,1.481,109.18195,2.54385,0.48013,8.26976,0.17909,-14.14903
2017-07-20,111.877,1.481,108.95979,2.64211,0.50163,8.22397,0.18008,-14.14903
2017-07-21,111.885,1.476,108.73118,2.8593,0.54578,8.15749,0.18094,-14.14903
2017-07-24,110.945,1.488,108.92566,1.83689,0.35173,8.31598,0.17893,-14.14903
2017-07-25,111.232,1.512,109.07061,1.96227,0.37613,7.93254,0.19061,-14.14903
2017-07-26,112.003,1.467,109.00136,2.71653,0.52064,8.04755,0.18229,-14.14903
2017-07-27,111.128,1.475,109.6175,1.36856,0.26223,8.20322,0.17981,-14.14903
2017-07-28,111.097,1.457,109.68051,1.2832,0.24586,8.20215,0.17764,-14.14903
2017-07-31,110.51,1.457,109.66692,0.76583,0.1468,8.21464,0.17737,-14.14903
2017-08-01,110.359,1.457,109.50972,0.77254,0.14819,8.21154,0.17743,-13.01309
2017-08-02,110.432,1.478,109.87539,0.5053,0.09698,8.0724,0.18309,-13.01309
2017-08-03,110.757,1.458,109.96061,0.72164,0.13855,8.08969,0.18023,-13.01309
2017-08-04,109.9,1.473,109.6294,0.24653,0.04735,8.22111,0.17917,-13.01309
2017-08-07,110.786,1.468,109.52824,1.1418,0.2195,8.32791,0.17627,-13.01309
2017-08-08,110.75,1.469,110.58337,0.15057,0.02896,8.27821,0.17745,-13.01309
2017-08-09,110.102,1.449,110.5734,-0.42724,-0.0822,8.25938,0.17544,-13.01309
2017-08-10,110.049,1.444,114.31512,-3.80331,-0.73215,8.22025,0.17566,-13.01309
2017-08-11,109.106,1.414,113.67803,-4.10503,-0.79031,8.33623,0.16962,-13.01309
2017-08-14,109.23,1.444,111.68199,-2.21997,-0.42755,8.3069,0.17383,-13.01309
2017-08-15,109.932,1.465,111.57153,-1.48039,-0.28545,8.25535,0.17746,-13.01309
2017-08-16,110.596,1.45,111.30169,-0.63605,-0.12279,7.90519,0.18342,-13.01309
2017-08-17,109.999,1.435,113.68867,-3.29924,-0.63764,7.959,0.1803,-13.01309
2017-08-18,109.328,1.461,112.82885,-3.15195,-0.60981,8.04507,0.1816,-13.01309
2017-08-21,109.32,1.451,112.15786,-2.5628,-0.49665,8.01787,0.18097,-13.01309
2017-08-22,108.944,1.461,110.91408,-1.79218,-0.34778,7.79099,0.18752,-13.01309
2017-08-23,109.731,1.452,111.41327,-1.52145,-0.29581,7.90606,0.18366,-13.01309
2017-08-24,108.91,1.473,111.5847,-2.42621,-0.47262,8.02544,0.18354,-13.01309
2017-08-25,109.514,1.507,111.10202,-1.43964,-0.28089,8.07323,0.18667,-13.01309
2017-08-28,109.346,1.488,111.09444,-1.58634,-0.31006,8.07677,0.18423,-13.01309
2017-08-29,108.737,1.488,111.33665,-2.36264,-0.46259,8.12851,0.18306,-13.01309
2017-08-30,109.79,1.485,111.18789,-1.2652,-0.24803,8.36806,0.17746,-13.01309
2017-08-31,110.46,1.492,110.62722,-0.15127,-0.0297,8.37735,0.1781,-13.01309
2017-09-01,110.129,1.515,110.53295,-0.36612,-0.07203,8.21327,0.18446,-14.48135
2017-09-04,109.795,1.511,110.55794,-0.69248,-0.13656,8.23395,0.18351,-14.48135
2017-09-05,109.81,1.456,111.22956,-1.28446,-0.25405,8.07808,0.18024,-14.48135
2017-09-06,108.602,1.452,110.74959,-1.95819,-0.38865,8.34424,0.17401,-14.48135
2017-09-07,109.134,1.427,110.46905,-1.21589,-0.24236,8.40559,0.16977,-14.48135
2017-09-08,108.27,1.432,110.90921,-2.40839,-0.48219,8.50957,0.16828,-14.48135
2017-09-11,108.231,1.478,110.55793,-2.12718,-0.42794,8.48714,0.17415,-14.48135
2017-09-12,109.395,1.474,110.36686,-0.88447,-0.17886,8.76093,0.16825,-14.48135
2017-09-13,110.226,1.494,110.3035,-0.07029,-0.01429,8.82162,0.16936,-14.48135
2017-09-14,110.515,1.509,110.35407,0.14572,0.02979,8.39826,0.17968,-14.48135
2017-09-15,109.919,1.54,110.49721,-0.52466,-0.10786,8.46597,0.1819,-14.48135
2017-09-18,111.197,1.55,110.65054,0.49264,0.10183,8.68637,0.17844,-14.48135
2017-09-19,111.496,1.541,110.71031,0.70717,0.14709,8.68221,0.17749,-14.48135
2017-09-20,111.578,1.581,110.65094,0.83434,0.17473,8.68323,0.18208,-14.48135
2017-09-21,112.546,1.576,110.54856,1.79071,0.37753,8.85169,0.17805,-14.48135
2017-09-22,112.452,1.597,110.69015,1.57916,0.33522,8.85312,0.18039,-14.48135
2017-09-25,112.444,1.578,110.30864,1.9173,0.41057,8.78547,0.17961,-14.48135
2017-09-26,111.761,1.588,110.6278,1.01913,0.22035,8.85149,0.1794,-14.48135
2017-09-27,112.377,1.599,110.80047,1.41283,0.30865,8.91613,0.17934,-14.48135
2017-09-28,112.86,1.565,110.33349,2.26406,0.49971,8.93441,0.17517,-14.48135
2017-09-29,112.467,1.59,110.66429,1.61586,0.36034,8.95244,0.17761,-14.48135
2017-10-02,112.638,1.6,111.26422,1.22714,0.27663,8.7281,0.18332,-15.39921
2017-10-03,112.77,1.585,111.17824,1.42157,0.32427,8.70008,0.18218,-15.39921
2017-10-04,112.848,1.605,111.70701,1.01624,0.23452,8.69172,0.18466,-15.39921
2017-10-05,112.823,1.63,111.43747,1.23566,0.28881,8.69159,0.18754,-15.39921
2017-10-06,112.774,1.68,113.2109,-0.38666,-0.09138,8.56041,0.19625,-15.39921
2017-10-09,112.551,1.68,113.72325,-1.03614,-0.24778,8.55951,0.19627,-15.39921
2017-10-10,112.658,1.655,112.829,-0.15167,-0.03669,8.53307,0.19395,-15.39921
2017-10-11,112.345,1.654,112.56193,-0.1929,-0.04724,8.54815,0.19349,-15.39921
2017-10-12,112.434,1.654,112.92207,-0.43316,-0.10764,8.35649,0.19793,-15.39921
2017-10-13,112.239,1.654,112.38768,-0.13238,-0.03334,8.35696,0.19792,-15.39921
2017-10-16,111.882,1.685,113.00513,-0.99884,-0.25405,8.31562,0.20263,-15.39921
2017-10-17,112.195,1.68,113.20004,-0.89181,-0.22901,8.33169,0.20164,-15.39921
2017-10-18,112.213,1.72,113.74773,-1.35843,-0.35237,8.33172,0.20644,-15.39921
2017-10-19,113.013,1.721,114.15936,-1.00925,-0.26489,8.26808,0.20815,-15.39921
2017-10-20,112.68,1.736,114.23542,-1.37094,-0.36447,8.27985,0.20967,-15.39921
2017-10-23,114.048,1.717,114.74817,-0.61206,-0.16481,8.51071,0.20175,-15.39921
2017-10-24,113.34,1.737,114.86003,-1.33221,-0.36343,8.45392,0.20547,-15.39921
2017-10-25,113.946,1.747,115.0894,-0.99846,-0.27598,8.51224,0.20523,-15.39921
2017-10-26,113.558,1.777,115.44818,-1.6508,-0.46369,8.46915,0.20982,-15.39921
2017-10-27,114.124,1.739,113.23826,0.77915,0.22248,8.50922,0.20437,-15.39921
2017-10-30,113.739,1.735,113.49029,0.2189,0.06362,8.54503,0.20304,-15.39921
2017-10-31,112.996,1.76,113.68709,-0.60974,-0.18034,8.64382,0.20361,-15.39921
2017-11-01,113.65,1.77,113.98383,-0.29331,-0.08819,8.55272,0.20695,-15.098
2017-11-02,114.152,1.773,114.20469,-0.04614,-0.01417,8.45378,0.20973,-15.098
2017-11-03,114.016,1.793,113.51858,0.43722,0.1363,8.45889,0.21197,-15.098
2017-11-06,114.178,1.793,112.876,1.14688,0.363,8.36227,0.21442,-15.098
2017-11-07,113.771,1.823,114.20354,-0.37946,-0.12208,8.4009,0.217,-15.098
2017-11-08,113.761,1.857,115.03681,-1.11524,-0.36426,8.19469,0.22661,-15.098
2017-11-09,113.927,1.828,114.7221,-0.69548,-0.23018,8.19569,0.22304,-15.098
2017-11-10,113.375,1.849,115.8826,-2.18767,-0.73241,8.18476,0.22591,-15.098
2017-11-13,113.686,1.874,116.69188,-2.60967,-0.88082,8.12065,0.23077,-15.098
2017-11-14,113.585,1.864,116.80819,-2.79818,-0.9506,8.03817,0.23189,-15.098
2017-11-15,113.402,1.869,117.77622,-3.78473,-1.28997,7.93704,0.23548,-15.098
2017-11-17,113.028,1.925,117.70942,-4.05835,-1.38843,7.97406,0.24141,-15.098
2017-11-20,112.038,1.966,118.33936,-5.47183,-1.87846,8.15235,0.24116,-15.098
2017-11-21,112.551,1.966,117.53521,-4.33315,-1.49211,8.08046,0.2433,-15.098
2017-11-22,112.341,1.937,116.58142,-3.7051,-1.28061,7.93334,0.24416,-15.098
2017-11-23,111.313,1.937,116.52978,-4.58008,-1.58932,8.09808,0.23919,-15.098
2017-11-24,111.254,1.938,116.15858,-4.31405,-1.50095,8.09152,0.23951,-15.098
2017-11-27,111.671,1.919,115.81464,-3.64339,-1.27252,8.03178,0.23893,-15.098
2017-11-28,111.17,1.925,116.07972,-4.32167,-1.51598,7.86847,0.24465,-15.098
2017-11-29,111.648,1.954,117.20032,-4.85336,-1.7072,7.82199,0.24981,-15.098
2017-11-30,112.002,1.94,116.91861,-4.29613,-1.51176,7.81761,0.24816,-15.098
2017-12-01,112.556,1.94,116.93202,-3.81419,-1.34407,7.84316,0.24735,-15.60336
2017-12-04,112.864,1.948,117.52787,-4.0492,-1.4284,7.85687,0.24794,-15.60336
2017-12-05,112.499,1.968,117.53103,-4.3758,-1.54602,7.54102,0.26097,-15.60336
2017-12-06,112.464,1.923,116.97869,-3.93587,-1.39214,7.49129,0.2567,-15.60336
2017-12-07,112.291,1.943,116.53675,-3.7113,-1.31529,7.30567,0.26596,-15.60336
2017-12-08,113.173,1.953,115.95252,-2.42632,-0.86049,7.44494,0.26233,-15.60336
2017-12-11,113.543,1.974,115.75761,-1.93168,-0.68563,7.18343,0.2748,-15.60336
2017-12-12,113.54,1.984,116.69275,-2.73892,-0.97254,7.04283,0.2817,-15.60336
2017-12-13,113.545,1.949,116.39017,-2.47488,-0.87827,7.02973,0.27725,-15.60336
2017-12-14,112.782,1.979,116.76177,-3.4679,-1.22976,7.07967,0.27953,-15.60336
2017-12-15,112.396,1.995,116.57282,-3.64878,-1.29216,6.74689,0.29569,-15.60336
2017-12-18,112.716,1.99,116.40088,-3.21687,-1.1374,6.74935,0.29484,-15.60336
2017-12-19,112.568,2.021,117.03875,-3.89476,-1.37559,6.75485,0.29919,-15.60336
2017-12-20,112.983,2.016,116.46759,-3.03757,-1.07158,6.57163,0.30677,-15.60336
2017-12-21,113.241,2.036,116.64229,-2.95936,-1.04308,6.58388,0.30924,-15.60336
2017-12-22,113.323,2.057,116.98895,-3.18373,-1.12097,6.58491,0.31238,-15.60336
2017-12-25,113.308,2.057,116.92774,-3.14464,-1.10583,6.46299,0.31827,-15.60336
2017-12-26,113.303,2.065,116.54995,-2.82543,-0.99249,6.37344,0.324,-15.60336
2017-12-27,113.203,2.033,116.17632,-2.59263,-0.91104,6.31999,0.32168,-15.60336
2017-12-28,113.217,2.048,116.21514,-2.61368,-0.91842,6.279,0.32617,-15.60336
2017-12-29,112.875,2.03,116.17991,-2.88589,-1.01508,6.30315,0.32206,-15.60336
2018-01-01,112.666,2.03,116.12921,-3.02758,-1.06702,6.30998,0.32171,-15.72408
2018-01-02,112.77,2.06,116.24643,-3.03621,-1.07337,6.3112,0.3264,-15.72408
2018-01-03,112.244,2.08,115.99386,-3.28621,-1.16815,6.37972,0.32603,-15.72408
2018-01-04,112.607,2.098,116.25006,-3.18397,-1.13823,6.41347,0.32712,-15.72408
2018-01-05,112.783,2.098,116.37313,-3.13361,-1.1257,6.40868,0.32737,-15.72408
2018-01-08,113.154,2.098,116.39375,-2.82291,-1.02027,6.43919,0.32582,-15.72408
2018-01-09,113.141,2.119,116.57449,-2.98957,-1.08493,6.41322,0.33041,-15.72408
2018-01-10,112.755,2.109,116.18593,-2.99745,-1.089,6.45023,0.32697,-15.72408
2018-01-11,111.444,2.114,116.22922,-4.20421,-1.53021,6.85674,0.30831,-15.72408
2018-01-12,111.294,2.124,116.20349,-4.31675,-1.56788,6.83307,0.31084,-15.72408
2018-01-15,111.1,2.13,116.21875,-4.50435,-1.63241,6.81566,0.31252,-15.72408
2018-01-16,110.581,2.17,117.2172,-5.82803,-2.10661,6.87509,0.31563,-15.72408
2018-01-17,110.388,2.18,117.17212,-5.96425,-2.14689,6.71727,0.32454,-15.72408
2018-01-18,111.376,2.18,117.02219,-4.94517,-1.77352,6.94721,0.31379,-15.72408
2018-01-19,111.026,2.196,117.24311,-5.44853,-1.94909,6.5092,0.33737,-15.72408
2018-01-22,110.684,2.216,117.27885,-5.78751,-2.06548,6.42518,0.34489,-15.72408
2018-01-23,110.966,2.202,116.66209,-5.00577,-1.78166,6.34823,0.34687,-15.72408
2018-01-24,110.107,2.217,116.61379,-5.74149,-2.03744,6.49002,0.3416,-15.72408
2018-01-25,109.326,2.212,116.41199,-6.28013,-2.21981,6.52683,0.33891,-15.72408
2018-01-26,109.704,2.262,116.97265,-6.41543,-2.25711,6.555,0.34508,-15.72408
2018-01-29,108.639,2.238,116.59156,-7.06464,-2.47336,6.70332,0.33386,-15.72408
2018-01-30,108.926,2.26,116.64799,-6.8492,-2.38476,6.61047,0.34188,-15.72408
2018-01-31,108.732,2.277,116.65633,-7.03461,-2.4367,6.53255,0.34856,-15.72408
2018-02-01,109.201,2.288,116.49101,-6.46239,-2.22768,6.61021,0.34613,-14.58922
2018-02-02,109.406,2.281,115.69036,-5.58516,-1.91625,6.61673,0.34473,-14.58922
2018-02-05,110.035,2.217,112.61468,-2.31735,-0.79301,6.71233,0.33029,-14.58922
2018-02-06,109.095,2.242,113.27045,-3.75593,-1.28564,6.90177,0.32484,-14.58922
2018-02-07,109.627,2.294,113.93617,-3.85547,-1.31953,6.97757,0.32877,-14.58922
2018-02-08,109.196,2.278,112.65762,-3.12088,-1.06854,6.95725,0.32743,-14.58922
2018-02-09,108.529,2.199,112.32358,-3.43664,-1.1776,7.01026,0.31368,-14.58922
2018-02-12,108.8,2.239,112.97015,-3.76122,-1.28971,7.03987,0.31805,-14.58922
2018-02-13,108.69,2.254,112.84576,-3.75221,-1.28728,7.03767,0.32028,-14.58922
2018-02-14,107.764,2.324,114.25731,-5.85093,-2.00695,7.19412,0.32304,-14.58922
2018-02-15,106.587,2.349,114.21464,-6.9118,-2.36665,7.30576,0.32153,-14.58922
2018-02-16,106.111,2.37,113.83116,-7.02306,-2.39702,7.25984,0.32645,-14.58922
2018-02-19,106.261,2.361,113.39098,-6.49435,-2.20932,7.27235,0.32465,-14.58922
2018-02-20,106.709,2.401,113.01463,-5.74118,-1.94766,7.14268,0.33615,-14.58922
2018-02-21,107.381,2.411,112.9745,-5.07789,-1.71785,7.27664,0.33133,-14.58922
2018-02-22,107.555,2.401,112.96567,-4.90816,-1.657,7.2379,0.33173,-14.58922
2018-02-23,106.814,2.403,113.53886,-6.10561,-2.05823,7.30665,0.32888,-14.58922
2018-02-26,107.074,2.374,113.39547,-5.73613,-1.92871,7.26505,0.32677,-14.58922
2018-02-27,107.069,2.432,112.61731,-5.05219,-1.69528,7.22452,0.33663,-14.58922
2018-02-28,107.426,2.41,111.86018,-4.04474,-1.35611,7.1805,0.33563,-14.58922
2018-03-01,106.64,2.38,110.53547,-3.58778,-1.20419,7.26471,0.32761,-12.97984
2018-03-02,106.163,2.405,111.69687,-5.08131,-1.70783,7.28521,0.33012,-12.97984
2018-03-05,105.556,2.413,111.79792,-5.74513,-1.92987,7.34726,0.32842,-12.97984
2018-03-06,106.25,2.416,111.76614,-5.06139,-1.69851,7.50007,0.32213,-12.97984
2018-03-07,105.537,2.412,111.94166,-5.89163,-1.97582,7.37769,0.32693,-12.97984
2018-03-08,106.186,2.407,112.32726,-5.62244,-1.88211,7.46847,0.32229,-12.97984
2018-03-09,106.406,2.427,113.20014,-6.18954,-2.0701,7.49202,0.32394,-12.97984
2018-03-12,106.891,2.423,112.41672,-5.0403,-1.68089,7.57199,0.32,-12.97984
2018-03-13,106.26,2.414,111.93524,-5.20316,-1.73357,7.54822,0.31981,-12.97984
2018-03-14,106.508,2.409,111.33003,-4.42789,-1.47205,7.5591,0.31869,-12.97984
2018-03-15,106.155,2.435,111.6647,-5.06004,-1.68027,7.53705,0.32307,-12.97984
2018-03-16,106.309,2.46,112.09005,-5.29527,-1.75413,7.5519,0.32575,-12.97984
2018-03-19,105.969,2.461,110.34446,-4.04603,-1.33677,7.50728,0.32782,-12.97984
2018-03-20,105.996,2.496,110.785,-4.419,-1.45836,7.48199,0.3336,-12.97984
2018-03-21,106.469,2.466,110.74705,-3.93949,-1.29822,7.55472,0.32642,-12.97984
2018-03-22,105.929,2.447,108.18902,-2.11108,-0.69461,7.59668,0.32211,-12.97984
2018-03-23,104.968,2.437,107.54624,-2.42653,-0.79831,7.76171,0.31398,-12.97984
2018-03-26,104.859,2.488,109.16562,-4.02496,-1.32384,7.7615,0.32056,-12.97984
2018-03-27,105.5,2.413,108.15745,-2.4877,-0.81749,7.8941,0.30567,-12.97984
2018-03-28,105.493,2.434,108.01295,-2.36065,-0.7755,7.88726,0.3086,-12.97984
2018-03-29,106.812,2.41,109.12642,-2.14367,-0.70514,8.33423,0.28917,-12.97984
2018-03-30,106.479,2.407,109.0738,-2.4077,-0.79285,8.33859,0.28866,-12.97984
2018-04-02,106.312,2.385,107.31896,-0.94272,-0.31076,8.30467,0.28719,-14.2133
2018-04-03,105.799,2.421,108.48515,-2.50722,-0.82884,8.29986,0.29169,-14.2133
2018-04-04,106.436,2.416,108.88637,-2.2761,-0.75241,8.40225,0.28754,-14.2133
2018-04-05,106.774,2.433,109.46152,-2.48586,-0.8213,8.39997,0.28964,-14.2133
2018-04-06,107.052,2.413,108.10258,-0.97658,-0.32247,8.42807,0.28631,-14.2133
2018-04-09,106.968,2.437,108.08131,-1.0354,-0.34194,8.41226,0.2897,-14.2133
2018-04-10,106.749,2.474,108.84588,-1.94527,-0.64256,8.1224,0.30459,-14.2133
2018-04-11,107.113,2.478,108.95915,-1.70887,-0.56435,8.1621,0.3036,-14.2133
2018-04-12,106.829,2.498,109.8846,-2.82013,-0.93126,8.16928,0.30578,-14.2133
2018-04-13,107.222,2.529,110.56281,-3.06824,-1.01263,8.17139,0.30949,-14.2133
2018-04-16,107.498,2.545,111.04614,-3.24735,-1.07172,8.19,0.31074,-14.2133
2018-04-17,107.046,2.565,111.90886,-4.44262,-1.46518,8.00064,0.3206,-14.2133
2018-04-18,107.016,2.57,111.68687,-4.27208,-1.40738,7.9845,0.32187,-14.2133
2018-04-19,107.346,2.581,111.43932,-3.74229,-1.23115,8.00117,0.32258,-14.2133
2018-04-20,107.432,2.591,110.85491,-3.13641,-1.03137,7.9819,0.32461,-14.2133
2018-04-23,107.869,2.622,111.2618,-3.09684,-1.0183,7.89491,0.33211,-14.2133
2018-04-24,108.761,2.616,110.17005,-1.28723,-0.42374,7.95496,0.32885,-14.2133
2018-04-25,108.803,2.625,110.28797,-1.3556,-0.44677,7.92317,0.33131,-14.2133
2018-04-26,109.364,2.621,111.24262,-1.70318,-0.5622,7.74589,0.33837,-14.2133
2018-04-27,109.3,2.627,111.7886,-2.25132,-0.74342,7.72987,0.33985,-14.2133
2018-04-30,109.098,2.627,111.42141,-2.1073,-0.69611,7.73053,0.33982,-14.2133
2018-05-01,109.323,2.642,111.74266,-2.18917,-0.72337,7.69332,0.34341,-14.2589
2018-05-02,109.872,2.628,111.30735,-1.29793,-0.42884,7.7494,0.33912,-14.2589
2018-05-03,109.827,2.628,111.34612,-1.37371,-0.45424,7.66378,0.34291,-14.2589
2018-05-04,109.096,2.648,112.21039,-2.81474,-0.93207,7.58662,0.34904,-14.2589
2018-05-07,109.146,2.627,112.13654,-2.70308,-0.8956,7.5227,0.34921,-14.2589
2018-05-08,108.943,2.642,112.16334,-2.91314,-0.96494,7.49067,0.35271,-14.2589
2018-05-09,109.024,2.673,113.26047,-3.81222,-1.26208,7.38897,0.36176,-14.2589
2018-05-10,109.847,2.678,113.37488,-3.16114,-1.04489,7.5231,0.35597,-14.2589
2018-05-11,109.436,2.678,113.80648,-3.91596,-1.29312,7.56013,0.35423,-14.2589
2018-05-14,109.338,2.689,113.55939,-3.7882,-1.24895,7.35576,0.36556,-14.2589
2018-05-15,109.731,2.715,112.27198,-2.28924,-0.75364,7.02274,0.3866,-14.2589
2018-05-16,110.297,2.72,113.18888,-2.58812,-0.85214,7.01141,0.38794,-14.2589
2018-05-17,110.359,2.71,113.11283,-2.46471,-0.81233,7.00953,0.38662,-14.2589
2018-05-18,110.828,2.685,112.9977,-1.9388,-0.63944,7.01024,0.38301,-14.2589
2018-05-21,110.88,2.716,113.38281,-2.23213,-0.73683,6.91467,0.39279,-14.2589
2018-05-22,110.978,2.731,113.30322,-2.07356,-0.68471,6.91143,0.39514,-14.2589
2018-05-23,110.726,2.671,113.5867,-2.55078,-0.84224,6.77007,0.39453,-14.2589
2018-05-24,109.869,2.642,113.48443,-3.23769,-1.06847,6.96088,0.37955,-14.2589
2018-05-25,109.312,2.623,112.79433,-3.13599,-1.03377,7.04661,0.37224,-14.2589
2018-05-28,109.623,2.624,112.76843,-2.82892,-0.93226,7.03885,0.37279,-14.2589
2018-05-29,109.389,2.464,109.3435,0.0416,0.0137,6.88371,0.35795,-14.2589
2018-05-30,108.394,2.568,111.13764,-2.49967,-0.82539,7.07823,0.3628,-14.2589
2018-05-31,108.712,2.544,110.64303,-1.76069,-0.5812,6.98805,0.36405,-14.2589
2018-06-01,108.749,2.615,112.45117,-3.34766,-1.10478,6.87774,0.38021,-13.69777
2018-06-04,109.598,2.655,113.24968,-3.27758,-1.08052,6.88096,0.38585,-13.69777
2018-06-05,109.963,2.621,113.36025,-3.04269,-1.00224,6.81182,0.38477,-13.69777
2018-06-06,109.859,2.651,114.15033,-3.83185,-1.26156,6.81126,0.38921,-13.69777
2018-06-07,110.125,2.631,113.49999,-3.01867,-0.9931,6.77313,0.38845,-13.69777
2018-06-08,109.694,2.627,113.40107,-3.32362,-1.09293,6.70791,0.39163,-13.69777
2018-06-11,109.443,2.653,113.28342,-3.44889,-1.13483,6.72044,0.39477,-13.69777
2018-06-12,110.386,2.673,113.30541,-2.61036,-0.85959,6.87018,0.38907,-13.69777
2018-06-13,110.452,2.723,112.89309,-2.18602,-0.72213,6.86811,0.39647,-13.69777
2018-06-14,110.242,2.728,113.57517,-2.9787,-0.98741,6.84368,0.39862,-13.69777
2018-06-15,110.645,2.688,113.53014,-2.57415,-0.85424,6.86978,0.39128,-13.69777
2018-06-18,110.617,2.7,113.20746,-2.31483,-0.7682,6.82913,0.39536,-13.69777
2018-06-19,110.138,2.675,112.21746,-1.87044,-0.62116,6.80548,0.39307,-13.69777
2018-06-20,110.071,2.695,112.71267,-2.37163,-0.78784,6.51763,0.41349,-13.69777
2018-06-21,110.352,2.696,111.27102,-0.82936,-0.27551,6.51703,0.41369,-13.69777
2018-06-22,109.952,2.696,111.87006,-1.72941,-0.57475,6.48674,0.41562,-13.69777
2018-06-25,109.937,2.677,109.3968,0.49258,0.16375,6.48707,0.41267,-13.69777
2018-06-26,109.643,2.667,110.22953,-0.53352,-0.17737,6.06259,0.43991,-13.69777
2018-06-27,110.097,2.653,108.94158,1.055,0.35096,6.06415,0.43749,-13.69777
2018-06-28,110.215,2.648,109.55826,0.59765,0.19884,6.04996,0.43769,-13.69777
2018-06-29,110.486,2.649,110.01578,0.4265,0.14196,5.96008,0.44446,-13.69777
2018-07-02,110.71,2.705,110.53411,0.159,0.05298,5.86831,0.46095,-13.41289
2018-07-03,110.871,2.66,110.01665,0.77357,0.25801,5.84804,0.45485,-13.41289
2018-07-04,110.408,2.661,110.00888,0.36214,0.12094,5.91071,0.4502,-13.41289
2018-07-05,110.502,2.681,110.83533,-0.30119,-0.1009,5.90542,0.45399,-13.41289
2018-07-06,110.579,2.662,111.92152,-1.20677,-0.40521,5.88243,0.45253,-13.41289
2018-07-09,110.422,2.702,112.52338,-1.88516,-0.63565,5.86673,0.46056,-13.41289
2018-07-10,110.953,2.717,112.53265,-1.41367,-0.47855,5.89399,0.46098,-13.41289
2018-07-11,110.831,2.713,111.86725,-0.93064,-0.31698,5.87016,0.46217,-13.41289
2018-07-12,111.958,2.733,112.68746,-0.64943,-0.22225,6.16372,0.4434,-13.41289
2018-07-13,112.665,2.723,112.92246,-0.22825,-0.07846,6.18531,0.44024,-13.41289
2018-07-16,112.399,2.723,112.48139,-0.07327,-0.02531,6.21423,0.43819,-13.41289
2018-07-17,112.374,2.755,113.1819,-0.71636,-0.2491,6.19963,0.44438,-13.41289
2018-07-18,113.012,2.73,112.98794,0.02129,0.00744,6.27772,0.43487,-13.41289
2018-07-19,112.791,2.73,112.31203,0.42556,0.14973,6.26621,0.43567,-13.41289
2018-07-20,112.363,2.727,112.25444,0.09666,0.0342,6.1397,0.44416,-13.41289
2018-07-23,111.053,2.747,112.43855,-1.23993,-0.44228,6.61016,0.41557,-13.41289
2018-07-24,111.46,2.753,112.52258,-0.94882,-0.3419,6.57274,0.41885,-13.41289
2018-07-25,111.241,2.786,112.608,-1.22138,-0.44486,6.58611,0.42301,-13.41289
2018-07-26,110.845,2.809,112.70238,-1.66177,-0.6104,6.61753,0.42448,-13.41289
2018-07-27,111.146,2.788,111.85968,-0.64006,-0.23725,6.62604,0.42076,-13.41289
2018-07-30,110.934,2.779,110.90231,0.02857,0.01068,6.56882,0.42306,-13.41289
2018-07-31,110.994,2.789,111.89003,-0.80403,-0.30274,6.56827,0.42462,-13.41289
2018-08-01,111.808,2.76,111.55309,0.22825,0.08663,6.57135,0.42001,-11.88726
2018-08-02,111.62,2.765,112.23193,-0.54673,-0.20885,6.58438,0.41993,-11.88726
2018-08-03,111.69,2.74,112.60056,-0.81195,-0.31218,6.56911,0.4171,-11.88726
2018-08-06,111.234,2.751,112.90192,-1.48834,-0.57469,6.62958,0.41496,-11.88726
2018-08-07,111.34,2.792,113.2095,-1.66516,-0.64516,6.46774,0.43168,-11.88726
2018-08-08,111.345,2.787,113.12275,-1.58401,-0.61692,6.41757,0.43428,-11.88726
2018-08-09,110.892,2.752,112.67417,-1.59435,-0.62358,6.47245,0.42519,-11.88726
2018-08-10,111.091,2.727,111.16487,-0.06647,-0.02613,6.44442,0.42316,-11.88726
2018-08-13,110.629,2.728,110.0238,0.54856,0.2178,6.42283,0.42473,-11.88726
2018-08-14,110.661,2.748,110.95095,-0.26167,-0.10484,6.42217,0.42789,-11.88726
2018-08-15,111.246,2.728,109.94478,1.17657,0.47271,6.45282,0.42276,-11.88726
2018-08-16,110.576,2.754,110.74856,-0.15594,-0.06293,6.56639,0.41941,-11.88726
2018-08-17,111.004,2.739,111.31285,-0.27785,-0.11251,6.61039,0.41435,-11.88726
2018-08-20,110.475,2.727,111.42177,-0.85335,-0.34634,6.66419,0.4092,-11.88726
2018-08-21,109.948,2.737,111.14701,-1.08462,-0.44174,6.54904,0.41792,-11.88726
2018-08-22,110.134,2.72,111.66665,-1.38203,-0.56576,6.47458,0.4201,-11.88726
2018-08-23,110.588,2.733,111.50682,-0.82742,-0.34026,6.50128,0.42038,-11.88726
2018-08-24,111.367,2.746,111.82316,-0.40876,-0.169,6.62768,0.41432,-11.88726
2018-08-27,111.282,2.786,111.66874,-0.34693,-0.14484,6.34958,0.43877,-11.88726
2018-08-28,111.137,2.786,111.37133,-0.21063,-0.08937,6.33794,0.43957,-11.88726
2018-08-29,111.162,2.787,111.56284,-0.35994,-0.15495,6.33799,0.43973,-11.88726
2018-08-30,111.712,2.754,110.72412,0.88824,0.38671,6.22715,0.44226,-11.88726
2018-08-31,110.999,2.739,111.10844,-0.09854,-0.04357,6.33823,0.43214,-11.88726
2018-09-03,111.144,2.73,111.08066,0.057,0.02567,6.33842,0.43071,-12.74247
2018-09-04,111.088,2.776,110.86412,0.20173,0.09216,6.32349,0.439,-12.74247
2018-09-05,111.461,2.776,110.33149,1.01854,0.47248,6.30098,0.44057,-12.74247
2018-09-06,111.449,2.756,109.87068,1.4263,0.6709,6.28024,0.43884,-12.74247
2018-09-07,110.495,2.822,109.68128,0.73916,0.35251,6.29808,0.44807,-12.74247
2018-09-10,110.92,2.842,110.06263,0.77596,0.37471,6.34345,0.44802,-12.74247
2018-09-11,111.148,2.872,110.66251,0.43776,0.21386,6.34286,0.45279,-12.74247
2018-09-12,111.607,2.852,110.77201,0.75097,0.37057,6.3542,0.44884,-12.74247
2018-09-13,111.22,2.873,111.05053,0.15249,0.07624,6.39476,0.44927,-12.74247
2018-09-14,112.012,2.893,111.154,0.76894,0.3877,6.48146,0.44635,-12.74247
2018-09-17,111.953,2.893,110.16576,1.6093,0.81857,6.48104,0.44638,-12.74247
2018-09-18,111.69,2.924,110.68115,0.90737,0.46399,6.48507,0.45088,-12.74247
2018-09-19,112.277,2.919,111.3255,0.85107,0.43881,6.51523,0.44803,-12.74247
2018-09-20,112.317,2.914,111.19355,1.00529,0.5223,6.51453,0.44731,-12.74247
2018-09-21,112.495,2.914,111.23806,1.12362,0.58952,6.49,0.449,-12.74247
2018-09-24,112.524,2.934,111.10804,1.26635,0.67259,6.44574,0.45518,-12.74247
2018-09-25,112.786,2.935,111.03347,1.56606,0.8442,6.45635,0.45459,-12.74247
2018-09-26,112.969,2.94,110.67618,2.05049,1.12054,6.44752,0.45599,-12.74247
2018-09-27,112.704,2.948,110.94781,1.5705,0.8714,6.46073,0.4563,-12.74247
2018-09-28,113.357,2.924,111.31381,1.81888,1.02244,6.54982,0.44642,-12.74247
2018-10-01,113.796,2.935,111.63979,1.91298,1.08819,6.521,0.45008,-12.54389
2018-10-02,113.946,2.935,111.585,2.0938,1.20205,6.52274,0.44996,-12.54389
2018-10-03,113.577,2.965,111.92814,1.4624,0.8444,6.56507,0.45163,-12.54389
2018-10-04,114.486,2.98,110.27793,3.74487,2.17693,6.72456,0.44315,-12.54389
2018-10-05,113.894,3.001,109.89102,3.5779,2.08215,6.76594,0.44355,-12.54389
2018-10-08,113.715,3.001,109.51693,3.76162,2.19383,6.7709,0.44322,-12.54389
2018-10-09,113.097,2.996,109.62691,3.1163,1.82013,6.57658,0.45556,-12.54389
2018-10-10,112.998,2.997,107.24594,5.22454,3.06215,6.46006,0.46393,-12.54389
2018-10-11,112.092,2.967,106.61643,5.00824,2.92956,6.6438,0.44658,-12.54389
2018-10-12,112.08,2.967,107.63578,4.04598,2.3615,6.64371,0.44659,-12.54389
2018-10-15,112.192,2.968,107.75767,4.03268,2.36071,6.54576,0.45342,-12.54389
2018-10-16,111.841,2.988,108.79541,2.76091,1.61619,6.56341,0.45525,-12.54389
2018-10-17,112.342,3.01,108.59407,3.3931,1.98872,6.58399,0.45717,-12.54389
2018-10-18,112.628,2.99,107.90271,4.28604,2.50871,6.15581,0.48572,-12.54389
2018-10-19,112.185,3.039,107.88198,3.91114,2.28017,6.17108,0.49246,-12.54389
2018-10-22,112.48,3.034,108.02245,4.04364,2.3484,6.17684,0.49119,-12.54389
2018-10-23,112.757,3.004,107.46706,4.80507,2.77918,6.14595,0.48878,-12.54389
2018-10-24,112.444,2.955,106.78833,5.16067,2.96299,6.15546,0.48006,-12.54389
2018-10-25,112.012,2.979,107.0982,4.48599,2.55412,6.19438,0.48092,-12.54389
2018-10-26,112.35,2.934,107.45824,4.45167,2.51942,6.22034,0.47168,-12.54389
2018-10-29,111.908,2.934,107.41015,4.10224,2.30752,6.10317,0.48073,-12.54389
2018-10-30,112.324,2.965,107.424,4.46039,2.49655,6.13745,0.4831,-12.54389
2018-10-31,113.052,2.995,107.73,4.82198,2.68505,6.26733,0.47788,-12.54389
2018-11-01,112.851,2.965,108.29381,4.12204,2.28022,6.21998,0.47669,-12.5044
2018-11-02,112.715,3.04,107.71539,4.537,2.49727,6.22476,0.48837,-12.5044
2018-11-05,113.139,3.041,107.76557,4.86589,2.66256,6.26521,0.48538,-12.5044
2018-11-06,113.246,3.061,107.6925,5.02825,2.74001,6.20434,0.49336,-12.5044
2018-11-07,113.363,3.086,108.54379,4.34414,2.35214,6.19893,0.49783,-12.5044
2018-11-08,113.547,3.112,108.35673,4.6788,2.52037,6.13636,0.50714,-12.5044
2018-11-09,113.953,3.077,108.40227,4.9937,2.6748,6.16864,0.49881,-12.5044
2018-11-12,113.846,3.078,107.88625,5.37692,2.86258,6.09657,0.50487,-12.5044
2018-11-13,113.696,3.027,107.85398,5.27499,2.788,5.96661,0.50732,-12.5044
2018-11-14,113.789,3.003,107.93791,5.27897,2.77152,5.92658,0.5067,-12.5044
2018-11-15,113.564,2.998,108.45296,4.605,2.406,5.85334,0.51219,-12.5044
2018-11-16,113.555,2.954,109.08581,4.01525,2.09063,5.75768,0.51305,-12.5044
2018-11-19,112.73,2.935,108.80364,3.54508,1.84371,5.95969,0.49248,-12.5044
2018-11-20,112.443,2.932,108.29179,3.76171,1.96324,5.93851,0.49373,-12.5044
2018-11-21,112.703,2.952,108.81672,3.50911,1.84087,5.79368,0.50952,-12.5044
2018-11-22,113.021,2.952,108.98455,3.63675,1.91583,5.81398,0.50774,-12.5044
2018-11-23,112.978,2.952,108.97454,3.60788,1.90467,5.8069,0.50836,-12.5044
2018-11-26,112.919,2.982,109.75838,2.83893,1.50504,5.80901,0.51334,-12.5044
2018-11-27,113.504,2.972,109.9194,3.20907,1.71015,5.8168,0.51093,-12.5044
2018-11-28,113.767,2.942,110.26055,3.13063,1.67617,5.67084,0.51879,-12.5044
2018-11-29,113.555,2.949,110.37339,2.84182,1.52835,5.6855,0.51869,-12.5044
2018-11-30,113.411,2.935,110.74147,2.382,1.28798,5.69217,0.51562,-12.5044
2018-12-03,113.763,2.96,111.1999,2.27879,1.24227,5.68693,0.52049,-11.83118
2018-12-04,113.587,2.93,110.23304,2.99724,1.64714,5.69866,0.51416,-11.83118
2018-12-05,112.699,2.936,110.3718,2.08659,1.15325,5.65296,0.51937,-11.83118
2018-12-06,113.051,2.901,110.47469,2.30526,1.2856,5.63651,0.51468,-11.83118
2018-12-07,112.689,2.861,109.94799,2.46244,1.38658,5.66818,0.50475,-11.83118
2018-12-10,112.502,2.867,110.33546,1.94456,1.10507,5.62416,0.50976,-11.83118
2018-12-11,113.181,2.922,110.73009,2.18927,1.25522,5.69707,0.5129,-11.83118
2018-12-12,113.384,2.912,110.88363,2.2299,1.28265,5.53553,0.52606,-11.83118
2018-12-13,113.285,2.897,110.98702,2.04935,1.1882,5.53779,0.52313,-11.83118
2018-12-14,113.56,2.883,110.92275,2.34973,1.36857,5.53115,0.52123,-11.83118
2018-12-17,113.39,2.857,110.41396,2.65966,1.55544,5.44822,0.52439,-11.83118
2018-12-18,112.829,2.807,110.60993,1.98635,1.16486,5.54322,0.50638,-11.83118
2018-12-19,112.524,2.781,110.49491,1.81971,1.06962,5.56205,0.5,-11.83118
2018-12-20,112.41,2.816,110.57818,1.64301,0.96748,5.56551,0.50597,-11.83118
2018-12-21,111.171,2.773,110.33923,0.751,0.44339,5.96778,0.46466,-11.83118
2018-12-24,111.054,2.693,109.80497,1.13107,0.66851,5.95804,0.45199,-11.83118
2018-12-25,110.311,2.697,109.87286,0.39798,0.23624,6.08253,0.4434,-11.83118
2018-12-26,110.402,2.734,110.18629,0.19558,0.11667,5.95947,0.45877,-11.83118
2018-12-27,111.206,2.684,110.49226,0.64389,0.38526,6.09559,0.44032,-11.83118
2018-12-28,110.855,2.659,110.70637,0.13417,0.08034,6.11113,0.43511,-11.83118
2018-12-31,110.33,2.619,110.85399,-0.4738,-0.28432,6.14649,0.4261,-11.83118
2019-01-01,109.63,2.619,110.85164,-1.10817,-0.66606,6.01449,0.43545,-9.56377
2019-01-02,109.668,2.639,111.16009,-1.35138,-0.81461,5.94778,0.4437,-9.56377
2019-01-03,107.441,2.529,110.17346,-2.51142,-1.52042,7.15732,0.35334,-9.56377
2019-01-04,107.808,2.676,111.29658,-3.18466,-1.93005,7.14779,0.37438,-9.56377
2019-01-07,108.522,2.696,111.26587,-2.49696,-1.50998,7.29773,0.36943,-9.56377
2019-01-08,108.616,2.727,111.35188,-2.48766,-1.50506,7.14612,0.38161,-9.56377
2019-01-09,108.776,2.707,110.995,-2.01944,-1.22069,7.15662,0.37825,-9.56377
2019-01-10,108.189,2.708,111.07343,-2.63118,-1.59037,7.21753,0.3752,-9.56377
2019-01-11,108.298,2.703,111.55426,-2.96245,-1.78696,7.2054,0.37514,-9.56377
2019-01-14,108.458,2.683,111.43088,-2.70415,-1.62785,7.14593,0.37546,-9.56377
2019-01-15,108.25,2.683,111.29957,-2.7782,-1.66876,7.12292,0.37667,-9.56377
2019-01-16,108.644,2.714,111.16661,-2.29536,-1.37806,7.14084,0.38007,-9.56377
2019-01-17,109.037,2.729,111.48811,-2.22307,-1.33616,7.1611,0.38109,-9.56377
2019-01-18,109.153,2.79,111.53647,-2.16011,-1.29886,7.14312,0.39059,-9.56377
2019-01-21,109.661,2.787,111.51338,-1.67508,-1.00969,7.20153,0.387,-9.56377
2019-01-22,109.67,2.747,110.73622,-0.96751,-0.58486,7.16779,0.38324,-9.56377
2019-01-23,109.355,2.748,111.10933,-1.59152,-0.96395,7.15273,0.38419,-9.56377
2019-01-24,109.492,2.722,111.19274,-1.54136,-0.93433,7.12442,0.38207,-9.56377
2019-01-25,109.597,2.768,111.68159,-1.88419,-1.14404,7.08186,0.39086,-9.56377
2019-01-28,109.4,2.764,111.46669,-1.87149,-1.13835,6.94852,0.39778,-9.56377
2019-01-29,109.254,2.719,111.05661,-1.63647,-0.99717,6.94582,0.39146,-9.56377
2019-01-30,109.417,2.679,111.29684,-1.70346,-1.03887,6.95584,0.38514,-9.56377
2019-01-31,108.981,2.619,111.3987,-2.19421,-1.33836,6.93707,0.37754,-9.56377
2019-02-01,108.844,2.699,111.78897,-2.66973,-1.6294,6.93119,0.3894,-11.37601
2019-02-04,109.438,2.701,111.83002,-2.16219,-1.31926,7.02959,0.38423,-11.37601
2019-02-05,109.961,2.696,111.91794,-1.76402,-1.07796,7.09709,0.37987,-11.37601
2019-02-06,109.941,2.681,111.82928,-1.70296,-1.04265,7.04896,0.38034,-11.37601
2019-02-07,109.974,2.636,111.4784,-1.35868,-0.83307,7.05067,0.37387,-11.37601
2019-02-08,109.756,2.616,111.55936,-1.62971,-1.00133,7.05488,0.37081,-11.37601
2019-02-11,109.81,2.646,111.62926,-1.64316,-1.01087,7.05259,0.37518,-11.37601
2019-02-12,110.4,2.663,111.73183,-1.19915,-0.73942,7.14487,0.37271,-11.37601
2019-02-13,110.515,2.698,111.60751,-0.98371,-0.60879,7.15074,0.3773,-11.37601
2019-02-14,110.923,2.668,111.20346,-0.25253,-0.15668,7.05907,0.37795,-11.37601
2019-02-15,110.538,2.689,111.50854,-0.87418,-0.54455,7.07374,0.38014,-11.37601
2019-02-18,110.564,2.696,111.52217,-0.86288,-0.53935,7.05512,0.38213,-11.37601
2019-02-19,110.591,2.683,111.46327,-0.78564,-0.49151,7.02756,0.38178,-11.37601
2019-02-20,110.572,2.682,111.69322,-1.00891,-0.63183,7.02764,0.38164,-11.37601
2019-02-21,110.765,2.712,111.61972,-0.76869,-0.48151,7.03988,0.38523,-11.37601
2019-02-22,110.708,2.658,111.79481,-0.9769,-0.61245,6.9515,0.38236,-11.37601
2019-02-25,110.772,2.684,111.6344,-0.77552,-0.48614,6.93263,0.38715,-11.37601
2019-02-26,111.046,2.649,111.36499,-0.28685,-0.17981,6.95019,0.38114,-11.37601
2019-02-27,110.556,2.664,111.44475,-0.80068,-0.50193,6.99552,0.38082,-11.37601
2019-02-28,110.862,2.674,111.48126,-0.55703,-0.34911,6.98902,0.3826,-11.37601
2019-03-01,111.357,2.7,112.09832,-0.66351,-0.41581,7.05213,0.38286,-11.79694
2019-03-04,111.938,2.696,111.63082,0.2748,0.17219,6.96804,0.38691,-11.79694
2019-03-05,111.777,2.691,111.55911,0.19512,0.12226,6.94184,0.38765,-11.79694
2019-03-06,111.866,2.666,111.13626,0.65446,0.41037,6.91701,0.38543,-11.79694
2019-03-07,111.623,2.617,110.69013,0.83924,0.52637,6.92244,0.37805,-11.79694
2019-03-08,111.634,2.597,110.86043,0.69537,0.43604,6.80928,0.38139,-11.79694
2019-03-11,111.08,2.617,111.41738,-0.30327,-0.1902,6.86237,0.38136,-11.79694
2019-03-12,111.342,2.603,111.56954,-0.20415,-0.12804,6.88226,0.37822,-11.79694
2019-03-13,111.306,2.608,111.6297,-0.2904,-0.18219,6.86036,0.38015,-11.79694
2019-03-14,111.196,2.623,111.67855,-0.43303,-0.27198,6.85756,0.3825,-11.79694
2019-03-15,111.753,2.595,111.84866,-0.08557,-0.05381,6.87227,0.3776,-11.79694
2019-03-18,111.561,2.611,111.77365,-0.19043,-0.11978,6.86018,0.3806,-11.79694
2019-03-19,111.373,2.621,111.61772,-0.21949,-0.13807,6.86499,0.38179,-11.79694
2019-03-20,111.401,2.562,111.20241,0.17842,0.11225,6.49542,0.39443,-11.79694
2019-03-21,110.66,2.572,111.40856,-0.67417,-0.4242,6.6295,0.38796,-11.79694
2019-03-22,110.806,2.488,110.23703,0.51481,0.32387,6.49497,0.38307,-11.79694
2019-03-25,110.081,2.442,110.12424,-0.03927,-0.0247,6.62691,0.3685,-11.79694
2019-03-26,110.068,2.409,110.49428,-0.38654,-0.24319,6.45861,0.37299,-11.79694
2019-03-27,110.554,2.39,110.28491,0.2437,0.15332,6.49307,0.36809,-11.79694
2019-03-28,110.49,2.408,110.59693,-0.09673,-0.06088,6.42347,0.37488,-11.79694
2019-03-29,110.637,2.453,110.94565,-0.27859,-0.17546,6.29553,0.38964,-11.79694
2019-04-01,110.995,2.504,111.15943,-0.14803,-0.09323,6.32563,0.39585,-11.86561
2019-04-02,111.451,2.46,110.99911,0.40628,0.25587,4.77666,0.515,-11.86561
2019-04-03,111.305,2.49,110.95444,0.31546,0.19866,4.75631,0.52351,-11.86561
2019-04-04,111.395,2.486,110.99472,0.35998,0.2267,4.59292,0.54127,-11.86561
2019-04-05,111.658,2.506,111.2623,0.35501,0.22357,4.60855,0.54377,-11.86561
2019-04-08,111.711,2.517,111.07611,0.56995,0.35895,4.60377,0.54673,-11.86561
2019-04-09,111.456,2.513,110.69759,0.68278,0.43005,4.48367,0.56048,-11.86561
2019-04-10,111.105,2.478,110.84811,0.23149,0.14581,4.54037,0.54577,-11.86561
2019-04-11,110.985,2.518,111.1744,-0.17051,-0.1074,4.54468,0.55405,-11.86561
2019-04-12,111.621,2.569,111.68233,-0.05493,-0.03461,4.64402,0.55318,-11.86561
2019-04-15,112.028,2.565,111.57147,0.40834,0.2576,4.6442,0.5523,-11.86561
2019-04-16,111.943,2.565,111.57815,0.32646,0.20645,4.60681,0.55678,-11.86561
2019-04-17,111.993,2.55,111.36532,0.56203,0.35609,4.60495,0.55375,-11.86561
2019-04-18,112.036,2.536,111.50307,0.47681,0.30245,4.5238,0.56059,-11.86561
2019-04-19,111.989,2.531,111.4886,0.44783,0.28465,4.52607,0.5592,-11.86561
2019-04-22,111.91,2.532,111.16308,0.66967,0.42763,4.48415,0.56465,-11.86561
2019-04-23,111.929,2.508,111.10555,0.73841,0.47209,4.48069,0.55974,-11.86561
2019-04-24,111.877,2.472,110.62667,1.12388,0.71882,4.48187,0.55156,-11.86561
2019-04-25,112.13,2.477,110.62431,1.3519,0.86437,4.47711,0.55326,-11.86561
2019-04-26,111.539,2.433,110.9072,0.56805,0.36293,4.60681,0.52813,-11.86561
2019-04-29,111.593,2.453,110.82802,0.68787,0.43956,4.60088,0.53316,-11.86561
2019-04-30,111.677,2.423,110.65614,0.91832,0.58672,4.51753,0.53636,-11.86561
2019-05-01,111.395,2.463,110.21297,1.06679,0.68137,4.54341,0.5421,-9.38037
2019-05-02,111.452,2.503,110.62119,0.74824,0.47769,4.42504,0.56564,-9.38037
2019-05-03,111.495,2.483,111.1502,0.30974,0.1977,4.33058,0.57336,-9.38037
2019-05-06,110.623,2.463,110.08775,0.48503,0.30959,4.62142,0.53295,-9.38037
2019-05-07,110.805,2.436,108.96151,1.67772,1.07093,4.63161,0.52595,-9.38037
2019-05-08,110.257,2.456,108.9727,1.17167,0.74706,4.72377,0.51992,-9.38037
2019-05-09,110.028,2.418,108.94051,0.99329,0.63326,4.74244,0.50986,-9.38037
2019-05-10,109.807,2.418,109.82898,-0.02001,-0.01276,4.63376,0.52182,-9.38037
2019-05-13,109.654,2.339,108.33898,1.20649,0.77015,4.6353,0.50461,-9.38037
2019-05-14,109.154,2.359,108.98047,0.1591,0.10161,4.65357,0.50692,-9.38037
2019-05-15,109.671,2.32,109.29106,0.34704,0.22185,4.71154,0.49241,-9.38037
2019-05-16,109.475,2.366,109.73188,-0.23437,-0.14985,4.72263,0.50099,-9.38037
2019-05-17,109.871,2.364,109.53824,0.30333,0.19414,4.78188,0.49437,-9.38037
2019-05-20,110.16,2.364,109.4472,0.64916,0.41589,4.81292,0.49118,-9.38037
2019-05-21,110.07,2.414,110.03563,0.03123,0.02004,4.80117,0.50279,-9.38037
2019-05-23,110.221,2.273,109.3901,0.75671,0.48566,4.80935,0.47262,-9.38037
2019-05-24,109.558,2.315,109.76885,-0.19227,-0.12342,4.95278,0.46741,-9.38037
2019-05-27,109.401,2.316,109.7708,-0.33745,-0.21661,4.92952,0.46982,-9.38037
2019-05-28,109.509,2.282,109.00327,0.46289,0.29718,4.86108,0.46944,-9.38037
2019-05-29,109.346,2.263,108.89534,0.413,0.26519,4.83176,0.46836,-9.38037
2019-05-30,109.542,2.229,109.23382,0.28173,0.18096,4.7558,0.46869,-9.38037
2019-05-31,109.357,2.129,108.77288,0.53557,0.34416,4.63208,0.45962,-9.38037
2019-06-03,108.212,2.0,108.69846,-0.44854,-0.2882,5.05452,0.39569,-7.95375
2019-06-04,108.027,2.066,109.36687,-1.23268,-0.79197,5.05297,0.40887,-7.95375
2019-06-05,108.254,2.051,109.7428,-1.36592,-0.8772,5.06954,0.40457,-7.95375
2019-06-06,108.328,2.087,109.77825,-1.32988,-0.85346,5.07363,0.41134,-7.95375
2019-06-07,108.454,2.047,109.33567,-0.80965,-0.51935,5.00044,0.40936,-7.95375
2019-06-10,108.449,2.099,109.72043,-1.16556,-0.74841,4.97001,0.42233,-7.95375
2019-06-11,108.359,2.124,109.77446,-1.29781,-0.8333,4.97065,0.42731,-7.95375
2019-06-12,108.474,2.075,109.89354,-1.30015,-0.8357,4.97812,0.41682,-7.95375
2019-06-13,108.488,2.03,109.61206,-1.03079,-0.66258,4.85763,0.4179,-7.95375
2019-06-14,108.321,2.046,109.7545,-1.3147,-0.84624,4.85589,0.42134,-7.95375
2019-06-17,108.576,2.056,109.86722,-1.18222,-0.76143,4.88179,0.42116,-7.95375
2019-06-18,108.539,2.063,109.81724,-1.17079,-0.75415,4.87999,0.42275,-7.95375
2019-06-19,108.573,1.954,109.78221,-1.10758,-0.71355,4.71287,0.41461,-7.95375
2019-06-20,108.115,1.955,109.34992,-1.13575,-0.73141,4.76558,0.41023,-7.95375
2019-06-21,107.277,2.009,109.21207,-1.78773,-1.15094,4.83535,0.41548,-7.95375
2019-06-24,107.312,1.952,109.09441,-1.64732,-1.05919,4.83725,0.40353,-7.95375
2019-06-25,107.327,1.938,108.67364,-1.2469,-0.80083,4.73915,0.40893,-7.95375
2019-06-26,107.166,1.987,108.69527,-1.41692,-0.90948,4.7436,0.41888,-7.95375
2019-06-27,107.738,1.953,108.68688,-0.87688,-0.56262,4.87122,0.40093,-7.95375
2019-06-28,107.747,1.972,108.99558,-1.15214,-0.73913,4.81567,0.4095,-7.95375
2019-07-01,108.382,2.004,109.62771,-1.14281,-0.73279,4.89663,0.40926,-8.29228
2019-07-02,108.366,1.99,110.32347,-1.79023,-1.14733,4.89377,0.40664,-8.29228
2019-07-03,107.805,1.995,110.32671,-2.3122,-1.47992,4.97866,0.40071,-8.29228
2019-07-04,107.779,1.991,110.30524,-2.31686,-1.47977,4.94461,0.40266,-8.29228
2019-07-05,107.808,2.081,110.26467,-2.25317,-1.43617,4.94303,0.421,-8.29228
2019-07-08,108.474,2.082,110.00362,-1.40028,-0.89081,5.10925,0.4075,-8.29228
2019-07-09,108.721,2.117,110.06446,-1.22812,-0.78068,5.10698,0.41453,-8.29228
2019-07-10,108.924,2.008,109.79914,-0.80023,-0.50864,5.12368,0.39191,-8.29228
2019-07-11,108.334,2.044,110.01679,-1.54139,-0.97953,5.07684,0.40261,-8.29228
2019-07-12,108.588,2.024,110.15109,-1.42921,-0.90738,5.0406,0.40154,-8.29228
2019-07-15,107.832,2.014,110.00951,-1.99923,-1.26828,5.20504,0.38693,-8.29228
2019-07-16,107.889,2.061,110.32028,-2.22848,-1.41257,5.20573,0.39591,-8.29228
2019-07-17,108.201,2.016,109.76923,-1.43897,-0.91041,5.24873,0.38409,-8.29228
2019-07-18,107.937,1.967,109.97374,-1.86939,-1.18205,5.26222,0.3738,-8.29228
2019-07-19,107.401,2.003,109.66734,-2.08821,-1.31863,5.33508,0.37544,-8.29228
2019-07-22,107.81,2.004,109.93073,-1.948,-1.22799,5.40678,0.37065,-8.29228
2019-07-23,107.904,2.035,110.35209,-2.24341,-1.4129,5.41469,0.37583,-8.29228
2019-07-24,108.232,2.036,110.66724,-2.22508,-1.39862,5.43339,0.37472,-8.29228
2019-07-25,108.189,2.067,110.44555,-2.06429,-1.29505,5.34797,0.3865,-8.29228
2019-07-26,108.666,2.072,110.7178,-1.87057,-1.17234,5.43342,0.38134,-8.29228
2019-07-29,108.633,2.063,110.34743,-1.56586,-0.98002,5.42825,0.38005,-8.29228
2019-07-30,108.866,2.063,109.76613,-0.82343,-0.51505,5.43554,0.37954,-8.29228
2019-07-31,108.562,2.099,109.03996,-0.4393,-0.27479,5.4541,0.38485,-8.29228
2019-08-01,108.82,1.919,108.37865,0.4064,0.25431,5.48042,0.35016,-4.73968
2019-08-02,107.431,1.925,108.3266,-0.83019,-0.51989,5.83646,0.32982,-4.73968
2019-08-05,106.577,1.806,106.32744,0.23444,0.14681,6.00999,0.3005,-4.73968
2019-08-06,105.593,1.821,107.57943,-1.86374,-1.16717,6.1959,0.2939,-4.73968
2019-08-07,106.337,1.827,108.12339,-1.66598,-1.04233,6.3774,0.28648,-4.73968
2019-08-08,106.121,1.863,108.88106,-2.56761,-1.60574,6.37762,0.29212,-4.73968
2019-08-09,105.874,1.903,108.50334,-2.45313,-1.53025,6.38544,0.29802,-4.73968
2019-08-12,105.382,1.853,107.39284,-1.89016,-1.17697,6.3877,0.29009,-4.73968
2019-08-13,105.358,1.951,108.43176,-2.8757,-1.78846,6.29736,0.30981,-4.73968
2019-08-14,106.59,1.857,106.97064,-0.35647,-0.22113,6.75266,0.275,-4.73968
2019-08-15,105.916,1.762,107.03621,-1.05209,-0.6537,6.80419,0.25896,-4.73968
2019-08-16,106.083,1.759,107.74495,-1.55451,-0.96587,6.78727,0.25916,-4.73968
2019-08-19,106.43,1.815,108.31032,-1.75129,-1.08717,6.8309,0.2657,-4.73968
2019-08-20,106.574,1.795,107.96439,-1.29619,-0.80371,6.83069,0.26278,-4.73968
2019-08-21,106.274,1.865,108.78754,-2.33761,-1.44889,6.75534,0.27608,-4.73968
2019-08-22,106.597,1.923,108.71902,-1.97114,-1.21925,6.78881,0.28326,-4.73968
2019-08-23,106.468,1.811,107.30898,-0.78678,-0.48601,6.78463,0.26693,-4.73968
2019-08-26,104.852,1.863,107.74666,-2.72329,-1.68199,7.40435,0.25161,-4.73968
2019-08-27,105.978,1.833,107.1801,-1.12791,-0.69516,7.7306,0.23711,-4.73968
2019-08-28,105.738,1.804,107.19843,-1.37173,-0.84551,7.73499,0.23323,-4.73968
2019-08-29,106.07,1.847,107.72511,-1.54835,-0.95504,7.49662,0.24638,-4.73968
2019-08-30,106.438,1.807,107.26759,-0.77638,-0.47872,7.52889,0.24001,-4.73968
2019-09-02,106.128,1.799,107.21468,-1.01872,-0.62855,7.53251,0.23883,-5.77936
2019-09-03,106.193,1.765,107.13089,-0.87932,-0.54303,7.53214,0.23433,-5.77936
2019-09-04,105.861,1.735,107.41012,-1.45275,-0.8976,7.54683,0.2299,-5.77936
2019-09-05,106.325,1.846,108.18253,-1.73195,-1.07002,7.6064,0.24269,-5.77936
2019-09-06,107.072,1.832,108.50655,-1.33091,-0.82211,7.74479,0.23655,-5.77936
2019-09-09,106.945,1.899,108.52441,-1.46604,-0.90594,7.74309,0.24525,-5.77936
2019-09-10,107.337,1.964,108.83211,-1.3833,-0.85482,7.78174,0.25239,-5.77936
2019-09-11,107.6,1.959,109.22774,-1.50144,-0.92782,7.79404,0.25135,-5.77936
2019-09-12,108.021,2.005,109.61792,-1.46752,-0.90696,7.8201,0.25639,-5.77936
2019-09-13,108.176,2.041,109.97268,-1.64724,-1.01847,7.82576,0.26081,-5.77936
2019-09-16,107.765,1.991,108.32717,-0.52031,-0.32164,7.86122,0.25327,-5.77936
2019-09-17,108.161,1.968,108.8072,-0.59566,-0.36851,7.85208,0.25063,-5.77936
2019-09-18,108.087,2.039,109.4123,-1.21869,-0.75437,7.69265,0.26506,-5.77936
2019-09-19,108.425,2.045,109.29027,-0.79487,-0.49201,7.716,0.26503,-5.77936
2019-09-20,108.041,2.0,108.59175,-0.50847,-0.31501,7.75163,0.25801,-5.77936
2019-09-23,107.652,1.99,108.63911,-0.91277,-0.56592,7.78075,0.25576,-5.77936
2019-09-24,107.614,1.924,107.75617,-0.13203,-0.08197,7.70751,0.24963,-5.77936
2019-09-25,107.163,2.026,108.64269,-1.37133,-0.85252,7.75269,0.26133,-5.77936
2019-09-26,107.692,1.991,108.3813,-0.63803,-0.39842,7.72522,0.25773,-5.77936
2019-09-27,107.756,1.951,107.88545,-0.12006,-0.07526,7.72646,0.25251,-5.77936
2019-09-30,107.944,1.953,108.31858,-0.34641,-0.21833,7.66461,0.25481,-5.77936
2019-10-01,108.069,1.854,107.3269,0.68906,0.43633,7.66777,0.24179,-6.63439
2019-10-02,107.737,1.789,106.60778,1.05366,0.67042,7.69292,0.23255,-6.63439
2019-10-03,107.163,1.715,106.66309,0.46759,0.29899,7.66186,0.22384,-6.63439
2019-10-04,106.826,1.735,107.27836,-0.42257,-0.27105,7.66766,0.22628,-6.63439
2019-10-07,106.764,1.798,107.27852,-0.48077,-0.30983,7.65545,0.23487,-6.63439
2019-10-08,107.251,1.743,106.35641,0.8376,0.5428,7.64477,0.228,-6.63439
2019-10-09,106.961,1.794,107.00518,-0.0413,-0.02687,7.64432,0.23468,-6.63439
2019-10-10,107.178,1.845,107.43399,-0.23856,-0.15619,7.53272,0.24493,-6.63439
2019-10-11,107.88,1.925,108.24114,-0.3342,-0.21998,7.64766,0.25171,-6.63439
2019-10-14,108.459,1.925,108.66583,-0.19052,-0.12602,7.70121,0.24996,-6.63439
2019-10-15,108.388,1.891,108.9018,-0.47292,-0.31506,7.68609,0.24603,-6.63439
2019-10-16,108.817,1.847,108.54347,0.25169,0.16874,7.65529,0.24127,-6.63439
2019-10-17,108.677,1.854,108.4566,0.20301,0.13713,7.62581,0.24312,-6.63439
2019-10-18,108.581,1.824,108.17001,0.37923,0.25804,7.62692,0.23915,-6.63439
2019-10-21,108.408,1.865,108.45695,-0.04514,-0.03099,7.61068,0.24505,-6.63439
2019-10-22,108.601,1.845,108.11094,0.45227,0.31211,7.6182,0.24218,-6.63439
2019-10-23,108.483,1.832,108.05666,0.39378,0.27219,7.57006,0.24201,-6.63439
2019-10-24,108.642,1.836,108.1211,0.48062,0.33283,7.57569,0.24235,-6.63439
2019-10-25,108.606,1.873,108.62882,-0.02101,-0.01458,7.56342,0.24764,-6.63439
2019-10-28,108.734,1.859,108.42291,0.28651,0.19895,7.54626,0.24635,-6.63439
2019-10-29,108.964,1.848,108.32991,0.58363,0.40549,7.54314,0.24499,-6.63439
2019-10-30,108.874,1.828,108.62535,0.22864,0.15904,7.07851,0.25825,-6.63439
2019-10-31,108.789,1.759,108.00224,0.72583,0.50525,6.88359,0.25554,-6.63439
2019-11-01,107.996,1.834,108.55068,-0.5123,-0.35708,6.78291,0.27039,-7.60796
2019-11-04,108.22,1.874,108.48307,-0.24279,-0.16971,6.65631,0.28154,-7.60796
2019-11-05,108.694,1.871,108.27979,0.3818,0.26808,6.68905,0.27971,-7.60796
2019-11-06,109.146,1.802,108.19491,0.87521,0.61782,6.70785,0.26864,-7.60796
2019-11-07,108.913,1.872,108.42721,0.44704,0.3167,6.648,0.28159,-7.60796
2019-11-08,109.274,1.857,108.55064,0.66417,0.47231,6.66936,0.27844,-7.60796
2019-11-11,109.226,1.874,108.4208,0.73992,0.52747,6.28244,0.29829,-7.60796
2019-11-12,109.042,1.834,108.22136,0.75544,0.54073,6.14722,0.29835,-7.60796
2019-11-13,108.993,1.825,108.02627,0.89092,0.64084,6.14565,0.29696,-7.60796
2019-11-14,108.798,1.785,107.80693,0.9151,0.66172,6.134,0.291,-7.60796
2019-11-15,108.492,1.81,108.15386,0.31216,0.22712,6.16289,0.29369,-7.60796
2019-11-18,108.699,1.806,108.03407,0.61359,0.44848,6.13863,0.2942,-7.60796
2019-11-19,108.662,1.808,108.00735,0.60429,0.4427,6.11589,0.29562,-7.60796
2019-11-20,108.445,1.774,107.75118,0.64184,0.47175,6.12585,0.28959,-7.60796
2019-11-21,108.478,1.799,107.6463,0.76965,0.56751,5.24352,0.34309,-7.60796
2019-11-22,108.585,1.801,107.91198,0.62174,0.46036,4.82298,0.37342,-7.60796
2019-11-25,108.73,1.801,108.0184,0.65661,0.48854,4.79617,0.37551,-7.60796
2019-11-26,108.992,1.774,107.93466,0.97484,0.72919,4.78175,0.37099,-7.60796
2019-11-27,109.097,1.83,108.12122,0.89844,0.6755,4.7433,0.38581,-7.60796
2019-11-28,109.367,1.809,108.00073,1.25712,0.9509,4.71287,0.38384,-7.60796
2019-11-29,109.512,1.789,107.73057,1.64008,1.24817,4.71586,0.37936,-7.60796
2019-12-02,109.535,1.78,107.18846,2.16556,1.6565,4.65861,0.38209,-8.10308
2019-12-03,109.022,1.686,106.53044,2.31189,1.77583,4.7082,0.3581,-8.10308
2019-12-04,108.653,1.736,106.89418,1.63199,1.25753,4.57256,0.37966,-8.10308
2019-12-05,108.832,1.732,106.91794,1.77438,1.37178,4.57192,0.37883,-8.10308
2019-12-06,108.738,1.742,107.12163,1.49764,1.15901,4.52521,0.38495,-8.10308
2019-12-09,108.627,1.747,106.67246,1.81569,1.40854,4.50853,0.38749,-8.10308
2019-12-10,108.582,1.768,106.80938,1.64599,1.27986,4.44465,0.39778,-8.10308
2019-12-11,108.764,1.718,106.75514,1.86426,1.45585,4.44788,0.38625,-8.10308
2019-12-12,108.549,1.789,107.26287,1.19192,0.93491,4.3976,0.40681,-8.10308
2019-12-13,109.413,1.74,107.27097,1.97716,1.55773,4.61467,0.37706,-8.10308
2019-12-16,109.4,1.787,107.59237,1.66611,1.31207,4.61174,0.38749,-8.10308
2019-12-17,109.576,1.755,107.38508,2.01971,1.59066,4.58247,0.38298,-8.10308
2019-12-18,109.516,1.757,107.33522,2.01138,1.58234,4.52249,0.3885,-8.10308
2019-12-19,109.551,1.733,107.24524,2.12721,1.6708,4.45529,0.38898,-8.10308
2019-12-20,109.383,1.733,107.27666,1.94444,1.52404,4.46833,0.38784,-8.10308
2019-12-23,109.499,1.738,107.27437,2.05257,1.60899,4.37793,0.39699,-8.10308
2019-12-24,109.382,1.717,107.15169,2.06009,1.61262,4.28611,0.4006,-8.10308
2019-12-25,109.383,1.733,107.23893,1.97962,1.54649,4.28579,0.40436,-8.10308
2019-12-26,109.369,1.759,107.34071,1.87196,1.46042,4.2754,0.41142,-8.10308
2019-12-27,109.542,1.714,106.99572,2.35192,1.83134,4.28005,0.40046,-8.10308
2019-12-30,109.428,1.714,106.75007,2.47765,1.9229,4.23555,0.40467,-8.10308
2019-12-31,108.873,1.714,107.06425,1.6753,1.29548,4.22204,0.40596,-8.10308
2020-01-01,108.681,1.714,107.08428,1.48008,1.14277,4.18563,0.4095,-8.899
2020-01-02,108.713,1.714,107.35991,1.25245,0.96579,4.18204,0.40985,-8.899
2020-01-03,108.543,1.664,106.77868,1.63882,1.26283,4.10679,0.40518,-8.899
2020-01-06,107.964,1.676,106.875,1.01379,0.78,4.21507,0.39762,-8.899
2020-01-07,108.406,1.661,106.85653,1.43964,1.1072,4.2721,0.3888,-8.899
2020-01-08,108.016,1.707,107.20325,0.75528,0.58409,4.13874,0.41244,-8.899
2020-01-09,109.031,1.712,107.43464,1.47496,1.14277,4.41625,0.38766,-8.899
2020-01-10,109.507,1.697,107.39783,1.94485,1.50849,4.49521,0.37751,-8.899
2020-01-13,109.566,1.717,107.59783,1.81267,1.40701,4.42969,0.38761,-8.899
2020-01-14,109.992,1.709,107.55318,2.24222,1.73936,4.48374,0.38116,-8.899
2020-01-15,109.854,1.684,107.48501,2.18008,1.68763,4.48797,0.37523,-8.899
2020-01-16,109.883,1.708,107.60643,2.09358,1.6171,4.47339,0.38181,-8.899
2020-01-17,110.175,1.715,107.70751,2.26507,1.7458,4.48922,0.38203,-8.899
2020-01-20,110.18,1.706,107.69453,2.28166,1.7578,4.48144,0.38068,-8.899
2020-01-21,110.173,1.656,107.32409,2.61987,2.01994,4.47497,0.37006,-8.899
2020-01-22,109.908,1.651,107.37816,2.32868,1.79423,4.50459,0.36651,-8.899
2020-01-23,109.728,1.642,107.39946,2.14494,1.65106,4.51468,0.3637,-8.899
2020-01-24,109.552,1.623,107.0284,2.33052,1.79126,4.51003,0.35986,-8.899
2020-01-27,108.802,1.584,106.23155,2.39086,1.83399,4.7169,0.33581,-8.899
2020-01-28,108.92,1.586,106.63193,2.12307,1.62905,4.71926,0.33607,-8.899
2020-01-29,109.132,1.554,106.50186,2.43957,1.87263,4.4922,0.34593,-8.899
2020-01-30,108.987,1.559,106.79943,2.02761,1.55481,4.48506,0.3476,-8.899
2020-01-31,108.877,1.489,105.95707,2.71848,2.08228,4.40581,0.33796,-8.899
2020-02-03,108.372,1.525,106.45516,1.78459,1.36366,4.42254,0.34482,-8.77422
2020-02-04,108.612,1.56,106.98192,1.5122,1.1586,4.42717,0.35237,-8.77422
2020-02-05,109.447,1.581,107.19862,2.0757,1.59958,4.64134,0.34063,-8.77422
2020-02-06,109.814,1.571,107.24528,2.36695,1.82847,4.68751,0.33515,-8.77422
2020-02-07,109.968,1.557,107.15772,2.58876,2.00972,4.68076,0.33264,-8.77422
2020-02-10,109.645,1.528,107.24158,2.21638,1.72523,4.71976,0.32375,-8.77422
2020-02-11,109.766,1.568,107.36913,2.20781,1.72604,4.70825,0.33303,-8.77422
2020-02-12,109.843,1.593,107.70246,1.96797,1.5415,4.67086,0.34105,-8.77422
2020-02-13,109.846,1.594,107.61861,2.04858,1.61171,4.65801,0.34221,-8.77422
2020-02-14,109.758,1.564,107.58083,2.00355,1.58051,4.66096,0.33555,-8.77422
2020-02-17,109.791,1.567,107.62126,1.99604,1.58235,4.64032,0.33769,-8.77422
2020-02-18,109.83,1.561,107.35006,2.28386,1.81991,4.64038,0.33639,-8.77422
2020-02-19,109.919,1.576,107.44486,2.2766,1.82068,4.6393,0.33971,-8.77422
2020-02-20,111.21,1.543,107.09567,3.76977,3.0281,5.17305,0.29828,-8.77422
2020-02-21,111.954,1.505,106.76984,4.74126,3.79442,5.31002,0.28343,-8.77422
2020-02-24,111.557,1.425,105.60861,5.47958,4.34346,5.36793,0.26547,-8.77422
2020-02-25,110.857,1.401,105.57098,4.88576,3.8319,5.51175,0.25418,-8.77422
2020-02-26,110.286,1.361,105.77247,4.17867,3.2678,5.61054,0.24258,-8.77422
2020-02-27,110.363,1.32,105.24178,4.75146,3.70391,5.61173,0.23522,-8.77422
2020-02-28,109.66,1.118,105.05614,4.28898,3.32746,5.68068,0.19681,-8.77422
2020-03-02,107.697,1.104,105.5442,2.01919,1.55687,6.71088,0.16451,-4.70719
2020-03-03,108.487,0.96,105.19133,3.08495,2.38568,6.86591,0.13982,-4.70719
2020-03-04,107.037,0.95,105.54971,1.39926,1.08233,7.36991,0.1289,-4.70719
2020-03-05,107.677,0.841,105.25434,2.27563,1.77326,7.47183,0.11256,-4.70719
2020-03-06,106.248,0.777,105.27415,0.92081,0.71998,7.92599,0.09803,-4.70719
2020-03-09,103.938,0.694,105.06389,-1.0774,-0.8467,9.01787,0.07696,-4.70719
2020-03-10,103.112,0.748,105.19799,-2.00284,-1.57985,9.13103,0.08192,-4.70719
2020-03-11,105.026,0.734,105.0044,0.02057,0.01627,9.75671,0.07523,-4.70719
2020-03-12,104.55,0.725,104.88053,-0.31565,-0.25118,9.78699,0.07408,-4.70719
2020-03-13,104.61,0.695,104.87274,-0.25085,-0.20065,9.77918,0.07107,-4.70719
2020-03-16,106.688,0.555,104.35575,2.2103,1.77972,10.59678,0.05237,-4.70719
2020-03-17,106.175,0.661,104.80184,1.30174,1.05109,10.63209,0.06217,-4.70719
2020-03-18,107.377,0.705,104.91882,2.31591,1.87733,10.88611,0.06476,-4.70719
2020-03-19,108.36,0.605,104.94816,3.19925,2.60286,11.04481,0.05478,-4.70719
2020-03-20,111.291,0.535,104.95873,5.85811,4.76967,12.27889,0.04357,-4.70719
2020-03-23,110.462,0.49,105.23733,4.84534,3.88586,12.37636,0.03959,-4.70719
2020-03-24,110.827,0.61,105.85114,4.59367,3.6523,12.39214,0.04922,-4.70719
2020-03-25,111.12,0.581,106.049,4.67095,3.68285,12.39871,0.04686,-4.70719
2020-03-26,110.876,0.541,106.23137,4.2793,3.33768,12.40568,0.04361,-4.70719
2020-03-27,109.109,0.427,106.25413,2.65138,2.05009,12.78469,0.0334,-4.70719
2020-03-30,107.413,0.404,106.44094,0.9091,0.7007,13.16098,0.0307,-4.70719
2020-03-31,108.035,0.36,106.37028,1.55291,1.1974,13.21464,0.02724,-4.70719
2020-04-01,107.508,0.37,106.38386,1.05114,0.81032,13.24632,0.02793,-3.13422
2020-04-02,107.257,0.365,106.09319,1.091,0.84123,13.21195,0.02763,-3.13422
2020-04-03,108.001,0.37,105.91611,1.94932,1.50246,13.2604,0.0279,-3.13422
2020-04-06,108.693,0.401,106.09726,2.41711,1.85954,13.30234,0.03015,-3.13422
2020-04-07,109.115,0.412,106.25536,2.65571,2.03862,13.19211,0.03123,-3.13422
2020-04-08,108.651,0.402,106.22992,2.25351,1.72458,13.18936,0.03048,-3.13422
2020-04-09,108.922,0.377,106.27165,2.46334,1.88229,13.19913,0.02856,-3.13422
2020-04-10,108.561,0.407,106.41074,2.00057,1.5253,13.18957,0.03086,-3.13422
2020-04-13,108.336,0.43,106.50295,1.70648,1.29851,13.19323,0.03259,-3.13422
2020-04-14,107.623,0.4,106.55408,0.99818,0.75879,13.25432,0.03018,-3.13422
2020-04-15,107.104,0.36,106.61542,0.45722,0.34764,13.2704,0.02713,-3.13422
2020-04-16,107.609,0.36,106.61078,0.93197,0.70887,13.3101,0.02705,-3.13422
2020-04-17,107.945,0.346,106.57239,1.27973,0.97299,13.32831,0.02596,-3.13422
2020-04-20,107.67,0.335,106.80162,0.80979,0.61515,13.32925,0.02513,-3.13422
2020-04-21,107.669,0.333,107.38961,0.25983,0.19731,13.32671,0.02499,-3.13422
2020-04-22,107.721,0.362,107.3689,0.3274,0.24862,13.32495,0.02717,-3.13422
2020-04-23,107.813,0.368,107.31675,0.46136,0.35034,13.25878,0.02776,-3.13422
2020-04-24,107.667,0.388,107.36022,0.28534,0.21666,13.25857,0.02926,-3.13422
2020-04-27,107.495,0.414,107.5795,-0.07857,-0.05967,13.25439,0.03123,-3.13422
2020-04-28,107.283,0.379,107.42449,-0.1318,-0.10015,13.25717,0.02859,-3.13422
2020-04-29,106.741,0.379,107.19069,-0.42041,-0.31956,13.29137,0.02851,-3.13422
2020-04-30,106.61,0.384,106.9611,-0.32879,-0.24996,13.26361,0.02895,-3.13422
2020-05-01,107.285,0.364,106.81786,0.43637,0.33234,13.31989,0.02733,-2.42128
2020-05-04,106.738,0.354,106.72991,0.00758,0.00578,13.25857,0.0267,-2.42128
2020-05-05,106.697,0.354,106.45491,0.22715,0.17343,13.23671,0.02674,-2.42128
2020-05-06,106.452,0.334,106.48808,-0.03389,-0.02589,13.23629,0.02523,-2.42128
2020-05-07,106.191,0.282,106.3444,-0.14435,-0.11028,13.23302,0.02131,-2.42128
2020-05-08,106.359,0.332,106.34462,0.01352,0.01033,13.23573,0.02508,-2.42128
2020-05-11,106.919,0.343,106.45459,0.4353,0.33265,13.28371,0.02582,-2.42128
2020-05-12,107.566,0.339,106.47704,1.01752,0.77774,13.34625,0.0254,-2.42128
2020-05-13,107.138,0.329,106.53533,0.56411,0.43118,13.36598,0.02461,-2.42128
2020-05-14,106.933,0.33,106.40091,0.49883,0.38123,13.36872,0.02468,-2.42128
2020-05-15,107.365,0.329,106.31485,0.98293,0.75113,13.39756,0.02456,-2.42128
2020-05-18,107.208,0.356,106.24255,0.90461,0.691,13.3972,0.02657,-2.42128
2020-05-19,107.381,0.331,106.20895,1.09748,0.83793,13.17799,0.02512,-2.42128
2020-05-20,107.81,0.326,106.12888,1.57162,1.19911,13.12908,0.02483,-2.42128
2020-05-21,107.591,0.346,106.19849,1.30272,0.99268,13.1187,0.02637,-2.42128
2020-05-22,107.631,0.351,106.26869,1.2738,0.96991,13.06821,0.02686,-2.42128
2020-05-25,107.735,0.342,106.26219,1.3765,1.04725,13.03616,0.02623,-2.42128
2020-05-26,107.687,0.342,106.22141,1.37032,1.04172,13.03435,0.02624,-2.42128
2020-05-27,107.491,0.345,106.32141,1.09404,0.83108,12.98079,0.02658,-2.42128
2020-05-28,107.798,0.339,106.29724,1.40197,1.06481,12.48307,0.02716,-2.42128
2020-05-29,107.643,0.324,106.2651,1.28833,0.97755,12.39763,0.02613,-2.42128
2020-06-01,107.708,0.309,106.09674,1.50726,1.14267,12.09839,0.02554,-4.63512
2020-06-02,107.548,0.34,106.12411,1.3328,1.00911,12.04328,0.02823,-4.63512
2020-06-03,108.809,0.36,106.17154,2.4538,1.856,11.95591,0.03011,-4.63512
2020-06-04,108.999,0.356,106.18911,2.61171,1.96882,11.06057,0.03219,-4.63512
2020-06-05,109.15,0.371,106.15082,2.78622,2.09243,10.91767,0.03398,-4.63512
2020-06-08,109.634,0.372,106.27302,3.11362,2.32832,10.35093,0.03594,-4.63512
2020-06-09,108.409,0.362,106.3001,1.96449,1.46122,10.57246,0.03424,-4.63512
2020-06-10,107.797,0.327,106.22831,1.46592,1.08812,10.64579,0.03072,-4.63512
2020-06-11,106.981,0.352,106.56567,0.38899,0.28841,10.02649,0.03511,-4.63512
2020-06-12,106.803,0.348,106.51481,0.2702,0.20032,9.98405,0.03486,-4.63512
2020-06-15,107.311,0.36,106.49626,0.76213,0.56534,9.77076,0.03684,-4.63512
2020-06-16,107.464,0.375,106.49698,0.90393,0.67141,9.59847,0.03907,-4.63512
2020-06-17,107.41,0.355,106.47938,0.8702,0.64678,7.90064,0.04493,-4.63512
2020-06-18,106.894,0.355,106.46898,0.3984,0.2963,7.82354,0.04538,-4.63512
2020-06-19,107.006,0.351,106.48387,0.48914,0.36456,7.79175,0.04505,-4.63512
2020-06-22,106.831,0.352,106.43058,0.37552,0.28034,7.76733,0.04532,-4.63512
2020-06-23,106.903,0.337,106.41588,0.45671,0.34131,7.76492,0.0434,-4.63512
2020-06-24,106.432,0.342,106.54139,-0.10272,-0.07676,7.14545,0.04786,-4.63512
2020-06-25,107.044,0.315,106.43536,0.57021,0.42618,6.54284,0.04814,-4.63512
2020-06-26,107.155,0.312,106.47804,0.63376,0.47363,6.43908,0.04845,-4.63512
2020-06-29,107.218,0.308,106.41593,0.75089,0.56104,6.36729,0.04837,-4.63512
2020-06-30,107.59,0.3,106.40449,1.10799,0.82763,6.38799,0.04696,-4.63512
2020-07-01,107.989,0.315,106.39832,1.48396,1.10771,6.27912,0.05017,-4.79791
2020-07-02,107.366,0.3,106.34196,0.95836,0.71452,6.2476,0.04802,-4.79791
2020-07-03,107.497,0.305,106.3699,1.05403,0.7858,6.19968,0.0492,-4.79791
2020-07-06,107.579,0.297,106.37763,1.12301,0.83699,6.14834,0.04831,-4.79791
2020-07-07,107.359,0.292,106.41844,0.87995,0.65567,6.13587,0.04759,-4.79791
2020-07-08,107.578,0.293,106.40438,1.09695,0.81713,6.11973,0.04788,-4.79791
2020-07-09,107.283,0.298,106.47864,0.75258,0.56033,6.1298,0.04861,-4.79791
2020-07-10,107.236,0.303,106.44161,0.74354,0.55352,5.9886,0.0506,-4.79791
2020-07-13,106.91,0.299,106.56012,0.32781,0.24396,5.94109,0.05033,-4.79791
2020-07-14,107.276,0.285,106.47814,0.74653,0.55559,5.90489,0.04827,-4.79791
2020-07-15,107.245,0.304,106.47291,0.72254,0.53758,5.86984,0.05179,-4.79791
2020-07-16,106.917,0.31,106.5087,0.38261,0.28459,5.87941,0.05273,-4.79791
2020-07-17,107.278,0.29,106.42021,0.80281,0.59714,5.92051,0.04898,-4.79791
2020-07-20,107.09,0.302,106.42016,0.62745,0.46655,5.92911,0.05094,-4.79791
2020-07-21,107.196,0.283,106.38296,0.76135,0.56601,5.93005,0.04772,-4.79791
2020-07-22,106.832,0.276,106.36498,0.43811,0.32561,5.96182,0.04629,-4.79791
2020-07-23,107.175,0.296,106.47235,0.65777,0.48894,5.99086,0.04941,-4.79791
2020-07-24,106.838,0.276,106.43246,0.38031,0.28266,6.0108,0.04592,-4.79791
2020-07-27,105.993,0.285,106.42529,-0.40702,-0.30249,6.13426,0.04646,-4.79791
2020-07-28,105.261,0.275,106.42251,-1.09741,-0.81569,6.28069,0.04378,-4.79791
2020-07-29,105.107,0.253,106.32023,-1.14766,-0.85259,6.14397,0.04118,-4.79791
2020-07-30,105.032,0.244,106.3191,-1.21799,-0.90424,6.0672,0.04022,-4.79791
2020-07-31,104.683,0.254,106.31131,-1.5435,-1.14505,6.09823,0.04165,-4.79791
2020-08-03,105.866,0.25,106.2652,-0.37637,-0.27897,6.50545,0.03843,-5.12141
2020-08-04,106.03,0.246,106.23306,-0.19133,-0.14181,6.4955,0.03787,-5.12141
2020-08-05,105.614,0.241,106.18572,-0.53987,-0.40018,6.53358,0.03689,-5.12141
2020-08-06,105.553,0.236,106.15991,-0.57333,-0.42494,6.44248,0.03663,-5.12141
2020-08-07,105.581,0.256,106.19427,-0.57917,-0.42927,6.31758,0.04052,-5.12141
2020-08-10,105.85,0.266,106.19553,-0.3259,-0.24156,6.29749,0.04224,-5.12141
2020-08-11,105.992,0.278,106.27961,-0.27098,-0.20086,6.29494,0.04416,-5.12141
2020-08-12,106.521,0.272,106.19685,0.30477,0.22589,6.32323,0.04302,-5.12141
2020-08-13,106.822,0.283,106.22795,0.55766,0.41332,6.34442,0.04461,-5.12141
2020-08-14,106.986,0.257,106.18096,0.75532,0.55984,6.3436,0.04051,-5.12141
2020-08-17,106.554,0.259,106.16274,0.36787,0.27259,6.33882,0.04086,-5.12141
2020-08-18,105.995,0.264,106.1822,-0.17645,-0.13081,6.4095,0.04119,-5.12141
2020-08-19,105.224,0.259,106.20352,-0.92658,-0.68715,6.56174,0.03947,-5.12141
2020-08-20,106.079,0.245,106.17838,-0.09364,-0.06942,6.77168,0.03618,-5.12141
2020-08-21,105.665,0.275,106.24668,-0.54899,-0.40733,6.81118,0.04037,-5.12141
2020-08-24,105.877,0.257,106.1858,-0.29123,-0.21623,6.81943,0.03769,-5.12141
2020-08-25,105.993,0.264,106.17573,-0.17225,-0.12802,6.79606,0.03885,-5.12141
2020-08-26,106.405,0.272,106.23338,0.16141,0.1201,6.84191,0.03975,-5.12141
2020-08-27,105.856,0.275,106.28768,-0.40697,-0.30323,6.91207,0.03979,-5.12141
2020-08-28,106.637,0.255,106.20101,0.40969,0.30576,7.07323,0.03605,-5.12141
2020-08-31,105.535,0.255,106.2984,-0.72075,-0.53858,6.95256,0.03668,-5.12141
2020-09-01,106.004,0.25,106.26795,-0.2487,-0.18629,7.0082,0.03567,-5.33772
2020-09-02,105.896,0.26,106.32202,-0.40149,-0.3019,6.99922,0.03715,-5.33772
2020-09-03,106.208,0.25,106.46427,-0.241,-0.18199,6.96318,0.0359,-5.33772
2020-09-04,106.086,0.265,106.46707,-0.35857,-0.27168,6.61478,0.04006,-5.33772
2020-09-07,106.311,0.266,106.4641,-0.14391,-0.10963,6.5432,0.04065,-5.33772
2020-09-08,106.305,0.271,106.56429,-0.24361,-0.18626,6.36908,0.04255,-5.33772
2020-09-09,105.968,0.271,106.48107,-0.483,-0.37045,6.39128,0.0424,-5.33772
2020-09-10,106.231,0.272,106.51981,-0.2715,-0.20861,6.33694,0.04292,-5.33772
2020-09-11,106.143,0.272,106.47065,-0.30822,-0.23715,6.33005,0.04297,-5.33772
2020-09-14,106.145,0.283,106.48081,-0.31587,-0.2431,6.32988,0.04471,-5.33772
2020-09-15,105.715,0.283,106.44466,-0.68784,-0.52957,6.30918,0.04486,-5.33772
2020-09-16,105.381,0.283,106.39249,-0.95527,-0.73563,6.33218,0.04469,-5.33772
2020-09-17,105.062,0.274,106.33747,-1.20671,-0.92902,6.35078,0.04314,-5.33772
2020-09-18,104.698,0.284,106.34324,-1.55919,-1.2002,6.3799,0.04451,-5.33772
2020-09-21,104.537,0.284,106.42287,-1.78794,-1.37573,6.33079,0.04486,-5.33772
2020-09-22,104.69,0.274,106.36465,-1.58697,-1.21933,6.22245,0.04403,-5.33772
2020-09-23,105.034,0.288,106.40336,-1.29531,-0.99454,6.25889,0.04601,-5.33772
2020-09-24,105.304,0.288,106.38509,-1.02141,-0.78436,6.283,0.04584,-5.33772
2020-09-25,105.435,0.276,106.32873,-0.84409,-0.64832,6.24473,0.0442,-5.33772
2020-09-28,105.574,0.285,106.31862,-0.70283,-0.53979,6.20035,0.04597,-5.33772
2020-09-29,105.433,0.254,106.31075,-0.82908,-0.63712,6.10519,0.0416,-5.33772
2020-09-30,105.664,0.27,106.34535,-0.64276,-0.49394,6.11798,0.04413,-5.33772
2020-10-01,105.451,0.27,106.34608,-0.84523,-0.64988,6.12412,0.04409,-5.36402
2020-10-02,105.543,0.27,106.43275,-0.83948,-0.64636,6.11843,0.04413,-5.36402
2020-10-05,105.51,0.276,106.33968,-0.78328,-0.60383,6.10042,0.04524,-5.36402
2020-10-06,105.707,0.266,106.24798,-0.51047,-0.3938,6.09523,0.04364,-5.36402
2020-10-07,105.64,0.286,106.31968,-0.64133,-0.49557,6.09562,0.04692,-5.36402
2020-10-08,105.965,0.262,106.19552,-0.21731,-0.1682,6.1039,0.04292,-5.36402
2020-10-09,106.018,0.287,106.28019,-0.247,-0.19157,6.06251,0.04734,-5.36402
2020-10-12,105.632,0.298,106.36915,-0.69542,-0.54056,6.10189,0.04884,-5.36402
2020-10-13,105.339,0.304,106.34345,-0.94903,-0.73999,6.09679,0.04986,-5.36402
2020-10-14,105.47,0.279,106.24124,-0.72858,-0.56963,6.06036,0.04604,-5.36402
2020-10-15,105.139,0.285,106.26088,-1.06139,-0.83191,6.08053,0.04687,-5.36402
2020-10-16,105.36,0.285,106.26799,-0.8581,-0.67436,6.09408,0.04677,-5.36402
2020-10-19,105.427,0.301,106.30502,-0.82937,-0.65339,6.06329,0.04964,-5.36402
2020-10-20,105.47,0.281,106.22847,-0.71656,-0.56607,6.02493,0.04664,-5.36402
2020-10-21,105.477,0.271,106.29233,-0.77002,-0.6091,5.99639,0.04519,-5.36402
2020-10-22,104.676,0.297,106.3058,-1.545,-1.22285,5.98004,0.04967,-5.36402
2020-10-23,104.921,0.311,106.37499,-1.37629,-1.08917,5.84167,0.05324,-5.36402
2020-10-26,104.683,0.293,106.35983,-1.58912,-1.25857,5.85182,0.05007,-5.36402
2020-10-27,104.832,0.29,106.28776,-1.37911,-1.0922,5.85778,0.04951,-5.36402
2020-10-28,104.545,0.29,106.3414,-1.70371,-1.34957,5.84551,0.04961,-5.36402
2020-10-29,104.315,0.29,106.45234,-2.02822,-1.60793,5.39399,0.05376,-5.36402
2020-10-30,104.554,0.265,106.39579,-1.74623,-1.38535,5.40595,0.04902,-5.36402
2020-11-02,104.58,0.285,106.33438,-1.66363,-1.32111,5.35379,0.05323,-5.85729
2020-11-03,104.725,0.295,106.31803,-1.5097,-1.19985,5.3619,0.05502,-5.85729
2020-11-04,104.546,0.261,106.23991,-1.60727,-1.2801,5.37061,0.0486,-5.85729
2020-11-05,104.438,0.276,106.32095,-1.78687,-1.4261,5.34509,0.05164,-5.85729
2020-11-06,103.603,0.306,106.52815,-2.7843,-2.22145,5.55851,0.05505,-5.85729
2020-11-09,103.253,0.317,106.33565,-2.94183,-2.34138,5.48306,0.05781,-5.85729
2020-11-10,105.137,0.333,106.30486,-1.10467,-0.87631,6.59492,0.05049,-5.85729
2020-11-11,105.26,0.328,106.31637,-0.99858,-0.79282,6.5913,0.04976,-5.85729
2020-11-12,105.415,0.313,106.25769,-0.79622,-0.63353,6.5547,0.04775,-5.85729
2020-11-13,105.09,0.319,106.37938,-1.21947,-0.97322,6.50032,0.04907,-5.85729
2020-11-16,104.676,0.339,106.37825,-1.61313,-1.29058,6.38365,0.0531,-5.85729
2020-11-17,104.541,0.33,106.3592,-1.72427,-1.38313,6.16739,0.05351,-5.85729
2020-11-18,104.181,0.31,106.25276,-1.9691,-1.58323,6.1569,0.05035,-5.85729
2020-11-19,103.894,0.325,106.31099,-2.29976,-1.84964,6.16051,0.05276,-5.85729
2020-11-20,103.825,0.311,106.21355,-2.27449,-1.82746,6.15436,0.05053,-5.85729
2020-11-23,103.817,0.311,106.17934,-2.24998,-1.80524,6.095,0.05103,-5.85729
2020-11-24,104.525,0.305,106.08937,-1.48555,-1.18847,6.18278,0.04933,-5.85729
2020-11-25,104.513,0.318,106.08036,-1.48854,-1.18963,5.98943,0.05309,-5.85729
2020-11-26,104.4,0.323,106.07672,-1.59329,-1.27156,5.6321,0.05735,-5.85729
2020-11-27,104.242,0.29,106.03964,-1.70979,-1.36238,5.55957,0.05216,-5.85729
2020-11-30,104.082,0.29,106.07668,-1.89831,-1.51047,5.56338,0.05213,-5.85729
2020-12-01,104.299,0.3,106.08488,-1.69777,-1.34808,5.54582,0.05409,-6.94571
2020-12-02,104.309,0.29,105.98442,-1.59345,-1.26298,5.54355,0.05231,-6.94571
2020-12-03,104.458,0.285,105.92338,-1.39309,-1.10265,5.53316,0.05151,-6.94571
2020-12-04,103.823,0.291,105.90483,-1.98533,-1.56986,5.65388,0.05147,-6.94571
2020-12-07,104.198,0.277,105.84893,-1.572,-1.24426,5.67996,0.04877,-6.94571
2020-12-08,103.998,0.277,105.83588,-1.7518,-1.38948,5.66164,0.04893,-6.94571
2020-12-09,104.135,0.297,105.793,-1.57962,-1.25311,5.67032,0.05238,-6.94571
2020-12-10,104.272,0.277,105.63167,-1.29554,-1.02819,5.67923,0.04877,-6.94571
2020-12-11,104.182,0.252,105.54955,-1.30412,-1.0354,5.62859,0.04477,-6.94571
2020-12-14,103.939,0.273,105.51256,-1.50258,-1.19496,5.61345,0.04863,-6.94571
2020-12-15,104.01,0.254,105.46294,-1.38725,-1.10477,5.58689,0.04546,-6.94571
2020-12-16,103.634,0.264,105.44784,-1.7351,-1.38358,5.5906,0.04722,-6.94571
2020-12-17,103.475,0.264,105.40514,-1.84814,-1.47522,5.59057,0.04722,-6.94571
2020-12-18,103.131,0.269,105.34587,-2.12489,-1.6961,5.61607,0.0479,-6.94571
2020-12-21,103.457,0.262,105.28819,-1.75452,-1.39868,5.61296,0.04668,-6.94571
2020-12-22,103.34,0.267,105.3502,-1.92655,-1.53521,5.58645,0.04779,-6.94571
2020-12-23,103.534,0.268,105.27224,-1.66497,-1.3247,5.59497,0.0479,-6.94571
2020-12-24,103.552,0.26,105.27082,-1.64623,-1.30836,5.58629,0.04654,-6.94571
2020-12-25,103.653,0.26,105.24361,-1.5229,-1.20973,5.58811,0.04653,-6.94571
2020-12-28,103.533,0.26,105.24504,-1.6401,-1.3022,5.56831,0.04669,-6.94571
2020-12-29,103.689,0.244,105.12815,-1.3784,-1.09372,5.56932,0.04381,-6.94571
2020-12-30,103.559,0.245,105.09445,-1.4718,-1.16819,5.56787,0.044,-6.94571
2020-12-31,103.121,0.255,105.06159,-1.86436,-1.47988,5.62328,0.04535,-6.94571
2021-01-01,103.226,0.255,105.0329,-1.73529,-1.37593,5.61217,0.04544,-7.06355
2021-01-04,103.239,0.231,104.90483,-1.60069,-1.26886,5.61281,0.04116,-7.06355
2021-01-05,103.125,0.256,104.78259,-1.59458,-1.26506,5.57087,0.04595,-7.06355
2021-01-06,102.678,0.261,104.71708,-1.96643,-1.5596,5.62197,0.04643,-7.06355
2021-01-07,103.024,0.257,104.73046,-1.6428,-1.30062,5.6377,0.04559,-7.06355
2021-01-08,103.79,0.262,104.61581,-0.79251,-0.62675,5.82769,0.04496,-7.06355
2021-01-11,104.091,0.262,104.55741,-0.44708,-0.35359,5.85405,0.04476,-7.06355
2021-01-12,104.128,0.268,104.51043,-0.36659,-0.29009,5.82451,0.04601,-7.06355
2021-01-13,103.752,0.27,104.57224,-0.78747,-0.62352,5.84682,0.04618,-7.06355
2021-01-14,103.837,0.284,104.54009,-0.67483,-0.53424,5.84805,0.04856,-7.06355
2021-01-15,103.828,0.259,104.53326,-0.67696,-0.53584,5.84666,0.0443,-7.06355
2021-01-18,103.908,0.26,104.5261,-0.59309,-0.46933,5.8499,0.04445,-7.06355
2021-01-19,103.703,0.265,104.49581,-0.76159,-0.60256,5.66626,0.04677,-7.06355
2021-01-20,103.897,0.261,104.5051,-0.58358,-0.46159,5.65867,0.04612,-7.06355
2021-01-21,103.555,0.266,104.51601,-0.92374,-0.7305,5.67796,0.04685,-7.06355
2021-01-22,103.506,0.267,104.54309,-0.99698,-0.78804,5.66897,0.0471,-7.06355
2021-01-25,103.777,0.268,104.45845,-0.6545,-0.51702,5.67266,0.04724,-7.06355
2021-01-26,103.76,0.248,104.39583,-0.61092,-0.48247,5.65683,0.04384,-7.06355
2021-01-27,103.603,0.253,104.09677,-0.47547,-0.37542,5.6431,0.04483,-7.06355
2021-01-28,104.143,0.249,104.23159,-0.08504,-0.06713,5.74309,0.04336,-7.06355
2021-01-29,104.291,0.239,104.11206,0.17172,0.13558,5.74345,0.04161,-7.06355
2021-02-01,104.686,0.235,104.12696,0.53545,0.42273,5.78439,0.04063,-8.931
2021-02-02,104.881,0.235,104.1614,0.68847,0.54348,5.7919,0.04057,-8.931
2021-02-03,105.028,0.235,104.17038,0.81991,0.64736,5.55858,0.04228,-8.931
2021-02-04,104.995,0.241,104.20736,0.753,0.59451,5.51146,0.04373,-8.931
2021-02-05,105.572,0.221,104.15801,1.34841,1.06486,4.29852,0.05141,-8.931
2021-02-08,105.4,0.237,104.12547,1.2166,0.96026,4.30577,0.05504,-8.931
2021-02-09,105.21,0.237,104.09939,1.06122,0.83736,4.31076,0.05498,-8.931
2021-02-10,104.575,0.233,104.07098,0.48313,0.381,4.43527,0.05253,-8.931
2021-02-11,104.615,0.233,104.12733,0.46724,0.36852,4.36574,0.05337,-8.931
2021-02-12,104.741,0.243,104.11524,0.59922,0.4727,4.36448,0.05568,-8.931
2021-02-15,105.059,0.24,104.11955,0.89823,0.70854,4.34689,0.05521,-8.931
2021-02-16,105.387,0.261,104.08764,1.24061,0.97885,4.34686,0.06004,-8.931
2021-02-17,106.103,0.229,103.96371,2.03684,1.60643,4.53521,0.05049,-8.931
2021-02-18,105.861,0.236,104.02262,1.75185,1.37868,4.56492,0.0517,-8.931
2021-02-19,105.652,0.23,104.119,1.46162,1.14887,4.39212,0.05237,-8.931
2021-02-22,105.514,0.222,103.94559,1.49761,1.1757,4.40173,0.05043,-8.931
2021-02-23,104.984,0.222,103.97807,0.9628,0.75505,4.51629,0.04916,-8.931
2021-02-24,105.283,0.233,103.97262,1.25244,0.98166,4.53748,0.05135,-8.931
2021-02-25,105.944,0.27,103.93774,1.91186,1.49714,4.68464,0.05764,-8.931
2021-02-26,106.379,0.254,104.0111,2.25105,1.75949,4.73321,0.05366,-8.931
2021-03-01,106.503,0.25,104.27592,2.11327,1.64719,4.73604,0.05279,-10.29122
2021-03-02,106.851,0.255,104.367,2.35218,1.82898,4.76742,0.05349,-10.29122
2021-03-03,106.758,0.255,104.2917,2.33728,1.81226,4.59103,0.05554,-10.29122
2021-03-04,107.058,0.261,104.19451,2.71113,2.0979,4.57139,0.05709,-10.29122
2021-03-05,107.955,0.271,104.21059,3.53008,2.72241,4.8115,0.05632,-10.29122
2021-03-08,108.419,0.292,104.3866,3.7902,2.9051,4.86609,0.06001,-10.29122
2021-03-09,108.939,0.288,104.50487,4.15545,3.16357,4.93466,0.05836,-10.29122
2021-03-10,108.577,0.277,104.55242,3.7771,2.85207,4.99061,0.0555,-10.29122
2021-03-11,108.432,0.264,104.5265,3.66826,2.75115,4.97024,0.05312,-10.29122
2021-03-12,108.555,0.268,104.62386,3.68853,2.74836,4.97109,0.05391,-10.29122
2021-03-15,109.117,0.279,104.72676,4.1066,3.03913,4.97271,0.05611,-10.29122
2021-03-16,109.134,0.3,104.85929,3.99571,2.93423,4.95163,0.06059,-10.29122
2021-03-17,109.029,0.275,104.88135,3.87841,2.82971,4.89278,0.05621,-10.29122
2021-03-18,108.891,0.3,105.14743,3.4984,2.53722,4.88921,0.06136,-10.29122
2021-03-19,108.931,0.296,105.1426,3.53972,2.55616,4.87415,0.06073,-10.29122
2021-03-22,108.871,0.292,105.17435,3.45443,2.4841,4.87728,0.05987,-10.29122
2021-03-23,108.776,0.287,105.32491,3.22407,2.30945,4.88721,0.05872,-10.29122
2021-03-24,108.52,0.281,105.2414,3.06777,2.19069,4.92709,0.05703,-10.29122
2021-03-25,108.79,0.273,105.32982,3.23229,2.30271,4.92427,0.05544,-10.29122
2021-03-26,109.179,0.278,105.30176,3.61586,2.56879,4.95373,0.05612,-10.29122
2021-03-29,109.791,0.279,105.33704,4.14135,2.93174,5.0259,0.05551,-10.29122
2021-03-30,109.836,0.286,105.42093,4.10271,2.88549,4.91649,0.05817,-10.29122
2021-03-31,110.305,0.29,105.48957,4.46372,3.11985,4.95953,0.05847,-10.29122
2021-04-01,110.75,0.295,105.51707,4.84027,3.35837,4.99114,0.0591,-11.25764
2021-04-02,110.613,0.315,105.61295,4.62567,3.17938,4.99362,0.06308,-11.25764
2021-04-05,110.677,0.29,105.68185,4.61829,3.14793,4.87052,0.05954,-11.25764
2021-04-06,110.193,0.281,105.70281,4.16019,2.81299,4.97533,0.05648,-11.25764
2021-04-07,109.793,0.281,105.74832,3.75348,2.52002,4.89296,0.05743,-11.25764
2021-04-08,109.852,0.266,105.77417,3.78277,2.5263,4.87642,0.05455,-11.25764
2021-04-09,109.33,0.286,105.86313,3.22238,2.13953,5.00353,0.05716,-11.25764
2021-04-12,109.694,0.306,105.92373,3.49754,2.31254,4.94821,0.06184,-11.25764
2021-04-13,109.374,0.292,105.9397,3.19032,2.09871,5.00641,0.05833,-11.25764
2021-04-14,108.924,0.292,105.91524,2.80113,1.83512,5.10047,0.05725,-11.25764
2021-04-15,108.894,0.293,105.9542,2.7368,1.78706,5.10467,0.0574,-11.25764
2021-04-16,108.689,0.293,106.00032,2.50485,1.63083,5.10275,0.05742,-11.25764
2021-04-19,108.719,0.292,105.99548,2.53702,1.64761,5.09843,0.05727,-11.25764
2021-04-20,108.098,0.279,105.97662,1.98197,1.28411,5.1985,0.05367,-11.25764
2021-04-21,108.133,0.284,106.06101,1.93475,1.25217,5.19374,0.05468,-11.25764
2021-04-22,108.039,0.295,106.06012,1.84861,1.19505,5.18812,0.05686,-11.25764
2021-04-23,107.978,0.295,106.11096,1.74421,1.12678,5.19126,0.05683,-11.25764
2021-04-26,107.874,0.316,106.15563,1.60576,1.03622,5.18317,0.06097,-11.25764
2021-04-27,108.202,0.306,106.14918,1.91545,1.23488,5.12358,0.05972,-11.25764
2021-04-28,108.75,0.3,106.15818,2.41214,1.55311,5.19796,0.05772,-11.25764
2021-04-29,108.505,0.29,106.14006,2.20366,1.41573,5.19107,0.05587,-11.25764
2021-04-30,108.904,0.29,106.14947,2.56186,1.64304,5.2219,0.05554,-11.25764
2021-05-03,109.283,0.29,106.18254,2.87811,1.8414,5.25125,0.05522,-11.78484
2021-05-04,109.087,0.29,106.15277,2.72665,1.73869,5.27039,0.05502,-11.78484
2021-05-05,109.329,0.29,106.1932,2.91016,1.85034,5.18749,0.0559,-11.78484
2021-05-06,109.219,0.286,106.2565,2.74991,1.74262,5.1783,0.05523,-11.78484
2021-05-07,109.05,0.271,106.32618,2.52949,1.59818,5.17379,0.05238,-11.78484
2021-05-10,108.572,0.292,106.27213,2.14104,1.34935,5.09748,0.05728,-11.78484
2021-05-11,108.844,0.292,106.22541,2.43524,1.53201,5.11149,0.05713,-11.78484
2021-05-12,108.715,0.287,106.10017,2.43461,1.52811,5.1229,0.05602,-11.78484
2021-05-13,109.664,0.287,106.26566,3.1479,1.97132,5.35241,0.05362,-11.78484
2021-05-14,109.516,0.288,106.3984,2.88801,1.80166,5.34434,0.05389,-11.78484
2021-05-17,109.412,0.29,106.4013,2.79028,1.73516,5.20381,0.05573,-11.78484
2021-05-18,109.242,0.289,106.39524,2.64047,1.63713,5.19006,0.05568,-11.78484
2021-05-19,108.868,0.289,106.41576,2.27824,1.40881,5.22625,0.0553,-11.78484
2021-05-20,109.273,0.279,106.46569,2.60265,1.60627,5.25301,0.05311,-11.78484
2021-05-21,108.86,0.299,106.51675,2.17604,1.33961,5.2047,0.05745,-11.78484
2021-05-24,108.919,0.28,106.54928,2.19968,1.35244,5.18424,0.05401,-11.78484
2021-05-25,108.851,0.28,106.5603,2.12689,1.3059,5.05678,0.05537,-11.78484
2021-05-26,108.802,0.27,106.60326,2.04156,1.25189,5.00423,0.05395,-11.78484
2021-05-27,109.17,0.276,106.64375,2.34125,1.43426,5.03817,0.05478,-11.78484
2021-05-28,109.809,0.276,106.66701,2.90305,1.77513,5.12334,0.05387,-11.78484
2021-05-31,109.907,0.265,106.68489,2.9755,1.81413,5.11723,0.05179,-11.78484
2021-06-01,109.493,0.285,106.70817,2.57628,1.56566,5.1637,0.05519,-12.24615
2021-06-02,109.493,0.255,106.71444,2.57041,1.55834,4.90218,0.05202,-12.24615
2021-06-03,109.595,0.28,106.7525,2.62787,1.58971,4.83456,0.05792,-12.24615
2021-06-04,110.266,0.26,106.80179,3.1921,1.92666,4.89257,0.05314,-12.24615
2021-06-07,109.617,0.28,106.85421,2.55271,1.53551,4.99392,0.05607,-12.24615
2021-06-08,109.274,0.261,106.84613,2.24687,1.34841,5.02851,0.0519,-12.24615
2021-06-09,109.469,0.281,106.86658,2.40602,1.44133,5.03549,0.0558,-12.24615
2021-06-10,109.61,0.266,106.92735,2.4779,1.48138,4.93679,0.05388,-12.24615
2021-06-11,109.409,0.286,106.98705,2.23854,1.33543,4.95146,0.05776,-12.24615
2021-06-14,109.709,0.286,106.98895,2.51058,1.4951,4.97626,0.05747,-12.24615
2021-06-15,110.041,0.287,107.00281,2.79979,1.66402,5.00228,0.05737,-12.24615
2021-06-16,110.084,0.338,107.04716,2.79742,1.65842,5.00232,0.06757,-12.24615
2021-06-17,110.77,0.353,107.09194,3.37683,1.9966,5.14374,0.06863,-12.24615
2021-06-18,110.325,0.383,107.07691,2.98832,1.76018,5.21053,0.07351,-12.24615
2021-06-21,110.201,0.391,107.19691,2.76385,1.62371,5.19152,0.07532,-12.24615
2021-06-22,110.374,0.365,107.2324,2.88761,1.69236,5.17866,0.07048,-12.24615
2021-06-23,110.654,0.376,107.28274,3.09404,1.80859,5.15561,0.07293,-12.24615
2021-06-24,111.012,0.376,107.32616,3.37659,1.96754,5.07658,0.07407,-12.24615
2021-06-25,110.921,0.396,107.39283,3.23248,1.87656,5.08023,0.07795,-12.24615
2021-06-28,110.822,0.365,107.37775,3.15723,1.82652,5.01512,0.07278,-12.24615
2021-06-29,110.603,0.384,107.41592,2.92388,1.68597,4.96634,0.07732,-12.24615
2021-06-30,110.535,0.365,107.43757,2.84223,1.63429,4.9617,0.07356,-12.24615
2021-07-01,111.124,0.37,107.48824,3.32653,1.90773,5.07372,0.07292,-11.01992
2021-07-02,111.572,0.36,107.5309,3.68919,2.10821,5.05278,0.07125,-11.01992
2021-07-05,111.135,0.356,107.56369,3.26626,1.85892,5.06198,0.07033,-11.01992
2021-07-06,110.916,0.331,107.50588,3.12276,1.77246,5.07989,0.06516,-11.01992
2021-07-07,110.602,0.331,107.52218,2.8241,1.60127,5.01831,0.06596,-11.01992
2021-07-08,110.635,0.307,107.46274,2.90923,1.6471,4.97768,0.06168,-11.01992
2021-07-09,109.801,0.347,107.61461,2.01132,1.13736,5.17638,0.06704,-11.01992
2021-07-12,110.215,0.347,107.62416,2.37878,1.34595,5.15751,0.06728,-11.01992
2021-07-13,110.325,0.382,107.67332,2.43287,1.37759,5.15916,0.07404,-11.01992
2021-07-14,110.595,0.358,107.66001,2.68967,1.52475,5.16047,0.06937,-11.01992
2021-07-15,109.984,0.358,107.64329,2.1512,1.21789,5.28994,0.06768,-11.01992
2021-07-16,109.778,0.378,107.65884,1.94928,1.10386,5.16966,0.07312,-11.01992
2021-07-19,109.874,0.344,107.49085,2.19285,1.24227,5.17118,0.06652,-11.01992
2021-07-20,109.534,0.334,107.54648,1.83118,1.03715,5.20994,0.06411,-11.01992
2021-07-21,109.92,0.354,107.66349,2.07423,1.17489,5.24885,0.06744,-11.01992
2021-07-22,110.255,0.334,107.7006,2.34407,1.32809,5.27129,0.06336,-11.01992
2021-07-23,110.14,0.354,107.7478,2.1959,1.24357,5.24979,0.06743,-11.01992
2021-07-26,110.544,0.355,107.77434,2.5374,1.43665,5.20562,0.0682,-11.01992
2021-07-27,110.302,0.33,107.7686,2.32357,1.31839,5.20438,0.06341,-11.01992
2021-07-28,109.806,0.33,107.80064,1.84316,1.04624,5.24345,0.06294,-11.01992
2021-07-29,109.891,0.325,107.84863,1.87603,1.06652,5.20111,0.06249,-11.01992
2021-07-30,109.409,0.315,107.86856,1.41797,0.80699,5.265,0.05983,-11.01992
2021-08-02,109.706,0.3,107.778,1.77305,1.01007,5.27421,0.05688,-10.42786
2021-08-03,109.269,0.295,107.76014,1.39049,0.79302,5.33209,0.05533,-10.42786
2021-08-04,108.991,0.3,107.70844,1.18374,0.67597,5.34765,0.0561,-10.42786
2021-08-05,109.529,0.346,107.78443,1.60561,0.9188,5.36181,0.06453,-10.42786
2021-08-06,109.752,0.346,107.75541,1.83593,1.05184,5.35424,0.06462,-10.42786
2021-08-09,110.259,0.366,107.74229,2.309,1.3228,5.42128,0.06751,-10.42786
2021-08-10,110.306,0.371,107.81787,2.28149,1.30653,5.14137,0.07216,-10.42786
2021-08-11,110.598,0.361,107.83831,2.5269,1.44605,5.15783,0.06999,-10.42786
2021-08-12,110.374,0.361,107.84045,2.32218,1.32703,5.1717,0.0698,-10.42786
2021-08-13,110.403,0.366,107.8346,2.35387,1.34331,5.16027,0.07093,-10.42786
2021-08-16,109.624,0.346,107.80151,1.67646,0.95531,5.31314,0.06512,-10.42786
2021-08-17,109.297,0.372,107.84806,1.33455,0.76045,5.29742,0.07022,-10.42786
2021-08-18,109.537,0.372,107.87182,1.53188,0.87275,5.25839,0.07074,-10.42786
2021-08-19,109.842,0.362,107.80631,1.87068,1.06548,5.28506,0.0685,-10.42786
2021-08-20,109.768,0.372,107.73607,1.86846,1.06334,5.28535,0.07038,-10.42786
2021-08-23,109.84,0.369,107.85687,1.82197,1.03629,5.28502,0.06982,-10.42786
2021-08-24,109.678,0.379,107.96573,1.5735,0.89484,5.25365,0.07214,-10.42786
2021-08-25,109.73,0.368,107.99939,1.58973,0.90415,5.12241,0.07184,-10.42786
2021-08-26,109.976,0.383,108.02032,1.79428,1.02119,5.13913,0.07453,-10.42786
2021-08-27,110.048,0.353,108.0095,1.86974,1.064,5.08261,0.06945,-10.42786
2021-08-30,109.865,0.328,108.01338,1.69972,0.96695,5.09457,0.06438,-10.42786
2021-08-31,109.944,0.33,108.01695,1.7683,1.00563,5.09326,0.06479,-10.42786
2021-09-01,110.056,0.33,107.96394,1.9192,1.09079,4.94705,0.06671,-10.47904
2021-09-02,110.096,0.33,108.0381,1.88688,1.07178,4.80128,0.06873,-10.47904
2021-09-03,109.945,0.335,108.03843,1.74932,0.99355,4.76632,0.07028,-10.47904
2021-09-06,109.764,0.33,108.04252,1.58078,0.89827,4.76638,0.06923,-10.47904
2021-09-07,109.82,0.345,108.07755,1.59936,0.90967,4.76067,0.07247,-10.47904
2021-09-08,110.296,0.345,108.1211,1.99158,1.1331,4.82158,0.07155,-10.47904
2021-09-09,110.218,0.355,108.12283,1.91923,1.09225,4.79494,0.07404,-10.47904
2021-09-10,109.781,0.355,108.26045,1.39475,0.79395,4.82411,0.07359,-10.47904
2021-09-13,109.915,0.336,108.22772,1.54698,0.88075,4.82995,0.06957,-10.47904
2021-09-14,109.994,0.336,108.24535,1.60254,0.91195,4.66374,0.07205,-10.47904
2021-09-15,109.719,0.341,108.29997,1.30177,0.74038,4.62156,0.07378,-10.47904
2021-09-16,109.383,0.357,108.35662,0.94277,0.53595,4.65549,0.07668,-10.47904
2021-09-17,109.699,0.357,108.41731,1.17524,0.66802,4.68223,0.07625,-10.47904
2021-09-20,109.971,0.357,108.50364,1.3433,0.76335,4.68094,0.07627,-10.47904
2021-09-21,109.437,0.353,108.50253,0.85755,0.48717,4.72686,0.07468,-10.47904
2021-09-22,109.149,0.383,108.52813,0.57046,0.32406,4.75,0.08063,-10.47904
2021-09-23,109.822,0.403,108.52711,1.18609,0.67392,4.91733,0.08195,-10.47904
2021-09-24,110.326,0.418,108.55905,1.61454,0.91714,4.99221,0.08373,-10.47904
2021-09-27,110.764,0.439,108.70213,1.87904,1.06678,5.05433,0.08686,-10.47904
2021-09-28,110.964,0.439,108.85943,1.91484,1.08608,4.95297,0.08863,-10.47904
2021-09-29,111.528,0.425,108.82654,2.45205,1.38931,4.99199,0.08514,-10.47904
2021-09-30,111.936,0.395,108.83263,2.8116,1.59014,4.98024,0.07931,-10.47904
2021-10-01,111.461,0.395,108.82564,2.39278,1.35003,5.03959,0.07838,-12.85288
2021-10-04,110.947,0.39,109.01195,1.75951,0.99156,5.09395,0.07656,-12.85288
2021-10-05,110.968,0.4,109.04065,1.75211,0.98698,5.09378,0.07853,-12.85288
2021-10-06,111.487,0.416,109.00601,2.2505,1.26689,4.93562,0.08429,-12.85288
2021-10-07,111.413,0.441,109.03767,2.15506,1.21129,4.88641,0.09025,-12.85288
2021-10-08,111.662,0.436,109.0312,2.38424,1.33838,4.90112,0.08896,-12.85288
2021-10-11,112.27,0.436,109.18146,2.78954,1.56317,4.99244,0.08733,-12.85288
2021-10-12,113.388,0.466,109.24058,3.7263,2.0832,5.21672,0.08933,-12.85288
2021-10-13,113.519,0.487,109.23015,3.85131,2.14409,5.19619,0.09372,-12.85288
2021-10-14,113.301,0.477,109.1717,3.71262,2.05778,5.21876,0.0914,-12.85288
2021-10-15,113.834,0.527,109.28173,4.0812,2.25304,5.23376,0.10069,-12.85288
2021-10-18,114.324,0.559,109.3399,4.45751,2.44935,5.25358,0.1064,-12.85288
2021-10-19,114.285,0.53,109.32139,4.44033,2.42609,5.2338,0.10126,-12.85288
2021-10-20,114.543,0.514,109.35285,4.63705,2.51948,5.23404,0.0982,-12.85288
2021-10-21,114.389,0.564,109.36734,4.48927,2.42491,5.21162,0.10822,-12.85288
2021-10-22,113.85,0.594,109.5354,3.8634,2.07583,5.28962,0.1123,-12.85288
2021-10-25,113.664,0.578,109.55106,3.6856,1.97264,5.20965,0.11095,-12.85288
2021-10-26,113.765,0.58,109.6668,3.66883,1.95671,5.2099,0.11133,-12.85288
2021-10-27,114.188,0.601,109.71043,4.00018,2.12574,5.14905,0.11672,-12.85288
2021-10-28,113.776,0.605,109.70214,3.64628,1.92938,5.20271,0.11629,-12.85288
2021-10-29,113.616,0.585,109.67997,3.52575,1.8589,5.1357,0.11391,-12.85288
2021-11-01,114.236,0.605,109.77117,3.98686,2.09492,5.18383,0.11671,-13.19271
2021-11-02,114.094,0.565,109.70483,3.92293,2.05252,5.12825,0.11017,-13.19271
2021-11-03,113.962,0.575,109.50997,3.98495,2.07673,5.13292,0.11202,-13.19271
2021-11-04,114.07,0.51,109.37105,4.20661,2.18404,5.06845,0.10062,-13.19271
2021-11-05,113.837,0.5,109.60486,3.78858,1.95857,5.09471,0.09814,-13.19271
2021-11-08,113.475,0.567,109.85151,3.2453,1.6722,5.1283,0.11056,-13.19271
2021-11-09,113.254,0.526,109.93727,2.97231,1.52849,5.12681,0.1026,-13.19271
2021-11-10,112.912,0.626,110.09205,2.52919,1.29875,5.17257,0.12102,-13.19271
2021-11-11,113.905,0.626,110.05059,3.44246,1.76584,5.21657,0.12,-13.19271
2021-11-12,114.043,0.646,109.95775,3.64794,1.86709,5.16629,0.12504,-13.19271
2021-11-15,113.981,0.653,110.00972,3.5463,1.80922,5.16259,0.12649,-13.19271
2021-11-16,114.132,0.665,110.07481,3.61955,1.84109,5.14614,0.12922,-13.19271
2021-11-17,114.904,0.648,109.99482,4.36638,2.214,5.28293,0.12266,-13.19271
2021-11-18,114.19,0.645,110.1292,3.62096,1.82766,5.46323,0.11806,-13.19271
2021-11-19,114.282,0.649,110.03364,3.78829,1.90631,5.44675,0.11915,-13.19271
2021-11-22,114.138,0.765,110.46214,3.27354,1.64196,5.46009,0.14011,-13.19271
2021-11-23,114.79,0.735,110.63676,3.6852,1.84416,5.54474,0.13256,-13.19271
2021-11-24,115.141,0.77,110.68323,3.94851,1.97021,5.56501,0.13836,-13.19271
2021-11-25,115.408,0.765,110.7202,4.14673,2.06227,5.55268,0.13777,-13.19271
2021-11-26,115.069,0.632,110.50296,4.04896,2.00651,5.60239,0.11281,-13.19271
2021-11-29,113.719,0.641,110.26311,3.08611,1.52424,6.13621,0.10446,-13.19271
2021-11-30,113.804,0.64,110.38374,3.05148,1.50499,6.13629,0.1043,-13.19271
2021-12-01,113.299,0.68,110.64944,2.36634,1.16578,6.20538,0.10958,-12.67982
2021-12-02,112.882,0.75,110.73581,1.91958,0.94572,6.24704,0.12006,-12.67982
2021-12-03,113.022,0.715,110.89696,1.8981,0.93548,6.24905,0.11442,-12.67982
2021-12-06,113.042,0.766,111.11426,1.72004,0.84861,6.19954,0.12356,-12.67982
2021-12-07,113.458,0.816,111.04477,2.14993,1.06304,6.22985,0.13098,-12.67982
2021-12-08,113.525,0.791,110.85529,2.37974,1.17804,6.16439,0.12832,-12.67982
2021-12-09,113.684,0.806,111.00145,2.38794,1.18372,6.16531,0.13073,-12.67982
2021-12-10,113.448,0.777,110.71516,2.43838,1.20874,6.18726,0.12558,-12.67982
2021-12-13,113.501,0.767,110.83071,2.38078,1.1796,6.15728,0.12457,-12.67982
2021-12-14,113.577,0.782,111.00812,2.28777,1.13302,6.11356,0.12791,-12.67982
2021-12-15,113.743,0.802,110.85366,2.57305,1.27355,6.09852,0.13151,-12.67982
2021-12-16,114.136,0.753,110.96716,2.81565,1.39245,6.11393,0.12316,-12.67982
2021-12-17,113.663,0.772,111.03557,2.33873,1.15543,6.08962,0.12677,-12.67982
2021-12-20,113.518,0.763,110.98398,2.25756,1.11471,6.06629,0.12578,-12.67982
2021-12-21,113.662,0.807,111.20943,2.1814,1.07666,5.96331,0.13533,-12.67982
2021-12-22,113.994,0.783,111.03202,2.63272,1.29904,5.92678,0.13211,-12.67982
2021-12-23,114.121,0.807,111.21871,2.57607,1.27031,5.88676,0.13709,-12.67982
2021-12-24,114.458,0.809,111.2757,2.81971,1.38994,5.90171,0.13708,-12.67982
2021-12-27,114.333,0.855,111.61911,2.4023,1.18381,5.83575,0.14651,-12.67982
2021-12-28,114.792,0.835,111.6304,2.79284,1.37851,5.84423,0.14288,-12.67982
2021-12-29,114.773,0.85,111.72679,2.68997,1.32901,5.76866,0.14735,-12.67982
2021-12-30,114.948,0.825,111.74915,2.82232,1.3957,5.67863,0.14528,-12.67982
2021-12-31,115.063,0.825,111.69103,2.97434,1.4722,5.67878,0.14528,-12.67982
2022-01-03,115.142,0.875,112.03138,2.73872,1.35722,5.61771,0.15576,-13.46646
2022-01-04,115.328,0.855,112.1511,2.79332,1.38735,5.6168,0.15222,-13.46646
2022-01-05,116.174,0.916,112.85015,2.90283,1.44464,5.76839,0.1588,-13.46646
2022-01-06,116.128,0.961,113.26142,2.49944,1.24531,5.68841,0.16894,-13.46646
2022-01-07,115.865,0.946,113.20562,2.32198,1.15846,5.38622,0.17563,-13.46646
2022-01-10,115.618,0.996,113.56198,1.79429,0.89663,5.4062,0.18423,-13.46646
2022-01-11,115.278,0.978,113.716,1.36425,0.6835,5.42705,0.18021,-13.46646
2022-01-12,115.331,1.003,114.00625,1.1553,0.58104,5.35249,0.18739,-13.46646
2022-01-13,114.675,0.993,114.20534,0.4104,0.20746,5.41533,0.18337,-13.46646
2022-01-14,114.118,1.063,114.86114,-0.6491,-0.3303,5.50358,0.19315,-13.46646
2022-01-17,114.306,1.064,115.02557,-0.62754,-0.32182,5.49468,0.19364,-13.46646
2022-01-18,114.571,1.135,115.81058,-1.07612,-0.55711,5.5079,0.20607,-13.46646
2022-01-19,114.554,1.12,115.89187,-1.16113,-0.60788,5.42294,0.20653,-13.46646
2022-01-20,114.347,1.155,116.29278,-1.68733,-0.89623,5.4253,0.21289,-13.46646
2022-01-21,113.993,1.086,115.63427,-1.42953,-0.768,5.46015,0.1989,-13.46646
2022-01-24,113.785,1.061,115.34338,-1.36029,-0.73818,5.42065,0.19573,-13.46646
2022-01-25,114.011,1.091,115.71059,-1.47972,-0.80979,5.38681,0.20253,-13.46646
2022-01-26,113.875,1.201,116.93936,-2.65541,-1.46815,5.38466,0.22304,-13.46646
2022-01-27,114.721,1.235,117.49896,-2.39264,-1.33701,5.47807,0.22544,-13.46646
2022-01-28,115.352,1.205,117.57836,-1.91167,-1.07622,5.57704,0.21606,-13.46646
2022-01-31,115.262,1.235,118.29503,-2.5974,-1.4688,5.57388,0.22157,-13.46646
2022-02-01,115.121,1.23,118.63549,-3.00719,-1.71964,5.57865,0.22048,-13.8839
2022-02-02,114.736,1.21,118.39123,-3.13608,-1.79837,5.60552,0.21586,-13.8839
2022-02-03,114.382,1.24,118.54885,-3.57814,-2.06766,5.60328,0.2213,-13.8839
2022-02-04,114.957,1.355,119.96139,-4.26118,-2.46271,5.6711,0.23893,-13.8839
2022-02-07,115.224,1.345,119.73975,-3.84426,-2.22064,5.64686,0.23819,-13.8839
2022-02-08,115.063,1.39,120.21988,-4.38426,-2.53671,5.38975,0.2579,-13.8839
2022-02-09,115.531,1.4,120.37969,-4.11119,-2.39414,5.44216,0.25725,-13.8839
2022-02-10,115.602,1.641,122.45645,-5.76022,-3.35337,5.4406,0.30162,-13.8839
2022-02-11,116.047,1.531,120.79537,-4.01027,-2.32043,5.48442,0.27915,-13.8839
2022-02-14,115.584,1.609,121.44908,-4.94975,-2.86296,5.38865,0.29859,-13.8839
2022-02-15,115.536,1.604,121.14559,-4.74108,-2.72124,5.23443,0.30643,-13.8839
2022-02-16,115.635,1.539,120.38482,-4.02548,-2.2954,5.23468,0.294,-13.8839
2022-02-17,115.387,1.498,119.50989,-3.51075,-1.99187,5.24763,0.28546,-13.8839
2022-02-18,114.866,1.478,119.1681,-3.67689,-2.0795,5.2084,0.28377,-13.8839
2022-02-21,114.961,1.485,118.99637,-3.45001,-1.95725,5.17446,0.28699,-13.8839
2022-02-22,114.609,1.586,119.72038,-4.36325,-2.48184,5.18745,0.30574,-13.8839
2022-02-23,115.096,1.606,119.42986,-3.69627,-2.10105,5.22683,0.30726,-13.8839
2022-02-24,114.898,1.566,118.89863,-3.42265,-1.9516,4.65949,0.33609,-13.8839
2022-02-25,115.571,1.575,118.97967,-2.90676,-1.665,4.79479,0.32848,-13.8839
2022-02-28,115.585,1.475,117.72171,-1.83173,-1.05412,4.69919,0.31388,-13.8839
2022-03-01,115.078,1.345,116.25954,-1.02149,-0.58929,4.7258,0.28461,-15.38167
2022-03-02,114.833,1.545,118.32032,-2.99166,-1.73494,4.74677,0.32548,-15.38167
2022-03-03,115.519,1.565,118.29636,-2.3758,-1.3801,4.88184,0.32058,-15.38167
2022-03-04,115.474,1.54,117.89167,-2.07208,-1.20486,4.83664,0.3184,-15.38167
2022-03-07,114.95,1.6,117.79551,-2.44529,-1.42465,4.93147,0.32445,-15.38167
2022-03-08,115.373,1.675,118.45854,-2.63927,-1.54143,4.97476,0.3367,-15.38167
2022-03-09,115.722,1.72,118.7684,-2.59846,-1.52322,4.98295,0.34518,-15.38167
2022-03-10,115.909,1.75,119.19427,-2.79493,-1.64193,4.98965,0.35073,-15.38167
2022-03-11,116.179,1.78,119.27266,-2.628,-1.54827,5.00518,0.35563,-15.38167
2022-03-14,117.529,1.9,119.90797,-2.00394,-1.18288,5.47991,0.34672,-15.38167
2022-03-15,118.218,1.875,119.79492,-1.32509,-0.78377,5.55244,0.33769,-15.38167
2022-03-16,118.292,1.975,121.12434,-2.36615,-1.40161,5.46929,0.36111,-15.38167
2022-03-17,118.87,1.965,121.24802,-1.98077,-1.17415,5.52009,0.35597,-15.38167
2022-03-18,118.486,1.988,121.73781,-2.70748,-1.60842,5.5755,0.35656,-15.38167
2022-03-21,119.263,2.158,123.20073,-3.24839,-1.93276,5.68106,0.37986,-15.38167
2022-03-22,119.594,2.198,123.45013,-3.17346,-1.89232,5.69542,0.38592,-15.38167
2022-03-23,121.34,2.153,122.83683,-1.22604,-0.73468,6.31181,0.34111,-15.38167
2022-03-24,121.127,2.153,123.11545,-1.6283,-0.98209,6.32183,0.34057,-15.38167
2022-03-25,122.346,2.323,124.53053,-1.76978,-1.07418,6.55118,0.35459,-15.38167
2022-03-28,122.27,2.368,124.74191,-2.00152,-1.21984,6.55514,0.36124,-15.38167
2022-03-29,123.66,2.371,124.5926,-0.75133,-0.45937,6.87089,0.34508,-15.38167
2022-03-30,123.125,2.341,124.21264,-0.87948,-0.54034,6.95825,0.33644,-15.38167
2022-03-31,122.021,2.31,123.39516,-1.11987,-0.68981,7.24443,0.31887,-15.38167
2022-04-01,121.756,2.48,124.50126,-2.22968,-1.37651,7.26928,0.34116,-19.62477
2022-04-04,122.61,2.47,124.5614,-1.57902,-0.97807,7.25804,0.34031,-19.62477
2022-04-05,122.809,2.55,124.37278,-1.2653,-0.78589,7.25511,0.35148,-19.62477
2022-04-06,123.656,2.535,123.7088,-0.04269,-0.02656,7.32353,0.34614,-19.62477
2022-04-07,123.723,2.51,123.59884,0.1004,0.06262,7.296,0.34402,-19.62477
2022-04-08,124.096,2.61,124.39833,-0.24333,-0.15208,7.25975,0.35952,-19.62477
2022-04-11,124.385,2.586,123.42834,0.77209,0.48308,7.26192,0.3561,-19.62477
2022-04-12,125.472,2.47,123.02346,1.97075,1.23542,7.27678,0.33944,-19.62477
2022-04-13,125.416,2.435,123.47993,1.55576,0.97865,7.17425,0.33941,-19.62477
2022-04-14,125.377,2.531,124.11877,1.00862,0.63711,7.18329,0.35235,-19.62477
2022-04-15,126.179,2.531,124.1489,1.62199,1.02762,7.24839,0.34918,-19.62477
2022-04-18,126.618,2.516,124.27426,1.86838,1.18711,7.25046,0.34701,-19.62477
2022-04-19,127.098,2.656,125.11162,1.57521,1.00159,7.23017,0.36735,-19.62477
2022-04-20,129.33299,2.646,125.30192,3.16642,2.01759,7.82066,0.33833,-19.62477
2022-04-21,128.013,2.729,125.60685,1.8975,1.20811,8.16287,0.33432,-19.62477
2022-04-22,128.408,2.777,124.98214,2.70419,1.72414,8.16644,0.34005,-19.62477
2022-04-25,128.605,2.682,124.41982,3.30842,2.10916,8.1428,0.32937,-19.62477
2022-04-26,127.744,2.597,123.19541,3.62565,2.30866,8.24621,0.31493,-19.62477
2022-04-27,127.266,2.636,123.84575,2.72426,1.73051,8.28097,0.31832,-19.62477
2022-04-28,128.394,2.69,124.6298,2.97559,1.88967,8.39267,0.32052,-19.62477
2022-04-29,130.811,2.76,124.84591,4.66733,2.96413,9.02727,0.30574,-19.62477
2022-05-02,130.011,2.78,125.19676,3.77325,2.38351,9.11148,0.30511,-18.83568
2022-05-03,130.112,2.83,125.94084,3.25834,2.05275,9.05661,0.31248,-18.83568
2022-05-04,130.116,2.71,126.06409,3.16359,1.98825,9.04505,0.29961,-18.83568
2022-05-05,129.22301,2.76,125.72437,2.74477,1.7243,9.21621,0.29947,-18.83568
2022-05-06,130.33,2.765,126.05427,3.33572,2.09775,9.28892,0.29767,-18.83568
2022-05-09,130.74899,2.656,124.49867,4.89844,3.07696,9.28274,0.28612,-18.83568
2022-05-10,130.377,2.666,124.71932,4.43645,2.7754,9.32894,0.28578,-18.83568
2022-05-11,130.351,2.706,125.46477,3.82058,2.37909,9.32992,0.29003,-18.83568
2022-05-12,129.83501,2.611,124.9871,3.80539,2.36139,9.32912,0.27988,-18.83568
2022-05-13,128.588,2.667,126.06011,1.98546,1.22944,9.59905,0.27784,-18.83568
2022-05-16,129.43201,2.636,126.21665,2.51559,1.55899,9.64601,0.27327,-18.83568
2022-05-17,128.923,2.766,127.30214,1.26521,0.78428,9.68235,0.28567,-18.83568
2022-05-18,129.45399,2.736,126.28397,2.47925,1.5396,9.60823,0.28476,-18.83568
2022-05-19,127.914,2.686,126.34939,1.23072,0.76447,9.99898,0.26863,-18.83568
2022-05-20,127.832,2.656,126.17147,1.30751,0.81294,9.96374,0.26657,-18.83568
2022-05-23,127.903,2.712,126.79102,0.87319,0.54363,9.95331,0.27247,-18.83568
2022-05-24,127.846,2.567,125.60999,1.76446,1.09941,9.93887,0.25828,-18.83568
2022-05-25,126.769,2.555,125.73365,0.82008,0.51107,10.10654,0.25281,-18.83568
2022-05-26,127.152,2.522,125.81051,1.06064,0.66178,10.10745,0.24952,-18.83568
2022-05-27,127.045,2.537,126.32615,0.56743,0.35472,10.0478,0.25249,-18.83568
2022-05-30,127.285,2.538,126.34749,0.73927,0.46356,10.01973,0.2533,-18.83568
2022-05-31,127.784,2.6,126.92391,0.67535,0.42451,9.99221,0.2602,-18.83568
2022-06-01,128.73599,2.735,127.69101,0.81504,0.51398,10.05091,0.27211,-21.98086
2022-06-02,130.12199,2.72,127.83839,1.77055,1.12006,10.12672,0.2686,-21.98086
2022-06-03,129.918,2.73,128.05691,1.44287,0.91343,10.1451,0.2691,-21.98086
2022-06-06,130.707,2.795,128.5225,1.68542,1.06842,10.17701,0.27464,-21.98086
2022-06-07,132.17599,2.82,129.00677,2.42694,1.54064,10.34316,0.27264,-21.98086
2022-06-08,132.847,2.85,129.475,2.57103,1.63255,10.36024,0.27509,-21.98086
2022-06-09,134.42999,2.905,129.54121,3.70445,2.35236,10.37121,0.2801,-21.98086
2022-06-10,134.418,3.141,131.1317,2.47522,1.56739,10.35277,0.3034,-21.98086
2022-06-13,134.814,3.451,132.69483,1.58441,1.00272,10.35028,0.33342,-21.98086
2022-06-14,134.22501,3.5,133.27896,0.70732,0.44836,10.41382,0.33609,-21.98086
2022-06-15,135.29401,3.26,131.71236,2.68297,1.70521,10.42826,0.31261,-21.98086
2022-06-16,134.11501,3.224,131.04435,2.31619,1.47077,10.61093,0.30384,-21.98086
2022-06-17,132.42101,3.241,131.14597,0.96753,0.61401,11.00169,0.29459,-21.98086
2022-06-20,135.276,3.229,131.07236,3.15676,2.00621,11.40455,0.28313,-21.98086
2022-06-21,135.08701,3.276,131.78211,2.47692,1.56976,11.40032,0.28736,-21.98086
2022-06-22,136.269,3.139,130.78046,4.11108,2.60266,11.3648,0.2762,-21.98086
2022-06-23,136.024,3.095,130.41175,4.21346,2.65221,11.37706,0.27204,-21.98086
2022-06-24,134.84,3.119,131.2169,2.72372,1.70556,11.3951,0.27371,-21.98086
2022-06-27,135.062,3.146,131.67348,2.54087,1.58862,11.33592,0.27752,-21.98086
2022-06-28,135.435,3.145,131.62782,2.85134,1.77879,11.13647,0.28241,-21.98086
2022-06-29,136.047,3.11,131.34452,3.51766,2.18776,11.12326,0.27959,-21.98086
2022-06-30,136.589,2.985,130.20233,4.78868,2.96435,11.08194,0.26936,-21.98086
2022-07-01,135.786,2.91,129.8678,4.4563,2.73507,11.186,0.26015,-21.88574
2022-07-04,135.043,2.905,129.91171,3.87382,2.36031,11.22201,0.25887,-21.88574
2022-07-05,135.84,2.88,129.09882,5.08995,3.08503,11.25626,0.25586,-21.88574
2022-07-06,135.521,3.035,130.5447,3.74109,2.24704,11.27775,0.26911,-21.88574
2022-07-07,135.966,3.101,131.57937,3.27946,1.96013,11.28254,0.27485,-21.88574
2022-07-08,135.91299,3.19,132.89656,2.24438,1.33645,11.18998,0.28508,-21.88574
2022-07-11,136.30099,3.14,132.19226,3.06082,1.81944,11.18887,0.28064,-21.88574
2022-07-12,137.388,3.1,131.24881,4.57142,2.70862,11.26148,0.27527,-21.88574
2022-07-13,136.726,3.206,132.41375,3.20475,1.88553,11.28532,0.28409,-21.88574
2022-07-14,137.62801,3.21,132.60744,3.71613,2.17917,11.32688,0.2834,-21.88574
2022-07-15,138.967,3.191,133.16545,4.26441,2.4898,11.43981,0.27894,-21.88574
2022-07-18,138.314,3.211,133.49111,3.54915,2.06073,11.02971,0.29112,-21.88574
2022-07-19,138.229,3.307,134.73144,2.56283,1.48204,10.79337,0.30639,-21.88574
2022-07-20,138.19099,3.327,135.13928,2.23308,1.28859,10.79071,0.30832,-21.88574
2022-07-21,138.395,3.175,133.83763,3.34846,1.92925,10.79063,0.29424,-21.88574
2022-07-22,137.09801,3.057,132.81757,3.17195,1.82108,10.88384,0.28088,-21.88574
2022-07-25,136.312,3.075,133.07476,2.40353,1.37546,10.92751,0.2814,-21.88574
2022-07-26,136.431,3.097,132.94653,2.5872,1.47783,10.81389,0.28639,-21.88574
2022-07-27,136.97,3.038,132.94483,2.98277,1.70014,10.21995,0.29726,-21.88574
2022-07-28,136.11099,2.926,132.2311,2.89195,1.64392,10.22428,0.28618,-21.88574
2022-07-29,134.397,2.98,133.23874,0.86556,0.49074,10.56966,0.28194,-21.88574
2022-08-01,133.407,2.99,132.43626,0.73031,0.41409,10.68711,0.27978,-20.1869
2022-08-02,131.57201,3.15,133.69964,-1.60415,-0.9095,10.96708,0.28722,-20.1869
2022-08-03,133.379,3.185,134.38856,-0.75406,-0.42732,11.16899,0.28516,-20.1869
2022-08-04,133.96201,3.125,133.80148,0.1199,0.06796,11.18327,0.27944,-20.1869
2022-08-05,132.621,3.34,136.04074,-2.5459,-1.4462,11.35967,0.29402,-20.1869
2022-08-08,135.05701,3.311,135.69821,-0.47364,-0.26889,11.91144,0.27797,-20.1869
2022-08-09,134.84,3.381,136.18976,-0.99604,-0.56643,11.8843,0.28449,-20.1869
2022-08-10,135.187,3.32,136.28751,-0.81077,-0.46204,11.70583,0.28362,-20.1869
2022-08-11,132.83,3.32,136.21247,-2.51458,-1.4344,12.20834,0.27195,-20.1869
2022-08-12,132.994,3.336,136.41336,-2.53856,-1.44791,12.1772,0.27395,-20.1869
2022-08-15,133.28799,3.285,135.48574,-1.63543,-0.93198,12.16017,0.27014,-20.1869
2022-08-16,133.14301,3.34,135.84064,-2.00587,-1.14318,11.90003,0.28067,-20.1869
2022-08-17,134.27699,3.37,136.04218,-1.30602,-0.74371,11.99967,0.28084,-20.1869
2022-08-18,134.944,3.306,135.68183,-0.54528,-0.3104,12.02854,0.27485,-20.1869
2022-08-19,135.795,3.336,135.61646,0.13156,0.07489,12.07432,0.27629,-20.1869
2022-08-22,137.041,3.401,135.28603,1.28889,0.73369,12.02922,0.28273,-20.1869
2022-08-23,137.54601,3.376,135.23301,1.69591,0.96492,12.03392,0.28054,-20.1869
2022-08-24,136.733,3.446,136.3501,0.28043,0.15942,12.11256,0.2845,-20.1869
2022-08-25,137.08099,3.437,136.4601,0.45397,0.25813,12.11485,0.2837,-20.1869
2022-08-26,136.563,3.457,135.70932,0.62709,0.3567,12.142,0.28471,-20.1869
2022-08-29,137.52,3.499,136.19527,0.96797,0.55072,12.13295,0.28839,-20.1869
2022-08-30,138.59599,3.55,136.3443,1.63799,0.93194,12.05235,0.29455,-20.1869
2022-08-31,138.73399,3.535,136.14074,1.88692,1.0732,12.04103,0.29358,-20.1869
2022-09-01,139.29601,3.59,136.50997,2.02036,1.14853,12.01368,0.29883,-22.17555
2022-09-02,140.08099,3.485,135.62445,3.23311,1.83653,11.87315,0.29352,-22.17555
2022-09-05,140.487,3.485,135.69028,3.474,1.96873,11.85029,0.29409,-22.17555
2022-09-06,140.42999,3.581,136.29871,2.98602,1.68698,11.64131,0.30761,-22.17555
2022-09-07,143.151,3.531,136.16506,5.00322,2.8219,12.21323,0.28911,-22.17555
2022-09-08,144.12801,3.561,136.97081,5.0934,2.85263,12.26248,0.2904,-22.17555
2022-09-09,143.856,3.641,138.3993,3.86698,2.15023,12.22766,0.29777,-22.17555
2022-09-12,142.59599,3.656,138.39392,2.99113,1.65641,12.30525,0.29711,-22.17555
2022-09-13,142.58501,3.826,139.14092,2.44511,1.35069,12.1519,0.31485,-22.17555
2022-09-14,144.40401,3.856,139.8779,3.18451,1.75622,12.05034,0.31999,-22.17555
2022-09-15,142.923,3.946,140.65607,1.59884,0.87931,11.5727,0.34098,-22.17555
2022-09-16,143.36501,3.921,140.47081,2.03941,1.12093,11.57169,0.33884,-22.17555
2022-09-19,142.765,4.021,141.76025,0.70626,0.38783,11.50727,0.34943,-22.17555
2022-09-20,143.22301,4.03,141.37115,1.30142,0.71493,11.5059,0.35025,-22.17555
2022-09-21,143.60201,4.075,141.58431,1.41503,0.77749,11.34557,0.35917,-22.17555
2022-09-22,144.31599,4.176,142.89152,0.99195,0.54515,11.37257,0.3672,-22.17555
2022-09-23,142.28,4.266,142.87766,-0.41918,-0.23032,11.76846,0.36249,-22.17555
2022-09-26,143.511,4.326,142.74185,0.5374,0.29529,11.84967,0.36507,-22.17555
2022-09-27,144.459,4.345,142.99998,1.01513,0.55817,11.88907,0.36546,-22.17555
2022-09-28,144.69099,4.11,141.36974,2.32217,1.27778,11.80945,0.34803,-22.17555
2022-09-29,144.39799,4.21,141.9551,1.70625,0.93978,11.75224,0.35823,-22.17555
2022-09-30,144.431,4.27,142.61679,1.26407,0.697,11.7123,0.36457,-22.17555
2022-10-03,144.81599,4.175,142.07672,1.90967,1.05566,11.69737,0.35692,-22.58266
2022-10-04,144.519,4.16,142.42794,1.45748,0.80677,11.70474,0.35541,-22.58266
2022-10-05,143.787,4.215,143.2803,0.35302,0.1957,11.76425,0.35829,-22.58266
2022-10-06,144.44901,4.3,143.65887,0.5485,0.30428,11.78119,0.36499,-22.58266
2022-10-07,145.039,4.365,144.34226,0.48154,0.26717,11.71269,0.37267,-22.58266
2022-10-10,145.48199,4.365,143.94986,1.05873,0.58744,11.66301,0.37426,-22.58266
2022-10-11,145.674,4.354,143.44071,1.54494,0.85726,11.60786,0.37509,-22.58266
2022-10-12,145.87,4.334,143.16762,1.86996,1.03688,11.47049,0.37784,-22.58266
2022-10-13,146.737,4.52,145.80325,0.63838,0.3536,11.46122,0.39437,-22.58266
2022-10-14,147.293,4.53,145.70828,1.08173,0.5992,11.47073,0.39492,-22.58266
2022-10-17,148.632,4.5,145.60237,2.05941,1.14037,11.57942,0.38862,-22.58266
2022-10-18,148.97099,4.48,145.61166,2.28084,1.26175,11.58143,0.38683,-22.58266
2022-10-19,149.209,4.584,146.91671,1.54822,0.8554,11.38003,0.40281,-22.58266
2022-10-20,149.821,4.641,147.8411,1.33032,0.7347,11.30065,0.41068,-22.58266
2022-10-21,150.17599,4.493,146.42135,2.53195,1.39868,11.30123,0.39757,-22.58266
2022-10-24,147.819,4.499,146.51548,0.88575,0.4887,11.80903,0.38098,-22.58266
2022-10-25,148.88699,4.428,146.21535,1.8107,0.99993,11.76888,0.37625,-22.58266
2022-10-26,147.98,4.409,146.56387,0.96158,0.53094,11.51996,0.38273,-22.58266
2022-10-27,146.134,4.344,145.91154,0.15235,0.08419,11.72673,0.37044,-22.58266
2022-10-28,146.274,4.459,147.70474,-0.97337,-0.53869,11.30814,0.39432,-22.58266
2022-10-31,147.812,4.555,148.68236,-0.5871,-0.32529,11.18868,0.40711,-22.58266
2022-11-01,148.737,4.585,149.04222,-0.205,-0.11377,11.21356,0.40888,-20.79428
2022-11-02,147.91499,4.65,149.85403,-1.3024,-0.72388,11.0569,0.42055,-20.79428
2022-11-03,147.892,4.75,151.10193,-2.14724,-1.19446,10.54316,0.45053,-20.79428
2022-11-04,148.39301,4.7,150.93662,-1.69958,-0.94522,10.53174,0.44627,-20.79428
2022-11-07,146.841,4.76,151.63508,-3.21264,-1.78946,10.80039,0.44072,-20.79428
2022-11-08,146.62399,4.71,150.42514,-2.55941,-1.42324,10.11319,0.46573,-20.79428
2022-11-09,145.295,4.66,149.48432,-2.84253,-1.58077,10.33604,0.45085,-20.79428
2022-11-10,146.209,4.39,147.34386,-0.7732,-0.42956,10.38072,0.4229,-20.79428
2022-11-11,141.73399,4.396,147.88475,-4.24812,-2.36244,12.24691,0.35895,-20.79428
2022-11-14,139.55299,4.45,147.79698,-5.73951,-3.17711,12.58578,0.35357,-20.79428
2022-11-15,140.11501,4.417,147.04304,-4.82618,-2.64784,12.57404,0.35128,-20.79428
2022-11-16,138.965,4.392,146.75928,-5.45716,-2.97712,12.64238,0.3474,-20.79428
2022-11-17,139.32201,4.471,147.40741,-5.64124,-3.05696,12.52494,0.35697,-20.79428
2022-11-18,140.412,4.529,148.06258,-5.30541,-2.85592,12.59739,0.35952,-20.79428
2022-11-21,140.25301,4.494,147.79099,-5.23511,-2.80524,12.53696,0.35846,-20.79428
2022-11-22,142.09801,4.489,148.00148,-4.07053,-2.16754,12.7843,0.35113,-20.79428
2022-11-23,141.155,4.479,147.94047,-4.69514,-2.49316,12.83688,0.34892,-20.79428
2022-11-24,139.278,4.484,147.83338,-5.96139,-3.15261,13.06479,0.34321,-20.79428
2022-11-25,138.603,4.438,146.99393,-5.87776,-3.08611,13.01089,0.3411,-20.79428
2022-11-28,139.10001,4.479,146.67464,-5.30237,-2.76467,13.02917,0.34377,-20.79428
2022-11-29,138.71899,4.51,146.94524,-5.76098,-2.98849,13.01515,0.34652,-20.79428
2022-11-30,138.745,4.41,146.27762,-5.28687,-2.72314,12.96394,0.34017,-20.79428
2022-12-01,137.35899,4.28,145.10199,-5.4839,-2.80953,13.0978,0.32677,-18.14055
2022-12-02,135.14999,4.305,145.37124,-7.29055,-3.71654,13.47623,0.31945,-18.14055
2022-12-05,134.47501,4.43,145.76143,-8.05929,-4.06429,12.88736,0.34375,-18.14055
2022-12-06,136.65199,4.35,144.13198,-5.32919,-2.64854,13.24302,0.32848,-18.14055
2022-12-07,136.886,4.269,142.92192,-4.315,-2.13469,13.25106,0.32216,-18.14055
2022-12-08,136.381,4.319,143.33451,-4.97287,-2.45706,13.16473,0.32807,-18.14055
2022-12-09,136.614,4.345,143.35325,-4.81525,-2.37303,13.17304,0.32984,-18.14055
2022-12-12,136.71201,4.404,143.52288,-4.86179,-2.38886,12.89441,0.34154,-18.14055
2022-12-13,137.504,4.235,142.44293,-3.52884,-1.72698,12.81685,0.33042,-18.14055
2022-12-14,135.584,4.245,142.90883,-5.26155,-2.57209,13.07195,0.32474,-18.14055
2022-12-15,135.34801,4.245,142.35738,-5.04913,-2.45858,13.05591,0.32514,-18.14055
2022-12-16,137.75101,4.189,141.61229,-2.76452,-1.34141,13.54567,0.30925,-18.14055
2022-12-19,136.69,4.259,142.32972,-4.04308,-1.96204,13.60296,0.31309,-18.14055
2022-12-20,136.995,4.239,142.24934,-3.7637,-1.82294,13.56702,0.31245,-18.14055
2022-12-21,131.892,4.219,142.40848,-7.67162,-3.71284,15.24697,0.27671,-18.14055
2022-12-22,132.37,4.238,142.00168,-7.02379,-3.36244,15.14862,0.27976,-18.14055
2022-12-23,132.35699,4.296,142.81297,-7.60331,-3.61109,15.06631,0.28514,-18.14055
2022-12-26,132.78999,4.277,142.48536,-7.04704,-3.31454,15.08338,0.28356,-18.14055
2022-12-27,132.76401,4.282,142.30843,-6.94235,-3.23843,15.08455,0.28387,-18.14055
2022-12-28,133.48599,4.271,141.94309,-6.14297,-2.84295,15.14208,0.28206,-18.14055
2022-12-29,134.034,4.301,142.11537,-5.85457,-2.69192,15.15986,0.28371,-18.14055
2022-12-30,132.916,4.38,142.95573,-7.28177,-3.32888,15.22644,0.28766,-18.14055
2023-01-02,130.845,4.38,142.81057,-8.75056,-3.96154,15.47901,0.28296,-16.70079
2023-01-03,130.79401,4.37,142.17394,-8.34276,-3.72319,15.43133,0.28319,-16.70079
2023-01-04,131.248,4.335,141.45398,-7.48857,-3.30065,15.42271,0.28108,-16.70079
2023-01-05,132.246,4.435,142.23109,-7.27893,-3.17789,15.50434,0.28605,-16.70079
2023-01-06,133.30701,4.229,140.33507,-5.13781,-2.22388,15.61095,0.2709,-16.70079
2023-01-09,131.862,4.179,139.83286,-5.86919,-2.53002,15.7149,0.26593,-16.70079
2023-01-10,131.729,4.214,140.16369,-6.20642,-2.66131,15.6409,0.26942,-16.70079
2023-01-11,132.101,4.174,139.87864,-5.72084,-2.43904,15.62834,0.26708,-16.70079
2023-01-12,131.90199,4.079,139.1841,-5.37384,-2.28191,15.4743,0.2636,-16.70079
2023-01-13,129.172,4.188,140.13144,-8.1436,-3.44667,15.90914,0.26324,-16.70079
2023-01-16,128.026,4.188,139.95534,-8.909,-3.73437,15.94429,0.26266,-16.70079
2023-01-17,128.321,4.139,139.38669,-8.27171,-3.42587,15.9185,0.26001,-16.70079
2023-01-18,128.28101,4.054,138.45577,-7.63277,-3.12969,15.89449,0.25506,-16.70079
2023-01-19,128.539,4.091,138.74388,-7.63973,-3.10498,15.6859,0.26081,-16.70079
2023-01-20,128.37,4.144,139.16966,-8.07771,-3.25522,15.57014,0.26615,-16.70079
2023-01-23,129.354,4.225,139.75409,-7.73315,-3.08742,15.67768,0.26949,-16.70079
2023-01-24,130.597,4.125,138.61051,-5.95517,-2.35857,15.70432,0.26267,-16.70079
2023-01-25,130.239,4.12,138.4485,-6.11272,-2.41224,15.6955,0.2625,-16.70079
2023-01-26,129.237,4.179,138.8928,-7.20545,-2.83208,15.5367,0.26898,-16.70079
2023-01-27,129.8,4.189,138.73215,-6.65502,-2.59961,15.49984,0.27026,-16.70079
2023-01-30,129.854,4.254,139.13473,-6.9032,-2.68201,15.49283,0.27458,-16.70079
2023-01-31,130.479,4.22,138.65436,-6.07719,-2.34639,15.54931,0.27139,-16.70079
2023-02-01,130.11,4.11,137.352,-5.41667,-2.0814,15.5117,0.26496,-18.31278
2023-02-02,128.62199,4.11,137.30351,-6.53161,-2.50149,15.53477,0.26457,-18.31278
2023-02-03,128.746,4.33,138.6914,-7.44099,-2.83524,15.54643,0.27852,-18.31278
2023-02-06,132.009,4.465,139.86372,-5.77984,-2.18609,16.39386,0.27236,-18.31278
2023-02-07,132.623,4.499,140.07242,-5.4649,-2.05801,16.36557,0.27491,-18.31278
2023-02-08,131.04201,4.479,140.0783,-6.66836,-2.50109,15.38085,0.29121,-18.31278
2023-02-09,131.38699,4.515,140.40324,-6.63715,-2.47453,15.12283,0.29856,-18.31278
2023-02-10,131.519,4.545,140.63409,-6.70101,-2.48383,15.09451,0.3011,-18.31278
2023-02-13,131.55099,4.575,140.74202,-6.7534,-2.48841,15.0244,0.3045,-18.31278
2023-02-14,132.33701,4.656,140.89171,-6.26398,-2.29411,15.07116,0.30893,-18.31278
2023-02-15,132.991,4.671,140.71078,-5.64251,-2.05591,15.01545,0.31108,-18.31278
2023-02-16,133.903,4.667,140.99165,-5.1585,-1.8718,15.09395,0.3092,-18.31278
2023-02-17,134.07401,4.647,140.55265,-4.71902,-1.70651,14.83767,0.31319,-18.31278
2023-02-20,134.30701,4.643,140.43924,-4.46467,-1.60997,14.80072,0.3137,-18.31278
2023-02-21,134.336,4.699,141.43029,-5.14629,-1.85104,14.57851,0.32232,-18.31278
2023-02-22,134.976,4.689,140.9541,-4.33373,-1.55353,14.59041,0.32138,-18.31278
2023-02-23,134.93201,4.689,140.76305,-4.2307,-1.51313,14.56778,0.32187,-18.31278
2023-02-24,134.62801,4.809,141.81358,-5.19979,-1.85554,14.56504,0.33017,-18.31278
2023-02-27,136.395,4.808,141.49647,-3.67196,-1.30591,14.8135,0.32457,-18.31278
2023-02-28,136.317,4.836,141.71075,-3.8805,-1.37777,14.68015,0.32942,-18.31278
2023-03-01,136.34801,4.925,142.3336,-4.29631,-1.52263,14.31128,0.34413,-17.69446
2023-03-02,136.194,4.925,142.04937,-4.20943,-1.48868,14.27556,0.345,-17.69446
2023-03-03,136.705,4.9,141.57796,-3.50252,-1.23648,13.9278,0.35181,-17.69446
2023-03-06,135.86,4.929,141.78715,-4.27021,-1.50571,13.97822,0.35262,-17.69446
2023-03-07,135.99899,5.039,142.54935,-4.70408,-1.65575,13.961,0.36093,-17.69446
2023-03-08,137.39101,5.09,142.65165,-3.75747,-1.31935,14.10639,0.36083,-17.69446
2023-03-09,137.226,4.919,142.08641,-3.48062,-1.22029,14.10815,0.34866,-17.69446
2023-03-10,136.395,4.63,140.46897,-2.94315,-1.03062,14.11205,0.32809,-17.69446
2023-03-13,134.98,4.055,136.37007,-1.02457,-0.35845,13.98438,0.28997,-17.69446
2023-03-14,133.114,4.24,136.79201,-2.72557,-0.95358,14.25308,0.29748,-17.69446
2023-03-15,134.397,3.981,134.98638,-0.43757,-0.15297,13.93157,0.28575,-17.69446
2023-03-16,132.929,4.21,136.07612,-2.33993,-0.818,14.01611,0.30037,-17.69446
2023-03-17,133.368,3.885,134.05422,-0.51322,-0.1793,14.02601,0.27699,-17.69446
2023-03-20,132.284,3.997,134.65453,-1.77614,-0.62049,11.88796,0.33622,-17.69446
2023-03-21,131.392,4.247,135.9698,-3.42476,-1.19597,11.94247,0.35562,-17.69446
2023-03-22,132.34801,4.016,134.62591,-1.7065,-0.59514,12.03303,0.33375,-17.69446
2023-03-23,131.179,3.823,133.24145,-1.56001,-0.54387,12.14346,0.31482,-17.69446
2023-03-24,130.86501,3.827,132.96666,-1.59321,-0.55532,12.15144,0.31494,-17.69446
2023-03-27,130.84599,4.007,134.28531,-2.59457,-0.90412,12.09708,0.33124,-17.69446
2023-03-28,131.233,4.079,134.67253,-2.58718,-0.9009,12.08228,0.3376,-17.69446
2023-03-29,131.04601,4.15,134.89302,-2.89336,-1.00674,11.97375,0.34659,-17.69446
2023-03-30,132.576,4.161,135.01367,-1.82199,-0.63333,11.7831,0.35313,-17.69446
2023-03-31,133.201,4.121,134.67769,-1.10252,-0.38309,11.81657,0.34875,-17.69446
2023-04-03,133.347,4.01,134.36568,-0.76103,-0.2644,11.80018,0.33983,-17.61549
2023-04-04,132.299,3.865,133.46386,-0.87662,-0.30454,11.81544,0.32711,-17.61549
2023-04-05,131.485,3.82,133.16824,-1.27205,-0.44187,11.76585,0.32467,-17.61549
2023-04-06,130.93401,3.865,133.2998,-1.79073,-0.62193,11.5937,0.33337,-17.61549
2023-04-07,131.66901,4.03,134.43395,-2.07817,-0.72148,11.6481,0.34598,-17.61549
2023-04-10,132.097,4.045,134.58038,-1.86251,-0.64629,11.65261,0.34713,-17.61549
2023-04-11,133.46899,4.076,134.95488,-1.10713,-0.38404,11.82964,0.34456,-17.61549
2023-04-12,133.59399,3.995,134.53494,-0.70186,-0.24345,11.02526,0.36235,-17.61549
2023-04-13,133.08501,4.01,134.12455,-0.77808,-0.27001,10.89417,0.36809,-17.61549
2023-04-14,132.487,4.12,134.67617,-1.63886,-0.56868,10.93629,0.37673,-17.61549
2023-04-17,133.97099,4.215,135.13096,-0.8621,-0.29906,11.13933,0.37839,-17.61549
2023-04-18,134.425,4.23,135.18398,-0.56302,-0.19529,11.14933,0.37939,-17.61549
2023-04-19,134.04401,4.28,135.24014,-0.88839,-0.30815,11.16473,0.38335,-17.61549
2023-04-20,134.70399,4.18,134.55629,0.10971,0.03806,11.10896,0.37627,-17.61549
2023-04-21,133.996,4.205,134.65658,-0.49177,-0.17057,11.02062,0.38156,-17.61549
2023-04-24,133.961,4.158,134.46386,-0.37467,-0.12996,11.00292,0.3779,-17.61549
2023-04-25,134.084,3.895,133.02755,0.79102,0.27437,10.87712,0.35809,-17.61549
2023-04-26,133.711,3.94,133.06211,0.48647,0.16873,10.87038,0.36245,-17.61549
2023-04-27,133.465,4.11,133.75331,-0.21579,-0.07484,10.88021,0.37775,-17.61549
2023-04-28,133.802,4.085,133.27052,0.398,0.13804,10.85255,0.37641,-17.61549
2023-05-01,136.386,4.185,134.04917,1.72824,0.59946,11.45859,0.36523,-18.84031
2023-05-02,137.521,4.005,132.96686,3.36767,1.16787,11.28086,0.35503,-18.84031
2023-05-03,136.466,3.925,132.30457,3.09689,1.07252,11.41622,0.34381,-18.84031
2023-05-04,134.54401,3.785,131.88782,1.99396,0.68978,10.72383,0.35295,-18.84031
2023-05-05,134.179,3.955,132.5329,1.23439,0.42682,10.70378,0.3695,-18.84031
2023-05-08,135.19901,4.035,133.20451,1.48622,0.51392,10.5126,0.38383,-18.84031
2023-05-09,135.073,4.04,133.52648,1.15155,0.39811,10.50736,0.38449,-18.84031
2023-05-10,135.28799,3.94,132.50166,2.08106,0.71935,10.50929,0.37491,-18.84031
2023-05-11,134.08701,3.935,132.34425,1.30824,0.45198,10.67494,0.36862,-18.84031
2023-05-12,134.498,4.035,132.99944,1.12044,0.38704,10.6282,0.37965,-18.84031
2023-05-15,135.82201,4.039,133.17653,1.96697,0.67939,10.75891,0.37541,-18.84031
2023-05-16,136.045,4.114,133.95435,1.54866,0.53468,10.68124,0.38516,-18.84031
2023-05-17,136.42999,4.186,134.34231,1.54205,0.53228,10.69177,0.39152,-18.84031
2023-05-18,137.614,4.301,134.7983,2.06731,0.71339,10.81852,0.39756,-18.84031
2023-05-19,138.62,4.341,135.3293,2.40253,0.82873,10.906,0.39804,-18.84031
2023-05-22,137.692,4.356,135.63618,1.50432,0.51855,10.96523,0.39726,-18.84031
2023-05-23,138.672,4.321,135.88081,2.03333,0.70072,11.04763,0.39112,-18.84031
2023-05-24,138.59801,4.376,136.85824,1.26321,0.43513,11.03595,0.39652,-18.84031
2023-05-25,139.283,4.566,137.79198,1.07627,0.3707,10.7764,0.4237,-18.84031
2023-05-26,140.017,4.606,137.82081,1.58095,0.54454,10.81947,0.42571,-18.84031
2023-05-29,140.871,4.601,137.80259,2.20225,0.75842,10.87829,0.42295,-18.84031
2023-05-30,140.44099,4.515,136.70981,2.69269,0.92697,10.89697,0.41434,-18.84031
2023-05-31,139.79201,4.46,136.40063,2.45593,0.84482,10.92394,0.40828,-18.84031
2023-06-01,139.127,4.395,135.41347,2.70543,0.93008,10.89273,0.40348,-20.28445
2023-06-02,138.748,4.575,136.57033,1.58196,0.54353,10.90951,0.41936,-20.28445
2023-06-05,140.207,4.525,136.33004,2.80412,0.96361,10.91983,0.41438,-20.28445
2023-06-06,139.383,4.575,136.41865,2.1497,0.73829,10.98658,0.41642,-20.28445
2023-06-07,139.52699,4.62,136.84768,1.93896,0.6657,10.91206,0.42338,-20.28445
2023-06-08,139.899,4.58,136.39239,2.53848,0.87132,10.69798,0.42812,-20.28445
2023-06-09,138.86301,4.655,136.95001,1.38719,0.47582,10.41581,0.44692,-20.28445
2023-06-12,139.371,4.62,136.82483,1.8438,0.63231,10.27582,0.4496,-20.28445
2023-06-13,139.46001,4.745,137.89597,1.12783,0.38664,10.00371,0.47432,-20.28445
2023-06-14,140.177,4.811,138.04049,1.53589,0.52646,10.02924,0.4797,-20.28445
2023-06-15,139.97701,4.684,137.60051,1.71235,0.58685,9.87419,0.47437,-20.28445
2023-06-16,140.26801,4.765,137.9943,1.63426,0.5599,9.75289,0.48857,-20.28445
2023-06-19,141.867,4.766,138.04184,2.73332,0.93617,9.89189,0.48181,-20.28445
2023-06-20,141.899,4.746,138.00272,2.78422,0.95278,9.68419,0.49008,-20.28445
2023-06-21,141.33501,4.749,137.97641,2.40503,0.82229,9.7136,0.4889,-20.28445
2023-06-22,141.688,4.841,138.31616,2.40854,0.82295,9.71284,0.49841,-20.28445
2023-06-23,143.03,4.784,138.10198,3.5062,1.19724,9.84403,0.48598,-20.28445
2023-06-26,143.541,4.727,138.04361,3.90511,1.33161,9.8371,0.48053,-20.28445
2023-06-27,143.46001,4.814,138.40722,3.58561,1.22059,9.62496,0.50016,-20.28445
2023-06-28,143.882,4.774,138.27633,3.97395,1.35082,9.60569,0.497,-20.28445
2023-06-29,144.38901,4.94,139.67721,3.3177,1.12572,9.61658,0.5137,-20.28445
2023-06-30,144.78,4.945,139.86147,3.45629,1.17129,9.4385,0.52392,-20.28445
2023-07-03,144.39799,5.005,140.36038,2.83601,0.95981,9.34892,0.53536,-20.13053
2023-07-04,144.584,5.01,140.46004,2.89376,0.97847,9.2774,0.54002,-20.13053
2023-07-05,144.40601,5.01,140.89541,2.46109,0.83139,9.25754,0.54118,-20.13053
2023-07-06,144.489,5.05,141.54905,2.05571,0.69397,9.25208,0.54582,-20.13053
2023-07-07,143.951,4.979,141.08765,2.00917,0.67794,9.12834,0.54544,-20.13053
2023-07-10,142.209,4.879,140.33114,1.32929,0.44834,9.51232,0.51291,-20.13053
2023-07-11,141.297,4.919,140.77466,0.37036,0.1249,9.58024,0.51345,-20.13053
2023-07-12,140.118,4.754,139.26633,0.60967,0.20562,9.70052,0.49008,-20.13053
2023-07-13,138.315,4.624,138.43041,-0.0834,-0.02813,9.86108,0.46891,-20.13053
2023-07-14,138.075,4.778,139.37498,-0.9371,-0.31611,9.85354,0.4849,-20.13053
2023-07-17,138.68201,4.778,139.24993,-0.40868,-0.13787,9.86223,0.48447,-20.13053
2023-07-18,138.729,4.773,139.26798,-0.38775,-0.13081,9.82216,0.48594,-20.13053
2023-07-19,139.02699,4.777,139.39575,-0.26489,-0.08936,9.75787,0.48955,-20.13053
2023-07-20,139.59801,4.837,139.92442,-0.23355,-0.07879,9.78144,0.49451,-20.13053
2023-07-21,139.864,4.846,140.02921,-0.11805,-0.03982,9.7845,0.49527,-20.13053
2023-07-24,141.75,4.846,140.2738,1.04687,0.35317,10.08282,0.48062,-20.13053
2023-07-25,141.522,4.888,140.68992,0.58969,0.19892,10.08034,0.4849,-20.13053
2023-07-26,140.91299,4.858,140.22331,0.49064,0.1655,10.12904,0.47961,-20.13053
2023-07-27,140.367,4.95,141.38649,-0.72367,-0.2441,9.46227,0.52313,-20.13053
2023-07-28,138.864,4.885,140.66488,-1.28853,-0.4346,9.58784,0.5095,-20.13053
2023-07-31,140.758,4.88,140.73299,0.01777,0.00599,9.81925,0.49698,-20.13053
2023-08-01,142.323,4.92,141.05832,0.89257,0.30102,9.5807,0.51353,-21.24589
2023-08-02,142.97,4.87,141.04782,1.35358,0.45647,9.57946,0.50838,-21.24589
2023-08-03,143.34399,4.88,141.28901,1.44398,0.4869,9.49225,0.5141,-21.24589
2023-08-04,142.59801,4.759,140.73449,1.31545,0.44348,9.56481,0.49755,-21.24589
2023-08-07,141.87601,4.743,140.24779,1.15427,0.38909,9.63679,0.49218,-21.24589
2023-08-08,142.524,4.728,140.274,1.59128,0.53633,9.46236,0.49966,-21.24589
2023-08-09,143.278,4.784,140.84837,1.71029,0.57629,9.4926,0.50397,-21.24589
2023-08-10,143.72701,4.808,140.92105,1.97159,0.66415,9.33394,0.51511,-21.24589
2023-08-11,144.854,4.878,141.29939,2.48454,0.83661,9.43492,0.51702,-21.24589
2023-08-14,144.817,4.943,141.77696,2.12158,0.7139,9.43075,0.52414,-21.24589
2023-08-15,145.437,4.904,141.72679,2.58418,0.86913,9.32577,0.52585,-21.24589
2023-08-16,145.608,4.953,142.05259,2.47207,0.8308,9.2348,0.53634,-21.24589
2023-08-17,146.33299,4.912,142.03555,2.98074,1.00107,9.14445,0.53716,-21.24589
2023-08-18,145.714,4.898,141.90729,2.64719,0.88819,9.11668,0.53726,-21.24589
2023-08-21,145.30499,4.941,142.19775,2.16162,0.72472,9.14143,0.54051,-21.24589
2023-08-22,146.23801,4.995,142.56243,2.54555,0.85302,9.17343,0.54451,-21.24589
2023-08-23,145.763,4.926,141.76007,2.7846,0.93254,9.16229,0.53764,-21.24589
2023-08-24,144.673,4.97,142.3804,1.59737,0.53457,9.23691,0.53806,-21.24589
2023-08-25,146.067,5.02,142.60394,2.39943,0.80278,9.38832,0.53471,-21.24589
2023-08-28,146.53101,4.969,142.10128,3.0697,1.02637,9.34037,0.53199,-21.24589
2023-08-29,146.464,4.851,141.19346,3.66487,1.2241,9.27647,0.52294,-21.24589
2023-08-30,145.98801,4.871,141.31791,3.25124,1.08434,9.28526,0.52459,-21.24589
2023-08-31,146.099,4.825,141.05174,3.51577,1.17123,9.07568,0.53164,-21.24589
2023-09-01,145.47301,4.85,141.391,2.84614,0.94697,9.0343,0.53684,-21.72229
2023-09-04,146.05701,4.854,141.48828,3.17801,1.0565,9.05858,0.53585,-21.72229
2023-09-05,146.543,4.924,142.43532,2.84309,0.94412,9.06526,0.54317,-21.72229
2023-09-06,147.47099,4.993,143.17001,2.95987,0.98204,8.97821,0.55612,-21.72229
2023-09-07,147.709,4.928,142.62843,3.50012,1.16021,8.96256,0.54984,-21.72229
2023-09-08,147.33099,4.973,143.03025,2.96256,0.98073,8.98951,0.5532,-21.72229
2023-09-11,147.11301,4.927,142.71532,3.03492,1.00378,8.95944,0.54992,-21.72229
2023-09-12,146.67799,4.947,143.15428,2.43167,0.80354,8.97993,0.5509,-21.72229
2023-09-13,147.158,4.932,142.95179,2.89994,0.95803,8.99027,0.54859,-21.72229
2023-09-14,147.34599,4.971,143.42364,2.69808,0.89092,8.73075,0.56937,-21.72229
2023-09-15,147.48199,4.99,143.80821,2.52256,0.83266,8.73064,0.57155,-21.72229
2023-09-18,147.868,5.02,144.18033,2.52552,0.83347,8.68911,0.57773,-21.72229
2023-09-19,147.605,5.045,144.43229,2.17289,0.71708,8.69563,0.58018,-21.72229
2023-09-20,147.742,5.094,144.90685,1.93764,0.63959,8.51111,0.59851,-21.72229
2023-09-21,148.321,5.085,145.11543,2.18493,0.72159,8.51642,0.59708,-21.72229
2023-09-22,147.644,5.065,144.93283,1.85336,0.61225,8.57475,0.59069,-21.72229
2023-09-25,148.43401,5.057,144.85343,2.44181,0.80669,8.61629,0.58691,-21.72229
2023-09-26,148.811,5.006,144.76868,2.75399,0.9096,8.60452,0.58179,-21.72229
2023-09-27,149.045,5.066,145.50585,2.4032,0.79341,8.59559,0.58937,-21.72229
2023-09-28,149.498,4.996,144.72199,3.24684,1.07187,8.58728,0.58179,-21.72229
2023-09-29,149.33701,4.986,144.69024,3.16104,1.04281,8.59206,0.5803,-21.72229
2023-10-02,149.53999,5.065,144.84703,3.18857,1.05123,8.58629,0.58989,-21.37201
2023-10-03,149.851,5.099,145.43535,2.99098,0.98566,8.59169,0.59348,-21.37201
2023-10-04,149.192,4.989,143.77935,3.69542,1.21756,8.60655,0.57967,-21.37201
2023-10-05,148.966,4.969,143.41129,3.80014,1.25134,8.22045,0.60447,-21.37201
2023-10-06,148.463,5.019,143.7934,3.19582,1.05213,8.13447,0.617,-21.37201
2023-10-09,149.16,5.019,144.31023,3.30542,1.08818,7.95385,0.63102,-21.37201
2023-10-10,148.327,4.902,143.20251,3.51595,1.15682,7.55599,0.64876,-21.37201
2023-10-11,148.62801,4.932,143.11184,3.78202,1.2434,7.53583,0.65447,-21.37201
2023-10-12,149.036,5.013,143.9371,3.48114,1.14301,7.51444,0.66712,-21.37201
2023-10-13,149.78999,4.996,144.79952,3.38841,1.11188,7.55285,0.66147,-21.37201
2023-10-16,149.56599,5.047,144.82348,3.22221,1.05692,7.56977,0.66673,-21.37201
2023-10-17,149.578,5.131,145.70602,2.6227,0.86001,7.54899,0.67969,-21.37201
2023-10-18,149.759,5.12,146.03398,2.5188,0.82604,7.54725,0.67839,-21.37201
2023-10-19,149.742,5.059,145.94957,2.56527,0.84202,7.12341,0.71019,-21.37201
2023-10-20,149.802,4.995,145.45094,2.94756,0.96785,7.10629,0.7029,-21.37201
2023-10-23,149.88,4.963,144.74388,3.48692,1.14537,7.02743,0.70623,-21.37201
2023-10-24,149.769,4.938,144.12791,3.83929,1.26032,6.96692,0.70878,-21.37201
2023-10-25,149.854,5.003,145.18262,3.16691,1.03898,6.54291,0.76464,-21.37201
2023-10-26,150.09801,4.927,144.34243,3.91,1.28287,6.04465,0.8151,-21.37201
2023-10-27,150.366,4.896,144.53599,3.95438,1.29713,5.69308,0.85999,-21.37201
2023-10-30,149.733,4.911,144.07969,3.84872,1.26285,5.73322,0.85659,-21.37201
2023-10-31,149.11099,4.921,143.94285,3.52746,1.15717,5.80269,0.84805,-21.37201
2023-11-01,151.29401,4.795,142.26963,6.15009,2.01782,6.31613,0.75917,-22.40135
2023-11-02,150.575,4.845,142.88599,5.24142,1.71452,6.30434,0.76852,-22.40135
2023-11-03,150.49699,4.695,141.22078,6.36187,2.0764,6.26775,0.74907,-22.40135
2023-11-06,149.44901,4.803,142.29593,4.90464,1.59532,6.39548,0.751,-22.40135
2023-11-07,149.989,4.783,141.59941,5.75599,1.86868,6.40366,0.74692,-22.40135
2023-11-08,150.396,4.813,141.51677,6.08536,1.97018,6.25217,0.76981,-22.40135
2023-11-09,150.864,4.923,142.73862,5.53637,1.78719,6.2697,0.78521,-22.40135
2023-11-10,151.349,4.932,142.96479,5.699,1.83575,6.24831,0.78933,-22.40135
2023-11-13,151.46899,4.917,143.15354,5.64632,1.81475,6.24743,0.78704,-22.40135
2023-11-14,151.646,4.707,141.24903,7.10244,2.27815,6.18605,0.76091,-22.40135
2023-11-15,150.485,4.831,142.2084,5.65699,1.80757,6.33155,0.763,-22.40135
2023-11-16,151.215,4.773,141.04736,6.96069,2.22019,6.35323,0.75127,-22.40135
2023-11-17,150.705,4.834,142.20904,5.80262,1.84528,6.29314,0.76814,-22.40135
2023-11-20,149.942,4.844,142.65606,4.9812,1.58137,6.34737,0.76315,-22.40135
2023-11-21,148.362,4.824,142.57469,3.97892,1.26251,6.53198,0.73852,-22.40135
2023-11-22,148.15199,4.838,142.62493,3.80204,1.2065,6.26819,0.77183,-22.40135
2023-11-23,149.46001,4.838,142.54992,4.73366,1.50307,6.47292,0.74742,-22.40135
2023-11-24,149.63499,4.852,142.53626,4.86025,1.54283,6.47322,0.74955,-22.40135
2023-11-27,149.571,4.772,141.72833,5.38591,1.70965,6.43398,0.74169,-22.40135
2023-11-28,148.452,4.665,141.14812,5.04518,1.59977,6.62414,0.70424,-22.40135
2023-11-29,147.063,4.592,140.8281,4.33211,1.37343,6.8418,0.67117,-22.40135
2023-11-30,147.039,4.681,141.62574,3.75099,1.18977,6.79751,0.68863,-22.40135
2023-12-01,147.99899,4.52,139.21766,6.11668,1.94287,6.88802,0.65621,-20.23925
2023-12-04,146.39301,4.609,139.89606,4.53951,1.44139,7.11983,0.64735,-20.23925
2023-12-05,147.327,4.534,138.96578,5.84269,1.85703,7.22915,0.62718,-20.23925
2023-12-06,147.185,4.564,138.53166,6.05914,1.92573,7.21354,0.6327,-20.23925
2023-12-07,147.18401,4.493,137.80854,6.58182,2.09186,7.2074,0.62339,-20.23925
2023-12-08,144.278,4.618,139.45437,3.40045,1.0795,8.22057,0.56176,-20.23925
2023-12-11,144.983,4.622,139.54052,3.82615,1.21723,8.25483,0.55991,-20.23925
2023-12-12,146.08501,4.663,139.15455,4.86035,1.54861,8.39654,0.55535,-20.23925
2023-12-13,145.28,4.412,137.00416,5.86516,1.86893,8.46227,0.52137,-20.23925
2023-12-14,142.77299,4.313,136.69576,4.34982,1.38446,9.11048,0.47341,-20.23925
2023-12-15,142.27901,4.353,137.06641,3.73244,1.18796,9.1259,0.47699,-20.23925
2023-12-18,142.313,4.351,137.44002,3.48412,1.10851,9.12231,0.47696,-20.23925
2023-12-19,142.722,4.342,137.68734,3.59133,1.14257,9.10376,0.47695,-20.23925
2023-12-20,143.88901,4.307,137.53345,4.51751,1.43658,9.23311,0.46647,-20.23925
2023-12-21,143.52299,4.293,137.33972,4.40377,1.3987,9.16812,0.46825,-20.23925
2023-12-22,142.07001,4.264,136.98328,3.64611,1.15652,9.34585,0.45625,-20.23925
2023-12-25,142.342,4.272,137.09578,3.75528,1.19048,9.34953,0.45692,-20.23925
2023-12-26,142.23,4.195,136.89649,3.82204,1.21113,9.31816,0.4502,-20.23925
2023-12-27,142.461,4.15,136.11548,4.55646,1.44294,9.33043,0.44478,-20.23925
2023-12-28,141.399,4.223,136.56063,3.4817,1.10063,9.41645,0.44847,-20.23925
2023-12-29,141.42999,4.182,135.82081,4.04684,1.27845,9.39998,0.44489,-20.23925
2024-01-01,140.952,4.182,135.85835,3.68066,1.16194,9.38677,0.44552,-20.9273
2024-01-02,141.12601,4.282,136.52709,3.31301,1.04515,9.39557,0.45575,-20.9273
2024-01-03,142.155,4.282,137.18119,3.56154,1.12323,9.51979,0.4498,-20.9273
2024-01-04,142.99899,4.33,137.4799,3.93599,1.24063,9.5513,0.45334,-20.9273
2024-01-05,144.765,4.365,138.22257,4.62466,1.456,9.84087,0.44356,-20.9273
2024-01-08,144.716,4.325,137.10392,5.40341,1.69784,9.82865,0.44004,-20.9273
2024-01-09,144.23,4.335,137.69996,4.63321,1.45204,9.8246,0.44124,-20.9273
2024-01-10,144.42799,4.345,137.61782,4.83007,1.51088,9.7673,0.44485,-20.9273
2024-01-11,145.73399,4.245,136.84132,6.2961,1.9655,9.95115,0.42658,-20.9273
2024-01-12,145.04601,4.135,136.05868,6.39647,1.98925,9.98795,0.414,-20.9273
2024-01-15,145.149,4.141,136.20254,6.36178,1.97084,9.985,0.41472,-20.9273
2024-01-16,145.79401,4.2,136.77521,6.38559,1.97073,10.03339,0.4186,-20.9273
2024-01-17,147.246,4.315,137.78576,6.64046,2.04154,10.24322,0.42125,-20.9273
2024-01-18,148.118,4.304,138.13411,6.97842,2.13661,10.31651,0.4172,-20.9273
2024-01-19,148.12801,4.359,138.68512,6.58708,2.00775,10.31602,0.42255,-20.9273
2024-01-22,148.121,4.345,139.03941,6.32721,1.92087,10.31495,0.42123,-20.9273
2024-01-23,148.142,4.285,138.45026,6.76601,2.04661,10.30862,0.41567,-20.9273
2024-01-24,148.25101,4.27,138.43797,6.84845,2.06341,10.30252,0.41446,-20.9273
2024-01-25,147.591,4.213,138.53642,6.33117,1.89977,10.30647,0.40877,-20.9273
2024-01-26,147.72301,4.288,139.66775,5.60725,1.67688,10.27759,0.41722,-20.9273
2024-01-29,148.14,4.227,138.767,6.53615,1.94939,9.85577,0.42889,-20.9273
2024-01-30,147.468,4.286,139.58505,5.49371,1.63239,9.8519,0.43504,-20.9273
2024-01-31,147.369,4.176,138.06957,6.5182,1.93175,9.85206,0.42387,-20.9273
2024-02-01,146.996,4.115,136.83491,7.16302,2.1173,9.76972,0.4212,-22.75224
2024-02-02,146.451,4.26,137.95188,5.9786,1.76062,9.76158,0.4364,-22.75224
2024-02-05,148.50101,4.349,139.08257,6.5524,1.92595,10.1542,0.4283,-22.75224
2024-02-06,148.64,4.284,138.7986,6.85033,2.0105,10.13472,0.42271,-22.75224
2024-02-07,147.81799,4.309,139.31156,5.92689,1.73774,10.16497,0.42391,-22.75224
2024-02-08,148.086,4.359,140.48592,5.26859,1.54232,10.17176,0.42854,-22.75224
2024-02-09,149.259,4.364,140.69806,5.90669,1.72754,10.30079,0.42366,-22.75224
2024-02-12,149.16701,4.344,140.28026,6.14242,1.79438,10.18987,0.42631,-22.75224
2024-02-13,149.405,4.512,141.6596,5.32337,1.55172,10.146,0.44471,-22.75224
2024-02-14,150.724,4.417,140.82514,6.79314,1.97601,10.28159,0.4296,-22.75224
2024-02-15,150.54401,4.423,141.329,6.31649,1.83126,10.23287,0.43223,-22.75224
2024-02-16,149.946,4.497,142.15712,5.33423,1.54282,10.03653,0.44806,-22.75224
2024-02-19,150.091,4.49,142.13432,5.44693,1.5741,10.03255,0.44754,-22.75224
2024-02-20,150.27,4.439,141.13298,6.27311,1.81361,9.88228,0.44919,-22.75224
2024-02-21,149.939,4.485,141.78474,5.59185,1.61625,9.89028,0.45348,-22.75224
2024-02-22,150.355,4.532,142.63153,5.27345,1.52354,9.90491,0.45755,-22.75224
2024-02-23,150.483,4.512,142.21113,5.65373,1.63348,9.78484,0.46112,-22.75224
2024-02-26,150.498,4.531,142.69674,5.32281,1.5382,9.58785,0.47258,-22.75224
2024-02-27,150.56599,4.527,143.14085,5.05724,1.46167,9.58726,0.47219,-22.75224
2024-02-28,150.495,4.474,142.59745,5.39042,1.55706,9.50712,0.47059,-22.75224
2024-02-29,150.65601,4.45,142.61539,5.48477,1.58387,9.23267,0.48198,-22.75224
2024-03-01,150.095,4.36,142.0053,5.5404,1.59911,9.19087,0.47438,-22.35292
2024-03-04,150.105,4.434,142.37763,5.28521,1.52602,9.18743,0.48262,-22.35292
2024-03-05,150.466,4.365,141.247,6.32271,1.82683,9.19667,0.47463,-22.35292
2024-03-06,150.049,4.364,141.54663,5.83327,1.68453,8.24924,0.52902,-22.35292
2024-03-07,149.269,4.309,141.1625,5.58383,1.61012,8.28451,0.52013,-22.35292
2024-03-08,147.868,4.278,140.58381,5.05161,1.45476,8.38866,0.50997,-22.35292
2024-03-11,146.774,4.308,140.71419,4.21632,1.21391,8.44969,0.50984,-22.35292
2024-03-12,146.73199,4.383,141.90866,3.34241,0.96165,7.65963,0.57222,-22.35292
2024-03-13,147.619,4.413,142.82313,3.30277,0.9499,7.69837,0.57324,-22.35292
2024-03-14,147.621,4.482,143.50368,2.82875,0.81373,7.69891,0.58216,-22.35292
2024-03-15,148.29601,4.527,143.88504,3.01957,0.86954,7.72675,0.58589,-22.35292
2024-03-18,148.955,4.542,144.51734,3.02447,0.87145,7.61451,0.59649,-22.35292
2024-03-19,149.144,4.502,144.63961,3.06671,0.88412,7.58964,0.59318,-22.35292
2024-03-20,151.035,4.412,143.98993,4.77683,1.37769,7.64088,0.57742,-22.35292
2024-03-21,150.75999,4.415,144.10802,4.5126,1.29958,7.65867,0.57647,-22.35292
2024-03-22,151.633,4.384,143.74705,5.34079,1.53703,7.71174,0.56848,-22.35292
2024-03-25,151.30499,4.334,143.71158,5.14893,1.47884,7.7368,0.56018,-22.35292
2024-03-26,151.373,4.353,143.7455,5.17026,1.48185,7.54544,0.5769,-22.35292
2024-03-27,151.53,4.336,143.90408,5.16366,1.47675,7.54341,0.57481,-22.35292
2024-03-28,151.287,4.394,144.68772,4.4601,1.27296,7.50875,0.58518,-22.35292
2024-03-29,151.44,4.401,144.79686,4.48577,1.27844,7.50875,0.58612,-22.35292
2024-04-01,151.39799,4.525,145.4144,4.03245,1.1474,7.40871,0.61077,-23.14066
2024-04-02,151.58099,4.5,145.11086,4.36221,1.23962,7.34117,0.61298,-23.14066
2024-04-03,151.53999,4.489,145.35453,4.16738,1.18247,6.97239,0.64383,-23.14066
2024-04-04,151.58099,4.454,144.34434,4.89184,1.38641,6.96967,0.63905,-23.14066
2024-04-05,151.29201,4.519,145.2239,4.09351,1.15815,6.94089,0.65107,-23.14066
2024-04-08,151.69,4.552,145.7677,3.98247,1.12535,6.94993,0.65497,-23.14066
2024-04-09,151.843,4.517,145.36108,4.36262,1.23153,6.74641,0.66954,-23.14066
2024-04-10,151.77699,4.737,147.03292,3.17558,0.8953,6.66123,0.71113,-23.14066
2024-04-11,152.964,4.66,146.7392,4.15458,1.17041,6.80966,0.68432,-23.14066
2024-04-12,153.192,4.599,145.12579,5.40911,1.5218,6.77172,0.67915,-23.14066
2024-04-15,153.283,4.655,144.54414,5.8701,1.64825,6.5129,0.71474,-23.14066
2024-04-16,154.20599,4.689,145.23989,5.99025,1.678,6.51618,0.71959,-23.14066
2024-04-17,154.698,4.642,144.12124,7.08199,1.9798,6.53487,0.71034,-23.14066
2024-04-18,154.342,4.702,144.69218,6.45623,1.79799,6.56073,0.71669,-23.14066
2024-04-19,154.61,4.707,144.4691,6.78402,1.88436,6.56343,0.71716,-23.14066
2024-04-22,154.64,4.68,145.09492,6.37117,1.76452,6.56413,0.71297,-23.14066
2024-04-23,154.813,4.563,145.34069,6.31374,1.74483,6.48117,0.70404,-23.14066
2024-04-24,154.744,4.592,145.32125,6.28253,1.73184,6.48556,0.70803,-23.14066
2024-04-25,155.259,4.662,146.62884,5.71902,1.57349,6.49291,0.71801,-23.14066
2024-04-26,155.597,4.662,147.06011,5.64279,1.55072,6.40888,0.72743,-23.14066
2024-04-29,158.224,4.672,147.06258,7.31535,2.00975,7.14474,0.65391,-23.14066
2024-04-30,156.314,4.765,147.06712,6.09777,1.67198,7.58968,0.62783,-23.14066
2024-05-01,157.722,4.67,144.86471,8.50337,2.33108,7.69423,0.60695,-24.07245
2024-05-02,155.70399,4.58,144.74266,7.29993,1.99401,7.75799,0.59036,-24.07245
2024-05-03,153.045,4.52,144.8933,5.47344,1.49135,8.55026,0.52864,-24.07245
2024-05-06,153.56599,4.53,145.17565,5.6186,1.53052,8.48162,0.5341,-24.07245
2024-05-07,154.237,4.538,145.4331,5.87742,1.60017,8.51161,0.53315,-24.07245
2024-05-08,154.748,4.552,145.97118,5.83888,1.58815,8.40173,0.54179,-24.07245
2024-05-09,155.41901,4.487,145.93838,6.29403,1.71091,8.43139,0.53218,-24.07245
2024-05-10,155.38901,4.551,146.17562,6.11229,1.65827,8.43085,0.5398,-24.07245
2024-05-13,155.81799,4.515,145.29519,6.99211,1.89437,8.2783,0.5454,-24.07245
2024-05-14,156.233,4.464,144.67164,7.68819,2.07823,8.2816,0.53903,-24.07245
2024-05-15,156.498,4.389,145.17684,7.50906,2.02497,8.23197,0.53317,-24.07245
2024-05-16,154.282,4.454,146.01653,5.50623,1.48008,8.75697,0.50862,-24.07245
2024-05-17,155.379,4.493,147.11494,5.46531,1.46725,8.85637,0.50732,-24.07245
2024-05-20,155.754,4.471,146.72594,5.97113,1.60147,8.84652,0.5054,-24.07245
2024-05-21,156.37,4.471,146.70045,6.38322,1.70807,8.86135,0.50455,-24.07245
2024-05-22,156.25101,4.504,146.11628,6.7061,1.79038,8.86553,0.50804,-24.07245
2024-05-23,156.70399,4.565,145.89943,7.14411,1.90141,8.87677,0.51426,-24.07245
2024-05-24,156.97301,4.585,147.33361,6.33744,1.68072,8.87927,0.51637,-24.07245
2024-05-27,156.87,4.573,147.31193,6.28651,1.66354,8.88031,0.51496,-24.07245
2024-05-28,156.845,4.583,147.44183,6.18243,1.63293,8.8814,0.51602,-24.07245
2024-05-29,157.26199,4.573,145.81371,7.55833,1.99285,8.84545,0.51699,-24.07245
2024-05-30,157.608,4.521,144.44137,8.72373,2.29224,8.84912,0.5109,-24.07245
2024-05-31,156.953,4.491,145.63201,7.48635,1.95708,8.89735,0.50476,-24.07245
2024-06-03,157.17999,4.419,143.30478,9.24179,2.40713,8.87092,0.49814,-24.5142
2024-06-04,156.076,4.384,142.63901,9.00261,2.332,8.9284,0.49102,-24.5142
2024-06-05,155.12399,4.364,143.58426,7.73027,1.99195,8.7992,0.49595,-24.5142
2024-06-06,155.929,4.384,144.59749,7.54469,1.93659,8.68286,0.5049,-24.5142
2024-06-07,155.69701,4.519,145.89906,6.49968,1.6622,8.6932,0.51983,-24.5142
2024-06-10,156.83299,4.487,146.16956,7.04142,1.7964,8.72624,0.5142,-24.5142
2024-06-11,157.03999,4.438,145.90303,7.35583,1.87079,8.72439,0.50869,-24.5142
2024-06-12,157.105,4.407,147.01027,6.64119,1.68375,8.69459,0.50687,-24.5142
2024-06-13,156.8,4.348,146.85536,6.5523,1.6567,8.68325,0.50073,-24.5142
2024-06-14,157.12801,4.368,146.1492,7.24328,1.8268,8.68655,0.50285,-24.5142
2024-06-17,157.54601,4.459,147.56186,6.547,1.64595,8.36039,0.53335,-24.5142
2024-06-18,157.7,4.402,148.28633,6.15494,1.54323,8.3452,0.52749,-24.5142
2024-06-19,157.871,4.404,148.38032,6.19996,1.55103,8.2821,0.53175,-24.5142
2024-06-20,157.95799,4.408,147.50859,6.84427,1.70844,8.2625,0.53349,-24.5142
2024-06-21,158.931,4.387,147.2781,7.61475,1.89528,8.33406,0.52639,-24.5142
2024-06-24,159.86099,4.401,147.6808,7.92515,1.96558,8.39524,0.52423,-24.5142
2024-06-25,159.686,4.344,147.44719,7.97393,1.97052,8.3898,0.51777,-24.5142
2024-06-26,159.686,4.398,148.39272,7.33472,1.80573,8.39149,0.5241,-24.5142
2024-06-27,160.621,4.328,149.009,7.50408,1.84184,8.44729,0.51235,-24.5142
2024-06-28,160.687,4.357,149.09194,7.48952,1.83291,8.44776,0.51576,-24.5142
2024-07-01,160.907,4.41,150.04297,6.99048,1.70856,8.44469,0.52222,-24.38699
2024-07-02,161.51199,4.375,150.012,7.38641,1.80117,8.46197,0.51702,-24.38699
2024-07-03,161.504,4.36,150.60592,6.98633,1.70068,8.44408,0.51634,-24.38699
2024-07-04,161.621,4.37,150.81966,6.91693,1.68038,8.43809,0.51789,-24.38699
2024-07-05,161.358,4.254,149.22237,7.81879,1.89492,8.45453,0.50316,-24.38699
2024-07-08,160.638,4.258,149.11459,7.44383,1.80034,8.52,0.49977,-24.38699
2024-07-09,160.85699,4.267,148.45744,8.02174,1.93556,8.40495,0.50768,-24.38699
2024-07-10,161.33099,4.277,148.41323,8.34576,2.00818,8.41482,0.50827,-24.38699
2024-07-11,161.60699,4.157,148.03854,8.76948,2.10521,8.41655,0.49391,-24.38699
2024-07-12,158.201,4.117,148.55126,6.29363,1.50971,9.44445,0.43592,-24.38699
2024-07-15,158.313,4.107,147.65683,6.96832,1.67414,9.42779,0.43563,-24.38699
2024-07-16,158.14101,4.11,147.0434,7.27593,1.74762,9.41692,0.43645,-24.38699
2024-07-17,158.35001,4.09,146.22331,7.96729,1.91217,9.41487,0.43442,-24.38699
2024-07-18,155.686,4.113,144.64758,7.35409,1.76241,10.03384,0.40991,-24.38699
2024-07-19,157.14999,4.138,142.52801,9.76622,2.34018,10.20157,0.40562,-24.38699
2024-07-22,157.422,4.152,144.55745,8.52531,2.03636,10.20493,0.40686,-24.38699
2024-07-23,156.89101,4.038,143.58917,8.85951,2.10912,10.21152,0.39544,-24.38699
2024-07-24,155.76801,3.991,140.10201,10.59969,2.5156,10.30777,0.38718,-24.38699
2024-07-25,153.89101,4.007,140.32944,9.22518,2.18175,10.01669,0.40003,-24.38699
2024-07-26,153.69701,3.952,141.84571,8.02432,1.89398,9.73227,0.40607,-24.38699
2024-07-29,154.13901,3.966,140.78372,9.063,2.13608,9.57221,0.41432,-24.38699
2024-07-30,153.83299,3.976,138.82861,10.26274,2.41492,9.23548,0.43051,-24.38699
2024-07-31,152.67,3.84,141.96406,7.27048,1.70278,8.69863,0.44145,-24.38699
2024-08-01,149.744,3.7,138.52952,7.78437,1.81908,9.48745,0.38999,-19.25909
2024-08-02,149.201,3.47,132.06858,12.19731,2.84139,9.45909,0.36684,-19.25909
2024-08-05,145.584,3.625,123.15997,16.72691,3.86665,10.5743,0.34281,-19.25909
2024-08-06,145.78999,3.7,129.85544,11.57453,2.63829,10.53097,0.35134,-19.25909
2024-08-07,144.73199,3.73,131.40753,9.65803,2.18668,10.60369,0.35176,-19.25909
2024-08-08,146.12399,3.771,134.96921,7.94088,1.78989,10.79111,0.34945,-19.25909
2024-08-09,147.66901,3.749,138.23076,6.60489,1.48425,11.01219,0.34044,-19.25909
2024-08-12,147.04201,3.709,139.90035,4.9788,1.11645,11.01961,0.33658,-19.25909
2024-08-13,146.98199,3.63,141.39621,3.87441,0.86786,10.68468,0.33974,-19.25909
2024-08-14,146.97099,3.644,142.90712,2.80403,0.62764,10.56604,0.34488,-19.25909
2024-08-15,147.25301,3.759,145.00253,1.5401,0.3446,10.56025,0.35596,-19.25909
2024-08-16,149.222,3.703,144.59659,3.14874,0.7045,10.89389,0.33992,-19.25909
2024-08-19,147.95599,3.686,143.34842,3.16367,0.70755,11.00439,0.33496,-19.25909
2024-08-20,146.69901,3.627,141.58202,3.55037,0.79365,11.0827,0.32727,-19.25909
2024-08-21,145.347,3.568,140.36899,3.48494,0.77868,11.18834,0.3189,-19.25909
2024-08-22,145.118,3.627,139.83919,3.70541,0.82781,11.18797,0.32419,-19.25909
2024-08-23,146.202,3.528,143.21169,2.06653,0.46157,11.32021,0.31165,-19.25909
2024-08-26,144.0,3.546,144.63722,-0.44154,-0.09871,11.63614,0.30474,-19.25909
2024-08-27,144.51601,3.463,144.23231,0.1965,0.04406,11.65671,0.29708,-19.25909
2024-08-28,143.97501,3.45,141.5475,1.70043,0.38245,11.65298,0.29606,-19.25909
2024-08-29,144.433,3.502,144.22702,0.14271,0.03214,11.6751,0.29995,-19.25909
2024-08-30,144.89,3.547,144.18928,0.4848,0.10941,11.65079,0.30444,-19.25909
2024-09-02,146.381,3.54,144.20256,1.49938,0.33914,11.82695,0.29932,-18.54396
2024-09-03,146.722,3.49,134.06364,9.0225,2.04421,11.78089,0.29624,-18.54396
2024-09-04,145.353,3.385,133.05929,8.83704,1.99558,11.90007,0.28445,-18.54396
2024-09-05,143.32401,3.375,134.65255,6.24101,1.40434,12.05447,0.27998,-18.54396
2024-09-06,143.39301,3.28,131.51906,8.64374,1.9425,12.04787,0.27225,-18.54396
2024-09-09,142.48599,3.284,135.06863,5.34606,1.1976,12.08133,0.27182,-18.54396
2024-09-10,143.177,3.194,133.82272,6.75657,1.51309,12.1483,0.26292,-18.54396
2024-09-11,142.23399,3.24,136.52496,4.09661,0.91711,12.17004,0.26623,-18.54396
2024-09-12,142.59,3.249,138.33136,3.03214,0.67998,12.16785,0.26702,-18.54396
2024-09-13,141.49899,3.178,138.94248,1.82326,0.40958,12.21692,0.26013,-18.54396
2024-09-16,140.78999,3.168,139.14104,1.17813,0.26553,12.22099,0.25923,-18.54396
2024-09-17,140.78999,3.203,139.2187,1.12233,0.254,12.21715,0.26217,-18.54396
2024-09-18,142.015,3.23,138.43457,2.55349,0.58061,12.29418,0.26273,-18.54396
2024-09-19,142.71001,3.201,141.81599,0.62843,0.14349,12.27164,0.26085,-18.54396
2024-09-20,142.858,3.155,141.97502,0.62,0.14225,12.28402,0.25684,-18.54396
2024-09-23,144.004,3.175,141.96882,1.42336,0.32805,12.43378,0.25535,-18.54396
2024-09-24,143.638,3.14,143.69856,-0.04215,-0.00975,12.34152,0.25443,-18.54396
2024-09-25,142.963,3.175,142.50329,0.32208,0.07473,12.34718,0.25714,-18.54396
2024-09-26,144.683,3.251,141.2358,2.41143,0.56065,12.63783,0.25724,-18.54396
2024-09-27,145.076,3.227,139.31038,4.05534,0.94357,12.62134,0.25568,-18.54396
2024-09-30,142.783,3.266,139.54566,2.29342,0.53366,12.93261,0.25254,-18.54396
2024-10-01,143.71001,3.22,137.52117,4.40196,1.02593,13.03172,0.24709,-20.75873
2024-10-02,143.73599,3.265,138.18522,3.93832,0.91916,13.03807,0.25042,-20.75873
2024-10-03,146.582,3.335,138.33837,5.78823,1.35234,13.71213,0.24322,-20.75873
2024-10-04,146.84,3.56,139.73622,4.9587,1.15892,13.71566,0.25956,-20.75873
2024-10-07,148.82001,3.583,137.33182,8.03375,1.87754,14.0078,0.25579,-20.75873
2024-10-08,148.146,3.578,136.79267,7.97319,1.85857,14.00932,0.2554,-20.75873
2024-10-09,148.159,3.588,137.17188,7.70513,1.7929,13.41359,0.26749,-20.75873
2024-10-10,149.16,3.568,138.68645,7.2804,1.69179,13.49939,0.26431,-20.75873
2024-10-11,148.70399,3.538,139.19619,6.60733,1.53231,13.50601,0.26196,-20.75873
2024-10-14,149.334,3.538,139.39037,6.8907,1.59437,13.53858,0.26133,-20.75873
2024-10-15,149.67,3.527,136.69244,9.06994,2.09335,13.15345,0.26814,-20.75873
2024-10-16,149.099,3.507,138.12047,7.64842,1.75768,13.01015,0.26956,-20.75873
2024-10-17,149.576,3.526,138.88527,7.41564,1.69903,13.02518,0.27071,-20.75873
2024-10-18,150.10001,3.512,139.66405,7.20619,1.64638,13.04268,0.26927,-20.75873
2024-10-21,149.60001,3.587,139.77024,6.79652,1.54887,12.98756,0.27619,-20.75873
2024-10-22,150.605,3.576,141.03529,6.56504,1.49266,12.85603,0.27816,-20.75873
2024-10-23,151.138,3.621,139.07688,8.31665,1.88688,12.87785,0.28118,-20.75873
2024-10-24,152.769,3.621,139.07308,9.39274,2.12359,13.05055,0.27746,-20.75873
2024-10-25,151.783,3.661,138.41425,9.22009,2.07535,13.10709,0.27931,-20.75873
2024-10-28,152.952,3.659,136.77116,11.18149,2.5062,13.11341,0.27903,-20.75873
2024-10-29,153.179,3.657,137.35321,10.90514,2.42945,12.51001,0.29233,-20.75873
2024-10-30,153.274,3.707,136.91463,11.28696,2.50009,12.48373,0.29695,-20.75873
2024-10-31,153.20399,3.726,134.38517,13.10603,2.88541,11.40883,0.32659,-20.75873
2024-11-01,151.98,3.745,135.80783,11.2508,2.45832,11.54379,0.32442,-20.71559
2024-11-04,152.287,3.705,136.93448,10.62643,2.31134,11.433,0.32406,-20.71559
2024-11-05,152.276,3.735,138.75596,9.2978,2.01286,11.29438,0.3307,-20.71559
2024-11-06,151.435,3.79,143.58743,5.32124,1.14738,11.1804,0.33899,-20.71559
2024-11-07,154.32001,3.709,145.82855,5.65968,1.21882,11.73221,0.31614,-20.71559
2024-11-08,153.17999,3.759,145.27884,5.29588,1.13883,11.84389,0.31738,-20.71559
2024-11-11,152.90401,3.759,144.31375,5.78205,1.24189,11.85326,0.31713,-20.71559
2024-11-12,153.48,3.839,144.53859,6.00237,1.28763,11.86713,0.3235,-20.71559
2024-11-13,154.655,3.743,146.31174,5.54573,1.18773,11.6749,0.3206,-20.71559
2024-11-14,155.429,3.808,145.79161,6.40107,1.3695,11.5596,0.32942,-20.71559
2024-11-15,156.468,3.758,142.53105,9.32917,1.99242,11.46101,0.32789,-20.71559
2024-11-18,154.664,3.737,144.58978,6.73544,1.4329,11.55539,0.3234,-20.71559
2024-11-19,154.617,3.716,143.61158,7.38388,1.56766,11.54672,0.32182,-20.71559
2024-11-20,154.718,3.756,142.19508,8.44042,1.78767,11.47252,0.32739,-20.71559
2024-11-21,155.295,3.76,143.28758,8.04729,1.70216,11.00954,0.34152,-20.71559
2024-11-22,154.218,3.78,146.07405,5.42535,1.1452,11.11816,0.33998,-20.71559
2024-11-25,154.146,3.62,146.86383,4.83944,1.02169,11.08009,0.32671,-20.71559
2024-11-26,154.37801,3.618,147.67434,4.43947,0.93755,11.0723,0.32676,-20.71559
2024-11-27,153.009,3.594,147.83401,3.44067,0.72681,11.2409,0.31973,-20.71559
2024-11-28,151.336,3.609,147.81435,2.35454,0.49746,11.32313,0.31873,-20.71559
2024-11-29,151.174,3.531,149.23302,1.29225,0.27312,11.32159,0.31188,-20.71559
2024-12-02,149.89799,3.55,148.95856,0.62869,0.13302,11.29122,0.3144,-19.7881
2024-12-03,149.508,3.56,149.74757,-0.16011,-0.03395,10.9177,0.32608,-19.7881
2024-12-04,149.647,3.545,148.93578,0.4764,0.10112,10.91775,0.3247,-19.7881
2024-12-05,150.567,3.55,148.66216,1.27318,0.27046,10.87658,0.32639,-19.7881
2024-12-06,150.207,3.51,149.77176,0.29018,0.06167,10.86566,0.32304,-19.7881
2024-12-09,150.03,3.555,147.60062,1.63252,0.34717,10.76984,0.33009,-19.7881
2024-12-10,151.408,3.565,147.62254,2.53196,0.53897,10.89253,0.32729,-19.7881
2024-12-11,151.80701,3.559,149.24255,1.70372,0.36316,10.75471,0.33092,-19.7881
2024-12-12,152.245,3.601,148.47446,2.5078,0.53543,10.68729,0.33694,-19.7881
2024-12-13,152.58701,3.686,148.80097,2.51253,0.53816,10.68611,0.34493,-19.7881
2024-12-16,153.453,3.665,147.28364,4.10341,0.88385,10.6184,0.34516,-19.7881
2024-12-17,154.086,3.655,145.34881,5.83744,1.26521,10.6088,0.34453,-19.7881
2024-12-18,153.57201,3.761,133.42824,14.06057,3.06206,10.64789,0.35322,-19.7881
2024-12-19,154.673,3.714,136.63379,12.40089,2.69173,10.62711,0.34948,-19.7881
2024-12-20,157.644,3.724,142.28493,10.25077,2.22218,11.18463,0.33296,-19.7881
2024-12-23,156.533,3.712,144.10542,8.27218,1.79679,11.24754,0.33003,-19.7881
2024-12-24,157.16499,3.702,147.90568,6.07214,1.32273,11.05627,0.33483,-19.7881
2024-12-25,157.10699,3.702,147.96405,5.99578,1.31096,11.0576,0.33479,-19.7881
2024-12-26,157.133,3.698,147.24951,6.4964,1.42651,10.49443,0.35238,-19.7881
2024-12-27,157.748,3.708,146.11812,7.65835,1.69094,10.45771,0.35457,-19.7881
2024-12-30,157.873,3.641,144.95264,8.53839,1.89327,10.45534,0.34824,-19.7881
2024-12-31,156.995,3.651,145.18725,7.81896,1.73669,9.8789,0.36958,-19.7881
2025-01-02,157.71899,3.651,145.30526,8.19781,1.82496,9.90305,0.36867,-20.21427
2025-01-03,157.362,3.681,147.58394,6.41518,1.43306,9.6059,0.3832,-20.21427
2025-01-06,157.481,3.654,147.84154,6.31638,1.41842,9.54252,0.38292,-20.21427
2025-01-07,157.743,3.668,146.2239,7.58281,1.7093,9.5418,0.38441,-20.21427
2025-01-08,158.23599,3.632,146.19271,7.91619,1.78414,9.48064,0.3831,-20.21427
2025-01-09,158.192,3.627,146.6974,7.54375,1.70058,9.44921,0.38384,-20.21427
2025-01-10,158.048,3.751,145.68765,8.14339,1.83858,9.43334,0.39763,-20.21427
2025-01-13,157.88699,3.751,146.77225,7.29975,1.64816,9.437,0.39748,-20.21427
2025-01-14,157.364,3.683,147.2273,6.6584,1.50518,9.42738,0.39067,-20.21427
2025-01-15,158.05,3.563,151.84104,4.00773,0.9076,9.44186,0.37736,-20.21427
2025-01-16,156.255,3.532,151.20279,3.28674,0.74652,9.7402,0.36262,-20.21427
2025-01-17,155.356,3.577,151.39455,2.58299,0.58851,9.79258,0.36528,-20.21427
2025-01-20,156.306,3.587,151.36685,3.21093,0.73295,9.77815,0.36684,-20.21427
2025-01-21,155.24899,3.613,151.42251,2.49562,0.5704,9.86926,0.36609,-20.21427
2025-01-22,155.774,3.592,151.35981,2.87464,0.65796,9.6645,0.37167,-20.21427
2025-01-23,156.44,3.586,151.09962,3.47332,0.79533,9.59655,0.37368,-20.21427
2025-01-24,156.155,3.552,151.64909,2.92799,0.67037,9.49466,0.3741,-20.21427
2025-01-27,155.744,3.465,148.27357,4.91547,1.12601,9.51003,0.36435,-20.21427
2025-01-28,154.909,3.495,149.80543,3.35005,0.76714,9.57627,0.36496,-20.21427
2025-01-29,155.55901,3.506,149.09218,4.24603,0.97221,9.60894,0.36487,-20.21427
2025-01-30,155.17,3.462,150.2946,3.19239,0.73078,9.47855,0.36525,-20.21427
2025-01-31,154.097,3.491,149.47141,3.04771,0.69773,9.58242,0.36431,-20.21427
2025-02-03,155.36301,3.54,146.72932,5.71748,1.30959,9.71462,0.3644,-18.77471
2025-02-04,155.27699,3.469,148.60122,4.39442,1.0062,9.64337,0.35973,-18.77471
2025-02-05,154.133,3.414,149.41628,3.10796,0.71212,9.00807,0.37899,-18.77471
2025-02-06,152.606,3.448,149.29682,2.1923,0.50241,9.10669,0.37862,-18.77471
2025-02-07,151.19299,3.492,148.24145,1.97148,0.45183,9.28677,0.37602,-18.77471
2025-02-10,151.84599,3.482,149.72236,1.40841,0.32274,9.29689,0.37453,-18.77471
2025-02-11,151.759,3.492,150.11117,1.09176,0.25024,9.16105,0.38118,-18.77471
2025-02-12,152.739,3.561,148.77649,2.62855,0.60309,9.19944,0.38709,-18.77471
2025-02-13,154.255,3.516,149.74829,2.96513,0.68103,9.31966,0.37727,-18.77471
2025-02-14,152.989,3.466,150.25091,1.80594,0.41478,9.17633,0.37771,-18.77471
2025-02-17,152.02299,3.451,150.35137,1.10568,0.25422,9.25872,0.37273,-18.77471
2025-02-18,151.444,3.463,150.355,0.72168,0.16607,9.28375,0.37302,-18.77471
2025-02-19,151.931,3.46,150.56387,0.90391,0.20834,9.2752,0.37304,-18.77471
2025-02-20,151.22,3.459,150.4543,0.50764,0.11731,9.22041,0.37515,-18.77471
2025-02-21,149.408,3.372,147.82468,1.06539,0.24694,9.51491,0.35439,-18.77471
2025-02-24,149.38699,3.312,147.92416,0.98405,0.22903,9.50654,0.34839,-18.77471
2025-02-25,149.864,3.267,147.0497,1.89576,0.44322,9.37982,0.3483,-18.77471
2025-02-26,149.078,3.249,147.22396,1.25147,0.29419,9.18284,0.35381,-18.77471
2025-02-27,148.838,3.244,146.95816,1.27105,0.30047,9.18547,0.35317,-18.77471
2025-02-28,150.01199,3.184,147.81876,1.47283,0.35021,9.17156,0.34716,-18.77471
2025-03-03,150.771,3.135,145.66309,3.44657,0.82363,9.21041,0.34038,-17.69445
2025-03-04,149.30499,3.129,145.22123,2.77329,0.66577,9.41909,0.3322,-17.69445
2025-03-05,149.799,3.159,144.99297,3.26091,0.7887,9.36069,0.33748,-17.69445
2025-03-06,148.89799,3.108,144.2363,3.18085,0.77654,9.4253,0.32975,-17.69445
2025-03-07,148.108,3.142,145.39903,1.84598,0.45568,9.4801,0.33143,-17.69445
2025-03-10,147.608,3.015,143.95821,2.5037,0.6261,9.30751,0.32393,-17.69445
2025-03-11,147.069,3.106,144.10792,2.03394,0.51431,9.30916,0.33365,-17.69445
2025-03-12,148.04201,3.16,145.79202,1.5315,0.39121,9.39327,0.33641,-17.69445
2025-03-13,148.27901,3.079,145.60937,1.81682,0.46852,9.38665,0.32802,-17.69445
2025-03-14,147.94901,3.18,146.62759,0.89717,0.23401,9.31008,0.34157,-17.69445
2025-03-17,148.59801,3.249,147.07281,1.03169,0.2725,9.31557,0.34877,-17.69445
2025-03-18,149.379,3.225,146.45346,1.9779,0.52961,9.37001,0.34418,-17.69445
2025-03-19,149.452,3.148,147.92418,1.02754,0.2779,9.24479,0.34052,-17.69445
2025-03-20,148.49001,3.108,149.16558,-0.45393,-0.12398,8.4202,0.36911,-17.69445
2025-03-21,148.59599,3.086,149.68064,-0.72728,-0.2005,8.33363,0.37031,-17.69445
2025-03-24,149.677,3.169,150.52459,-0.56468,-0.15688,8.43413,0.37574,-17.69445
2025-03-25,150.774,3.073,151.409,-0.42027,-0.11784,8.58729,0.35785,-17.69445
2025-03-26,149.95,3.088,151.36566,-0.93966,-0.26627,8.63949,0.35743,-17.69445
2025-03-27,150.47301,3.077,151.53962,-0.70634,-0.20225,8.63062,0.35652,-17.69445
2025-03-28,150.847,3.013,150.63547,0.14033,0.04052,8.64949,0.34834,-17.69445
2025-03-31,149.617,3.036,151.11386,-0.99548,-0.29001,8.72447,0.34799,-17.69445
2025-04-01,149.91299,3.015,151.29016,-0.91445,-0.26921,8.67452,0.34757,-14.85496
2025-04-02,149.783,3.076,151.28341,-0.99674,-0.29528,8.66946,0.35481,-14.85496
2025-04-03,147.87199,2.956,146.19212,1.14254,0.3396,8.99181,0.32874,-14.85496
2025-04-04,146.231,3.068,139.34999,4.81989,1.43682,9.20078,0.33345,-14.85496
2025-04-07,145.433,3.144,138.37721,4.97321,1.4876,9.19716,0.34184,-14.85496
2025-04-08,147.789,3.063,137.95341,6.88695,2.07191,9.83303,0.3115,-14.85496
2025-04-09,145.845,3.299,141.56933,2.97549,0.89834,10.1292,0.32569,-14.85496
2025-04-10,147.399,3.164,140.22189,4.99171,1.51768,10.40393,0.30412,-14.85496
2025-04-11,143.74699,3.349,140.9193,1.98674,0.60758,11.45168,0.29245,-14.85496
2025-04-14,143.696,3.251,142.70302,0.69343,0.21385,11.39357,0.28534,-14.85496
2025-04-15,143.22099,3.194,143.15733,0.04446,0.01381,11.22097,0.28465,-14.85496
2025-04-16,143.181,3.155,143.9252,-0.51842,-0.16202,11.1874,0.28201,-14.85496
2025-04-17,141.92799,3.16,145.77634,-2.67537,-0.8405,11.18378,0.28255,-14.85496
2025-04-22,140.87601,3.09,145.70763,-3.37219,-1.065,11.19703,0.27597,-14.85496
2025-04-23,142.688,3.126,144.88257,-1.52631,-0.48331,11.51829,0.27139,-14.85496
2025-04-24,143.22301,3.091,145.71145,-1.72254,-0.54668,11.5083,0.26859,-14.85496
2025-04-25,142.879,3.051,146.46265,-2.47723,-0.78855,11.50975,0.26508,-14.85496
2025-04-28,143.841,2.984,146.13669,-1.58339,-0.50513,11.62056,0.25679,-14.85496
2025-04-29,142.17799,2.964,145.36806,-2.21892,-0.70983,11.77678,0.25168,-14.85496
2025-04-30,142.299,2.924,144.72276,-1.68894,-0.54071,11.7317,0.24924,-14.85496
2025-05-01,143.009,3.071,143.19178,-0.12773,-0.04093,11.79868,0.26028,-16.30529
2025-05-02,145.448,3.221,142.13489,2.30421,0.73889,12.28903,0.2621,-16.30529
2025-05-05,144.62399,3.221,141.36383,2.28003,0.73111,12.18416,0.26436,-16.30529
2025-05-06,143.65401,3.171,142.87935,0.54071,0.17341,12.23465,0.25918,-16.30529
2025-05-07,143.035,3.171,142.48916,0.38235,0.12285,12.18708,0.26019,-16.30529
2025-05-08,143.84801,3.281,143.26241,0.40793,0.13139,12.13056,0.27047,-16.30529
2025-05-09,146.015,3.246,144.29359,1.18593,0.38268,12.41734,0.26141,-16.30529
2025-05-12,145.812,3.32,145.35696,0.31256,0.10107,12.37888,0.2682,-16.30529
2025-05-13,148.31,3.302,146.5498,1.19394,0.38695,12.87133,0.25654,-16.30529
2025-05-14,147.528,3.344,145.95658,1.07088,0.34769,12.83303,0.26058,-16.30529
2025-05-15,146.64999,3.243,145.83185,0.55945,0.18198,12.70033,0.25535,-16.30529
2025-05-16,145.61301,3.273,146.39523,-0.53575,-0.17442,12.67511,0.25822,-16.30529
2025-05-19,145.298,3.252,146.38107,-0.74264,-0.24206,12.62826,0.25752,-16.30529
2025-05-20,144.97501,3.242,146.3713,-0.95852,-0.3126,12.6164,0.25697,-16.30529
2025-05-21,144.328,3.28,145.28554,-0.66125,-0.21596,12.61336,0.26004,-16.30529
2025-05-22,143.755,3.263,145.25576,-1.03856,-0.3397,12.60526,0.25886,-16.30529
2025-05-23,143.858,3.269,144.9983,-0.78953,-0.25842,12.39903,0.26365,-16.30529
2025-05-26,142.867,3.272,144.99175,-1.47627,-0.48349,12.46262,0.26255,-16.30529
2025-05-27,142.655,3.181,145.79451,-2.17691,-0.71371,12.43826,0.25574,-16.30529
2025-05-28,144.177,3.207,146.02022,-1.27034,-0.41646,12.60997,0.25432,-16.30529
2025-05-29,145.69701,3.162,145.8443,-0.10105,-0.03312,12.79858,0.24706,-16.30529
2025-05-30,143.77901,3.14,145.96871,-1.51148,-0.49553,12.94464,0.24257,-16.30529
2025-06-02,143.815,3.185,146.18162,-1.63221,-0.53498,12.89394,0.24702,-17.17594
2025-06-03,142.452,3.205,146.79058,-3.00019,-0.9831,12.88697,0.2487,-17.17594
2025-06-04,143.83701,3.105,146.82263,-2.05445,-0.67257,13.03057,0.23829,-17.17594
2025-06-05,142.73199,3.165,146.53728,-2.63111,-0.86098,13.06308,0.24229,-17.17594
2025-06-06,143.54201,3.28,146.99765,-2.37889,-0.77789,13.08881,0.2506,-17.17594
2025-06-09,144.69099,3.235,147.39922,-1.85443,-0.60606,13.18375,0.24538,-17.17594
2025-06-10,144.53999,3.239,147.31409,-1.90107,-0.62108,13.16717,0.24599,-17.17594
2025-06-11,144.838,3.184,149.11012,-2.90692,-0.94935,13.10209,0.24301,-17.17594
2025-06-12,144.203,3.144,148.86139,-3.17935,-1.03748,13.12071,0.23962,-17.17594
2025-06-13,143.194,3.224,150.38141,-4.89745,-1.59721,13.18211,0.24457,-17.17594
2025-06-16,144.091,3.212,150.23321,-4.17437,-1.35957,13.21555,0.24305,-17.17594
2025-06-17,144.729,3.171,151.41212,-4.51423,-1.4719,13.20205,0.24019,-17.17594
2025-06-18,145.37601,3.185,151.67225,-4.23984,-1.38757,13.23801,0.2406,-17.17594
2025-06-19,144.955,3.212,151.41008,-4.35685,-1.43023,13.19131,0.24349,-17.17594
2025-06-20,145.218,3.172,151.4696,-4.21489,-1.38623,13.19685,0.24036,-17.17594
2025-06-23,146.224,3.102,149.32217,-2.09665,-0.69138,13.18894,0.2352,-17.17594
2025-06-24,145.92799,3.012,148.22536,-1.56205,-0.51698,13.10002,0.22992,-17.17594
2025-06-25,144.957,3.016,148.64936,-2.51531,-0.83515,13.1206,0.22987,-17.17594
2025-06-26,144.90401,2.965,148.87361,-2.70262,-0.90025,13.09524,0.22642,-17.17594
2025-06-27,144.694,2.99,148.83048,-2.81868,-0.94078,13.08124,0.22857,-17.17594
2025-06-30,144.517,2.974,148.64118,-2.81381,-0.94135,12.99224,0.22891,-17.17594
2025-07-01,143.8,3.045,148.09605,-2.94376,-0.98779,13.01164,0.23402,-18.76881
2025-07-02,143.40199,3.039,149.00567,-3.83326,-1.29052,13.01844,0.23344,-18.76881
2025-07-03,143.526,3.134,148.57263,-3.45577,-1.16971,12.78504,0.24513,-18.76881
2025-07-04,144.68201,3.144,148.26868,-2.44878,-0.83193,12.70874,0.24739,-18.76881
2025-07-07,144.498,3.168,148.33176,-2.61857,-0.89185,12.6652,0.25013,-18.76881
2025-07-08,145.892,3.167,148.80401,-1.97634,-0.67389,12.39259,0.25556,-18.76881
2025-07-09,146.849,3.106,149.20724,-1.59314,-0.54417,12.17641,0.25508,-18.76881
2025-07-10,146.114,3.1,148.56532,-1.66376,-0.56991,12.02927,0.2577,-18.76881
2025-07-11,146.28799,3.136,148.98702,-1.8282,-0.6285,10.91004,0.28744,-18.76881
2025-07-14,147.295,3.119,148.30694,-0.68467,-0.23614,10.98818,0.28385,-18.76881
2025-07-15,147.79201,3.158,147.918,-0.08521,-0.02949,10.97787,0.28767,-18.76881
2025-07-16,148.761,3.087,148.06617,0.46817,0.16242,11.04265,0.27955,-18.76881
2025-07-17,148.00301,3.122,148.55099,-0.36957,-0.12847,10.93939,0.28539,-18.76881
2025-07-18,148.442,3.108,148.495,-0.0357,-0.01243,10.82334,0.28716,-18.76881
2025-07-21,148.431,3.078,148.46889,-0.02552,-0.0089,10.54833,0.2918,-18.76881
2025-07-22,147.409,3.07,148.24969,-0.56869,-0.1984,10.63519,0.28866,-18.76881
2025-07-23,146.785,3.042,148.55293,-1.19724,-0.41786,10.66161,0.28532,-18.76881
2025-07-24,146.349,3.056,148.76199,-1.63535,-0.57117,10.60546,0.28815,-18.76881
2025-07-25,147.005,3.047,148.54671,-1.04328,-0.36464,10.35693,0.2942,-18.76881
2025-07-28,147.813,3.061,149.12595,-0.88432,-0.30921,10.40406,0.29421,-18.76881
2025-07-29,148.479,3.025,149.94794,-0.98446,-0.34446,10.39628,0.29097,-18.76881
2025-07-30,148.442,3.114,150.10756,-1.11578,-0.39083,9.85405,0.31601,-18.76881
2025-07-31,149.226,3.114,149.50635,-0.1877,-0.06579,9.82614,0.31691,-18.76881
2025-08-01,150.772,2.876,148.13507,1.76443,0.61894,9.90729,0.29029,-18.70646
2025-08-04,147.343,2.926,148.21801,-0.5921,-0.20786,10.94755,0.26727,-18.70646
2025-08-05,146.793,2.966,147.59072,-0.54196,-0.19055,10.9277,0.27142,-18.70646
2025-08-06,147.56,2.916,147.58902,-0.01966,-0.00693,10.56529,0.276,-18.70646
2025-08-07,147.19299,2.95,147.35731,-0.11157,-0.03941,10.57416,0.27898,-18.70646
2025-08-08,146.83701,2.99,147.65547,-0.55585,-0.19678,10.0158,0.29853,-18.70646
2025-08-11,147.664,2.99,147.38974,0.18591,0.06595,10.02627,0.29822,-18.70646
2025-08-12,148.125,2.945,147.59524,0.35828,0.12729,9.97039,0.29537,-18.70646
2025-08-13,147.758,2.885,147.54557,0.14387,0.05118,9.87617,0.29212,-18.70646
2025-08-14,147.12,2.918,147.89451,-0.52507,-0.18712,9.90691,0.29454,-18.70646
2025-08-15,147.69099,2.924,147.36927,0.21807,0.07787,9.92136,0.29472,-18.70646
2025-08-18,147.26401,2.937,147.66323,-0.27073,-0.09692,9.89553,0.2968,-18.70646
2025-08-19,147.916,2.901,147.21757,0.4733,0.16985,9.88979,0.29333,-18.70646
2025-08-20,147.731,2.882,147.6635,0.0457,0.01645,9.89549,0.29124,-18.70646
2025-08-21,147.31799,2.928,147.71157,-0.2668,-0.09627,9.80536,0.29861,-18.70646
2025-08-22,148.386,2.807,148.48137,-0.06425,-0.02324,9.88851,0.28386,-18.70646
2025-08-25,147.215,2.861,148.68075,-0.99073,-0.35927,9.82226,0.29128,-18.70646
2025-08-26,147.82201,2.736,148.19849,-0.25436,-0.09242,9.63534,0.28395,-18.70646
2025-08-27,147.46201,2.721,148.4974,-0.69969,-0.2546,9.25561,0.29398,-18.70646
2025-08-28,147.31599,2.749,148.73896,-0.96129,-0.35046,9.25976,0.29688,-18.70646
2025-08-29,146.78999,2.719,148.30899,-1.02949,-0.37588,9.0758,0.29959,-18.70646
2025-09-01,147.097,2.71,148.26871,-0.7934,-0.29004,8.88813,0.3049,-19.33517
2025-09-02,147.084,2.79,148.20961,-0.76237,-0.27919,8.73635,0.31936,-19.33517
2025-09-03,148.548,2.74,147.69541,0.57561,0.2111,8.8788,0.3086,-19.33517
2025-09-04,147.98,2.735,147.57852,0.27167,0.0998,8.79081,0.31112,-19.33517
2025-09-05,148.375,2.669,146.97108,0.9507,0.34949,8.79809,0.30336,-19.33517
2025-09-08,148.34399,2.659,147.23832,0.74814,0.27512,8.79256,0.30241,-19.33517
2025-09-09,147.364,2.698,147.36015,0.00261,0.00096,8.85301,0.30476,-19.33517
2025-09-10,147.392,2.683,147.83882,-0.30269,-0.11135,8.72571,0.30748,-19.33517
2025-09-11,147.332,2.658,147.43368,-0.06899,-0.02539,8.6475,0.30737,-19.33517
2025-09-12,147.224,2.687,147.64425,-0.28504,-0.10496,8.61037,0.31207,-19.33517
2025-09-15,147.666,2.667,147.69563,-0.02006,-0.00739,8.58638,0.31061,-19.33517
2025-09-16,147.405,2.626,148.11129,-0.47801,-0.17629,8.57249,0.30633,-19.33517
2025-09-17,146.41299,2.637,147.92227,-1.02556,-0.37839,8.68016,0.3038,-19.33517
2025-09-18,146.89101,2.682,147.57315,-0.46331,-0.17104,8.59476,0.31205,-19.33517
2025-09-19,147.94701,2.652,147.25864,0.46637,0.17229,8.69943,0.30485,-19.33517
2025-09-22,148.095,2.675,147.05482,0.70485,0.26058,8.58691,0.31152,-19.33517
2025-09-23,147.72501,2.595,147.56746,0.10671,0.03948,8.60465,0.30158,-19.33517
2025-09-24,147.61301,2.638,148.32196,-0.47913,-0.17743,8.60002,0.30674,-19.33517
2025-09-25,148.75101,2.704,148.17456,0.38828,0.14392,8.71872,0.31014,-19.33517
2025-09-26,149.86099,2.699,148.67179,0.7967,0.29551,8.75759,0.30819,-19.33517
2025-09-29,149.405,2.699,147.54357,1.25372,0.46524,8.76215,0.30803,-19.33517
2025-09-30,148.595,2.642,147.1288,0.99161,0.36817,8.84612,0.29866,-19.33517
2025-10-01,147.99699,2.596,146.36072,1.11177,0.4129,8.76044,0.29633,-20.36755
2025-10-02,147.08299,2.595,145.69087,0.95099,0.35336,8.85255,0.29314,-20.36755
2025-10-03,147.14999,2.635,145.83882,0.89504,0.3327,8.64782,0.3047,-20.36755
2025-10-06,149.606,2.701,146.23784,2.27709,0.84706,9.16559,0.29469,-20.36755
2025-10-07,150.33099,2.661,146.22029,2.77252,1.03066,9.14525,0.29097,-20.36755
2025-10-08,152.05099,2.65,146.74364,3.55288,1.31984,9.402,0.28186,-20.36755
2025-10-09,152.67999,2.67,146.24334,4.30723,1.59769,9.34392,0.28575,-20.36755
2025-10-10,152.965,2.595,144.66131,5.58139,2.06623,9.33044,0.27812,-20.36755
2025-10-13,152.056,2.595,145.25735,4.57419,1.68637,9.33912,0.27786,-20.36755
2025-10-14,152.43401,2.585,144.71468,5.19677,1.91053,9.28209,0.27849,-20.36755
2025-10-15,151.731,2.6,144.54776,4.84993,1.77666,9.32313,0.27888,-20.36755
2025-10-16,150.974,2.49,143.98371,4.74075,1.7313,9.38408,0.26534,-20.36755
2025-10-17,150.12,2.551,144.44496,3.85364,1.40319,9.34883,0.27287,-20.36755
2025-10-20,150.89999,2.51,144.64626,4.23261,1.5382,9.35318,0.26836,-20.36755
2025-10-21,150.774,2.51,144.91189,3.96561,1.43782,9.3312,0.26899,-20.36755
2025-10-22,151.89301,2.521,145.50887,4.29393,1.55399,9.40015,0.26819,-20.36755
2025-10-23,151.95399,2.547,147.25547,3.14088,1.13399,9.3459,0.27253,-20.36755
2025-10-24,152.60201,2.548,147.37737,3.48368,1.25628,9.34179,0.27275,-20.36755
2025-10-27,153.061,2.537,147.36021,3.79565,1.36736,9.35475,0.2712,-20.36755
2025-10-28,152.692,2.53,146.78293,3.9468,1.41997,9.32126,0.27142,-20.36755
2025-10-29,151.731,2.647,146.84737,3.27155,1.17486,9.19252,0.28795,-20.36755
2025-10-30,152.722,2.681,146.87543,3.90345,1.39997,7.99436,0.33536,-20.36755
2025-10-31,153.89999,2.672,146.89673,4.65732,1.66722,8.07021,0.33109,-20.36755
2025-11-03,154.19501,2.672,146.90055,4.84623,1.73096,8.02294,0.33304,-21.55116
2025-11-04,154.20399,2.635,146.56074,5.08364,1.81293,7.99793,0.32946,-21.55116
2025-11-05,153.55701,2.7,146.23133,4.8882,1.73985,8.03443,0.33605,-21.55116
2025-11-06,154.073,2.629,146.13334,5.2907,1.87827,7.99092,0.329,-21.55116
2025-11-07,152.948,2.609,146.38309,4.38709,1.55337,8.13296,0.32079,-21.55116
2025-11-10,153.817,2.632,146.79148,4.67505,1.65212,8.17435,0.32198,-21.55116
2025-11-11,154.146,2.643,147.34059,4.51533,1.59169,8.11679,0.32562,-21.55116
2025-11-12,154.075,2.618,146.3697,5.13039,1.80434,8.09505,0.32341,-21.55116
2025-11-13,154.713,2.648,146.16788,5.6816,1.99526,8.0912,0.32727,-21.55116
2025-11-14,154.633,2.688,146.75344,5.23007,1.83202,8.06125,0.33345,-21.55116
2025-11-17,154.58501,2.662,146.41113,5.43256,1.89766,8.05416,0.33051,-21.55116
2025-11-18,155.27299,2.652,146.43969,5.85712,2.04109,8.05574,0.32921,-21.55116
2025-11-19,155.548,2.646,146.1295,6.24612,2.17543,7.95313,0.3327,-21.55116
2025-11-20,156.992,2.585,145.8787,7.34194,2.55562,7.93331,0.32584,-21.55116
2025-11-21,157.369,2.551,146.05924,7.45811,2.59091,7.91351,0.32236,-21.55116
2025-11-24,156.688,2.501,146.81573,6.50783,2.25583,7.95596,0.31436,-21.55116
2025-11-25,156.939,2.455,146.91467,6.60052,2.28391,7.94697,0.30892,-21.55116
2025-11-26,156.23,2.465,147.42744,5.79932,2.00347,7.97149,0.30923,-21.55116
2025-11-27,156.239,2.473,147.50686,5.75122,1.98919,7.97045,0.31027,-21.55116
2025-11-28,156.284,2.478,147.77507,5.59835,1.93827,7.9688,0.31096,-21.55116
2025-12-01,155.92799,2.52,147.64721,5.45686,1.89302,7.78358,0.32376,-22.67754
2025-12-02,155.55701,2.505,147.67284,5.2013,1.80762,7.75411,0.32305,-22.67754
2025-12-03,155.80701,2.474,147.9727,5.15903,1.79853,7.7466,0.31937,-22.67754
2025-12-04,155.10699,2.499,148.30708,4.48302,1.56748,7.81608,0.31973,-22.67754
2025-12-05,155.142,2.508,148.62948,4.28843,1.50622,7.67352,0.32684,-22.67754
2025-12-08,155.34,2.507,148.05412,4.80384,1.69407,7.67299,0.32673,-22.67754
2025-12-09,155.84399,2.541,147.92169,5.21725,1.84458,7.68367,0.3307,-22.67754
2025-12-10,156.838,2.466,148.41615,5.51933,1.95345,7.7533,0.31806,-22.67754
2025-12-11,155.78999,2.466,148.62944,4.70527,1.66447,7.89345,0.31241,-22.67754
2025-12-12,155.567,2.45,148.42518,4.69956,1.66309,7.8892,0.31055,-22.67754
2025-12-15,155.888,2.439,148.18517,5.06752,1.79558,7.73924,0.31515,-22.67754
2025-12-16,155.015,2.413,148.04857,4.59815,1.63038,7.83666,0.30791,-22.67754
2025-12-17,154.778,2.413,147.91132,4.53789,1.60954,7.74453,0.31157,-22.67754
2025-12-18,155.495,2.387,148.27136,4.75694,1.68892,7.7837,0.30667,-22.67754
2025-12-19,155.586,2.379,149.20309,4.18902,1.48835,7.75533,0.30676,-22.67754
2025-12-22,157.67599,2.311,149.78862,5.13172,1.82411,8.14169,0.28385,-22.67754
2025-12-23,156.877,2.369,150.0055,4.47901,1.58915,8.11909,0.29178,-22.67754
2025-12-24,156.17599,2.359,150.33889,3.80915,1.34969,8.07554,0.29212,-22.67754
2025-12-26,156.09,2.319,150.20712,3.84176,1.36069,8.0444,0.28828,-22.67754
2025-12-29,156.463,2.3,150.09967,4.152,1.47011,7.9537,0.28917,-22.67754
2025-12-30,156.013,2.283,150.11822,3.85162,1.36314,7.92843,0.28795,-22.67754
2025-12-31,156.41299,2.303,149.83799,4.29453,1.51932,7.80521,0.29506,-22.67754
2026-01-02,156.731,2.303,150.13538,4.29936,1.52034,7.8073,0.29498,-23.32344
2026-01-05,156.989,2.266,150.05959,4.51432,1.59574,7.14124,0.31731,-23.32344
2026-01-06,156.62601,2.285,150.16881,4.21008,1.48664,7.11875,0.32098,-23.32344
2026-01-07,156.67999,2.3,149.89018,4.43025,1.56419,6.7769,0.33939,-23.32344
2026-01-08,156.731,2.361,150.08767,4.33114,1.52806,6.73616,0.3505,-23.32344
2026-01-09,156.88,2.389,150.75968,3.97942,1.40353,6.73064,0.35494,-23.32344
2026-01-12,158.149,2.389,150.49684,4.95955,1.75011,6.77583,0.35258,-23.32344
2026-01-13,157.98599,2.366,150.14696,5.08918,1.79274,6.77309,0.34932,-23.32344
2026-01-14,159.179,2.324,149.83076,6.0523,2.12825,6.83014,0.34026,-23.32344
2026-01-15,158.40199,2.37,150.3113,5.24276,1.83911,6.82646,0.34718,-23.32344
2026-01-16,158.59599,2.385,150.39122,5.312,1.86083,6.7004,0.35595,-23.32344
2026-01-19,157.535,2.36,150.44396,4.6057,1.60989,6.81078,0.34651,-23.32344
2026-01-20,158.177,2.38,148.47616,6.32903,2.20872,6.83689,0.34811,-23.32344
2026-01-21,158.162,2.365,150.06135,5.25757,1.82684,6.70433,0.35276,-23.32344
2026-01-22,158.45599,2.386,150.7582,4.97997,1.72522,6.70853,0.35567,-23.32344
2026-01-23,158.50101,2.338,150.64764,5.08173,1.75605,6.66904,0.35057,-23.32344
2026-01-26,155.166,2.283,150.65885,2.94775,1.01614,7.95599,0.28695,-23.32344
2026-01-27,154.336,2.246,150.70042,2.38381,0.82134,8.01727,0.28015,-23.32344
2026-01-28,152.453,2.303,150.81523,1.0801,0.372,8.29703,0.27757,-23.32344
2026-01-29,153.09599,2.266,150.68,1.59068,0.54798,8.23704,0.2751,-23.32344
2026-01-30,153.162,2.269,150.42992,1.79989,0.62013,8.08985,0.28047,-23.32344
2026-02-02,155.202,2.305,150.75265,2.90871,1.00227,8.5088,0.2709,-24.06883
2026-02-03,155.44299,2.284,149.98742,3.57276,1.23048,8.51372,0.26827,-24.06883
2026-02-04,155.799,2.294,149.89621,3.86235,1.329,8.47841,0.27057,-24.06883
2026-02-05,156.91701,2.194,148.44503,5.55023,1.90744,8.56877,0.25605,-24.06883
2026-02-06,156.784,2.219,149.22769,4.93958,1.69246,8.43149,0.26318,-24.06883
2026-02-09,157.244,2.167,150.91279,4.10966,1.40531,8.37955,0.25861,-24.06883
2026-02-10,156.132,2.147,150.79302,3.47936,1.18828,8.50212,0.25253,-24.06883
2026-02-11,154.48199,2.217,151.00434,2.2769,0.7768,8.77305,0.25271,-24.06883
2026-02-12,153.269,2.165,149.36274,2.58167,0.88069,8.87389,0.24397,-24.06883
2026-02-13,152.821,2.111,149.58394,2.14096,0.73037,8.89103,0.23743,-24.06883
2026-02-16,152.77901,2.125,149.62086,2.0888,0.71316,8.89102,0.23901,-24.06883
2026-02-17,153.60899,2.197,149.6934,2.58212,0.88275,8.91381,0.24647,-24.06883
2026-02-18,153.149,2.228,150.42552,1.79432,0.61441,8.92263,0.2497,-24.06883
2026-02-19,154.69299,2.205,150.39846,2.81543,0.96562,8.95813,0.24615,-24.06883
2026-02-20,155.16,2.22,151.02261,2.70273,0.92782,8.96633,0.24759,-24.06883
2026-02-23,154.339,2.17,150.25175,2.68393,0.9219,8.98645,0.24147,-24.06883
2026-02-24,154.63499,2.179,150.8652,2.46808,0.84809,8.9893,0.2424,-24.06883
2026-02-25,155.88,2.226,151.68775,2.72624,0.93741,9.09537,0.24474,-24.06883
2026-02-26,156.2,2.174,151.46637,3.07736,1.05797,9.10493,0.23877,-24.06883
2026-02-27,155.85899,2.13,151.37524,2.91899,1.00327,9.11514,0.23368,-24.06883
2026-03-02,156.633,2.251,151.66726,3.22164,1.10674,9.1577,0.2458,-24.49146
2026-03-03,157.257,2.26,151.74528,3.56781,1.22506,9.17672,0.24628,-24.49146
2026-03-04,157.77299,2.305,152.98061,3.08461,1.05831,9.19339,0.25072,-24.49146
2026-03-05,156.983,2.314,153.03183,2.54916,0.87427,9.20471,0.25139,-24.49146
2026-03-06,157.534,2.314,152.90838,2.98024,1.02221,9.22853,0.25074,-24.49146
2026-03-09,158.427,2.318,155.99259,1.54854,0.53106,9.28976,0.24952,-24.49146
2026-03-10,157.84801,2.312,154.03384,2.44602,0.83909,9.30389,0.2485,-24.49146
2026-03-11,158.114,2.387,155.36207,1.7558,0.60219,9.22484,0.25876,-24.49146
2026-03-12,159.075,2.497,156.2158,1.81374,0.6222,9.19372,0.2716,-24.49146
2026-03-13,159.20599,2.441,157.27525,1.22015,0.41857,9.18719,0.2657,-24.49146
2026-03-16,159.56799,2.393,158.22986,0.84214,0.28899,9.18886,0.26042,-24.49146
2026-03-17,159.105,2.4,159.53676,-0.271,-0.09303,9.13292,0.26279,-24.49146
2026-03-18,158.88901,2.499,159.16521,-0.17369,-0.05965,9.1315,0.27367,-24.49146
2026-03-19,159.795,2.513,159.78105,0.00873,0.003,9.15387,0.27453,-24.49146
2026-03-20,157.924,2.603,159.39114,-0.92473,-0.31769,9.47387,0.27476,-24.49146
2026-03-23,159.23399,2.519,156.96286,1.43656,0.49349,9.2397,0.27263,-24.49146
2026-03-24,158.479,2.589,157.69255,0.49749,0.17087,9.23239,0.28043,-24.49146
2026-03-25,158.718,2.523,157.90586,0.513,0.17621,9.18762,0.27461,-24.49146
2026-03-26,159.384,2.612,158.32808,0.6647,0.22838,9.21952,0.28331,-24.49146
2026-03-27,159.70399,2.487,158.57304,0.71068,0.24423,9.21638,0.26985,-24.49146
2026-03-30,160.23399,2.451,158.89498,0.83917,0.2885,9.21206,0.26606,-24.49146
2026-03-31,159.841,2.415,161.9866,-1.3334,-0.45847,9.2194,0.26195,-24.49146
2026-04-01,158.57899,2.461,158.17561,0.2547,0.08756,9.35938,0.26294,-25.02301
2026-04-02,158.688,2.4,160.39599,-1.07057,-0.36807,9.35528,0.25654,-25.02301
2026-04-03,159.491,2.449,160.18935,-0.43691,-0.15021,9.39157,0.26077,-25.02301
2026-04-06,159.78,2.438,160.23097,-0.28185,-0.09691,9.39651,0.25946,-25.02301
2026-04-07,159.683,2.423,159.54899,0.08396,0.02889,9.3983,0.25781,-25.02301
2026-04-08,158.716,2.408,158.02934,0.43358,0.14928,9.48305,0.25393,-25.02301
2026-04-09,158.642,2.386,159.09545,-0.28542,-0.09841,9.34773,0.25525,-25.02301
2026-04-10,159.112,2.405,158.98312,0.08103,0.02795,9.36303,0.25686,-25.02301
2026-04-13,159.67999,2.379,160.12395,-0.27765,-0.09577,9.26867,0.25667,-25.02301
2026-04-14,159.214,2.378,159.35882,-0.09091,-0.03136,9.23426,0.25752,-25.02301
2026-04-15,158.79201,2.378,159.4851,-0.43553,-0.15023,9.24732,0.25716,-25.02301
2026-04-16,158.80901,2.414,160.58592,-1.11268,-0.38381,9.14556,0.26395,-25.02301
2026-04-17,159.19501,2.338,158.72059,0.29845,0.10294,9.12271,0.25628,-25.02301
2026-04-20,159.161,2.351,159.30652,-0.09139,-0.03153,9.12284,0.2577,-25.02301
2026-04-21,158.84399,2.421,159.56022,-0.44989,-0.15523,9.1252,0.26531,-25.02301
2026-04-22,159.373,2.428,160.60962,-0.77293,-0.26678,9.14876,0.26539,-25.02301
2026-04-23,159.48801,2.465,161.01843,-0.95501,-0.32968,8.05437,0.30604,-25.02301
2026-04-24,159.74699,2.417,161.44629,-1.05813,-0.36523,7.97067,0.30324,-25.02301
2026-04-27,159.576,2.405,162.41179,-1.76147,-0.60794,7.54149,0.3189,-25.02301
2026-04-28,159.35699,2.451,162.94862,-2.2288,-0.76901,7.51928,0.32596,-25.02301
2026-04-29,159.552,2.531,163.5215,-2.45746,-0.84755,7.52007,0.33657,-25.02301
2026-04-30,160.18401,2.478,163.67442,-2.1556,-0.74314,7.10668,0.34869,-25.02301
2026-05-01,156.978,2.495,162.25429,-3.30591,-1.13978,8.22207,0.30345,-24.17488
2026-05-04,156.84599,2.565,162.5539,-3.57452,-1.2314,8.21291,0.31231,-24.17488
2026-05-05,157.194,2.545,161.96921,-2.99255,-1.02986,8.09941,0.31422,-24.17488
2026-05-06,157.677,2.485,160.21066,-1.59409,-0.5483,8.12003,0.30603,-24.17488
2026-05-07,156.508,2.548,159.89932,-2.14372,-0.7379,8.23671,0.30935,-24.17488
2026-05-08,156.82899,2.522,160.11623,-2.0744,-0.7147,8.12209,0.31051,-24.17488
2026-05-11,156.858,2.555,160.01392,-1.99199,-0.68648,7.82588,0.32648,-24.17488
2026-05-12,157.231,2.599,160.73505,-2.20412,-0.76017,7.66015,0.33929,-24.17488
2026-05-13,157.67101,2.579,160.35223,-1.68622,-0.58171,7.64445,0.33737,-24.17488
2026-05-14,157.851,2.593,160.56948,-1.70752,-0.58906,7.64389,0.33923,-24.17488
2026-05-15,158.382,2.677,160.44281,-1.29277,-0.44604,7.60121,0.35218,-24.17488
2026-05-18,158.84399,2.639,161.30632,-1.53826,-0.53088,7.58299,0.34802,-24.17488
2026-05-19,158.86099,2.678,160.88315,-1.26488,-0.43676,7.33596,0.36505,-24.17488
2026-05-20,159.035,2.576,160.20325,-0.7319,-0.25289,7.31841,0.35199,-24.17488
2026-05-21,158.888,2.627,159.88085,-0.62293,-0.21536,7.23174,0.36326,-24.17488
2026-05-22,159.01801,2.687,159.91226,-0.56078,-0.19396,7.22609,0.37185,-24.17488
2026-05-25,158.946,2.71,159.87636,-0.58362,-0.20201,7.06189,0.38375,-24.17488
2026-05-26,158.95399,2.589,159.20117,-0.15538,-0.05383,7.05317,0.36707,-24.17488
2026-05-27,159.243,2.601,158.40255,0.52917,0.18347,7.04177,0.36937,-24.17488
2026-05-28,159.56799,2.624,158.47595,0.68673,0.23829,6.98809,0.3755,-24.17488
2026-05-29,159.27,2.587,158.43024,0.52865,0.18364,6.96067,0.37166,-24.17488
2026-06-01,159.353,2.65,158.5105,0.5301,0.18446,6.93297,0.38223,-24.58154
2026-06-02,159.636,2.67,158.78195,0.53644,0.18709,6.8595,0.38924,-24.58154
2026-06-03,159.968,2.679,158.97081,0.62532,0.21856,6.83803,0.39178,-24.58154
2026-06-04,159.94,2.633,158.83898,0.69078,0.24196,6.74942,0.39011,-24.58154
2026-06-05,159.99001,2.758,155.63748,2.75819,0.96849,6.70483,0.41134,-24.58154
2026-06-08,160.327,2.73,156.89148,2.16611,0.76202,6.70911,0.40691,-24.58154
2026-06-09,160.174,2.71,156.04905,2.60903,0.92016,6.60688,0.41018,-24.58154
2026-06-10,160.384,2.704,155.67768,2.97832,1.05335,6.60973,0.40909,-24.58154
2026-06-11,160.52699,2.623,156.30509,2.66523,0.94497,6.5972,0.39759,-24.58154
2026-06-12,160.13,2.673,156.1142,2.53982,0.90325,6.58981,0.40563,-24.58154
2026-06-15,159.955,2.661,155.78891,2.63906,0.9414,6.58764,0.40394,-24.58154
2026-06-16,160.229,2.636,154.82761,3.42918,1.2265,6.49817,0.40565,-24.58154
2026-06-17,160.41901,2.802,153.66963,4.29842,1.54156,6.0408,0.46385,-24.58154
2026-06-18,160.60001,2.79,154.47853,3.88617,1.39735,5.82071,0.47932,-24.58154
2026-06-19,161.289,2.781,154.50647,4.29618,1.54942,5.79269,0.48009,-24.58154
2026-06-22,161.433,2.825,153.59266,4.97862,1.79489,5.7887,0.48802,-24.58154
2026-06-23,161.57001,2.734,153.09767,5.38625,1.94024,5.73511,0.47671,-24.58154
2026-06-24,161.599,2.678,152.80015,5.59871,2.01436,5.72357,0.46789,-24.58154
2026-06-25,161.763,2.669,153.15864,5.46581,1.96432,5.69091,0.46899,-24.58154
2026-06-26,161.80499,2.661,152.56862,5.87774,2.10762,5.66622,0.46962,-24.58154
2026-06-29,161.787,2.689,152.99082,5.59027,2.00226,5.42127,0.49601,-24.58154
2026-06-30,161.923,2.758,153.03027,5.64852,2.0216,5.42178,0.50869,-24.58154
2026-07-01,162.62801,2.77,152.62651,6.34716,2.26851,5.39864,0.51309,-24.57324
2026-07-02,162.539,2.745,152.96512,6.07081,2.16396,5.39259,0.50903,-24.57324
2026-07-03,161.44901,2.75,152.97581,5.39095,1.91527,5.56922,0.49379,-24.57324
2026-07-06,161.452,2.734,153.31599,5.17068,1.83208,5.42275,0.50417,-24.57324
2026-07-07,162.088,2.788,153.41264,5.50081,1.9453,5.46957,0.50973,-24.57324
2026-07-08,162.36301,2.777,154.11183,5.21561,1.8405,5.45081,0.50947,-24.57324
2026-07-09,162.539,2.716,154.39513,5.14029,1.80862,5.41328,0.50173,-24.57324
2026-07-10,162.36301,2.776,154.35788,5.05608,1.77322,5.38144,0.51585,-24.57324
2026-07-13,161.87801,2.809,155.08317,4.28814,1.49923,5.38942,0.52121,-24.57324
2026-07-14,162.429,2.745,155.94842,4.07157,1.42034,5.42457,0.50603,-24.57324
2026-07-15,162.187,2.694,156.57353,3.52242,1.22637,5.42041,0.49701,-24.57324
2026-07-16,162.07201,2.72,155.94154,3.85595,1.34088,5.4232,0.50155,-24.57324
2026-07-17,162.37601,2.744,155.99225,4.01083,1.39248,5.41223,0.507,-24.57324
2026-07-20,162.51199,2.774,156.14163,3.99884,1.38576,5.3794,0.51567,-24.57324
2026-07-21,162.487,2.819,156.83581,3.53985,1.22481,5.37953,0.52402,-24.57324
2026-07-22,163.186,2.86,157.42881,3.59173,1.24171,5.43254,0.52646,-24.57324
2026-07-23,163.08099,2.871,158.01573,3.15524,1.09002,5.42871,0.52886,-24.57324
2026-07-24,163.832,2.799,157.73105,3.79501,1.31048,5.48288,0.5105,-24.57324
2026-07-27,163.61099,2.797,156.05085,4.73097,1.63122,5.49208,0.50928,-24.57324
2026-07-28,163.771,2.756,155.50392,5.17982,1.78207,5.44585,0.50607,-24.57324
2026-07-29,163.864,2.732,156.34771,4.69544,1.61165,3.49056,0.78268,-24.57324
2026-07-30,163.3,2.733,157.1646,3.82954,1.31293,3.57469,0.76454,-24.57324
2026-07-31,160.183,2.773,157.65438,1.59117,0.54532,5.33808,0.51947,-24.57324
2026-08-03,157.582,2.688,156.7241,0.5459,0.18733,6.26374,0.42914,-23.35896
2026-08-04,157.52901,2.632,155.71892,1.1557,0.39797,6.07957,0.43293,-23.35896
2026-08-05,157.692,2.611,156.12737,0.99716,0.34446,6.06975,0.43017,-23.35896
2026-08-06,157.60001,2.685,156.8075,0.50413,0.17468,6.0712,0.44225,-23.35896
2026-08-07,158.409,2.579,157.68752,0.45649,0.15871,6.13792,0.42017,-23.35896
2026-08-10,157.89101,2.632,158.20678,-0.19979,-0.06966,6.1504,0.42794,-23.35896
2026-08-11,159.15601,2.602,158.711,0.27999,0.0978,6.34982,0.40978,-23.35896
2026-08-12,159.265,2.554,159.26961,-0.00289,-0.00101,6.31701,0.4043,-23.35896
2026-08-13,159.328,2.499,159.03773,0.18235,0.06377,6.29128,0.39722,-23.35896
2026-08-14,159.42599,2.513,159.47425,-0.03026,-0.01061,6.29229,0.39938,-23.35896
2026-08-17,159.22301,2.494,159.65861,-0.2732,-0.09593,6.29424,0.39624,-23.35896
2026-08-18,159.34,2.499,159.39071,-0.03182,-0.01121,6.29287,0.39712,-23.35896
2026-08-19,159.55,2.509,159.87,-0.20036,-0.07077,6.29616,0.3985,-23.35896
2026-08-20,158.276,2.508,159.87885,-1.0076,-0.35733,6.49933,0.38589,-23.35896
2026-08-21,158.883,2.558,160.14545,-0.79144,-0.28183,6.54585,0.39078,-23.35896
2026-08-24,158.90401,2.555,159.38493,-0.30219,-0.10824,6.53543,0.39095,-23.35896
2026-08-25,159.13901,2.486,159.06788,0.0447,0.01613,6.52916,0.38075,-23.35896
2026-08-26,159.22301,2.493,158.98471,0.14977,0.05442,6.5195,0.38239,-23.35896
2026-08-27,159.255,2.504,159.67085,-0.26078,-0.09527,6.51877,0.38412,-23.35896
2026-08-28,159.321,2.621,159.1433,0.1116,0.04101,6.5093,0.40265,-23.35896
2026-08-31,160.12199,2.597,159.32027,0.50195,0.18555,6.57417,0.39503,-23.35896
2026-09-01,159.74699,2.588,159.68662,0.0378,0.01404,6.59102,0.39266,-23.35896
2026-09-02,160.196,2.536,160.63332,-0.27262,-0.10183,6.61496,0.38337,-23.35896
2026-09-03,158.923,2.49,161.23876,-1.44664,-0.54367,6.79088,0.36667,-23.35896
2026-09-04,155.66,2.54,161.08181,-3.42382,-1.29075,7.94322,0.31977,-23.35896
2026-09-07,156.19701,2.518,160.76664,-2.88358,-1.08824,7.97388,0.31578,-23.35896
2026-09-08,153.855,2.542,160.78545,-4.40603,-1.66909,8.49211,0.29934,-23.35896
2026-09-09,153.478,2.597,160.8429,-4.68709,-1.77725,8.49192,0.30582,-23.35896
2026-09-10,153.573,2.737,160.88544,-4.65166,-1.7649,8.49538,0.32218,-23.35896
2026-09-11,154.48199,2.786,160.85117,-4.0402,-1.5305,8.58352,0.32458,-23.35896
2026-09-14,153.424,2.809,160.39019,-4.44042,-1.68018,8.66704,0.3241,-23.35896
2026-09-15,154.38499,2.809,160.82891,-4.08917,-1.54329,8.77087,0.32026,-23.35896
2026-09-16,155.26601,2.888,159.73808,-2.83957,-1.06944,8.80738,0.32791,-23.35896
2026-09-17,156.01401,2.802,160.73427,-2.98067,-1.12159,8.86897,0.31593,-23.35896
2026-09-18,156.129,2.911,160.35284,-2.6694,-1.0034,8.86829,0.32825,-23.35896
2026-09-21,157.04601,2.911,159.63797,-1.63698,-0.61491,8.95931,0.32491,-23.35896
2026-09-22,157.369,2.861,159.89017,-1.58938,-0.5969,8.96865,0.319,-23.35896
2026-09-23,157.464,3.001,159.61103,-1.35429,-0.50843,8.97,0.33456,-23.35896
2026-09-24,158.265,2.958,160.17847,-1.20178,-0.4511,9.03722,0.32731,-23.35896
2026-09-25,158.811,2.862,160.45542,-1.03013,-0.38661,9.06611,0.31568,-23.35896
2026-09-28,157.463,2.939,159.82786,-1.49069,-0.55938,9.16251,0.32076,-23.35896
2026-09-29,157.36099,2.914,159.43879,-1.31176,-0.4921,9.16255,0.31803,-23.35896
2026-09-30,157.40401,2.928,159.41875,-1.27186,-0.47702,9.07612,0.3226,-23.35896
2026-10-01,157.558,2.841,159.49809,-1.22383,-0.45894,9.07996,0.31289,-23.35896
2026-10-02,157.927,2.911,159.61046,-1.06033,-0.39772,9.05472,0.32149,-23.35896
2026-10-05,157.73399,2.931,159.10517,-0.86554,-0.32468,9.04592,0.32401,-23.35896
2026-10-06,157.862,2.931,159.08741,-0.77326,-0.29032,9.04419,0.32408,-23.35896
