date,y_mkt,einfl,irp,ereal,rtp,resid,liq,tips,bei,tp,tp_acm,tp_dkw,e_acm,e_dkw,nowcast
2000-01-03,6.5,3.3098,0.1174,2.0385,1.0014,0.0329,1.2715,,,1.1188,1.1632,1.0744,5.3039,5.413,0
2000-01-04,6.4,3.2899,0.1126,1.9867,0.9824,0.0284,1.3755,,,1.095,1.1425,1.0476,5.2291,5.3603,0
2000-01-05,6.51,3.3146,0.1218,2.0216,1.0253,0.0268,1.2681,,,1.1471,1.2029,1.0912,5.2803,5.4086,0
2000-01-06,6.46,3.3026,0.1225,2.0121,0.994,0.0288,1.3678,,,1.1165,1.1481,1.0848,5.283,5.373,0
2000-01-07,6.42,3.2899,0.1226,1.9972,0.9797,0.0306,1.3913,,,1.1023,1.1292,1.0754,5.2603,5.3429,0
2000-01-10,6.49,3.2992,0.1291,2.0314,0.9836,0.0467,1.357,,,1.1127,1.1262,1.0992,5.3172,5.364,0
2000-01-11,6.57,3.3221,0.1368,2.0524,1.0183,0.0404,1.3106,,,1.1551,1.1735,1.1367,5.3561,5.4141,0
2000-01-12,6.63,3.3328,0.1411,2.0722,1.0313,0.0526,1.2437,,,1.1724,1.1898,1.155,5.3876,5.4451,0
2000-01-13,6.54,3.3093,0.1371,2.053,0.9847,0.0559,1.3306,,,1.1218,1.117,1.1266,5.3671,5.3914,0
2000-01-14,6.59,3.3161,0.1405,2.0883,0.9881,0.0569,1.3091,,,1.1286,1.1178,1.1395,5.4153,5.4136,0
2000-01-18,6.65,3.3296,0.1467,2.1141,1.0034,0.0561,1.2942,,,1.1501,1.1339,1.1663,5.4599,5.4404,0
2000-01-19,6.62,3.3218,0.1419,2.122,0.9873,0.047,1.3012,,,1.1292,1.1147,1.1437,5.4583,5.4527,0
2000-01-20,6.67,3.3299,0.1403,2.1511,0.9959,0.0528,1.2949,,,1.1362,1.1289,1.1435,5.4882,5.4883,0
2000-01-21,6.67,3.3268,0.1401,2.1581,0.9871,0.058,1.2717,,,1.1272,1.1138,1.1405,5.4982,5.4818,0
2000-01-24,6.59,3.3078,0.1353,2.1361,0.9551,0.0557,1.3103,,,1.0904,1.0683,1.1124,5.466,5.4467,0
2000-01-25,6.6,3.3066,0.1357,2.1322,0.9601,0.0655,1.2842,,,1.0958,1.0779,1.1137,5.4567,5.4353,0
2000-01-26,6.62,3.3008,0.1395,2.1802,0.9275,0.072,1.2704,,,1.067,1.0169,1.1171,5.5311,5.4342,0
2000-01-27,6.67,3.2967,0.147,2.2447,0.8921,0.0895,1.2569,,,1.0391,0.9486,1.1297,5.6319,5.4464,0
2000-01-28,6.68,3.2857,0.1513,2.3088,0.8466,0.0876,1.2336,,,0.9979,0.8695,1.1262,5.7228,5.4627,0
2000-01-31,6.71,3.2946,0.1537,2.318,0.8639,0.0798,1.1745,,,1.0176,0.8989,1.1363,5.7313,5.5022,0
2000-02-01,6.68,3.2869,0.1501,2.3214,0.8491,0.0725,1.1787,,,0.9992,0.8796,1.1188,5.7279,5.5004,0
2000-02-02,6.69,3.2819,0.1526,2.3522,0.8309,0.0725,1.1494,,,0.9835,0.847,1.1199,5.7705,5.4994,0
2000-02-03,6.56,3.2594,0.15,2.2974,0.8081,0.0451,1.2024,,,0.9581,0.8184,1.0979,5.6965,5.433,0
2000-02-04,6.64,3.2666,0.1539,2.3644,0.7988,0.0562,1.146,,,0.9527,0.7956,1.1099,5.7882,5.4744,0
2000-02-07,6.76,3.294,0.1626,2.4096,0.8325,0.0613,1.1263,,,0.9951,0.8365,1.1537,5.8622,5.5339,0
2000-02-08,6.74,3.2762,0.1609,2.4462,0.7801,0.0767,1.1796,,,0.941,0.7515,1.1305,5.9119,5.5272,0
2000-02-09,6.77,3.2904,0.1619,2.4036,0.8346,0.0795,1.1642,,,0.9966,0.8464,1.1467,5.8441,5.542,0
2000-02-10,6.78,3.3096,0.1625,2.3843,0.8791,0.0444,1.1321,,,1.0416,0.9169,1.1664,5.8187,5.5634,0
2000-02-11,6.77,3.3017,0.159,2.3678,0.8638,0.0777,1.1718,,,1.0228,0.8936,1.152,5.7987,5.5409,0
2000-02-14,6.72,3.28,0.1532,2.3642,0.8224,0.1002,1.2175,,,0.9756,0.8325,1.1187,5.7873,5.5041,0
2000-02-15,6.74,3.2858,0.1537,2.3802,0.8353,0.085,1.1871,,,0.989,0.8548,1.1231,5.8001,5.5266,0
2000-02-16,6.75,3.2889,0.1527,2.3721,0.8426,0.0937,1.1742,,,0.9953,0.8667,1.124,5.7897,5.5269,0
2000-02-17,6.76,3.2913,0.1561,2.4319,0.8191,0.0616,1.1633,,,0.9752,0.8181,1.1323,5.8802,5.5477,0
2000-02-18,6.72,3.2679,0.1524,2.4215,0.775,0.1032,1.1997,,,0.9274,0.752,1.1029,5.8649,5.5058,0
2000-02-22,6.62,3.2376,0.144,2.3895,0.7291,0.1198,1.2605,,,0.8731,0.6891,1.0572,5.8112,5.443,0
2000-02-23,6.66,3.255,0.1494,2.442,0.7489,0.0647,1.2007,,,0.8983,0.7134,1.0832,5.882,5.4907,0
2000-02-24,6.56,3.2412,0.1414,2.3852,0.738,0.0543,1.2471,,,0.8794,0.7053,1.0534,5.8004,5.4519,0
2000-02-25,6.5,3.2437,0.1345,2.3186,0.772,0.0312,1.2718,,,0.9065,0.7711,1.0419,5.6977,5.4297,0
2000-02-28,6.53,3.2467,0.1328,2.3459,0.7643,0.0402,1.2645,,,0.8971,0.755,1.0393,5.7348,5.4403,0
2000-02-29,6.61,3.2543,0.1383,2.402,0.7581,0.0573,1.241,,,0.8964,0.7355,1.0572,5.8172,5.4709,0
2000-03-01,6.59,3.2504,0.1368,2.3609,0.7662,0.0756,1.2552,,,0.903,0.7552,1.0509,5.7592,5.4587,0
2000-03-02,6.59,3.2469,0.1394,2.3967,0.7466,0.0604,1.2517,,,0.886,0.7185,1.0535,5.8111,5.4592,0
2000-03-03,6.6,3.2407,0.1409,2.4177,0.7271,0.0737,1.233,,,0.868,0.6845,1.0514,5.8418,5.4536,0
2000-03-06,6.64,3.249,0.1436,2.4213,0.7449,0.0812,1.1777,,,0.8885,0.7129,1.064,5.8459,5.4767,0
2000-03-07,6.6,3.2466,0.137,2.3818,0.7554,0.0791,1.1923,,,0.8924,0.7391,1.0457,5.7817,5.4696,0
2000-03-08,6.59,3.2484,0.1329,2.3744,0.7594,0.0749,1.179,,,0.8923,0.748,1.0366,5.7671,5.474,0
2000-03-09,6.56,3.2436,0.1299,2.3563,0.7546,0.0756,1.1947,,,0.8845,0.7424,1.0266,5.742,5.4545,0
2000-03-10,6.61,3.2542,0.1308,2.3848,0.7623,0.0779,1.1487,,,0.8931,0.7505,1.0358,5.7817,5.4879,0
2000-03-13,6.57,3.2483,0.1264,2.3665,0.7547,0.0741,1.166,,,0.8811,0.7424,1.0198,5.7535,5.4765,0
2000-03-14,6.52,3.233,0.121,2.3614,0.7263,0.0783,1.1896,,,0.8473,0.7013,0.9934,5.7404,5.4477,0
2000-03-15,6.5,3.2226,0.1208,2.3841,0.699,0.0736,1.1702,,,0.8198,0.6565,0.983,5.7699,5.436,0
2000-03-16,6.47,3.2148,0.1191,2.3769,0.6852,0.074,1.1975,,,0.8043,0.6362,0.9725,5.7598,5.4199,0
2000-03-17,6.45,3.2014,0.1168,2.3876,0.6527,0.0915,1.2236,,,0.7695,0.585,0.954,5.7735,5.4045,0
2000-03-20,6.45,3.1982,0.1167,2.4063,0.6418,0.0871,1.2176,,,0.7585,0.5674,0.9495,5.7955,5.4092,0
2000-03-21,6.44,3.1876,0.1169,2.4129,0.6165,0.1061,1.2276,,,0.7334,0.5258,0.941,5.8081,5.3909,0
2000-03-22,6.41,3.187,0.1174,2.3987,0.6248,0.0821,1.1904,,,0.7422,0.5418,0.9426,5.7861,5.3843,0
2000-03-23,6.39,3.178,0.1168,2.4038,0.6019,0.0895,1.2066,,,0.7187,0.5047,0.9327,5.7958,5.3728,0
2000-03-24,6.51,3.2028,0.1253,2.4665,0.6299,0.0855,1.0833,,,0.7552,0.539,0.9713,5.8854,5.4441,0
2000-03-27,6.51,3.2056,0.1275,2.4676,0.6293,0.0801,1.0851,,,0.7568,0.5346,0.9789,5.8953,5.4519,0
2000-03-28,6.46,3.1977,0.124,2.4284,0.6289,0.081,1.1117,,,0.7529,0.5409,0.9649,5.8381,5.4271,0
2000-03-29,6.46,3.1978,0.1221,2.4215,0.6331,0.0855,1.0942,,,0.7552,0.5502,0.9602,5.8243,5.4265,0
2000-03-30,6.35,3.1699,0.1144,2.3873,0.5903,0.0881,1.1506,,,0.7047,0.4906,0.9188,5.7713,5.3648,0
2000-03-31,6.32,3.1568,0.1121,2.4082,0.5615,0.0814,1.1333,,,0.6736,0.4463,0.9009,5.7923,5.3476,0
2000-04-03,6.3,3.1509,0.1087,2.3873,0.5611,0.092,1.1372,,,0.6698,0.4514,0.8883,5.7566,5.3311,0
2000-04-04,6.16,3.126,0.0966,2.3032,0.5482,0.086,1.2243,,,0.6448,0.4492,0.8403,5.6247,5.2596,0
2000-04-05,6.17,3.1266,0.0939,2.3253,0.5419,0.0822,1.2118,,,0.6358,0.4381,0.8335,5.6496,5.2645,0
2000-04-06,6.2,3.131,0.0985,2.3651,0.5351,0.0703,1.2052,,,0.6336,0.4187,0.8484,5.711,5.2761,0
2000-04-07,6.18,3.1161,0.0986,2.3733,0.5006,0.0914,1.2473,,,0.5992,0.3632,0.8352,5.7254,5.2546,0
2000-04-10,6.11,3.1059,0.0921,2.3149,0.5088,0.0883,1.2711,,,0.6009,0.3898,0.812,5.6319,5.224,0
2000-04-11,6.19,3.1298,0.0946,2.3329,0.5525,0.0802,1.2176,,,0.6471,0.4562,0.8379,5.6536,5.2721,0
2000-04-12,6.27,3.1526,0.102,2.3496,0.5894,0.0764,1.1669,,,0.6914,0.5058,0.8771,5.6878,5.3046,0
2000-04-13,6.24,3.1453,0.1013,2.3337,0.5715,0.0881,1.2186,,,0.6728,0.4758,0.8699,5.6761,5.2854,0
2000-04-14,6.11,3.1254,0.0932,2.2745,0.5575,0.0594,1.2711,,,0.6507,0.4656,0.8358,5.585,5.2273,0
2000-04-17,6.23,3.1621,0.101,2.3004,0.6294,0.0371,1.1487,,,0.7304,0.574,0.8868,5.6189,5.2925,0
2000-04-18,6.27,3.1698,0.104,2.3038,0.6349,0.0575,1.1352,,,0.7389,0.5765,0.9013,5.636,5.3021,0
2000-04-19,6.23,3.1508,0.1031,2.3199,0.5853,0.0709,1.1674,,,0.6884,0.4948,0.882,5.6643,5.2742,0
2000-04-20,6.24,3.147,0.1058,2.3257,0.5781,0.0834,1.1705,,,0.6839,0.4822,0.8856,5.6744,5.2681,0
2000-04-24,6.23,3.1503,0.105,2.2921,0.5994,0.0832,1.1671,,,0.7044,0.5216,0.8872,5.6252,5.2688,0
2000-04-25,6.39,3.1798,0.1171,2.3821,0.6211,0.0899,1.0773,,,0.7382,0.5368,0.9396,5.7633,5.3431,0
2000-04-26,6.4,3.1836,0.1214,2.3774,0.6256,0.092,1.0737,,,0.747,0.5409,0.9531,5.7672,5.3538,0
2000-04-27,6.51,3.2035,0.1327,2.4449,0.6363,0.0926,0.9991,,,0.769,0.5426,0.9954,5.8749,5.4123,0
2000-04-28,6.56,3.2018,0.137,2.4934,0.6064,0.1214,0.9859,,,0.7434,0.486,1.0008,5.9526,5.4371,0
2000-05-01,6.59,3.2078,0.1404,2.5171,0.612,0.1127,0.9521,,,0.7524,0.4925,1.0123,5.9848,5.4635,0
2000-05-02,6.6,3.2188,0.1371,2.5011,0.6417,0.1013,0.9116,,,0.7788,0.546,1.0115,5.9527,5.4957,0
2000-05-03,6.66,3.2421,0.1373,2.4966,0.6855,0.0985,0.8693,,,0.8228,0.6134,1.0321,5.948,5.535,0
2000-05-04,6.7,3.2622,0.137,2.4661,0.7278,0.1069,0.8648,,,0.8648,0.6796,1.0501,5.9135,5.5587,0
2000-05-05,6.77,3.276,0.1372,2.5127,0.7255,0.1186,0.899,,,0.8627,0.6661,1.0593,5.9853,5.6041,0
2000-05-08,6.83,3.2914,0.1344,2.5335,0.7479,0.1229,0.894,,,0.8823,0.7033,1.0612,6.0038,5.6598,0
2000-05-09,6.75,3.2816,0.1295,2.5334,0.7262,0.0793,0.9612,,,0.8557,0.6712,1.0402,5.9994,5.6447,0
2000-05-10,6.69,3.2611,0.1238,2.5281,0.6905,0.0865,1.005,,,0.8143,0.6204,1.0082,5.9831,5.6093,0
2000-05-11,6.67,3.2537,0.1203,2.5292,0.678,0.0888,1.0501,,,0.7983,0.6043,0.9923,5.9769,5.6018,0
2000-05-12,6.76,3.2753,0.1222,2.5794,0.7002,0.0828,1.0259,,,0.8224,0.6334,1.0115,6.0438,5.6671,0
2000-05-15,6.73,3.2637,0.119,2.5809,0.6775,0.0889,1.0573,,,0.7965,0.6,0.9929,6.0411,5.6525,0
2000-05-16,6.72,3.2531,0.1185,2.6014,0.6503,0.0967,1.0483,,,0.7688,0.5562,0.9814,6.0671,5.6405,0
2000-05-17,6.74,3.2662,0.1246,2.5792,0.6853,0.0847,1.0342,,,0.8099,0.6084,1.0114,6.0469,5.641,0
2000-05-18,6.79,3.2917,0.1335,2.5728,0.735,0.0571,1.0365,,,0.8685,0.6793,1.0576,6.0536,5.6716,0
2000-05-19,6.71,3.2807,0.1296,2.5355,0.7244,0.0398,1.0807,,,0.854,0.668,1.04,6.0022,5.6415,0
2000-05-22,6.66,3.2619,0.1238,2.5169,0.6985,0.0589,1.1062,,,0.8223,0.6347,1.0099,5.9664,5.6049,0
2000-05-23,6.68,3.2608,0.1223,2.5335,0.6928,0.0706,1.1024,,,0.8151,0.6268,1.0034,5.9827,5.6133,0
2000-05-24,6.71,3.2681,0.1256,2.5428,0.7067,0.0668,1.0513,,,0.8323,0.6466,1.0181,5.9967,5.6258,0
2000-05-25,6.64,3.2462,0.1231,2.5357,0.6624,0.0726,1.0985,,,0.7855,0.576,0.995,5.9915,5.5751,0
2000-05-26,6.57,3.2275,0.1181,2.5024,0.6412,0.0808,1.1518,,,0.7593,0.5511,0.9674,5.938,5.535,0
2000-05-30,6.62,3.2388,0.1204,2.5267,0.66,0.0741,1.1167,,,0.7804,0.5799,0.9808,5.966,5.5692,0
2000-05-31,6.54,3.2167,0.1176,2.4985,0.6288,0.0784,1.1539,,,0.7464,0.5361,0.9566,5.9255,5.5175,0
2000-06-01,6.44,3.1936,0.1141,2.4687,0.5968,0.0668,1.1823,,,0.7109,0.4901,0.9317,5.8832,5.4526,0
2000-06-02,6.37,3.1808,0.1089,2.4288,0.5919,0.0597,1.1971,,,0.7008,0.492,0.9096,5.8184,5.4155,0
2000-06-05,6.33,3.1726,0.104,2.4281,0.5737,0.0516,1.2157,,,0.6777,0.4647,0.8907,5.8137,5.399,0
2000-06-06,6.35,3.1743,0.1013,2.4599,0.5657,0.0488,1.2015,,,0.667,0.4517,0.8823,5.8494,5.4221,0
2000-06-07,6.35,3.1693,0.1017,2.4675,0.5513,0.0602,1.2023,,,0.653,0.4265,0.8794,5.8633,5.4113,0
2000-06-08,6.37,3.1687,0.1053,2.4759,0.5469,0.0732,1.2037,,,0.6522,0.4159,0.8885,5.8808,5.4071,0
2000-06-09,6.36,3.1692,0.1066,2.4774,0.5464,0.0604,1.1891,,,0.653,0.4143,0.8917,5.8853,5.4109,0
2000-06-12,6.33,3.161,0.1047,2.454,0.5406,0.0697,1.1849,,,0.6453,0.4096,0.881,5.8507,5.3887,0
2000-06-13,6.32,3.1587,0.1068,2.4875,0.5196,0.0474,1.1859,,,0.6264,0.3681,0.8847,5.9046,5.3825,0
2000-06-14,6.26,3.1556,0.1007,2.3954,0.5587,0.0495,1.2118,,,0.6594,0.4492,0.8696,5.7612,5.3568,0
2000-06-15,6.26,3.1572,0.0976,2.3823,0.5677,0.0552,1.2003,,,0.6653,0.467,0.8635,5.7377,5.3566,0
2000-06-16,6.19,3.1435,0.092,2.3525,0.5534,0.0486,1.2356,,,0.6454,0.4512,0.8397,5.6903,5.3182,0
2000-06-19,6.2,3.1477,0.0912,2.354,0.5623,0.0448,1.2261,,,0.6535,0.4658,0.8411,5.6893,5.3259,0
2000-06-20,6.23,3.1537,0.0946,2.3703,0.5648,0.0467,1.2153,,,0.6594,0.4637,0.8551,5.7197,5.3353,0
2000-06-21,6.32,3.1743,0.103,2.3971,0.5945,0.0511,1.1716,,,0.6975,0.5022,0.8928,5.7667,5.3788,0
2000-06-22,6.32,3.1769,0.1074,2.4007,0.5925,0.0424,1.171,,,0.6999,0.4929,0.907,5.7847,5.3773,0
2000-06-23,6.37,3.1916,0.1109,2.4152,0.6157,0.0365,1.128,,,0.7266,0.5264,0.9269,5.8071,5.414,0
2000-06-26,6.29,3.1754,0.1042,2.3774,0.5937,0.0393,1.1875,,,0.6979,0.4986,0.8971,5.7521,5.3784,0
2000-06-27,6.29,3.1692,0.1014,2.3972,0.5775,0.0447,1.1948,,,0.6789,0.4744,0.8834,5.7709,5.3771,0
2000-06-28,6.28,3.1738,0.1,2.3842,0.5939,0.0281,1.2032,,,0.6939,0.5033,0.8846,5.7487,5.3797,0
2000-06-29,6.21,3.1525,0.0931,2.3691,0.5587,0.0366,1.2473,,,0.6518,0.4541,0.8496,5.7193,5.3372,0
2000-06-30,6.18,3.1494,0.0887,2.3475,0.5645,0.0299,1.2433,,,0.6532,0.4704,0.8361,5.6798,5.3305,0
2000-07-03,6.12,3.1388,0.0826,2.3351,0.5465,0.017,1.247,,,0.6291,0.4453,0.8128,5.6576,5.303,0
2000-07-05,6.12,3.1345,0.0806,2.3277,0.5417,0.0355,1.2495,,,0.6223,0.439,0.8056,5.6455,5.2864,0
2000-07-06,6.16,3.1514,0.0852,2.3613,0.5622,-0.0,1.2009,,,0.6474,0.4645,0.8303,5.6956,5.3247,0
2000-07-07,6.11,3.1371,0.0801,2.3116,0.5529,0.0283,1.233,,,0.633,0.4589,0.807,5.6228,5.2878,0
2000-07-10,6.13,3.1401,0.0807,2.3357,0.5542,0.0193,1.1858,,,0.6349,0.4608,0.809,5.6499,5.307,0
2000-07-11,6.16,3.1458,0.0816,2.3619,0.5489,0.0218,1.2096,,,0.6305,0.4457,0.8154,5.6925,5.3223,0
2000-07-12,6.2,3.1501,0.0837,2.3947,0.5434,0.0281,1.2007,,,0.6271,0.4312,0.823,5.7407,5.3398,0
2000-07-13,6.15,3.1298,0.0784,2.3853,0.5052,0.0513,1.2466,,,0.5836,0.3751,0.792,5.7235,5.3057,0
2000-07-14,6.25,3.1522,0.0868,2.4337,0.5324,0.0449,1.1941,,,0.6192,0.4081,0.8303,5.797,5.3587,0
2000-07-17,6.31,3.1713,0.0922,2.4379,0.5673,0.0413,1.1721,,,0.6595,0.4598,0.8592,5.8089,5.3998,0
2000-07-18,6.3,3.169,0.0923,2.4324,0.565,0.0413,1.1454,,,0.6573,0.4575,0.8571,5.8012,5.3984,0
2000-07-19,6.31,3.1715,0.0914,2.433,0.5691,0.0449,1.1467,,,0.6605,0.4646,0.8564,5.8004,5.4072,0
2000-07-20,6.15,3.1332,0.0804,2.3833,0.5139,0.0392,1.2323,,,0.5943,0.3899,0.7986,5.7209,5.3211,0
2000-07-21,6.14,3.1252,0.0799,2.4026,0.4958,0.0365,1.2457,,,0.5757,0.3607,0.7908,5.7429,5.3049,0
2000-07-24,6.18,3.1311,0.0828,2.4264,0.496,0.0436,1.2319,,,0.5788,0.3554,0.8022,5.7809,5.3221,0
2000-07-25,6.17,3.1297,0.0828,2.4185,0.4978,0.0411,1.2264,,,0.5806,0.3603,0.8009,5.7685,5.3198,0
2000-07-26,6.16,3.1295,0.0818,2.4089,0.5003,0.0395,1.2294,,,0.5821,0.3656,0.7985,5.7549,5.3182,0
2000-07-27,6.14,3.1197,0.0796,2.4216,0.475,0.0441,1.233,,,0.5546,0.3251,0.7841,5.7708,5.3037,0
2000-07-28,6.16,3.1269,0.0798,2.4169,0.4949,0.0416,1.2316,,,0.5747,0.3589,0.7904,5.7595,5.3183,0
2000-07-31,6.16,3.127,0.0751,2.4215,0.4901,0.0463,1.2247,,,0.5652,0.3538,0.7766,5.7599,5.3326,0
2000-08-01,6.12,3.1145,0.0671,2.4093,0.4683,0.0608,1.246,,,0.5354,0.3252,0.7455,5.7339,5.312,0
2000-08-02,6.09,3.1093,0.0643,2.3921,0.4677,0.0566,1.2493,,,0.532,0.3283,0.7357,5.7051,5.2909,0
2000-08-03,6.07,3.103,0.063,2.3942,0.454,0.0559,1.2708,,,0.517,0.3062,0.7277,5.7079,5.2764,0
2000-08-04,6.02,3.0927,0.0597,2.3724,0.4435,0.0517,1.307,,,0.5032,0.294,0.7123,5.6742,5.245,0
2000-08-07,6.07,3.103,0.0632,2.4011,0.4543,0.0484,1.2773,,,0.5175,0.3059,0.7291,5.7157,5.2692,0
2000-08-08,6.03,3.0945,0.0597,2.3727,0.4466,0.0565,1.321,,,0.5063,0.299,0.7136,5.6745,5.2502,0
2000-08-09,6.03,3.0913,0.0589,2.3827,0.4352,0.0619,1.3255,,,0.4941,0.2795,0.7088,5.6886,5.2458,0
2000-08-10,6.0,3.0817,0.0568,2.3617,0.4255,0.0743,1.3556,,,0.4823,0.2685,0.6961,5.6572,5.2223,0
2000-08-11,6.07,3.0938,0.06,2.3943,0.4374,0.0845,1.3027,,,0.4974,0.2824,0.7124,5.7031,5.2593,0
2000-08-14,6.07,3.089,0.062,2.4186,0.4156,0.0847,1.3074,,,0.4776,0.243,0.7123,5.7423,5.2574,0
2000-08-15,6.11,3.095,0.064,2.4342,0.4223,0.0945,1.3147,,,0.4863,0.2517,0.7209,5.7638,5.2793,0
2000-08-16,6.13,3.1021,0.0674,2.4275,0.4417,0.0913,1.3021,,,0.5091,0.2825,0.7358,5.7562,5.2894,0
2000-08-17,6.13,3.0984,0.0686,2.439,0.4279,0.0961,1.3084,,,0.4965,0.2575,0.7355,5.7764,5.2852,0
2000-08-18,6.09,3.0889,0.0681,2.4311,0.4092,0.0927,1.3456,,,0.4773,0.2274,0.7272,5.7698,5.2606,0
2000-08-21,6.1,3.091,0.0674,2.4254,0.4178,0.0984,1.3374,,,0.4852,0.2437,0.7268,5.7579,5.2673,0
2000-08-22,6.07,3.0886,0.0635,2.4119,0.4219,0.0841,1.3325,,,0.4854,0.2558,0.7149,5.7301,5.2638,0
2000-08-23,6.02,3.0751,0.0572,2.3943,0.4029,0.0906,1.3512,,,0.4601,0.2326,0.6875,5.6968,5.239,0
2000-08-24,6.0,3.0713,0.0547,2.3961,0.3953,0.0826,1.3637,,,0.45,0.2215,0.6785,5.696,5.2286,0
2000-08-25,6.0,3.0706,0.0539,2.3962,0.3941,0.0852,1.3446,,,0.448,0.2201,0.6759,5.6947,5.2268,0
2000-08-28,6.05,3.082,0.0559,2.4178,0.4045,0.0898,1.3103,,,0.4604,0.2315,0.6893,5.7287,5.2563,0
2000-08-29,6.08,3.094,0.0577,2.4066,0.4364,0.0853,1.2871,,,0.4941,0.284,0.7042,5.7106,5.2769,0
2000-08-30,6.07,3.0942,0.057,2.4065,0.4329,0.0794,1.3137,,,0.4899,0.2768,0.703,5.7139,5.2751,0
2000-08-31,5.98,3.0735,0.0498,2.3709,0.4085,0.0774,1.3524,,,0.4583,0.248,0.6685,5.6546,5.229,0
2000-09-01,5.92,3.06,0.0439,2.3259,0.4006,0.0896,1.3791,,,0.4445,0.2434,0.6455,5.5869,5.1807,0
2000-09-05,5.92,3.0608,0.0435,2.3227,0.4079,0.0851,1.3831,,,0.4514,0.2569,0.6459,5.578,5.1766,0
2000-09-06,5.95,3.0724,0.0451,2.3151,0.4341,0.0833,1.3538,,,0.4792,0.2976,0.6607,5.5691,5.1915,0
2000-09-07,5.97,3.0821,0.0484,2.3194,0.447,0.0731,1.3467,,,0.4954,0.3128,0.6781,5.5842,5.203,0
2000-09-08,5.95,3.0761,0.0479,2.3076,0.4384,0.08,1.3622,,,0.4863,0.2995,0.673,5.5704,5.1845,0
2000-09-11,5.97,3.0847,0.052,2.3048,0.4586,0.0699,1.3343,,,0.5106,0.3296,0.6916,5.5704,5.1929,0
2000-09-12,5.97,3.088,0.054,2.2951,0.4668,0.0661,1.3273,,,0.5208,0.3412,0.7005,5.5628,5.1914,0
2000-09-13,5.94,3.0792,0.0518,2.2661,0.4624,0.0805,1.3481,,,0.5142,0.3395,0.6889,5.52,5.1659,0
2000-09-14,5.96,3.0925,0.0508,2.2442,0.4957,0.0768,1.352,,,0.5465,0.3947,0.6983,5.4885,5.1845,0
2000-09-15,5.93,3.102,0.0455,2.1913,0.5323,0.0589,1.3428,,,0.5778,0.4604,0.6952,5.4107,5.1865,0
2000-09-18,5.93,3.1102,0.0401,2.1628,0.5559,0.061,1.3633,,,0.596,0.5015,0.6905,5.3674,5.1876,0
2000-09-19,5.93,3.1071,0.0368,2.1661,0.5498,0.0702,1.3485,,,0.5866,0.4942,0.6789,5.3655,5.1859,0
2000-09-20,5.98,3.1175,0.0392,2.1902,0.557,0.0762,1.3087,,,0.5962,0.4995,0.6928,5.4043,5.2116,0
2000-09-21,5.96,3.1106,0.0389,2.2043,0.5372,0.069,1.3212,,,0.5761,0.4661,0.686,5.4249,5.2013,0
2000-09-22,5.93,3.1036,0.0362,2.195,0.5233,0.0719,1.3393,,,0.5595,0.4458,0.6731,5.4123,5.1895,0
2000-09-25,5.94,3.1011,0.0354,2.2034,0.5157,0.0843,1.3455,,,0.5511,0.4341,0.6682,5.4216,5.1899,0
2000-09-26,5.9,3.0919,0.0329,2.2011,0.4986,0.0755,1.3707,,,0.5315,0.4085,0.6546,5.416,5.1702,0
2000-09-27,5.89,3.0945,0.0284,2.1772,0.5167,0.0732,1.3482,,,0.5451,0.4455,0.6448,5.3714,5.1785,0
2000-09-28,5.9,3.092,0.0268,2.2018,0.499,0.0804,1.3422,,,0.5258,0.4141,0.6375,5.4055,5.1829,0
2000-09-29,5.85,3.0871,0.0235,2.1782,0.5003,0.061,1.3629,,,0.5238,0.4212,0.6263,5.3678,5.1649,0
2000-10-02,5.86,3.0939,0.0221,2.1548,0.5236,0.0656,1.3512,,,0.5457,0.4621,0.6293,5.3324,5.1713,0
2000-10-03,5.88,3.1014,0.0212,2.1681,0.5331,0.0563,1.3431,,,0.5543,0.4763,0.6322,5.3474,5.1936,0
2000-10-04,5.94,3.1063,0.024,2.1926,0.5317,0.0854,1.3254,,,0.5557,0.4688,0.6426,5.3858,5.2083,0
2000-10-05,5.92,3.0981,0.0225,2.1966,0.512,0.0907,1.343,,,0.5345,0.4379,0.6312,5.3914,5.1969,0
2000-10-06,5.88,3.0855,0.0205,2.2147,0.4781,0.0811,1.3752,,,0.4986,0.3822,0.6151,5.4167,5.1771,0
2000-10-10,5.86,3.0774,0.0202,2.223,0.461,0.0785,1.3863,,,0.4812,0.3548,0.6075,5.4267,5.1634,0
2000-10-11,5.82,3.0702,0.0168,2.1952,0.4624,0.0754,1.4099,,,0.4792,0.3652,0.5933,5.3794,5.1464,0
2000-10-12,5.74,3.0592,0.0137,2.1277,0.4741,0.0653,1.4002,,,0.4878,0.3946,0.581,5.2801,5.0924,0
2000-10-13,5.73,3.0608,0.014,2.1279,0.4725,0.0548,1.4049,,,0.4865,0.3884,0.5847,5.2869,5.0849,0
2000-10-16,5.77,3.0642,0.0134,2.1531,0.4695,0.0698,1.3681,,,0.4829,0.3832,0.5827,5.317,5.1135,0
2000-10-17,5.68,3.0475,0.007,2.1379,0.4408,0.0468,1.4037,,,0.4478,0.3426,0.5531,5.2907,5.0793,0
2000-10-18,5.68,3.0433,0.0053,2.1331,0.4383,0.0599,1.3651,,,0.4436,0.3418,0.5455,5.2783,5.0695,0
2000-10-19,5.69,3.0421,0.0054,2.1666,0.42,0.0559,1.3566,,,0.4254,0.3082,0.5426,5.3259,5.0826,0
2000-10-20,5.69,3.0336,0.0054,2.179,0.3987,0.0733,1.3599,,,0.4041,0.2733,0.535,5.3435,5.0702,0
2000-10-23,5.66,3.0185,0.0014,2.1897,0.3648,0.0856,1.3704,,,0.3662,0.222,0.5103,5.3523,5.0554,0
2000-10-24,5.7,3.0269,0.0031,2.2059,0.3776,0.0865,1.3313,,,0.3807,0.2406,0.5208,5.3728,5.0772,0
2000-10-25,5.74,3.0391,0.0055,2.2226,0.3897,0.0831,1.2963,,,0.3952,0.2544,0.536,5.4025,5.1067,0
2000-10-26,5.75,3.0411,0.0074,2.2311,0.3896,0.0808,1.3105,,,0.397,0.2518,0.5422,5.4174,5.1126,0
2000-10-27,5.79,3.0445,0.0105,2.2552,0.3888,0.091,1.2788,,,0.3993,0.2472,0.5514,5.4518,5.1296,0
2000-10-30,5.83,3.0507,0.0134,2.2656,0.397,0.1033,1.2713,,,0.4104,0.2578,0.563,5.4689,5.1468,0
2000-10-31,5.83,3.0595,0.015,2.2515,0.4181,0.0859,1.2739,,,0.4331,0.2899,0.5762,5.4542,5.1508,0
2000-11-01,5.79,3.0545,0.012,2.2246,0.4187,0.0802,1.2875,,,0.4307,0.2955,0.5658,5.4142,5.1319,0
2000-11-02,5.78,3.053,0.0093,2.2168,0.4195,0.0814,1.2948,,,0.4288,0.2997,0.5579,5.3989,5.1278,0
2000-11-03,5.86,3.0761,0.014,2.2401,0.4572,0.0726,1.2512,,,0.4712,0.354,0.5885,5.4334,5.1768,0
2000-11-06,5.91,3.0854,0.0164,2.2534,0.4653,0.0895,1.2232,,,0.4817,0.3621,0.6013,5.4584,5.2005,0
2000-11-07,5.84,3.0865,0.0186,2.2579,0.4635,0.0135,1.2195,,,0.4821,0.3561,0.6081,5.4704,5.1997,0
2000-11-08,5.83,3.0833,0.0192,2.2651,0.4523,0.0101,1.233,,,0.4715,0.3362,0.6068,5.4838,5.1948,0
2000-11-09,5.76,3.0712,0.0145,2.2303,0.4442,-0.0002,1.2701,,,0.4587,0.3316,0.5858,5.4286,5.1651,0
2000-11-10,5.76,3.071,0.012,2.2131,0.4531,0.0108,1.2789,,,0.4651,0.3496,0.5805,5.3995,5.1574,0
2000-11-13,5.72,3.062,0.0076,2.2029,0.439,0.0085,1.304,,,0.4466,0.3314,0.5619,5.3801,5.1399,0
2000-11-14,5.72,3.0549,0.0086,2.2267,0.4174,0.0123,1.302,,,0.426,0.2944,0.5577,5.4133,5.1318,0
2000-11-15,5.69,3.0448,0.0078,2.2308,0.3971,0.0095,1.3255,,,0.4049,0.263,0.5468,5.4175,5.1164,0
2000-11-16,5.66,3.0361,0.0069,2.2202,0.3876,0.0092,1.3468,,,0.3945,0.2512,0.5377,5.3996,5.0962,0
2000-11-17,5.67,3.0422,0.0085,2.213,0.4064,-0.0001,1.3334,,,0.4149,0.2822,0.5476,5.3879,5.1036,0
2000-11-20,5.65,3.0375,0.0058,2.201,0.3998,0.0059,1.3439,,,0.4056,0.2743,0.537,5.3698,5.0939,0
2000-11-21,5.65,3.0317,0.0066,2.2117,0.3836,0.0164,1.3437,,,0.3902,0.2469,0.5336,5.3867,5.0858,0
2000-11-22,5.6,3.0165,0.0048,2.2166,0.3519,0.0102,1.3609,,,0.3567,0.1977,0.5157,5.392,5.062,0
2000-11-24,5.63,3.0157,0.0067,2.2398,0.3433,0.0245,1.3561,,,0.35,0.1815,0.5186,5.4241,5.0687,0
2000-11-27,5.63,3.0214,0.0075,2.2216,0.362,0.0175,1.3566,,,0.3695,0.213,0.5261,5.3995,5.074,0
2000-11-28,5.57,3.009,0.0035,2.1862,0.3526,0.0187,1.411,,,0.3561,0.2046,0.5076,5.3468,5.038,0
2000-11-29,5.51,2.9994,0.0012,2.1434,0.3555,0.0105,1.4307,,,0.3567,0.2162,0.4972,5.2833,4.9965,0
2000-11-30,5.42,2.9796,-0.0048,2.0989,0.3333,0.013,1.4485,,,0.3285,0.1886,0.4685,5.2184,4.9378,0
2000-12-01,5.46,2.9902,-0.0024,2.1215,0.347,0.0037,1.4313,,,0.3446,0.2061,0.4831,5.2502,4.9595,0
2000-12-04,5.45,2.9939,-0.001,2.0932,0.3682,-0.0043,1.425,,,0.3672,0.2422,0.4922,5.2122,4.9491,0
2000-12-05,5.36,2.9744,-0.0051,2.0499,0.3455,-0.0047,1.5074,,,0.3404,0.2116,0.4693,5.1531,4.887,0
2000-12-06,5.26,2.9491,-0.012,2.016,0.3114,-0.0045,1.5815,,,0.2994,0.1663,0.4325,5.0982,4.8263,0
2000-12-07,5.26,2.9451,-0.0127,2.0353,0.301,-0.0087,1.5466,,,0.2883,0.1502,0.4263,5.1185,4.8274,0
2000-12-08,5.32,2.9566,-0.0073,2.0508,0.3187,0.0012,1.5227,,,0.3114,0.1732,0.4496,5.1456,4.8487,0
2000-12-11,5.33,2.9583,-0.0067,2.0492,0.3192,0.0101,1.5154,,,0.3125,0.173,0.4519,5.1469,4.8559,0
2000-12-12,5.33,2.9564,-0.007,2.0494,0.3147,0.0165,1.5276,,,0.3077,0.166,0.4494,5.1475,4.8532,0
2000-12-13,5.24,2.9376,-0.0128,2.0101,0.2957,0.0094,1.5784,,,0.2829,0.1451,0.4208,5.0856,4.8062,0
2000-12-14,5.19,2.9227,-0.0163,1.9953,0.2751,0.0132,1.5831,,,0.2588,0.1175,0.4001,5.0593,4.7731,0
2000-12-15,5.15,2.9156,-0.0197,1.9697,0.2737,0.0107,1.6133,,,0.254,0.1209,0.387,5.0184,4.7501,0
2000-12-18,5.1,2.9093,-0.023,1.9219,0.286,0.0058,1.644,,,0.263,0.1495,0.3765,4.9447,4.7178,0
2000-12-19,5.12,2.9138,-0.0216,1.9234,0.2948,0.0096,1.6339,,,0.2732,0.162,0.3844,4.9484,4.7217,0
2000-12-20,5.0,2.8942,-0.025,1.8529,0.2892,-0.0113,1.6388,,,0.2642,0.164,0.3644,4.8474,4.6499,0
2000-12-21,4.94,2.8863,-0.0189,1.8028,0.3003,-0.0306,1.6766,,,0.2814,0.1822,0.3807,4.7884,4.5824,0
2000-12-22,4.93,2.883,-0.0116,1.7611,0.3152,-0.0178,1.67,,,0.3036,0.2054,0.4019,4.7424,4.5393,0
2000-12-26,4.92,2.8875,-0.0218,1.79,0.3075,-0.0432,1.6366,,,0.2857,0.1986,0.3727,4.7646,4.5963,0
2000-12-27,4.99,2.9046,-0.0166,1.8172,0.3298,-0.045,1.6223,,,0.3132,0.2247,0.4017,4.8103,4.6187,0
2000-12-28,5.02,2.9122,-0.0176,1.855,0.3218,-0.0514,1.6334,,,0.3042,0.207,0.4014,4.8644,4.6605,0
2000-12-29,4.99,2.9089,-0.0178,1.8197,0.3329,-0.0536,1.6563,,,0.3151,0.2286,0.4016,4.8151,4.6313,0
2001-01-02,4.76,2.86,-0.0308,1.7032,0.2938,-0.0662,1.6854,,,0.263,0.1916,0.3343,4.6345,4.4938,0
2001-01-03,4.94,2.9135,-0.0098,1.7559,0.386,-0.1055,1.6073,,,0.3762,0.3149,0.4374,4.7306,4.5579,0
2001-01-04,4.82,2.8944,-0.0029,1.6317,0.4059,-0.1091,1.5935,,,0.403,0.3562,0.4497,4.5728,4.4463,0
2001-01-05,4.66,2.8707,-0.002,1.4925,0.4271,-0.1283,1.5919,,,0.4251,0.4065,0.4437,4.3819,4.3222,0
2001-01-08,4.65,2.8723,-0.0046,1.4796,0.4305,-0.1277,1.5669,,,0.4259,0.4127,0.439,4.365,4.3212,0
2001-01-09,4.73,2.8816,-0.0019,1.5439,0.4166,-0.1102,1.5092,,,0.4147,0.3796,0.4498,4.4606,4.3651,0
2001-01-10,4.83,2.9071,0.0031,1.5868,0.4409,-0.1079,1.5202,,,0.444,0.407,0.4809,4.5309,4.4336,0
2001-01-11,4.85,2.9188,0.0032,1.562,0.4764,-0.1105,1.4976,,,0.4796,0.4681,0.4912,4.4924,4.4544,0
2001-01-12,4.97,2.9438,0.0092,1.6237,0.4934,-0.1002,1.4401,,,0.5026,0.4815,0.5238,4.5887,4.5246,0
2001-01-16,4.96,2.9395,0.0068,1.6158,0.4866,-0.0888,1.4466,,,0.4934,0.474,0.5128,4.5747,4.5254,0
2001-01-17,4.87,2.9209,0.001,1.5908,0.4611,-0.1038,1.4855,,,0.4621,0.4409,0.4833,4.5329,4.4846,0
2001-01-18,4.74,2.9012,-0.0027,1.5245,0.4555,-0.1385,1.5651,,,0.4528,0.4417,0.4639,4.4369,4.4046,0
2001-01-19,4.84,2.9216,0.0044,1.5448,0.4948,-0.1256,1.4784,,,0.4992,0.4991,0.4993,4.4665,4.4399,0
2001-01-22,4.87,2.9343,0.0072,1.5354,0.5199,-0.1268,1.4363,,,0.5271,0.5367,0.5176,4.4602,4.4585,0
2001-01-23,4.96,2.9491,0.0115,1.5637,0.5352,-0.0995,1.3624,,,0.5467,0.5538,0.5396,4.5058,4.4957,0
2001-01-24,4.98,2.958,0.0143,1.5805,0.5404,-0.1132,1.3454,,,0.5547,0.556,0.5535,4.5373,4.5165,0
2001-01-25,4.94,2.949,0.0131,1.5646,0.5288,-0.1155,1.4026,,,0.5419,0.5403,0.5436,4.5152,4.4948,0
2001-01-26,4.93,2.9496,0.0164,1.5422,0.544,-0.1222,1.3905,,,0.5604,0.5649,0.5558,4.4873,4.4743,0
2001-01-29,4.97,2.9575,0.0195,1.5255,0.5682,-0.1007,1.4171,,,0.5877,0.6043,0.5711,4.4664,4.4811,0
2001-01-30,4.91,2.9349,0.0185,1.4837,0.5446,-0.0717,1.4798,,,0.5631,0.5731,0.5531,4.4086,4.4154,0
2001-01-31,4.85,2.9212,0.0212,1.4528,0.5382,-0.0833,1.4715,,,0.5594,0.5654,0.5533,4.3679,4.3574,0
2001-02-01,4.78,2.8963,0.0195,1.4517,0.4879,-0.0754,1.4616,,,0.5074,0.4861,0.5288,4.3694,4.3059,0
2001-02-02,4.86,2.9119,0.0218,1.4955,0.498,-0.0672,1.4466,,,0.5198,0.4962,0.5433,4.431,4.3648,0
2001-02-05,4.88,2.9097,0.0215,1.5244,0.4825,-0.0581,1.4113,,,0.504,0.4698,0.5382,4.4683,4.3791,0
2001-02-06,4.92,2.9198,0.0246,1.5421,0.4951,-0.0615,1.4007,,,0.5197,0.486,0.5533,4.4955,4.4048,0
2001-02-07,4.91,2.9181,0.0241,1.5261,0.4991,-0.0573,1.4042,,,0.5232,0.4952,0.5512,4.4722,4.3982,0
2001-02-08,4.93,2.9202,0.025,1.5374,0.4982,-0.0508,1.3962,,,0.5232,0.4917,0.5547,4.4891,4.4058,0
2001-02-09,4.85,2.9001,0.0203,1.4995,0.4774,-0.0472,1.402,,,0.4977,0.4674,0.5279,4.4298,4.3558,0
2001-02-12,4.86,2.9086,0.0199,1.5004,0.4957,-0.0647,1.3806,,,0.5156,0.4975,0.5338,4.4272,4.3724,0
2001-02-13,4.9,2.9145,0.0194,1.5088,0.5006,-0.0433,1.3623,,,0.52,0.504,0.5359,4.4392,4.3941,0
2001-02-14,4.99,2.9246,0.0232,1.5303,0.5183,-0.0065,1.336,,,0.5415,0.5318,0.5513,4.4647,4.4321,0
2001-02-15,5.06,2.9456,0.0292,1.5807,0.5289,-0.0244,1.3264,,,0.5581,0.5334,0.5828,4.551,4.4803,0
2001-02-16,4.94,2.9277,0.0249,1.5065,0.5281,-0.0472,1.3436,,,0.553,0.5446,0.5615,4.4426,4.4146,0
2001-02-20,4.94,2.925,0.0234,1.5077,0.5207,-0.0368,1.3532,,,0.5441,0.5323,0.556,4.4446,4.4047,0
2001-02-21,4.96,2.9321,0.0253,1.5029,0.5388,-0.0391,1.327,,,0.5641,0.5598,0.5684,4.4393,4.4077,0
2001-02-22,4.94,2.9355,0.0244,1.4553,0.5659,-0.0411,1.3342,,,0.5903,0.6082,0.5724,4.373,4.3908,0
2001-02-23,4.86,2.923,0.0256,1.3968,0.5692,-0.0546,1.358,,,0.5948,0.6181,0.5714,4.2965,4.3219,0
2001-02-26,4.81,2.9119,0.026,1.3708,0.5603,-0.059,1.4019,,,0.5863,0.6066,0.566,4.2624,4.2816,0
2001-02-27,4.75,2.885,0.025,1.3764,0.505,-0.0414,1.4146,,,0.53,0.5188,0.5411,4.2726,4.2298,0
2001-02-28,4.7,2.8762,0.0173,1.3418,0.5037,-0.039,1.4203,,,0.521,0.529,0.513,4.21,4.2211,0
2001-03-01,4.67,2.8627,0.0141,1.3522,0.4725,-0.0315,1.4373,,,0.4866,0.4796,0.4937,4.222,4.196,0
2001-03-02,4.75,2.8874,0.0188,1.3659,0.519,-0.0411,1.387,,,0.5378,0.5499,0.5257,4.2412,4.2466,0
2001-03-05,4.78,2.893,0.0225,1.3904,0.5147,-0.0406,1.3943,,,0.5372,0.5354,0.5391,4.2853,4.2606,0
2001-03-06,4.78,2.8961,0.024,1.3747,0.5293,-0.0441,1.3919,,,0.5533,0.56,0.5466,4.2641,4.2592,0
2001-03-07,4.72,2.8786,0.0226,1.3455,0.5109,-0.0376,1.4097,,,0.5335,0.5369,0.5302,4.2208,4.2132,0
2001-03-08,4.7,2.8721,0.0235,1.3353,0.5038,-0.0347,1.4271,,,0.5273,0.5259,0.5287,4.2089,4.1909,0
2001-03-09,4.75,2.8825,0.0274,1.3727,0.5085,-0.0411,1.3997,,,0.5359,0.5266,0.5453,4.2645,4.2242,0
2001-03-12,4.72,2.8783,0.0284,1.3447,0.5146,-0.046,1.4266,,,0.543,0.5403,0.5457,4.2257,4.2065,0
2001-03-13,4.75,2.8841,0.0319,1.3552,0.5212,-0.0424,1.4286,,,0.5531,0.5461,0.5601,4.2463,4.2122,0
2001-03-14,4.62,2.8615,0.0277,1.2791,0.5103,-0.0586,1.5169,,,0.538,0.54,0.5361,4.1387,4.1322,0
2001-03-15,4.55,2.853,0.023,1.2181,0.53,-0.0742,1.5146,,,0.553,0.5855,0.5205,4.0386,4.0918,0
2001-03-16,4.54,2.8454,0.0233,1.2246,0.5091,-0.0624,1.4996,,,0.5324,0.5486,0.5162,4.0538,4.0682,0
2001-03-19,4.58,2.8563,0.0267,1.2435,0.5194,-0.0659,1.4852,,,0.5461,0.559,0.5331,4.0869,4.0948,0
2001-03-20,4.52,2.8475,0.0244,1.195,0.523,-0.0699,1.5317,,,0.5474,0.5718,0.523,4.0181,4.0567,0
2001-03-21,4.49,2.8435,0.0232,1.147,0.5407,-0.0644,1.5107,,,0.5639,0.608,0.5197,3.9464,4.0283,0
2001-03-22,4.44,2.8317,0.0195,1.1196,0.5296,-0.0604,1.4959,,,0.5491,0.596,0.5021,3.9044,3.9949,0
2001-03-23,4.52,2.8496,0.0222,1.1547,0.5471,-0.0537,1.4656,,,0.5693,0.6166,0.522,3.957,4.0415,0
2001-03-26,4.56,2.8667,0.0278,1.1446,0.5815,-0.0607,1.4749,,,0.6093,0.6658,0.5528,3.9548,4.057,0
2001-03-27,4.73,2.9049,0.0406,1.1905,0.6302,-0.0362,1.4562,,,0.6708,0.7253,0.6163,4.0409,4.1339,0
2001-03-28,4.68,2.9032,0.0447,1.144,0.6444,-0.0563,1.4658,,,0.6891,0.7486,0.6297,3.9877,4.101,0
2001-03-29,4.67,2.9048,0.0467,1.1274,0.6544,-0.0633,1.4729,,,0.7011,0.7641,0.6381,3.9692,4.0884,0
2001-03-30,4.62,2.891,0.0431,1.0779,0.6521,-0.0441,1.47,,,0.6952,0.7704,0.62,3.8936,4.0451,0
2001-04-02,4.66,2.8997,0.0401,1.0569,0.6839,-0.0206,1.441,,,0.724,0.8292,0.6188,3.8514,4.0691,0
2001-04-03,4.6,2.8918,0.0361,1.0089,0.6921,-0.029,1.461,,,0.7282,0.8508,0.6056,3.7781,4.0293,0
2001-04-04,4.58,2.8903,0.0356,1.0035,0.6884,-0.0378,1.4842,,,0.724,0.8426,0.6055,3.7753,4.0104,0
2001-04-05,4.63,2.9,0.0387,1.0257,0.6975,-0.0318,1.4571,,,0.7362,0.8523,0.62,3.8095,4.0379,0
2001-04-06,4.52,2.8759,0.0379,0.9776,0.6706,-0.042,1.5309,,,0.7085,0.8142,0.6028,3.7478,3.9587,0
2001-04-09,4.56,2.8841,0.0413,0.9729,0.6917,-0.03,1.5226,,,0.733,0.8474,0.6187,3.7427,3.9702,0
2001-04-10,4.7,2.9224,0.0495,0.9942,0.7533,-0.0194,1.4809,,,0.8028,0.9357,0.6698,3.7836,4.0535,0
2001-04-11,4.75,2.9298,0.0504,1.0667,0.7276,-0.0245,1.4799,,,0.778,0.8827,0.6732,3.8918,4.1019,0
2001-04-12,4.83,2.9418,0.0568,1.0986,0.7415,-0.0087,1.4599,,,0.7983,0.8987,0.6978,3.94,4.1366,0
2001-04-16,4.94,2.9694,0.0623,1.1395,0.7754,-0.0066,1.4097,,,0.8377,0.9449,0.7305,4.0017,4.2184,0
2001-04-17,4.87,2.9532,0.0596,1.1184,0.7521,-0.0133,1.435,,,0.8117,0.9116,0.7118,3.9717,4.1765,0
2001-04-18,4.75,2.9323,0.0598,1.0242,0.7635,-0.0299,1.3808,,,0.8233,0.9429,0.7038,3.837,4.0744,0
2001-04-19,4.86,2.9687,0.0688,1.0197,0.8377,-0.0349,1.3527,,,0.9065,1.0535,0.7595,3.8415,4.1259,0
2001-04-20,4.88,2.9757,0.0767,0.9864,0.8676,-0.0265,1.3612,,,0.9443,1.0988,0.7899,3.8077,4.1071,0
2001-04-23,4.78,2.9549,0.0732,0.9259,0.8539,-0.028,1.4112,,,0.9271,1.0872,0.767,3.7207,4.0445,0
2001-04-24,4.78,2.9559,0.0729,0.9151,0.8664,-0.0302,1.3337,,,0.9393,1.111,0.7675,3.6992,4.0428,0
2001-04-25,4.88,2.9722,0.0753,0.967,0.8712,-0.0057,1.2678,,,0.9465,1.1096,0.7834,3.7761,4.1001,0
2001-04-26,4.79,2.9525,0.0708,0.9513,0.8323,-0.0169,1.3047,,,0.9031,1.0495,0.7567,3.7574,4.0549,0
2001-04-27,4.94,2.9863,0.0798,1.0138,0.8767,-0.0165,1.2206,,,0.9565,1.1083,0.8047,3.8483,4.1397,0
2001-04-30,4.97,2.9897,0.0798,1.042,0.8678,-0.0092,1.2282,,,0.9476,1.0913,0.8038,3.8879,4.1714,0
2001-05-01,4.94,2.9776,0.0772,1.0157,0.8571,0.0124,1.2757,,,0.9343,1.0796,0.789,3.848,4.1368,0
2001-05-02,4.95,2.9719,0.0795,1.054,0.8325,0.0121,1.2292,,,0.912,1.0355,0.7885,3.9024,4.1367,0
2001-05-03,4.87,2.9517,0.0764,1.0205,0.8067,0.0148,1.2779,,,0.8831,1.0011,0.765,3.8541,4.089,0
2001-05-04,4.83,2.9455,0.078,0.9684,0.8288,0.0094,1.2456,,,0.9068,1.0448,0.7687,3.7758,4.0448,0
2001-05-07,4.82,2.9482,0.0794,0.9318,0.8499,0.0107,1.2432,,,0.9293,1.0808,0.7777,3.7285,4.0275,0
2001-05-08,4.68,2.9545,0.0801,0.9037,0.8714,-0.1298,1.2424,,,0.9515,1.116,0.7871,3.6938,4.0227,0
2001-05-09,4.65,2.9432,0.0791,0.8969,0.8512,-0.1205,1.2494,,,0.9303,1.0843,0.7764,3.6862,3.9929,0
2001-05-10,4.76,2.97,0.0875,0.9394,0.8888,-0.1257,1.1371,,,0.9763,1.1342,0.8183,3.7515,4.055,0
2001-05-11,4.99,3.021,0.1014,1.0157,0.9507,-0.0989,1.0442,,,1.0521,1.2125,0.8918,3.8764,4.1809,0
2001-05-14,4.94,3.014,0.1003,0.9752,0.9496,-0.0991,1.074,,,1.0499,1.2152,0.8847,3.8239,4.1571,0
2001-05-15,4.95,3.0255,0.1039,0.9498,0.9879,-0.1172,1.1238,,,1.0918,1.2772,0.9065,3.79,4.1568,0
2001-05-16,4.95,3.0202,0.1054,0.9321,0.991,-0.0987,1.0722,,,1.0964,1.2855,0.9073,3.7633,4.137,0
2001-05-17,4.99,3.0175,0.109,0.9773,0.9609,-0.0747,1.0741,,,1.0699,1.2282,0.9116,3.8365,4.1488,0
2001-05-18,4.99,3.0111,0.1112,1.0117,0.9344,-0.0785,1.0643,,,1.0456,1.1821,0.9091,3.8863,4.1558,0
2001-05-21,4.99,3.009,0.1109,1.0262,0.9266,-0.0827,1.0614,,,1.0375,1.1705,0.9045,3.9022,4.1673,0
2001-05-22,4.99,3.0125,0.1099,1.0062,0.9434,-0.082,1.0905,,,1.0533,1.2011,0.9056,3.8709,4.1686,0
2001-05-23,4.96,3.014,0.108,0.9756,0.9583,-0.0959,1.1656,,,1.0663,1.2278,0.9048,3.8281,4.1521,0
2001-05-24,5.05,3.0343,0.1153,1.0092,0.9873,-0.0961,1.0837,,,1.1026,1.2654,0.9397,3.8806,4.1938,0
2001-05-25,5.04,3.0368,0.1174,0.9844,0.9989,-0.0975,1.0988,,,1.1163,1.2835,0.9491,3.8539,4.1845,0
2001-05-29,5.06,3.0413,0.1204,0.9907,1.0072,-0.0996,1.0641,,,1.1276,1.2947,0.9604,3.8648,4.1937,0
2001-05-30,5.07,3.0402,0.1229,0.9876,1.0051,-0.0858,1.0775,,,1.128,1.2895,0.9666,3.8663,4.1854,0
2001-05-31,4.94,3.0134,0.1162,0.9267,0.9785,-0.0949,1.1388,,,1.0947,1.2589,0.9306,3.776,4.1119,0
2001-06-01,4.94,3.0023,0.115,0.9571,0.9449,-0.0792,1.1639,,,1.0599,1.2028,0.9169,3.8164,4.1013,0
2001-06-04,4.93,2.9947,0.1128,0.9759,0.9212,-0.0746,1.1526,,,1.034,1.1647,0.9033,3.8399,4.0985,0
2001-06-05,4.84,2.9821,0.1074,0.9278,0.9175,-0.0948,1.2034,,,1.0249,1.1684,0.8813,3.7663,4.0592,0
2001-06-06,4.83,2.9794,0.1064,0.9394,0.9078,-0.103,1.2109,,,1.0142,1.1518,0.8766,3.7811,4.0539,0
2001-06-07,4.88,2.993,0.1087,0.9411,0.9342,-0.097,1.2008,,,1.0429,1.1918,0.8941,3.7852,4.0769,0
2001-06-08,4.93,3.0009,0.1123,0.9731,0.9383,-0.0947,1.1673,,,1.0506,1.1932,0.9081,3.8315,4.1044,0
2001-06-11,4.87,2.9883,0.1084,0.9484,0.922,-0.0971,1.2058,,,1.0304,1.1723,0.8885,3.7947,4.0757,0
2001-06-12,4.82,2.9748,0.1053,0.9339,0.906,-0.0999,1.2049,,,1.0113,1.1524,0.8701,3.7675,4.0451,0
2001-06-13,4.81,2.9758,0.1047,0.9171,0.9168,-0.1044,1.2009,,,1.0215,1.1724,0.8706,3.7419,4.0385,0
2001-06-14,4.76,2.9681,0.0995,0.8888,0.9141,-0.1105,1.2067,,,1.0136,1.1758,0.8515,3.6947,4.0198,0
2001-06-15,4.74,2.9712,0.0966,0.8462,0.9397,-0.1137,1.2154,,,1.0363,1.223,0.8496,3.6307,4.0064,0
2001-06-18,4.73,2.9725,0.0966,0.8234,0.9497,-0.1122,1.245,,,1.0463,1.2387,0.8539,3.6035,3.9871,0
2001-06-19,4.72,2.9684,0.0962,0.8261,0.9399,-0.1106,1.272,,,1.0361,1.2224,0.8498,3.6082,3.9771,0
2001-06-20,4.72,2.9633,0.0966,0.8299,0.9294,-0.0992,1.2924,,,1.026,1.2049,0.8471,3.6143,3.9633,0
2001-06-21,4.7,2.9578,0.0962,0.8343,0.9169,-0.1052,1.3073,,,1.0131,1.1855,0.8407,3.6197,3.9577,0
2001-06-22,4.63,2.9402,0.0933,0.8075,0.8926,-0.1036,1.3625,,,0.9859,1.1507,0.8211,3.5828,3.908,0
2001-06-25,4.65,2.9431,0.0931,0.8216,0.8951,-0.1029,1.3562,,,0.9882,1.1547,0.8217,3.5981,3.9233,0
2001-06-26,4.74,2.9629,0.0985,0.8504,0.9246,-0.0964,1.3236,,,1.0231,1.196,0.8501,3.6403,3.9734,0
2001-06-27,4.82,2.9687,0.1049,0.9264,0.8984,-0.0784,1.2979,,,1.0033,1.14,0.8666,3.7584,4.0152,0
2001-06-28,4.92,2.9926,0.1104,0.9757,0.9215,-0.0802,1.2763,,,1.0319,1.1678,0.896,3.8324,4.0911,0
2001-06-29,4.97,3.0131,0.1131,0.957,0.9659,-0.0791,1.3352,,,1.079,1.2371,0.9209,3.812,4.1238,0
2001-07-02,4.88,2.9974,0.1075,0.9096,0.9563,-0.0908,1.3914,,,1.0638,1.2324,0.8951,3.7384,4.0831,0
2001-07-03,4.91,3.0045,0.1087,0.9329,0.9618,-0.098,1.3518,,,1.0705,1.2379,0.9032,3.7701,4.103,0
2001-07-05,4.95,3.0158,0.1108,0.9353,0.9846,-0.0965,1.3067,,,1.0954,1.2726,0.9182,3.7739,4.1228,0
2001-07-06,4.9,3.0076,0.1101,0.9103,0.9772,-0.1052,1.3412,,,1.0873,1.2624,0.9122,3.7428,4.0883,0
2001-07-09,4.88,2.9975,0.1063,0.9177,0.9535,-0.095,1.4219,,,1.0598,1.2272,0.8925,3.7479,4.0808,0
2001-07-10,4.82,2.9829,0.1031,0.8983,0.939,-0.1033,1.4527,,,1.0421,1.2108,0.8735,3.7125,4.0444,0
2001-07-11,4.81,2.9828,0.1021,0.8751,0.9485,-0.0985,1.4894,,,1.0506,1.2285,0.8727,3.68,4.0315,0
2001-07-12,4.8,2.9735,0.1012,0.8912,0.9241,-0.09,1.4683,,,1.0253,1.1888,0.8618,3.7012,4.0196,0
2001-07-13,4.82,2.9726,0.102,0.9143,0.9138,-0.0828,1.4513,,,1.0158,1.1705,0.8612,3.7323,4.0316,0
2001-07-16,4.76,2.9584,0.0969,0.9079,0.8866,-0.0898,1.5101,,,0.9835,1.1313,0.8357,3.7185,4.0102,0
2001-07-17,4.78,2.9555,0.0991,0.9239,0.8822,-0.0807,1.4752,,,0.9813,1.1242,0.8384,3.7365,4.0071,0
2001-07-18,4.66,2.9298,0.094,0.8723,0.8546,-0.0906,1.4972,,,0.9486,1.0892,0.8079,3.6614,3.9331,0
2001-07-19,4.69,2.932,0.0939,0.8848,0.8556,-0.0763,1.4896,,,0.9495,1.0905,0.8085,3.6758,3.9435,0
2001-07-20,4.7,2.9367,0.0944,0.8766,0.8694,-0.0771,1.4911,,,0.9638,1.1133,0.8143,3.6638,3.9483,0
2001-07-23,4.68,2.9306,0.0917,0.8816,0.8516,-0.0755,1.484,,,0.9433,1.0849,0.8017,3.6706,3.9412,0
2001-07-24,4.67,2.9269,0.091,0.8728,0.8457,-0.0664,1.5567,,,0.9367,1.0754,0.798,3.661,3.9268,0
2001-07-25,4.74,2.9436,0.0948,0.8876,0.8749,-0.0609,1.5538,,,0.9697,1.1184,0.821,3.6825,3.9622,0
2001-07-26,4.71,2.9408,0.0925,0.8559,0.8804,-0.0596,1.5775,,,0.9729,1.1315,0.8143,3.6381,3.9463,0
2001-07-27,4.64,2.9254,0.0863,0.8175,0.8658,-0.055,1.6199,,,0.9521,1.1162,0.788,3.5788,3.9023,0
2001-07-30,4.63,2.9188,0.0835,0.8202,0.8537,-0.0462,1.6246,,,0.9372,1.0988,0.7756,3.5774,3.8885,0
2001-07-31,4.57,2.9061,0.0793,0.7965,0.8418,-0.0537,1.5784,,,0.9211,1.0869,0.7554,3.5368,3.8567,0
2001-08-01,4.62,2.9166,0.0818,0.8158,0.8521,-0.0464,1.572,,,0.9339,1.0974,0.7705,3.569,3.8765,0
2001-08-02,4.69,2.934,0.0879,0.8321,0.878,-0.042,1.5587,,,0.9659,1.1317,0.8,3.6003,3.9117,0
2001-08-03,4.72,2.9419,0.0912,0.837,0.8899,-0.04,1.5745,,,0.9811,1.147,0.8151,3.613,3.9264,0
2001-08-06,4.71,2.9406,0.0897,0.8135,0.8986,-0.0324,1.5758,,,0.9883,1.1657,0.8108,3.5767,3.9194,0
2001-08-07,4.72,2.9425,0.0889,0.8092,0.9038,-0.0244,1.5654,,,0.9927,1.1747,0.8108,3.5697,3.9211,0
2001-08-08,4.61,2.9139,0.0817,0.7649,0.8664,-0.0169,1.5855,,,0.9481,1.1249,0.7714,3.5021,3.8472,0
2001-08-09,4.66,2.9246,0.0842,0.782,0.8819,-0.0127,1.593,,,0.9661,1.1448,0.7874,3.5279,3.8626,0
2001-08-10,4.61,2.9162,0.0815,0.752,0.8766,-0.0163,1.6349,,,0.9581,1.1412,0.7749,3.4851,3.8369,0
2001-08-13,4.57,2.9096,0.0768,0.728,0.8722,-0.0166,1.6739,,,0.949,1.139,0.7591,3.4477,3.815,0
2001-08-14,4.59,2.909,0.077,0.7377,0.8706,-0.0044,1.6148,,,0.9476,1.1371,0.7582,3.4573,3.8192,0
2001-08-15,4.62,2.9164,0.0801,0.7664,0.8731,-0.0161,1.6015,,,0.9532,1.1361,0.7704,3.5,3.8469,0
2001-08-16,4.58,2.906,0.0794,0.7432,0.8613,-0.01,1.6329,,,0.9407,1.1199,0.7616,3.4701,3.8145,0
2001-08-17,4.49,2.8825,0.0732,0.7131,0.8281,-0.0069,1.6889,,,0.9013,1.0749,0.7278,3.422,3.7614,0
2001-08-20,4.55,2.8934,0.0762,0.7577,0.8356,-0.0129,1.632,,,0.9118,1.0824,0.7412,3.4805,3.8043,0
2001-08-21,4.5,2.8879,0.0756,0.7311,0.8345,-0.0291,1.6776,,,0.9101,1.0833,0.7369,3.4459,3.7802,0
2001-08-22,4.53,2.89,0.0793,0.7677,0.8243,-0.0314,1.6651,,,0.9036,1.0609,0.7464,3.5005,3.7957,0
2001-08-23,4.52,2.8851,0.0794,0.7581,0.8202,-0.0229,1.6849,,,0.8996,1.0564,0.7428,3.4864,3.7856,0
2001-08-24,4.55,2.8945,0.0818,0.7684,0.836,-0.0306,1.6712,,,0.9178,1.0798,0.7557,3.5008,3.8092,0
2001-08-27,4.57,2.898,0.0822,0.7725,0.8419,-0.0246,1.634,,,0.9241,1.0893,0.7589,3.5053,3.822,0
2001-08-28,4.48,2.878,0.0774,0.7409,0.811,-0.0274,1.7088,,,0.8884,1.0447,0.7322,3.4627,3.7688,0
2001-08-29,4.43,2.8613,0.0736,0.7268,0.7874,-0.0192,1.7466,,,0.861,1.0126,0.7095,3.4366,3.7315,0
2001-08-30,4.42,2.8625,0.0741,0.7114,0.8016,-0.0296,1.7686,,,0.8757,1.0373,0.7142,3.4123,3.7164,0
2001-08-31,4.46,2.8696,0.0759,0.7226,0.8129,-0.0209,1.6854,,,0.8888,1.054,0.7236,3.427,3.7368,0
2001-09-04,4.63,2.9101,0.0836,0.8022,0.8471,-0.0129,1.6728,,,0.9307,1.0895,0.7718,3.5534,3.8496,0
2001-09-05,4.61,2.9073,0.084,0.7844,0.8469,-0.0127,1.7002,,,0.9309,1.0902,0.7717,3.5325,3.8359,0
2001-09-06,4.48,2.8799,0.0764,0.7164,0.8282,-0.0209,1.7094,,,0.9046,1.0761,0.7331,3.4248,3.7606,0
2001-09-07,4.39,2.8632,0.0747,0.6685,0.8209,-0.0373,1.7121,,,0.8956,1.0708,0.7205,3.3565,3.6887,0
2001-09-10,4.41,2.873,0.0736,0.6471,0.8492,-0.0329,1.6861,,,0.9228,1.1186,0.727,3.3242,3.6999,0
2001-09-13,4.03,2.8221,0.0561,0.287,0.9174,-0.0526,1.9276,,,0.9735,1.2816,0.6654,2.801,3.4297,0
2001-09-14,3.92,2.8115,0.051,0.2385,0.9155,-0.0965,1.9539,,,0.9665,1.2818,0.6511,2.7347,3.3577,0
2001-09-17,3.99,2.8216,0.058,0.2367,0.9406,-0.0669,1.8052,,,0.9986,1.3183,0.679,2.7386,3.3637,0
2001-09-18,4.01,2.8518,0.0603,0.1514,1.0329,-0.0864,1.772,,,1.0932,1.471,0.7154,2.6254,3.3844,0
2001-09-19,3.9,2.8469,0.0609,0.0265,1.0725,-0.1067,1.8335,,,1.1334,1.5416,0.7252,2.4652,3.2892,0
2001-09-20,3.97,2.8651,0.0662,0.0415,1.103,-0.1057,1.7497,,,1.1692,1.5852,0.7531,2.4905,3.3282,0
2001-09-21,3.94,2.8565,0.0689,0.0548,1.076,-0.1162,1.7305,,,1.1449,1.5363,0.7534,2.5199,3.3075,0
2001-09-24,4.0,2.8624,0.0713,0.0941,1.0658,-0.0937,1.7535,,,1.1371,1.5124,0.7619,2.5813,3.3351,0
2001-09-25,3.97,2.8581,0.0694,0.071,1.0713,-0.0998,1.7666,,,1.1407,1.5267,0.7547,2.5431,3.3197,0
2001-09-26,3.91,2.8414,0.0663,0.0691,1.0352,-0.102,1.8442,,,1.1015,1.4689,0.734,2.5431,3.2807,0
2001-09-27,3.87,2.8232,0.065,0.0756,0.9992,-0.093,1.9095,,,1.0642,1.4125,0.7159,2.5505,3.2429,0
2001-09-28,3.93,2.827,0.0696,0.1289,0.9899,-0.0854,1.8706,,,1.0595,1.3916,0.7274,2.6238,3.2741,0
2001-10-01,3.9,2.8133,0.068,0.1345,0.9636,-0.0794,1.8451,,,1.0316,1.3526,0.7107,2.6269,3.2563,0
2001-10-02,3.87,2.808,0.0701,0.1116,0.9655,-0.0851,1.8583,,,1.0356,1.3561,0.715,2.599,3.2232,0
2001-10-03,3.86,2.8025,0.0728,0.0995,0.9637,-0.0785,1.8481,,,1.0365,1.3549,0.7182,2.5837,3.2057,0
2001-10-04,3.88,2.803,0.0763,0.0928,0.9679,-0.06,1.8404,,,1.0442,1.3595,0.7289,2.5805,3.1964,0
2001-10-05,3.87,2.8024,0.0745,0.0476,0.9829,-0.0374,1.9008,,,1.0574,1.3884,0.7264,2.5191,3.1776,0
2001-10-09,3.96,2.8237,0.0789,0.0587,1.0272,-0.0285,1.863,,,1.1061,1.4571,0.7551,2.5314,3.2201,0
2001-10-10,3.96,2.8212,0.0804,0.0738,1.0089,-0.0243,1.9027,,,1.0893,1.4224,0.7562,2.5618,3.2193,0
2001-10-11,4.03,2.8411,0.0853,0.1045,1.038,-0.039,1.8728,,,1.1233,1.4644,0.7823,2.6046,3.2763,0
2001-10-12,4.01,2.8391,0.0843,0.0772,1.0477,-0.0383,1.827,,,1.132,1.4844,0.7796,2.5639,3.2615,0
2001-10-15,3.97,2.8247,0.08,0.057,1.0254,-0.0171,1.8461,,,1.1054,1.4534,0.7575,2.5338,3.229,0
2001-10-16,3.93,2.8162,0.0784,0.0468,1.0159,-0.0273,1.859,,,1.0943,1.4417,0.747,2.5156,3.2087,0
2001-10-17,3.93,2.8135,0.0815,0.0793,0.9992,-0.0435,1.852,,,1.0807,1.4099,0.7515,2.5637,3.2114,0
2001-10-18,3.93,2.813,0.0824,0.0728,1.0031,-0.0413,1.8535,,,1.0855,1.4171,0.7538,2.5542,3.2075,0
2001-10-19,3.96,2.8223,0.0869,0.0755,1.0246,-0.0492,1.7986,,,1.1115,1.4494,0.7735,2.5598,3.2211,0
2001-10-22,3.98,2.826,0.0894,0.0911,1.0193,-0.0458,1.8104,,,1.1087,1.4351,0.7823,2.5907,3.2322,0
2001-10-23,4.01,2.8298,0.0929,0.0899,1.031,-0.0336,1.801,,,1.1239,1.4532,0.7946,2.5904,3.2363,0
2001-10-24,3.96,2.8139,0.0904,0.0792,1.0017,-0.0252,1.8426,,,1.0921,1.4075,0.7766,2.5776,3.1964,0
2001-10-25,3.89,2.7998,0.0874,0.0573,0.9882,-0.0427,1.8348,,,1.0756,1.3919,0.7592,2.5408,3.1564,0
2001-10-26,3.88,2.7959,0.0851,0.0446,0.9855,-0.0311,1.855,,,1.0706,1.3904,0.7507,2.5207,3.1453,0
2001-10-29,3.82,2.785,0.0814,0.0091,0.9792,-0.0347,1.8759,,,1.0606,1.3864,0.7349,2.4684,3.106,0
2001-10-30,3.76,2.7705,0.0774,-0.0376,0.9736,-0.0239,1.9098,,,1.051,1.3855,0.7165,2.3985,3.0529,0
2001-10-31,3.66,2.7407,0.0727,-0.0428,0.914,-0.0246,2.0412,,,0.9867,1.2935,0.68,2.3911,2.9943,0
2001-11-01,3.66,2.7232,0.0727,-0.012,0.88,-0.0039,1.9631,,,0.9527,1.2436,0.6618,2.4203,2.9859,0
2001-11-02,3.77,2.7597,0.0806,-0.0293,0.9632,-0.0042,1.9383,,,1.0438,1.3725,0.7151,2.4018,3.0354,0
2001-11-05,3.71,2.7461,0.078,-0.0303,0.9298,-0.0136,1.9928,,,1.0078,1.319,0.6966,2.4046,3.0129,0
2001-11-06,3.54,2.7349,0.0799,-0.0815,0.945,-0.1383,1.8906,,,1.0249,1.3528,0.697,2.3255,2.9572,0
2001-11-07,3.47,2.7124,0.0793,-0.1116,0.9094,-0.1195,1.8966,,,0.9887,1.2971,0.6803,2.2924,2.8912,0
2001-11-08,3.58,2.736,0.0863,-0.0732,0.9396,-0.1087,1.8625,,,1.0259,1.3363,0.7155,2.3524,2.9497,0
2001-11-09,3.62,2.7466,0.0907,-0.0534,0.9492,-0.1131,1.8505,,,1.0399,1.3456,0.7342,2.3875,2.979,0
2001-11-13,3.69,2.7666,0.0958,-0.0275,0.9719,-0.1167,1.9694,,,1.0677,1.3734,0.7619,2.4333,3.029,0
2001-11-14,3.83,2.7966,0.1081,0.0299,1.0124,-0.117,1.9502,,,1.1205,1.4262,0.8147,2.5207,3.1088,0
2001-11-15,4.1,2.8629,0.1289,0.129,1.0993,-0.1201,1.8997,,,1.2282,1.5398,0.9167,2.6804,3.2763,0
2001-11-16,4.24,2.8999,0.1424,0.1742,1.1494,-0.1259,1.867,,,1.2918,1.6052,0.9785,2.7608,3.368,0
2001-11-19,4.12,2.8732,0.1364,0.1204,1.1167,-0.1267,1.9431,,,1.2531,1.5624,0.9437,2.6843,3.2985,0
2001-11-20,4.17,2.8906,0.1393,0.1126,1.1603,-0.1327,1.902,,,1.2996,1.6326,0.9666,2.6702,3.3233,0
2001-11-21,4.31,2.9286,0.1488,0.1565,1.2026,-0.1266,2.0267,,,1.3514,1.6813,1.0215,2.7552,3.4023,0
2001-11-23,4.4,2.9413,0.1597,0.1786,1.2287,-0.1083,1.9126,,,1.3884,1.7188,1.058,2.7895,3.437,0
2001-11-26,4.41,2.9472,0.1629,0.1801,1.2385,-0.1186,1.8818,,,1.4014,1.7329,1.0698,2.7957,3.457,0
2001-11-27,4.32,2.9381,0.1576,0.134,1.2323,-0.1419,2.0001,,,1.3899,1.7269,1.0529,2.7351,3.4115,0
2001-11-28,4.33,2.9325,0.1609,0.1234,1.2357,-0.1224,1.9752,,,1.3966,1.7344,1.0588,2.7181,3.3853,0
2001-11-29,4.1,2.8893,0.148,0.0023,1.1991,-0.1386,2.074,,,1.3471,1.6967,0.9974,2.5419,3.2539,0
2001-11-30,4.08,2.8872,0.1447,-0.0122,1.2074,-0.1471,2.0565,,,1.3521,1.7152,0.9889,2.5119,3.2381,0
2001-12-03,4.04,2.8769,0.1391,-0.0132,1.1814,-0.1441,2.0924,,,1.3205,1.675,0.9659,2.5091,3.2198,0
2001-12-04,3.99,2.8619,0.1365,-0.0121,1.1605,-0.1568,2.0584,,,1.297,1.6474,0.9466,2.4994,3.1943,0
2001-12-05,4.24,2.92,0.1537,0.088,1.2293,-0.151,2.0247,,,1.383,1.7323,1.0338,2.6587,3.3368,0
2001-12-06,4.38,2.958,0.1675,0.1275,1.2836,-0.1567,2.0302,,,1.4511,1.8042,1.0981,2.7325,3.4235,0
2001-12-07,4.5,3.0012,0.1829,0.0955,1.392,-0.1716,1.8949,,,1.5749,1.972,1.1777,2.6996,3.4737,0
2001-12-10,4.46,2.999,0.1824,0.0655,1.3874,-0.1744,1.9244,,,1.5698,1.9623,1.1774,2.6721,3.4498,0
2001-12-11,4.38,2.989,0.1779,-0.0013,1.3956,-0.1812,2.0453,,,1.5735,1.9853,1.1617,2.576,3.4027,0
2001-12-12,4.29,2.9573,0.1709,0.0025,1.3354,-0.1761,2.0488,,,1.5063,1.8956,1.117,2.5705,3.3474,0
2001-12-13,4.4,2.9805,0.178,0.0539,1.3643,-0.1767,2.0121,,,1.5423,1.9331,1.1515,2.6436,3.4104,0
2001-12-14,4.52,3.0098,0.1887,0.1065,1.3959,-0.1809,1.9635,,,1.5846,1.9685,1.2006,2.7323,3.4822,0
2001-12-17,4.54,3.0157,0.1915,0.1257,1.3936,-0.1865,1.9966,,,1.5851,1.9591,1.2111,2.7674,3.5036,0
2001-12-18,4.46,2.9899,0.1878,0.1073,1.3563,-0.1813,2.0184,,,1.5441,1.9074,1.1808,2.7339,3.4507,0
2001-12-19,4.38,2.964,0.1844,0.1066,1.3096,-0.1846,2.0174,,,1.494,1.8379,1.1501,2.7266,3.4053,0
2001-12-20,4.42,2.965,0.1892,0.1343,1.3046,-0.1731,1.9639,,,1.4938,1.8257,1.1619,2.7674,3.4151,0
2001-12-21,4.45,2.9725,0.1927,0.1438,1.3176,-0.1766,1.8958,,,1.5103,1.8448,1.1759,2.7818,3.4376,0
2001-12-24,4.49,2.9892,0.1967,0.1481,1.3458,-0.1898,1.86,,,1.5425,1.8853,1.1997,2.7945,3.4714,0
2001-12-26,4.55,3.0021,0.1992,0.1798,1.3515,-0.1826,1.8511,,,1.5507,1.8867,1.2147,2.8459,3.51,0
2001-12-27,4.46,2.9826,0.1928,0.139,1.3303,-0.1847,1.9261,,,1.5231,1.8621,1.184,2.7825,3.4614,0
2001-12-28,4.46,2.9894,0.1919,0.1281,1.353,-0.2024,1.9393,,,1.5449,1.9012,1.1885,2.7612,3.4651,0
2001-12-31,4.38,2.9668,0.1826,0.094,1.3223,-0.1857,1.9929,,,1.5049,1.8624,1.1473,2.7032,3.4156,0
2002-01-02,4.52,2.9992,0.1916,0.1493,1.3639,-0.184,1.9054,,,1.5555,1.9158,1.1952,2.7882,3.4882,0
2002-01-03,4.48,2.9903,0.1907,0.1194,1.3552,-0.1756,1.9215,,,1.5459,1.9049,1.1869,2.7507,3.4624,0
2002-01-04,4.5,2.9995,0.1917,0.1128,1.3757,-0.1797,1.9291,,,1.5674,1.9369,1.1978,2.7428,3.4752,0
2002-01-07,4.39,2.9699,0.1864,0.0878,1.3305,-0.1846,1.9248,,,1.5169,1.8722,1.1615,2.7024,3.4062,0
2002-01-08,4.39,2.9705,0.185,0.0908,1.3296,-0.1859,1.9486,,,1.5146,1.8705,1.1587,2.7054,3.4071,0
2002-01-09,4.38,2.9686,0.1837,0.0866,1.3279,-0.1868,1.9656,,,1.5116,1.8688,1.1544,2.698,3.3987,0
2002-01-10,4.27,2.9344,0.1751,0.0612,1.2722,-0.1729,1.9285,,,1.4473,1.7895,1.105,2.6534,3.3291,0
2002-01-11,4.14,2.9157,0.1679,-0.0224,1.2752,-0.1964,1.9203,,,1.4431,1.8082,1.078,2.5282,3.2457,0
2002-01-14,4.15,2.919,0.1664,-0.0397,1.2845,-0.1802,1.942,,,1.4509,1.8232,1.0786,2.507,3.2398,0
2002-01-15,4.14,2.9076,0.1641,-0.0142,1.2479,-0.1654,2.0002,,,1.412,1.7623,1.0617,2.5431,3.23,0
2002-01-16,4.16,2.9091,0.1641,-0.0106,1.2509,-0.1535,2.0473,,,1.415,1.7683,1.0616,2.5451,3.2418,0
2002-01-17,4.28,2.9318,0.1716,0.0615,1.2666,-0.1515,1.9804,,,1.4382,1.7811,1.0954,2.6504,3.3138,0
2002-01-18,4.23,2.9189,0.1702,0.0516,1.2406,-0.1513,2.0183,,,1.4108,1.7401,1.0814,2.6412,3.2876,0
2002-01-22,4.27,2.9248,0.1712,0.0675,1.2507,-0.1442,1.9743,,,1.4219,1.7574,1.0864,2.6568,3.3152,0
2002-01-23,4.36,2.9495,0.176,0.0772,1.2961,-0.1388,1.9105,,,1.4721,1.8258,1.1184,2.673,3.367,0
2002-01-24,4.4,2.9536,0.179,0.1141,1.2824,-0.1291,1.9097,,,1.4614,1.796,1.1268,2.7331,3.393,0
2002-01-25,4.46,2.9625,0.1838,0.1449,1.2864,-0.1176,1.9219,,,1.4702,1.7955,1.145,2.7822,3.4191,0
2002-01-28,4.48,2.9654,0.1851,0.1639,1.2829,-0.1173,1.9298,,,1.468,1.7867,1.1493,2.8106,3.4348,0
2002-01-29,4.35,2.9356,0.1742,0.103,1.2523,-0.1151,1.9801,,,1.4265,1.7544,1.0986,2.7107,3.3657,0
2002-01-30,4.37,2.9347,0.1713,0.112,1.25,-0.098,1.9522,,,1.4213,1.7527,1.0899,2.7153,3.3693,0
2002-01-31,4.42,2.9476,0.1749,0.1517,1.2553,-0.1095,1.905,,,1.4302,1.7526,1.1078,2.7769,3.4079,0
2002-02-01,4.37,2.9369,0.1721,0.1331,1.2394,-0.1114,1.9182,,,1.4115,1.7304,1.0925,2.751,3.3812,0
2002-02-04,4.29,2.9169,0.1649,0.103,1.2103,-0.1051,1.9937,,,1.3752,1.6913,1.0592,2.7038,3.3328,0
2002-02-05,4.29,2.9068,0.1617,0.1037,1.1983,-0.0806,1.9085,,,1.36,1.678,1.0421,2.6926,3.3181,0
2002-02-06,4.3,2.9221,0.163,0.0902,1.2333,-0.1086,1.8848,,,1.3963,1.7329,1.0597,2.6757,3.3361,0
2002-02-07,4.33,2.9323,0.1636,0.0792,1.2513,-0.0965,1.9369,,,1.4149,1.7588,1.0711,2.6677,3.3458,0
2002-02-08,4.28,2.9199,0.1605,0.062,1.2366,-0.0989,1.9354,,,1.3971,1.7408,1.0534,2.6382,3.3181,0
2002-02-11,4.29,2.9242,0.1585,0.0524,1.2494,-0.0945,1.9276,,,1.4079,1.7639,1.0519,2.6206,3.3273,0
2002-02-12,4.36,2.9412,0.1615,0.0698,1.2774,-0.0899,1.8842,,,1.4389,1.8053,1.0724,2.6446,3.3689,0
2002-02-13,4.4,2.9528,0.1654,0.0795,1.2944,-0.0921,1.8448,,,1.4598,1.8281,1.0914,2.6639,3.3929,0
2002-02-14,4.35,2.9365,0.1648,0.0906,1.2557,-0.0976,1.8593,,,1.4205,1.7649,1.076,2.6827,3.3652,0
2002-02-15,4.27,2.9138,0.1591,0.0622,1.2281,-0.0932,1.8527,,,1.3872,1.7307,1.0436,2.6325,3.3156,0
2002-02-19,4.28,2.9192,0.159,0.064,1.2378,-0.0999,1.8453,,,1.3968,1.7454,1.0481,2.6345,3.3237,0
2002-02-20,4.28,2.9165,0.1572,0.0725,1.2281,-0.0943,1.8058,,,1.3853,1.7304,1.0402,2.6439,3.3269,0
2002-02-21,4.27,2.9143,0.1566,0.0815,1.2191,-0.1015,1.8122,,,1.3757,1.7148,1.0365,2.6566,3.3252,0
2002-02-22,4.23,2.9039,0.1542,0.0686,1.2038,-0.1004,1.8477,,,1.358,1.6939,1.022,2.6365,3.3036,0
2002-02-25,4.26,2.9066,0.1554,0.088,1.2023,-0.0923,1.8267,,,1.3577,1.6894,1.026,2.6629,3.3175,0
2002-02-26,4.33,2.9266,0.1599,0.1091,1.2324,-0.098,1.8045,,,1.3923,1.7319,1.0527,2.6961,3.3644,0
2002-02-27,4.22,2.906,0.152,0.0529,1.2114,-0.1023,1.8724,,,1.3634,1.709,1.0178,2.6133,3.31,0
2002-02-28,4.27,2.9146,0.156,0.0669,1.2335,-0.101,1.8142,,,1.3895,1.7443,1.0348,2.6267,3.3283,0
2002-03-01,4.43,2.942,0.165,0.1178,1.2557,-0.0505,1.7324,,,1.4207,1.7627,1.0787,2.7178,3.3925,0
2002-03-04,4.43,2.9522,0.1705,0.1429,1.2589,-0.0945,1.7194,,,1.4294,1.7588,1.1,2.7657,3.4189,0
2002-03-05,4.44,2.9518,0.1724,0.1547,1.2533,-0.0923,1.7441,,,1.4257,1.7483,1.1031,2.7839,3.4272,0
2002-03-06,4.45,2.9614,0.1754,0.1391,1.2845,-0.1104,1.7272,,,1.4599,1.8001,1.1197,2.7603,3.4394,0
2002-03-07,4.65,3.0055,0.1903,0.2164,1.3376,-0.0998,1.6574,,,1.5279,1.8649,1.1909,2.8849,3.5441,0
2002-03-08,4.77,3.0314,0.2004,0.269,1.3658,-0.0965,1.4895,,,1.5662,1.8988,1.2335,2.9677,3.6243,0
2002-03-11,4.77,3.0383,0.2022,0.2679,1.3656,-0.104,1.6007,,,1.5678,1.8917,1.2439,2.9823,3.6369,0
2002-03-12,4.75,3.0336,0.2002,0.2584,1.3659,-0.1082,1.6297,,,1.5661,1.8979,1.2344,2.9603,3.6325,0
2002-03-13,4.69,3.0229,0.196,0.2207,1.3627,-0.1123,1.6625,,,1.5587,1.9004,1.217,2.9019,3.5971,0
2002-03-14,4.83,3.0532,0.204,0.267,1.4033,-0.0975,1.5698,,,1.6073,1.9541,1.2605,2.9734,3.6684,0
2002-03-15,4.8,3.0403,0.2035,0.2878,1.3619,-0.0935,1.5606,,,1.5654,1.8841,1.2466,3.0093,3.6563,0
2002-03-18,4.79,3.0324,0.2035,0.3061,1.3406,-0.0926,1.5711,,,1.5441,1.8499,1.2383,3.0327,3.6541,0
2002-03-19,4.78,3.0335,0.2032,0.2934,1.356,-0.1061,1.5599,,,1.5592,1.88,1.2385,3.0061,3.6556,0
2002-03-20,4.87,3.0517,0.2079,0.3227,1.3792,-0.0916,1.4299,,,1.5871,1.9098,1.2645,3.0518,3.6971,0
2002-03-21,4.88,3.0534,0.2108,0.339,1.3667,-0.0899,1.4151,,,1.5775,1.8818,1.2731,3.088,3.7019,0
2002-03-22,4.9,3.0572,0.2132,0.3473,1.3676,-0.0853,1.3871,,,1.5808,1.8801,1.2815,3.1052,3.7139,0
2002-03-25,4.92,3.0573,0.2164,0.3783,1.3528,-0.0848,1.4006,,,1.5692,1.85,1.2884,3.1548,3.7239,0
2002-03-26,4.85,3.0386,0.2127,0.3582,1.3295,-0.089,1.3865,,,1.5422,1.8205,1.2638,3.1185,3.6868,0
2002-03-27,4.85,3.0413,0.2123,0.3457,1.337,-0.0863,1.5385,,,1.5493,1.8323,1.2662,3.104,3.6827,0
2002-03-28,4.91,3.055,0.2175,0.3606,1.3677,-0.0908,1.4479,,,1.5852,1.8804,1.29,3.1205,3.7145,0
2002-04-01,4.93,3.0581,0.2196,0.3708,1.366,-0.0845,1.4214,,,1.5856,1.8738,1.2973,3.1406,3.7245,0
2002-04-02,4.84,3.0343,0.2123,0.3433,1.3388,-0.0886,1.2953,,,1.5511,1.8428,1.2593,3.0858,3.6767,0
2002-04-03,4.76,3.0228,0.2041,0.3036,1.3188,-0.0892,1.4466,,,1.5229,1.8136,1.2321,3.0356,3.6333,0
2002-04-04,4.76,3.0139,0.2042,0.3174,1.3061,-0.0816,1.4119,,,1.5103,1.796,1.2246,3.0456,3.62,0
2002-04-05,4.68,2.9987,0.1992,0.2723,1.2923,-0.0825,1.5173,,,1.4915,1.7815,1.2015,2.981,3.5748,0
2002-04-08,4.7,3.0061,0.2012,0.2707,1.315,-0.093,1.4766,,,1.5162,1.8185,1.2138,2.9745,3.5818,0
2002-04-09,4.67,2.9968,0.1979,0.2619,1.2998,-0.0864,1.4648,,,1.4977,1.7982,1.1972,2.9582,3.5667,0
2002-04-10,4.68,3.0025,0.1995,0.245,1.3189,-0.0859,1.4623,,,1.5184,1.8285,1.2083,2.9374,3.5625,0
2002-04-11,4.66,2.9959,0.1983,0.2359,1.3075,-0.0776,1.4552,,,1.5058,1.8111,1.2005,2.9265,3.5453,0
2002-04-12,4.6,2.9848,0.1936,0.1984,1.3018,-0.0785,1.484,,,1.4954,1.8099,1.1808,2.8686,3.5129,0
2002-04-15,4.57,2.9769,0.191,0.193,1.2887,-0.0796,1.5027,,,1.4797,1.7906,1.1688,2.859,3.491,0
2002-04-16,4.62,2.9857,0.1923,0.2196,1.2991,-0.0767,1.4217,,,1.4914,1.8056,1.1773,2.8912,3.5229,0
2002-04-17,4.64,3.0003,0.1945,0.1785,1.3444,-0.0777,1.4218,,,1.5389,1.8796,1.1982,2.8381,3.5281,0
2002-04-18,4.64,2.9973,0.1961,0.1869,1.3336,-0.0739,1.4062,,,1.5297,1.8588,1.2006,2.8551,3.5162,0
2002-04-19,4.62,2.9909,0.1962,0.1817,1.3289,-0.0777,1.3317,,,1.5251,1.8549,1.1953,2.8428,3.5059,0
2002-04-22,4.62,2.9891,0.1966,0.1749,1.3265,-0.0671,1.3449,,,1.5231,1.8505,1.1956,2.8365,3.497,0
2002-04-23,4.62,2.988,0.196,0.194,1.3136,-0.0716,1.393,,,1.5096,1.8277,1.1914,2.8639,3.5067,0
2002-04-24,4.53,2.9661,0.1901,0.1665,1.286,-0.0788,1.4193,,,1.4761,1.7929,1.1594,2.8159,3.4573,0
2002-04-25,4.52,2.962,0.1869,0.1629,1.2785,-0.0703,1.4325,,,1.4654,1.7825,1.1484,2.8078,3.4459,0
2002-04-26,4.49,2.9538,0.1831,0.1576,1.2643,-0.0687,1.4443,,,1.4474,1.7625,1.1322,2.7962,3.4284,0
2002-04-29,4.55,2.9642,0.1854,0.1846,1.2743,-0.0586,1.4184,,,1.4597,1.7738,1.1457,2.8348,3.4558,0
2002-04-30,4.53,2.9612,0.1856,0.1897,1.2654,-0.0719,1.4305,,,1.451,1.7587,1.1433,2.8432,3.4525,0
2002-05-01,4.49,2.9488,0.1814,0.1604,1.2554,-0.056,1.4096,,,1.4368,1.7504,1.1231,2.7955,3.4241,0
2002-05-02,4.54,2.9593,0.183,0.1777,1.272,-0.0521,1.2749,,,1.455,1.7745,1.1356,2.8176,3.4464,0
2002-05-03,4.48,2.9515,0.1793,0.1456,1.2566,-0.053,1.4522,,,1.4359,1.7498,1.1221,2.7832,3.414,0
2002-05-06,4.5,2.9534,0.1812,0.1617,1.2618,-0.058,1.4389,,,1.443,1.7576,1.1283,2.8004,3.4197,0
2002-05-07,4.43,2.9501,0.1781,0.1245,1.2716,-0.0943,1.4481,,,1.4497,1.7804,1.1189,2.7439,3.4041,0
2002-05-08,4.58,2.9871,0.1884,0.1749,1.3216,-0.092,1.4212,,,1.51,1.8464,1.1736,2.8256,3.4898,0
2002-05-09,4.53,2.9786,0.1867,0.1488,1.3135,-0.0976,1.4396,,,1.5002,1.8377,1.1628,2.79,3.4695,0
2002-05-10,4.46,2.9635,0.1806,0.1146,1.2977,-0.0964,1.4929,,,1.4783,1.8201,1.1365,2.7363,3.4296,0
2002-05-13,4.54,2.9839,0.1846,0.1327,1.3377,-0.0989,1.3996,,,1.5223,1.8822,1.1623,2.7567,3.4769,0
2002-05-14,4.64,3.0084,0.1888,0.1499,1.3725,-0.0796,1.3828,,,1.5613,1.931,1.1916,2.7886,3.5361,0
2002-05-15,4.59,2.9991,0.1865,0.1277,1.3615,-0.0848,1.3842,,,1.548,1.9167,1.1793,2.7581,3.5092,0
2002-05-16,4.52,2.9838,0.1814,0.0994,1.341,-0.0856,1.4274,,,1.5224,1.8892,1.1555,2.7164,3.4674,0
2002-05-17,4.6,3.0004,0.1849,0.1359,1.3569,-0.0781,1.4041,,,1.5418,1.9077,1.1759,2.7704,3.5151,0
2002-05-20,4.53,2.9827,0.1804,0.1125,1.332,-0.0776,1.4158,,,1.5124,1.8743,1.1505,2.7333,3.4762,0
2002-05-21,4.49,2.971,0.1766,0.1091,1.3121,-0.0788,1.4419,,,1.4887,1.8462,1.1312,2.7226,3.4533,0
2002-05-22,4.43,2.9565,0.1724,0.0894,1.2936,-0.0819,1.4583,,,1.466,1.8221,1.1099,2.6898,3.4175,0
2002-05-23,4.46,2.9626,0.1736,0.096,1.3056,-0.0778,1.4023,,,1.4792,1.841,1.1175,2.6969,3.4315,0
2002-05-24,4.47,2.9639,0.1739,0.0986,1.3023,-0.0687,1.4014,,,1.4762,1.8331,1.1194,2.7057,3.4343,0
2002-05-28,4.46,2.9633,0.1728,0.0971,1.3008,-0.074,1.4139,,,1.4736,1.832,1.1153,2.702,3.438,0
2002-05-29,4.41,2.9482,0.1677,0.077,1.2815,-0.0644,1.4396,,,1.4492,1.8079,1.0905,2.6665,3.405,0
2002-05-30,4.36,2.933,0.1631,0.0656,1.2593,-0.061,1.438,,,1.4224,1.7778,1.0671,2.6432,3.3699,0
2002-05-31,4.37,2.9388,0.1629,0.0593,1.274,-0.0651,1.4388,,,1.4369,1.8027,1.0712,2.6324,3.3818,0
2002-06-03,4.36,2.9359,0.1601,0.047,1.2716,-0.0546,1.4553,,,1.4317,1.8011,1.0623,2.6135,3.373,0
2002-06-04,4.31,2.9292,0.1549,0.0239,1.2692,-0.0672,1.4748,,,1.4241,1.8036,1.0445,2.5735,3.3541,0
2002-06-05,4.35,2.939,0.1558,0.0262,1.2889,-0.0599,1.4382,,,1.4447,1.8343,1.0552,2.5756,3.3711,0
2002-06-06,4.3,2.9314,0.1531,0.017,1.2707,-0.0722,1.5082,,,1.4238,1.8043,1.0433,2.5679,3.3485,0
2002-06-07,4.36,2.946,0.1576,0.0331,1.2964,-0.0731,1.4885,,,1.454,1.8415,1.0665,2.5916,3.3769,0
2002-06-10,4.34,2.938,0.1583,0.0391,1.2754,-0.0708,1.5179,,,1.4337,1.8058,1.0615,2.6049,3.3627,0
2002-06-11,4.29,2.9243,0.1557,0.0358,1.2529,-0.0787,1.5649,,,1.4086,1.7738,1.0434,2.5949,3.3378,0
2002-06-12,4.24,2.9126,0.1533,0.0221,1.2395,-0.0875,1.5694,,,1.3928,1.7573,1.0283,2.5702,3.3112,0
2002-06-13,4.2,2.9017,0.151,0.0073,1.225,-0.085,1.5927,,,1.376,1.7372,1.0147,2.5477,3.2814,0
2002-06-14,4.1,2.8742,0.1443,-0.0129,1.1815,-0.0871,1.6102,,,1.3258,1.6759,0.9757,2.5112,3.2231,0
2002-06-17,4.14,2.8882,0.1452,-0.0083,1.2099,-0.095,1.5954,,,1.3551,1.721,0.9893,2.5141,3.252,0
2002-06-18,4.13,2.8858,0.1432,-0.0135,1.2064,-0.0918,1.5855,,,1.3496,1.7166,0.9825,2.5052,3.2453,0
2002-06-19,4.01,2.8585,0.1348,-0.0617,1.1709,-0.0924,1.6397,,,1.3057,1.6703,0.9411,2.4322,3.1754,0
2002-06-20,4.11,2.8789,0.1395,-0.0149,1.1922,-0.0857,1.5987,,,1.3317,1.6952,0.9682,2.5005,3.2273,0
2002-06-21,4.06,2.8649,0.1372,-0.0238,1.1636,-0.0819,1.6224,,,1.3008,1.6503,0.9512,2.4916,3.1969,0
2002-06-24,4.13,2.8826,0.1415,-0.0102,1.1947,-0.0786,1.6376,,,1.3362,1.6957,0.9766,2.5129,3.2334,0
2002-06-25,4.13,2.8867,0.1412,-0.0174,1.2052,-0.0857,1.6437,,,1.3464,1.7135,0.9793,2.5022,3.2398,0
2002-06-26,3.99,2.8531,0.133,-0.0709,1.1643,-0.0895,1.6482,,,1.2973,1.6608,0.9338,2.4187,3.1534,0
2002-06-27,4.08,2.8793,0.1374,-0.0579,1.2125,-0.0913,1.6231,,,1.3499,1.7332,0.9665,2.4381,3.2039,0
2002-06-28,4.09,2.8867,0.1397,-0.0568,1.2223,-0.1019,1.6178,,,1.362,1.7448,0.9792,2.4472,3.215,0
2002-07-01,4.08,2.8827,0.1379,-0.0592,1.215,-0.0965,1.6215,,,1.3529,1.7352,0.9706,2.4412,3.2105,0
2002-07-02,3.99,2.8615,0.1297,-0.0848,1.1841,-0.1006,1.6567,,,1.3138,1.6943,0.9334,2.3963,3.1631,0
2002-07-03,4.0,2.8621,0.1296,-0.0777,1.1844,-0.0984,1.64,,,1.314,1.6937,0.9343,2.4047,3.1597,0
2002-07-05,4.13,2.8932,0.1387,-0.0326,1.2236,-0.0929,1.602,,,1.3623,1.7431,0.9815,2.4798,3.2302,0
2002-07-08,4.07,2.8824,0.1343,-0.0643,1.2101,-0.0925,1.628,,,1.3444,1.7261,0.9627,2.4364,3.2013,0
2002-07-09,3.98,2.8651,0.1261,-0.1034,1.1914,-0.0991,1.7374,,,1.3175,1.7059,0.929,2.3732,3.1581,0
2002-07-10,3.85,2.8294,0.1132,-0.1385,1.1439,-0.0981,1.6767,,,1.2571,1.6465,0.8678,2.3016,3.0822,0
2002-07-11,3.86,2.8283,0.1103,-0.1241,1.1345,-0.089,1.6238,,,1.2448,1.6301,0.8596,2.319,3.0802,0
2002-07-12,3.82,2.8211,0.1049,-0.1417,1.123,-0.0873,1.6401,,,1.2279,1.6152,0.8407,2.2922,3.0611,0
2002-07-15,3.85,2.8276,0.1054,-0.1523,1.1449,-0.0756,1.6076,,,1.2503,1.6521,0.8485,2.2735,3.0659,0
2002-07-16,3.93,2.8526,0.1109,-0.1402,1.1898,-0.0831,1.5717,,,1.3007,1.7191,0.8823,2.294,3.1203,0
2002-07-17,3.89,2.8414,0.1072,-0.1543,1.1668,-0.0711,1.6007,,,1.274,1.6842,0.8638,2.2769,3.0966,0
2002-07-18,3.82,2.8261,0.1013,-0.1821,1.1533,-0.0786,1.6016,,,1.2546,1.6721,0.8371,2.2265,3.0616,0
2002-07-19,3.76,2.8117,0.0952,-0.1966,1.1296,-0.0799,1.6379,,,1.2248,1.6389,0.8106,2.201,3.0283,0
2002-07-22,3.65,2.7831,0.0846,-0.2384,1.0933,-0.0727,1.6087,,,1.1779,1.5949,0.761,2.1278,2.9671,0
2002-07-23,3.59,2.7749,0.0757,-0.2754,1.0888,-0.074,1.6707,,,1.1645,1.5955,0.7335,2.0685,2.9378,0
2002-07-24,3.6,2.7802,0.0748,-0.2783,1.1011,-0.0778,1.6453,,,1.1759,1.6155,0.7362,2.0622,2.9443,0
2002-07-25,3.51,2.7653,0.0643,-0.3375,1.0935,-0.0756,1.6956,,,1.1578,1.6159,0.6998,1.9698,2.8987,0
2002-07-26,3.46,2.7642,0.0569,-0.3724,1.1059,-0.0946,1.7009,,,1.1628,1.6433,0.6823,1.9113,2.8812,0
2002-07-29,3.68,2.8118,0.0697,-0.2776,1.1569,-0.0807,1.6512,,,1.2266,1.7021,0.751,2.0586,2.9954,0
2002-07-30,3.71,2.8202,0.0754,-0.2564,1.1608,-0.09,1.6527,,,1.2362,1.7013,0.771,2.0987,3.0199,0
2002-07-31,3.53,2.7817,0.0637,-0.3314,1.1172,-0.1012,1.6754,,,1.1809,1.6491,0.7127,1.982,2.925,0
2002-08-01,3.46,2.7706,0.0548,-0.3932,1.1225,-0.0947,1.6794,,,1.1773,1.6702,0.6843,1.8845,2.8795,0
2002-08-02,3.27,2.7315,0.0403,-0.4676,1.0768,-0.1111,1.6902,,,1.1171,1.6147,0.6196,1.7664,2.7742,0
2002-08-05,3.21,2.7185,0.0291,-0.5102,1.0697,-0.0971,1.6608,,,1.0988,1.6151,0.5825,1.692,2.7358,0
2002-08-06,3.36,2.755,0.0399,-0.4404,1.112,-0.1065,1.5975,,,1.1519,1.665,0.6387,1.8014,2.8152,0
2002-08-07,3.24,2.7368,0.033,-0.5271,1.1121,-0.1148,1.6055,,,1.1451,1.6804,0.6097,1.6744,2.7558,0
2002-08-08,3.35,2.7527,0.039,-0.4657,1.1173,-0.0933,1.5679,,,1.1563,1.677,0.6356,1.7663,2.8033,0
2002-08-09,3.28,2.7231,0.0373,-0.4518,1.052,-0.0806,1.5544,,,1.0893,1.574,0.6047,1.7867,2.7606,0
2002-08-12,3.24,2.7071,0.0354,-0.4281,1.0192,-0.0936,1.5084,,,1.0546,1.5261,0.5831,1.8074,2.754,0
2002-08-13,3.15,2.6834,0.0313,-0.4598,0.991,-0.0959,1.5145,,,1.0223,1.4898,0.5549,1.7561,2.6966,0
2002-08-14,3.19,2.6765,0.0389,-0.366,0.9393,-0.0987,1.4598,,,0.9782,1.3923,0.5641,1.8964,2.7137,0
2002-08-15,3.28,2.702,0.049,-0.3465,0.9842,-0.1087,1.4481,,,1.0332,1.4575,0.6089,1.9312,2.7743,0
2002-08-16,3.41,2.7417,0.0601,-0.3217,1.0481,-0.1181,1.4875,,,1.1082,1.5468,0.6695,1.9813,2.8537,0
2002-08-19,3.4,2.736,0.0598,-0.3127,1.0317,-0.1148,1.4902,,,1.0915,1.5202,0.6628,1.9946,2.8519,0
2002-08-20,3.25,2.7035,0.0498,-0.3782,0.9984,-0.1235,1.5006,,,1.0482,1.4839,0.6126,1.8896,2.7744,0
2002-08-21,3.28,2.7088,0.0488,-0.3689,1.0055,-0.1142,1.5063,,,1.0543,1.4941,0.6144,1.9001,2.7863,0
2002-08-22,3.37,2.7317,0.0536,-0.3398,1.0332,-0.1088,1.5297,,,1.0868,1.5294,0.6443,1.9494,2.8376,0
2002-08-23,3.31,2.7139,0.0502,-0.3513,1.0024,-0.1052,1.5496,,,1.0526,1.4842,0.621,1.931,2.8032,0
2002-08-26,3.29,2.7046,0.0466,-0.3539,0.9869,-0.0942,1.5715,,,1.0335,1.4637,0.6033,1.9205,2.7915,0
2002-08-27,3.37,2.7252,0.0501,-0.3381,1.0221,-0.0893,1.5597,,,1.0722,1.5159,0.6286,1.9434,2.8357,0
2002-08-28,3.31,2.7088,0.0469,-0.3504,0.9924,-0.0877,1.5789,,,1.0393,1.4712,0.6074,1.9265,2.8004,0
2002-08-29,3.24,2.6909,0.0425,-0.38,0.9722,-0.0855,1.5782,,,1.0147,1.4467,0.5826,1.8788,2.7577,0
2002-08-30,3.22,2.6827,0.039,-0.3845,0.9595,-0.0767,1.539,,,0.9985,1.4302,0.5668,1.8665,2.7434,0
2002-09-03,3.04,2.6387,0.0246,-0.4537,0.9013,-0.0709,1.538,,,0.9259,1.3557,0.4961,1.7552,2.6431,0
2002-09-04,3.02,2.6325,0.0222,-0.4471,0.886,-0.0736,1.5289,,,0.9082,1.3304,0.4861,1.7633,2.6239,0
2002-09-05,2.95,2.6192,0.0169,-0.4835,0.879,-0.0816,1.4981,,,0.8959,1.3289,0.463,1.7027,2.5877,0
2002-09-06,3.1,2.6559,0.0235,-0.4193,0.9191,-0.0792,1.4851,,,0.9426,1.3781,0.5071,1.8011,2.6794,0
2002-09-09,3.11,2.6575,0.0248,-0.401,0.9116,-0.0829,1.4832,,,0.9364,1.363,0.5097,1.8298,2.6965,0
2002-09-10,3.08,2.6481,0.0245,-0.3968,0.8922,-0.088,1.4729,,,0.9167,1.3328,0.5006,1.8352,2.6814,0
2002-09-11,3.15,2.6661,0.031,-0.3692,0.9187,-0.0966,1.4618,,,0.9497,1.3683,0.5312,1.8783,2.7227,0
2002-09-12,3.07,2.6439,0.0265,-0.3899,0.8791,-0.0896,1.5048,,,0.9056,1.3095,0.5017,1.85,2.6784,0
2002-09-13,3.0,2.6249,0.0229,-0.3895,0.8465,-0.1048,1.5027,,,0.8694,1.2627,0.4761,1.8421,2.6465,0
2002-09-16,3.0,2.6192,0.0221,-0.3766,0.8309,-0.0956,1.5049,,,0.853,1.2376,0.4683,1.8579,2.6429,0
2002-09-17,2.97,2.6102,0.0182,-0.4013,0.8245,-0.0816,1.5214,,,0.8427,1.2341,0.4512,1.8175,2.6244,0
2002-09-18,2.96,2.6069,0.0171,-0.4025,0.8194,-0.0809,1.5299,,,0.8365,1.2269,0.446,1.8139,2.6158,0
2002-09-19,2.87,2.5908,0.0112,-0.4497,0.8107,-0.093,1.5445,,,0.8219,1.2237,0.4201,1.7393,2.5677,0
2002-09-20,2.86,2.5922,0.0083,-0.4597,0.814,-0.0948,1.5523,,,0.8223,1.2297,0.4149,1.7251,2.5638,0
2002-09-23,2.76,2.5665,0.0008,-0.4953,0.7805,-0.0925,1.5112,,,0.7813,1.1877,0.3749,1.6648,2.5124,0
2002-09-24,2.76,2.5629,-0.0001,-0.4949,0.7745,-0.0823,1.4826,,,0.7744,1.1786,0.3701,1.6637,2.5019,0
2002-09-25,2.83,2.5902,0.0052,-0.4786,0.8193,-0.1061,1.4749,,,0.8245,1.2432,0.4058,1.6929,2.5569,0
2002-09-26,2.86,2.5967,0.0088,-0.4581,0.8211,-0.1085,1.4948,,,0.8299,1.2387,0.4212,1.7299,2.5636,0
2002-09-27,2.74,2.5741,0.0011,-0.5194,0.8027,-0.1184,1.5406,,,0.8038,1.2216,0.3859,1.6368,2.5001,0
2002-09-30,2.63,2.5546,-0.0077,-0.5966,0.8045,-0.1247,1.5101,,,0.7968,1.2421,0.3514,1.5126,2.4348,0
2002-10-01,2.75,2.5811,-0.005,-0.5711,0.8417,-0.0967,1.5108,,,0.8367,1.2932,0.3802,1.5535,2.4869,0
2002-10-02,2.74,2.5782,-0.0049,-0.5734,0.837,-0.097,1.5272,,,0.8321,1.2856,0.3787,1.5514,2.476,0
2002-10-03,2.74,2.5776,-0.0047,-0.5839,0.842,-0.091,1.5197,,,0.8373,1.2952,0.3793,1.5357,2.4713,0
2002-10-04,2.73,2.5727,-0.0072,-0.5732,0.8263,-0.0885,1.5155,,,0.8191,1.2714,0.3667,1.5471,2.4764,0
2002-10-07,2.67,2.5603,-0.0122,-0.5836,0.8066,-0.1011,1.5164,,,0.7944,1.2457,0.3432,1.5255,2.4567,0
2002-10-08,2.7,2.5631,-0.011,-0.5642,0.8034,-0.0913,1.5064,,,0.7924,1.2369,0.3479,1.5544,2.4663,0
2002-10-09,2.65,2.5522,-0.0138,-0.5903,0.7906,-0.0887,1.6033,,,0.7768,1.2197,0.3338,1.5189,2.4318,0
2002-10-10,2.68,2.5656,-0.013,-0.5837,0.8147,-0.1036,1.6276,,,0.8017,1.2568,0.3466,1.5268,2.4606,0
2002-10-11,2.83,2.6066,-0.0037,-0.5461,0.8742,-0.101,1.6551,,,0.8705,1.3373,0.4036,1.5936,2.5422,0
2002-10-15,3.11,2.6682,0.0144,-0.4428,0.9499,-0.0797,1.594,,,0.9643,1.4336,0.4951,1.7562,2.6979,0
2002-10-16,3.11,2.6725,0.0163,-0.4683,0.9614,-0.072,1.6723,,,0.9777,1.451,0.5045,1.731,2.6982,0
2002-10-17,3.2,2.6983,0.0228,-0.4496,1.006,-0.0775,1.6925,,,1.0288,1.5155,0.542,1.762,2.7508,0
2002-10-18,3.17,2.6924,0.0221,-0.4638,0.9992,-0.08,1.7096,,,1.0213,1.5069,0.5358,1.7431,2.7359,0
2002-10-21,3.28,2.716,0.0312,-0.3973,1.0169,-0.0868,1.7034,,,1.0481,1.5206,0.5757,1.8463,2.7999,0
2002-10-22,3.29,2.725,0.034,-0.4173,1.0413,-0.093,1.7414,,,1.0753,1.5596,0.591,1.8233,2.8128,0
2002-10-23,3.26,2.7192,0.0345,-0.423,1.0341,-0.1048,1.7335,,,1.0686,1.5493,0.588,1.8155,2.7973,0
2002-10-24,3.18,2.6968,0.0276,-0.4695,1.0117,-0.0866,1.7439,,,1.0393,1.5246,0.554,1.742,2.7406,0
2002-10-25,3.1,2.6823,0.0202,-0.5122,1.0016,-0.0919,1.7728,,,1.0218,1.5174,0.5261,1.6744,2.6925,0
2002-10-28,3.03,2.6728,0.0141,-0.5788,1.0172,-0.0953,1.7261,,,1.0313,1.5554,0.5073,1.5699,2.6433,0
2002-10-29,2.89,2.6396,0.0061,-0.6371,0.9757,-0.0943,1.6647,,,0.9818,1.4999,0.4637,1.4845,2.55,0
2002-10-30,2.87,2.6455,0.0023,-0.6596,0.9975,-0.1157,1.6976,,,0.9998,1.5385,0.4612,1.4472,2.5477,0
2002-10-31,2.81,2.6296,-0.0027,-0.6871,0.9816,-0.1113,1.6516,,,0.9789,1.5209,0.4369,1.4005,2.5058,0
2002-11-01,2.92,2.652,0.0058,-0.6393,1.0045,-0.103,1.6639,,,1.0103,1.5439,0.4767,1.4791,2.5502,0
2002-11-04,3.0,2.6673,0.0124,-0.6243,1.0286,-0.084,1.6777,,,1.041,1.5764,0.5056,1.5076,2.5837,0
2002-11-05,3.0,2.6729,0.0159,-0.6353,1.0441,-0.0976,1.6396,,,1.06,1.6003,0.5198,1.4974,2.5892,0
2002-11-06,3.01,2.6716,0.0294,-0.6191,1.0372,-0.1091,1.6009,,,1.0666,1.5769,0.5562,1.5421,2.5635,0
2002-11-07,2.86,2.6251,0.029,-0.6099,0.9426,-0.1268,1.6399,,,0.9716,1.4292,0.5141,1.5577,2.4918,0
2002-11-08,2.87,2.6133,0.035,-0.5772,0.9147,-0.1158,1.6649,,,0.9497,1.3818,0.5176,1.604,2.4813,0
2002-11-12,2.83,2.607,0.0333,-0.6118,0.9257,-0.1241,1.6534,,,0.959,1.4098,0.5081,1.5443,2.469,0
2002-11-13,2.82,2.6028,0.0324,-0.6197,0.92,-0.1155,1.6719,,,0.9524,1.4017,0.5032,1.5338,2.4553,0
2002-11-14,3.01,2.6507,0.0441,-0.5728,0.9926,-0.1047,1.6388,,,1.0367,1.5018,0.5717,1.6129,2.5536,0
2002-11-15,3.05,2.6621,0.0486,-0.5697,1.0057,-0.0967,1.7138,,,1.0543,1.516,0.5925,1.6307,2.5745,0
2002-11-18,3.04,2.6525,0.0492,-0.5645,0.9869,-0.0841,1.7227,,,1.0361,1.4868,0.5854,1.6373,2.5609,0
2002-11-19,3.02,2.6429,0.05,-0.5505,0.9635,-0.0859,1.7186,,,1.0135,1.4486,0.5784,1.6573,2.5493,0
2002-11-20,3.13,2.6724,0.0595,-0.522,1.0117,-0.0916,1.7133,,,1.0712,1.5158,0.6267,1.7058,2.6085,0
2002-11-21,3.2,2.6933,0.0664,-0.5147,1.0449,-0.0898,1.7547,,,1.1113,1.5608,0.6617,1.729,2.6464,0
2002-11-22,3.26,2.7032,0.0735,-0.489,1.057,-0.0848,1.7106,,,1.1305,1.5746,0.6865,1.7702,2.6747,0
2002-11-25,3.26,2.7051,0.0744,-0.4953,1.0639,-0.0881,1.7108,,,1.1383,1.5869,0.6896,1.7612,2.683,0
2002-11-26,3.14,2.6744,0.066,-0.5303,1.0198,-0.0899,1.731,,,1.0858,1.5276,0.644,1.7023,2.6178,0
2002-11-27,3.34,2.7304,0.077,-0.5104,1.1261,-0.0831,1.7092,,,1.2031,1.688,0.7182,1.7351,2.7247,0
2002-11-29,3.28,2.7186,0.0747,-0.514,1.0962,-0.0955,1.7208,,,1.1709,1.6384,0.7034,1.7371,2.6969,0
2002-12-02,3.31,2.72,0.0767,-0.4744,1.0837,-0.096,1.6996,,,1.1604,1.6126,0.7082,1.7934,2.7093,0
2002-12-03,3.33,2.7239,0.0782,-0.4688,1.088,-0.0913,1.6974,,,1.1662,1.6171,0.7152,1.8041,2.7178,0
2002-12-04,3.25,2.7074,0.0737,-0.5021,1.0706,-0.0997,1.6961,,,1.1443,1.5977,0.691,1.752,2.6786,0
2002-12-05,3.19,2.6919,0.0688,-0.5177,1.0466,-0.0996,1.6914,,,1.1154,1.564,0.6669,1.7256,2.642,0
2002-12-06,3.13,2.6818,0.0621,-0.5662,1.0495,-0.0972,1.687,,,1.1116,1.5795,0.6436,1.6477,2.6085,0
2002-12-09,3.08,2.6703,0.0545,-0.575,1.026,-0.0958,1.7139,,,1.0805,1.5468,0.6143,1.629,2.5896,0
2002-12-10,3.07,2.6662,0.0532,-0.5597,1.013,-0.1027,1.7083,,,1.0662,1.5248,0.6076,1.6479,2.5831,0
2002-12-11,3.02,2.6516,0.0493,-0.5732,0.9903,-0.098,1.7157,,,1.0396,1.4932,0.5859,1.6248,2.553,0
2002-12-12,3.03,2.6513,0.0491,-0.568,0.9901,-0.0925,1.6952,,,1.0392,1.4934,0.5849,1.629,2.553,0
2002-12-13,3.08,2.6667,0.0503,-0.5748,1.0216,-0.0837,1.6796,,,1.0719,1.5425,0.6012,1.6212,2.5797,0
2002-12-16,3.14,2.6867,0.0536,-0.5666,1.0563,-0.09,1.6474,,,1.1099,1.5939,0.6259,1.6361,2.6202,0
2002-12-17,3.11,2.6822,0.0509,-0.5973,1.06,-0.0857,1.6216,,,1.1109,1.605,0.6168,1.5908,2.6009,0
2002-12-18,3.03,2.6647,0.0426,-0.6369,1.0389,-0.0793,1.6358,,,1.0815,1.5803,0.5828,1.5291,2.557,0
2002-12-19,2.91,2.6353,0.0318,-0.6774,0.9984,-0.0782,1.6305,,,1.0302,1.5275,0.533,1.4607,2.4879,0
2002-12-20,2.93,2.6363,0.0315,-0.6559,0.9927,-0.0746,1.5976,,,1.0242,1.5155,0.5328,1.489,2.4917,0
2002-12-23,2.95,2.6415,0.0313,-0.6431,0.9959,-0.0756,1.6015,,,1.0272,1.5189,0.5356,1.5067,2.5089,0
2002-12-24,2.92,2.6321,0.0289,-0.6424,0.9812,-0.0798,1.5838,,,1.0101,1.4988,0.5214,1.501,2.4924,0
2002-12-26,2.89,2.6246,0.025,-0.6519,0.9688,-0.0765,1.6124,,,0.9938,1.4818,0.5058,1.4847,2.4752,0
2002-12-27,2.79,2.598,0.0174,-0.6877,0.932,-0.0697,1.6398,,,0.9494,1.4326,0.4663,1.4271,2.412,0
2002-12-30,2.76,2.591,0.0131,-0.7004,0.9252,-0.069,1.6306,,,0.9383,1.4272,0.4495,1.4018,2.399,0
2002-12-31,2.78,2.5946,0.0132,-0.6994,0.934,-0.0625,1.6118,,,0.9472,1.4414,0.4531,1.4011,2.4029,0
2003-01-02,3.05,2.6615,0.0318,-0.6247,1.0307,-0.0493,1.5908,1.75,1.3,1.0625,1.5702,0.5548,1.5291,2.5376,0
2003-01-03,3.03,2.6586,0.0347,-0.6319,1.0216,-0.053,1.5931,1.75,1.28,1.0563,1.5532,0.5595,1.5299,2.5328,0
2003-01-06,3.1,2.6693,0.039,-0.6053,1.0323,-0.0353,1.5909,1.79,1.31,1.0713,1.5649,0.5778,1.5704,2.5643,0
2003-01-07,3.04,2.6583,0.0372,-0.6338,1.0224,-0.0441,1.6015,1.76,1.28,1.0596,1.5535,0.5657,1.5306,2.5315,0
2003-01-08,3.01,2.6445,0.0364,-0.6259,0.9984,-0.0434,1.5224,1.68,1.33,1.0348,1.5176,0.5521,1.5358,2.5063,0
2003-01-09,3.23,2.6985,0.0526,-0.5577,1.0741,-0.0376,1.4879,1.82,1.41,1.1267,1.6169,0.6366,1.6507,2.6179,0
2003-01-10,3.2,2.6942,0.0526,-0.5805,1.0719,-0.0382,1.4941,1.8,1.4,1.1245,1.615,0.6341,1.6232,2.603,0
2003-01-13,3.17,2.6881,0.0496,-0.5929,1.0664,-0.0412,1.4599,1.77,1.4,1.116,1.6113,0.6206,1.5998,2.598,0
2003-01-14,3.1,2.6732,0.045,-0.621,1.0489,-0.0461,1.441,1.72,1.38,1.0939,1.5902,0.5977,1.5559,2.5605,0
2003-01-15,3.1,2.6697,0.0451,-0.607,1.0371,-0.0449,1.4188,1.69,1.41,1.0822,1.5692,0.5951,1.5756,2.5535,0
2003-01-16,3.11,2.6711,0.0464,-0.6032,1.0385,-0.0429,1.4397,1.71,1.4,1.0849,1.5698,0.6,1.583,2.5541,0
2003-01-17,3.05,2.6542,0.0438,-0.6083,1.0071,-0.0468,1.4017,1.6,1.45,1.0509,1.5225,0.5793,1.5743,2.5215,0
2003-01-21,3.0,2.6437,0.0381,-0.64,1.0014,-0.0432,1.4262,1.62,1.38,1.0395,1.5225,0.5565,1.5207,2.5,0
2003-01-22,2.94,2.6275,0.0336,-0.659,0.9758,-0.038,1.4585,1.6,1.34,1.0094,1.4863,0.5326,1.4917,2.4622,0
2003-01-23,2.97,2.6335,0.0351,-0.6475,0.9882,-0.0394,1.3889,1.55,1.42,1.0233,1.5059,0.5408,1.5035,2.4771,0
2003-01-24,2.93,2.6207,0.0333,-0.651,0.9643,-0.0373,1.3408,1.47,1.46,0.9976,1.4697,0.5255,1.4976,2.4528,0
2003-01-27,2.97,2.6344,0.0366,-0.64,0.9859,-0.0469,1.3287,1.5,1.47,1.0225,1.4996,0.5454,1.5173,2.4782,0
2003-01-28,2.99,2.6393,0.0377,-0.6299,0.9883,-0.0454,1.351,1.52,1.47,1.026,1.4999,0.5521,1.5355,2.4892,0
2003-01-29,3.07,2.6557,0.0441,-0.6098,1.0165,-0.0366,1.3166,1.55,1.52,1.0606,1.5399,0.5814,1.5667,2.524,0
2003-01-30,3.02,2.6446,0.0424,-0.6208,0.9944,-0.0406,1.3612,1.56,1.46,1.0368,1.5054,0.5683,1.5553,2.4995,0
2003-01-31,3.02,2.6379,0.0436,-0.599,0.9753,-0.0378,1.3413,1.53,1.49,1.0189,1.4731,0.5648,1.5847,2.4929,0
2003-02-03,3.05,2.6423,0.0457,-0.578,0.9762,-0.0361,1.3461,1.53,1.52,1.0219,1.471,0.5727,1.6151,2.5096,0
2003-02-04,2.99,2.627,0.0437,-0.5885,0.9526,-0.0448,1.2731,1.45,1.54,0.9963,1.4373,0.5552,1.5975,2.4783,0
2003-02-05,3.07,2.6486,0.0488,-0.5699,0.9878,-0.0453,1.2399,1.46,1.61,1.0366,1.4873,0.586,1.628,2.5211,0
2003-02-06,3.02,2.6337,0.0459,-0.5856,0.9641,-0.0381,1.2219,1.4,1.62,1.01,1.4535,0.5665,1.6046,2.4897,0
2003-02-07,2.97,2.6264,0.0427,-0.5992,0.9567,-0.0566,1.2228,1.37,1.6,0.9994,1.4457,0.5531,1.5809,2.47,0
2003-02-10,3.03,2.6382,0.0444,-0.5882,0.9754,-0.0397,1.182,1.37,1.66,1.0198,1.4728,0.5667,1.5969,2.4973,0
2003-02-11,3.0,2.6361,0.0428,-0.6007,0.9726,-0.0508,1.1965,1.38,1.62,1.0154,1.4691,0.5616,1.5816,2.4882,0
2003-02-12,2.92,2.621,0.0358,-0.637,0.9564,-0.0561,1.2081,1.32,1.6,0.9922,1.4523,0.5321,1.5239,2.4538,0
2003-02-13,2.85,2.6048,0.0281,-0.6632,0.9337,-0.0534,1.2266,1.29,1.56,0.9618,1.4232,0.5003,1.4802,2.416,0
2003-02-14,2.91,2.6227,0.0306,-0.6581,0.9734,-0.0586,1.1897,1.29,1.62,1.004,1.4868,0.5212,1.4818,2.4513,0
2003-02-18,2.92,2.6217,0.031,-0.6414,0.9575,-0.0488,1.2011,1.29,1.63,0.9885,1.4563,0.5207,1.5125,2.4545,0
2003-02-19,2.87,2.604,0.0278,-0.6513,0.929,-0.0395,1.1935,1.25,1.62,0.9568,1.4157,0.4978,1.4938,2.4218,0
2003-02-20,2.82,2.5907,0.0232,-0.6629,0.9142,-0.0452,1.0414,1.13,1.69,0.9374,1.4001,0.4747,1.4651,2.3988,0
2003-02-21,2.86,2.6067,0.0247,-0.6615,0.9378,-0.0478,1.0761,1.13,1.73,0.9625,1.4327,0.4923,1.475,2.4257,0
2003-02-24,2.82,2.5945,0.0209,-0.6716,0.9204,-0.0443,1.0293,1.04,1.78,0.9413,1.4105,0.4722,1.4538,2.4048,0
2003-02-25,2.77,2.5816,0.0172,-0.677,0.8952,-0.047,1.0248,1.0,1.77,0.9124,1.3725,0.4523,1.4445,2.3782,0
2003-02-26,2.75,2.5734,0.0151,-0.6717,0.8772,-0.044,1.0556,1.01,1.74,0.8923,1.3445,0.44,1.4495,2.3648,0
2003-02-27,2.75,2.5681,0.0147,-0.6662,0.8679,-0.0345,1.0426,0.98,1.77,0.8826,1.3311,0.4341,1.4533,2.3581,0
2003-02-28,2.69,2.5527,0.0114,-0.6816,0.8459,-0.0384,1.0213,0.94,1.75,0.8573,1.3016,0.413,1.4268,2.3276,0
2003-03-03,2.66,2.5457,0.0068,-0.6941,0.8358,-0.0342,1.0332,0.93,1.73,0.8426,1.2899,0.3953,1.4043,2.3167,0
2003-03-04,2.62,2.5382,0.0031,-0.7076,0.8286,-0.0423,1.0331,0.9,1.72,0.8317,1.2832,0.3803,1.3791,2.2986,0
2003-03-05,2.58,2.5311,-0.0004,-0.7233,0.8187,-0.046,1.0559,0.9,1.68,0.8183,1.2697,0.3668,1.3563,2.2763,0
2003-03-06,2.63,2.5407,0.0021,-0.7138,0.8369,-0.0359,1.0228,0.9,1.73,0.839,1.297,0.381,1.3689,2.2943,0
2003-03-07,2.56,2.53,0.0011,-0.7452,0.8285,-0.0545,1.0178,0.82,1.74,0.8296,1.2865,0.3727,1.3279,2.2524,0
2003-03-10,2.51,2.5182,-0.0013,-0.7845,0.8237,-0.046,1.0163,0.79,1.72,0.8224,1.285,0.3597,1.271,2.2109,0
2003-03-11,2.54,2.522,0.0013,-0.7631,0.8227,-0.0429,0.9868,0.78,1.76,0.824,1.2793,0.3686,1.3036,2.2225,0
2003-03-12,2.57,2.5244,0.0064,-0.7238,0.8096,-0.0466,0.968,0.78,1.79,0.816,1.2502,0.3818,1.3663,2.2396,0
2003-03-13,2.75,2.5667,0.0204,-0.6539,0.8631,-0.0463,0.9176,0.88,1.87,0.8835,1.3179,0.4492,1.4785,2.3412,0
2003-03-14,2.72,2.5656,0.0207,-0.6715,0.8561,-0.0509,1.1244,1.15,1.57,0.8768,1.3042,0.4494,1.4667,2.3374,0
2003-03-17,2.82,2.5875,0.0279,-0.6494,0.9006,-0.0466,1.1231,1.15,1.67,0.9285,1.3722,0.4847,1.4944,2.3878,0
2003-03-18,2.93,2.6142,0.0359,-0.6112,0.9324,-0.0413,1.1816,1.3,1.63,0.9683,1.4113,0.5252,1.56,2.4514,0
2003-03-19,2.98,2.6317,0.0418,-0.6033,0.9643,-0.0545,1.2374,1.39,1.59,1.0061,1.4571,0.555,1.5773,2.4816,0
2003-03-20,3.02,2.6417,0.0446,-0.5961,0.9802,-0.0504,1.195,1.35,1.67,1.0248,1.4792,0.5704,1.5912,2.5015,0
2003-03-21,3.12,2.6714,0.0514,-0.5752,1.0245,-0.0521,1.2303,1.42,1.7,1.0759,1.5392,0.6125,1.6328,2.5575,0
2003-03-24,2.98,2.637,0.0428,-0.6108,0.9722,-0.0611,1.1851,1.32,1.66,1.015,1.4674,0.5626,1.5738,2.4876,0
2003-03-25,2.97,2.6347,0.0402,-0.6158,0.9714,-0.0605,1.1741,1.33,1.64,1.0116,1.4689,0.5543,1.5616,2.482,0
2003-03-26,2.94,2.6315,0.0376,-0.6292,0.9687,-0.0686,1.2071,1.29,1.65,1.0063,1.4666,0.5459,1.5419,2.4704,0
2003-03-27,2.92,2.6248,0.034,-0.6477,0.9691,-0.0602,1.1289,1.21,1.71,1.0031,1.4739,0.5323,1.5063,2.4507,0
2003-03-28,2.86,2.617,0.0283,-0.683,0.9665,-0.0687,1.1219,1.14,1.72,0.9948,1.4763,0.5132,1.4524,2.4219,0
2003-03-31,2.78,2.5931,0.0209,-0.7083,0.9287,-0.0544,1.1292,1.13,1.65,0.9496,1.4236,0.4757,1.4108,2.3696,0
2003-04-01,2.78,2.5927,0.0204,-0.7196,0.9356,-0.049,1.1736,1.14,1.64,0.956,1.4364,0.4755,1.3926,2.3595,0
2003-04-02,2.89,2.6225,0.029,-0.6759,0.9732,-0.0589,1.2023,1.23,1.66,1.0022,1.4835,0.521,1.4654,2.4226,0
2003-04-03,2.87,2.6197,0.0291,-0.6955,0.9757,-0.059,1.1747,1.23,1.64,1.0048,1.4895,0.5201,1.4395,2.4093,0
2003-04-04,2.88,2.6273,0.03,-0.6983,0.9907,-0.0697,1.1727,1.25,1.63,1.0207,1.512,0.5294,1.4377,2.4199,0
2003-04-07,2.99,2.6481,0.0353,-0.6379,1.0012,-0.0567,1.2164,1.38,1.61,1.0365,1.5163,0.5567,1.5304,2.4825,0
2003-04-08,2.91,2.6238,0.0305,-0.6624,0.9668,-0.0487,1.2196,1.34,1.57,0.9973,1.4701,0.5245,1.4886,2.4346,0
2003-04-09,2.87,2.6156,0.0275,-0.6791,0.958,-0.052,1.2339,1.32,1.55,0.9855,1.4598,0.5112,1.4622,2.4118,0
2003-04-10,2.89,2.6194,0.0271,-0.6741,0.9652,-0.0476,1.205,1.25,1.64,0.9923,1.4724,0.5122,1.4652,2.427,0
2003-04-11,2.95,2.6333,0.03,-0.6441,0.9755,-0.0447,1.2494,1.33,1.62,1.0055,1.4814,0.5296,1.5133,2.4641,0
2003-04-14,3.02,2.643,0.0356,-0.6069,0.9815,-0.0332,1.2596,1.36,1.66,1.0171,1.4848,0.5494,1.5684,2.4998,0
2003-04-15,2.96,2.6262,0.034,-0.6172,0.9536,-0.0367,1.2792,1.34,1.62,0.9876,1.4442,0.531,1.5524,2.47,0
2003-04-16,2.95,2.6216,0.0339,-0.6114,0.944,-0.0381,1.2624,1.37,1.58,0.9779,1.4289,0.527,1.5592,2.4605,0
2003-04-17,2.99,2.6283,0.039,-0.5856,0.9459,-0.0376,1.3255,1.41,1.58,0.9849,1.4254,0.5445,1.6022,2.4795,0
2003-04-21,3.03,2.633,0.0416,-0.5721,0.9509,-0.0234,1.3579,1.46,1.57,0.9925,1.431,0.554,1.6225,2.4959,0
2003-04-22,3.01,2.6341,0.0416,-0.5879,0.9603,-0.0381,1.3902,1.5,1.51,1.0019,1.4483,0.5555,1.5998,2.4934,0
2003-04-23,3.02,2.6338,0.0423,-0.582,0.9606,-0.0347,1.387,1.48,1.54,1.0029,1.4488,0.557,1.6059,2.494,0
2003-04-24,2.92,2.6087,0.0364,-0.6085,0.9208,-0.0374,1.4034,1.46,1.46,0.9572,1.3919,0.5224,1.5655,2.437,0
2003-04-25,2.88,2.6014,0.0313,-0.6428,0.9257,-0.0355,1.3933,1.42,1.46,0.957,1.4091,0.5048,1.5064,2.4142,0
2003-04-28,2.9,2.6035,0.0313,-0.6285,0.9248,-0.0311,1.3659,1.42,1.48,0.9561,1.4061,0.5061,1.525,2.4219,0
2003-04-29,2.94,2.6147,0.0339,-0.6146,0.937,-0.031,1.4035,1.47,1.47,0.9709,1.4198,0.522,1.5512,2.4429,0
2003-04-30,2.85,2.5935,0.0273,-0.6601,0.919,-0.0296,1.3913,1.4,1.45,0.9463,1.403,0.4895,1.4766,2.3891,0
2003-05-01,2.82,2.591,0.0242,-0.6827,0.918,-0.0304,1.4724,1.52,1.3,0.9422,1.4025,0.4818,1.4479,2.37,0
2003-05-02,2.9,2.6059,0.0277,-0.6547,0.9409,-0.0198,1.4717,1.56,1.34,0.9686,1.4359,0.5012,1.4839,2.4105,0
2003-05-05,2.87,2.5957,0.0258,-0.6497,0.9206,-0.0224,1.3724,1.37,1.5,0.9464,1.4058,0.487,1.4866,2.3971,0
2003-05-06,2.76,2.5744,0.0174,-0.7137,0.9024,-0.0205,1.3957,1.34,1.42,0.9198,1.3884,0.4512,1.3921,2.3355,0
2003-05-07,2.64,2.5422,0.0097,-0.7189,0.8385,-0.0315,1.3865,1.26,1.38,0.8482,1.2927,0.4037,1.3788,2.2817,0
2003-05-08,2.62,2.5357,0.0068,-0.7336,0.8368,-0.0257,1.3712,1.28,1.34,0.8436,1.2965,0.3907,1.3491,2.2716,0
2003-05-09,2.61,2.531,0.0058,-0.7226,0.8235,-0.0276,1.361,1.21,1.4,0.8293,1.2746,0.3839,1.363,2.265,0
2003-05-12,2.58,2.5184,0.0044,-0.7081,0.7909,-0.0256,1.3589,1.21,1.37,0.7953,1.2215,0.3691,1.3841,2.2461,0
2003-05-13,2.58,2.5145,0.0044,-0.7133,0.7892,-0.0148,1.2998,1.19,1.39,0.7936,1.2213,0.3659,1.3735,2.2389,0
2003-05-14,2.47,2.4875,-0.0011,-0.7394,0.748,-0.0249,1.3358,1.15,1.32,0.7469,1.1637,0.3301,1.3313,2.1838,0
2003-05-15,2.52,2.4896,0.0038,-0.6951,0.7404,-0.0186,1.2586,1.13,1.39,0.7442,1.1457,0.3426,1.3929,2.1983,0
2003-05-16,2.43,2.4748,-0.0007,-0.7438,0.7285,-0.0288,1.2806,1.12,1.31,0.7278,1.1343,0.3214,1.3245,2.1542,0
2003-05-19,2.41,2.47,-0.004,-0.7619,0.7287,-0.0228,1.2918,1.07,1.34,0.7247,1.1397,0.3097,1.2931,2.1402,0
2003-05-20,2.34,2.4469,-0.008,-0.7656,0.6879,-0.0212,1.2179,0.99,1.35,0.6799,1.0795,0.2804,1.2818,2.0952,0
2003-05-21,2.37,2.45,-0.0059,-0.7205,0.6721,-0.0256,1.207,1.03,1.34,0.6662,1.0467,0.2856,1.3489,2.1192,0
2003-05-22,2.32,2.4383,-0.0075,-0.7223,0.6512,-0.0397,1.2232,1.02,1.3,0.6437,1.016,0.2713,1.3437,2.102,0
2003-05-23,2.33,2.4375,-0.0059,-0.7093,0.6463,-0.0385,1.2164,1.02,1.31,0.6404,1.0069,0.2738,1.3616,2.1051,0
2003-05-27,2.34,2.4574,-0.0084,-0.7594,0.7034,-0.0531,1.2719,1.09,1.25,0.695,1.1039,0.2862,1.2892,2.1295,0
2003-05-28,2.35,2.4613,-0.0134,-0.7807,0.7148,-0.032,1.304,1.12,1.23,0.7014,1.1254,0.2773,1.2566,2.1326,0
2003-05-29,2.27,2.4359,-0.0194,-0.793,0.6727,-0.0261,1.2827,1.04,1.23,0.6533,1.0647,0.2418,1.2314,2.0789,0
2003-05-30,2.3,2.4419,-0.0186,-0.7846,0.6817,-0.0204,1.2722,1.04,1.26,0.6631,1.0779,0.2483,1.2425,2.0939,0
2003-06-02,2.37,2.4595,-0.0174,-0.7759,0.7118,-0.008,1.2869,1.08,1.29,0.6944,1.1232,0.2656,1.2548,2.1301,0
2003-06-03,2.25,2.4322,-0.0242,-0.8318,0.6845,-0.0106,1.2668,1.0,1.25,0.6603,1.0916,0.2289,1.169,2.0559,0
2003-06-04,2.19,2.4206,-0.0283,-0.8478,0.6665,-0.021,1.272,0.94,1.25,0.6382,1.0661,0.2103,1.145,2.0244,0
2003-06-05,2.25,2.4347,-0.0233,-0.8193,0.6841,-0.0262,1.2348,0.94,1.31,0.6608,1.0874,0.2343,1.1888,2.0538,0
2003-06-06,2.29,2.4437,-0.0192,-0.8079,0.6982,-0.0248,1.2228,0.96,1.33,0.679,1.1061,0.2519,1.2087,2.0723,0
2003-06-09,2.2,2.4208,-0.0237,-0.8423,0.669,-0.0238,1.1954,0.88,1.32,0.6453,1.0678,0.2227,1.156,2.0199,0
2003-06-10,2.12,2.3956,-0.0282,-0.8698,0.6334,-0.0111,1.1857,0.81,1.31,0.6052,1.0183,0.1922,1.1128,1.9596,0
2003-06-11,2.16,2.4004,-0.025,-0.8499,0.6372,-0.0028,1.1743,0.8,1.36,0.6122,1.0206,0.2039,1.1422,1.9717,0
2003-06-12,2.1,2.3898,-0.0254,-0.878,0.6295,-0.0158,1.1772,0.78,1.32,0.6041,1.0122,0.1959,1.1036,1.9379,0
2003-06-13,2.08,2.3744,-0.0246,-0.8835,0.6059,0.0078,1.1452,0.71,1.37,0.5813,0.9765,0.1862,1.0958,1.9027,0
2003-06-16,2.14,2.3942,-0.017,-0.8494,0.6291,-0.017,1.1648,0.79,1.35,0.6121,1.0037,0.2205,1.1532,1.9491,0
2003-06-17,2.26,2.4213,-0.0079,-0.7985,0.6557,-0.0106,1.223,0.91,1.35,0.6478,1.0312,0.2644,1.2394,2.012,0
2003-06-18,2.34,2.4476,0.0005,-0.7966,0.7079,-0.0194,1.252,0.98,1.36,0.7084,1.1082,0.3086,1.2512,2.0546,0
2003-06-19,2.28,2.4416,-0.0011,-0.8724,0.7316,-0.0197,1.2268,0.89,1.39,0.7305,1.1572,0.3038,1.1425,2.0134,0
2003-06-20,2.31,2.4556,-0.0001,-0.8626,0.7494,-0.0323,1.2256,0.92,1.39,0.7493,1.1807,0.3179,1.1616,2.0406,0
2003-06-23,2.24,2.4344,-0.0072,-0.8809,0.716,-0.0223,1.2105,0.88,1.36,0.7088,1.136,0.2816,1.1263,2.005,0
2003-06-24,2.21,2.4234,-0.0103,-0.887,0.6971,-0.0133,1.2029,0.84,1.37,0.6868,1.1082,0.2655,1.1151,1.9775,0
2003-06-25,2.32,2.449,-0.0047,-0.8154,0.7132,-0.0222,1.1297,0.87,1.45,0.7085,1.1208,0.2963,1.2214,2.0599,0
2003-06-26,2.49,2.4933,0.0087,-0.7524,0.7654,-0.0251,1.2566,1.02,1.47,0.7741,1.1829,0.3653,1.3321,2.1562,0
2003-06-27,2.52,2.5028,0.011,-0.7936,0.8105,-0.0107,1.2161,1.04,1.48,0.8215,1.263,0.3801,1.2678,2.1653,0
2003-06-30,2.46,2.4888,0.0062,-0.8028,0.7863,-0.0184,1.2088,1.01,1.45,0.7925,1.2294,0.3555,1.249,2.1445,0
2003-07-01,2.48,2.4937,0.0052,-0.8167,0.802,-0.0042,1.2231,1.03,1.45,0.8072,1.256,0.3584,1.2282,2.1454,0
2003-07-02,2.47,2.4958,0.0021,-0.8316,0.8076,-0.0039,1.2713,1.04,1.43,0.8097,1.2655,0.3539,1.2084,2.138,0
2003-07-03,2.55,2.5254,0.0053,-0.8279,0.8613,-0.0141,1.3012,1.11,1.44,0.8666,1.3451,0.3881,1.219,2.1843,0
2003-07-07,2.63,2.5456,0.009,-0.8092,0.8895,-0.0049,1.3358,1.19,1.44,0.8985,1.3829,0.4141,1.252,2.2244,0
2003-07-08,2.65,2.5511,0.013,-0.797,0.8932,-0.0103,1.3682,1.24,1.41,0.9062,1.3839,0.4285,1.2764,2.2356,0
2003-07-09,2.63,2.5417,0.0135,-0.805,0.8838,-0.004,1.2918,1.17,1.46,0.8973,1.3726,0.422,1.2614,2.2186,0
2003-07-10,2.59,2.5344,0.0104,-0.8309,0.8808,-0.0047,1.261,1.14,1.45,0.8912,1.3738,0.4085,1.2208,2.2009,0
2003-07-11,2.52,2.523,0.0047,-0.8594,0.8685,-0.0167,1.2861,1.1,1.42,0.8732,1.3611,0.3852,1.1756,2.175,0
2003-07-14,2.6,2.5419,0.0075,-0.8432,0.9009,-0.0071,1.2207,1.13,1.47,0.9084,1.409,0.4078,1.198,2.2121,0
2003-07-15,2.81,2.6001,0.0225,-0.7841,0.9842,-0.0127,1.259,1.28,1.53,1.0067,1.5192,0.4942,1.3035,2.3231,0
2003-07-16,2.87,2.61,0.0304,-0.7599,0.9921,-0.0026,1.2599,1.31,1.56,1.0225,1.5232,0.5217,1.3493,2.3465,0
2003-07-17,2.88,2.6136,0.0339,-0.7633,1.0017,-0.0059,1.2572,1.31,1.57,1.0356,1.5372,0.534,1.3487,2.3512,0
2003-07-18,2.93,2.6208,0.0385,-0.7448,1.0075,0.008,1.2496,1.28,1.65,1.046,1.5408,0.5512,1.3812,2.3681,0
2003-07-21,3.1,2.6461,0.045,-0.7206,1.0466,0.0828,1.301,1.47,1.63,1.0916,1.5955,0.5877,1.4216,2.4231,0
2003-07-22,3.07,2.6649,0.0515,-0.7183,1.0851,-0.0132,1.2475,1.48,1.59,1.1366,1.6526,0.6206,1.4306,2.4527,0
2003-07-23,3.04,2.6546,0.0481,-0.7432,1.0695,0.011,1.2497,1.37,1.67,1.1176,1.6312,0.604,1.3978,2.4278,0
2003-07-24,3.08,2.673,0.0485,-0.7628,1.1177,0.0037,1.1946,1.41,1.67,1.1662,1.7112,0.6212,1.3652,2.457,0
2003-07-25,3.1,2.6812,0.0486,-0.7611,1.1298,0.0015,1.138,1.34,1.76,1.1784,1.728,0.6289,1.3705,2.4681,0
2003-07-28,3.21,2.711,0.0539,-0.7223,1.1633,0.0041,1.2103,1.49,1.72,1.2172,1.7678,0.6666,1.4381,2.5295,0
2003-07-29,3.33,2.7422,0.0629,-0.6936,1.2096,0.0088,1.2675,1.63,1.7,1.2725,1.8297,0.7153,1.4914,2.589,0
2003-07-30,3.27,2.7259,0.061,-0.7165,1.1928,0.0068,1.2437,1.54,1.73,1.2538,1.8109,0.6968,1.4523,2.5593,0
2003-07-31,3.38,2.7634,0.0678,-0.7319,1.2669,0.0138,1.2474,1.63,1.75,1.3347,1.9241,0.7454,1.4421,2.6278,0
2003-08-01,3.37,2.7661,0.0713,-0.7026,1.2567,-0.0215,1.223,1.62,1.75,1.328,1.9008,0.7551,1.4906,2.6437,0
2003-08-04,3.24,2.7395,0.0605,-0.7596,1.2296,-0.03,1.1959,1.52,1.72,1.2901,1.8738,0.7064,1.3962,2.5886,0
2003-08-05,3.37,2.7722,0.0705,-0.7028,1.2672,-0.0371,1.2209,1.62,1.75,1.3377,1.9177,0.7577,1.4894,2.658,0
2003-08-06,3.25,2.7286,0.0653,-0.6999,1.1792,-0.0231,1.2158,1.53,1.72,1.2445,1.7819,0.7071,1.4913,2.5822,0
2003-08-07,3.19,2.7093,0.0622,-0.6994,1.1478,-0.0298,1.1839,1.41,1.78,1.21,1.7375,0.6824,1.4823,2.5518,0
2003-08-08,3.17,2.7055,0.0595,-0.7188,1.1477,-0.0239,1.197,1.43,1.74,1.2072,1.7411,0.6732,1.4528,2.5397,0
2003-08-11,3.26,2.7304,0.064,-0.7026,1.1944,-0.0262,1.1414,1.44,1.82,1.2584,1.8123,0.7044,1.4739,2.593,0
2003-08-12,3.23,2.7306,0.0614,-0.7279,1.202,-0.0361,1.1404,1.42,1.81,1.2634,1.8268,0.6999,1.4392,2.58,0
2003-08-13,3.43,2.7877,0.0734,-0.7011,1.3006,-0.0306,1.1456,1.55,1.88,1.374,1.9696,0.7784,1.4909,2.6838,0
2003-08-14,3.42,2.7844,0.075,-0.7106,1.2976,-0.0264,1.1236,1.53,1.89,1.3726,1.9655,0.7797,1.4809,2.6783,0
2003-08-15,3.42,2.7845,0.0768,-0.7039,1.2924,-0.0298,1.0988,1.5,1.92,1.3692,1.954,0.7845,1.4958,2.6772,0
2003-08-18,3.37,2.769,0.0741,-0.7042,1.2627,-0.0316,1.1078,1.49,1.88,1.3368,1.9103,0.7634,1.4914,2.6568,0
2003-08-19,3.27,2.7369,0.0691,-0.7015,1.2018,-0.0363,1.0786,1.4,1.87,1.2709,1.8182,0.7236,1.4881,2.599,0
2003-08-20,3.35,2.7545,0.0745,-0.6796,1.2332,-0.0326,1.0317,1.41,1.94,1.3077,1.8637,0.7516,1.5188,2.6348,0
2003-08-21,3.51,2.7816,0.0885,-0.6013,1.2536,-0.0124,0.9851,1.45,2.06,1.3421,1.8774,0.8068,1.645,2.7055,0
2003-08-22,3.47,2.7685,0.0904,-0.6136,1.2312,-0.0065,0.9862,1.42,2.05,1.3216,1.843,0.8002,1.6335,2.6842,0
2003-08-25,3.52,2.7822,0.0952,-0.5948,1.2507,-0.0133,1.0147,1.49,2.03,1.3459,1.8694,0.8225,1.6639,2.7179,0
2003-08-26,3.5,2.7738,0.0945,-0.5933,1.235,-0.01,1.0131,1.47,2.03,1.3295,1.8448,0.8141,1.6652,2.7004,0
2003-08-27,3.55,2.7864,0.0998,-0.5694,1.2475,-0.0143,1.044,1.54,2.01,1.3473,1.8571,0.8374,1.7072,2.7278,0
2003-08-28,3.42,2.7516,0.0913,-0.6063,1.1973,-0.0139,1.0475,1.44,1.98,1.2886,1.7895,0.7876,1.6444,2.658,0
2003-08-29,3.46,2.7591,0.0938,-0.5779,1.2021,-0.0171,1.0472,1.47,1.99,1.2959,1.7922,0.7996,1.6849,2.6757,0
2003-09-02,3.63,2.8047,0.1041,-0.5414,1.2717,-0.0091,1.0895,1.63,2.0,1.3758,1.8881,0.8635,1.751,2.7638,0
2003-09-03,3.61,2.8031,0.1059,-0.5615,1.2756,-0.013,1.0631,1.58,2.03,1.3815,1.8949,0.868,1.7281,2.7516,0
2003-09-04,3.5,2.7764,0.0956,-0.6133,1.244,-0.0027,1.0477,1.49,2.01,1.3396,1.8586,0.8205,1.6441,2.6948,0
2003-09-05,3.28,2.7249,0.0747,-0.696,1.1797,-0.0034,1.0119,1.31,1.97,1.2544,1.7816,0.7272,1.5017,2.58,0
2003-09-08,3.32,2.7389,0.0711,-0.6758,1.1971,-0.0113,1.042,1.38,1.94,1.2682,1.8064,0.7299,1.5249,2.6059,0
2003-09-09,3.28,2.7297,0.0664,-0.6946,1.1869,-0.0083,1.0463,1.34,1.94,1.2533,1.795,0.7115,1.4933,2.58,0
2003-09-10,3.18,2.7021,0.0568,-0.7282,1.1442,0.0051,1.0776,1.28,1.9,1.201,1.7369,0.6651,1.4381,2.5216,0
2003-09-11,3.24,2.7184,0.0603,-0.7061,1.1712,-0.0038,1.0743,1.32,1.92,1.2315,1.7757,0.6874,1.4681,2.5543,0
2003-09-12,3.15,2.7007,0.0543,-0.7336,1.1444,-0.0158,1.0647,1.27,1.88,1.1987,1.7395,0.6579,1.4263,2.5178,0
2003-09-15,3.12,2.7,0.0499,-0.7512,1.1517,-0.0304,1.0632,1.25,1.87,1.2016,1.7566,0.6467,1.3939,2.5131,0
2003-09-16,3.12,2.7047,0.046,-0.7777,1.1679,-0.0209,1.1271,1.32,1.8,1.2139,1.7854,0.6424,1.3555,2.5102,0
2003-09-17,3.06,2.6776,0.042,-0.7609,1.1065,-0.0052,1.1407,1.29,1.77,1.1485,1.6886,0.6084,1.3766,2.4675,0
2003-09-18,3.09,2.6779,0.046,-0.7299,1.0996,-0.0036,1.1491,1.3,1.79,1.1456,1.6739,0.6174,1.4198,2.4788,0
2003-09-19,3.11,2.6749,0.0514,-0.6978,1.0846,-0.0031,1.1219,1.3,1.81,1.136,1.6452,0.6268,1.4679,2.4851,0
2003-09-22,3.16,2.6949,0.055,-0.7019,1.1272,-0.0152,1.1101,1.32,1.84,1.1822,1.7121,0.6524,1.4632,2.5235,0
2003-09-23,3.13,2.6875,0.0536,-0.7068,1.1098,-0.0142,1.1019,1.29,1.84,1.1634,1.6837,0.6431,1.4604,2.5062,0
2003-09-24,3.07,2.6665,0.0505,-0.7074,1.0713,-0.0108,1.0702,1.21,1.86,1.1218,1.626,0.6175,1.4548,2.4687,0
2003-09-25,3.05,2.655,0.049,-0.7069,1.0528,0.0001,1.03,1.14,1.91,1.1018,1.6,0.6035,1.4499,2.451,0
2003-09-26,2.95,2.6303,0.0419,-0.73,1.013,-0.0051,0.9819,1.04,1.91,1.0549,1.5449,0.5649,1.4103,2.4046,0
2003-09-29,2.98,2.644,0.0416,-0.7285,1.0395,-0.0166,0.9877,1.07,1.91,1.0811,1.5864,0.5758,1.4103,2.4288,0
2003-09-30,2.85,2.6085,0.0302,-0.7716,0.987,-0.0041,0.9922,0.99,1.86,1.0172,1.5154,0.5189,1.3387,2.3519,0
2003-10-01,2.84,2.6081,0.0266,-0.7791,0.991,-0.0066,1.0033,1.0,1.84,1.0176,1.5248,0.5103,1.3218,2.3439,0
2003-10-02,2.9,2.6286,0.0293,-0.7707,1.0279,-0.0151,1.0381,1.07,1.83,1.0572,1.5793,0.5351,1.3358,2.3776,0
2003-10-03,3.12,2.6834,0.0464,-0.7082,1.1078,-0.0094,1.0517,1.23,1.89,1.1542,1.6854,0.6229,1.444,2.4883,0
2003-10-06,3.06,2.6706,0.0471,-0.7394,1.0913,-0.0096,1.0377,1.19,1.87,1.1384,1.6609,0.6158,1.4086,2.4527,0
2003-10-07,3.15,2.6971,0.0528,-0.7215,1.1361,-0.0145,1.0338,1.24,1.91,1.1889,1.7266,0.6512,1.4379,2.5098,0
2003-10-08,3.14,2.6972,0.0514,-0.7468,1.1427,-0.0045,1.0534,1.25,1.89,1.1941,1.7393,0.6489,1.4052,2.5029,0
2003-10-09,3.17,2.71,0.0545,-0.7447,1.1707,-0.0204,1.0309,1.25,1.92,1.2252,1.7828,0.6675,1.4076,2.5261,0
2003-10-10,3.15,2.6985,0.0539,-0.7327,1.1398,-0.0096,0.9747,1.18,1.97,1.1937,1.7317,0.6558,1.4279,2.5083,0
2003-10-14,3.23,2.7248,0.0578,-0.7351,1.1925,-0.01,0.9615,1.23,2.0,1.2503,1.8125,0.688,1.4275,2.5555,0
2003-10-15,3.3,2.7403,0.0651,-0.7116,1.2128,-0.0066,0.9735,1.28,2.02,1.2779,1.8373,0.7185,1.4693,2.5898,0
2003-10-16,3.4,2.7581,0.0793,-0.6429,1.2211,-0.0157,0.9473,1.32,2.08,1.3004,1.8351,0.7658,1.5806,2.6478,0
2003-10-17,3.33,2.7385,0.0802,-0.6508,1.1876,-0.0255,0.8924,1.26,2.07,1.2678,1.7846,0.751,1.5709,2.615,0
2003-10-20,3.33,2.7355,0.08,-0.6437,1.1784,-0.0202,0.8843,1.27,2.06,1.2584,1.7698,0.7471,1.5804,2.6168,0
2003-10-21,3.31,2.7289,0.0789,-0.647,1.1673,-0.0181,0.8999,1.27,2.04,1.2462,1.754,0.7384,1.5741,2.6065,0
2003-10-22,3.21,2.7017,0.0721,-0.6661,1.1236,-0.0213,0.9101,1.24,1.97,1.1957,1.6925,0.6988,1.5387,2.5536,0
2003-10-23,3.24,2.7129,0.0736,-0.6697,1.1524,-0.0292,0.8724,1.23,2.01,1.226,1.74,0.7121,1.5293,2.5742,0
2003-10-24,3.13,2.6828,0.0658,-0.6875,1.099,-0.0301,0.8375,1.14,1.99,1.1648,1.6623,0.6672,1.4977,2.5171,0
2003-10-27,3.21,2.6989,0.069,-0.6533,1.1151,-0.0197,0.8225,1.19,2.02,1.1841,1.6806,0.6876,1.5491,2.5559,0
2003-10-28,3.11,2.6782,0.0619,-0.6985,1.0943,-0.0259,0.8182,1.11,2.0,1.1562,1.6585,0.6538,1.4774,2.5064,0
2003-10-29,3.2,2.7018,0.0663,-0.6714,1.1287,-0.0254,0.8299,1.17,2.03,1.195,1.7054,0.6845,1.5199,2.552,0
2003-10-30,3.29,2.7194,0.075,-0.6314,1.147,-0.02,0.8212,1.24,2.05,1.222,1.7239,0.7201,1.5861,2.5923,0
2003-10-31,3.27,2.7095,0.0763,-0.6341,1.1311,-0.0128,0.7912,1.21,2.06,1.2074,1.7003,0.7145,1.5825,2.5782,0
2003-11-03,3.34,2.7278,0.0828,-0.6086,1.1576,-0.0196,0.7893,1.27,2.07,1.2404,1.7354,0.7454,1.6242,2.6186,0
2003-11-04,3.28,2.7109,0.0814,-0.6205,1.1259,-0.0177,0.7797,1.22,2.06,1.2073,1.6866,0.728,1.6111,2.5841,0
2003-11-05,3.35,2.7263,0.0863,-0.5943,1.1431,-0.0114,0.8517,1.34,2.01,1.2294,1.7067,0.7521,1.6547,2.6216,0
2003-11-06,3.43,2.7466,0.0942,-0.5688,1.1748,-0.0168,0.8617,1.41,2.02,1.269,1.7501,0.7879,1.6967,2.6673,0
2003-11-07,3.47,2.7544,0.1001,-0.5456,1.1805,-0.0194,0.8431,1.42,2.05,1.2806,1.753,0.8081,1.7363,2.6909,0
2003-11-10,3.49,2.7577,0.104,-0.5395,1.1852,-0.0174,0.8178,1.4,2.09,1.2892,1.7583,0.8201,1.7491,2.7014,0
2003-11-12,3.45,2.7438,0.1021,-0.5576,1.1678,-0.0061,0.8045,1.36,2.09,1.2699,1.7359,0.8039,1.7202,2.6739,0
2003-11-13,3.29,2.704,0.0902,-0.6084,1.1131,-0.0089,0.7878,1.24,2.05,1.2033,1.6647,0.742,1.6343,2.589,0
2003-11-14,3.19,2.68,0.08,-0.6317,1.0778,-0.0161,0.7669,1.17,2.02,1.1578,1.6188,0.6968,1.5873,2.5396,0
2003-11-17,3.14,2.6685,0.0724,-0.6534,1.0661,-0.0136,0.7497,1.12,2.02,1.1385,1.6082,0.6687,1.5454,2.513,0
2003-11-18,3.14,2.6649,0.0702,-0.6428,1.0517,-0.004,0.7779,1.14,2.0,1.1219,1.5838,0.66,1.5602,2.5077,0
2003-11-19,3.22,2.6851,0.0772,-0.6119,1.0763,-0.0067,0.8116,1.22,2.0,1.1535,1.6127,0.6942,1.614,2.5475,0
2003-11-20,3.14,2.6672,0.074,-0.6384,1.0513,-0.0142,0.8615,1.23,1.91,1.1253,1.5785,0.6722,1.5757,2.507,0
2003-11-21,3.15,2.6642,0.0746,-0.6191,1.0389,-0.0086,0.8903,1.23,1.92,1.1135,1.5569,0.6702,1.6018,2.5072,0
2003-11-24,3.24,2.6848,0.081,-0.5892,1.0681,-0.0047,0.876,1.26,1.98,1.1491,1.5959,0.7023,1.6489,2.5559,0
2003-11-25,3.2,2.6737,0.0802,-0.597,1.0508,-0.0077,0.8308,1.21,1.99,1.131,1.5709,0.6911,1.6369,2.5342,0
2003-11-26,3.27,2.6923,0.0867,-0.5717,1.0774,-0.0147,0.8277,1.26,2.01,1.1641,1.6061,0.7221,1.6785,2.5755,0
2003-11-28,3.38,2.7181,0.0969,-0.5388,1.1082,-0.0044,0.8618,1.36,2.02,1.2051,1.6415,0.7687,1.743,2.6293,0
2003-12-01,3.46,2.7372,0.1061,-0.5023,1.1324,-0.0135,0.8429,1.42,2.04,1.2385,1.6708,0.8063,1.8027,2.6763,0
2003-12-02,3.43,2.7321,0.1064,-0.5249,1.1312,-0.0147,0.833,1.38,2.05,1.2376,1.6713,0.8038,1.7734,2.6601,0
2003-12-03,3.46,2.7398,0.1086,-0.5209,1.144,-0.0115,0.8325,1.4,2.06,1.2526,1.689,0.8161,1.7825,2.6734,0
2003-12-04,3.42,2.7297,0.1062,-0.5324,1.1299,-0.0133,0.8053,1.35,2.07,1.2361,1.6705,0.8016,1.7628,2.6534,0
2003-12-05,3.23,2.6848,0.0923,-0.5883,1.0672,-0.0259,0.774,1.2,2.03,1.1595,1.5879,0.731,1.668,2.5548,0
2003-12-08,3.28,2.6998,0.0912,-0.5768,1.09,-0.0243,0.7822,1.22,2.06,1.1812,1.6219,0.7406,1.6824,2.5836,0
2003-12-09,3.33,2.7112,0.0927,-0.564,1.106,-0.0159,0.7947,1.24,2.09,1.1987,1.6439,0.7536,1.702,2.6073,0
2003-12-10,3.28,2.7043,0.0903,-0.5797,1.1003,-0.0352,0.7722,1.19,2.09,1.1906,1.6387,0.7425,1.6765,2.5897,0
2003-12-11,3.21,2.6891,0.0841,-0.6282,1.0944,-0.0294,0.7313,1.1,2.11,1.1785,1.6403,0.7167,1.5991,2.5426,0
2003-12-12,3.23,2.6903,0.0835,-0.6149,1.086,-0.0149,0.7518,1.13,2.1,1.1695,1.6226,0.7164,1.6224,2.5433,0
2003-12-15,3.26,2.6981,0.0842,-0.6049,1.0966,-0.0141,0.7915,1.18,2.08,1.1808,1.6375,0.7241,1.6365,2.5625,0
2003-12-16,3.21,2.6869,0.0799,-0.6286,1.0839,-0.0121,0.8337,1.19,2.02,1.1638,1.623,0.7047,1.5991,2.5359,0
2003-12-17,3.18,2.6738,0.0787,-0.6155,1.0541,-0.0111,0.8416,1.18,2.0,1.1328,1.5753,0.6904,1.6158,2.5143,0
2003-12-18,3.17,2.664,0.0821,-0.593,1.0286,-0.0117,0.8579,1.2,1.97,1.1107,1.5311,0.6903,1.6506,2.498,0
2003-12-19,3.16,2.6622,0.083,-0.6029,1.0332,-0.0155,0.8594,1.18,1.98,1.1162,1.5413,0.691,1.6342,2.4944,0
2003-12-22,3.19,2.6683,0.0827,-0.6,1.0413,-0.0024,0.8737,1.21,1.98,1.124,1.5535,0.6946,1.6389,2.5119,0
2003-12-23,3.3,2.6944,0.0914,-0.5576,1.0759,-0.0041,0.8546,1.26,2.04,1.1673,1.5974,0.7371,1.7067,2.5697,0
2003-12-24,3.2,2.6724,0.085,-0.5948,1.0494,-0.0119,0.8519,1.19,2.01,1.1344,1.5656,0.7032,1.6464,2.5241,0
2003-12-26,3.17,2.6617,0.081,-0.6073,1.0351,-0.0005,0.8375,1.16,2.01,1.1161,1.5474,0.6847,1.6231,2.4997,0
2003-12-29,3.23,2.6826,0.0805,-0.607,1.0749,-0.001,0.8426,1.21,2.02,1.1554,1.6102,0.7006,1.6208,2.5419,0
2003-12-30,3.26,2.6942,0.0815,-0.6047,1.0941,-0.0051,0.8462,1.23,2.03,1.1756,1.6377,0.7135,1.6274,2.5583,0
2003-12-31,3.25,2.6895,0.0799,-0.6141,1.0888,0.006,0.832,1.22,2.03,1.1687,1.6315,0.7058,1.6125,2.5482,0
2004-01-02,3.36,2.7213,0.0891,-0.5824,1.1357,-0.0038,0.8403,1.28,2.08,1.2248,1.6944,0.7553,1.6694,2.6101,0
2004-01-05,3.39,2.7284,0.0916,-0.5784,1.148,0.0004,0.8165,1.3,2.09,1.2396,1.7129,0.7664,1.6768,2.631,0
2004-01-06,3.26,2.6956,0.0833,-0.6114,1.097,-0.0045,0.8068,1.21,2.05,1.1803,1.6415,0.719,1.6229,2.563,0
2004-01-07,3.25,2.6868,0.0808,-0.6055,1.0777,0.0102,0.7971,1.2,2.05,1.1585,1.6115,0.7055,1.6283,2.5454,0
2004-01-08,3.24,2.689,0.0804,-0.6157,1.086,0.0003,0.8284,1.25,1.99,1.1664,1.6258,0.707,1.6139,2.545,0
2004-01-09,3.05,2.6434,0.066,-0.6878,1.0267,0.0017,0.835,1.12,1.93,1.0927,1.5502,0.6352,1.4981,2.4398,0
2004-01-12,3.04,2.6413,0.0621,-0.6819,1.0214,-0.0029,0.8478,1.11,1.93,1.0835,1.5435,0.6235,1.4994,2.4361,0
2004-01-13,2.98,2.6249,0.0557,-0.7062,1.0026,0.003,0.8183,1.03,1.95,1.0583,1.522,0.5945,1.4549,2.4002,0
2004-01-14,2.96,2.617,0.0548,-0.6936,0.9797,0.0021,0.8516,1.05,1.91,1.0345,1.4837,0.5853,1.4742,2.3873,0
2004-01-15,2.97,2.6118,0.0582,-0.6579,0.9573,0.0006,0.8249,1.01,1.96,1.0155,1.443,0.588,1.5264,2.3877,0
2004-01-16,3.03,2.6254,0.0641,-0.6307,0.9742,-0.0029,0.791,1.02,2.01,1.0383,1.4631,0.6134,1.5698,2.4207,0
2004-01-20,3.05,2.6333,0.0662,-0.6359,0.9928,-0.0064,0.7643,1.01,2.04,1.059,1.493,0.625,1.5634,2.4365,0
2004-01-21,3.02,2.6278,0.0661,-0.6501,0.9882,-0.012,0.7286,0.96,2.06,1.0543,1.4878,0.6208,1.5442,2.4222,0
2004-01-22,2.96,2.6126,0.0613,-0.6672,0.9639,-0.0106,0.7402,0.94,2.02,1.0252,1.454,0.5964,1.5166,2.3906,0
2004-01-23,3.06,2.6397,0.0677,-0.6404,1.007,-0.014,0.7508,1.01,2.05,1.0747,1.5143,0.6352,1.5597,2.4417,0
2004-01-26,3.13,2.6583,0.0715,-0.6272,1.0344,-0.007,0.7701,1.07,2.06,1.1059,1.5522,0.6596,1.5848,2.482,0
2004-01-27,3.07,2.6439,0.0676,-0.6512,1.0183,-0.0085,0.733,0.98,2.09,1.0859,1.5334,0.6383,1.5451,2.451,0
2004-01-28,3.22,2.6762,0.0789,-0.5826,1.0461,0.0013,0.7481,1.09,2.13,1.125,1.5582,0.6918,1.6604,2.5264,0
2004-01-29,3.22,2.677,0.0821,-0.582,1.0523,-0.0094,0.7154,1.07,2.15,1.1344,1.5697,0.699,1.6596,2.5373,0
2004-01-30,3.17,2.6625,0.0808,-0.5869,1.0271,-0.0136,0.6847,1.01,2.16,1.1079,1.5324,0.6835,1.6512,2.5112,0
2004-02-02,3.18,2.666,0.0808,-0.5814,1.0347,-0.0201,0.6402,0.96,2.22,1.1155,1.5452,0.6858,1.6549,2.5229,0
2004-02-03,3.12,2.6538,0.0755,-0.6071,1.0195,-0.0217,0.6438,0.93,2.19,1.095,1.527,0.6631,1.6148,2.4929,0
2004-02-04,3.15,2.6588,0.0766,-0.5921,1.0214,-0.0148,0.6522,0.95,2.2,1.098,1.5256,0.6704,1.6391,2.5003,0
2004-02-05,3.21,2.6699,0.0821,-0.5622,1.0308,-0.0107,0.6667,0.99,2.22,1.1129,1.5335,0.6924,1.6872,2.5291,0
2004-02-06,3.12,2.6482,0.0769,-0.5962,1.0043,-0.0132,0.6535,0.95,2.17,1.0812,1.5007,0.6617,1.6325,2.4841,0
2004-02-09,3.08,2.6405,0.0723,-0.6127,0.9984,-0.0186,0.6388,0.92,2.16,1.0707,1.4978,0.6437,1.6008,2.4694,0
2004-02-10,3.13,2.6518,0.0753,-0.5892,1.0073,-0.0152,0.6497,0.96,2.17,1.0826,1.505,0.6602,1.6402,2.4933,0
2004-02-11,3.03,2.6291,0.068,-0.6326,0.9818,-0.0163,0.6522,0.88,2.15,1.0498,1.4751,0.6245,1.5712,2.4401,0
2004-02-12,3.07,2.6382,0.0677,-0.6379,1.0028,-0.0009,0.6596,0.9,2.17,1.0705,1.5092,0.6318,1.5616,2.4531,0
2004-02-13,3.01,2.6267,0.0642,-0.6558,0.9884,-0.0135,0.6396,0.85,2.16,1.0526,1.4907,0.6145,1.5328,2.4238,0
2004-02-17,3.02,2.6273,0.0624,-0.649,0.985,-0.0056,0.6522,0.84,2.18,1.0474,1.4847,0.61,1.5409,2.4286,0
2004-02-18,3.03,2.6301,0.0632,-0.6432,0.9893,-0.0094,0.6449,0.84,2.19,1.0525,1.4911,0.614,1.5483,2.436,0
2004-02-19,3.02,2.6286,0.062,-0.6463,0.9866,-0.0109,0.6465,0.82,2.2,1.0486,1.4872,0.61,1.5438,2.431,0
2004-02-20,3.08,2.6439,0.0665,-0.623,1.0068,-0.0141,0.638,0.84,2.24,1.0733,1.513,0.6335,1.5811,2.4647,0
2004-02-23,3.03,2.6307,0.0617,-0.645,0.9889,-0.0064,0.6264,0.8,2.23,1.0506,1.4909,0.6104,1.5455,2.4396,0
2004-02-24,3.01,2.6258,0.0599,-0.6387,0.9764,-0.0134,0.6121,0.78,2.23,1.0363,1.4711,0.6015,1.5523,2.4312,0
2004-02-25,2.98,2.6202,0.0568,-0.6522,0.9735,-0.0183,0.5841,0.74,2.24,1.0303,1.4711,0.5895,1.5271,2.4187,0
2004-02-26,3.01,2.6272,0.0579,-0.6463,0.9855,-0.0143,0.541,0.72,2.29,1.0434,1.4886,0.5981,1.5357,2.4314,0
2004-02-27,3.01,2.6138,0.0591,-0.6085,0.9445,0.0011,0.4443,0.63,2.38,1.0036,1.418,0.5891,1.5909,2.4121,0
2004-03-01,2.98,2.6135,0.0576,-0.6411,0.9588,-0.0087,0.3897,0.58,2.4,1.0164,1.4477,0.585,1.541,2.4115,0
2004-03-02,3.04,2.6302,0.0609,-0.6216,0.9781,-0.0076,0.4075,0.62,2.42,1.039,1.4711,0.6069,1.5765,2.4452,0
2004-03-03,3.06,2.6347,0.0631,-0.6225,0.9858,-0.0011,0.4074,0.64,2.42,1.0489,1.4813,0.6166,1.5798,2.4523,0
2004-03-04,3.02,2.6268,0.0616,-0.6297,0.9707,-0.0094,0.4541,0.67,2.35,1.0323,1.4584,0.6062,1.571,2.4367,0
2004-03-05,2.81,2.5723,0.0483,-0.6801,0.8889,-0.0194,0.4394,0.53,2.28,0.9372,1.3463,0.5281,1.4831,2.3266,0
2004-03-08,2.74,2.5532,0.0378,-0.7051,0.8649,-0.0108,0.4466,0.49,2.25,0.9027,1.3198,0.4857,1.4311,2.2905,0
2004-03-09,2.68,2.5387,0.0317,-0.715,0.8418,-0.0173,0.4572,0.48,2.2,0.8735,1.2886,0.4585,1.4087,2.2611,0
2004-03-10,2.71,2.5417,0.0315,-0.7076,0.8445,-0.0001,0.5098,0.53,2.18,0.876,1.2917,0.4604,1.4184,2.2675,0
2004-03-11,2.72,2.5477,0.0328,-0.7014,0.8555,-0.0145,0.5445,0.57,2.15,0.8883,1.3078,0.4687,1.4267,2.2787,0
2004-03-12,2.73,2.5508,0.0334,-0.6945,0.8554,-0.0151,0.5644,0.59,2.14,0.8888,1.3051,0.4725,1.44,2.287,0
2004-03-15,2.74,2.5494,0.0349,-0.6825,0.8519,-0.0137,0.509,0.54,2.2,0.8868,1.2996,0.4739,1.454,2.2919,0
2004-03-16,2.65,2.5282,0.0296,-0.7095,0.8224,-0.0207,0.4769,0.45,2.2,0.852,1.2607,0.4433,1.41,2.2495,0
2004-03-17,2.66,2.5285,0.03,-0.6979,0.8205,-0.0211,0.4216,0.39,2.27,0.8505,1.2568,0.4442,1.4244,2.2522,0
2004-03-18,2.72,2.5445,0.0356,-0.6757,0.8417,-0.026,0.3911,0.4,2.32,0.8773,1.2828,0.4717,1.4632,2.2813,0
2004-03-19,2.75,2.5565,0.0381,-0.6734,0.8598,-0.0311,0.4436,0.48,2.27,0.8979,1.3076,0.4883,1.4735,2.3033,0
2004-03-22,2.69,2.5386,0.033,-0.692,0.8334,-0.0229,0.4598,0.45,2.24,0.8664,1.2727,0.46,1.4402,2.2714,0
2004-03-23,2.69,2.5356,0.0322,-0.6878,0.8279,-0.018,0.4692,0.45,2.24,0.8601,1.2646,0.4557,1.4434,2.2648,0
2004-03-24,2.68,2.5338,0.0325,-0.6916,0.8293,-0.024,0.4312,0.41,2.27,0.8618,1.2684,0.4552,1.4356,2.26,0
2004-03-25,2.7,2.5422,0.0331,-0.6998,0.8451,-0.0206,0.4422,0.44,2.26,0.8782,1.2915,0.4649,1.4291,2.2679,0
2004-03-26,2.81,2.5715,0.0405,-0.678,0.8926,-0.0166,0.4539,0.51,2.3,0.9331,1.3585,0.5078,1.4681,2.3248,0
2004-03-29,2.86,2.5862,0.0442,-0.6705,0.9156,-0.0154,0.4482,0.55,2.31,0.9598,1.3907,0.5288,1.4847,2.3562,0
2004-03-30,2.86,2.589,0.0458,-0.6742,0.9195,-0.0201,0.4618,0.57,2.29,0.9653,1.3951,0.5355,1.4849,2.3591,0
2004-03-31,2.8,2.5728,0.0406,-0.7017,0.9003,-0.012,0.4534,0.51,2.29,0.9409,1.3725,0.5094,1.4396,2.3256,0
2004-04-01,2.87,2.5861,0.0445,-0.676,0.9173,-0.0019,0.4245,0.53,2.34,0.9618,1.3941,0.5295,1.4778,2.3569,0
2004-04-02,3.15,2.6591,0.0679,-0.5823,1.0154,-0.0101,0.4916,0.77,2.38,1.0833,1.5186,0.648,1.6415,2.5056,0
2004-04-05,3.24,2.6829,0.0785,-0.5707,1.0574,-0.0081,0.4967,0.84,2.4,1.1359,1.5786,0.6932,1.6695,2.5601,0
2004-04-06,3.19,2.6693,0.0774,-0.5998,1.0415,0.0015,0.5148,0.82,2.37,1.1189,1.5579,0.68,1.6306,2.5289,0
2004-04-07,3.19,2.6719,0.0765,-0.6127,1.0492,0.0051,0.6125,0.91,2.28,1.1257,1.571,0.6804,1.6139,2.5296,0
2004-04-08,3.22,2.6769,0.0807,-0.5845,1.0539,-0.0071,0.573,0.88,2.34,1.1346,1.5749,0.6944,1.6522,2.5448,0
2004-04-12,3.26,2.6877,0.0838,-0.5743,1.0704,-0.0076,0.5586,0.91,2.35,1.1542,1.5981,0.7104,1.6696,2.5706,0
2004-04-13,3.37,2.7177,0.092,-0.5422,1.1134,-0.0109,0.5616,0.98,2.39,1.2054,1.6556,0.7552,1.7253,2.6343,0
2004-04-14,3.44,2.7323,0.0976,-0.5098,1.1239,-0.0039,0.545,1.01,2.43,1.2215,1.6641,0.7788,1.7798,2.6809,0
2004-04-15,3.45,2.7376,0.1005,-0.5065,1.1338,-0.0154,0.5478,1.03,2.42,1.2343,1.6779,0.7907,1.7875,2.6902,0
2004-04-16,3.39,2.7243,0.0985,-0.5389,1.1237,-0.0176,0.5129,0.95,2.44,1.2222,1.668,0.7763,1.7395,2.6527,0
2004-04-19,3.42,2.7317,0.1003,-0.5161,1.1278,-0.0238,0.5002,0.96,2.46,1.2281,1.6706,0.7857,1.7732,2.6752,0
2004-04-20,3.45,2.7436,0.1022,-0.5031,1.1413,-0.0341,0.5833,1.07,2.38,1.2435,1.6872,0.7998,1.7968,2.7029,0
2004-04-21,3.52,2.7504,0.1097,-0.4379,1.1311,-0.0333,0.5406,1.07,2.45,1.2408,1.661,0.8205,1.8923,2.7421,0
2004-04-22,3.46,2.7362,0.1081,-0.4632,1.1108,-0.0319,0.6016,1.1,2.36,1.2189,1.6323,0.8055,1.8596,2.7089,0
2004-04-23,3.58,2.7623,0.1162,-0.4064,1.134,-0.0261,0.7182,1.29,2.29,1.2502,1.6554,0.845,1.9507,2.7772,0
2004-04-26,3.57,2.7535,0.1192,-0.3986,1.1246,-0.0287,0.6359,1.2,2.37,1.2438,1.6438,0.8438,1.9549,2.7712,0
2004-04-27,3.52,2.7447,0.1169,-0.4265,1.1192,-0.0342,0.61,1.14,2.38,1.2361,1.6403,0.8318,1.9139,2.7467,0
2004-04-28,3.6,2.7662,0.1235,-0.3963,1.1423,-0.0357,0.6823,1.26,2.34,1.2658,1.6649,0.8668,1.9708,2.7856,0
2004-04-29,3.66,2.782,0.1307,-0.3877,1.171,-0.0361,0.7046,1.32,2.34,1.3017,1.7054,0.8981,1.9907,2.8145,0
2004-04-30,3.63,2.7727,0.1301,-0.3904,1.1528,-0.0352,0.6856,1.29,2.34,1.2829,1.6775,0.8883,1.9877,2.8008,0
2004-05-03,3.63,2.7721,0.1284,-0.3803,1.1506,-0.0408,0.6621,1.28,2.35,1.279,1.6765,0.8814,1.9942,2.8139,0
2004-05-04,3.66,2.7815,0.1292,-0.3874,1.1732,-0.0365,0.6483,1.26,2.4,1.3024,1.7123,0.8925,1.9842,2.8246,0
2004-05-05,3.71,2.7936,0.1341,-0.3735,1.189,-0.0331,0.644,1.29,2.42,1.3231,1.7305,0.9156,2.0126,2.8425,0
2004-05-06,3.72,2.801,0.1345,-0.3779,1.1996,-0.0373,0.6748,1.34,2.38,1.3341,1.7462,0.922,2.011,2.8607,0
2004-05-07,3.96,2.8497,0.1497,-0.2422,1.2366,-0.0338,0.6582,1.5,2.46,1.3863,1.7794,0.9933,2.2144,3.0072,0
2004-05-10,3.95,2.8508,0.1499,-0.2576,1.2469,-0.04,0.6657,1.53,2.42,1.3968,1.8006,0.993,2.1894,3.0205,0
2004-05-11,3.94,2.845,0.1496,-0.2599,1.2396,-0.0342,0.6328,1.49,2.45,1.3892,1.7909,0.9874,2.1833,3.0106,0
2004-05-12,3.96,2.8512,0.152,-0.2727,1.2591,-0.0297,0.5679,1.42,2.54,1.4111,1.8224,0.9999,2.1673,3.0132,0
2004-05-13,4.01,2.8643,0.1562,-0.2624,1.2781,-0.0263,0.5331,1.43,2.58,1.4343,1.8474,1.0212,2.1888,3.0401,0
2004-05-14,3.92,2.8469,0.1498,-0.2933,1.2531,-0.0365,0.5636,1.41,2.51,1.4029,1.8145,0.9912,2.142,3.0017,0
2004-05-17,3.83,2.8195,0.1398,-0.3116,1.2125,-0.0302,0.5272,1.33,2.5,1.3523,1.7619,0.9426,2.0982,2.954,0
2004-05-18,3.87,2.8288,0.1417,-0.2782,1.2179,-0.0402,0.4983,1.33,2.54,1.3596,1.7651,0.9541,2.1451,2.9795,0
2004-05-19,3.93,2.8422,0.1462,-0.2667,1.2416,-0.0333,0.4457,1.32,2.61,1.3878,1.7999,0.9757,2.1634,3.0101,0
2004-05-20,3.86,2.8257,0.143,-0.2855,1.2154,-0.0386,0.413,1.25,2.61,1.3584,1.762,0.9547,2.1366,2.9734,0
2004-05-21,3.91,2.8382,0.1455,-0.2547,1.2193,-0.0383,0.4709,1.34,2.57,1.3648,1.759,0.9707,2.1893,3.0025,0
2004-05-24,3.9,2.8319,0.1437,-0.2494,1.212,-0.0382,0.4249,1.27,2.63,1.3557,1.7527,0.9588,2.1855,3.0042,0
2004-05-25,3.89,2.8285,0.1424,-0.2451,1.1987,-0.0345,0.455,1.29,2.6,1.3411,1.7293,0.9529,2.1952,2.9968,0
2004-05-26,3.81,2.8108,0.1367,-0.278,1.1806,-0.0401,0.4356,1.23,2.58,1.3173,1.7097,0.9249,2.1404,2.9551,0
2004-05-27,3.74,2.7919,0.1302,-0.3012,1.1528,-0.0337,0.4506,1.19,2.55,1.283,1.672,0.894,2.1017,2.9105,0
2004-05-28,3.81,2.8074,0.134,-0.2656,1.1654,-0.0312,0.4717,1.26,2.55,1.2994,1.6834,0.9153,2.1578,2.9483,0
2004-06-01,3.86,2.819,0.1359,-0.255,1.1888,-0.0286,0.3846,1.22,2.64,1.3247,1.7216,0.9277,2.167,2.9855,0
2004-06-02,3.91,2.8306,0.139,-0.2273,1.1895,-0.0218,0.4307,1.29,2.62,1.3285,1.7127,0.9444,2.2192,3.0131,0
2004-06-03,3.89,2.8249,0.1384,-0.2297,1.1796,-0.0232,0.4624,1.31,2.58,1.318,1.6981,0.9378,2.2151,3.0036,0
2004-06-04,3.97,2.8424,0.1429,-0.1901,1.1979,-0.023,0.472,1.37,2.6,1.3408,1.7201,0.9614,2.2729,3.0542,0
2004-06-07,3.95,2.8388,0.1396,-0.1951,1.1928,-0.0261,0.4771,1.37,2.58,1.3324,1.7163,0.9485,2.2598,3.0568,0
2004-06-08,3.96,2.8396,0.1382,-0.1837,1.1874,-0.0216,0.5278,1.43,2.53,1.3256,1.7067,0.9446,2.2749,3.0663,0
2004-06-09,4.01,2.8494,0.1394,-0.1595,1.197,-0.0163,0.5429,1.47,2.54,1.3364,1.7193,0.9535,2.307,3.1015,0
2004-06-10,4.0,2.8443,0.1385,-0.1366,1.1765,-0.0227,0.5307,1.45,2.55,1.315,1.6856,0.9443,2.337,3.1093,0
2004-06-14,4.1,2.8658,0.1409,-0.0664,1.183,-0.0233,0.5398,1.55,2.55,1.3239,1.6856,0.9622,2.4377,3.1921,0
2004-06-15,3.9,2.8118,0.13,-0.1209,1.1056,-0.0265,0.5231,1.38,2.52,1.2356,1.5789,0.8923,2.3476,3.0725,0
2004-06-16,3.96,2.8245,0.1333,-0.0965,1.1201,-0.0214,0.5308,1.43,2.53,1.2534,1.5955,0.9112,2.3859,3.097,0
2004-06-17,3.93,2.8157,0.1338,-0.1046,1.1065,-0.0214,0.534,1.42,2.51,1.2403,1.5747,0.9058,2.3766,3.0743,0
2004-06-18,3.94,2.8185,0.1344,-0.1018,1.1128,-0.0239,0.5065,1.4,2.54,1.2472,1.5855,0.9089,2.3784,3.0842,0
2004-06-21,3.91,2.8142,0.1303,-0.1121,1.1081,-0.0305,0.5222,1.4,2.51,1.2384,1.5825,0.8943,2.358,3.0813,0
2004-06-22,3.92,2.8174,0.1297,-0.1105,1.1133,-0.0299,0.5297,1.41,2.51,1.243,1.59,0.896,2.3599,3.0839,0
2004-06-23,3.9,2.8138,0.1287,-0.117,1.1094,-0.0349,0.542,1.42,2.48,1.2381,1.5853,0.891,2.3497,3.0737,0
2004-06-24,3.85,2.7998,0.1249,-0.1328,1.088,-0.0299,0.5588,1.4,2.45,1.2129,1.5555,0.8703,2.3244,3.0435,0
2004-06-25,3.85,2.8004,0.1231,-0.1337,1.089,-0.0288,0.5833,1.43,2.42,1.2121,1.558,0.8662,2.3208,3.0452,0
2004-06-28,3.97,2.8271,0.1273,-0.0766,1.1134,-0.0212,0.5996,1.52,2.45,1.2407,1.5863,0.8951,2.4049,3.1225,0
2004-06-29,3.92,2.813,0.1255,-0.0905,1.0919,-0.0199,0.5968,1.5,2.42,1.2174,1.5555,0.8792,2.3844,3.0931,0
2004-06-30,3.81,2.7869,0.1204,-0.1388,1.069,-0.0275,0.5493,1.38,2.43,1.1894,1.5313,0.8475,2.3062,3.0224,0
2004-07-01,3.74,2.7739,0.116,-0.177,1.0603,-0.0332,0.5221,1.3,2.44,1.1763,1.5244,0.8283,2.2488,2.9799,0
2004-07-02,3.62,2.7466,0.1074,-0.2184,1.0226,-0.0382,0.5003,1.21,2.41,1.13,1.4737,0.7862,2.1845,2.9117,0
2004-07-06,3.65,2.7515,0.1032,-0.1937,1.0213,-0.0323,0.5018,1.23,2.42,1.1245,1.472,0.7771,2.2104,2.9382,0
2004-07-07,3.67,2.7529,0.1035,-0.1951,1.0252,-0.0165,0.5228,1.23,2.44,1.1287,1.4772,0.7801,2.2092,2.9325,0
2004-07-08,3.65,2.7497,0.102,-0.2097,1.0241,-0.0161,0.532,1.22,2.43,1.1261,1.4775,0.7746,2.1886,2.9203,0
2004-07-09,3.64,2.7491,0.1018,-0.2124,1.0235,-0.022,0.5431,1.23,2.41,1.1253,1.4763,0.7742,2.1856,2.9157,0
2004-07-12,3.62,2.7435,0.0972,-0.2092,1.0118,-0.0233,0.5571,1.24,2.38,1.109,1.4622,0.7559,2.1811,2.9193,0
2004-07-13,3.66,2.7516,0.0982,-0.1906,1.02,-0.0192,0.5571,1.26,2.4,1.1182,1.4721,0.7643,2.2071,2.9405,0
2004-07-14,3.68,2.7537,0.1005,-0.1777,1.0195,-0.016,0.5538,1.27,2.41,1.12,1.4688,0.7712,2.2273,2.9492,0
2004-07-15,3.69,2.7539,0.1047,-0.1661,1.0217,-0.0242,0.5361,1.27,2.42,1.1264,1.4715,0.7813,2.2427,2.9537,0
2004-07-16,3.56,2.7223,0.0964,-0.2114,0.9766,-0.0239,0.5448,1.19,2.37,1.073,1.4108,0.7352,2.1731,2.8858,0
2004-07-19,3.57,2.7218,0.0949,-0.1855,0.9631,-0.0243,0.5633,1.21,2.36,1.058,1.3865,0.7296,2.2079,2.8944,0
2004-07-20,3.68,2.7478,0.103,-0.1412,0.9922,-0.0217,0.6025,1.32,2.36,1.0952,1.4198,0.7705,2.2819,2.9525,0
2004-07-21,3.72,2.7554,0.1094,-0.1237,1.0035,-0.0246,0.5804,1.35,2.37,1.1129,1.4345,0.7914,2.3101,2.9777,0
2004-07-22,3.71,2.751,0.1102,-0.1271,0.9966,-0.0207,0.5734,1.34,2.37,1.1068,1.424,0.7896,2.3067,2.9705,0
2004-07-23,3.69,2.7436,0.1098,-0.1215,0.9794,-0.0213,0.5621,1.31,2.38,1.0892,1.3964,0.782,2.3149,2.9595,0
2004-07-26,3.73,2.7542,0.11,-0.0952,0.9879,-0.0269,0.5816,1.37,2.36,1.0979,1.4072,0.7886,2.3497,2.9989,0
2004-07-27,3.85,2.788,0.117,-0.0713,1.041,-0.0247,0.6151,1.47,2.38,1.158,1.4821,0.8339,2.3926,3.0654,0
2004-07-28,3.82,2.7836,0.1161,-0.0949,1.0448,-0.0296,0.5737,1.42,2.4,1.1609,1.4931,0.8287,2.3564,3.0521,0
2004-07-29,3.8,2.7805,0.1145,-0.0997,1.0396,-0.0349,0.5396,1.37,2.43,1.1541,1.4851,0.8231,2.3497,3.0406,0
2004-07-30,3.71,2.7547,0.108,-0.1192,0.9957,-0.0292,0.5455,1.3,2.41,1.1037,1.4221,0.7853,2.3171,2.989,0
2004-08-02,3.68,2.7468,0.1027,-0.125,0.9857,-0.0302,0.5333,1.26,2.42,1.0884,1.4118,0.765,2.2984,2.977,0
2004-08-03,3.67,2.7394,0.1005,-0.1218,0.97,-0.0181,0.5274,1.24,2.43,1.0705,1.3877,0.7533,2.3003,2.9626,0
2004-08-04,3.66,2.74,0.1,-0.1254,0.9702,-0.0248,0.5492,1.27,2.39,1.0702,1.3874,0.7531,2.2974,2.9599,0
2004-08-05,3.64,2.7321,0.0993,-0.1284,0.9593,-0.0222,0.5282,1.23,2.41,1.0586,1.3723,0.7449,2.29,2.9444,0
2004-08-06,3.4,2.6796,0.0824,-0.2383,0.9031,-0.0268,0.5065,1.06,2.34,0.9855,1.3079,0.6632,2.1189,2.811,0
2004-08-09,3.45,2.6889,0.079,-0.2002,0.906,-0.0237,0.5028,1.08,2.37,0.985,1.3091,0.6609,2.1646,2.8399,0
2004-08-10,3.52,2.7032,0.0838,-0.1501,0.9083,-0.0252,0.5233,1.17,2.35,0.9921,1.3013,0.6829,2.2439,2.8809,0
2004-08-11,3.51,2.698,0.0842,-0.1685,0.9111,-0.0148,0.4964,1.13,2.38,0.9953,1.3103,0.6802,2.2144,2.8672,0
2004-08-12,3.47,2.6897,0.082,-0.1831,0.9008,-0.0194,0.455,1.07,2.4,0.9828,1.2978,0.6678,2.1916,2.8501,0
2004-08-13,3.42,2.6785,0.0788,-0.1948,0.8851,-0.0276,0.4311,1.01,2.41,0.9639,1.277,0.6509,2.1707,2.8259,0
2004-08-16,3.45,2.6892,0.0764,-0.1901,0.9006,-0.0261,0.4572,1.06,2.39,0.977,1.3014,0.6526,2.1747,2.8537,0
2004-08-17,3.39,2.6761,0.0709,-0.2099,0.882,-0.0291,0.4976,1.06,2.33,0.9529,1.2769,0.6289,2.1422,2.8217,0
2004-08-18,3.41,2.6812,0.0718,-0.1962,0.8878,-0.0345,0.5131,1.09,2.32,0.9596,1.2832,0.6359,2.1613,2.828,0
2004-08-19,3.39,2.6756,0.07,-0.2222,0.8909,-0.0243,0.4474,1.0,2.39,0.9609,1.2946,0.6272,2.1197,2.8125,0
2004-08-20,3.42,2.6832,0.0722,-0.1951,0.8874,-0.0277,0.4705,1.06,2.36,0.9596,1.2805,0.6386,2.1671,2.8314,0
2004-08-23,3.46,2.6951,0.0725,-0.1815,0.9049,-0.0309,0.5053,1.13,2.33,0.9774,1.3075,0.6472,2.1834,2.8684,0
2004-08-24,3.46,2.6952,0.0717,-0.1785,0.9014,-0.0297,0.5286,1.16,2.3,0.9731,1.301,0.6451,2.1887,2.8698,0
2004-08-25,3.46,2.6903,0.0728,-0.1675,0.8867,-0.0223,0.5454,1.17,2.29,0.9595,1.2757,0.6432,2.2066,2.8646,0
2004-08-26,3.42,2.6801,0.0706,-0.1755,0.8725,-0.0277,0.5436,1.14,2.28,0.9431,1.257,0.6292,2.1906,2.8446,0
2004-08-27,3.43,2.6804,0.0706,-0.1638,0.8686,-0.0258,0.5401,1.14,2.29,0.9392,1.2494,0.629,2.2064,2.8491,0
2004-08-30,3.4,2.6697,0.066,-0.1733,0.854,-0.0164,0.5305,1.12,2.28,0.92,1.2327,0.6072,2.1837,2.8366,0
2004-08-31,3.33,2.6512,0.0612,-0.2036,0.8315,-0.0103,0.5216,1.06,2.27,0.8927,1.2045,0.581,2.1358,2.7916,0
2004-09-01,3.32,2.6493,0.0592,-0.2088,0.8301,-0.0098,0.5125,1.04,2.28,0.8893,1.2039,0.5747,2.1259,2.7853,0
2004-09-02,3.4,2.669,0.0632,-0.1844,0.8545,-0.0023,0.523,1.08,2.32,0.9177,1.2344,0.601,2.1679,2.8244,0
2004-09-03,3.52,2.6961,0.0718,-0.1121,0.8687,-0.0045,0.5105,1.16,2.36,0.9405,1.2395,0.6416,2.285,2.9023,0
2004-09-07,3.48,2.6836,0.0685,-0.121,0.8488,0.0001,0.5073,1.14,2.34,0.9173,1.2138,0.6208,2.2661,2.8931,0
2004-09-08,3.4,2.6616,0.0622,-0.152,0.8236,0.0046,0.5166,1.1,2.3,0.8858,1.1839,0.5877,2.2115,2.8437,0
2004-09-09,3.41,2.6682,0.0615,-0.1522,0.836,-0.0035,0.5193,1.11,2.3,0.8975,1.2031,0.5919,2.2104,2.8522,0
2004-09-10,3.4,2.6642,0.0607,-0.1505,0.8239,0.0016,0.5473,1.14,2.26,0.8846,1.1825,0.5868,2.2159,2.8425,0
2004-09-13,3.38,2.6549,0.059,-0.1415,0.8051,0.0025,0.5363,1.11,2.27,0.8641,1.1547,0.5736,2.2228,2.8334,0
2004-09-14,3.35,2.6502,0.0567,-0.1555,0.8024,-0.0039,0.5531,1.11,2.24,0.8591,1.1539,0.5644,2.2,2.8204,0
2004-09-15,3.39,2.6595,0.0589,-0.1411,0.8123,0.0004,0.5867,1.16,2.23,0.8712,1.1648,0.5777,2.2248,2.8385,0
2004-09-16,3.29,2.6339,0.0526,-0.1686,0.7757,-0.0036,0.6053,1.12,2.17,0.8283,1.1157,0.5409,2.1779,2.7869,0
2004-09-17,3.35,2.6469,0.0563,-0.1256,0.7825,-0.0101,0.6077,1.17,2.18,0.8388,1.1184,0.5592,2.2417,2.8248,0
2004-09-20,3.28,2.6282,0.0493,-0.1559,0.7609,-0.0026,0.5789,1.09,2.19,0.8102,1.0951,0.5254,2.1875,2.7926,0
2004-09-21,3.28,2.6231,0.0498,-0.1157,0.7321,-0.0093,0.6005,1.14,2.14,0.7819,1.0431,0.5208,2.2462,2.7945,0
2004-09-22,3.26,2.6076,0.0501,-0.1021,0.7001,0.0042,0.5667,1.09,2.17,0.7502,0.9936,0.5069,2.2622,2.7769,0
2004-09-23,3.3,2.6166,0.0542,-0.0631,0.6992,-0.0069,0.5588,1.11,2.19,0.7534,0.9838,0.5229,2.3231,2.8074,0
2004-09-24,3.33,2.6214,0.058,-0.0386,0.6978,-0.0085,0.5559,1.13,2.2,0.7558,0.9774,0.5341,2.3611,2.8322,0
2004-09-27,3.29,2.6088,0.0549,-0.0507,0.6821,-0.0051,0.5033,1.04,2.25,0.737,0.9593,0.5147,2.3358,2.8162,0
2004-09-28,3.28,2.6119,0.053,-0.0706,0.6994,-0.0138,0.4636,1.0,2.28,0.7524,0.9914,0.5135,2.3024,2.815,0
2004-09-29,3.37,2.6362,0.0588,-0.0477,0.7316,-0.0089,0.4772,1.07,2.3,0.7904,1.0323,0.5485,2.3466,2.86,0
2004-09-30,3.38,2.6451,0.0603,-0.0596,0.754,-0.0198,0.4506,1.05,2.33,0.8143,1.0681,0.5605,2.3317,2.8725,0
2004-10-01,3.44,2.6652,0.063,-0.0606,0.7899,-0.0175,0.4758,1.09,2.35,0.8529,1.1206,0.5851,2.3369,2.9033,0
2004-10-04,3.44,2.6616,0.0602,-0.0516,0.7757,-0.006,0.5057,1.13,2.31,0.8359,1.0988,0.5731,2.3472,2.9082,0
2004-10-05,3.44,2.66,0.0604,-0.0517,0.7749,-0.0036,0.4908,1.11,2.33,0.8353,1.098,0.5726,2.3456,2.9034,0
2004-10-06,3.51,2.6753,0.0645,-0.0304,0.7919,0.0086,0.5254,1.18,2.33,0.8564,1.1175,0.5954,2.3839,2.9354,0
2004-10-07,3.53,2.6826,0.0683,-0.0274,0.8072,-0.0006,0.4974,1.18,2.35,0.8755,1.1397,0.6112,2.3909,2.9481,0
2004-10-08,3.39,2.6517,0.0595,-0.082,0.7717,-0.0108,0.4661,1.07,2.32,0.8312,1.0976,0.5647,2.3032,2.8795,0
2004-10-12,3.35,2.6417,0.0539,-0.0867,0.7569,-0.0158,0.4494,1.04,2.31,0.8108,1.0793,0.5423,2.2865,2.8603,0
2004-10-13,3.32,2.6348,0.0499,-0.1042,0.7512,-0.0117,0.4402,1.0,2.32,0.8011,1.0746,0.5276,2.2571,2.8385,0
2004-10-14,3.26,2.6193,0.0444,-0.1207,0.727,-0.01,0.4336,0.94,2.32,0.7714,1.0413,0.5015,2.2287,2.8044,0
2004-10-15,3.31,2.6294,0.0476,-0.0884,0.733,-0.0116,0.4275,0.97,2.34,0.7806,1.0442,0.5171,2.2775,2.8301,0
2004-10-18,3.31,2.6292,0.046,-0.0802,0.7292,-0.0143,0.4344,0.99,2.32,0.7752,1.0396,0.5109,2.2847,2.8434,0
2004-10-19,3.32,2.6294,0.047,-0.0605,0.721,-0.0169,0.426,0.99,2.33,0.768,1.0232,0.5128,2.3137,2.8493,0
2004-10-20,3.26,2.611,0.0437,-0.0728,0.6902,-0.0121,0.4039,0.92,2.34,0.7339,0.9789,0.4888,2.2932,2.816,0
2004-10-21,3.29,2.6122,0.0454,-0.0381,0.6794,-0.0089,0.3412,0.85,2.44,0.7248,0.9567,0.4928,2.3422,2.8283,0
2004-10-22,3.26,2.6094,0.043,-0.0511,0.6778,-0.0191,0.3437,0.83,2.43,0.7208,0.9573,0.4843,2.3218,2.8235,0
2004-10-25,3.25,2.6043,0.0387,-0.055,0.669,-0.007,0.3494,0.83,2.42,0.7077,0.947,0.4683,2.31,2.82,0
2004-10-26,3.26,2.6079,0.0382,-0.0486,0.6747,-0.0123,0.3337,0.81,2.45,0.7129,0.956,0.4699,2.3163,2.8275,0
2004-10-27,3.37,2.6368,0.0447,-0.0116,0.7112,-0.011,0.3586,0.9,2.47,0.7559,1.0024,0.5093,2.3786,2.8905,0
2004-10-28,3.34,2.6309,0.0424,-0.0321,0.7104,-0.0116,0.3104,0.85,2.49,0.7528,1.0072,0.4984,2.3444,2.8798,0
2004-10-29,3.3,2.6196,0.0392,-0.0378,0.689,-0.0099,0.2881,0.81,2.49,0.7282,0.9751,0.4812,2.3348,2.8561,0
2004-11-01,3.36,2.635,0.0393,-0.0093,0.7056,-0.0106,0.2739,0.84,2.52,0.7449,0.9981,0.4918,2.3725,2.9026,0
2004-11-02,3.34,2.6304,0.0376,-0.0184,0.7026,-0.0122,0.2252,0.78,2.56,0.7402,0.9965,0.4838,2.3557,2.8929,0
2004-11-03,3.35,2.6292,0.0366,-0.0226,0.6988,0.008,0.2256,0.78,2.57,0.7354,0.9898,0.481,2.3522,2.8867,0
2004-11-04,3.37,2.6322,0.039,0.0077,0.6878,0.0033,0.2648,0.84,2.53,0.7268,0.965,0.4885,2.4017,2.8992,0
2004-11-05,3.51,2.6623,0.0481,0.062,0.7249,0.0127,0.2355,0.91,2.6,0.773,1.0137,0.5322,2.4835,2.9862,0
2004-11-08,3.51,2.6669,0.0474,0.0557,0.7346,0.0054,0.2289,0.92,2.59,0.782,1.0313,0.5328,2.4733,3.0056,0
2004-11-09,3.53,2.6675,0.0475,0.054,0.7357,0.0252,0.2592,0.96,2.57,0.7832,1.0328,0.5336,2.4719,3.0057,0
2004-11-10,3.56,2.6743,0.049,0.0533,0.7498,0.0335,0.2598,0.97,2.59,0.7988,1.0544,0.5433,2.4721,3.018,0
2004-11-12,3.53,2.6627,0.0515,0.0938,0.7099,0.0122,0.2233,0.94,2.59,0.7614,0.9849,0.5378,2.5329,3.0109,0
2004-11-15,3.53,2.6601,0.0531,0.1147,0.6984,0.0037,0.1771,0.91,2.62,0.7515,0.9663,0.5368,2.56,3.0244,0
2004-11-16,3.56,2.6662,0.0576,0.1949,0.6698,-0.0285,0.1713,0.92,2.64,0.7274,0.903,0.5518,2.6855,3.047,0
2004-11-17,3.47,2.6454,0.0548,0.1694,0.6421,-0.0416,0.162,0.86,2.61,0.6969,0.8657,0.5281,2.646,3.0018,0
2004-11-18,3.48,2.6376,0.0529,0.1305,0.6457,0.0133,0.1896,0.88,2.6,0.6986,0.8811,0.5162,2.5856,2.9916,0
2004-11-19,3.57,2.6605,0.0596,0.168,0.6752,0.0067,0.1708,0.93,2.64,0.7348,0.9188,0.5508,2.6445,3.0442,0
2004-11-22,3.56,2.6519,0.058,0.1919,0.6497,0.0085,0.12,0.89,2.67,0.7077,0.8793,0.5362,2.6722,3.0523,0
2004-11-23,3.58,2.6561,0.0605,0.2069,0.6492,0.0073,0.1499,0.93,2.65,0.7097,0.8735,0.5459,2.6992,3.0608,0
2004-11-24,3.61,2.6578,0.0655,0.2249,0.6467,0.0152,0.1332,0.93,2.68,0.7122,0.8652,0.5591,2.7296,3.0696,0
2004-11-26,3.64,2.6699,0.0695,0.2285,0.6682,0.0038,0.1153,0.94,2.7,0.7377,0.896,0.5795,2.7402,3.0908,0
2004-11-29,3.72,2.6955,0.072,0.2405,0.7118,0.0001,0.1196,0.98,2.74,0.7838,0.9618,0.6059,2.7581,3.1483,0
2004-11-30,3.72,2.7016,0.0689,0.1965,0.7426,0.0104,0.1164,0.96,2.76,0.8115,1.0175,0.6056,2.6922,3.1447,0
2004-12-01,3.72,2.7071,0.0691,0.1918,0.7487,0.0033,0.1493,0.99,2.73,0.8178,1.0228,0.6128,2.6939,3.1386,0
2004-12-02,3.75,2.7142,0.0706,0.198,0.7581,0.0091,0.1715,1.03,2.72,0.8287,1.0349,0.6225,2.706,3.1525,0
2004-12-03,3.61,2.678,0.0613,0.1546,0.7077,0.0084,0.1549,0.93,2.68,0.769,0.9682,0.5698,2.6334,3.0777,0
2004-12-06,3.59,2.6689,0.0561,0.1776,0.6818,0.0056,0.1556,0.93,2.66,0.7379,0.9289,0.547,2.6555,3.0747,0
2004-12-07,3.6,2.6672,0.0563,0.19,0.6747,0.0118,0.1638,0.94,2.66,0.731,0.9163,0.5456,2.6719,3.0747,0
2004-12-08,3.53,2.6396,0.0525,0.1882,0.6235,0.0262,0.1399,0.87,2.66,0.676,0.8397,0.5123,2.6641,3.0267,0
2004-12-09,3.54,2.6468,0.053,0.1811,0.6416,0.0175,0.1482,0.9,2.64,0.6946,0.8693,0.5199,2.6532,3.0391,0
2004-12-10,3.52,2.6444,0.0511,0.1847,0.6305,0.0093,0.1854,0.93,2.59,0.6816,0.8507,0.5124,2.66,3.039,0
2004-12-13,3.54,2.6414,0.0497,0.2069,0.6202,0.0218,0.1612,0.92,2.62,0.6699,0.8365,0.5033,2.6818,3.0543,0
2004-12-14,3.53,2.6363,0.0495,0.2106,0.6074,0.0262,0.1479,0.89,2.64,0.6569,0.8154,0.4985,2.6884,3.0444,0
2004-12-15,3.48,2.621,0.0483,0.2145,0.5788,0.0173,0.1204,0.83,2.65,0.6271,0.7717,0.4826,2.691,3.0179,0
2004-12-16,3.58,2.6502,0.0548,0.2229,0.6319,0.0203,0.1299,0.9,2.68,0.6867,0.8497,0.5236,2.71,3.0699,0
2004-12-17,3.59,2.6567,0.057,0.222,0.6435,0.0108,0.1118,0.9,2.69,0.7005,0.8666,0.5344,2.7126,3.0839,0
2004-12-20,3.59,2.6545,0.0544,0.2384,0.6308,0.012,0.0919,0.89,2.7,0.6852,0.8471,0.5233,2.731,3.0993,0
2004-12-21,3.57,2.6465,0.053,0.2424,0.6174,0.0107,0.0625,0.86,2.71,0.6704,0.8286,0.5122,2.7308,3.0898,0
2004-12-22,3.57,2.6542,0.0527,0.2263,0.637,-0.0002,0.0974,0.89,2.68,0.6897,0.8607,0.5188,2.7095,3.0983,0
2004-12-23,3.58,2.6574,0.0522,0.2224,0.6465,0.0016,0.0845,0.88,2.7,0.6987,0.8766,0.5208,2.7019,3.1002,0
2004-12-27,3.65,2.6778,0.0518,0.2513,0.6695,-0.0004,0.0781,0.94,2.71,0.7213,0.9086,0.534,2.7418,3.1574,0
2004-12-28,3.66,2.6796,0.0511,0.2537,0.6688,0.0067,0.097,0.95,2.71,0.7199,0.9059,0.5339,2.7473,3.1596,0
2004-12-29,3.69,2.688,0.0553,0.2625,0.6827,0.0016,0.1124,0.99,2.7,0.738,0.924,0.5519,2.7644,3.1728,0
2004-12-30,3.64,2.6732,0.0538,0.2521,0.6597,0.0012,0.1159,0.97,2.67,0.7135,0.891,0.5359,2.7477,3.1441,0
2004-12-31,3.63,2.6625,0.0543,0.2785,0.6272,0.0075,0.1422,0.99,2.64,0.6815,0.8357,0.5273,2.7868,3.1305,0
2005-01-03,3.64,2.661,0.0543,0.3016,0.6148,0.0083,0.1613,1.02,2.62,0.6691,0.8143,0.5239,2.8174,3.1433,0
2005-01-04,3.72,2.6794,0.0618,0.3367,0.6339,0.0081,0.1887,1.1,2.62,0.6957,0.8344,0.557,2.8774,3.1862,0
2005-01-05,3.73,2.6774,0.0654,0.352,0.6232,0.012,0.2071,1.13,2.6,0.6886,0.8136,0.5635,2.9043,3.1885,0
2005-01-06,3.71,2.6744,0.0652,0.3371,0.6274,0.0059,0.1982,1.12,2.59,0.6926,0.8246,0.5606,2.8795,3.182,0
2005-01-07,3.73,2.6782,0.068,0.3642,0.6189,0.0006,0.2319,1.16,2.57,0.6869,0.8036,0.5703,2.9258,3.193,0
2005-01-10,3.75,2.6752,0.069,0.3897,0.6062,0.01,0.1954,1.13,2.62,0.6752,0.7824,0.5679,2.9576,3.2041,0
2005-01-11,3.73,2.6666,0.0689,0.4009,0.5832,0.0103,0.2097,1.13,2.6,0.6521,0.7447,0.5596,2.975,3.1941,0
2005-01-12,3.72,2.6622,0.0702,0.3964,0.5794,0.0119,0.1973,1.12,2.6,0.6496,0.7394,0.5598,2.9688,3.1809,0
2005-01-13,3.68,2.6487,0.0676,0.3891,0.5579,0.0167,0.1824,1.08,2.6,0.6255,0.7095,0.5415,2.9538,3.1595,0
2005-01-14,3.71,2.6558,0.07,0.4242,0.5546,0.0054,0.1968,1.13,2.58,0.6246,0.6975,0.5517,3.0071,3.1857,0
2005-01-18,3.72,2.6506,0.0713,0.4566,0.5327,0.0087,0.2008,1.15,2.57,0.604,0.6599,0.5482,3.0514,3.1928,0
2005-01-19,3.73,2.6482,0.074,0.4624,0.5305,0.0149,0.2022,1.17,2.56,0.6045,0.6562,0.5528,3.0589,3.1894,0
2005-01-20,3.68,2.6414,0.0711,0.4214,0.534,0.0122,0.2249,1.16,2.52,0.6051,0.6687,0.5414,2.9991,3.1658,0
2005-01-21,3.65,2.6356,0.0671,0.399,0.5333,0.015,0.2308,1.14,2.51,0.6004,0.673,0.5278,2.962,3.1459,0
2005-01-24,3.65,2.63,0.0661,0.4166,0.5165,0.0209,0.2247,1.13,2.52,0.5826,0.6464,0.5187,2.9827,3.1479,0
2005-01-25,3.71,2.6484,0.0685,0.4256,0.5474,0.0201,0.2396,1.16,2.55,0.6159,0.6916,0.5401,2.9983,3.1832,0
2005-01-26,3.73,2.6489,0.0707,0.4429,0.5397,0.0278,0.2166,1.15,2.58,0.6104,0.676,0.5448,3.0262,3.1932,0
2005-01-27,3.75,2.6538,0.0731,0.4672,0.5378,0.0181,0.1997,1.16,2.59,0.6109,0.6675,0.5543,3.0644,3.2072,0
2005-01-28,3.69,2.6353,0.0709,0.4602,0.506,0.0177,0.1684,1.11,2.58,0.5769,0.6209,0.5329,3.0515,3.1738,0
2005-01-31,3.71,2.6322,0.0675,0.4887,0.4888,0.0328,0.1721,1.13,2.58,0.5563,0.5944,0.5181,3.0827,3.1946,0
2005-02-01,3.71,2.6335,0.0675,0.4938,0.4887,0.0265,0.1916,1.15,2.56,0.5562,0.5932,0.5193,3.0904,3.1956,0
2005-02-02,3.73,2.635,0.0714,0.5196,0.4786,0.0254,0.2214,1.18,2.55,0.55,0.5698,0.5303,3.1348,3.1988,0
2005-02-03,3.76,2.6411,0.0763,0.5357,0.485,0.0219,0.2383,1.2,2.56,0.5613,0.5753,0.5472,3.1628,3.2147,0
2005-02-04,3.68,2.615,0.0734,0.5231,0.4428,0.0257,0.1989,1.11,2.57,0.5162,0.5147,0.5176,3.1395,3.1682,0
2005-02-07,3.67,2.6078,0.0726,0.5493,0.4197,0.0206,0.1846,1.11,2.56,0.4923,0.4774,0.5072,3.172,3.1715,0
2005-02-08,3.68,2.6011,0.075,0.5716,0.403,0.0293,0.1446,1.07,2.61,0.478,0.4502,0.5059,3.2005,3.1701,0
2005-02-09,3.58,2.5844,0.0679,0.5151,0.3979,0.0147,0.0821,0.95,2.63,0.4658,0.4562,0.4754,3.1091,3.1296,0
2005-02-10,3.65,2.6077,0.0688,0.5154,0.4375,0.0206,0.0918,0.99,2.66,0.5063,0.5147,0.4978,3.1146,3.1679,0
2005-02-11,3.7,2.6174,0.07,0.5341,0.4489,0.0297,0.0766,1.0,2.7,0.5189,0.5303,0.5075,3.1401,3.1979,0
2005-02-14,3.7,2.6124,0.0709,0.5593,0.4299,0.0275,0.051,0.98,2.72,0.5008,0.498,0.5035,3.1744,3.2018,0
2005-02-15,3.71,2.6197,0.0709,0.5605,0.4385,0.0204,0.1139,1.06,2.65,0.5094,0.5091,0.5097,3.1805,3.2161,0
2005-02-16,3.78,2.6336,0.0771,0.5966,0.4505,0.0222,0.1093,1.1,2.68,0.5276,0.5191,0.5361,3.2387,3.2478,0
2005-02-17,3.78,2.6411,0.0775,0.5651,0.4782,0.0181,0.1244,1.08,2.7,0.5557,0.5667,0.5447,3.1952,3.2527,0
2005-02-18,3.86,2.6622,0.0805,0.5964,0.5017,0.0193,0.0587,1.08,2.78,0.5822,0.5959,0.5684,3.2448,3.3031,0
2005-02-22,3.88,2.6686,0.0785,0.6028,0.5085,0.0216,0.0384,1.07,2.81,0.587,0.6064,0.5675,3.2519,3.3225,0
2005-02-23,3.87,2.665,0.0776,0.6041,0.5006,0.0227,0.0155,1.06,2.81,0.5782,0.5947,0.5616,3.2526,3.32,0
2005-02-24,3.91,2.6711,0.0812,0.6377,0.4954,0.0246,0.0164,1.1,2.81,0.5766,0.5781,0.5751,3.3073,3.3359,0
2005-02-25,3.91,2.6675,0.0826,0.6465,0.4854,0.028,0.0224,1.11,2.8,0.568,0.5613,0.5747,3.3207,3.3371,0
2005-02-28,4.0,2.6899,0.0868,0.6825,0.5157,0.0251,0.0237,1.18,2.82,0.6025,0.6039,0.6011,3.371,3.3994,0
2005-03-01,4.02,2.6942,0.089,0.682,0.5239,0.031,0.0061,1.17,2.85,0.6129,0.615,0.6107,3.374,3.4045,0
2005-03-02,4.0,2.6962,0.088,0.6572,0.5381,0.0205,-0.0075,1.14,2.86,0.6261,0.6412,0.611,3.3382,3.3996,0
2005-03-03,4.02,2.699,0.0887,0.6674,0.5369,0.028,-0.0109,1.15,2.87,0.6256,0.6358,0.6153,3.3561,3.4046,0
2005-03-04,3.97,2.6807,0.0869,0.6834,0.4939,0.0251,-0.0118,1.12,2.85,0.5808,0.5678,0.5939,3.3771,3.3794,0
2005-03-07,3.99,2.6764,0.0885,0.7207,0.4731,0.0313,-0.0246,1.13,2.86,0.5616,0.5313,0.5919,3.4274,3.389,0
2005-03-08,4.05,2.6937,0.0928,0.7205,0.5101,0.0329,-0.0228,1.16,2.89,0.6029,0.5888,0.6171,3.4284,3.4216,0
2005-03-09,4.16,2.7323,0.0998,0.7241,0.5792,0.0247,-0.004,1.23,2.93,0.679,0.6896,0.6683,3.4457,3.4858,0
2005-03-10,4.13,2.7203,0.0982,0.7213,0.5522,0.038,0.0105,1.25,2.88,0.6504,0.6469,0.6539,3.4452,3.4673,0
2005-03-11,4.22,2.7423,0.1047,0.759,0.5801,0.0339,0.0262,1.34,2.88,0.6848,0.6823,0.6873,3.5038,3.5174,0
2005-03-14,4.2,2.7356,0.103,0.7623,0.5642,0.0349,0.0327,1.34,2.86,0.6672,0.6588,0.6756,3.5063,3.5176,0
2005-03-15,4.22,2.7419,0.1042,0.762,0.5802,0.0317,0.0175,1.34,2.88,0.6844,0.6853,0.6836,3.5031,3.5309,0
2005-03-16,4.18,2.7341,0.1015,0.741,0.5747,0.0287,-0.007,1.29,2.89,0.6762,0.6813,0.671,3.4699,3.5114,0
2005-03-17,4.14,2.7217,0.0983,0.7315,0.5542,0.0343,-0.0389,1.23,2.91,0.6525,0.6519,0.653,3.4538,3.4855,0
2005-03-18,4.18,2.7333,0.098,0.7394,0.5707,0.0386,-0.0275,1.26,2.92,0.6687,0.6762,0.6613,3.4652,3.5116,0
2005-03-21,4.18,2.7376,0.0962,0.7408,0.5756,0.0298,-0.0104,1.28,2.9,0.6718,0.6837,0.6598,3.4665,3.5223,0
2005-03-22,4.31,2.7629,0.1045,0.8102,0.5916,0.0408,0.0038,1.37,2.94,0.6961,0.693,0.6992,3.5762,3.5895,0
2005-03-23,4.3,2.7619,0.1074,0.7914,0.5976,0.0417,0.0673,1.44,2.86,0.705,0.7037,0.7063,3.5547,3.5835,0
2005-03-24,4.3,2.7585,0.1089,0.8093,0.5839,0.0393,0.0654,1.45,2.85,0.6928,0.6797,0.706,3.581,3.5861,0
2005-03-28,4.33,2.7674,0.111,0.8263,0.5953,0.03,0.077,1.48,2.85,0.7063,0.6951,0.7174,3.6048,3.6123,0
2005-03-29,4.3,2.7563,0.1095,0.8107,0.5813,0.0422,0.0773,1.45,2.85,0.6908,0.6769,0.7047,3.5809,3.5883,0
2005-03-30,4.26,2.745,0.1094,0.8137,0.5583,0.0336,0.0738,1.42,2.84,0.6677,0.6403,0.6951,3.5861,3.5662,0
2005-03-31,4.18,2.7244,0.1041,0.7705,0.5439,0.0371,0.0103,1.31,2.87,0.648,0.6302,0.6657,3.5126,3.5196,0
2005-04-01,4.13,2.7136,0.0984,0.7518,0.5279,0.0383,0.0144,1.28,2.85,0.6263,0.6098,0.6429,3.4819,3.4943,0
2005-04-04,4.13,2.717,0.0961,0.7621,0.5278,0.0271,0.0312,1.28,2.85,0.6239,0.6077,0.64,3.4952,3.4995,0
2005-04-05,4.15,2.7212,0.0959,0.7527,0.54,0.0401,0.0435,1.32,2.83,0.6359,0.6283,0.6436,3.4816,3.503,0
2005-04-06,4.09,2.7122,0.092,0.7221,0.5354,0.0283,0.0618,1.3,2.79,0.6274,0.627,0.6278,3.4347,3.4759,0
2005-04-07,4.13,2.7242,0.0935,0.7374,0.5494,0.0255,0.0883,1.36,2.77,0.6429,0.6442,0.6416,3.4603,3.4986,0
2005-04-08,4.17,2.7262,0.096,0.7681,0.539,0.0407,0.0834,1.37,2.8,0.635,0.622,0.648,3.5073,3.5138,0
2005-04-11,4.13,2.7146,0.0931,0.7642,0.5207,0.0374,0.0789,1.35,2.78,0.6138,0.598,0.6295,3.4946,3.5022,0
2005-04-12,4.05,2.6924,0.0881,0.7574,0.482,0.0301,0.0452,1.29,2.76,0.5701,0.5421,0.5981,3.4778,3.4618,0
2005-04-13,4.03,2.6925,0.0846,0.7327,0.4935,0.0266,0.069,1.31,2.72,0.5781,0.5656,0.5907,3.4378,3.4532,0
2005-04-14,3.99,2.6867,0.0782,0.6904,0.5011,0.0336,0.0673,1.26,2.73,0.5793,0.5871,0.5715,3.3694,3.4296,0
2005-04-15,3.9,2.665,0.0711,0.6708,0.4667,0.0263,0.0683,1.2,2.7,0.5378,0.5392,0.5364,3.3344,3.3811,0
2005-04-18,3.9,2.6597,0.0686,0.6946,0.4487,0.0284,0.058,1.19,2.71,0.5173,0.5105,0.5241,3.3611,3.382,0
2005-04-19,3.85,2.6454,0.0644,0.6889,0.4231,0.0283,0.0446,1.13,2.72,0.4875,0.4727,0.5022,3.349,3.3504,0
2005-04-20,3.86,2.6475,0.0656,0.6849,0.4297,0.0323,0.0192,1.11,2.75,0.4953,0.4831,0.5075,3.3446,3.3514,0
2005-04-21,3.97,2.6736,0.0743,0.7312,0.4568,0.0341,0.02,1.17,2.8,0.5311,0.5122,0.5501,3.4237,3.409,0
2005-04-22,3.92,2.6592,0.0737,0.7299,0.4303,0.027,-0.0112,1.11,2.81,0.504,0.4725,0.5354,3.4205,3.3897,0
2005-04-25,3.94,2.6577,0.0731,0.7551,0.4171,0.037,0.0103,1.15,2.79,0.4902,0.4502,0.5302,3.4528,3.404,0
2005-04-26,3.96,2.6632,0.0751,0.7566,0.4294,0.0357,0.0271,1.17,2.79,0.5045,0.4694,0.5397,3.4549,3.4152,0
2005-04-27,3.92,2.6535,0.0731,0.7469,0.4131,0.0334,0.0445,1.17,2.75,0.4862,0.4454,0.527,3.4412,3.3935,0
2005-04-28,3.85,2.6342,0.0687,0.7205,0.3911,0.0355,0.016,1.11,2.74,0.4598,0.4192,0.5004,3.3953,3.3517,0
2005-04-29,3.9,2.6428,0.0716,0.7579,0.3878,0.0399,0.0402,1.17,2.73,0.4594,0.4052,0.5137,3.4549,3.3776,0
2005-05-02,3.88,2.6396,0.0697,0.7491,0.387,0.0345,0.0467,1.18,2.7,0.4567,0.408,0.5055,3.4375,3.3762,0
2005-05-03,3.9,2.6425,0.0711,0.7628,0.3853,0.0384,0.0869,1.24,2.66,0.4564,0.4017,0.511,3.4599,3.385,0
2005-05-04,3.87,2.6392,0.0689,0.7269,0.3967,0.0383,0.0819,1.21,2.66,0.4656,0.4269,0.5042,3.4048,3.3685,0
2005-05-05,3.82,2.6336,0.0649,0.6932,0.399,0.0293,0.0925,1.18,2.64,0.4639,0.436,0.4918,3.3547,3.3415,0
2005-05-06,3.95,2.6592,0.0733,0.769,0.4109,0.0376,0.0969,1.27,2.68,0.4842,0.4371,0.5314,3.4754,3.4108,0
2005-05-09,3.99,2.6626,0.0773,0.7958,0.4068,0.0475,0.0765,1.28,2.71,0.4841,0.4263,0.5419,3.5162,3.4339,0
2005-05-10,3.93,2.647,0.0747,0.7702,0.3902,0.0479,0.0761,1.24,2.69,0.4649,0.407,0.5228,3.4751,3.4006,0
2005-05-11,3.91,2.6415,0.0744,0.7653,0.3826,0.0462,0.0896,1.24,2.67,0.457,0.3959,0.5181,3.4679,3.3858,0
2005-05-12,3.87,2.6355,0.0714,0.7417,0.3801,0.0413,0.1348,1.27,2.6,0.4515,0.3963,0.5066,3.4324,3.3674,0
2005-05-13,3.83,2.626,0.0699,0.7265,0.3701,0.0374,0.1801,1.3,2.53,0.44,0.3836,0.4965,3.409,3.3379,0
2005-05-16,3.83,2.6257,0.0677,0.7355,0.3677,0.0334,0.1752,1.3,2.53,0.4354,0.3818,0.489,3.4148,3.3489,0
2005-05-17,3.82,2.6217,0.0669,0.7364,0.3598,0.0351,0.1774,1.28,2.54,0.4267,0.37,0.4835,3.4149,3.3417,0
2005-05-18,3.77,2.6094,0.0643,0.7256,0.3401,0.0306,0.2019,1.28,2.49,0.4044,0.3413,0.4675,3.3981,3.3134,0
2005-05-19,3.84,2.6213,0.0705,0.7604,0.3468,0.041,0.2269,1.34,2.5,0.4173,0.3419,0.4927,3.4571,3.3395,0
2005-05-20,3.88,2.6246,0.0746,0.7841,0.3452,0.0514,0.1909,1.33,2.55,0.4198,0.3361,0.5036,3.4925,3.3599,0
2005-05-23,3.83,2.6087,0.0717,0.7829,0.3152,0.0516,0.1994,1.33,2.5,0.3869,0.292,0.4817,3.4864,3.3398,0
2005-05-24,3.78,2.5971,0.0687,0.7648,0.3045,0.0449,0.1979,1.3,2.48,0.3732,0.2815,0.465,3.4536,3.3135,0
2005-05-25,3.81,2.6078,0.0692,0.7625,0.3247,0.0458,0.2046,1.31,2.5,0.3939,0.3122,0.4757,3.4521,3.3305,0
2005-05-26,3.82,2.6121,0.0708,0.7696,0.3245,0.0429,0.2397,1.35,2.47,0.3953,0.3063,0.4844,3.4708,3.3319,0
2005-05-27,3.82,2.6101,0.0724,0.7664,0.3235,0.0476,0.2132,1.32,2.5,0.3959,0.3051,0.4867,3.4673,3.3273,0
2005-05-31,3.76,2.589,0.067,0.7782,0.2779,0.0479,0.2188,1.29,2.47,0.3449,0.2362,0.4536,3.4759,3.3002,0
2005-06-01,3.63,2.5596,0.0595,0.7276,0.2479,0.0354,0.2076,1.19,2.44,0.3074,0.2024,0.4124,3.3922,3.2291,0
2005-06-02,3.65,2.558,0.0594,0.7495,0.2345,0.0486,0.2396,1.23,2.42,0.2939,0.1778,0.4101,3.4237,3.2306,0
2005-06-03,3.73,2.5803,0.0655,0.7739,0.2676,0.0427,0.2502,1.31,2.42,0.3331,0.2222,0.444,3.4651,3.2742,0
2005-06-06,3.73,2.5761,0.0664,0.7891,0.2508,0.0476,0.2495,1.3,2.43,0.3171,0.1927,0.4416,3.4897,3.2751,0
2005-06-07,3.7,2.5637,0.0651,0.7874,0.2268,0.057,0.2787,1.31,2.39,0.2919,0.1563,0.4276,3.4867,3.253,0
2005-06-08,3.73,2.571,0.0681,0.8032,0.2351,0.0526,0.2908,1.34,2.39,0.3032,0.1659,0.4405,3.5115,3.2729,0
2005-06-09,3.76,2.5778,0.0722,0.8152,0.2426,0.0522,0.3016,1.37,2.39,0.3148,0.1731,0.4565,3.5348,3.2865,0
2005-06-10,3.84,2.6002,0.079,0.8344,0.2714,0.055,0.342,1.47,2.37,0.3504,0.2085,0.4923,3.5765,3.3287,0
2005-06-13,3.87,2.6108,0.078,0.8379,0.2918,0.0515,0.3464,1.49,2.38,0.3698,0.2432,0.4964,3.5753,3.3645,0
2005-06-14,3.89,2.6198,0.0776,0.8284,0.3143,0.0499,0.3501,1.5,2.39,0.3919,0.2806,0.5031,3.5595,3.3792,0
2005-06-15,3.9,2.6203,0.0776,0.8326,0.312,0.0575,0.3528,1.52,2.38,0.3896,0.2758,0.5035,3.5667,3.3805,0
2005-06-16,3.87,2.6098,0.077,0.8355,0.2932,0.0545,0.3286,1.48,2.39,0.3702,0.2473,0.4931,3.5682,3.3617,0
2005-06-17,3.88,2.6097,0.0778,0.8542,0.2831,0.0552,0.2963,1.45,2.43,0.3609,0.2275,0.4943,3.5973,3.3665,0
2005-06-20,3.88,2.6151,0.0759,0.8521,0.2958,0.0411,0.2932,1.46,2.42,0.3717,0.251,0.4924,3.5879,3.3869,0
2005-06-21,3.84,2.6004,0.0713,0.8539,0.2649,0.0495,0.3002,1.44,2.4,0.3362,0.2046,0.4678,3.5859,3.365,0
2005-06-22,3.72,2.5722,0.0629,0.827,0.2215,0.0364,0.3299,1.4,2.32,0.2844,0.1444,0.4243,3.5391,3.304,0
2005-06-23,3.74,2.5742,0.062,0.846,0.2212,0.0367,0.323,1.4,2.34,0.2832,0.1434,0.4229,3.5599,3.3129,0
2005-06-24,3.69,2.5621,0.0584,0.8359,0.2028,0.0307,0.3203,1.37,2.32,0.2612,0.119,0.4035,3.5403,3.2907,0
2005-06-27,3.69,2.5563,0.0537,0.8456,0.191,0.0435,0.2929,1.34,2.35,0.2447,0.1049,0.3845,3.5417,3.296,0
2005-06-28,3.76,2.5748,0.0567,0.878,0.2101,0.0404,0.2996,1.4,2.36,0.2668,0.1273,0.4064,3.5924,3.339,0
2005-06-29,3.77,2.5807,0.0584,0.8697,0.2233,0.0379,0.3126,1.42,2.35,0.2817,0.1469,0.4165,3.5852,3.3441,0
2005-06-30,3.72,2.567,0.0559,0.8703,0.1938,0.0329,0.3355,1.41,2.31,0.2497,0.1014,0.3981,3.5857,3.3226,0
2005-07-01,3.84,2.5957,0.0629,0.9169,0.2269,0.0376,0.3458,1.5,2.34,0.2898,0.1421,0.4376,3.6604,3.3911,0
2005-07-05,3.9,2.6138,0.0657,0.9317,0.2541,0.0346,0.3534,1.55,2.35,0.3198,0.1818,0.4579,3.6836,3.4375,0
2005-07-06,3.86,2.6049,0.0648,0.9229,0.2405,0.0269,0.3445,1.52,2.34,0.3053,0.1619,0.4487,3.6712,3.4185,0
2005-07-07,3.83,2.5969,0.064,0.9077,0.2325,0.0289,0.3664,1.5,2.33,0.2965,0.1514,0.4416,3.6498,3.3914,0
2005-07-08,3.89,2.6124,0.068,0.9256,0.2529,0.0311,0.3846,1.56,2.33,0.3209,0.1778,0.464,3.6811,3.4261,0
2005-07-11,3.91,2.6118,0.0659,0.9388,0.2508,0.0427,0.3552,1.55,2.36,0.3167,0.1784,0.455,3.6889,3.4473,0
2005-07-12,3.94,2.6224,0.0678,0.9573,0.2628,0.0296,0.3508,1.57,2.37,0.3306,0.1935,0.4677,3.7168,3.4736,0
2005-07-13,3.96,2.6292,0.0696,0.9536,0.2748,0.0328,0.386,1.61,2.35,0.3444,0.21,0.4788,3.7173,3.4804,0
2005-07-14,3.98,2.6361,0.0707,0.9566,0.2837,0.0329,0.4669,1.71,2.27,0.3544,0.2216,0.4872,3.7255,3.4932,0
2005-07-15,3.98,2.6331,0.0719,0.9748,0.2698,0.0304,0.4894,1.75,2.23,0.3417,0.1962,0.4872,3.7534,3.4921,0
2005-07-18,4.01,2.6426,0.0708,0.9809,0.2882,0.0274,0.498,1.79,2.22,0.359,0.228,0.4901,3.7546,3.5259,0
2005-07-19,3.99,2.6341,0.0685,0.979,0.2761,0.0323,0.4499,1.74,2.25,0.3446,0.2126,0.4766,3.745,3.5136,0
2005-07-20,3.99,2.6285,0.0686,0.9892,0.2608,0.0429,0.4376,1.72,2.27,0.3294,0.1875,0.4712,3.7596,3.5091,0
2005-07-21,4.09,2.6565,0.0725,1.0249,0.298,0.038,0.4239,1.77,2.32,0.3705,0.2383,0.5028,3.8137,3.5744,0
2005-07-22,4.04,2.6421,0.0689,1.0252,0.2683,0.0355,0.3869,1.72,2.32,0.3372,0.1936,0.4809,3.811,3.5526,0
2005-07-25,4.06,2.6475,0.0662,1.0456,0.2686,0.032,0.4176,1.76,2.3,0.3348,0.1937,0.476,3.8343,3.5809,0
2005-07-26,4.06,2.6458,0.066,1.0548,0.2624,0.031,0.4111,1.76,2.3,0.3284,0.183,0.4738,3.846,3.5799,0
2005-07-27,4.09,2.6519,0.0692,1.0718,0.2666,0.0305,0.3982,1.78,2.31,0.3358,0.1852,0.4864,3.8742,3.5946,0
2005-07-28,4.04,2.6335,0.0677,1.0647,0.2339,0.0401,0.3864,1.73,2.31,0.3016,0.1359,0.4674,3.864,3.5594,0
2005-07-29,4.12,2.6559,0.0726,1.0912,0.2643,0.036,0.3983,1.8,2.32,0.3369,0.1764,0.4974,3.9076,3.6091,0
2005-08-01,4.16,2.6655,0.0726,1.0953,0.2818,0.0448,0.3772,1.79,2.37,0.3544,0.205,0.5037,3.9101,3.6389,0
2005-08-02,4.17,2.6715,0.0721,1.0884,0.2939,0.0441,0.4044,1.8,2.37,0.366,0.2243,0.5077,3.9016,3.6486,0
2005-08-03,4.13,2.6598,0.0702,1.0811,0.2783,0.0405,0.3683,1.75,2.38,0.3485,0.2038,0.4932,3.8856,3.6255,0
2005-08-04,4.15,2.666,0.0711,1.0803,0.2913,0.0413,0.3694,1.77,2.38,0.3624,0.2241,0.5007,3.8846,3.6362,0
2005-08-05,4.24,2.6865,0.0764,1.1197,0.3104,0.0471,0.3811,1.83,2.41,0.3868,0.2436,0.5299,3.9493,3.6849,0
2005-08-08,4.28,2.6938,0.0783,1.1635,0.3019,0.0426,0.3697,1.85,2.43,0.3802,0.2229,0.5375,4.0146,3.7219,0
2005-08-09,4.25,2.6887,0.0781,1.1471,0.3022,0.0339,0.3791,1.86,2.39,0.3803,0.2272,0.5334,3.9889,3.707,0
2005-08-10,4.24,2.686,0.0768,1.1348,0.2997,0.0427,0.4044,1.85,2.39,0.3765,0.2243,0.5287,3.973,3.6964,0
2005-08-11,4.18,2.6696,0.0725,1.1196,0.2761,0.0422,0.3927,1.8,2.38,0.3486,0.1931,0.504,3.9446,3.6653,0
2005-08-12,4.11,2.6479,0.0668,1.1217,0.2344,0.0392,0.3719,1.73,2.38,0.3012,0.1317,0.4707,3.939,3.6297,0
2005-08-15,4.15,2.6559,0.0666,1.142,0.2427,0.0428,0.3566,1.74,2.41,0.3093,0.1428,0.4758,3.9644,3.6539,0
2005-08-16,4.1,2.643,0.063,1.1172,0.2316,0.0453,0.3295,1.68,2.42,0.2946,0.1325,0.4566,3.9222,3.624,0
2005-08-17,4.15,2.6571,0.065,1.1221,0.2554,0.0504,0.3502,1.73,2.42,0.3204,0.167,0.4739,3.9326,3.6478,0
2005-08-18,4.08,2.6392,0.0611,1.102,0.2273,0.0505,0.3468,1.68,2.4,0.2884,0.1267,0.45,3.9028,3.6079,0
2005-08-19,4.08,2.6379,0.0591,1.1045,0.2257,0.0529,0.3315,1.66,2.42,0.2848,0.1269,0.4427,3.9003,3.6129,0
2005-08-22,4.08,2.6393,0.0582,1.1134,0.2238,0.0453,0.3382,1.67,2.41,0.282,0.1228,0.4412,3.9119,3.6189,0
2005-08-23,4.07,2.6349,0.0571,1.1144,0.2138,0.0499,0.3304,1.65,2.42,0.2709,0.1067,0.435,3.9134,3.6086,0
2005-08-24,4.06,2.6332,0.0573,1.1169,0.2103,0.0423,0.3137,1.64,2.42,0.2676,0.1013,0.4338,3.9164,3.6079,0
2005-08-25,4.06,2.6305,0.0576,1.1246,0.2023,0.045,0.2873,1.62,2.44,0.2599,0.0878,0.432,3.9272,3.6039,0
2005-08-26,4.09,2.6354,0.0597,1.1456,0.199,0.0504,0.2927,1.65,2.44,0.2587,0.0765,0.4408,3.9631,3.6185,0
2005-08-29,4.08,2.6332,0.06,1.1512,0.1929,0.0427,0.2727,1.63,2.45,0.2529,0.0669,0.4389,3.9705,3.6191,0
2005-08-30,4.03,2.6213,0.0578,1.128,0.1826,0.0403,0.2089,1.52,2.51,0.2404,0.0556,0.4252,3.9341,3.5856,0
2005-08-31,3.87,2.5852,0.0455,1.0452,0.1493,0.0448,0.2527,1.43,2.44,0.1948,0.0223,0.3674,3.803,3.4932,0
2005-09-01,3.85,2.5835,0.0458,1.0122,0.165,0.0435,0.2054,1.38,2.47,0.2108,0.0495,0.372,3.757,3.4525,0
2005-09-02,3.85,2.5874,0.0442,0.9911,0.1802,0.0471,0.1853,1.32,2.53,0.2244,0.0761,0.3726,3.7268,3.4508,0
2005-09-06,3.89,2.6041,0.0428,1.0072,0.1989,0.0369,0.2168,1.4,2.49,0.2417,0.1022,0.3813,3.7509,3.495,0
2005-09-07,3.93,2.6192,0.0432,1.0171,0.2218,0.0287,0.218,1.43,2.5,0.265,0.1362,0.3939,3.7652,3.5297,0
2005-09-08,3.94,2.6184,0.0439,1.0258,0.2174,0.0346,0.1764,1.38,2.56,0.2613,0.1281,0.3944,3.7773,3.5322,0
2005-09-09,3.94,2.614,0.0441,1.0345,0.2037,0.0438,0.1374,1.32,2.62,0.2478,0.1047,0.3908,3.7915,3.5272,0
2005-09-12,3.98,2.6287,0.0444,1.0525,0.2216,0.0329,0.1533,1.37,2.61,0.266,0.1301,0.4019,3.8171,3.5675,0
2005-09-13,3.93,2.6176,0.0408,1.0328,0.209,0.0298,0.1518,1.34,2.59,0.2498,0.1151,0.3844,3.785,3.5411,0
2005-09-14,3.96,2.6263,0.0426,1.0377,0.2241,0.0293,0.1497,1.36,2.6,0.2667,0.1365,0.3969,3.7942,3.5537,0
2005-09-15,3.99,2.639,0.0438,1.0336,0.2489,0.0247,0.1453,1.37,2.62,0.2927,0.1746,0.4107,3.7906,3.5749,0
2005-09-16,4.05,2.6534,0.0464,1.0582,0.2638,0.0282,0.1225,1.4,2.65,0.3102,0.1928,0.4277,3.829,3.6133,0
2005-09-19,4.02,2.6489,0.0421,1.0498,0.2585,0.0208,0.0934,1.35,2.67,0.3006,0.1887,0.4124,3.8105,3.6102,0
2005-09-20,4.06,2.6523,0.0422,1.0909,0.2429,0.0317,0.1286,1.43,2.63,0.2851,0.1575,0.4127,3.8708,3.6358,0
2005-09-21,4.01,2.6339,0.0435,1.0849,0.2163,0.0314,0.1124,1.36,2.65,0.2598,0.1183,0.4013,3.8603,3.5965,0
2005-09-22,3.99,2.6312,0.0435,1.0647,0.2192,0.0314,0.1178,1.36,2.63,0.2627,0.125,0.4003,3.8336,3.5827,0
2005-09-23,4.07,2.6508,0.0497,1.0957,0.2396,0.0342,0.1442,1.43,2.64,0.2893,0.147,0.4317,3.8888,3.6238,0
2005-09-26,4.11,2.6637,0.0509,1.1022,0.2647,0.0285,0.1514,1.48,2.63,0.3156,0.1882,0.443,3.8933,3.6654,0
2005-09-27,4.13,2.6646,0.0528,1.1077,0.2672,0.0377,0.1403,1.47,2.66,0.32,0.1918,0.4482,3.9005,3.6699,0
2005-09-28,4.11,2.6543,0.0532,1.119,0.2432,0.0403,0.1157,1.44,2.67,0.2964,0.153,0.4398,3.9167,3.6561,0
2005-09-29,4.14,2.6634,0.0559,1.1325,0.2554,0.0328,0.1067,1.45,2.69,0.3113,0.1691,0.4535,3.9381,3.6778,0
2005-09-30,4.18,2.6758,0.0593,1.1922,0.2479,0.0049,0.1006,1.46,2.72,0.3072,0.1439,0.4705,4.0313,3.7146,0
2005-10-03,4.25,2.6895,0.0595,1.2003,0.2664,0.0343,0.1258,1.54,2.71,0.3259,0.1728,0.479,4.0429,3.7649,0
2005-10-04,4.24,2.686,0.0581,1.205,0.2569,0.034,0.1471,1.56,2.68,0.315,0.1581,0.4719,4.0479,3.7619,0
2005-10-05,4.23,2.6815,0.0583,1.2044,0.2508,0.035,0.1712,1.57,2.66,0.3091,0.1491,0.4691,4.0459,3.7507,0
2005-10-06,4.23,2.6848,0.0583,1.2041,0.2544,0.0283,0.2268,1.64,2.59,0.3127,0.1532,0.4722,4.0484,3.754,0
2005-10-07,4.23,2.6796,0.0581,1.208,0.2456,0.0387,0.223,1.64,2.59,0.3037,0.1404,0.4671,4.051,3.7469,0
2005-10-11,4.27,2.688,0.0563,1.2382,0.2477,0.0399,0.2238,1.67,2.6,0.304,0.1423,0.4656,4.0878,3.7888,0
2005-10-12,4.32,2.7013,0.057,1.2431,0.2694,0.0493,0.2342,1.71,2.61,0.3264,0.1741,0.4786,4.0966,3.8138,0
2005-10-13,4.32,2.7098,0.0576,1.2328,0.29,0.0298,0.2309,1.73,2.59,0.3476,0.207,0.4882,4.0832,3.8236,0
2005-10-14,4.34,2.7128,0.0597,1.2487,0.2859,0.0329,0.2015,1.71,2.63,0.3456,0.1952,0.4961,4.1119,3.828,0
2005-10-17,4.36,2.7164,0.0569,1.2656,0.2856,0.0355,0.1666,1.68,2.68,0.3425,0.196,0.4889,4.1285,3.857,0
2005-10-18,4.34,2.714,0.0552,1.2582,0.2852,0.0274,0.1525,1.66,2.68,0.3404,0.1975,0.4832,4.115,3.8489,0
2005-10-19,4.32,2.7095,0.0529,1.2522,0.2765,0.0289,0.167,1.66,2.66,0.3294,0.1849,0.4738,4.1062,3.8386,0
2005-10-20,4.33,2.7085,0.0533,1.272,0.2657,0.0304,0.1721,1.68,2.65,0.319,0.165,0.4731,4.1346,3.8423,0
2005-10-21,4.26,2.689,0.0489,1.2606,0.2337,0.0278,0.2017,1.66,2.6,0.2826,0.1196,0.4455,4.1126,3.8079,0
2005-10-24,4.32,2.7039,0.0495,1.2787,0.256,0.032,0.2139,1.71,2.61,0.3055,0.1528,0.4581,4.1352,3.845,0
2005-10-25,4.41,2.728,0.0551,1.3048,0.2878,0.0343,0.2589,1.81,2.6,0.3429,0.194,0.4918,4.1817,3.8942,0
2005-10-26,4.46,2.7444,0.0608,1.3114,0.3161,0.0274,0.2426,1.84,2.62,0.3769,0.234,0.5197,4.1986,3.9273,0
2005-10-27,4.43,2.7361,0.0608,1.304,0.3025,0.0266,0.221,1.81,2.62,0.3633,0.2135,0.513,4.1899,3.9093,0
2005-10-28,4.46,2.7388,0.0621,1.3108,0.3071,0.0412,0.2093,1.82,2.64,0.3692,0.221,0.5174,4.1978,3.922,0
2005-10-31,4.45,2.7354,0.0593,1.3148,0.2993,0.0412,0.1972,1.81,2.64,0.3586,0.2117,0.5055,4.197,3.9294,0
2005-11-01,4.47,2.7387,0.0596,1.3171,0.3058,0.0489,0.1932,1.84,2.63,0.3654,0.2217,0.509,4.1994,3.935,0
2005-11-02,4.5,2.7484,0.062,1.3267,0.3184,0.0445,0.2061,1.87,2.63,0.3804,0.2374,0.5234,4.2181,3.9526,0
2005-11-03,4.55,2.7612,0.0647,1.3283,0.3424,0.0534,0.2002,1.91,2.64,0.4071,0.2735,0.5407,4.2231,3.9775,0
2005-11-04,4.56,2.7669,0.0655,1.3289,0.3514,0.0473,0.2018,1.9,2.66,0.4169,0.2859,0.5479,4.2268,3.9864,0
2005-11-07,4.55,2.7639,0.0659,1.3968,0.3137,0.0097,0.1782,1.91,2.64,0.3796,0.215,0.5442,4.3253,3.9955,0
2005-11-08,4.49,2.744,0.0613,1.3818,0.2799,0.023,0.2032,1.9,2.59,0.3412,0.1663,0.5161,4.3007,3.9586,0
2005-11-09,4.55,2.7623,0.0648,1.404,0.3059,0.013,0.2493,1.99,2.56,0.3707,0.2022,0.5392,4.3348,3.9987,0
2005-11-10,4.49,2.7429,0.0607,1.3771,0.2807,0.0286,0.3037,2.02,2.47,0.3414,0.1693,0.5134,4.2921,3.9576,0
2005-11-14,4.54,2.7563,0.0624,1.4157,0.2879,0.0177,0.3425,2.1,2.44,0.3503,0.1738,0.5268,4.3485,3.9968,0
2005-11-15,4.51,2.7431,0.0604,1.4108,0.2657,0.03,0.3554,2.08,2.43,0.3261,0.1418,0.5105,4.3382,3.9737,0
2005-11-16,4.43,2.722,0.0563,1.3731,0.248,0.0306,0.3587,2.03,2.4,0.3043,0.1247,0.4839,4.2747,3.9244,0
2005-11-17,4.39,2.7133,0.0534,1.377,0.2286,0.0176,0.3466,2.0,2.39,0.282,0.0946,0.4695,4.2778,3.9059,0
2005-11-18,4.43,2.7217,0.0524,1.3422,0.2544,0.0594,0.3917,2.05,2.38,0.3068,0.1391,0.4744,4.2315,3.9202,0
2005-11-21,4.39,2.7128,0.05,1.3325,0.2438,0.051,0.3763,1.99,2.4,0.2938,0.1263,0.4612,4.2127,3.9007,0
2005-11-22,4.34,2.7044,0.0481,1.2827,0.2538,0.051,0.3518,1.93,2.41,0.3019,0.1512,0.4527,4.1378,3.8618,0
2005-11-23,4.38,2.7177,0.047,1.2953,0.2671,0.0529,0.3648,1.97,2.41,0.3141,0.1685,0.4597,4.1586,3.8961,0
2005-11-25,4.34,2.7061,0.0437,1.2844,0.2492,0.0567,0.3659,1.94,2.4,0.2929,0.1433,0.4424,4.14,3.8693,0
2005-11-28,4.32,2.6984,0.0402,1.2917,0.2332,0.0565,0.369,1.94,2.38,0.2734,0.1213,0.4255,4.1422,3.8658,0
2005-11-29,4.4,2.7189,0.0448,1.3198,0.2602,0.0563,0.3991,2.03,2.37,0.305,0.1564,0.4536,4.1873,3.9101,0
2005-11-30,4.42,2.7234,0.0477,1.3211,0.2672,0.0606,0.4074,2.07,2.35,0.3149,0.1652,0.4647,4.1942,3.9176,0
2005-12-01,4.45,2.7304,0.0512,1.3488,0.2651,0.0545,0.4243,2.08,2.37,0.3163,0.1541,0.4786,4.2415,3.9359,0
2005-12-02,4.45,2.7304,0.0525,1.3427,0.2688,0.0556,0.4303,2.09,2.36,0.3213,0.1605,0.4821,4.2339,3.9343,0
2005-12-05,4.5,2.7409,0.0547,1.3677,0.2799,0.0567,0.3983,2.09,2.41,0.3346,0.1745,0.4947,4.2687,3.9655,0
2005-12-06,4.42,2.7198,0.0507,1.3504,0.2468,0.0523,0.4048,2.06,2.36,0.2975,0.1275,0.4675,4.2402,3.9234,0
2005-12-07,4.43,2.7284,0.0517,1.3478,0.2641,0.038,0.4547,2.12,2.31,0.3158,0.1537,0.4779,4.2383,3.9343,0
2005-12-08,4.36,2.7112,0.0494,1.3174,0.2468,0.0353,0.4628,2.08,2.28,0.2962,0.1326,0.4597,4.1921,3.8878,0
2005-12-09,4.44,2.7303,0.0557,1.3451,0.27,0.0389,0.4592,2.13,2.31,0.3257,0.16,0.4914,4.2411,3.9249,0
2005-12-12,4.46,2.7344,0.0554,1.3546,0.2753,0.0403,0.428,2.12,2.34,0.3307,0.1697,0.4916,4.25,3.9502,0
2005-12-13,4.44,2.7302,0.0526,1.3451,0.2702,0.0418,0.4198,2.1,2.34,0.3228,0.1646,0.481,4.2335,3.9419,0
2005-12-14,4.36,2.7067,0.0483,1.3284,0.2337,0.0429,0.4201,2.04,2.32,0.282,0.1122,0.4518,4.2049,3.8897,0
2005-12-15,4.38,2.7113,0.0491,1.3406,0.2387,0.0402,0.4221,2.06,2.32,0.2878,0.1184,0.4573,4.2214,3.9011,0
2005-12-16,4.36,2.705,0.0483,1.3386,0.2252,0.0429,0.4387,2.08,2.28,0.2735,0.0968,0.4502,4.2204,3.888,0
2005-12-19,4.37,2.7027,0.046,1.3585,0.2144,0.0484,0.437,2.09,2.28,0.2604,0.0812,0.4395,4.2404,3.904,0
2005-12-20,4.4,2.7073,0.0479,1.3783,0.2157,0.0508,0.4332,2.1,2.3,0.2636,0.0801,0.4472,4.2691,3.9184,0
2005-12-21,4.42,2.7136,0.0518,1.3824,0.2254,0.0468,0.4416,2.13,2.29,0.2772,0.092,0.4625,4.2812,3.9298,0
2005-12-22,4.38,2.6989,0.0513,1.3702,0.2025,0.0571,0.4546,2.1,2.28,0.2538,0.0578,0.4498,4.2651,3.8958,0
2005-12-23,4.32,2.681,0.047,1.3526,0.1781,0.0614,0.4526,2.06,2.26,0.2251,0.0261,0.424,4.2325,3.861,0
2005-12-27,4.3,2.6705,0.044,1.3725,0.1497,0.0633,0.4575,2.05,2.25,0.1937,-0.0187,0.4061,4.2554,3.8525,0
2005-12-28,4.32,2.6803,0.0466,1.3849,0.1614,0.0468,0.4822,2.09,2.23,0.208,-0.0053,0.4214,4.2786,3.8673,0
2005-12-29,4.33,2.6766,0.0475,1.391,0.154,0.0608,0.4546,2.07,2.26,0.2015,-0.0167,0.4198,4.2859,3.8663,0
2005-12-30,4.35,2.6815,0.0483,1.4115,0.1529,0.0557,0.437,2.05,2.3,0.2012,-0.022,0.4244,4.3162,3.8852,0
2006-01-03,4.3,2.6752,0.0411,1.3884,0.149,0.0463,0.4192,2.0,2.3,0.1901,-0.0209,0.401,4.2746,3.8741,0
2006-01-04,4.28,2.6706,0.0379,1.3767,0.145,0.0498,0.4149,1.97,2.31,0.1829,-0.0246,0.3904,4.2548,3.8554,0
2006-01-05,4.29,2.6735,0.0368,1.3829,0.143,0.0537,0.4463,2.01,2.28,0.1798,-0.0308,0.3905,4.2671,3.8576,0
2006-01-06,4.32,2.6789,0.0379,1.3976,0.1476,0.058,0.428,1.99,2.33,0.1855,-0.0258,0.3968,4.2878,3.8746,0
2006-01-09,4.32,2.6801,0.0373,1.3974,0.1498,0.0554,0.4125,1.97,2.35,0.1871,-0.022,0.3961,4.2866,3.8794,0
2006-01-10,4.36,2.6925,0.0394,1.4095,0.1683,0.0503,0.382,1.98,2.38,0.2077,0.0046,0.4108,4.3051,3.908,0
2006-01-11,4.39,2.7015,0.0405,1.4244,0.1764,0.0472,0.3644,2.0,2.39,0.2169,0.0138,0.42,4.329,3.9333,0
2006-01-12,4.35,2.6903,0.0382,1.414,0.1605,0.047,0.342,1.94,2.41,0.1987,-0.0079,0.4054,4.311,3.9075,0
2006-01-13,4.28,2.6724,0.0335,1.4087,0.1282,0.0372,0.3285,1.9,2.38,0.1617,-0.0552,0.3786,4.298,3.8744,0
2006-01-17,4.27,2.6655,0.0299,1.4165,0.1158,0.0423,0.2986,1.87,2.4,0.1457,-0.0706,0.362,4.2983,3.8736,0
2006-01-18,4.28,2.6685,0.0294,1.4136,0.1215,0.047,0.3071,1.88,2.4,0.1509,-0.0617,0.3635,4.2947,3.8769,0
2006-01-19,4.31,2.6782,0.0319,1.4323,0.1317,0.0359,0.3,1.9,2.41,0.1636,-0.0503,0.3775,4.3244,3.8987,0
2006-01-20,4.31,2.6742,0.0318,1.4337,0.1257,0.0446,0.2546,1.84,2.47,0.1575,-0.0581,0.3731,4.3234,3.8956,0
2006-01-23,4.3,2.6733,0.0294,1.4303,0.1232,0.0438,0.2615,1.84,2.46,0.1526,-0.0606,0.3658,4.3168,3.8968,0
2006-01-24,4.32,2.6817,0.0296,1.4374,0.1362,0.0351,0.2807,1.87,2.45,0.1658,-0.0418,0.3734,4.3267,3.9144,0
2006-01-25,4.41,2.7074,0.0348,1.4626,0.1705,0.0347,0.3292,1.98,2.43,0.2053,0.0038,0.4067,4.3715,3.9712,0
2006-01-26,4.44,2.7168,0.0382,1.4675,0.1889,0.0286,0.2974,1.97,2.47,0.2271,0.0311,0.423,4.3803,3.9898,0
2006-01-27,4.45,2.7157,0.0399,1.4792,0.1803,0.0348,0.2549,1.93,2.52,0.2202,0.0151,0.4254,4.4001,3.9936,0
2006-01-30,4.46,2.7204,0.0381,1.4937,0.1836,0.0242,0.239,1.92,2.54,0.2217,0.0211,0.4223,4.4147,4.0197,0
2006-01-31,4.47,2.717,0.0399,1.5078,0.1717,0.0336,0.2084,1.89,2.58,0.2116,-0.0009,0.4241,4.4373,4.013,0
2006-02-01,4.51,2.727,0.0442,1.5361,0.176,0.0267,0.2202,1.94,2.57,0.2202,-0.0016,0.4421,4.4849,4.0408,0
2006-02-02,4.51,2.7271,0.046,1.5459,0.1724,0.0186,0.2383,1.96,2.55,0.2184,-0.009,0.4458,4.5004,4.0472,0
2006-02-03,4.5,2.7168,0.0475,1.5702,0.1456,0.0199,0.2102,1.93,2.57,0.1931,-0.0529,0.4392,4.5331,4.0395,0
2006-02-06,4.51,2.7173,0.0473,1.5883,0.1404,0.0167,0.2006,1.93,2.58,0.1877,-0.0615,0.4369,4.5548,4.0573,0
2006-02-07,4.52,2.7233,0.047,1.5713,0.1592,0.0192,0.2155,1.95,2.57,0.2062,-0.0292,0.4417,4.5301,4.0637,0
2006-02-08,4.55,2.7312,0.0485,1.5839,0.1648,0.0216,0.2471,2.01,2.54,0.2133,-0.0258,0.4523,4.5541,4.0778,0
2006-02-09,4.55,2.7265,0.0497,1.5947,0.1508,0.0284,0.2352,2.0,2.55,0.2005,-0.0498,0.4507,4.5714,4.0734,0
2006-02-10,4.59,2.738,0.0525,1.6152,0.1641,0.0201,0.2371,2.02,2.57,0.2166,-0.0328,0.4661,4.6027,4.1044,0
2006-02-13,4.58,2.7353,0.0508,1.6028,0.1643,0.0268,0.2456,2.03,2.55,0.2151,-0.0289,0.4591,4.5821,4.101,0
2006-02-14,4.61,2.7446,0.0512,1.6051,0.1795,0.0296,0.2915,2.09,2.52,0.2307,-0.0065,0.4679,4.5869,4.1189,0
2006-02-15,4.6,2.7416,0.0525,1.6113,0.1741,0.0205,0.2882,2.08,2.52,0.2266,-0.0158,0.469,4.5953,4.1114,0
2006-02-16,4.59,2.7385,0.053,1.6059,0.171,0.0216,0.2593,2.03,2.56,0.224,-0.02,0.468,4.5884,4.1036,0
2006-02-17,4.55,2.7224,0.0508,1.6056,0.1424,0.0287,0.2165,1.95,2.6,0.1932,-0.0621,0.4486,4.5834,4.0765,0
2006-02-21,4.59,2.7294,0.0522,1.6373,0.1414,0.0297,0.2006,1.97,2.62,0.1936,-0.0687,0.456,4.629,4.1034,0
2006-02-22,4.57,2.7194,0.0521,1.6331,0.1244,0.041,0.1893,1.93,2.64,0.1765,-0.0947,0.4478,4.6237,4.0823,0
2006-02-23,4.63,2.7294,0.0551,1.6533,0.136,0.0562,0.1896,1.97,2.66,0.1911,-0.08,0.4623,4.6539,4.1103,0
2006-02-24,4.64,2.733,0.0567,1.6579,0.1422,0.0502,0.1551,1.94,2.7,0.1989,-0.0713,0.4691,4.6611,4.1188,0
2006-02-27,4.66,2.7394,0.0562,1.6596,0.1523,0.0525,0.1679,1.96,2.7,0.2085,-0.0555,0.4725,4.663,4.1357,0
2006-02-28,4.61,2.7268,0.0528,1.6404,0.1374,0.0527,0.1758,1.93,2.68,0.1902,-0.0738,0.4541,4.6311,4.1065,0
2006-03-01,4.63,2.7342,0.0516,1.6356,0.1532,0.0554,0.1554,1.92,2.71,0.2048,-0.0482,0.4578,4.6228,4.1179,0
2006-03-02,4.68,2.7502,0.054,1.6439,0.1775,0.0543,0.1418,1.94,2.74,0.2315,-0.0145,0.4775,4.6401,4.1448,0
2006-03-03,4.71,2.7628,0.0563,1.6438,0.1988,0.0483,0.1394,1.95,2.76,0.2551,0.016,0.4942,4.6457,4.1654,0
2006-03-06,4.76,2.779,0.057,1.6363,0.2288,0.059,0.1816,2.03,2.73,0.2858,0.0618,0.5098,4.6393,4.1941,0
2006-03-07,4.76,2.7796,0.0573,1.6426,0.2259,0.0547,0.2016,2.05,2.71,0.2832,0.0553,0.5111,4.6501,4.196,0
2006-03-08,4.75,2.7793,0.0554,1.6234,0.2338,0.0582,0.2576,2.09,2.66,0.2892,0.0717,0.5066,4.6201,4.1915,0
2006-03-09,4.75,2.7771,0.0549,1.6244,0.2307,0.063,0.2578,2.09,2.66,0.2856,0.0678,0.5033,4.6192,4.1879,0
2006-03-10,4.77,2.7837,0.0555,1.63,0.239,0.0619,0.2848,2.15,2.62,0.2945,0.0788,0.5101,4.6293,4.2022,0
2006-03-13,4.78,2.7863,0.0539,1.6364,0.2428,0.0606,0.2857,2.17,2.61,0.2967,0.087,0.5064,4.6324,4.219,0
2006-03-14,4.68,2.7652,0.0468,1.5975,0.2222,0.0484,0.2567,2.07,2.61,0.269,0.0655,0.4725,4.5662,4.1692,0
2006-03-15,4.69,2.7709,0.0442,1.5963,0.2285,0.0502,0.2597,2.07,2.62,0.2727,0.0743,0.471,4.5655,4.1768,0
2006-03-16,4.6,2.7493,0.0372,1.5589,0.2032,0.0515,0.238,1.98,2.62,0.2404,0.0434,0.4373,4.5051,4.1214,0
2006-03-17,4.62,2.7579,0.0361,1.5621,0.2176,0.0463,0.2531,2.0,2.62,0.2537,0.0653,0.4421,4.5084,4.135,0
2006-03-20,4.61,2.7539,0.0341,1.5671,0.2055,0.0493,0.2658,2.01,2.6,0.2396,0.0459,0.4334,4.5148,4.1304,0
2006-03-21,4.68,2.7697,0.0379,1.6014,0.2185,0.0525,0.3122,2.11,2.57,0.2564,0.0583,0.4546,4.5692,4.1714,0
2006-03-22,4.69,2.7672,0.0409,1.6133,0.2107,0.0579,0.3081,2.13,2.56,0.2516,0.044,0.4592,4.5881,4.1717,0
2006-03-23,4.73,2.7757,0.045,1.6213,0.2264,0.0616,0.3042,2.15,2.58,0.2714,0.0662,0.4765,4.6022,4.1895,0
2006-03-24,4.66,2.7576,0.0428,1.6008,0.2,0.0588,0.308,2.11,2.55,0.2428,0.0288,0.4568,4.5724,4.1484,0
2006-03-27,4.69,2.7655,0.0434,1.5987,0.2172,0.0652,0.3289,2.14,2.55,0.2606,0.0568,0.4645,4.5681,4.166,0
2006-03-28,4.79,2.7875,0.049,1.6401,0.2388,0.0746,0.3441,2.22,2.57,0.2878,0.08,0.4956,4.6354,4.2178,0
2006-03-29,4.79,2.7951,0.0507,1.6261,0.2587,0.0594,0.3491,2.24,2.55,0.3094,0.1123,0.5065,4.6183,4.2309,0
2006-03-30,4.83,2.8075,0.0527,1.6276,0.2806,0.0616,0.3496,2.25,2.58,0.3333,0.1446,0.522,4.6238,4.2541,0
2006-03-31,4.82,2.8076,0.0535,1.6135,0.2857,0.0597,0.3528,2.24,2.58,0.3392,0.153,0.5253,4.6073,4.2453,0
2006-04-03,4.85,2.8129,0.0532,1.6311,0.286,0.0668,0.354,2.26,2.59,0.3392,0.151,0.5273,4.6322,4.2671,0
2006-04-04,4.82,2.811,0.0508,1.6164,0.2868,0.055,0.3778,2.27,2.55,0.3376,0.155,0.5202,4.61,4.2585,0
2006-04-05,4.79,2.8025,0.0485,1.6033,0.2785,0.0572,0.3589,2.23,2.56,0.327,0.1456,0.5083,4.5871,4.2363,0
2006-04-06,4.84,2.8157,0.0488,1.6039,0.3009,0.0707,0.358,2.25,2.59,0.3497,0.1794,0.52,4.5898,4.2615,0
2006-04-07,4.89,2.8343,0.0527,1.6221,0.3233,0.0575,0.3747,2.31,2.58,0.376,0.2064,0.5456,4.626,4.2953,0
2006-04-10,4.89,2.8339,0.0513,1.6198,0.3251,0.0599,0.3443,2.29,2.6,0.3764,0.2123,0.5405,4.6178,4.3042,0
2006-04-11,4.86,2.8252,0.0493,1.6105,0.3137,0.0613,0.3261,2.23,2.63,0.363,0.198,0.528,4.6007,4.2871,0
2006-04-12,4.91,2.8362,0.0495,1.6234,0.3265,0.0744,0.3292,2.25,2.66,0.376,0.215,0.537,4.6206,4.3132,0
2006-04-13,4.97,2.8551,0.0519,1.6446,0.3507,0.0677,0.3562,2.31,2.66,0.4026,0.2471,0.5581,4.6552,4.355,0
2006-04-17,4.93,2.8441,0.0496,1.6273,0.342,0.067,0.3204,2.25,2.68,0.3916,0.2399,0.5432,4.6231,4.3325,0
2006-04-18,4.87,2.8353,0.0447,1.5904,0.3404,0.0592,0.2998,2.18,2.69,0.3851,0.2446,0.5257,4.5663,4.3011,0
2006-04-19,4.91,2.8479,0.0449,1.5835,0.3684,0.0653,0.2657,2.16,2.75,0.4133,0.289,0.5376,4.5558,4.3193,0
2006-04-20,4.92,2.8523,0.0455,1.5932,0.366,0.063,0.2878,2.2,2.72,0.4115,0.2802,0.5428,4.5768,4.3255,0
2006-04-21,4.92,2.8439,0.0462,1.6106,0.3422,0.0772,0.2741,2.19,2.73,0.3884,0.2399,0.5368,4.6029,4.316,0
2006-04-24,4.9,2.8374,0.0439,1.6189,0.3255,0.0742,0.2977,2.21,2.69,0.3694,0.2146,0.5243,4.6112,4.3126,0
2006-04-25,4.98,2.8587,0.0468,1.6341,0.3606,0.0798,0.3301,2.38,2.6,0.4074,0.2664,0.5484,4.6337,4.3596,0
2006-04-26,5.02,2.8687,0.0495,1.6533,0.3685,0.08,0.3435,2.39,2.63,0.418,0.2736,0.5624,4.6664,4.3864,0
2006-04-27,4.95,2.8587,0.047,1.6104,0.3726,0.0613,0.3038,2.33,2.62,0.4196,0.289,0.5502,4.5997,4.3506,0
2006-04-28,4.92,2.8533,0.0441,1.5813,0.3764,0.0649,0.2606,2.25,2.67,0.4205,0.3011,0.54,4.5541,4.3285,0
2006-05-01,4.99,2.8718,0.0446,1.6058,0.3995,0.0683,0.2402,2.27,2.72,0.4441,0.3336,0.5547,4.5881,4.3781,0
2006-05-02,4.98,2.8686,0.043,1.6084,0.3893,0.0707,0.2619,2.27,2.71,0.4323,0.3169,0.5477,4.5924,4.3737,0
2006-05-03,5.01,2.8778,0.0437,1.621,0.401,0.0665,0.2719,2.3,2.71,0.4447,0.3328,0.5566,4.6107,4.3953,0
2006-05-04,5.03,2.8798,0.0449,1.6371,0.3954,0.0727,0.2893,2.34,2.69,0.4403,0.3202,0.5605,4.6371,4.4047,0
2006-05-05,4.99,2.8681,0.0432,1.6266,0.3808,0.0713,0.2676,2.29,2.7,0.424,0.3015,0.5464,4.6172,4.3825,0
2006-05-08,5.01,2.8691,0.0438,1.6491,0.3732,0.0748,0.2703,2.32,2.69,0.417,0.2871,0.547,4.6482,4.3958,0
2006-05-09,5.01,2.8693,0.0442,1.6513,0.3749,0.0703,0.2475,2.29,2.72,0.4191,0.2904,0.5479,4.6493,4.3986,0
2006-05-10,5.03,2.8689,0.0457,1.6665,0.3651,0.0839,0.2442,2.3,2.73,0.4108,0.2706,0.5509,4.6755,4.4017,0
2006-05-11,5.04,2.8772,0.0488,1.6418,0.395,0.0772,0.2228,2.26,2.78,0.4438,0.3202,0.5675,4.6426,4.4045,0
2006-05-12,5.08,2.8906,0.0507,1.637,0.4208,0.0809,0.2264,2.3,2.78,0.4715,0.3591,0.584,4.6401,4.426,0
2006-05-15,5.04,2.8832,0.0466,1.6269,0.4073,0.076,0.2662,2.33,2.71,0.4539,0.3405,0.5673,4.6235,4.4138,0
2006-05-16,4.99,2.8683,0.044,1.6134,0.3891,0.0753,0.2615,2.3,2.69,0.4331,0.3172,0.5489,4.5975,4.3806,0
2006-05-17,5.03,2.8835,0.046,1.6204,0.4147,0.0654,0.2629,2.32,2.71,0.4607,0.3545,0.5668,4.61,4.4083,0
2006-05-18,4.96,2.8595,0.0418,1.6071,0.3716,0.08,0.2571,2.27,2.69,0.4134,0.2902,0.5365,4.5898,4.3606,0
2006-05-19,4.96,2.8541,0.042,1.6375,0.3462,0.0802,0.292,2.31,2.65,0.3882,0.2455,0.5309,4.6344,4.3616,0
2006-05-22,4.94,2.8495,0.0394,1.6271,0.3448,0.0792,0.3025,2.31,2.63,0.3842,0.2487,0.5197,4.6121,4.3579,0
2006-05-23,4.98,2.856,0.0412,1.6375,0.3555,0.0897,0.2915,2.3,2.68,0.3967,0.2642,0.5293,4.6261,4.3727,0
2006-05-24,4.93,2.8477,0.0393,1.6115,0.351,0.0806,0.3004,2.29,2.64,0.3903,0.2615,0.519,4.5879,4.3478,0
2006-05-25,4.97,2.8595,0.0416,1.6331,0.3636,0.0721,0.3145,2.33,2.64,0.4052,0.2763,0.5342,4.6216,4.3733,0
2006-05-26,4.95,2.8545,0.0394,1.6239,0.3585,0.0736,0.2968,2.3,2.65,0.3979,0.2717,0.5242,4.6047,4.3654,0
2006-05-30,4.99,2.8634,0.0411,1.646,0.3647,0.0748,0.286,2.32,2.67,0.4058,0.2767,0.5349,4.6385,4.3889,0
2006-05-31,5.04,2.8729,0.0434,1.6715,0.3689,0.0833,0.2902,2.36,2.68,0.4123,0.2778,0.5468,4.6789,4.4211,0
2006-06-01,5.03,2.8702,0.0444,1.6717,0.3637,0.08,0.2762,2.34,2.69,0.4081,0.2689,0.5473,4.6811,4.4138,0
2006-06-02,4.9,2.8385,0.0377,1.6176,0.3306,0.0756,0.2615,2.24,2.66,0.3683,0.2306,0.5059,4.5938,4.3391,0
2006-06-05,4.95,2.8452,0.0387,1.6543,0.3235,0.0883,0.2734,2.29,2.66,0.3622,0.2116,0.5128,4.6502,4.3609,0
2006-06-06,4.95,2.8417,0.0386,1.6676,0.3075,0.0946,0.3227,2.33,2.62,0.3461,0.1835,0.5087,4.6719,4.3611,0
2006-06-07,4.97,2.8468,0.0404,1.6821,0.3122,0.0885,0.3586,2.38,2.59,0.3526,0.1884,0.5168,4.6931,4.376,0
2006-06-08,4.95,2.8382,0.0399,1.6837,0.2958,0.0924,0.3616,2.37,2.58,0.3357,0.1637,0.5077,4.6939,4.3634,0
2006-06-09,4.95,2.8323,0.0397,1.693,0.2837,0.1014,0.3445,2.35,2.6,0.3234,0.1453,0.5014,4.7033,4.359,0
2006-06-12,4.95,2.834,0.038,1.7088,0.2816,0.0876,0.3404,2.37,2.58,0.3196,0.1433,0.496,4.7191,4.3789,0
2006-06-13,4.93,2.8278,0.0354,1.7077,0.2686,0.0905,0.3488,2.37,2.56,0.304,0.124,0.484,4.7155,4.369,0
2006-06-14,5.03,2.8503,0.041,1.7556,0.2896,0.0935,0.3464,2.42,2.61,0.3306,0.1464,0.5149,4.7901,4.4259,0
2006-06-15,5.08,2.8626,0.0458,1.7539,0.3136,0.1041,0.3389,2.44,2.64,0.3594,0.1815,0.5373,4.7945,4.4485,0
2006-06-16,5.1,2.8715,0.0473,1.7603,0.3249,0.0959,0.3483,2.47,2.63,0.3722,0.1966,0.5478,4.8074,4.4717,0
2006-06-19,5.12,2.8755,0.0461,1.7763,0.3261,0.096,0.3631,2.51,2.61,0.3722,0.1986,0.5457,4.8254,4.4955,0
2006-06-20,5.13,2.877,0.047,1.7836,0.3268,0.0956,0.3673,2.52,2.61,0.3738,0.1987,0.549,4.8358,4.4995,0
2006-06-21,5.14,2.878,0.0483,1.7868,0.3275,0.0994,0.3799,2.53,2.61,0.3758,0.1981,0.5534,4.8425,4.5007,0
2006-06-22,5.18,2.8891,0.0517,1.7989,0.3432,0.097,0.3727,2.56,2.62,0.3949,0.2192,0.5707,4.8638,4.5241,0
2006-06-23,5.21,2.8978,0.0527,1.809,0.3517,0.0988,0.3778,2.58,2.63,0.4044,0.2293,0.5796,4.882,4.5477,0
2006-06-26,5.22,2.9026,0.0508,1.8159,0.3587,0.0921,0.3918,2.61,2.61,0.4095,0.2418,0.5771,4.8861,4.5681,0
2006-06-27,5.19,2.8915,0.0481,1.8182,0.3359,0.0963,0.3815,2.58,2.61,0.384,0.2072,0.5609,4.8865,4.548,0
2006-06-28,5.23,2.9023,0.0503,1.8236,0.3523,0.1014,0.4104,2.64,2.59,0.4026,0.2299,0.5754,4.8987,4.5679,0
2006-06-29,5.17,2.8906,0.0486,1.7877,0.3522,0.0908,0.3713,2.57,2.6,0.4008,0.238,0.5637,4.8412,4.5311,0
2006-06-30,5.1,2.8719,0.0441,1.7673,0.3254,0.0913,0.328,2.47,2.63,0.3695,0.2014,0.5377,4.8073,4.4879,0
2006-07-03,5.11,2.8743,0.0402,1.785,0.3197,0.0908,0.3374,2.49,2.62,0.3599,0.1921,0.5277,4.8271,4.5077,0
2006-07-05,5.19,2.895,0.044,1.8149,0.3417,0.0944,0.3686,2.57,2.62,0.3857,0.2175,0.5538,4.8781,4.5513,0
2006-07-06,5.15,2.884,0.042,1.7988,0.3321,0.0931,0.3504,2.52,2.63,0.3741,0.2083,0.5399,4.8486,4.5287,0
2006-07-07,5.1,2.8699,0.0401,1.7917,0.3073,0.0909,0.3392,2.47,2.63,0.3474,0.1706,0.5242,4.8384,4.4964,0
2006-07-10,5.1,2.8681,0.0376,1.7974,0.301,0.0959,0.3542,2.49,2.61,0.3386,0.1621,0.5151,4.842,4.5018,0
2006-07-11,5.07,2.8605,0.0367,1.7953,0.289,0.0885,0.3541,2.48,2.59,0.3257,0.1448,0.5066,4.8367,4.486,0
2006-07-12,5.08,2.861,0.0378,1.8262,0.2699,0.0851,0.3698,2.49,2.59,0.3077,0.1058,0.5096,4.889,4.4889,0
2006-07-13,5.04,2.8524,0.0367,1.8022,0.2695,0.0792,0.3524,2.46,2.58,0.3062,0.1114,0.5009,4.8493,4.4644,0
2006-07-14,5.02,2.8494,0.035,1.7826,0.2738,0.0792,0.3443,2.44,2.58,0.3088,0.1226,0.495,4.8182,4.4524,0
2006-07-17,5.04,2.8508,0.0338,1.7982,0.2681,0.0891,0.3375,2.45,2.59,0.3019,0.1122,0.4916,4.8387,4.4656,0
2006-07-18,5.1,2.8681,0.0368,1.823,0.2881,0.084,0.3616,2.52,2.58,0.3249,0.1377,0.5122,4.8783,4.5076,0
2006-07-19,5.02,2.8471,0.0334,1.7867,0.2676,0.0852,0.3446,2.45,2.57,0.301,0.1142,0.4879,4.8207,4.4565,0
2006-07-20,4.98,2.8379,0.0316,1.7616,0.2616,0.0872,0.3312,2.4,2.58,0.2932,0.1091,0.4774,4.7837,4.4254,0
2006-07-21,4.99,2.8439,0.0317,1.771,0.2661,0.0774,0.3485,2.42,2.57,0.2978,0.1126,0.483,4.8001,4.4358,0
2006-07-24,4.99,2.8438,0.0312,1.7741,0.2635,0.0774,0.3659,2.44,2.55,0.2947,0.1082,0.4812,4.8045,4.4381,0
2006-07-25,5.02,2.8482,0.0339,1.7846,0.2695,0.0838,0.3436,2.45,2.57,0.3034,0.1152,0.4915,4.8209,4.4473,0
2006-07-26,4.99,2.8407,0.0337,1.7592,0.2679,0.0885,0.3308,2.41,2.58,0.3016,0.1167,0.4864,4.7848,4.4225,0
2006-07-27,4.98,2.8437,0.0338,1.7483,0.2777,0.0765,0.3579,2.41,2.57,0.3115,0.1327,0.4903,4.7708,4.4203,0
2006-07-28,4.92,2.828,0.0308,1.7172,0.2652,0.0788,0.3421,2.38,2.54,0.296,0.1205,0.4715,4.7207,4.3783,0
2006-07-31,4.91,2.8269,0.0274,1.7038,0.2677,0.0842,0.3434,2.37,2.54,0.2951,0.1282,0.462,4.6976,4.3755,0
2006-08-01,4.9,2.8247,0.0254,1.7055,0.2627,0.0816,0.3352,2.35,2.55,0.2881,0.1211,0.4552,4.6973,4.3708,0
2006-08-02,4.88,2.8178,0.0236,1.7059,0.2497,0.083,0.3048,2.3,2.58,0.2733,0.1019,0.4446,4.695,4.3586,0
2006-08-03,4.9,2.8173,0.0242,1.7267,0.237,0.0947,0.3,2.31,2.59,0.2612,0.0776,0.4449,4.7277,4.364,0
2006-08-04,4.84,2.8018,0.0209,1.6967,0.224,0.0966,0.2795,2.25,2.59,0.2449,0.065,0.4248,4.6784,4.3266,0
2006-08-07,4.86,2.8055,0.0211,1.7214,0.2208,0.0912,0.2582,2.25,2.61,0.2419,0.057,0.4267,4.7118,4.3454,0
2006-08-08,4.85,2.8072,0.0208,1.6921,0.2393,0.0906,0.2443,2.23,2.62,0.2601,0.0909,0.4292,4.6684,4.3351,0
2006-08-09,4.86,2.8115,0.0208,1.6823,0.2486,0.0968,0.2292,2.21,2.65,0.2694,0.1049,0.4339,4.6583,4.3357,0
2006-08-10,4.86,2.8136,0.02,1.683,0.2479,0.0955,0.2563,2.24,2.62,0.2679,0.102,0.4338,4.6625,4.3392,0
2006-08-11,4.91,2.8239,0.022,1.7122,0.2556,0.0962,0.2536,2.27,2.64,0.2776,0.1097,0.4455,4.704,4.3713,0
2006-08-14,4.95,2.8323,0.0235,1.7377,0.2581,0.0983,0.2645,2.31,2.64,0.2816,0.109,0.4543,4.7427,4.4009,0
2006-08-15,4.88,2.8148,0.0209,1.7092,0.2404,0.0947,0.272,2.27,2.61,0.2613,0.0878,0.4348,4.6975,4.357,0
2006-08-16,4.81,2.7972,0.0166,1.676,0.2233,0.0969,0.2761,2.25,2.56,0.2399,0.0689,0.4108,4.6441,4.3128,0
2006-08-17,4.82,2.7972,0.0157,1.6896,0.217,0.1006,0.288,2.27,2.55,0.2327,0.0576,0.4078,4.6619,4.3179,0
2006-08-18,4.78,2.7877,0.0118,1.6778,0.2049,0.0978,0.2801,2.23,2.55,0.2167,0.0436,0.3898,4.6386,4.3022,0
2006-08-21,4.77,2.7835,0.0103,1.6786,0.1975,0.1001,0.2713,2.22,2.55,0.2078,0.0327,0.3828,4.6372,4.2925,0
2006-08-22,4.77,2.7826,0.0106,1.6806,0.1941,0.1022,0.2676,2.21,2.56,0.2047,0.0263,0.383,4.6415,4.2887,0
2006-08-23,4.77,2.7843,0.0116,1.6852,0.1939,0.095,0.2955,2.25,2.52,0.2055,0.0242,0.3868,4.6509,4.2934,0
2006-08-24,4.78,2.7827,0.0122,1.6911,0.1867,0.1073,0.3372,2.29,2.49,0.1989,0.0111,0.3867,4.6616,4.2913,0
2006-08-25,4.76,2.7777,0.0115,1.6866,0.1833,0.1008,0.3152,2.26,2.5,0.1948,0.009,0.3807,4.6502,4.2831,0
2006-08-28,4.77,2.7806,0.012,1.6963,0.1824,0.0987,0.3536,2.31,2.46,0.1944,0.005,0.3838,4.6663,4.2914,0
2006-08-29,4.77,2.7787,0.0125,1.6939,0.1823,0.1027,0.3661,2.3,2.47,0.1948,0.0054,0.3842,4.662,4.2832,0
2006-08-30,4.72,2.7727,0.0115,1.6792,0.1777,0.0789,0.3775,2.31,2.41,0.1892,0.0008,0.3776,4.6402,4.2647,0
2006-08-31,4.7,2.7643,0.0104,1.6671,0.1695,0.0887,0.3535,2.26,2.44,0.1799,-0.0092,0.3691,4.6205,4.24,0
2006-09-01,4.68,2.7637,0.0094,1.662,0.1678,0.0771,0.381,2.28,2.4,0.1772,-0.0125,0.367,4.6154,4.2324,0
2006-09-05,4.73,2.7779,0.0101,1.659,0.1967,0.0863,0.4074,2.34,2.39,0.2068,0.0334,0.3802,4.6103,4.2623,0
2006-09-06,4.75,2.7832,0.0112,1.6575,0.208,0.09,0.4089,2.34,2.41,0.2192,0.0506,0.3879,4.6094,4.2689,0
2006-09-07,4.74,2.7813,0.0105,1.6599,0.1995,0.0887,0.4341,2.38,2.36,0.21,0.0358,0.3843,4.6155,4.2679,0
2006-09-08,4.71,2.7766,0.0102,1.6445,0.199,0.0797,0.4647,2.39,2.32,0.2092,0.0377,0.3808,4.5927,4.2511,0
2006-09-11,4.74,2.7832,0.0112,1.6553,0.2065,0.0838,0.4877,2.43,2.31,0.2177,0.0478,0.3877,4.6084,4.2709,0
2006-09-12,4.71,2.7746,0.0106,1.6543,0.192,0.0785,0.4843,2.41,2.3,0.2026,0.0264,0.3789,4.6051,4.2555,0
2006-09-13,4.7,2.7711,0.0117,1.6453,0.1908,0.081,0.4766,2.39,2.31,0.2025,0.025,0.3801,4.594,4.2398,0
2006-09-14,4.74,2.778,0.0144,1.6649,0.1966,0.0862,0.4551,2.39,2.35,0.211,0.0308,0.3912,4.6231,4.2624,0
2006-09-15,4.76,2.7819,0.0163,1.6748,0.195,0.092,0.4884,2.45,2.31,0.2113,0.0238,0.3989,4.6442,4.2717,0
2006-09-18,4.77,2.7849,0.0179,1.6803,0.2019,0.0851,0.489,2.46,2.31,0.2198,0.0345,0.405,4.6504,4.2821,0
2006-09-19,4.69,2.7637,0.013,1.6461,0.1762,0.091,0.4998,2.42,2.27,0.1892,0.0023,0.3761,4.5967,4.2329,0
2006-09-20,4.7,2.7641,0.0125,1.6565,0.1697,0.0972,0.5539,2.48,2.22,0.1822,-0.0108,0.3753,4.6136,4.2334,0
2006-09-21,4.6,2.7402,0.0069,1.6077,0.1527,0.0925,0.5371,2.4,2.2,0.1596,-0.0243,0.3434,4.5318,4.1725,0
2006-09-22,4.55,2.7272,0.0035,1.604,0.1273,0.088,0.522,2.35,2.2,0.1308,-0.0634,0.325,4.5255,4.1412,0
2006-09-25,4.51,2.715,0.0005,1.5921,0.1103,0.0921,0.5196,2.32,2.19,0.1108,-0.0859,0.3076,4.5039,4.1152,0
2006-09-26,4.55,2.7226,0.0033,1.6159,0.1155,0.0927,0.5069,2.32,2.23,0.1188,-0.0825,0.3201,4.5398,4.1355,0
2006-09-27,4.56,2.7257,0.0044,1.6065,0.1264,0.097,0.5005,2.32,2.24,0.1308,-0.0642,0.3259,4.5273,4.1377,0
2006-09-28,4.57,2.7321,0.0057,1.6083,0.1368,0.087,0.4966,2.33,2.24,0.1425,-0.05,0.335,4.5329,4.1484,0
2006-09-29,4.59,2.7365,0.0078,1.6286,0.1343,0.0828,0.4896,2.34,2.25,0.1421,-0.0589,0.3432,4.5662,4.1611,0
2006-10-02,4.56,2.7311,0.0052,1.6122,0.1312,0.0802,0.4882,2.31,2.25,0.1364,-0.0596,0.3325,4.5394,4.1478,0
2006-10-03,4.56,2.7313,0.0047,1.6191,0.1275,0.0774,0.5142,2.35,2.21,0.1322,-0.0672,0.3315,4.5498,4.1482,0
2006-10-04,4.5,2.7184,0.0001,1.5889,0.1178,0.0747,0.5336,2.33,2.17,0.1179,-0.0747,0.3105,4.4999,4.1153,0
2006-10-05,4.55,2.7295,0.0018,1.6101,0.1297,0.0789,0.5527,2.38,2.17,0.1315,-0.0598,0.3227,4.5309,4.1444,0
2006-10-06,4.64,2.7535,0.0086,1.6452,0.1588,0.0739,0.5653,2.46,2.18,0.1674,-0.0238,0.3586,4.5899,4.1983,0
2006-10-10,4.71,2.7685,0.0132,1.665,0.1776,0.0857,0.5729,2.51,2.2,0.1908,0.0008,0.3808,4.6235,4.2407,0
2006-10-11,4.75,2.7761,0.0164,1.68,0.1834,0.0941,0.5864,2.54,2.21,0.1998,0.0053,0.3944,4.6506,4.2613,0
2006-10-12,4.74,2.7747,0.0158,1.6811,0.1824,0.086,0.5818,2.54,2.2,0.1982,0.006,0.3904,4.648,4.2677,0
2006-10-13,4.77,2.7817,0.0176,1.6887,0.1929,0.0891,0.5901,2.57,2.2,0.2105,0.0204,0.4006,4.6605,4.2827,0
2006-10-16,4.76,2.7768,0.0158,1.6851,0.1867,0.0956,0.5775,2.56,2.2,0.2025,0.0139,0.3911,4.6505,4.2787,0
2006-10-17,4.73,2.7726,0.0131,1.6757,0.181,0.0876,0.6018,2.56,2.17,0.1941,0.0072,0.381,4.6352,4.2694,0
2006-10-18,4.74,2.7701,0.0128,1.6806,0.1745,0.1019,0.6178,2.58,2.16,0.1873,-0.0037,0.3783,4.6417,4.2633,0
2006-10-19,4.75,2.7758,0.0137,1.6902,0.1824,0.0879,0.6341,2.61,2.14,0.1961,0.0076,0.3846,4.6545,4.2792,0
2006-10-20,4.76,2.7758,0.0156,1.6951,0.1808,0.0927,0.6357,2.61,2.15,0.1964,0.0031,0.3897,4.6642,4.2769,0
2006-10-23,4.8,2.7866,0.0175,1.7122,0.194,0.0897,0.6415,2.65,2.15,0.2115,0.0209,0.4021,4.6894,4.3074,0
2006-10-24,4.81,2.7862,0.0174,1.7164,0.1908,0.0992,0.6279,2.63,2.18,0.2082,0.0154,0.4009,4.6954,4.3114,0
2006-10-25,4.75,2.7708,0.0144,1.7005,0.1725,0.0919,0.5854,2.55,2.2,0.1869,-0.0067,0.3804,4.6648,4.2815,0
2006-10-26,4.69,2.7576,0.0089,1.6789,0.1559,0.0887,0.5873,2.52,2.17,0.1648,-0.0264,0.3561,4.6277,4.2536,0
2006-10-27,4.64,2.7447,0.0041,1.6603,0.1422,0.0888,0.5846,2.48,2.16,0.1463,-0.0416,0.3342,4.5929,4.2214,0
2006-10-30,4.64,2.7446,0.003,1.678,0.1309,0.0835,0.6046,2.51,2.13,0.1339,-0.0638,0.3316,4.6203,4.2203,0
2006-10-31,4.57,2.7262,-0.0006,1.651,0.1101,0.0833,0.6125,2.47,2.1,0.1095,-0.0891,0.3081,4.5758,4.1783,0
2006-11-01,4.52,2.7123,-0.0041,1.6291,0.0952,0.0876,0.5912,2.41,2.11,0.0911,-0.1076,0.2897,4.54,4.1391,0
2006-11-02,4.55,2.7228,-0.004,1.6545,0.0998,0.0769,0.6039,2.44,2.11,0.0958,-0.1059,0.2975,4.579,4.1658,0
2006-11-03,4.7,2.7543,0.0047,1.6998,0.1423,0.0989,0.5927,2.52,2.18,0.147,-0.049,0.343,4.6502,4.2451,0
2006-11-06,4.69,2.751,0.0064,1.6986,0.1369,0.0971,0.5483,2.48,2.21,0.1433,-0.0573,0.3439,4.6502,4.2437,0
2006-11-07,4.63,2.7381,0.0035,1.6748,0.122,0.0916,0.5478,2.44,2.19,0.1255,-0.0757,0.3267,4.6141,4.2131,0
2006-11-08,4.61,2.7305,0.0014,1.6708,0.1107,0.0965,0.5343,2.41,2.2,0.1121,-0.0909,0.3151,4.6043,4.199,0
2006-11-09,4.6,2.7301,0.0002,1.6653,0.1116,0.0928,0.5294,2.41,2.19,0.1118,-0.0883,0.3119,4.5956,4.1968,0
2006-11-10,4.57,2.7194,-0.0025,1.6658,0.0903,0.097,0.5151,2.37,2.2,0.0878,-0.1202,0.2959,4.5933,4.1773,0
2006-11-13,4.6,2.7256,-0.001,1.6739,0.0961,0.1054,0.5531,2.42,2.18,0.0951,-0.1145,0.3047,4.6091,4.1902,0
2006-11-14,4.57,2.7146,-0.0021,1.6698,0.0796,0.108,0.5588,2.41,2.16,0.0775,-0.1378,0.2928,4.5997,4.1694,0
2006-11-15,4.62,2.7262,0.0032,1.7012,0.0872,0.1021,0.5644,2.45,2.17,0.0904,-0.1338,0.3147,4.6517,4.1994,0
2006-11-16,4.67,2.7399,0.0079,1.717,0.105,0.1002,0.6015,2.53,2.14,0.1129,-0.1117,0.3375,4.6815,4.2295,0
2006-11-17,4.6,2.7242,0.0042,1.671,0.0994,0.1012,0.6061,2.48,2.12,0.1036,-0.1094,0.3166,4.6082,4.1889,0
2006-11-20,4.6,2.7212,0.0028,1.6739,0.0942,0.1078,0.6052,2.47,2.13,0.097,-0.1162,0.3103,4.6084,4.1847,0
2006-11-21,4.58,2.7157,0.0013,1.6718,0.0851,0.1061,0.5938,2.43,2.15,0.0864,-0.1289,0.3017,4.6029,4.175,0
2006-11-22,4.57,2.7125,-0.0002,1.6684,0.0794,0.1098,0.5798,2.42,2.15,0.0792,-0.1368,0.2953,4.597,4.1686,0
2006-11-24,4.55,2.7084,-0.001,1.6587,0.0774,0.1064,0.5648,2.38,2.17,0.0764,-0.1377,0.2906,4.5813,4.155,0
2006-11-27,4.54,2.7043,-0.0028,1.6573,0.0714,0.1098,0.532,2.33,2.21,0.0686,-0.1453,0.2826,4.5755,4.1488,0
2006-11-28,4.5,2.6975,-0.0063,1.6398,0.066,0.103,0.5178,2.28,2.22,0.0597,-0.1495,0.2689,4.5465,4.1299,0
2006-11-29,4.51,2.7019,-0.0061,1.6432,0.0727,0.0983,0.5137,2.28,2.23,0.0666,-0.1401,0.2733,4.5518,4.1372,0
2006-11-30,4.45,2.6858,-0.0094,1.627,0.0492,0.0974,0.4847,2.21,2.24,0.0398,-0.1731,0.2527,4.5257,4.0989,0
2006-12-01,4.39,2.676,-0.0133,1.6014,0.0434,0.0826,0.4494,2.12,2.27,0.0301,-0.1774,0.2375,4.4848,4.0598,0
2006-12-04,4.39,2.6783,-0.0147,1.5972,0.0448,0.0844,0.4607,2.13,2.26,0.0301,-0.1772,0.2373,4.4828,4.0552,0
2006-12-05,4.39,2.6819,-0.0145,1.5917,0.0533,0.0777,0.4542,2.12,2.27,0.0388,-0.1639,0.2415,4.4763,4.0568,0
2006-12-06,4.44,2.6928,-0.0112,1.6247,0.0532,0.0804,0.465,2.17,2.27,0.042,-0.1739,0.2579,4.5334,4.0846,0
2006-12-07,4.45,2.6939,-0.0098,1.6269,0.0549,0.0841,0.4759,2.18,2.27,0.0451,-0.1718,0.262,4.5377,4.0882,0
2006-12-08,4.53,2.7132,-0.0043,1.65,0.0808,0.0903,0.4837,2.25,2.28,0.0765,-0.1377,0.2907,4.5774,4.1357,0
2006-12-11,4.5,2.7032,-0.0046,1.6339,0.0715,0.0961,0.4588,2.21,2.29,0.0669,-0.1478,0.2815,4.5517,4.1174,0
2006-12-12,4.45,2.6929,-0.0079,1.6094,0.0635,0.0921,0.4594,2.18,2.27,0.0556,-0.1539,0.2651,4.5118,4.0925,0
2006-12-13,4.54,2.7179,-0.0027,1.6332,0.097,0.0946,0.4899,2.26,2.28,0.0943,-0.1102,0.2989,4.5556,4.1415,0
2006-12-14,4.58,2.7235,0.0006,1.6415,0.1044,0.11,0.4778,2.26,2.32,0.105,-0.1011,0.3111,4.5711,4.1576,0
2006-12-15,4.57,2.7253,0.0012,1.6339,0.1074,0.1022,0.5363,2.32,2.25,0.1086,-0.0977,0.3149,4.5655,4.1569,0
2006-12-18,4.57,2.7238,0.0004,1.6345,0.1051,0.1062,0.5709,2.35,2.22,0.1055,-0.0999,0.3108,4.5636,4.1593,0
2006-12-19,4.57,2.7236,-0.0,1.6278,0.1109,0.1077,0.5564,2.34,2.23,0.1109,-0.0883,0.3101,4.5505,4.1564,0
2006-12-20,4.57,2.7245,0.0004,1.6294,0.1112,0.1045,0.5664,2.35,2.22,0.1116,-0.0883,0.3116,4.5538,4.1582,0
2006-12-21,4.52,2.7133,-0.0028,1.6052,0.1024,0.1019,0.5798,2.33,2.19,0.0996,-0.0963,0.2954,4.5144,4.1294,0
2006-12-22,4.59,2.7322,0.001,1.6306,0.127,0.0992,0.5824,2.38,2.21,0.128,-0.0641,0.32,4.5548,4.1695,0
2006-12-26,4.58,2.7275,-0.0002,1.6353,0.1147,0.1027,0.5775,2.37,2.21,0.1145,-0.0833,0.3122,4.5605,4.167,0
2006-12-27,4.64,2.7414,0.0044,1.6572,0.1302,0.1067,0.6039,2.44,2.2,0.1346,-0.0658,0.335,4.599,4.1967,0
2006-12-28,4.69,2.7527,0.0099,1.676,0.1456,0.1058,0.5948,2.46,2.23,0.1555,-0.0469,0.3578,4.6311,4.2217,0
2006-12-29,4.7,2.7565,0.0134,1.6791,0.1512,0.0998,0.5787,2.44,2.26,0.1646,-0.0405,0.3698,4.6408,4.2283,0
2007-01-02,4.68,2.7496,0.0125,1.6741,0.1422,0.1017,0.5595,2.41,2.27,0.1547,-0.0518,0.3612,4.6302,4.2187,0
2007-01-03,4.66,2.7439,0.0109,1.6625,0.1383,0.1044,0.5543,2.39,2.27,0.1492,-0.0544,0.3529,4.61,4.2048,0
2007-01-04,4.61,2.7329,0.0069,1.642,0.1261,0.102,0.5866,2.39,2.22,0.133,-0.069,0.335,4.5769,4.175,0
2007-01-05,4.65,2.7404,0.0081,1.6607,0.1317,0.1091,0.5874,2.41,2.24,0.1398,-0.0638,0.3434,4.6048,4.195,0
2007-01-08,4.66,2.742,0.0076,1.6763,0.1282,0.1059,0.5828,2.42,2.24,0.1358,-0.07,0.3417,4.6241,4.2103,0
2007-01-09,4.65,2.7409,0.0073,1.6794,0.1235,0.0989,0.5846,2.43,2.22,0.1308,-0.078,0.3396,4.6291,4.211,0
2007-01-10,4.68,2.7495,0.009,1.6845,0.135,0.102,0.6062,2.46,2.22,0.144,-0.0631,0.3512,4.6411,4.2267,0
2007-01-11,4.73,2.7633,0.0126,1.7053,0.1507,0.0981,0.6187,2.5,2.23,0.1633,-0.0444,0.3709,4.6762,4.2588,0
2007-01-12,4.76,2.7725,0.0153,1.7078,0.1678,0.0966,0.6397,2.53,2.23,0.1831,-0.0194,0.3855,4.6828,4.276,0
2007-01-16,4.74,2.7662,0.0141,1.7022,0.1604,0.0971,0.6113,2.52,2.22,0.1745,-0.0277,0.3767,4.6706,4.2673,0
2007-01-17,4.78,2.7768,0.0172,1.7202,0.1701,0.0957,0.6071,2.54,2.24,0.1873,-0.0186,0.3932,4.7029,4.2891,0
2007-01-18,4.75,2.7674,0.0159,1.7135,0.1558,0.0974,0.5945,2.52,2.23,0.1717,-0.0386,0.3819,4.6911,4.2728,0
2007-01-19,4.78,2.7739,0.0184,1.7328,0.1603,0.0946,0.5864,2.53,2.25,0.1787,-0.0353,0.3927,4.7207,4.2906,0
2007-01-22,4.77,2.7675,0.0172,1.7286,0.1514,0.1053,0.5535,2.48,2.29,0.1686,-0.0466,0.3838,4.7113,4.2825,0
2007-01-23,4.81,2.781,0.0202,1.7397,0.1715,0.0976,0.545,2.5,2.31,0.1917,-0.0193,0.4027,4.7317,4.3078,0
2007-01-24,4.81,2.7813,0.0213,1.7337,0.1765,0.0971,0.515,2.47,2.34,0.1978,-0.0104,0.406,4.7232,4.3056,0
2007-01-25,4.85,2.7969,0.025,1.7498,0.1968,0.0815,0.5256,2.52,2.33,0.2218,0.0152,0.4283,4.7533,4.3365,0
2007-01-26,4.87,2.8015,0.0262,1.7458,0.2051,0.0914,0.5139,2.51,2.36,0.2313,0.0273,0.4352,4.7512,4.3439,0
2007-01-29,4.89,2.8053,0.0274,1.7562,0.2089,0.0922,0.5219,2.52,2.37,0.2363,0.0316,0.4411,4.7663,4.3542,0
2007-01-30,4.86,2.7998,0.0269,1.7479,0.2047,0.0807,0.4887,2.47,2.39,0.2316,0.0277,0.4355,4.7516,4.3424,0
2007-01-31,4.82,2.7858,0.0247,1.7332,0.1866,0.0898,0.4548,2.4,2.42,0.2113,0.0038,0.4187,4.7264,4.3116,0
2007-02-01,4.84,2.7899,0.0257,1.7442,0.1858,0.0944,0.4678,2.43,2.41,0.2115,-0.0018,0.4248,4.7473,4.3196,0
2007-02-02,4.82,2.7882,0.0242,1.7307,0.1881,0.0887,0.4785,2.4,2.42,0.2123,0.0048,0.4199,4.7265,4.3138,0
2007-02-05,4.8,2.7828,0.022,1.7234,0.1829,0.089,0.4728,2.4,2.4,0.2049,-0.0003,0.41,4.7113,4.3028,0
2007-02-06,4.76,2.7711,0.0184,1.717,0.1606,0.0929,0.4955,2.38,2.38,0.179,-0.0332,0.3912,4.7003,4.2806,0
2007-02-07,4.74,2.7651,0.0153,1.7051,0.1562,0.0983,0.5076,2.38,2.36,0.1715,-0.0355,0.3785,4.6772,4.2678,0
2007-02-08,4.73,2.7624,0.0142,1.7081,0.1499,0.0954,0.5056,2.37,2.36,0.1641,-0.045,0.3733,4.6797,4.2633,0
2007-02-09,4.78,2.7773,0.0169,1.7198,0.1733,0.0927,0.5083,2.41,2.37,0.1902,-0.0121,0.3924,4.6994,4.2927,0
2007-02-12,4.8,2.7834,0.0179,1.726,0.1794,0.0932,0.5379,2.46,2.34,0.1973,-0.0051,0.3998,4.7119,4.3062,0
2007-02-13,4.81,2.786,0.0197,1.7292,0.1837,0.0914,0.528,2.45,2.36,0.2034,0.0001,0.4067,4.7185,4.3101,0
2007-02-14,4.72,2.7627,0.0138,1.6948,0.1555,0.0932,0.5046,2.38,2.34,0.1693,-0.0344,0.373,4.6611,4.262,0
2007-02-15,4.68,2.7557,0.0098,1.6771,0.1506,0.0869,0.5275,2.38,2.3,0.1604,-0.0371,0.3578,4.6302,4.2423,0
2007-02-16,4.68,2.7518,0.0083,1.6816,0.1419,0.0964,0.5108,2.36,2.32,0.1502,-0.0504,0.3507,4.6339,4.2357,0
2007-02-20,4.67,2.7492,0.0062,1.6788,0.1374,0.0984,0.5151,2.35,2.32,0.1436,-0.0559,0.343,4.6275,4.232,0
2007-02-21,4.68,2.7512,0.0072,1.6883,0.1387,0.0945,0.482,2.34,2.34,0.1459,-0.0549,0.3467,4.6403,4.2385,0
2007-02-22,4.72,2.7626,0.0104,1.7059,0.1512,0.0899,0.4633,2.33,2.39,0.1616,-0.0407,0.3639,4.6708,4.2634,0
2007-02-23,4.67,2.7488,0.0058,1.6771,0.1381,0.1002,0.4369,2.26,2.41,0.1439,-0.0534,0.3413,4.6232,4.2347,0
2007-02-26,4.62,2.7346,0.0005,1.6689,0.1172,0.0988,0.4168,2.21,2.41,0.1177,-0.0805,0.3158,4.6016,4.2096,0
2007-02-27,4.46,2.699,-0.01,1.5907,0.0923,0.088,0.3784,2.07,2.39,0.0823,-0.0988,0.2634,4.4708,4.1149,0
2007-02-28,4.52,2.7158,-0.0098,1.6158,0.1057,0.0924,0.4083,2.12,2.4,0.0959,-0.0863,0.2781,4.5138,4.1455,0
2007-03-01,4.5,2.7159,-0.0112,1.6037,0.1121,0.0794,0.4044,2.11,2.39,0.1009,-0.0737,0.2755,4.4942,4.1399,0
2007-03-02,4.46,2.7058,-0.0131,1.5849,0.1034,0.0789,0.3953,2.06,2.4,0.0903,-0.0833,0.264,4.4644,4.1083,0
2007-03-05,4.45,2.7053,-0.014,1.5951,0.0969,0.0667,0.4064,2.06,2.39,0.0829,-0.0955,0.2614,4.4788,4.1077,0
2007-03-06,4.48,2.7108,-0.0127,1.6041,0.1037,0.074,0.4105,2.08,2.4,0.091,-0.086,0.2681,4.492,4.1255,0
2007-03-07,4.45,2.7015,-0.0155,1.5897,0.0914,0.0829,0.4008,2.05,2.4,0.0759,-0.1021,0.2538,4.4691,4.1046,0
2007-03-08,4.45,2.7041,-0.0159,1.5847,0.0986,0.0785,0.4112,2.06,2.39,0.0827,-0.0897,0.2552,4.4612,4.1078,0
2007-03-09,4.55,2.7252,-0.0111,1.6258,0.1154,0.0947,0.4271,2.13,2.42,0.1043,-0.0741,0.2827,4.5294,4.1637,0
2007-03-12,4.5,2.7155,-0.013,1.6078,0.1049,0.0848,0.4262,2.1,2.4,0.0919,-0.0861,0.2699,4.5013,4.1437,0
2007-03-13,4.41,2.6994,-0.0194,1.5677,0.096,0.0663,0.3865,2.01,2.4,0.0766,-0.0892,0.2424,4.4329,4.099,0
2007-03-14,4.44,2.7076,-0.0203,1.5614,0.1114,0.0799,0.3918,2.03,2.41,0.0911,-0.0654,0.2477,4.4255,4.1085,0
2007-03-15,4.46,2.7107,-0.0198,1.5737,0.1113,0.0841,0.3842,2.04,2.42,0.0915,-0.0678,0.2508,4.4437,4.121,0
2007-03-16,4.47,2.7119,-0.0194,1.586,0.1082,0.0833,0.3584,2.03,2.44,0.0888,-0.074,0.2516,4.4607,4.131,0
2007-03-19,4.5,2.7193,-0.0169,1.5906,0.1187,0.0884,0.3656,2.04,2.46,0.1018,-0.0606,0.2642,4.4723,4.1439,0
2007-03-20,4.47,2.7141,-0.0179,1.5791,0.1134,0.0813,0.3613,2.02,2.45,0.0955,-0.067,0.258,4.4557,4.1306,0
2007-03-21,4.43,2.7073,-0.0203,1.5447,0.119,0.0793,0.3633,1.99,2.44,0.0987,-0.0509,0.2483,4.4016,4.1025,0
2007-03-22,4.49,2.7249,-0.0176,1.5557,0.1439,0.083,0.3496,2.02,2.47,0.1263,-0.0175,0.2702,4.4245,4.1336,0
2007-03-23,4.52,2.7323,-0.0164,1.5677,0.1501,0.0863,0.3521,2.03,2.49,0.1337,-0.0114,0.2788,4.4452,4.1519,0
2007-03-26,4.48,2.726,-0.0176,1.5598,0.1411,0.0707,0.3288,2.0,2.48,0.1235,-0.0242,0.2713,4.4335,4.1348,0
2007-03-27,4.5,2.7316,-0.017,1.5577,0.153,0.0746,0.3128,1.99,2.51,0.136,-0.0057,0.2778,4.4311,4.1428,0
2007-03-28,4.5,2.7344,-0.0182,1.5384,0.1653,0.0801,0.3143,1.98,2.52,0.1471,0.0158,0.2783,4.4041,4.1402,0
2007-03-29,4.53,2.7392,-0.0141,1.5611,0.1625,0.0813,0.3221,2.0,2.53,0.1484,0.0042,0.2926,4.4446,4.148,0
2007-03-30,4.54,2.7437,-0.0122,1.557,0.1727,0.0787,0.3301,2.03,2.51,0.1605,0.0197,0.3014,4.4416,4.1555,0
2007-04-02,4.54,2.7428,-0.0134,1.5651,0.1649,0.0806,0.3489,2.04,2.5,0.1515,0.0062,0.2968,4.4532,4.1608,0
2007-04-03,4.56,2.7487,-0.0115,1.5738,0.1724,0.0765,0.3837,2.09,2.47,0.1609,0.0158,0.306,4.4676,4.1746,0
2007-04-04,4.55,2.7436,-0.0121,1.5664,0.1682,0.084,0.3661,2.06,2.49,0.1561,0.0116,0.3005,4.4544,4.1624,0
2007-04-05,4.57,2.7502,-0.0105,1.5704,0.1787,0.0813,0.3436,2.06,2.51,0.1682,0.0262,0.3102,4.4626,4.1743,0
2007-04-06,4.67,2.7718,-0.0025,1.6138,0.1995,0.0874,0.3343,2.12,2.55,0.197,0.0475,0.3464,4.5351,4.2298,0
2007-04-09,4.66,2.77,-0.0013,1.6066,0.1971,0.0876,0.3526,2.14,2.52,0.1958,0.0439,0.3477,4.5286,4.2278,0
2007-04-10,4.63,2.7643,-0.003,1.5892,0.1952,0.0844,0.3566,2.12,2.51,0.1922,0.0451,0.3392,4.5005,4.2127,0
2007-04-11,4.66,2.7667,-0.0016,1.6052,0.1921,0.0976,0.3622,2.14,2.52,0.1905,0.0363,0.3446,4.526,4.2192,0
2007-04-12,4.66,2.7666,-0.001,1.6044,0.1921,0.0979,0.3684,2.14,2.52,0.1911,0.0364,0.3458,4.5257,4.2195,0
2007-04-13,4.68,2.7731,0.0029,1.6195,0.1967,0.0878,0.3848,2.18,2.5,0.1996,0.0383,0.3609,4.5539,4.2327,0
2007-04-16,4.67,2.7661,0.0032,1.6162,0.1878,0.0967,0.3922,2.18,2.49,0.191,0.0264,0.3556,4.5469,4.2217,0
2007-04-17,4.61,2.7523,-0.0007,1.5911,0.174,0.0933,0.4133,2.17,2.44,0.1733,0.0112,0.3354,4.5055,4.1879,0
2007-04-18,4.56,2.7423,-0.0034,1.5784,0.1596,0.0831,0.4282,2.15,2.41,0.1562,-0.0092,0.3216,4.4861,4.1593,0
2007-04-19,4.57,2.7459,-0.0037,1.5742,0.1704,0.0832,0.4117,2.13,2.44,0.1667,0.0091,0.3242,4.4777,4.1629,0
2007-04-20,4.57,2.7478,-0.0047,1.5742,0.1712,0.0815,0.4089,2.13,2.44,0.1665,0.0098,0.3233,4.4787,4.1669,0
2007-04-23,4.55,2.7404,-0.0067,1.5671,0.16,0.0892,0.3942,2.09,2.46,0.1533,-0.0058,0.3125,4.4667,4.1501,0
2007-04-24,4.51,2.7323,-0.0094,1.5584,0.1486,0.0801,0.3765,2.09,2.42,0.1392,-0.0211,0.2995,4.451,4.1306,0
2007-04-25,4.55,2.7399,-0.0075,1.5702,0.1559,0.0915,0.3538,2.1,2.45,0.1484,-0.0137,0.3105,4.4722,4.1466,0
2007-04-26,4.59,2.7522,-0.0043,1.5808,0.1726,0.0887,0.3614,2.13,2.46,0.1683,0.0082,0.3285,4.4932,4.1716,0
2007-04-27,4.59,2.7543,-0.0031,1.5716,0.1817,0.0854,0.3494,2.12,2.47,0.1786,0.0236,0.3337,4.481,4.1723,0
2007-04-30,4.51,2.7342,-0.0083,1.5566,0.1501,0.0775,0.3427,2.06,2.45,0.1418,-0.0206,0.3041,4.4531,4.1334,0
2007-05-01,4.54,2.7354,-0.0058,1.5666,0.1497,0.0942,0.3357,2.07,2.47,0.1439,-0.0236,0.3114,4.4695,4.1355,0
2007-05-02,4.55,2.7385,-0.0047,1.5713,0.1512,0.0937,0.3508,2.08,2.47,0.1465,-0.0235,0.3164,4.4797,4.1436,0
2007-05-03,4.59,2.7465,-0.0005,1.5959,0.1557,0.0924,0.3661,2.14,2.45,0.1552,-0.0221,0.3325,4.5197,4.1662,0
2007-05-04,4.55,2.7365,-0.0021,1.5835,0.143,0.0891,0.3795,2.13,2.42,0.1409,-0.0382,0.32,4.4991,4.1484,0
2007-05-07,4.55,2.7353,-0.002,1.5909,0.1363,0.0895,0.4198,2.18,2.37,0.1343,-0.0504,0.319,4.5109,4.1478,0
2007-05-08,4.54,2.7336,-0.0019,1.5809,0.1404,0.0871,0.4164,2.16,2.38,0.1385,-0.0414,0.3183,4.4943,4.1427,0
2007-05-09,4.58,2.7447,0.004,1.5992,0.1497,0.0825,0.4237,2.2,2.38,0.1537,-0.0356,0.3429,4.5331,4.159,0
2007-05-10,4.56,2.7398,0.0054,1.5738,0.1532,0.0878,0.402,2.15,2.41,0.1586,-0.0268,0.3441,4.499,4.138,0
2007-05-11,4.58,2.7484,0.0104,1.5769,0.1658,0.0784,0.4259,2.2,2.38,0.1762,-0.0131,0.3655,4.5146,4.1433,0
2007-05-14,4.61,2.7534,0.0129,1.5894,0.1714,0.083,0.4252,2.2,2.41,0.1843,-0.0064,0.3749,4.5334,4.1604,0
2007-05-15,4.63,2.7606,0.0165,1.5902,0.1833,0.0794,0.482,2.28,2.35,0.1998,0.0086,0.391,4.542,4.1673,0
2007-05-16,4.62,2.7589,0.0203,1.5812,0.1859,0.0736,0.4987,2.28,2.34,0.2062,0.0115,0.4009,4.5348,4.1523,0
2007-05-17,4.68,2.7717,0.0249,1.6076,0.2,0.0758,0.4978,2.32,2.36,0.2249,0.0283,0.4215,4.5759,4.1881,0
2007-05-18,4.74,2.7847,0.0257,1.6275,0.2185,0.0837,0.5127,2.37,2.37,0.2442,0.057,0.4314,4.5994,4.2335,0
2007-05-21,4.71,2.7783,0.0224,1.6261,0.2101,0.0731,0.4963,2.36,2.35,0.2325,0.0488,0.4162,4.5881,4.2321,0
2007-05-22,4.76,2.7907,0.0225,1.6291,0.2301,0.0876,0.5246,2.42,2.34,0.2526,0.0786,0.4266,4.5937,4.2561,0
2007-05-23,4.79,2.7991,0.0238,1.6263,0.2484,0.0923,0.5355,2.44,2.35,0.2722,0.1068,0.4376,4.5908,4.2677,0
2007-05-24,4.79,2.7973,0.0256,1.6288,0.2447,0.0935,0.5111,2.43,2.36,0.2703,0.0996,0.4411,4.5969,4.2608,0
2007-05-25,4.8,2.8005,0.0284,1.6319,0.2476,0.0916,0.516,2.43,2.37,0.276,0.1003,0.4516,4.6081,4.2624,0
2007-05-29,4.82,2.8053,0.0299,1.6445,0.2504,0.0899,0.5559,2.5,2.32,0.2803,0.1024,0.4581,4.6277,4.2796,0
2007-05-30,4.83,2.8052,0.0329,1.6466,0.2559,0.0894,0.5455,2.5,2.33,0.2888,0.1124,0.4652,4.6282,4.2823,0
2007-05-31,4.86,2.8102,0.0386,1.6631,0.2561,0.0919,0.5512,2.53,2.33,0.2947,0.1051,0.4843,4.6629,4.2884,0
2007-06-01,4.92,2.8255,0.0444,1.6811,0.2777,0.0913,0.5574,2.58,2.34,0.3221,0.1334,0.5107,4.6953,4.3241,0
2007-06-04,4.91,2.8183,0.0453,1.6897,0.2612,0.0955,0.5402,2.55,2.36,0.3065,0.1071,0.5059,4.7073,4.3183,0
2007-06-05,4.96,2.8317,0.0493,1.7012,0.2828,0.095,0.5639,2.61,2.35,0.3321,0.1371,0.5271,4.7279,4.3446,0
2007-06-06,4.94,2.8293,0.0497,1.6759,0.2912,0.0939,0.5528,2.57,2.37,0.3409,0.1538,0.528,4.6923,4.3265,0
2007-06-07,5.05,2.8658,0.0561,1.6884,0.3545,0.0853,0.5987,2.67,2.38,0.4106,0.246,0.5751,4.7187,4.3921,0
2007-06-08,5.06,2.8696,0.0592,1.6765,0.3662,0.0885,0.5897,2.68,2.38,0.4254,0.263,0.5878,4.7084,4.3879,0
2007-06-11,5.07,2.8753,0.0586,1.6653,0.3814,0.0894,0.6031,2.69,2.38,0.44,0.2892,0.5908,4.6914,4.4,0
2007-06-12,5.18,2.9083,0.0648,1.6893,0.4323,0.0853,0.6402,2.79,2.39,0.4971,0.3599,0.6343,4.7348,4.4611,0
2007-06-13,5.13,2.892,0.0665,1.6968,0.398,0.0767,0.599,2.74,2.39,0.4645,0.3041,0.6248,4.7492,4.4303,0
2007-06-14,5.16,2.8997,0.07,1.6936,0.4139,0.0828,0.5937,2.74,2.42,0.4839,0.3272,0.6405,4.75,4.4425,0
2007-06-15,5.1,2.8855,0.0686,1.6572,0.3996,0.0892,0.5974,2.68,2.42,0.4682,0.3087,0.6277,4.7022,4.3975,0
2007-06-18,5.07,2.8801,0.0636,1.6535,0.3913,0.0814,0.6049,2.68,2.39,0.4549,0.3008,0.6091,4.6878,4.3978,0
2007-06-19,5.0,2.8627,0.0572,1.6286,0.3722,0.0793,0.5894,2.62,2.38,0.4294,0.2795,0.5793,4.6412,4.3592,0
2007-06-20,5.05,2.8754,0.0558,1.6523,0.3851,0.0814,0.6191,2.68,2.37,0.4409,0.2975,0.5844,4.6712,4.3964,0
2007-06-21,5.06,2.8819,0.0546,1.6405,0.4039,0.0791,0.6178,2.69,2.37,0.4585,0.3292,0.5877,4.6516,4.4024,0
2007-06-22,5.02,2.8754,0.0512,1.6239,0.3986,0.0709,0.5865,2.63,2.39,0.4498,0.3249,0.5747,4.6242,4.3838,0
2007-06-25,4.97,2.8604,0.0419,1.6098,0.3753,0.0825,0.5927,2.6,2.37,0.4172,0.2975,0.537,4.59,4.3658,0
2007-06-26,4.99,2.8656,0.0402,1.6228,0.3792,0.0822,0.619,2.64,2.35,0.4194,0.3018,0.537,4.606,4.3763,0
2007-06-27,4.97,2.8604,0.0417,1.6203,0.3675,0.0801,0.6328,2.64,2.33,0.4092,0.2802,0.5383,4.6098,4.3539,0
2007-06-28,5.02,2.8695,0.047,1.6469,0.371,0.0856,0.6328,2.66,2.36,0.418,0.277,0.5589,4.6574,4.3741,0
2007-06-29,4.92,2.8452,0.0433,1.6178,0.341,0.0727,0.6093,2.59,2.33,0.3843,0.2389,0.5297,4.6084,4.3247,0
2007-07-02,4.9,2.8349,0.0346,1.6109,0.3257,0.0939,0.5951,2.56,2.34,0.3603,0.2243,0.4963,4.5818,4.3245,0
2007-07-03,4.95,2.8493,0.0348,1.6282,0.3446,0.0931,0.6258,2.61,2.34,0.3794,0.25,0.5087,4.6068,4.3521,0
2007-07-05,5.05,2.8762,0.0422,1.6718,0.3738,0.0859,0.6482,2.69,2.36,0.416,0.2829,0.5492,4.6812,4.4083,0
2007-07-06,5.1,2.8886,0.0473,1.6682,0.4016,0.0943,0.6485,2.72,2.38,0.4489,0.3245,0.5733,4.6812,4.426,0
2007-07-09,5.07,2.8796,0.0448,1.6625,0.3878,0.0953,0.6256,2.68,2.39,0.4326,0.3073,0.5579,4.6674,4.4184,0
2007-07-10,4.93,2.845,0.0343,1.6178,0.345,0.0879,0.6045,2.57,2.36,0.3793,0.2549,0.5037,4.5872,4.3464,0
2007-07-11,4.98,2.8593,0.0337,1.6255,0.3666,0.0949,0.6404,2.63,2.35,0.4003,0.2863,0.5144,4.5989,4.3711,0
2007-07-12,5.03,2.871,0.0372,1.6536,0.3747,0.0935,0.6578,2.67,2.36,0.4119,0.2916,0.5321,4.6449,4.3986,0
2007-07-13,5.01,2.8661,0.0369,1.6525,0.3664,0.0882,0.6603,2.67,2.34,0.4033,0.2793,0.5272,4.6425,4.3909,0
2007-07-16,4.95,2.8502,0.0313,1.6403,0.3436,0.0846,0.6595,2.66,2.29,0.3749,0.2511,0.4987,4.6143,4.3679,0
2007-07-17,4.98,2.8584,0.0322,1.6604,0.3488,0.0802,0.6828,2.71,2.27,0.381,0.2545,0.5076,4.6453,4.3845,0
2007-07-18,4.91,2.8396,0.0278,1.628,0.3299,0.0847,0.642,2.61,2.3,0.3577,0.2334,0.482,4.5919,4.3401,0
2007-07-19,4.94,2.8463,0.0286,1.6471,0.332,0.086,0.6351,2.63,2.31,0.3606,0.2316,0.4895,4.6224,4.3547,0
2007-07-20,4.85,2.8256,0.0222,1.6224,0.3025,0.0773,0.6323,2.57,2.28,0.3247,0.1926,0.4567,4.5801,4.3103,0
2007-07-23,4.86,2.8276,0.0189,1.6261,0.3052,0.0822,0.6665,2.62,2.24,0.3241,0.2,0.4483,4.5778,4.3254,0
2007-07-24,4.82,2.8182,0.0147,1.6022,0.3023,0.0826,0.634,2.58,2.24,0.317,0.2031,0.4309,4.5344,4.3014,0
2007-07-25,4.8,2.8134,0.0127,1.5826,0.2991,0.0922,0.6363,2.55,2.25,0.3118,0.2004,0.4232,4.5073,4.2827,0
2007-07-26,4.61,2.7789,0.0008,1.4984,0.2674,0.0645,0.6391,2.43,2.18,0.2683,0.1666,0.3699,4.3789,4.1796,0
2007-07-27,4.6,2.7818,-0.0019,1.492,0.2738,0.0543,0.6553,2.45,2.15,0.2719,0.1766,0.3671,4.369,4.1735,0
2007-07-30,4.64,2.7881,-0.0023,1.5111,0.2801,0.063,0.6428,2.47,2.17,0.2778,0.1863,0.3693,4.3906,4.1989,0
2007-07-31,4.6,2.7774,-0.0043,1.5086,0.2629,0.0555,0.6174,2.43,2.17,0.2586,0.1619,0.3552,4.3826,4.1799,0
2007-08-01,4.6,2.7761,-0.0034,1.4988,0.2651,0.0634,0.6343,2.43,2.17,0.2617,0.166,0.3574,4.3706,4.1702,0
2007-08-02,4.62,2.7787,-0.0004,1.5069,0.2662,0.0686,0.6533,2.47,2.15,0.2658,0.1643,0.3673,4.387,4.1752,0
2007-08-03,4.52,2.7624,-0.0056,1.4617,0.2553,0.0461,0.6656,2.41,2.11,0.2497,0.1564,0.3431,4.3175,4.1264,0
2007-08-06,4.52,2.7648,-0.0088,1.4445,0.2686,0.0509,0.694,2.44,2.08,0.2598,0.182,0.3376,4.2871,4.1257,0
2007-08-07,4.6,2.7783,-0.0056,1.5072,0.2597,0.0604,0.7048,2.51,2.09,0.2541,0.1544,0.3538,4.3852,4.1733,0
2007-08-08,4.69,2.8049,0.0006,1.5312,0.3011,0.0522,0.713,2.58,2.11,0.3017,0.2132,0.3902,4.4246,4.2343,0
2007-08-09,4.58,2.7924,0.0005,1.451,0.3156,0.0204,0.7158,2.5,2.08,0.3161,0.2462,0.3861,4.3134,4.1641,0
2007-08-10,4.59,2.7968,0.0042,1.4394,0.3268,0.0228,0.7385,2.52,2.07,0.331,0.2597,0.4024,4.3075,4.1509,0
2007-08-13,4.57,2.7897,0.0001,1.4457,0.3116,0.0229,0.7114,2.5,2.07,0.3117,0.24,0.3834,4.3072,4.1553,0
2007-08-14,4.51,2.7774,-0.0027,1.4065,0.3082,0.0206,0.7072,2.44,2.07,0.3055,0.2417,0.3693,4.2477,4.1104,0
2007-08-15,4.41,2.7713,0.0046,1.2624,0.3621,0.0096,0.7313,2.37,2.04,0.3667,0.3366,0.3968,4.0638,4.0009,0
2007-08-16,4.26,2.7483,0.0074,1.103,0.3928,0.0085,0.7567,2.27,1.99,0.4002,0.4023,0.3981,3.8491,3.863,0
2007-08-17,4.35,2.7713,0.0207,1.1331,0.4172,0.0077,0.767,2.32,2.03,0.4379,0.4229,0.4529,3.9194,3.8931,0
2007-08-20,4.32,2.763,0.024,1.0999,0.4194,0.0137,0.7832,2.33,1.99,0.4434,0.4309,0.4558,3.8754,3.8673,0
2007-08-21,4.27,2.7483,0.025,1.0628,0.4171,0.0168,0.7615,2.28,1.99,0.4421,0.4351,0.4492,3.8182,3.8182,0
2007-08-22,4.34,2.7584,0.0334,1.1149,0.409,0.0243,0.771,2.33,2.01,0.4424,0.4072,0.4775,3.9085,3.8463,0
2007-08-23,4.36,2.7548,0.0334,1.1599,0.3849,0.0271,0.7386,2.33,2.03,0.4183,0.3672,0.4693,3.9657,3.8757,0
2007-08-24,4.42,2.7545,0.0323,1.2399,0.3436,0.0497,0.7294,2.39,2.03,0.3759,0.2928,0.459,4.0775,3.9259,0
2007-08-27,4.39,2.7407,0.0082,1.2642,0.3177,0.0593,0.6956,2.36,2.03,0.3259,0.2786,0.3731,4.0521,3.993,0
2007-08-28,4.25,2.7216,-0.004,1.1616,0.3295,0.0412,0.7305,2.29,1.96,0.3255,0.3165,0.3346,3.8923,3.8995,0
2007-08-29,4.31,2.7346,0.0057,1.1647,0.3405,0.0644,0.7737,2.32,1.99,0.3462,0.315,0.3775,3.9306,3.8718,0
2007-08-30,4.21,2.7203,0.0088,1.1209,0.3272,0.0328,0.7592,2.26,1.95,0.336,0.2942,0.3777,3.883,3.8138,0
2007-08-31,4.25,2.7274,0.0141,1.1448,0.3235,0.0403,0.7637,2.28,1.97,0.3376,0.2782,0.3969,3.9315,3.8286,0
2007-09-04,4.26,2.729,-0.0019,1.1725,0.3179,0.0425,0.7479,2.29,1.97,0.316,0.2843,0.3477,3.9332,3.9021,0
2007-09-05,4.16,2.7063,-0.013,1.1109,0.3086,0.0472,0.7395,2.19,1.97,0.2956,0.2865,0.3047,3.8263,3.8325,0
2007-09-06,4.2,2.7145,-0.0132,1.1379,0.3074,0.0534,0.7532,2.23,1.97,0.2942,0.2775,0.3109,3.8692,3.8478,0
2007-09-07,4.03,2.6789,-0.0162,1.0242,0.2966,0.0464,0.7223,2.07,1.96,0.2804,0.2782,0.2826,3.7053,3.7182,0
2007-09-10,4.0,2.667,-0.0177,1.0144,0.2802,0.0561,0.6954,2.02,1.98,0.2625,0.2549,0.2701,3.689,3.6881,0
2007-09-11,4.07,2.6773,-0.014,1.0783,0.2692,0.0593,0.6823,2.06,2.01,0.2552,0.2262,0.2842,3.7846,3.7335,0
2007-09-12,4.11,2.6875,-0.007,1.0773,0.2908,0.0614,0.6773,2.07,2.04,0.2838,0.2552,0.3123,3.7934,3.7397,0
2007-09-13,4.22,2.7095,0.0014,1.1351,0.3028,0.0712,0.6786,2.15,2.07,0.3042,0.26,0.3485,3.8889,3.8049,0
2007-09-14,4.18,2.7025,0.004,1.1136,0.3014,0.0585,0.6477,2.11,2.07,0.3054,0.2602,0.3505,3.8613,3.7828,0
2007-09-17,4.21,2.7045,0.003,1.1425,0.2924,0.0676,0.6452,2.13,2.08,0.2954,0.2447,0.3461,3.8977,3.8113,0
2007-09-18,4.19,2.709,0.0075,1.07,0.3381,0.0655,0.6424,2.09,2.1,0.3456,0.322,0.3691,3.8025,3.7658,0
2007-09-19,4.2,2.7192,0.0113,1.041,0.3691,0.0594,0.6347,2.08,2.12,0.3804,0.3709,0.39,3.7697,3.7654,0
2007-09-20,4.35,2.7611,0.0222,1.0784,0.4281,0.0602,0.6767,2.22,2.13,0.4503,0.4481,0.4525,3.8417,3.8441,0
2007-09-21,4.31,2.7508,0.0227,1.0611,0.4189,0.0565,0.6642,2.18,2.13,0.4416,0.4378,0.4455,3.8158,3.8227,0
2007-09-24,4.31,2.7495,0.0219,1.0603,0.4173,0.061,0.6896,2.21,2.1,0.4392,0.4363,0.4421,3.8127,3.8222,0
2007-09-25,4.26,2.7462,0.0194,1.0137,0.4343,0.0464,0.7183,2.19,2.07,0.4537,0.4716,0.4359,3.742,3.7957,0
2007-09-26,4.27,2.7481,0.0189,1.0074,0.443,0.0526,0.7165,2.19,2.08,0.4619,0.4868,0.4369,3.7305,3.7947,0
2007-09-27,4.22,2.7335,0.0147,0.9993,0.4186,0.0539,0.6706,2.11,2.11,0.4333,0.4527,0.4138,3.7134,3.7695,0
2007-09-28,4.23,2.7355,0.013,1.0131,0.4135,0.055,0.6797,2.12,2.11,0.4265,0.4425,0.4104,3.7325,3.7786,0
2007-10-01,4.24,2.7287,0.0103,1.0488,0.3804,0.0717,0.6664,2.11,2.13,0.3907,0.3869,0.3946,3.7814,3.7876,0
2007-10-02,4.2,2.7197,0.0055,1.0368,0.3721,0.0659,0.6529,2.08,2.12,0.3776,0.3807,0.3745,3.7534,3.7737,0
2007-10-03,4.24,2.7259,0.0074,1.0582,0.3741,0.0744,0.658,2.11,2.13,0.3815,0.3788,0.3841,3.7868,3.7894,0
2007-10-04,4.22,2.72,0.0067,1.0503,0.3659,0.0771,0.6567,2.09,2.13,0.3726,0.3675,0.3776,3.7753,3.7764,0
2007-10-05,4.33,2.7524,0.013,1.0974,0.4045,0.0627,0.685,2.19,2.14,0.4175,0.4162,0.4189,3.8512,3.8499,0
2007-10-09,4.38,2.7556,0.0136,1.1395,0.3898,0.0815,0.6713,2.2,2.18,0.4034,0.3876,0.4191,3.9108,3.8828,0
2007-10-10,4.37,2.7532,0.0138,1.1428,0.3827,0.0775,0.6517,2.19,2.18,0.3965,0.3756,0.4173,3.9169,3.8812,0
2007-10-11,4.36,2.7536,0.0122,1.1286,0.3888,0.0767,0.6398,2.17,2.19,0.401,0.3882,0.4139,3.8951,3.879,0
2007-10-12,4.42,2.7654,0.0156,1.1732,0.3859,0.0799,0.6485,2.22,2.2,0.4015,0.3729,0.4301,3.9672,3.9173,0
2007-10-15,4.4,2.7604,0.0103,1.1693,0.382,0.0779,0.6176,2.18,2.22,0.3923,0.3751,0.4096,3.947,3.9281,0
2007-10-16,4.34,2.7524,0.0047,1.1248,0.3895,0.0686,0.6105,2.11,2.23,0.3942,0.3964,0.392,3.875,3.8912,0
2007-10-17,4.22,2.7277,0.0023,1.0526,0.379,0.0584,0.5924,2.01,2.21,0.3813,0.3904,0.3721,3.7712,3.7966,0
2007-10-18,4.17,2.7174,0.0024,1.0063,0.3788,0.0651,0.6016,1.96,2.21,0.3812,0.3943,0.3682,3.7106,3.7463,0
2007-10-19,4.03,2.686,-0.0064,0.9554,0.3461,0.0489,0.5646,1.84,2.19,0.3397,0.3578,0.3216,3.6233,3.6741,0
2007-10-22,4.08,2.6885,-0.0092,1.0021,0.3311,0.0675,0.5738,1.88,2.2,0.3219,0.3304,0.3134,3.6821,3.7014,0
2007-10-23,4.06,2.688,-0.0113,0.9824,0.3383,0.0627,0.5892,1.89,2.17,0.327,0.3451,0.3089,3.6523,3.6917,0
2007-10-24,3.99,2.6738,-0.0107,0.9377,0.3335,0.0557,0.5793,1.83,2.16,0.3228,0.3424,0.3032,3.5919,3.633,0
2007-10-25,4.01,2.6752,-0.01,0.944,0.3351,0.0658,0.542,1.79,2.22,0.3251,0.3441,0.306,3.6001,3.6366,0
2007-10-26,4.04,2.6858,-0.0088,0.959,0.3487,0.0553,0.5315,1.8,2.24,0.3399,0.3629,0.3169,3.6218,3.663,0
2007-10-29,4.04,2.6816,-0.0107,0.9739,0.3334,0.0618,0.5136,1.79,2.25,0.3227,0.3392,0.3062,3.639,3.6719,0
2007-10-30,4.06,2.6849,-0.0088,0.9734,0.3379,0.0726,0.5267,1.81,2.25,0.3291,0.3438,0.3144,3.6436,3.6737,0
2007-10-31,4.16,2.7077,-0.0002,1.0232,0.3537,0.0756,0.55,1.9,2.26,0.3535,0.3533,0.3536,3.731,3.7272,0
2007-11-01,4.02,2.6756,-0.0017,0.9381,0.34,0.068,0.4984,1.74,2.28,0.3383,0.3482,0.3283,3.6038,3.6299,0
2007-11-02,3.93,2.6621,-0.0005,0.8592,0.3538,0.0554,0.4536,1.62,2.31,0.3533,0.3788,0.3278,3.4957,3.5512,0
2007-11-05,3.96,2.6705,-0.0045,0.8811,0.3582,0.0546,0.4258,1.61,2.35,0.3537,0.3869,0.3206,3.5185,3.5953,0
2007-11-06,3.99,2.6799,-0.003,0.88,0.3777,0.0554,0.3993,1.59,2.4,0.3747,0.4162,0.3333,3.5185,3.6055,0
2007-11-07,3.92,2.6747,-0.004,0.7944,0.4023,0.0526,0.4131,1.54,2.38,0.3983,0.4629,0.3337,3.4045,3.5453,0
2007-11-08,3.81,2.6626,-0.0089,0.7105,0.4176,0.0282,0.4218,1.47,2.34,0.4087,0.5,0.3174,3.2819,3.4793,0
2007-11-09,3.77,2.6498,-0.0107,0.6978,0.4002,0.0329,0.387,1.4,2.37,0.3895,0.475,0.304,3.2621,3.4434,0
2007-11-13,3.84,2.659,-0.0098,0.7615,0.3871,0.0422,0.39,1.46,2.38,0.3773,0.4462,0.3084,3.3516,3.4985,0
2007-11-14,3.86,2.6628,-0.0045,0.7744,0.3893,0.038,0.412,1.5,2.36,0.3848,0.4438,0.3258,3.3782,3.4996,0
2007-11-15,3.71,2.6334,-0.0093,0.6715,0.3882,0.0262,0.4053,1.39,2.32,0.3789,0.4618,0.296,3.222,3.397,0
2007-11-16,3.68,2.6314,-0.0135,0.6492,0.3939,0.019,0.407,1.37,2.31,0.3804,0.4757,0.2851,3.1853,3.3834,0
2007-11-19,3.57,2.6089,-0.0243,0.5808,0.3901,0.0145,0.3674,1.26,2.31,0.3658,0.4902,0.2414,3.0653,3.3243,0
2007-11-20,3.52,2.6091,-0.024,0.5365,0.4052,-0.0068,0.3471,1.2,2.32,0.3812,0.5135,0.2488,3.0133,3.2803,0
2007-11-21,3.4,2.5993,-0.0275,0.4385,0.4297,-0.04,0.3365,1.11,2.29,0.4022,0.5649,0.2395,2.8751,3.208,0
2007-11-23,3.42,2.6023,-0.0277,0.507,0.4008,-0.0623,0.326,1.14,2.28,0.3731,0.5087,0.2374,2.9736,3.2421,0
2007-11-26,3.23,2.5513,-0.04,0.4435,0.3386,-0.0633,0.2704,0.96,2.27,0.2986,0.4318,0.1653,2.8615,3.1355,0
2007-11-27,3.38,2.5842,-0.0345,0.4872,0.3763,-0.0331,0.33,1.11,2.27,0.3418,0.4779,0.2056,2.9352,3.2048,0
2007-11-28,3.5,2.6076,-0.024,0.5547,0.3794,-0.0177,0.4049,1.25,2.25,0.3554,0.4609,0.2499,3.0568,3.2607,0
2007-11-29,3.42,2.5824,-0.0244,0.504,0.3628,-0.0048,0.3649,1.16,2.26,0.3384,0.4462,0.2306,2.9786,3.1948,0
2007-11-30,3.41,2.5894,-0.0305,0.4852,0.3798,-0.014,0.3725,1.17,2.24,0.3493,0.4782,0.2205,2.9458,3.2121,0
2007-12-03,3.28,2.5674,-0.0414,0.4011,0.3756,-0.0227,0.3746,1.08,2.2,0.3342,0.4886,0.1799,2.8141,3.1334,0
2007-12-04,3.28,2.5685,-0.0424,0.3916,0.3774,-0.0151,0.4125,1.11,2.17,0.335,0.4885,0.1815,2.8066,3.1127,0
2007-12-05,3.28,2.5778,-0.0452,0.3664,0.4022,-0.0212,0.4771,1.15,2.13,0.357,0.5308,0.1832,2.7704,3.1232,0
2007-12-06,3.39,2.6033,-0.0408,0.4091,0.4244,-0.006,0.5063,1.25,2.14,0.3836,0.5536,0.2136,2.8424,3.1859,0
2007-12-07,3.51,2.6341,-0.0314,0.445,0.468,-0.0057,0.5343,1.37,2.14,0.4366,0.6117,0.2614,2.904,3.2545,0
2007-12-10,3.54,2.6412,-0.0263,0.4472,0.4813,-0.0034,0.5398,1.4,2.14,0.455,0.6301,0.2798,2.9132,3.2718,0
2007-12-11,3.32,2.5976,-0.0352,0.3183,0.4645,-0.0253,0.5025,1.22,2.1,0.4293,0.6312,0.2275,2.7141,3.1436,0
2007-12-12,3.41,2.6144,-0.0293,0.3833,0.4584,-0.0169,0.4907,1.26,2.15,0.4292,0.6032,0.2551,2.8237,3.1844,0
2007-12-13,3.54,2.6467,-0.0185,0.4276,0.4943,-0.0101,0.5099,1.35,2.19,0.4758,0.6438,0.3078,2.9064,3.2557,0
2007-12-14,3.63,2.6635,-0.0087,0.4786,0.5027,-0.0061,0.4778,1.39,2.24,0.494,0.6447,0.3434,2.9915,3.3092,0
2007-12-17,3.57,2.6481,-0.0185,0.4582,0.4888,-0.0066,0.4444,1.32,2.25,0.4703,0.6394,0.3013,2.9372,3.3112,0
2007-12-18,3.53,2.6308,-0.0247,0.4543,0.4599,0.0096,0.4249,1.27,2.26,0.4352,0.5993,0.2712,2.9211,3.2784,0
2007-12-19,3.46,2.6105,-0.0289,0.4357,0.4332,0.0095,0.4103,1.21,2.25,0.4043,0.5636,0.2449,2.8869,3.2316,0
2007-12-20,3.45,2.6072,-0.0299,0.4147,0.4334,0.0246,0.4442,1.22,2.23,0.4035,0.5638,0.2432,2.8616,3.201,0
2007-12-21,3.58,2.6418,-0.0259,0.478,0.4678,0.0183,0.4501,1.32,2.26,0.4419,0.6056,0.2783,2.9561,3.2931,0
2007-12-24,3.65,2.6544,-0.0319,0.528,0.4724,0.0271,0.4465,1.37,2.28,0.4405,0.6148,0.2663,3.0081,3.3682,0
2007-12-26,3.72,2.6729,-0.0306,0.5511,0.4963,0.0304,0.4634,1.43,2.29,0.4657,0.6476,0.2837,3.042,3.4121,0
2007-12-27,3.64,2.6502,-0.03,0.504,0.476,0.0398,0.4306,1.31,2.33,0.446,0.6205,0.2715,2.9797,3.3327,0
2007-12-28,3.52,2.6236,-0.0383,0.465,0.4465,0.0231,0.4139,1.23,2.29,0.4082,0.5875,0.2289,2.9093,3.2787,0
2007-12-31,3.45,2.6053,-0.048,0.4568,0.4172,0.0187,0.4034,1.18,2.27,0.3692,0.5505,0.188,2.8808,3.2523,0
2008-01-02,3.28,2.5695,-0.0567,0.3695,0.3943,0.0034,0.3617,1.0,2.28,0.3376,0.5316,0.1435,2.745,3.1339,0
2008-01-03,3.26,2.5689,-0.0562,0.4213,0.35,-0.024,0.3554,0.98,2.28,0.2938,0.4413,0.1463,2.8427,3.1186,0
2008-01-04,3.18,2.5571,-0.0612,0.3451,0.3602,-0.0212,0.371,0.93,2.25,0.299,0.4699,0.1281,2.7313,3.0657,0
2008-01-07,3.16,2.5508,-0.0676,0.3362,0.3517,-0.0112,0.3888,0.94,2.22,0.2841,0.4634,0.1049,2.7078,3.0665,0
2008-01-08,3.16,2.5506,-0.0687,0.3394,0.3478,-0.0091,0.3911,0.95,2.21,0.2791,0.4553,0.1029,2.7138,3.0597,0
2008-01-09,3.1,2.5392,-0.0717,0.3166,0.3343,-0.0183,0.4161,0.94,2.16,0.2626,0.4373,0.0878,2.681,3.0238,0
2008-01-10,3.16,2.5657,-0.0688,0.301,0.393,-0.031,0.4598,1.04,2.12,0.3242,0.5293,0.1192,2.6617,3.061,0
2008-01-11,3.06,2.5405,-0.0704,0.2177,0.3952,-0.0229,0.4016,0.91,2.15,0.3248,0.5495,0.1,2.5334,2.9723,0
2008-01-14,3.08,2.5405,-0.0686,0.2254,0.3926,-0.01,0.3724,0.89,2.19,0.324,0.5431,0.1049,2.5468,2.9693,0
2008-01-15,3.0,2.5163,-0.0711,0.2184,0.3475,-0.0112,0.3524,0.84,2.16,0.2764,0.474,0.0789,2.5372,2.92,0
2008-01-16,3.0,2.523,-0.0722,0.2002,0.3671,-0.0181,0.4011,0.89,2.11,0.2949,0.507,0.0828,2.5112,2.9257,0
2008-01-17,2.9,2.501,-0.0781,0.1664,0.342,-0.0313,0.3962,0.84,2.06,0.2639,0.4769,0.051,2.4544,2.8731,0
2008-01-18,2.86,2.5009,-0.0767,0.1055,0.3725,-0.0422,0.4106,0.82,2.04,0.2958,0.5305,0.0611,2.3718,2.8267,0
2008-01-22,2.64,2.4668,-0.0737,-0.1313,0.4257,-0.0475,0.415,0.67,1.97,0.352,0.6428,0.0611,2.0447,2.6181,0
2008-01-23,2.64,2.4727,-0.062,-0.2064,0.4679,-0.0322,0.4646,0.72,1.92,0.4059,0.7075,0.1043,1.9647,2.5688,0
2008-01-24,2.85,2.5176,-0.0533,-0.0999,0.4996,-0.014,0.4727,0.86,1.99,0.4463,0.7367,0.1559,2.1273,2.7089,0
2008-01-25,2.81,2.4995,-0.05,-0.1037,0.4742,-0.01,0.4019,0.76,2.05,0.4242,0.6993,0.1492,2.1207,2.673,0
2008-01-28,2.8,2.5003,-0.0467,-0.1358,0.4948,-0.0126,0.3929,0.75,2.05,0.4481,0.7361,0.1602,2.0765,2.6601,0
2008-01-29,2.87,2.5204,-0.0389,-0.1184,0.5277,-0.0208,0.369,0.77,2.1,0.4888,0.7808,0.1968,2.1099,2.6985,0
2008-01-30,2.96,2.5456,-0.0269,-0.1121,0.5711,-0.0177,0.3949,0.84,2.12,0.5442,0.8376,0.2507,2.14,2.7289,0
2008-01-31,2.82,2.5152,-0.0235,-0.2162,0.5607,-0.0162,0.3401,0.67,2.15,0.5372,0.8315,0.2428,2.0047,2.6093,0
2008-02-01,2.75,2.505,-0.0305,-0.2396,0.5492,-0.0341,0.3573,0.66,2.09,0.5187,0.8215,0.2159,1.9626,2.5947,0
2008-02-04,2.78,2.5172,-0.0352,-0.2083,0.5556,-0.0493,0.4117,0.74,2.04,0.5204,0.8284,0.2124,2.001,2.6305,0
2008-02-05,2.66,2.4983,-0.0448,-0.2964,0.5641,-0.0611,0.4372,0.68,1.98,0.5193,0.861,0.1775,1.8601,2.5592,0
2008-02-06,2.67,2.5068,-0.0444,-0.305,0.5824,-0.0699,0.4447,0.71,1.96,0.538,0.8883,0.1877,1.8515,2.5603,0
2008-02-07,2.79,2.5432,-0.039,-0.2833,0.6407,-0.0716,0.4595,0.8,1.99,0.6017,0.9716,0.2318,1.89,2.6283,0
2008-02-08,2.69,2.5164,-0.0456,-0.3053,0.5979,-0.0735,0.4094,0.67,2.02,0.5523,0.9115,0.1932,1.852,2.5746,0
2008-02-11,2.67,2.5087,-0.0485,-0.3016,0.5841,-0.0727,0.3757,0.62,2.05,0.5356,0.8923,0.1789,1.8504,2.5646,0
2008-02-12,2.71,2.5218,-0.0473,-0.3063,0.6113,-0.0695,0.3854,0.65,2.06,0.564,0.9343,0.1938,1.8453,2.5832,0
2008-02-13,2.71,2.533,-0.0482,-0.3338,0.642,-0.083,0.4272,0.68,2.03,0.5938,0.9843,0.2033,1.8087,2.5878,0
2008-02-14,2.81,2.5712,-0.0453,-0.3215,0.7022,-0.0967,0.4922,0.78,2.03,0.6569,1.07,0.2439,1.8367,2.6499,0
2008-02-15,2.76,2.5512,-0.0446,-0.3244,0.6673,-0.0895,0.4422,0.68,2.08,0.6227,1.0156,0.2298,1.8339,2.6064,0
2008-02-19,2.93,2.5832,-0.0338,-0.252,0.6954,-0.0629,0.4404,0.78,2.15,0.6616,1.0434,0.2799,1.9495,2.6937,0
2008-02-20,3.02,2.5933,-0.0233,-0.1941,0.6925,-0.0484,0.389,0.77,2.25,0.6692,1.0272,0.3111,2.0411,2.7384,0
2008-02-21,2.8,2.5507,-0.0349,-0.3148,0.6697,-0.0707,0.3496,0.63,2.17,0.6348,1.0195,0.2501,1.8512,2.6304,0
2008-02-22,2.81,2.5547,-0.0394,-0.3116,0.6737,-0.0674,0.3581,0.64,2.17,0.6343,1.0267,0.2418,1.8506,2.6408,0
2008-02-25,2.98,2.5901,-0.0279,-0.2492,0.7105,-0.0435,0.3701,0.71,2.27,0.6826,1.0656,0.2996,1.9579,2.7129,0
2008-02-26,2.92,2.5789,-0.0282,-0.295,0.7142,-0.0499,0.288,0.6,2.32,0.686,1.0806,0.2915,1.8893,2.6782,0
2008-02-27,2.89,2.5747,-0.0276,-0.3193,0.7104,-0.0481,0.2909,0.57,2.32,0.6828,1.0725,0.293,1.8656,2.6461,0
2008-02-28,2.73,2.5353,-0.0361,-0.3973,0.6752,-0.0471,0.2121,0.39,2.34,0.6391,1.0358,0.2424,1.7413,2.5468,0
2008-02-29,2.5,2.4871,-0.0501,-0.501,0.6322,-0.0682,0.1717,0.2,2.3,0.5821,0.991,0.1732,1.5772,2.4101,0
2008-03-03,2.48,2.4908,-0.0535,-0.5231,0.647,-0.0813,0.172,0.19,2.29,0.5935,1.0163,0.1708,1.545,2.3953,0
2008-03-04,2.53,2.5146,-0.0523,-0.5589,0.705,-0.0784,0.1893,0.2,2.33,0.6527,1.108,0.1974,1.5004,2.415,0
2008-03-05,2.59,2.5352,-0.0476,-0.5641,0.7461,-0.0797,0.152,0.23,2.36,0.6985,1.1693,0.2278,1.5004,2.4441,0
2008-03-06,2.5,2.5155,-0.0491,-0.6434,0.7421,-0.0652,0.1171,0.13,2.37,0.693,1.172,0.214,1.3931,2.3626,0
2008-03-07,2.45,2.5017,-0.0499,-0.6795,0.7283,-0.0506,0.1052,0.08,2.37,0.6784,1.154,0.2029,1.3466,2.3192,0
2008-03-10,2.37,2.4744,-0.0502,-0.7324,0.704,-0.0258,0.0717,0.01,2.36,0.6538,1.1245,0.1832,1.2713,2.2409,0
2008-03-11,2.61,2.5175,-0.0376,-0.5809,0.7096,0.0014,0.1018,0.2,2.41,0.672,1.1021,0.2419,1.5065,2.3859,0
2008-03-12,2.49,2.482,-0.0388,-0.6154,0.6644,-0.0021,0.0815,0.12,2.37,0.6256,1.0412,0.21,1.451,2.3128,0
2008-03-13,2.53,2.5,-0.0339,-0.6516,0.7161,-0.0006,0.1358,0.15,2.38,0.6822,1.1236,0.2409,1.407,2.3229,0
2008-03-14,2.37,2.465,-0.0396,-0.7908,0.7129,0.0224,0.22,0.12,2.25,0.6733,1.1404,0.2062,1.2071,2.1952,0
2008-03-17,2.23,2.4419,-0.0529,-0.8905,0.7104,0.0211,0.3336,0.13,2.1,0.6575,1.1577,0.1572,1.0512,2.1244,0
2008-03-18,2.42,2.4709,-0.036,-0.7425,0.6987,0.029,0.2835,0.21,2.21,0.6627,1.1048,0.2205,1.2862,2.2044,0
2008-03-19,2.36,2.4512,-0.0291,-0.7748,0.6801,0.0326,0.3098,0.22,2.14,0.651,1.0781,0.224,1.2493,2.1499,0
2008-03-20,2.36,2.4388,-0.0214,-0.7394,0.6427,0.0393,0.2975,0.22,2.14,0.6213,1.0105,0.232,1.3102,2.1341,0
2008-03-24,2.64,2.4972,-0.017,-0.5703,0.6785,0.0516,0.3494,0.47,2.17,0.6615,1.0474,0.2756,1.541,2.3583,0
2008-03-25,2.61,2.4877,-0.0187,-0.5735,0.6678,0.0467,0.3916,0.48,2.13,0.6491,1.036,0.2622,1.5272,2.3475,0
2008-03-26,2.55,2.4852,-0.0222,-0.6501,0.701,0.0361,0.3922,0.42,2.13,0.6788,1.1018,0.2559,1.4121,2.311,0
2008-03-27,2.61,2.4987,-0.0211,-0.6463,0.725,0.0537,0.3447,0.4,2.21,0.7039,1.1373,0.2705,1.419,2.3317,0
2008-03-28,2.51,2.4795,-0.0293,-0.6898,0.7092,0.0404,0.2847,0.3,2.21,0.6799,1.1254,0.2343,1.3442,2.2918,0
2008-03-31,2.46,2.4734,-0.0356,-0.7022,0.7012,0.0232,0.2844,0.27,2.19,0.6656,1.1175,0.2137,1.3193,2.2784,0
2008-04-01,2.65,2.5098,-0.0242,-0.6111,0.7207,0.0548,0.3308,0.44,2.21,0.6965,1.1223,0.2707,1.4729,2.3615,0
2008-04-02,2.72,2.5196,-0.0131,-0.531,0.7006,0.0439,0.3267,0.51,2.21,0.6875,1.0717,0.3033,1.6044,2.406,0
2008-04-03,2.75,2.5205,-0.0053,-0.4987,0.6882,0.0453,0.3394,0.54,2.21,0.6829,1.0439,0.3218,1.6608,2.4207,0
2008-04-04,2.63,2.4887,-0.0087,-0.5403,0.6534,0.0369,0.3099,0.45,2.18,0.6447,1.0023,0.2871,1.5907,2.3569,0
2008-04-07,2.75,2.5084,-0.0012,-0.45,0.6527,0.0401,0.308,0.52,2.23,0.6515,0.9851,0.3179,1.7248,2.4267,0
2008-04-08,2.72,2.5108,-0.0014,-0.4935,0.6821,0.022,0.3366,0.53,2.19,0.6807,1.0402,0.3212,1.6578,2.4198,0
2008-04-09,2.59,2.4842,-0.0079,-0.5617,0.6652,0.0101,0.3186,0.42,2.17,0.6573,1.0286,0.2861,1.5513,2.3438,0
2008-04-10,2.66,2.5014,-0.0013,-0.5229,0.682,0.0007,0.3646,0.47,2.19,0.6807,1.0437,0.3178,1.6156,2.3719,0
2008-04-11,2.57,2.4844,-0.0006,-0.5704,0.672,-0.0154,0.3372,0.4,2.17,0.6714,1.0339,0.3089,1.5515,2.3153,0
2008-04-14,2.6,2.4955,0.001,-0.5794,0.6934,-0.0105,0.3532,0.43,2.17,0.6944,1.0658,0.323,1.5447,2.3304,0
2008-04-15,2.68,2.5136,0.0072,-0.5418,0.7059,-0.0049,0.3576,0.48,2.2,0.7131,1.0732,0.3529,1.6116,2.3702,0
2008-04-16,2.82,2.5478,0.0163,-0.4792,0.7366,-0.0014,0.3908,0.6,2.22,0.7529,1.1043,0.4014,1.7171,2.4576,0
2008-04-17,2.9,2.5557,0.0233,-0.3902,0.7068,0.0045,0.3839,0.68,2.22,0.7301,1.0405,0.4196,1.855,2.5147,0
2008-04-18,2.95,2.5604,0.0247,-0.3475,0.7007,0.0116,0.3705,0.71,2.24,0.7254,1.0293,0.4216,1.9091,2.5611,0
2008-04-21,2.95,2.5552,0.0281,-0.3049,0.6856,-0.0139,0.3784,0.7,2.25,0.7137,1.004,0.4233,1.9599,2.5694,0
2008-04-22,2.96,2.5524,0.035,-0.2796,0.6752,-0.023,0.3407,0.72,2.24,0.7102,0.9825,0.438,2.0005,2.5656,0
2008-04-23,2.98,2.5606,0.0395,-0.283,0.6909,-0.028,0.3553,0.73,2.25,0.7304,1.004,0.4568,2.004,2.5773,0
2008-04-24,3.15,2.5916,0.0529,-0.1999,0.706,-0.0006,0.4142,0.89,2.26,0.7589,1.0033,0.5144,2.1473,2.6514,0
2008-04-25,3.2,2.6039,0.0578,-0.1731,0.7195,-0.0081,0.4136,0.89,2.31,0.7773,1.0209,0.5336,2.1871,2.6978,0
2008-04-28,3.14,2.5844,0.0522,-0.2043,0.7033,0.0044,0.3983,0.84,2.3,0.7555,1.0084,0.5026,2.1272,2.6652,0
2008-04-29,3.11,2.5811,0.0486,-0.2159,0.7001,-0.0039,0.4254,0.82,2.29,0.7487,1.0062,0.4911,2.1076,2.6568,0
2008-04-30,3.03,2.5642,0.0478,-0.2457,0.6841,-0.0204,0.4166,0.77,2.26,0.7319,0.9852,0.4786,2.0652,2.6001,0
2008-05-01,3.06,2.5661,0.0494,-0.1881,0.6608,-0.0282,0.3764,0.79,2.27,0.7102,0.9404,0.48,2.1478,2.6323,0
2008-05-02,3.18,2.5966,0.0592,-0.1465,0.6997,-0.029,0.3812,0.86,2.32,0.7589,0.9882,0.5297,2.2209,2.6945,0
2008-05-05,3.14,2.591,0.0556,-0.1785,0.7042,-0.0323,0.3468,0.85,2.29,0.7598,1.0046,0.515,2.1678,2.6891,0
2008-05-06,3.15,2.603,0.0523,-0.2116,0.7433,-0.037,0.3563,0.84,2.31,0.7956,1.0729,0.5183,2.1142,2.7016,0
2008-05-07,3.09,2.5907,0.0462,-0.2369,0.7309,-0.0408,0.3513,0.8,2.29,0.7771,1.0606,0.4936,2.0703,2.6706,0
2008-05-08,2.99,2.5697,0.0365,-0.2857,0.714,-0.0445,0.3179,0.69,2.3,0.7505,1.0479,0.4531,1.9866,2.6211,0
2008-05-09,2.98,2.5652,0.0344,-0.2647,0.6934,-0.0484,0.2966,0.66,2.32,0.7278,1.0119,0.4438,2.0165,2.6151,0
2008-05-12,3.0,2.5664,0.03,-0.2227,0.6751,-0.0489,0.2929,0.7,2.3,0.7051,0.9821,0.4282,2.0668,2.6537,0
2008-05-13,3.17,2.6001,0.0412,-0.124,0.6895,-0.0369,0.3225,0.85,2.32,0.7307,0.9799,0.4816,2.227,2.739,0
2008-05-14,3.22,2.6077,0.0505,-0.0748,0.6855,-0.0489,0.277,0.86,2.36,0.736,0.9629,0.5091,2.306,2.7702,0
2008-05-15,3.1,2.5797,0.046,-0.1163,0.654,-0.0634,0.237,0.75,2.35,0.7,0.9256,0.4744,2.2378,2.7168,0
2008-05-16,3.12,2.5856,0.047,-0.1061,0.6627,-0.0692,0.2248,0.75,2.37,0.7097,0.9382,0.4813,2.251,2.7308,0
2008-05-19,3.09,2.578,0.0442,-0.1302,0.6619,-0.0639,0.1985,0.69,2.4,0.7061,0.9436,0.4686,2.2103,2.7114,0
2008-05-20,3.02,2.5635,0.0368,-0.1677,0.6564,-0.069,0.1678,0.6,2.42,0.6932,0.948,0.4383,2.141,2.6802,0
2008-05-21,3.09,2.5736,0.0418,-0.1096,0.6479,-0.0638,0.1283,0.62,2.47,0.6897,0.9213,0.4582,2.2325,2.7076,0
2008-05-22,3.24,2.6077,0.0533,-0.0364,0.6749,-0.0595,0.1737,0.77,2.47,0.7282,0.9431,0.5132,2.3563,2.7902,0
2008-05-23,3.15,2.5863,0.049,-0.087,0.6597,-0.0579,0.1765,0.73,2.42,0.7087,0.9323,0.485,2.2756,2.7462,0
2008-05-27,3.25,2.6121,0.0545,-0.0498,0.6895,-0.0563,0.2279,0.85,2.4,0.744,0.9683,0.5197,2.338,2.8002,0
2008-05-28,3.36,2.6406,0.0625,0.0059,0.7148,-0.0638,0.2815,0.97,2.39,0.7773,0.9933,0.5612,2.4305,2.871,0
2008-05-29,3.41,2.6559,0.0713,-0.0018,0.7494,-0.0648,0.3019,1.01,2.4,0.8207,1.0426,0.5988,2.4322,2.8817,0
2008-05-30,3.41,2.6499,0.069,0.003,0.736,-0.0479,0.2776,1.01,2.4,0.805,1.025,0.5849,2.4328,2.8917,0
2008-06-02,3.28,2.621,0.0572,-0.0646,0.7182,-0.0518,0.2585,0.88,2.4,0.7754,1.0185,0.5322,2.3133,2.8287,0
2008-06-03,3.21,2.6054,0.0459,-0.1074,0.7027,-0.0366,0.3002,0.85,2.36,0.7486,1.0052,0.4921,2.2414,2.7894,0
2008-06-04,3.26,2.6238,0.0452,-0.1065,0.7328,-0.0352,0.3588,0.94,2.32,0.778,1.0488,0.5071,2.2464,2.8141,0
2008-06-05,3.34,2.6447,0.0484,-0.0916,0.7656,-0.0271,0.3494,0.97,2.37,0.814,1.0951,0.5329,2.272,2.8527,0
2008-06-06,3.2,2.6109,0.0388,-0.1429,0.7273,-0.0341,0.237,0.75,2.45,0.7661,1.0516,0.4806,2.1825,2.7862,0
2008-06-09,3.41,2.639,0.0534,0.0657,0.6746,-0.0227,0.2337,0.93,2.48,0.728,0.9239,0.5322,2.5088,2.9008,0
2008-06-10,3.54,2.6641,0.0645,0.1732,0.674,-0.0359,0.2369,1.06,2.48,0.7385,0.904,0.573,2.6718,3.0048,0
2008-06-11,3.49,2.6576,0.0662,0.1239,0.69,-0.0477,0.2234,0.98,2.51,0.7562,0.9384,0.5739,2.5992,2.978,0
2008-06-12,3.68,2.693,0.0784,0.2405,0.6979,-0.0299,0.2517,1.14,2.54,0.7763,0.9237,0.629,2.7862,3.0819,0
2008-06-13,3.73,2.7047,0.0838,0.252,0.7185,-0.029,0.2625,1.17,2.56,0.8023,0.9539,0.6507,2.8051,3.1151,0
2008-06-16,3.73,2.6991,0.0778,0.2549,0.7134,-0.0152,0.247,1.15,2.58,0.7912,0.9557,0.6266,2.7894,3.1351,0
2008-06-17,3.66,2.691,0.0735,0.196,0.7279,-0.0284,0.2648,1.11,2.55,0.8014,0.99,0.6128,2.6984,3.0921,0
2008-06-18,3.57,2.6694,0.0699,0.1797,0.6941,-0.0431,0.237,1.0,2.57,0.764,0.9407,0.5874,2.6724,3.0399,0
2008-06-19,3.67,2.6911,0.0769,0.2246,0.7079,-0.0305,0.2742,1.12,2.55,0.7848,0.9464,0.6231,2.7541,3.083,0
2008-06-20,3.57,2.6708,0.0743,0.1654,0.6991,-0.0396,0.2811,1.04,2.53,0.7734,0.9442,0.6026,2.6654,3.0228,0
2008-06-23,3.65,2.6804,0.0764,0.2327,0.6838,-0.0233,0.2833,1.09,2.56,0.7602,0.909,0.6114,2.7643,3.0717,0
2008-06-24,3.52,2.65,0.0697,0.1714,0.6631,-0.0342,0.23,0.95,2.57,0.7328,0.8944,0.5713,2.6599,3.0001,0
2008-06-25,3.54,2.6572,0.0694,0.1449,0.6905,-0.0221,0.2426,0.97,2.57,0.7599,0.9405,0.5793,2.6215,2.9939,0
2008-06-26,3.44,2.6345,0.0622,0.0692,0.6884,-0.0143,0.1787,0.8,2.64,0.7506,0.9553,0.5459,2.499,2.9253,0
2008-06-27,3.36,2.6159,0.0589,0.064,0.6512,-0.03,0.1457,0.74,2.62,0.7101,0.8966,0.5236,2.4935,2.8794,0
2008-06-30,3.34,2.6161,0.053,0.0481,0.656,-0.0332,0.1326,0.71,2.63,0.709,0.9099,0.5081,2.4633,2.8857,0
2008-07-01,3.33,2.6197,0.05,0.0175,0.6701,-0.0273,0.1342,0.67,2.66,0.7201,0.9343,0.5058,2.423,2.8756,0
2008-07-02,3.31,2.6129,0.0491,0.0097,0.6637,-0.0254,0.0874,0.61,2.7,0.7128,0.9264,0.4992,2.4089,2.8535,0
2008-07-03,3.28,2.6134,0.0455,-0.0319,0.6842,-0.0313,0.0672,0.56,2.72,0.7297,0.9671,0.4924,2.3442,2.8416,0
2008-07-07,3.23,2.6041,0.0371,-0.0708,0.6792,-0.0196,0.1251,0.6,2.63,0.7163,0.9681,0.4646,2.2815,2.8158,0
2008-07-08,3.19,2.5931,0.0339,-0.0583,0.6481,-0.0269,0.1757,0.67,2.52,0.682,0.9168,0.4473,2.3001,2.7952,0
2008-07-09,3.11,2.5739,0.0297,-0.0906,0.6292,-0.0322,0.1629,0.57,2.54,0.6589,0.8957,0.4221,2.2465,2.7483,0
2008-07-10,3.1,2.5724,0.0309,-0.0924,0.6227,-0.0335,0.1579,0.53,2.57,0.6536,0.8816,0.4255,2.2519,2.7342,0
2008-07-11,3.27,2.6099,0.0463,-0.0083,0.6524,-0.0303,0.1719,0.67,2.6,0.6987,0.9029,0.4945,2.3974,2.8135,0
2008-07-14,3.2,2.5928,0.0464,-0.0664,0.6512,-0.024,0.1706,0.62,2.58,0.6976,0.9125,0.4827,2.3115,2.7662,0
2008-07-15,3.12,2.5814,0.0431,-0.1328,0.6612,-0.0328,0.1689,0.57,2.55,0.7043,0.9399,0.4687,2.213,2.7185,0
2008-07-16,3.2,2.6119,0.0478,-0.1424,0.7197,-0.037,0.199,0.64,2.56,0.7675,1.0268,0.5083,2.2103,2.7591,0
2008-07-17,3.35,2.6431,0.0592,-0.061,0.7348,-0.0261,0.268,0.81,2.54,0.794,1.0267,0.5613,2.3494,2.8319,0
2008-07-18,3.42,2.6545,0.0703,-0.0097,0.7345,-0.0296,0.3011,0.92,2.5,0.8048,1.0122,0.5973,2.4373,2.8639,0
2008-07-21,3.41,2.6469,0.0721,-0.0029,0.7168,-0.0229,0.3223,0.94,2.47,0.7889,0.9843,0.5936,2.4486,2.863,0
2008-07-22,3.48,2.6608,0.0784,0.0371,0.7275,-0.0238,0.3529,1.06,2.42,0.8059,0.9926,0.6192,2.5112,2.9022,0
2008-07-23,3.51,2.6705,0.0858,0.051,0.7354,-0.0327,0.462,1.22,2.29,0.8212,0.9954,0.6471,2.5473,2.9126,0
2008-07-24,3.37,2.631,0.0758,-0.03,0.7097,-0.0165,0.459,1.09,2.28,0.7855,0.9809,0.59,2.4056,2.8299,0
2008-07-25,3.45,2.659,0.0764,-0.0098,0.7483,-0.0239,0.5155,1.21,2.24,0.8247,1.0354,0.614,2.4386,2.8895,0
2008-07-28,3.34,2.6343,0.0673,-0.0656,0.731,-0.027,0.4756,1.09,2.25,0.7983,1.0246,0.5719,2.3423,2.8329,0
2008-07-29,3.39,2.6452,0.0671,-0.028,0.7294,-0.0237,0.5376,1.21,2.18,0.7965,1.0141,0.5789,2.3995,2.8636,0
2008-07-30,3.36,2.637,0.0689,-0.0391,0.7217,-0.0285,0.5026,1.14,2.22,0.7906,1.0026,0.5786,2.3859,2.8354,0
2008-07-31,3.25,2.612,0.0596,-0.1073,0.7019,-0.0162,0.5136,1.09,2.16,0.7615,0.9868,0.5362,2.2794,2.7752,0
2008-08-01,3.23,2.6073,0.0563,-0.1151,0.6973,-0.0158,0.503,1.06,2.17,0.7536,0.9827,0.5245,2.2631,2.7608,0
2008-08-04,3.23,2.6096,0.0502,-0.0968,0.6933,-0.0262,0.5184,1.09,2.14,0.7435,0.9795,0.5074,2.2767,2.7903,0
2008-08-05,3.28,2.6239,0.0501,-0.0905,0.716,-0.0195,0.5978,1.18,2.1,0.7661,1.0126,0.5196,2.2869,2.814,0
2008-08-06,3.3,2.6327,0.0542,-0.0952,0.7333,-0.025,0.6432,1.22,2.08,0.7875,1.0353,0.5398,2.2897,2.8138,0
2008-08-07,3.16,2.5942,0.0446,-0.1514,0.6928,-0.0202,0.5975,1.07,2.09,0.7374,0.9909,0.4839,2.1893,2.737,0
2008-08-08,3.21,2.6019,0.047,-0.0933,0.6771,-0.0228,0.6348,1.17,2.04,0.7241,0.954,0.4942,2.2787,2.7666,0
2008-08-11,3.27,2.6162,0.045,-0.0694,0.6944,-0.0162,0.6793,1.26,2.01,0.7394,0.9817,0.4971,2.3045,2.8216,0
2008-08-12,3.16,2.5903,0.0337,-0.1242,0.676,-0.0157,0.6608,1.17,1.99,0.7097,0.972,0.4473,2.2037,2.7697,0
2008-08-13,3.21,2.6012,0.0369,-0.1021,0.685,-0.011,0.6627,1.2,2.01,0.7219,0.9777,0.4661,2.2433,2.7796,0
2008-08-14,3.15,2.5859,0.0339,-0.1187,0.6644,-0.0155,0.625,1.13,2.02,0.6983,0.9508,0.4458,2.2147,2.7501,0
2008-08-15,3.11,2.5734,0.0305,-0.1318,0.6462,-0.0083,0.6599,1.16,1.95,0.6767,0.926,0.4273,2.1922,2.7232,0
2008-08-18,3.07,2.5644,0.024,-0.1502,0.6412,-0.0094,0.6831,1.15,1.92,0.6652,0.9279,0.4025,2.1516,2.7116,0
2008-08-19,3.07,2.5689,0.0232,-0.1761,0.6617,-0.0077,0.6939,1.15,1.92,0.6849,0.9626,0.4072,2.1151,2.7002,0
2008-08-20,3.0,2.5552,0.0212,-0.2185,0.6548,-0.0127,0.6467,1.06,1.94,0.676,0.9581,0.3939,2.0547,2.6509,0
2008-08-21,3.08,2.5694,0.0256,-0.1703,0.6572,-0.0019,0.61,1.06,2.02,0.6828,0.9503,0.4153,2.1316,2.6896,0
2008-08-22,3.14,2.5825,0.0324,-0.111,0.6479,-0.0117,0.6803,1.2,1.94,0.6803,0.9196,0.4409,2.2321,2.7314,0
2008-08-25,3.04,2.5552,0.0262,-0.1532,0.6201,-0.0083,0.6909,1.16,1.88,0.6463,0.8904,0.4022,2.1579,2.6813,0
2008-08-26,3.06,2.5543,0.0281,-0.1352,0.6131,-0.0002,0.6631,1.16,1.9,0.6412,0.876,0.4063,2.1842,2.6798,0
2008-08-27,3.02,2.547,0.0263,-0.1698,0.6149,0.0016,0.6309,1.1,1.92,0.6412,0.8851,0.3973,2.1333,2.6542,0
2008-08-28,3.09,2.5542,0.0259,-0.1362,0.6087,0.0374,0.6664,1.15,1.94,0.6346,0.869,0.4002,2.1836,2.6835,0
2008-08-29,3.1,2.5673,0.0258,-0.1579,0.6425,0.0222,0.7096,1.21,1.89,0.6683,0.9247,0.412,2.1531,2.6999,0
2008-09-02,3.0,2.5453,0.0182,-0.2077,0.6195,0.0247,0.8054,1.28,1.72,0.6377,0.8984,0.377,2.0768,2.641,0
2008-09-03,2.95,2.5341,0.0151,-0.2196,0.6009,0.0196,0.8581,1.29,1.66,0.616,0.8709,0.361,2.0595,2.6103,0
2008-09-04,2.87,2.5166,0.0086,-0.2508,0.5818,0.0138,0.8958,1.28,1.59,0.5904,0.8495,0.3312,2.0067,2.5701,0
2008-09-05,2.91,2.522,0.011,-0.2158,0.5789,0.0139,0.9003,1.31,1.6,0.5899,0.8392,0.3407,2.0569,2.5876,0
2008-09-08,2.96,2.5233,0.0165,-0.1647,0.5613,0.0236,0.8708,1.34,1.62,0.5778,0.8027,0.353,2.1337,2.6078,0
2008-09-09,2.9,2.5119,0.0155,-0.1928,0.553,0.0124,0.9257,1.38,1.52,0.5685,0.7949,0.3421,2.0927,2.5788,0
2008-09-10,2.91,2.5181,0.017,-0.2081,0.5764,0.0067,0.9227,1.39,1.52,0.5934,0.8344,0.3523,2.0689,2.5816,0
2008-09-11,2.87,2.5111,0.0155,-0.229,0.5725,-0.0001,0.9117,1.36,1.51,0.588,0.8321,0.3439,2.0381,2.5597,0
2008-09-12,2.97,2.5441,0.0222,-0.2147,0.6249,-0.0064,0.9679,1.47,1.5,0.6471,0.9043,0.3898,2.0721,2.6127,0
2008-09-15,2.59,2.4725,0.0024,-0.4865,0.6195,-0.0179,1.0953,1.36,1.23,0.6219,0.9479,0.2959,1.66,2.3675,0
2008-09-16,2.64,2.4799,0.0085,-0.4135,0.5876,-0.0224,1.2764,1.61,1.03,0.5961,0.8735,0.3186,1.7889,2.374,0
2008-09-17,2.52,2.4633,0.0228,-0.602,0.6534,-0.0175,1.3156,1.48,1.04,0.6762,0.9913,0.3611,1.5462,2.2012,0
2008-09-18,2.67,2.5053,0.0561,-0.5694,0.6971,-0.0191,1.396,1.65,1.02,0.7532,1.0162,0.4903,1.6729,2.211,0
2008-09-19,3.01,2.5625,0.0586,-0.3221,0.7008,0.0102,1.0607,1.64,1.37,0.7594,1.004,0.5148,1.9958,2.5254,0
2008-09-22,3.04,2.576,0.0403,-0.3187,0.732,0.0104,0.9934,1.6,1.44,0.7723,1.0748,0.4697,1.9547,2.6199,0
2008-09-23,3.03,2.5851,0.0348,-0.3571,0.7556,0.0116,1.1717,1.78,1.25,0.7904,1.112,0.4688,1.9064,2.6001,0
2008-09-24,2.91,2.5772,0.0303,-0.4838,0.7934,-0.0071,1.3154,1.82,1.09,0.8237,1.186,0.4614,1.7311,2.5113,0
2008-09-25,3.09,2.5977,0.0389,-0.3584,0.7765,0.0352,1.2924,1.91,1.18,0.8154,1.136,0.4949,1.9188,2.5871,0
2008-09-26,3.05,2.5897,0.0386,-0.382,0.7739,0.0298,1.3258,1.9,1.15,0.8125,1.1367,0.4883,1.8835,2.568,0
2008-09-29,2.7,2.5225,0.009,-0.5885,0.7572,-0.0002,1.4579,1.76,0.94,0.7662,1.1689,0.3636,1.5314,2.3965,0
2008-09-30,2.98,2.5914,0.0178,-0.4537,0.8194,0.0051,1.511,2.01,0.97,0.8372,1.2347,0.4396,1.7401,2.5536,0
2008-10-01,2.87,2.571,0.0118,-0.5263,0.8125,0.001,1.5864,1.92,0.95,0.8243,1.236,0.4127,1.6331,2.4782,0
2008-10-02,2.68,2.5416,0.0079,-0.6836,0.8309,-0.0168,1.5734,1.75,0.93,0.8388,1.286,0.3917,1.4108,2.3296,0
2008-10-03,2.64,2.5402,0.01,-0.7363,0.8515,-0.0253,1.58,1.68,0.96,0.8615,1.3218,0.4011,1.3435,2.2894,0
2008-10-06,2.45,2.5036,-0.005,-0.8314,0.8212,-0.0384,1.7016,1.7,0.75,0.8162,1.2966,0.3359,1.1918,2.1983,0
2008-10-07,2.45,2.51,-0.0125,-0.8445,0.832,-0.035,1.8467,1.83,0.62,0.8195,1.316,0.3231,1.1691,2.2053,0
2008-10-08,2.7,2.5869,0.007,-0.7713,0.936,-0.0586,2.1503,2.27,0.43,0.943,1.4463,0.4397,1.3123,2.3278,0
2008-10-09,2.79,2.6184,0.0162,-0.8017,1.0189,-0.0618,2.1102,2.32,0.47,1.0351,1.5793,0.4909,1.2724,2.3762,0
2008-10-10,2.77,2.6369,0.0257,-0.8915,1.0748,-0.076,2.4082,2.57,0.2,1.1005,1.6591,0.542,1.1869,2.3295,0
2008-10-14,3.01,2.6898,0.0375,-0.788,1.1439,-0.0731,2.3884,2.77,0.24,1.1814,1.7553,0.6074,1.3278,2.489,0
2008-10-15,2.9,2.687,0.0323,-0.9337,1.2085,-0.0941,2.3904,2.76,0.14,1.2408,1.8813,0.6003,1.1128,2.4259,0
2008-10-16,2.84,2.6801,0.0089,-0.9593,1.1948,-0.0844,2.4186,2.88,-0.04,1.2037,1.8777,0.5296,1.0467,2.4534,0
2008-10-17,2.83,2.6802,-0.0063,-0.9792,1.2142,-0.0789,2.277,2.79,0.04,1.2079,1.9265,0.4893,0.9824,2.4669,0
2008-10-20,2.82,2.6603,-0.0405,-0.8851,1.1228,-0.0375,2.1722,2.73,0.09,1.0823,1.7966,0.368,1.0609,2.5572,0
2008-10-21,2.63,2.6211,-0.0646,-0.9525,1.0657,-0.0396,2.2588,2.75,-0.12,1.0011,1.7232,0.2789,0.9464,2.4516,0
2008-10-22,2.56,2.5975,-0.0712,-0.9514,1.0212,-0.0361,2.3328,2.8,-0.24,0.95,1.6547,0.2453,0.9414,2.3868,0
2008-10-23,2.57,2.5974,-0.0684,-0.9024,0.9989,-0.0556,2.4649,2.96,-0.39,0.9305,1.6085,0.2526,1.0171,2.3853,0
2008-10-24,2.64,2.6335,-0.0605,-0.9289,1.0626,-0.0666,2.8639,3.44,-0.8,1.0021,1.6967,0.3075,1.01,2.4196,0
2008-10-27,2.67,2.6398,-0.05,-0.9211,1.0818,-0.0805,3.0505,3.74,-1.07,1.0318,1.7227,0.3409,1.0278,2.4206,0
2008-10-28,2.75,2.6648,-0.0337,-0.9396,1.1525,-0.0939,3.07,3.79,-1.04,1.1188,1.8302,0.4073,1.0137,2.4367,0
2008-10-29,2.77,2.6787,-0.0226,-1.0218,1.2208,-0.0852,3.0236,3.73,-0.96,1.1982,1.942,0.4545,0.9132,2.4112,0
2008-10-30,2.84,2.7017,-0.0113,-1.065,1.2786,-0.064,2.9792,3.65,-0.81,1.2673,2.0265,0.5081,0.8774,2.4148,0
2008-10-31,2.8,2.7148,-0.0124,-1.1571,1.3245,-0.0698,3.0842,3.76,-0.96,1.3121,2.1021,0.5221,0.7677,2.3977,0
2008-11-03,2.71,2.7025,-0.0327,-1.2439,1.3464,-0.0624,3.0653,3.66,-0.95,1.3137,2.1677,0.4597,0.6046,2.382,0
2008-11-04,2.56,2.6547,-0.0476,-1.2598,1.2618,-0.0491,2.9564,3.45,-0.89,1.2142,2.0458,0.3826,0.5633,2.2879,0
2008-11-05,2.5,2.632,-0.044,-1.2287,1.2058,-0.0651,2.9168,3.4,-0.9,1.1618,1.9481,0.3755,0.617,2.2265,0
2008-11-06,2.46,2.6347,-0.0402,-1.272,1.2296,-0.0921,3.012,3.48,-1.02,1.1894,1.9873,0.3914,0.5647,2.202,0
2008-11-07,2.56,2.6571,-0.0306,-1.229,1.2536,-0.0911,3.0877,3.56,-1.0,1.223,2.0116,0.4344,0.6395,2.2448,0
2008-11-10,2.51,2.6445,-0.0339,-1.2061,1.2292,-0.1237,3.0842,3.52,-1.01,1.1953,1.9792,0.4114,0.6546,2.249,0
2008-11-12,2.37,2.6129,-0.0381,-1.2962,1.2042,-0.1128,3.1569,3.46,-1.09,1.1661,1.9509,0.3813,0.5319,2.1423,0
2008-11-13,2.43,2.6359,-0.0462,-1.2971,1.243,-0.1056,3.2158,3.5,-1.07,1.1968,2.0177,0.3759,0.5179,2.2146,0
2008-11-14,2.33,2.5987,-0.0516,-1.2719,1.1619,-0.1071,3.1957,3.43,-1.1,1.1103,1.8906,0.3301,0.5465,2.1518,0
2008-11-17,2.32,2.5818,-0.049,-1.2664,1.1263,-0.0727,3.2262,3.44,-1.12,1.0773,1.8304,0.3241,0.5623,2.1101,0
2008-11-18,2.22,2.5469,-0.0506,-1.2809,1.0633,-0.0587,3.424,3.51,-1.29,1.0127,1.7339,0.2916,0.5449,2.0381,0
2008-11-19,2.08,2.5076,-0.0507,-1.2989,1.0034,-0.0814,3.564,3.61,-1.53,0.9527,1.6442,0.2613,0.5173,1.9462,0
2008-11-20,1.94,2.4473,-0.0493,-1.2807,0.8764,-0.0537,3.8715,3.73,-1.79,0.8271,1.4373,0.2169,0.5564,1.8148,0
2008-11-21,2.02,2.465,-0.0312,-1.2381,0.9061,-0.0818,3.9935,3.96,-1.94,0.8749,1.4719,0.2779,0.6299,1.844,0
2008-11-24,2.24,2.505,-0.0121,-1.1338,0.9462,-0.0653,3.9695,4.19,-1.95,0.9341,1.5145,0.3537,0.7908,1.9606,0
2008-11-25,2.06,2.4422,-0.0213,-1.2007,0.8598,-0.02,3.8212,4.12,-2.06,0.8385,1.4001,0.2769,0.6799,1.8508,0
2008-11-26,2.01,2.4189,-0.0225,-1.1997,0.815,-0.0018,3.8276,4.24,-2.23,0.7925,1.3302,0.2549,0.6816,1.8029,0
2008-11-28,1.93,2.4032,-0.0278,-1.2691,0.8217,0.002,3.8039,4.17,-2.24,0.7939,1.3561,0.2316,0.5718,1.7516,0
2008-12-01,1.71,2.343,-0.0433,-1.3145,0.7286,-0.0037,3.6591,2.03,-0.32,0.6853,1.2291,0.1414,0.4846,1.6426,0
2008-12-02,1.65,2.3305,-0.0471,-1.3115,0.7079,-0.0298,3.5014,1.73,-0.08,0.6608,1.2001,0.1216,0.4798,1.6184,0
2008-12-03,1.6,2.3226,-0.0468,-1.3376,0.7116,-0.0497,3.31,1.57,0.03,0.6648,1.2112,0.1183,0.4385,1.585,0
2008-12-04,1.51,2.2946,-0.0426,-1.3277,0.6585,-0.0728,3.116,1.47,0.04,0.6159,1.1242,0.1075,0.4585,1.5187,0
2008-12-05,1.67,2.3439,-0.024,-1.268,0.7188,-0.1007,3.2647,1.79,-0.12,0.6948,1.1924,0.1972,0.5783,1.6022,0
2008-12-08,1.76,2.366,-0.0148,-1.2349,0.7479,-0.1042,3.4468,2.04,-0.28,0.7331,1.2297,0.2365,0.6344,1.6598,0
2008-12-09,1.61,2.3288,-0.0213,-1.2988,0.72,-0.1187,3.447,1.94,-0.33,0.6987,1.2076,0.1899,0.5211,1.5837,0
2008-12-10,1.62,2.3358,-0.0199,-1.3166,0.7396,-0.1189,3.5047,1.98,-0.36,0.7197,1.2381,0.2012,0.5008,1.5828,0
2008-12-11,1.55,2.3164,-0.0265,-1.3502,0.7192,-0.1089,3.4795,1.9,-0.35,0.6927,1.2167,0.1688,0.4422,1.544,0
2008-12-12,1.55,2.3154,-0.0299,-1.3635,0.7179,-0.0899,3.5727,1.93,-0.38,0.688,1.2156,0.1604,0.4243,1.5352,0
2008-12-15,1.5,2.2984,-0.0383,-1.3607,0.6853,-0.0848,3.6399,2.09,-0.59,0.647,1.1717,0.1224,0.4131,1.5204,0
2008-12-16,1.34,2.2461,-0.0477,-1.3882,0.6116,-0.0818,3.4833,1.64,-0.3,0.5639,1.0727,0.0551,0.3491,1.4211,0
2008-12-17,1.35,2.2005,-0.0347,-1.2231,0.4667,-0.0594,3.067,1.26,0.09,0.432,0.8204,0.0437,0.5891,1.3776,0
2008-12-18,1.26,2.1683,-0.0291,-1.2002,0.386,-0.065,3.0274,1.37,-0.11,0.3569,0.6842,0.0295,0.6408,1.3275,0
2008-12-19,1.35,2.1853,-0.0149,-1.1412,0.3985,-0.0777,3.1084,1.66,-0.31,0.3836,0.6893,0.0779,0.7384,1.3715,0
2008-12-22,1.4,2.1886,-0.0083,-1.0686,0.3787,-0.0904,3.1018,1.77,-0.37,0.3704,0.6508,0.0901,0.8396,1.4276,0
2008-12-23,1.53,2.192,-0.0023,-1.0463,0.38,0.0067,3.1143,1.8,-0.27,0.3777,0.649,0.1064,0.8744,1.4446,0
2008-12-24,1.54,2.1987,0.0032,-1.043,0.3922,-0.011,3.1326,1.81,-0.27,0.3954,0.664,0.1267,0.887,1.4527,0
2008-12-26,1.51,2.1865,0.0021,-1.0558,0.3731,0.0041,3.126,1.79,-0.28,0.3752,0.6368,0.1136,0.8692,1.4304,0
2008-12-29,1.45,2.1806,-0.007,-1.1248,0.3993,0.0019,3.1316,1.66,-0.21,0.3923,0.6976,0.087,0.7505,1.41,0
2008-12-30,1.47,2.1786,-0.0101,-1.109,0.3944,0.0162,3.1366,1.72,-0.25,0.3843,0.6913,0.0772,0.7625,1.4085,0
2008-12-31,1.55,2.2204,-0.0091,-1.1378,0.481,-0.0044,3.1947,1.81,-0.26,0.4719,0.8268,0.1169,0.7276,1.4721,0
2009-01-02,1.72,2.2777,0.0012,-1.1092,0.5737,-0.0233,3.2188,1.97,-0.25,0.5749,0.958,0.1917,0.7853,1.5726,0
2009-01-05,1.67,2.2852,-0.0095,-1.2115,0.6275,-0.0217,3.1918,1.86,-0.19,0.618,1.0625,0.1734,0.6292,1.5705,0
2009-01-06,1.68,2.2865,-0.0129,-1.2087,0.6263,-0.0112,3.0584,1.82,-0.14,0.6134,1.0602,0.1666,0.631,1.567,0
2009-01-07,1.66,2.2878,-0.0138,-1.2099,0.6248,-0.0289,2.9468,1.75,-0.09,0.611,1.0553,0.1667,0.6336,1.5619,0
2009-01-08,1.6,2.2756,-0.0161,-1.2158,0.5975,-0.0412,2.8052,1.68,-0.08,0.5814,1.0121,0.1507,0.6291,1.537,0
2009-01-09,1.51,2.2637,-0.0242,-1.2682,0.5953,-0.0566,2.7049,1.6,-0.09,0.5711,1.0204,0.1218,0.5462,1.5047,0
2009-01-12,1.45,2.2454,-0.0295,-1.2487,0.5463,-0.0636,2.6775,1.55,-0.1,0.5168,0.9414,0.0922,0.5721,1.4766,0
2009-01-13,1.44,2.2404,-0.0307,-1.2402,0.5339,-0.0634,2.6197,1.47,-0.03,0.5032,0.922,0.0845,0.5814,1.4711,0
2009-01-14,1.36,2.2184,-0.0338,-1.2252,0.4786,-0.078,2.7162,1.49,-0.13,0.4448,0.8319,0.0578,0.6061,1.4334,0
2009-01-15,1.36,2.2139,-0.0313,-1.1969,0.468,-0.0937,2.6705,1.46,-0.1,0.4367,0.8148,0.0586,0.6389,1.4369,0
2009-01-16,1.47,2.2465,-0.0238,-1.1931,0.5404,-0.1001,2.6054,1.47,0.0,0.5166,0.928,0.1053,0.6421,1.4947,0
2009-01-20,1.48,2.2629,-0.0246,-1.2334,0.5841,-0.109,2.5529,1.45,0.03,0.5595,1.0005,0.1185,0.5885,1.5151,0
2009-01-21,1.6,2.3175,-0.0214,-1.2641,0.6922,-0.1241,2.5853,1.56,0.04,0.6708,1.1659,0.1756,0.5582,1.5942,0
2009-01-22,1.61,2.3363,-0.0237,-1.3161,0.7481,-0.1346,2.5433,1.52,0.09,0.7244,1.2603,0.1885,0.4843,1.6085,0
2009-01-23,1.64,2.3473,-0.0209,-1.2825,0.7475,-0.1514,2.487,1.55,0.09,0.7266,1.2489,0.2043,0.5425,1.6327,0
2009-01-26,1.67,2.362,-0.0203,-1.2801,0.7762,-0.1678,2.4162,1.57,0.1,0.7559,1.2951,0.2167,0.5427,1.6699,0
2009-01-27,1.59,2.3306,-0.0215,-1.2536,0.7053,-0.1707,2.3284,1.44,0.15,0.6838,1.1811,0.1864,0.5796,1.6177,0
2009-01-28,1.7,2.3609,-0.0162,-1.2512,0.7681,-0.1616,2.2955,1.45,0.25,0.7519,1.2787,0.2251,0.5829,1.6756,0
2009-01-29,1.87,2.4011,-0.0061,-1.2174,0.8311,-0.1387,2.2208,1.57,0.3,0.825,1.3664,0.2835,0.6423,1.7558,0
2009-01-30,1.85,2.4005,-0.0057,-1.2347,0.8336,-0.1438,2.1168,1.47,0.38,0.8279,1.3716,0.2843,0.6222,1.7526,0
2009-02-02,1.75,2.3702,-0.0137,-1.2306,0.7694,-0.1453,2.1079,1.41,0.34,0.7557,1.2747,0.2368,0.6207,1.7092,0
2009-02-03,1.88,2.4026,-0.0077,-1.1959,0.8206,-0.1396,2.0893,1.45,0.43,0.8129,1.3473,0.2785,0.6723,1.774,0
2009-02-04,1.91,2.4132,-0.003,-1.1718,0.8304,-0.1588,2.062,1.4,0.51,0.8274,1.3558,0.2989,0.7129,1.7963,0
2009-02-05,1.89,2.413,-0.004,-1.177,0.8274,-0.1694,2.0875,1.38,0.51,0.8234,1.3511,0.2958,0.7083,1.7987,0
2009-02-06,1.97,2.4337,-0.0004,-1.1732,0.8719,-0.162,2.0065,1.27,0.7,0.8715,1.4209,0.3221,0.7111,1.8379,0
2009-02-09,1.99,2.4327,0.0026,-1.1301,0.8557,-0.1708,1.7872,1.06,0.93,0.8583,1.3905,0.3261,0.7704,1.8561,0
2009-02-10,1.79,2.3903,-0.013,-1.2178,0.7942,-0.1637,1.8674,1.03,0.76,0.7812,1.3088,0.2536,0.6449,1.7582,0
2009-02-11,1.76,2.3696,-0.0175,-1.1801,0.737,-0.149,1.9358,1.1,0.66,0.7195,1.2154,0.2236,0.6936,1.7304,0
2009-02-12,1.73,2.3588,-0.0196,-1.1982,0.7252,-0.1362,1.9922,1.22,0.51,0.7056,1.2012,0.21,0.665,1.7046,0
2009-02-13,1.88,2.3993,-0.0114,-1.1728,0.7948,-0.1299,1.9563,1.21,0.67,0.7834,1.303,0.2639,0.707,1.786,0
2009-02-17,1.65,2.3326,-0.0251,-1.1963,0.6688,-0.13,2.0104,1.2,0.45,0.6437,1.1158,0.1715,0.6642,1.6739,0
2009-02-18,1.81,2.3594,-0.0156,-1.1137,0.692,-0.112,2.0543,1.31,0.5,0.6764,1.1374,0.2153,0.7846,1.7426,0
2009-02-19,1.89,2.3913,-0.0095,-1.1311,0.7627,-0.1234,2.0266,1.27,0.62,0.7532,1.2487,0.2577,0.7647,1.7995,0
2009-02-20,1.81,2.3722,-0.0128,-1.1573,0.7326,-0.1246,2.0325,1.24,0.57,0.7198,1.2048,0.2347,0.7298,1.7543,0
2009-02-23,1.84,2.3724,-0.011,-1.1184,0.723,-0.1261,1.9994,1.24,0.6,0.712,1.1866,0.2375,0.7795,1.768,0
2009-02-24,1.89,2.3835,-0.0066,-1.0888,0.7205,-0.1186,2.1816,1.36,0.53,0.7139,1.1698,0.2579,0.8387,1.7903,0
2009-02-25,2.06,2.4183,0.0047,-1.0461,0.7743,-0.0912,2.2637,1.46,0.6,0.779,1.2438,0.3142,0.9074,1.8643,0
2009-02-26,2.07,2.4269,0.011,-1.0601,0.7985,-0.1063,2.2358,1.48,0.59,0.8095,1.2798,0.3392,0.8966,1.8679,0
2009-02-27,1.99,2.435,0.0041,-1.1651,0.8513,-0.1353,2.3062,1.41,0.58,0.8554,1.3778,0.333,0.7475,1.8511,0
2009-03-02,1.86,2.4032,-0.0101,-1.2213,0.8117,-0.1235,2.3242,1.34,0.52,0.8016,1.331,0.2721,0.6525,1.7799,0
2009-03-03,1.87,2.4095,-0.0112,-1.2028,0.8167,-0.1422,2.3541,1.45,0.42,0.8055,1.3356,0.2753,0.6765,1.7883,0
2009-03-04,1.97,2.4343,-0.0028,-1.1602,0.8475,-0.1488,2.3733,1.5,0.47,0.8447,1.3728,0.3165,0.746,1.8387,0
2009-03-05,1.82,2.3849,-0.006,-1.1569,0.7507,-0.1527,2.3699,1.4,0.42,0.7447,1.2227,0.2668,0.7501,1.7495,0
2009-03-06,1.83,2.3842,-0.0006,-1.1233,0.7386,-0.1689,2.4294,1.46,0.37,0.738,1.1974,0.2787,0.8015,1.7554,0
2009-03-09,1.9,2.3965,0.0018,-1.0992,0.7564,-0.1555,2.3951,1.52,0.38,0.7582,1.2246,0.2918,0.831,1.8022,0
2009-03-10,1.99,2.4241,0.0087,-1.078,0.8012,-0.166,2.4051,1.61,0.38,0.8099,1.2879,0.332,0.8682,1.856,0
2009-03-11,1.96,2.407,0.0105,-1.06,0.7595,-0.1571,2.3397,1.57,0.39,0.77,1.219,0.3211,0.8981,1.8311,0
2009-03-12,1.92,2.3834,0.0118,-1.0426,0.7149,-0.1476,2.1536,1.41,0.51,0.7267,1.1503,0.3031,0.9172,1.7979,0
2009-03-13,1.87,2.381,0.0082,-1.0963,0.7268,-0.1497,2.1505,1.37,0.5,0.735,1.1756,0.2944,0.8441,1.776,0
2009-03-16,1.91,2.4002,0.0081,-1.0956,0.7661,-0.1688,2.0818,1.35,0.56,0.7742,1.2385,0.3098,0.8403,1.8147,0
2009-03-17,2.0,2.4212,0.0137,-1.0667,0.7899,-0.1581,2.0718,1.41,0.59,0.8036,1.2653,0.3419,0.8928,1.8529,0
2009-03-18,1.54,2.2807,-0.0103,-1.1467,0.5619,-0.1456,1.7449,0.94,0.6,0.5516,0.9406,0.1625,0.745,1.5967,0
2009-03-19,1.64,2.2869,-0.0067,-1.0721,0.5451,-0.1132,1.66,0.98,0.66,0.5384,0.9016,0.1752,0.8516,1.6205,0
2009-03-20,1.66,2.2976,-0.0067,-1.0846,0.5611,-0.1074,1.732,1.03,0.63,0.5544,0.9243,0.1844,0.843,1.6382,0
2009-03-23,1.69,2.2994,-0.0043,-1.0681,0.5611,-0.0981,1.6828,1.05,0.64,0.5568,0.9223,0.1913,0.8658,1.6462,0
2009-03-24,1.7,2.2984,-0.0033,-1.0644,0.5624,-0.0931,1.6018,0.97,0.73,0.5591,0.9259,0.1923,0.8672,1.6494,0
2009-03-25,1.84,2.3317,0.0063,-1.0292,0.6129,-0.0817,1.589,1.02,0.82,0.6192,0.9935,0.2449,0.9282,1.709,0
2009-03-26,1.8,2.3157,0.0053,-1.0606,0.6005,-0.0609,1.4576,0.85,0.95,0.6058,0.9819,0.2296,0.879,1.674,0
2009-03-27,1.79,2.3226,0.0043,-1.0695,0.6085,-0.0759,1.5244,0.89,0.9,0.6128,0.9916,0.2339,0.8743,1.6798,0
2009-03-30,1.72,2.3073,-0.0042,-1.1027,0.5937,-0.074,1.5668,0.94,0.78,0.5895,0.9795,0.1994,0.8145,1.6523,0
2009-03-31,1.67,2.2997,-0.0137,-1.1365,0.592,-0.0715,1.6388,0.94,0.73,0.5783,0.9866,0.1701,0.755,1.6312,0
2009-04-01,1.65,2.286,-0.0149,-1.1065,0.5563,-0.0709,1.6041,0.93,0.72,0.5414,0.9277,0.1551,0.7932,1.6087,0
2009-04-02,1.74,2.3122,-0.0077,-1.0795,0.5939,-0.0789,1.6197,1.0,0.74,0.5862,0.9774,0.195,0.8415,1.6589,0
2009-04-03,1.87,2.3519,0.0039,-1.0472,0.6571,-0.0957,1.6117,1.07,0.8,0.661,1.0649,0.257,0.9008,1.736,0
2009-04-06,1.9,2.3656,0.0077,-1.071,0.6944,-0.0967,1.5593,1.02,0.88,0.7021,1.1248,0.2794,0.8719,1.7538,0
2009-04-07,1.87,2.3645,0.0057,-1.0953,0.6967,-0.1016,1.6078,1.07,0.8,0.7024,1.1299,0.2748,0.8417,1.7417,0
2009-04-08,1.83,2.3487,0.0047,-1.0834,0.6625,-0.1025,1.6123,1.05,0.78,0.6672,1.0757,0.2587,0.8568,1.715,0
2009-04-09,1.9,2.3712,0.0079,-1.0969,0.7122,-0.0944,1.6064,1.08,0.82,0.7201,1.1538,0.2864,0.8406,1.7516,0
2009-04-13,1.81,2.3503,0.0001,-1.1441,0.6909,-0.0872,1.5894,1.04,0.77,0.691,1.1314,0.2507,0.7658,1.7026,0
2009-04-14,1.71,2.3291,-0.0066,-1.1642,0.6575,-0.1058,1.5881,0.96,0.75,0.6509,1.085,0.2168,0.7308,1.6557,0
2009-04-15,1.71,2.3276,-0.0071,-1.1634,0.6553,-0.1024,1.5849,1.02,0.69,0.6482,1.0812,0.2151,0.7312,1.6479,0
2009-04-16,1.79,2.3498,-0.0006,-1.1445,0.6877,-0.1024,1.6433,1.06,0.73,0.6871,1.1231,0.2511,0.7693,1.6833,0
2009-04-17,1.91,2.3828,0.0075,-1.1129,0.737,-0.1044,1.6998,1.18,0.73,0.7445,1.1911,0.2979,0.8234,1.7537,0
2009-04-20,1.82,2.3558,0.0027,-1.1379,0.6943,-0.0949,1.7524,1.21,0.61,0.697,1.1308,0.2632,0.7841,1.7025,0
2009-04-21,1.87,2.3699,0.0063,-1.1236,0.7207,-0.1033,1.76,1.25,0.62,0.727,1.1701,0.2839,0.8032,1.7299,0
2009-04-22,1.92,2.383,0.0124,-1.1157,0.7447,-0.1044,1.7226,1.28,0.64,0.7571,1.2029,0.3113,0.8215,1.7481,0
2009-04-23,1.89,2.3741,0.0147,-1.1257,0.7374,-0.1106,1.6075,1.25,0.64,0.7521,1.1944,0.3099,0.8062,1.7293,0
2009-04-24,1.96,2.3946,0.0196,-1.1221,0.7725,-0.1047,1.576,1.23,0.73,0.7921,1.2444,0.3399,0.8203,1.7644,0
2009-04-27,1.87,2.3733,0.0131,-1.1582,0.7452,-0.1034,1.5735,1.12,0.75,0.7583,1.2101,0.3064,0.7633,1.7203,0
2009-04-28,1.97,2.3992,0.0166,-1.144,0.7898,-0.0916,1.5698,1.16,0.81,0.8064,1.2756,0.3371,0.7859,1.7678,0
2009-04-29,2.01,2.4175,0.0209,-1.1532,0.8314,-0.1065,1.5632,1.14,0.87,0.8523,1.3395,0.365,0.777,1.7891,0
2009-04-30,2.02,2.4286,0.019,-1.1857,0.8585,-0.1004,1.6326,1.2,0.82,0.8775,1.3835,0.3715,0.7369,1.7969,0
2009-05-01,2.03,2.4418,0.0162,-1.204,0.8867,-0.1107,1.7132,1.24,0.79,0.9029,1.4296,0.3762,0.7111,1.8154,0
2009-05-04,2.03,2.4327,0.014,-1.1716,0.8573,-0.1024,1.6871,1.19,0.84,0.8713,1.382,0.3607,0.7505,1.8148,0
2009-05-05,2.05,2.4352,0.0154,-1.1547,0.8558,-0.1017,1.6863,1.19,0.86,0.8712,1.3768,0.3656,0.7749,1.8247,0
2009-05-06,2.06,2.4343,0.0173,-1.1633,0.8604,-0.0887,1.6338,1.13,0.93,0.8777,1.3849,0.3705,0.7638,1.8169,0
2009-05-07,2.15,2.4645,0.0225,-1.1745,0.926,-0.0886,1.5528,1.1,1.05,0.9485,1.487,0.4101,0.7516,1.8653,0
2009-05-08,2.15,2.4684,0.0221,-1.1878,0.9289,-0.0817,1.5731,1.11,1.04,0.951,1.4885,0.4136,0.7432,1.8636,0
2009-05-11,2.04,2.4376,0.0127,-1.2245,0.886,-0.0718,1.5698,1.04,1.0,0.8987,1.4327,0.3647,0.6791,1.8025,0
2009-05-12,2.02,2.4337,0.0091,-1.2289,0.8812,-0.0751,1.5636,1.03,0.99,0.8903,1.4281,0.3525,0.667,1.7934,0
2009-05-13,1.98,2.4179,0.0054,-1.2307,0.851,-0.0636,1.5871,1.02,0.96,0.8564,1.3829,0.33,0.6607,1.763,0
2009-05-14,1.98,2.4157,0.0048,-1.2379,0.8527,-0.0553,1.6018,1.02,0.96,0.8575,1.3875,0.3276,0.6478,1.7532,0
2009-05-15,2.01,2.4225,0.0065,-1.2313,0.8678,-0.0555,1.5714,1.01,1.0,0.8743,1.4113,0.3373,0.6542,1.7684,0
2009-05-18,2.09,2.444,0.0123,-1.2066,0.9003,-0.06,1.5173,1.06,1.03,0.9126,1.4563,0.3689,0.6937,1.8155,0
2009-05-19,2.12,2.4525,0.0153,-1.2093,0.9191,-0.0577,1.4801,1.03,1.09,0.9344,1.4848,0.384,0.6928,1.8276,0
2009-05-20,2.05,2.4344,0.0117,-1.2303,0.8948,-0.0606,1.4333,0.96,1.09,0.9065,1.4521,0.3609,0.6585,1.787,0
2009-05-21,2.16,2.4753,0.0141,-1.2521,0.9827,-0.0601,1.448,1.03,1.13,0.9968,1.5911,0.4026,0.629,1.8532,0
2009-05-22,2.23,2.5017,0.0167,-1.2574,1.0317,-0.0627,1.4182,1.04,1.19,1.0484,1.6642,0.4326,0.6285,1.8929,0
2009-05-26,2.3,2.521,0.0206,-1.2448,1.0626,-0.0594,1.3759,1.05,1.25,1.0832,1.7076,0.4587,0.6518,1.9285,0
2009-05-27,2.43,2.5713,0.0263,-1.2745,1.1746,-0.0677,1.3426,1.06,1.37,1.2009,1.8834,0.5183,0.6142,2.0015,0
2009-05-28,2.46,2.5708,0.0265,-1.2558,1.1552,-0.0367,1.4135,1.13,1.33,1.1817,1.8451,0.5184,0.6516,2.0009,0
2009-05-29,2.34,2.5204,0.0207,-1.252,1.0623,-0.0114,1.3162,0.98,1.36,1.083,1.7063,0.4597,0.6451,1.9185,0
2009-06-01,2.55,2.5822,0.0301,-1.2566,1.1925,0.0019,1.2855,1.02,1.53,1.2226,1.9081,0.5371,0.6401,2.0217,0
2009-06-02,2.52,2.573,0.0318,-1.2532,1.1705,-0.0021,1.1903,0.93,1.59,1.2023,1.8705,0.5341,0.6516,2.0021,0
2009-06-03,2.43,2.5531,0.0266,-1.2741,1.1325,-0.0081,1.2437,0.93,1.5,1.1591,1.8132,0.505,0.6249,1.9596,0
2009-06-04,2.56,2.5941,0.0311,-1.2751,1.2158,-0.0059,1.2779,1.01,1.55,1.2469,1.9418,0.5519,0.624,2.0277,0
2009-06-05,2.85,2.6347,0.0592,-1.0421,1.1862,0.012,1.2161,1.14,1.71,1.2454,1.8432,0.6476,0.9948,2.1681,0
2009-06-08,2.95,2.6503,0.0782,-0.9784,1.1926,0.0073,1.2361,1.24,1.71,1.2708,1.837,0.7046,1.1057,2.2252,0
2009-06-09,2.86,2.6324,0.0798,-1.0425,1.1953,-0.005,1.1801,1.11,1.75,1.2751,1.8549,0.6954,1.0102,2.1797,0
2009-06-10,2.93,2.655,0.0866,-1.0338,1.235,-0.0129,1.1236,1.08,1.85,1.3216,1.9114,0.7319,1.0315,2.2197,0
2009-06-11,2.87,2.6363,0.0849,-1.0374,1.1937,-0.0075,1.1708,1.09,1.78,1.2786,1.8452,0.712,1.0323,2.1846,0
2009-06-12,2.81,2.6208,0.0838,-1.0391,1.1661,-0.0216,1.246,1.14,1.67,1.2499,1.8036,0.6963,1.0281,2.1545,0
2009-06-15,2.75,2.6014,0.0784,-1.0612,1.1421,-0.0107,1.2886,1.15,1.6,1.2205,1.775,0.666,0.9857,2.1202,0
2009-06-16,2.7,2.5809,0.0748,-1.0445,1.1002,-0.0114,1.332,1.17,1.53,1.175,1.7117,0.6384,0.9997,2.0914,0
2009-06-17,2.69,2.5818,0.0713,-1.0621,1.1123,-0.0133,1.4151,1.26,1.43,1.1836,1.7365,0.6307,0.9668,2.0912,0
2009-06-18,2.86,2.6262,0.0808,-1.0212,1.1914,-0.0172,1.3612,1.33,1.53,1.2722,1.8537,0.6908,1.0235,2.1818,0
2009-06-19,2.82,2.6127,0.0812,-1.0265,1.1652,-0.0126,1.3199,1.28,1.54,1.2464,1.8121,0.6807,1.0205,2.1554,0
2009-06-22,2.75,2.5905,0.0737,-1.0416,1.1278,-0.0004,1.3817,1.31,1.44,1.2015,1.7605,0.6425,0.9899,2.1194,0
2009-06-23,2.71,2.5712,0.0716,-1.0114,1.0856,-0.007,1.3716,1.28,1.43,1.1572,1.6949,0.6195,1.0221,2.0933,0
2009-06-24,2.74,2.5874,0.0768,-1.0051,1.1108,-0.0299,1.4606,1.4,1.34,1.1876,1.728,0.6472,1.0419,2.1165,0
2009-06-25,2.58,2.5427,0.0668,-1.0615,1.0479,-0.0159,1.4294,1.25,1.33,1.1147,1.6439,0.5854,0.952,2.0269,0
2009-06-26,2.53,2.5337,0.0627,-1.0647,1.0308,-0.0325,1.5223,1.32,1.21,1.0935,1.6194,0.5675,0.9431,2.0091,0
2009-06-29,2.53,2.5297,0.0584,-1.048,1.0196,-0.0297,1.5123,1.32,1.21,1.078,1.6056,0.5505,0.9541,2.0212,0
2009-06-30,2.54,2.5318,0.0586,-1.0404,1.0255,-0.0355,1.4119,1.2,1.34,1.0841,1.6157,0.5526,0.9599,2.0266,0
2009-07-01,2.51,2.537,0.0548,-1.0859,1.0481,-0.0441,1.4332,1.16,1.35,1.1029,1.6551,0.5508,0.899,2.0115,0
2009-07-02,2.43,2.5243,0.0469,-1.1217,1.0313,-0.0508,1.5044,1.16,1.27,1.0782,1.6341,0.5223,0.8467,1.9745,0
2009-07-06,2.4,2.5242,0.0421,-1.153,1.0437,-0.057,1.5581,1.18,1.22,1.0858,1.6588,0.5127,0.7981,1.9565,0
2009-07-07,2.36,2.5115,0.0404,-1.1429,1.0155,-0.0645,1.5268,1.14,1.22,1.0559,1.6147,0.4971,0.8098,1.9369,0
2009-07-08,2.23,2.4709,0.032,-1.1684,0.9428,-0.0473,1.554,1.11,1.12,0.9748,1.5074,0.4421,0.7699,1.8601,0
2009-07-09,2.33,2.5022,0.0356,-1.1671,1.0066,-0.0473,1.6046,1.23,1.1,1.0422,1.6061,0.4783,0.7712,1.9118,0
2009-07-10,2.22,2.4719,0.03,-1.183,0.9508,-0.0497,1.5955,1.16,1.06,0.9808,1.523,0.4387,0.7467,1.8554,0
2009-07-13,2.27,2.4869,0.0296,-1.1821,0.9815,-0.0459,1.6112,1.21,1.06,1.0111,1.5725,0.4498,0.7434,1.8862,0
2009-07-14,2.37,2.5197,0.0351,-1.1788,1.0467,-0.0526,1.5646,1.22,1.15,1.0818,1.6717,0.4919,0.751,1.9427,0
2009-07-15,2.52,2.5558,0.0475,-1.1385,1.1021,-0.0469,1.4771,1.25,1.27,1.1496,1.7462,0.553,0.8207,2.0142,0
2009-07-16,2.46,2.5456,0.0459,-1.175,1.092,-0.0485,1.4319,1.18,1.28,1.1379,1.7345,0.5412,0.7739,1.9885,0
2009-07-17,2.52,2.5657,0.0487,-1.1744,1.1341,-0.054,1.3742,1.15,1.37,1.1828,1.7999,0.5656,0.7741,2.0232,0
2009-07-20,2.46,2.5491,0.0449,-1.1841,1.1018,-0.0517,1.3173,1.06,1.4,1.1468,1.7516,0.5419,0.7601,1.9927,0
2009-07-21,2.36,2.5213,0.0371,-1.2007,1.0489,-0.0466,1.3581,1.03,1.33,1.086,1.6725,0.4995,0.7341,1.9383,0
2009-07-22,2.43,2.5392,0.0394,-1.1923,1.0854,-0.0417,1.371,1.09,1.34,1.1248,1.7289,0.5206,0.7427,1.9694,0
2009-07-23,2.6,2.5793,0.0526,-1.1367,1.1432,-0.0384,1.3415,1.17,1.43,1.1958,1.8054,0.5863,0.833,2.0524,0
2009-07-24,2.57,2.5758,0.0532,-1.1536,1.1382,-0.0436,1.3616,1.18,1.39,1.1914,1.7977,0.5851,0.8159,2.0441,0
2009-07-27,2.63,2.5894,0.0574,-1.1479,1.1625,-0.0314,1.3747,1.21,1.42,1.2199,1.8322,0.6075,0.8291,2.0667,0
2009-07-28,2.63,2.5834,0.0622,-1.1144,1.1343,-0.0355,1.4036,1.25,1.38,1.1965,1.7794,0.6135,0.886,2.0631,0
2009-07-29,2.69,2.5786,0.0705,-1.0557,1.1039,-0.0074,1.4315,1.3,1.39,1.1744,1.7209,0.628,0.9765,2.0716,0
2009-07-30,2.66,2.5672,0.0759,-1.0336,1.08,-0.0294,1.3895,1.28,1.38,1.1559,1.6817,0.63,1.0077,2.0643,0
2009-07-31,2.53,2.5269,0.0702,-1.0483,1.0056,-0.0244,1.4067,1.21,1.32,1.0758,1.5704,0.5812,0.984,1.9934,0
2009-08-03,2.66,2.5607,0.0777,-1.0146,1.067,-0.0308,1.4024,1.28,1.38,1.1447,1.6623,0.6271,1.0285,2.0656,0
2009-08-04,2.68,2.5695,0.0799,-1.0205,1.0839,-0.0328,1.3815,1.26,1.42,1.1638,1.6873,0.6403,1.0255,2.0806,0
2009-08-05,2.73,2.593,0.0833,-1.0316,1.1315,-0.0462,1.3711,1.29,1.44,1.2148,1.7601,0.6695,1.0161,2.1176,0
2009-08-06,2.73,2.5935,0.0835,-1.0347,1.1297,-0.042,1.4093,1.34,1.39,1.2132,1.7551,0.6712,1.0168,2.1133,0
2009-08-07,2.84,2.6184,0.0929,-0.9879,1.1635,-0.047,1.3491,1.36,1.48,1.2564,1.7987,0.7141,1.0882,2.172,0
2009-08-10,2.75,2.5942,0.0875,-1.018,1.1259,-0.0396,1.3663,1.33,1.42,1.2134,1.7464,0.6804,1.0432,2.126,0
2009-08-11,2.69,2.5718,0.0848,-1.0045,1.0803,-0.0424,1.3946,1.33,1.36,1.1651,1.6762,0.6541,1.0563,2.0887,0
2009-08-12,2.7,2.5825,0.083,-1.043,1.1182,-0.0407,1.4213,1.36,1.34,1.2012,1.7421,0.6603,0.9985,2.0969,0
2009-08-13,2.58,2.5496,0.0732,-1.0681,1.0621,-0.0368,1.4664,1.34,1.24,1.1353,1.6622,0.6084,0.9546,2.033,0
2009-08-14,2.51,2.5377,0.0666,-1.0917,1.0476,-0.0502,1.5584,1.38,1.13,1.1142,1.6454,0.5831,0.9148,2.0007,0
2009-08-17,2.43,2.5129,0.0588,-1.0945,1.0037,-0.0509,1.5648,1.35,1.08,1.0625,1.5833,0.5418,0.8977,1.9604,0
2009-08-18,2.48,2.5189,0.0606,-1.0761,1.0159,-0.0393,1.5088,1.32,1.16,1.0765,1.6024,0.5506,0.9169,1.9764,0
2009-08-19,2.43,2.5051,0.0584,-1.0908,0.9951,-0.0378,1.4463,1.23,1.2,1.0535,1.5729,0.5341,0.8949,1.9466,0
2009-08-20,2.43,2.4973,0.0596,-1.0706,0.9761,-0.0323,1.3319,1.13,1.3,1.0357,1.5417,0.5296,0.9206,1.9385,0
2009-08-21,2.58,2.5384,0.0718,-1.0258,1.0345,-0.0389,1.3213,1.22,1.36,1.1063,1.618,0.5945,1.0009,2.0185,0
2009-08-24,2.5,2.5182,0.0675,-1.0507,1.0034,-0.0384,1.3575,1.21,1.29,1.0709,1.5752,0.5666,0.9632,1.9804,0
2009-08-25,2.48,2.5092,0.0657,-1.0415,0.9806,-0.034,1.4343,1.27,1.21,1.0463,1.5383,0.5542,0.9757,1.9668,0
2009-08-26,2.46,2.5039,0.0669,-1.0274,0.9682,-0.0516,1.4366,1.26,1.2,1.0351,1.5177,0.5524,0.9939,1.959,0
2009-08-27,2.48,2.5111,0.0672,-1.0449,0.9906,-0.044,1.4532,1.27,1.21,1.0578,1.5557,0.5598,0.9683,1.969,0
2009-08-28,2.46,2.5076,0.0648,-1.0666,0.9917,-0.0375,1.4641,1.28,1.18,1.0565,1.5614,0.5516,0.9361,1.9554,0
2009-08-31,2.39,2.4936,0.0574,-1.0971,0.973,-0.0369,1.4998,1.27,1.12,1.0304,1.5386,0.5223,0.8884,1.9221,0
2009-09-01,2.33,2.4839,0.0498,-1.1299,0.9702,-0.044,1.4899,1.22,1.11,1.02,1.5434,0.4967,0.8307,1.8928,0
2009-09-02,2.26,2.4622,0.0443,-1.1224,0.9223,-0.0464,1.508,1.19,1.07,0.9666,1.4687,0.4646,0.8377,1.8518,0
2009-09-03,2.29,2.4691,0.0452,-1.1109,0.9364,-0.0498,1.4433,1.14,1.15,0.9816,1.491,0.4722,0.8488,1.8687,0
2009-09-04,2.36,2.4982,0.0493,-1.1229,0.9981,-0.0627,1.3718,1.12,1.24,1.0474,1.587,0.5079,0.8357,1.9159,0
2009-09-08,2.38,2.5038,0.0491,-1.1334,1.0111,-0.0507,1.2919,1.06,1.32,1.0602,1.6082,0.5122,0.8224,1.9242,0
2009-09-09,2.38,2.508,0.0491,-1.1425,1.0191,-0.0537,1.2644,1.02,1.36,1.0682,1.6192,0.5171,0.8145,1.9237,0
2009-09-10,2.29,2.4741,0.0449,-1.1269,0.9414,-0.0435,1.2877,0.97,1.32,0.9863,1.4955,0.4772,0.838,1.8654,0
2009-09-11,2.29,2.468,0.0458,-1.1111,0.9295,-0.0422,1.2786,0.93,1.36,0.9753,1.477,0.4735,0.8552,1.8608,0
2009-09-14,2.37,2.4864,0.0511,-1.097,0.9639,-0.0344,1.2619,0.96,1.41,1.015,1.5278,0.5023,0.8766,1.8959,0
2009-09-15,2.41,2.4999,0.0551,-1.0968,0.9892,-0.0375,1.215,0.96,1.45,1.0443,1.5648,0.5239,0.8827,1.9199,0
2009-09-16,2.46,2.5065,0.0621,-1.0659,0.989,-0.0317,1.1673,0.94,1.52,1.0511,1.556,0.5463,0.9357,1.9374,0
2009-09-17,2.41,2.4902,0.0606,-1.0685,0.9536,-0.0259,1.213,0.95,1.46,1.0142,1.4999,0.5285,0.936,1.9094,0
2009-09-18,2.49,2.5106,0.0674,-1.0418,0.9848,-0.0309,1.2571,1.04,1.45,1.0522,1.542,0.5624,0.979,1.9507,0
2009-09-21,2.47,2.5087,0.0676,-1.0588,0.9879,-0.0354,1.2928,1.08,1.39,1.0555,1.5496,0.5614,0.9558,1.9459,0
2009-09-22,2.45,2.5017,0.0651,-1.0777,0.9841,-0.0231,1.2708,1.03,1.42,1.0492,1.5489,0.5495,0.9243,1.931,0
2009-09-23,2.4,2.4957,0.0602,-1.1013,0.9824,-0.037,1.2591,1.0,1.4,1.0426,1.5522,0.533,0.8848,1.9134,0
2009-09-24,2.37,2.4853,0.0552,-1.1163,0.9641,-0.0184,1.3018,1.01,1.36,1.0193,1.5261,0.5125,0.8622,1.888,0
2009-09-25,2.36,2.4712,0.0563,-1.0685,0.9164,-0.0153,1.2895,1.0,1.36,0.9727,1.4441,0.5012,0.9312,1.8773,0
2009-09-28,2.33,2.4596,0.0576,-1.0621,0.8954,-0.0205,1.2827,0.98,1.35,0.953,1.4115,0.4944,0.9389,1.8587,0
2009-09-29,2.34,2.4601,0.0593,-1.0532,0.8931,-0.0193,1.2976,1.0,1.34,0.9524,1.4066,0.4983,0.9527,1.8651,0
2009-09-30,2.31,2.4561,0.0574,-1.079,0.901,-0.0255,1.256,0.94,1.37,0.9584,1.4257,0.491,0.9097,1.8521,0
2009-10-01,2.2,2.431,0.0504,-1.115,0.8632,-0.0296,1.257,0.87,1.33,0.9136,1.3734,0.4538,0.8562,1.7938,0
2009-10-02,2.22,2.4373,0.0499,-1.1119,0.8749,-0.0302,1.2784,0.89,1.33,0.9248,1.3914,0.4583,0.8589,1.8026,0
2009-10-05,2.21,2.4349,0.0498,-1.1083,0.8693,-0.0358,1.2649,0.89,1.32,0.9191,1.3823,0.4559,0.8634,1.7993,0
2009-10-06,2.25,2.4433,0.0523,-1.1004,0.8817,-0.0269,1.241,0.88,1.37,0.934,1.399,0.469,0.8779,1.8157,0
2009-10-07,2.16,2.4202,0.047,-1.125,0.8469,-0.0291,1.2126,0.81,1.35,0.8939,1.3511,0.4368,0.8381,1.77,0
2009-10-08,2.22,2.4395,0.0492,-1.1213,0.8838,-0.0312,1.2049,0.83,1.39,0.933,1.4075,0.4586,0.8438,1.8047,0
2009-10-09,2.36,2.4796,0.0582,-1.0954,0.9472,-0.0296,1.183,0.9,1.46,1.0054,1.4958,0.515,0.8938,1.88,0
2009-10-13,2.28,2.461,0.0534,-1.137,0.9304,-0.0278,1.1266,0.81,1.47,0.9838,1.4792,0.4883,0.8285,1.838,0
2009-10-14,2.36,2.4898,0.0565,-1.1404,0.9857,-0.0316,1.1061,0.85,1.51,1.0422,1.5628,0.5215,0.8287,1.8839,0
2009-10-15,2.41,2.5015,0.0599,-1.1301,1.0018,-0.0231,1.0824,0.85,1.56,1.0617,1.5834,0.5399,0.8496,1.9047,0
2009-10-16,2.37,2.4854,0.0588,-1.1133,0.961,-0.0219,1.0582,0.8,1.57,1.0198,1.5178,0.5219,0.8741,1.8866,0
2009-10-19,2.36,2.4775,0.0592,-1.0981,0.9442,-0.0228,0.9808,0.73,1.63,1.0034,1.4918,0.5149,0.8909,1.8821,0
2009-10-20,2.3,2.464,0.0549,-1.1171,0.9213,-0.0231,1.0112,0.73,1.57,0.9762,1.4592,0.4933,0.864,1.8526,0
2009-10-21,2.38,2.4828,0.0604,-1.0864,0.9467,-0.0235,1.0495,0.83,1.55,1.0071,1.4916,0.5226,0.9119,1.8899,0
2009-10-22,2.39,2.4894,0.0621,-1.1019,0.9638,-0.0234,1.1046,0.88,1.51,1.0259,1.518,0.5338,0.8954,1.8936,0
2009-10-23,2.46,2.5051,0.0682,-1.065,0.983,-0.0313,1.081,0.9,1.56,1.0512,1.5418,0.5606,0.9495,1.9352,0
2009-10-26,2.53,2.5267,0.0729,-1.0678,1.0239,-0.0257,1.0831,0.93,1.6,1.0968,1.6028,0.5908,0.9529,1.9724,0
2009-10-27,2.41,2.4979,0.0647,-1.1151,0.9878,-0.0252,1.0395,0.8,1.61,1.0525,1.558,0.547,0.8773,1.9115,0
2009-10-28,2.37,2.4862,0.0586,-1.1239,0.9688,-0.0198,1.0648,0.8,1.57,1.0274,1.5325,0.5224,0.8573,1.8857,0
2009-10-29,2.44,2.5083,0.0622,-1.1128,1.0108,-0.0284,1.0154,0.8,1.64,1.073,1.5955,0.5504,0.8729,1.9251,0
2009-10-30,2.31,2.477,0.0537,-1.1461,0.9594,-0.0341,0.9866,0.7,1.61,1.0131,1.5228,0.5035,0.8213,1.8613,0
2009-11-02,2.33,2.4822,0.0524,-1.1441,0.9695,-0.0299,0.9738,0.7,1.63,1.0219,1.5394,0.5043,0.8205,1.8717,0
2009-11-03,2.36,2.4978,0.0524,-1.1588,1.0049,-0.0363,0.9861,0.73,1.63,1.0573,1.5962,0.5185,0.8001,1.8936,0
2009-11-04,2.39,2.513,0.0523,-1.1847,1.0475,-0.0381,0.9411,0.69,1.7,1.0998,1.6668,0.5328,0.7614,1.9098,0
2009-11-05,2.35,2.5111,0.0477,-1.2187,1.0542,-0.0443,0.9047,0.64,1.71,1.1019,1.683,0.5208,0.7113,1.8965,0
2009-11-06,2.3,2.5041,0.0414,-1.2463,1.0491,-0.0483,0.8815,0.6,1.7,1.0905,1.6808,0.5002,0.6675,1.8761,0
2009-11-09,2.31,2.4991,0.0389,-1.2347,1.0352,-0.0285,0.8022,0.52,1.79,1.0741,1.6591,0.4891,0.6794,1.8706,0
2009-11-10,2.31,2.5025,0.0374,-1.2432,1.0411,-0.0278,0.8133,0.53,1.78,1.0785,1.6678,0.4891,0.6699,1.8707,0
2009-11-12,2.28,2.4953,0.034,-1.2558,1.0306,-0.0241,0.8564,0.55,1.73,1.0646,1.6544,0.4748,0.6497,1.854,0
2009-11-13,2.28,2.4879,0.0328,-1.2347,1.0093,-0.0153,0.859,0.55,1.73,1.0421,1.6195,0.4648,0.6758,1.8465,0
2009-11-16,2.19,2.457,0.0284,-1.2318,0.9531,-0.0167,0.8139,0.46,1.73,0.9815,1.5364,0.4265,0.6702,1.7974,0
2009-11-17,2.19,2.4549,0.0284,-1.2264,0.9484,-0.0153,0.8096,0.45,1.74,0.9768,1.5289,0.4247,0.6764,1.7935,0
2009-11-18,2.21,2.4628,0.0292,-1.2399,0.9725,-0.0146,0.7783,0.41,1.8,1.0017,1.569,0.4344,0.6556,1.8017,0
2009-11-19,2.18,2.4595,0.0267,-1.2555,0.969,-0.0197,0.7896,0.4,1.78,0.9957,1.565,0.4264,0.6346,1.7873,0
2009-11-20,2.2,2.463,0.028,-1.2447,0.9707,-0.017,0.7885,0.4,1.8,0.9987,1.5644,0.433,0.6526,1.7916,0
2009-11-23,2.2,2.4629,0.0286,-1.2411,0.9684,-0.0188,0.7647,0.38,1.82,0.997,1.5603,0.4338,0.6585,1.7956,0
2009-11-24,2.15,2.4465,0.0225,-1.2671,0.9447,0.0034,0.7912,0.34,1.81,0.9672,1.5293,0.4051,0.6173,1.7612,0
2009-11-25,2.11,2.4326,0.0212,-1.2497,0.9128,-0.0069,0.7779,0.3,1.81,0.934,1.4789,0.3891,0.638,1.743,0
2009-11-27,2.03,2.414,0.0155,-1.2653,0.882,-0.0162,0.8102,0.29,1.74,0.8975,1.4357,0.3593,0.6105,1.7073,0
2009-11-30,2.01,2.4088,0.011,-1.2756,0.8771,-0.0113,0.81,0.26,1.75,0.8881,1.4324,0.3437,0.5888,1.6971,0
2009-12-01,2.03,2.4238,0.01,-1.2921,0.9141,-0.0258,0.7646,0.23,1.8,0.9241,1.4934,0.3548,0.5624,1.7177,0
2009-12-02,2.09,2.4371,0.0139,-1.2644,0.9235,-0.0202,0.7757,0.27,1.82,0.9374,1.4993,0.3756,0.6109,1.744,0
2009-12-03,2.14,2.4572,0.0161,-1.2809,0.9686,-0.021,0.7849,0.32,1.82,0.9847,1.5707,0.3987,0.5903,1.7774,0
2009-12-04,2.24,2.486,0.0251,-1.2376,0.9996,-0.0331,0.8333,0.43,1.81,1.0247,1.605,0.4445,0.6681,1.8371,0
2009-12-07,2.19,2.474,0.0217,-1.2801,0.997,-0.0225,0.8211,0.38,1.81,1.0187,1.6103,0.427,0.6022,1.807,0
2009-12-08,2.12,2.4621,0.0146,-1.3207,0.9867,-0.0227,0.854,0.37,1.75,1.0013,1.6018,0.4007,0.5408,1.7736,0
2009-12-09,2.15,2.4712,0.015,-1.3153,1.0014,-0.0223,0.9023,0.44,1.71,1.0164,1.6226,0.4101,0.5497,1.7851,0
2009-12-10,2.19,2.4857,0.0163,-1.3164,1.0297,-0.0252,0.9159,0.46,1.73,1.046,1.666,0.4259,0.5492,1.8102,0
2009-12-11,2.26,2.501,0.0212,-1.2923,1.05,-0.0199,0.8814,0.47,1.79,1.0712,1.6922,0.4503,0.5878,1.8435,0
2009-12-14,2.3,2.5041,0.0271,-1.2536,1.0382,-0.0158,0.8299,0.46,1.84,1.0653,1.664,0.4665,0.6517,1.8591,0
2009-12-15,2.35,2.5141,0.0323,-1.2318,1.0488,-0.0134,0.7926,0.45,1.9,1.0811,1.6752,0.4871,0.6883,1.8841,0
2009-12-16,2.35,2.5144,0.0329,-1.2414,1.055,-0.0108,0.7666,0.42,1.93,1.0879,1.6869,0.4889,0.674,1.8836,0
2009-12-17,2.24,2.4853,0.0255,-1.2727,1.0112,-0.0093,0.776,0.36,1.88,1.0367,1.6264,0.4469,0.6229,1.822,0
2009-12-18,2.3,2.4999,0.0281,-1.2551,1.0351,-0.008,0.7752,0.38,1.92,1.0632,1.6611,0.4653,0.647,1.8522,0
2009-12-21,2.43,2.5359,0.0366,-1.2289,1.0926,-0.0062,0.7642,0.45,1.98,1.1292,1.7417,0.5167,0.6945,1.9209,0
2009-12-22,2.49,2.5547,0.0419,-1.2249,1.1254,-0.0071,0.7611,0.48,2.01,1.1673,1.7889,0.5457,0.7082,1.9574,0
2009-12-23,2.51,2.5602,0.046,-1.2147,1.1292,-0.0107,0.7724,0.49,2.02,1.1752,1.7897,0.5607,0.731,1.9676,0
2009-12-24,2.57,2.5753,0.0514,-1.1969,1.1488,-0.0086,0.7767,0.52,2.05,1.2002,1.8139,0.5864,0.7646,2.0001,0
2009-12-28,2.62,2.5817,0.0577,-1.1569,1.1441,-0.0067,0.7518,0.54,2.08,1.2018,1.7981,0.6055,0.8285,2.0273,0
2009-12-29,2.62,2.5741,0.0604,-1.1471,1.1272,0.0054,0.7248,0.52,2.1,1.1876,1.7706,0.6047,0.844,2.0214,0
2009-12-30,2.61,2.5692,0.0632,-1.1395,1.1178,-0.0007,0.7254,0.5,2.11,1.181,1.7548,0.6072,0.8559,2.0155,0
2009-12-31,2.69,2.5826,0.0707,-1.1039,1.1296,0.0109,0.7272,0.56,2.13,1.2003,1.7648,0.6358,0.9142,2.0505,0
2010-01-04,2.65,2.5803,0.0687,-1.1508,1.1475,0.0043,0.6859,0.52,2.13,1.2162,1.8017,0.6306,0.844,2.0341,0
2010-01-05,2.56,2.561,0.061,-1.1886,1.1255,0.0011,0.6768,0.44,2.12,1.1865,1.7764,0.5966,0.7825,1.9882,0
2010-01-06,2.6,2.5798,0.0616,-1.2023,1.1688,-0.0079,0.6725,0.44,2.16,1.2304,1.8451,0.6157,0.7628,2.0095,0
2010-01-07,2.62,2.5812,0.0632,-1.1808,1.1609,-0.0045,0.6677,0.43,2.19,1.2241,1.8278,0.6203,0.7967,2.0166,0
2010-01-08,2.57,2.5738,0.0597,-1.2109,1.1644,-0.017,0.6238,0.39,2.18,1.2241,1.8417,0.6064,0.7452,1.9956,0
2010-01-11,2.58,2.58,0.058,-1.2307,1.1796,-0.0069,0.6592,0.46,2.12,1.2376,1.866,0.6092,0.7209,1.994,0
2010-01-12,2.49,2.549,0.0525,-1.217,1.1136,-0.0082,0.6506,0.34,2.15,1.1661,1.7643,0.568,0.7339,1.9444,0
2010-01-13,2.55,2.5679,0.0553,-1.2063,1.1462,-0.013,0.6943,0.42,2.13,1.2015,1.8123,0.5906,0.7507,1.9818,0
2010-01-14,2.51,2.5525,0.0529,-1.2092,1.1196,-0.0058,0.6595,0.39,2.12,1.1725,1.7735,0.5716,0.7423,1.9524,0
2010-01-15,2.44,2.5384,0.0474,-1.2253,1.0996,-0.0201,0.6336,0.34,2.1,1.147,1.7481,0.546,0.7121,1.9265,0
2010-01-19,2.48,2.546,0.0499,-1.2056,1.1083,-0.0186,0.6243,0.39,2.09,1.1582,1.7578,0.5586,0.7408,1.9408,0
2010-01-20,2.45,2.5324,0.0491,-1.1981,1.0781,-0.0115,0.6246,0.36,2.09,1.1272,1.7099,0.5445,0.7516,1.9202,0
2010-01-21,2.38,2.5159,0.0441,-1.2163,1.0539,-0.0176,0.6472,0.4,1.98,1.098,1.6779,0.5182,0.7198,1.8881,0
2010-01-22,2.37,2.5131,0.0421,-1.2109,1.0479,-0.0222,0.6799,0.42,1.95,1.09,1.6692,0.5109,0.723,1.882,0
2010-01-25,2.39,2.5223,0.0422,-1.2177,1.0688,-0.0255,0.6773,0.42,1.97,1.111,1.7026,0.5194,0.713,1.8956,0
2010-01-26,2.38,2.5206,0.0418,-1.2202,1.0656,-0.0278,0.6556,0.41,1.97,1.1074,1.6979,0.5169,0.7099,1.8927,0
2010-01-27,2.43,2.5268,0.0443,-1.1928,1.0639,-0.0122,0.6901,0.47,1.96,1.1082,1.6892,0.5273,0.753,1.9136,0
2010-01-28,2.41,2.5287,0.0433,-1.224,1.0845,-0.0225,0.6922,0.47,1.94,1.1278,1.7284,0.5272,0.704,1.9103,0
2010-01-29,2.34,2.5145,0.039,-1.2365,1.0626,-0.0396,0.6739,0.43,1.91,1.1016,1.6985,0.5047,0.6811,1.8822,0
2010-02-01,2.38,2.5247,0.0388,-1.2359,1.0835,-0.0312,0.6291,0.39,1.99,1.1223,1.7323,0.5123,0.6788,1.9041,0
2010-02-02,2.37,2.5221,0.0373,-1.2393,1.0778,-0.0278,0.5969,0.35,2.02,1.1151,1.7237,0.5064,0.6741,1.899,0
2010-02-03,2.4,2.5375,0.0383,-1.2489,1.1102,-0.0371,0.5905,0.35,2.05,1.1485,1.7744,0.5227,0.6628,1.9226,0
2010-02-04,2.29,2.5103,0.0305,-1.2701,1.0619,-0.0427,0.6224,0.3,1.99,1.0924,1.704,0.4809,0.6287,1.8661,0
2010-02-05,2.23,2.5001,0.0228,-1.2924,1.0478,-0.0483,0.7015,0.34,1.89,1.0706,1.6877,0.4535,0.5906,1.8427,0
2010-02-08,2.26,2.5056,0.0229,-1.2785,1.056,-0.046,0.7115,0.35,1.91,1.0789,1.6996,0.4582,0.6064,1.8543,0
2010-02-09,2.32,2.5202,0.0266,-1.2657,1.0784,-0.0394,0.6989,0.38,1.94,1.105,1.7307,0.4792,0.6287,1.8857,0
2010-02-10,2.39,2.5391,0.0318,-1.2466,1.1017,-0.036,0.7216,0.42,1.97,1.1335,1.7593,0.5077,0.6667,1.9245,0
2010-02-11,2.39,2.5435,0.0324,-1.2633,1.1151,-0.0376,0.7343,0.43,1.96,1.1475,1.7811,0.5138,0.6465,1.9261,0
2010-02-12,2.35,2.5339,0.0288,-1.2842,1.1067,-0.0352,0.735,0.39,1.96,1.1355,1.7739,0.4971,0.6113,1.9045,0
2010-02-16,2.32,2.5257,0.0257,-1.2913,1.0966,-0.0367,0.7154,0.37,1.95,1.1223,1.762,0.4826,0.5947,1.8884,0
2010-02-17,2.4,2.5468,0.0309,-1.272,1.1317,-0.0373,0.7058,0.39,2.01,1.1626,1.8118,0.5133,0.6255,1.9288,0
2010-02-18,2.46,2.5631,0.0359,-1.2613,1.1579,-0.0357,0.6868,0.44,2.02,1.1938,1.8481,0.5396,0.6476,1.9584,0
2010-02-19,2.48,2.5648,0.0404,-1.2189,1.1374,-0.0437,0.7275,0.51,1.97,1.1778,1.8051,0.5505,0.7187,1.9749,0
2010-02-22,2.47,2.5662,0.0397,-1.251,1.1583,-0.0433,0.7645,0.55,1.92,1.198,1.8452,0.5509,0.6681,1.9706,0
2010-02-23,2.37,2.5367,0.0332,-1.2524,1.0988,-0.0463,0.7741,0.47,1.9,1.132,1.755,0.509,0.6613,1.9213,0
2010-02-24,2.4,2.5375,0.0329,-1.2517,1.1052,-0.0239,0.7912,0.5,1.9,1.1381,1.7672,0.509,0.6567,1.9213,0
2010-02-25,2.33,2.5231,0.0279,-1.2721,1.0846,-0.0336,0.8313,0.5,1.83,1.1125,1.7404,0.4847,0.6232,1.8921,0
2010-02-26,2.3,2.5124,0.0251,-1.2645,1.0616,-0.0346,0.8164,0.47,1.83,1.0867,1.705,0.4683,0.6296,1.874,0
2010-03-01,2.28,2.5107,0.0226,-1.2792,1.065,-0.0391,0.8128,0.45,1.83,1.0876,1.7141,0.4611,0.6051,1.8682,0
2010-03-02,2.27,2.5109,0.0203,-1.2914,1.0697,-0.0395,0.8013,0.44,1.83,1.09,1.7242,0.4559,0.5854,1.865,0
2010-03-03,2.27,2.5136,0.0202,-1.2894,1.0719,-0.0463,0.7916,0.43,1.84,1.0921,1.7261,0.4581,0.5902,1.8698,0
2010-03-04,2.28,2.5077,0.0235,-1.2534,1.0446,-0.0423,0.7894,0.44,1.84,1.0681,1.6762,0.4599,0.6461,1.8691,0
2010-03-05,2.35,2.5281,0.0292,-1.2485,1.0832,-0.0421,0.7687,0.46,1.89,1.1124,1.7339,0.4909,0.6581,1.9105,0
2010-03-08,2.36,2.5353,0.0291,-1.2633,1.1017,-0.0428,0.7712,0.49,1.87,1.1308,1.7647,0.497,0.6381,1.9213,0
2010-03-09,2.34,2.5325,0.0271,-1.2685,1.095,-0.0461,0.7645,0.46,1.88,1.1221,1.7542,0.49,0.6319,1.914,0
2010-03-10,2.39,2.5384,0.0309,-1.2409,1.0968,-0.0352,0.7528,0.48,1.91,1.1277,1.7516,0.5037,0.6736,1.9302,0
2010-03-11,2.43,2.5407,0.0364,-1.1996,1.0839,-0.0313,0.7454,0.54,1.89,1.1203,1.7227,0.5178,0.7386,1.9473,0
2010-03-12,2.42,2.5325,0.0388,-1.1835,1.0653,-0.0331,0.7071,0.49,1.93,1.1041,1.6928,0.5154,0.7603,1.9428,0
2010-03-15,2.42,2.5329,0.0393,-1.1824,1.0647,-0.0345,0.7128,0.49,1.93,1.104,1.6917,0.5163,0.7628,1.9474,0
2010-03-16,2.37,2.519,0.0367,-1.186,1.0406,-0.0402,0.7036,0.45,1.92,1.0773,1.6567,0.4978,0.7535,1.9239,0
2010-03-17,2.38,2.5141,0.0383,-1.1686,1.0281,-0.0319,0.6966,0.42,1.96,1.0664,1.6354,0.4973,0.7765,1.9181,0
2010-03-18,2.44,2.5236,0.0432,-1.1365,1.0327,-0.023,0.7254,0.52,1.92,1.0759,1.6358,0.516,0.8272,1.9469,0
2010-03-19,2.48,2.5286,0.0495,-1.1053,1.0302,-0.023,0.7794,0.62,1.86,1.0797,1.6241,0.5353,0.8789,1.9623,0
2010-03-22,2.43,2.5183,0.0492,-1.1176,1.0141,-0.034,0.7692,0.61,1.82,1.0633,1.601,0.5256,0.863,1.9452,0
2010-03-23,2.44,2.5212,0.0499,-1.1336,1.0296,-0.0271,0.7743,0.64,1.8,1.0795,1.6286,0.5304,0.8386,1.9469,0
2010-03-24,2.62,2.5627,0.0624,-1.0672,1.0777,-0.0156,0.802,0.73,1.89,1.1401,1.6838,0.5964,0.9518,2.0269,0
2010-03-25,2.65,2.5821,0.066,-1.0947,1.1289,-0.0323,0.8032,0.78,1.87,1.1949,1.7672,0.6225,0.915,2.058,0
2010-03-26,2.59,2.5708,0.0615,-1.1212,1.1152,-0.0363,0.7967,0.73,1.86,1.1767,1.7511,0.6024,0.8752,2.0314,0
2010-03-29,2.6,2.5746,0.0608,-1.1072,1.1134,-0.0416,0.8279,0.75,1.85,1.1742,1.7443,0.6041,0.8973,2.0367,0
2010-03-30,2.6,2.5745,0.0608,-1.1101,1.1171,-0.0423,0.8333,0.77,1.83,1.1779,1.7519,0.6039,0.8904,2.0369,0
2010-03-31,2.55,2.5625,0.0573,-1.1269,1.1054,-0.0484,0.7773,0.72,1.83,1.1627,1.7404,0.5851,0.858,2.0136,0
2010-04-01,2.59,2.5732,0.0595,-1.1115,1.1165,-0.0477,0.773,0.74,1.85,1.176,1.7523,0.5997,0.8855,2.0342,0
2010-04-02,2.67,2.5958,0.0651,-1.0966,1.1506,-0.0449,0.7994,0.81,1.86,1.2157,1.7991,0.6323,0.9158,2.0786,0
2010-04-05,2.75,2.6101,0.0715,-1.0737,1.1738,-0.0317,0.7758,0.83,1.92,1.2453,1.8317,0.659,0.95,2.1161,0
2010-04-06,2.71,2.6003,0.0708,-1.0805,1.1541,-0.0347,0.734,0.68,2.03,1.2249,1.8006,0.6492,0.9441,2.0963,0
2010-04-07,2.62,2.5728,0.0655,-1.0865,1.104,-0.0358,0.6831,0.58,2.04,1.1695,1.7263,0.6127,0.9295,2.0447,0
2010-04-08,2.64,2.5819,0.0664,-1.085,1.1218,-0.045,0.6992,0.69,1.95,1.1882,1.7529,0.6234,0.9321,2.057,0
2010-04-09,2.65,2.5787,0.0666,-1.0813,1.1145,-0.0285,0.6919,0.68,1.97,1.1811,1.7411,0.621,0.9374,2.0521,0
2010-04-12,2.6,2.5656,0.0639,-1.0861,1.0896,-0.033,0.6831,0.65,1.95,1.1535,1.704,0.603,0.929,2.0291,0
2010-04-13,2.58,2.5585,0.0627,-1.091,1.0797,-0.0299,0.6863,0.65,1.93,1.1424,1.6912,0.5936,0.9187,2.0188,0
2010-04-14,2.61,2.5692,0.0638,-1.0943,1.1028,-0.0315,0.6854,0.66,1.95,1.1666,1.7275,0.6057,0.914,2.0355,0
2010-04-15,2.57,2.5629,0.0608,-1.1174,1.0991,-0.0354,0.6719,0.61,1.96,1.1599,1.726,0.5938,0.8794,2.017,0
2010-04-16,2.49,2.5448,0.0537,-1.1321,1.064,-0.0404,0.6796,0.59,1.9,1.1177,1.6739,0.5615,0.8565,1.9793,0
2010-04-19,2.54,2.5556,0.0558,-1.1123,1.0797,-0.0388,0.6959,0.63,1.91,1.1355,1.6955,0.5756,0.8834,2.0007,0
2010-04-20,2.56,2.5541,0.0586,-1.0849,1.0676,-0.0354,0.6758,0.6,1.96,1.1262,1.6723,0.5801,0.9231,2.0074,0
2010-04-21,2.52,2.5381,0.0587,-1.0808,1.0357,-0.0317,0.6471,0.57,1.95,1.0944,1.6226,0.5662,0.9291,1.9827,0
2010-04-22,2.57,2.5501,0.0631,-1.0557,1.0483,-0.0358,0.6713,0.62,1.95,1.1114,1.6363,0.5865,0.9695,2.0106,0
2010-04-23,2.61,2.5585,0.0679,-1.0379,1.06,-0.0386,0.6445,0.62,1.99,1.1279,1.6512,0.6046,0.9973,2.034,0
2010-04-26,2.6,2.5562,0.0674,-1.0535,1.0599,-0.0299,0.6473,0.6,2.0,1.1273,1.6531,0.6015,0.9769,2.0285,0
2010-04-27,2.46,2.5215,0.0568,-1.1075,1.0164,-0.0272,0.6347,0.46,2.0,1.0732,1.5998,0.5467,0.8874,1.9571,0
2010-04-28,2.53,2.5425,0.0606,-1.0705,1.0447,-0.0473,0.6193,0.53,2.0,1.1053,1.6367,0.5739,0.9406,1.9962,0
2010-04-29,2.49,2.5308,0.0582,-1.0929,1.0324,-0.0385,0.5506,0.43,2.06,1.0906,1.6227,0.5584,0.9058,1.9712,0
2010-04-30,2.43,2.5154,0.0526,-1.0961,0.9979,-0.0397,0.5669,0.42,2.01,1.0505,1.5695,0.5314,0.9002,1.9431,0
2010-05-03,2.47,2.5232,0.0544,-1.0793,1.0104,-0.0386,0.5867,0.47,2.0,1.0648,1.588,0.5415,0.9206,1.9634,0
2010-05-04,2.38,2.4997,0.0495,-1.0906,0.9672,-0.0459,0.6239,0.44,1.94,1.0167,1.5239,0.5096,0.902,1.9191,0
2010-05-05,2.31,2.4875,0.0428,-1.1453,0.9701,-0.0451,0.6535,0.42,1.89,1.0129,1.5416,0.4842,0.8135,1.8833,0
2010-05-06,2.13,2.4451,0.0325,-1.1833,0.9042,-0.0685,0.7034,0.34,1.79,0.9367,1.4481,0.4253,0.7504,1.7865,0
2010-05-07,2.17,2.4554,0.0324,-1.1608,0.9126,-0.0697,0.7335,0.42,1.75,0.945,1.4579,0.4322,0.7818,1.8155,0
2010-05-10,2.27,2.4816,0.0374,-1.133,0.9559,-0.072,0.6903,0.42,1.85,0.9933,1.5206,0.4661,0.8214,1.8701,0
2010-05-11,2.26,2.4817,0.0353,-1.1505,0.9599,-0.0664,0.6671,0.4,1.86,0.9952,1.5294,0.461,0.797,1.8682,0
2010-05-12,2.29,2.4905,0.0377,-1.1416,0.9741,-0.0707,0.6157,0.37,1.92,1.0118,1.5488,0.4748,0.8119,1.8829,0
2010-05-13,2.27,2.4853,0.0366,-1.1397,0.9582,-0.0704,0.6316,0.38,1.89,0.9948,1.5218,0.4678,0.8186,1.8723,0
2010-05-14,2.16,2.4567,0.0271,-1.1819,0.9194,-0.0613,0.6729,0.33,1.83,0.9465,1.4727,0.4204,0.7486,1.815,0
2010-05-17,2.2,2.4658,0.0266,-1.1719,0.9357,-0.0562,0.7133,0.39,1.81,0.9623,1.498,0.4266,0.7582,1.833,0
2010-05-18,2.11,2.4397,0.0208,-1.173,0.885,-0.0625,0.7062,0.34,1.77,0.9058,1.4221,0.3896,0.7504,1.7878,0
2010-05-19,2.13,2.4393,0.0225,-1.1402,0.8676,-0.0592,0.7895,0.43,1.7,0.8901,1.3875,0.3926,0.8016,1.7936,0
2010-05-20,2.04,2.412,0.018,-1.154,0.819,-0.0551,0.8957,0.46,1.58,0.837,1.3159,0.3581,0.7791,1.745,0
2010-05-21,2.02,2.3967,0.0187,-1.1321,0.7913,-0.0545,0.8539,0.41,1.61,0.81,1.2751,0.3449,0.7995,1.7311,0
2010-05-24,2.04,2.4038,0.0213,-1.121,0.799,-0.0631,0.8635,0.42,1.62,0.8203,1.2836,0.357,0.8195,1.7464,0
2010-05-25,2.01,2.3937,0.0226,-1.1154,0.774,-0.0649,0.9328,0.44,1.57,0.7966,1.2418,0.3513,0.8331,1.7322,0
2010-05-26,2.06,2.3989,0.0291,-1.0741,0.7734,-0.0673,0.8965,0.44,1.62,0.8025,1.2349,0.37,0.8923,1.7549,0
2010-05-27,2.18,2.4336,0.0381,-1.0661,0.8407,-0.0663,0.8403,0.46,1.72,0.8788,1.3355,0.4222,0.9109,1.817,0
2010-05-28,2.1,2.425,0.0315,-1.1116,0.831,-0.0759,0.8784,0.41,1.69,0.8625,1.3241,0.4009,0.8518,1.7844,0
2010-06-01,2.09,2.4207,0.0283,-1.1151,0.8239,-0.0678,0.893,0.41,1.68,0.8522,1.3153,0.389,0.8424,1.7765,0
2010-06-02,2.14,2.4364,0.0314,-1.1093,0.8548,-0.0733,0.8926,0.43,1.71,0.8862,1.3618,0.4106,0.8514,1.8026,0
2010-06-03,2.17,2.4439,0.0331,-1.1168,0.8764,-0.0665,0.8144,0.4,1.77,0.9095,1.3975,0.4215,0.8391,1.8141,0
2010-06-04,1.98,2.3984,0.0199,-1.1585,0.795,-0.0748,0.8816,0.32,1.66,0.8149,1.2791,0.3506,0.7757,1.7257,0
2010-06-07,1.95,2.3875,0.0164,-1.1621,0.7804,-0.0722,0.9,0.31,1.64,0.7968,1.261,0.3326,0.7612,1.7059,0
2010-06-08,1.98,2.3904,0.0188,-1.1501,0.7828,-0.0618,0.9318,0.36,1.62,0.8016,1.262,0.3412,0.7799,1.7094,0
2010-06-09,1.99,2.3924,0.021,-1.1513,0.7883,-0.0605,0.9117,0.36,1.63,0.8093,1.2695,0.3492,0.781,1.708,0
2010-06-10,2.12,2.4277,0.0291,-1.1276,0.8468,-0.056,0.9025,0.44,1.68,0.8759,1.3524,0.3994,0.8237,1.7725,0
2010-06-11,2.03,2.4031,0.0259,-1.1416,0.7997,-0.0572,0.8919,0.38,1.65,0.8256,1.2799,0.3713,0.8072,1.723,0
2010-06-14,2.07,2.4143,0.0284,-1.1436,0.8254,-0.0545,0.8843,0.38,1.69,0.8538,1.3198,0.3877,0.8047,1.7395,0
2010-06-15,2.1,2.4261,0.0307,-1.1441,0.8481,-0.0607,0.872,0.42,1.68,0.8788,1.3543,0.4033,0.8065,1.7617,0
2010-06-16,2.06,2.4123,0.0278,-1.1406,0.8186,-0.0581,0.8748,0.39,1.67,0.8464,1.3088,0.3839,0.8093,1.7402,0
2010-06-17,2.01,2.3942,0.025,-1.1446,0.7888,-0.0534,0.8483,0.33,1.68,0.8138,1.2663,0.3613,0.797,1.7082,0
2010-06-18,2.04,2.4024,0.0262,-1.1377,0.8046,-0.0555,0.8347,0.35,1.69,0.8308,1.2908,0.3708,0.8047,1.7262,0
2010-06-21,2.05,2.408,0.0264,-1.1432,0.8171,-0.0584,0.8369,0.34,1.71,0.8435,1.3107,0.3764,0.7977,1.7343,0
2010-06-22,1.98,2.3863,0.0216,-1.1419,0.7709,-0.0569,0.834,0.3,1.68,0.7925,1.2398,0.3453,0.7971,1.699,0
2010-06-23,1.93,2.3708,0.016,-1.1445,0.7397,-0.052,0.8641,0.29,1.64,0.7557,1.1937,0.3177,0.7882,1.673,0
2010-06-24,1.93,2.3747,0.0134,-1.1629,0.7569,-0.0522,0.8968,0.33,1.6,0.7703,1.2256,0.3151,0.7566,1.6759,0
2010-06-25,1.9,2.3689,0.0093,-1.1775,0.7534,-0.0541,0.8871,0.29,1.61,0.7627,1.2254,0.3,0.7287,1.6646,0
2010-06-28,1.83,2.3481,0.0021,-1.1872,0.7154,-0.0484,0.8895,0.26,1.57,0.7175,1.1715,0.2635,0.7069,1.6319,0
2010-06-29,1.78,2.3299,-0.0021,-1.1726,0.673,-0.0481,0.9001,0.24,1.54,0.6709,1.105,0.2367,0.7231,1.6029,0
2010-06-30,1.79,2.3272,-0.002,-1.1572,0.6627,-0.0407,0.9166,0.25,1.54,0.6607,1.0872,0.2341,0.7435,1.6027,0
2010-07-01,1.8,2.3269,-0.0,-1.136,0.6524,-0.0433,0.9891,0.32,1.48,0.6524,1.0664,0.2383,0.7768,1.607,0
2010-07-02,1.82,2.3372,0.002,-1.1459,0.6793,-0.0526,1.0216,0.34,1.48,0.6813,1.1104,0.2522,0.7622,1.6239,0
2010-07-06,1.76,2.3228,-0.0017,-1.1709,0.6604,-0.0506,1.0572,0.35,1.41,0.6587,1.086,0.2314,0.7246,1.5929,0
2010-07-07,1.79,2.336,-0.0011,-1.1929,0.6982,-0.0502,1.0802,0.39,1.4,0.6971,1.149,0.2452,0.6912,1.609,0
2010-07-08,1.8,2.3426,-0.0,-1.2038,0.7196,-0.0585,1.0258,0.37,1.43,0.7196,1.1849,0.2544,0.6736,1.6155,0
2010-07-09,1.85,2.3537,0.0021,-1.1868,0.7292,-0.0482,0.9977,0.38,1.47,0.7313,1.1937,0.2689,0.7045,1.6369,0
2010-07-12,1.85,2.354,0.0027,-1.1929,0.7309,-0.0448,0.983,0.37,1.48,0.7336,1.1969,0.2704,0.6979,1.6381,0
2010-07-13,1.9,2.3688,0.0064,-1.1793,0.7551,-0.051,0.9695,0.39,1.51,0.7615,1.2304,0.2925,0.7205,1.6651,0
2010-07-14,1.82,2.3498,0.0016,-1.205,0.7272,-0.0536,0.963,0.34,1.48,0.7288,1.1925,0.2651,0.6811,1.6247,0
2010-07-15,1.76,2.3306,-0.0045,-1.2211,0.6963,-0.0413,0.9925,0.33,1.43,0.6918,1.1503,0.2332,0.6509,1.5915,0
2010-07-16,1.7,2.3182,-0.0102,-1.2436,0.6783,-0.0426,1.0648,0.34,1.36,0.6681,1.1271,0.209,0.6155,1.5632,0
2010-07-19,1.73,2.3252,-0.0112,-1.2422,0.6945,-0.0363,1.1008,0.39,1.34,0.6833,1.1542,0.2125,0.6121,1.5764,0
2010-07-20,1.71,2.322,-0.012,-1.2498,0.6939,-0.0441,1.1007,0.39,1.32,0.6819,1.1557,0.2081,0.5984,1.5679,0
2010-07-21,1.66,2.3005,-0.0141,-1.2321,0.6457,-0.0399,1.0616,0.32,1.34,0.6316,1.0794,0.1838,0.6206,1.5354,0
2010-07-22,1.69,2.3134,-0.014,-1.2473,0.68,-0.0421,1.0409,0.32,1.37,0.666,1.1368,0.1952,0.5953,1.557,0
2010-07-23,1.75,2.3309,-0.0115,-1.2413,0.7099,-0.038,1.0433,0.36,1.39,0.6984,1.1801,0.2167,0.6079,1.5855,0
2010-07-26,1.76,2.3341,-0.0097,-1.2291,0.7075,-0.0428,1.0346,0.36,1.4,0.6978,1.1718,0.2238,0.6311,1.5924,0
2010-07-27,1.82,2.3481,-0.005,-1.2152,0.73,-0.0379,1.0203,0.38,1.44,0.725,1.2032,0.2467,0.6547,1.6231,0
2010-07-28,1.75,2.332,-0.011,-1.2584,0.7116,-0.0242,1.0054,0.29,1.46,0.7006,1.1818,0.2193,0.5924,1.5848,0
2010-07-29,1.7,2.3282,-0.0169,-1.2961,0.7203,-0.0354,0.9957,0.25,1.45,0.7034,1.2044,0.2024,0.5311,1.5692,0
2010-07-30,1.6,2.3015,-0.0251,-1.2982,0.6652,-0.0434,0.9804,0.17,1.43,0.6401,1.1211,0.1592,0.5223,1.5193,0
2010-08-02,1.64,2.3139,-0.0251,-1.3024,0.6957,-0.0421,0.9374,0.14,1.5,0.6706,1.1711,0.1701,0.511,1.5394,0
2010-08-03,1.55,2.2957,-0.0322,-1.3327,0.6669,-0.0478,0.9022,0.04,1.51,0.6347,1.132,0.1375,0.4658,1.5016,0
2010-08-04,1.62,2.3106,-0.0287,-1.3009,0.6831,-0.0441,0.9239,0.12,1.5,0.6544,1.1502,0.1586,0.5139,1.5315,0
2010-08-05,1.57,2.2976,-0.0305,-1.3126,0.6638,-0.0482,0.9043,0.07,1.5,0.6333,1.1232,0.1433,0.495,1.5055,0
2010-08-06,1.51,2.2768,-0.0339,-1.3092,0.6211,-0.0448,0.9131,0.05,1.46,0.5872,1.0577,0.1167,0.4971,1.4714,0
2010-08-09,1.54,2.2773,-0.0318,-1.2939,0.6183,-0.03,0.9081,0.06,1.48,0.5865,1.0515,0.1216,0.5185,1.4783,0
2010-08-10,1.46,2.2572,-0.0351,-1.3098,0.5865,-0.0389,0.8536,-0.02,1.48,0.5514,1.007,0.0959,0.4919,1.4444,0
2010-08-11,1.44,2.2412,-0.0357,-1.2833,0.5428,-0.025,0.8935,0.01,1.43,0.5071,0.9347,0.0795,0.5303,1.4234,0
2010-08-12,1.48,2.2475,-0.0312,-1.2572,0.5429,-0.022,0.994,0.13,1.35,0.5117,0.9277,0.0957,0.5743,1.4387,0
2010-08-13,1.47,2.2324,-0.0286,-1.2306,0.5111,-0.0143,0.9841,0.13,1.34,0.4825,0.8775,0.0875,0.6067,1.4252,0
2010-08-16,1.4,2.2032,-0.0301,-1.2123,0.4496,-0.0104,0.9924,0.11,1.29,0.4195,0.7814,0.0576,0.629,1.3829,0
2010-08-17,1.44,2.2185,-0.027,-1.215,0.485,-0.0215,1.0139,0.16,1.28,0.458,0.8377,0.0783,0.6238,1.4103,0
2010-08-18,1.46,2.2196,-0.0252,-1.1983,0.4789,-0.015,1.038,0.18,1.28,0.4537,0.8237,0.0836,0.6512,1.4143,0
2010-08-19,1.41,2.2055,-0.0266,-1.1944,0.4497,-0.0243,1.0724,0.19,1.22,0.4231,0.7785,0.0678,0.6558,1.3919,0
2010-08-20,1.47,2.216,-0.0223,-1.1731,0.4679,-0.0185,1.0772,0.23,1.24,0.4456,0.8044,0.0868,0.6841,1.4148,0
2010-08-23,1.43,2.2091,-0.0234,-1.1882,0.4591,-0.0266,1.0876,0.22,1.21,0.4357,0.7932,0.0782,0.6634,1.4016,0
2010-08-24,1.36,2.1846,-0.0276,-1.1812,0.407,-0.0229,1.0979,0.17,1.19,0.3794,0.7129,0.046,0.67,1.3648,0
2010-08-25,1.4,2.1946,-0.0224,-1.1584,0.4241,-0.038,1.0703,0.19,1.21,0.4017,0.7366,0.0668,0.7013,1.3879,0
2010-08-26,1.38,2.1825,-0.021,-1.1453,0.395,-0.0311,1.0334,0.14,1.24,0.374,0.6888,0.0591,0.7223,1.3724,0
2010-08-27,1.49,2.2231,-0.014,-1.1519,0.4771,-0.0443,1.0409,0.22,1.27,0.4631,0.8141,0.1121,0.7202,1.44,0
2010-08-30,1.39,2.1938,-0.0204,-1.1648,0.4182,-0.0368,1.0505,0.16,1.23,0.3978,0.7241,0.0715,0.7027,1.3847,0
2010-08-31,1.33,2.1748,-0.0241,-1.1626,0.3833,-0.0414,1.0583,0.14,1.19,0.3592,0.6731,0.0454,0.6984,1.3539,0
2010-09-01,1.41,2.2039,-0.0214,-1.1894,0.4551,-0.0382,1.0751,0.2,1.21,0.4337,0.7896,0.0779,0.6586,1.4,0
2010-09-02,1.43,2.2169,-0.0208,-1.2084,0.4862,-0.0438,1.0712,0.23,1.2,0.4654,0.8391,0.0917,0.6348,1.4137,0
2010-09-03,1.49,2.2438,-0.0169,-1.2084,0.5381,-0.0666,1.0366,0.24,1.25,0.5212,0.9176,0.1248,0.639,1.4598,0
2010-09-07,1.41,2.2127,-0.0219,-1.1971,0.4664,-0.0501,1.0289,0.17,1.24,0.4445,0.8031,0.0859,0.657,1.4032,0
2010-09-08,1.46,2.2258,-0.0191,-1.1824,0.4898,-0.0541,1.0356,0.23,1.23,0.4707,0.838,0.1034,0.6761,1.4314,0
2010-09-09,1.57,2.254,-0.0116,-1.1689,0.543,-0.0465,1.0007,0.28,1.29,0.5314,0.9168,0.146,0.6996,1.4832,0
2010-09-10,1.59,2.2662,-0.0084,-1.1728,0.5664,-0.0615,0.9457,0.25,1.34,0.558,0.9513,0.1648,0.7002,1.5031,0
2010-09-13,1.51,2.2463,-0.0148,-1.2083,0.5388,-0.0519,0.8988,0.17,1.34,0.524,0.9153,0.1326,0.6466,1.4619,0
2010-09-14,1.43,2.2317,-0.0227,-1.229,0.513,-0.0629,0.9247,0.15,1.28,0.4903,0.8798,0.1007,0.6131,1.4321,0
2010-09-15,1.46,2.2451,-0.0252,-1.2465,0.549,-0.0624,0.9386,0.17,1.29,0.5238,0.9407,0.1069,0.5817,1.4485,0
2010-09-16,1.48,2.2575,-0.0272,-1.2626,0.5763,-0.064,0.9489,0.19,1.29,0.5491,0.9846,0.1135,0.5594,1.462,0
2010-09-17,1.46,2.2541,-0.0306,-1.2731,0.5703,-0.0606,0.967,0.21,1.25,0.5397,0.9766,0.1028,0.5441,1.4514,0
2010-09-20,1.43,2.2431,-0.0334,-1.2772,0.5526,-0.0551,0.9465,0.19,1.24,0.5192,0.9521,0.0864,0.5331,1.4326,0
2010-09-21,1.34,2.2126,-0.0388,-1.2838,0.4993,-0.0493,0.8353,0.05,1.29,0.4605,0.8749,0.0461,0.5144,1.3824,0
2010-09-22,1.33,2.2008,-0.0384,-1.2584,0.466,-0.04,0.8148,0.01,1.32,0.4276,0.8191,0.0362,0.551,1.367,0
2010-09-23,1.34,2.2021,-0.0381,-1.2549,0.4675,-0.0366,0.8489,0.05,1.29,0.4294,0.8212,0.0376,0.5554,1.3723,0
2010-09-24,1.37,2.2167,-0.0361,-1.2666,0.5013,-0.0452,0.8506,0.06,1.31,0.4652,0.8745,0.0558,0.5407,1.3927,0
2010-09-27,1.31,2.1936,-0.0396,-1.261,0.4486,-0.0316,0.8703,0.02,1.29,0.409,0.7909,0.0271,0.5506,1.3539,0
2010-09-28,1.25,2.1734,-0.0423,-1.2578,0.4153,-0.0386,0.8035,-0.06,1.31,0.373,0.7442,0.0018,0.5444,1.3263,0
2010-09-29,1.28,2.1846,-0.0411,-1.2525,0.4332,-0.0442,0.8355,-0.02,1.3,0.3921,0.7696,0.0145,0.5546,1.346,0
2010-09-30,1.27,2.1858,-0.042,-1.2643,0.4394,-0.0489,0.8412,-0.03,1.3,0.3974,0.7808,0.0141,0.5382,1.3417,0
2010-10-01,1.26,2.1872,-0.0435,-1.2775,0.4467,-0.0529,0.8242,-0.07,1.33,0.4032,0.7943,0.0121,0.5186,1.3403,0
2010-10-04,1.23,2.1779,-0.0461,-1.283,0.4289,-0.0477,0.8148,-0.1,1.33,0.3828,0.7678,-0.0023,0.5099,1.3228,0
2010-10-05,1.21,2.1731,-0.0483,-1.3036,0.4299,-0.0411,0.7419,-0.19,1.4,0.3816,0.7745,-0.0113,0.4766,1.3098,0
2010-10-06,1.16,2.1521,-0.0498,-1.2893,0.3868,-0.0398,0.6464,-0.29,1.45,0.337,0.7074,-0.0334,0.4924,1.2761,0
2010-10-07,1.14,2.1537,-0.053,-1.317,0.3972,-0.0409,0.6653,-0.27,1.41,0.3442,0.7275,-0.0391,0.4534,1.272,0
2010-10-08,1.11,2.1499,-0.0546,-1.3281,0.3973,-0.0545,0.5849,-0.37,1.48,0.3427,0.7313,-0.0459,0.4332,1.261,0
2010-10-12,1.14,2.161,-0.0543,-1.3273,0.4128,-0.0522,0.6023,-0.34,1.48,0.3585,0.7526,-0.0356,0.4396,1.2804,0
2010-10-13,1.13,2.1611,-0.0568,-1.348,0.425,-0.0513,0.523,-0.44,1.57,0.3682,0.7779,-0.0415,0.4033,1.2794,0
2010-10-14,1.18,2.1772,-0.0537,-1.3424,0.4544,-0.0555,0.4443,-0.49,1.67,0.4007,0.8211,-0.0197,0.4144,1.3049,0
2010-10-15,1.2,2.1994,-0.0558,-1.3902,0.5084,-0.0618,0.5061,-0.38,1.58,0.4526,0.9089,-0.0037,0.3529,1.3283,0
2010-10-18,1.14,2.181,-0.0615,-1.3925,0.4672,-0.0541,0.5228,-0.39,1.53,0.4057,0.8452,-0.0339,0.3489,1.296,0
2010-10-19,1.11,2.1716,-0.0639,-1.387,0.4496,-0.0603,0.5175,-0.4,1.51,0.3857,0.8197,-0.0483,0.3506,1.2814,0
2010-10-20,1.11,2.1734,-0.0645,-1.3937,0.4554,-0.0607,0.5459,-0.37,1.48,0.3909,0.8295,-0.0477,0.3411,1.281,0
2010-10-21,1.15,2.1892,-0.0641,-1.4068,0.4953,-0.0636,0.5261,-0.37,1.52,0.4312,0.8951,-0.0327,0.3185,1.3053,0
2010-10-22,1.17,2.1948,-0.0638,-1.4023,0.5033,-0.062,0.5082,-0.39,1.56,0.4395,0.9059,-0.0269,0.3261,1.3133,0
2010-10-25,1.2,2.1939,-0.0606,-1.3702,0.4919,-0.055,0.4533,-0.42,1.62,0.4313,0.8831,-0.0205,0.3719,1.3185,0
2010-10-26,1.27,2.2196,-0.0555,-1.3739,0.5408,-0.061,0.4706,-0.36,1.63,0.4853,0.9562,0.0145,0.3748,1.3618,0
2010-10-27,1.34,2.2422,-0.0514,-1.3737,0.5817,-0.0589,0.538,-0.25,1.59,0.5303,1.0159,0.0447,0.3829,1.3975,0
2010-10-28,1.23,2.2228,-0.0591,-1.4282,0.5631,-0.0686,0.5357,-0.29,1.52,0.504,0.9979,0.0101,0.3007,1.3537,0
2010-10-29,1.17,2.2051,-0.0653,-1.4426,0.5333,-0.0604,0.5316,-0.31,1.48,0.468,0.9557,-0.0198,0.2747,1.3168,0
2010-11-01,1.17,2.2092,-0.0676,-1.4608,0.5499,-0.0608,0.5105,-0.34,1.51,0.4823,0.9856,-0.021,0.2451,1.3169,0
2010-11-02,1.15,2.1994,-0.0675,-1.4319,0.5157,-0.0657,0.5269,-0.34,1.49,0.4482,0.9264,-0.0299,0.2894,1.3045,0
2010-11-03,1.11,2.203,-0.0732,-1.504,0.5493,-0.0651,0.5136,-0.4,1.51,0.4761,0.9917,-0.0395,0.1834,1.2982,0
2010-11-04,1.04,2.1687,-0.0789,-1.4723,0.4637,-0.0412,0.5233,-0.48,1.52,0.3848,0.854,-0.0844,0.2272,1.247,0
2010-11-05,1.1,2.1789,-0.0742,-1.4504,0.4799,-0.0342,0.495,-0.47,1.57,0.4057,0.8761,-0.0646,0.2581,1.2706,0
2010-11-08,1.13,2.1827,-0.0691,-1.4244,0.4749,-0.0342,0.4808,-0.45,1.58,0.4058,0.8611,-0.0495,0.303,1.2848,0
2010-11-09,1.27,2.2165,-0.0582,-1.3969,0.5315,-0.0229,0.5016,-0.31,1.58,0.4733,0.9407,0.006,0.3522,1.3496,0
2010-11-10,1.23,2.2047,-0.0596,-1.4223,0.5143,-0.0071,0.4865,-0.37,1.6,0.4547,0.9167,-0.0073,0.3204,1.3267,0
2010-11-12,1.35,2.2362,-0.0499,-1.3712,0.5556,-0.0206,0.5532,-0.22,1.57,0.5057,0.9686,0.0427,0.402,1.3917,0
2010-11-15,1.51,2.2825,-0.041,-1.3723,0.6501,-0.0094,0.6225,-0.06,1.57,0.6091,1.1138,0.1045,0.4056,1.4744,0
2010-11-16,1.49,2.2682,-0.0393,-1.3428,0.61,-0.0061,0.6758,0.0,1.49,0.5707,1.0456,0.0958,0.4505,1.4554,0
2010-11-17,1.49,2.2757,-0.0396,-1.378,0.647,-0.0151,0.6246,-0.04,1.53,0.6074,1.1125,0.1023,0.3926,1.4636,0
2010-11-18,1.51,2.2837,-0.0395,-1.3801,0.6626,-0.0168,0.5949,-0.06,1.57,0.6231,1.1365,0.1098,0.3903,1.4741,0
2010-11-19,1.54,2.2797,-0.0361,-1.3349,0.6357,-0.0044,0.5592,-0.05,1.59,0.5996,1.0856,0.1136,0.4588,1.4751,0
2010-11-22,1.44,2.2574,-0.0427,-1.3714,0.6071,-0.0105,0.5295,-0.14,1.58,0.5644,1.0505,0.0783,0.3999,1.4345,0
2010-11-23,1.4,2.2488,-0.047,-1.3753,0.5907,-0.0173,0.5468,-0.14,1.54,0.5437,1.0272,0.0603,0.3901,1.4171,0
2010-11-24,1.56,2.2929,-0.0375,-1.3442,0.6662,-0.0175,0.5618,-0.03,1.59,0.6287,1.1358,0.1217,0.4417,1.4977,0
2010-11-26,1.53,2.2795,-0.0378,-1.3392,0.6365,-0.0091,0.5422,-0.07,1.6,0.5987,1.0887,0.1087,0.4503,1.4788,0
2010-11-29,1.51,2.2709,-0.0378,-1.3257,0.6134,-0.0108,0.5395,-0.07,1.58,0.5756,1.0505,0.1007,0.4703,1.4677,0
2010-11-30,1.47,2.2631,-0.0423,-1.3457,0.6046,-0.0098,0.5835,-0.07,1.54,0.5623,1.0411,0.0836,0.4387,1.4484,0
2010-12-01,1.64,2.3076,-0.0315,-1.3106,0.6814,-0.0069,0.593,0.04,1.6,0.6499,1.1511,0.1487,0.4958,1.5274,0
2010-12-02,1.68,2.3189,-0.0257,-1.2945,0.6933,-0.012,0.5728,0.04,1.64,0.6676,1.162,0.1732,0.53,1.5463,0
2010-12-03,1.64,2.3226,-0.0302,-1.3524,0.721,-0.021,0.5854,0.02,1.62,0.6908,1.2145,0.1671,0.4465,1.5378,0
2010-12-06,1.53,2.2995,-0.0407,-1.3959,0.6916,-0.0245,0.5634,-0.07,1.6,0.6509,1.1795,0.1223,0.375,1.4864,0
2010-12-07,1.74,2.3593,-0.0292,-1.3524,0.7964,-0.0342,0.5795,0.07,1.67,0.7672,1.3323,0.2022,0.4419,1.5933,0
2010-12-08,1.87,2.3943,-0.0182,-1.3291,0.8486,-0.0255,0.6531,0.19,1.68,0.8304,1.4008,0.2599,0.4947,1.6546,0
2010-12-09,1.9,2.3933,-0.0113,-1.2779,0.8227,-0.0269,0.6838,0.25,1.65,0.8114,1.3476,0.2753,0.5793,1.662,0
2010-12-10,1.98,2.4142,-0.0036,-1.2667,0.8643,-0.0281,0.7125,0.33,1.65,0.8607,1.4092,0.3121,0.5989,1.7012,0
2010-12-13,1.91,2.4014,-0.0078,-1.3128,0.8605,-0.0313,0.6802,0.25,1.66,0.8527,1.4144,0.291,0.5268,1.6757,0
2010-12-14,2.08,2.4536,-0.0012,-1.3003,0.9569,-0.029,0.7209,0.39,1.69,0.9557,1.5585,0.3529,0.5505,1.7632,0
2010-12-15,2.11,2.4639,0.001,-1.3141,0.9858,-0.0266,0.639,0.34,1.77,0.9868,1.606,0.3675,0.5305,1.7785,0
2010-12-16,2.06,2.4466,-0.0015,-1.3132,0.9453,-0.0172,0.6084,0.28,1.78,0.9438,1.5407,0.3468,0.5365,1.7457,0
2010-12-17,1.97,2.4143,-0.0063,-1.3072,0.8778,-0.0086,0.5842,0.22,1.75,0.8715,1.4359,0.3071,0.5427,1.6903,0
2010-12-20,1.99,2.4179,-0.0065,-1.301,0.8826,-0.0029,0.5925,0.24,1.75,0.8761,1.443,0.3091,0.5499,1.7002,0
2010-12-21,1.99,2.4152,-0.0049,-1.2793,0.8684,-0.0094,0.5748,0.22,1.77,0.8635,1.4169,0.3101,0.5825,1.701,0
2010-12-22,2.02,2.4201,-0.0022,-1.2663,0.875,-0.0065,0.5465,0.21,1.81,0.8728,1.4254,0.3201,0.6011,1.7156,0
2010-12-23,2.09,2.4361,0.0043,-1.2448,0.8982,-0.0037,0.556,0.26,1.83,0.9025,1.455,0.3499,0.6387,1.7464,0
2010-12-27,2.08,2.423,0.0056,-1.215,0.8601,0.0064,0.5547,0.25,1.83,0.8657,1.3916,0.3397,0.682,1.7394,0
2010-12-28,2.18,2.458,0.0122,-1.2205,0.9304,-0.0,0.6006,0.34,1.84,0.9426,1.4984,0.3868,0.6817,1.7964,0
2010-12-29,2.03,2.4169,0.0027,-1.2471,0.8563,0.0012,0.5687,0.22,1.81,0.859,1.389,0.329,0.6398,1.7153,0
2010-12-30,2.06,2.4246,0.0031,-1.2377,0.8712,-0.0013,0.5771,0.24,1.82,0.8743,1.4121,0.3366,0.6492,1.729,0
2010-12-31,2.01,2.4046,0.0005,-1.2271,0.8274,0.0046,0.5509,0.18,1.83,0.8279,1.3426,0.3131,0.6628,1.6938,0
2011-01-03,2.02,2.4149,-0.0001,-1.2495,0.8585,-0.0038,0.5626,0.2,1.82,0.8584,1.3958,0.321,0.628,1.707,0
2011-01-04,2.01,2.4146,-0.0012,-1.2662,0.8674,-0.0046,0.515,0.15,1.86,0.8662,1.4143,0.3181,0.6003,1.7046,0
2011-01-05,2.14,2.454,0.0079,-1.25,0.939,-0.0109,0.4911,0.2,1.94,0.9469,1.5194,0.3744,0.6314,1.7762,0
2011-01-06,2.09,2.4391,0.006,-1.2573,0.9036,-0.0015,0.4539,0.13,1.96,0.9096,1.4619,0.3574,0.6296,1.7456,0
2011-01-07,1.96,2.4132,-0.0047,-1.3087,0.871,-0.0108,0.4527,0.05,1.91,0.8663,1.4226,0.3101,0.5483,1.6893,0
2011-01-10,1.93,2.4042,-0.0101,-1.3157,0.8583,-0.0068,0.4397,0.02,1.91,0.8482,1.4074,0.2891,0.5294,1.6702,0
2011-01-11,1.98,2.417,-0.0095,-1.3087,0.8846,-0.0034,0.4012,-0.02,2.0,0.8751,1.4489,0.3013,0.5345,1.6944,0
2011-01-12,1.99,2.42,-0.0097,-1.3157,0.8894,0.006,0.396,-0.01,2.0,0.8797,1.4554,0.304,0.5286,1.6952,0
2011-01-13,1.93,2.4076,-0.0144,-1.3454,0.8763,0.0059,0.4188,-0.02,1.95,0.8619,1.4415,0.2823,0.4826,1.6691,0
2011-01-14,1.95,2.4133,-0.0147,-1.3387,0.883,0.007,0.4379,0.02,1.93,0.8683,1.4502,0.2865,0.4928,1.6778,0
2011-01-18,1.97,2.4217,-0.0148,-1.339,0.8997,0.0025,0.4268,0.02,1.95,0.8849,1.4763,0.2935,0.4913,1.6923,0
2011-01-19,1.95,2.417,-0.0163,-1.3428,0.8935,-0.0014,0.4346,0.01,1.94,0.8772,1.4685,0.2858,0.4829,1.6834,0
2011-01-20,2.06,2.4485,-0.0095,-1.3228,0.9457,-0.0019,0.5246,0.16,1.9,0.9362,1.5427,0.3297,0.5192,1.7398,0
2011-01-21,2.04,2.4392,-0.0089,-1.319,0.926,0.0027,0.5105,0.12,1.92,0.9171,1.5113,0.3229,0.526,1.7257,0
2011-01-24,2.03,2.4346,-0.008,-1.3196,0.9194,0.0036,0.4902,0.1,1.93,0.9114,1.5015,0.3212,0.5249,1.7178,0
2011-01-25,1.96,2.4108,-0.0117,-1.3107,0.8669,0.0048,0.4569,0.02,1.94,0.8552,1.4189,0.2914,0.5363,1.6779,0
2011-01-26,2.03,2.4359,-0.0094,-1.3356,0.9311,0.008,0.4581,0.07,1.96,0.9217,1.5243,0.3192,0.4978,1.7171,0
2011-01-27,1.98,2.429,-0.0132,-1.3569,0.9225,-0.0013,0.4919,0.08,1.9,0.9093,1.5135,0.3051,0.4679,1.6957,0
2011-01-28,1.92,2.4092,-0.0168,-1.3547,0.8814,0.0008,0.4495,-0.01,1.93,0.8646,1.4496,0.2797,0.4696,1.6558,0
2011-01-31,1.95,2.4238,-0.0174,-1.3684,0.9169,-0.0049,0.4072,-0.01,1.96,0.8995,1.5084,0.2907,0.4466,1.6815,0
2011-02-01,2.02,2.4428,-0.0132,-1.3494,0.9464,-0.0067,0.389,0.01,2.01,0.9332,1.5497,0.3168,0.477,1.72,0
2011-02-02,2.1,2.4568,-0.0052,-1.2971,0.9467,-0.0012,0.4176,0.09,2.01,0.9415,1.5355,0.3475,0.5657,1.7542,0
2011-02-03,2.18,2.4743,0.0034,-1.2736,0.9732,0.0027,0.4608,0.18,2.0,0.9766,1.5701,0.3832,0.6073,1.7917,0
2011-02-04,2.27,2.5002,0.0134,-1.2514,1.0182,-0.0105,0.4747,0.28,1.99,1.0316,1.6334,0.4299,0.6471,1.8428,0
2011-02-07,2.29,2.5019,0.0182,-1.2379,1.0146,-0.0068,0.4894,0.31,1.98,1.0328,1.6229,0.4428,0.674,1.8505,0
2011-02-08,2.39,2.5237,0.0293,-1.1918,1.0388,-0.0099,0.5225,0.44,1.95,1.0681,1.6483,0.4878,0.7516,1.8998,0
2011-02-09,2.33,2.5032,0.0284,-1.1904,0.9947,-0.006,0.5202,0.39,1.94,1.0231,1.5785,0.4677,0.7574,1.866,0
2011-02-10,2.4,2.5164,0.0358,-1.1654,1.0135,-0.0004,0.5576,0.48,1.92,1.0493,1.6013,0.4974,0.7991,1.8916,0
2011-02-11,2.38,2.5024,0.039,-1.1447,0.9781,0.0051,0.5708,0.5,1.88,1.0171,1.542,0.4922,0.8328,1.8758,0
2011-02-14,2.37,2.4952,0.0413,-1.1318,0.9653,0.0,0.5633,0.51,1.86,1.0066,1.5226,0.4906,0.8474,1.8733,0
2011-02-15,2.35,2.4894,0.0408,-1.1319,0.9531,-0.0015,0.5596,0.44,1.91,0.9939,1.5038,0.4841,0.8477,1.8638,0
2011-02-16,2.37,2.493,0.0425,-1.1307,0.961,0.0042,0.5843,0.43,1.94,1.0035,1.5153,0.4917,0.8505,1.8691,0
2011-02-17,2.3,2.48,0.0376,-1.1625,0.9494,-0.0045,0.5643,0.33,1.97,0.987,1.5043,0.4697,0.8002,1.8367,0
2011-02-18,2.3,2.4814,0.036,-1.1725,0.9609,-0.0058,0.4792,0.26,2.04,0.9969,1.5266,0.4671,0.7792,1.8358,0
2011-02-22,2.16,2.4455,0.0239,-1.2064,0.8987,-0.0017,0.4011,0.07,2.09,0.9226,1.4386,0.4066,0.7231,1.7682,0
2011-02-23,2.21,2.4535,0.0246,-1.1817,0.9101,0.0035,0.3557,0.01,2.2,0.9347,1.4546,0.4148,0.7518,1.7854,0
2011-02-24,2.19,2.4461,0.0246,-1.1647,0.8869,-0.0028,0.3219,-0.01,2.2,0.9115,1.415,0.4079,0.7778,1.7761,0
2011-02-25,2.16,2.4376,0.0226,-1.1699,0.8705,-0.0008,0.3103,-0.01,2.17,0.8931,1.3906,0.3956,0.7702,1.761,0
2011-02-28,2.13,2.4347,0.0177,-1.1893,0.8727,-0.0058,0.3379,-0.02,2.15,0.8904,1.3998,0.381,0.736,1.7548,0
2011-03-01,2.11,2.4305,0.015,-1.2016,0.8717,-0.0056,0.3096,-0.06,2.17,0.8867,1.4018,0.3717,0.7139,1.7394,0
2011-03-02,2.16,2.4454,0.0166,-1.1964,0.8972,-0.0028,0.2855,-0.09,2.25,0.9138,1.4393,0.3883,0.7234,1.7662,0
2011-03-03,2.3,2.4799,0.0289,-1.1511,0.9477,-0.0054,0.2902,0.03,2.27,0.9766,1.5053,0.4479,0.8001,1.8341,0
2011-03-04,2.17,2.4539,0.0213,-1.2048,0.9132,-0.0136,0.2571,-0.07,2.24,0.9345,1.4612,0.4079,0.7224,1.7781,0
2011-03-07,2.19,2.4591,0.0212,-1.2001,0.9237,-0.014,0.2396,-0.07,2.26,0.9449,1.4776,0.4122,0.7263,1.787,0
2011-03-08,2.22,2.4708,0.0223,-1.2135,0.9541,-0.0137,0.218,-0.09,2.31,0.9764,1.5274,0.4253,0.7063,1.805,0
2011-03-09,2.16,2.4528,0.018,-1.2289,0.9208,-0.0026,0.2347,-0.09,2.25,0.9388,1.4777,0.3998,0.6849,1.7684,0
2011-03-10,2.05,2.4231,0.0102,-1.2624,0.8812,-0.0021,0.224,-0.17,2.22,0.8914,1.4273,0.3555,0.6248,1.7106,0
2011-03-11,2.06,2.4313,0.0085,-1.2735,0.9003,-0.0066,0.2711,-0.11,2.17,0.9088,1.4582,0.3593,0.6084,1.7176,0
2011-03-14,2.0,2.4172,0.0016,-1.2975,0.8806,-0.0019,0.2698,-0.15,2.15,0.8822,1.4338,0.3305,0.5681,1.6888,0
2011-03-15,2.0,2.4101,0.0013,-1.2772,0.8607,0.0051,0.2822,-0.16,2.16,0.862,1.4013,0.3227,0.5937,1.6818,0
2011-03-16,1.87,2.3774,-0.0072,-1.3096,0.8105,-0.0011,0.2617,-0.22,2.09,0.8033,1.3329,0.2737,0.5383,1.622,0
2011-03-17,1.91,2.3847,-0.0058,-1.2978,0.8262,0.0027,0.2043,-0.27,2.18,0.8204,1.3577,0.283,0.5496,1.6383,0
2011-03-18,1.96,2.3974,-0.0018,-1.2639,0.8306,-0.0024,0.2124,-0.22,2.18,0.8288,1.3541,0.3036,0.6083,1.6631,0
2011-03-21,2.04,2.4126,0.0055,-1.2161,0.8405,-0.0025,0.2322,-0.16,2.2,0.846,1.359,0.333,0.6835,1.7035,0
2011-03-22,2.07,2.4155,0.0092,-1.2122,0.8472,0.0103,0.2831,-0.12,2.19,0.8564,1.3686,0.3443,0.6912,1.7131,0
2011-03-23,2.07,2.4193,0.0115,-1.2172,0.8583,-0.0019,0.3093,-0.09,2.16,0.8698,1.386,0.3536,0.6859,1.7177,0
2011-03-24,2.14,2.4355,0.0172,-1.1918,0.8846,-0.0056,0.2486,-0.08,2.22,0.9018,1.4232,0.3804,0.7223,1.7556,0
2011-03-25,2.2,2.4507,0.0243,-1.1636,0.8959,-0.0073,0.3083,0.01,2.19,0.9202,1.4301,0.4103,0.7772,1.7895,0
2011-03-28,2.23,2.4524,0.0295,-1.1361,0.8907,-0.0065,0.3017,0.05,2.18,0.9202,1.417,0.4234,0.8195,1.803,0
2011-03-29,2.25,2.4592,0.0334,-1.1392,0.9064,-0.0097,0.3084,0.05,2.2,0.9398,1.4406,0.439,0.8192,1.8148,0
2011-03-30,2.21,2.45,0.0316,-1.1595,0.8983,-0.0104,0.3009,0.02,2.19,0.9299,1.433,0.4269,0.7874,1.7966,0
2011-03-31,2.24,2.4536,0.0335,-1.1321,0.892,-0.007,0.2778,0.03,2.21,0.9255,1.4165,0.4345,0.8306,1.8057,0
2011-04-01,2.24,2.4505,0.0377,-1.1145,0.8824,-0.016,0.2354,-0.01,2.25,0.9201,1.398,0.4422,0.8581,1.8023,0
2011-04-04,2.2,2.4447,0.0357,-1.1567,0.8886,-0.0123,0.2037,-0.09,2.29,0.9243,1.4149,0.4337,0.7974,1.7808,0
2011-04-05,2.28,2.4615,0.041,-1.1155,0.9022,-0.0092,0.1864,-0.04,2.32,0.9432,1.4264,0.46,0.8628,1.8205,0
2011-04-06,2.32,2.479,0.0446,-1.1231,0.9353,-0.0158,0.2131,-0.02,2.34,0.9799,1.475,0.4848,0.8608,1.8467,0
2011-04-07,2.29,2.4815,0.0419,-1.1716,0.9608,-0.0226,0.1987,-0.04,2.33,1.0027,1.5231,0.4824,0.7895,1.8348,0
2011-04-08,2.31,2.4856,0.043,-1.1611,0.9652,-0.0227,0.145,-0.07,2.38,1.0082,1.5276,0.4888,0.8051,1.8419,0
2011-04-11,2.31,2.4877,0.0427,-1.1723,0.9709,-0.019,0.1525,-0.07,2.38,1.0136,1.5373,0.4899,0.7917,1.8436,0
2011-04-12,2.22,2.4659,0.035,-1.2119,0.9457,-0.0148,0.1451,-0.1,2.32,0.9807,1.5079,0.4535,0.7268,1.7956,0
2011-04-13,2.19,2.4575,0.0313,-1.2104,0.9292,-0.0175,0.1488,-0.11,2.3,0.9605,1.4839,0.437,0.7236,1.779,0
2011-04-14,2.23,2.4626,0.0322,-1.1923,0.9337,-0.0061,0.157,-0.02,2.25,0.9659,1.4892,0.4425,0.7469,1.7964,0
2011-04-15,2.14,2.441,0.0265,-1.2057,0.894,-0.0158,0.1436,-0.09,2.23,0.9205,1.4306,0.4104,0.7252,1.7536,0
2011-04-18,2.09,2.4305,0.0206,-1.2409,0.891,-0.0111,0.1444,-0.1,2.19,0.9116,1.4354,0.3878,0.6658,1.7262,0
2011-04-19,2.09,2.4265,0.0193,-1.2324,0.8827,-0.006,0.1027,-0.15,2.24,0.902,1.423,0.3809,0.673,1.7198,0
2011-04-20,2.15,2.4428,0.0229,-1.2136,0.9038,-0.0059,0.1425,-0.12,2.27,0.9267,1.4495,0.4038,0.7063,1.7499,0
2011-04-21,2.14,2.4391,0.023,-1.213,0.8947,-0.0038,0.1637,-0.15,2.29,0.9177,1.4347,0.4008,0.7091,1.7433,0
2011-04-25,2.1,2.4278,0.0201,-1.2154,0.8736,-0.006,0.1454,-0.2,2.3,0.8937,1.4038,0.3835,0.7022,1.7259,0
2011-04-26,2.05,2.4143,0.0161,-1.239,0.8622,-0.0036,0.1279,-0.27,2.32,0.8783,1.3942,0.3625,0.6594,1.698,0
2011-04-27,2.06,2.425,0.0136,-1.2636,0.8903,-0.0053,0.1455,-0.31,2.37,0.9039,1.4413,0.3665,0.6241,1.7084,0
2011-04-28,2.0,2.4125,0.0076,-1.2939,0.8775,-0.0037,0.1234,-0.41,2.41,0.8851,1.4281,0.342,0.5756,1.677,0
2011-04-29,1.97,2.4051,0.0033,-1.3043,0.8696,-0.0037,0.0869,-0.48,2.45,0.8729,1.421,0.3249,0.5528,1.6637,0
2011-05-02,1.96,2.4039,0.0019,-1.3071,0.8685,-0.0072,0.0935,-0.48,2.44,0.8704,1.4199,0.3209,0.5473,1.6585,0
2011-05-03,1.96,2.3978,0.0027,-1.3011,0.8567,0.0039,0.0956,-0.46,2.42,0.8594,1.4013,0.3175,0.5548,1.6486,0
2011-05-04,1.95,2.3887,0.0044,-1.2842,0.8314,0.0097,0.0868,-0.46,2.41,0.8358,1.3576,0.314,0.5827,1.6325,0
2011-05-05,1.88,2.3701,0.0016,-1.2985,0.8013,0.0055,0.1449,-0.4,2.28,0.8029,1.3147,0.291,0.5598,1.6005,0
2011-05-06,1.87,2.3695,0.0003,-1.3087,0.8069,0.002,0.1582,-0.38,2.25,0.8072,1.327,0.2874,0.5411,1.5982,0
2011-05-09,1.84,2.3628,-0.0026,-1.3186,0.7975,0.0009,0.1368,-0.45,2.29,0.7949,1.3151,0.2747,0.524,1.5842,0
2011-05-10,1.91,2.3803,0.0015,-1.3031,0.8257,0.0056,0.1487,-0.4,2.31,0.8272,1.3547,0.2997,0.5497,1.6172,0
2011-05-11,1.87,2.3719,-0.0016,-1.3194,0.8113,0.0077,0.2076,-0.33,2.2,0.8097,1.3342,0.2853,0.5281,1.598,0
2011-05-12,1.89,2.378,-0.001,-1.3152,0.8236,0.0046,0.229,-0.31,2.2,0.8226,1.3529,0.2922,0.5325,1.6083,0
2011-05-13,1.86,2.3679,-0.003,-1.3097,0.7995,0.0053,0.2587,-0.29,2.15,0.7965,1.3149,0.278,0.5398,1.5942,0
2011-05-16,1.83,2.3581,-0.0053,-1.3174,0.7849,0.0097,0.2904,-0.29,2.12,0.7796,1.2952,0.2639,0.525,1.5741,0
2011-05-17,1.8,2.35,-0.0072,-1.3216,0.7728,0.0061,0.3232,-0.28,2.08,0.7656,1.2788,0.2523,0.5151,1.5606,0
2011-05-18,1.87,2.3637,-0.0024,-1.29,0.7885,0.0102,0.2921,-0.27,2.14,0.7861,1.2972,0.2749,0.5626,1.5929,0
2011-05-19,1.85,2.3635,-0.0052,-1.3078,0.7921,0.0075,0.3328,-0.25,2.1,0.7869,1.306,0.2677,0.5365,1.5923,0
2011-05-20,1.82,2.3577,-0.008,-1.3185,0.7868,0.002,0.3454,-0.25,2.07,0.7788,1.3019,0.2558,0.5162,1.5806,0
2011-05-23,1.8,2.3504,-0.01,-1.3164,0.7693,0.0067,0.3555,-0.23,2.03,0.7593,1.2741,0.2445,0.5192,1.5687,0
2011-05-24,1.81,2.3478,-0.0099,-1.3075,0.7643,0.0153,0.314,-0.26,2.07,0.7544,1.2671,0.2417,0.5276,1.5701,0
2011-05-25,1.81,2.3496,-0.0111,-1.3266,0.7739,0.0242,0.3153,-0.27,2.08,0.7628,1.2847,0.241,0.5011,1.5674,0
2011-05-26,1.72,2.3313,-0.0183,-1.354,0.7469,0.0142,0.3204,-0.34,2.06,0.7286,1.2489,0.2083,0.457,1.5282,0
2011-05-27,1.71,2.3328,-0.0221,-1.3688,0.757,0.0112,0.3344,-0.32,2.03,0.7349,1.2695,0.2002,0.4293,1.5282,0
2011-05-31,1.68,2.3265,-0.027,-1.3812,0.7481,0.0136,0.3555,-0.32,2.0,0.7211,1.2595,0.1826,0.4068,1.5157,0
2011-06-01,1.6,2.3008,-0.0316,-1.3813,0.6988,0.0133,0.338,-0.39,1.99,0.6672,1.1855,0.1489,0.4012,1.4717,0
2011-06-02,1.65,2.3179,-0.0299,-1.3866,0.7349,0.0137,0.3297,-0.37,2.02,0.705,1.2419,0.1682,0.3944,1.5001,0
2011-06-03,1.6,2.3069,-0.0326,-1.4041,0.7196,0.0103,0.3054,-0.43,2.03,0.687,1.2214,0.1526,0.3684,1.4757,0
2011-06-06,1.6,2.3089,-0.0344,-1.4161,0.727,0.0147,0.3041,-0.43,2.03,0.6926,1.2348,0.1503,0.3505,1.4753,0
2011-06-07,1.59,2.3117,-0.0375,-1.429,0.737,0.0078,0.2895,-0.45,2.04,0.6995,1.2536,0.1454,0.3286,1.4768,0
2011-06-08,1.52,2.2982,-0.0439,-1.4502,0.7127,0.0032,0.3372,-0.49,2.01,0.6688,1.2191,0.1184,0.2976,1.4472,0
2011-06-09,1.6,2.312,-0.0388,-1.4163,0.7319,0.0112,0.322,-0.43,2.03,0.6931,1.2436,0.1426,0.3452,1.4756,0
2011-06-10,1.58,2.3058,-0.0386,-1.4161,0.7171,0.0118,0.3426,-0.41,1.99,0.6785,1.2193,0.1377,0.3489,1.4656,0
2011-06-13,1.59,2.3093,-0.0384,-1.4185,0.7273,0.0103,0.3445,-0.4,1.99,0.6889,1.237,0.1408,0.3427,1.4735,0
2011-06-14,1.7,2.3388,-0.0316,-1.404,0.7825,0.0143,0.3186,-0.34,2.04,0.7509,1.3189,0.183,0.3668,1.5269,0
2011-06-15,1.55,2.3042,-0.0412,-1.4454,0.7216,0.0107,0.3345,-0.44,1.99,0.6804,1.2306,0.1302,0.3086,1.4587,0
2011-06-16,1.52,2.2907,-0.0437,-1.4252,0.6886,0.0096,0.3609,-0.43,1.95,0.6449,1.178,0.1119,0.3325,1.4395,0
2011-06-17,1.53,2.2944,-0.043,-1.4275,0.6992,0.0069,0.3837,-0.37,1.9,0.6562,1.1954,0.117,0.3277,1.4438,0
2011-06-20,1.55,2.2992,-0.0422,-1.4291,0.7098,0.0123,0.405,-0.34,1.89,0.6676,1.2119,0.1233,0.3259,1.451,0
2011-06-21,1.57,2.3061,-0.0412,-1.4364,0.7292,0.0124,0.3829,-0.34,1.91,0.688,1.2439,0.132,0.3137,1.4618,0
2011-06-22,1.58,2.3118,-0.0405,-1.4438,0.7388,0.0137,0.4175,-0.32,1.9,0.6983,1.2575,0.1392,0.3089,1.4672,0
2011-06-23,1.48,2.2872,-0.0448,-1.4666,0.7014,0.0029,0.3902,-0.33,1.81,0.6566,1.2048,0.1083,0.2723,1.4173,0
2011-06-24,1.4,2.272,-0.0507,-1.4956,0.6827,-0.0083,0.3498,-0.39,1.79,0.6319,1.1827,0.0812,0.2256,1.3863,0
2011-06-27,1.47,2.2918,-0.0487,-1.479,0.713,-0.0071,0.3381,-0.33,1.8,0.6643,1.2266,0.1019,0.2505,1.4296,0
2011-06-28,1.62,2.3255,-0.039,-1.4334,0.7615,0.0054,0.3308,-0.26,1.88,0.7225,1.2913,0.1538,0.3233,1.4988,0
2011-06-29,1.7,2.3493,-0.0329,-1.4374,0.8156,0.0054,0.2621,-0.3,2.0,0.7827,1.3756,0.1898,0.319,1.5389,0
2011-06-30,1.76,2.3644,-0.0284,-1.4269,0.8381,0.0128,0.2446,-0.27,2.03,0.8097,1.4048,0.2146,0.3425,1.5612,0
2011-07-01,1.8,2.3778,-0.0225,-1.4049,0.8539,-0.0043,0.243,-0.25,2.05,0.8314,1.4225,0.2404,0.3819,1.588,0
2011-07-05,1.7,2.3598,-0.0289,-1.4619,0.8365,-0.0055,0.262,-0.33,2.03,0.8076,1.4042,0.211,0.3013,1.5417,0
2011-07-06,1.66,2.3478,-0.0325,-1.4769,0.8199,0.0017,0.254,-0.37,2.03,0.7874,1.3821,0.1928,0.2762,1.5127,0
2011-07-07,1.74,2.3636,-0.0261,-1.4309,0.8354,-0.002,0.2261,-0.36,2.1,0.8093,1.3977,0.221,0.3444,1.5512,0
2011-07-08,1.57,2.3246,-0.0368,-1.4817,0.7734,-0.0095,0.2564,-0.44,2.01,0.7366,1.3114,0.1617,0.268,1.4754,0
2011-07-11,1.49,2.2996,-0.0436,-1.4881,0.7317,-0.0095,0.2344,-0.52,2.01,0.6881,1.2532,0.1229,0.2463,1.4325,0
2011-07-12,1.47,2.2889,-0.0463,-1.4804,0.7086,-0.0007,0.223,-0.54,2.01,0.6623,1.2179,0.1066,0.2528,1.4162,0
2011-07-13,1.45,2.2843,-0.0463,-1.4789,0.699,-0.0082,0.2343,-0.54,1.99,0.6527,1.2022,0.1032,0.2559,1.405,0
2011-07-14,1.51,2.3032,-0.0433,-1.484,0.7364,-0.0024,0.2906,-0.47,1.98,0.6931,1.2591,0.1272,0.2533,1.4354,0
2011-07-15,1.46,2.2921,-0.0458,-1.4986,0.7207,-0.0084,0.2453,-0.52,1.98,0.6749,1.2382,0.1117,0.2302,1.4144,0
2011-07-18,1.45,2.2912,-0.049,-1.5194,0.7263,0.0009,0.212,-0.55,2.0,0.6773,1.2515,0.1031,0.1976,1.411,0
2011-07-19,1.45,2.2815,-0.0481,-1.4734,0.6893,0.0007,0.1992,-0.57,2.02,0.6412,1.1868,0.0956,0.2625,1.4054,0
2011-07-20,1.49,2.2956,-0.0467,-1.4769,0.7159,0.0022,0.2287,-0.52,2.01,0.6692,1.2274,0.1109,0.2604,1.4313,0
2011-07-21,1.56,2.3155,-0.043,-1.4692,0.7564,0.0003,0.2122,-0.48,2.04,0.7134,1.2897,0.137,0.27,1.4683,0
2011-07-22,1.53,2.3042,-0.0436,-1.4657,0.7312,0.0038,0.1809,-0.5,2.03,0.6876,1.2499,0.1254,0.2763,1.4511,0
2011-07-25,1.55,2.312,-0.0423,-1.4685,0.7508,-0.002,0.1196,-0.51,2.06,0.7085,1.2821,0.1349,0.2699,1.4675,0
2011-07-26,1.51,2.3017,-0.0469,-1.4765,0.7246,0.007,0.1475,-0.5,2.01,0.6777,1.2408,0.1147,0.2622,1.4484,0
2011-07-27,1.56,2.3068,-0.0444,-1.4545,0.7303,0.0217,0.1315,-0.54,2.1,0.6859,1.2478,0.1241,0.2905,1.4662,0
2011-07-28,1.52,2.2995,-0.0463,-1.4554,0.7168,0.0054,0.0987,-0.59,2.11,0.6705,1.2284,0.1126,0.2861,1.4557,0
2011-07-29,1.35,2.2505,-0.0601,-1.4842,0.6271,0.0168,0.0592,-0.72,2.07,0.567,1.0988,0.0352,0.2345,1.3747,0
2011-08-01,1.32,2.2379,-0.0631,-1.4602,0.5971,0.0083,0.0391,-0.75,2.07,0.534,1.052,0.016,0.2597,1.3595,0
2011-08-02,1.23,2.2089,-0.0656,-1.4515,0.5394,-0.0011,0.075,-0.76,1.99,0.4738,0.9624,-0.0149,0.2687,1.3075,0
2011-08-03,1.25,2.2069,-0.0595,-1.4227,0.5223,0.003,0.1774,-0.62,1.87,0.4628,0.9264,-0.0008,0.3206,1.3002,0
2011-08-04,1.12,2.1581,-0.0608,-1.4234,0.4404,0.0056,0.1683,-0.67,1.79,0.3796,0.8052,-0.046,0.3091,1.2174,0
2011-08-05,1.23,2.1876,-0.0533,-1.4138,0.5023,0.0072,0.2013,-0.59,1.82,0.449,0.9002,-0.0021,0.3226,1.2704,0
2011-08-08,1.11,2.1429,-0.0552,-1.3677,0.3934,-0.0034,0.169,-0.63,1.74,0.3382,0.7242,-0.0478,0.3892,1.2113,0
2011-08-09,0.91,2.0846,-0.0647,-1.3958,0.298,-0.0121,0.0746,-0.84,1.75,0.2333,0.5887,-0.1222,0.3333,1.1132,0
2011-08-10,0.93,2.0749,-0.0619,-1.3468,0.2696,-0.0058,-0.0536,-1.02,1.95,0.2077,0.5408,-0.1254,0.395,1.1098,0
2011-08-11,1.02,2.1234,-0.0621,-1.4069,0.3796,-0.014,0.0319,-0.84,1.86,0.3175,0.7176,-0.0826,0.3165,1.1801,0
2011-08-12,0.96,2.0996,-0.0652,-1.383,0.318,-0.0095,0.0305,-0.88,1.84,0.2528,0.6164,-0.1107,0.3531,1.1395,0
2011-08-15,0.99,2.1115,-0.0643,-1.3876,0.3438,-0.0135,0.0889,-0.81,1.8,0.2795,0.6575,-0.0984,0.346,1.1615,0
2011-08-16,0.95,2.0971,-0.0663,-1.3927,0.3173,-0.0053,0.1325,-0.79,1.74,0.251,0.6175,-0.1156,0.3378,1.1353,0
2011-08-17,0.92,2.0775,-0.0647,-1.3622,0.2719,-0.0025,0.1445,-0.81,1.73,0.2072,0.544,-0.1296,0.3785,1.1094,0
2011-08-18,0.9,2.0598,-0.0619,-1.3207,0.2182,0.0046,0.2743,-0.72,1.62,0.1563,0.4515,-0.139,0.4438,1.0877,0
2011-08-19,0.9,2.0493,-0.0557,-1.2866,0.1993,-0.0063,0.2165,-0.8,1.7,0.1436,0.4212,-0.134,0.4851,1.0817,0
2011-08-22,0.94,2.0572,-0.0511,-1.2844,0.2161,0.0022,0.2061,-0.79,1.73,0.165,0.4461,-0.1161,0.4917,1.0988,0
2011-08-23,0.95,2.0705,-0.0502,-1.3067,0.2446,-0.0082,0.2918,-0.71,1.66,0.1944,0.4905,-0.1016,0.4677,1.1161,0
2011-08-24,1.05,2.1089,-0.0485,-1.3459,0.3349,0.0006,0.3565,-0.6,1.65,0.2864,0.6353,-0.0626,0.414,1.1695,0
2011-08-25,0.98,2.0904,-0.0524,-1.3577,0.3057,-0.0061,0.2808,-0.7,1.68,0.2533,0.594,-0.0874,0.392,1.1321,0
2011-08-26,0.94,2.0826,-0.0562,-1.3704,0.2881,-0.0041,0.3184,-0.7,1.64,0.2319,0.5666,-0.1028,0.3775,1.1115,0
2011-08-29,0.99,2.104,-0.0572,-1.3836,0.338,-0.0112,0.3433,-0.68,1.67,0.2808,0.6486,-0.087,0.3526,1.1491,0
2011-08-30,0.94,2.0802,-0.0597,-1.3573,0.2797,-0.0029,0.3083,-0.73,1.67,0.22,0.5545,-0.1146,0.3884,1.1142,0
2011-08-31,0.96,2.0923,-0.0606,-1.379,0.3112,-0.0039,0.2975,-0.76,1.72,0.2506,0.607,-0.1058,0.3569,1.1301,0
2011-09-01,0.9,2.0703,-0.0629,-1.3608,0.2609,-0.0075,0.2417,-0.82,1.72,0.198,0.5272,-0.1311,0.3804,1.0967,0
2011-09-02,0.88,2.0392,-0.0586,-1.2738,0.1659,0.0073,0.2324,-0.84,1.72,0.1073,0.3649,-0.1503,0.5078,1.0658,0
2011-09-06,0.88,2.0299,-0.0561,-1.2488,0.1419,0.0131,0.3129,-0.75,1.63,0.0858,0.3256,-0.1541,0.5413,1.0646,0
2011-09-07,0.92,2.0454,-0.0532,-1.2735,0.189,0.0123,0.311,-0.75,1.67,0.1358,0.4045,-0.1329,0.5032,1.0878,0
2011-09-08,0.88,2.0319,-0.0548,-1.2716,0.1629,0.0117,0.2367,-0.85,1.73,0.1081,0.3652,-0.1491,0.5031,1.0682,0
2011-09-09,0.81,2.0153,-0.0566,-1.2699,0.1267,-0.0055,0.2467,-0.84,1.65,0.0701,0.3078,-0.1675,0.5077,1.0369,0
2011-09-12,0.87,2.0206,-0.0514,-1.2298,0.1226,0.008,0.282,-0.76,1.63,0.0712,0.2934,-0.151,0.5686,1.0547,0
2011-09-13,0.89,2.0338,-0.05,-1.2541,0.1586,0.0017,0.3257,-0.72,1.61,0.1086,0.3526,-0.1355,0.5356,1.0731,0
2011-09-14,0.91,2.0415,-0.0474,-1.2522,0.1742,-0.0061,0.3698,-0.67,1.58,0.1268,0.3751,-0.1215,0.541,1.0803,0
2011-09-15,0.95,2.0571,-0.0463,-1.2719,0.2157,-0.0046,0.3385,-0.78,1.73,0.1694,0.4433,-0.1044,0.5114,1.1008,0
2011-09-16,0.94,2.0567,-0.0472,-1.2758,0.2112,-0.0049,0.3318,-0.75,1.69,0.164,0.4339,-0.106,0.5109,1.0942,0
2011-09-19,0.85,2.0283,-0.0525,-1.2695,0.1516,-0.0079,0.37,-0.76,1.61,0.0991,0.3432,-0.1449,0.5148,1.0519,0
2011-09-20,0.85,2.0214,-0.0518,-1.2545,0.1382,-0.0033,0.3327,-0.82,1.67,0.0864,0.3225,-0.1497,0.5308,1.0443,0
2011-09-21,0.88,2.0083,-0.0446,-1.171,0.0787,0.0086,0.3285,-0.78,1.66,0.0341,0.2143,-0.1462,0.657,1.0454,0
2011-09-22,0.79,1.9685,-0.0418,-1.1245,-0.0174,0.0052,0.4399,-0.7,1.49,-0.0592,0.0572,-0.1756,0.7276,0.9934,0
2011-09-23,0.89,1.9955,-0.0336,-1.13,0.0474,0.0106,0.4976,-0.59,1.48,0.0138,0.1596,-0.1319,0.7198,1.0417,0
2011-09-26,0.92,2.0129,-0.0307,-1.1469,0.0885,-0.0038,0.4725,-0.56,1.48,0.0578,0.225,-0.1095,0.6987,1.07,0
2011-09-27,0.97,2.0361,-0.0296,-1.1745,0.1457,-0.0077,0.4162,-0.6,1.57,0.1161,0.3183,-0.086,0.6595,1.1048,0
2011-09-28,0.99,2.0451,-0.0306,-1.1874,0.1607,0.0022,0.4344,-0.58,1.57,0.1301,0.3403,-0.08,0.6476,1.1144,0
2011-09-29,0.98,2.0378,-0.0315,-1.1654,0.1339,0.0052,0.4634,-0.56,1.54,0.1024,0.294,-0.0892,0.6808,1.1067,0
2011-09-30,0.96,2.0221,-0.0321,-1.1399,0.0958,0.0141,0.4943,-0.54,1.5,0.0637,0.2328,-0.1055,0.7131,1.089,0
2011-10-03,0.87,1.9873,-0.0329,-1.1062,0.0195,0.0023,0.4682,-0.61,1.48,-0.0134,0.1126,-0.1394,0.7551,1.0421,0
2011-10-04,0.9,1.9897,-0.0284,-1.0949,0.0245,0.009,0.4555,-0.59,1.49,-0.0039,0.1186,-0.1263,0.7724,1.049,0
2011-10-05,0.96,2.0154,-0.0238,-1.1132,0.0834,-0.0019,0.4714,-0.54,1.5,0.0596,0.2109,-0.0916,0.751,1.0862,0
2011-10-06,1.01,2.0363,-0.0213,-1.1323,0.1339,-0.0067,0.4202,-0.57,1.58,0.1126,0.2917,-0.0664,0.725,1.1158,0
2011-10-07,1.08,2.0626,-0.0177,-1.1301,0.1808,-0.0156,0.3987,-0.55,1.63,0.1631,0.3607,-0.0345,0.7349,1.1599,0
2011-10-11,1.14,2.0852,-0.0159,-1.1414,0.2266,-0.0145,0.419,-0.51,1.65,0.2107,0.4316,-0.0101,0.7229,1.1952,0
2011-10-12,1.17,2.1007,-0.0184,-1.1773,0.2721,-0.007,0.4196,-0.5,1.67,0.2537,0.5091,-0.0018,0.6679,1.2129,0
2011-10-13,1.11,2.0905,-0.0235,-1.1905,0.2479,-0.0144,0.4604,-0.5,1.61,0.2244,0.471,-0.0222,0.6534,1.1868,0
2011-10-14,1.12,2.1033,-0.0269,-1.2228,0.2899,-0.0234,0.4497,-0.54,1.66,0.263,0.5446,-0.0187,0.5988,1.2017,0
2011-10-17,1.08,2.0854,-0.0298,-1.1989,0.2413,-0.018,0.4392,-0.58,1.66,0.2115,0.4649,-0.0419,0.633,1.174,0
2011-10-18,1.07,2.0858,-0.032,-1.2136,0.2498,-0.02,0.4045,-0.65,1.72,0.2178,0.4828,-0.0472,0.6072,1.1751,0
2011-10-19,1.05,2.0827,-0.0336,-1.2172,0.2405,-0.0223,0.4232,-0.66,1.71,0.2069,0.4671,-0.0533,0.6053,1.1661,0
2011-10-20,1.07,2.0869,-0.0335,-1.2218,0.2548,-0.0164,0.4181,-0.65,1.72,0.2213,0.4918,-0.0492,0.5946,1.1719,0
2011-10-21,1.08,2.0957,-0.0337,-1.2446,0.2805,-0.0179,0.4024,-0.66,1.74,0.2468,0.5347,-0.0411,0.5631,1.1794,0
2011-10-24,1.1,2.1027,-0.0327,-1.2334,0.2875,-0.0241,0.3799,-0.66,1.76,0.2548,0.5425,-0.0329,0.5816,1.1935,0
2011-10-25,1.01,2.0706,-0.0364,-1.2242,0.2233,-0.0233,0.3282,-0.75,1.76,0.1869,0.4445,-0.0706,0.5888,1.1433,0
2011-10-26,1.09,2.0929,-0.0328,-1.2215,0.2675,-0.0161,0.3059,-0.74,1.83,0.2347,0.5118,-0.0424,0.5943,1.1818,0
2011-10-27,1.2,2.1427,-0.0302,-1.2707,0.3819,-0.0238,0.2806,-0.74,1.94,0.3517,0.6948,0.0087,0.529,1.2553,0
2011-10-28,1.13,2.1245,-0.0352,-1.2811,0.342,-0.0202,0.2627,-0.8,1.93,0.3068,0.632,-0.0184,0.5182,1.2162,0
2011-10-31,0.99,2.0779,-0.0427,-1.2657,0.2435,-0.0231,0.2473,-0.89,1.88,0.2008,0.4796,-0.0779,0.5335,1.1408,0
2011-11-01,0.9,2.0357,-0.0437,-1.2174,0.1487,-0.0233,0.2148,-0.92,1.82,0.105,0.3288,-0.1189,0.5944,1.0829,0
2011-11-02,0.89,2.0338,-0.0434,-1.2345,0.1567,-0.0226,0.172,-1.02,1.91,0.1133,0.3465,-0.1198,0.5661,1.0786,0
2011-11-03,0.91,2.05,-0.0434,-1.2559,0.1938,-0.0345,0.2022,-1.0,1.91,0.1504,0.4055,-0.1047,0.5389,1.1,0
2011-11-04,0.88,2.0412,-0.0449,-1.2624,0.1795,-0.0334,0.1482,-1.05,1.93,0.1346,0.385,-0.1157,0.5284,1.0813,0
2011-11-07,0.88,2.0354,-0.0436,-1.2338,0.1569,-0.035,0.1199,-1.06,1.94,0.1133,0.3452,-0.1185,0.5698,1.08,0
2011-11-08,0.92,2.0525,-0.042,-1.2549,0.1984,-0.034,0.1529,-0.97,1.89,0.1564,0.4117,-0.0989,0.5423,1.1026,0
2011-11-09,0.88,2.0289,-0.0434,-1.2209,0.1357,-0.0203,0.1969,-0.99,1.87,0.0923,0.3087,-0.124,0.5917,1.0705,0
2011-11-10,0.9,2.0394,-0.0409,-1.2315,0.1673,-0.0343,0.158,-0.98,1.88,0.1264,0.3612,-0.1084,0.573,1.0874,0
2011-11-14,0.91,2.0398,-0.0413,-1.2314,0.1646,-0.0217,0.1892,-0.93,1.84,0.1233,0.3558,-0.1093,0.5758,1.0888,0
2011-11-15,0.93,2.0449,-0.0406,-1.2248,0.1725,-0.022,0.2314,-0.83,1.76,0.1319,0.3674,-0.1036,0.5845,1.101,0
2011-11-16,0.9,2.0327,-0.04,-1.2064,0.1391,-0.0253,0.2628,-0.78,1.68,0.0991,0.3112,-0.113,0.6142,1.0832,0
2011-11-17,0.88,2.0195,-0.0387,-1.1804,0.1042,-0.0245,0.3043,-0.71,1.59,0.0655,0.2529,-0.122,0.6516,1.0684,0
2011-11-18,0.94,2.0314,-0.0327,-1.1642,0.1312,-0.0257,0.2762,-0.7,1.64,0.0985,0.2948,-0.0978,0.671,1.0955,0
2011-11-21,0.92,2.0235,-0.0327,-1.1557,0.1073,-0.0224,0.3152,-0.67,1.59,0.0746,0.2543,-0.1051,0.6881,1.0863,0
2011-11-22,0.91,2.0139,-0.0338,-1.1515,0.0924,-0.011,0.314,-0.69,1.6,0.0586,0.234,-0.1169,0.687,1.0748,0
2011-11-23,0.88,1.9979,-0.0332,-1.1231,0.0503,-0.0119,0.2806,-0.73,1.61,0.0171,0.1646,-0.1304,0.7273,1.056,0
2011-11-25,0.93,2.0184,-0.0314,-1.1411,0.1005,-0.0165,0.2843,-0.71,1.64,0.0691,0.2464,-0.1081,0.7001,1.0906,0
2011-11-28,0.91,2.0177,-0.034,-1.1617,0.1064,-0.0185,0.2513,-0.75,1.66,0.0724,0.2593,-0.1145,0.6691,1.0839,0
2011-11-29,0.93,2.0271,-0.0335,-1.1705,0.126,-0.0191,0.2252,-0.77,1.7,0.0925,0.2889,-0.1039,0.6602,1.0915,0
2011-11-30,0.96,2.0475,-0.0357,-1.2158,0.1831,-0.019,0.1912,-0.8,1.76,0.1474,0.3851,-0.0904,0.5939,1.1159,0
2011-12-01,0.97,2.0573,-0.0373,-1.231,0.2009,-0.0199,0.1941,-0.79,1.76,0.1636,0.4118,-0.0847,0.578,1.123,0
2011-12-02,0.92,2.0407,-0.0401,-1.216,0.1625,-0.0272,0.1716,-0.84,1.76,0.1224,0.3514,-0.1066,0.5957,1.0987,0
2011-12-05,0.93,2.0391,-0.0388,-1.2074,0.1601,-0.023,0.1619,-0.84,1.77,0.1213,0.3475,-0.1049,0.6055,1.0974,0
2011-12-06,0.94,2.0498,-0.0389,-1.2317,0.1862,-0.0254,0.1631,-0.89,1.83,0.1473,0.3895,-0.0948,0.576,1.1076,0
2011-12-07,0.89,2.0348,-0.0436,-1.2383,0.1561,-0.019,0.173,-0.82,1.71,0.1125,0.3443,-0.1193,0.5647,1.0811,0
2011-12-08,0.86,2.0247,-0.0458,-1.2349,0.1336,-0.0176,0.2283,-0.79,1.65,0.0878,0.3089,-0.1334,0.5686,1.0619,0
2011-12-09,0.89,2.0427,-0.0461,-1.2592,0.1829,-0.0303,0.2287,-0.75,1.64,0.1368,0.3918,-0.1182,0.5285,1.0891,0
2011-12-12,0.87,2.0332,-0.0469,-1.2449,0.1577,-0.0292,0.1909,-0.77,1.64,0.1108,0.3505,-0.1288,0.5487,1.0753,0
2011-12-13,0.85,2.016,-0.0465,-1.2088,0.1099,-0.0206,0.1848,-0.8,1.65,0.0634,0.271,-0.1441,0.5997,1.0573,0
2011-12-14,0.86,2.0056,-0.042,-1.1646,0.0729,-0.0119,0.2339,-0.74,1.6,0.0309,0.205,-0.1432,0.6669,1.0503,0
2011-12-15,0.86,2.0053,-0.0399,-1.1698,0.0776,-0.0132,0.2558,-0.75,1.61,0.0377,0.2142,-0.1387,0.659,1.0522,0
2011-12-16,0.81,1.9882,-0.0407,-1.1661,0.0433,-0.0147,0.2431,-0.77,1.58,0.0026,0.1607,-0.1554,0.6641,1.0238,0
2011-12-19,0.82,1.9762,-0.0379,-1.1322,0.0113,0.0026,0.2,-0.82,1.64,-0.0266,0.107,-0.1601,0.7105,1.0135,0
2011-12-20,0.88,2.0028,-0.0347,-1.1661,0.0824,-0.0044,0.146,-0.84,1.72,0.0477,0.224,-0.1286,0.6603,1.0541,0
2011-12-21,0.91,2.0174,-0.033,-1.1662,0.1023,-0.0105,0.1485,-0.79,1.7,0.0693,0.2497,-0.1111,0.6707,1.0756,0
2011-12-22,0.91,2.0185,-0.0317,-1.1637,0.1013,-0.0144,0.1727,-0.73,1.64,0.0696,0.2458,-0.1066,0.6786,1.0752,0
2011-12-23,0.97,2.035,-0.0283,-1.1603,0.1358,-0.0122,0.149,-0.71,1.68,0.1075,0.2992,-0.0842,0.683,1.1063,0
2011-12-27,0.96,2.0355,-0.0292,-1.1581,0.1337,-0.0219,0.1812,-0.69,1.65,0.1045,0.2956,-0.0865,0.6863,1.1107,0
2011-12-28,0.91,2.0115,-0.0297,-1.1285,0.0762,-0.0195,0.1886,-0.72,1.63,0.0465,0.2024,-0.1094,0.7271,1.0754,0
2011-12-29,0.88,2.0045,-0.0312,-1.1272,0.0635,-0.0296,0.2133,-0.73,1.61,0.0323,0.1848,-0.1201,0.7248,1.0705,0
2011-12-30,0.83,1.9974,-0.0347,-1.1522,0.0611,-0.0416,0.223,-0.76,1.59,0.0264,0.1869,-0.1341,0.6847,1.0523,0
2012-01-03,0.89,2.0168,-0.0337,-1.1639,0.1036,-0.0328,0.1989,-0.77,1.66,0.0699,0.2542,-0.1144,0.6686,1.0812,0
2012-01-04,0.89,2.0238,-0.0351,-1.1883,0.1279,-0.0383,0.1375,-0.82,1.71,0.0928,0.2965,-0.111,0.6318,1.0869,0
2012-01-05,0.88,2.0272,-0.0376,-1.2005,0.1354,-0.0444,0.1099,-0.86,1.74,0.0978,0.3095,-0.114,0.6149,1.0899,0
2012-01-06,0.86,2.0205,-0.0384,-1.1947,0.1161,-0.0435,0.1238,-0.85,1.71,0.0777,0.2767,-0.1212,0.6269,1.074,0
2012-01-09,0.85,2.0167,-0.0396,-1.2021,0.1132,-0.0382,0.1108,-0.88,1.73,0.0736,0.2745,-0.1272,0.6137,1.0661,0
2012-01-10,0.86,2.0236,-0.0401,-1.2079,0.1262,-0.0417,0.1564,-0.84,1.7,0.0861,0.2941,-0.122,0.6076,1.0749,0
2012-01-11,0.82,2.0055,-0.0424,-1.1966,0.0868,-0.0333,0.1642,-0.85,1.67,0.0444,0.2326,-0.1438,0.6207,1.0462,0
2012-01-12,0.84,2.0085,-0.0421,-1.1942,0.0964,-0.0286,0.1676,-0.85,1.69,0.0543,0.2496,-0.141,0.619,1.0552,0
2012-01-13,0.8,1.9937,-0.0433,-1.1805,0.0605,-0.0303,0.1531,-0.89,1.69,0.0172,0.1916,-0.1573,0.6387,1.0338,0
2012-01-17,0.79,1.9874,-0.0431,-1.1755,0.0521,-0.0309,0.1272,-0.91,1.7,0.009,0.1806,-0.1626,0.6403,1.0265,0
2012-01-18,0.82,1.9989,-0.0428,-1.1878,0.078,-0.0263,0.1181,-0.91,1.73,0.0352,0.2224,-0.1521,0.6239,1.0458,0
2012-01-19,0.87,2.0223,-0.0425,-1.2135,0.1333,-0.0296,0.1121,-0.88,1.75,0.0908,0.3117,-0.13,0.5879,1.0779,0
2012-01-20,0.91,2.0371,-0.0426,-1.2237,0.161,-0.0218,0.1162,-0.85,1.76,0.1184,0.3533,-0.1166,0.5785,1.097,0
2012-01-23,0.93,2.0475,-0.0432,-1.2387,0.1868,-0.0224,0.1129,-0.84,1.77,0.1436,0.3955,-0.1084,0.5569,1.1088,0
2012-01-24,0.92,2.0451,-0.0445,-1.2407,0.1813,-0.0212,0.0833,-0.89,1.81,0.1368,0.387,-0.1135,0.5542,1.1031,0
2012-01-25,0.81,2.0219,-0.0514,-1.268,0.1444,-0.037,0.0077,-1.02,1.83,0.093,0.3363,-0.1502,0.5107,1.0588,0
2012-01-26,0.77,2.0082,-0.0562,-1.265,0.1149,-0.0319,-0.0163,-1.09,1.86,0.0587,0.2917,-0.1744,0.5102,1.0376,0
2012-01-27,0.75,1.9997,-0.0577,-1.2525,0.0937,-0.0332,-0.0257,-1.13,1.88,0.036,0.2581,-0.186,0.5251,1.0261,0
2012-01-30,0.73,1.985,-0.0573,-1.2238,0.0549,-0.0288,-0.0424,-1.14,1.87,-0.0024,0.194,-0.1988,0.5649,1.0087,0
2012-01-31,0.71,1.9731,-0.0564,-1.2059,0.0257,-0.0265,-0.0633,-1.17,1.88,-0.0307,0.1461,-0.2076,0.5904,0.9954,0
2012-02-01,0.72,1.9815,-0.0563,-1.2223,0.049,-0.0319,-0.0849,-1.17,1.89,-0.0073,0.1856,-0.2003,0.5663,1.0101,0
2012-02-02,0.71,1.9772,-0.0576,-1.2172,0.0359,-0.0283,-0.1033,-1.18,1.89,-0.0217,0.1643,-0.2077,0.574,1.0058,0
2012-02-03,0.78,2.0061,-0.0563,-1.2435,0.1025,-0.0288,-0.0653,-1.1,1.88,0.0462,0.271,-0.1785,0.5378,1.0478,0
2012-02-06,0.76,1.9965,-0.0575,-1.2346,0.0797,-0.0241,-0.1003,-1.15,1.91,0.0222,0.2342,-0.1898,0.5499,1.032,0
2012-02-07,0.82,2.0169,-0.0555,-1.2394,0.1209,-0.023,-0.0896,-1.13,1.95,0.0654,0.2981,-0.1673,0.5448,1.0667,0
2012-02-08,0.82,2.0182,-0.0549,-1.2345,0.1206,-0.0293,-0.0938,-1.09,1.91,0.0657,0.296,-0.1646,0.5534,1.0694,0
2012-02-09,0.86,2.029,-0.0533,-1.2287,0.1366,-0.0236,-0.0728,-1.05,1.91,0.0833,0.3183,-0.1517,0.5653,1.0903,0
2012-02-10,0.81,2.0093,-0.0538,-1.2101,0.0928,-0.0282,-0.0977,-1.07,1.88,0.039,0.2488,-0.1708,0.5894,1.0628,0
2012-02-13,0.85,2.0173,-0.0516,-1.1946,0.1019,-0.023,-0.1173,-1.12,1.97,0.0503,0.2603,-0.1597,0.6127,1.0858,0
2012-02-14,0.81,2.0014,-0.0518,-1.1695,0.0598,-0.0299,-0.1283,-1.11,1.92,0.008,0.1913,-0.1753,0.6486,1.0682,0
2012-02-15,0.81,2.0021,-0.0519,-1.1918,0.0751,-0.0235,-0.1199,-1.09,1.9,0.0232,0.2202,-0.1739,0.6132,1.0627,0
2012-02-16,0.87,2.0187,-0.0479,-1.181,0.1039,-0.0236,-0.1322,-1.06,1.93,0.056,0.2616,-0.1497,0.632,1.0918,0
2012-02-17,0.88,2.026,-0.047,-1.1925,0.1221,-0.0286,-0.1277,-1.05,1.93,0.0751,0.2909,-0.1407,0.6177,1.1011,0
2012-02-21,0.92,2.0364,-0.0446,-1.1879,0.1405,-0.0244,-0.1526,-1.06,1.98,0.0959,0.3177,-0.1258,0.6268,1.1191,0
2012-02-22,0.88,2.0242,-0.0465,-1.1898,0.1164,-0.0243,-0.1844,-1.11,1.99,0.0699,0.2806,-0.1408,0.6237,1.098,0
2012-02-23,0.88,2.0193,-0.0458,-1.1655,0.0942,-0.0222,-0.224,-1.16,2.04,0.0484,0.2412,-0.1444,0.6609,1.0977,0
2012-02-24,0.89,2.0193,-0.0437,-1.1504,0.091,-0.0263,-0.196,-1.14,2.03,0.0473,0.2345,-0.1399,0.6817,1.1021,0
2012-02-27,0.84,2.0028,-0.0457,-1.1505,0.0591,-0.0257,-0.193,-1.18,2.02,0.0134,0.1861,-0.1593,0.6796,1.0759,0
2012-02-28,0.84,2.0043,-0.0457,-1.1551,0.066,-0.0295,-0.2085,-1.15,1.99,0.0203,0.1988,-0.1581,0.6708,1.0787,0
2012-02-29,0.87,2.0152,-0.0441,-1.1614,0.0893,-0.029,-0.1902,-1.12,1.99,0.0452,0.2343,-0.144,0.6646,1.0927,0
2012-03-01,0.89,2.03,-0.0446,-1.191,0.1301,-0.0345,-0.179,-1.1,1.99,0.0855,0.3023,-0.1314,0.6221,1.1098,0
2012-03-02,0.84,2.0193,-0.048,-1.1993,0.1062,-0.0383,-0.1645,-1.11,1.95,0.0582,0.2648,-0.1483,0.6135,1.0851,0
2012-03-05,0.87,2.0249,-0.0476,-1.1811,0.1097,-0.0358,-0.1324,-1.07,1.94,0.0621,0.2675,-0.1434,0.6383,1.1012,0
2012-03-06,0.83,2.0111,-0.0492,-1.1801,0.0838,-0.0356,-0.1199,-1.09,1.92,0.0346,0.2284,-0.1592,0.6372,1.0773,0
2012-03-07,0.85,2.0165,-0.0475,-1.1704,0.091,-0.0397,-0.1461,-1.13,1.98,0.0435,0.2382,-0.1511,0.6515,1.0917,0
2012-03-08,0.89,2.0289,-0.0456,-1.1771,0.119,-0.0351,-0.1692,-1.12,2.01,0.0734,0.2822,-0.1355,0.6429,1.112,0
2012-03-09,0.9,2.0336,-0.0437,-1.176,0.1275,-0.0414,-0.2043,-1.17,2.07,0.0838,0.2939,-0.1263,0.6475,1.1179,0
2012-03-12,0.92,2.034,-0.043,-1.1619,0.1206,-0.0297,-0.2155,-1.14,2.06,0.0776,0.2803,-0.1251,0.6694,1.1254,0
2012-03-13,0.99,2.0593,-0.0392,-1.1692,0.1741,-0.0351,-0.2261,-1.14,2.13,0.1349,0.3635,-0.0936,0.6616,1.1672,0
2012-03-14,1.13,2.1055,-0.0315,-1.1714,0.2631,-0.0356,-0.1908,-1.02,2.15,0.2316,0.497,-0.0339,0.6686,1.2422,0
2012-03-15,1.11,2.105,-0.0337,-1.2009,0.2709,-0.0313,-0.2017,-1.02,2.13,0.2372,0.513,-0.0386,0.6282,1.2334,0
2012-03-16,1.13,2.111,-0.0332,-1.1984,0.284,-0.0334,-0.2047,-0.99,2.12,0.2508,0.5338,-0.0321,0.6297,1.2419,0
2012-03-19,1.2,2.1326,-0.03,-1.1957,0.3236,-0.0304,-0.1838,-0.93,2.13,0.2936,0.5923,-0.0051,0.6382,1.2772,0
2012-03-20,1.22,2.1332,-0.0273,-1.1786,0.3189,-0.0262,-0.194,-0.93,2.15,0.2916,0.5815,0.0017,0.6646,1.2817,0
2012-03-21,1.15,2.1136,-0.0301,-1.1832,0.2827,-0.033,-0.1929,-0.96,2.11,0.2526,0.5273,-0.0221,0.6557,1.2485,0
2012-03-22,1.13,2.1087,-0.0311,-1.1884,0.2739,-0.0331,-0.171,-0.93,2.06,0.2428,0.5143,-0.0287,0.6488,1.2377,0
2012-03-23,1.1,2.0972,-0.0322,-1.18,0.2506,-0.0356,-0.1685,-0.94,2.04,0.2184,0.4785,-0.0416,0.6571,1.2206,0
2012-03-26,1.09,2.0966,-0.0344,-1.1927,0.2547,-0.0342,-0.1352,-0.93,2.02,0.2203,0.4883,-0.0477,0.6359,1.2192,0
2012-03-27,1.04,2.0798,-0.0381,-1.2005,0.2246,-0.0258,-0.1543,-0.97,2.01,0.1865,0.4441,-0.0711,0.6217,1.1875,0
2012-03-28,1.05,2.0831,-0.0378,-1.1949,0.2288,-0.0292,-0.1461,-0.98,2.03,0.191,0.4496,-0.0675,0.6297,1.1939,0
2012-03-29,1.01,2.0728,-0.039,-1.1911,0.206,-0.0388,-0.147,-0.98,1.99,0.167,0.4138,-0.0797,0.635,1.1778,0
2012-03-30,1.04,2.0871,-0.0394,-1.2107,0.2423,-0.0392,-0.1474,-0.98,2.02,0.2029,0.4739,-0.0681,0.6054,1.1997,0
2012-04-02,1.03,2.0836,-0.0407,-1.2159,0.2358,-0.0328,-0.189,-1.01,2.04,0.1951,0.4639,-0.0738,0.5988,1.1899,0
2012-04-03,1.1,2.1069,-0.0374,-1.2036,0.2707,-0.0366,-0.1508,-0.94,2.04,0.2333,0.5121,-0.0456,0.6244,1.2314,0
2012-04-04,1.05,2.0938,-0.0396,-1.2167,0.2498,-0.0373,-0.105,-0.91,1.96,0.2102,0.4822,-0.0619,0.6051,1.2045,0
2012-04-05,1.01,2.0779,-0.0412,-1.2048,0.2153,-0.0372,-0.0989,-0.94,1.95,0.1741,0.4282,-0.08,0.6189,1.181,0
2012-04-06,0.89,2.0412,-0.0458,-1.1969,0.141,-0.0494,-0.1053,-0.96,1.85,0.0952,0.3144,-0.1241,0.625,1.1237,0
2012-04-09,0.9,2.0359,-0.0452,-1.1753,0.1266,-0.042,-0.1095,-0.94,1.84,0.0814,0.2914,-0.1285,0.6506,1.124,0
2012-04-10,0.85,2.0198,-0.0479,-1.1833,0.1036,-0.0422,-0.1428,-1.02,1.87,0.0557,0.2606,-0.1492,0.6316,1.0977,0
2012-04-11,0.89,2.0298,-0.0465,-1.189,0.127,-0.0312,-0.1827,-1.06,1.95,0.0805,0.2976,-0.1367,0.6236,1.1119,0
2012-04-12,0.9,2.0402,-0.0471,-1.206,0.1507,-0.0378,-0.1685,-1.01,1.91,0.1036,0.3355,-0.1283,0.6023,1.1232,0
2012-04-13,0.86,2.0248,-0.0484,-1.1933,0.1143,-0.0375,-0.1695,-1.05,1.91,0.0659,0.2767,-0.1448,0.6208,1.0965,0
2012-04-16,0.85,2.0193,-0.0481,-1.1792,0.0977,-0.0397,-0.1621,-1.04,1.89,0.0496,0.2489,-0.1497,0.6408,1.0936,0
2012-04-17,0.88,2.0266,-0.0472,-1.1953,0.1234,-0.0275,-0.1752,-1.03,1.91,0.0762,0.293,-0.1405,0.6146,1.102,0
2012-04-18,0.86,2.0217,-0.0474,-1.1862,0.1053,-0.0334,-0.1598,-1.01,1.87,0.0579,0.2612,-0.1454,0.6322,1.0942,0
2012-04-19,0.84,2.0168,-0.0468,-1.1815,0.0961,-0.0446,-0.1064,-1.07,1.91,0.0493,0.2466,-0.1481,0.638,1.0853,0
2012-04-20,0.86,2.0172,-0.0462,-1.1802,0.1009,-0.0317,-0.1315,-1.1,1.96,0.0547,0.2562,-0.1468,0.6355,1.0899,0
2012-04-23,0.83,2.0079,-0.0477,-1.179,0.0813,-0.0325,-0.1413,-1.12,1.95,0.0336,0.2259,-0.1586,0.6366,1.0749,0
2012-04-24,0.86,2.0165,-0.0469,-1.1775,0.0983,-0.0304,-0.1611,-1.15,2.01,0.0514,0.2525,-0.1496,0.638,1.092,0
2012-04-25,0.86,2.0196,-0.0482,-1.1928,0.1107,-0.0292,-0.1656,-1.16,2.02,0.0625,0.2746,-0.1497,0.6146,1.0933,0
2012-04-26,0.83,2.012,-0.05,-1.186,0.0906,-0.0366,-0.2003,-1.21,2.04,0.0406,0.2425,-0.1613,0.6241,1.0837,0
2012-04-27,0.82,2.008,-0.0505,-1.1847,0.0846,-0.0374,-0.2064,-1.24,2.06,0.0341,0.2339,-0.1657,0.6235,1.0754,0
2012-04-30,0.82,2.0061,-0.0515,-1.1824,0.0773,-0.0295,-0.2094,-1.24,2.06,0.0258,0.2219,-0.1702,0.6276,1.0744,0
2012-05-01,0.84,2.0136,-0.0509,-1.1841,0.0919,-0.0305,-0.212,-1.22,2.06,0.041,0.2441,-0.1621,0.6264,1.0867,0
2012-05-02,0.82,2.006,-0.0512,-1.174,0.0723,-0.0331,-0.2089,-1.22,2.04,0.0211,0.2119,-0.1697,0.6412,1.0756,0
2012-05-03,0.82,2.0076,-0.051,-1.1766,0.0774,-0.0374,-0.1916,-1.19,2.01,0.0264,0.2206,-0.1677,0.6368,1.0784,0
2012-05-04,0.78,1.994,-0.0518,-1.1692,0.0467,-0.0397,-0.1597,-1.15,1.93,-0.0051,0.1713,-0.1815,0.6483,1.0551,0
2012-05-07,0.79,1.9937,-0.0518,-1.1687,0.0501,-0.0333,-0.1464,-1.15,1.94,-0.0017,0.1787,-0.1822,0.6446,1.0582,0
2012-05-08,0.77,1.9842,-0.0515,-1.1538,0.0252,-0.0341,-0.1511,-1.18,1.95,-0.0263,0.1379,-0.1905,0.6661,1.0464,0
2012-05-09,0.77,1.9819,-0.0507,-1.1445,0.0168,-0.0335,-0.1367,-1.17,1.94,-0.0339,0.1229,-0.1907,0.6806,1.0457,0
2012-05-10,0.79,1.9864,-0.0498,-1.149,0.031,-0.0285,-0.1398,-1.17,1.96,-0.0188,0.147,-0.1846,0.6716,1.0532,0
2012-05-11,0.75,1.9762,-0.0502,-1.1341,-0.0007,-0.0412,-0.1261,-1.16,1.91,-0.0509,0.093,-0.1948,0.6982,1.0388,0
2012-05-14,0.73,1.9611,-0.0493,-1.1098,-0.0365,-0.0355,-0.1375,-1.18,1.91,-0.0858,0.0351,-0.2067,0.7304,1.0209,0
2012-05-15,0.74,1.9552,-0.0463,-1.0864,-0.0526,-0.0299,-0.1532,-1.18,1.92,-0.0989,0.0075,-0.2054,0.7623,1.019,0
2012-05-16,0.75,1.9548,-0.044,-1.0747,-0.0576,-0.0285,-0.1145,-1.14,1.89,-0.1016,-0.0027,-0.2005,0.7813,1.0222,0
2012-05-17,0.74,1.9396,-0.0403,-1.0257,-0.1029,-0.0306,-0.123,-1.13,1.87,-0.1432,-0.08,-0.2065,0.8506,1.0121,0
2012-05-18,0.75,1.9411,-0.0362,-1.0218,-0.0993,-0.0338,-0.1263,-1.1,1.85,-0.1355,-0.0755,-0.1954,0.8593,1.0184,0
2012-05-21,0.75,1.9455,-0.0352,-1.0435,-0.0789,-0.0378,-0.1452,-1.11,1.86,-0.1141,-0.04,-0.1883,0.8278,1.0208,0
2012-05-22,0.78,1.9564,-0.0345,-1.0552,-0.0556,-0.0311,-0.1387,-1.09,1.87,-0.0901,-0.0036,-0.1765,0.8147,1.0354,0
2012-05-23,0.74,1.944,-0.0353,-1.044,-0.0868,-0.0379,-0.1062,-1.06,1.8,-0.1221,-0.0552,-0.189,0.8331,1.013,0
2012-05-24,0.77,1.9544,-0.0331,-1.04,-0.0658,-0.0455,-0.0952,-1.02,1.79,-0.0989,-0.0227,-0.1752,0.8382,1.0349,0
2012-05-25,0.76,1.9494,-0.0338,-1.0406,-0.0775,-0.0375,-0.081,-1.02,1.78,-0.1113,-0.0412,-0.1813,0.8388,1.0265,0
2012-05-29,0.76,1.9476,-0.0333,-1.0321,-0.0841,-0.0381,-0.0655,-1.0,1.76,-0.1174,-0.0531,-0.1818,0.8512,1.0257,0
2012-05-30,0.69,1.919,-0.0357,-1.0213,-0.1415,-0.0305,-0.0568,-1.02,1.71,-0.1772,-0.1416,-0.2128,0.8621,0.9789,0
2012-05-31,0.67,1.9062,-0.0358,-1.0043,-0.1708,-0.0254,-0.0874,-1.05,1.72,-0.2066,-0.1876,-0.2255,0.883,0.9658,0
2012-06-01,0.62,1.8767,-0.0333,-0.9554,-0.2443,-0.0237,-0.0716,-1.03,1.65,-0.2776,-0.309,-0.2461,0.9528,0.9257,0
2012-06-04,0.68,1.8905,-0.0286,-0.9565,-0.205,-0.0204,-0.0763,-1.01,1.69,-0.2336,-0.2441,-0.2231,0.9445,0.9554,0
2012-06-05,0.68,1.9001,-0.0295,-0.987,-0.1753,-0.0284,-0.1023,-1.03,1.71,-0.2048,-0.193,-0.2165,0.9014,0.9683,0
2012-06-06,0.73,1.925,-0.0285,-1.0107,-0.1243,-0.0316,-0.0895,-1.0,1.73,-0.1528,-0.1143,-0.1912,0.8759,1.0006,0
2012-06-07,0.72,1.9255,-0.031,-1.0196,-0.1212,-0.0337,-0.0916,-1.05,1.77,-0.1522,-0.1077,-0.1966,0.8614,0.9983,0
2012-06-08,0.71,1.9242,-0.032,-1.0133,-0.131,-0.0379,-0.1078,-1.08,1.79,-0.163,-0.1256,-0.2003,0.8736,0.9961,0
2012-06-11,0.69,1.9119,-0.0328,-0.993,-0.1595,-0.0365,-0.1124,-1.1,1.79,-0.1923,-0.1709,-0.2138,0.8974,0.9821,0
2012-06-12,0.75,1.9312,-0.0297,-0.9936,-0.1247,-0.0332,-0.1014,-1.06,1.81,-0.1544,-0.1193,-0.1895,0.9025,1.0156,0
2012-06-13,0.71,1.9142,-0.0304,-0.9778,-0.1645,-0.0316,-0.1019,-1.09,1.8,-0.1949,-0.1833,-0.2064,0.9249,0.9902,0
2012-06-14,0.73,1.924,-0.0287,-0.9814,-0.1418,-0.0421,-0.082,-1.06,1.79,-0.1705,-0.1473,-0.1937,0.9194,1.007,0
2012-06-15,0.68,1.9106,-0.0313,-0.9909,-0.162,-0.0464,-0.1475,-1.18,1.86,-0.1933,-0.1749,-0.2116,0.9014,0.9831,0
2012-06-18,0.69,1.9109,-0.0313,-0.9817,-0.1677,-0.0402,-0.1382,-1.16,1.85,-0.199,-0.1864,-0.2115,0.9166,0.9849,0
2012-06-19,0.71,1.9205,-0.0303,-0.9963,-0.1409,-0.0431,-0.1526,-1.16,1.87,-0.1712,-0.1423,-0.2,0.8954,0.996,0
2012-06-20,0.74,1.928,-0.029,-0.9797,-0.1365,-0.0428,-0.1461,-1.14,1.88,-0.1655,-0.1399,-0.191,0.9227,1.0143,0
2012-06-21,0.73,1.9242,-0.0288,-0.9759,-0.1495,-0.04,-0.0637,-1.04,1.77,-0.1783,-0.1629,-0.1937,0.9329,1.0068,0
2012-06-22,0.76,1.9371,-0.0281,-0.997,-0.1108,-0.0411,-0.031,-0.98,1.74,-0.1389,-0.0976,-0.1802,0.8988,1.0247,0
2012-06-25,0.72,1.9215,-0.0301,-0.985,-0.1476,-0.0388,-0.0349,-0.98,1.7,-0.1777,-0.1561,-0.1994,0.9148,1.0028,0
2012-06-26,0.75,1.9281,-0.0282,-0.9822,-0.1356,-0.0322,-0.0255,-0.95,1.7,-0.1638,-0.1387,-0.1889,0.9208,1.0137,0
2012-06-27,0.73,1.9238,-0.0295,-0.9821,-0.1436,-0.0387,-0.0215,-0.95,1.68,-0.1731,-0.1496,-0.1965,0.9183,1.011,0
2012-06-28,0.69,1.9111,-0.0314,-0.9738,-0.1748,-0.0411,-0.0083,-0.95,1.64,-0.2062,-0.1998,-0.2126,0.9309,0.992,0
2012-06-29,0.72,1.927,-0.0313,-1.0056,-0.1272,-0.043,-0.036,-1.0,1.72,-0.1585,-0.1194,-0.1976,0.8823,1.0108,0
2012-07-02,0.67,1.9099,-0.0335,-0.9951,-0.1722,-0.0391,-0.044,-1.04,1.71,-0.2057,-0.1937,-0.2177,0.9028,0.9798,0
2012-07-03,0.69,1.9207,-0.0328,-1.0054,-0.1416,-0.0508,-0.0671,-1.08,1.77,-0.1744,-0.1428,-0.206,0.8837,0.9962,0
2012-07-05,0.68,1.9141,-0.0343,-1.0078,-0.1555,-0.0365,-0.0894,-1.12,1.8,-0.1898,-0.1641,-0.2154,0.8806,0.9838,0
2012-07-06,0.64,1.9029,-0.0357,-1.0,-0.1792,-0.0481,-0.0757,-1.12,1.76,-0.2149,-0.2009,-0.2289,0.8889,0.9662,0
2012-07-09,0.63,1.8927,-0.0355,-0.988,-0.202,-0.0372,-0.0896,-1.14,1.77,-0.2375,-0.2378,-0.2373,0.9049,0.9508,0
2012-07-10,0.63,1.8892,-0.0349,-0.9814,-0.2069,-0.0361,-0.1101,-1.16,1.79,-0.2418,-0.2439,-0.2397,0.9099,0.9501,0
2012-07-11,0.64,1.8921,-0.034,-0.9758,-0.2066,-0.0357,-0.1037,-1.15,1.79,-0.2406,-0.2462,-0.235,0.9219,0.9566,0
2012-07-12,0.63,1.8852,-0.0337,-0.9667,-0.2212,-0.0336,-0.0897,-1.13,1.76,-0.2549,-0.2691,-0.2407,0.9327,0.9473,0
2012-07-13,0.63,1.8875,-0.0339,-0.9799,-0.2076,-0.0361,-0.1053,-1.15,1.78,-0.2415,-0.2441,-0.239,0.9102,0.9498,0
2012-07-16,0.6,1.8816,-0.0363,-0.9958,-0.214,-0.0355,-0.1134,-1.18,1.78,-0.2503,-0.2514,-0.2493,0.8868,0.9334,0
2012-07-17,0.62,1.889,-0.0366,-1.0011,-0.1969,-0.0343,-0.1021,-1.16,1.78,-0.2335,-0.224,-0.2431,0.8783,0.9434,0
2012-07-18,0.6,1.8865,-0.0386,-1.0129,-0.1985,-0.0365,-0.1082,-1.19,1.79,-0.2371,-0.2241,-0.25,0.8607,0.9355,0
2012-07-19,0.62,1.8924,-0.04,-1.0274,-0.1805,-0.0245,-0.1222,-1.2,1.82,-0.2205,-0.1933,-0.2477,0.8378,0.9415,0
2012-07-20,0.59,1.8805,-0.0421,-1.0182,-0.2102,-0.02,-0.1181,-1.18,1.77,-0.2523,-0.2412,-0.2634,0.8512,0.9218,0
2012-07-23,0.57,1.8745,-0.0428,-1.0136,-0.2221,-0.0261,-0.0957,-1.18,1.75,-0.2649,-0.2591,-0.2706,0.8552,0.9133,0
2012-07-24,0.57,1.8667,-0.0425,-0.9918,-0.2464,-0.016,-0.0652,-1.13,1.7,-0.2889,-0.3002,-0.2776,0.8862,0.9077,0
2012-07-25,0.56,1.865,-0.042,-0.9952,-0.2465,-0.0212,-0.0498,-1.12,1.68,-0.2885,-0.2995,-0.2776,0.8807,0.9036,0
2012-07-26,0.58,1.8707,-0.041,-0.995,-0.232,-0.0227,-0.066,-1.13,1.71,-0.273,-0.2754,-0.2706,0.8781,0.9163,0
2012-07-27,0.65,1.9013,-0.038,-1.0182,-0.1622,-0.0329,-0.0906,-1.14,1.79,-0.2002,-0.1645,-0.2359,0.8474,0.9626,0
2012-07-30,0.61,1.8913,-0.0415,-1.0284,-0.1835,-0.028,-0.1107,-1.17,1.78,-0.225,-0.1974,-0.2526,0.8353,0.941,0
2012-07-31,0.6,1.8852,-0.0428,-1.0316,-0.1907,-0.02,-0.1604,-1.23,1.83,-0.2335,-0.2063,-0.2608,0.8263,0.9277,0
2012-08-01,0.63,1.9003,-0.0413,-1.0362,-0.1604,-0.0324,-0.1709,-1.22,1.85,-0.2017,-0.1598,-0.2436,0.8222,0.951,0
2012-08-02,0.61,1.8881,-0.042,-1.0211,-0.1947,-0.0203,-0.1611,-1.22,1.83,-0.2367,-0.2171,-0.2563,0.8474,0.9324,0
2012-08-03,0.67,1.9105,-0.0395,-1.0398,-0.1374,-0.0238,-0.181,-1.2,1.87,-0.1769,-0.1236,-0.2302,0.8174,0.9673,0
2012-08-06,0.65,1.9087,-0.0409,-1.0462,-0.1448,-0.0268,-0.2028,-1.24,1.89,-0.1857,-0.1365,-0.2349,0.8132,0.9612,0
2012-08-07,0.71,1.9285,-0.0381,-1.0466,-0.1057,-0.028,-0.2271,-1.24,1.95,-0.1438,-0.0771,-0.2106,0.8151,0.9935,0
2012-08-08,0.73,1.9354,-0.0373,-1.0462,-0.0983,-0.0237,-0.2013,-1.19,1.92,-0.1356,-0.0688,-0.2023,0.8225,1.0035,0
2012-08-09,0.74,1.9382,-0.0379,-1.0501,-0.0915,-0.0188,-0.1791,-1.18,1.92,-0.1294,-0.0572,-0.2015,0.816,1.0086,0
2012-08-10,0.71,1.9294,-0.0391,-1.0497,-0.1085,-0.0221,-0.1724,-1.19,1.9,-0.1476,-0.0834,-0.2118,0.8155,0.9917,0
2012-08-13,0.71,1.9282,-0.0398,-1.0474,-0.1111,-0.0199,-0.1614,-1.19,1.9,-0.1509,-0.0868,-0.215,0.8167,0.9922,0
2012-08-14,0.75,1.9474,-0.0388,-1.0641,-0.0666,-0.0279,-0.1489,-1.16,1.91,-0.1054,-0.0156,-0.1952,0.7935,1.0205,0
2012-08-15,0.8,1.9684,-0.0373,-1.0811,-0.0222,-0.0279,-0.1092,-1.09,1.89,-0.0595,0.0532,-0.1721,0.7747,1.0471,0
2012-08-16,0.83,1.9789,-0.0373,-1.0931,0.0025,-0.021,-0.1018,-1.07,1.9,-0.0348,0.0925,-0.1622,0.7585,1.0594,0
2012-08-17,0.81,1.9754,-0.038,-1.0892,-0.0093,-0.0289,-0.0889,-1.05,1.86,-0.0473,0.0725,-0.167,0.7665,1.0531,0
2012-08-20,0.8,1.9742,-0.0386,-1.0912,-0.0102,-0.0342,-0.0848,-1.04,1.84,-0.0488,0.0717,-0.1694,0.7624,1.0507,0
2012-08-21,0.8,1.9697,-0.0386,-1.0831,-0.0225,-0.0255,-0.1032,-1.06,1.86,-0.0611,0.0514,-0.1736,0.7741,1.0452,0
2012-08-22,0.71,1.9432,-0.0419,-1.085,-0.0719,-0.0344,-0.1559,-1.17,1.88,-0.1138,-0.0228,-0.2048,0.7672,0.9997,0
2012-08-23,0.71,1.9329,-0.0419,-1.0701,-0.0939,-0.0169,-0.22,-1.25,1.96,-0.1358,-0.0574,-0.2143,0.7843,0.9875,0
2012-08-24,0.72,1.9365,-0.0405,-1.0634,-0.0912,-0.0214,-0.2117,-1.22,1.94,-0.1317,-0.0556,-0.2079,0.7969,0.9955,0
2012-08-27,0.7,1.9268,-0.0413,-1.0574,-0.1108,-0.0173,-0.2474,-1.27,1.97,-0.1521,-0.0852,-0.2191,0.8024,0.9839,0
2012-08-28,0.69,1.9229,-0.0413,-1.0476,-0.1209,-0.0231,-0.2749,-1.29,1.98,-0.1622,-0.1011,-0.2233,0.8142,0.983,0
2012-08-29,0.69,1.9276,-0.0411,-1.0559,-0.11,-0.0307,-0.2503,-1.26,1.95,-0.1511,-0.084,-0.2181,0.8047,0.9871,0
2012-08-30,0.66,1.9204,-0.0433,-1.0619,-0.1245,-0.0308,-0.2249,-1.26,1.92,-0.1678,-0.1059,-0.2296,0.7967,0.9723,0
2012-08-31,0.59,1.9005,-0.0478,-1.0701,-0.1563,-0.0363,-0.2619,-1.36,1.95,-0.2041,-0.1503,-0.2579,0.7767,0.9377,0
2012-09-04,0.62,1.9061,-0.0469,-1.0617,-0.1469,-0.0305,-0.2646,-1.35,1.97,-0.1938,-0.1366,-0.2511,0.7871,0.9486,0
2012-09-05,0.62,1.9087,-0.0472,-1.0698,-0.1392,-0.0325,-0.2847,-1.36,1.98,-0.1864,-0.1235,-0.2493,0.776,0.9517,0
2012-09-06,0.68,1.9304,-0.0452,-1.0814,-0.0939,-0.0299,-0.2665,-1.33,2.01,-0.1391,-0.0531,-0.2251,0.763,0.9844,0
2012-09-07,0.64,1.9254,-0.0473,-1.0954,-0.0994,-0.0432,-0.3186,-1.39,2.03,-0.1467,-0.0592,-0.2343,0.7424,0.9725,0
2012-09-10,0.66,1.9295,-0.0477,-1.0967,-0.0918,-0.0333,-0.3398,-1.42,2.08,-0.1395,-0.0476,-0.2314,0.7408,0.9779,0
2012-09-11,0.67,1.9337,-0.048,-1.1013,-0.0828,-0.0316,-0.3544,-1.44,2.11,-0.1308,-0.0332,-0.2283,0.7348,0.9828,0
2012-09-12,0.7,1.9514,-0.0489,-1.1355,-0.0361,-0.031,-0.3337,-1.42,2.12,-0.085,0.0437,-0.2136,0.6873,1.001,0
2012-09-13,0.65,1.9416,-0.0518,-1.147,-0.0493,-0.0435,-0.4631,-1.58,2.23,-0.1011,0.0268,-0.2289,0.6668,0.9817,0
2012-09-14,0.72,1.9735,-0.0507,-1.1825,0.03,-0.0502,-0.5986,-1.67,2.39,-0.0207,0.1559,-0.1974,0.6143,1.0273,0
2012-09-17,0.73,1.974,-0.052,-1.1706,0.0134,-0.0347,-0.5653,-1.58,2.31,-0.0386,0.1224,-0.1997,0.6423,1.0247,0
2012-09-18,0.71,1.9668,-0.0527,-1.1613,-0.0066,-0.0362,-0.5321,-1.52,2.23,-0.0593,0.0894,-0.2079,0.6568,1.014,0
2012-09-19,0.7,1.9596,-0.0527,-1.148,-0.0246,-0.0344,-0.5165,-1.49,2.19,-0.0773,0.0605,-0.215,0.6739,1.0083,0
2012-09-20,0.7,1.9598,-0.0518,-1.1409,-0.0269,-0.0402,-0.4803,-1.51,2.21,-0.0787,0.0557,-0.2131,0.6845,1.0111,0
2012-09-21,0.68,1.9518,-0.0524,-1.1409,-0.0403,-0.0382,-0.487,-1.5,2.18,-0.0927,0.0364,-0.2218,0.6818,0.9992,0
2012-09-24,0.68,1.9441,-0.052,-1.1224,-0.0654,-0.0243,-0.4631,-1.47,2.15,-0.1174,-0.0069,-0.2279,0.7112,0.9906,0
2012-09-25,0.66,1.9321,-0.051,-1.0984,-0.0937,-0.029,-0.466,-1.49,2.15,-0.1447,-0.0522,-0.2372,0.7412,0.98,0
2012-09-26,0.63,1.9146,-0.0494,-1.0789,-0.1337,-0.0225,-0.4613,-1.46,2.09,-0.1831,-0.1175,-0.2488,0.77,0.9534,0
2012-09-27,0.64,1.9184,-0.0486,-1.0878,-0.1199,-0.0221,-0.4672,-1.47,2.11,-0.1685,-0.0932,-0.2438,0.7552,0.9622,0
2012-09-28,0.62,1.9165,-0.0508,-1.104,-0.1171,-0.0246,-0.4601,-1.49,2.11,-0.1679,-0.0853,-0.2504,0.7299,0.9551,0
2012-10-01,0.62,1.9148,-0.051,-1.096,-0.1231,-0.0247,-0.4642,-1.49,2.11,-0.1741,-0.0957,-0.2525,0.7404,0.9533,0
2012-10-02,0.61,1.9123,-0.0507,-1.0949,-0.1262,-0.0304,-0.5209,-1.51,2.12,-0.1769,-0.0997,-0.2542,0.7401,0.9507,0
2012-10-03,0.61,1.9119,-0.0519,-1.1048,-0.125,-0.0202,-0.5389,-1.57,2.18,-0.1769,-0.0966,-0.2571,0.7268,0.9478,0
2012-10-04,0.63,1.9245,-0.0512,-1.1174,-0.0927,-0.0331,-0.604,-1.62,2.25,-0.1439,-0.0438,-0.2441,0.7069,0.9663,0
2012-10-05,0.67,1.9427,-0.0509,-1.1283,-0.059,-0.0345,-0.6062,-1.61,2.28,-0.1099,0.0075,-0.2273,0.6969,0.9942,0
2012-10-09,0.67,1.9408,-0.0514,-1.1183,-0.0714,-0.0297,-0.5922,-1.6,2.27,-0.1228,-0.0154,-0.2302,0.7151,0.9909,0
2012-10-10,0.66,1.9345,-0.0506,-1.0985,-0.0913,-0.0341,-0.5563,-1.57,2.23,-0.1419,-0.0496,-0.2342,0.7437,0.9844,0
2012-10-11,0.67,1.9314,-0.0489,-1.0891,-0.0995,-0.0239,-0.5152,-1.52,2.19,-0.1484,-0.064,-0.2327,0.758,0.9801,0
2012-10-12,0.67,1.9284,-0.0481,-1.0817,-0.105,-0.0236,-0.5052,-1.48,2.15,-0.1531,-0.0723,-0.2339,0.7659,0.9802,0
2012-10-15,0.67,1.9286,-0.0479,-1.0862,-0.1008,-0.0238,-0.5096,-1.52,2.19,-0.1487,-0.064,-0.2333,0.7578,0.9811,0
2012-10-16,0.7,1.9437,-0.0473,-1.1032,-0.0665,-0.0267,-0.4828,-1.48,2.18,-0.1138,-0.0094,-0.2182,0.7361,1.0019,0
2012-10-17,0.78,1.9684,-0.0437,-1.1037,-0.0169,-0.024,-0.4695,-1.44,2.22,-0.0606,0.0661,-0.1874,0.7379,1.0418,0
2012-10-18,0.79,1.9763,-0.0428,-1.113,0.0007,-0.0312,-0.4852,-1.43,2.22,-0.0421,0.0937,-0.1779,0.7275,1.052,0
2012-10-19,0.77,1.962,-0.0418,-1.0875,-0.0397,-0.023,-0.4861,-1.42,2.19,-0.0815,0.0253,-0.1883,0.7677,1.031,0
2012-10-22,0.79,1.9698,-0.0392,-1.0831,-0.0214,-0.0361,-0.4849,-1.39,2.18,-0.0606,0.0545,-0.1756,0.7717,1.0493,0
2012-10-23,0.77,1.9592,-0.04,-1.0806,-0.0444,-0.0242,-0.4673,-1.38,2.15,-0.0844,0.0183,-0.1871,0.7759,1.0328,0
2012-10-24,0.76,1.9606,-0.0422,-1.0969,-0.0348,-0.0267,-0.4484,-1.37,2.13,-0.077,0.037,-0.1911,0.7497,1.0339,0
2012-10-25,0.82,1.9766,-0.0388,-1.0845,-0.0046,-0.0287,-0.4264,-1.31,2.13,-0.0434,0.0824,-0.1691,0.7664,1.0631,0
2012-10-26,0.76,1.9579,-0.0398,-1.0753,-0.0499,-0.0328,-0.4373,-1.32,2.08,-0.0897,0.0083,-0.1878,0.7845,1.0323,0
2012-10-29,0.74,1.945,-0.0403,-1.0599,-0.0781,-0.0267,-0.4527,-1.35,2.09,-0.1184,-0.0355,-0.2012,0.8023,1.0179,0
2012-10-31,0.72,1.9373,-0.0407,-1.0608,-0.0887,-0.0271,-0.4969,-1.4,2.12,-0.1294,-0.0494,-0.2093,0.7966,1.0072,0
2012-11-01,0.73,1.9449,-0.0407,-1.0767,-0.07,-0.0275,-0.5011,-1.4,2.13,-0.1107,-0.0194,-0.202,0.7769,1.0143,0
2012-11-02,0.73,1.9475,-0.0418,-1.0835,-0.0669,-0.0253,-0.4602,-1.39,2.12,-0.1087,-0.0154,-0.202,0.7708,1.0149,0
2012-11-05,0.7,1.9382,-0.0432,-1.078,-0.0852,-0.0318,-0.4535,-1.37,2.07,-0.1284,-0.0432,-0.2136,0.775,1.0,0
2012-11-06,0.75,1.9532,-0.0402,-1.0738,-0.0551,-0.0341,-0.4631,-1.37,2.12,-0.0953,0.0027,-0.1933,0.7814,1.0267,0
2012-11-07,0.67,1.9251,-0.043,-1.0665,-0.1154,-0.0302,-0.4728,-1.41,2.08,-0.1584,-0.0923,-0.2245,0.7925,0.9792,0
2012-11-08,0.65,1.9099,-0.0435,-1.0477,-0.148,-0.0207,-0.4866,-1.42,2.07,-0.1915,-0.1428,-0.2403,0.8135,0.962,0
2012-11-09,0.65,1.9094,-0.0428,-1.0401,-0.1521,-0.0244,-0.4611,-1.4,2.05,-0.1949,-0.1506,-0.2392,0.825,0.964,0
2012-11-13,0.63,1.9022,-0.0434,-1.0383,-0.1659,-0.0246,-0.455,-1.41,2.04,-0.2093,-0.1714,-0.2472,0.826,0.9533,0
2012-11-14,0.63,1.9034,-0.0432,-1.0394,-0.1616,-0.0293,-0.4289,-1.39,2.02,-0.2048,-0.1638,-0.2457,0.8231,0.9554,0
2012-11-15,0.62,1.9003,-0.0431,-1.0403,-0.1669,-0.03,-0.4124,-1.38,2.0,-0.21,-0.1722,-0.2478,0.8222,0.9478,0
2012-11-16,0.62,1.8995,-0.0428,-1.0458,-0.1652,-0.0258,-0.4186,-1.39,2.01,-0.208,-0.1687,-0.2473,0.8144,0.9432,0
2012-11-19,0.64,1.9082,-0.0429,-1.0539,-0.1451,-0.0263,-0.4172,-1.39,2.03,-0.188,-0.1362,-0.2398,0.8025,0.9577,0
2012-11-20,0.67,1.9222,-0.0422,-1.0645,-0.1169,-0.0286,-0.4081,-1.38,2.05,-0.1591,-0.0925,-0.2257,0.7911,0.9777,0
2012-11-21,0.69,1.93,-0.0417,-1.0631,-0.103,-0.0322,-0.3986,-1.36,2.05,-0.1447,-0.0721,-0.2172,0.7944,0.9888,0
2012-11-23,0.7,1.9327,-0.0406,-1.0592,-0.0999,-0.0331,-0.3997,-1.36,2.06,-0.1405,-0.0686,-0.2123,0.8017,0.9943,0
2012-11-26,0.68,1.9238,-0.0417,-1.0528,-0.1204,-0.0289,-0.4077,-1.36,2.04,-0.1621,-0.1007,-0.2235,0.8097,0.9831,0
2012-11-27,0.66,1.9178,-0.0427,-1.0519,-0.1314,-0.0319,-0.4196,-1.36,2.02,-0.1741,-0.1169,-0.2312,0.8088,0.9743,0
2012-11-28,0.64,1.9128,-0.0439,-1.0569,-0.1412,-0.0308,-0.4165,-1.35,1.99,-0.1851,-0.132,-0.2381,0.8028,0.9628,0
2012-11-29,0.63,1.9097,-0.0448,-1.0572,-0.1441,-0.0337,-0.4435,-1.37,2.0,-0.1889,-0.1343,-0.2434,0.798,0.9599,0
2012-11-30,0.61,1.9092,-0.0454,-1.0712,-0.1409,-0.0416,-0.4615,-1.4,2.01,-0.1863,-0.1282,-0.2444,0.7799,0.952,0
2012-12-03,0.63,1.9116,-0.0451,-1.0664,-0.1364,-0.0337,-0.4862,-1.41,2.04,-0.1815,-0.1212,-0.2419,0.7849,0.9585,0
2012-12-04,0.63,1.909,-0.046,-1.0628,-0.1438,-0.0264,-0.4928,-1.41,2.04,-0.1898,-0.1328,-0.2468,0.7892,0.9571,0
2012-12-05,0.61,1.9042,-0.0465,-1.064,-0.1538,-0.0299,-0.5067,-1.45,2.06,-0.2003,-0.1486,-0.252,0.7885,0.9473,0
2012-12-06,0.6,1.9002,-0.0465,-1.059,-0.1625,-0.0322,-0.5263,-1.46,2.06,-0.209,-0.1623,-0.2556,0.7945,0.942,0
2012-12-07,0.63,1.9114,-0.046,-1.0747,-0.1336,-0.0271,-0.5351,-1.47,2.1,-0.1796,-0.115,-0.2442,0.7721,0.9578,0
2012-12-10,0.62,1.9109,-0.0464,-1.0754,-0.1352,-0.0339,-0.5431,-1.43,2.05,-0.1816,-0.1177,-0.2455,0.7716,0.9558,0
2012-12-11,0.64,1.9183,-0.046,-1.087,-0.1163,-0.029,-0.5301,-1.43,2.07,-0.1623,-0.0874,-0.2373,0.7563,0.963,0
2012-12-12,0.66,1.9317,-0.0449,-1.1137,-0.0815,-0.0316,-0.5188,-1.46,2.12,-0.1264,-0.0318,-0.221,0.7234,0.9716,0
2012-12-13,0.7,1.9423,-0.0435,-1.1068,-0.0663,-0.0257,-0.4828,-1.42,2.12,-0.1098,-0.0111,-0.2084,0.7368,0.9893,0
2012-12-14,0.7,1.939,-0.0419,-1.1013,-0.0724,-0.0234,-0.4737,-1.41,2.11,-0.1143,-0.0218,-0.2067,0.7453,0.9807,0
2012-12-17,0.74,1.9545,-0.0406,-1.1151,-0.0362,-0.0226,-0.4655,-1.37,2.11,-0.0768,0.0363,-0.1899,0.7263,1.0057,0
2012-12-18,0.78,1.9687,-0.0396,-1.1153,-0.0088,-0.0251,-0.4765,-1.36,2.14,-0.0484,0.0787,-0.1755,0.7263,1.0332,0
2012-12-19,0.77,1.9662,-0.0393,-1.1152,-0.0166,-0.0251,-0.474,-1.36,2.13,-0.0559,0.0643,-0.1762,0.7308,1.0236,0
2012-12-20,0.77,1.9639,-0.0391,-1.1145,-0.0206,-0.0197,-0.4814,-1.39,2.16,-0.0597,0.0584,-0.1778,0.7313,1.02,0
2012-12-21,0.75,1.9548,-0.0399,-1.0972,-0.0449,-0.0228,-0.4799,-1.35,2.1,-0.0848,0.0192,-0.1888,0.7536,1.0132,0
2012-12-24,0.77,1.958,-0.0385,-1.0963,-0.0365,-0.0167,-0.4735,-1.36,2.13,-0.075,0.0325,-0.1824,0.7542,1.0183,0
2012-12-26,0.76,1.9532,-0.0395,-1.0908,-0.0492,-0.0137,-0.4869,-1.35,2.11,-0.0887,0.0126,-0.19,0.7611,1.0162,0
2012-12-27,0.72,1.9422,-0.0412,-1.091,-0.0721,-0.0179,-0.4743,-1.39,2.11,-0.1133,-0.0231,-0.2035,0.761,0.9963,0
2012-12-28,0.72,1.9402,-0.0404,-1.0931,-0.0732,-0.0135,-0.4591,-1.34,2.06,-0.1136,-0.0245,-0.2027,0.7581,0.988,0
2012-12-31,0.72,1.9512,-0.0419,-1.1215,-0.0412,-0.0266,-0.4511,-1.37,2.09,-0.0831,0.0299,-0.1962,0.7166,1.0021,0
2013-01-02,0.76,1.9719,-0.0434,-1.1478,0.0077,-0.0284,-0.4456,-1.36,2.12,-0.0357,0.1098,-0.1812,0.6786,1.0309,0
2013-01-03,0.81,1.9921,-0.0437,-1.1628,0.0504,-0.026,-0.4093,-1.3,2.11,0.0067,0.1769,-0.1636,0.659,1.0574,0
2013-01-04,0.82,1.9955,-0.0437,-1.1624,0.055,-0.0245,-0.4161,-1.31,2.13,0.0113,0.1826,-0.1599,0.6619,1.0587,0
2013-01-07,0.82,1.9926,-0.0435,-1.1604,0.0509,-0.0196,-0.4589,-1.34,2.16,0.0074,0.1768,-0.162,0.6628,1.0544,0
2013-01-08,0.79,1.984,-0.0452,-1.1619,0.0331,-0.02,-0.4638,-1.36,2.15,-0.0121,0.1494,-0.1736,0.6606,1.0395,0
2013-01-09,0.77,1.9795,-0.0456,-1.1697,0.029,-0.0232,-0.4958,-1.41,2.18,-0.0166,0.1445,-0.1777,0.6487,1.0264,0
2013-01-10,0.8,1.9898,-0.0456,-1.179,0.0523,-0.0176,-0.4815,-1.4,2.2,0.0067,0.1823,-0.1688,0.6353,1.0425,0
2013-01-11,0.78,1.9843,-0.0462,-1.1706,0.038,-0.0254,-0.4936,-1.4,2.18,-0.0082,0.1586,-0.1751,0.6468,1.0344,0
2013-01-14,0.78,1.9823,-0.0473,-1.1702,0.0321,-0.017,-0.4994,-1.34,2.12,-0.0152,0.1497,-0.18,0.6473,1.0336,0
2013-01-15,0.75,1.9739,-0.0481,-1.1612,0.0117,-0.0263,-0.5164,-1.45,2.2,-0.0364,0.1169,-0.1897,0.6594,1.022,0
2013-01-16,0.75,1.9707,-0.0483,-1.1583,0.005,-0.0192,-0.4974,-1.43,2.18,-0.0433,0.1066,-0.1931,0.6626,1.0177,0
2013-01-17,0.79,1.9842,-0.0456,-1.158,0.0351,-0.0257,-0.5018,-1.4,2.19,-0.0105,0.1538,-0.1747,0.6619,1.0413,0
2013-01-18,0.77,1.9782,-0.0453,-1.1555,0.0203,-0.0278,-0.5147,-1.43,2.2,-0.025,0.1288,-0.1788,0.6689,1.0294,0
2013-01-22,0.76,1.9749,-0.046,-1.1601,0.0147,-0.0236,-0.5149,-1.39,2.15,-0.0313,0.1208,-0.1834,0.6627,1.0229,0
2013-01-23,0.76,1.9734,-0.0464,-1.1604,0.0122,-0.0188,-0.5174,-1.45,2.21,-0.0342,0.1172,-0.1856,0.6616,1.0203,0
2013-01-24,0.78,1.9786,-0.0455,-1.162,0.0261,-0.0172,-0.5201,-1.44,2.22,-0.0194,0.1401,-0.1789,0.6571,1.0289,0
2013-01-25,0.87,2.0075,-0.0416,-1.1627,0.0803,-0.0136,-0.5053,-1.34,2.21,0.0387,0.2217,-0.1442,0.6619,1.0786,0
2013-01-28,0.89,2.0141,-0.0402,-1.1632,0.0923,-0.0131,-0.5113,-1.35,2.24,0.0521,0.239,-0.1348,0.664,1.0886,0
2013-01-29,0.9,2.0197,-0.0409,-1.1786,0.108,-0.0082,-0.5262,-1.37,2.27,0.0671,0.2652,-0.1311,0.6429,1.0937,0
2013-01-30,0.88,2.0188,-0.0434,-1.1942,0.1133,-0.0144,-0.5543,-1.38,2.26,0.0699,0.2772,-0.1375,0.6172,1.0874,0
2013-01-31,0.88,2.0172,-0.045,-1.1914,0.109,-0.0099,-0.5864,-1.45,2.33,0.064,0.2713,-0.1432,0.6186,1.0861,0
2013-02-01,0.88,2.0244,-0.0462,-1.2094,0.1266,-0.0155,-0.5912,-1.46,2.34,0.0804,0.2998,-0.139,0.5956,1.091,0
2013-02-04,0.85,2.0134,-0.0488,-1.209,0.1037,-0.0093,-0.6068,-1.47,2.32,0.0549,0.2647,-0.1548,0.5946,1.0712,0
2013-02-05,0.88,2.024,-0.0478,-1.2103,0.1258,-0.0118,-0.5887,-1.44,2.32,0.078,0.299,-0.143,0.5927,1.0883,0
2013-02-06,0.84,2.0134,-0.0502,-1.2088,0.1021,-0.0165,-0.5952,-1.48,2.32,0.0519,0.2623,-0.1586,0.5942,1.0727,0
2013-02-07,0.83,2.0093,-0.0503,-1.2053,0.0936,-0.0173,-0.5858,-1.46,2.29,0.0433,0.2489,-0.1623,0.5984,1.0651,0
2013-02-08,0.84,2.0113,-0.0502,-1.2073,0.099,-0.0127,-0.572,-1.37,2.21,0.0488,0.2577,-0.1601,0.5951,1.0679,0
2013-02-11,0.85,2.0116,-0.0491,-1.1935,0.0948,-0.0138,-0.5772,-1.41,2.26,0.0457,0.2493,-0.158,0.6145,1.0737,0
2013-02-12,0.88,2.0192,-0.0476,-1.1947,0.1109,-0.0078,-0.5889,-1.32,2.2,0.0633,0.2742,-0.1477,0.6136,1.0872,0
2013-02-13,0.92,2.0318,-0.0457,-1.1968,0.1341,-0.0035,-0.591,-1.34,2.26,0.0884,0.3087,-0.1318,0.6148,1.1072,0
2013-02-14,0.86,2.0178,-0.0484,-1.1937,0.1036,-0.0193,-0.5921,-1.36,2.22,0.0552,0.2613,-0.151,0.618,1.0859,0
2013-02-15,0.87,2.0202,-0.0484,-1.191,0.1075,-0.0183,-0.5608,-1.32,2.19,0.0591,0.2673,-0.1491,0.621,1.0905,0
2013-02-19,0.89,2.0259,-0.0475,-1.1918,0.1208,-0.0173,-0.5662,-1.31,2.2,0.0733,0.2883,-0.1418,0.619,1.1002,0
2013-02-20,0.88,2.0221,-0.0483,-1.1966,0.1142,-0.0113,-0.5577,-1.31,2.19,0.0659,0.2789,-0.1472,0.6124,1.0927,0
2013-02-21,0.86,2.0142,-0.05,-1.1942,0.0976,-0.0076,-0.5547,-1.33,2.19,0.0476,0.2534,-0.1581,0.6142,1.0798,0
2013-02-22,0.84,2.0087,-0.0509,-1.1903,0.0873,-0.0148,-0.5741,-1.36,2.2,0.0364,0.2387,-0.1659,0.6161,1.0745,0
2013-02-25,0.78,1.9861,-0.0533,-1.1757,0.0373,-0.0144,-0.5912,-1.41,2.19,-0.016,0.16,-0.192,0.6344,1.0408,0
2013-02-26,0.78,1.9842,-0.0539,-1.175,0.0337,-0.0089,-0.5772,-1.4,2.18,-0.0202,0.1547,-0.1952,0.6342,1.039,0
2013-02-27,0.78,1.9895,-0.0539,-1.1906,0.0496,-0.0146,-0.5821,-1.4,2.18,-0.0043,0.1814,-0.1901,0.6131,1.0427,0
2013-02-28,0.77,1.9853,-0.0549,-1.1925,0.0436,-0.0115,-0.607,-1.41,2.18,-0.0113,0.1734,-0.196,0.6081,1.0346,0
2013-03-01,0.75,1.9774,-0.0548,-1.1842,0.0245,-0.013,-0.6205,-1.45,2.2,-0.0303,0.142,-0.2025,0.621,1.0211,0
2013-03-04,0.76,1.9823,-0.0543,-1.1896,0.0353,-0.0137,-0.6217,-1.46,2.22,-0.019,0.1589,-0.1969,0.6148,1.0284,0
2013-03-05,0.77,1.9878,-0.0534,-1.1922,0.0489,-0.021,-0.6363,-1.49,2.26,-0.0045,0.1806,-0.1897,0.6104,1.0369,0
2013-03-06,0.81,2.0003,-0.0521,-1.2009,0.0752,-0.0126,-0.6272,-1.46,2.27,0.0231,0.2217,-0.1755,0.6008,1.0554,0
2013-03-07,0.85,2.0166,-0.0502,-1.2085,0.1086,-0.0165,-0.6133,-1.37,2.22,0.0584,0.2723,-0.1556,0.5941,1.0772,0
2013-03-08,0.9,2.0359,-0.0488,-1.2251,0.1526,-0.0146,-0.5945,-1.28,2.18,0.1038,0.3422,-0.1346,0.5724,1.1036,0
2013-03-11,0.9,2.0369,-0.0495,-1.2257,0.1538,-0.0156,-0.5992,-1.38,2.28,0.1043,0.3443,-0.1356,0.5713,1.1056,0
2013-03-12,0.88,2.0282,-0.0505,-1.2152,0.1301,-0.0125,-0.6024,-1.39,2.27,0.0796,0.305,-0.1458,0.5876,1.0931,0
2013-03-13,0.89,2.0284,-0.0497,-1.2121,0.1327,-0.0094,-0.6105,-1.4,2.29,0.083,0.3101,-0.144,0.5893,1.0951,0
2013-03-14,0.88,2.0293,-0.0499,-1.2195,0.1376,-0.0175,-0.6369,-1.43,2.31,0.0877,0.319,-0.1436,0.5785,1.0958,0
2013-03-15,0.84,2.0188,-0.0516,-1.2216,0.1146,-0.0202,-0.6376,-1.46,2.3,0.063,0.2826,-0.1565,0.5777,1.0752,0
2013-03-18,0.81,2.0054,-0.0526,-1.209,0.0849,-0.0187,-0.6405,-1.45,2.26,0.0323,0.2354,-0.1709,0.5933,1.0556,0
2013-03-19,0.79,1.9942,-0.053,-1.1974,0.0578,-0.0116,-0.627,-1.46,2.25,0.0048,0.1919,-0.1823,0.6097,1.0405,0
2013-03-20,0.81,2.0049,-0.0523,-1.2095,0.0853,-0.0184,-0.6125,-1.44,2.25,0.033,0.2368,-0.1709,0.5916,1.0564,0
2013-03-21,0.81,2.0008,-0.0515,-1.1952,0.0715,-0.0156,-0.6007,-1.41,2.22,0.02,0.2129,-0.1729,0.6127,1.0524,0
2013-03-22,0.8,1.9962,-0.0506,-1.1882,0.0616,-0.019,-0.6098,-1.43,2.23,0.011,0.1971,-0.1751,0.6219,1.0476,0
2013-03-25,0.8,1.995,-0.0509,-1.1925,0.0612,-0.0128,-0.6152,-1.44,2.24,0.0103,0.1973,-0.1767,0.6155,1.0457,0
2013-03-26,0.79,1.9923,-0.051,-1.1907,0.0543,-0.0149,-0.6167,-1.42,2.21,0.0033,0.186,-0.1795,0.6189,1.0417,0
2013-03-27,0.76,1.9783,-0.0528,-1.1808,0.0224,-0.0071,-0.6219,-1.46,2.22,-0.0304,0.1362,-0.197,0.6309,1.0231,0
2013-03-28,0.77,1.9794,-0.0517,-1.1758,0.0256,-0.0075,-0.6254,-1.47,2.24,-0.0261,0.1408,-0.193,0.6367,1.0249,0
2013-04-01,0.76,1.9759,-0.0519,-1.1778,0.0211,-0.0073,-0.6332,-1.47,2.23,-0.0308,0.135,-0.1966,0.6323,1.0191,0
2013-04-02,0.78,1.9828,-0.0514,-1.1825,0.0346,-0.0036,-0.6214,-1.44,2.22,-0.0168,0.1555,-0.1891,0.628,1.0293,0
2013-04-03,0.73,1.9685,-0.0529,-1.1799,0.0036,-0.0093,-0.6076,-1.45,2.18,-0.0493,0.1065,-0.2051,0.6328,1.0036,0
2013-04-04,0.69,1.9537,-0.0532,-1.1656,-0.0272,-0.0177,-0.6308,-1.44,2.13,-0.0804,0.0585,-0.2194,0.6491,0.9834,0
2013-04-05,0.68,1.9396,-0.0506,-1.1235,-0.0701,-0.0153,-0.6223,-1.42,2.1,-0.1207,-0.015,-0.2265,0.7103,0.9706,0
2013-04-08,0.71,1.9479,-0.0486,-1.1348,-0.0467,-0.0078,-0.5943,-1.43,2.14,-0.0953,0.0237,-0.2143,0.6941,0.985,0
2013-04-09,0.7,1.951,-0.0484,-1.1429,-0.0389,-0.0208,-0.5695,-1.36,2.06,-0.0873,0.0364,-0.211,0.6844,0.9884,0
2013-04-10,0.74,1.9662,-0.0477,-1.1571,-0.0044,-0.017,-0.5385,-1.36,2.1,-0.0521,0.0913,-0.1955,0.6657,1.0099,0
2013-04-11,0.74,1.9616,-0.048,-1.1544,-0.0112,-0.008,-0.571,-1.38,2.12,-0.0592,0.0817,-0.2002,0.6663,1.0024,0
2013-04-12,0.7,1.9451,-0.0481,-1.1351,-0.0519,-0.01,-0.5652,-1.41,2.11,-0.1,0.0151,-0.2151,0.6949,0.9769,0
2013-04-15,0.69,1.9382,-0.0471,-1.1236,-0.0687,-0.0089,-0.5215,-1.33,2.02,-0.1158,-0.0124,-0.2191,0.7113,0.9695,0
2013-04-16,0.71,1.9444,-0.0457,-1.13,-0.0508,-0.0079,-0.5185,-1.31,2.02,-0.0965,0.0173,-0.2103,0.7006,0.9803,0
2013-04-17,0.71,1.9409,-0.0453,-1.1195,-0.0649,-0.0013,-0.492,-1.27,1.98,-0.1102,-0.0078,-0.2125,0.7191,0.9761,0
2013-04-18,0.71,1.9403,-0.0445,-1.1104,-0.0725,-0.0028,-0.3705,-1.29,2.0,-0.117,-0.0228,-0.2113,0.7356,0.9765,0
2013-04-19,0.72,1.9388,-0.0426,-1.1067,-0.0667,-0.0028,-0.4223,-1.32,2.04,-0.1093,-0.0104,-0.2083,0.7332,0.9782,0
2013-04-22,0.7,1.9365,-0.0428,-1.1128,-0.0696,-0.0113,-0.4509,-1.34,2.04,-0.1124,-0.0142,-0.2106,0.7255,0.9741,0
2013-04-23,0.71,1.9398,-0.0427,-1.1181,-0.0609,-0.0081,-0.4609,-1.33,2.04,-0.1036,0.0002,-0.2074,0.7179,0.9784,0
2013-04-24,0.7,1.9376,-0.0431,-1.1163,-0.0675,-0.0107,-0.4793,-1.37,2.07,-0.1106,-0.0107,-0.2105,0.7214,0.9745,0
2013-04-25,0.71,1.9409,-0.0429,-1.1245,-0.0569,-0.0066,-0.5039,-1.41,2.12,-0.0998,0.0069,-0.2064,0.7097,0.9763,0
2013-04-26,0.68,1.9311,-0.0447,-1.1179,-0.0814,-0.0071,-0.5001,-1.43,2.11,-0.1261,-0.0322,-0.2199,0.7193,0.9623,0
2013-04-29,0.68,1.9306,-0.0456,-1.1264,-0.0781,-0.0005,-0.4836,-1.42,2.1,-0.1237,-0.0255,-0.2219,0.706,0.958,0
2013-04-30,0.68,1.9329,-0.0468,-1.1336,-0.0721,-0.0005,-0.4426,-1.38,2.06,-0.1189,-0.0147,-0.2231,0.6951,0.9614,0
2013-05-01,0.65,1.9226,-0.0475,-1.1213,-0.0987,-0.0052,-0.3941,-1.33,1.98,-0.1462,-0.0586,-0.2337,0.7138,0.9441,0
2013-05-02,0.65,1.9211,-0.0474,-1.1239,-0.0967,-0.0031,-0.3778,-1.34,1.99,-0.1441,-0.0533,-0.2349,0.7064,0.9421,0
2013-05-03,0.73,1.9519,-0.0447,-1.1469,-0.0269,-0.0033,-0.3547,-1.3,2.03,-0.0716,0.0574,-0.2007,0.6759,0.9884,0
2013-05-06,0.74,1.9596,-0.0452,-1.1592,-0.0096,-0.0056,-0.3606,-1.31,2.05,-0.0548,0.0848,-0.1944,0.6608,0.9961,0
2013-05-07,0.75,1.9652,-0.0451,-1.1606,-0.0008,-0.0086,-0.3585,-1.3,2.05,-0.0459,0.0973,-0.1891,0.6614,1.0036,0
2013-05-08,0.75,1.9629,-0.0456,-1.1565,-0.0096,-0.0013,-0.3339,-1.28,2.03,-0.0552,0.0821,-0.1924,0.6692,0.9993,0
2013-05-09,0.75,1.9621,-0.0456,-1.1541,-0.0107,-0.0018,-0.3337,-1.27,2.02,-0.0563,0.0804,-0.193,0.6713,0.9988,0
2013-05-10,0.82,1.9857,-0.0426,-1.1672,0.0452,-0.0011,-0.3261,-1.23,2.05,0.0026,0.1698,-0.1646,0.6513,1.0357,0
2013-05-13,0.83,1.9931,-0.0421,-1.1732,0.0576,-0.0054,-0.3066,-1.19,2.02,0.0155,0.1875,-0.1566,0.6479,1.0451,0
2013-05-14,0.85,2.0033,-0.043,-1.188,0.0819,-0.0042,-0.2846,-1.18,2.03,0.0389,0.2275,-0.1497,0.6267,1.0596,0
2013-05-15,0.84,2.0015,-0.0442,-1.1856,0.0753,-0.007,-0.2607,-1.17,2.01,0.0311,0.2163,-0.1541,0.6307,1.0555,0
2013-05-16,0.79,1.9825,-0.0459,-1.1758,0.0333,-0.0041,-0.2503,-1.18,1.97,-0.0126,0.1497,-0.1749,0.6443,1.0239,0
2013-05-17,0.84,2.0025,-0.0442,-1.1916,0.0804,-0.0071,-0.2164,-1.14,1.98,0.0362,0.2253,-0.1528,0.6218,1.0545,0
2013-05-20,0.85,2.0066,-0.0449,-1.1976,0.0901,-0.0042,-0.2241,-1.15,2.0,0.0452,0.2416,-0.1511,0.6126,1.0609,0
2013-05-21,0.84,2.0002,-0.0458,-1.1902,0.0741,0.0016,-0.2316,-1.15,1.99,0.0283,0.2157,-0.159,0.6227,1.0512,0
2013-05-22,0.91,2.0248,-0.0431,-1.2024,0.1274,0.0033,-0.1732,-1.06,1.97,0.0843,0.2985,-0.13,0.6082,1.086,0
2013-05-23,0.91,2.0256,-0.0424,-1.1982,0.1263,-0.0013,-0.1565,-1.02,1.93,0.0839,0.2952,-0.1274,0.616,1.0869,0
2013-05-24,0.9,2.0223,-0.0409,-1.1914,0.1187,-0.0088,-0.1612,-1.03,1.93,0.0778,0.2821,-0.1265,0.6266,1.0815,0
2013-05-28,1.02,2.0605,-0.0363,-1.2,0.1961,-0.0002,-0.1263,-0.94,1.96,0.1598,0.4016,-0.0821,0.6186,1.1472,0
2013-05-29,1.02,2.0576,-0.0352,-1.1887,0.1818,0.0045,-0.0616,-0.89,1.91,0.1466,0.3748,-0.0816,0.6407,1.141,0
2013-05-30,1.01,2.0575,-0.0343,-1.1932,0.1835,-0.0035,0.002,-0.82,1.83,0.1492,0.3774,-0.079,0.6361,1.138,0
2013-05-31,1.05,2.0652,-0.0315,-1.187,0.1997,0.0036,-0.0094,-0.82,1.87,0.1682,0.402,-0.0656,0.6444,1.1529,0
2013-06-03,1.03,2.0589,-0.0329,-1.1905,0.1872,0.0073,-0.022,-0.86,1.89,0.1543,0.3834,-0.0748,0.6393,1.1439,0
2013-06-04,1.05,2.0648,-0.0327,-1.1914,0.1999,0.0094,-0.0257,-0.87,1.92,0.1672,0.4033,-0.0689,0.6373,1.1534,0
2013-06-05,1.02,2.0557,-0.0338,-1.1821,0.1747,0.0055,-0.0031,-0.86,1.88,0.1409,0.3616,-0.0798,0.6529,1.139,0
2013-06-06,1.01,2.05,-0.0335,-1.1727,0.1618,0.0043,0.0184,-0.86,1.87,0.1283,0.3412,-0.0845,0.6645,1.1326,0
2013-06-07,1.1,2.075,-0.0288,-1.1714,0.2118,0.0135,0.0516,-0.79,1.89,0.183,0.4165,-0.0506,0.67,1.1719,0
2013-06-10,1.13,2.0885,-0.0273,-1.1786,0.2384,0.009,0.1115,-0.72,1.85,0.2111,0.4572,-0.035,0.6638,1.1937,0
2013-06-11,1.12,2.0847,-0.0266,-1.1696,0.2266,0.005,0.1481,-0.71,1.83,0.2,0.4367,-0.0368,0.6783,1.1896,0
2013-06-12,1.15,2.0955,-0.0252,-1.1708,0.247,0.0035,0.2113,-0.66,1.81,0.2218,0.4675,-0.0239,0.679,1.2063,0
2013-06-13,1.11,2.0814,-0.027,-1.1706,0.2216,0.0046,0.2119,-0.69,1.8,0.1946,0.4298,-0.0406,0.6757,1.1832,0
2013-06-14,1.04,2.0639,-0.0322,-1.1964,0.2004,0.0042,0.1749,-0.78,1.82,0.1682,0.4048,-0.0684,0.6309,1.1501,0
2013-06-17,1.06,2.0773,-0.0347,-1.2116,0.2277,0.0013,0.208,-0.74,1.8,0.193,0.4479,-0.0619,0.6108,1.1651,0
2013-06-18,1.07,2.0782,-0.0355,-1.2104,0.2315,0.0062,0.1694,-0.77,1.84,0.196,0.455,-0.0631,0.6088,1.1652,0
2013-06-19,1.24,2.1207,-0.0253,-1.1429,0.2806,0.0069,0.2647,-0.59,1.83,0.2553,0.512,-0.0014,0.7211,1.242,0
2013-06-20,1.31,2.1456,-0.0208,-1.1524,0.3291,0.0085,0.3915,-0.43,1.74,0.3083,0.5849,0.0316,0.7165,1.2836,0
2013-06-21,1.42,2.1754,-0.0121,-1.1165,0.3696,0.0035,0.502,-0.24,1.66,0.3575,0.6364,0.0787,0.7801,1.3388,0
2013-06-24,1.48,2.1905,-0.007,-1.1027,0.3932,0.006,0.603,-0.14,1.62,0.3862,0.6691,0.1034,0.8049,1.3722,0
2013-06-25,1.49,2.1932,-0.0051,-1.1177,0.4111,0.0085,0.5889,-0.16,1.65,0.406,0.7016,0.1103,0.7798,1.378,0
2013-06-26,1.45,2.1806,-0.0073,-1.1213,0.3871,0.0109,0.5697,-0.22,1.67,0.3798,0.6656,0.094,0.7735,1.3555,0
2013-06-27,1.38,2.1603,-0.0116,-1.131,0.3543,0.008,0.4775,-0.35,1.73,0.3427,0.6196,0.0658,0.7524,1.321,0
2013-06-28,1.41,2.1708,-0.0105,-1.1233,0.368,0.0051,0.4788,-0.35,1.76,0.3575,0.6369,0.078,0.768,1.3352,0
2013-07-01,1.39,2.1642,-0.0107,-1.14,0.3707,0.0058,0.4247,-0.41,1.8,0.36,0.6478,0.0722,0.7364,1.3216,0
2013-07-02,1.38,2.1607,-0.0106,-1.1341,0.3584,0.0056,0.3654,-0.44,1.82,0.3478,0.6259,0.0698,0.7486,1.3135,0
2013-07-03,1.42,2.1735,-0.0081,-1.1268,0.3781,0.0032,0.3864,-0.41,1.83,0.37,0.6528,0.0872,0.7639,1.3351,0
2013-07-05,1.6,2.2322,0.0012,-1.1219,0.4913,-0.0028,0.4145,-0.27,1.87,0.4925,0.8231,0.1619,0.7798,1.4302,0
2013-07-08,1.51,2.2114,-0.0036,-1.1588,0.4629,-0.0019,0.3647,-0.36,1.87,0.4593,0.7853,0.1333,0.7266,1.3848,0
2013-07-09,1.5,2.2104,-0.0063,-1.1657,0.4605,0.0011,0.3784,-0.36,1.86,0.4542,0.7828,0.1257,0.7161,1.3823,0
2013-07-10,1.54,2.2218,-0.0061,-1.1643,0.4813,0.0073,0.4046,-0.33,1.87,0.4752,0.814,0.1365,0.7187,1.3997,0
2013-07-11,1.4,2.192,-0.0143,-1.2118,0.4428,-0.0087,0.3708,-0.42,1.82,0.4285,0.7657,0.0913,0.643,1.3401,0
2013-07-12,1.43,2.1949,-0.014,-1.1912,0.441,-0.0007,0.3608,-0.41,1.84,0.427,0.7597,0.0943,0.671,1.3477,0
2013-07-15,1.4,2.1839,-0.0151,-1.191,0.4217,0.0005,0.3227,-0.46,1.86,0.4066,0.7316,0.0816,0.6679,1.3307,0
2013-07-16,1.38,2.1772,-0.0161,-1.1966,0.4159,-0.0004,0.264,-0.51,1.89,0.3998,0.7265,0.0731,0.6539,1.3202,0
2013-07-17,1.33,2.1688,-0.021,-1.216,0.4015,-0.0032,0.2619,-0.57,1.9,0.3805,0.7069,0.054,0.6263,1.3036,0
2013-07-18,1.35,2.1798,-0.0219,-1.2276,0.4264,-0.0067,0.2659,-0.54,1.89,0.4045,0.7469,0.0622,0.6098,1.3152,0
2013-07-19,1.31,2.1653,-0.0233,-1.2185,0.3961,-0.0096,0.21,-0.6,1.91,0.3728,0.6999,0.0458,0.6197,1.2932,0
2013-07-22,1.32,2.1652,-0.0235,-1.2201,0.3962,0.0022,0.2083,-0.59,1.91,0.3727,0.7003,0.0451,0.6175,1.2936,0
2013-07-23,1.33,2.1725,-0.0236,-1.2342,0.4169,-0.0016,0.2404,-0.57,1.9,0.3933,0.735,0.0516,0.5966,1.303,0
2013-07-24,1.4,2.1954,-0.0206,-1.2386,0.4641,-0.0003,0.3168,-0.47,1.87,0.4435,0.8077,0.0792,0.5925,1.3387,0
2013-07-25,1.38,2.1939,-0.0215,-1.2501,0.4641,-0.0065,0.3332,-0.45,1.83,0.4426,0.8087,0.0766,0.5778,1.3302,0
2013-07-26,1.36,2.1867,-0.0238,-1.2431,0.4451,-0.0049,0.3407,-0.47,1.83,0.4213,0.778,0.0645,0.5869,1.3193,0
2013-07-29,1.37,2.1941,-0.0241,-1.2539,0.4653,-0.0115,0.349,-0.44,1.81,0.4412,0.8121,0.0704,0.5694,1.3296,0
2013-07-30,1.39,2.1985,-0.0244,-1.2558,0.4746,-0.0029,0.3452,-0.43,1.82,0.4502,0.8266,0.0738,0.5663,1.3351,0
2013-07-31,1.38,2.1921,-0.0243,-1.2424,0.4594,-0.0048,0.2707,-0.49,1.87,0.4351,0.8026,0.0675,0.5822,1.3299,0
2013-08-01,1.49,2.2313,-0.0199,-1.2472,0.535,-0.0092,0.2814,-0.45,1.94,0.5151,0.917,0.1132,0.5822,1.3915,0
2013-08-02,1.36,2.2015,-0.0272,-1.2869,0.4868,-0.0142,0.2664,-0.55,1.91,0.4596,0.8489,0.0703,0.5253,1.3317,0
2013-08-05,1.39,2.2089,-0.0281,-1.2866,0.5053,-0.0095,0.2516,-0.53,1.92,0.4772,0.8802,0.0743,0.5193,1.3456,0
2013-08-06,1.39,2.2094,-0.028,-1.2847,0.5056,-0.0123,0.2202,-0.55,1.94,0.4776,0.8804,0.0748,0.5219,1.3472,0
2013-08-07,1.38,2.1983,-0.0285,-1.2744,0.48,0.0046,0.2152,-0.55,1.93,0.4515,0.8395,0.0635,0.5359,1.3318,0
2013-08-08,1.36,2.1926,-0.0276,-1.2674,0.4667,-0.0042,0.2168,-0.54,1.9,0.4391,0.8175,0.0607,0.5468,1.3231,0
2013-08-09,1.36,2.1903,-0.0264,-1.2607,0.4615,-0.0047,0.2107,-0.55,1.91,0.4351,0.8088,0.0614,0.5559,1.3218,0
2013-08-12,1.39,2.1982,-0.026,-1.256,0.4714,0.0024,0.2356,-0.52,1.91,0.4454,0.8215,0.0692,0.566,1.3363,0
2013-08-13,1.49,2.2285,-0.0205,-1.2416,0.5249,-0.0013,0.2865,-0.43,1.92,0.5044,0.8996,0.1092,0.5917,1.3875,0
2013-08-14,1.48,2.229,-0.0196,-1.2448,0.5217,-0.0063,0.3266,-0.38,1.86,0.5021,0.8918,0.1124,0.5945,1.3841,0
2013-08-15,1.54,2.2452,-0.0171,-1.237,0.5478,0.0011,0.4056,-0.29,1.83,0.5307,0.9288,0.1326,0.6101,1.4131,0
2013-08-16,1.6,2.2639,-0.0138,-1.2389,0.5886,0.0002,0.4257,-0.19,1.79,0.5748,0.9925,0.1572,0.6074,1.4435,0
2013-08-19,1.63,2.2762,-0.0118,-1.2433,0.6135,-0.0046,0.4798,-0.13,1.76,0.6017,1.0303,0.1732,0.6044,1.4619,0
2013-08-20,1.57,2.2583,-0.0142,-1.2514,0.5818,-0.0045,0.4236,-0.21,1.78,0.5676,0.983,0.1522,0.5915,1.4291,0
2013-08-21,1.64,2.2763,-0.0094,-1.2239,0.6052,-0.0082,0.463,-0.13,1.77,0.5958,1.0122,0.1793,0.636,1.4625,0
2013-08-22,1.71,2.2859,-0.0011,-1.1764,0.6046,-0.0031,0.5133,-0.06,1.77,0.6035,0.9997,0.2074,0.7134,1.487,0
2013-08-23,1.66,2.2634,0.0011,-1.1623,0.5601,-0.0023,0.4458,-0.16,1.82,0.5612,0.9303,0.1922,0.7321,1.4578,0
2013-08-26,1.61,2.252,-0.0003,-1.1722,0.5436,-0.0131,0.4041,-0.21,1.82,0.5433,0.9083,0.1783,0.7148,1.4426,0
2013-08-27,1.56,2.2316,-0.0033,-1.169,0.5017,-0.001,0.3546,-0.3,1.86,0.4984,0.8442,0.1527,0.7169,1.4108,0
2013-08-28,1.62,2.2494,-0.0003,-1.1644,0.5369,-0.0016,0.3897,-0.23,1.85,0.5366,0.8977,0.1755,0.7239,1.4417,0
2013-08-29,1.6,2.2419,0.0001,-1.1579,0.5188,-0.0029,0.4265,-0.2,1.8,0.5189,0.8674,0.1703,0.7354,1.4281,0
2013-08-30,1.62,2.2502,0.0032,-1.1508,0.5333,-0.0159,0.4564,-0.16,1.78,0.5365,0.8876,0.1854,0.7482,1.4412,0
2013-09-03,1.68,2.2712,0.0063,-1.1644,0.5796,-0.0127,0.4833,-0.08,1.76,0.5859,0.96,0.2118,0.7327,1.4735,0
2013-09-04,1.74,2.284,0.012,-1.1325,0.5888,-0.0122,0.5364,0.0,1.74,0.6008,0.965,0.2365,0.7872,1.5005,0
2013-09-05,1.85,2.309,0.0216,-1.0919,0.6199,-0.0086,0.5934,0.14,1.71,0.6415,1.0025,0.2806,0.8562,1.5541,0
2013-09-06,1.77,2.2928,0.0187,-1.1297,0.6048,-0.0166,0.5725,0.06,1.71,0.6235,0.9867,0.2603,0.7999,1.5196,0
2013-09-09,1.71,2.2817,0.0141,-1.1611,0.5969,-0.0216,0.5598,0.02,1.69,0.611,0.9817,0.2403,0.75,1.4921,0
2013-09-10,1.78,2.2969,0.017,-1.1388,0.6143,-0.0094,0.5547,0.04,1.74,0.6313,1.002,0.2606,0.7874,1.52,0
2013-09-11,1.72,2.2827,0.013,-1.1608,0.598,-0.013,0.4983,-0.04,1.76,0.611,0.9838,0.2383,0.7492,1.4951,0
2013-09-12,1.72,2.2831,0.0135,-1.1619,0.5987,-0.0134,0.4995,-0.03,1.75,0.6122,0.9833,0.241,0.7501,1.4884,0
2013-09-13,1.71,2.2796,0.0142,-1.1482,0.5845,-0.02,0.496,-0.04,1.75,0.5987,0.9579,0.2394,0.7721,1.4835,0
2013-09-16,1.65,2.2708,0.0065,-1.2027,0.591,-0.0157,0.4407,-0.11,1.76,0.5975,0.9817,0.2134,0.684,1.4628,0
2013-09-17,1.62,2.266,0.0021,-1.2088,0.5842,-0.0235,0.447,-0.17,1.79,0.5863,0.974,0.1986,0.6696,1.4508,0
2013-09-18,1.43,2.216,-0.0117,-1.2766,0.5219,-0.0196,0.2994,-0.41,1.84,0.5102,0.8986,0.1217,0.551,1.3591,0
2013-09-19,1.49,2.2359,-0.0124,-1.2634,0.5492,-0.0193,0.3215,-0.34,1.83,0.5368,0.9355,0.138,0.5738,1.3866,0
2013-09-20,1.5,2.2352,-0.0127,-1.2451,0.5407,-0.018,0.2956,-0.35,1.85,0.528,0.9204,0.1355,0.5976,1.3917,0
2013-09-23,1.48,2.2258,-0.0141,-1.2496,0.5273,-0.0095,0.2675,-0.36,1.84,0.5132,0.9028,0.1237,0.5867,1.378,0
2013-09-24,1.44,2.2143,-0.0151,-1.2353,0.4956,-0.0195,0.3151,-0.33,1.77,0.4805,0.8501,0.1109,0.6093,1.3619,0
2013-09-25,1.41,2.2019,-0.0166,-1.2342,0.4727,-0.0138,0.3126,-0.38,1.79,0.4561,0.8161,0.0961,0.6077,1.3428,0
2013-09-26,1.43,2.2086,-0.0146,-1.2418,0.4926,-0.0148,0.3097,-0.34,1.77,0.478,0.8485,0.1075,0.5963,1.3497,0
2013-09-27,1.4,2.2036,-0.0166,-1.2579,0.4863,-0.0155,0.3208,-0.36,1.76,0.4697,0.8407,0.0987,0.5747,1.3375,0
2013-09-30,1.39,2.2035,-0.0181,-1.2581,0.486,-0.0234,0.3287,-0.35,1.74,0.4679,0.8412,0.0946,0.5721,1.338,0
2013-10-01,1.42,2.2085,-0.017,-1.2451,0.4896,-0.016,0.3236,-0.35,1.77,0.4726,0.8437,0.1015,0.5923,1.3481,0
2013-10-02,1.38,2.1998,-0.0205,-1.2649,0.4822,-0.0166,0.2946,-0.42,1.8,0.4617,0.8381,0.0854,0.5586,1.3328,0
2013-10-03,1.36,2.1974,-0.0228,-1.2697,0.4764,-0.0213,0.2999,-0.41,1.77,0.4536,0.8296,0.0776,0.5517,1.3267,0
2013-10-04,1.41,2.2102,-0.0196,-1.2525,0.4938,-0.0218,0.3082,-0.38,1.79,0.4742,0.8515,0.0968,0.5803,1.3481,0
2013-10-07,1.41,2.2062,-0.0188,-1.2356,0.4783,-0.0201,0.3031,-0.38,1.79,0.4595,0.8248,0.0942,0.6053,1.3498,0
2013-10-08,1.43,2.2094,-0.0168,-1.2125,0.4735,-0.0236,0.3296,-0.33,1.76,0.4567,0.8135,0.0999,0.6401,1.3693,0
2013-10-09,1.43,2.2109,-0.0175,-1.2288,0.4845,-0.0191,0.3144,-0.35,1.78,0.467,0.8337,0.1002,0.6154,1.3677,0
2013-10-10,1.44,2.2202,-0.0177,-1.2368,0.5028,-0.0285,0.3166,-0.37,1.81,0.4851,0.8613,0.1088,0.6072,1.3758,0
2013-10-11,1.42,2.2187,-0.0198,-1.2532,0.5043,-0.03,0.3198,-0.37,1.79,0.4845,0.8663,0.1027,0.5837,1.3691,0
2013-10-15,1.45,2.2299,-0.0259,-1.2637,0.5328,-0.0231,0.3298,-0.34,1.79,0.5069,0.9189,0.0948,0.5542,1.4034,0
2013-10-16,1.41,2.2152,-0.0283,-1.2633,0.5042,-0.0178,0.3293,-0.38,1.79,0.4759,0.8743,0.0775,0.5535,1.3682,0
2013-10-17,1.35,2.1946,-0.0296,-1.2641,0.4643,-0.0152,0.3216,-0.42,1.77,0.4347,0.812,0.0574,0.5532,1.3274,0
2013-10-18,1.35,2.1923,-0.0282,-1.2652,0.4687,-0.0177,0.303,-0.43,1.78,0.4405,0.8226,0.0585,0.5451,1.3256,0
2013-10-21,1.38,2.1998,-0.0261,-1.2652,0.4815,-0.01,0.3006,-0.41,1.79,0.4554,0.8402,0.0706,0.5498,1.3359,0
2013-10-22,1.3,2.1768,-0.029,-1.2652,0.4349,-0.0175,0.28,-0.46,1.76,0.4059,0.7685,0.0433,0.549,1.2984,0
2013-10-23,1.3,2.1697,-0.0286,-1.2542,0.4189,-0.0059,0.2871,-0.46,1.76,0.3903,0.7432,0.0375,0.5627,1.2908,0
2013-10-24,1.32,2.1739,-0.0269,-1.2433,0.423,-0.0066,0.2832,-0.45,1.77,0.3961,0.747,0.0452,0.5797,1.3001,0
2013-10-25,1.3,2.1706,-0.0276,-1.245,0.4157,-0.0138,0.2634,-0.47,1.77,0.3881,0.7362,0.0401,0.5776,1.2974,0
2013-10-28,1.31,2.1739,-0.0283,-1.2588,0.4301,-0.0069,0.2558,-0.48,1.79,0.4018,0.762,0.0416,0.5549,1.3011,0
2013-10-29,1.29,2.1717,-0.0296,-1.2624,0.4257,-0.0154,0.2645,-0.47,1.76,0.3961,0.7557,0.0365,0.5497,1.2956,0
2013-10-30,1.3,2.1771,-0.0301,-1.2613,0.4361,-0.0218,0.2726,-0.47,1.77,0.406,0.7722,0.0398,0.5496,1.3055,0
2013-10-31,1.31,2.1825,-0.0303,-1.2709,0.4505,-0.0217,0.3051,-0.43,1.74,0.4202,0.7955,0.0448,0.5362,1.3094,0
2013-11-01,1.37,2.204,-0.0283,-1.272,0.4903,-0.0239,0.3715,-0.33,1.7,0.462,0.8551,0.0689,0.5389,1.3409,0
2013-11-04,1.36,2.2,-0.0303,-1.2803,0.4855,-0.0149,0.3712,-0.35,1.71,0.4552,0.8499,0.0605,0.525,1.3344,0
2013-11-05,1.39,2.215,-0.0305,-1.2995,0.5208,-0.0158,0.3987,-0.33,1.72,0.4903,0.9065,0.0741,0.4993,1.3513,0
2013-11-06,1.34,2.206,-0.0348,-1.32,0.512,-0.0232,0.3178,-0.43,1.77,0.4772,0.8986,0.0559,0.4646,1.3336,0
2013-11-07,1.31,2.1969,-0.0379,-1.3183,0.4906,-0.0213,0.3181,-0.45,1.76,0.4527,0.8651,0.0403,0.4662,1.3174,0
2013-11-08,1.42,2.2355,-0.0339,-1.3242,0.5682,-0.0256,0.3784,-0.35,1.77,0.5343,0.9842,0.0843,0.4613,1.378,0
2013-11-12,1.47,2.246,-0.0318,-1.3085,0.5796,-0.0153,0.3807,-0.32,1.79,0.5478,0.9971,0.0985,0.4882,1.3983,0
2013-11-13,1.41,2.2329,-0.0354,-1.3303,0.5614,-0.0186,0.3646,-0.38,1.79,0.526,0.9735,0.0785,0.455,1.373,0
2013-11-14,1.34,2.2151,-0.0403,-1.3466,0.5347,-0.0228,0.3191,-0.46,1.8,0.4944,0.9377,0.0511,0.4252,1.3409,0
2013-11-15,1.36,2.2203,-0.0403,-1.3349,0.5395,-0.0246,0.3162,-0.44,1.8,0.4992,0.943,0.0555,0.4417,1.3499,0
2013-11-18,1.33,2.2098,-0.0424,-1.3372,0.5186,-0.0189,0.293,-0.47,1.8,0.4762,0.9114,0.0411,0.4375,1.3321,0
2013-11-19,1.37,2.2212,-0.0407,-1.3313,0.5384,-0.0176,0.324,-0.4,1.77,0.4977,0.9402,0.0552,0.4474,1.3514,0
2013-11-20,1.39,2.2428,-0.0441,-1.383,0.5973,-0.023,0.3782,-0.36,1.75,0.5532,1.0392,0.0671,0.3738,1.3758,0
2013-11-21,1.38,2.2411,-0.046,-1.3837,0.5942,-0.0256,0.3537,-0.38,1.76,0.5482,1.0348,0.0616,0.3708,1.3674,0
2013-11-22,1.37,2.2329,-0.0452,-1.3642,0.5714,-0.0249,0.3445,-0.39,1.76,0.5262,0.9966,0.0558,0.3983,1.3583,0
2013-11-25,1.37,2.229,-0.0455,-1.3614,0.5626,-0.0147,0.3517,-0.38,1.75,0.5171,0.9831,0.0511,0.4016,1.3562,0
2013-11-26,1.34,2.2204,-0.0468,-1.36,0.5434,-0.0171,0.364,-0.37,1.71,0.4966,0.9531,0.0402,0.404,1.3431,0
2013-11-27,1.36,2.2291,-0.0463,-1.365,0.5657,-0.0235,0.39,-0.35,1.71,0.5194,0.9895,0.0492,0.3939,1.3559,0
2013-11-29,1.37,2.2333,-0.0458,-1.3674,0.5746,-0.0247,0.4091,-0.32,1.69,0.5288,1.0034,0.0542,0.3913,1.362,0
2013-12-02,1.43,2.2492,-0.043,-1.3618,0.6019,-0.0163,0.4359,-0.27,1.7,0.5589,1.0424,0.0755,0.404,1.3849,0
2013-12-03,1.4,2.2425,-0.0445,-1.3737,0.5925,-0.0169,0.4342,-0.29,1.69,0.548,1.0298,0.0663,0.3871,1.3715,0
2013-12-04,1.45,2.261,-0.0429,-1.3737,0.624,-0.0184,0.5063,-0.19,1.64,0.5811,1.0753,0.0868,0.393,1.3998,0
2013-12-05,1.49,2.2706,-0.0399,-1.3614,0.6405,-0.0197,0.5232,-0.17,1.66,0.6006,1.0988,0.1024,0.411,1.4173,0
2013-12-06,1.51,2.2705,-0.0375,-1.3457,0.6344,-0.0117,0.5338,-0.14,1.65,0.5969,1.0857,0.108,0.4359,1.421,0
2013-12-09,1.5,2.2657,-0.0357,-1.3337,0.6227,-0.019,0.5238,-0.13,1.63,0.587,1.0664,0.1077,0.4526,1.4172,0
2013-12-10,1.46,2.2499,-0.0365,-1.333,0.593,-0.0135,0.5041,-0.18,1.64,0.5565,1.0215,0.0915,0.4519,1.3938,0
2013-12-11,1.5,2.2608,-0.0347,-1.3332,0.6153,-0.0082,0.5034,-0.15,1.65,0.5806,1.0558,0.1054,0.4524,1.4125,0
2013-12-12,1.55,2.2735,-0.0304,-1.3171,0.632,-0.008,0.5209,-0.1,1.65,0.6016,1.076,0.1272,0.482,1.4341,0
2013-12-13,1.55,2.2696,-0.0274,-1.2971,0.619,-0.014,0.4951,-0.11,1.66,0.5916,1.0525,0.1307,0.5116,1.4324,0
2013-12-16,1.55,2.2716,-0.0269,-1.3101,0.6287,-0.0133,0.473,-0.13,1.68,0.6018,1.0697,0.1339,0.4936,1.4349,0
2013-12-17,1.52,2.2613,-0.0286,-1.3125,0.6074,-0.0075,0.4512,-0.17,1.69,0.5788,1.0368,0.1207,0.4907,1.4174,0
2013-12-18,1.55,2.2722,-0.0297,-1.3182,0.6289,-0.0032,0.4909,-0.12,1.67,0.5992,1.0708,0.1276,0.4824,1.433,0
2013-12-19,1.63,2.2887,-0.0234,-1.2758,0.6457,-0.0052,0.543,-0.12,1.75,0.6223,1.0872,0.1573,0.548,1.4651,0
2013-12-20,1.66,2.2768,-0.0153,-1.2055,0.6019,0.0021,0.4383,0.02,1.64,0.5866,1.0084,0.1647,0.6495,1.4628,0
2013-12-23,1.68,2.2877,-0.0111,-1.213,0.6248,-0.0084,0.4328,0.01,1.67,0.6137,1.0427,0.1847,0.6457,1.4831,0
2013-12-24,1.73,2.3037,-0.0071,-1.2168,0.6575,-0.0073,0.4377,0.05,1.68,0.6504,1.0922,0.2085,0.645,1.5104,0
2013-12-26,1.74,2.3066,-0.0061,-1.2189,0.6613,-0.0029,0.4336,0.04,1.7,0.6552,1.0966,0.2137,0.6463,1.5142,0
2013-12-27,1.74,2.3093,-0.0064,-1.225,0.6679,-0.0058,0.4413,0.06,1.68,0.6615,1.1074,0.2155,0.6383,1.5162,0
2013-12-30,1.71,2.3005,-0.0089,-1.2294,0.654,-0.0061,0.4275,0.07,1.64,0.6451,1.0886,0.2015,0.6275,1.503,0
2013-12-31,1.75,2.3147,-0.0082,-1.2341,0.6837,-0.0061,0.431,0.06,1.69,0.6755,1.1351,0.2158,0.6209,1.5243,0
2014-01-02,1.72,2.3042,-0.0093,-1.2424,0.6699,-0.0024,0.3841,0.01,1.71,0.6606,1.1168,0.2043,0.6056,1.5046,0
2014-01-03,1.73,2.307,-0.0072,-1.2098,0.6553,-0.0153,0.3804,0.04,1.69,0.6481,1.0851,0.211,0.6602,1.5164,0
2014-01-06,1.7,2.2982,-0.0076,-1.2334,0.6523,-0.0095,0.3636,-0.05,1.75,0.6447,1.0863,0.2031,0.6232,1.4968,0
2014-01-07,1.69,2.2922,-0.0074,-1.2275,0.6386,-0.0059,0.3503,-0.14,1.83,0.6312,1.0641,0.1983,0.6318,1.4885,0
2014-01-08,1.77,2.3075,0.001,-1.171,0.6453,-0.0128,0.3425,0.01,1.76,0.6463,1.0617,0.2309,0.7211,1.5256,0
2014-01-09,1.75,2.2977,0.0045,-1.1656,0.6259,-0.0125,0.3017,-0.08,1.83,0.6304,1.0295,0.2312,0.7329,1.5099,0
2014-01-10,1.64,2.2696,-0.002,-1.2124,0.5927,-0.0079,0.2863,-0.11,1.75,0.5907,0.9902,0.1913,0.6577,1.4567,0
2014-01-13,1.6,2.2602,-0.0061,-1.2231,0.5799,-0.0109,0.2851,-0.11,1.71,0.5738,0.9743,0.1733,0.6366,1.4381,0
2014-01-14,1.65,2.2718,-0.0029,-1.1865,0.5848,-0.0172,0.3134,-0.11,1.76,0.5819,0.9729,0.1908,0.6942,1.462,0
2014-01-15,1.68,2.2772,0.0007,-1.17,0.5902,-0.0181,0.3244,-0.04,1.72,0.5909,0.9778,0.204,0.7203,1.4755,0
2014-01-16,1.66,2.2677,0.0,-1.1683,0.569,-0.0085,0.343,-0.08,1.74,0.569,0.9447,0.1934,0.7238,1.4636,0
2014-01-17,1.64,2.2608,0.0005,-1.1669,0.5631,-0.0175,0.3212,-0.08,1.72,0.5636,0.939,0.1881,0.7184,1.4559,0
2014-01-21,1.67,2.2639,0.0028,-1.1399,0.5527,-0.0095,0.3314,-0.04,1.71,0.5555,0.9148,0.1961,0.7646,1.4651,0
2014-01-22,1.72,2.2734,0.0073,-1.1186,0.5644,-0.0066,0.3492,-0.07,1.79,0.5717,0.9286,0.2149,0.798,1.4852,0
2014-01-23,1.62,2.2496,0.0028,-1.1593,0.5366,-0.0097,0.3334,-0.1,1.72,0.5394,0.8943,0.1844,0.7353,1.4364,0
2014-01-24,1.58,2.2381,0.0003,-1.1508,0.5107,-0.0183,0.3201,-0.1,1.68,0.511,0.8544,0.1677,0.744,1.4204,0
2014-01-27,1.61,2.2465,0.0004,-1.1533,0.529,-0.0126,0.328,-0.11,1.72,0.5294,0.884,0.1748,0.7386,1.4368,0
2014-01-28,1.59,2.2433,-0.0021,-1.1716,0.5311,-0.0107,0.321,-0.12,1.71,0.529,0.8916,0.1663,0.7091,1.4282,0
2014-01-29,1.52,2.2241,-0.0056,-1.1699,0.4929,-0.0215,0.2927,-0.2,1.72,0.4873,0.834,0.1406,0.7075,1.3964,0
2014-01-30,1.55,2.2313,-0.0046,-1.1575,0.4983,-0.0175,0.2969,-0.21,1.76,0.4937,0.8375,0.1498,0.73,1.4062,0
2014-01-31,1.49,2.2187,-0.0073,-1.1674,0.4785,-0.0325,0.2814,-0.23,1.72,0.4712,0.81,0.1324,0.7125,1.3834,0
2014-02-03,1.44,2.2002,-0.0117,-1.1717,0.4454,-0.0222,0.2484,-0.26,1.7,0.4337,0.7626,0.1049,0.6996,1.3543,0
2014-02-04,1.46,2.2087,-0.0129,-1.1838,0.4668,-0.0188,0.2746,-0.31,1.77,0.4539,0.7982,0.1096,0.6806,1.3661,0
2014-02-05,1.5,2.2234,-0.0123,-1.1918,0.4989,-0.0182,0.2966,-0.28,1.78,0.4866,0.8488,0.1243,0.6693,1.3872,0
2014-02-06,1.52,2.2304,-0.0119,-1.1833,0.5065,-0.0216,0.2872,-0.3,1.82,0.4946,0.8579,0.1312,0.6837,1.4005,0
2014-02-07,1.47,2.2231,-0.0155,-1.2,0.4963,-0.034,0.2509,-0.3,1.77,0.4808,0.8458,0.1158,0.6581,1.3874,0
2014-02-10,1.48,2.223,-0.0168,-1.1984,0.4984,-0.0262,0.2394,-0.31,1.79,0.4816,0.8511,0.1121,0.6551,1.3896,0
2014-02-11,1.54,2.237,-0.0129,-1.1698,0.5114,-0.0257,0.2697,-0.26,1.8,0.4985,0.8635,0.1334,0.7021,1.4174,0
2014-02-12,1.59,2.2479,-0.0092,-1.1683,0.5323,-0.0128,0.2848,-0.24,1.83,0.5231,0.8937,0.1525,0.709,1.4346,0
2014-02-13,1.51,2.2311,-0.0119,-1.1883,0.5071,-0.028,0.2778,-0.26,1.77,0.4952,0.8585,0.1318,0.6794,1.4009,0
2014-02-14,1.53,2.2351,-0.0104,-1.1839,0.5151,-0.0258,0.3081,-0.14,1.67,0.5047,0.87,0.1394,0.6859,1.4059,0
2014-02-18,1.5,2.2264,-0.0135,-1.2007,0.5072,-0.0194,0.2919,-0.29,1.79,0.4937,0.8632,0.1242,0.6562,1.3907,0
2014-02-19,1.53,2.2334,-0.0126,-1.1774,0.5059,-0.0194,0.3186,-0.25,1.78,0.4933,0.855,0.1317,0.6944,1.4066,0
2014-02-20,1.57,2.2409,-0.0096,-1.1675,0.5179,-0.0117,0.3464,-0.21,1.78,0.5083,0.8708,0.1457,0.7109,1.4197,0
2014-02-21,1.56,2.2355,-0.0089,-1.1654,0.5097,-0.0109,0.3438,-0.18,1.74,0.5008,0.8591,0.1426,0.7118,1.4122,0
2014-02-24,1.57,2.2375,-0.0066,-1.1515,0.5077,-0.0171,0.3246,-0.21,1.78,0.5011,0.8526,0.1496,0.7345,1.4192,0
2014-02-25,1.53,2.2246,-0.0079,-1.1508,0.4813,-0.0172,0.3005,-0.25,1.78,0.4734,0.8117,0.1351,0.7355,1.3988,0
2014-02-26,1.5,2.2155,-0.0092,-1.1601,0.4738,-0.02,0.2747,-0.26,1.76,0.4646,0.8053,0.1238,0.7147,1.3844,0
2014-02-27,1.49,2.2101,-0.0091,-1.1493,0.4564,-0.0181,0.2727,-0.32,1.81,0.4473,0.7752,0.1194,0.7329,1.3747,0
2014-02-28,1.51,2.2136,-0.0074,-1.1294,0.4553,-0.0221,0.265,-0.28,1.79,0.4479,0.7698,0.126,0.7623,1.3859,0
2014-03-03,1.46,2.1981,-0.0098,-1.134,0.4251,-0.0194,0.2307,-0.32,1.78,0.4153,0.7242,0.1064,0.7552,1.3605,0
2014-03-04,1.54,2.2237,-0.0063,-1.1384,0.4793,-0.0183,0.2662,-0.25,1.79,0.473,0.8085,0.1375,0.7498,1.4024,0
2014-03-05,1.54,2.2238,-0.0066,-1.136,0.4755,-0.0167,0.2634,-0.26,1.8,0.4689,0.8011,0.1367,0.7557,1.4039,0
2014-03-06,1.57,2.2348,-0.004,-1.1309,0.4945,-0.0244,0.2552,-0.27,1.84,0.4905,0.8281,0.153,0.7663,1.4208,0
2014-03-07,1.65,2.2518,0.0015,-1.1064,0.5188,-0.0157,0.2574,-0.18,1.83,0.5203,0.86,0.1806,0.8057,1.4566,0
2014-03-10,1.64,2.2499,0.0026,-1.1158,0.5169,-0.0136,0.2569,-0.24,1.88,0.5195,0.8569,0.182,0.7966,1.4507,0
2014-03-11,1.62,2.2454,0.0031,-1.1075,0.5034,-0.0244,0.2617,-0.24,1.86,0.5065,0.8338,0.1792,0.8106,1.4447,0
2014-03-12,1.59,2.2331,0.0022,-1.1072,0.484,-0.0221,0.265,-0.23,1.82,0.4862,0.8064,0.1661,0.8057,1.4265,0
2014-03-13,1.53,2.214,-0.0009,-1.113,0.4509,-0.021,0.2599,-0.22,1.75,0.45,0.7584,0.1416,0.7926,1.3951,0
2014-03-14,1.55,2.2129,0.0004,-1.0888,0.4389,-0.0134,0.259,-0.19,1.74,0.4393,0.7355,0.1432,0.8279,1.3978,0
2014-03-17,1.58,2.2245,0.0034,-1.0854,0.4614,-0.0239,0.2632,-0.22,1.8,0.4648,0.7691,0.1605,0.8348,1.4192,0
2014-03-18,1.56,2.2191,0.0024,-1.102,0.4571,-0.0165,0.2568,-0.21,1.77,0.4595,0.7648,0.1541,0.8117,1.4055,0
2014-03-19,1.75,2.2547,0.0177,-0.9895,0.4776,-0.0106,0.3412,0.02,1.73,0.4953,0.7709,0.2198,0.9897,1.4904,0
2014-03-20,1.73,2.2538,0.0202,-1.0128,0.4888,-0.02,0.3907,-0.02,1.75,0.509,0.7925,0.2254,0.9574,1.4894,0
2014-03-21,1.73,2.2449,0.0243,-0.9793,0.4607,-0.0206,0.3764,-0.06,1.79,0.485,0.7429,0.2271,1.0077,1.4808,0
2014-03-24,1.76,2.2428,0.0304,-0.9401,0.442,-0.0152,0.3745,-0.03,1.79,0.4724,0.7058,0.239,1.0693,1.4882,0
2014-03-25,1.76,2.2441,0.0318,-0.9489,0.4474,-0.0144,0.3861,0.06,1.7,0.4792,0.7146,0.2437,1.0597,1.4902,0
2014-03-26,1.7,2.2313,0.0288,-0.9715,0.4349,-0.0234,0.367,-0.05,1.75,0.4637,0.7012,0.2262,1.0223,1.4623,0
2014-03-27,1.7,2.2265,0.031,-0.9437,0.4139,-0.0277,0.3695,-0.03,1.73,0.4449,0.6629,0.2269,1.0648,1.4577,0
2014-03-28,1.74,2.2384,0.0346,-0.9343,0.4329,-0.0316,0.3854,0.02,1.72,0.4675,0.6889,0.2461,1.0827,1.4799,0
2014-03-31,1.73,2.2393,0.0319,-0.9589,0.4432,-0.0255,0.3863,0.03,1.7,0.4751,0.7096,0.2407,1.0459,1.4774,0
2014-04-01,1.74,2.2475,0.031,-0.9834,0.471,-0.0261,0.4042,0.03,1.71,0.502,0.7575,0.2464,1.0085,1.4841,0
2014-04-02,1.8,2.2644,0.035,-0.9598,0.4912,-0.0308,0.4244,0.08,1.72,0.5262,0.7816,0.2709,1.0492,1.5142,0
2014-04-03,1.79,2.2607,0.0363,-0.9627,0.4886,-0.0329,0.4158,0.11,1.68,0.5249,0.7787,0.2711,1.0442,1.5067,0
2014-04-04,1.71,2.2425,0.0318,-0.9895,0.4631,-0.0378,0.3909,0.0,1.71,0.4949,0.7452,0.2445,1.0026,1.4723,0
2014-04-07,1.68,2.2335,0.0282,-0.986,0.4423,-0.0379,0.3965,0.07,1.61,0.4705,0.7133,0.2276,1.0046,1.4583,0
2014-04-08,1.67,2.2279,0.0271,-0.98,0.4297,-0.0348,0.3995,-0.04,1.71,0.4568,0.694,0.2197,1.0108,1.451,0
2014-04-09,1.65,2.2288,0.0233,-1.0241,0.453,-0.031,0.3862,-0.05,1.7,0.4763,0.7403,0.2123,0.9407,1.4414,0
2014-04-10,1.59,2.2119,0.0178,-1.0286,0.4205,-0.0316,0.3555,-0.1,1.69,0.4383,0.6925,0.184,0.929,1.4124,0
2014-04-11,1.58,2.2082,0.0162,-1.0267,0.4136,-0.0314,0.3542,-0.06,1.64,0.4298,0.6831,0.1766,0.9283,1.4071,0
2014-04-14,1.61,2.2135,0.0183,-1.005,0.4139,-0.0307,0.3726,-0.1,1.71,0.4322,0.6784,0.186,0.9623,1.4195,0
2014-04-15,1.63,2.2113,0.0222,-0.9781,0.4,-0.0254,0.3703,-0.05,1.68,0.4222,0.6512,0.1932,1.0043,1.4203,0
2014-04-16,1.67,2.2154,0.0276,-0.9427,0.3934,-0.0237,0.3476,-0.06,1.73,0.421,0.6326,0.2094,1.0611,1.4349,0
2014-04-17,1.75,2.2383,0.0344,-0.9368,0.4403,-0.0262,0.3268,-0.2,1.95,0.4747,0.7035,0.2459,1.0727,1.4765,0
2014-04-21,1.74,2.2379,0.0339,-0.9497,0.4412,-0.0233,0.3224,-0.23,1.97,0.4751,0.7058,0.2444,1.0575,1.4754,0
2014-04-22,1.76,2.2385,0.0363,-0.9284,0.435,-0.0214,0.3213,-0.22,1.98,0.4713,0.6923,0.2502,1.0891,1.4812,0
2014-04-23,1.73,2.2295,0.0359,-0.9357,0.4226,-0.0222,0.3027,-0.25,1.98,0.4585,0.675,0.2419,1.0772,1.4636,0
2014-04-24,1.74,2.2307,0.0375,-0.9287,0.4208,-0.0203,0.2994,-0.25,1.99,0.4583,0.6694,0.2471,1.0909,1.4651,0
2014-04-25,1.72,2.2267,0.0384,-0.9214,0.4092,-0.0329,0.3089,-0.24,1.96,0.4476,0.6498,0.2454,1.1031,1.4603,0
2014-04-28,1.73,2.231,0.0376,-0.9307,0.4202,-0.028,0.3368,-0.22,1.95,0.4578,0.6683,0.2472,1.0897,1.4679,0
2014-04-29,1.74,2.2322,0.0375,-0.9342,0.4243,-0.0198,0.3484,-0.21,1.95,0.4618,0.6758,0.2479,1.084,1.4697,0
2014-04-30,1.69,2.2208,0.0336,-0.957,0.414,-0.0214,0.326,-0.27,1.96,0.4476,0.6663,0.2288,1.045,1.4469,0
2014-05-01,1.66,2.2086,0.0318,-0.9464,0.3871,-0.0211,0.2987,-0.3,1.96,0.4189,0.6243,0.2134,1.0567,1.4287,0
2014-05-02,1.67,2.2046,0.0353,-0.9086,0.3654,-0.0267,0.293,-0.28,1.95,0.4007,0.5841,0.2174,1.1126,1.4316,0
2014-05-05,1.68,2.2099,0.0366,-0.9153,0.3763,-0.0276,0.3177,-0.24,1.92,0.4129,0.6007,0.2252,1.1069,1.4401,0
2014-05-06,1.68,2.2053,0.038,-0.9019,0.3632,-0.0245,0.332,-0.23,1.91,0.4012,0.578,0.2243,1.1265,1.4365,0
2014-05-07,1.65,2.2018,0.0356,-0.925,0.3663,-0.0287,0.3257,-0.27,1.92,0.4019,0.588,0.2158,1.0907,1.4265,0
2014-05-08,1.63,2.1986,0.0321,-0.9505,0.3707,-0.021,0.3075,-0.3,1.93,0.4028,0.6009,0.2048,1.0501,1.4156,0
2014-05-09,1.63,2.2025,0.0304,-0.9506,0.3745,-0.0268,0.314,-0.29,1.92,0.4049,0.6054,0.2044,1.0514,1.4189,0
2014-05-12,1.67,2.2127,0.0312,-0.9493,0.3939,-0.0185,0.3446,-0.24,1.91,0.4251,0.6346,0.2156,1.0539,1.4349,0
2014-05-13,1.62,2.2007,0.0285,-0.959,0.3749,-0.025,0.3395,-0.27,1.89,0.4034,0.6081,0.1986,1.0369,1.4132,0
2014-05-14,1.57,2.1806,0.0259,-0.9539,0.3375,-0.0201,0.2924,-0.35,1.92,0.3634,0.5527,0.1741,1.0374,1.382,0
2014-05-15,1.55,2.1687,0.0249,-0.9415,0.3087,-0.0108,0.2472,-0.41,1.96,0.3336,0.5064,0.1608,1.0544,1.3661,0
2014-05-16,1.56,2.1751,0.0255,-0.9439,0.3224,-0.0191,0.2655,-0.38,1.94,0.3479,0.5279,0.168,1.0512,1.3764,0
2014-05-19,1.56,2.1803,0.0231,-0.9742,0.3449,-0.0141,0.2898,-0.37,1.93,0.368,0.5687,0.1674,1.0054,1.3782,0
2014-05-20,1.53,2.1736,0.0195,-0.9796,0.3322,-0.0157,0.2826,-0.39,1.92,0.3517,0.5508,0.1526,0.995,1.3661,0
2014-05-21,1.55,2.1808,0.0189,-0.9873,0.351,-0.0133,0.269,-0.4,1.95,0.3699,0.5821,0.1576,0.9812,1.3761,0
2014-05-22,1.57,2.1859,0.0209,-0.9763,0.3557,-0.0162,0.2365,-0.4,1.97,0.3766,0.586,0.1671,1.0001,1.3844,0
2014-05-23,1.55,2.1816,0.0205,-0.9812,0.3489,-0.0198,0.2279,-0.42,1.97,0.3694,0.5765,0.1624,0.9933,1.3767,0
2014-05-27,1.56,2.1782,0.021,-0.9654,0.3369,-0.0107,0.2331,-0.39,1.95,0.3579,0.5557,0.16,1.015,1.3766,0
2014-05-28,1.5,2.1564,0.0197,-0.9559,0.2917,-0.0118,0.1967,-0.44,1.94,0.3114,0.4852,0.1375,1.0266,1.3422,0
2014-05-29,1.52,2.1594,0.0216,-0.9467,0.2947,-0.0091,0.1865,-0.44,1.96,0.3163,0.4882,0.1445,1.0409,1.3504,0
2014-05-30,1.54,2.1677,0.0232,-0.9409,0.3075,-0.0175,0.2135,-0.39,1.93,0.3307,0.5061,0.1553,1.0514,1.3675,0
2014-06-02,1.6,2.1842,0.0269,-0.9285,0.3314,-0.0141,0.2512,-0.33,1.93,0.3583,0.5381,0.1786,1.076,1.3963,0
2014-06-03,1.65,2.2016,0.0293,-0.9341,0.366,-0.0129,0.2984,-0.27,1.92,0.3953,0.5904,0.2002,1.0724,1.423,0
2014-06-04,1.65,2.2062,0.029,-0.9458,0.3789,-0.0183,0.3265,-0.25,1.9,0.4079,0.6118,0.204,1.0565,1.4269,0
2014-06-05,1.63,2.1999,0.0272,-0.9473,0.3662,-0.0161,0.305,-0.29,1.92,0.3934,0.5927,0.1942,1.0534,1.4146,0
2014-06-06,1.66,2.2036,0.0296,-0.9284,0.3664,-0.0112,0.2994,-0.27,1.93,0.396,0.5892,0.2027,1.082,1.425,0
2014-06-09,1.69,2.2086,0.0335,-0.9109,0.3713,-0.0125,0.2899,-0.26,1.95,0.4048,0.5934,0.2162,1.1091,1.439,0
2014-06-10,1.71,2.2152,0.0368,-0.9072,0.3832,-0.018,0.2953,-0.23,1.94,0.42,0.6102,0.2298,1.1178,1.4531,0
2014-06-11,1.7,2.2147,0.0365,-0.9205,0.3866,-0.0172,0.2983,-0.24,1.94,0.4231,0.6172,0.2289,1.1,1.4502,0
2014-06-12,1.66,2.1987,0.034,-0.9137,0.3529,-0.0119,0.2748,-0.29,1.95,0.3869,0.5657,0.2082,1.1063,1.4273,0
2014-06-13,1.7,2.2052,0.0375,-0.893,0.3598,-0.0095,0.3009,-0.23,1.93,0.3973,0.573,0.2216,1.1365,1.4448,0
2014-06-16,1.71,2.2054,0.0408,-0.8757,0.3539,-0.0143,0.2965,-0.21,1.92,0.3947,0.5599,0.2295,1.1645,1.4509,0
2014-06-17,1.77,2.2195,0.0456,-0.8675,0.3801,-0.0077,0.2873,-0.2,1.97,0.4257,0.5982,0.2532,1.1795,1.4781,0
2014-06-18,1.71,2.2068,0.0444,-0.8823,0.3596,-0.0186,0.2469,-0.27,1.98,0.404,0.5684,0.2397,1.1602,1.4533,0
2014-06-19,1.71,2.2117,0.0422,-0.9158,0.3819,-0.01,0.2305,-0.31,2.02,0.4241,0.6085,0.2398,1.1115,1.4519,0
2014-06-20,1.71,2.2107,0.0434,-0.9032,0.3757,-0.0165,0.2001,-0.31,2.02,0.4191,0.5963,0.2419,1.1303,1.4494,0
2014-06-23,1.72,2.2114,0.0433,-0.8922,0.3698,-0.0123,0.2,-0.31,2.03,0.4131,0.5846,0.2416,1.1477,1.4562,0
2014-06-24,1.7,2.2019,0.0429,-0.8846,0.3504,-0.0106,0.1695,-0.35,2.05,0.3933,0.5548,0.2318,1.1558,1.4436,0
2014-06-25,1.68,2.1956,0.0418,-0.8881,0.3401,-0.0094,0.1738,-0.35,2.03,0.3819,0.5397,0.2242,1.1497,1.4296,0
2014-06-26,1.64,2.1845,0.0392,-0.8916,0.3207,-0.0128,0.1589,-0.38,2.02,0.3599,0.5122,0.2076,1.1406,1.4133,0
2014-06-27,1.64,2.1863,0.0375,-0.9054,0.3313,-0.0097,0.1633,-0.39,2.03,0.3688,0.5324,0.2052,1.1173,1.4139,0
2014-06-30,1.62,2.1835,0.0356,-0.9026,0.323,-0.0195,0.1653,-0.38,2.0,0.3586,0.5194,0.1978,1.1202,1.4108,0
2014-07-01,1.66,2.1964,0.0368,-0.9099,0.3496,-0.0129,0.1993,-0.34,2.0,0.3864,0.5604,0.2125,1.1125,1.428,0
2014-07-02,1.71,2.2127,0.0396,-0.9108,0.3814,-0.013,0.2262,-0.3,2.01,0.421,0.6081,0.2339,1.1148,1.4547,0
2014-07-03,1.74,2.2184,0.0442,-0.8857,0.3828,-0.0197,0.2009,-0.29,2.03,0.427,0.6043,0.2496,1.1554,1.4701,0
2014-07-07,1.74,2.2132,0.047,-0.8645,0.3619,-0.0176,0.2058,-0.27,2.01,0.4089,0.5666,0.2512,1.191,1.4671,0
2014-07-08,1.7,2.1986,0.0475,-0.8578,0.3348,-0.0231,0.1959,-0.29,1.99,0.3823,0.5253,0.2393,1.1978,1.4479,0
2014-07-09,1.68,2.1932,0.0479,-0.8572,0.3256,-0.0295,0.1734,-0.3,1.98,0.3735,0.5119,0.2352,1.1976,1.4411,0
2014-07-10,1.66,2.1881,0.0455,-0.8669,0.3181,-0.0248,0.1553,-0.34,2.0,0.3636,0.5021,0.2252,1.1827,1.4291,0
2014-07-11,1.65,2.183,0.0438,-0.8603,0.3047,-0.0212,0.152,-0.34,1.99,0.3485,0.4809,0.2162,1.1903,1.4233,0
2014-07-14,1.68,2.1913,0.0462,-0.8494,0.3171,-0.0252,0.1697,-0.31,1.99,0.3633,0.4972,0.2294,1.208,1.4371,0
2014-07-15,1.7,2.1948,0.049,-0.8349,0.316,-0.0249,0.1992,-0.26,1.96,0.365,0.4911,0.239,1.2339,1.4462,0
2014-07-16,1.71,2.1931,0.0518,-0.8168,0.3057,-0.0238,0.2161,-0.24,1.95,0.3575,0.4711,0.244,1.2627,1.4488,0
2014-07-17,1.65,2.1709,0.0498,-0.8232,0.2713,-0.0188,0.1738,-0.32,1.97,0.3211,0.4229,0.2193,1.2459,1.4137,0
2014-07-18,1.69,2.1796,0.0538,-0.8002,0.2766,-0.0198,0.1873,-0.27,1.96,0.3304,0.4242,0.2366,1.2857,1.4314,0
2014-07-21,1.7,2.177,0.0568,-0.7772,0.263,-0.0195,0.1776,-0.27,1.97,0.3198,0.3989,0.2406,1.3206,1.4354,0
2014-07-22,1.68,2.1741,0.0555,-0.7912,0.2638,-0.0222,0.1927,-0.25,1.93,0.3193,0.4038,0.2347,1.2983,1.4316,0
2014-07-23,1.67,2.1728,0.0552,-0.7981,0.2631,-0.023,0.2043,-0.25,1.92,0.3183,0.4028,0.2338,1.2902,1.4227,0
2014-07-24,1.72,2.186,0.059,-0.7807,0.2841,-0.0283,0.1954,-0.21,1.93,0.3431,0.4322,0.2539,1.3161,1.4507,0
2014-07-25,1.69,2.1745,0.0593,-0.7718,0.2581,-0.03,0.1698,-0.26,1.95,0.3174,0.3906,0.2442,1.3295,1.4352,0
2014-07-28,1.73,2.1823,0.0618,-0.7644,0.2711,-0.0208,0.1854,-0.22,1.95,0.3329,0.4088,0.257,1.342,1.4508,0
2014-07-29,1.7,2.173,0.0623,-0.758,0.2517,-0.0289,0.1739,-0.24,1.94,0.314,0.3782,0.2497,1.3507,1.4381,0
2014-07-30,1.77,2.1984,0.0659,-0.7554,0.2951,-0.034,0.2105,-0.19,1.96,0.361,0.441,0.281,1.363,1.4794,0
2014-07-31,1.76,2.2006,0.0654,-0.7756,0.311,-0.0414,0.1976,-0.21,1.97,0.3764,0.4701,0.2827,1.3313,1.4757,0
2014-08-01,1.67,2.183,0.0578,-0.811,0.2864,-0.0462,0.204,-0.25,1.92,0.3442,0.4388,0.2496,1.2774,1.436,0
2014-08-04,1.66,2.1797,0.0535,-0.8193,0.2828,-0.0367,0.2227,-0.24,1.9,0.3363,0.4364,0.2361,1.2602,1.4295,0
2014-08-05,1.66,2.1779,0.0535,-0.81,0.2803,-0.0416,0.2227,-0.24,1.9,0.3338,0.4328,0.2347,1.2688,1.4261,0
2014-08-06,1.66,2.1755,0.0532,-0.8098,0.275,-0.0339,0.2229,-0.24,1.9,0.3282,0.4246,0.2318,1.2693,1.4222,0
2014-08-07,1.6,2.1608,0.0508,-0.8167,0.2481,-0.043,0.2077,-0.29,1.89,0.2989,0.3843,0.2134,1.2586,1.3945,0
2014-08-08,1.62,2.1636,0.0526,-0.795,0.2445,-0.0457,0.2034,-0.24,1.86,0.2971,0.3748,0.2194,1.2909,1.4061,0
2014-08-11,1.62,2.1641,0.0532,-0.8012,0.2509,-0.047,0.201,-0.24,1.86,0.3041,0.3869,0.2212,1.2801,1.4082,0
2014-08-12,1.63,2.1695,0.0528,-0.81,0.2608,-0.0431,0.2255,-0.24,1.87,0.3136,0.4018,0.2253,1.2713,1.4142,0
2014-08-13,1.59,2.1595,0.0488,-0.8324,0.2562,-0.0421,0.2063,-0.29,1.88,0.305,0.4033,0.2067,1.2289,1.3963,0
2014-08-14,1.58,2.1531,0.0478,-0.8143,0.2346,-0.0412,0.215,-0.26,1.84,0.2824,0.3666,0.1983,1.2546,1.3878,0
2014-08-15,1.55,2.1393,0.0485,-0.7961,0.201,-0.0427,0.2215,-0.28,1.83,0.2495,0.3115,0.1875,1.2811,1.3681,0
2014-08-18,1.58,2.1505,0.0502,-0.8034,0.2266,-0.0438,0.245,-0.27,1.85,0.2768,0.3517,0.2018,1.2721,1.3864,0
2014-08-19,1.59,2.1548,0.0511,-0.8067,0.2358,-0.045,0.2618,-0.22,1.81,0.2869,0.366,0.2078,1.269,1.393,0
2014-08-20,1.65,2.1639,0.0559,-0.7715,0.2388,-0.037,0.2843,-0.18,1.83,0.2947,0.3629,0.2264,1.3241,1.4172,0
2014-08-21,1.64,2.1584,0.0579,-0.7641,0.2282,-0.0404,0.2745,-0.16,1.8,0.2861,0.3462,0.226,1.3342,1.413,0
2014-08-22,1.68,2.1599,0.0626,-0.7296,0.2173,-0.0302,0.3066,-0.11,1.79,0.2799,0.3217,0.2381,1.3885,1.4241,0
2014-08-25,1.69,2.1556,0.0673,-0.7105,0.204,-0.0264,0.3074,-0.09,1.78,0.2713,0.2973,0.2453,1.4191,1.4225,0
2014-08-26,1.68,2.1552,0.0676,-0.7292,0.212,-0.0256,0.3009,-0.15,1.83,0.2796,0.3131,0.246,1.3924,1.4204,0
2014-08-27,1.65,2.1473,0.0671,-0.7223,0.1923,-0.0344,0.2984,-0.15,1.8,0.2594,0.2812,0.2376,1.4032,1.4085,0
2014-08-28,1.63,2.1401,0.0658,-0.7265,0.1838,-0.0331,0.3077,-0.14,1.77,0.2496,0.2709,0.2282,1.3922,1.3965,0
2014-08-29,1.63,2.1426,0.0648,-0.7314,0.1894,-0.0354,0.3223,-0.13,1.76,0.2542,0.2803,0.2282,1.3852,1.3982,0
2014-09-02,1.69,2.1616,0.0673,-0.7345,0.2255,-0.0299,0.3328,-0.07,1.76,0.2928,0.3346,0.251,1.3853,1.4289,0
2014-09-03,1.69,2.1603,0.0678,-0.7295,0.2219,-0.0305,0.3142,-0.08,1.77,0.2897,0.3283,0.2511,1.3922,1.4271,0
2014-09-04,1.71,2.1713,0.0687,-0.739,0.2456,-0.0366,0.3332,-0.05,1.76,0.3143,0.3654,0.2633,1.3812,1.4432,0
2014-09-05,1.69,2.173,0.0663,-0.7589,0.2534,-0.0437,0.3485,-0.08,1.77,0.3197,0.3799,0.2595,1.3539,1.4397,0
2014-09-08,1.72,2.179,0.0679,-0.741,0.255,-0.0409,0.3904,-0.02,1.74,0.3229,0.3772,0.2685,1.3837,1.4518,0
2014-09-09,1.76,2.1852,0.0724,-0.7157,0.2596,-0.0415,0.4196,0.05,1.71,0.332,0.3797,0.2843,1.4218,1.4687,0
2014-09-10,1.79,2.1943,0.0747,-0.7265,0.2822,-0.0347,0.4569,0.1,1.69,0.3569,0.4159,0.298,1.4089,1.4838,0
2014-09-11,1.79,2.1949,0.0755,-0.7243,0.284,-0.0401,0.4281,0.03,1.76,0.3595,0.4185,0.3006,1.4117,1.4848,0
2014-09-12,1.83,2.2143,0.0757,-0.7506,0.3296,-0.039,0.4528,0.08,1.75,0.4053,0.4917,0.3189,1.3773,1.5105,0
2014-09-15,1.8,2.2092,0.073,-0.7629,0.3235,-0.0427,0.4475,0.07,1.73,0.3965,0.4848,0.3082,1.358,1.4977,0
2014-09-16,1.78,2.2095,0.0703,-0.7854,0.3336,-0.048,0.4487,0.03,1.75,0.4039,0.505,0.3028,1.3231,1.4902,0
2014-09-17,1.82,2.2192,0.0718,-0.7639,0.3369,-0.044,0.5401,0.19,1.63,0.4087,0.5029,0.3145,1.3612,1.5101,0
2014-09-18,1.85,2.2243,0.0758,-0.7411,0.3402,-0.0492,0.5971,0.29,1.56,0.416,0.5034,0.3286,1.3958,1.5215,0
2014-09-19,1.83,2.2115,0.0783,-0.72,0.3112,-0.051,0.5901,0.27,1.56,0.3895,0.4562,0.3227,1.4248,1.5077,0
2014-09-22,1.8,2.2045,0.0766,-0.7366,0.3025,-0.047,0.6184,0.2,1.6,0.3791,0.4456,0.3127,1.4014,1.4938,0
2014-09-23,1.78,2.1951,0.0762,-0.7299,0.2865,-0.0478,0.5754,0.15,1.63,0.3627,0.4222,0.3031,1.4056,1.481,0
2014-09-24,1.82,2.2042,0.0784,-0.7265,0.3027,-0.0388,0.565,0.16,1.66,0.3811,0.4453,0.3169,1.4135,1.4944,0
2014-09-25,1.75,2.1891,0.0757,-0.7384,0.2783,-0.0547,0.5573,0.13,1.62,0.354,0.4109,0.2971,1.3938,1.4672,0
2014-09-26,1.8,2.1989,0.0794,-0.7068,0.2809,-0.0524,0.6098,0.21,1.59,0.3603,0.4064,0.3142,1.446,1.4891,0
2014-09-29,1.77,2.1872,0.0776,-0.7085,0.2621,-0.0484,0.611,0.16,1.61,0.3397,0.3808,0.2986,1.4376,1.4755,0
2014-09-30,1.78,2.1904,0.0784,-0.7157,0.2721,-0.0452,0.6082,0.22,1.56,0.3505,0.3969,0.3041,1.4283,1.4767,0
2014-10-01,1.69,2.1624,0.0729,-0.7206,0.22,-0.0447,0.5646,0.09,1.6,0.2929,0.3199,0.2659,1.4148,1.4305,0
2014-10-02,1.7,2.1693,0.0728,-0.7343,0.2422,-0.0501,0.5835,0.13,1.57,0.315,0.3581,0.272,1.392,1.4386,0
2014-10-03,1.73,2.1733,0.0769,-0.6943,0.2286,-0.0545,0.6192,0.17,1.56,0.3055,0.3263,0.2848,1.4582,1.4523,0
2014-10-06,1.7,2.1657,0.0738,-0.717,0.2266,-0.0491,0.6126,0.15,1.55,0.3004,0.3306,0.2702,1.4185,1.4412,0
2014-10-07,1.64,2.1471,0.0701,-0.7162,0.1892,-0.0501,0.596,0.12,1.52,0.2593,0.2733,0.2452,1.4168,1.4079,0
2014-10-08,1.57,2.1373,0.0615,-0.7753,0.2006,-0.0541,0.5389,0.03,1.54,0.2621,0.3079,0.2163,1.3162,1.3816,0
2014-10-09,1.58,2.1379,0.0589,-0.7615,0.1909,-0.0463,0.5432,0.06,1.52,0.2498,0.2891,0.2106,1.3372,1.381,0
2014-10-10,1.55,2.1307,0.0576,-0.7603,0.1782,-0.0562,0.5319,0.03,1.52,0.2358,0.2703,0.2013,1.3359,1.3666,0
2014-10-14,1.45,2.1034,0.0498,-0.7795,0.1289,-0.0526,0.5432,0.04,1.41,0.1787,0.1986,0.1588,1.304,1.3148,0
2014-10-15,1.37,2.0857,0.0402,-0.8102,0.1036,-0.0493,0.5767,0.0,1.37,0.1438,0.1673,0.1202,1.2519,1.2787,0
2014-10-16,1.39,2.0898,0.0393,-0.8016,0.1139,-0.0514,0.5618,0.02,1.37,0.1532,0.1851,0.1214,1.2563,1.287,0
2014-10-17,1.44,2.1032,0.0427,-0.7977,0.1435,-0.0517,0.5399,0.01,1.43,0.1862,0.2314,0.141,1.2603,1.3127,0
2014-10-20,1.41,2.0974,0.0401,-0.8035,0.1296,-0.0536,0.5443,-0.04,1.45,0.1697,0.2097,0.1296,1.2539,1.3016,0
2014-10-21,1.44,2.1065,0.0396,-0.8132,0.1512,-0.0442,0.5605,0.02,1.42,0.1908,0.2451,0.1366,1.2391,1.3139,0
2014-10-22,1.46,2.1119,0.041,-0.8019,0.1557,-0.0467,0.5677,-0.01,1.47,0.1967,0.2488,0.1446,1.2579,1.3239,0
2014-10-23,1.52,2.1255,0.0445,-0.789,0.1766,-0.0376,0.5873,0.09,1.43,0.2211,0.2772,0.165,1.2804,1.3489,0
2014-10-24,1.52,2.1252,0.0451,-0.7923,0.1778,-0.0358,0.6006,0.06,1.46,0.2229,0.2795,0.1663,1.2763,1.3482,0
2014-10-27,1.51,2.1211,0.0449,-0.7933,0.1721,-0.0348,0.598,0.07,1.44,0.217,0.272,0.1621,1.2729,1.3417,0
2014-10-28,1.53,2.1288,0.0465,-0.7975,0.1887,-0.0366,0.5884,0.06,1.47,0.2352,0.2972,0.1733,1.2694,1.3521,0
2014-10-29,1.61,2.1426,0.0552,-0.731,0.1879,-0.0447,0.6,0.14,1.47,0.2431,0.2817,0.2045,1.373,1.3939,0
2014-10-30,1.58,2.1371,0.0562,-0.7457,0.1825,-0.0501,0.6068,0.09,1.49,0.2387,0.2749,0.2026,1.3553,1.383,0
2014-10-31,1.62,2.1456,0.0603,-0.7405,0.1999,-0.0453,0.5891,0.09,1.53,0.2602,0.3003,0.2201,1.365,1.398,0
2014-11-03,1.63,2.1481,0.0623,-0.7227,0.1944,-0.0521,0.5888,0.08,1.55,0.2567,0.2872,0.2262,1.3948,1.4101,0
2014-11-04,1.63,2.1448,0.0637,-0.7248,0.1927,-0.0464,0.6045,0.14,1.49,0.2564,0.2862,0.2267,1.3902,1.405,0
2014-11-05,1.63,2.1456,0.0642,-0.7253,0.1958,-0.0503,0.5798,0.09,1.54,0.26,0.2917,0.2283,1.3886,1.4099,0
2014-11-06,1.67,2.1554,0.0672,-0.7186,0.2102,-0.0442,0.565,0.09,1.58,0.2774,0.3105,0.2443,1.4038,1.4257,0
2014-11-07,1.6,2.1347,0.0629,-0.7301,0.1719,-0.0394,0.5258,0.01,1.59,0.2348,0.2535,0.2161,1.3859,1.3881,0
2014-11-10,1.65,2.1504,0.0654,-0.7225,0.2,-0.0433,0.5511,0.07,1.58,0.2654,0.2956,0.2352,1.3977,1.4189,0
2014-11-12,1.65,2.1499,0.0656,-0.7197,0.197,-0.0427,0.5691,0.12,1.53,0.2626,0.2899,0.2353,1.4029,1.4183,0
2014-11-13,1.64,2.1464,0.0633,-0.7331,0.1981,-0.0347,0.5933,0.16,1.48,0.2614,0.2963,0.2265,1.3784,1.4119,0
2014-11-14,1.62,2.1385,0.0621,-0.7326,0.1838,-0.0318,0.5854,0.17,1.45,0.2459,0.2749,0.2169,1.3769,1.3973,0
2014-11-17,1.64,2.1445,0.0627,-0.722,0.1861,-0.0313,0.6216,0.22,1.42,0.2488,0.2738,0.2237,1.3975,1.4068,0
2014-11-18,1.63,2.1402,0.0624,-0.7258,0.1824,-0.0291,0.6215,0.21,1.42,0.2448,0.2704,0.2191,1.3887,1.3997,0
2014-11-19,1.66,2.1507,0.0641,-0.7197,0.1983,-0.0334,0.6639,0.27,1.39,0.2624,0.2923,0.2325,1.4011,1.4171,0
2014-11-20,1.64,2.1428,0.0632,-0.715,0.1808,-0.0319,0.638,0.23,1.41,0.244,0.2646,0.2235,1.4073,1.4044,0
2014-11-21,1.63,2.1367,0.0628,-0.7144,0.1727,-0.0278,0.608,0.19,1.44,0.2355,0.254,0.217,1.4039,1.3956,0
2014-11-24,1.62,2.1333,0.0618,-0.7165,0.1676,-0.0263,0.5904,0.19,1.43,0.2294,0.2478,0.2111,1.3985,1.3929,0
2014-11-25,1.58,2.1227,0.0608,-0.7079,0.1401,-0.0357,0.5999,0.11,1.47,0.2009,0.2024,0.1994,1.4133,1.3745,0
2014-11-26,1.56,2.1161,0.0598,-0.7087,0.1279,-0.0351,0.6074,0.12,1.44,0.1877,0.1843,0.1911,1.4108,1.3641,0
2014-11-28,1.49,2.0988,0.0558,-0.7139,0.0937,-0.0445,0.6245,0.1,1.39,0.1495,0.1328,0.1663,1.4017,1.3333,0
2014-12-01,1.52,2.1101,0.0559,-0.7228,0.1231,-0.0462,0.6753,0.13,1.39,0.179,0.1819,0.1761,1.3844,1.3538,0
2014-12-02,1.59,2.1279,0.0603,-0.7028,0.1458,-0.0413,0.7302,0.23,1.36,0.2061,0.2101,0.2021,1.4211,1.3869,0
2014-12-03,1.61,2.1288,0.0644,-0.6909,0.1473,-0.0397,0.7252,0.23,1.38,0.2117,0.2107,0.2128,1.439,1.3912,0
2014-12-04,1.59,2.1169,0.0645,-0.6751,0.1181,-0.0344,0.6681,0.23,1.36,0.1826,0.1632,0.202,1.4612,1.3772,0
2014-12-05,1.69,2.1376,0.0751,-0.6252,0.1382,-0.0357,0.7339,0.34,1.35,0.2133,0.1821,0.2445,1.5436,1.4272,0
2014-12-08,1.67,2.124,0.0788,-0.5873,0.0946,-0.0402,0.7534,0.43,1.24,0.1734,0.107,0.2399,1.6032,1.4196,0
2014-12-09,1.63,2.1085,0.0774,-0.5922,0.069,-0.0326,0.7148,0.29,1.34,0.1464,0.0707,0.222,1.5919,1.3995,0
2014-12-10,1.58,2.0956,0.0737,-0.6115,0.0538,-0.0316,0.7344,0.31,1.27,0.1275,0.0527,0.2024,1.5589,1.3725,0
2014-12-11,1.62,2.1021,0.078,-0.5818,0.0565,-0.0348,0.7542,0.35,1.27,0.1345,0.0507,0.2183,1.6041,1.3877,0
2014-12-12,1.53,2.0773,0.0729,-0.6048,0.017,-0.0324,0.7967,0.33,1.2,0.0899,-0.0047,0.1845,1.5671,1.3421,0
2014-12-15,1.58,2.0843,0.0768,-0.5672,0.0213,-0.0352,0.8331,0.41,1.17,0.0981,-0.0021,0.1982,1.6173,1.3681,0
2014-12-16,1.53,2.0678,0.0753,-0.5596,-0.0193,-0.0341,0.8282,0.32,1.21,0.056,-0.0678,0.1797,1.6319,1.3431,0
2014-12-17,1.61,2.0887,0.0812,-0.5422,0.0195,-0.0372,0.853,0.39,1.22,0.1007,-0.0107,0.2121,1.6579,1.3834,0
2014-12-18,1.68,2.1095,0.085,-0.5474,0.0614,-0.0285,0.8867,0.48,1.2,0.1464,0.0533,0.2394,1.6551,1.4205,0
2014-12-19,1.66,2.0989,0.0875,-0.5238,0.0304,-0.033,0.8338,0.39,1.27,0.1179,-0.0001,0.2359,1.6931,1.4068,0
2014-12-22,1.67,2.0977,0.0877,-0.5105,0.0258,-0.0307,0.8057,0.38,1.29,0.1135,-0.0061,0.233,1.7068,1.4217,0
2014-12-23,1.76,2.1228,0.0925,-0.5102,0.0702,-0.0153,0.8423,0.46,1.3,0.1627,0.058,0.2674,1.7173,1.4604,0
2014-12-24,1.76,2.1245,0.0951,-0.4934,0.0655,-0.0316,0.8277,0.5,1.26,0.1606,0.0461,0.2751,1.7456,1.4648,0
2014-12-26,1.75,2.1229,0.0985,-0.4932,0.0584,-0.0366,0.8721,0.49,1.26,0.1569,0.0304,0.2833,1.7562,1.4547,0
2014-12-29,1.72,2.1127,0.0951,-0.5135,0.0484,-0.0227,0.9256,0.5,1.22,0.1435,0.021,0.266,1.7217,1.4377,0
2014-12-30,1.68,2.1039,0.0924,-0.5236,0.0416,-0.0343,0.9024,0.47,1.21,0.134,0.0164,0.2516,1.6979,1.4221,0
2014-12-31,1.65,2.0961,0.0894,-0.5427,0.0413,-0.0342,0.8374,0.38,1.27,0.1307,0.0239,0.2376,1.6603,1.4069,0
2015-01-02,1.61,2.0823,0.0878,-0.5453,0.02,-0.0348,0.7911,0.31,1.3,0.1078,-0.0061,0.2217,1.6509,1.3833,0
2015-01-05,1.57,2.0634,0.0873,-0.5194,-0.0354,-0.026,0.8275,0.32,1.25,0.0519,-0.0998,0.2036,1.6957,1.3548,0
2015-01-06,1.5,2.0442,0.0836,-0.5425,-0.0565,-0.0288,0.8805,0.34,1.16,0.0271,-0.1237,0.1778,1.6524,1.3219,0
2015-01-07,1.47,2.0391,0.0818,-0.5512,-0.0605,-0.0393,0.8724,0.31,1.16,0.0213,-0.1267,0.1694,1.636,1.3096,0
2015-01-08,1.5,2.0533,0.0814,-0.5754,-0.0208,-0.0386,0.8405,0.29,1.21,0.0606,-0.0607,0.182,1.5993,1.3241,0
2015-01-09,1.45,2.0422,0.0764,-0.604,-0.0315,-0.0331,0.8169,0.25,1.2,0.0449,-0.0709,0.1607,1.554,1.2985,0
2015-01-12,1.39,2.0269,0.07,-0.6126,-0.0625,-0.0318,0.8472,0.23,1.16,0.0075,-0.1166,0.1316,1.5384,1.2703,0
2015-01-13,1.37,2.024,0.0663,-0.6185,-0.0706,-0.0312,0.8781,0.32,1.05,-0.0043,-0.1294,0.1208,1.5306,1.2592,0
2015-01-14,1.33,2.0089,0.0611,-0.6255,-0.0928,-0.0217,0.8119,0.15,1.18,-0.0317,-0.1581,0.0947,1.5098,1.2331,0
2015-01-15,1.22,1.984,0.0515,-0.6723,-0.1177,-0.0255,0.756,0.04,1.18,-0.0662,-0.183,0.0506,1.4285,1.1795,0
2015-01-16,1.29,2.003,0.0558,-0.6249,-0.1085,-0.0355,0.7553,0.1,1.19,-0.0527,-0.1828,0.0775,1.5083,1.214,0
2015-01-20,1.31,2.0041,0.0597,-0.5988,-0.1172,-0.0377,0.7521,0.12,1.19,-0.0575,-0.202,0.0869,1.5497,1.2251,0
2015-01-21,1.35,2.0169,0.0627,-0.6092,-0.0821,-0.0383,0.755,0.18,1.17,-0.0194,-0.1442,0.1055,1.5326,1.2469,0
2015-01-22,1.39,2.0233,0.0665,-0.5906,-0.0773,-0.0319,0.7278,0.2,1.19,-0.0108,-0.1419,0.1202,1.5638,1.2617,0
2015-01-23,1.33,2.0024,0.0655,-0.5838,-0.1232,-0.0309,0.6791,0.12,1.21,-0.0577,-0.215,0.0995,1.5758,1.2267,0
2015-01-26,1.36,2.0082,0.0672,-0.5841,-0.1073,-0.024,0.6682,0.12,1.24,-0.0401,-0.1883,0.108,1.5723,1.2413,0
2015-01-27,1.34,2.0054,0.066,-0.5883,-0.1143,-0.0288,0.6073,0.05,1.29,-0.0483,-0.1996,0.1029,1.5684,1.2353,0
2015-01-28,1.25,1.981,0.0598,-0.6091,-0.1542,-0.0275,0.6113,0.01,1.24,-0.0944,-0.2554,0.0666,1.5329,1.1904,0
2015-01-29,1.28,1.9933,0.0611,-0.6173,-0.1187,-0.0384,0.5974,-0.03,1.31,-0.0576,-0.1962,0.081,1.5146,1.2087,0
2015-01-30,1.18,1.9681,0.0542,-0.6421,-0.1633,-0.0369,0.5333,-0.11,1.29,-0.1091,-0.2606,0.0425,1.4776,1.1604,0
2015-02-02,1.19,1.9713,0.0523,-0.6467,-0.155,-0.0319,0.5152,-0.13,1.32,-0.1027,-0.2462,0.0408,1.4681,1.164,0
2015-02-03,1.28,1.9978,0.0574,-0.6261,-0.1128,-0.0363,0.4884,-0.12,1.4,-0.0554,-0.1871,0.0763,1.5034,1.2104,0
2015-02-04,1.29,2.0022,0.0593,-0.6278,-0.1068,-0.0368,0.5079,-0.06,1.35,-0.0475,-0.1805,0.0854,1.5073,1.2148,0
2015-02-05,1.3,2.0078,0.0604,-0.6359,-0.0925,-0.0398,0.5245,-0.08,1.38,-0.0321,-0.1573,0.0931,1.4971,1.2229,0
2015-02-06,1.48,2.044,0.076,-0.542,-0.0625,-0.0355,0.5411,0.12,1.36,0.0135,-0.1336,0.1606,1.6491,1.3058,0
2015-02-09,1.49,2.0461,0.0807,-0.542,-0.0581,-0.0367,0.5555,0.13,1.36,0.0226,-0.1281,0.1734,1.6548,1.316,0
2015-02-10,1.52,2.0575,0.0838,-0.5493,-0.033,-0.0389,0.5928,0.2,1.32,0.0508,-0.0895,0.191,1.6484,1.3353,0
2015-02-11,1.53,2.0589,0.0857,-0.5533,-0.0248,-0.0366,0.6045,0.21,1.32,0.0609,-0.0755,0.1974,1.6421,1.3361,0
2015-02-12,1.5,2.0555,0.0826,-0.5759,-0.025,-0.0372,0.6131,0.13,1.37,0.0576,-0.0723,0.1875,1.6095,1.3235,0
2015-02-13,1.53,2.0656,0.0823,-0.5866,-0.0012,-0.0302,0.6048,0.21,1.32,0.0811,-0.0338,0.196,1.5939,1.3374,0
2015-02-17,1.62,2.0977,0.0871,-0.5805,0.0567,-0.0411,0.6254,0.29,1.33,0.1438,0.0517,0.236,1.6094,1.3898,0
2015-02-18,1.52,2.0774,0.0793,-0.6273,0.0336,-0.043,0.5914,0.2,1.32,0.1129,0.0255,0.2003,1.5375,1.3445,0
2015-02-19,1.58,2.0908,0.0808,-0.6067,0.0505,-0.0354,0.5876,0.23,1.35,0.1313,0.0471,0.2156,1.5684,1.3682,0
2015-02-20,1.61,2.0962,0.0832,-0.5876,0.0489,-0.0307,0.5888,0.24,1.37,0.1321,0.0384,0.2258,1.6023,1.3801,0
2015-02-23,1.56,2.0797,0.0804,-0.6052,0.0321,-0.027,0.585,0.22,1.34,0.1125,0.0207,0.2042,1.5662,1.3544,0
2015-02-24,1.47,2.0576,0.0737,-0.6234,-0.0057,-0.0322,0.5588,0.14,1.33,0.068,-0.0328,0.1688,1.535,1.3134,0
2015-02-25,1.47,2.0507,0.0738,-0.6037,-0.0256,-0.0251,0.5335,0.11,1.36,0.0482,-0.0663,0.1627,1.5615,1.3039,0
2015-02-26,1.54,2.0659,0.0805,-0.5675,-0.0068,-0.0321,0.4926,0.05,1.49,0.0737,-0.0443,0.1917,1.6163,1.3381,0
2015-02-27,1.5,2.0578,0.0798,-0.5811,-0.0186,-0.0379,0.4167,0.01,1.49,0.0612,-0.0608,0.1831,1.5987,1.3234,0
2015-03-02,1.57,2.0804,0.0825,-0.585,0.0259,-0.0338,0.4628,0.03,1.54,0.1084,0.0075,0.2093,1.5963,1.3621,0
2015-03-03,1.61,2.0909,0.0856,-0.5731,0.0407,-0.0341,0.4391,0.04,1.57,0.1263,0.0267,0.2259,1.6174,1.3815,0
2015-03-04,1.6,2.0898,0.0847,-0.5861,0.0428,-0.0313,0.4336,-0.01,1.61,0.1275,0.0319,0.2232,1.5994,1.3769,0
2015-03-05,1.57,2.0857,0.0817,-0.6023,0.0379,-0.033,0.4735,0.04,1.53,0.1196,0.0265,0.2126,1.5764,1.3651,0
2015-03-06,1.7,2.1229,0.0893,-0.5809,0.1001,-0.0314,0.5366,0.15,1.55,0.1894,0.1153,0.2635,1.6161,1.4317,0
2015-03-09,1.66,2.1119,0.0867,-0.5862,0.0764,-0.0288,0.5961,0.19,1.47,0.1631,0.0792,0.247,1.6096,1.4153,0
2015-03-10,1.62,2.0952,0.084,-0.5832,0.0462,-0.0222,0.6157,0.26,1.36,0.1302,0.035,0.2254,1.6072,1.3893,0
2015-03-11,1.6,2.0874,0.0839,-0.5677,0.0274,-0.031,0.6165,0.15,1.45,0.1113,0.0047,0.2179,1.6263,1.3806,0
2015-03-12,1.59,2.0839,0.0814,-0.5865,0.0284,-0.0172,0.6302,0.18,1.41,0.1098,0.0105,0.209,1.5966,1.3711,0
2015-03-13,1.6,2.0898,0.0807,-0.576,0.0306,-0.0251,0.6774,0.2,1.4,0.1113,0.0105,0.2122,1.6146,1.382,0
2015-03-16,1.57,2.0826,0.0769,-0.5766,0.019,-0.0319,0.7012,0.3,1.27,0.0959,-0.0032,0.195,1.605,1.3793,0
2015-03-17,1.56,2.0718,0.0769,-0.5478,-0.0145,-0.0264,0.7036,0.22,1.34,0.0624,-0.0597,0.1846,1.6461,1.369,0
2015-03-18,1.41,2.0323,0.0669,-0.606,-0.0606,-0.0226,0.5757,0.08,1.33,0.0063,-0.115,0.1275,1.5475,1.2862,0
2015-03-19,1.48,2.0469,0.0715,-0.5657,-0.0485,-0.0242,0.5126,-0.01,1.49,0.023,-0.1047,0.1507,1.6089,1.3177,0
2015-03-20,1.42,2.0343,0.0681,-0.5953,-0.0633,-0.0237,0.5024,-0.08,1.5,0.0048,-0.1229,0.1324,1.5666,1.2894,0
2015-03-23,1.41,2.031,0.0654,-0.6123,-0.062,-0.0121,0.5113,-0.07,1.48,0.0034,-0.1163,0.1231,1.5384,1.28,0
2015-03-24,1.37,2.0188,0.0632,-0.6072,-0.0845,-0.0203,0.4493,-0.16,1.53,-0.0213,-0.1495,0.1069,1.5398,1.2604,0
2015-03-25,1.41,2.0311,0.0654,-0.595,-0.0667,-0.0248,0.42,-0.15,1.56,-0.0013,-0.1256,0.1229,1.5603,1.2825,0
2015-03-26,1.47,2.0551,0.0668,-0.6015,-0.0222,-0.0282,0.4418,-0.1,1.57,0.0446,-0.0578,0.1471,1.556,1.3231,0
2015-03-27,1.42,2.0404,0.0633,-0.6081,-0.0493,-0.0263,0.4706,-0.12,1.54,0.014,-0.0984,0.1264,1.5447,1.2932,0
2015-03-30,1.41,2.0424,0.0606,-0.6269,-0.0344,-0.0317,0.5013,-0.08,1.49,0.0262,-0.0686,0.1211,1.5103,1.2979,0
2015-03-31,1.37,2.0331,0.0563,-0.6308,-0.0531,-0.0355,0.4732,-0.14,1.51,0.0032,-0.0963,0.1027,1.5018,1.2788,0
2015-04-01,1.32,2.0147,0.0541,-0.6293,-0.0858,-0.0338,0.3963,-0.26,1.58,-0.0317,-0.1449,0.0816,1.4987,1.245,0
2015-04-02,1.35,2.0271,0.0552,-0.6444,-0.0576,-0.0303,0.4152,-0.21,1.56,-0.0024,-0.1011,0.0964,1.4814,1.2573,0
2015-04-03,1.26,2.006,0.0487,-0.6761,-0.0855,-0.0331,0.3595,-0.32,1.58,-0.0368,-0.1364,0.0628,1.4295,1.2141,0
2015-04-06,1.31,2.0249,0.0492,-0.6784,-0.048,-0.0377,0.3634,-0.29,1.6,0.0012,-0.0785,0.0809,1.4262,1.2428,0
2015-04-07,1.32,2.0216,0.0509,-0.6567,-0.0632,-0.0326,0.3515,-0.28,1.6,-0.0123,-0.1062,0.0816,1.4588,1.2413,0
2015-04-08,1.35,2.0275,0.0532,-0.6593,-0.0472,-0.0243,0.3922,-0.23,1.58,0.006,-0.0801,0.0922,1.4544,1.2534,0
2015-04-09,1.4,2.0421,0.0565,-0.6484,-0.0267,-0.0235,0.4189,-0.19,1.59,0.0298,-0.0536,0.1132,1.4771,1.2786,0
2015-04-10,1.41,2.0417,0.0594,-0.6326,-0.0363,-0.0223,0.4396,-0.15,1.56,0.0231,-0.0738,0.1201,1.5061,1.2792,0
2015-04-13,1.38,2.0366,0.057,-0.6536,-0.0348,-0.0252,0.4386,-0.17,1.55,0.0222,-0.0648,0.1092,1.47,1.2724,0
2015-04-14,1.34,2.0255,0.0544,-0.6612,-0.0516,-0.0271,0.428,-0.21,1.55,0.0028,-0.0879,0.0935,1.455,1.2506,0
2015-04-15,1.33,2.0236,0.0531,-0.6791,-0.0458,-0.0218,0.3971,-0.26,1.59,0.0073,-0.0752,0.0898,1.427,1.2395,0
2015-04-16,1.31,2.0208,0.0498,-0.6965,-0.0481,-0.0159,0.3744,-0.27,1.58,0.0017,-0.0766,0.08,1.4026,1.2289,0
2015-04-17,1.31,2.0145,0.0515,-0.6698,-0.0679,-0.0183,0.3186,-0.34,1.65,-0.0164,-0.1106,0.0777,1.4389,1.2247,0
2015-04-20,1.33,2.0224,0.052,-0.6696,-0.057,-0.0179,0.3232,-0.27,1.6,-0.005,-0.0949,0.085,1.4428,1.2433,0
2015-04-21,1.35,2.0308,0.053,-0.6813,-0.0336,-0.0189,0.3613,-0.24,1.59,0.0194,-0.0565,0.0954,1.4254,1.2535,0
2015-04-22,1.41,2.0501,0.0557,-0.6749,-0.0018,-0.0191,0.3788,-0.19,1.6,0.0539,-0.0109,0.1187,1.44,1.2876,0
2015-04-23,1.37,2.0391,0.054,-0.6867,-0.0172,-0.0193,0.3472,-0.33,1.7,0.0368,-0.0317,0.1054,1.421,1.2647,0
2015-04-24,1.34,2.0319,0.0509,-0.6922,-0.0307,-0.0199,0.3319,-0.37,1.71,0.0202,-0.0511,0.0915,1.411,1.2527,0
2015-04-27,1.36,2.0334,0.0518,-0.6697,-0.0389,-0.0166,0.3243,-0.35,1.71,0.0129,-0.0689,0.0947,1.4455,1.2582,0
2015-04-28,1.39,2.0505,0.0546,-0.6763,-0.0042,-0.0346,0.3673,-0.3,1.69,0.0504,-0.0164,0.1171,1.441,1.2831,0
2015-04-29,1.43,2.0664,0.0574,-0.6968,0.0372,-0.0343,0.3674,-0.27,1.7,0.0946,0.0502,0.1391,1.4141,1.3009,0
2015-04-30,1.43,2.0653,0.0591,-0.6961,0.0336,-0.0319,0.3692,-0.29,1.72,0.0927,0.0426,0.1427,1.4193,1.2969,0
2015-05-01,1.5,2.0868,0.0645,-0.6856,0.07,-0.0357,0.3774,-0.22,1.72,0.1345,0.0938,0.1753,1.4419,1.3317,0
2015-05-04,1.51,2.096,0.0627,-0.7122,0.095,-0.0315,0.4165,-0.18,1.69,0.1577,0.1369,0.1785,1.4046,1.3475,0
2015-05-05,1.54,2.1029,0.065,-0.6957,0.1051,-0.0373,0.4294,-0.18,1.72,0.1701,0.1505,0.1898,1.4269,1.3627,0
2015-05-06,1.58,2.1192,0.0664,-0.704,0.133,-0.0346,0.4874,-0.11,1.69,0.1994,0.1909,0.2079,1.4237,1.3869,0
2015-05-07,1.55,2.1032,0.0665,-0.6844,0.0967,-0.032,0.4762,-0.11,1.66,0.1632,0.1327,0.1936,1.4492,1.3647,0
2015-05-08,1.5,2.0937,0.0615,-0.7172,0.0917,-0.0296,0.4714,-0.16,1.66,0.1532,0.1325,0.1738,1.3971,1.3422,0
2015-05-11,1.59,2.1256,0.064,-0.7082,0.1438,-0.0352,0.5279,-0.05,1.64,0.2078,0.2079,0.2078,1.4173,1.3948,0
2015-05-12,1.58,2.1253,0.0626,-0.7277,0.1558,-0.0361,0.5258,-0.07,1.65,0.2184,0.2323,0.2045,1.3837,1.391,0
2015-05-13,1.57,2.1283,0.0589,-0.7566,0.1739,-0.0345,0.4916,-0.1,1.67,0.2328,0.2667,0.1989,1.3378,1.3876,0
2015-05-14,1.51,2.1169,0.0531,-0.774,0.1521,-0.0381,0.515,-0.14,1.65,0.2052,0.2347,0.1758,1.3135,1.3581,0
2015-05-15,1.46,2.0949,0.0505,-0.7541,0.1059,-0.0371,0.4913,-0.16,1.62,0.1564,0.1636,0.1491,1.3335,1.3289,0
2015-05-18,1.54,2.1169,0.0549,-0.7508,0.1489,-0.03,0.5164,-0.1,1.64,0.2038,0.2284,0.1793,1.3416,1.3661,0
2015-05-19,1.6,2.1313,0.0614,-0.722,0.1603,-0.0309,0.5429,-0.02,1.62,0.2217,0.2356,0.2077,1.3953,1.3932,0
2015-05-20,1.57,2.1246,0.0596,-0.7483,0.1588,-0.0247,0.5169,-0.08,1.65,0.2184,0.2392,0.1975,1.3554,1.381,0
2015-05-21,1.53,2.1074,0.0579,-0.7362,0.1197,-0.0189,0.507,-0.1,1.63,0.1776,0.1769,0.1784,1.372,1.3519,0
2015-05-22,1.57,2.1159,0.0627,-0.7062,0.1282,-0.0306,0.495,-0.08,1.65,0.1909,0.1853,0.1964,1.4152,1.3772,0
2015-05-26,1.54,2.0973,0.0625,-0.6913,0.0845,-0.013,0.5307,-0.05,1.59,0.147,0.1155,0.1785,1.4375,1.3542,0
2015-05-27,1.53,2.0953,0.0644,-0.6801,0.0802,-0.0298,0.5614,-0.01,1.54,0.1446,0.1084,0.1808,1.4514,1.356,0
2015-05-28,1.51,2.0928,0.0627,-0.7016,0.0838,-0.0278,0.5744,-0.02,1.53,0.1465,0.1177,0.1754,1.4201,1.3454,0
2015-05-29,1.49,2.0875,0.0616,-0.7132,0.079,-0.0249,0.5433,-0.08,1.57,0.1406,0.1123,0.169,1.4027,1.3292,0
2015-06-01,1.55,2.1069,0.0647,-0.7067,0.1135,-0.0284,0.5829,0.0,1.55,0.1782,0.1631,0.1933,1.4153,1.3643,0
2015-06-02,1.61,2.1277,0.0674,-0.7105,0.1548,-0.0294,0.5894,0.02,1.59,0.2222,0.2258,0.2186,1.4136,1.3963,0
2015-06-03,1.69,2.1582,0.0711,-0.7109,0.2081,-0.0364,0.6286,0.1,1.59,0.2792,0.3035,0.2549,1.423,1.4428,0
2015-06-04,1.65,2.1397,0.069,-0.7054,0.1709,-0.0241,0.6162,0.06,1.59,0.2399,0.2465,0.2332,1.4276,1.4152,0
2015-06-05,1.75,2.1655,0.0766,-0.6707,0.2075,-0.0288,0.6106,0.11,1.64,0.2841,0.2947,0.2734,1.4841,1.4662,0
2015-06-08,1.72,2.1608,0.0743,-0.6901,0.2027,-0.0278,0.6015,0.09,1.63,0.277,0.29,0.264,1.4577,1.4559,0
2015-06-09,1.74,2.1687,0.0757,-0.6939,0.2219,-0.0323,0.6039,0.09,1.65,0.2976,0.3204,0.2747,1.4519,1.4669,0
2015-06-10,1.8,2.1873,0.0779,-0.6912,0.2556,-0.0297,0.6315,0.14,1.66,0.3335,0.3713,0.2958,1.4584,1.502,0
2015-06-11,1.74,2.1623,0.0759,-0.6729,0.1972,-0.0225,0.6279,0.11,1.63,0.2731,0.2778,0.2684,1.4847,1.4645,0
2015-06-12,1.75,2.1614,0.0778,-0.6527,0.1877,-0.0242,0.6212,0.11,1.64,0.2655,0.2594,0.2716,1.5149,1.4684,0
2015-06-15,1.71,2.1518,0.0752,-0.6697,0.1796,-0.0269,0.6007,0.07,1.64,0.2548,0.253,0.2567,1.484,1.4535,0
2015-06-16,1.68,2.1399,0.0735,-0.6731,0.1631,-0.0234,0.5352,0.01,1.67,0.2366,0.2315,0.2417,1.4719,1.4354,0
2015-06-17,1.63,2.1365,0.0677,-0.7109,0.1649,-0.0282,0.511,-0.06,1.69,0.2326,0.2392,0.226,1.419,1.4168,0
2015-06-18,1.65,2.1468,0.0667,-0.7233,0.1895,-0.0297,0.5407,-0.02,1.67,0.2562,0.2785,0.234,1.4013,1.4231,0
2015-06-19,1.59,2.1249,0.0647,-0.7223,0.1455,-0.0228,0.5383,-0.04,1.63,0.2102,0.2094,0.211,1.4033,1.379,0
2015-06-22,1.68,2.1523,0.0689,-0.7169,0.2019,-0.0263,0.5438,0.03,1.65,0.2708,0.2976,0.2441,1.4087,1.4335,0
2015-06-23,1.71,2.1645,0.07,-0.7186,0.2232,-0.0291,0.5447,0.04,1.67,0.2932,0.329,0.2574,1.4101,1.4551,0
2015-06-24,1.69,2.1575,0.0697,-0.7178,0.209,-0.0284,0.5412,0.05,1.64,0.2787,0.3067,0.2507,1.4117,1.4419,0
2015-06-25,1.7,2.1616,0.0713,-0.7125,0.2147,-0.0351,0.5505,0.07,1.63,0.286,0.3133,0.2587,1.4217,1.4463,0
2015-06-26,1.75,2.1837,0.073,-0.7284,0.2623,-0.0406,0.5756,0.09,1.66,0.3353,0.3882,0.2824,1.4024,1.4816,0
2015-06-29,1.62,2.1427,0.0632,-0.7309,0.1812,-0.0363,0.5537,0.03,1.59,0.2444,0.2673,0.2216,1.389,1.4165,0
2015-06-30,1.63,2.1456,0.0617,-0.7285,0.1888,-0.0377,0.5676,0.02,1.61,0.2505,0.2811,0.22,1.3866,1.4227,0
2015-07-01,1.7,2.1681,0.0646,-0.729,0.2382,-0.0419,0.582,0.1,1.6,0.3028,0.3595,0.2461,1.3824,1.4669,0
2015-07-02,1.64,2.1566,0.0606,-0.7615,0.2266,-0.0423,0.5489,0.02,1.62,0.2872,0.3463,0.2281,1.336,1.4329,0
2015-07-06,1.56,2.1308,0.056,-0.7546,0.1703,-0.0425,0.5458,-0.01,1.57,0.2263,0.258,0.1946,1.3445,1.3855,0
2015-07-07,1.55,2.1218,0.0558,-0.7357,0.1453,-0.0372,0.5378,-0.02,1.57,0.2011,0.216,0.1862,1.3712,1.3717,0
2015-07-08,1.5,2.1074,0.0526,-0.7443,0.1217,-0.0374,0.5573,-0.04,1.54,0.1743,0.1826,0.166,1.3549,1.3458,0
2015-07-09,1.58,2.1334,0.0557,-0.7529,0.1791,-0.0352,0.5845,0.02,1.56,0.2348,0.273,0.1965,1.3422,1.3879,0
2015-07-10,1.68,2.163,0.0621,-0.7346,0.2237,-0.0342,0.6072,0.1,1.58,0.2858,0.3343,0.2374,1.3799,1.4424,0
2015-07-13,1.71,2.1698,0.0638,-0.742,0.2405,-0.0221,0.636,0.15,1.56,0.3043,0.3613,0.2473,1.3708,1.4561,0
2015-07-14,1.67,2.159,0.0609,-0.7526,0.2231,-0.0204,0.6302,0.12,1.55,0.284,0.3369,0.2311,1.3535,1.4353,0
2015-07-15,1.63,2.1433,0.0583,-0.7422,0.1906,-0.02,0.6255,0.1,1.53,0.2489,0.2876,0.2103,1.3625,1.4135,0
2015-07-16,1.66,2.1444,0.0625,-0.7082,0.1805,-0.0192,0.6381,0.14,1.52,0.243,0.2652,0.2208,1.4141,1.422,0
2015-07-17,1.67,2.1438,0.0656,-0.6885,0.1731,-0.024,0.6543,0.17,1.5,0.2387,0.2504,0.227,1.4436,1.4295,0
2015-07-20,1.72,2.1498,0.0691,-0.6645,0.1777,-0.0121,0.6721,0.23,1.49,0.2468,0.2547,0.2389,1.4775,1.4543,0
2015-07-21,1.69,2.14,0.0683,-0.6719,0.1601,-0.0065,0.6638,0.2,1.49,0.2284,0.228,0.2287,1.4684,1.4367,0
2015-07-22,1.69,2.1351,0.0707,-0.6516,0.1437,-0.0079,0.6752,0.21,1.48,0.2144,0.1995,0.2294,1.4984,1.4357,0
2015-07-23,1.65,2.1202,0.0705,-0.6433,0.1135,-0.0109,0.6975,0.2,1.45,0.184,0.1525,0.2154,1.5084,1.4141,0
2015-07-24,1.64,2.1188,0.0696,-0.6545,0.1165,-0.0104,0.7375,0.24,1.4,0.1861,0.1601,0.2122,1.4904,1.4108,0
2015-07-27,1.58,2.1057,0.0641,-0.6732,0.0997,-0.0162,0.7534,0.23,1.35,0.1638,0.1407,0.1868,1.4555,1.3892,0
2015-07-28,1.61,2.1125,0.0647,-0.6725,0.116,-0.0107,0.7558,0.23,1.38,0.1807,0.1669,0.1945,1.4538,1.3994,0
2015-07-29,1.62,2.1204,0.0662,-0.6718,0.1312,-0.0261,0.7311,0.22,1.4,0.1974,0.1897,0.2051,1.4563,1.4126,0
2015-07-30,1.62,2.1186,0.0678,-0.6435,0.1115,-0.0344,0.7252,0.22,1.4,0.1793,0.152,0.2066,1.5024,1.4166,0
2015-07-31,1.54,2.0987,0.063,-0.6685,0.0825,-0.0357,0.7094,0.18,1.36,0.1455,0.113,0.1781,1.4627,1.3768,0
2015-08-03,1.52,2.0874,0.0595,-0.6516,0.0518,-0.0271,0.7491,0.21,1.31,0.1113,0.0644,0.1582,1.4827,1.3667,0
2015-08-04,1.6,2.1052,0.0659,-0.6049,0.0688,-0.035,0.7807,0.29,1.31,0.1347,0.0816,0.1879,1.5534,1.4103,0
2015-08-05,1.65,2.118,0.0693,-0.5916,0.0846,-0.0304,0.8046,0.34,1.31,0.1539,0.101,0.2069,1.5794,1.436,0
2015-08-06,1.62,2.107,0.0685,-0.603,0.0745,-0.027,0.8037,0.31,1.31,0.143,0.0908,0.1952,1.5562,1.4178,0
2015-08-07,1.59,2.0928,0.0678,-0.5691,0.0296,-0.0311,0.8,0.31,1.28,0.0974,0.0157,0.1791,1.6054,1.409,0
2015-08-10,1.62,2.1047,0.0675,-0.5809,0.0626,-0.0338,0.7821,0.32,1.3,0.1301,0.0721,0.188,1.5817,1.4334,0
2015-08-11,1.53,2.083,0.0612,-0.6043,0.0275,-0.0374,0.8158,0.26,1.27,0.0887,0.0231,0.1544,1.5444,1.3895,0
2015-08-12,1.52,2.0822,0.0582,-0.6199,0.0317,-0.0322,0.845,0.25,1.27,0.0899,0.0327,0.1471,1.5196,1.381,0
2015-08-13,1.58,2.0964,0.0618,-0.6001,0.0534,-0.0315,0.8742,0.34,1.24,0.1152,0.063,0.1674,1.5485,1.4115,0
2015-08-14,1.61,2.1,0.0644,-0.5849,0.0547,-0.0242,0.8781,0.36,1.25,0.1191,0.0619,0.1763,1.5724,1.4245,0
2015-08-17,1.58,2.0915,0.0631,-0.589,0.0373,-0.0228,0.8983,0.36,1.22,0.1004,0.0352,0.1656,1.5677,1.4099,0
2015-08-18,1.6,2.1013,0.0629,-0.6015,0.0628,-0.0255,0.9165,0.39,1.21,0.1257,0.0779,0.1736,1.5476,1.4264,0
2015-08-19,1.5,2.0774,0.0568,-0.6334,0.0268,-0.0277,0.9105,0.33,1.17,0.0836,0.0278,0.1395,1.4999,1.372,0
2015-08-20,1.5,2.0716,0.0579,-0.6087,0.005,-0.0258,0.9088,0.33,1.17,0.0629,-0.0114,0.1371,1.5372,1.3645,0
2015-08-21,1.44,2.0612,0.0542,-0.6502,0.0065,-0.0316,0.9162,0.31,1.13,0.0607,0.0015,0.1198,1.4701,1.3386,0
2015-08-24,1.39,2.052,0.0477,-0.6778,-0.0027,-0.0292,0.9482,0.28,1.11,0.045,-0.0068,0.0968,1.4259,1.3143,0
2015-08-25,1.48,2.0822,0.0521,-0.671,0.0527,-0.0361,0.9482,0.33,1.15,0.1048,0.0755,0.1342,1.4406,1.3626,0
2015-08-26,1.49,2.1004,0.0507,-0.714,0.1025,-0.0496,0.9804,0.36,1.13,0.1532,0.1588,0.1477,1.3809,1.3858,0
2015-08-27,1.49,2.0993,0.0505,-0.6947,0.0935,-0.0586,0.9188,0.29,1.2,0.144,0.1421,0.1458,1.4064,1.3874,0
2015-08-28,1.52,2.1023,0.0534,-0.6597,0.085,-0.061,0.893,0.3,1.22,0.1384,0.1235,0.1533,1.4575,1.4079,0
2015-08-31,1.54,2.1068,0.0544,-0.6415,0.0846,-0.0643,0.8698,0.28,1.26,0.139,0.1199,0.1581,1.4844,1.4273,0
2015-09-01,1.49,2.0972,0.0513,-0.6584,0.0686,-0.0688,0.9244,0.31,1.18,0.1199,0.0973,0.1426,1.4615,1.4055,0
2015-09-02,1.52,2.1041,0.0524,-0.6558,0.0829,-0.0636,0.9544,0.33,1.19,0.1353,0.1187,0.1519,1.4649,1.4144,0
2015-09-03,1.49,2.098,0.0511,-0.657,0.0663,-0.0684,0.9804,0.33,1.16,0.1174,0.0907,0.144,1.4677,1.3994,0
2015-09-04,1.47,2.0863,0.0511,-0.6457,0.0393,-0.0611,0.996,0.33,1.14,0.0904,0.0472,0.1337,1.4839,1.3804,0
2015-09-08,1.53,2.1024,0.0532,-0.6363,0.0701,-0.0594,1.0055,0.38,1.15,0.1233,0.0953,0.1513,1.4941,1.4197,0
2015-09-09,1.53,2.1005,0.0542,-0.6339,0.0654,-0.0562,0.9882,0.38,1.15,0.1196,0.0872,0.1521,1.4991,1.4166,0
2015-09-10,1.55,2.1071,0.055,-0.6468,0.086,-0.0512,0.9631,0.34,1.21,0.141,0.1213,0.1606,1.4799,1.4229,0
2015-09-11,1.52,2.0991,0.0523,-0.6547,0.0665,-0.0432,0.9505,0.31,1.21,0.1188,0.0898,0.1478,1.4734,1.4026,0
2015-09-14,1.51,2.0968,0.0501,-0.6558,0.0609,-0.042,0.9716,0.32,1.19,0.111,0.0823,0.1397,1.4697,1.403,0
2015-09-15,1.61,2.1246,0.0556,-0.6425,0.1102,-0.0379,0.9987,0.41,1.2,0.1658,0.1551,0.1765,1.4928,1.4566,0
2015-09-16,1.62,2.1301,0.0582,-0.653,0.1227,-0.038,0.9933,0.41,1.21,0.1809,0.1729,0.189,1.4852,1.4577,0
2015-09-17,1.5,2.1032,0.0531,-0.7075,0.0926,-0.0413,0.9365,0.26,1.24,0.1457,0.1339,0.1575,1.4075,1.3805,0
2015-09-18,1.45,2.0862,0.0538,-0.7201,0.07,-0.04,0.9435,0.26,1.19,0.1238,0.1007,0.147,1.3893,1.3362,0
2015-09-21,1.51,2.1048,0.058,-0.7267,0.1115,-0.0376,0.9731,0.32,1.19,0.1695,0.1656,0.1733,1.3819,1.3693,0
2015-09-22,1.44,2.0877,0.0558,-0.7357,0.0808,-0.0486,0.9857,0.29,1.15,0.1366,0.1198,0.1535,1.3688,1.3367,0
2015-09-23,1.47,2.091,0.0579,-0.7309,0.0896,-0.0376,0.9914,0.31,1.16,0.1475,0.1333,0.1617,1.3743,1.3428,0
2015-09-24,1.44,2.0842,0.0574,-0.7279,0.0749,-0.0486,1.0238,0.33,1.11,0.1323,0.1102,0.1545,1.3784,1.3308,0
2015-09-25,1.48,2.0945,0.0601,-0.7275,0.0939,-0.041,1.069,0.37,1.11,0.154,0.1371,0.171,1.3839,1.3433,0
2015-09-28,1.42,2.076,0.0566,-0.7124,0.0464,-0.0465,1.1272,0.4,1.02,0.103,0.0609,0.145,1.4056,1.3198,0
2015-09-29,1.37,2.0587,0.0528,-0.7246,0.0239,-0.0408,1.0968,0.34,1.03,0.0767,0.0325,0.1209,1.3783,1.2885,0
2015-09-30,1.37,2.061,0.0524,-0.7378,0.0371,-0.0426,1.0769,0.3,1.07,0.0895,0.0567,0.1222,1.3559,1.2882,0
2015-10-01,1.37,2.0584,0.053,-0.7254,0.0271,-0.0431,1.0203,0.24,1.13,0.0801,0.0389,0.1213,1.3742,1.2861,0
2015-10-02,1.29,2.0408,0.0476,-0.7644,0.0116,-0.0456,0.9601,0.14,1.15,0.0592,0.0242,0.0942,1.3114,1.2445,0
2015-10-05,1.35,2.0607,0.049,-0.7602,0.0427,-0.0422,0.9666,0.17,1.18,0.0917,0.0681,0.1152,1.324,1.2747,0
2015-10-06,1.34,2.0569,0.0483,-0.7536,0.0324,-0.044,0.9335,0.12,1.22,0.0807,0.0514,0.1099,1.3325,1.2713,0
2015-10-07,1.37,2.0642,0.0505,-0.748,0.0497,-0.0464,0.9247,0.15,1.22,0.1002,0.0794,0.1209,1.337,1.2893,0
2015-10-08,1.4,2.0743,0.0524,-0.7515,0.0677,-0.0429,0.9003,0.14,1.26,0.1201,0.1053,0.1349,1.3376,1.3029,0
2015-10-09,1.41,2.078,0.0543,-0.7307,0.0591,-0.0507,0.9452,0.19,1.22,0.1134,0.0842,0.1427,1.3765,1.311,0
2015-10-13,1.36,2.0608,0.0511,-0.747,0.0382,-0.0431,0.9389,0.18,1.18,0.0893,0.0592,0.1195,1.344,1.2839,0
2015-10-14,1.29,2.0408,0.0443,-0.7641,0.0059,-0.0368,0.9494,0.14,1.15,0.0502,0.0146,0.0858,1.3123,1.2447,0
2015-10-15,1.34,2.0537,0.0473,-0.7429,0.0252,-0.0433,0.9558,0.16,1.18,0.0725,0.0412,0.1038,1.3421,1.2709,0
2015-10-16,1.36,2.057,0.0497,-0.7313,0.0232,-0.0386,0.9732,0.18,1.18,0.0729,0.033,0.1128,1.3655,1.2763,0
2015-10-19,1.35,2.0582,0.0467,-0.7373,0.0283,-0.0459,1.0014,0.22,1.13,0.075,0.0451,0.1049,1.3508,1.2873,0
2015-10-20,1.4,2.0693,0.049,-0.7244,0.0479,-0.0418,0.9923,0.24,1.16,0.0969,0.0739,0.1199,1.3679,1.3103,0
2015-10-21,1.37,2.0597,0.0483,-0.7218,0.026,-0.0422,1.0035,0.24,1.13,0.0743,0.039,0.1095,1.3732,1.2961,0
2015-10-22,1.36,2.0577,0.0479,-0.7125,0.0148,-0.0479,0.9835,0.22,1.14,0.0627,0.0181,0.1073,1.3898,1.2889,0
2015-10-23,1.43,2.0732,0.0517,-0.7023,0.0467,-0.0392,0.9544,0.24,1.19,0.0984,0.0676,0.1291,1.4016,1.3239,0
2015-10-26,1.41,2.0674,0.0499,-0.6943,0.0274,-0.0405,0.9726,0.25,1.16,0.0773,0.0365,0.1182,1.414,1.3222,0
2015-10-27,1.38,2.0593,0.0458,-0.7035,0.0168,-0.0384,0.9634,0.23,1.15,0.0626,0.0249,0.1002,1.3935,1.312,0
2015-10-28,1.47,2.0777,0.0515,-0.6492,0.0305,-0.0405,1.0023,0.33,1.14,0.082,0.0361,0.1279,1.4744,1.362,0
2015-10-29,1.53,2.0971,0.0561,-0.6482,0.0696,-0.0447,0.9859,0.34,1.19,0.1257,0.0954,0.156,1.4792,1.3971,0
2015-10-30,1.52,2.0917,0.0574,-0.6273,0.0459,-0.0477,0.9615,0.32,1.2,0.1033,0.0531,0.1536,1.5146,1.3943,0
2015-11-02,1.57,2.1019,0.0586,-0.6055,0.0566,-0.0415,0.9492,0.34,1.23,0.1152,0.0671,0.1632,1.5444,1.4274,0
2015-11-03,1.59,2.1109,0.0606,-0.6044,0.0724,-0.0495,0.918,0.32,1.27,0.133,0.0899,0.1762,1.5496,1.4421,0
2015-11-04,1.64,2.1186,0.0655,-0.5664,0.0671,-0.0447,0.9391,0.38,1.26,0.1326,0.0715,0.1937,1.6133,1.4649,0
2015-11-05,1.65,2.1214,0.0672,-0.5776,0.0795,-0.0405,0.9668,0.42,1.23,0.1467,0.0931,0.2003,1.5975,1.4704,0
2015-11-06,1.73,2.1433,0.0714,-0.5377,0.103,-0.05,0.9328,0.48,1.25,0.1744,0.1214,0.2274,1.6586,1.5252,0
2015-11-09,1.75,2.1491,0.071,-0.534,0.1104,-0.0465,0.9113,0.47,1.28,0.1814,0.1327,0.2301,1.6638,1.5435,0
2015-11-10,1.72,2.1438,0.0672,-0.5477,0.1013,-0.0446,0.9322,0.47,1.25,0.1685,0.1205,0.2165,1.6441,1.5304,0
2015-11-12,1.73,2.1451,0.0671,-0.5447,0.1056,-0.0431,0.9445,0.49,1.24,0.1727,0.1283,0.2171,1.6448,1.5336,0
2015-11-13,1.67,2.1346,0.0649,-0.5732,0.0951,-0.0514,0.9909,0.46,1.21,0.16,0.1153,0.2047,1.6061,1.5021,0
2015-11-16,1.66,2.1297,0.0617,-0.5821,0.0913,-0.0406,1.0024,0.46,1.2,0.153,0.1144,0.1916,1.5861,1.498,0
2015-11-17,1.66,2.1239,0.0608,-0.5618,0.0727,-0.0356,0.9771,0.43,1.23,0.1335,0.0835,0.1834,1.6121,1.4944,0
2015-11-18,1.69,2.1296,0.0654,-0.5519,0.0832,-0.0363,0.959,0.44,1.25,0.1486,0.097,0.2002,1.6293,1.5026,0
2015-11-19,1.68,2.123,0.0677,-0.5526,0.0722,-0.0304,0.924,0.41,1.27,0.1399,0.0797,0.2002,1.6307,1.492,0
2015-11-20,1.7,2.1271,0.0704,-0.5483,0.0775,-0.0267,0.8937,0.39,1.31,0.1479,0.0855,0.2103,1.6411,1.5017,0
2015-11-23,1.7,2.1234,0.0694,-0.5403,0.0702,-0.0227,0.8729,0.37,1.33,0.1396,0.0769,0.2023,1.6458,1.5107,0
2015-11-24,1.66,2.1181,0.0665,-0.5411,0.0576,-0.0411,0.8563,0.33,1.33,0.1241,0.0581,0.1901,1.643,1.5045,0
2015-11-25,1.66,2.118,0.0651,-0.5254,0.0478,-0.0455,0.8589,0.35,1.31,0.1129,0.0404,0.1854,1.6651,1.5106,0
2015-11-27,1.64,2.1147,0.0636,-0.535,0.0457,-0.0489,0.8578,0.33,1.31,0.1093,0.0392,0.1793,1.6497,1.5017,0
2015-11-30,1.65,2.1133,0.0613,-0.5118,0.03,-0.0428,0.8679,0.35,1.3,0.0913,0.0122,0.1704,1.6806,1.5132,0
2015-12-01,1.59,2.0956,0.0578,-0.5159,-0.0002,-0.0473,0.8642,0.3,1.29,0.0576,-0.0311,0.1463,1.6684,1.4825,0
2015-12-02,1.63,2.1037,0.0608,-0.4956,0.0085,-0.0474,0.8952,0.36,1.27,0.0693,-0.0216,0.1601,1.6989,1.5011,0
2015-12-03,1.74,2.1405,0.064,-0.4975,0.078,-0.045,0.9055,0.41,1.33,0.142,0.0842,0.1997,1.7007,1.5657,0
2015-12-04,1.71,2.1292,0.0606,-0.4795,0.0455,-0.0458,0.8917,0.41,1.3,0.1061,0.0325,0.1798,1.7233,1.557,0
2015-12-07,1.67,2.1154,0.0538,-0.4545,0.0054,-0.0501,0.9211,0.42,1.25,0.0592,-0.0291,0.1475,1.7492,1.5563,0
2015-12-08,1.68,2.1146,0.0512,-0.4554,0.0071,-0.0375,0.9206,0.43,1.25,0.0583,-0.0226,0.1393,1.7401,1.5607,0
2015-12-09,1.64,2.109,0.0494,-0.4788,0.0026,-0.0422,0.9601,0.43,1.21,0.052,-0.0283,0.1323,1.7105,1.5353,0
2015-12-10,1.68,2.1165,0.0516,-0.4639,0.0154,-0.0396,0.9919,0.48,1.2,0.067,-0.0094,0.1433,1.729,1.5545,0
2015-12-11,1.56,2.0863,0.0455,-0.4964,-0.031,-0.0445,0.987,0.39,1.17,0.0145,-0.0745,0.1036,1.679,1.492,0
2015-12-14,1.66,2.1143,0.0505,-0.4704,0.0119,-0.0463,1.0439,0.49,1.17,0.0624,-0.0146,0.1393,1.7209,1.5477,0
2015-12-15,1.71,2.1257,0.0549,-0.4633,0.0355,-0.0428,1.0309,0.49,1.22,0.0904,0.0212,0.1596,1.7316,1.5706,0
2015-12-16,1.75,2.1363,0.0622,-0.443,0.0473,-0.0528,1.0172,0.55,1.2,0.1095,0.0316,0.1873,1.7711,1.5875,0
2015-12-17,1.73,2.1198,0.0658,-0.4285,0.0087,-0.0358,0.9859,0.52,1.21,0.0745,-0.0333,0.1823,1.7991,1.5584,0
2015-12-18,1.67,2.1078,0.0647,-0.4464,-0.0073,-0.0488,1.0077,0.46,1.21,0.0574,-0.0553,0.17,1.7741,1.5331,0
2015-12-21,1.67,2.1071,0.0618,-0.4519,-0.0063,-0.0407,1.0336,0.48,1.19,0.0555,-0.0499,0.1609,1.7606,1.5395,0
2015-12-22,1.71,2.1182,0.066,-0.4508,0.0216,-0.0449,1.0009,0.52,1.19,0.0876,-0.0069,0.182,1.7618,1.5524,0
2015-12-23,1.74,2.1271,0.0682,-0.4573,0.039,-0.037,0.9602,0.49,1.25,0.1072,0.0189,0.1955,1.7581,1.5652,0
2015-12-24,1.73,2.1231,0.068,-0.4426,0.021,-0.0395,0.9446,0.5,1.23,0.089,-0.0127,0.1907,1.7821,1.5652,0
2015-12-28,1.73,2.1206,0.0676,-0.4318,0.0119,-0.0383,0.9513,0.49,1.24,0.0795,-0.0272,0.1861,1.7955,1.5688,0
2015-12-29,1.81,2.1416,0.0721,-0.4238,0.0498,-0.0297,0.9617,0.53,1.28,0.1219,0.0281,0.2158,1.8116,1.6044,0
2015-12-30,1.8,2.141,0.0732,-0.4422,0.056,-0.0281,0.9542,0.52,1.28,0.1292,0.0388,0.2196,1.7892,1.5931,0
2015-12-31,1.76,2.1313,0.07,-0.4438,0.0329,-0.0304,0.9227,0.45,1.31,0.1029,0.0029,0.2029,1.7875,1.5776,0
2016-01-04,1.73,2.1219,0.0673,-0.4435,0.0143,-0.0299,0.9022,0.42,1.31,0.0816,-0.0248,0.1879,1.7847,1.5621,0
2016-01-05,1.73,2.124,0.0665,-0.4555,0.0236,-0.0286,0.8949,0.42,1.31,0.0901,-0.0076,0.1878,1.7662,1.5649,0
2016-01-06,1.65,2.1049,0.0625,-0.4758,-0.0059,-0.0357,0.9231,0.39,1.26,0.0566,-0.0491,0.1623,1.7348,1.5248,0
2016-01-07,1.61,2.0961,0.0585,-0.4974,-0.0135,-0.0337,0.9436,0.36,1.25,0.045,-0.0558,0.1458,1.6995,1.5025,0
2016-01-08,1.57,2.088,0.0551,-0.5075,-0.0288,-0.0369,0.9455,0.34,1.23,0.0263,-0.0783,0.131,1.6852,1.4828,0
2016-01-11,1.58,2.0975,0.0516,-0.5245,-0.0022,-0.0425,0.9999,0.39,1.19,0.0494,-0.0315,0.1304,1.654,1.4993,0
2016-01-12,1.55,2.0829,0.0491,-0.5131,-0.0362,-0.0328,1.0024,0.36,1.19,0.0129,-0.0856,0.1114,1.6683,1.4741,0
2016-01-13,1.51,2.0702,0.0471,-0.5179,-0.0551,-0.0343,0.9935,0.33,1.18,-0.008,-0.1117,0.0958,1.656,1.4509,0
2016-01-14,1.52,2.0773,0.0477,-0.5392,-0.0288,-0.037,0.9904,0.32,1.2,0.0189,-0.0672,0.105,1.6242,1.4518,0
2016-01-15,1.46,2.0618,0.0461,-0.5611,-0.0544,-0.0324,1.0468,0.34,1.12,-0.0083,-0.1072,0.0905,1.5995,1.4052,0
2016-01-19,1.49,2.0659,0.0489,-0.5467,-0.0458,-0.0323,1.0186,0.33,1.16,0.0031,-0.0941,0.1002,1.6163,1.4172,0
2016-01-20,1.44,2.0541,0.047,-0.5692,-0.062,-0.0299,1.0569,0.34,1.1,-0.015,-0.1169,0.0869,1.5868,1.387,0
2016-01-21,1.44,2.0564,0.0449,-0.5717,-0.0564,-0.0332,1.0817,0.36,1.08,-0.0115,-0.106,0.083,1.5792,1.3948,0
2016-01-22,1.49,2.0666,0.0465,-0.5495,-0.0401,-0.0335,1.0421,0.34,1.15,0.0064,-0.0814,0.0941,1.6049,1.4242,0
2016-01-25,1.47,2.0572,0.0445,-0.5422,-0.0633,-0.0261,1.0308,0.32,1.15,-0.0188,-0.1175,0.0798,1.6136,1.4156,0
2016-01-26,1.45,2.0514,0.0408,-0.5484,-0.0712,-0.0226,1.0048,0.28,1.17,-0.0304,-0.1257,0.0649,1.5983,1.4093,0
2016-01-27,1.43,2.0512,0.0398,-0.5569,-0.068,-0.0361,0.9749,0.25,1.18,-0.0282,-0.1194,0.063,1.5855,1.4032,0
2016-01-28,1.4,2.0458,0.0361,-0.5673,-0.074,-0.0406,0.9418,0.2,1.2,-0.0379,-0.1247,0.0489,1.5653,1.3951,0
2016-01-29,1.33,2.0294,0.03,-0.5919,-0.0977,-0.0397,0.9194,0.14,1.19,-0.0677,-0.1564,0.0209,1.5261,1.356,0
2016-02-01,1.38,2.0403,0.0302,-0.5607,-0.091,-0.0388,0.9302,0.18,1.2,-0.0608,-0.1506,0.0291,1.5694,1.3867,0
2016-02-02,1.28,2.012,0.0227,-0.5804,-0.1369,-0.0374,0.9368,0.14,1.14,-0.1142,-0.2147,-0.0137,1.5321,1.3356,0
2016-02-03,1.27,2.0125,0.0198,-0.6023,-0.1216,-0.0384,0.9279,0.11,1.16,-0.1018,-0.1839,-0.0197,1.4923,1.33,0
2016-02-04,1.25,2.0107,0.0188,-0.6119,-0.1255,-0.0421,0.9463,0.12,1.13,-0.1067,-0.1911,-0.0223,1.4832,1.316,0
2016-02-05,1.25,2.0081,0.0188,-0.5965,-0.1379,-0.0425,0.9809,0.18,1.07,-0.1191,-0.2127,-0.0254,1.5052,1.3184,0
2016-02-08,1.16,1.9804,0.014,-0.6061,-0.1899,-0.0384,1.0503,0.19,0.97,-0.1759,-0.2916,-0.0602,1.49,1.2628,0
2016-02-09,1.15,1.9771,0.015,-0.5982,-0.1913,-0.0525,1.0787,0.22,0.93,-0.1763,-0.2911,-0.0615,1.4937,1.2644,0
2016-02-10,1.15,1.9702,0.0168,-0.5799,-0.2119,-0.0453,1.0539,0.2,0.95,-0.1951,-0.3266,-0.0635,1.5219,1.2559,0
2016-02-11,1.11,1.9523,0.0164,-0.5853,-0.2392,-0.0342,1.0498,0.17,0.94,-0.2228,-0.3666,-0.079,1.5108,1.2194,0
2016-02-12,1.2,1.9794,0.0236,-0.5727,-0.1881,-0.0422,1.0226,0.17,1.03,-0.1645,-0.2909,-0.038,1.5332,1.2691,0
2016-02-16,1.23,1.99,0.0248,-0.5742,-0.1719,-0.0387,1.0335,0.2,1.03,-0.1471,-0.2675,-0.0266,1.5363,1.2928,0
2016-02-17,1.26,1.9997,0.026,-0.5708,-0.1538,-0.0411,1.0222,0.22,1.04,-0.1278,-0.24,-0.0156,1.5411,1.3123,0
2016-02-18,1.21,1.9841,0.0208,-0.5752,-0.1855,-0.0342,1.0291,0.19,1.02,-0.1647,-0.287,-0.0425,1.5311,1.2874,0
2016-02-19,1.24,1.9861,0.0223,-0.5454,-0.1913,-0.0318,0.9943,0.18,1.06,-0.169,-0.2996,-0.0383,1.5714,1.3002,0
2016-02-22,1.25,1.9884,0.0237,-0.5415,-0.1884,-0.0321,0.9527,0.14,1.11,-0.1647,-0.2963,-0.0332,1.5784,1.3067,0
2016-02-23,1.23,1.9817,0.0212,-0.5488,-0.2002,-0.0239,0.9198,0.1,1.13,-0.179,-0.3126,-0.0454,1.5665,1.2957,0
2016-02-24,1.21,1.9827,0.0215,-0.5513,-0.195,-0.0479,0.878,0.06,1.15,-0.1735,-0.3035,-0.0435,1.5614,1.2958,0
2016-02-25,1.16,1.9703,0.017,-0.5736,-0.211,-0.0427,0.8267,-0.02,1.18,-0.194,-0.3233,-0.0648,1.526,1.2695,0
2016-02-26,1.23,1.9888,0.0223,-0.5351,-0.1941,-0.0519,0.8129,0.03,1.2,-0.1718,-0.3067,-0.0369,1.5886,1.3105,0
2016-02-29,1.22,1.9834,0.0205,-0.5331,-0.2079,-0.0428,0.7839,-0.01,1.23,-0.1874,-0.3277,-0.0471,1.5906,1.3086,0
2016-03-01,1.31,2.0086,0.0266,-0.5107,-0.167,-0.0474,0.7536,0.02,1.29,-0.1404,-0.2702,-0.0107,1.6276,1.3568,0
2016-03-02,1.34,2.0147,0.0312,-0.4973,-0.162,-0.0466,0.729,0.0,1.34,-0.1308,-0.2679,0.0064,1.6546,1.3657,0
2016-03-03,1.33,2.0096,0.0339,-0.5022,-0.167,-0.0443,0.6913,-0.03,1.36,-0.1331,-0.2753,0.0092,1.6497,1.3533,0
2016-03-04,1.38,2.0259,0.038,-0.4907,-0.1441,-0.0491,0.7178,0.02,1.36,-0.1061,-0.2454,0.0332,1.6745,1.3847,0
2016-03-07,1.42,2.0337,0.0413,-0.4746,-0.1341,-0.0463,0.7516,0.06,1.36,-0.0928,-0.2326,0.0469,1.6989,1.4075,0
2016-03-08,1.34,2.0105,0.0385,-0.484,-0.1739,-0.0511,0.7346,0.01,1.33,-0.1354,-0.2907,0.02,1.6818,1.3668,0
2016-03-09,1.39,2.0242,0.0412,-0.4829,-0.1462,-0.0463,0.7305,0.02,1.37,-0.105,-0.249,0.039,1.6853,1.3882,0
2016-03-10,1.45,2.0377,0.0449,-0.4562,-0.1305,-0.0459,0.7546,0.1,1.35,-0.0856,-0.2295,0.0584,1.7254,1.4224,0
2016-03-11,1.49,2.0477,0.0478,-0.4464,-0.117,-0.0421,0.7202,0.08,1.41,-0.0692,-0.212,0.0735,1.7441,1.4453,0
2016-03-14,1.49,2.0468,0.0477,-0.4465,-0.1198,-0.0381,0.7361,0.11,1.38,-0.0721,-0.2163,0.072,1.7444,1.4467,0
2016-03-15,1.5,2.0466,0.0488,-0.4336,-0.1254,-0.0365,0.7641,0.15,1.35,-0.0766,-0.2272,0.0741,1.7637,1.4491,0
2016-03-16,1.41,2.0302,0.0428,-0.4967,-0.1272,-0.0392,0.6584,-0.04,1.45,-0.0844,-0.217,0.0483,1.6662,1.397,0
2016-03-17,1.39,2.0251,0.0399,-0.5024,-0.137,-0.0356,0.6409,-0.07,1.46,-0.0971,-0.2315,0.0373,1.6571,1.3835,0
2016-03-18,1.34,2.0163,0.0374,-0.5237,-0.1445,-0.0454,0.6056,-0.13,1.47,-0.1071,-0.2392,0.0249,1.6246,1.3574,0
2016-03-21,1.38,2.0281,0.0387,-0.5192,-0.1216,-0.046,0.5805,-0.12,1.5,-0.0829,-0.2035,0.0377,1.6295,1.3823,0
2016-03-22,1.42,2.0367,0.0413,-0.5016,-0.1158,-0.0406,0.6112,-0.06,1.48,-0.0745,-0.2005,0.0515,1.6611,1.3996,0
2016-03-23,1.37,2.019,0.0382,-0.5094,-0.148,-0.0297,0.6419,-0.07,1.44,-0.1098,-0.2481,0.0285,1.6479,1.3686,0
2016-03-24,1.39,2.025,0.0398,-0.501,-0.1385,-0.0352,0.6735,-0.03,1.42,-0.0987,-0.2346,0.0372,1.6599,1.3808,0
2016-03-28,1.37,2.0191,0.0381,-0.4977,-0.1485,-0.041,0.6834,-0.03,1.4,-0.1104,-0.2476,0.0268,1.6586,1.3793,0
2016-03-29,1.29,1.9939,0.0325,-0.5385,-0.1721,-0.0257,0.5864,-0.18,1.47,-0.1396,-0.2722,-0.0071,1.5879,1.3218,0
2016-03-30,1.26,1.9985,0.0305,-0.5771,-0.1538,-0.0381,0.5546,-0.26,1.52,-0.1233,-0.2422,-0.0044,1.5402,1.3039,0
2016-03-31,1.21,1.9868,0.0253,-0.5948,-0.1759,-0.0314,0.5588,-0.28,1.49,-0.1506,-0.2748,-0.0263,1.5163,1.2754,0
2016-04-01,1.24,1.9913,0.0269,-0.5708,-0.1758,-0.0316,0.5644,-0.25,1.49,-0.1489,-0.2785,-0.0194,1.5501,1.2899,0
2016-04-04,1.22,1.9851,0.0265,-0.5788,-0.1819,-0.0309,0.5498,-0.26,1.48,-0.1554,-0.2854,-0.0255,1.5363,1.2776,0
2016-04-05,1.17,1.9724,0.0251,-0.5822,-0.2077,-0.0376,0.576,-0.26,1.43,-0.1826,-0.326,-0.0393,1.5336,1.2507,0
2016-04-06,1.2,1.9808,0.0275,-0.5815,-0.1906,-0.0362,0.5895,-0.23,1.43,-0.1631,-0.3005,-0.0257,1.5367,1.2632,0
2016-04-07,1.14,1.9633,0.0239,-0.5959,-0.2176,-0.0336,0.5838,-0.27,1.41,-0.1937,-0.3379,-0.0495,1.5116,1.2308,0
2016-04-08,1.16,1.9682,0.0248,-0.6011,-0.204,-0.0279,0.592,-0.27,1.43,-0.1792,-0.3162,-0.0422,1.5041,1.2336,0
2016-04-11,1.16,1.9714,0.0243,-0.6038,-0.1993,-0.0325,0.6238,-0.25,1.41,-0.175,-0.3095,-0.0406,1.502,1.239,0
2016-04-12,1.22,1.9866,0.028,-0.5877,-0.1779,-0.0289,0.6578,-0.17,1.39,-0.1499,-0.2812,-0.0186,1.5302,1.2671,0
2016-04-13,1.22,1.9821,0.0295,-0.5734,-0.1895,-0.0287,0.6477,-0.21,1.43,-0.16,-0.3003,-0.0196,1.549,1.2663,0
2016-04-14,1.26,1.9897,0.0325,-0.562,-0.1759,-0.0242,0.6601,-0.16,1.42,-0.1434,-0.2805,-0.0064,1.5647,1.2854,0
2016-04-15,1.22,1.9782,0.0302,-0.5734,-0.1922,-0.0228,0.6316,-0.2,1.42,-0.162,-0.302,-0.022,1.5448,1.2644,0
2016-04-18,1.24,1.9838,0.0313,-0.5739,-0.1792,-0.022,0.6305,-0.17,1.41,-0.1479,-0.2818,-0.014,1.5437,1.2716,0
2016-04-19,1.26,1.9882,0.0334,-0.5603,-0.1758,-0.0255,0.5857,-0.2,1.46,-0.1424,-0.2791,-0.0056,1.5647,1.2844,0
2016-04-20,1.32,2.0062,0.0388,-0.5533,-0.1443,-0.0275,0.6101,-0.17,1.49,-0.1055,-0.2342,0.0233,1.5817,1.3155,0
2016-04-21,1.35,2.0116,0.0406,-0.5516,-0.135,-0.0156,0.6034,-0.21,1.56,-0.0944,-0.2213,0.0324,1.5868,1.3273,0
2016-04-22,1.37,2.017,0.0416,-0.5459,-0.1279,-0.0148,0.5797,-0.19,1.56,-0.0863,-0.2116,0.039,1.5964,1.3393,0
2016-04-25,1.38,2.0216,0.0409,-0.5422,-0.1221,-0.0182,0.5744,-0.18,1.56,-0.0812,-0.2026,0.0401,1.6008,1.3542,0
2016-04-26,1.4,2.0302,0.0411,-0.5367,-0.1073,-0.0273,0.5639,-0.16,1.56,-0.0662,-0.1797,0.0473,1.607,1.3749,0
2016-04-27,1.33,2.0112,0.0393,-0.5357,-0.1485,-0.0362,0.5417,-0.24,1.57,-0.1092,-0.2457,0.0272,1.6119,1.3372,0
2016-04-28,1.28,1.9986,0.0355,-0.5596,-0.1586,-0.0359,0.4698,-0.33,1.61,-0.1231,-0.2539,0.0077,1.5698,1.3082,0
2016-04-29,1.28,1.9985,0.0329,-0.5593,-0.163,-0.0291,0.4781,-0.32,1.6,-0.1301,-0.2614,0.0012,1.5705,1.3068,0
2016-05-02,1.32,2.0131,0.0337,-0.5549,-0.1385,-0.0333,0.5261,-0.26,1.58,-0.1048,-0.2253,0.0156,1.5786,1.3329,0
2016-05-03,1.25,1.9945,0.0299,-0.5693,-0.1676,-0.0375,0.5476,-0.29,1.54,-0.1377,-0.266,-0.0094,1.5535,1.2969,0
2016-05-04,1.23,1.9886,0.0283,-0.5736,-0.1754,-0.0379,0.5646,-0.29,1.52,-0.1471,-0.2763,-0.0179,1.5441,1.2836,0
2016-05-05,1.2,1.9778,0.0261,-0.5797,-0.1894,-0.0348,0.5349,-0.32,1.52,-0.1633,-0.2938,-0.0328,1.5286,1.2649,0
2016-05-06,1.23,1.9868,0.0276,-0.5716,-0.179,-0.0338,0.579,-0.28,1.51,-0.1514,-0.2813,-0.0215,1.5451,1.2808,0
2016-05-09,1.2,1.9796,0.0254,-0.5874,-0.1863,-0.0313,0.5872,-0.3,1.5,-0.1609,-0.2893,-0.0324,1.5207,1.2634,0
2016-05-10,1.2,1.9789,0.0268,-0.5833,-0.1884,-0.034,0.5469,-0.33,1.53,-0.1616,-0.2943,-0.029,1.5283,1.2588,0
2016-05-11,1.2,1.9758,0.0273,-0.5725,-0.2015,-0.0291,0.5671,-0.33,1.53,-0.1742,-0.3173,-0.0311,1.5464,1.258,0
2016-05-12,1.24,1.9826,0.0309,-0.5551,-0.1927,-0.0257,0.5488,-0.29,1.53,-0.1618,-0.3068,-0.0169,1.5725,1.2748,0
2016-05-13,1.22,1.9723,0.0307,-0.5463,-0.2178,-0.0189,0.5514,-0.3,1.52,-0.1871,-0.3472,-0.027,1.586,1.263,0
2016-05-16,1.26,1.9835,0.0344,-0.5305,-0.1996,-0.0278,0.5521,-0.27,1.53,-0.1652,-0.3214,-0.0091,1.6091,1.2894,0
2016-05-17,1.29,1.9855,0.0376,-0.5085,-0.207,-0.0177,0.5316,-0.27,1.56,-0.1694,-0.3381,-0.0006,1.6458,1.3014,0
2016-05-18,1.41,2.018,0.0457,-0.4723,-0.1611,-0.0204,0.5855,-0.13,1.54,-0.1154,-0.2765,0.0458,1.7069,1.3714,0
2016-05-19,1.38,2.0121,0.0453,-0.4817,-0.1715,-0.0242,0.6142,-0.13,1.51,-0.1262,-0.2922,0.0398,1.6963,1.3608,0
2016-05-20,1.38,2.0094,0.0433,-0.4788,-0.1776,-0.0164,0.6233,-0.13,1.51,-0.1343,-0.2999,0.0314,1.6963,1.3638,0
2016-05-23,1.38,2.0071,0.0419,-0.4683,-0.1861,-0.0146,0.6394,-0.11,1.49,-0.1442,-0.3132,0.0248,1.7078,1.3673,0
2016-05-24,1.41,2.0138,0.0435,-0.4543,-0.178,-0.0151,0.6351,-0.1,1.51,-0.1345,-0.3032,0.0343,1.7283,1.3818,0
2016-05-25,1.4,2.0156,0.0449,-0.4556,-0.1734,-0.0315,0.6062,-0.11,1.51,-0.1285,-0.2967,0.0396,1.7282,1.3827,0
2016-05-26,1.35,2.0049,0.0418,-0.4744,-0.189,-0.0333,0.6014,-0.16,1.51,-0.1472,-0.318,0.0235,1.7013,1.3571,0
2016-05-27,1.39,2.0118,0.044,-0.4488,-0.1871,-0.0299,0.6081,-0.12,1.51,-0.1431,-0.3204,0.0342,1.7403,1.3754,0
2016-05-31,1.37,2.0081,0.0409,-0.4551,-0.1944,-0.0294,0.6391,-0.1,1.47,-0.1535,-0.3299,0.0228,1.7293,1.3707,0
2016-06-01,1.39,2.01,0.0426,-0.4398,-0.1932,-0.0296,0.6473,-0.08,1.47,-0.1506,-0.3293,0.0281,1.7489,1.3784,0
2016-06-02,1.36,1.9981,0.0424,-0.4353,-0.218,-0.0271,0.6392,-0.12,1.48,-0.1756,-0.3686,0.0173,1.7557,1.3585,0
2016-06-03,1.23,1.9677,0.0348,-0.4903,-0.252,-0.0303,0.6106,-0.22,1.45,-0.2172,-0.4094,-0.0249,1.6697,1.2849,0
2016-06-06,1.25,1.9734,0.0344,-0.4874,-0.2395,-0.0309,0.5799,-0.24,1.49,-0.2051,-0.3891,-0.0211,1.67,1.2954,0
2016-06-07,1.23,1.9701,0.0335,-0.4945,-0.242,-0.037,0.5604,-0.28,1.51,-0.2085,-0.3914,-0.0257,1.6584,1.2864,0
2016-06-08,1.23,1.9666,0.0331,-0.4913,-0.2481,-0.0303,0.5303,-0.31,1.54,-0.215,-0.4003,-0.0297,1.6606,1.2801,0
2016-06-09,1.22,1.9614,0.0321,-0.4903,-0.261,-0.0222,0.5547,-0.31,1.53,-0.2289,-0.4211,-0.0368,1.6633,1.2714,0
2016-06-10,1.17,1.9496,0.0293,-0.4975,-0.2819,-0.0295,0.5827,-0.32,1.49,-0.2526,-0.4519,-0.0533,1.6514,1.2471,0
2016-06-13,1.14,1.9437,0.026,-0.5178,-0.2849,-0.027,0.6101,-0.31,1.45,-0.2589,-0.4521,-0.0657,1.6191,1.2301,0
2016-06-14,1.15,1.9446,0.0259,-0.5137,-0.284,-0.0228,0.6353,-0.3,1.45,-0.2581,-0.4509,-0.0653,1.6237,1.2319,0
2016-06-15,1.1,1.9358,0.0241,-0.5461,-0.2847,-0.0291,0.6274,-0.37,1.47,-0.2606,-0.4458,-0.0754,1.5749,1.2026,0
2016-06-16,1.1,1.9324,0.0249,-0.5316,-0.3006,-0.0252,0.6702,-0.32,1.42,-0.2757,-0.4753,-0.076,1.6005,1.1954,0
2016-06-17,1.13,1.9424,0.0262,-0.5357,-0.2768,-0.026,0.6907,-0.3,1.43,-0.2506,-0.437,-0.0643,1.593,1.2136,0
2016-06-20,1.17,1.9543,0.0265,-0.5231,-0.2603,-0.0274,0.7023,-0.26,1.43,-0.2338,-0.4124,-0.0552,1.6098,1.2469,0
2016-06-21,1.22,1.965,0.029,-0.5205,-0.2402,-0.0133,0.7358,-0.19,1.41,-0.2112,-0.3827,-0.0397,1.616,1.2649,0
2016-06-22,1.2,1.9592,0.029,-0.5247,-0.2474,-0.016,0.6959,-0.21,1.41,-0.2184,-0.3925,-0.0443,1.6086,1.2526,0
2016-06-23,1.25,1.9732,0.0311,-0.5079,-0.2269,-0.0196,0.6405,-0.22,1.47,-0.1958,-0.3633,-0.0282,1.6329,1.2854,0
2016-06-24,1.08,1.9295,0.0212,-0.552,-0.2985,-0.0202,0.6717,-0.28,1.36,-0.2773,-0.4667,-0.0879,1.5669,1.1899,0
2016-06-27,1.0,1.9011,0.016,-0.5501,-0.3532,-0.0138,0.7495,-0.27,1.27,-0.3372,-0.5497,-0.1248,1.5635,1.1362,0
2016-06-28,1.0,1.8963,0.0168,-0.5425,-0.3555,-0.0152,0.7271,-0.32,1.32,-0.3387,-0.5499,-0.1275,1.565,1.1327,0
2016-06-29,1.03,1.906,0.0203,-0.5323,-0.3387,-0.0253,0.677,-0.33,1.36,-0.3184,-0.5264,-0.1103,1.5817,1.1497,0
2016-06-30,1.01,1.9037,0.0175,-0.5529,-0.3372,-0.0211,0.6783,-0.37,1.38,-0.3197,-0.5207,-0.1188,1.5517,1.1419,0
2016-07-01,1.0,1.8965,0.0175,-0.5328,-0.3564,-0.0248,0.6237,-0.43,1.43,-0.3389,-0.5517,-0.1261,1.5765,1.1369,0
2016-07-05,0.94,1.8744,0.015,-0.5274,-0.4049,-0.0171,0.6266,-0.45,1.39,-0.3899,-0.6287,-0.1511,1.5858,1.0969,0
2016-07-06,0.95,1.875,0.017,-0.5154,-0.4026,-0.0241,0.5932,-0.46,1.41,-0.3856,-0.6244,-0.1467,1.5985,1.1053,0
2016-07-07,0.97,1.8785,0.017,-0.5133,-0.401,-0.0113,0.6064,-0.44,1.41,-0.384,-0.624,-0.1439,1.6053,1.114,0
2016-07-08,0.95,1.8722,0.0189,-0.4977,-0.4202,-0.0232,0.6036,-0.44,1.39,-0.4013,-0.6575,-0.1451,1.6306,1.1065,0
2016-07-11,1.03,1.8889,0.0228,-0.4751,-0.3942,-0.0124,0.6194,-0.38,1.41,-0.3714,-0.6199,-0.1229,1.6623,1.1498,0
2016-07-12,1.1,1.9123,0.0273,-0.4775,-0.3467,-0.0155,0.6159,-0.36,1.46,-0.3194,-0.5474,-0.0914,1.6628,1.1902,0
2016-07-13,1.07,1.903,0.0272,-0.4709,-0.3704,-0.0189,0.6198,-0.36,1.43,-0.3432,-0.5863,-0.1,1.6753,1.1757,0
2016-07-14,1.1,1.9152,0.0277,-0.48,-0.3427,-0.0201,0.6207,-0.34,1.44,-0.315,-0.542,-0.0881,1.6621,1.1964,0
2016-07-15,1.15,1.9327,0.0306,-0.4721,-0.3125,-0.0288,0.6303,-0.29,1.44,-0.2819,-0.4975,-0.0662,1.6763,1.2291,0
2016-07-18,1.14,1.9301,0.028,-0.4825,-0.3156,-0.0199,0.6315,-0.27,1.41,-0.2876,-0.5,-0.0752,1.66,1.2264,0
2016-07-19,1.12,1.9237,0.0263,-0.4796,-0.3292,-0.0212,0.6544,-0.27,1.39,-0.3029,-0.5206,-0.0851,1.6618,1.2162,0
2016-07-20,1.15,1.9316,0.0284,-0.4715,-0.3144,-0.024,0.6617,-0.25,1.4,-0.286,-0.4988,-0.0733,1.6728,1.2318,0
2016-07-21,1.11,1.9242,0.0247,-0.4971,-0.3209,-0.0209,0.6757,-0.27,1.38,-0.2962,-0.5041,-0.0883,1.6349,1.2138,0
2016-07-22,1.13,1.9285,0.0262,-0.4784,-0.3207,-0.0256,0.7007,-0.23,1.36,-0.2945,-0.5077,-0.0813,1.6633,1.2239,0
2016-07-25,1.15,1.9305,0.0289,-0.4652,-0.3216,-0.0226,0.7234,-0.19,1.34,-0.2927,-0.512,-0.0734,1.6845,1.2321,0
2016-07-26,1.15,1.9276,0.0307,-0.4549,-0.3339,-0.0194,0.7169,-0.18,1.33,-0.3032,-0.5352,-0.0713,1.7046,1.2277,0
2016-07-27,1.1,1.9145,0.0304,-0.4704,-0.3506,-0.0239,0.71,-0.21,1.31,-0.3202,-0.558,-0.0824,1.6819,1.198,0
2016-07-28,1.09,1.9116,0.0309,-0.4762,-0.3521,-0.0242,0.6825,-0.24,1.33,-0.3212,-0.5593,-0.0832,1.6735,1.1896,0
2016-07-29,1.03,1.8961,0.0259,-0.4987,-0.3748,-0.0185,0.6796,-0.28,1.31,-0.3489,-0.59,-0.1078,1.6385,1.1547,0
2016-08-01,1.06,1.9093,0.0252,-0.503,-0.3469,-0.0246,0.733,-0.21,1.27,-0.3217,-0.5449,-0.0985,1.6295,1.179,0
2016-08-02,1.07,1.9183,0.0238,-0.5131,-0.326,-0.033,0.7756,-0.18,1.25,-0.3022,-0.5104,-0.094,1.6134,1.1927,0
2016-08-03,1.07,1.9159,0.0218,-0.5176,-0.3268,-0.0233,0.7452,-0.21,1.28,-0.305,-0.5087,-0.1013,1.602,1.1895,0
2016-08-04,1.03,1.9062,0.0193,-0.5236,-0.344,-0.0278,0.7131,-0.27,1.3,-0.3247,-0.5339,-0.1156,1.5917,1.1694,0
2016-08-05,1.13,1.9304,0.0252,-0.479,-0.3151,-0.0314,0.7142,-0.2,1.33,-0.2899,-0.4976,-0.0823,1.659,1.2282,0
2016-08-08,1.15,1.9313,0.0271,-0.4703,-0.3173,-0.0207,0.7076,-0.19,1.34,-0.2902,-0.5033,-0.0772,1.674,1.2336,0
2016-08-09,1.11,1.9199,0.0266,-0.4715,-0.3401,-0.0248,0.7125,-0.19,1.3,-0.3135,-0.5388,-0.0883,1.6736,1.213,0
2016-08-10,1.07,1.9106,0.0244,-0.486,-0.3526,-0.0265,0.731,-0.2,1.27,-0.3282,-0.5552,-0.1011,1.6517,1.1925,0
2016-08-11,1.16,1.9291,0.0295,-0.4537,-0.3288,-0.0161,0.7289,-0.16,1.32,-0.2993,-0.5248,-0.0738,1.7009,1.2352,0
2016-08-12,1.1,1.9157,0.0277,-0.4687,-0.3514,-0.0233,0.7242,-0.19,1.29,-0.3237,-0.5584,-0.089,1.6817,1.2057,0
2016-08-15,1.14,1.9256,0.0278,-0.4688,-0.3289,-0.0157,0.7271,-0.16,1.3,-0.3011,-0.5212,-0.0811,1.6769,1.229,0
2016-08-16,1.16,1.9329,0.0302,-0.4572,-0.3225,-0.0234,0.7448,-0.12,1.28,-0.2923,-0.5157,-0.0688,1.6991,1.2414,0
2016-08-17,1.15,1.9269,0.0297,-0.4583,-0.3292,-0.0191,0.7077,-0.16,1.31,-0.2995,-0.5233,-0.0757,1.6924,1.2347,0
2016-08-18,1.12,1.9192,0.0276,-0.4739,-0.3386,-0.0143,0.6821,-0.2,1.32,-0.311,-0.5355,-0.0865,1.6698,1.2137,0
2016-08-19,1.17,1.9345,0.0319,-0.4524,-0.3194,-0.0246,0.6917,-0.17,1.34,-0.2875,-0.5121,-0.0628,1.7067,1.243,0
2016-08-22,1.15,1.9249,0.0313,-0.4464,-0.3429,-0.0168,0.6907,-0.19,1.34,-0.3116,-0.55,-0.0733,1.7168,1.2307,0
2016-08-23,1.15,1.9242,0.0321,-0.4478,-0.338,-0.0206,0.6818,-0.19,1.34,-0.3059,-0.5395,-0.0722,1.7101,1.232,0
2016-08-24,1.13,1.9243,0.0318,-0.4461,-0.3423,-0.0378,0.6848,-0.19,1.32,-0.3105,-0.5475,-0.0734,1.7153,1.2348,0
2016-08-25,1.16,1.9305,0.0339,-0.4385,-0.3308,-0.035,0.6819,-0.17,1.33,-0.2969,-0.5308,-0.0631,1.7258,1.2485,0
2016-08-26,1.23,1.9467,0.0398,-0.4077,-0.3137,-0.0352,0.7144,-0.08,1.31,-0.2739,-0.5122,-0.0355,1.7774,1.2848,0
2016-08-29,1.18,1.9306,0.0372,-0.4117,-0.3426,-0.0336,0.7098,-0.11,1.29,-0.3054,-0.5541,-0.0567,1.7676,1.2631,0
2016-08-30,1.18,1.9314,0.0378,-0.408,-0.3412,-0.0401,0.7191,-0.1,1.28,-0.3034,-0.5522,-0.0545,1.7723,1.2636,0
2016-08-31,1.19,1.9332,0.039,-0.4006,-0.343,-0.0387,0.7221,-0.08,1.27,-0.304,-0.5583,-0.0496,1.787,1.2647,0
2016-09-01,1.18,1.9316,0.0383,-0.4038,-0.3469,-0.0392,0.7305,-0.06,1.24,-0.3086,-0.5648,-0.0524,1.7839,1.2603,0
2016-09-02,1.2,1.9392,0.0398,-0.4211,-0.322,-0.0359,0.7177,-0.08,1.28,-0.2822,-0.5233,-0.0412,1.7592,1.2665,0
2016-09-06,1.13,1.9223,0.0337,-0.4422,-0.3477,-0.0361,0.6764,-0.16,1.29,-0.314,-0.5575,-0.0705,1.7236,1.233,0
2016-09-07,1.12,1.9192,0.0306,-0.4312,-0.3573,-0.0413,0.6516,-0.18,1.3,-0.3267,-0.5713,-0.0821,1.7326,1.2357,0
2016-09-08,1.19,1.9402,0.0324,-0.4249,-0.3206,-0.0371,0.6494,-0.15,1.34,-0.2882,-0.5165,-0.0598,1.7436,1.274,0
2016-09-09,1.23,1.9577,0.0327,-0.423,-0.298,-0.0393,0.7027,-0.09,1.32,-0.2653,-0.4871,-0.0436,1.7564,1.3019,0
2016-09-12,1.21,1.9547,0.0288,-0.4405,-0.2932,-0.0398,0.6948,-0.12,1.33,-0.2644,-0.4721,-0.0567,1.7218,1.3,0
2016-09-13,1.26,1.9722,0.0298,-0.4396,-0.261,-0.0414,0.7336,-0.05,1.31,-0.2312,-0.4236,-0.0388,1.725,1.3285,0
2016-09-14,1.21,1.9624,0.0266,-0.461,-0.2733,-0.0447,0.7298,-0.09,1.3,-0.2467,-0.4396,-0.0538,1.6943,1.3014,0
2016-09-15,1.2,1.9647,0.0246,-0.4934,-0.2561,-0.0398,0.7277,-0.11,1.31,-0.2315,-0.4083,-0.0547,1.6481,1.29,0
2016-09-16,1.21,1.9628,0.0266,-0.467,-0.2705,-0.0419,0.6982,-0.13,1.34,-0.2439,-0.4354,-0.0524,1.6873,1.2942,0
2016-09-19,1.22,1.9646,0.028,-0.4705,-0.2647,-0.0373,0.6982,-0.13,1.35,-0.2367,-0.4265,-0.047,1.6838,1.2961,0
2016-09-20,1.2,1.9621,0.0277,-0.4668,-0.2741,-0.0489,0.7026,-0.13,1.33,-0.2464,-0.4423,-0.0504,1.6912,1.2945,0
2016-09-21,1.2,1.9552,0.0318,-0.4633,-0.2843,-0.0394,0.6682,-0.17,1.37,-0.2525,-0.4597,-0.0452,1.6992,1.2764,0
2016-09-22,1.18,1.9463,0.0364,-0.4653,-0.2968,-0.0406,0.615,-0.22,1.4,-0.2604,-0.4808,-0.0399,1.7014,1.2529,0
2016-09-23,1.16,1.9434,0.0367,-0.48,-0.297,-0.0431,0.5854,-0.26,1.42,-0.2603,-0.4795,-0.0411,1.6827,1.2449,0
2016-09-26,1.13,1.9364,0.0328,-0.4845,-0.3116,-0.0431,0.5959,-0.27,1.4,-0.2788,-0.4998,-0.0578,1.6729,1.2373,0
2016-09-27,1.12,1.9291,0.0315,-0.474,-0.3271,-0.0395,0.6074,-0.26,1.38,-0.2956,-0.5235,-0.0678,1.683,1.2279,0
2016-09-28,1.13,1.9292,0.0311,-0.4632,-0.3281,-0.039,0.5599,-0.31,1.44,-0.297,-0.5243,-0.0698,1.6933,1.2352,0
2016-09-29,1.12,1.9276,0.0299,-0.4689,-0.3337,-0.0349,0.5742,-0.32,1.44,-0.3038,-0.5346,-0.073,1.6894,1.2254,0
2016-09-30,1.14,1.9361,0.0311,-0.4612,-0.3189,-0.0471,0.5454,-0.31,1.45,-0.2878,-0.512,-0.0635,1.6991,1.2457,0
2016-10-03,1.18,1.9441,0.032,-0.439,-0.3142,-0.0429,0.5209,-0.29,1.47,-0.2822,-0.5081,-0.0562,1.731,1.2727,0
2016-10-04,1.22,1.961,0.0344,-0.4471,-0.2804,-0.0479,0.5546,-0.23,1.45,-0.246,-0.4566,-0.0353,1.7246,1.2987,0
2016-10-05,1.26,1.9704,0.037,-0.4438,-0.263,-0.0406,0.5546,-0.22,1.48,-0.226,-0.4313,-0.0207,1.7319,1.3151,0
2016-10-06,1.28,1.9794,0.0408,-0.437,-0.2511,-0.0521,0.5486,-0.21,1.49,-0.2103,-0.4178,-0.0028,1.7499,1.327,0
2016-10-07,1.26,1.9741,0.0403,-0.4505,-0.2558,-0.0481,0.5404,-0.24,1.5,-0.2155,-0.4227,-0.0084,1.7307,1.3161,0
2016-10-11,1.3,1.9841,0.042,-0.4372,-0.2434,-0.0456,0.5483,-0.21,1.51,-0.2014,-0.4061,0.0034,1.7517,1.3398,0
2016-10-12,1.31,1.9877,0.042,-0.4421,-0.2318,-0.0458,0.5499,-0.2,1.51,-0.1898,-0.3858,0.0063,1.7416,1.3484,0
2016-10-13,1.27,1.9784,0.0415,-0.452,-0.2483,-0.0496,0.5445,-0.23,1.5,-0.2068,-0.4123,-0.0014,1.7319,1.3213,0
2016-10-14,1.28,1.9886,0.0407,-0.4769,-0.2148,-0.0576,0.5302,-0.25,1.53,-0.1741,-0.3542,0.006,1.6918,1.3349,0
2016-10-17,1.26,1.9813,0.0373,-0.4796,-0.2261,-0.0529,0.4891,-0.29,1.55,-0.1888,-0.3681,-0.0094,1.6811,1.3253,0
2016-10-18,1.24,1.9776,0.0345,-0.4856,-0.233,-0.0536,0.4956,-0.3,1.54,-0.1985,-0.3775,-0.0194,1.6711,1.3169,0
2016-10-19,1.24,1.9782,0.0333,-0.4797,-0.237,-0.0549,0.4805,-0.32,1.56,-0.2037,-0.3857,-0.0217,1.6805,1.3172,0
2016-10-20,1.26,1.9795,0.0346,-0.4727,-0.2342,-0.0472,0.4896,-0.3,1.56,-0.1996,-0.3815,-0.0177,1.6887,1.3219,0
2016-10-21,1.25,1.9755,0.0359,-0.4641,-0.2473,-0.05,0.4858,-0.31,1.56,-0.2114,-0.4049,-0.0179,1.7049,1.3156,0
2016-10-24,1.27,1.9825,0.0377,-0.4678,-0.23,-0.0524,0.499,-0.26,1.53,-0.1923,-0.3772,-0.0074,1.6996,1.3274,0
2016-10-25,1.29,1.9803,0.0378,-0.4575,-0.2379,-0.0327,0.4813,-0.28,1.57,-0.2001,-0.3903,-0.0099,1.713,1.331,0
2016-10-26,1.3,1.9879,0.0391,-0.4579,-0.2232,-0.0459,0.4712,-0.28,1.58,-0.1841,-0.368,-0.0002,1.7139,1.3443,0
2016-10-27,1.33,2.0033,0.0408,-0.4654,-0.1913,-0.0574,0.4889,-0.24,1.57,-0.1505,-0.3188,0.0178,1.7062,1.3674,0
2016-10-28,1.33,2.0043,0.0386,-0.4839,-0.1824,-0.0466,0.4825,-0.27,1.6,-0.1438,-0.3015,0.0139,1.6781,1.363,0
2016-10-31,1.31,1.9997,0.0349,-0.4765,-0.1984,-0.0497,0.4696,-0.28,1.59,-0.1635,-0.3269,-0.0001,1.6865,1.3608,0
2016-11-01,1.3,1.9982,0.0324,-0.4887,-0.1946,-0.0473,0.4765,-0.29,1.59,-0.1622,-0.3174,-0.007,1.6647,1.3534,0
2016-11-02,1.26,1.9901,0.0293,-0.4994,-0.2057,-0.0543,0.4849,-0.29,1.55,-0.1764,-0.3314,-0.0215,1.6457,1.337,0
2016-11-03,1.26,1.9942,0.0269,-0.5093,-0.1959,-0.0559,0.516,-0.26,1.52,-0.169,-0.3142,-0.0239,1.6301,1.3425,0
2016-11-04,1.24,1.9852,0.0243,-0.5074,-0.2128,-0.0493,0.5095,-0.28,1.52,-0.1885,-0.339,-0.0381,1.6282,1.3267,0
2016-11-07,1.29,1.997,0.0262,-0.4919,-0.1926,-0.0488,0.483,-0.27,1.56,-0.1664,-0.3087,-0.0241,1.6474,1.3548,0
2016-11-08,1.34,2.0102,0.0298,-0.4632,-0.1836,-0.0532,0.4846,-0.23,1.57,-0.1538,-0.3024,-0.0052,1.6956,1.3871,0
2016-11-09,1.49,2.0626,0.0378,-0.474,-0.0749,-0.0615,0.4516,-0.18,1.67,-0.0371,-0.1347,0.0606,1.6863,1.4725,0
2016-11-10,1.56,2.0863,0.0407,-0.462,-0.0415,-0.0635,0.4298,-0.14,1.7,-0.0008,-0.0894,0.0878,1.7129,1.5164,0
2016-11-14,1.66,2.1137,0.0445,-0.4204,-0.0134,-0.0644,0.5188,0.01,1.65,0.0311,-0.0564,0.1185,1.7808,1.5818,0
2016-11-15,1.68,2.1158,0.0497,-0.4032,-0.0148,-0.0675,0.5109,0.01,1.67,0.0349,-0.0641,0.1338,1.8115,1.5829,0
2016-11-16,1.68,2.1137,0.0519,-0.3995,-0.0175,-0.0686,0.507,0.02,1.66,0.0344,-0.068,0.1368,1.8166,1.5834,0
2016-11-17,1.73,2.1294,0.0557,-0.4085,0.018,-0.0645,0.4827,0.02,1.71,0.0737,-0.0131,0.1604,1.8076,1.6078,0
2016-11-18,1.8,2.1453,0.0613,-0.394,0.0408,-0.0534,0.4865,0.06,1.74,0.1021,0.016,0.1882,1.8374,1.6346,0
2016-11-21,1.79,2.1428,0.063,-0.3929,0.0348,-0.0577,0.4725,0.05,1.74,0.0978,0.0055,0.1901,1.8422,1.6318,0
2016-11-22,1.77,2.1396,0.0619,-0.4028,0.0326,-0.0613,0.4561,0.02,1.75,0.0945,0.0047,0.1843,1.8266,1.6283,0
2016-11-23,1.83,2.1529,0.0663,-0.3659,0.0432,-0.0666,0.4727,0.09,1.74,0.1095,0.0139,0.2052,1.8827,1.6625,0
2016-11-25,1.83,2.1536,0.0679,-0.3669,0.0441,-0.0687,0.4942,0.09,1.74,0.112,0.014,0.2099,1.8847,1.6627,0
2016-11-28,1.8,2.1439,0.067,-0.3719,0.0243,-0.0633,0.5278,0.11,1.69,0.0913,-0.0177,0.2003,1.881,1.6404,0
2016-11-29,1.78,2.1378,0.0665,-0.3708,0.0152,-0.0687,0.5143,0.09,1.69,0.0817,-0.0304,0.1938,1.8791,1.6304,0
2016-11-30,1.83,2.1529,0.0683,-0.3728,0.0492,-0.0676,0.4541,0.06,1.77,0.1175,0.0245,0.2105,1.8731,1.6608,0
2016-12-01,1.9,2.1767,0.0724,-0.3822,0.0959,-0.0628,0.4539,0.09,1.81,0.1683,0.0942,0.2425,1.8686,1.6943,0
2016-12-02,1.84,2.1657,0.0673,-0.4035,0.0754,-0.0649,0.4889,0.08,1.76,0.1427,0.0645,0.2209,1.8404,1.6699,0
2016-12-05,1.84,2.1612,0.0665,-0.3828,0.0627,-0.0676,0.4568,0.05,1.79,0.1292,0.0446,0.2138,1.863,1.6714,0
2016-12-06,1.84,2.1613,0.0653,-0.3922,0.0678,-0.0622,0.4433,0.04,1.8,0.1331,0.0553,0.2109,1.8469,1.6706,0
2016-12-07,1.8,2.1498,0.0619,-0.4012,0.0473,-0.0578,0.4478,0.02,1.78,0.1092,0.0259,0.1926,1.832,1.6493,0
2016-12-08,1.83,2.164,0.0624,-0.4154,0.0815,-0.0625,0.4246,0.0,1.83,0.1439,0.0808,0.2069,1.8117,1.6672,0
2016-12-09,1.89,2.184,0.0636,-0.4104,0.1138,-0.061,0.4465,0.06,1.83,0.1774,0.1277,0.2271,1.8233,1.7025,0
2016-12-12,1.9,2.185,0.0628,-0.4124,0.1124,-0.0478,0.4429,0.04,1.86,0.1752,0.1242,0.2262,1.8236,1.7026,0
2016-12-13,1.92,2.1853,0.064,-0.3954,0.1086,-0.0425,0.4503,0.06,1.86,0.1726,0.1172,0.228,1.8453,1.7128,0
2016-12-14,2.02,2.2049,0.0743,-0.3365,0.1209,-0.0436,0.5094,0.2,1.82,0.1952,0.1215,0.2688,1.942,1.7613,0
2016-12-15,2.1,2.2223,0.0831,-0.3169,0.1493,-0.0377,0.598,0.32,1.78,0.2324,0.1594,0.3054,1.9784,1.7945,0
2016-12-16,2.07,2.2204,0.0835,-0.3399,0.1551,-0.0491,0.6296,0.32,1.75,0.2386,0.1718,0.3054,1.9473,1.7884,0
2016-12-19,2.03,2.2033,0.0815,-0.3422,0.1273,-0.04,0.6078,0.29,1.74,0.2088,0.1325,0.2852,1.9375,1.7605,0
2016-12-20,2.06,2.2094,0.0819,-0.3459,0.1474,-0.0328,0.5671,0.26,1.8,0.2293,0.1673,0.2913,1.9255,1.7738,0
2016-12-21,2.04,2.2042,0.0811,-0.3445,0.1328,-0.0336,0.5599,0.3,1.74,0.2139,0.1427,0.2851,1.931,1.7611,0
2016-12-22,2.04,2.2044,0.0816,-0.3406,0.1349,-0.0403,0.5056,0.18,1.86,0.2165,0.1465,0.2865,1.9337,1.7627,0
2016-12-23,2.04,2.2041,0.0817,-0.3393,0.1306,-0.0371,0.4892,0.2,1.84,0.2123,0.1382,0.2864,1.9389,1.7627,0
2016-12-27,2.07,2.2104,0.0834,-0.3276,0.1352,-0.0314,0.4824,0.19,1.88,0.2186,0.1418,0.2954,1.9596,1.7781,0
2016-12-28,2.02,2.1967,0.0823,-0.3426,0.1136,-0.03,0.4879,0.17,1.85,0.1959,0.1094,0.2824,1.9406,1.7441,0
2016-12-29,1.96,2.1869,0.078,-0.3714,0.1069,-0.0404,0.491,0.15,1.81,0.1849,0.1058,0.264,1.8946,1.7199,0
2016-12-30,1.93,2.1769,0.0753,-0.3627,0.0832,-0.0428,0.4597,0.09,1.84,0.1585,0.0683,0.2487,1.9044,1.703,0
2017-01-03,1.94,2.1748,0.0747,-0.3463,0.0738,-0.037,0.4248,0.08,1.86,0.1485,0.0534,0.2437,1.9237,1.7108,0
2017-01-04,1.94,2.1767,0.0762,-0.3556,0.085,-0.0424,0.4198,0.08,1.86,0.1612,0.073,0.2495,1.9094,1.7119,0
2017-01-05,1.86,2.1542,0.0723,-0.3682,0.0475,-0.0458,0.4101,0.03,1.83,0.1198,0.0187,0.2209,1.8871,1.669,0
2017-01-06,1.92,2.167,0.0778,-0.3408,0.0633,-0.0473,0.4316,0.08,1.84,0.1411,0.0369,0.2453,1.9305,1.695,0
2017-01-09,1.89,2.1551,0.0773,-0.3489,0.0428,-0.0363,0.4273,0.04,1.85,0.1201,0.0062,0.234,1.9201,1.672,0
2017-01-10,1.89,2.1547,0.0778,-0.3565,0.0503,-0.0362,0.4117,0.05,1.84,0.1281,0.0211,0.235,1.9051,1.6721,0
2017-01-11,1.89,2.152,0.078,-0.3444,0.0371,-0.0327,0.3794,0.04,1.85,0.1151,-0.0028,0.2329,1.9255,1.6686,0
2017-01-12,1.87,2.149,0.0773,-0.3576,0.0374,-0.0361,0.3692,0.0,1.87,0.1147,0.0003,0.2291,1.9058,1.6598,0
2017-01-13,1.9,2.1586,0.0787,-0.3412,0.0469,-0.0431,0.3792,0.05,1.85,0.1256,0.0112,0.2401,1.9319,1.6822,0
2017-01-17,1.84,2.1401,0.0732,-0.3615,0.022,-0.0338,0.3562,0.0,1.84,0.0952,-0.0199,0.2104,1.8938,1.6502,0
2017-01-18,1.93,2.1653,0.0786,-0.3302,0.0578,-0.0415,0.3817,0.07,1.86,0.1364,0.0282,0.2446,1.9433,1.7008,0
2017-01-19,1.97,2.1778,0.0823,-0.3354,0.0861,-0.0408,0.358,0.07,1.9,0.1684,0.0717,0.265,1.9391,1.7199,0
2017-01-20,1.95,2.1789,0.0801,-0.3542,0.0913,-0.0461,0.3489,0.03,1.92,0.1714,0.0814,0.2614,1.9147,1.7144,0
2017-01-23,1.88,2.1595,0.0751,-0.3858,0.0691,-0.0379,0.3467,0.02,1.86,0.1442,0.0544,0.234,1.8634,1.6682,0
2017-01-24,1.94,2.1761,0.0774,-0.3634,0.0919,-0.042,0.3349,0.01,1.93,0.1693,0.0861,0.2526,1.8959,1.7056,0
2017-01-25,1.99,2.1921,0.0808,-0.3622,0.1228,-0.0435,0.3329,0.03,1.96,0.2036,0.1318,0.2753,1.9017,1.7307,0
2017-01-26,1.95,2.1874,0.078,-0.3794,0.1178,-0.0538,0.3184,0.01,1.94,0.1958,0.127,0.2646,1.8768,1.7205,0
2017-01-27,1.94,2.1821,0.0762,-0.3666,0.1001,-0.0518,0.299,-0.02,1.96,0.1763,0.0977,0.255,1.8942,1.715,0
2017-01-30,1.94,2.1827,0.075,-0.3717,0.1029,-0.0489,0.3011,-0.01,1.95,0.1779,0.1031,0.2527,1.8858,1.7148,0
2017-01-31,1.9,2.1716,0.0724,-0.3722,0.0812,-0.053,0.2844,-0.04,1.94,0.1536,0.0712,0.2361,1.8819,1.6987,0
2017-02-01,1.93,2.1795,0.0738,-0.3607,0.0942,-0.0568,0.2906,0.01,1.92,0.168,0.0903,0.2457,1.8965,1.7171,0
2017-02-02,1.92,2.1774,0.0732,-0.373,0.0975,-0.0551,0.2849,-0.01,1.93,0.1707,0.0984,0.2429,1.8767,1.7096,0
2017-02-03,1.93,2.1807,0.0734,-0.3798,0.103,-0.0473,0.2975,0.02,1.91,0.1764,0.1059,0.2468,1.8714,1.711,0
2017-02-06,1.86,2.1614,0.0686,-0.3968,0.0728,-0.0459,0.2997,-0.05,1.91,0.1414,0.0635,0.2192,1.8424,1.6719,0
2017-02-07,1.85,2.1547,0.0673,-0.3857,0.0556,-0.0419,0.3233,-0.02,1.87,0.1229,0.0364,0.2094,1.8555,1.6651,0
2017-02-08,1.81,2.143,0.0657,-0.3745,0.0269,-0.0511,0.3449,-0.01,1.82,0.0926,-0.0098,0.195,1.8709,1.6478,0
2017-02-09,1.88,2.1593,0.0697,-0.3654,0.0606,-0.0442,0.3324,0.02,1.86,0.1303,0.0424,0.2182,1.8818,1.6818,0
2017-02-10,1.89,2.1625,0.0717,-0.3645,0.0675,-0.0473,0.3127,0.02,1.87,0.1392,0.0528,0.2257,1.8845,1.6894,0
2017-02-13,1.92,2.169,0.0739,-0.359,0.0723,-0.0363,0.3386,0.05,1.87,0.1462,0.0555,0.237,1.9008,1.6977,0
2017-02-14,1.98,2.182,0.0777,-0.3291,0.0845,-0.0351,0.3444,0.11,1.87,0.1622,0.0682,0.2563,1.947,1.7321,0
2017-02-15,2.01,2.1898,0.0812,-0.3178,0.0969,-0.0401,0.3095,0.08,1.93,0.1781,0.0856,0.2707,1.9646,1.7528,0
2017-02-16,1.95,2.1753,0.077,-0.3466,0.0789,-0.0346,0.3145,0.05,1.9,0.1559,0.0629,0.2488,1.9217,1.7205,0
2017-02-17,1.92,2.1672,0.074,-0.3482,0.0627,-0.0357,0.321,0.07,1.85,0.1367,0.0389,0.2345,1.9168,1.7048,0
2017-02-21,1.93,2.1673,0.0722,-0.3395,0.0596,-0.0296,0.3072,0.06,1.87,0.1318,0.0348,0.2288,1.9248,1.7127,0
2017-02-22,1.92,2.1652,0.0719,-0.3401,0.0581,-0.0352,0.2954,0.0,1.92,0.13,0.0336,0.2264,1.9215,1.708,0
2017-02-23,1.87,2.1545,0.0695,-0.3499,0.038,-0.0421,0.2844,-0.03,1.9,0.1075,0.0026,0.2124,1.9095,1.6823,0
2017-02-24,1.8,2.1362,0.0654,-0.3652,0.0117,-0.0481,0.2757,-0.1,1.9,0.0771,-0.0328,0.187,1.8809,1.6461,0
2017-02-27,1.87,2.1509,0.0689,-0.3359,0.0292,-0.043,0.2905,0.01,1.86,0.0981,-0.0104,0.2065,1.9234,1.6842,0
2017-02-28,1.89,2.1512,0.0722,-0.3039,0.0158,-0.0452,0.2918,0.0,1.89,0.088,-0.0375,0.2135,1.9728,1.6954,0
2017-03-01,1.99,2.1774,0.0747,-0.2623,0.0461,-0.0459,0.3183,0.15,1.84,0.1208,0.0034,0.2382,2.0325,1.7699,0
2017-03-02,2.03,2.1866,0.0754,-0.2332,0.0471,-0.0458,0.3395,0.19,1.84,0.1225,-0.0005,0.2455,2.0764,1.8017,0
2017-03-03,2.02,2.183,0.0742,-0.2404,0.0474,-0.0442,0.3105,0.1,1.92,0.1216,0.0041,0.2391,2.0601,1.7969,0
2017-03-06,2.02,2.1849,0.073,-0.2421,0.048,-0.0438,0.3257,0.12,1.9,0.121,0.0039,0.2381,2.0599,1.7986,0
2017-03-07,2.05,2.1849,0.071,-0.2269,0.0402,-0.0192,0.3283,0.13,1.92,0.1112,-0.0093,0.2316,2.0785,1.8088,0
2017-03-08,2.08,2.202,0.0747,-0.207,0.0585,-0.0482,0.3678,0.18,1.9,0.1332,0.0111,0.2554,2.1172,1.8386,0
2017-03-09,2.13,2.2138,0.0763,-0.2057,0.0799,-0.0343,0.3735,0.24,1.89,0.1562,0.0434,0.269,2.1209,1.8626,0
2017-03-10,2.11,2.2086,0.0741,-0.212,0.0713,-0.032,0.3598,0.21,1.9,0.1454,0.0319,0.2589,2.1101,1.8551,0
2017-03-13,2.14,2.2173,0.0731,-0.1931,0.0751,-0.0324,0.375,0.28,1.86,0.1482,0.0339,0.2624,2.1385,1.8801,0
2017-03-14,2.13,2.2132,0.072,-0.1855,0.0634,-0.0332,0.4014,0.25,1.88,0.1354,0.0149,0.2559,2.1482,1.8751,0
2017-03-15,2.02,2.1846,0.0668,-0.2216,0.0274,-0.0372,0.3352,0.18,1.84,0.0942,-0.0315,0.2199,2.0887,1.8129,0
2017-03-16,2.05,2.1918,0.0676,-0.2244,0.0455,-0.0306,0.3302,0.18,1.87,0.1131,-0.002,0.2282,2.0825,1.8244,0
2017-03-17,2.03,2.1855,0.0674,-0.2323,0.0374,-0.028,0.3267,0.14,1.89,0.1048,-0.0133,0.223,2.0713,1.8084,0
2017-03-20,2.0,2.1762,0.0642,-0.2334,0.0196,-0.0266,0.3189,0.14,1.86,0.0838,-0.0389,0.2065,2.0655,1.7954,0
2017-03-21,1.96,2.1652,0.0593,-0.2364,0.0001,-0.0282,0.3271,0.16,1.8,0.0594,-0.0654,0.1842,2.0536,1.7798,0
2017-03-22,1.95,2.1584,0.0577,-0.2388,-0.0066,-0.0207,0.3257,0.16,1.79,0.0511,-0.0723,0.1745,2.043,1.7672,0
2017-03-23,1.95,2.16,0.0571,-0.2399,-0.0031,-0.0241,0.338,0.2,1.75,0.054,-0.0666,0.1746,2.0407,1.7688,0
2017-03-24,1.93,2.156,0.0573,-0.2317,-0.0165,-0.035,0.3234,0.2,1.73,0.0408,-0.0902,0.1717,2.0552,1.7607,0
2017-03-27,1.93,2.1511,0.0564,-0.2266,-0.0275,-0.0234,0.3205,0.18,1.75,0.0289,-0.1065,0.1643,2.0599,1.7588,0
2017-03-28,1.97,2.1629,0.0591,-0.2056,-0.016,-0.0304,0.3472,0.24,1.73,0.0431,-0.0944,0.1805,2.0948,1.7855,0
2017-03-29,1.93,2.1523,0.0569,-0.2145,-0.0325,-0.0322,0.3272,0.13,1.8,0.0244,-0.1173,0.166,2.0795,1.7661,0
2017-03-30,1.96,2.1627,0.0586,-0.2219,-0.007,-0.0323,0.3568,0.15,1.81,0.0516,-0.0764,0.1795,2.0687,1.7805,0
2017-03-31,1.93,2.1554,0.0564,-0.2321,-0.0186,-0.031,0.3395,0.16,1.77,0.0378,-0.0926,0.1681,2.0536,1.7651,0
2017-04-03,1.88,2.1406,0.0515,-0.2467,-0.0407,-0.0247,0.3296,0.15,1.73,0.0108,-0.1216,0.1431,2.0263,1.7401,0
2017-04-04,1.88,2.1423,0.0506,-0.2531,-0.0322,-0.0277,0.3409,0.11,1.77,0.0184,-0.1053,0.1422,2.013,1.7432,0
2017-04-05,1.85,2.1351,0.047,-0.2634,-0.0431,-0.0257,0.3122,0.08,1.77,0.0039,-0.1191,0.127,1.9948,1.7306,0
2017-04-06,1.87,2.1385,0.0463,-0.2569,-0.0407,-0.0173,0.34,0.16,1.71,0.0056,-0.1164,0.1277,2.0037,1.7389,0
2017-04-07,1.92,2.15,0.0509,-0.2196,-0.0341,-0.0272,0.3667,0.22,1.7,0.0168,-0.1142,0.1478,2.0614,1.7685,0
2017-04-10,1.91,2.1448,0.0499,-0.2203,-0.044,-0.0204,0.375,0.22,1.69,0.0059,-0.1282,0.14,2.0586,1.7655,0
2017-04-11,1.84,2.1277,0.046,-0.2464,-0.0658,-0.0215,0.386,0.14,1.7,-0.0198,-0.1566,0.117,2.0181,1.7259,0
2017-04-12,1.81,2.1202,0.044,-0.2434,-0.0796,-0.0312,0.3506,0.12,1.69,-0.0356,-0.1763,0.1051,2.0174,1.7152,0
2017-04-13,1.77,2.108,0.0408,-0.2552,-0.0986,-0.025,0.3212,0.03,1.74,-0.0578,-0.2027,0.087,1.9976,1.6905,0
2017-04-17,1.79,2.1166,0.04,-0.256,-0.0867,-0.0239,0.3947,0.1,1.69,-0.0467,-0.1864,0.093,2.0003,1.7015,0
2017-04-18,1.71,2.0932,0.0349,-0.2688,-0.1242,-0.0251,0.4049,0.06,1.65,-0.0893,-0.2387,0.0601,1.9738,1.6601,0
2017-04-19,1.74,2.1016,0.0361,-0.2614,-0.1074,-0.0289,0.4164,0.08,1.66,-0.0713,-0.2127,0.0702,1.9816,1.6759,0
2017-04-20,1.78,2.1099,0.0392,-0.2533,-0.0936,-0.0222,0.4087,-0.04,1.82,-0.0544,-0.194,0.0853,1.9962,1.6893,0
2017-04-21,1.77,2.1089,0.0391,-0.2624,-0.0958,-0.0197,0.4326,-0.02,1.79,-0.0567,-0.1983,0.0848,1.988,1.6824,0
2017-04-24,1.81,2.1192,0.0406,-0.2478,-0.0795,-0.0225,0.4181,0.0,1.81,-0.0389,-0.1737,0.0959,2.0062,1.7126,0
2017-04-25,1.87,2.1359,0.0438,-0.2365,-0.0522,-0.021,0.4025,0.02,1.85,-0.0084,-0.1338,0.117,2.0248,1.7498,0
2017-04-26,1.84,2.1291,0.0416,-0.2428,-0.065,-0.0229,0.3983,0.01,1.83,-0.0234,-0.1522,0.1054,2.0151,1.7397,0
2017-04-27,1.81,2.1235,0.0397,-0.2519,-0.0707,-0.0306,0.3846,0.0,1.81,-0.031,-0.1585,0.0964,1.9991,1.7262,0
2017-04-28,1.81,2.1215,0.0398,-0.2342,-0.0859,-0.0312,0.3653,0.0,1.81,-0.0461,-0.1863,0.0941,2.0276,1.7273,0
2017-05-01,1.84,2.1316,0.0411,-0.2448,-0.0608,-0.027,0.3935,0.04,1.8,-0.0197,-0.1462,0.1067,2.0132,1.741,0
2017-05-02,1.81,2.1229,0.0385,-0.2518,-0.0762,-0.0234,0.416,0.04,1.77,-0.0377,-0.1679,0.0925,2.0012,1.7264,0
2017-05-03,1.86,2.1338,0.0413,-0.2261,-0.0666,-0.0224,0.4419,0.1,1.76,-0.0253,-0.1586,0.108,2.041,1.752,0
2017-05-04,1.88,2.1423,0.0432,-0.2228,-0.0542,-0.0284,0.4761,0.16,1.72,-0.011,-0.1422,0.1201,2.0506,1.7667,0
2017-05-05,1.89,2.1407,0.0433,-0.2189,-0.0585,-0.0166,0.4715,0.14,1.75,-0.0152,-0.1488,0.1184,2.0554,1.7677,0
2017-05-08,1.91,2.1485,0.0441,-0.2254,-0.0381,-0.0191,0.4815,0.16,1.75,0.006,-0.1147,0.1267,2.0438,1.7837,0
2017-05-09,1.94,2.1561,0.0452,-0.2052,-0.0356,-0.0205,0.4948,0.2,1.74,0.0096,-0.1159,0.1352,2.0764,1.8035,0
2017-05-10,1.94,2.1561,0.0453,-0.2102,-0.0319,-0.0193,0.4752,0.16,1.78,0.0134,-0.1084,0.1352,2.0678,1.804,0
2017-05-11,1.93,2.1511,0.044,-0.2088,-0.044,-0.0123,0.4254,0.11,1.82,0.0,-0.1279,0.1279,2.0702,1.7948,0
2017-05-12,1.85,2.1353,0.0382,-0.2396,-0.0646,-0.0193,0.4532,0.1,1.75,-0.0264,-0.1536,0.1009,2.023,1.7589,0
2017-05-15,1.86,2.1387,0.0378,-0.2378,-0.0574,-0.0213,0.4785,0.12,1.74,-0.0196,-0.1426,0.1034,2.0239,1.7612,0
2017-05-16,1.86,2.1347,0.0361,-0.2354,-0.065,-0.0105,0.483,0.12,1.74,-0.0289,-0.1527,0.095,2.0232,1.7592,0
2017-05-17,1.76,2.1073,0.0322,-0.2527,-0.1091,-0.0178,0.4762,0.06,1.7,-0.0769,-0.2166,0.0629,1.9944,1.7027,0
2017-05-18,1.78,2.1079,0.033,-0.236,-0.1111,-0.0138,0.4567,0.06,1.72,-0.0781,-0.2203,0.0642,2.0141,1.712,0
2017-05-19,1.79,2.1083,0.0339,-0.2269,-0.112,-0.0133,0.4329,0.04,1.75,-0.0781,-0.2222,0.066,2.0255,1.7185,0
2017-05-22,1.8,2.1118,0.0332,-0.2167,-0.1156,-0.0127,0.4416,0.05,1.75,-0.0824,-0.2312,0.0665,2.0439,1.7291,0
2017-05-23,1.84,2.1215,0.0342,-0.198,-0.1035,-0.0142,0.4398,0.07,1.77,-0.0693,-0.2147,0.0761,2.0689,1.7557,0
2017-05-24,1.79,2.1138,0.0322,-0.2177,-0.109,-0.0294,0.4506,0.06,1.73,-0.0768,-0.2182,0.0647,2.0376,1.7392,0
2017-05-25,1.78,2.1112,0.0308,-0.2078,-0.1212,-0.033,0.4613,0.08,1.7,-0.0904,-0.2395,0.0586,2.0524,1.7369,0
2017-05-26,1.79,2.111,0.0311,-0.1982,-0.1239,-0.03,0.4524,0.06,1.73,-0.0928,-0.2446,0.059,2.0646,1.7382,0
2017-05-30,1.76,2.1004,0.0299,-0.2048,-0.1417,-0.0239,0.4319,0.03,1.73,-0.1118,-0.2706,0.0471,2.0545,1.7185,0
2017-05-31,1.75,2.099,0.0291,-0.1906,-0.155,-0.0325,0.4321,0.03,1.72,-0.1259,-0.2953,0.0435,2.0778,1.7193,0
2017-06-01,1.76,2.1005,0.0303,-0.19,-0.1504,-0.0304,0.4239,0.03,1.73,-0.1201,-0.288,0.0479,2.0785,1.7212,0
2017-06-02,1.71,2.0841,0.0291,-0.1977,-0.1767,-0.0288,0.4123,-0.01,1.72,-0.1476,-0.3259,0.0307,2.0647,1.6928,0
2017-06-05,1.74,2.0913,0.0309,-0.1996,-0.1593,-0.0233,0.4247,0.02,1.72,-0.1284,-0.2982,0.0414,2.0615,1.7063,0
2017-06-06,1.71,2.0811,0.0284,-0.1984,-0.1805,-0.0206,0.4227,0.0,1.71,-0.1521,-0.3298,0.0256,2.0603,1.6936,0
2017-06-07,1.74,2.0892,0.0299,-0.1809,-0.1736,-0.0246,0.4448,0.05,1.69,-0.1437,-0.3229,0.0355,2.0875,1.7131,0
2017-06-08,1.75,2.0925,0.0299,-0.1724,-0.1716,-0.0284,0.4454,0.06,1.69,-0.1417,-0.3208,0.0374,2.0991,1.7247,0
2017-06-09,1.77,2.0969,0.0307,-0.1642,-0.1646,-0.0287,0.4515,0.09,1.68,-0.1339,-0.31,0.0421,2.1087,1.7401,0
2017-06-12,1.78,2.0987,0.0328,-0.1773,-0.1559,-0.0183,0.483,0.11,1.67,-0.1231,-0.2966,0.0504,2.0949,1.7344,0
2017-06-13,1.79,2.0979,0.0333,-0.1614,-0.1662,-0.0137,0.4796,0.12,1.67,-0.1329,-0.3152,0.0495,2.1189,1.7417,0
2017-06-14,1.74,2.083,0.0313,-0.1565,-0.1988,-0.019,0.5266,0.15,1.59,-0.1675,-0.3662,0.0312,2.1252,1.7191,0
2017-06-15,1.76,2.0857,0.0321,-0.1462,-0.194,-0.0176,0.5685,0.2,1.56,-0.1619,-0.3587,0.035,2.1363,1.729,0
2017-06-16,1.75,2.0819,0.0311,-0.1473,-0.1987,-0.017,0.5697,0.19,1.56,-0.1676,-0.3643,0.0292,2.1314,1.722,0
2017-06-19,1.8,2.0922,0.0352,-0.1253,-0.1879,-0.0142,0.5847,0.24,1.56,-0.1527,-0.3531,0.0477,2.1672,1.7448,0
2017-06-20,1.77,2.0831,0.0344,-0.1252,-0.2052,-0.0171,0.5913,0.23,1.54,-0.1708,-0.3789,0.0373,2.166,1.7329,0
2017-06-21,1.78,2.0836,0.0365,-0.1242,-0.2017,-0.0142,0.5902,0.24,1.54,-0.1652,-0.3738,0.0433,2.168,1.7312,0
2017-06-22,1.76,2.0793,0.0371,-0.1322,-0.2058,-0.0184,0.5513,0.19,1.57,-0.1687,-0.3793,0.042,2.1578,1.7179,0
2017-06-23,1.77,2.0798,0.0371,-0.1391,-0.2019,-0.0059,0.5391,0.18,1.59,-0.1648,-0.3724,0.0427,2.1483,1.7172,0
2017-06-26,1.77,2.078,0.037,-0.1369,-0.2067,-0.0013,0.5288,0.16,1.61,-0.1697,-0.3803,0.0408,2.1516,1.7145,0
2017-06-27,1.83,2.096,0.0384,-0.1295,-0.1753,0.0004,0.5481,0.21,1.62,-0.1369,-0.3327,0.059,2.1623,1.7518,0
2017-06-28,1.81,2.0986,0.0362,-0.1537,-0.1612,-0.0099,0.5167,0.16,1.65,-0.125,-0.3068,0.0568,2.1268,1.7479,0
2017-06-29,1.85,2.1139,0.0357,-0.1562,-0.1356,-0.0078,0.5569,0.23,1.62,-0.0999,-0.2683,0.0685,2.1261,1.7746,0
2017-06-30,1.89,2.1237,0.0372,-0.1434,-0.1223,-0.0052,0.5743,0.26,1.63,-0.0851,-0.251,0.0808,2.1462,1.7917,0
2017-07-03,1.93,2.1358,0.0412,-0.1335,-0.1024,-0.0111,0.5658,0.27,1.66,-0.0612,-0.2238,0.1014,2.1649,1.8123,0
2017-07-05,1.92,2.1307,0.0409,-0.1284,-0.1158,-0.0074,0.5506,0.27,1.65,-0.0749,-0.2451,0.0953,2.1725,1.8093,0
2017-07-06,1.94,2.1411,0.0416,-0.1433,-0.0879,-0.0115,0.5556,0.28,1.66,-0.0463,-0.1994,0.1068,2.1509,1.8219,0
2017-07-07,1.95,2.1481,0.0416,-0.1479,-0.0766,-0.0152,0.5979,0.32,1.63,-0.035,-0.1833,0.1133,2.1485,1.8306,0
2017-07-10,1.93,2.1432,0.04,-0.1589,-0.0813,-0.013,0.6124,0.33,1.6,-0.0413,-0.1885,0.1058,2.1314,1.8171,0
2017-07-11,1.92,2.1388,0.0381,-0.159,-0.0893,-0.0085,0.5878,0.31,1.61,-0.0512,-0.1995,0.097,2.128,1.8106,0
2017-07-12,1.88,2.127,0.0349,-0.1741,-0.1035,-0.0044,0.5636,0.25,1.63,-0.0686,-0.2166,0.0795,2.101,1.7864,0
2017-07-13,1.89,2.1328,0.0351,-0.1706,-0.0944,-0.0129,0.5502,0.25,1.64,-0.0593,-0.2032,0.0846,2.1061,1.7989,0
2017-07-14,1.87,2.1277,0.0339,-0.1856,-0.0982,-0.0078,0.547,0.25,1.62,-0.0643,-0.2068,0.0781,2.0846,1.7834,0
2017-07-17,1.86,2.1233,0.0344,-0.1889,-0.1052,-0.0036,0.5459,0.22,1.64,-0.0708,-0.2178,0.0762,2.0814,1.7715,0
2017-07-18,1.82,2.1126,0.0335,-0.1843,-0.1262,-0.0156,0.5336,0.2,1.62,-0.0927,-0.2495,0.0641,2.0851,1.7578,0
2017-07-19,1.83,2.113,0.0331,-0.1834,-0.1237,-0.0091,0.5216,0.18,1.65,-0.0906,-0.2441,0.0629,2.0831,1.7619,0
2017-07-20,1.82,2.1124,0.0323,-0.1852,-0.1258,-0.0136,0.5613,0.2,1.62,-0.0935,-0.2474,0.0603,2.081,1.7606,0
2017-07-21,1.81,2.1055,0.0321,-0.1829,-0.1396,-0.0051,0.5692,0.19,1.62,-0.1075,-0.2696,0.0545,2.0847,1.745,0
2017-07-24,1.83,2.1089,0.0332,-0.1727,-0.1363,-0.003,0.5562,0.21,1.62,-0.1031,-0.2654,0.0591,2.0984,1.7577,0
2017-07-25,1.9,2.1289,0.0358,-0.1595,-0.1021,-0.003,0.5462,0.23,1.67,-0.0663,-0.2145,0.0818,2.1175,1.8006,0
2017-07-26,1.83,2.1166,0.0312,-0.1926,-0.1143,-0.0109,0.525,0.17,1.66,-0.0831,-0.2269,0.0607,2.0678,1.7714,0
2017-07-27,1.84,2.1231,0.0308,-0.1955,-0.1011,-0.0173,0.5188,0.16,1.68,-0.0703,-0.2065,0.066,2.0638,1.7766,0
2017-07-28,1.83,2.1192,0.03,-0.193,-0.1104,-0.0158,0.5094,0.15,1.68,-0.0804,-0.2216,0.0608,2.0674,1.769,0
2017-07-31,1.84,2.1197,0.03,-0.1856,-0.1157,-0.0084,0.513,0.17,1.67,-0.0857,-0.2326,0.0612,2.081,1.7703,0
2017-08-01,1.8,2.1099,0.0277,-0.1842,-0.1345,-0.0189,0.5186,0.18,1.62,-0.1068,-0.2598,0.0461,2.0787,1.7594,0
2017-08-02,1.82,2.1111,0.0288,-0.1721,-0.1346,-0.0131,0.525,0.19,1.63,-0.1058,-0.2609,0.0493,2.0941,1.7651,0
2017-08-03,1.79,2.1023,0.0281,-0.1783,-0.1485,-0.0137,0.5232,0.17,1.62,-0.1204,-0.2816,0.0409,2.0853,1.7454,0
2017-08-04,1.82,2.1107,0.0298,-0.1764,-0.1316,-0.0125,0.5122,0.17,1.65,-0.1018,-0.2554,0.0519,2.088,1.7627,0
2017-08-07,1.81,2.1091,0.03,-0.1727,-0.1388,-0.0176,0.4977,0.16,1.65,-0.1088,-0.2684,0.0509,2.096,1.7604,0
2017-08-08,1.84,2.1151,0.0302,-0.1719,-0.1248,-0.0086,0.4748,0.15,1.69,-0.0946,-0.2453,0.056,2.0939,1.7756,0
2017-08-09,1.81,2.1047,0.0282,-0.1731,-0.1456,-0.0042,0.4619,0.11,1.7,-0.1174,-0.2771,0.0423,2.0913,1.7551,0
2017-08-10,1.78,2.0957,0.0276,-0.1726,-0.1625,-0.0082,0.4668,0.1,1.68,-0.1349,-0.3031,0.0332,2.0913,1.7389,0
2017-08-11,1.74,2.0898,0.0238,-0.1918,-0.1686,-0.0132,0.4863,0.1,1.64,-0.1448,-0.3091,0.0194,2.0622,1.7229,0
2017-08-14,1.77,2.1003,0.0259,-0.1862,-0.1506,-0.0194,0.5316,0.18,1.59,-0.1247,-0.2832,0.0338,2.0726,1.739,0
2017-08-15,1.83,2.1121,0.0281,-0.173,-0.1306,-0.0066,0.5439,0.2,1.63,-0.1025,-0.2533,0.0483,2.0899,1.7685,0
2017-08-16,1.79,2.1015,0.0278,-0.1846,-0.1464,-0.0083,0.5297,0.17,1.62,-0.1186,-0.2764,0.0393,2.0748,1.7438,0
2017-08-17,1.76,2.0917,0.0275,-0.1828,-0.1678,-0.0086,0.5253,0.15,1.61,-0.1403,-0.3116,0.0309,2.0801,1.7219,0
2017-08-18,1.77,2.0925,0.0275,-0.1806,-0.1635,-0.0059,0.5291,0.16,1.61,-0.136,-0.3027,0.0308,2.0787,1.7288,0
2017-08-21,1.76,2.09,0.0278,-0.1767,-0.1735,-0.0075,0.5371,0.17,1.59,-0.1457,-0.3216,0.0301,2.0891,1.7205,0
2017-08-22,1.8,2.0983,0.0294,-0.1724,-0.1559,0.0006,0.5371,0.19,1.61,-0.1265,-0.2934,0.0404,2.0928,1.7403,0
2017-08-23,1.76,2.0866,0.0286,-0.1783,-0.1776,0.0007,0.5231,0.18,1.58,-0.149,-0.3266,0.0287,2.0859,1.7171,0
2017-08-24,1.78,2.0929,0.0304,-0.1712,-0.1676,-0.0045,0.5371,0.18,1.6,-0.1372,-0.3132,0.0387,2.0977,1.7287,0
2017-08-25,1.77,2.0875,0.0309,-0.1657,-0.1808,-0.0019,0.5341,0.2,1.57,-0.1499,-0.3347,0.035,2.1066,1.7217,0
2017-08-28,1.74,2.0832,0.0291,-0.1761,-0.1848,-0.0114,0.5217,0.18,1.56,-0.1557,-0.3379,0.0265,2.0893,1.7151,0
2017-08-29,1.7,2.0748,0.0261,-0.1754,-0.2023,-0.0233,0.5172,0.16,1.54,-0.1762,-0.3636,0.0113,2.0869,1.7026,0
2017-08-30,1.72,2.0784,0.0278,-0.1678,-0.1966,-0.0218,0.52,0.15,1.57,-0.1688,-0.357,0.0193,2.0988,1.7061,0
2017-08-31,1.7,2.0711,0.0292,-0.1683,-0.2118,-0.0202,0.4934,0.12,1.58,-0.1826,-0.3825,0.0174,2.1027,1.6879,0
2017-09-01,1.73,2.0818,0.0311,-0.1707,-0.1889,-0.0233,0.4855,0.1,1.63,-0.1578,-0.3463,0.0306,2.0996,1.7105,0
2017-09-05,1.65,2.058,0.0241,-0.1776,-0.2337,-0.0208,0.4541,0.07,1.58,-0.2096,-0.4109,-0.0082,2.0818,1.6747,0
2017-09-06,1.69,2.0655,0.0222,-0.1632,-0.2208,-0.0137,0.4485,0.09,1.6,-0.1986,-0.3892,-0.0081,2.0928,1.6987,0
2017-09-07,1.63,2.0501,0.0188,-0.1692,-0.2495,-0.0202,0.4262,0.02,1.61,-0.2307,-0.4319,-0.0294,2.0821,1.6677,0
2017-09-08,1.64,2.0522,0.0191,-0.1697,-0.2429,-0.0187,0.4133,0.01,1.63,-0.2238,-0.4214,-0.0263,2.08,1.6687,0
2017-09-11,1.71,2.0734,0.023,-0.1565,-0.2089,-0.021,0.4169,0.08,1.63,-0.1859,-0.3726,0.0008,2.1036,1.7113,0
2017-09-12,1.75,2.0833,0.0255,-0.1518,-0.1933,-0.0137,0.4201,0.08,1.67,-0.1678,-0.3512,0.0156,2.115,1.7286,0
2017-09-13,1.78,2.0906,0.0277,-0.1529,-0.1783,-0.0071,0.427,0.1,1.68,-0.1506,-0.3285,0.0273,2.1156,1.7416,0
2017-09-14,1.79,2.0909,0.0295,-0.1325,-0.1874,-0.0105,0.4128,0.09,1.7,-0.1579,-0.3469,0.0312,2.1475,1.7482,0
2017-09-15,1.81,2.0941,0.0322,-0.1211,-0.186,-0.0092,0.4094,0.09,1.72,-0.1538,-0.3477,0.0402,2.1669,1.7581,0
2017-09-18,1.83,2.101,0.0334,-0.1196,-0.1749,-0.0098,0.396,0.09,1.74,-0.1415,-0.332,0.0489,2.1718,1.7724,0
2017-09-19,1.84,2.1042,0.0336,-0.1187,-0.1701,-0.009,0.405,0.1,1.74,-0.1365,-0.3248,0.0518,2.1738,1.7799,0
2017-09-20,1.89,2.1161,0.0376,-0.0995,-0.155,-0.0092,0.4406,0.18,1.71,-0.1174,-0.3056,0.0709,2.2049,1.808,0
2017-09-21,1.89,2.1137,0.0391,-0.0954,-0.1606,-0.0069,0.4536,0.19,1.7,-0.1215,-0.3157,0.0728,2.2126,1.8035,0
2017-09-22,1.88,2.1097,0.0393,-0.0994,-0.1647,-0.0049,0.4284,0.17,1.71,-0.1254,-0.3208,0.0699,2.2057,1.7974,0
2017-09-25,1.85,2.098,0.0376,-0.1004,-0.1863,0.0011,0.4108,0.13,1.72,-0.1487,-0.3526,0.0552,2.2015,1.7781,0
2017-09-26,1.87,2.1037,0.0389,-0.0944,-0.1769,-0.0013,0.421,0.15,1.72,-0.138,-0.3392,0.0632,2.2105,1.7892,0
2017-09-27,1.91,2.1201,0.0402,-0.1028,-0.1439,-0.0037,0.4186,0.17,1.74,-0.1037,-0.288,0.0807,2.2017,1.8171,0
2017-09-28,1.89,2.1209,0.0389,-0.1225,-0.1377,-0.0096,0.4203,0.16,1.73,-0.0988,-0.2773,0.0796,2.1769,1.8082,0
2017-09-29,1.92,2.1283,0.0405,-0.102,-0.1329,-0.0138,0.4532,0.24,1.68,-0.0924,-0.274,0.0891,2.2078,1.8275,0
2017-10-02,1.94,2.1306,0.0412,-0.0932,-0.1311,-0.0075,0.4713,0.21,1.73,-0.0899,-0.2716,0.0917,2.219,1.8387,0
2017-10-03,1.92,2.1263,0.0403,-0.0987,-0.1375,-0.0103,0.462,0.24,1.68,-0.0972,-0.2805,0.0861,2.2109,1.829,0
2017-10-04,1.92,2.1262,0.0401,-0.0976,-0.1386,-0.0101,0.4483,0.19,1.73,-0.0985,-0.2826,0.0856,2.2127,1.8287,0
2017-10-05,1.94,2.1318,0.0418,-0.0922,-0.1294,-0.012,0.4424,0.2,1.74,-0.0876,-0.2695,0.0944,2.2216,1.8396,0
2017-10-06,1.97,2.1379,0.0435,-0.0796,-0.1266,-0.0052,0.4473,0.19,1.78,-0.0831,-0.2697,0.1035,2.2449,1.8543,0
2017-10-10,1.95,2.1304,0.0402,-0.078,-0.1392,-0.0034,0.4191,0.2,1.75,-0.099,-0.2847,0.0867,2.2381,1.854,0
2017-10-11,1.95,2.1295,0.0405,-0.0734,-0.1428,-0.0038,0.4155,0.2,1.75,-0.1023,-0.2916,0.087,2.2454,1.8511,0
2017-10-12,1.95,2.1254,0.0401,-0.064,-0.1532,0.0017,0.4029,0.16,1.79,-0.1131,-0.3077,0.0815,2.256,1.851,0
2017-10-13,1.91,2.1144,0.0392,-0.0636,-0.177,-0.003,0.4285,0.2,1.71,-0.1378,-0.3459,0.0702,2.2589,1.8291,0
2017-10-16,1.95,2.1207,0.0444,-0.0395,-0.172,-0.0036,0.4546,0.29,1.66,-0.1276,-0.3432,0.088,2.2968,1.8445,0
2017-10-17,1.97,2.1206,0.0467,-0.0311,-0.1736,0.0074,0.4598,0.28,1.69,-0.1269,-0.3468,0.093,2.3094,1.85,0
2017-10-18,1.99,2.1304,0.0498,-0.0361,-0.152,-0.0021,0.4678,0.3,1.69,-0.1022,-0.3139,0.1095,2.306,1.8652,0
2017-10-19,1.98,2.127,0.0493,-0.0355,-0.1598,-0.001,0.4685,0.32,1.66,-0.1105,-0.3259,0.105,2.3069,1.8613,0
2017-10-20,2.03,2.1413,0.0511,-0.0328,-0.1322,0.0025,0.4562,0.27,1.76,-0.0811,-0.2837,0.1216,2.3112,1.888,0
2017-10-23,2.01,2.1385,0.0498,-0.0463,-0.1338,0.0018,0.455,0.32,1.69,-0.084,-0.2847,0.1166,2.2928,1.8777,0
2017-10-24,2.05,2.1496,0.0499,-0.0394,-0.116,0.0059,0.4637,0.32,1.73,-0.0661,-0.2577,0.1255,2.3018,1.903,0
2017-10-25,2.06,2.1552,0.0497,-0.0471,-0.1021,0.0043,0.4667,0.32,1.74,-0.0524,-0.2347,0.1299,2.2904,1.9113,0
2017-10-26,2.07,2.1605,0.0505,-0.038,-0.0973,-0.0057,0.4621,0.31,1.76,-0.0468,-0.2296,0.136,2.3053,1.9235,0
2017-10-27,2.03,2.1507,0.0487,-0.0412,-0.1164,-0.0118,0.4415,0.27,1.76,-0.0677,-0.2592,0.1237,2.3009,1.9038,0
2017-10-30,2.0,2.1384,0.0483,-0.0474,-0.1388,-0.0006,0.4365,0.23,1.77,-0.0905,-0.2942,0.1133,2.2948,1.8735,0
2017-10-31,2.01,2.1395,0.0481,-0.0283,-0.1431,-0.0062,0.4269,0.22,1.79,-0.095,-0.3016,0.1116,2.3178,1.89,0
2017-11-01,2.01,2.1373,0.048,-0.0133,-0.1523,-0.0097,0.4194,0.3,1.71,-0.1043,-0.3167,0.108,2.3363,1.8969,0
2017-11-02,2.0,2.1321,0.0478,-0.0125,-0.1624,-0.005,0.416,0.21,1.79,-0.1146,-0.3324,0.1032,2.3374,1.8877,0
2017-11-03,1.99,2.1283,0.048,-0.0018,-0.1752,-0.0093,0.4234,0.25,1.74,-0.1272,-0.3538,0.0994,2.3531,1.8862,0
2017-11-06,1.99,2.1228,0.0478,0.0034,-0.1872,0.0031,0.4072,0.22,1.77,-0.1394,-0.3727,0.0939,2.3595,1.8794,0
2017-11-07,1.99,2.1204,0.0472,0.0175,-0.1974,0.0024,0.3933,0.19,1.8,-0.1502,-0.3893,0.0888,2.3769,1.8859,0
2017-11-08,2.01,2.1251,0.0481,0.0242,-0.1896,0.0022,0.3909,0.24,1.77,-0.1415,-0.3773,0.0943,2.3851,1.8992,0
2017-11-09,2.01,2.1271,0.0459,0.0098,-0.1805,0.0077,0.3932,0.21,1.8,-0.1346,-0.3599,0.0908,2.3622,1.9016,0
2017-11-10,2.06,2.1467,0.0474,0.011,-0.1451,-0.0,0.4158,0.28,1.78,-0.0977,-0.3067,0.1113,2.3667,1.9351,0
2017-11-13,2.08,2.1486,0.0492,0.0321,-0.1521,0.0022,0.4158,0.29,1.79,-0.1029,-0.3223,0.1165,2.4001,1.9448,0
2017-11-14,2.06,2.1433,0.0482,0.0381,-0.165,-0.0046,0.4207,0.27,1.79,-0.1168,-0.3422,0.1086,2.4068,1.9427,0
2017-11-15,2.04,2.1301,0.048,0.0503,-0.1948,0.0064,0.4141,0.26,1.78,-0.1468,-0.3899,0.0963,2.4235,1.9229,0
2017-11-16,2.07,2.139,0.0491,0.0602,-0.1815,0.0032,0.4186,0.28,1.79,-0.1324,-0.3702,0.1054,2.437,1.9476,0
2017-11-17,2.06,2.1345,0.0493,0.0678,-0.1948,0.0031,0.4185,0.31,1.75,-0.1455,-0.3924,0.1014,2.4492,1.9431,0
2017-11-20,2.09,2.141,0.0503,0.09,-0.1899,-0.0014,0.4257,0.35,1.74,-0.1396,-0.3868,0.1077,2.4782,1.9683,0
2017-11-21,2.11,2.1406,0.0533,0.1077,-0.1971,0.0055,0.4357,0.36,1.75,-0.1438,-0.4018,0.1142,2.5063,1.972,0
2017-11-22,2.05,2.129,0.0502,0.083,-0.2087,-0.0036,0.4166,0.3,1.75,-0.1585,-0.4138,0.0968,2.4673,1.9487,0
2017-11-24,2.07,2.1337,0.0504,0.0884,-0.2035,0.0009,0.426,0.36,1.71,-0.1531,-0.4075,0.1014,2.4766,1.9566,0
2017-11-27,2.06,2.13,0.0508,0.0819,-0.2099,0.0071,0.4332,0.37,1.69,-0.1591,-0.4185,0.1004,2.4714,1.9425,0
2017-11-28,2.07,2.1326,0.0502,0.0903,-0.2073,0.0042,0.4358,0.38,1.69,-0.1571,-0.4139,0.0997,2.4797,1.9568,0
2017-11-29,2.09,2.1426,0.0514,0.0856,-0.1863,-0.0033,0.4468,0.4,1.69,-0.1349,-0.3817,0.1118,2.475,1.9711,0
2017-11-30,2.14,2.155,0.0557,0.0996,-0.1682,-0.0021,0.4501,0.41,1.73,-0.1125,-0.3582,0.1333,2.5004,1.9921,0
2017-12-01,2.13,2.1425,0.057,0.1228,-0.2013,0.0089,0.428,0.41,1.72,-0.1443,-0.4131,0.1246,2.5342,1.9791,0
2017-12-04,2.15,2.1446,0.0605,0.1403,-0.2029,0.0075,0.4105,0.39,1.76,-0.1424,-0.4192,0.1344,2.5617,1.9897,0
2017-12-05,2.15,2.1407,0.0616,0.162,-0.2213,0.007,0.4105,0.46,1.69,-0.1597,-0.4512,0.1319,2.5942,1.9959,0
2017-12-06,2.11,2.1308,0.0597,0.1517,-0.2331,0.0009,0.4055,0.37,1.74,-0.1734,-0.4652,0.1185,2.5744,1.9797,0
2017-12-07,2.14,2.1411,0.0605,0.1402,-0.2071,0.0053,0.4083,0.4,1.74,-0.1466,-0.4233,0.13,2.5579,1.9923,0
2017-12-08,2.14,2.144,0.061,0.1332,-0.2017,0.0035,0.4062,0.43,1.71,-0.1407,-0.4164,0.1349,2.5528,1.9897,0
2017-12-11,2.16,2.1465,0.0623,0.1499,-0.2044,0.0058,0.4043,0.4,1.76,-0.1421,-0.4234,0.1392,2.5777,2.0015,0
2017-12-12,2.18,2.1496,0.062,0.1531,-0.1996,0.0149,0.3868,0.4,1.78,-0.1376,-0.4157,0.1404,2.5808,2.0127,0
2017-12-13,2.12,2.1376,0.0579,0.1272,-0.2143,0.0115,0.4,0.38,1.74,-0.1564,-0.4339,0.1211,2.5423,1.9818,0
2017-12-14,2.14,2.1368,0.0594,0.1571,-0.2266,0.0134,0.3966,0.38,1.76,-0.1672,-0.4575,0.1231,2.5842,1.9884,0
2017-12-15,2.16,2.1373,0.0627,0.1792,-0.2348,0.0155,0.3992,0.39,1.77,-0.1721,-0.4749,0.1308,2.6194,1.9962,0
2017-12-18,2.17,2.1454,0.0615,0.1601,-0.2096,0.0126,0.3985,0.46,1.71,-0.1481,-0.4302,0.1341,2.5876,2.0137,0
2017-12-19,2.23,2.1647,0.063,0.1547,-0.1713,0.0189,0.4079,0.49,1.74,-0.1083,-0.3715,0.1549,2.5826,2.044,0
2017-12-20,2.24,2.1747,0.063,0.1468,-0.1526,0.008,0.4147,0.5,1.74,-0.0896,-0.3433,0.1642,2.5753,2.0572,0
2017-12-21,2.26,2.1724,0.0628,0.1667,-0.1643,0.0224,0.3895,0.42,1.84,-0.1015,-0.3633,0.1603,2.6009,2.0633,0
2017-12-22,2.26,2.1725,0.0638,0.1769,-0.17,0.0168,0.3841,0.44,1.82,-0.1062,-0.3747,0.1623,2.6179,2.0672,0
2017-12-26,2.25,2.1684,0.0654,0.1855,-0.1819,0.0126,0.379,0.49,1.76,-0.1165,-0.396,0.163,2.6334,2.0597,0
2017-12-27,2.22,2.1537,0.0641,0.1901,-0.2097,0.0218,0.3534,0.4,1.82,-0.1456,-0.4376,0.1464,2.6358,2.0391,0
2017-12-28,2.23,2.1571,0.0642,0.1932,-0.205,0.0205,0.3412,0.37,1.86,-0.1408,-0.4308,0.1492,2.6403,2.048,0
2017-12-29,2.2,2.1506,0.0632,0.1898,-0.2166,0.0129,0.3123,0.34,1.86,-0.1534,-0.4481,0.1413,2.6351,2.0341,0
2018-01-02,2.25,2.1634,0.0612,0.1999,-0.196,0.0215,0.3011,0.35,1.9,-0.1348,-0.414,0.1445,2.6425,2.0744,0
2018-01-03,2.25,2.161,0.0615,0.2091,-0.2047,0.0231,0.3043,0.38,1.87,-0.1432,-0.4297,0.1433,2.6566,2.0698,0
2018-01-04,2.27,2.1635,0.0641,0.2301,-0.2072,0.0195,0.29,0.35,1.92,-0.1431,-0.4372,0.151,2.6877,2.0816,0
2018-01-05,2.29,2.1683,0.0669,0.2284,-0.1971,0.0235,0.2775,0.34,1.95,-0.1302,-0.4231,0.1628,2.6896,2.0864,0
2018-01-08,2.29,2.1714,0.0667,0.2275,-0.1926,0.017,0.2891,0.38,1.91,-0.1259,-0.4163,0.1644,2.6893,2.0952,0
2018-01-09,2.33,2.1869,0.0676,0.2132,-0.1556,0.0179,0.2966,0.38,1.95,-0.088,-0.3564,0.1805,2.6686,2.1183,0
2018-01-10,2.32,2.1877,0.0671,0.2053,-0.1533,0.0131,0.2927,0.38,1.94,-0.0862,-0.353,0.1807,2.6599,2.1143,0
2018-01-11,2.32,2.1867,0.0678,0.2104,-0.1598,0.0149,0.3159,0.43,1.89,-0.092,-0.3658,0.1818,2.6709,2.1105,0
2018-01-12,2.35,2.1898,0.0702,0.2314,-0.1613,0.0199,0.3107,0.43,1.92,-0.0911,-0.372,0.1898,2.7021,2.1226,0
2018-01-16,2.36,2.1872,0.0703,0.2529,-0.1727,0.0224,0.2907,0.42,1.94,-0.1024,-0.3901,0.1852,2.7277,2.136,0
2018-01-17,2.39,2.1943,0.0734,0.2682,-0.1631,0.0172,0.2902,0.49,1.9,-0.0897,-0.3775,0.1982,2.7504,2.1541,0
2018-01-18,2.43,2.2069,0.0751,0.2571,-0.134,0.025,0.2773,0.44,1.99,-0.0589,-0.3316,0.2137,2.7366,2.1738,0
2018-01-19,2.45,2.2132,0.0784,0.2648,-0.127,0.0207,0.2791,0.45,2.0,-0.0486,-0.3252,0.2279,2.7545,2.1811,0
2018-01-22,2.46,2.2177,0.0782,0.2689,-0.1197,0.0149,0.2846,0.46,2.0,-0.0415,-0.3129,0.23,2.758,2.1979,0
2018-01-23,2.43,2.208,0.0764,0.2588,-0.1355,0.0223,0.281,0.51,1.92,-0.0591,-0.336,0.2178,2.7437,2.176,0
2018-01-24,2.43,2.2136,0.0776,0.2617,-0.1254,0.0025,0.275,0.47,1.96,-0.0478,-0.3212,0.2256,2.7487,2.1858,0
2018-01-25,2.41,2.2073,0.0775,0.2734,-0.1439,-0.0043,0.2718,0.5,1.91,-0.0664,-0.3519,0.2191,2.7662,2.1802,0
2018-01-26,2.47,2.2174,0.0828,0.2979,-0.1332,0.0052,0.2576,0.54,1.93,-0.0504,-0.3416,0.2407,2.8064,2.2019,0
2018-01-29,2.49,2.2268,0.0835,0.2933,-0.1142,0.0006,0.2724,0.57,1.92,-0.0307,-0.311,0.2496,2.8004,2.2239,0
2018-01-30,2.51,2.2345,0.0836,0.2837,-0.0955,0.0037,0.2868,0.54,1.97,-0.0119,-0.2806,0.2568,2.7869,2.2349,0
2018-01-31,2.52,2.2338,0.086,0.3088,-0.1073,-0.0013,0.2654,0.54,1.98,-0.0213,-0.3042,0.2615,2.8254,2.2393,0
2018-02-01,2.56,2.251,0.09,0.2994,-0.0699,-0.0105,0.2808,0.63,1.93,0.0201,-0.2472,0.2873,2.8177,2.2629,0
2018-02-02,2.58,2.2655,0.0902,0.2713,-0.0317,-0.0153,0.2827,0.65,1.93,0.0585,-0.1845,0.3014,2.7798,2.2795,0
2018-02-05,2.5,2.2477,0.081,0.2418,-0.0583,-0.0123,0.2885,0.55,1.95,0.0227,-0.2177,0.2632,2.73,2.2465,0
2018-02-06,2.52,2.2516,0.0799,0.2651,-0.0594,-0.0172,0.2974,0.64,1.88,0.0205,-0.2216,0.2626,2.7588,2.2614,0
2018-02-07,2.57,2.2676,0.0801,0.27,-0.0328,-0.0149,0.3048,0.67,1.9,0.0473,-0.1813,0.2759,2.7662,2.296,0
2018-02-08,2.57,2.2714,0.0779,0.2533,-0.0225,-0.01,0.3343,0.68,1.89,0.0554,-0.1634,0.2741,2.7434,2.2981,0
2018-02-09,2.52,2.2653,0.0705,0.2117,-0.0188,-0.0087,0.3646,0.69,1.83,0.0517,-0.1485,0.2519,2.6772,2.2756,0
2018-02-12,2.56,2.2729,0.0678,0.2605,-0.0236,-0.0176,0.3619,0.72,1.84,0.0442,-0.1597,0.2481,2.7373,2.3142,0
2018-02-13,2.54,2.2653,0.0672,0.2669,-0.0423,-0.0171,0.3621,0.66,1.88,0.0249,-0.19,0.2397,2.7471,2.3019,0
2018-02-14,2.65,2.2893,0.0754,0.3067,-0.0093,-0.012,0.3391,0.74,1.91,0.0661,-0.1474,0.2795,2.8094,2.3547,0
2018-02-15,2.65,2.2858,0.0774,0.3149,-0.0213,-0.0068,0.3137,0.65,2.0,0.0561,-0.1684,0.2806,2.8252,2.3547,0
2018-02-16,2.63,2.2795,0.0767,0.317,-0.0351,-0.0081,0.3093,0.63,2.0,0.0416,-0.1897,0.2729,2.8279,2.3482,0
2018-02-20,2.65,2.2809,0.0763,0.3329,-0.0385,-0.0016,0.2979,0.61,2.04,0.0378,-0.1955,0.2711,2.8471,2.3641,0
2018-02-21,2.69,2.2949,0.0789,0.3275,-0.0092,-0.0021,0.3081,0.63,2.06,0.0697,-0.1509,0.2903,2.843,2.3834,0
2018-02-22,2.66,2.29,0.0781,0.318,-0.0172,-0.0089,0.3053,0.6,2.06,0.0609,-0.1631,0.2848,2.8319,2.3702,0
2018-02-23,2.62,2.2775,0.076,0.3234,-0.0437,-0.0132,0.2771,0.58,2.04,0.0323,-0.2037,0.2682,2.8369,2.3523,0
2018-02-26,2.6,2.2716,0.0726,0.3155,-0.0483,-0.0114,0.2439,0.53,2.07,0.0243,-0.2056,0.2541,2.817,2.346,0
2018-02-27,2.67,2.2852,0.0765,0.3436,-0.0339,-0.0014,0.2656,0.58,2.09,0.0426,-0.1897,0.2749,2.8611,2.3744,0
2018-02-28,2.65,2.2777,0.0771,0.3476,-0.0518,-0.0005,0.2763,0.61,2.04,0.0253,-0.2196,0.2701,2.8701,2.3613,0
2018-03-01,2.58,2.2605,0.0744,0.3301,-0.078,-0.007,0.2589,0.55,2.03,-0.0036,-0.2566,0.2494,2.8436,2.3251,0
2018-03-02,2.63,2.2739,0.0768,0.3369,-0.0525,-0.005,0.2504,0.6,2.03,0.0243,-0.2179,0.2664,2.8529,2.3512,0
2018-03-05,2.65,2.2792,0.0765,0.3322,-0.041,0.0032,0.2454,0.6,2.05,0.0355,-0.1992,0.2701,2.846,2.3608,0
2018-03-06,2.65,2.2791,0.0762,0.3419,-0.0469,-0.0003,0.25,0.55,2.1,0.0293,-0.2103,0.2688,2.8606,2.3639,0
2018-03-07,2.65,2.28,0.0764,0.343,-0.0454,-0.004,0.2495,0.55,2.1,0.031,-0.208,0.2701,2.862,2.3665,0
2018-03-08,2.63,2.2733,0.0752,0.3473,-0.061,-0.0048,0.2529,0.55,2.08,0.0142,-0.2323,0.2607,2.8671,2.3585,0
2018-03-09,2.65,2.2811,0.0767,0.3513,-0.0472,-0.0119,0.2724,0.69,1.96,0.0295,-0.2122,0.2711,2.8741,2.373,0
2018-03-12,2.64,2.2738,0.0754,0.3568,-0.0652,-0.0008,0.2761,0.62,2.02,0.0102,-0.2406,0.261,2.8814,2.3641,0
2018-03-13,2.62,2.2662,0.0736,0.3591,-0.0791,0.0001,0.2751,0.57,2.05,-0.0055,-0.2603,0.2494,2.8802,2.3547,0
2018-03-14,2.61,2.2589,0.0715,0.3726,-0.097,0.004,0.2679,0.57,2.04,-0.0255,-0.2873,0.2362,2.8933,2.3526,0
2018-03-15,2.62,2.2595,0.072,0.3882,-0.1016,0.0019,0.2668,0.55,2.07,-0.0296,-0.2963,0.2371,2.9144,2.3608,0
2018-03-16,2.65,2.2669,0.0735,0.3959,-0.0906,0.0043,0.2846,0.6,2.05,-0.0171,-0.2807,0.2465,2.9265,2.378,0
2018-03-19,2.65,2.2671,0.0719,0.4018,-0.0932,0.0024,0.2853,0.61,2.04,-0.0213,-0.2837,0.2411,2.9313,2.3887,0
2018-03-20,2.69,2.2767,0.0753,0.4138,-0.0792,0.0033,0.2976,0.64,2.05,-0.0039,-0.2659,0.2581,2.9525,2.4046,0
2018-03-21,2.69,2.2781,0.0759,0.396,-0.0687,0.0087,0.2899,0.73,1.96,0.0072,-0.2477,0.2621,2.929,2.3979,0
2018-03-22,2.63,2.2609,0.0743,0.3972,-0.1031,0.0007,0.2746,0.6,2.03,-0.0288,-0.3011,0.2435,2.9304,2.3668,0
2018-03-23,2.61,2.258,0.0734,0.3765,-0.1006,0.0027,0.2866,0.6,2.01,-0.0272,-0.2948,0.2403,2.902,2.3513,0
2018-03-26,2.64,2.266,0.0746,0.3991,-0.0937,-0.006,0.2907,0.63,2.01,-0.0191,-0.2866,0.2484,2.9327,2.3771,0
2018-03-27,2.58,2.2462,0.0708,0.3828,-0.1259,0.0061,0.2729,0.64,1.94,-0.0551,-0.3327,0.2226,2.9066,2.3376,0
2018-03-28,2.59,2.2468,0.0711,0.4025,-0.1331,0.0027,0.2848,0.68,1.91,-0.062,-0.3468,0.2228,2.9341,2.3464,0
2018-03-29,2.56,2.2372,0.0717,0.4042,-0.1519,-0.0012,0.2784,0.64,1.92,-0.0802,-0.377,0.2167,2.9382,2.3259,0
2018-04-02,2.55,2.2351,0.0704,0.3877,-0.1478,0.0045,0.2813,0.56,1.99,-0.0774,-0.3668,0.212,2.9122,2.3189,0
2018-04-03,2.6,2.2486,0.0745,0.4056,-0.1277,-0.001,0.2684,0.61,1.99,-0.0532,-0.3399,0.2335,2.9408,2.3457,0
2018-04-04,2.61,2.2515,0.0775,0.4054,-0.1235,-0.0009,0.2654,0.57,2.04,-0.046,-0.336,0.244,2.9469,2.3469,0
2018-04-05,2.64,2.2607,0.079,0.4032,-0.1051,0.0022,0.2785,0.71,1.93,-0.0261,-0.3075,0.2552,2.9453,2.3666,0
2018-04-06,2.58,2.2444,0.0768,0.3972,-0.1346,-0.0038,0.2658,0.57,2.01,-0.0578,-0.3519,0.2363,2.9357,2.3337,0
2018-04-09,2.6,2.2469,0.0767,0.4115,-0.1333,-0.0018,0.267,0.58,2.02,-0.0566,-0.3501,0.237,2.9519,2.3474,0
2018-04-10,2.62,2.2514,0.079,0.4236,-0.1296,-0.0045,0.267,0.62,2.0,-0.0506,-0.3471,0.2459,2.9715,2.3595,0
2018-04-11,2.62,2.246,0.0787,0.4321,-0.1422,0.0054,0.2319,0.56,2.06,-0.0635,-0.3664,0.2394,2.9811,2.3578,0
2018-04-12,2.67,2.2608,0.0832,0.4434,-0.1175,0.0001,0.2331,0.62,2.05,-0.0343,-0.3319,0.2633,3.0018,2.3847,0
2018-04-13,2.67,2.2586,0.0836,0.4562,-0.1289,0.0005,0.2155,0.66,2.01,-0.0453,-0.3517,0.2611,3.0212,2.3911,0
2018-04-16,2.69,2.2608,0.0839,0.4667,-0.1302,0.0088,0.2267,0.61,2.08,-0.0463,-0.3551,0.2625,3.0362,2.4026,0
2018-04-17,2.68,2.256,0.0828,0.4822,-0.1457,0.0046,0.21,0.67,2.01,-0.0629,-0.3797,0.254,3.0551,2.4057,0
2018-04-18,2.73,2.2708,0.0862,0.4769,-0.1116,0.0076,0.203,0.69,2.04,-0.0254,-0.3259,0.2752,3.0483,2.4312,0
2018-04-19,2.77,2.2842,0.0883,0.4819,-0.0929,0.0085,0.2105,0.65,2.12,-0.0046,-0.3016,0.2924,3.0631,2.4519,0
2018-04-20,2.8,2.296,0.0907,0.4871,-0.0755,0.0018,0.2314,0.7,2.1,0.0152,-0.2785,0.3088,3.0767,2.4715,0
2018-04-23,2.83,2.3018,0.0921,0.5041,-0.071,0.003,0.2314,0.72,2.11,0.0211,-0.2736,0.3158,3.1006,2.4913,0
2018-04-24,2.83,2.3056,0.0901,0.4885,-0.0589,0.0047,0.261,0.73,2.1,0.0312,-0.2518,0.3142,3.0771,2.4966,0
2018-04-25,2.84,2.3137,0.0906,0.4763,-0.0384,-0.0022,0.2769,0.75,2.09,0.0522,-0.2192,0.3236,3.0614,2.5025,0
2018-04-26,2.82,2.3059,0.0908,0.4816,-0.0568,-0.0015,0.2618,0.72,2.1,0.034,-0.2494,0.3175,3.071,2.4879,0
2018-04-27,2.8,2.2962,0.0907,0.4899,-0.0779,0.001,0.2542,0.71,2.09,0.0128,-0.2829,0.3086,3.0819,2.4742,0
2018-04-30,2.79,2.2921,0.0905,0.4998,-0.0885,-0.0039,0.2374,0.69,2.1,0.002,-0.2993,0.3033,3.0932,2.4758,0
2018-05-01,2.82,2.298,0.0916,0.4997,-0.0751,0.0059,0.2627,0.73,2.09,0.0165,-0.2776,0.3105,3.0917,2.4904,0
2018-05-02,2.8,2.2965,0.0917,0.4918,-0.0753,-0.0048,0.2473,0.71,2.09,0.0164,-0.2773,0.3102,3.0821,2.4821,0
2018-05-03,2.78,2.2906,0.0908,0.4839,-0.0847,-0.0006,0.2473,0.69,2.09,0.0061,-0.2913,0.3035,3.072,2.468,0
2018-05-04,2.78,2.2941,0.0896,0.4604,-0.0641,0.0,0.2413,0.69,2.09,0.0255,-0.2527,0.3036,3.0327,2.4736,0
2018-05-07,2.78,2.2955,0.0877,0.4592,-0.06,-0.0024,0.2334,0.67,2.11,0.0277,-0.2441,0.2995,3.0265,2.4794,0
2018-05-08,2.81,2.302,0.0886,0.4669,-0.0504,0.0029,0.2484,0.71,2.1,0.0382,-0.2307,0.3072,3.0378,2.4918,0
2018-05-09,2.84,2.3097,0.0908,0.4718,-0.0371,0.0048,0.2389,0.71,2.13,0.0537,-0.2116,0.319,3.0467,2.5062,0
2018-05-10,2.83,2.3041,0.0915,0.4829,-0.0536,0.0051,0.2316,0.71,2.12,0.0379,-0.2398,0.3156,3.0646,2.4999,0
2018-05-11,2.84,2.3036,0.0922,0.4962,-0.0622,0.0103,0.2413,0.71,2.13,0.03,-0.2564,0.3163,3.0861,2.504,0
2018-05-14,2.85,2.3089,0.0916,0.5008,-0.0529,0.0016,0.2472,0.73,2.12,0.0387,-0.2408,0.3183,3.0893,2.5205,0
2018-05-15,2.92,2.3299,0.0957,0.5132,-0.0186,-0.0002,0.2532,0.77,2.15,0.0771,-0.1921,0.3463,3.1123,2.5582,0
2018-05-16,2.94,2.3347,0.0977,0.5249,-0.018,0.0007,0.2558,0.78,2.16,0.0797,-0.1959,0.3554,3.1353,2.5669,0
2018-05-17,2.94,2.3389,0.0965,0.5139,-0.0075,-0.0019,0.2716,0.78,2.16,0.089,-0.1782,0.3563,3.1201,2.5725,0
2018-05-18,2.9,2.3264,0.093,0.4975,-0.0251,0.0082,0.2736,0.76,2.14,0.0679,-0.2016,0.3374,3.0934,2.5461,0
2018-05-21,2.9,2.325,0.0902,0.5041,-0.0271,0.0077,0.2586,0.75,2.15,0.0631,-0.201,0.3272,3.0932,2.5567,0
2018-05-22,2.9,2.326,0.0894,0.5062,-0.0281,0.0066,0.2654,0.77,2.13,0.0613,-0.2038,0.3263,3.0972,2.557,0
2018-05-23,2.83,2.3111,0.0851,0.4796,-0.0453,-0.0005,0.268,0.71,2.12,0.0398,-0.2244,0.304,3.0549,2.5211,0
2018-05-24,2.82,2.3028,0.0851,0.4998,-0.0699,0.0022,0.2853,0.71,2.11,0.0152,-0.267,0.2974,3.0848,2.5038,0
2018-05-25,2.76,2.2901,0.0832,0.4933,-0.0946,-0.0121,0.3005,0.72,2.04,-0.0114,-0.3054,0.2827,3.0775,2.4756,0
2018-05-29,2.58,2.2449,0.0687,0.4259,-0.1492,-0.0102,0.296,0.6,1.98,-0.0805,-0.3705,0.2095,2.9608,2.3818,0
2018-05-30,2.67,2.2632,0.0731,0.4832,-0.1358,-0.0137,0.3002,0.67,2.0,-0.0627,-0.3598,0.2343,3.0435,2.4275,0
2018-05-31,2.68,2.2606,0.0744,0.4929,-0.1462,-0.0017,0.2788,0.65,2.03,-0.0718,-0.3784,0.2348,3.0601,2.4267,0
2018-06-01,2.74,2.2777,0.0793,0.5171,-0.1242,-0.0099,0.2807,0.68,2.06,-0.0449,-0.3504,0.2605,3.1003,2.466,0
2018-06-04,2.78,2.2889,0.0824,0.5306,-0.1083,-0.0136,0.2742,0.72,2.06,-0.0259,-0.328,0.2762,3.1216,2.4966,0
2018-06-05,2.76,2.2822,0.0805,0.52,-0.1172,-0.0056,0.2651,0.71,2.05,-0.0367,-0.3393,0.2659,3.1048,2.4843,0
2018-06-06,2.81,2.2985,0.0836,0.5284,-0.0902,-0.0103,0.2722,0.75,2.06,-0.0066,-0.3008,0.2876,3.1211,2.5132,0
2018-06-07,2.77,2.2867,0.0822,0.5229,-0.1126,-0.0092,0.2563,0.69,2.08,-0.0304,-0.3352,0.2743,3.1144,2.4897,0
2018-06-08,2.77,2.2877,0.0818,0.5201,-0.1098,-0.0099,0.2688,0.71,2.06,-0.028,-0.3301,0.2742,3.11,2.4902,0
2018-06-11,2.8,2.294,0.0846,0.5282,-0.1012,-0.0056,0.2702,0.72,2.08,-0.0166,-0.32,0.2868,3.1256,2.5016,0
2018-06-12,2.81,2.2979,0.0858,0.4975,-0.0733,0.0022,0.2692,0.74,2.07,0.0125,-0.2687,0.2936,3.0765,2.5043,0
2018-06-13,2.85,2.3058,0.0901,0.5142,-0.0683,0.0082,0.2924,0.76,2.09,0.0218,-0.2673,0.311,3.1091,2.5193,0
2018-06-14,2.81,2.2939,0.0908,0.512,-0.0881,0.0013,0.2629,0.74,2.07,0.0027,-0.2977,0.3032,3.1064,2.4963,0
2018-06-15,2.81,2.2919,0.0914,0.5088,-0.089,0.0069,0.2737,0.73,2.08,0.0024,-0.2981,0.3028,3.1011,2.493,0
2018-06-18,2.8,2.2898,0.0879,0.5079,-0.0905,0.0049,0.2586,0.72,2.08,-0.0026,-0.2954,0.2902,3.0905,2.5029,0
2018-06-19,2.77,2.2805,0.0838,0.5002,-0.1057,0.0112,0.2522,0.7,2.07,-0.0219,-0.3157,0.2719,3.0745,2.4866,0
2018-06-20,2.8,2.2909,0.0842,0.5056,-0.0868,0.0061,0.2728,0.74,2.06,-0.0026,-0.2867,0.2815,3.0806,2.5066,0
2018-06-21,2.77,2.2836,0.083,0.5005,-0.1013,0.0042,0.2718,0.72,2.05,-0.0183,-0.3097,0.2731,3.0755,2.4886,0
2018-06-22,2.77,2.2835,0.0839,0.5005,-0.1001,0.0022,0.2543,0.7,2.07,-0.0162,-0.308,0.2755,3.0757,2.4862,0
2018-06-25,2.75,2.2769,0.0807,0.4945,-0.1143,0.0122,0.2578,0.69,2.06,-0.0336,-0.3285,0.2614,3.0664,2.477,0
2018-06-26,2.75,2.2773,0.0792,0.4902,-0.1065,0.0098,0.2473,0.68,2.07,-0.0273,-0.3123,0.2577,3.0525,2.4799,0
2018-06-27,2.71,2.265,0.0781,0.4888,-0.1331,0.0112,0.2417,0.64,2.07,-0.055,-0.3558,0.2459,3.0546,2.4492,0
2018-06-28,2.73,2.2686,0.0794,0.4988,-0.1301,0.0133,0.2542,0.66,2.07,-0.0507,-0.3529,0.2516,3.0696,2.4585,0
2018-06-29,2.73,2.2701,0.0806,0.4995,-0.1243,0.0041,0.2462,0.67,2.06,-0.0437,-0.3432,0.2558,3.0691,2.4628,0
2018-07-02,2.75,2.2737,0.0814,0.5196,-0.1293,0.0046,0.2327,0.68,2.07,-0.0479,-0.3552,0.2594,3.1006,2.4798,0
2018-07-03,2.72,2.2645,0.0808,0.5144,-0.1449,0.0053,0.2229,0.64,2.08,-0.0641,-0.3787,0.2504,3.0934,2.4605,0
2018-07-05,2.74,2.265,0.0839,0.5247,-0.1452,0.0116,0.2191,0.64,2.1,-0.0613,-0.3807,0.2582,3.1092,2.4634,0
2018-07-06,2.71,2.2607,0.0825,0.5103,-0.1444,0.0009,0.2178,0.63,2.08,-0.0619,-0.3748,0.251,3.0839,2.4566,0
2018-07-09,2.75,2.2699,0.0831,0.5319,-0.1392,0.0043,0.2231,0.65,2.1,-0.0561,-0.3715,0.2593,3.1173,2.4813,0
2018-07-10,2.77,2.2733,0.0849,0.5409,-0.1364,0.0073,0.2339,0.68,2.09,-0.0515,-0.3691,0.2661,3.1318,2.4911,0
2018-07-11,2.74,2.2672,0.0843,0.5289,-0.1411,0.0006,0.2354,0.67,2.07,-0.0568,-0.3734,0.2598,3.1127,2.4777,0
2018-07-12,2.75,2.2686,0.0838,0.5351,-0.1417,0.0042,0.2418,0.69,2.06,-0.0579,-0.3749,0.2591,3.1207,2.4855,0
2018-07-13,2.73,2.2624,0.0827,0.5328,-0.1541,0.0062,0.2305,0.66,2.07,-0.0714,-0.3941,0.2512,3.1179,2.4727,0
2018-07-16,2.75,2.268,0.0813,0.5363,-0.144,0.0084,0.2414,0.7,2.05,-0.0627,-0.3765,0.2511,3.1181,2.4912,0
2018-07-17,2.76,2.2715,0.0816,0.5446,-0.1424,0.0048,0.2559,0.73,2.03,-0.0608,-0.3763,0.2546,3.1315,2.4993,0
2018-07-18,2.77,2.2743,0.0829,0.5462,-0.1412,0.0078,0.2743,0.74,2.03,-0.0583,-0.3776,0.2609,3.1398,2.4989,0
2018-07-19,2.74,2.2662,0.082,0.5337,-0.152,0.0101,0.2793,0.73,2.01,-0.07,-0.3928,0.2528,3.1227,2.4782,0
2018-07-20,2.77,2.2789,0.0828,0.5187,-0.1194,0.009,0.2916,0.75,2.02,-0.0366,-0.3395,0.2663,3.1004,2.4957,0
2018-07-23,2.83,2.2983,0.0842,0.5279,-0.0872,0.0068,0.3139,0.82,2.01,-0.003,-0.2914,0.2854,3.1146,2.5374,0
2018-07-24,2.83,2.2948,0.0841,0.5358,-0.0979,0.0132,0.3207,0.83,2.0,-0.0138,-0.3092,0.2817,3.126,2.5337,0
2018-07-25,2.82,2.2911,0.0846,0.5345,-0.0993,0.0091,0.302,0.81,2.01,-0.0147,-0.3088,0.2794,3.1197,2.5299,0
2018-07-26,2.86,2.3043,0.0888,0.551,-0.0858,0.0017,0.3255,0.86,2.0,0.003,-0.2953,0.3014,3.1536,2.5528,0
2018-07-27,2.84,2.2981,0.0887,0.5542,-0.0997,-0.0012,0.3147,0.84,2.0,-0.011,-0.3173,0.2953,3.1586,2.5454,0
2018-07-30,2.85,2.3015,0.0875,0.5496,-0.0899,0.0013,0.314,0.84,2.01,-0.0024,-0.2995,0.2947,3.1483,2.555,0
2018-07-31,2.85,2.2958,0.0868,0.5568,-0.106,0.0166,0.3153,0.85,2.0,-0.0192,-0.326,0.2876,3.1594,2.5474,0
2018-08-01,2.87,2.3071,0.0881,0.5564,-0.0833,0.0017,0.323,0.87,2.0,0.0048,-0.2912,0.3008,3.1595,2.5657,0
2018-08-02,2.85,2.3027,0.086,0.5426,-0.086,0.0047,0.3211,0.86,1.99,0.0,-0.2922,0.2923,3.1375,2.5552,0
2018-08-03,2.82,2.2932,0.0823,0.5308,-0.0989,0.0126,0.311,0.82,2.0,-0.0166,-0.3078,0.2747,3.1152,2.5385,0
2018-08-06,2.8,2.2895,0.0799,0.5342,-0.1081,0.0045,0.3128,0.82,1.98,-0.0282,-0.3215,0.2652,3.117,2.5352,0
2018-08-07,2.84,2.2988,0.082,0.5468,-0.0954,0.0078,0.3103,0.84,2.0,-0.0134,-0.3049,0.2781,3.1371,2.5535,0
2018-08-08,2.83,2.2984,0.0824,0.5463,-0.0971,-0.0,0.3137,0.85,1.98,-0.0147,-0.308,0.2786,3.138,2.5533,0
2018-08-09,2.8,2.2885,0.0795,0.5445,-0.1137,0.0011,0.3098,0.83,1.97,-0.0342,-0.3305,0.2622,3.1294,2.5405,0
2018-08-10,2.75,2.2727,0.076,0.5341,-0.1427,0.0099,0.2986,0.77,1.98,-0.0667,-0.3746,0.2411,3.1146,2.5043,0
2018-08-13,2.75,2.273,0.0754,0.5319,-0.1397,0.0094,0.297,0.76,1.99,-0.0643,-0.3685,0.2399,3.1091,2.5039,0
2018-08-14,2.77,2.2778,0.0751,0.5393,-0.133,0.0109,0.3049,0.78,1.99,-0.0579,-0.3579,0.2421,3.1171,2.5202,0
2018-08-15,2.73,2.2686,0.0738,0.5289,-0.1469,0.0057,0.306,0.76,1.97,-0.0731,-0.3784,0.2321,3.1027,2.497,0
2018-08-16,2.75,2.2716,0.0748,0.5397,-0.1452,0.0091,0.3095,0.78,1.97,-0.0704,-0.3775,0.2366,3.1183,2.5055,0
2018-08-17,2.75,2.2709,0.0752,0.5464,-0.1511,0.0087,0.3137,0.79,1.96,-0.0759,-0.3888,0.2369,3.1301,2.5052,0
2018-08-20,2.7,2.2579,0.0705,0.536,-0.169,0.0046,0.3004,0.75,1.95,-0.0985,-0.4102,0.2131,3.1056,2.4883,0
2018-08-21,2.73,2.2633,0.072,0.5462,-0.1609,0.0094,0.3031,0.76,1.97,-0.0889,-0.3991,0.2213,3.1197,2.4985,0
2018-08-22,2.7,2.2572,0.0719,0.5389,-0.1694,0.0014,0.2914,0.74,1.96,-0.0975,-0.4116,0.2166,3.1102,2.4833,0
2018-08-23,2.72,2.2566,0.0741,0.5512,-0.1754,0.0135,0.2793,0.73,1.99,-0.1013,-0.4242,0.2216,3.1307,2.4824,0
2018-08-24,2.72,2.2577,0.0751,0.5591,-0.1759,0.004,0.2719,0.73,1.99,-0.1008,-0.4257,0.224,3.1417,2.4913,0
2018-08-27,2.74,2.2639,0.0755,0.5638,-0.1665,0.0033,0.2663,0.74,2.0,-0.091,-0.4116,0.2295,3.1483,2.508,0
2018-08-28,2.77,2.2737,0.0765,0.5669,-0.1473,0.0003,0.2753,0.78,1.99,-0.0708,-0.3811,0.2395,3.1509,2.5306,0
2018-08-29,2.78,2.2747,0.0781,0.5881,-0.1571,-0.0038,0.2759,0.78,2.0,-0.079,-0.402,0.244,3.1858,2.5364,0
2018-08-30,2.75,2.2667,0.0761,0.5764,-0.1672,-0.0019,0.2776,0.76,1.99,-0.0911,-0.4145,0.2323,3.1665,2.5207,0
2018-08-31,2.74,2.2673,0.0735,0.5633,-0.1646,0.0004,0.2975,0.76,1.98,-0.0911,-0.409,0.2269,3.1486,2.517,0
2018-09-04,2.78,2.2778,0.0736,0.5656,-0.1436,0.0066,0.2997,0.79,1.99,-0.07,-0.3757,0.2357,3.149,2.5394,0
2018-09-05,2.77,2.2781,0.0718,0.5632,-0.1444,0.0014,0.3048,0.79,1.98,-0.0726,-0.3766,0.2313,3.1452,2.5405,0
2018-09-06,2.76,2.2733,0.0705,0.5578,-0.1518,0.0102,0.3154,0.79,1.97,-0.0813,-0.3867,0.2241,3.1365,2.529,0
2018-09-07,2.82,2.29,0.0762,0.5859,-0.131,-0.0011,0.3179,0.84,1.98,-0.0548,-0.3617,0.2522,3.1829,2.5638,0
2018-09-10,2.83,2.2882,0.0765,0.5944,-0.1388,0.0097,0.3183,0.85,1.98,-0.0623,-0.3746,0.2501,3.195,2.5702,0
2018-09-11,2.87,2.2993,0.0805,0.6014,-0.1185,0.0073,0.3145,0.86,2.01,-0.038,-0.3453,0.2694,3.208,2.591,0
2018-09-12,2.87,2.2959,0.0811,0.6087,-0.1295,0.0138,0.3047,0.85,2.02,-0.0484,-0.3642,0.2674,3.2204,2.5892,0
2018-09-13,2.87,2.297,0.0816,0.611,-0.1305,0.0109,0.3301,0.89,1.98,-0.0489,-0.3672,0.2694,3.2263,2.5919,0
2018-09-14,2.9,2.3041,0.0844,0.6231,-0.1216,0.0099,0.3318,0.9,2.0,-0.0372,-0.3565,0.2822,3.2466,2.6071,0
2018-09-17,2.89,2.3035,0.0831,0.6206,-0.1213,0.0041,0.3306,0.9,1.99,-0.0382,-0.3538,0.2774,3.2397,2.6127,0
2018-09-18,2.94,2.3184,0.0843,0.6203,-0.0915,0.0085,0.3269,0.93,2.01,-0.0072,-0.3074,0.2931,3.239,2.6405,0
2018-09-19,2.96,2.3259,0.0857,0.6203,-0.08,0.0081,0.3256,0.94,2.02,0.0057,-0.2922,0.3036,3.2441,2.65,0
2018-09-20,2.96,2.3246,0.0859,0.6301,-0.0885,0.0078,0.322,0.94,2.02,-0.0026,-0.3076,0.3024,3.2597,2.6508,0
2018-09-21,2.95,2.3233,0.0851,0.6336,-0.0936,0.0016,0.3166,0.93,2.02,-0.0085,-0.3158,0.2989,3.2643,2.6515,0
2018-09-24,2.96,2.3259,0.0846,0.6352,-0.0891,0.0034,0.3158,0.93,2.03,-0.0045,-0.3085,0.2995,3.2651,2.6584,0
2018-09-25,2.99,2.3307,0.0863,0.6413,-0.0833,0.015,0.3184,0.94,2.05,0.003,-0.302,0.308,3.277,2.6656,0
2018-09-26,2.96,2.3223,0.0853,0.6361,-0.0994,0.0157,0.3218,0.92,2.04,-0.0141,-0.3269,0.2987,3.2713,2.648,0
2018-09-27,2.96,2.3207,0.0859,0.638,-0.1009,0.0163,0.3194,0.92,2.04,-0.015,-0.3286,0.2986,3.2723,2.6467,0
2018-09-28,2.94,2.3193,0.0849,0.625,-0.0996,0.0103,0.3191,0.91,2.03,-0.0147,-0.3249,0.2956,3.2546,2.6394,0
2018-10-01,2.96,2.3282,0.0828,0.6208,-0.0805,0.0088,0.3339,0.92,2.04,0.0023,-0.2927,0.2972,3.2439,2.6607,0
2018-10-02,2.94,2.32,0.0802,0.6283,-0.0997,0.0111,0.3277,0.91,2.03,-0.0195,-0.3219,0.283,3.2508,2.6505,0
2018-10-03,3.02,2.3438,0.0839,0.631,-0.0535,0.0149,0.3353,0.95,2.07,0.0304,-0.252,0.3127,3.2571,2.6916,0
2018-10-04,3.05,2.3572,0.0856,0.6267,-0.0286,0.009,0.3559,0.99,2.06,0.057,-0.2145,0.3285,3.2554,2.715,0
2018-10-05,3.07,2.3681,0.087,0.6196,-0.0068,0.0021,0.366,1.02,2.05,0.0802,-0.1818,0.3422,3.2497,2.7286,0
2018-10-09,3.05,2.3608,0.0841,0.6328,-0.0282,0.0005,0.3527,1.0,2.05,0.0559,-0.2148,0.3266,3.2643,2.7286,0
2018-10-10,3.05,2.3631,0.082,0.618,-0.0176,0.0044,0.3657,1.01,2.04,0.0644,-0.1952,0.3241,3.2408,2.728,0
2018-10-11,3.0,2.3453,0.0797,0.6265,-0.057,0.0055,0.377,1.01,1.99,0.0227,-0.2575,0.3029,3.252,2.6967,0
2018-10-12,3.0,2.3452,0.0791,0.624,-0.054,0.0057,0.3869,1.01,1.99,0.0251,-0.2513,0.3015,3.2456,2.6963,0
2018-10-15,3.01,2.3477,0.0783,0.6307,-0.0513,0.0046,0.3777,1.01,2.0,0.027,-0.2465,0.3004,3.2519,2.7085,0
2018-10-16,3.02,2.3468,0.0791,0.6411,-0.0582,0.0111,0.3781,1.01,2.01,0.0209,-0.2597,0.3016,3.2686,2.7076,0
2018-10-17,3.04,2.3549,0.0805,0.6421,-0.0425,0.005,0.3896,1.04,2.0,0.038,-0.2358,0.3117,3.2707,2.7243,0
2018-10-18,3.03,2.3513,0.0788,0.6315,-0.0467,0.0152,0.4055,1.04,1.99,0.0321,-0.2405,0.3046,3.2553,2.7158,0
2018-10-19,3.05,2.3588,0.0805,0.6425,-0.0366,0.0048,0.4172,1.07,1.98,0.0439,-0.2269,0.3147,3.2721,2.7337,0
2018-10-22,3.05,2.3573,0.08,0.6425,-0.0394,0.0096,0.4179,1.07,1.98,0.0406,-0.2304,0.3117,3.2709,2.7341,0
2018-10-23,3.01,2.3505,0.0776,0.6311,-0.0491,-0.0,0.4272,1.07,1.94,0.0285,-0.2436,0.3005,3.2536,2.7175,0
2018-10-24,2.94,2.3308,0.0713,0.6078,-0.0791,0.0092,0.4231,1.01,1.93,-0.0078,-0.2843,0.2688,3.2151,2.6755,0
2018-10-25,2.98,2.3416,0.0729,0.6251,-0.0655,0.0059,0.4633,1.07,1.91,0.0074,-0.2672,0.282,3.2413,2.6952,0
2018-10-26,2.91,2.3237,0.0679,0.6009,-0.089,0.0065,0.4169,0.98,1.93,-0.0211,-0.2966,0.2544,3.2001,2.6603,0
2018-10-29,2.91,2.3246,0.0656,0.6072,-0.0915,0.0041,0.4221,0.99,1.92,-0.0259,-0.3007,0.2489,3.2066,2.6659,0
2018-10-30,2.94,2.3348,0.0677,0.6095,-0.0718,-0.0002,0.4457,1.03,1.91,-0.0041,-0.2713,0.2631,3.2115,2.6829,0
2018-10-31,2.98,2.3455,0.0705,0.6198,-0.0561,0.0003,0.4575,1.08,1.9,0.0144,-0.2501,0.2788,3.2298,2.705,0
2018-11-01,2.96,2.3424,0.0686,0.607,-0.0597,0.0017,0.4816,1.08,1.88,0.0089,-0.2541,0.2719,3.2124,2.696,0
2018-11-02,3.04,2.3623,0.0735,0.6276,-0.0282,0.0048,0.4907,1.13,1.91,0.0453,-0.2098,0.3004,3.245,2.7367,0
2018-11-05,3.03,2.3576,0.0735,0.6346,-0.0399,0.0042,0.4732,1.12,1.91,0.0336,-0.2281,0.2952,3.2539,2.7361,0
2018-11-06,3.05,2.362,0.0748,0.643,-0.0333,0.0035,0.4692,1.13,1.92,0.0415,-0.2187,0.3016,3.2652,2.7491,0
2018-11-07,3.07,2.3641,0.0776,0.6536,-0.0336,0.0083,0.4624,1.14,1.93,0.044,-0.2222,0.3102,3.2839,2.7545,0
2018-11-08,3.09,2.3693,0.0805,0.6677,-0.0298,0.0023,0.4715,1.17,1.92,0.0507,-0.2198,0.3212,3.3075,2.7693,0
2018-11-09,3.05,2.3577,0.0779,0.6499,-0.0458,0.0103,0.4814,1.15,1.9,0.0321,-0.2412,0.3053,3.2809,2.7444,0
2018-11-13,2.99,2.3421,0.0714,0.6358,-0.0713,0.012,0.4847,1.11,1.88,0.0001,-0.2753,0.2755,3.2533,2.7175,0
2018-11-14,2.95,2.3358,0.0674,0.6255,-0.0799,0.0013,0.4988,1.1,1.85,-0.0125,-0.2858,0.2607,3.2345,2.701,0
2018-11-15,2.94,2.3325,0.0652,0.6141,-0.0802,0.0084,0.4964,1.09,1.85,-0.015,-0.2831,0.2531,3.2147,2.6904,0
2018-11-16,2.9,2.3233,0.0622,0.5987,-0.0913,0.0071,0.461,1.02,1.88,-0.0291,-0.2972,0.2389,3.1901,2.6656,0
2018-11-19,2.87,2.3196,0.0567,0.5837,-0.0941,0.0041,0.4771,1.02,1.85,-0.0374,-0.2965,0.2217,3.1623,2.6597,0
2018-11-20,2.88,2.3204,0.0564,0.5955,-0.098,0.0058,0.4974,1.06,1.82,-0.0416,-0.305,0.2217,3.1792,2.6605,0
2018-11-21,2.89,2.3227,0.057,0.6061,-0.0978,0.002,0.5005,1.08,1.81,-0.0408,-0.3063,0.2247,3.1943,2.669,0
2018-11-23,2.88,2.3193,0.0562,0.5909,-0.0963,0.0099,0.5279,1.11,1.77,-0.0401,-0.3003,0.2202,3.1704,2.6594,0
2018-11-26,2.9,2.3232,0.0576,0.6215,-0.1043,0.0021,0.5332,1.12,1.78,-0.0467,-0.3189,0.2254,3.2168,2.6774,0
2018-11-27,2.89,2.322,0.0576,0.6174,-0.1073,0.0003,0.5807,1.16,1.73,-0.0497,-0.324,0.2246,3.2137,2.6737,0
2018-11-28,2.87,2.3158,0.0576,0.6485,-0.1387,-0.0132,0.5622,1.13,1.74,-0.0811,-0.3815,0.2192,3.2646,2.6649,0
2018-11-29,2.85,2.3107,0.0574,0.6195,-0.1286,-0.0091,0.4927,1.06,1.79,-0.0712,-0.3568,0.2145,3.2159,2.6541,0
2018-11-30,2.84,2.3059,0.0577,0.6347,-0.1504,-0.0079,0.4978,1.07,1.77,-0.0927,-0.3968,0.2114,3.2447,2.6448,0
2018-12-03,2.83,2.3004,0.0558,0.6357,-0.1567,-0.0052,0.4902,1.07,1.76,-0.1009,-0.4015,0.1997,3.2367,2.6502,0
2018-12-04,2.79,2.2792,0.0527,0.6535,-0.2006,0.0051,0.4886,1.05,1.74,-0.1479,-0.468,0.1723,3.2529,2.6226,0
2018-12-06,2.75,2.2694,0.0499,0.6428,-0.2156,0.0035,0.523,1.06,1.69,-0.1657,-0.4892,0.1579,3.2357,2.5996,0
2018-12-07,2.7,2.2611,0.0469,0.6295,-0.2301,-0.0075,0.5198,1.02,1.68,-0.1832,-0.5108,0.1445,3.2183,2.5757,0
2018-12-10,2.71,2.2611,0.046,0.6387,-0.2369,0.001,0.5645,1.06,1.65,-0.1909,-0.5235,0.1418,3.2325,2.5776,0
2018-12-11,2.75,2.2728,0.0492,0.654,-0.2186,-0.0075,0.6146,1.13,1.62,-0.1694,-0.4978,0.1591,3.2553,2.6045,0
2018-12-12,2.77,2.2769,0.0509,0.6622,-0.2146,-0.0053,0.6276,1.15,1.62,-0.1637,-0.4941,0.1666,3.2694,2.6125,0
2018-12-13,2.75,2.2731,0.0504,0.6731,-0.2283,-0.0183,0.6182,1.13,1.62,-0.1779,-0.5181,0.1623,3.2864,2.6056,0
2018-12-14,2.73,2.2681,0.0482,0.6729,-0.24,-0.0192,0.6281,1.13,1.6,-0.1918,-0.5363,0.1527,3.2854,2.5939,0
2018-12-17,2.69,2.2584,0.0444,0.6527,-0.2492,-0.0162,0.6333,1.11,1.58,-0.2048,-0.5454,0.1358,3.2517,2.5706,0
2018-12-18,2.65,2.2494,0.0407,0.6329,-0.2547,-0.0183,0.6207,1.07,1.58,-0.214,-0.5478,0.1198,3.2161,2.5483,0
2018-12-19,2.62,2.2362,0.0386,0.6442,-0.2853,-0.0137,0.6191,1.06,1.56,-0.2467,-0.5961,0.1027,3.2298,2.5277,0
2018-12-20,2.65,2.2434,0.0406,0.6628,-0.2793,-0.0175,0.668,1.12,1.53,-0.2387,-0.5905,0.1132,3.2581,2.5454,0
2018-12-21,2.64,2.2421,0.0389,0.6369,-0.2686,-0.0093,0.6619,1.09,1.55,-0.2297,-0.5681,0.1087,3.2174,2.5367,0
2018-12-24,2.58,2.2296,0.0332,0.6037,-0.2766,-0.01,0.6644,1.06,1.52,-0.2434,-0.5717,0.085,3.1617,2.5052,0
2018-12-26,2.67,2.2483,0.036,0.6257,-0.2504,0.0105,0.6677,1.1,1.57,-0.2144,-0.5367,0.1078,3.1962,2.541,0
2018-12-27,2.6,2.2376,0.0324,0.585,-0.2602,0.0052,0.6888,1.07,1.53,-0.2278,-0.548,0.0924,3.1428,2.5018,0
2018-12-28,2.56,2.2253,0.0282,0.5682,-0.2777,0.016,0.6782,1.04,1.52,-0.2495,-0.5715,0.0725,3.1155,2.472,0
2018-12-31,2.51,2.2161,0.0186,0.5621,-0.2935,0.0068,0.6797,1.0,1.51,-0.2749,-0.588,0.0381,3.0912,2.4715,0
2019-01-02,2.49,2.2067,0.0182,0.5749,-0.3151,0.0052,0.6848,1.0,1.49,-0.2969,-0.6235,0.0298,3.1083,2.4497,0
2019-01-03,2.37,2.1782,0.0106,0.5166,-0.3422,0.0068,0.6517,0.88,1.49,-0.3316,-0.6526,-0.0105,3.0158,2.378,0
2019-01-04,2.49,2.2058,0.0182,0.5739,-0.31,0.0021,0.6084,0.91,1.58,-0.2918,-0.6132,0.0296,3.101,2.4442,0
2019-01-07,2.53,2.2158,0.0213,0.5955,-0.3012,-0.0013,0.587,0.92,1.61,-0.2799,-0.6037,0.0439,3.1351,2.477,0
2019-01-08,2.58,2.2227,0.0265,0.6253,-0.2999,0.0054,0.5504,0.92,1.66,-0.2734,-0.6085,0.0616,3.1831,2.4979,0
2019-01-09,2.57,2.2251,0.0272,0.5985,-0.2848,0.004,0.5356,0.89,1.68,-0.2576,-0.5818,0.0666,3.1478,2.4936,0
2019-01-10,2.56,2.2267,0.0272,0.592,-0.2824,-0.0035,0.5546,0.91,1.65,-0.2552,-0.5791,0.0688,3.1426,2.4908,0
2019-01-11,2.52,2.2179,0.0261,0.58,-0.2935,-0.0105,0.5199,0.86,1.66,-0.2674,-0.5943,0.0594,3.1247,2.4692,0
2019-01-14,2.53,2.22,0.0239,0.5758,-0.2886,-0.0011,0.5406,0.89,1.64,-0.2647,-0.5844,0.0549,3.1155,2.4767,0
2019-01-15,2.53,2.2221,0.0226,0.5726,-0.2827,-0.0047,0.5619,0.9,1.63,-0.2601,-0.574,0.0538,3.1086,2.4793,0
2019-01-16,2.54,2.2247,0.0261,0.5818,-0.2805,-0.0121,0.5557,0.9,1.64,-0.2544,-0.5746,0.0657,3.1267,2.4769,0
2019-01-17,2.58,2.2323,0.0298,0.5961,-0.2724,-0.0058,0.5666,0.94,1.64,-0.2426,-0.5662,0.0809,3.152,2.4946,0
2019-01-18,2.62,2.2409,0.0352,0.6207,-0.2653,-0.0115,0.5506,0.95,1.67,-0.2301,-0.5612,0.1011,3.1927,2.516,0
2019-01-22,2.57,2.2289,0.032,0.6043,-0.2828,-0.0124,0.5597,0.94,1.63,-0.2508,-0.584,0.0824,3.1664,2.498,0
2019-01-23,2.59,2.2319,0.0326,0.6097,-0.2769,-0.0073,0.5652,0.95,1.64,-0.2443,-0.5747,0.0861,3.172,2.5051,0
2019-01-24,2.55,2.2228,0.031,0.5969,-0.2903,-0.0104,0.5815,0.93,1.62,-0.2593,-0.5938,0.0752,3.1542,2.4823,0
2019-01-25,2.59,2.2315,0.0333,0.6132,-0.28,-0.008,0.582,0.95,1.64,-0.2467,-0.5813,0.0879,3.1793,2.5022,0
2019-01-28,2.58,2.23,0.0326,0.6106,-0.2829,-0.0103,0.5898,0.96,1.62,-0.2503,-0.585,0.0845,3.1754,2.5018,0
2019-01-29,2.55,2.2201,0.03,0.6029,-0.2973,-0.0058,0.5662,0.93,1.62,-0.2673,-0.604,0.0695,3.1598,2.4841,0
2019-01-30,2.49,2.2126,0.0249,0.5572,-0.2894,-0.0153,0.4847,0.81,1.68,-0.2645,-0.5812,0.0522,3.0865,2.4581,0
2019-01-31,2.43,2.1952,0.0205,0.5375,-0.3159,-0.0073,0.4423,0.73,1.7,-0.2954,-0.619,0.0282,3.0564,2.4128,0
2019-02-01,2.51,2.2151,0.0263,0.5708,-0.2915,-0.0106,0.4462,0.79,1.72,-0.2652,-0.5898,0.0593,3.1104,2.4511,0
2019-02-04,2.53,2.2244,0.0278,0.5734,-0.276,-0.0196,0.4575,0.81,1.72,-0.2482,-0.5664,0.07,3.116,2.4743,0
2019-02-05,2.51,2.2185,0.0262,0.5721,-0.2859,-0.0209,0.4488,0.79,1.72,-0.2597,-0.5799,0.0606,3.1108,2.4672,0
2019-02-06,2.5,2.2159,0.0249,0.5683,-0.2898,-0.0193,0.457,0.79,1.71,-0.2649,-0.5848,0.0551,3.1042,2.4622,0
2019-02-07,2.46,2.2038,0.0214,0.5538,-0.3062,-0.0127,0.4601,0.77,1.69,-0.2848,-0.6063,0.0366,3.079,2.4364,0
2019-02-08,2.44,2.1992,0.0192,0.5483,-0.3114,-0.0153,0.4627,0.75,1.69,-0.2922,-0.6117,0.0274,3.067,2.4265,0
2019-02-11,2.47,2.2058,0.0192,0.5635,-0.3043,-0.0142,0.4725,0.78,1.69,-0.2851,-0.602,0.0317,3.0862,2.4466,0
2019-02-12,2.49,2.2124,0.0218,0.5681,-0.2932,-0.0191,0.4655,0.78,1.71,-0.2714,-0.5871,0.0443,3.0962,2.4554,0
2019-02-13,2.53,2.2194,0.0251,0.5915,-0.2885,-0.0175,0.4431,0.77,1.76,-0.2634,-0.5842,0.0574,3.1317,2.4768,0
2019-02-14,2.48,2.2066,0.0219,0.5725,-0.3066,-0.0144,0.4312,0.74,1.74,-0.2847,-0.608,0.0386,3.1024,2.4524,0
2019-02-15,2.49,2.2077,0.0242,0.5888,-0.3105,-0.0202,0.4225,0.74,1.75,-0.2863,-0.6182,0.0456,3.1285,2.4534,0
2019-02-19,2.47,2.2031,0.0216,0.5773,-0.3135,-0.0184,0.3997,0.71,1.76,-0.2919,-0.618,0.0342,3.1065,2.4502,0
2019-02-20,2.47,2.2025,0.0213,0.5782,-0.3145,-0.0176,0.3786,0.68,1.79,-0.2932,-0.6195,0.0332,3.1071,2.448,0
2019-02-21,2.51,2.2134,0.0236,0.5862,-0.2975,-0.0157,0.3727,0.71,1.8,-0.2739,-0.5963,0.0485,3.122,2.4673,0
2019-02-22,2.47,2.205,0.0206,0.5612,-0.3047,-0.0121,0.3588,0.65,1.82,-0.2841,-0.603,0.0347,3.085,2.4456,0
2019-02-25,2.48,2.2089,0.0205,0.5679,-0.3011,-0.0162,0.3632,0.66,1.82,-0.2806,-0.5986,0.0374,3.0948,2.4543,0
2019-02-26,2.45,2.2003,0.018,0.5608,-0.3137,-0.0154,0.3392,0.63,1.82,-0.2957,-0.6154,0.0239,3.0808,2.4382,0
2019-02-27,2.49,2.2146,0.0187,0.5588,-0.2857,-0.0163,0.3438,0.65,1.84,-0.267,-0.572,0.0379,3.0783,2.4632,0
2019-02-28,2.52,2.2256,0.0222,0.563,-0.2685,-0.0223,0.3523,0.68,1.84,-0.2463,-0.5498,0.0573,3.0921,2.4753,0
2019-03-01,2.56,2.235,0.0262,0.5799,-0.2588,-0.0223,0.3491,0.71,1.85,-0.2326,-0.5399,0.0747,3.1221,2.4963,0
2019-03-04,2.53,2.2247,0.0238,0.5797,-0.2793,-0.0189,0.3461,0.69,1.84,-0.2555,-0.5696,0.0586,3.1184,2.4866,0
2019-03-05,2.53,2.2235,0.0242,0.5861,-0.2843,-0.0194,0.3658,0.7,1.83,-0.2601,-0.5786,0.0584,3.1281,2.4848,0
2019-03-06,2.49,2.2139,0.0214,0.5719,-0.2955,-0.0217,0.3663,0.68,1.81,-0.2741,-0.5918,0.0435,3.1035,2.4659,0
2019-03-07,2.44,2.2006,0.0169,0.5516,-0.3121,-0.017,0.3591,0.64,1.8,-0.2952,-0.6119,0.0216,3.0689,2.4366,0
2019-03-08,2.42,2.195,0.0146,0.5508,-0.3221,-0.0183,0.3571,0.62,1.8,-0.3075,-0.6261,0.0111,3.0644,2.4258,0
2019-03-11,2.44,2.1996,0.0145,0.561,-0.3162,-0.0189,0.352,0.62,1.82,-0.3017,-0.6175,0.014,3.0763,2.4397,0
2019-03-12,2.41,2.1912,0.0123,0.5525,-0.3292,-0.0168,0.3491,0.6,1.81,-0.3169,-0.6355,0.0018,3.0623,2.4218,0
2019-03-13,2.42,2.1917,0.0121,0.5528,-0.3264,-0.0102,0.3291,0.58,1.84,-0.3143,-0.6305,0.0018,3.0607,2.4225,0
2019-03-14,2.43,2.1975,0.0134,0.5495,-0.3143,-0.0161,0.3097,0.58,1.85,-0.3009,-0.6122,0.0105,3.0584,2.4296,0
2019-03-15,2.4,2.1881,0.0115,0.5438,-0.3307,-0.0127,0.2884,0.54,1.86,-0.3192,-0.6362,-0.0022,3.0489,2.4121,0
2019-03-18,2.42,2.1914,0.0134,0.5516,-0.3265,-0.0099,0.2777,0.54,1.88,-0.3131,-0.6315,0.0053,3.0614,2.4174,0
2019-03-19,2.42,2.1943,0.0138,0.5526,-0.3226,-0.0181,0.2908,0.57,1.85,-0.3088,-0.6262,0.0086,3.0643,2.4247,0
2019-03-20,2.34,2.1748,0.0092,0.5189,-0.3442,-0.0187,0.2404,0.46,1.88,-0.335,-0.6518,-0.0181,3.0105,2.3792,0
2019-03-21,2.34,2.175,0.0081,0.5258,-0.3474,-0.0215,0.253,0.48,1.86,-0.3393,-0.6576,-0.021,3.0191,2.3811,0
2019-03-22,2.24,2.1499,0.0001,0.4886,-0.381,-0.0176,0.2691,0.44,1.8,-0.3809,-0.701,-0.0608,2.9586,2.325,0
2019-03-25,2.21,2.1446,-0.0067,0.4663,-0.3799,-0.0143,0.2986,0.44,1.77,-0.3866,-0.6916,-0.0816,2.9159,2.3093,0
2019-03-26,2.18,2.139,-0.0111,0.4565,-0.3865,-0.0178,0.3144,0.43,1.75,-0.3976,-0.6982,-0.0971,2.896,2.2959,0
2019-03-27,2.18,2.1345,-0.0117,0.4621,-0.3957,-0.0092,0.3379,0.44,1.74,-0.4074,-0.7136,-0.1012,2.9028,2.2807,0
2019-03-28,2.2,2.1367,-0.0079,0.477,-0.3959,-0.0099,0.349,0.48,1.72,-0.4038,-0.718,-0.0896,2.9279,2.2834,0
2019-03-29,2.23,2.1392,-0.0029,0.4947,-0.3949,-0.006,0.3077,0.45,1.78,-0.3978,-0.72,-0.0757,2.956,2.2942,0
2019-04-01,2.31,2.1623,0.0032,0.5044,-0.3537,-0.0063,0.3066,0.49,1.82,-0.3505,-0.6591,-0.0418,2.9754,2.342,0
2019-04-02,2.28,2.1582,0.0027,0.4903,-0.3579,-0.0134,0.3,0.47,1.81,-0.3552,-0.6645,-0.0458,2.9579,2.3307,0
2019-04-03,2.32,2.1696,0.0048,0.4921,-0.3385,-0.008,0.3138,0.51,1.81,-0.3337,-0.6366,-0.0307,2.9646,2.3497,0
2019-04-04,2.32,2.1677,0.0047,0.4953,-0.3436,-0.0042,0.3184,0.51,1.81,-0.3389,-0.6448,-0.0329,2.969,2.3494,0
2019-04-05,2.31,2.1648,0.0053,0.5031,-0.352,-0.0112,0.3101,0.52,1.79,-0.3467,-0.659,-0.0344,2.9803,2.347,0
2019-04-08,2.33,2.1694,0.0056,0.5075,-0.3447,-0.0079,0.3114,0.52,1.81,-0.3391,-0.6477,-0.0304,2.9856,2.3606,0
2019-04-09,2.31,2.1648,0.0051,0.5009,-0.3518,-0.009,0.3099,0.51,1.8,-0.3467,-0.6585,-0.0348,2.9775,2.3477,0
2019-04-10,2.28,2.1557,0.0029,0.4912,-0.3635,-0.0063,0.2702,0.45,1.83,-0.3606,-0.6732,-0.048,2.9595,2.3302,0
2019-04-11,2.31,2.1653,0.0052,0.5044,-0.3525,-0.0125,0.2835,0.49,1.82,-0.3473,-0.6602,-0.0343,2.9827,2.3485,0
2019-04-12,2.38,2.1811,0.0101,0.5253,-0.3293,-0.0072,0.2803,0.52,1.86,-0.3192,-0.6292,-0.0093,3.0163,2.3823,0
2019-04-15,2.37,2.1787,0.0112,0.5221,-0.3348,-0.0073,0.2831,0.52,1.85,-0.3236,-0.6388,-0.0083,3.0161,2.3764,0
2019-04-16,2.41,2.1899,0.0132,0.5247,-0.3141,-0.0037,0.3034,0.55,1.86,-0.3009,-0.6081,0.0062,3.0218,2.3978,0
2019-04-17,2.4,2.1904,0.0125,0.5141,-0.3093,-0.0077,0.3174,0.56,1.84,-0.2968,-0.5987,0.0051,3.0064,2.3963,0
2019-04-18,2.38,2.1818,0.0104,0.5102,-0.3237,0.0013,0.302,0.52,1.86,-0.3133,-0.6191,-0.0075,2.9978,2.3806,0
2019-04-22,2.39,2.1889,0.0101,0.5032,-0.3069,-0.0052,0.3102,0.52,1.87,-0.2968,-0.592,-0.0017,2.9872,2.3905,0
2019-04-23,2.36,2.1836,0.0079,0.4886,-0.3113,-0.0087,0.2945,0.49,1.87,-0.3034,-0.5958,-0.0111,2.9645,2.3757,0
2019-04-24,2.32,2.1703,0.0038,0.4767,-0.331,0.0002,0.2724,0.45,1.87,-0.3272,-0.622,-0.0324,2.9418,2.3496,0
2019-04-25,2.33,2.1733,0.004,0.4848,-0.3277,-0.0044,0.2663,0.47,1.86,-0.3237,-0.6179,-0.0294,2.9523,2.3555,0
2019-04-26,2.29,2.165,0.0001,0.4675,-0.3367,-0.0059,0.2625,0.43,1.86,-0.3366,-0.6276,-0.0456,2.9235,2.3366,0
2019-04-29,2.32,2.174,-0.0003,0.4688,-0.3205,-0.002,0.2807,0.46,1.86,-0.3208,-0.6026,-0.039,2.9246,2.3525,0
2019-04-30,2.28,2.165,-0.0034,0.4541,-0.3317,-0.0041,0.2797,0.43,1.85,-0.3351,-0.6163,-0.0538,2.9004,2.3313,0
2019-05-01,2.31,2.1701,0.0009,0.4783,-0.3331,-0.0062,0.3107,0.48,1.83,-0.3322,-0.6256,-0.0388,2.9418,2.3413,0
2019-05-02,2.34,2.1795,0.0037,0.4884,-0.3202,-0.0114,0.3672,0.56,1.78,-0.3165,-0.6085,-0.0245,2.9599,2.3644,0
2019-05-03,2.33,2.1729,0.0044,0.4905,-0.3304,-0.0074,0.3403,0.53,1.8,-0.326,-0.623,-0.029,2.9604,2.356,0
2019-05-06,2.3,2.1647,0.002,0.479,-0.3414,-0.0043,0.3259,0.49,1.81,-0.3394,-0.637,-0.0418,2.9413,2.3402,0
2019-05-07,2.25,2.1515,-0.0016,0.4748,-0.3661,-0.0086,0.3428,0.49,1.76,-0.3677,-0.6734,-0.062,2.932,2.3161,0
2019-05-08,2.28,2.161,0.0001,0.4792,-0.3483,-0.012,0.3732,0.53,1.75,-0.3482,-0.6471,-0.0493,2.9391,2.3302,0
2019-05-09,2.25,2.1509,-0.003,0.4699,-0.3641,-0.0037,0.3747,0.52,1.73,-0.3671,-0.6684,-0.0658,2.922,2.3127,0
2019-05-10,2.26,2.1548,-0.0023,0.4732,-0.3559,-0.0098,0.3565,0.51,1.75,-0.3582,-0.656,-0.0603,2.9258,2.3174,0
2019-05-13,2.18,2.1359,-0.0083,0.4366,-0.38,-0.0042,0.3579,0.45,1.73,-0.3883,-0.6871,-0.0895,2.8713,2.2687,0
2019-05-14,2.2,2.142,-0.0085,0.4431,-0.3692,-0.0073,0.3527,0.45,1.75,-0.3777,-0.6706,-0.0849,2.8779,2.2807,0
2019-05-15,2.15,2.1297,-0.0129,0.4288,-0.3883,-0.0073,0.3494,0.41,1.74,-0.4012,-0.6964,-0.106,2.8537,2.256,0
2019-05-16,2.18,2.1364,-0.0118,0.4358,-0.378,-0.0024,0.3578,0.43,1.75,-0.3898,-0.6819,-0.0977,2.8643,2.2689,0
2019-05-17,2.17,2.135,-0.0114,0.4369,-0.3834,-0.0071,0.3884,0.46,1.71,-0.3948,-0.692,-0.0976,2.8691,2.2642,0
2019-05-20,2.21,2.1418,-0.0086,0.4471,-0.3732,0.0028,0.4014,0.5,1.71,-0.3818,-0.6785,-0.085,2.8857,2.2786,0
2019-05-21,2.23,2.147,-0.0046,0.4615,-0.3685,-0.0054,0.3914,0.51,1.72,-0.3731,-0.6751,-0.0711,2.9105,2.2928,0
2019-05-22,2.19,2.1372,-0.0059,0.4476,-0.3852,-0.0037,0.4135,0.51,1.68,-0.3911,-0.6998,-0.0824,2.8935,2.2717,0
2019-05-23,2.11,2.1146,-0.0127,0.4249,-0.4187,0.0019,0.4426,0.49,1.62,-0.4314,-0.7453,-0.1176,2.8533,2.2237,0
2019-05-24,2.12,2.1171,-0.0115,0.4384,-0.4174,-0.0067,0.4396,0.5,1.62,-0.4289,-0.7453,-0.1125,2.8719,2.2284,0
2019-05-28,2.06,2.1017,-0.0145,0.4281,-0.444,-0.0114,0.4522,0.48,1.58,-0.4585,-0.7841,-0.1328,2.8555,2.1976,0
2019-05-29,2.05,2.0967,-0.0155,0.4289,-0.4489,-0.0113,0.4297,0.46,1.59,-0.4644,-0.789,-0.1397,2.8503,2.1892,0
2019-05-30,2.03,2.0881,-0.0191,0.4304,-0.4665,-0.0029,0.4239,0.44,1.59,-0.4856,-0.8147,-0.1565,2.8476,2.1779,0
2019-05-31,1.93,2.0649,-0.0262,0.3953,-0.4946,-0.0094,0.3997,0.35,1.58,-0.5208,-0.8504,-0.1912,2.7898,2.1171,0
2019-06-03,1.83,2.0434,-0.0343,0.3468,-0.5132,-0.0127,0.3868,0.27,1.56,-0.5475,-0.8684,-0.2266,2.711,2.0546,0
2019-06-04,1.89,2.0614,-0.0317,0.3475,-0.4765,-0.0107,0.3923,0.3,1.59,-0.5082,-0.8125,-0.2039,2.7132,2.081,0
2019-06-05,1.86,2.06,-0.0326,0.3165,-0.4662,-0.0178,0.3784,0.27,1.59,-0.4988,-0.7925,-0.205,2.6703,2.062,0
2019-06-06,1.88,2.0646,-0.0282,0.3221,-0.4591,-0.0194,0.3985,0.3,1.58,-0.4873,-0.7855,-0.1892,2.6849,2.0648,0
2019-06-07,1.85,2.0529,-0.0254,0.309,-0.4722,-0.0143,0.379,0.24,1.61,-0.4976,-0.805,-0.1902,2.6693,2.0307,0
2019-06-10,1.91,2.0698,-0.0222,0.3204,-0.4451,-0.0129,0.409,0.31,1.6,-0.4673,-0.7653,-0.1693,2.6882,2.0725,0
2019-06-11,1.92,2.0707,-0.0204,0.3278,-0.4487,-0.0094,0.4266,0.35,1.57,-0.4691,-0.7735,-0.1647,2.7029,2.0777,0
2019-06-12,1.88,2.0624,-0.0234,0.3076,-0.4576,-0.0091,0.4457,0.35,1.53,-0.481,-0.7836,-0.1783,2.6727,2.0565,0
2019-06-13,1.84,2.0538,-0.0266,0.2867,-0.4632,-0.0107,0.4631,0.33,1.51,-0.4898,-0.7873,-0.1923,2.638,2.0312,0
2019-06-14,1.85,2.0546,-0.026,0.2974,-0.466,-0.0099,0.5104,0.37,1.48,-0.492,-0.7938,-0.1902,2.6538,2.0341,0
2019-06-17,1.85,2.0532,-0.0256,0.3079,-0.4712,-0.0143,0.5373,0.4,1.45,-0.4968,-0.8019,-0.1917,2.6662,2.0396,0
2019-06-18,1.83,2.0433,-0.0258,0.3142,-0.4893,-0.0124,0.4862,0.34,1.49,-0.5151,-0.8289,-0.2013,2.6713,2.0274,0
2019-06-19,1.77,2.0327,-0.0282,0.2681,-0.4893,-0.0133,0.4408,0.24,1.53,-0.5175,-0.8233,-0.2118,2.6066,1.9768,0
2019-06-20,1.74,2.0273,-0.0259,0.2459,-0.4863,-0.021,0.3567,0.16,1.58,-0.5122,-0.8166,-0.2077,2.5776,1.9464,0
2019-06-21,1.8,2.0472,-0.0218,0.2533,-0.4588,-0.02,0.3931,0.2,1.6,-0.4806,-0.7812,-0.18,2.6011,1.9799,0
2019-06-24,1.75,2.0335,-0.0277,0.2437,-0.4816,-0.0179,0.3886,0.18,1.57,-0.5093,-0.8106,-0.2079,2.5785,1.9642,0
2019-06-25,1.73,2.0287,-0.0306,0.2456,-0.493,-0.0207,0.4301,0.21,1.52,-0.5236,-0.8278,-0.2194,2.5784,1.9566,0
2019-06-26,1.8,2.0425,-0.0267,0.2716,-0.4733,-0.014,0.4149,0.24,1.56,-0.5,-0.8007,-0.1994,2.6147,1.9918,0
2019-06-27,1.76,2.0322,-0.029,0.2634,-0.4917,-0.0149,0.4193,0.23,1.53,-0.5207,-0.8276,-0.2138,2.6024,1.9731,0
2019-06-28,1.76,2.0292,-0.0287,0.2574,-0.493,-0.0049,0.4229,0.23,1.53,-0.5217,-0.8281,-0.2152,2.593,1.9636,0
2019-07-01,1.79,2.038,-0.026,0.2636,-0.4791,-0.0065,0.4321,0.26,1.53,-0.5051,-0.8092,-0.201,2.6057,1.981,0
2019-07-02,1.75,2.025,-0.0273,0.2563,-0.5013,-0.0026,0.4496,0.25,1.5,-0.5286,-0.842,-0.2152,2.5947,1.9563,0
2019-07-03,1.74,2.0172,-0.027,0.2675,-0.5178,0.0001,0.4415,0.23,1.51,-0.5448,-0.868,-0.2217,2.6078,1.9467,0
2019-07-05,1.84,2.0411,-0.0202,0.312,-0.4886,-0.0043,0.4224,0.29,1.55,-0.5088,-0.83,-0.1876,2.6744,2.0136,0
2019-07-08,1.86,2.0425,-0.0166,0.3238,-0.4918,0.0021,0.4193,0.31,1.55,-0.5084,-0.8389,-0.1779,2.6968,2.0202,0
2019-07-09,1.88,2.0478,-0.0135,0.3358,-0.4867,-0.0034,0.412,0.32,1.56,-0.5002,-0.8341,-0.1664,2.7174,2.0355,0
2019-07-10,1.82,2.0433,-0.0154,0.2729,-0.4668,-0.014,0.385,0.23,1.59,-0.4822,-0.7938,-0.1706,2.6278,1.9966,0
2019-07-11,1.88,2.0613,-0.0135,0.2803,-0.4389,-0.0091,0.3804,0.25,1.63,-0.4524,-0.7546,-0.1503,2.6437,2.0272,0
2019-07-12,1.86,2.0589,-0.0142,0.2681,-0.4413,-0.0115,0.3696,0.24,1.62,-0.4555,-0.758,-0.153,2.6295,2.015,0
2019-07-15,1.84,2.0538,-0.014,0.2658,-0.4501,-0.0155,0.3587,0.23,1.61,-0.4641,-0.7721,-0.1561,2.6276,2.0011,0
2019-07-16,1.88,2.0626,-0.0109,0.2806,-0.4392,-0.0131,0.357,0.25,1.63,-0.4501,-0.7587,-0.1414,2.6519,2.0216,0
2019-07-17,1.83,2.0466,-0.0123,0.2714,-0.467,-0.0086,0.3666,0.23,1.6,-0.4793,-0.8006,-0.1581,2.6392,1.9896,0
2019-07-18,1.78,2.0354,-0.0161,0.2354,-0.4702,-0.0045,0.3696,0.18,1.6,-0.4863,-0.7975,-0.1751,2.582,1.9551,0
2019-07-19,1.8,2.0392,-0.0156,0.2506,-0.4707,-0.0035,0.3678,0.2,1.6,-0.4863,-0.8011,-0.1715,2.6046,1.9679,0
2019-07-22,1.8,2.0405,-0.0175,0.2566,-0.4708,-0.0088,0.3672,0.21,1.59,-0.4883,-0.7999,-0.1767,2.6087,1.9802,0
2019-07-23,1.83,2.0463,-0.0178,0.2654,-0.4631,-0.0008,0.3635,0.22,1.61,-0.4809,-0.7883,-0.1734,2.6191,1.997,0
2019-07-24,1.82,2.0414,-0.0185,0.2764,-0.4785,-0.0008,0.3719,0.23,1.59,-0.497,-0.8143,-0.1797,2.635,1.9905,0
2019-07-25,1.85,2.0479,-0.0156,0.2909,-0.4722,-0.001,0.3751,0.25,1.6,-0.4878,-0.8082,-0.1674,2.6592,2.0065,0
2019-07-26,1.85,2.0487,-0.0151,0.3041,-0.4786,-0.0091,0.3935,0.28,1.57,-0.4937,-0.8211,-0.1664,2.6802,2.0146,0
2019-07-29,1.84,2.0431,-0.0161,0.2968,-0.4857,0.0019,0.4027,0.27,1.57,-0.5018,-0.8303,-0.1734,2.6684,2.0023,0
2019-07-30,1.84,2.0428,-0.0142,0.299,-0.4862,-0.0014,0.3951,0.26,1.58,-0.5004,-0.8329,-0.1679,2.6743,1.9952,0
2019-07-31,1.84,2.0359,-0.012,0.3336,-0.5156,-0.0019,0.38,0.28,1.56,-0.5276,-0.8847,-0.1705,2.7266,1.9991,0
2019-08-01,1.68,1.9994,-0.0217,0.2652,-0.5561,-0.0068,0.4163,0.21,1.47,-0.5778,-0.9329,-0.2227,2.6197,1.9099,0
2019-08-02,1.66,1.9906,-0.0225,0.2727,-0.5695,-0.0113,0.4395,0.21,1.45,-0.592,-0.9525,-0.2316,2.6238,1.8903,0
2019-08-05,1.55,1.9608,-0.0304,0.2348,-0.6094,-0.0059,0.4679,0.16,1.39,-0.6398,-1.0046,-0.2749,2.5605,1.8228,0
2019-08-06,1.53,1.9529,-0.033,0.2403,-0.6222,-0.008,0.4442,0.13,1.4,-0.6552,-1.0219,-0.2885,2.5599,1.812,0
2019-08-07,1.52,1.9493,-0.0315,0.2316,-0.6223,-0.0071,0.4463,0.14,1.38,-0.6538,-1.0213,-0.2863,2.5484,1.7947,0
2019-08-08,1.54,1.9514,-0.0288,0.2431,-0.6214,-0.0043,0.4101,0.11,1.43,-0.6502,-1.022,-0.2783,2.5663,1.804,0
2019-08-09,1.57,1.959,-0.025,0.2494,-0.61,-0.0033,0.4133,0.13,1.44,-0.635,-1.0076,-0.2624,2.581,1.8172,0
2019-08-12,1.49,1.9351,-0.0282,0.2458,-0.6565,-0.0063,0.4254,0.1,1.39,-0.6847,-1.0788,-0.2905,2.5751,1.7735,0
2019-08-13,1.57,1.9458,-0.0213,0.3013,-0.6571,0.0013,0.4125,0.13,1.44,-0.6784,-1.0902,-0.2665,2.659,1.8097,0
2019-08-14,1.51,1.9261,-0.021,0.2983,-0.6943,0.0008,0.4524,0.15,1.36,-0.7153,-1.1489,-0.2816,2.6581,1.7683,0
2019-08-15,1.42,1.9057,-0.0243,0.2533,-0.7108,-0.004,0.4586,0.08,1.34,-0.7351,-1.1659,-0.3042,2.5899,1.7109,0
2019-08-16,1.42,1.9112,-0.0247,0.2362,-0.6911,-0.0116,0.476,0.08,1.34,-0.7158,-1.1324,-0.2992,2.564,1.7113,0
2019-08-19,1.47,1.9255,-0.024,0.2478,-0.6676,-0.0116,0.4618,0.11,1.36,-0.6916,-1.0963,-0.2869,2.578,1.749,0
2019-08-20,1.42,1.9132,-0.0281,0.2324,-0.6875,-0.01,0.4776,0.08,1.34,-0.7156,-1.1239,-0.3072,2.554,1.7223,0
2019-08-21,1.47,1.9245,-0.0247,0.2555,-0.6739,-0.0114,0.4833,0.13,1.34,-0.6986,-1.1071,-0.2901,2.5885,1.7495,0
2019-08-22,1.5,1.9312,-0.0223,0.2562,-0.661,-0.0041,0.4834,0.15,1.35,-0.6833,-1.0875,-0.2791,2.5915,1.7673,0
2019-08-23,1.4,1.9056,-0.0273,0.2299,-0.6977,-0.0105,0.458,0.05,1.35,-0.725,-1.138,-0.312,2.5485,1.7117,0
2019-08-26,1.43,1.9119,-0.0267,0.2428,-0.691,-0.0071,0.4623,0.09,1.34,-0.7177,-1.1292,-0.3061,2.5663,1.7289,0
2019-08-27,1.4,1.8972,-0.0305,0.2532,-0.7212,0.0013,0.432,0.04,1.36,-0.7517,-1.1735,-0.33,2.5722,1.7158,0
2019-08-28,1.37,1.8924,-0.0302,0.2473,-0.7285,-0.011,0.4197,0.01,1.36,-0.7587,-1.1856,-0.3318,2.5666,1.697,0
2019-08-29,1.4,1.9007,-0.0273,0.2528,-0.7147,-0.0115,0.3968,0.01,1.39,-0.742,-1.1666,-0.3175,2.5781,1.7121,0
2019-08-30,1.39,1.9011,-0.0293,0.2403,-0.7165,-0.0057,0.4497,0.04,1.35,-0.7458,-1.17,-0.3215,2.5657,1.707,0
2019-09-03,1.35,1.8936,-0.0334,0.2171,-0.7205,-0.0067,0.4907,0.06,1.29,-0.7539,-1.1708,-0.337,2.5276,1.6854,0
2019-09-04,1.32,1.8898,-0.0366,0.1939,-0.714,-0.0131,0.4807,0.01,1.31,-0.7506,-1.154,-0.3472,2.4871,1.6711,0
2019-09-05,1.43,1.9181,-0.0287,0.2287,-0.6734,-0.0147,0.4701,0.08,1.35,-0.7021,-1.0999,-0.3044,2.5445,1.7297,0
2019-09-06,1.42,1.9149,-0.0274,0.2284,-0.6804,-0.0154,0.4683,0.07,1.35,-0.7078,-1.1117,-0.304,2.5471,1.7255,0
2019-09-09,1.49,1.9347,-0.022,0.2308,-0.6432,-0.0103,0.4717,0.11,1.38,-0.6652,-1.0571,-0.2733,2.5573,1.7588,0
2019-09-10,1.58,1.9589,-0.0139,0.2625,-0.6144,-0.0131,0.4828,0.18,1.4,-0.6283,-1.0229,-0.2337,2.616,1.812,0
2019-09-11,1.6,1.966,-0.0105,0.2572,-0.5979,-0.0148,0.4932,0.2,1.4,-0.6084,-0.9981,-0.2187,2.6129,1.8224,0
2019-09-12,1.65,1.9776,-0.0064,0.2745,-0.5831,-0.0126,0.4787,0.22,1.43,-0.5895,-0.9793,-0.1996,2.642,1.8511,0
2019-09-13,1.75,2.0067,0.0013,0.3,-0.539,-0.019,0.474,0.29,1.46,-0.5377,-0.9187,-0.1567,2.6877,1.9117,0
2019-09-16,1.69,1.9909,-0.0021,0.2867,-0.5661,-0.0193,0.4412,0.21,1.48,-0.5682,-0.9575,-0.179,2.6668,1.885,0
2019-09-17,1.66,1.9834,-0.0052,0.2806,-0.5798,-0.019,0.4428,0.2,1.46,-0.585,-0.9771,-0.193,2.6561,1.8703,0
2019-09-18,1.68,1.9862,-0.0021,0.302,-0.5858,-0.0204,0.5045,0.28,1.4,-0.5879,-0.9929,-0.1828,2.6933,1.8752,0
2019-09-19,1.66,1.9785,-0.0031,0.296,-0.5944,-0.017,0.4947,0.25,1.41,-0.5975,-1.0029,-0.1921,2.6799,1.864,0
2019-09-20,1.61,1.9643,-0.0064,0.2857,-0.6158,-0.0179,0.4702,0.19,1.42,-0.6222,-1.0323,-0.212,2.6602,1.8353,0
2019-09-23,1.59,1.9579,-0.0102,0.2769,-0.6222,-0.0124,0.4633,0.17,1.42,-0.6324,-1.0371,-0.2276,2.6396,1.8264,0
2019-09-24,1.52,1.9378,-0.0163,0.262,-0.656,-0.0075,0.4721,0.13,1.39,-0.6723,-1.0857,-0.2588,2.6133,1.7828,0
2019-09-25,1.6,1.9607,-0.0112,0.2773,-0.6173,-0.0094,0.4946,0.19,1.41,-0.6285,-1.031,-0.2261,2.6404,1.8214,0
2019-09-26,1.59,1.9563,-0.0092,0.2766,-0.6266,-0.0071,0.5071,0.19,1.4,-0.6358,-1.0472,-0.2245,2.6443,1.8105,0
2019-09-27,1.56,1.9515,-0.0097,0.2554,-0.6281,-0.0091,0.5444,0.2,1.36,-0.6378,-1.0475,-0.2281,2.6166,1.7908,0
2019-09-30,1.55,1.949,-0.0094,0.2464,-0.627,-0.009,0.5497,0.2,1.35,-0.6364,-1.0441,-0.2286,2.6032,1.7801,0
2019-10-01,1.51,1.9412,-0.0129,0.2133,-0.6269,-0.0047,0.5567,0.18,1.33,-0.6398,-1.0373,-0.2422,2.552,1.7536,0
2019-10-02,1.43,1.9276,-0.0171,0.1709,-0.6344,-0.0169,0.5674,0.14,1.29,-0.6515,-1.0422,-0.2609,2.4891,1.7059,0
2019-10-03,1.34,1.9094,-0.0212,0.1161,-0.6452,-0.019,0.5796,0.09,1.25,-0.6664,-1.0509,-0.282,2.4099,1.6398,0
2019-10-04,1.34,1.9043,-0.0199,0.126,-0.6561,-0.0143,0.5557,0.07,1.27,-0.676,-1.0692,-0.2828,2.4235,1.629,0
2019-10-07,1.38,1.9148,-0.0187,0.1527,-0.6466,-0.0222,0.5522,0.11,1.27,-0.6653,-1.0562,-0.2744,2.4584,1.6716,0
2019-10-08,1.36,1.9097,-0.0203,0.1313,-0.6491,-0.0117,0.5798,0.11,1.25,-0.6694,-1.0576,-0.2811,2.4293,1.651,0
2019-10-09,1.4,1.9228,-0.0163,0.1435,-0.6267,-0.0232,0.5989,0.16,1.24,-0.643,-1.0261,-0.26,2.4493,1.6755,0
2019-10-10,1.48,1.9427,-0.0086,0.16,-0.5934,-0.0208,0.5883,0.19,1.29,-0.602,-0.9801,-0.2238,2.4809,1.7126,0
2019-10-11,1.59,1.9696,0.0022,0.1938,-0.5575,-0.0181,0.5768,0.25,1.34,-0.5553,-0.9359,-0.1746,2.544,1.7671,0
2019-10-15,1.59,1.9719,0.0059,0.1861,-0.5501,-0.0238,0.5832,0.26,1.33,-0.5442,-0.9253,-0.1631,2.5391,1.7693,0
2019-10-16,1.57,1.9662,0.0055,0.1571,-0.5465,-0.0123,0.5682,0.22,1.35,-0.541,-0.9146,-0.1673,2.4969,1.7477,0
2019-10-17,1.57,1.9682,0.0071,0.1608,-0.544,-0.0221,0.5455,0.05,1.52,-0.5369,-0.9127,-0.1612,2.5048,1.7485,0
2019-10-18,1.56,1.9676,0.0057,0.144,-0.5384,-0.0188,0.5355,0.04,1.52,-0.5327,-0.901,-0.1645,2.4798,1.7435,0
2019-10-21,1.61,1.9791,0.0075,0.1611,-0.5251,-0.0126,0.543,0.08,1.53,-0.5176,-0.8841,-0.151,2.5068,1.7698,0
2019-10-22,1.6,1.9744,0.0082,0.1648,-0.5354,-0.012,0.5323,0.07,1.53,-0.5272,-0.9009,-0.1534,2.513,1.7614,0
2019-10-23,1.58,1.9712,0.0076,0.1602,-0.5385,-0.0205,0.5171,0.06,1.52,-0.5309,-0.9044,-0.1574,2.5049,1.7545,0
2019-10-24,1.58,1.9727,0.0073,0.1605,-0.536,-0.0245,0.5067,0.06,1.52,-0.5287,-0.9001,-0.1573,2.5046,1.7602,0
2019-10-25,1.62,1.9803,0.0101,0.1825,-0.5309,-0.0219,0.4854,0.07,1.55,-0.5208,-0.8969,-0.1447,2.5389,1.7803,0
2019-10-28,1.66,1.9946,0.0131,0.1793,-0.5048,-0.0221,0.5129,0.13,1.53,-0.4917,-0.8591,-0.1244,2.5412,1.8018,0
2019-10-29,1.66,1.9936,0.0139,0.178,-0.5085,-0.017,0.5444,0.15,1.51,-0.4946,-0.8665,-0.1227,2.5435,1.7967,0
2019-10-30,1.61,1.9783,0.0125,0.1692,-0.5332,-0.0169,0.5627,0.14,1.47,-0.5207,-0.9025,-0.1388,2.5294,1.7652,0
2019-10-31,1.51,1.9535,0.007,0.1226,-0.5571,-0.016,0.5593,0.07,1.44,-0.5501,-0.9291,-0.171,2.4551,1.7026,0
2019-11-01,1.55,1.9609,0.0113,0.1439,-0.5501,-0.0161,0.5244,0.05,1.5,-0.5388,-0.924,-0.1536,2.49,1.7138,0
2019-11-04,1.6,1.9767,0.0149,0.1497,-0.523,-0.0183,0.4885,0.04,1.56,-0.5081,-0.8844,-0.1318,2.5027,1.7462,0
2019-11-05,1.66,1.9977,0.0185,0.1531,-0.4862,-0.0231,0.4825,0.08,1.58,-0.4677,-0.8307,-0.1048,2.5138,1.7845,0
2019-11-06,1.63,1.9878,0.0175,0.1482,-0.5044,-0.019,0.467,0.06,1.57,-0.4869,-0.8584,-0.1154,2.5075,1.7646,0
2019-11-07,1.74,2.019,0.0239,0.1662,-0.4521,-0.017,0.4822,0.13,1.61,-0.4282,-0.7832,-0.0731,2.5402,1.8224,0
2019-11-08,1.74,2.0243,0.0248,0.1548,-0.4387,-0.0252,0.4631,0.11,1.63,-0.4139,-0.7619,-0.0659,2.5271,1.8292,0
2019-11-12,1.73,2.0189,0.0231,0.1525,-0.4496,-0.0149,0.4761,0.13,1.6,-0.4265,-0.7778,-0.0751,2.5227,1.821,0
2019-11-13,1.69,2.0077,0.0193,0.141,-0.4665,-0.0115,0.4987,0.11,1.58,-0.4472,-0.8006,-0.0939,2.5021,1.7995,0
2019-11-14,1.63,1.9924,0.0144,0.1214,-0.4866,-0.0116,0.5147,0.09,1.54,-0.4722,-0.8258,-0.1186,2.4674,1.7672,0
2019-11-15,1.65,1.9956,0.0151,0.1417,-0.4878,-0.0146,0.5272,0.13,1.52,-0.4727,-0.8307,-0.1148,2.4952,1.7781,0
2019-11-18,1.63,1.9884,0.0141,0.1338,-0.4968,-0.0094,0.506,0.09,1.54,-0.4827,-0.8422,-0.1233,2.4816,1.7636,0
2019-11-19,1.63,1.9829,0.0144,0.1463,-0.5129,-0.0006,0.5014,0.1,1.53,-0.4985,-0.8694,-0.1276,2.5001,1.7569,0
2019-11-20,1.58,1.9689,0.0116,0.1385,-0.536,-0.003,0.4999,0.07,1.51,-0.5244,-0.9021,-0.1467,2.4851,1.7318,0
2019-11-21,1.62,1.9791,0.0141,0.1571,-0.5223,-0.008,0.4963,0.09,1.53,-0.5082,-0.8842,-0.1323,2.5122,1.7561,0
2019-11-22,1.62,1.979,0.0159,0.1684,-0.5288,-0.0145,0.4933,0.09,1.53,-0.5129,-0.8972,-0.1285,2.5317,1.7593,0
2019-11-25,1.62,1.9768,0.0155,0.1712,-0.5327,-0.0108,0.4826,0.09,1.53,-0.5172,-0.9021,-0.1324,2.5328,1.7618,0
2019-11-26,1.58,1.9696,0.0127,0.1641,-0.5431,-0.0233,0.4739,0.06,1.52,-0.5304,-0.9151,-0.1457,2.5184,1.7512,0
2019-11-27,1.63,1.9793,0.0153,0.188,-0.5357,-0.0169,0.479,0.09,1.54,-0.5204,-0.9088,-0.132,2.5557,1.7747,0
2019-11-29,1.62,1.9819,0.0144,0.1722,-0.5255,-0.023,0.5003,0.12,1.5,-0.5111,-0.8906,-0.1316,2.5336,1.7758,0
2019-12-02,1.65,1.995,0.0141,0.147,-0.4882,-0.0179,0.4904,0.11,1.54,-0.4741,-0.8287,-0.1196,2.4965,1.7896,0
2019-12-03,1.54,1.9647,0.0091,0.1249,-0.5402,-0.0185,0.4652,0.03,1.51,-0.5311,-0.9062,-0.156,2.4646,1.721,0
2019-12-04,1.6,1.9781,0.0141,0.1468,-0.5207,-0.0183,0.452,0.06,1.54,-0.5066,-0.8813,-0.1319,2.4996,1.7452,0
2019-12-05,1.62,1.9858,0.0169,0.1417,-0.5057,-0.0187,0.4585,0.07,1.55,-0.4888,-0.8598,-0.1178,2.4986,1.7551,0
2019-12-06,1.67,1.9975,0.0211,0.1578,-0.4887,-0.0178,0.4438,0.08,1.59,-0.4676,-0.8371,-0.098,2.5249,1.7803,0
2019-12-09,1.67,1.9958,0.0211,0.1643,-0.495,-0.0162,0.4387,0.08,1.59,-0.4739,-0.8476,-0.1002,2.5338,1.7837,0
2019-12-10,1.68,1.9984,0.0239,0.1802,-0.4961,-0.0264,0.4319,0.09,1.59,-0.4722,-0.8533,-0.0912,2.5596,1.7905,0
2019-12-11,1.64,1.9849,0.0211,0.1695,-0.5165,-0.0189,0.4122,0.04,1.6,-0.4954,-0.8807,-0.1101,2.5397,1.7689,0
2019-12-12,1.73,2.0133,0.0266,0.1772,-0.4645,-0.0225,0.4278,0.11,1.62,-0.4379,-0.8043,-0.0716,2.5568,1.8159,0
2019-12-13,1.66,1.9935,0.0227,0.1553,-0.4957,-0.0158,0.4117,0.04,1.62,-0.473,-0.8484,-0.0976,2.5242,1.7754,0
2019-12-16,1.72,2.0096,0.0244,0.1644,-0.4663,-0.0121,0.4114,0.08,1.64,-0.4419,-0.8037,-0.0801,2.5358,1.8079,0
2019-12-17,1.71,2.0096,0.0237,0.1578,-0.464,-0.0171,0.3928,0.06,1.65,-0.4403,-0.7988,-0.0817,2.5259,1.8067,0
2019-12-18,1.74,2.0196,0.024,0.1488,-0.4409,-0.0115,0.3867,0.06,1.68,-0.4169,-0.762,-0.0719,2.5135,1.8199,0
2019-12-19,1.73,2.0183,0.0224,0.1368,-0.4406,-0.007,0.3744,0.05,1.68,-0.4182,-0.7602,-0.0762,2.4971,1.8119,0
2019-12-20,1.73,2.0202,0.0219,0.1398,-0.4394,-0.0124,0.3786,0.06,1.67,-0.4175,-0.759,-0.0761,2.5014,1.8168,0
2019-12-23,1.75,2.0227,0.0225,0.1571,-0.4421,-0.0101,0.3939,0.08,1.67,-0.4196,-0.7658,-0.0735,2.5259,1.8293,0
2019-12-24,1.72,2.0152,0.0186,0.1398,-0.4483,-0.0053,0.3853,0.05,1.67,-0.4297,-0.7697,-0.0897,2.4949,1.8153,0
2019-12-26,1.72,2.0148,0.0178,0.1439,-0.4508,-0.0057,0.3914,0.06,1.66,-0.433,-0.774,-0.0921,2.4997,1.8154,0
2019-12-27,1.68,2.0078,0.0143,0.1201,-0.4561,-0.0061,0.4074,0.04,1.64,-0.4418,-0.7781,-0.1054,2.4643,1.7925,0
2019-12-30,1.68,2.0108,0.0118,0.1111,-0.4473,-0.0064,0.394,0.02,1.66,-0.4355,-0.7622,-0.1089,2.4485,1.7948,0
2019-12-31,1.69,2.0178,0.011,0.1085,-0.4325,-0.0148,0.3736,0.01,1.68,-0.4215,-0.7388,-0.1043,2.4436,1.8039,0
2020-01-02,1.67,2.0062,0.0111,0.1065,-0.4527,-0.0011,0.3325,-0.05,1.72,-0.4416,-0.7699,-0.1133,2.4409,1.7788,0
2020-01-03,1.59,1.9856,0.0084,0.0953,-0.4884,-0.0109,0.3201,-0.1,1.69,-0.48,-0.823,-0.137,2.4239,1.7375,0
2020-01-06,1.61,1.9885,0.0087,0.1002,-0.4848,-0.0027,0.3432,-0.08,1.69,-0.4761,-0.8178,-0.1343,2.4305,1.7456,0
2020-01-07,1.62,1.9937,0.0092,0.0977,-0.4735,-0.0072,0.3702,-0.05,1.67,-0.4643,-0.8001,-0.1284,2.4273,1.7539,0
2020-01-08,1.67,2.0051,0.0124,0.1044,-0.4537,0.0019,0.3696,-0.01,1.68,-0.4413,-0.772,-0.1107,2.4401,1.7757,0
2020-01-09,1.65,1.9999,0.0119,0.1023,-0.4643,0.0002,0.3724,-0.02,1.67,-0.4524,-0.7884,-0.1164,2.4382,1.7664,0
2020-01-10,1.63,1.9925,0.0123,0.1098,-0.4802,-0.0044,0.3565,-0.04,1.67,-0.4679,-0.814,-0.1218,2.4484,1.7542,0
2020-01-13,1.65,1.9966,0.013,0.1135,-0.4724,-0.0006,0.3467,-0.05,1.7,-0.4594,-0.8012,-0.1176,2.4519,1.7671,0
2020-01-14,1.63,1.9891,0.0119,0.1156,-0.4879,0.0012,0.338,-0.07,1.7,-0.476,-0.8249,-0.127,2.4537,1.7557,0
2020-01-15,1.6,1.9805,0.0094,0.1152,-0.5041,-0.001,0.3442,-0.07,1.67,-0.4947,-0.8485,-0.1409,2.4495,1.7432,0
2020-01-16,1.63,1.9873,0.0113,0.1164,-0.4899,0.0048,0.3593,-0.05,1.68,-0.4786,-0.8275,-0.1297,2.4526,1.7509,0
2020-01-17,1.63,1.9931,0.0107,0.1,-0.473,-0.0009,0.359,-0.05,1.68,-0.4623,-0.7986,-0.126,2.4294,1.7591,0
2020-01-21,1.57,1.9777,0.0065,0.0921,-0.5001,-0.0063,0.3447,-0.09,1.66,-0.4936,-0.8375,-0.1496,2.4138,1.7301,0
2020-01-22,1.57,1.9761,0.0059,0.0996,-0.5057,-0.0058,0.3663,-0.07,1.64,-0.4998,-0.8476,-0.1521,2.4234,1.7247,0
2020-01-23,1.55,1.9658,0.0046,0.1011,-0.5243,0.0028,0.3578,-0.09,1.64,-0.5197,-0.8751,-0.1644,2.4223,1.7085,0
2020-01-24,1.51,1.955,0.0029,0.0964,-0.5428,-0.0016,0.3583,-0.11,1.62,-0.5399,-0.902,-0.1777,2.4136,1.6879,0
2020-01-27,1.44,1.931,-0.004,0.0892,-0.5868,0.0106,0.3779,-0.12,1.56,-0.5908,-0.9656,-0.216,2.395,1.6491,0
2020-01-28,1.47,1.9395,-0.0036,0.1007,-0.5719,0.0052,0.3727,-0.12,1.59,-0.5755,-0.9426,-0.2083,2.4074,1.6688,0
2020-01-29,1.41,1.925,-0.0073,0.0919,-0.5986,-0.0011,0.3584,-0.17,1.58,-0.6059,-0.9823,-0.2295,2.3933,1.6392,0
2020-01-30,1.39,1.9183,-0.0095,0.0868,-0.6064,0.0008,0.3428,-0.2,1.59,-0.6159,-0.991,-0.2408,2.3802,1.6267,0
2020-01-31,1.32,1.9012,-0.0146,0.0607,-0.6279,0.0005,0.3123,-0.28,1.6,-0.6425,-1.0185,-0.2664,2.338,1.584,0
2020-02-03,1.35,1.9091,-0.014,0.08,-0.6231,-0.002,0.3531,-0.21,1.56,-0.6371,-1.0152,-0.259,2.3672,1.6032,0
2020-02-04,1.42,1.9278,-0.0096,0.0901,-0.5886,0.0003,0.3626,-0.16,1.58,-0.5982,-0.9638,-0.2327,2.3834,1.6414,0
2020-02-05,1.46,1.9416,-0.0058,0.091,-0.5618,-0.005,0.3532,-0.15,1.61,-0.5676,-0.9237,-0.2114,2.3888,1.6668,0
2020-02-06,1.45,1.9379,-0.0053,0.0988,-0.5735,-0.0079,0.3404,-0.16,1.61,-0.5788,-0.9438,-0.2139,2.4017,1.6645,0
2020-02-07,1.41,1.9239,-0.0078,0.0893,-0.5956,0.0002,0.3256,-0.2,1.61,-0.6034,-0.9751,-0.2318,2.3849,1.6374,0
2020-02-10,1.38,1.9151,-0.0116,0.0774,-0.606,0.0051,0.3163,-0.24,1.62,-0.6176,-0.9864,-0.2489,2.3612,1.6219,0
2020-02-11,1.4,1.9233,-0.0088,0.0849,-0.5951,-0.0043,0.3392,-0.2,1.6,-0.6039,-0.9738,-0.234,2.3781,1.6305,0
2020-02-12,1.45,1.9352,-0.0055,0.0916,-0.574,0.0027,0.3285,-0.19,1.64,-0.5795,-0.943,-0.2159,2.3904,1.6542,0
2020-02-13,1.43,1.9316,-0.005,0.0923,-0.5815,-0.0074,0.3067,-0.22,1.65,-0.5865,-0.9551,-0.2179,2.3925,1.6495,0
2020-02-14,1.42,1.9262,-0.0059,0.0888,-0.5907,0.0016,0.3081,-0.22,1.64,-0.5966,-0.9683,-0.2249,2.3867,1.6399,0
2020-02-18,1.39,1.9163,-0.0079,0.0877,-0.6073,0.0011,0.2994,-0.25,1.64,-0.6152,-0.992,-0.2383,2.3809,1.6231,0
2020-02-19,1.41,1.9198,-0.0066,0.0967,-0.6032,0.0033,0.3076,-0.24,1.65,-0.6098,-0.9874,-0.2323,2.394,1.6308,0
2020-02-20,1.37,1.9076,-0.0084,0.0914,-0.6248,0.0042,0.3134,-0.26,1.63,-0.6332,-1.0194,-0.247,2.3852,1.6075,0
2020-02-21,1.3,1.8898,-0.012,0.0767,-0.6513,-0.0031,0.3115,-0.3,1.6,-0.6633,-1.0564,-0.2703,2.3595,1.5695,0
2020-02-24,1.21,1.868,-0.0175,0.0459,-0.6783,-0.0082,0.3131,-0.36,1.57,-0.6958,-1.0909,-0.3006,2.3091,1.5154,0
2020-02-25,1.16,1.8546,-0.0218,0.025,-0.6956,-0.0023,0.3616,-0.36,1.52,-0.7174,-1.1138,-0.321,2.276,1.4782,0
2020-02-26,1.14,1.8533,-0.0219,0.0163,-0.6916,-0.0161,0.3688,-0.36,1.5,-0.7135,-1.1066,-0.3203,2.2628,1.4626,0
2020-02-27,1.11,1.8461,-0.0204,-0.0197,-0.6876,-0.0083,0.3885,-0.37,1.48,-0.708,-1.0973,-0.3188,2.2156,1.4224,0
2020-02-28,0.89,1.8018,-0.0269,-0.1317,-0.7291,-0.0242,0.4923,-0.44,1.33,-0.756,-1.1501,-0.3618,2.0643,1.2669,0
2020-03-02,0.88,1.7973,-0.0174,-0.1663,-0.7132,-0.0204,0.4974,-0.44,1.32,-0.7306,-1.1258,-0.3354,2.0262,1.2146,0
2020-03-03,0.77,1.7745,-0.0162,-0.2595,-0.7068,-0.022,0.434,-0.57,1.34,-0.723,-1.1008,-0.3453,1.8927,1.1302,0
2020-03-04,0.75,1.7774,-0.0086,-0.3198,-0.6683,-0.0306,0.437,-0.59,1.34,-0.6769,-1.0372,-0.3166,1.8179,1.0871,0
2020-03-05,0.67,1.7558,-0.0023,-0.3644,-0.688,-0.0311,0.4776,-0.61,1.28,-0.6903,-1.0677,-0.3129,1.7688,1.0062,0
2020-03-06,0.58,1.7192,0.0057,-0.3534,-0.7579,-0.0336,0.5475,-0.56,1.14,-0.7522,-1.1837,-0.3207,1.7973,0.9193,0
2020-03-09,0.46,1.6833,0.0121,-0.3439,-0.8425,-0.049,0.8713,-0.34,0.8,-0.8304,-1.3302,-0.3307,1.8392,0.8247,0
2020-03-10,0.63,1.7375,0.0213,-0.3261,-0.7326,-0.0701,0.9508,-0.14,0.77,-0.7113,-1.1555,-0.2671,1.8556,0.9611,0
2020-03-11,0.66,1.7438,0.0276,-0.2698,-0.7542,-0.0873,1.1,-0.03,0.69,-0.7266,-1.207,-0.2462,1.9544,0.9747,0
2020-03-12,0.66,1.7614,0.0284,-0.3505,-0.6786,-0.1007,1.1568,0.03,0.63,-0.6502,-1.0742,-0.2262,1.8349,0.9855,0
2020-03-13,0.7,1.7796,0.0288,-0.3375,-0.6603,-0.1106,1.2508,0.17,0.53,-0.6315,-1.0544,-0.2086,1.865,1.0103,0
2020-03-16,0.49,1.7248,0.0181,-0.379,-0.7673,-0.1066,1.4464,0.19,0.3,-0.7492,-1.2201,-0.2783,1.8167,0.8846,0
2020-03-17,0.66,1.8023,0.0269,-0.4652,-0.5679,-0.1361,1.6827,0.5,0.16,-0.541,-0.897,-0.185,1.6931,0.9877,0
2020-03-18,0.79,1.8504,0.0481,-0.4637,-0.4696,-0.1752,1.7764,0.63,0.16,-0.4215,-0.7583,-0.0846,1.7235,1.0311,0
2020-03-19,0.66,1.8349,0.0447,-0.5463,-0.469,-0.2043,1.8311,0.52,0.14,-0.4243,-0.7459,-0.1027,1.6102,0.9782,0
2020-03-20,0.52,1.772,0.0379,-0.5517,-0.5648,-0.1733,1.5067,0.21,0.31,-0.5269,-0.8794,-0.1744,1.5728,0.8741,0
2020-03-23,0.38,1.7194,0.0254,-0.5634,-0.6644,-0.1371,1.3733,0.01,0.37,-0.639,-1.0257,-0.2522,1.5428,0.791,0
2020-03-24,0.52,1.7409,0.0352,-0.4902,-0.6405,-0.1254,1.1939,-0.03,0.55,-0.6053,-0.9983,-0.2123,1.6437,0.85,0
2020-03-25,0.56,1.7472,0.0354,-0.5336,-0.6064,-0.0827,1.1031,-0.13,0.69,-0.571,-0.9376,-0.2044,1.5802,0.8479,0
2020-03-26,0.51,1.7366,0.0311,-0.5732,-0.6126,-0.0719,1.0662,-0.21,0.72,-0.5815,-0.941,-0.222,1.5229,0.8132,0
2020-03-27,0.41,1.7128,0.0234,-0.59,-0.6646,-0.0715,1.186,-0.13,0.54,-0.6412,-1.0224,-0.2601,1.5039,0.76,0
2020-03-30,0.39,1.7025,0.0156,-0.5767,-0.6788,-0.0726,1.1331,-0.18,0.57,-0.6632,-1.0342,-0.2922,1.4968,0.767,0
2020-03-31,0.37,1.7062,0.0074,-0.5992,-0.6711,-0.0733,1.2175,-0.12,0.49,-0.6637,-1.0174,-0.3099,1.4607,0.7743,0
2020-04-01,0.37,1.6845,0.0063,-0.5501,-0.7257,-0.045,1.1449,-0.19,0.56,-0.7194,-1.1062,-0.3325,1.5212,0.7453,0
2020-04-02,0.39,1.6848,0.0084,-0.5342,-0.7222,-0.0468,1.0006,-0.34,0.73,-0.7138,-1.0995,-0.3282,1.5362,0.754,0
2020-04-03,0.39,1.6851,0.009,-0.5493,-0.7151,-0.0397,0.9216,-0.39,0.78,-0.7061,-1.0856,-0.3266,1.5153,0.7557,0
2020-04-06,0.44,1.6985,0.0114,-0.5347,-0.6956,-0.0396,0.8621,-0.41,0.85,-0.6842,-1.0585,-0.3099,1.5381,0.7859,0
2020-04-07,0.48,1.7146,0.0118,-0.5391,-0.6644,-0.0429,0.8726,-0.38,0.86,-0.6526,-1.0096,-0.2957,1.5325,0.8178,0
2020-04-08,0.47,1.7184,0.0055,-0.5682,-0.6462,-0.0395,0.8548,-0.4,0.87,-0.6407,-0.9728,-0.3086,1.4823,0.8251,0
2020-04-09,0.41,1.7053,-0.0012,-0.5834,-0.6677,-0.043,0.8053,-0.49,0.9,-0.6689,-1.0016,-0.3362,1.4546,0.7988,0
2020-04-13,0.44,1.7137,-0.0046,-0.575,-0.6563,-0.0378,0.761,-0.5,0.94,-0.6609,-0.9838,-0.338,1.4617,0.8165,0
2020-04-14,0.42,1.712,-0.0071,-0.5983,-0.6514,-0.0352,0.7508,-0.52,0.94,-0.6585,-0.9729,-0.3441,1.4281,0.8012,0
2020-04-15,0.34,1.6822,-0.0092,-0.5973,-0.7115,-0.0242,0.7671,-0.53,0.87,-0.7207,-1.0678,-0.3736,1.432,0.7397,0
2020-04-16,0.35,1.6819,-0.0071,-0.5784,-0.7238,-0.0226,0.9452,-0.35,0.7,-0.7309,-1.0934,-0.3684,1.466,0.739,0
2020-04-17,0.36,1.6887,-0.0039,-0.5897,-0.6998,-0.0353,0.9788,-0.31,0.67,-0.7037,-1.0536,-0.3538,1.4489,0.7461,0
2020-04-20,0.35,1.6832,-0.0025,-0.589,-0.713,-0.0286,1.0748,-0.21,0.56,-0.7155,-1.0762,-0.3549,1.4548,0.7355,0
2020-04-21,0.34,1.6691,0.0007,-0.5629,-0.7419,-0.025,1.0373,-0.24,0.58,-0.7412,-1.1225,-0.3599,1.4875,0.7186,0
2020-04-22,0.37,1.6777,0.0042,-0.5694,-0.7148,-0.0276,0.9519,-0.32,0.69,-0.7106,-1.0774,-0.3439,1.475,0.7347,0
2020-04-23,0.37,1.6748,0.0054,-0.5592,-0.7292,-0.0218,0.9301,-0.3,0.67,-0.7238,-1.1039,-0.3437,1.4957,0.7323,0
2020-04-24,0.36,1.6721,0.0062,-0.5594,-0.7292,-0.0297,0.8531,-0.36,0.72,-0.723,-1.1017,-0.3442,1.4915,0.7298,0
2020-04-27,0.41,1.6878,0.0076,-0.5675,-0.6975,-0.0204,0.8252,-0.37,0.78,-0.6899,-1.0527,-0.3272,1.483,0.7565,0
2020-04-28,0.37,1.6772,0.0066,-0.5654,-0.7225,-0.0259,0.8173,-0.39,0.76,-0.7159,-1.0936,-0.3381,1.4895,0.7334,0
2020-04-29,0.36,1.6773,0.0054,-0.5728,-0.7225,-0.0274,0.8192,-0.42,0.78,-0.7171,-1.094,-0.3402,1.4814,0.727,0
2020-04-30,0.36,1.6837,0.0042,-0.5888,-0.708,-0.031,0.8806,-0.36,0.72,-0.7038,-1.0713,-0.3363,1.4624,0.7296,0
2020-05-01,0.36,1.6829,0.0044,-0.572,-0.7171,-0.0382,0.9003,-0.32,0.68,-0.7127,-1.0882,-0.3372,1.4864,0.7322,0
2020-05-04,0.36,1.6803,0.0024,-0.581,-0.7139,-0.0279,0.8865,-0.33,0.69,-0.7115,-1.0778,-0.3451,1.4657,0.7317,0
2020-05-05,0.36,1.6833,0.0012,-0.5808,-0.7087,-0.035,0.8674,-0.35,0.71,-0.7075,-1.0692,-0.3457,1.4642,0.7388,0
2020-05-06,0.37,1.697,-0.0018,-0.6145,-0.6699,-0.0408,0.8847,-0.34,0.71,-0.6717,-1.0029,-0.3405,1.4137,0.7552,0
2020-05-07,0.29,1.6728,-0.0069,-0.6151,-0.7181,-0.0428,0.8764,-0.41,0.7,-0.725,-1.0767,-0.3733,1.4094,0.7069,0
2020-05-08,0.33,1.6858,-0.0068,-0.623,-0.6882,-0.0378,0.8586,-0.41,0.74,-0.695,-1.0281,-0.3619,1.3959,0.7292,0
2020-05-11,0.36,1.6953,-0.0065,-0.6235,-0.6719,-0.0334,0.8557,-0.39,0.75,-0.6784,-1.0037,-0.3532,1.397,0.7465,0
2020-05-12,0.34,1.6877,-0.0078,-0.6168,-0.6913,-0.0318,0.8748,-0.38,0.72,-0.6991,-1.035,-0.3631,1.4069,0.7342,0
2020-05-13,0.31,1.6768,-0.0085,-0.6093,-0.7144,-0.0346,0.8699,-0.4,0.71,-0.7229,-1.0716,-0.3742,1.4162,0.7156,0
2020-05-14,0.31,1.6724,-0.0082,-0.603,-0.7233,-0.0279,0.8769,-0.4,0.71,-0.7315,-1.0855,-0.3775,1.4234,0.7101,0
2020-05-15,0.31,1.6754,-0.0085,-0.614,-0.7116,-0.0314,0.8416,-0.44,0.75,-0.7201,-1.0647,-0.3754,1.4061,0.7137,0
2020-05-18,0.38,1.6965,-0.0053,-0.6193,-0.6679,-0.024,0.7885,-0.46,0.84,-0.6732,-0.9973,-0.349,1.4013,0.7481,0
2020-05-19,0.35,1.6919,-0.0078,-0.6348,-0.6761,-0.0232,0.784,-0.47,0.82,-0.6839,-1.0092,-0.3586,1.3824,0.7356,0
2020-05-20,0.34,1.6864,-0.0081,-0.6252,-0.6903,-0.0228,0.7542,-0.49,0.83,-0.6984,-1.033,-0.3638,1.3958,0.7245,0
2020-05-21,0.35,1.6864,-0.0074,-0.6191,-0.6941,-0.0158,0.7827,-0.46,0.81,-0.7015,-1.0406,-0.3623,1.4065,0.7263,0
2020-05-22,0.34,1.6799,-0.0079,-0.6077,-0.7101,-0.0143,0.7969,-0.46,0.8,-0.718,-1.0655,-0.3704,1.4198,0.723,0
2020-05-26,0.35,1.6878,-0.0087,-0.6224,-0.6865,-0.0202,0.7826,-0.47,0.82,-0.6952,-1.0247,-0.3656,1.395,0.737,0
2020-05-27,0.34,1.6843,-0.0093,-0.6139,-0.6997,-0.0214,0.7688,-0.48,0.82,-0.709,-1.0479,-0.3702,1.4093,0.7324,0
2020-05-28,0.34,1.6878,-0.0102,-0.6207,-0.689,-0.0279,0.7243,-0.52,0.86,-0.6992,-1.0289,-0.3696,1.3968,0.7386,0
2020-05-29,0.3,1.6773,-0.0134,-0.6208,-0.7147,-0.0284,0.7336,-0.53,0.83,-0.7281,-1.0696,-0.3866,1.398,0.7191,0
2020-06-01,0.31,1.6786,-0.014,-0.6253,-0.7075,-0.0217,0.7069,-0.53,0.84,-0.7215,-1.0562,-0.3869,1.3879,0.7211,0
2020-06-02,0.32,1.6844,-0.0137,-0.6241,-0.6994,-0.0272,0.7203,-0.52,0.84,-0.7131,-1.0452,-0.381,1.3924,0.7298,0
2020-06-03,0.38,1.7047,-0.0115,-0.628,-0.6584,-0.0267,0.7194,-0.5,0.88,-0.6699,-0.982,-0.3579,1.3887,0.7649,0
2020-06-04,0.4,1.7185,-0.0113,-0.6506,-0.6249,-0.0317,0.7315,-0.48,0.88,-0.6362,-0.9281,-0.3443,1.3598,0.7792,0
2020-06-05,0.47,1.7407,-0.0084,-0.6507,-0.5817,-0.0299,0.6978,-0.48,0.95,-0.5901,-0.8629,-0.3173,1.3628,0.8136,0
2020-06-08,0.45,1.7356,-0.0094,-0.651,-0.5948,-0.0304,0.658,-0.53,0.98,-0.6042,-0.8838,-0.3246,1.3642,0.8072,0
2020-06-09,0.4,1.7234,-0.0123,-0.6521,-0.6193,-0.0397,0.6512,-0.58,0.98,-0.6316,-0.9209,-0.3423,1.3606,0.7859,0
2020-06-10,0.33,1.7,-0.0165,-0.6548,-0.6619,-0.0369,0.5908,-0.67,1.0,-0.6784,-0.9834,-0.3734,1.3502,0.7473,0
2020-06-11,0.32,1.6822,-0.0148,-0.6107,-0.7133,-0.0233,0.6109,-0.63,0.95,-0.7281,-1.0706,-0.3857,1.4139,0.7261,0
2020-06-12,0.33,1.6896,-0.0138,-0.628,-0.69,-0.0278,0.6392,-0.62,0.95,-0.7038,-1.0309,-0.3767,1.3887,0.7373,0
2020-06-15,0.33,1.6893,-0.0142,-0.6265,-0.6885,-0.0301,0.6178,-0.65,0.98,-0.7027,-1.0274,-0.3781,1.3875,0.7394,0
2020-06-16,0.34,1.6982,-0.0143,-0.6449,-0.664,-0.0351,0.5813,-0.68,1.02,-0.6783,-0.9862,-0.3704,1.3612,0.7512,0
2020-06-17,0.34,1.6967,-0.0146,-0.6409,-0.6726,-0.0286,0.5976,-0.67,1.01,-0.6872,-1.0026,-0.3718,1.3712,0.7454,0
2020-06-18,0.34,1.6886,-0.013,-0.6234,-0.6917,-0.0204,0.5626,-0.78,1.12,-0.7047,-1.0344,-0.3751,1.3948,0.7338,0
2020-06-19,0.33,1.6872,-0.0122,-0.6232,-0.6936,-0.0282,0.535,-0.73,1.06,-0.7058,-1.0371,-0.3744,1.3954,0.7325,0
2020-06-22,0.34,1.6881,-0.012,-0.624,-0.6895,-0.0225,0.4965,-0.77,1.11,-0.7015,-1.0295,-0.3736,1.392,0.737,0
2020-06-23,0.33,1.6889,-0.0122,-0.6326,-0.6849,-0.0292,0.4488,-0.81,1.14,-0.6971,-1.0212,-0.3729,1.3804,0.7349,0
2020-06-24,0.33,1.6843,-0.0131,-0.626,-0.6997,-0.0155,0.4912,-0.77,1.1,-0.7128,-1.0467,-0.3789,1.3922,0.726,0
2020-06-25,0.32,1.6824,-0.0123,-0.6193,-0.7026,-0.0282,0.4743,-0.79,1.11,-0.7149,-1.0508,-0.379,1.399,0.7256,0
2020-06-26,0.3,1.6727,-0.0136,-0.6183,-0.7214,-0.0194,0.4632,-0.81,1.11,-0.735,-1.0794,-0.3907,1.3987,0.71,0
2020-06-29,0.28,1.6688,-0.0159,-0.6271,-0.7251,-0.0206,0.4408,-0.86,1.14,-0.741,-1.0821,-0.4,1.3827,0.7038,0
2020-06-30,0.29,1.6749,-0.017,-0.636,-0.7101,-0.0218,0.4423,-0.87,1.16,-0.7271,-1.057,-0.3972,1.3688,0.7113,0
2020-07-01,0.31,1.682,-0.0154,-0.6302,-0.6993,-0.0271,0.428,-0.86,1.17,-0.7147,-1.0428,-0.3866,1.3799,0.721,0
2020-07-02,0.29,1.6778,-0.0157,-0.6373,-0.7047,-0.0301,0.3812,-0.92,1.21,-0.7204,-1.0502,-0.3905,1.3704,0.7101,0
2020-07-06,0.31,1.6813,-0.0149,-0.6396,-0.6955,-0.0213,0.3264,-0.97,1.28,-0.7104,-1.0355,-0.3854,1.3668,0.7162,0
2020-07-07,0.29,1.6725,-0.0156,-0.626,-0.7206,-0.0203,0.3253,-0.97,1.26,-0.7362,-1.0769,-0.3955,1.3872,0.706,0
2020-07-08,0.3,1.675,-0.0158,-0.6297,-0.7141,-0.0154,0.3436,-0.95,1.25,-0.7299,-1.066,-0.3938,1.3814,0.7096,0
2020-07-09,0.28,1.6645,-0.015,-0.611,-0.7409,-0.0175,0.3526,-0.94,1.22,-0.7559,-1.1107,-0.4012,1.4082,0.6939,0
2020-07-10,0.3,1.6717,-0.0126,-0.6144,-0.7223,-0.0224,0.3449,-0.95,1.25,-0.7349,-1.0812,-0.3886,1.4036,0.7043,0
2020-07-13,0.3,1.669,-0.0123,-0.6167,-0.727,-0.013,0.3261,-0.97,1.27,-0.7393,-1.0884,-0.3901,1.4014,0.6998,0
2020-07-14,0.28,1.6658,-0.0117,-0.614,-0.7345,-0.0256,0.3252,-0.99,1.27,-0.7462,-1.1012,-0.3912,1.4068,0.6933,0
2020-07-15,0.28,1.6678,-0.0123,-0.6241,-0.7256,-0.0258,0.3188,-1.0,1.28,-0.7379,-1.0846,-0.3912,1.3904,0.6974,0
2020-07-16,0.28,1.6648,-0.0118,-0.6222,-0.7319,-0.0189,0.3087,-1.02,1.3,-0.7437,-1.0956,-0.3917,1.3945,0.6879,0
2020-07-17,0.29,1.667,-0.0111,-0.6265,-0.7235,-0.0159,0.2671,-1.06,1.35,-0.7346,-1.0812,-0.388,1.3871,0.6911,0
2020-07-20,0.29,1.6652,-0.0111,-0.6183,-0.7318,-0.0139,0.2457,-1.08,1.37,-0.7429,-1.0957,-0.3901,1.3997,0.6917,0
2020-07-21,0.27,1.6607,-0.0113,-0.6202,-0.7389,-0.0203,0.2118,-1.13,1.4,-0.7502,-1.1061,-0.3943,1.3964,0.6823,0
2020-07-22,0.27,1.66,-0.0114,-0.6135,-0.7434,-0.0217,0.2036,-1.13,1.4,-0.7548,-1.1141,-0.3955,1.4058,0.6841,0
2020-07-23,0.27,1.6575,-0.0102,-0.6041,-0.7535,-0.0197,0.234,-1.1,1.37,-0.7637,-1.1326,-0.3948,1.4223,0.6806,0
2020-07-24,0.27,1.6574,-0.0099,-0.6056,-0.7502,-0.0217,0.2435,-1.08,1.35,-0.7601,-1.1256,-0.3946,1.4173,0.6833,0
2020-07-27,0.3,1.6628,-0.0088,-0.6072,-0.7378,-0.009,0.244,-1.08,1.38,-0.7466,-1.1059,-0.3872,1.415,0.6931,0
2020-07-28,0.26,1.6542,-0.0089,-0.6085,-0.7542,-0.0226,0.2383,-1.1,1.36,-0.7631,-1.1318,-0.3943,1.4144,0.674,0
2020-07-29,0.25,1.6518,-0.0102,-0.6214,-0.7525,-0.0177,0.2079,-1.13,1.38,-0.7627,-1.1261,-0.3992,1.3938,0.6673,0
2020-07-30,0.23,1.6443,-0.0109,-0.6152,-0.7703,-0.0179,0.2008,-1.14,1.37,-0.7812,-1.1553,-0.4071,1.4031,0.6528,0
2020-07-31,0.21,1.6415,-0.0114,-0.6232,-0.7711,-0.0258,0.1624,-1.19,1.4,-0.7825,-1.1548,-0.4102,1.3906,0.6447,0
2020-08-03,0.22,1.6444,-0.0121,-0.6316,-0.7613,-0.0194,0.1186,-1.24,1.46,-0.7734,-1.1371,-0.4097,1.3764,0.6498,0
2020-08-04,0.19,1.6352,-0.0134,-0.6208,-0.7865,-0.0245,0.1122,-1.26,1.45,-0.7999,-1.1787,-0.4211,1.3933,0.6358,0
2020-08-05,0.22,1.6419,-0.0127,-0.62,-0.7705,-0.0187,0.0622,-1.3,1.52,-0.7832,-1.1525,-0.414,1.3912,0.6503,0
2020-08-06,0.21,1.641,-0.0122,-0.6193,-0.7743,-0.0252,0.0497,-1.32,1.53,-0.7865,-1.1598,-0.4133,1.3949,0.647,0
2020-08-07,0.23,1.6487,-0.012,-0.6245,-0.7588,-0.0234,0.0751,-1.27,1.5,-0.7708,-1.1356,-0.4061,1.3889,0.6606,0
2020-08-10,0.24,1.6523,-0.0126,-0.6272,-0.7516,-0.0209,0.0916,-1.25,1.49,-0.7642,-1.1236,-0.4047,1.3845,0.6678,0
2020-08-11,0.27,1.6656,-0.0108,-0.6338,-0.7239,-0.0271,0.0955,-1.23,1.5,-0.7347,-1.0812,-0.3882,1.3784,0.6864,0
2020-08-12,0.3,1.676,-0.0098,-0.6423,-0.7004,-0.0236,0.0642,-1.26,1.56,-0.7102,-1.0442,-0.3762,1.3677,0.7011,0
2020-08-13,0.32,1.6851,-0.0094,-0.6482,-0.684,-0.0235,0.07,-1.24,1.56,-0.6934,-1.0198,-0.3669,1.3634,0.7134,0
2020-08-14,0.29,1.6843,-0.0117,-0.6642,-0.682,-0.0365,0.0861,-1.24,1.53,-0.6937,-1.0146,-0.3728,1.341,0.7068,0
2020-08-17,0.29,1.6785,-0.0127,-0.6585,-0.6941,-0.0232,0.0741,-1.25,1.54,-0.7068,-1.0333,-0.3803,1.3465,0.6982,0
2020-08-18,0.27,1.6729,-0.0135,-0.6526,-0.7044,-0.0324,0.0307,-1.28,1.55,-0.7179,-1.0479,-0.3878,1.3504,0.6929,0
2020-08-19,0.29,1.6765,-0.0138,-0.6627,-0.6954,-0.0146,0.0468,-1.26,1.55,-0.7092,-1.0335,-0.3848,1.3381,0.6947,0
2020-08-20,0.26,1.6704,-0.0148,-0.6496,-0.715,-0.0309,0.0917,-1.22,1.48,-0.7298,-1.0664,-0.3932,1.3574,0.6874,0
2020-08-21,0.27,1.6663,-0.0131,-0.6387,-0.7226,-0.0219,0.0674,-1.25,1.52,-0.7357,-1.0786,-0.3928,1.3705,0.6831,0
2020-08-24,0.28,1.6688,-0.0113,-0.6373,-0.7163,-0.0238,0.0263,-1.29,1.57,-0.7276,-1.069,-0.3863,1.3728,0.6894,0
2020-08-25,0.3,1.6772,-0.011,-0.6521,-0.6958,-0.0183,0.0102,-1.3,1.6,-0.7068,-1.0358,-0.3779,1.3541,0.7002,0
2020-08-26,0.28,1.6788,-0.0118,-0.6591,-0.691,-0.0369,-0.0291,-1.35,1.63,-0.7028,-1.0275,-0.3781,1.3444,0.7002,0
2020-08-27,0.31,1.6925,-0.0123,-0.686,-0.6571,-0.0271,-0.0174,-1.34,1.65,-0.6694,-0.9726,-0.3663,1.3097,0.7143,0
2020-08-28,0.28,1.69,-0.0162,-0.7112,-0.6527,-0.0299,-0.0556,-1.4,1.68,-0.6689,-0.9607,-0.3772,1.2705,0.7024,0
2020-08-31,0.28,1.6853,-0.0186,-0.7007,-0.6657,-0.0202,-0.0989,-1.41,1.69,-0.6843,-0.9807,-0.388,1.2809,0.6994,0
2020-09-01,0.26,1.6766,-0.0196,-0.6855,-0.69,-0.0215,-0.0802,-1.39,1.65,-0.7096,-1.0206,-0.3985,1.3022,0.688,0
2020-09-02,0.26,1.6723,-0.018,-0.6676,-0.7051,-0.0216,-0.0469,-1.35,1.61,-0.7231,-1.0477,-0.3985,1.3294,0.6832,0
2020-09-03,0.24,1.6648,-0.0179,-0.663,-0.7225,-0.0214,0.0269,-1.29,1.53,-0.7404,-1.0756,-0.4051,1.3371,0.6722,0
2020-09-04,0.3,1.6848,-0.0145,-0.6717,-0.6746,-0.024,0.0236,-1.27,1.57,-0.6891,-0.9992,-0.3791,1.3231,0.7059,0
2020-09-08,0.28,1.678,-0.0166,-0.6729,-0.6902,-0.0183,0.0232,-1.27,1.55,-0.7068,-1.0229,-0.3908,1.3212,0.6981,0
2020-09-09,0.28,1.6799,-0.0172,-0.6767,-0.6835,-0.0224,0.0035,-1.29,1.57,-0.7007,-1.0109,-0.3906,1.3133,0.7011,0
2020-09-10,0.26,1.6751,-0.0171,-0.6755,-0.6946,-0.0279,0.0066,-1.28,1.54,-0.7117,-1.0296,-0.3939,1.3175,0.6883,0
2020-09-11,0.26,1.6734,-0.0178,-0.6789,-0.6982,-0.0186,0.0318,-1.27,1.53,-0.716,-1.035,-0.3969,1.3136,0.6836,0
2020-09-14,0.27,1.6742,-0.0176,-0.6724,-0.6977,-0.0165,0.0409,-1.27,1.54,-0.7153,-1.0344,-0.3962,1.3209,0.6886,0
2020-09-15,0.27,1.6736,-0.0165,-0.6712,-0.6967,-0.0193,0.0241,-1.27,1.54,-0.7132,-1.0325,-0.3939,1.3217,0.6869,0
2020-09-16,0.28,1.677,-0.0161,-0.6746,-0.6903,-0.016,0.0145,-1.29,1.57,-0.7064,-1.023,-0.3898,1.319,0.6915,0
2020-09-17,0.28,1.6774,-0.0158,-0.6759,-0.6897,-0.016,0.021,-1.29,1.57,-0.7055,-1.0228,-0.3882,1.3188,0.6888,0
2020-09-18,0.29,1.6803,-0.0161,-0.6802,-0.6821,-0.0119,0.0226,-1.29,1.58,-0.6982,-1.0099,-0.3865,1.3118,0.695,0
2020-09-21,0.27,1.6769,-0.0163,-0.677,-0.6933,-0.0203,0.0757,-1.23,1.5,-0.7096,-1.0295,-0.3896,1.3198,0.6871,0
2020-09-22,0.27,1.6744,-0.0165,-0.6791,-0.6948,-0.014,0.0871,-1.23,1.5,-0.7113,-1.0303,-0.3923,1.3143,0.683,0
2020-09-23,0.28,1.6751,-0.0157,-0.6741,-0.6949,-0.0104,0.1005,-1.2,1.48,-0.7106,-1.0312,-0.39,1.3216,0.685,0
2020-09-24,0.27,1.6729,-0.0153,-0.6674,-0.7017,-0.0185,0.1186,-1.18,1.45,-0.717,-1.0431,-0.391,1.3316,0.6832,0
2020-09-25,0.26,1.6699,-0.0154,-0.6697,-0.7049,-0.0199,0.116,-1.17,1.43,-0.7203,-1.0467,-0.3939,1.3266,0.6787,0
2020-09-28,0.26,1.6697,-0.0153,-0.6722,-0.7025,-0.0197,0.0813,-1.22,1.48,-0.7178,-1.0417,-0.394,1.3214,0.6786,0
2020-09-29,0.24,1.6672,-0.016,-0.6742,-0.7071,-0.0298,0.0522,-1.25,1.49,-0.7231,-1.0486,-0.3977,1.3184,0.6739,0
2020-09-30,0.28,1.6762,-0.0157,-0.6821,-0.6884,-0.01,0.071,-1.22,1.5,-0.7041,-1.0192,-0.389,1.3092,0.6865,0
2020-10-01,0.27,1.6749,-0.0153,-0.6789,-0.6931,-0.0176,0.0725,-1.21,1.48,-0.7084,-1.0281,-0.3886,1.3157,0.6823,0
2020-10-02,0.28,1.6796,-0.0151,-0.6822,-0.6817,-0.0206,0.0683,-1.2,1.48,-0.6968,-1.0093,-0.3842,1.31,0.6916,0
2020-10-05,0.33,1.699,-0.0136,-0.6968,-0.6383,-0.0203,0.0615,-1.19,1.52,-0.6519,-0.9405,-0.3633,1.2909,0.7204,0
2020-10-06,0.32,1.696,-0.0147,-0.6974,-0.648,-0.0158,0.0677,-1.19,1.51,-0.6627,-0.9571,-0.3684,1.2929,0.7136,0
2020-10-07,0.35,1.7059,-0.0139,-0.6983,-0.6258,-0.0179,0.0477,-1.19,1.54,-0.6397,-0.9214,-0.358,1.2893,0.7323,0
2020-10-08,0.33,1.6989,-0.0157,-0.7016,-0.6389,-0.0127,0.0167,-1.23,1.56,-0.6546,-0.9407,-0.3685,1.2834,0.719,0
2020-10-09,0.34,1.703,-0.0148,-0.6926,-0.636,-0.0196,0.0174,-1.22,1.56,-0.6508,-0.9388,-0.3628,1.2984,0.7275,0
2020-10-13,0.31,1.6914,-0.0162,-0.692,-0.6586,-0.0146,0.0251,-1.21,1.52,-0.6748,-0.973,-0.3765,1.2976,0.7089,0
2020-10-14,0.3,1.6883,-0.0162,-0.6869,-0.6652,-0.02,0.0312,-1.22,1.52,-0.6814,-0.9832,-0.3795,1.3032,0.7054,0
2020-10-15,0.32,1.6916,-0.0155,-0.6863,-0.6581,-0.0117,0.0373,-1.2,1.52,-0.6736,-0.9724,-0.3749,1.3041,0.7112,0
2020-10-16,0.32,1.6935,-0.015,-0.6871,-0.6532,-0.0183,0.0285,-1.21,1.53,-0.6682,-0.9642,-0.3721,1.3025,0.7144,0
2020-10-19,0.34,1.6995,-0.0145,-0.6932,-0.6418,-0.01,0.046,-1.19,1.53,-0.6563,-0.9478,-0.3648,1.2977,0.7201,0
2020-10-20,0.34,1.7068,-0.0152,-0.7087,-0.6208,-0.0221,0.0417,-1.19,1.53,-0.636,-0.9121,-0.36,1.2741,0.7306,0
2020-10-21,0.36,1.7121,-0.0156,-0.7133,-0.6095,-0.0137,0.0291,-1.2,1.56,-0.6251,-0.8942,-0.3561,1.2678,0.7367,0
2020-10-22,0.38,1.7226,-0.0148,-0.7224,-0.5866,-0.0189,0.0223,-1.3,1.68,-0.6014,-0.8584,-0.3443,1.2573,0.7493,0
2020-10-23,0.37,1.72,-0.0148,-0.7163,-0.5963,-0.0226,0.0264,-1.29,1.66,-0.6111,-0.8756,-0.3466,1.2682,0.7452,0
2020-10-26,0.35,1.711,-0.0159,-0.7079,-0.6162,-0.0209,0.0362,-1.28,1.63,-0.6321,-0.9066,-0.3577,1.2775,0.7344,0
2020-10-27,0.34,1.7044,-0.0156,-0.7038,-0.6284,-0.0167,0.0327,-1.3,1.64,-0.644,-0.9252,-0.3627,1.2819,0.7239,0
2020-10-28,0.34,1.7046,-0.0153,-0.7036,-0.6294,-0.0164,0.0555,-1.27,1.61,-0.6447,-0.9275,-0.3618,1.2839,0.7243,0
2020-10-29,0.38,1.7187,-0.0138,-0.7177,-0.5961,-0.0112,0.081,-1.23,1.61,-0.6099,-0.8746,-0.3451,1.2658,0.7421,0
2020-10-30,0.38,1.7275,-0.0148,-0.7328,-0.5744,-0.0255,0.0968,-1.21,1.59,-0.5892,-0.8389,-0.3395,1.2444,0.754,0
2020-11-02,0.38,1.7241,-0.0151,-0.726,-0.5836,-0.0194,0.0859,-1.22,1.6,-0.5987,-0.8539,-0.3434,1.2533,0.7493,0
2020-11-03,0.39,1.7309,-0.0152,-0.73,-0.569,-0.0267,0.085,-1.23,1.62,-0.5842,-0.8306,-0.3379,1.2473,0.7621,0
2020-11-04,0.33,1.7048,-0.0168,-0.7104,-0.6316,-0.016,0.117,-1.23,1.56,-0.6484,-0.9322,-0.3645,1.2782,0.7178,0
2020-11-05,0.33,1.7032,-0.0148,-0.7003,-0.6328,-0.0253,0.1125,-1.22,1.55,-0.6476,-0.9337,-0.3615,1.289,0.7199,0
2020-11-06,0.36,1.7142,-0.0138,-0.7124,-0.6056,-0.0225,0.1375,-1.18,1.54,-0.6194,-0.8891,-0.3496,1.2716,0.7389,0
2020-11-09,0.44,1.7439,-0.0109,-0.7319,-0.5385,-0.0227,0.1044,-1.19,1.63,-0.5494,-0.7828,-0.3159,1.2455,0.7844,0
2020-11-10,0.46,1.752,-0.0104,-0.7358,-0.5251,-0.0207,0.068,-1.23,1.69,-0.5355,-0.7638,-0.3072,1.2445,0.7944,0
2020-11-12,0.4,1.7288,-0.012,-0.7167,-0.5816,-0.0185,0.0764,-1.23,1.63,-0.5936,-0.8557,-0.3314,1.2742,0.7565,0
2020-11-13,0.41,1.7305,-0.011,-0.7172,-0.574,-0.0182,0.0744,-1.23,1.64,-0.585,-0.8424,-0.3277,1.2706,0.7612,0
2020-11-16,0.41,1.7335,-0.0119,-0.7221,-0.5659,-0.0236,0.082,-1.23,1.64,-0.5778,-0.8277,-0.3278,1.2614,0.7696,0
2020-11-17,0.39,1.7238,-0.0121,-0.7157,-0.5882,-0.0179,0.0827,-1.24,1.63,-0.6003,-0.8641,-0.3364,1.272,0.7509,0
2020-11-18,0.4,1.7273,-0.0109,-0.7146,-0.5794,-0.0224,0.0852,-1.23,1.63,-0.5903,-0.8503,-0.3304,1.2727,0.7573,0
2020-11-19,0.39,1.7216,-0.0107,-0.7076,-0.5929,-0.0204,0.0893,-1.23,1.62,-0.6036,-0.8722,-0.335,1.2826,0.7493,0
2020-11-20,0.38,1.716,-0.0103,-0.6981,-0.6056,-0.0221,0.0908,-1.23,1.61,-0.6159,-0.8925,-0.3392,1.2946,0.7426,0
2020-11-23,0.39,1.721,-0.0087,-0.7088,-0.5902,-0.0233,0.0917,-1.23,1.62,-0.5989,-0.8677,-0.3301,1.281,0.7454,0
2020-11-24,0.39,1.7257,-0.0099,-0.721,-0.576,-0.0288,0.0626,-1.26,1.65,-0.5859,-0.8425,-0.3293,1.2613,0.7545,0
2020-11-25,0.39,1.7265,-0.0109,-0.728,-0.5738,-0.0238,0.041,-1.28,1.67,-0.5847,-0.8391,-0.3304,1.2528,0.7507,0
2020-11-27,0.37,1.7171,-0.0126,-0.7149,-0.6005,-0.0191,0.0234,-1.3,1.67,-0.6131,-0.883,-0.3433,1.2721,0.7389,0
2020-11-30,0.36,1.7168,-0.0127,-0.7237,-0.5942,-0.0263,0.0018,-1.32,1.68,-0.6069,-0.8702,-0.3436,1.2564,0.7357,0
2020-12-01,0.42,1.7368,-0.0114,-0.7343,-0.5513,-0.0198,-0.0081,-1.3,1.72,-0.5627,-0.8027,-0.3227,1.2425,0.7684,0
2020-12-02,0.42,1.7432,-0.0126,-0.7527,-0.5334,-0.0245,-0.039,-1.34,1.76,-0.546,-0.7724,-0.3195,1.217,0.774,0
2020-12-03,0.4,1.737,-0.0135,-0.7482,-0.5487,-0.0265,-0.0734,-1.38,1.78,-0.5622,-0.7977,-0.3267,1.2243,0.7607,0
2020-12-04,0.42,1.7477,-0.0147,-0.7686,-0.5191,-0.0254,-0.0995,-1.41,1.83,-0.5338,-0.7474,-0.3201,1.1928,0.7758,0
2020-12-07,0.4,1.7394,-0.0171,-0.7672,-0.5386,-0.0165,-0.1159,-1.44,1.84,-0.5557,-0.7782,-0.3332,1.1947,0.7605,0
2020-12-08,0.39,1.7352,-0.0166,-0.7564,-0.5494,-0.0227,-0.1312,-1.45,1.84,-0.566,-0.7964,-0.3356,1.2092,0.7537,0
2020-12-09,0.41,1.7409,-0.0153,-0.7577,-0.5383,-0.0196,-0.1315,-1.43,1.84,-0.5536,-0.7798,-0.3274,1.2094,0.7634,0
2020-12-10,0.39,1.7339,-0.0165,-0.7575,-0.5529,-0.0169,-0.1194,-1.44,1.83,-0.5694,-0.8026,-0.3363,1.2095,0.751,0
2020-12-11,0.37,1.7286,-0.0182,-0.768,-0.5585,-0.0139,-0.1088,-1.45,1.82,-0.5767,-0.8089,-0.3445,1.1928,0.7377,0
2020-12-14,0.37,1.7282,-0.0188,-0.7713,-0.5567,-0.0114,-0.1206,-1.47,1.84,-0.5755,-0.8047,-0.3463,1.1861,0.7361,0
2020-12-15,0.37,1.7326,-0.0186,-0.7747,-0.5459,-0.0234,-0.1544,-1.49,1.86,-0.5645,-0.787,-0.3419,1.1804,0.7424,0
2020-12-16,0.37,1.7335,-0.0197,-0.7781,-0.5447,-0.021,-0.1767,-1.53,1.9,-0.5644,-0.7848,-0.3439,1.1759,0.7444,0
2020-12-17,0.38,1.7373,-0.0195,-0.7793,-0.5365,-0.022,-0.1931,-1.52,1.9,-0.556,-0.7719,-0.3402,1.1738,0.7507,0
2020-12-18,0.39,1.7405,-0.0202,-0.7875,-0.5282,-0.0146,-0.2014,-1.53,1.92,-0.5484,-0.7578,-0.3389,1.1624,0.7537,0
2020-12-21,0.39,1.7415,-0.0204,-0.7853,-0.5279,-0.0179,-0.1944,-1.51,1.9,-0.5483,-0.7583,-0.3384,1.1662,0.755,0
2020-12-22,0.37,1.7352,-0.0214,-0.7824,-0.542,-0.0194,-0.1926,-1.55,1.92,-0.5634,-0.7804,-0.3463,1.1698,0.7448,0
2020-12-23,0.38,1.7427,-0.0215,-0.7959,-0.5206,-0.0247,-0.2112,-1.55,1.93,-0.5421,-0.7444,-0.3398,1.1491,0.7549,0
2020-12-24,0.37,1.7381,-0.0217,-0.7866,-0.5355,-0.0243,-0.2197,-1.55,1.92,-0.5572,-0.7699,-0.3445,1.1642,0.7484,0
2020-12-28,0.38,1.7379,-0.0227,-0.7847,-0.5359,-0.0146,-0.2225,-1.54,1.92,-0.5586,-0.7693,-0.3479,1.1639,0.7532,0
2020-12-29,0.37,1.739,-0.0239,-0.7866,-0.533,-0.0254,-0.2122,-1.53,1.9,-0.5569,-0.7636,-0.3503,1.159,0.7572,0
2020-12-30,0.37,1.7367,-0.0231,-0.7873,-0.5381,-0.0182,-0.2182,-1.55,1.92,-0.5612,-0.7732,-0.3493,1.1614,0.7465,0
2020-12-31,0.36,1.734,-0.0226,-0.7862,-0.5417,-0.0235,-0.254,-1.59,1.95,-0.5643,-0.7782,-0.3505,1.1617,0.7422,0
2021-01-04,0.36,1.7327,-0.0232,-0.7948,-0.54,-0.0147,-0.2828,-1.62,1.98,-0.5632,-0.7735,-0.3529,1.1482,0.7388,0
2021-01-05,0.38,1.7406,-0.0231,-0.8022,-0.5228,-0.0124,-0.2905,-1.63,2.01,-0.5459,-0.7465,-0.3454,1.1389,0.7498,0
2021-01-06,0.43,1.7631,-0.0214,-0.818,-0.4745,-0.0192,-0.2973,-1.61,2.04,-0.4959,-0.6707,-0.321,1.1199,0.783,0
2021-01-07,0.46,1.775,-0.0212,-0.827,-0.4495,-0.0173,-0.3173,-1.63,2.09,-0.4707,-0.6318,-0.3095,1.1091,0.7982,0
2021-01-08,0.49,1.7885,-0.0212,-0.8349,-0.4244,-0.0179,-0.2658,-1.58,2.07,-0.4456,-0.5943,-0.297,1.1022,0.8153,0
2021-01-11,0.5,1.7938,-0.0219,-0.8375,-0.4135,-0.0209,-0.2587,-1.54,2.04,-0.4354,-0.5766,-0.2942,1.0975,0.8241,0
2021-01-12,0.5,1.7931,-0.0218,-0.84,-0.413,-0.0183,-0.2675,-1.56,2.06,-0.4348,-0.5753,-0.2943,1.0936,0.8202,0
2021-01-13,0.48,1.7823,-0.0224,-0.8227,-0.4412,-0.0159,-0.2784,-1.56,2.04,-0.4636,-0.6214,-0.3059,1.1173,0.8079,0
2021-01-14,0.49,1.7919,-0.0224,-0.8478,-0.4118,-0.0199,-0.2874,-1.6,2.09,-0.4342,-0.5716,-0.2967,1.0816,0.8183,0
2021-01-15,0.46,1.782,-0.0246,-0.8459,-0.4315,-0.02,-0.3225,-1.63,2.09,-0.4561,-0.601,-0.3111,1.081,0.8032,0
2021-01-19,0.45,1.78,-0.0265,-0.8484,-0.4337,-0.0214,-0.3459,-1.67,2.12,-0.4602,-0.6025,-0.3179,1.0739,0.8016,0
2021-01-20,0.45,1.7791,-0.0267,-0.8474,-0.4352,-0.0197,-0.3733,-1.7,2.15,-0.4619,-0.6051,-0.3188,1.0748,0.7976,0
2021-01-21,0.45,1.7834,-0.0268,-0.8631,-0.4205,-0.023,-0.4183,-1.73,2.18,-0.4473,-0.5798,-0.3147,1.0529,0.7995,0
2021-01-22,0.44,1.7801,-0.0282,-0.8582,-0.4327,-0.0209,-0.4094,-1.72,2.16,-0.4609,-0.6007,-0.3212,1.0616,0.7954,0
2021-01-25,0.42,1.768,-0.0281,-0.8437,-0.4606,-0.0157,-0.4213,-1.73,2.15,-0.4887,-0.6457,-0.3317,1.0813,0.7773,0
2021-01-26,0.42,1.7675,-0.0273,-0.8421,-0.4598,-0.0183,-0.4285,-1.73,2.15,-0.4871,-0.644,-0.3302,1.0823,0.7778,0
2021-01-27,0.41,1.764,-0.0269,-0.8361,-0.4701,-0.0209,-0.4358,-1.74,2.15,-0.497,-0.6613,-0.3326,1.0922,0.7737,0
2021-01-28,0.42,1.7698,-0.0255,-0.8431,-0.4533,-0.028,-0.4737,-1.76,2.18,-0.4788,-0.6341,-0.3235,1.082,0.7809,0
2021-01-29,0.45,1.7828,-0.025,-0.8634,-0.4228,-0.0215,-0.4696,-1.76,2.21,-0.4478,-0.5858,-0.3099,1.0573,0.7942,0
2021-02-01,0.42,1.7776,-0.0279,-0.8701,-0.4343,-0.0253,-0.4497,-1.76,2.18,-0.4622,-0.6029,-0.3215,1.0482,0.784,0
2021-02-02,0.45,1.7837,-0.0276,-0.8706,-0.419,-0.0165,-0.4771,-1.78,2.23,-0.4466,-0.5778,-0.3154,1.0444,0.7942,0
2021-02-03,0.46,1.7914,-0.0263,-0.8811,-0.4007,-0.0233,-0.5041,-1.81,2.27,-0.427,-0.5497,-0.3044,1.033,0.7998,0
2021-02-04,0.46,1.7944,-0.0266,-0.8906,-0.3933,-0.024,-0.4922,-1.79,2.25,-0.4199,-0.5377,-0.3021,1.0216,0.8013,0
2021-02-05,0.47,1.8009,-0.0271,-0.9123,-0.3706,-0.0209,-0.5095,-1.81,2.28,-0.3977,-0.4987,-0.2968,0.9896,0.805,0
2021-02-08,0.48,1.8024,-0.0264,-0.8986,-0.3756,-0.0218,-0.5255,-1.83,2.31,-0.402,-0.5103,-0.2937,1.0122,0.8084,0
2021-02-09,0.48,1.8008,-0.0265,-0.8961,-0.3798,-0.0184,-0.5346,-1.83,2.31,-0.4063,-0.5167,-0.2959,1.0151,0.8089,0
2021-02-10,0.46,1.7931,-0.0275,-0.8934,-0.3956,-0.0165,-0.5361,-1.85,2.31,-0.4231,-0.541,-0.3053,1.0175,0.7975,0
2021-02-11,0.46,1.7956,-0.0278,-0.8975,-0.3896,-0.0208,-0.5313,-1.86,2.32,-0.4174,-0.5309,-0.3039,1.0116,0.8005,0
2021-02-12,0.5,1.8083,-0.0273,-0.9136,-0.3585,-0.0089,-0.535,-1.85,2.35,-0.3858,-0.481,-0.2906,0.9898,0.8152,0
2021-02-16,0.57,1.8344,-0.0255,-0.9227,-0.3059,-0.0103,-0.5135,-1.8,2.37,-0.3314,-0.3998,-0.263,0.9801,0.8558,0
2021-02-17,0.57,1.8364,-0.0269,-0.9294,-0.3025,-0.0076,-0.4838,-1.78,2.35,-0.3294,-0.3946,-0.2641,0.9723,0.8544,0
2021-02-18,0.56,1.8369,-0.0275,-0.9372,-0.3018,-0.0104,-0.4201,-1.73,2.29,-0.3293,-0.3946,-0.264,0.965,0.8475,0
2021-02-19,0.59,1.8503,-0.0285,-0.9537,-0.2675,-0.0106,-0.3811,-1.7,2.29,-0.296,-0.3371,-0.2548,0.9377,0.8693,0
2021-02-22,0.61,1.8567,-0.0277,-0.961,-0.2515,-0.0065,-0.406,-1.74,2.35,-0.2792,-0.312,-0.2464,0.9285,0.8734,0
2021-02-23,0.59,1.857,-0.0295,-0.9714,-0.25,-0.0162,-0.4139,-1.76,2.35,-0.2795,-0.3085,-0.2505,0.9146,0.8725,0
2021-02-24,0.62,1.8631,-0.0288,-0.9646,-0.2415,-0.0083,-0.4239,-1.76,2.38,-0.2703,-0.2971,-0.2434,0.9254,0.8832,0
2021-02-25,0.81,1.9161,-0.0179,-0.9188,-0.1602,-0.0093,-0.3269,-1.53,2.34,-0.1781,-0.1851,-0.171,1.0044,0.9787,0
2021-02-26,0.75,1.8922,-0.0167,-0.8992,-0.2129,-0.0135,-0.3886,-1.64,2.39,-0.2296,-0.27,-0.1891,1.0335,0.9416,0
2021-03-01,0.71,1.8886,-0.0211,-0.9403,-0.2027,-0.0145,-0.4114,-1.69,2.4,-0.2238,-0.2446,-0.203,0.9691,0.9335,0
2021-03-02,0.67,1.878,-0.0237,-0.9461,-0.2196,-0.0186,-0.4723,-1.76,2.43,-0.2433,-0.2681,-0.2185,0.9567,0.9132,0
2021-03-03,0.73,1.8945,-0.0223,-0.9416,-0.1904,-0.0102,-0.4675,-1.72,2.45,-0.2127,-0.2246,-0.2008,0.9648,0.9424,0
2021-03-04,0.77,1.9152,-0.0214,-0.9588,-0.1454,-0.0196,-0.4208,-1.66,2.43,-0.1668,-0.1536,-0.1799,0.9432,0.9712,0
2021-03-05,0.79,1.9196,-0.0206,-0.9485,-0.1423,-0.0182,-0.4141,-1.64,2.43,-0.1629,-0.1518,-0.174,0.96,0.9779,0
2021-03-08,0.86,1.932,-0.0161,-0.9273,-0.1272,-0.0014,-0.3757,-1.56,2.42,-0.1433,-0.1346,-0.152,0.996,0.9996,0
2021-03-09,0.83,1.919,-0.0155,-0.9159,-0.1556,-0.002,-0.3959,-1.58,2.41,-0.1711,-0.1796,-0.1626,1.0116,0.9848,0
2021-03-10,0.8,1.9091,-0.0157,-0.9225,-0.1689,-0.002,-0.4592,-1.67,2.47,-0.1846,-0.1976,-0.1717,0.9995,0.968,0
2021-03-11,0.78,1.9107,-0.017,-0.9429,-0.1586,-0.0122,-0.4989,-1.73,2.51,-0.1756,-0.1787,-0.1725,0.9709,0.9639,0
2021-03-12,0.85,1.9409,-0.0171,-0.9686,-0.0945,-0.0107,-0.4441,-1.66,2.51,-0.1116,-0.0774,-0.1457,0.9382,1.0067,0
2021-03-15,0.84,1.9361,-0.018,-0.9614,-0.1056,-0.011,-0.4772,-1.7,2.54,-0.1236,-0.0952,-0.1521,0.9462,0.9983,0
2021-03-16,0.83,1.9349,-0.0194,-0.9724,-0.1027,-0.0104,-0.5164,-1.76,2.59,-0.1221,-0.088,-0.1562,0.9284,0.9944,0
2021-03-17,0.8,1.9357,-0.0235,-1.014,-0.0885,-0.0096,-0.5185,-1.78,2.58,-0.112,-0.0596,-0.1644,0.8693,0.9841,0
2021-03-18,0.86,1.9592,-0.0217,-1.0201,-0.0434,-0.014,-0.435,-1.64,2.5,-0.0651,0.0076,-0.1379,0.8664,1.0129,0
2021-03-19,0.9,1.9669,-0.02,-1.0125,-0.0301,-0.0043,-0.4339,-1.61,2.51,-0.0501,0.0264,-0.1266,0.8778,1.0245,0
2021-03-22,0.87,1.9534,-0.0203,-0.9952,-0.0599,-0.008,-0.4671,-1.64,2.51,-0.0802,-0.0198,-0.1406,0.8978,1.0116,0
2021-03-23,0.83,1.9395,-0.0207,-0.9886,-0.0904,-0.0098,-0.4587,-1.65,2.48,-0.1111,-0.0682,-0.154,0.908,0.9901,0
2021-03-24,0.83,1.9332,-0.0203,-0.9818,-0.1015,0.0004,-0.4843,-1.7,2.53,-0.1218,-0.0847,-0.1588,0.9144,0.9823,0
2021-03-25,0.82,1.9355,-0.0209,-0.9959,-0.0911,-0.0076,-0.4996,-1.72,2.54,-0.112,-0.0659,-0.1581,0.8935,0.9843,0
2021-03-26,0.85,1.9466,-0.0201,-0.9975,-0.0688,-0.0102,-0.51,-1.72,2.57,-0.0889,-0.0319,-0.146,0.8921,1.001,0
2021-03-29,0.89,1.9615,-0.0192,-1.0025,-0.0417,-0.0081,-0.4903,-1.67,2.56,-0.0609,0.0086,-0.1304,0.8895,1.0219,0
2021-03-30,0.9,1.964,-0.0182,-0.9905,-0.0429,-0.0125,-0.4614,-1.62,2.52,-0.0611,0.0035,-0.1257,0.9089,1.0267,0
2021-03-31,0.92,1.9678,-0.0164,-0.9812,-0.0368,-0.0134,-0.4789,-1.62,2.54,-0.0532,0.0125,-0.1188,0.921,1.0381,0
2021-04-01,0.9,1.9562,-0.0146,-0.9549,-0.0703,-0.0164,-0.491,-1.65,2.55,-0.0849,-0.0451,-0.1247,0.9615,1.023,0
2021-04-02,0.97,1.9662,-0.0083,-0.9202,-0.0639,-0.0037,-0.4952,-1.61,2.58,-0.0722,-0.0432,-0.1013,1.0169,1.0484,0
2021-04-05,0.94,1.9649,-0.0094,-0.9547,-0.0518,-0.009,-0.4784,-1.61,2.55,-0.0612,-0.0178,-0.1046,0.9668,1.0417,0
2021-04-06,0.88,1.9488,-0.0134,-0.9699,-0.0777,-0.0077,-0.4769,-1.64,2.52,-0.0911,-0.0539,-0.1284,0.9416,1.0122,0
2021-04-07,0.87,1.9495,-0.0152,-0.9797,-0.0703,-0.0143,-0.4967,-1.66,2.53,-0.0855,-0.0391,-0.1319,0.9234,1.0115,0
2021-04-08,0.85,1.9392,-0.0169,-0.9715,-0.095,-0.0059,-0.5141,-1.7,2.55,-0.1119,-0.0784,-0.1453,0.9343,0.9951,0
2021-04-09,0.87,1.9477,-0.0149,-0.9642,-0.0824,-0.0161,-0.4676,-1.64,2.51,-0.0973,-0.062,-0.1327,0.9481,1.0079,0
2021-04-12,0.89,1.9507,-0.0129,-0.9521,-0.0795,-0.0162,-0.4806,-1.63,2.52,-0.0924,-0.059,-0.1258,0.9653,1.0183,0
2021-04-13,0.85,1.9375,-0.0154,-0.9579,-0.1035,-0.0107,-0.5056,-1.69,2.54,-0.1189,-0.0937,-0.144,0.9545,0.9988,0
2021-04-14,0.87,1.9408,-0.0142,-0.9542,-0.0953,-0.0071,-0.5158,-1.69,2.56,-0.1095,-0.0812,-0.1378,0.9583,1.0038,0
2021-04-15,0.81,1.9193,-0.0155,-0.9414,-0.1438,-0.0086,-0.5317,-1.74,2.55,-0.1593,-0.1581,-0.1605,0.9767,0.9717,0
2021-04-16,0.84,1.9259,-0.0135,-0.9381,-0.1289,-0.0054,-0.5465,-1.73,2.57,-0.1424,-0.1349,-0.1499,0.9804,0.9856,0
2021-04-19,0.85,1.9325,-0.014,-0.9548,-0.112,-0.0017,-0.5233,-1.71,2.56,-0.126,-0.1071,-0.145,0.9588,0.9923,0
2021-04-20,0.81,1.9239,-0.0162,-0.9558,-0.1306,-0.0113,-0.5079,-1.71,2.52,-0.1468,-0.1359,-0.1578,0.9572,0.9767,0
2021-04-21,0.81,1.9207,-0.0165,-0.9526,-0.1355,-0.0061,-0.5203,-1.72,2.53,-0.152,-0.1426,-0.1615,0.9587,0.9724,0
2021-04-22,0.81,1.9196,-0.0161,-0.9462,-0.1401,-0.0072,-0.5169,-1.61,2.42,-0.1562,-0.1507,-0.1617,0.9679,0.9721,0
2021-04-23,0.83,1.924,-0.0134,-0.9392,-0.1318,-0.0095,-0.525,-1.61,2.44,-0.1452,-0.1393,-0.1512,0.9788,0.9801,0
2021-04-26,0.85,1.9242,-0.0116,-0.925,-0.1373,-0.0003,-0.5465,-1.62,2.47,-0.1489,-0.1506,-0.1472,1.0009,0.986,0
2021-04-27,0.88,1.9358,-0.01,-0.9355,-0.1089,-0.0015,-0.5629,-1.63,2.51,-0.1189,-0.1047,-0.133,0.9862,1.0037,0
2021-04-28,0.86,1.9353,-0.0116,-0.9469,-0.1079,-0.0089,-0.5999,-1.68,2.54,-0.1195,-0.1021,-0.1369,0.971,0.999,0
2021-04-29,0.86,1.9402,-0.0129,-0.9604,-0.0931,-0.0137,-0.6101,-1.7,2.56,-0.106,-0.0768,-0.1353,0.9505,1.0033,0
2021-04-30,0.86,1.9407,-0.0136,-0.9632,-0.093,-0.0109,-0.6075,-1.71,2.57,-0.1066,-0.0773,-0.1359,0.9482,0.9999,0
2021-05-03,0.84,1.9341,-0.0156,-0.967,-0.1036,-0.0078,-0.6373,-1.76,2.6,-0.1192,-0.0915,-0.147,0.9393,0.9903,0
2021-05-04,0.82,1.9294,-0.0164,-0.9607,-0.1152,-0.0171,-0.6624,-1.8,2.62,-0.1316,-0.1099,-0.1533,0.947,0.9838,0
2021-05-05,0.8,1.9217,-0.0174,-0.9622,-0.1275,-0.0146,-0.7338,-1.88,2.68,-0.1449,-0.1271,-0.1627,0.9417,0.9718,0
2021-05-06,0.81,1.9228,-0.0175,-0.9578,-0.1306,-0.0069,-0.7167,-1.85,2.66,-0.1481,-0.1343,-0.162,0.9512,0.9739,0
2021-05-07,0.77,1.9228,-0.0202,-0.9948,-0.1124,-0.0253,-0.7439,-1.88,2.65,-0.1326,-0.0973,-0.168,0.8926,0.9685,0
2021-05-10,0.8,1.9291,-0.0203,-0.9982,-0.0984,-0.0122,-0.7813,-1.91,2.71,-0.1187,-0.0748,-0.1626,0.8871,0.9773,0
2021-05-11,0.8,1.9352,-0.0205,-1.0005,-0.0897,-0.0245,-0.766,-1.88,2.68,-0.1102,-0.063,-0.1574,0.8875,0.9852,0
2021-05-12,0.87,1.9528,-0.0183,-1.0006,-0.0552,-0.0087,-0.7535,-1.85,2.72,-0.0735,-0.0106,-0.1364,0.8893,1.013,0
2021-05-13,0.84,1.9474,-0.0193,-1.005,-0.0691,-0.014,-0.7212,-1.81,2.65,-0.0884,-0.034,-0.1429,0.888,0.9994,0
2021-05-14,0.82,1.9396,-0.0193,-0.9953,-0.0855,-0.0195,-0.7304,-1.86,2.68,-0.1048,-0.0596,-0.15,0.899,0.9888,0
2021-05-17,0.84,1.9407,-0.0187,-0.9895,-0.0833,-0.0092,-0.7525,-1.88,2.72,-0.102,-0.0559,-0.1481,0.9051,0.9948,0
2021-05-18,0.83,1.9404,-0.0193,-0.9998,-0.0825,-0.0088,-0.7414,-1.89,2.72,-0.1018,-0.0542,-0.1494,0.893,0.9903,0
2021-05-19,0.87,1.9528,-0.0173,-0.9952,-0.0613,-0.009,-0.6632,-1.79,2.66,-0.0786,-0.0238,-0.1334,0.9028,1.0104,0
2021-05-20,0.83,1.94,-0.0195,-0.9993,-0.0863,-0.0048,-0.6094,-1.76,2.59,-0.1058,-0.0617,-0.1499,0.8966,0.9881,0
2021-05-21,0.84,1.9386,-0.0175,-0.9842,-0.0907,-0.0062,-0.6115,-1.78,2.62,-0.1082,-0.07,-0.1464,0.9163,0.9877,0
2021-05-24,0.82,1.9326,-0.0175,-0.9845,-0.099,-0.0116,-0.6365,-1.82,2.64,-0.1165,-0.0806,-0.1523,0.9122,0.9819,0
2021-05-25,0.79,1.9199,-0.0192,-0.9767,-0.1272,-0.0068,-0.6506,-1.84,2.63,-0.1464,-0.1246,-0.1683,0.9213,0.9654,0
2021-05-26,0.8,1.9239,-0.0197,-0.9804,-0.1188,-0.005,-0.611,-1.8,2.6,-0.1385,-0.1111,-0.1659,0.9161,0.9709,0
2021-05-27,0.81,1.9307,-0.0198,-0.9879,-0.1024,-0.0106,-0.6017,-1.78,2.59,-0.1222,-0.0845,-0.16,0.9051,0.9802,0
2021-05-28,0.79,1.9235,-0.0204,-0.9862,-0.1183,-0.0086,-0.6105,-1.78,2.57,-0.1387,-0.1101,-0.1674,0.9087,0.966,0
2021-06-01,0.81,1.932,-0.02,-0.9915,-0.0984,-0.0121,-0.6272,-1.79,2.6,-0.1184,-0.0776,-0.1592,0.8997,0.9814,0
2021-06-02,0.8,1.9278,-0.0207,-0.989,-0.1083,-0.0097,-0.6271,-1.79,2.59,-0.129,-0.0935,-0.1646,0.9032,0.9747,0
2021-06-03,0.84,1.9382,-0.0178,-0.972,-0.097,-0.0114,-0.5778,-1.72,2.56,-0.1148,-0.0809,-0.1487,0.9323,0.9946,0
2021-06-04,0.78,1.9192,-0.0188,-0.9658,-0.1351,-0.0196,-0.5909,-1.76,2.54,-0.1539,-0.1395,-0.1682,0.9391,0.9663,0
2021-06-07,0.79,1.9206,-0.0179,-0.9622,-0.1331,-0.0173,-0.5638,-1.72,2.51,-0.151,-0.137,-0.165,0.9444,0.9706,0
2021-06-08,0.77,1.9115,-0.0183,-0.9572,-0.1517,-0.0143,-0.546,-1.7,2.47,-0.17,-0.1659,-0.1741,0.9502,0.9578,0
2021-06-09,0.75,1.9022,-0.0187,-0.9508,-0.1736,-0.0091,-0.501,-1.66,2.41,-0.1923,-0.201,-0.1836,0.9601,0.9451,0
2021-06-10,0.73,1.8898,-0.0182,-0.9375,-0.1966,-0.0076,-0.5602,-1.74,2.47,-0.2148,-0.2356,-0.1939,0.9732,0.9298,0
2021-06-11,0.76,1.8965,-0.016,-0.9243,-0.1933,-0.0029,-0.4997,-1.67,2.43,-0.2093,-0.2357,-0.1829,0.9986,0.9433,0
2021-06-14,0.8,1.905,-0.0135,-0.9196,-0.1739,0.002,-0.5043,-1.64,2.44,-0.1874,-0.2049,-0.1699,1.0029,0.9621,0
2021-06-15,0.79,1.9055,-0.0125,-0.9211,-0.1705,-0.0114,-0.5372,-1.67,2.46,-0.183,-0.199,-0.1671,1.0004,0.9642,0
2021-06-16,0.89,1.9278,-0.0063,-0.88,-0.1502,-0.0013,-0.442,-1.52,2.41,-0.1565,-0.1798,-0.1332,1.0711,1.0096,0
2021-06-17,0.9,1.9162,-0.001,-0.8275,-0.192,0.0043,-0.3992,-1.41,2.31,-0.193,-0.2542,-0.1318,1.1499,1.0027,0
2021-06-18,0.89,1.899,0.0063,-0.77,-0.2434,-0.002,-0.3848,-1.48,2.37,-0.2371,-0.3432,-0.131,1.2351,0.9936,0
2021-06-21,0.9,1.907,0.0088,-0.8004,-0.2118,-0.0035,-0.3726,-1.51,2.41,-0.203,-0.2883,-0.1178,1.1918,1.0067,0
2021-06-22,0.87,1.9001,0.0075,-0.8156,-0.2129,-0.0091,-0.466,-1.59,2.46,-0.2054,-0.2841,-0.1267,1.1632,0.9933,0
2021-06-23,0.9,1.906,0.009,-0.8072,-0.2079,0.0001,-0.5127,-1.59,2.49,-0.1989,-0.2804,-0.1174,1.1803,1.001,0
2021-06-24,0.9,1.9079,0.0099,-0.8031,-0.2109,-0.0038,-0.4688,-1.55,2.45,-0.201,-0.2885,-0.1136,1.1922,1.0046,0
2021-06-25,0.92,1.9176,0.0104,-0.8137,-0.1849,-0.0094,-0.4765,-1.54,2.46,-0.1745,-0.2449,-0.1041,1.1743,1.0214,0
2021-06-28,0.9,1.9054,0.0095,-0.7968,-0.2165,-0.0017,-0.4942,-1.55,2.45,-0.207,-0.2967,-0.1172,1.1984,1.0033,0
2021-06-29,0.89,1.9049,0.0093,-0.7978,-0.2178,-0.0086,-0.4843,-1.57,2.46,-0.2085,-0.2988,-0.1182,1.1973,1.0028,0
2021-06-30,0.87,1.8952,0.0091,-0.7892,-0.2374,-0.0076,-0.5099,-1.6,2.47,-0.2283,-0.3291,-0.1276,1.2067,0.9897,0
2021-07-01,0.89,1.901,0.0115,-0.7822,-0.2285,-0.0118,-0.515,-1.6,2.49,-0.217,-0.3177,-0.1164,1.2194,0.9993,0
2021-07-02,0.86,1.8914,0.01,-0.7862,-0.2483,-0.0068,-0.5261,-1.63,2.49,-0.2383,-0.3484,-0.1283,1.2152,0.982,0
2021-07-06,0.81,1.8733,0.0068,-0.786,-0.2812,-0.0029,-0.545,-1.67,2.48,-0.2744,-0.3962,-0.1527,1.2091,0.9554,0
2021-07-07,0.79,1.8626,0.0066,-0.7697,-0.3087,-0.0009,-0.5171,-1.64,2.43,-0.3021,-0.4414,-0.1627,1.2323,0.9394,0
2021-07-08,0.74,1.8535,0.0027,-0.7908,-0.3166,-0.0088,-0.4758,-1.64,2.38,-0.3139,-0.4476,-0.1803,1.1964,0.9229,0
2021-07-09,0.79,1.8683,0.0051,-0.7902,-0.2843,-0.0089,-0.5007,-1.65,2.44,-0.2792,-0.3972,-0.1612,1.1961,0.9463,0
2021-07-12,0.81,1.8711,0.0062,-0.7857,-0.2808,-0.0008,-0.5528,-1.67,2.48,-0.2746,-0.3928,-0.1564,1.2036,0.9544,0
2021-07-13,0.85,1.8816,0.0096,-0.7771,-0.2612,-0.0029,-0.6141,-1.71,2.56,-0.2516,-0.3639,-0.1393,1.2169,0.975,0
2021-07-14,0.8,1.8694,0.0079,-0.7777,-0.2914,-0.0081,-0.6162,-1.73,2.53,-0.2835,-0.4135,-0.1536,1.2216,0.9507,0
2021-07-15,0.78,1.8554,0.0083,-0.7522,-0.328,-0.0036,-0.6192,-1.75,2.53,-0.3197,-0.4739,-0.1654,1.2575,0.9331,0
2021-07-16,0.79,1.8559,0.0097,-0.7531,-0.3226,0.0001,-0.6247,-1.73,2.52,-0.3129,-0.4641,-0.1618,1.254,0.9367,0
2021-07-19,0.7,1.827,0.0054,-0.7481,-0.3846,0.0003,-0.5801,-1.71,2.41,-0.3792,-0.5601,-0.1984,1.2598,0.8926,0
2021-07-20,0.69,1.8306,0.0028,-0.7748,-0.3622,-0.0064,-0.5665,-1.71,2.4,-0.3594,-0.5177,-0.2012,1.2141,0.8946,0
2021-07-21,0.74,1.8483,0.0042,-0.7813,-0.3251,-0.0061,-0.5706,-1.71,2.45,-0.3209,-0.4602,-0.1815,1.2064,0.9182,0
2021-07-22,0.71,1.8407,0.0027,-0.7831,-0.3406,-0.0098,-0.5925,-1.75,2.46,-0.3379,-0.484,-0.1917,1.2038,0.9043,0
2021-07-23,0.72,1.8461,0.0031,-0.7905,-0.3233,-0.0154,-0.652,-1.81,2.53,-0.3202,-0.4545,-0.1859,1.1899,0.9127,0
2021-07-26,0.73,1.846,0.0032,-0.7803,-0.329,-0.0099,-0.7265,-1.86,2.59,-0.3258,-0.4652,-0.1864,1.205,0.9157,0
2021-07-27,0.71,1.8382,0.0022,-0.7777,-0.3491,-0.0036,-0.7129,-1.84,2.55,-0.3469,-0.4985,-0.1952,1.2121,0.9008,0
2021-07-28,0.72,1.8387,0.0032,-0.769,-0.3502,-0.0027,-0.7488,-1.85,2.57,-0.347,-0.5015,-0.1925,1.2243,0.9038,0
2021-07-29,0.73,1.8443,0.0033,-0.7802,-0.3336,-0.0038,-0.7705,-1.85,2.58,-0.3303,-0.4735,-0.1871,1.2073,0.9109,0
2021-07-30,0.69,1.8366,0.0011,-0.7827,-0.3514,-0.0136,-0.7673,-1.87,2.56,-0.3503,-0.5015,-0.1991,1.2051,0.8959,0
2021-08-02,0.66,1.8242,-0.0018,-0.7827,-0.3749,-0.0048,-0.7539,-1.85,2.51,-0.3767,-0.5359,-0.2175,1.2007,0.8778,0
2021-08-03,0.65,1.8199,-0.0028,-0.7797,-0.3826,-0.0048,-0.7601,-1.86,2.51,-0.3854,-0.5468,-0.224,1.2016,0.872,0
2021-08-04,0.67,1.8215,-0.0001,-0.7581,-0.3883,-0.005,-0.725,-1.83,2.5,-0.3884,-0.5607,-0.2161,1.2357,0.8768,0
2021-08-05,0.72,1.8335,0.004,-0.7399,-0.3726,-0.005,-0.6791,-1.74,2.46,-0.3686,-0.5409,-0.1962,1.266,0.9032,0
2021-08-06,0.77,1.8516,0.0075,-0.7505,-0.3301,-0.0084,-0.6689,-1.73,2.5,-0.3226,-0.4736,-0.1717,1.252,0.9327,0
2021-08-09,0.79,1.8579,0.0094,-0.7491,-0.3196,-0.0086,-0.6659,-1.71,2.5,-0.3102,-0.459,-0.1614,1.2577,0.9434,0
2021-08-10,0.82,1.865,0.0133,-0.7343,-0.3124,-0.0116,-0.6918,-1.71,2.53,-0.2991,-0.4526,-0.1456,1.2842,0.9563,0
2021-08-11,0.81,1.8631,0.0119,-0.7499,-0.3102,-0.0049,-0.7183,-1.74,2.55,-0.2983,-0.4461,-0.1506,1.261,0.9522,0
2021-08-12,0.83,1.8693,0.0129,-0.7402,-0.3041,-0.0079,-0.7147,-1.72,2.55,-0.2912,-0.4395,-0.1429,1.2774,0.9629,0
2021-08-13,0.79,1.8538,0.0124,-0.7211,-0.3459,-0.0091,-0.7052,-1.73,2.52,-0.3335,-0.5096,-0.1575,1.3087,0.9381,0
2021-08-16,0.75,1.8429,0.0107,-0.7357,-0.3561,-0.0118,-0.7075,-1.75,2.5,-0.3454,-0.5195,-0.1713,1.2813,0.9201,0
2021-08-17,0.77,1.8455,0.0112,-0.7254,-0.3558,-0.0056,-0.6661,-1.72,2.49,-0.3446,-0.5206,-0.1685,1.2962,0.9285,0
2021-08-18,0.79,1.8465,0.0129,-0.716,-0.3574,0.004,-0.6405,-1.69,2.48,-0.3445,-0.5256,-0.1633,1.3117,0.9306,0
2021-08-19,0.78,1.8404,0.0144,-0.7012,-0.3745,0.0009,-0.6202,-1.67,2.45,-0.3601,-0.5549,-0.1653,1.334,0.9244,0
2021-08-20,0.8,1.8444,0.0164,-0.6972,-0.3671,0.0035,-0.5715,-1.6,2.4,-0.3507,-0.5441,-0.1572,1.3406,0.933,0
2021-08-23,0.78,1.8396,0.0158,-0.7031,-0.3706,-0.0016,-0.5934,-1.65,2.43,-0.3548,-0.5465,-0.1632,1.3281,0.928,0
2021-08-24,0.8,1.8488,0.0172,-0.7064,-0.3516,-0.0079,-0.6058,-1.65,2.45,-0.3344,-0.5176,-0.1513,1.3255,0.9401,0
2021-08-25,0.84,1.8628,0.0173,-0.7203,-0.3179,-0.0018,-0.623,-1.67,2.51,-0.3006,-0.4627,-0.1385,1.3046,0.9606,0
2021-08-26,0.84,1.8636,0.017,-0.7148,-0.3225,-0.0033,-0.6156,-1.66,2.5,-0.3055,-0.4725,-0.1385,1.3158,0.9615,0
2021-08-27,0.79,1.8527,0.0146,-0.7289,-0.3356,-0.0127,-0.6826,-1.74,2.53,-0.321,-0.4888,-0.1533,1.2915,0.9389,0
2021-08-30,0.77,1.8483,0.012,-0.7397,-0.3422,-0.0084,-0.6676,-1.74,2.51,-0.3302,-0.4972,-0.1633,1.2755,0.9281,0
2021-08-31,0.77,1.8526,0.0098,-0.7478,-0.3339,-0.0108,-0.6297,-1.71,2.48,-0.3241,-0.4832,-0.1649,1.264,0.9339,0
2021-09-01,0.78,1.8523,0.0098,-0.7412,-0.3333,-0.0076,-0.6201,-1.7,2.48,-0.3235,-0.4817,-0.1653,1.2693,0.9349,0
2021-09-02,0.78,1.8494,0.0101,-0.733,-0.3436,-0.0029,-0.6156,-1.69,2.47,-0.3335,-0.4996,-0.1675,1.2825,0.9318,0
2021-09-03,0.78,1.8561,0.0104,-0.745,-0.3261,-0.0154,-0.6101,-1.7,2.48,-0.3157,-0.4712,-0.1601,1.2666,0.938,0
2021-09-07,0.82,1.8685,0.0114,-0.7463,-0.3022,-0.0114,-0.6109,-1.69,2.51,-0.2908,-0.4346,-0.1469,1.266,0.9591,0
2021-09-08,0.81,1.8602,0.0113,-0.732,-0.3256,-0.004,-0.6472,-1.72,2.53,-0.3143,-0.4739,-0.1547,1.2878,0.9479,0
2021-09-09,0.79,1.8507,0.0122,-0.7239,-0.3443,-0.0047,-0.6872,-1.76,2.55,-0.3321,-0.5033,-0.1609,1.298,0.9338,0
2021-09-10,0.82,1.8615,0.0135,-0.7274,-0.3212,-0.0063,-0.6855,-1.73,2.55,-0.3077,-0.4669,-0.1485,1.2933,0.9535,0
2021-09-13,0.81,1.858,0.0129,-0.7227,-0.3332,-0.005,-0.6544,-1.72,2.53,-0.3203,-0.4876,-0.153,1.3026,0.9474,0
2021-09-14,0.79,1.8464,0.0133,-0.7082,-0.3613,-0.0002,-0.6275,-1.7,2.49,-0.348,-0.5337,-0.1623,1.3239,0.9296,0
2021-09-15,0.81,1.851,0.0152,-0.7038,-0.3513,-0.001,-0.6362,-1.7,2.51,-0.3361,-0.5186,-0.1537,1.3296,0.9392,0
2021-09-16,0.84,1.8613,0.0176,-0.7015,-0.3318,-0.0056,-0.6307,-1.69,2.53,-0.3142,-0.4895,-0.1389,1.3351,0.9567,0
2021-09-17,0.88,1.8718,0.0197,-0.699,-0.3147,0.0022,-0.5986,-1.63,2.51,-0.295,-0.4657,-0.1243,1.3435,0.9738,0
2021-09-20,0.83,1.8567,0.0183,-0.6955,-0.3469,-0.0026,-0.5679,-1.6,2.43,-0.3286,-0.516,-0.1412,1.3486,0.9499,0
2021-09-21,0.84,1.8586,0.0193,-0.7002,-0.3366,-0.0012,-0.5625,-1.6,2.44,-0.3173,-0.4978,-0.1367,1.339,0.9515,0
2021-09-22,0.86,1.8585,0.0225,-0.666,-0.3522,-0.0028,-0.5442,-1.55,2.41,-0.3297,-0.5295,-0.1299,1.3923,0.96,0
2021-09-23,0.94,1.882,0.0281,-0.67,-0.3018,0.0017,-0.547,-1.54,2.48,-0.2737,-0.452,-0.0954,1.3903,0.9988,0
2021-09-24,0.97,1.8975,0.0297,-0.6849,-0.2683,-0.004,-0.5342,-1.5,2.47,-0.2386,-0.3994,-0.0777,1.3734,1.0232,0
2021-09-27,0.98,1.9034,0.031,-0.6788,-0.2598,-0.0158,-0.5567,-1.52,2.5,-0.2288,-0.3883,-0.0693,1.3841,1.0331,0
2021-09-28,1.02,1.9182,0.0306,-0.7005,-0.2236,-0.0047,-0.5627,-1.51,2.53,-0.193,-0.329,-0.0571,1.3536,1.0544,0
2021-09-29,1.01,1.9213,0.0281,-0.7231,-0.2116,-0.0047,-0.5442,-1.51,2.52,-0.1835,-0.3076,-0.0593,1.3223,1.0504,0
2021-09-30,0.98,1.9147,0.0257,-0.7221,-0.2276,-0.0107,-0.5528,-1.53,2.51,-0.2019,-0.3328,-0.0709,1.3236,1.0369,0
2021-10-01,0.93,1.9021,0.0217,-0.7361,-0.2453,-0.0124,-0.5741,-1.58,2.51,-0.2236,-0.3558,-0.0913,1.2983,1.0134,0
2021-10-04,0.95,1.9051,0.0217,-0.7281,-0.2417,-0.007,-0.5735,-1.58,2.53,-0.22,-0.3507,-0.0894,1.3076,1.0222,0
2021-10-05,0.98,1.9156,0.0234,-0.7297,-0.2178,-0.0115,-0.6253,-1.61,2.59,-0.1944,-0.3127,-0.0762,1.3041,1.0403,0
2021-10-06,0.99,1.9162,0.0244,-0.7184,-0.2259,-0.0063,-0.6089,-1.58,2.57,-0.2015,-0.3297,-0.0733,1.326,1.0426,0
2021-10-07,1.02,1.9279,0.0267,-0.7189,-0.2022,-0.0135,-0.6243,-1.59,2.61,-0.1755,-0.2936,-0.0575,1.327,1.0625,0
2021-10-08,1.05,1.937,0.0282,-0.7181,-0.1844,-0.0127,-0.6489,-1.59,2.64,-0.1562,-0.2665,-0.0459,1.3292,1.0803,0
2021-10-12,1.08,1.934,0.0332,-0.6765,-0.2087,-0.002,-0.642,-1.56,2.64,-0.1755,-0.3139,-0.0371,1.3959,1.0828,0
2021-10-13,1.09,1.9265,0.039,-0.6406,-0.2321,-0.0028,-0.6902,-1.59,2.68,-0.1931,-0.3555,-0.0307,1.4483,1.0824,0
2021-10-14,1.05,1.9159,0.0389,-0.6571,-0.2436,-0.0041,-0.7135,-1.64,2.69,-0.2047,-0.3692,-0.0403,1.4232,1.0659,0
2021-10-15,1.13,1.9332,0.046,-0.6242,-0.2219,-0.0031,-0.715,-1.58,2.71,-0.1759,-0.3431,-0.0086,1.4762,1.1032,0
2021-10-18,1.16,1.9362,0.0513,-0.5998,-0.2272,-0.0005,-0.6892,-1.55,2.71,-0.1759,-0.3581,0.0063,1.5185,1.1154,0
2021-10-19,1.17,1.9483,0.0509,-0.6392,-0.1875,-0.0025,-0.6648,-1.54,2.71,-0.1366,-0.2901,0.0169,1.4626,1.1281,0
2021-10-20,1.16,1.948,0.0496,-0.6437,-0.1866,-0.0072,-0.7082,-1.61,2.77,-0.137,-0.2879,0.0139,1.4552,1.1237,0
2021-10-21,1.23,1.9583,0.0556,-0.6098,-0.1764,0.0023,-0.7913,-1.71,2.94,-0.1208,-0.2781,0.0366,1.5058,1.1514,0
2021-10-22,1.22,1.954,0.0582,-0.5923,-0.1969,-0.003,-0.7928,-1.69,2.91,-0.1387,-0.3155,0.0381,1.5385,1.1523,0
2021-10-25,1.19,1.9473,0.0567,-0.613,-0.1991,-0.0019,-0.8369,-1.76,2.95,-0.1424,-0.3142,0.0293,1.506,1.1367,0
2021-10-26,1.2,1.9443,0.0582,-0.5949,-0.2113,0.0037,-0.8736,-1.79,2.99,-0.1531,-0.3361,0.0299,1.5324,1.1356,0
2021-10-27,1.16,1.9256,0.0595,-0.5611,-0.2613,-0.0027,-0.8918,-1.8,2.96,-0.2018,-0.4187,0.0152,1.5815,1.1165,0
2021-10-28,1.18,1.9377,0.0613,-0.5684,-0.238,-0.0126,-0.7901,-1.72,2.9,-0.1767,-0.3842,0.0308,1.5768,1.1334,0
2021-10-29,1.18,1.9363,0.0598,-0.5756,-0.2377,-0.0029,-0.749,-1.71,2.89,-0.1779,-0.3814,0.0257,1.5643,1.1302,0
2021-11-01,1.2,1.9427,0.0621,-0.571,-0.2271,-0.0067,-0.7189,-1.66,2.86,-0.165,-0.3672,0.0371,1.5738,1.1413,0
2021-11-02,1.15,1.9309,0.0578,-0.5877,-0.2428,-0.0082,-0.726,-1.69,2.84,-0.185,-0.3865,0.0165,1.5447,1.1187,0
2021-11-03,1.19,1.9412,0.0597,-0.5727,-0.2291,-0.0091,-0.7276,-1.67,2.86,-0.1694,-0.3687,0.0299,1.5679,1.1384,0
2021-11-04,1.1,1.9192,0.0532,-0.6047,-0.2574,-0.0103,-0.7892,-1.78,2.88,-0.2042,-0.4037,-0.0047,1.514,1.095,0
2021-11-05,1.04,1.8998,0.0494,-0.5922,-0.3011,-0.0159,-0.8109,-1.83,2.87,-0.2517,-0.4721,-0.0313,1.528,1.0642,0
2021-11-08,1.13,1.9156,0.0563,-0.5559,-0.2782,-0.0078,-0.8627,-1.81,2.94,-0.2219,-0.4422,-0.0017,1.58,1.1017,0
2021-11-09,1.08,1.9005,0.0557,-0.563,-0.307,-0.0062,-0.9012,-1.88,2.96,-0.2513,-0.4865,-0.0161,1.5727,1.0739,0
2021-11-10,1.23,1.9321,0.0676,-0.5048,-0.2665,0.0016,-0.9491,-1.85,3.08,-0.1989,-0.4368,0.0389,1.6651,1.1438,0
2021-11-12,1.24,1.938,0.0719,-0.5083,-0.2554,-0.0062,-0.986,-1.87,3.11,-0.1835,-0.4216,0.0546,1.6678,1.1564,0
2021-11-15,1.26,1.9499,0.0741,-0.524,-0.2272,-0.0128,-1.0231,-1.91,3.17,-0.1531,-0.3773,0.0711,1.6501,1.1711,0
2021-11-16,1.27,1.9549,0.0733,-0.5283,-0.2215,-0.0085,-1.004,-1.9,3.17,-0.1482,-0.37,0.0737,1.6485,1.1776,0
2021-11-17,1.24,1.9484,0.0719,-0.5324,-0.2338,-0.0141,-0.9863,-1.9,3.14,-0.1619,-0.3888,0.065,1.6429,1.1633,0
2021-11-18,1.22,1.9426,0.0712,-0.5322,-0.2424,-0.0191,-0.9774,-1.89,3.11,-0.1712,-0.4006,0.0581,1.6397,1.154,0
2021-11-19,1.22,1.9348,0.0732,-0.5029,-0.2709,-0.0142,-0.9296,-1.8,3.02,-0.1977,-0.4508,0.0555,1.685,1.1484,0
2021-11-22,1.33,1.961,0.0811,-0.4804,-0.2274,-0.0043,-0.835,-1.65,2.98,-0.1463,-0.3893,0.0966,1.7236,1.2026,0
2021-11-23,1.33,1.9678,0.0824,-0.4974,-0.2064,-0.0164,-0.8247,-1.67,3.0,-0.124,-0.354,0.106,1.7004,1.2112,0
2021-11-24,1.34,1.9632,0.0839,-0.4646,-0.2283,-0.0142,-0.8509,-1.69,3.03,-0.1444,-0.3928,0.104,1.747,1.2169,0
2021-11-26,1.16,1.9179,0.0717,-0.5006,-0.3061,-0.0229,-0.8277,-1.76,2.92,-0.2344,-0.5039,0.0351,1.6868,1.133,0
2021-11-29,1.18,1.9246,0.0689,-0.506,-0.2889,-0.0186,-0.8001,-1.73,2.91,-0.22,-0.4742,0.0342,1.6728,1.1415,0
2021-11-30,1.14,1.9075,0.0674,-0.4864,-0.3315,-0.017,-0.7619,-1.66,2.8,-0.2641,-0.5432,0.015,1.7002,1.118,0
2021-12-01,1.15,1.9098,0.068,-0.5172,-0.3043,-0.0063,-0.6467,-1.55,2.7,-0.2363,-0.4908,0.0181,1.6471,1.124,0
2021-12-02,1.21,1.9118,0.077,-0.4395,-0.3345,-0.0048,-0.6702,-1.52,2.73,-0.2575,-0.5556,0.0406,1.7704,1.1417,0
2021-12-03,1.13,1.8889,0.0761,-0.4442,-0.3797,-0.0111,-0.676,-1.59,2.72,-0.3036,-0.6254,0.0181,1.7665,1.1063,0
2021-12-06,1.21,1.9072,0.0801,-0.4272,-0.3445,-0.0056,-0.6878,-1.58,2.79,-0.2644,-0.5706,0.0418,1.7862,1.1524,0
2021-12-07,1.26,1.9202,0.0841,-0.4055,-0.3298,-0.0091,-0.7159,-1.58,2.84,-0.2457,-0.5528,0.0615,1.8219,1.1857,0
2021-12-08,1.27,1.9258,0.0856,-0.4156,-0.3172,-0.0086,-0.7494,-1.61,2.88,-0.2316,-0.5343,0.071,1.8129,1.1889,0
2021-12-09,1.26,1.9234,0.0867,-0.4083,-0.331,-0.0108,-0.7004,-1.54,2.8,-0.2443,-0.5605,0.0719,1.8313,1.1828,0
2021-12-10,1.25,1.9219,0.0865,-0.4052,-0.3336,-0.0197,-0.6735,-1.51,2.76,-0.2471,-0.564,0.0698,1.8336,1.1825,0
2021-12-13,1.21,1.908,0.0858,-0.4009,-0.3628,-0.0201,-0.6537,-1.52,2.73,-0.277,-0.6104,0.0564,1.8405,1.1561,0
2021-12-14,1.23,1.9136,0.0866,-0.3946,-0.3527,-0.023,-0.5957,-1.43,2.66,-0.2661,-0.5947,0.0626,1.8477,1.1717,0
2021-12-15,1.26,1.9202,0.0893,-0.3899,-0.3402,-0.0194,-0.5925,-1.41,2.67,-0.2509,-0.5762,0.0744,1.8556,1.1867,0
2021-12-16,1.19,1.906,0.0813,-0.4658,-0.3264,-0.0051,-0.6349,-1.51,2.7,-0.2451,-0.534,0.0438,1.7291,1.1506,0
2021-12-17,1.18,1.9038,0.0798,-0.4456,-0.3439,-0.0141,-0.6046,-1.47,2.65,-0.2641,-0.5661,0.0379,1.7602,1.1475,0
2021-12-20,1.17,1.9041,0.076,-0.4633,-0.3332,-0.0137,-0.6052,-1.48,2.65,-0.2572,-0.5425,0.0282,1.7262,1.1516,0
2021-12-21,1.24,1.9176,0.0796,-0.4375,-0.3159,-0.0038,-0.6356,-1.45,2.69,-0.2363,-0.5206,0.048,1.7644,1.1799,0
2021-12-22,1.23,1.9147,0.0807,-0.4296,-0.325,-0.0108,-0.6769,-1.47,2.7,-0.2443,-0.5366,0.048,1.7775,1.1767,0
2021-12-23,1.25,1.9244,0.081,-0.4302,-0.3119,-0.0133,-0.6643,-1.47,2.72,-0.2309,-0.5183,0.0565,1.7815,1.1974,0
2021-12-27,1.26,1.9207,0.0813,-0.4095,-0.325,-0.0075,-0.7061,-1.49,2.75,-0.2437,-0.5396,0.0522,1.8071,1.2041,0
2021-12-28,1.27,1.9216,0.0808,-0.4187,-0.3213,0.0076,-0.708,-1.51,2.78,-0.2405,-0.5333,0.0522,1.7957,1.2027,0
2021-12-29,1.29,1.9368,0.0818,-0.4398,-0.2807,-0.0082,-0.7366,-1.54,2.83,-0.1989,-0.4666,0.0688,1.7647,1.2211,0
2021-12-30,1.27,1.929,0.0802,-0.4399,-0.2982,-0.0011,-0.7974,-1.59,2.86,-0.218,-0.4942,0.0583,1.7653,1.2063,0
2021-12-31,1.26,1.9285,0.0786,-0.4409,-0.3023,-0.0039,-0.7941,-1.61,2.87,-0.2237,-0.5016,0.0542,1.7655,1.2032,0
2022-01-03,1.37,1.9601,0.0826,-0.4279,-0.2448,-0.0,-0.8048,-1.58,2.95,-0.1622,-0.415,0.0906,1.785,1.2644,0
2022-01-04,1.37,1.9693,0.0792,-0.4616,-0.2182,0.0013,-0.7722,-1.56,2.93,-0.139,-0.369,0.0909,1.7376,1.2725,0
2022-01-05,1.43,1.9836,0.0833,-0.4243,-0.2112,-0.0014,-0.6959,-1.44,2.87,-0.1279,-0.3687,0.1129,1.8001,1.302,0
2022-01-06,1.47,1.993,0.089,-0.3917,-0.2108,-0.0095,-0.5998,-1.3,2.77,-0.1218,-0.378,0.1344,1.8575,1.3254,0
2022-01-07,1.5,2.0011,0.0918,-0.4008,-0.1847,-0.0073,-0.6013,-1.28,2.78,-0.0929,-0.3338,0.1479,1.8411,1.3426,0
2022-01-10,1.53,2.0048,0.0934,-0.367,-0.1928,-0.0084,-0.5927,-1.24,2.77,-0.0994,-0.3514,0.1525,1.8898,1.3675,0
2022-01-11,1.51,1.9957,0.094,-0.3653,-0.2052,-0.0092,-0.691,-1.36,2.87,-0.1112,-0.3681,0.1457,1.8873,1.355,0
2022-01-12,1.5,1.9961,0.0936,-0.3677,-0.2113,-0.0108,-0.6372,-1.32,2.82,-0.1177,-0.3805,0.1451,1.8912,1.3548,0
2022-01-13,1.47,1.9868,0.0908,-0.3752,-0.2274,-0.005,-0.5891,-1.3,2.77,-0.1366,-0.4036,0.1303,1.8786,1.3368,0
2022-01-14,1.55,2.008,0.0964,-0.3422,-0.2007,-0.0114,-0.5686,-1.24,2.79,-0.1043,-0.3696,0.1609,1.931,1.3848,0
2022-01-18,1.65,2.0313,0.1002,-0.3061,-0.1705,-0.0049,-0.5567,-1.15,2.8,-0.0703,-0.3274,0.1869,1.9823,1.4504,0
2022-01-19,1.62,2.0236,0.0993,-0.3075,-0.1874,-0.008,-0.5073,-1.11,2.73,-0.0881,-0.3542,0.1781,1.9822,1.4377,0
2022-01-20,1.62,2.02,0.1004,-0.2993,-0.1954,-0.0058,-0.5185,-1.12,2.74,-0.095,-0.367,0.1771,1.9928,1.4356,0
2022-01-21,1.54,1.9989,0.0966,-0.3133,-0.2292,-0.0131,-0.5388,-1.16,2.7,-0.1326,-0.4149,0.1498,1.968,1.3958,0
2022-01-24,1.53,1.9978,0.0908,-0.3336,-0.2198,-0.0052,-0.5849,-1.21,2.74,-0.129,-0.3918,0.1338,1.927,1.3972,0
2022-01-25,1.56,2.0064,0.0916,-0.3131,-0.2146,-0.0102,-0.6065,-1.22,2.78,-0.123,-0.3889,0.1428,1.9591,1.4148,0
2022-01-26,1.66,2.029,0.1007,-0.261,-0.1986,-0.0101,-0.5431,-1.09,2.75,-0.0979,-0.3788,0.1831,2.049,1.4674,0
2022-01-27,1.66,2.0178,0.1055,-0.2179,-0.2375,-0.0079,-0.5747,-1.1,2.76,-0.132,-0.4465,0.1824,2.1144,1.4708,0
2022-01-28,1.61,2.0043,0.1043,-0.2307,-0.2566,-0.0113,-0.6373,-1.19,2.8,-0.1523,-0.472,0.1674,2.0933,1.4503,0
2022-01-31,1.62,2.0086,0.1008,-0.2317,-0.2503,-0.0074,-0.6518,-1.2,2.82,-0.1495,-0.4594,0.1604,2.0867,1.4706,0
2022-02-01,1.63,2.0129,0.1,-0.2285,-0.2452,-0.0092,-0.6254,-1.17,2.8,-0.1452,-0.4529,0.1626,2.0922,1.4756,0
2022-02-02,1.6,2.0062,0.0998,-0.2339,-0.256,-0.0161,-0.6208,-1.19,2.79,-0.1562,-0.4696,0.1573,2.0857,1.4563,0
2022-02-03,1.66,2.0189,0.1016,-0.2188,-0.2405,-0.0012,-0.5635,-1.1,2.76,-0.1389,-0.4495,0.1716,2.1106,1.4857,0
2022-02-04,1.78,2.0474,0.1088,-0.1528,-0.2196,-0.0038,-0.5457,-1.0,2.78,-0.1108,-0.4316,0.21,2.2154,1.564,0
2022-02-07,1.76,2.0433,0.1067,-0.1621,-0.2201,-0.0078,-0.5248,-0.99,2.75,-0.1134,-0.4262,0.1995,2.194,1.5691,0
2022-02-08,1.81,2.0536,0.1104,-0.1419,-0.207,-0.0051,-0.5252,-0.96,2.77,-0.0966,-0.4099,0.2167,2.225,1.5936,0
2022-02-09,1.82,2.0526,0.1143,-0.1309,-0.2142,-0.0018,-0.5358,-0.96,2.78,-0.0999,-0.4252,0.2255,2.247,1.5927,0
2022-02-10,1.96,2.0799,0.1236,-0.0096,-0.222,-0.0119,-0.5508,-0.85,2.81,-0.0984,-0.4597,0.2629,2.4316,1.7069,0
2022-02-11,1.84,2.0501,0.1183,-0.0533,-0.2584,-0.0168,-0.5956,-0.98,2.82,-0.1401,-0.5052,0.2251,2.362,1.6479,0
2022-02-14,1.9,2.0658,0.1201,-0.0201,-0.2413,-0.0245,-0.6501,-1.01,2.91,-0.1212,-0.482,0.2396,2.4065,1.6985,0
2022-02-15,1.94,2.0829,0.1222,-0.051,-0.1971,-0.017,-0.5968,-0.95,2.89,-0.0749,-0.4119,0.2621,2.3689,1.7111,0
2022-02-16,1.9,2.0767,0.1211,-0.0804,-0.1973,-0.0202,-0.5927,-0.97,2.87,-0.0762,-0.4093,0.257,2.3295,1.6799,0
2022-02-17,1.85,2.0628,0.1182,-0.096,-0.219,-0.016,-0.582,-1.02,2.87,-0.1008,-0.4407,0.2392,2.3067,1.6456,0
2022-02-18,1.82,2.0511,0.1167,-0.0941,-0.2409,-0.0127,-0.5807,-1.04,2.86,-0.1242,-0.4735,0.2251,2.3063,1.6265,0
2022-02-22,1.85,2.053,0.117,-0.0469,-0.2552,-0.0179,-0.6225,-1.04,2.89,-0.1382,-0.4994,0.223,2.3673,1.662,0
2022-02-23,1.89,2.0633,0.1203,-0.0428,-0.2302,-0.0206,-0.6992,-1.12,3.01,-0.1099,-0.4588,0.239,2.3694,1.6861,0
2022-02-24,1.84,2.057,0.1208,-0.0952,-0.2205,-0.0221,-0.7525,-1.21,3.05,-0.0997,-0.4389,0.2395,2.301,1.6443,0
2022-02-25,1.86,2.0638,0.1204,-0.066,-0.2282,-0.03,-0.7388,-1.16,3.02,-0.1078,-0.4579,0.2422,2.3478,1.6711,0
2022-02-28,1.71,2.0188,0.1108,-0.095,-0.2948,-0.0298,-0.8867,-1.4,3.11,-0.184,-0.5486,0.1807,2.2884,1.5841,0
2022-03-01,1.56,1.9857,0.1011,-0.1667,-0.3284,-0.0317,-0.9404,-1.58,3.14,-0.2273,-0.5875,0.1329,2.1792,1.4915,0
2022-03-02,1.74,2.0285,0.1114,-0.0975,-0.2744,-0.028,-0.9868,-1.49,3.23,-0.163,-0.5173,0.1914,2.2853,1.5939,0
2022-03-03,1.74,2.0293,0.1128,-0.0962,-0.2803,-0.0256,-0.9577,-1.43,3.17,-0.1675,-0.5299,0.1948,2.2955,1.6019,0
2022-03-04,1.65,1.9944,0.1097,-0.0911,-0.3472,-0.0157,-1.0131,-1.54,3.19,-0.2375,-0.6315,0.1564,2.2972,1.5455,0
2022-03-07,1.71,2.0046,0.1124,-0.0504,-0.3361,-0.0204,-1.1056,-1.58,3.29,-0.2237,-0.6154,0.168,2.3459,1.5897,0
2022-03-08,1.8,2.0262,0.1226,-0.021,-0.3043,-0.0235,-1.2204,-1.63,3.43,-0.1817,-0.5751,0.2117,2.3986,1.6326,0
2022-03-09,1.87,2.0505,0.1273,-0.0086,-0.2775,-0.0217,-1.0909,-1.46,3.33,-0.1502,-0.5441,0.2436,2.4358,1.68,0
2022-03-10,1.92,2.0619,0.1328,0.0132,-0.2605,-0.0273,-1.1201,-1.5,3.42,-0.1277,-0.5219,0.2664,2.4692,1.7052,0
2022-03-11,1.96,2.0653,0.1375,0.0456,-0.2668,-0.0216,-1.2092,-1.56,3.52,-0.1293,-0.5381,0.2794,2.5197,1.7242,0
2022-03-14,2.1,2.1068,0.1428,0.071,-0.2008,-0.0198,-1.1409,-1.4,3.5,-0.058,-0.4404,0.3243,2.5601,1.8242,0
2022-03-15,2.1,2.1109,0.1423,0.0776,-0.2031,-0.0277,-1.0357,-1.32,3.42,-0.0608,-0.4481,0.3265,2.5758,1.8314,0
2022-03-16,2.18,2.1246,0.1502,0.1189,-0.1926,-0.0211,-0.9483,-1.16,3.34,-0.0424,-0.4414,0.3566,2.6425,1.8671,0
2022-03-17,2.17,2.1225,0.1563,0.0913,-0.1702,-0.0299,-1.0952,-1.34,3.51,-0.0139,-0.3996,0.3717,2.5994,1.853,0
2022-03-18,2.14,2.1119,0.1584,0.1081,-0.2094,-0.0291,-1.0809,-1.34,3.48,-0.051,-0.4687,0.3667,2.6377,1.8415,0
2022-03-21,2.33,2.1595,0.1678,0.181,-0.1434,-0.0349,-1.0562,-1.19,3.52,0.0244,-0.3755,0.4243,2.7404,1.9729,0
2022-03-22,2.39,2.1758,0.1721,0.1963,-0.1216,-0.0326,-1.0341,-1.13,3.52,0.0505,-0.3469,0.4479,2.7695,2.0103,0
2022-03-23,2.34,2.1602,0.1716,0.1739,-0.1381,-0.0276,-1.1001,-1.23,3.57,0.0335,-0.3676,0.4346,2.7353,1.9738,0
2022-03-24,2.37,2.1673,0.1723,0.1909,-0.1335,-0.027,-1.0918,-1.2,3.57,0.0388,-0.3639,0.4415,2.7609,1.9932,0
2022-03-25,2.55,2.2102,0.1832,0.264,-0.0809,-0.0265,-1.0497,-1.04,3.59,0.1023,-0.2976,0.5023,2.8741,2.0916,0
2022-03-28,2.54,2.2024,0.1853,0.3064,-0.1207,-0.0334,-1.0648,-1.02,3.56,0.0646,-0.3669,0.496,2.9402,2.1121,0
2022-03-29,2.49,2.1891,0.1855,0.3062,-0.1533,-0.0375,-0.9501,-0.91,3.4,0.0322,-0.4206,0.4851,2.9481,2.0882,0
2022-03-30,2.44,2.1701,0.1843,0.2991,-0.18,-0.0335,-0.9702,-0.97,3.41,0.0043,-0.4576,0.4663,2.9312,2.0526,0
2022-03-31,2.42,2.1621,0.1821,0.3007,-0.1978,-0.027,-0.9337,-0.92,3.34,-0.0157,-0.4852,0.4537,2.9322,2.0399,0
2022-04-01,2.55,2.1844,0.1947,0.3968,-0.1963,-0.0295,-0.8434,-0.73,3.28,-0.0016,-0.5038,0.5005,3.0833,2.1078,0
2022-04-04,2.56,2.1885,0.1934,0.3822,-0.1778,-0.0263,-0.8324,-0.72,3.28,0.0156,-0.467,0.4982,3.0533,2.1327,0
2022-04-05,2.69,2.2214,0.2011,0.4082,-0.1253,-0.0154,-0.801,-0.62,3.31,0.0758,-0.3939,0.5454,3.0992,2.1925,0
2022-04-06,2.7,2.237,0.199,0.3647,-0.0803,-0.0204,-0.7638,-0.58,3.28,0.1187,-0.317,0.5544,3.0374,2.2126,0
2022-04-07,2.7,2.2503,0.1951,0.3196,-0.0355,-0.0295,-0.7392,-0.56,3.26,0.1596,-0.2391,0.5582,2.9686,2.2195,0
2022-04-08,2.76,2.268,0.196,0.3412,-0.0135,-0.0317,-0.7782,-0.57,3.33,0.1825,-0.2093,0.5743,3.001,2.2598,0
2022-04-11,2.79,2.2809,0.1911,0.34,0.0056,-0.0275,-0.8068,-0.58,3.37,0.1967,-0.1786,0.5719,2.9961,2.2893,0
2022-04-12,2.66,2.2608,0.1766,0.2527,-0.0012,-0.0288,-0.7813,-0.65,3.31,0.1754,-0.1719,0.5226,2.8607,2.2236,0
2022-04-13,2.66,2.2585,0.1718,0.2609,-0.0119,-0.0193,-0.7117,-0.59,3.25,0.1599,-0.19,0.5098,2.8693,2.211,0
2022-04-14,2.79,2.2912,0.1772,0.2967,0.0405,-0.0157,-0.7465,-0.54,3.33,0.2177,-0.1135,0.549,2.9192,2.285,0
2022-04-18,2.79,2.2967,0.174,0.2769,0.0578,-0.0154,-0.7706,-0.57,3.36,0.2318,-0.0813,0.5448,2.8867,2.3001,0
2022-04-19,2.91,2.322,0.1832,0.3321,0.0823,-0.0096,-0.7574,-0.45,3.36,0.2655,-0.0563,0.5873,2.9759,2.3601,0
2022-04-20,2.87,2.3017,0.1848,0.3525,0.0346,-0.0036,-0.7868,-0.49,3.36,0.2194,-0.1338,0.5726,3.0073,2.3346,0
2022-04-21,2.96,2.3158,0.1929,0.4004,0.0475,0.0034,-0.8948,-0.41,3.37,0.2404,-0.1213,0.6021,3.0779,2.3796,0
2022-04-22,2.94,2.3171,0.1929,0.3933,0.0396,-0.0029,-0.8661,-0.43,3.37,0.2325,-0.138,0.603,3.0809,2.3842,0
2022-04-25,2.84,2.2904,0.1804,0.3923,-0.0142,-0.0089,-0.8265,-0.43,3.27,0.1662,-0.2133,0.5456,3.0622,2.3575,0
2022-04-26,2.79,2.2761,0.1721,0.3768,-0.0349,-0.0001,-0.7782,-0.46,3.25,0.1372,-0.2397,0.5141,3.0298,2.3202,0
2022-04-27,2.81,2.2862,0.1726,0.3716,-0.0071,-0.0133,-0.7957,-0.47,3.28,0.1655,-0.1937,0.5246,3.017,2.3341,0
2022-04-28,2.86,2.2958,0.1778,0.398,0.001,-0.0125,-0.8803,-0.53,3.39,0.1788,-0.188,0.5455,3.0605,2.354,0
2022-04-29,2.92,2.315,0.1827,0.4151,0.0185,-0.0113,-0.7828,-0.38,3.3,0.2012,-0.1708,0.5732,3.1022,2.3949,0
2022-05-02,3.01,2.3408,0.1831,0.4284,0.0606,-0.003,-0.6555,-0.2,3.21,0.2437,-0.1066,0.5941,3.1196,2.4564,0
2022-05-03,3.01,2.3345,0.187,0.4515,0.0412,-0.0042,-0.661,-0.2,3.21,0.2282,-0.142,0.5984,3.1562,2.4466,0
2022-05-04,2.93,2.32,0.181,0.3816,0.05,-0.0025,-0.7104,-0.31,3.24,0.231,-0.1112,0.5731,3.0437,2.4044,0
2022-05-05,3.01,2.3552,0.1854,0.3539,0.1232,-0.0077,-0.638,-0.22,3.23,0.3086,-0.0008,0.618,3.0185,2.4406,0
2022-05-06,3.06,2.3758,0.1861,0.3396,0.168,-0.0095,-0.6026,-0.16,3.22,0.3541,0.0705,0.6377,2.999,2.4743,0
2022-05-09,2.95,2.3545,0.1725,0.2986,0.1358,-0.0113,-0.4897,-0.11,3.06,0.3083,0.0301,0.5864,2.9312,2.4282,0
2022-05-10,2.91,2.3393,0.1682,0.3247,0.0956,-0.0177,-0.3816,-0.01,2.92,0.2638,-0.0338,0.5613,2.9615,2.4093,0
2022-05-11,2.89,2.3204,0.1692,0.3454,0.062,-0.007,-0.4675,-0.11,3.0,0.2312,-0.0838,0.5463,2.9808,2.3866,0
2022-05-12,2.81,2.3035,0.1623,0.3249,0.0271,-0.0077,-0.3827,-0.08,2.89,0.1894,-0.1367,0.5154,2.9544,2.3499,0
2022-05-13,2.89,2.3226,0.1649,0.3464,0.0642,-0.008,-0.4801,-0.14,3.03,0.2291,-0.0786,0.5367,2.9766,2.3943,0
2022-05-16,2.83,2.3092,0.1548,0.3362,0.0322,-0.0024,-0.4774,-0.21,3.04,0.187,-0.1239,0.4979,2.9563,2.3844,0
2022-05-17,2.96,2.3364,0.1623,0.4025,0.0603,-0.0014,-0.4626,-0.12,3.08,0.2226,-0.0922,0.5373,3.0536,2.4516,0
2022-05-18,2.89,2.3111,0.1613,0.4121,0.009,-0.0035,-0.4968,-0.16,3.05,0.1703,-0.1714,0.5121,3.065,2.4146,0
2022-05-19,2.84,2.3015,0.159,0.3802,0.0006,-0.0013,-0.4292,-0.13,2.97,0.1596,-0.1812,0.5004,3.0225,2.3806,0
2022-05-20,2.8,2.288,0.1557,0.3694,-0.0192,0.0061,-0.3468,-0.08,2.88,0.1365,-0.2085,0.4816,3.0024,2.3508,0
2022-05-23,2.88,2.3074,0.1583,0.4107,0.0032,0.0004,-0.3599,-0.04,2.92,0.1615,-0.1786,0.5015,3.0581,2.4061,0
2022-05-24,2.76,2.2778,0.1499,0.3884,-0.0514,-0.0047,-0.341,-0.11,2.87,0.0985,-0.2605,0.4575,3.0252,2.3377,0
2022-05-25,2.71,2.2713,0.1453,0.3529,-0.0446,-0.0149,-0.3461,-0.17,2.88,0.1007,-0.2399,0.4413,2.9649,2.3191,0
2022-05-26,2.7,2.2699,0.1436,0.3572,-0.0455,-0.0253,-0.4384,-0.26,2.96,0.0981,-0.2399,0.4362,2.9652,2.3139,0
2022-05-27,2.71,2.2715,0.1436,0.3904,-0.0665,-0.0291,-0.4529,-0.24,2.95,0.0771,-0.2828,0.4371,3.0219,2.3204,0
2022-05-31,2.81,2.2988,0.1426,0.4159,-0.0264,-0.0209,-0.4363,-0.15,2.96,0.1162,-0.2214,0.4538,3.0523,2.3964,0
2022-06-01,2.94,2.325,0.1525,0.4775,-0.0065,-0.0085,-0.3858,-0.02,2.96,0.146,-0.2072,0.4992,3.1557,2.4552,0
2022-06-02,2.92,2.3176,0.1539,0.4826,-0.0241,-0.01,-0.4168,-0.05,2.97,0.1298,-0.2361,0.4957,3.166,2.4489,0
2022-06-03,2.95,2.3243,0.1559,0.4933,-0.0124,-0.0111,-0.4818,-0.09,3.04,0.1435,-0.2177,0.5047,3.1788,2.4721,0
2022-06-06,3.03,2.3494,0.1579,0.5111,0.0257,-0.0141,-0.4782,-0.02,3.05,0.1836,-0.1612,0.5285,3.2054,2.5348,0
2022-06-07,2.99,2.3357,0.155,0.507,0.0014,-0.0091,-0.4864,-0.04,3.03,0.1564,-0.1958,0.5085,3.1949,2.5172,0
2022-06-08,3.03,2.3467,0.1555,0.5231,0.0112,-0.0065,-0.4845,-0.03,3.06,0.1667,-0.1851,0.5184,3.2215,2.5424,0
2022-06-09,3.07,2.351,0.1578,0.5607,0.0005,0.0,-0.4903,-0.01,3.08,0.1583,-0.2091,0.5257,3.2791,2.5646,0
2022-06-10,3.25,2.3883,0.1669,0.665,0.0271,0.0027,-0.4934,0.12,3.13,0.194,-0.1834,0.5714,3.4307,2.6939,0
2022-06-13,3.56,2.4634,0.1785,0.8028,0.107,0.0083,-0.3885,0.45,3.11,0.2855,-0.0793,0.6503,3.631,2.9266,0
2022-06-14,3.61,2.4809,0.1707,0.8417,0.106,0.0107,-0.1854,0.73,2.88,0.2767,-0.0854,0.6387,3.6847,3.0052,0
2022-06-15,3.38,2.4246,0.1531,0.7169,0.0711,0.0143,-0.3419,0.38,3.0,0.2242,-0.1036,0.552,3.4694,2.8651,0
2022-06-16,3.35,2.4135,0.1546,0.8155,-0.0277,-0.0059,-0.2456,0.48,2.87,0.1269,-0.2956,0.5495,3.6515,2.8238,0
2022-06-17,3.34,2.4113,0.1554,0.7704,0.0039,-0.0011,-0.1948,0.54,2.8,0.1593,-0.2312,0.5499,3.5723,2.8185,0
2022-06-21,3.38,2.4231,0.1439,0.7713,0.0304,0.0112,-0.217,0.54,2.84,0.1743,-0.1751,0.5238,3.5439,2.8879,0
2022-06-22,3.22,2.3823,0.1295,0.7415,-0.037,0.0037,-0.1876,0.48,2.74,0.0925,-0.2696,0.4546,3.4858,2.8024,0
2022-06-23,3.14,2.3619,0.1171,0.7214,-0.067,0.0066,-0.1721,0.45,2.69,0.0501,-0.3059,0.4061,3.4393,2.7645,0
2022-06-24,3.18,2.3693,0.1113,0.7384,-0.0593,0.0203,-0.222,0.36,2.82,0.052,-0.292,0.3959,3.4516,2.7904,0
2022-06-27,3.24,2.3887,0.1109,0.7775,-0.0425,0.0054,-0.189,0.45,2.79,0.0684,-0.2716,0.4083,3.5061,2.8461,0
2022-06-28,3.25,2.3912,0.1098,0.7658,-0.0321,0.0153,-0.127,0.52,2.73,0.0777,-0.2526,0.4079,3.4872,2.8487,0
2022-06-29,3.15,2.3703,0.101,0.7396,-0.071,0.01,0.0309,0.56,2.59,0.03,-0.3089,0.369,3.4489,2.8034,0
2022-06-30,3.01,2.3324,0.0892,0.6679,-0.1004,0.0209,-0.0418,0.43,2.58,-0.0112,-0.3325,0.3102,3.3217,2.715,0
2022-07-01,2.88,2.2977,0.0789,0.7032,-0.2036,0.0038,-0.103,0.28,2.6,-0.1247,-0.5045,0.2551,3.3807,2.6495,0
2022-07-05,2.82,2.2879,0.0658,0.6264,-0.1729,0.0129,-0.0827,0.31,2.51,-0.1071,-0.4268,0.2126,3.234,2.6398,0
2022-07-06,2.96,2.319,0.0726,0.6988,-0.1423,0.0119,-0.021,0.48,2.48,-0.0697,-0.3927,0.2533,3.3408,2.7154,0
2022-07-07,3.05,2.3378,0.0798,0.7276,-0.1168,0.0216,-0.0346,0.52,2.53,-0.037,-0.3599,0.2859,3.3883,2.7593,0
2022-07-08,3.13,2.3598,0.0863,0.7582,-0.0906,0.0163,-0.0764,0.51,2.62,-0.0043,-0.3275,0.3189,3.4412,2.8145,0
2022-07-11,3.05,2.3339,0.0758,0.7766,-0.1524,0.0162,-0.0741,0.49,2.56,-0.0766,-0.4186,0.2653,3.4524,2.8027,0
2022-07-12,3.01,2.3194,0.0715,0.7861,-0.1816,0.0146,-0.0619,0.51,2.5,-0.1101,-0.4618,0.2417,3.4572,2.7792,0
2022-07-13,3.02,2.3093,0.0668,0.8812,-0.2482,0.0109,-0.1071,0.51,2.51,-0.1814,-0.5759,0.213,3.585,2.8185,0
2022-07-14,3.06,2.3196,0.069,0.8846,-0.2202,0.0069,-0.1143,0.52,2.54,-0.1512,-0.5296,0.2273,3.5827,2.838,0
2022-07-15,3.05,2.3132,0.0688,0.8892,-0.2338,0.0127,-0.1576,0.46,2.59,-0.165,-0.5507,0.2206,3.588,2.8307,0
2022-07-18,3.06,2.3186,0.0644,0.893,-0.2264,0.0104,-0.1821,0.43,2.63,-0.162,-0.5358,0.2117,3.5854,2.8578,0
2022-07-19,3.14,2.333,0.0661,0.9406,-0.2191,0.0193,-0.1878,0.47,2.67,-0.153,-0.5312,0.2253,3.6519,2.9035,0
2022-07-20,3.18,2.3415,0.0704,0.9641,-0.2154,0.0195,-0.172,0.51,2.67,-0.145,-0.5332,0.2432,3.6938,2.92,0
2022-07-21,3.0,2.3004,0.061,0.9305,-0.2976,0.0057,-0.1123,0.45,2.55,-0.2366,-0.6612,0.188,3.6555,2.8221,0
2022-07-22,2.87,2.262,0.05,0.889,-0.3451,0.0141,-0.1719,0.31,2.56,-0.2951,-0.7196,0.1294,3.5755,2.7416,0
2022-07-25,2.89,2.2704,0.0442,0.9063,-0.3359,0.005,-0.1919,0.31,2.58,-0.2917,-0.7019,0.1186,3.587,2.7791,0
2022-07-26,2.89,2.2708,0.0464,0.9229,-0.3453,-0.0048,-0.1777,0.33,2.56,-0.2989,-0.7233,0.1256,3.6182,2.7717,0
2022-07-27,2.82,2.2576,0.0449,0.8762,-0.3483,-0.0104,-0.2493,0.21,2.61,-0.3034,-0.721,0.1142,3.5514,2.7236,0
2022-07-28,2.69,2.2275,0.0359,0.815,-0.3801,-0.0082,-0.3698,0.02,2.67,-0.3442,-0.7577,0.0692,3.4559,2.6479,0
2022-07-29,2.7,2.2268,0.0351,0.8422,-0.3947,-0.0094,-0.4583,-0.03,2.73,-0.3596,-0.7849,0.0656,3.4943,2.6528,0
2022-08-01,2.66,2.2111,0.0302,0.8565,-0.4337,-0.0041,-0.4853,-0.06,2.72,-0.4035,-0.8444,0.0374,3.5085,2.6415,0
2022-08-02,2.85,2.2556,0.0438,0.9443,-0.3878,-0.0059,-0.3826,0.16,2.69,-0.344,-0.7941,0.1061,3.65,2.7445,0
2022-08-03,2.86,2.2487,0.0498,0.9678,-0.4081,0.0019,-0.4228,0.14,2.72,-0.3583,-0.8303,0.1136,3.6884,2.7447,0
2022-08-04,2.76,2.2314,0.045,0.9193,-0.4251,-0.0106,-0.3943,0.12,2.64,-0.3801,-0.8488,0.0885,3.6194,2.7024,0
2022-08-05,2.97,2.2762,0.0565,1.0239,-0.3855,-0.0011,-0.3437,0.33,2.64,-0.329,-0.8069,0.149,3.778,2.8283,0
2022-08-08,2.91,2.2568,0.0527,1.0242,-0.4171,-0.0066,-0.4009,0.26,2.65,-0.3644,-0.8483,0.1195,3.7649,2.8171,0
2022-08-09,2.97,2.2661,0.0566,1.0681,-0.4186,-0.0022,-0.3785,0.31,2.66,-0.362,-0.8593,0.1354,3.8316,2.8465,0
2022-08-10,2.93,2.2628,0.0542,1.0123,-0.4003,0.0009,-0.3469,0.32,2.61,-0.3461,-0.8213,0.1291,3.7503,2.8233,0
2022-08-11,2.98,2.2848,0.0572,0.9876,-0.3477,-0.0019,-0.3534,0.31,2.67,-0.2905,-0.7395,0.1586,3.7215,2.8399,0
2022-08-12,2.97,2.2794,0.0563,1.0062,-0.3678,-0.0042,-0.3738,0.3,2.67,-0.3115,-0.7728,0.1498,3.7469,2.8439,0
2022-08-15,2.91,2.2649,0.0507,0.9944,-0.3912,-0.0088,-0.3588,0.29,2.62,-0.3405,-0.804,0.1231,3.7228,2.8191,0
2022-08-16,2.95,2.2724,0.0544,1.0205,-0.3847,-0.0126,-0.3441,0.34,2.61,-0.3303,-0.7989,0.1383,3.7615,2.8368,0
2022-08-17,3.04,2.2924,0.0618,1.062,-0.3626,-0.0136,-0.3385,0.39,2.65,-0.3008,-0.7739,0.1723,3.8275,2.8835,0
2022-08-18,3.02,2.2858,0.0623,1.0481,-0.3654,-0.0108,-0.4009,0.32,2.7,-0.3031,-0.775,0.1688,3.8058,2.8666,0
2022-08-19,3.11,2.3143,0.0646,1.039,-0.3086,0.0007,-0.394,0.39,2.72,-0.244,-0.6866,0.1986,3.796,2.9178,0
2022-08-22,3.17,2.33,0.0662,1.0786,-0.2983,-0.0065,-0.4023,0.43,2.74,-0.2321,-0.6772,0.213,3.8537,2.9669,0
2022-08-23,3.18,2.3351,0.0652,1.0623,-0.2795,-0.0031,-0.4096,0.41,2.77,-0.2143,-0.6444,0.2157,3.8274,2.9707,0
2022-08-24,3.2,2.3519,0.0664,1.0791,-0.2555,-0.0419,-0.4415,0.41,2.79,-0.1891,-0.6088,0.2305,3.8507,3.0167,0
2022-08-25,3.15,2.3327,0.0649,1.089,-0.2999,-0.0367,-0.4634,0.38,2.77,-0.235,-0.6807,0.2107,3.8674,2.981,0
2022-08-26,3.2,2.3401,0.0684,1.1184,-0.2996,-0.0273,-0.4226,0.47,2.73,-0.2312,-0.6874,0.2249,3.9147,3.0012,0
2022-08-29,3.27,2.3571,0.0664,1.137,-0.2734,-0.0172,-0.3836,0.56,2.71,-0.207,-0.6442,0.2302,3.9313,3.06,0
2022-08-30,3.27,2.357,0.0667,1.156,-0.2832,-0.0265,-0.3585,0.6,2.67,-0.2165,-0.6627,0.2297,3.9592,3.0675,0
2022-08-31,3.3,2.3673,0.0655,1.1461,-0.2668,-0.0121,-0.2523,0.72,2.58,-0.2013,-0.6389,0.2363,3.951,3.0795,0
2022-09-01,3.39,2.398,0.0689,1.1527,-0.2131,-0.0165,-0.1505,0.87,2.52,-0.1442,-0.5592,0.2709,3.9658,3.1348,0
2022-09-02,3.3,2.3789,0.0611,1.1073,-0.2283,-0.019,-0.1872,0.75,2.55,-0.1672,-0.5711,0.2367,3.8901,3.0888,0
2022-09-06,3.43,2.4146,0.0635,1.1434,-0.1811,-0.0104,-0.1061,0.87,2.56,-0.1176,-0.506,0.2708,3.9464,3.1681,0
2022-09-07,3.37,2.3971,0.0578,1.1337,-0.2117,-0.0068,-0.0909,0.86,2.51,-0.1539,-0.5491,0.2413,3.926,3.1397,0
2022-09-08,3.39,2.4028,0.0577,1.1612,-0.214,-0.0178,-0.0406,0.93,2.46,-0.1563,-0.5564,0.2438,3.9641,3.164,0
2022-09-09,3.45,2.4107,0.0595,1.2072,-0.2198,-0.0076,-0.0564,0.94,2.51,-0.1603,-0.5718,0.2511,4.0294,3.2049,0
2022-09-12,3.47,2.4193,0.057,1.2036,-0.2044,-0.0055,-0.0487,0.95,2.52,-0.1474,-0.5457,0.2508,4.0211,3.2294,0
2022-09-13,3.58,2.4337,0.058,1.3288,-0.2397,-0.0008,-0.0739,1.02,2.56,-0.1817,-0.619,0.2557,4.1999,3.3236,0
2022-09-14,3.6,2.4298,0.0597,1.3634,-0.261,0.0081,-0.1145,0.98,2.62,-0.2013,-0.6565,0.2539,4.2484,3.3361,0
2022-09-15,3.66,2.4455,0.0652,1.3879,-0.2448,0.0062,-0.0646,1.09,2.57,-0.1796,-0.639,0.2797,4.2928,3.3736,0
2022-09-16,3.62,2.4433,0.0627,1.344,-0.2352,0.0053,0.0014,1.13,2.49,-0.1725,-0.6179,0.2728,4.2326,3.3612,0
2022-09-19,3.69,2.454,0.0632,1.4067,-0.2423,0.0083,0.06,1.25,2.44,-0.1791,-0.6362,0.2781,4.3179,3.4154,0
2022-09-20,3.75,2.4728,0.0663,1.4078,-0.1907,-0.0063,0.0409,1.27,2.48,-0.1244,-0.5505,0.3018,4.3068,3.4486,0
2022-09-21,3.74,2.4627,0.0699,1.4239,-0.2233,0.0068,0.031,1.27,2.47,-0.1534,-0.6075,0.3007,4.3407,3.4429,0
2022-09-22,3.91,2.5134,0.0821,1.4442,-0.1302,0.0005,0.1202,1.46,2.45,-0.0481,-0.4705,0.3742,4.38,3.5366,0
2022-09-23,3.96,2.5101,0.0965,1.5497,-0.1956,-0.0007,0.1326,1.58,2.38,-0.0991,-0.6036,0.4053,4.5642,3.5469,0
2022-09-26,4.15,2.5615,0.1083,1.5971,-0.1149,-0.002,0.2627,1.82,2.33,-0.0066,-0.4869,0.4737,4.6389,3.6738,0
2022-09-27,4.21,2.5847,0.1137,1.5721,-0.0619,0.0014,0.2896,1.86,2.35,0.0518,-0.4053,0.5089,4.6139,3.7025,0
2022-09-28,3.92,2.5148,0.0939,1.4589,-0.1495,0.0018,0.1614,1.55,2.37,-0.0556,-0.515,0.4039,4.4332,3.5479,0
2022-09-29,3.98,2.5349,0.0935,1.4785,-0.1307,0.0039,0.3642,1.8,2.18,-0.0372,-0.495,0.4206,4.4712,3.5787,0
2022-09-30,4.06,2.5534,0.0965,1.5088,-0.1069,0.0082,0.4581,1.92,2.14,-0.0104,-0.463,0.4422,4.5149,3.6233,0
2022-10-03,3.9,2.5033,0.0849,1.4934,-0.1893,0.0076,0.2798,1.64,2.26,-0.1044,-0.577,0.3683,4.4694,3.5478,0
2022-10-04,3.84,2.49,0.0767,1.4764,-0.2111,0.008,0.2558,1.56,2.28,-0.1344,-0.6053,0.3365,4.4373,3.5243,0
2022-10-05,3.96,2.5312,0.079,1.4566,-0.1092,0.0024,0.344,1.7,2.26,-0.0302,-0.4385,0.378,4.396,3.5916,0
2022-10-06,4.05,2.5507,0.0831,1.4801,-0.0801,0.0163,0.3704,1.76,2.29,0.003,-0.3977,0.4036,4.4314,3.636,0
2022-10-07,4.14,2.5644,0.0914,1.5807,-0.1135,0.017,0.3261,1.78,2.36,-0.0221,-0.4765,0.4323,4.5995,3.6879,0
2022-10-11,4.14,2.5756,0.0853,1.5225,-0.0504,0.007,0.2874,1.78,2.36,0.0349,-0.3541,0.4238,4.4871,3.7251,0
2022-10-12,4.12,2.5711,0.0807,1.5149,-0.0603,0.0136,0.3149,1.8,2.32,0.0204,-0.3684,0.4093,4.4748,3.7105,0
2022-10-13,4.21,2.5878,0.0836,1.5953,-0.0603,0.0035,0.2672,1.83,2.38,0.0233,-0.3772,0.4239,4.5837,3.7894,0
2022-10-14,4.25,2.5951,0.0867,1.6164,-0.0526,0.0044,0.1956,1.81,2.44,0.0341,-0.3678,0.4359,4.6134,3.8153,0
2022-10-17,4.24,2.5959,0.0795,1.6041,-0.0483,0.0088,0.1454,1.76,2.48,0.0312,-0.3541,0.4166,4.5853,3.8299,0
2022-10-18,4.21,2.5916,0.0731,1.6001,-0.0625,0.0077,0.1989,1.79,2.42,0.0106,-0.376,0.3973,4.5784,3.8186,0
2022-10-19,4.35,2.6251,0.0786,1.6706,-0.0389,0.0147,0.2292,1.89,2.46,0.0397,-0.357,0.4363,4.6923,3.9015,0
2022-10-20,4.45,2.6479,0.0864,1.7182,-0.0139,0.0114,0.1742,1.8,2.65,0.0725,-0.3278,0.4729,4.7664,3.9598,0
2022-10-21,4.34,2.6403,0.0759,1.5917,0.0166,0.0154,0.1258,1.65,2.69,0.0925,-0.2606,0.4456,4.5851,3.9063,0
2022-10-24,4.36,2.652,0.0667,1.5831,0.0403,0.0179,0.0733,1.64,2.72,0.107,-0.2168,0.4308,4.5589,3.9378,0
2022-10-25,4.25,2.6188,0.0604,1.6566,-0.0668,-0.019,0.0962,1.63,2.62,-0.0064,-0.3989,0.3861,4.6679,3.8818,0
2022-10-26,4.2,2.6034,0.0558,1.5893,-0.0629,0.0143,0.1563,1.64,2.56,-0.0071,-0.3773,0.3632,4.563,3.8421,0
2022-10-27,4.09,2.5818,0.046,1.5703,-0.0997,-0.0083,0.1029,1.52,2.57,-0.0537,-0.4302,0.3227,4.5285,3.7861,0
2022-10-28,4.19,2.6021,0.0468,1.559,-0.0394,0.0216,0.0736,1.57,2.62,0.0074,-0.3244,0.3391,4.4928,3.8417,0
2022-10-31,4.27,2.6204,0.0464,1.6054,-0.0333,0.0312,0.0694,1.6,2.67,0.0131,-0.3238,0.35,4.5627,3.9003,0
2022-11-01,4.27,2.6176,0.0487,1.6994,-0.0972,0.0015,0.0572,1.62,2.65,-0.0485,-0.4483,0.3513,4.7168,3.9098,0
2022-11-02,4.3,2.622,0.0537,1.6559,-0.0611,0.0295,0.0507,1.62,2.68,-0.0074,-0.3815,0.3667,4.652,3.9241,0
2022-11-03,4.36,2.6394,0.0609,1.6538,-0.0288,0.0347,0.2079,1.82,2.54,0.0321,-0.3356,0.3998,4.6609,3.9545,0
2022-11-04,4.33,2.6395,0.0591,1.5943,0.0073,0.0298,0.1483,1.72,2.61,0.0664,-0.2641,0.3969,4.5643,3.9426,0
2022-11-07,4.39,2.6553,0.0578,1.6039,0.035,0.038,0.094,1.72,2.67,0.0928,-0.219,0.4046,4.571,3.9881,0
2022-11-08,4.31,2.6341,0.0514,1.5849,0.0016,0.038,0.1148,1.7,2.61,0.053,-0.2653,0.3713,4.5373,3.9446,0
2022-11-09,4.27,2.6331,0.0451,1.5542,0.0089,0.0287,0.185,1.74,2.53,0.054,-0.2485,0.3565,4.4897,3.9289,0
2022-11-10,3.95,2.5395,0.0261,1.5779,-0.1984,0.0049,0.1071,1.48,2.47,-0.1723,-0.5769,0.2324,4.5221,3.7386,0
2022-11-14,4.0,2.5526,0.0262,1.6202,-0.1957,-0.0034,0.1722,1.58,2.42,-0.1695,-0.5814,0.2424,4.5847,3.7717,0
2022-11-15,3.93,2.5305,0.0218,1.602,-0.2272,0.0029,0.16,1.53,2.4,-0.2054,-0.6239,0.2131,4.551,3.7285,0
2022-11-16,3.83,2.4961,0.0167,1.6232,-0.3043,-0.0017,0.1562,1.48,2.35,-0.2876,-0.7446,0.1694,4.5763,3.6769,0
2022-11-17,3.93,2.5199,0.0234,1.6722,-0.2788,-0.0067,0.2268,1.61,2.32,-0.2554,-0.7155,0.2047,4.6521,3.7324,0
2022-11-18,3.99,2.5325,0.0278,1.7096,-0.2726,-0.0073,0.2839,1.71,2.28,-0.2448,-0.7134,0.2238,4.7107,3.7741,0
2022-11-21,3.97,2.5379,0.024,1.5766,-0.1652,-0.0032,0.2087,1.63,2.34,-0.1412,-0.5,0.2175,4.4732,3.7925,0
2022-11-22,3.93,2.5142,0.0242,1.7489,-0.3192,-0.0382,0.1597,1.58,2.35,-0.295,-0.7848,0.1949,4.753,3.7715,0
2022-11-23,3.88,2.4964,0.023,1.7521,-0.3529,-0.0387,0.1515,1.55,2.33,-0.3299,-0.8354,0.1756,4.754,3.7481,0
2022-11-25,3.85,2.4874,0.0207,1.7363,-0.3623,-0.0321,0.1402,1.51,2.34,-0.3416,-0.8458,0.1626,4.7279,3.7285,0
2022-11-28,3.88,2.493,0.0197,1.7456,-0.3576,-0.0207,0.2005,1.59,2.29,-0.3379,-0.8395,0.1637,4.7402,3.7449,0
2022-11-29,3.92,2.5063,0.0211,1.7402,-0.3283,-0.0193,0.2343,1.62,2.3,-0.3072,-0.7936,0.1793,4.7329,3.764,0
2022-11-30,3.82,2.4807,0.0121,1.6741,-0.3471,0.0003,0.1247,1.41,2.41,-0.335,-0.8069,0.1369,4.6267,3.7039,0
2022-12-01,3.68,2.4419,0.0012,1.6219,-0.3987,0.0137,0.0356,1.23,2.45,-0.3975,-0.8743,0.0792,4.5405,3.6145,0
2022-12-02,3.67,2.4367,-0.0005,1.6438,-0.4171,0.0072,-0.0472,1.16,2.51,-0.4176,-0.9052,0.07,4.5681,3.61,0
2022-12-05,3.8,2.4674,0.0068,1.7281,-0.3982,-0.0041,0.0287,1.34,2.46,-0.3914,-0.8929,0.1101,4.697,3.6946,0
2022-12-06,3.73,2.4433,0.0032,1.7162,-0.4378,0.0051,0.08,1.35,2.38,-0.4346,-0.9491,0.0799,4.674,3.6563,0
2022-12-07,3.62,2.4144,-0.0038,1.6805,-0.4718,0.0007,0.1033,1.29,2.33,-0.4756,-0.9899,0.0387,4.6092,3.5977,0
2022-12-08,3.71,2.4332,0.0021,1.71,-0.4426,0.0073,0.1019,1.35,2.36,-0.4405,-0.9503,0.0693,4.653,3.6332,0
2022-12-09,3.75,2.454,0.0036,1.6909,-0.4014,0.0029,0.1756,1.45,2.3,-0.3978,-0.8872,0.0916,4.6342,3.665,0
2022-12-12,3.8,2.4615,0.0047,1.732,-0.4029,0.0047,0.1582,1.45,2.35,-0.3982,-0.8938,0.0974,4.6891,3.7008,0
2022-12-13,3.66,2.4284,-0.0036,1.656,-0.4316,0.0109,0.1764,1.35,2.31,-0.4352,-0.923,0.0526,4.5722,3.6121,0
2022-12-14,3.64,2.4254,-0.0059,1.6485,-0.438,0.0101,0.2332,1.39,2.25,-0.4439,-0.9338,0.0459,4.5637,3.596,0
2022-12-15,3.62,2.4144,-0.0064,1.6753,-0.4686,0.0053,0.239,1.41,2.21,-0.475,-0.9838,0.0338,4.5985,3.5864,0
2022-12-16,3.61,2.4222,-0.0097,1.6176,-0.4273,0.0072,0.3093,1.47,2.14,-0.437,-0.9084,0.0344,4.5112,3.5839,0
2022-12-19,3.7,2.4463,-0.0062,1.6464,-0.3906,0.0042,0.3196,1.51,2.19,-0.3968,-0.8564,0.0627,4.5522,3.634,0
2022-12-20,3.79,2.4753,-0.0024,1.6289,-0.3239,0.0121,0.2814,1.53,2.26,-0.3263,-0.7504,0.0979,4.5283,3.6799,0
2022-12-21,3.78,2.4765,-0.0024,1.5975,-0.3092,0.0176,0.2284,1.47,2.31,-0.3116,-0.7243,0.1011,4.4867,3.6664,0
2022-12-22,3.79,2.4784,-0.0004,1.6268,-0.3279,0.0132,0.3036,1.55,2.24,-0.3283,-0.7642,0.1076,4.5411,3.6702,0
2022-12-23,3.86,2.4959,0.0045,1.6409,-0.2993,0.0181,0.3091,1.57,2.29,-0.2948,-0.7239,0.1342,4.5658,3.7059,0
2022-12-27,3.94,2.5215,0.0076,1.6652,-0.2597,0.0054,0.2779,1.61,2.33,-0.2521,-0.6649,0.1607,4.5995,3.7726,0
2022-12-28,3.97,2.5319,0.0081,1.6517,-0.2359,0.0142,0.2843,1.64,2.33,-0.2278,-0.6271,0.1715,4.5829,3.7866,0
2022-12-29,3.94,2.5221,0.0086,1.6638,-0.2641,0.0095,0.2634,1.62,2.32,-0.2555,-0.6756,0.1647,4.6061,3.7679,0
2022-12-30,3.99,2.5343,0.012,1.6888,-0.2568,0.0117,0.2605,1.66,2.33,-0.2448,-0.6717,0.1821,4.65,3.8002,0
2023-01-03,3.94,2.5109,0.007,1.6955,-0.3022,0.0288,0.2645,1.65,2.29,-0.2952,-0.738,0.1475,4.6491,3.7729,0
2023-01-04,3.85,2.4834,0.0004,1.6929,-0.3521,0.0254,0.2834,1.64,2.21,-0.3517,-0.8098,0.1064,4.6344,3.7304,0
2023-01-05,3.9,2.4879,0.003,1.7509,-0.3662,0.0244,0.2919,1.68,2.22,-0.3632,-0.8402,0.1138,4.7158,3.7604,0
2023-01-06,3.69,2.4411,-0.0139,1.6322,-0.402,0.0326,0.2441,1.51,2.18,-0.4159,-0.8661,0.0344,4.5236,3.6545,0
2023-01-09,3.66,2.4351,-0.024,1.6226,-0.4062,0.0325,0.2332,1.48,2.18,-0.4302,-0.8642,0.0038,4.4917,3.6447,0
2023-01-10,3.72,2.4561,-0.0264,1.6242,-0.3712,0.0374,0.2517,1.52,2.2,-0.3976,-0.8109,0.0157,4.4936,3.6812,0
2023-01-11,3.66,2.4397,-0.0318,1.6147,-0.4004,0.0378,0.2237,1.45,2.21,-0.4322,-0.8532,-0.0112,4.4754,3.6477,0
2023-01-12,3.53,2.4075,-0.0379,1.5747,-0.4464,0.0321,0.1875,1.32,2.21,-0.4843,-0.9179,-0.0507,4.4158,3.5671,0
2023-01-13,3.6,2.4223,-0.0322,1.6201,-0.4405,0.0302,0.2349,1.4,2.2,-0.4727,-0.9205,-0.0248,4.4903,3.6011,0
2023-01-17,3.6,2.429,-0.0368,1.5852,-0.4094,0.032,0.2613,1.42,2.18,-0.4462,-0.8613,-0.0311,4.4293,3.6153,0
2023-01-18,3.43,2.384,-0.0492,1.5467,-0.4822,0.0307,0.265,1.34,2.09,-0.5314,-0.9639,-0.099,4.3632,3.5234,0
2023-01-19,3.48,2.3893,-0.0477,1.5762,-0.4787,0.0409,0.1624,1.27,2.21,-0.5264,-0.9613,-0.0914,4.4005,3.538,0
2023-01-20,3.56,2.4131,-0.0432,1.5901,-0.443,0.043,0.1652,1.33,2.23,-0.4862,-0.9124,-0.0601,4.4293,3.5827,0
2023-01-23,3.61,2.424,-0.0381,1.6188,-0.4344,0.0397,0.1263,1.33,2.28,-0.4725,-0.9052,-0.0397,4.4755,3.6129,0
2023-01-24,3.58,2.4098,-0.0395,1.6261,-0.4646,0.0481,0.0996,1.29,2.29,-0.5041,-0.9516,-0.0565,4.4835,3.5968,0
2023-01-25,3.54,2.4077,-0.0387,1.6077,-0.4618,0.0251,0.0872,1.26,2.28,-0.5005,-0.9464,-0.0546,4.4613,3.5815,0
2023-01-26,3.58,2.4157,-0.0346,1.6314,-0.4555,0.0229,0.036,1.26,2.32,-0.4901,-0.942,-0.0381,4.4991,3.6007,0
2023-01-27,3.62,2.4252,-0.0325,1.6365,-0.4437,0.0345,0.0556,1.29,2.33,-0.4762,-0.9274,-0.025,4.5128,3.6196,0
2023-01-30,3.68,2.4352,-0.0278,1.6659,-0.4367,0.0434,0.0921,1.38,2.3,-0.4645,-0.9231,-0.0059,4.5597,3.6455,0
2023-01-31,3.63,2.4285,-0.0317,1.6266,-0.4355,0.0422,0.1278,1.36,2.27,-0.4672,-0.9144,-0.0201,4.5022,3.6236,0
2023-02-01,3.48,2.3901,-0.0446,1.5707,-0.4848,0.0486,0.0747,1.19,2.29,-0.5294,-0.9758,-0.0829,4.4072,3.5399,0
2023-02-02,3.49,2.3926,-0.0456,1.5746,-0.4821,0.0505,0.1141,1.23,2.26,-0.5277,-0.9732,-0.0821,4.4128,3.5349,0
2023-02-03,3.67,2.4312,-0.0312,1.6833,-0.4589,0.0457,0.1623,1.4,2.27,-0.4901,-0.9627,-0.0176,4.587,3.6368,0
2023-02-06,3.81,2.4554,-0.0173,1.7693,-0.4454,0.0481,0.1652,1.48,2.33,-0.4627,-0.9579,0.0325,4.7199,3.719,0
2023-02-07,3.85,2.4635,-0.0102,1.7741,-0.4278,0.0504,0.1075,1.45,2.4,-0.438,-0.932,0.056,4.7316,3.7425,0
2023-02-08,3.82,2.4583,-0.0103,1.7499,-0.4288,0.051,0.0324,1.36,2.46,-0.4391,-0.9302,0.0519,4.6992,3.7292,0
2023-02-09,3.87,2.4708,-0.0065,1.7825,-0.4226,0.0457,0.0587,1.42,2.45,-0.4291,-0.929,0.0709,4.7533,3.7601,0
2023-02-10,3.93,2.4902,-0.0035,1.7675,-0.3796,0.0554,0.072,1.46,2.47,-0.3831,-0.8619,0.0958,4.7366,3.7881,0
2023-02-13,3.93,2.4837,-0.0062,1.8067,-0.4099,0.0557,0.0805,1.49,2.44,-0.4161,-0.9114,0.0793,4.7858,3.8057,0
2023-02-14,4.0,2.4969,0.0024,1.872,-0.4112,0.0399,0.0976,1.55,2.45,-0.4088,-0.9277,0.1101,4.8878,3.8438,0
2023-02-15,4.04,2.5187,0.0021,1.7326,-0.2755,0.0621,0.0486,1.53,2.51,-0.2734,-0.6771,0.1303,4.655,3.8666,0
2023-02-16,4.06,2.5222,0.0057,1.8468,-0.3553,0.0406,0.057,1.54,2.52,-0.3496,-0.8404,0.1412,4.8598,3.8807,0
2023-02-17,4.03,2.5125,0.003,1.8295,-0.3693,0.0543,0.0645,1.53,2.5,-0.3663,-0.8586,0.126,4.8343,3.8647,0
2023-02-21,4.16,2.5445,0.0078,1.8791,-0.3234,0.052,0.0409,1.58,2.58,-0.3156,-0.7927,0.1614,4.9006,3.9486,0
2023-02-22,4.13,2.553,0.0029,1.7629,-0.2272,0.0385,0.0379,1.61,2.52,-0.2243,-0.6059,0.1573,4.6975,3.9568,0
2023-02-23,4.09,2.5433,0.0008,1.7554,-0.2436,0.0341,0.038,1.59,2.5,-0.2428,-0.6307,0.1452,4.6866,3.9282,0
2023-02-24,4.19,2.5668,0.0081,1.794,-0.2187,0.0398,0.0972,1.72,2.47,-0.2106,-0.6039,0.1827,4.7541,3.9778,0
2023-02-27,4.17,2.5579,0.0047,1.7806,-0.2272,0.054,0.0845,1.68,2.49,-0.2225,-0.6098,0.1648,4.7259,3.9734,0
2023-02-28,4.18,2.5546,0.0053,1.7881,-0.2329,0.0648,0.0153,1.6,2.58,-0.2276,-0.6182,0.1631,4.7334,3.9706,0
2023-03-01,4.27,2.5809,0.0113,1.8114,-0.1931,0.0595,0.0339,1.68,2.59,-0.1818,-0.5628,0.1991,4.7733,4.0283,0
2023-03-02,4.32,2.5981,0.0164,1.8128,-0.16,0.0527,0.0004,1.67,2.65,-0.1436,-0.5145,0.2274,4.7819,4.0539,0
2023-03-03,4.26,2.5723,0.0156,1.8337,-0.2206,0.0589,-0.0971,1.55,2.71,-0.205,-0.6123,0.2024,4.8134,4.0147,0
2023-03-06,4.27,2.567,0.0203,1.994,-0.3365,0.0253,-0.0691,1.57,2.7,-0.3162,-0.8386,0.2061,5.0833,4.0305,0
2023-03-07,4.31,2.5734,0.0193,1.9233,-0.2655,0.0595,0.0617,1.77,2.54,-0.2462,-0.6967,0.2044,4.9473,4.0738,0
2023-03-08,4.34,2.5736,0.0212,1.9571,-0.2763,0.0644,0.1368,1.87,2.47,-0.2551,-0.7172,0.207,4.9928,4.0911,0
2023-03-09,4.22,2.5512,0.0109,1.8963,-0.2927,0.0543,0.1398,1.79,2.43,-0.2818,-0.728,0.1644,4.8937,4.0338,0
2023-03-10,3.96,2.4866,-0.0035,1.8322,-0.3891,0.0338,0.119,1.62,2.34,-0.3926,-0.8654,0.0802,4.7916,3.8689,0
2023-03-13,3.68,2.4419,-0.0208,1.603,-0.3657,0.0217,0.1609,1.42,2.26,-0.3865,-0.7923,0.0192,4.4506,3.6459,0
2023-03-14,3.78,2.4662,-0.0191,1.6838,-0.3641,0.0132,0.1066,1.43,2.35,-0.3832,-0.807,0.0406,4.5738,3.7132,0
2023-03-15,3.59,2.43,-0.0279,1.5569,-0.3683,-0.0006,0.0843,1.26,2.33,-0.3962,-0.7901,-0.0024,4.3807,3.5809,0
2023-03-16,3.72,2.4553,-0.0267,1.6471,-0.3735,0.0178,0.1654,1.46,2.26,-0.4002,-0.8144,0.0139,4.5165,3.6822,0
2023-03-17,3.44,2.4078,-0.0415,1.4972,-0.3975,-0.026,0.2346,1.34,2.1,-0.439,-0.8258,-0.0523,4.2918,3.517,0
2023-03-20,3.56,2.4332,-0.0388,1.5564,-0.3712,-0.0196,0.2378,1.42,2.14,-0.41,-0.7934,-0.0265,4.3731,3.5808,0
2023-03-21,3.73,2.4632,-0.0311,1.6597,-0.3611,-0.0008,0.1712,1.48,2.25,-0.3922,-0.7936,0.0093,4.5244,3.6971,0
2023-03-22,3.54,2.4245,-0.0478,1.5609,-0.3904,-0.0072,0.0438,1.23,2.31,-0.4382,-0.8126,-0.0638,4.3598,3.6142,0
2023-03-23,3.39,2.3982,-0.0613,1.4731,-0.4095,-0.0104,0.0525,1.13,2.26,-0.4708,-0.8304,-0.1113,4.2308,3.5057,0
2023-03-24,3.41,2.4022,-0.0617,1.4761,-0.4033,-0.0033,0.092,1.2,2.21,-0.465,-0.8237,-0.1063,4.237,3.4946,0
2023-03-27,3.59,2.4454,-0.051,1.5571,-0.3596,-0.0019,0.1204,1.32,2.27,-0.4106,-0.7735,-0.0477,4.3655,3.6085,0
2023-03-28,3.63,2.4484,-0.0446,1.5853,-0.3604,0.0014,0.0441,1.29,2.34,-0.405,-0.7777,-0.0323,4.4064,3.6356,0
2023-03-29,3.67,2.4544,-0.0409,1.5991,-0.3556,0.0129,0.0139,1.29,2.38,-0.3965,-0.7735,-0.0194,4.4306,3.6575,0
2023-03-30,3.66,2.4489,-0.0404,1.6107,-0.3767,0.0174,-0.0152,1.26,2.4,-0.4171,-0.8106,-0.0236,4.4531,3.6528,0
2023-03-31,3.6,2.4306,-0.046,1.606,-0.4134,0.0227,-0.0454,1.2,2.4,-0.4594,-0.865,-0.0537,4.4423,3.6228,0
2023-04-03,3.52,2.414,-0.0542,1.5696,-0.434,0.0246,-0.0297,1.13,2.39,-0.4882,-0.8901,-0.0862,4.3855,3.5778,0
2023-04-04,3.39,2.3902,-0.0643,1.4998,-0.4497,0.014,-0.0068,1.07,2.32,-0.514,-0.9011,-0.1269,4.2771,3.4997,0
2023-04-05,3.36,2.3786,-0.07,1.5037,-0.4699,0.0176,0.0052,1.07,2.29,-0.5399,-0.9286,-0.1511,4.271,3.4783,0
2023-04-06,3.37,2.3756,-0.076,1.5349,-0.4858,0.0213,-0.0126,1.06,2.31,-0.5618,-0.9502,-0.1734,4.2989,3.5058,0
2023-04-07,3.49,2.4016,-0.068,1.5923,-0.4631,0.0272,0.0167,1.16,2.33,-0.5311,-0.9284,-0.1338,4.3912,3.5708,0
2023-04-10,3.52,2.4058,-0.0653,1.6136,-0.4645,0.0303,0.0091,1.18,2.34,-0.5298,-0.9341,-0.1255,4.4237,3.5916,0
2023-04-11,3.54,2.4095,-0.0629,1.6155,-0.4534,0.0313,-0.0012,1.18,2.36,-0.5163,-0.9156,-0.1171,4.4243,3.6054,0
2023-04-12,3.46,2.3999,-0.0701,1.5611,-0.4548,0.0239,0.0327,1.17,2.29,-0.5249,-0.9084,-0.1414,4.3445,3.5734,0
2023-04-13,3.51,2.4126,-0.0687,1.565,-0.4317,0.0328,0.0685,1.22,2.29,-0.5004,-0.8751,-0.1256,4.3524,3.5859,0
2023-04-14,3.6,2.4332,-0.0636,1.6208,-0.4201,0.0297,0.0693,1.29,2.31,-0.4837,-0.8683,-0.0991,4.4385,3.6498,0
2023-04-17,3.69,2.4531,-0.0579,1.6535,-0.3946,0.0359,0.0438,1.34,2.35,-0.4525,-0.8344,-0.0706,4.4885,3.7042,0
2023-04-18,3.69,2.4496,-0.0577,1.6579,-0.4068,0.047,0.0634,1.36,2.33,-0.4645,-0.8547,-0.0743,4.4978,3.707,0
2023-04-19,3.71,2.4546,-0.0538,1.6802,-0.404,0.033,0.0643,1.38,2.33,-0.4578,-0.8538,-0.0618,4.5308,3.7267,0
2023-04-20,3.63,2.4378,-0.0584,1.6294,-0.414,0.0353,0.0634,1.35,2.28,-0.4724,-0.8602,-0.0847,4.4549,3.6762,0
2023-04-21,3.66,2.4458,-0.0587,1.6385,-0.4042,0.0386,0.0591,1.36,2.3,-0.4629,-0.8469,-0.0789,4.4684,3.6919,0
2023-04-24,3.6,2.4307,-0.0632,1.6221,-0.4281,0.0385,0.0288,1.27,2.33,-0.4913,-0.8805,-0.102,4.442,3.6574,0
2023-04-25,3.43,2.3968,-0.0771,1.5408,-0.4604,0.0299,0.038,1.17,2.26,-0.5375,-0.9145,-0.1605,4.3146,3.5594,0
2023-04-26,3.46,2.4064,-0.0795,1.5533,-0.4494,0.0292,0.0447,1.2,2.26,-0.5289,-0.8993,-0.1584,4.3301,3.5762,0
2023-04-27,3.6,2.4371,-0.0701,1.6224,-0.4227,0.0333,0.0474,1.31,2.29,-0.4928,-0.8732,-0.1123,4.4399,3.6561,0
2023-04-28,3.51,2.4154,-0.0747,1.6095,-0.4671,0.0268,0.0994,1.31,2.2,-0.5418,-0.941,-0.1426,4.4241,3.6203,0
2023-05-01,3.64,2.4485,-0.0714,1.627,-0.4059,0.0418,0.1171,1.4,2.24,-0.4773,-0.8463,-0.1084,4.4444,3.6949,0
2023-05-02,3.46,2.4063,-0.0817,1.5529,-0.4557,0.0382,0.111,1.28,2.18,-0.5374,-0.909,-0.1659,4.3308,3.5887,0
2023-05-03,3.37,2.388,-0.093,1.5111,-0.4725,0.0363,0.0764,1.18,2.19,-0.5655,-0.9222,-0.2087,4.2559,3.5475,0
2023-05-04,3.29,2.3815,-0.1051,1.4489,-0.4576,0.0223,0.112,1.16,2.13,-0.5627,-0.8845,-0.2408,4.1522,3.5079,0
2023-05-05,3.41,2.4045,-0.1017,1.5226,-0.4445,0.0291,0.0963,1.22,2.19,-0.5462,-0.8752,-0.2171,4.2561,3.5797,0
2023-05-08,3.49,2.4261,-0.0954,1.5503,-0.4184,0.0274,0.0966,1.27,2.22,-0.5138,-0.8436,-0.184,4.3062,3.6263,0
2023-05-09,3.51,2.4295,-0.0954,1.5479,-0.4114,0.0394,0.098,1.29,2.22,-0.5068,-0.8312,-0.1825,4.3017,3.6423,0
2023-05-10,3.37,2.4056,-0.1044,1.4888,-0.4354,0.0154,0.1277,1.24,2.13,-0.5398,-0.8575,-0.2221,4.2121,3.576,0
2023-05-11,3.36,2.3932,-0.1064,1.5195,-0.4713,0.0251,0.1374,1.26,2.1,-0.5777,-0.9169,-0.2385,4.2519,3.5594,0
2023-05-12,3.45,2.4121,-0.1002,1.5609,-0.4498,0.027,0.157,1.34,2.11,-0.55,-0.8908,-0.2092,4.3138,3.6093,0
2023-05-15,3.46,2.4204,-0.1028,1.5423,-0.4262,0.0263,0.1486,1.34,2.12,-0.529,-0.8479,-0.2102,4.2816,3.6343,0
2023-05-16,3.52,2.4342,-0.1016,1.57,-0.4155,0.0329,0.168,1.41,2.11,-0.5171,-0.8368,-0.1974,4.3239,3.6728,0
2023-05-17,3.58,2.4434,-0.0967,1.6131,-0.4151,0.0353,0.1406,1.42,2.16,-0.5118,-0.8436,-0.1799,4.3884,3.708,0
2023-05-18,3.69,2.4675,-0.0893,1.6734,-0.3978,0.0362,0.1582,1.53,2.16,-0.4871,-0.8287,-0.1454,4.4825,3.7828,0
2023-05-19,3.76,2.4816,-0.0827,1.6858,-0.3741,0.0495,0.1591,1.57,2.19,-0.4568,-0.7966,-0.117,4.5072,3.8096,0
2023-05-22,3.77,2.4858,-0.0845,1.6894,-0.3718,0.0512,0.1638,1.59,2.18,-0.4563,-0.7926,-0.1201,4.5114,3.833,0
2023-05-23,3.76,2.481,-0.0831,1.6934,-0.382,0.0508,0.1336,1.55,2.21,-0.4651,-0.8098,-0.1204,4.5191,3.8232,0
2023-05-24,3.75,2.4888,-0.0805,1.7174,-0.3843,0.0086,0.1591,1.61,2.14,-0.4648,-0.8207,-0.109,4.562,3.8481,0
2023-05-25,3.9,2.5181,-0.067,1.798,-0.365,0.0159,0.2154,1.78,2.12,-0.432,-0.8104,-0.0536,4.6945,3.9264,0
2023-05-26,3.92,2.5139,-0.0574,1.8273,-0.3842,0.0204,0.2,1.79,2.13,-0.4416,-0.8491,-0.0341,4.7487,3.9272,0
2023-05-30,3.81,2.4832,-0.071,1.7962,-0.4282,0.0297,0.1781,1.69,2.12,-0.4992,-0.9002,-0.0981,4.6805,3.8967,0
2023-05-31,3.74,2.4666,-0.0785,1.7684,-0.448,0.0315,0.2114,1.67,2.07,-0.5265,-0.9248,-0.1282,4.6333,3.8468,0
2023-06-01,3.7,2.4573,-0.0837,1.746,-0.454,0.0344,0.2194,1.63,2.07,-0.5377,-0.9279,-0.1475,4.5936,3.8174,0
2023-06-02,3.84,2.483,-0.0749,1.8273,-0.4386,0.0432,0.2189,1.71,2.13,-0.5135,-0.9195,-0.1074,4.7164,3.8915,0
2023-06-05,3.82,2.4804,-0.0726,1.8058,-0.4319,0.0383,0.2018,1.67,2.15,-0.5045,-0.9064,-0.1026,4.6881,3.8788,0
2023-06-06,3.85,2.4828,-0.0672,1.8212,-0.4347,0.048,0.211,1.71,2.14,-0.5019,-0.9169,-0.087,4.7189,3.8835,0
2023-06-07,3.93,2.5089,-0.0597,1.8224,-0.3843,0.0427,0.2317,1.78,2.15,-0.444,-0.8426,-0.0454,4.7299,3.9268,0
2023-06-08,3.87,2.4897,-0.0594,1.8099,-0.4158,0.0457,0.2203,1.73,2.14,-0.4752,-0.8902,-0.0603,4.7145,3.8873,0
2023-06-09,3.92,2.4969,-0.0516,1.8475,-0.4198,0.047,0.2423,1.79,2.13,-0.4714,-0.9078,-0.035,4.7808,3.9046,0
2023-06-12,3.89,2.4919,-0.0517,1.8272,-0.4216,0.0442,0.263,1.8,2.09,-0.4733,-0.9073,-0.0393,4.7531,3.8936,0
2023-06-13,4.01,2.5187,-0.0397,1.8788,-0.3895,0.0418,0.2857,1.89,2.12,-0.4292,-0.871,0.0125,4.8392,3.9502,0
2023-06-14,4.06,2.5163,-0.0291,1.9364,-0.4192,0.0556,0.2663,1.91,2.15,-0.4483,-0.9312,0.0346,4.9356,3.9642,0
2023-06-15,3.91,2.4845,-0.0356,1.8587,-0.4437,0.0462,0.2016,1.75,2.16,-0.4793,-0.9525,-0.0062,4.8163,3.8905,0
2023-06-16,3.99,2.4978,-0.0288,1.9134,-0.442,0.0496,0.217,1.82,2.17,-0.4708,-0.9621,0.0205,4.9025,3.9256,0
2023-06-20,3.96,2.4879,-0.0326,1.9125,-0.458,0.0502,0.2037,1.82,2.14,-0.4906,-0.981,-0.0001,4.8908,3.9264,0
2023-06-21,3.95,2.483,-0.0342,1.9184,-0.469,0.0518,0.2046,1.8,2.15,-0.5032,-0.9975,-0.0089,4.8957,3.9215,0
2023-06-22,4.03,2.5018,-0.0279,1.9518,-0.4488,0.053,0.2065,1.85,2.18,-0.4767,-0.9753,0.022,4.9523,3.9611,0
2023-06-23,3.99,2.4919,-0.0309,1.9331,-0.4608,0.0568,0.2066,1.83,2.16,-0.4917,-0.9897,0.0063,4.923,3.9429,0
2023-06-26,3.96,2.4868,-0.0363,1.921,-0.4668,0.0553,0.2195,1.83,2.13,-0.5031,-0.9938,-0.0123,4.8985,3.937,0
2023-06-27,4.02,2.4969,-0.0316,1.9724,-0.4719,0.0542,0.2434,1.9,2.12,-0.5035,-1.0134,0.0064,4.9792,3.9677,0
2023-06-28,3.97,2.4808,-0.0344,1.9545,-0.4942,0.0632,0.2291,1.85,2.12,-0.5286,-1.0428,-0.0144,4.9495,3.9397,0
2023-06-29,4.14,2.5318,-0.0268,1.9309,-0.3716,0.0757,0.2475,1.99,2.15,-0.3984,-0.8437,0.0469,4.908,4.0382,0
2023-06-30,4.13,2.5207,-0.023,1.9511,-0.3897,0.0709,0.2154,1.95,2.18,-0.4127,-0.8723,0.0469,4.9314,4.0202,0
2023-07-03,4.19,2.5326,-0.0161,1.9832,-0.3752,0.0655,0.1943,1.98,2.21,-0.3913,-0.8546,0.0721,4.9791,4.0578,0
2023-07-05,4.25,2.5546,-0.0119,1.9592,-0.3221,0.0702,0.2362,2.05,2.2,-0.334,-0.771,0.1029,4.9508,4.0873,0
2023-07-06,4.37,2.5844,-0.0047,1.9924,-0.2792,0.0771,0.2666,2.15,2.22,-0.2839,-0.7129,0.1452,5.0059,4.1483,0
2023-07-07,4.35,2.5861,-0.0057,1.9708,-0.2726,0.0714,0.267,2.13,2.22,-0.2783,-0.7024,0.1458,4.981,4.1393,0
2023-07-10,4.25,2.5658,-0.0158,1.9715,-0.3361,0.0645,0.266,2.06,2.19,-0.3519,-0.8071,0.1034,4.9926,4.1004,0
2023-07-11,4.24,2.5602,-0.0171,2.0097,-0.365,0.0522,0.2813,2.08,2.16,-0.3821,-0.8588,0.0947,5.0467,4.0955,0
2023-07-12,4.07,2.5201,-0.0313,1.9177,-0.3986,0.0621,0.2028,1.89,2.18,-0.4299,-0.887,0.0271,4.8949,4.0073,0
2023-07-13,3.93,2.4924,-0.0466,1.8447,-0.4221,0.0616,0.1879,1.77,2.16,-0.4687,-0.9063,-0.0311,4.7747,3.9298,0
2023-07-14,4.04,2.5101,-0.0398,1.9337,-0.43,0.0661,0.2359,1.89,2.15,-0.4698,-0.9381,-0.0015,4.9121,3.9792,0
2023-07-17,4.02,2.5034,-0.0403,1.9224,-0.4349,0.0694,0.2118,1.86,2.16,-0.4752,-0.9413,-0.0091,4.892,3.9719,0
2023-07-18,4.0,2.4988,-0.0394,1.9325,-0.4496,0.0577,0.2364,1.87,2.13,-0.489,-0.967,-0.0109,4.9094,3.9648,0
2023-07-19,3.98,2.4851,-0.0388,1.9518,-0.4821,0.064,0.2163,1.85,2.13,-0.5209,-1.0199,-0.022,4.9358,3.9478,0
2023-07-20,4.08,2.51,-0.0305,1.9813,-0.4411,0.0603,0.1699,1.87,2.21,-0.4716,-0.9619,0.0188,4.9817,4.0011,0
2023-07-21,4.09,2.5115,-0.028,1.9918,-0.4456,0.0603,0.1521,1.86,2.23,-0.4736,-0.9731,0.0258,5.0028,4.0092,0
2023-07-24,4.13,2.5217,-0.0239,2.0148,-0.43,0.0474,0.102,1.85,2.28,-0.4539,-0.9512,0.0434,5.0338,4.0369,0
2023-07-25,4.15,2.5364,-0.0203,2.037,-0.4148,0.0117,0.1064,1.89,2.26,-0.4351,-0.9342,0.0641,5.0725,4.0698,0
2023-07-26,4.09,2.5283,-0.0283,1.9084,-0.3679,0.0496,0.1137,1.85,2.24,-0.3962,-0.8321,0.0396,4.8725,4.0357,0
2023-07-27,4.24,2.5649,-0.0178,2.0346,-0.364,0.0223,0.1708,1.97,2.27,-0.3818,-0.8596,0.0959,5.0772,4.1107,0
2023-07-28,4.18,2.5479,-0.0195,2.0081,-0.3862,0.0297,0.134,1.9,2.28,-0.4057,-0.8895,0.078,5.0398,4.0747,0
2023-07-31,4.18,2.5534,-0.0231,1.9229,-0.3317,0.0584,0.142,1.91,2.27,-0.3548,-0.7851,0.0756,4.9067,4.0706,0
2023-08-01,4.24,2.5757,-0.0226,1.8868,-0.2587,0.0587,0.1842,1.98,2.26,-0.2813,-0.6595,0.097,4.8408,4.102,0
2023-08-02,4.24,2.5783,-0.0217,1.9448,-0.3049,0.0434,0.204,1.99,2.25,-0.3266,-0.7551,0.102,4.9517,4.103,0
2023-08-03,4.3,2.605,-0.0204,1.9165,-0.2473,0.0462,0.252,2.06,2.24,-0.2677,-0.665,0.1295,4.9187,4.1401,0
2023-08-04,4.15,2.5653,-0.0316,1.8648,-0.2997,0.0512,0.1721,1.89,2.26,-0.3313,-0.7321,0.0694,4.8309,4.0564,0
2023-08-07,4.16,2.5747,-0.037,1.8494,-0.2758,0.0487,0.1468,1.87,2.29,-0.3128,-0.6895,0.0639,4.8008,4.0707,0
2023-08-08,4.1,2.5587,-0.0433,1.8501,-0.3126,0.0471,0.1732,1.86,2.24,-0.3559,-0.7464,0.0347,4.7994,4.0408,0
2023-08-09,4.12,2.5577,-0.0409,1.8884,-0.3294,0.0442,0.1823,1.89,2.23,-0.3703,-0.7792,0.0386,4.855,4.0475,0
2023-08-10,4.21,2.5828,-0.0356,1.8883,-0.2799,0.0544,0.2193,1.96,2.25,-0.3155,-0.7049,0.074,4.8605,4.0882,0
2023-08-11,4.31,2.6041,-0.0261,1.927,-0.2532,0.0582,0.2138,2.01,2.3,-0.2793,-0.6737,0.1151,4.9255,4.1331,0
2023-08-14,4.36,2.6088,-0.0191,1.9772,-0.2667,0.0598,0.233,2.07,2.29,-0.2858,-0.7053,0.1337,5.0055,4.1631,0
2023-08-15,4.36,2.616,-0.0183,1.9441,-0.2378,0.056,0.2805,2.12,2.24,-0.2561,-0.6549,0.1427,4.959,4.1699,0
2023-08-16,4.42,2.6318,-0.0137,1.959,-0.2135,0.0564,0.3198,2.19,2.23,-0.2272,-0.6221,0.1676,4.9857,4.1991,0
2023-08-17,4.42,2.6385,-0.0138,1.9244,-0.1844,0.0553,0.3244,2.18,2.24,-0.1982,-0.571,0.1747,4.9358,4.1988,0
2023-08-18,4.38,2.6282,-0.016,1.9158,-0.2024,0.0544,0.3246,2.16,2.22,-0.2184,-0.5978,0.1611,4.9235,4.1757,0
2023-08-21,4.46,2.6494,-0.0144,1.9359,-0.1693,0.0584,0.3232,2.21,2.25,-0.1837,-0.5486,0.1812,4.9502,4.2279,0
2023-08-22,4.49,2.6589,-0.0133,1.8928,-0.1122,0.0639,0.296,2.22,2.27,-0.1255,-0.4435,0.1925,4.8697,4.2419,0
2023-08-23,4.36,2.614,-0.0164,1.9574,-0.2468,0.0518,0.2527,2.1,2.26,-0.2632,-0.672,0.1455,4.9801,4.1683,0
2023-08-24,4.39,2.6217,-0.0154,1.9774,-0.2409,0.0472,0.2901,2.15,2.24,-0.2563,-0.6648,0.1522,5.0076,4.198,0
2023-08-25,4.44,2.6268,-0.0116,2.0118,-0.2447,0.0578,0.3037,2.19,2.25,-0.2563,-0.6772,0.1645,5.0594,4.2185,0
2023-08-28,4.38,2.6151,-0.0146,1.9947,-0.2607,0.0455,0.3035,2.17,2.21,-0.2753,-0.6972,0.1466,5.0317,4.1999,0
2023-08-29,4.26,2.5903,-0.024,1.9293,-0.2773,0.0417,0.2879,2.08,2.18,-0.3013,-0.7074,0.1048,4.9257,4.1357,0
2023-08-30,4.27,2.5952,-0.0258,1.9286,-0.2697,0.0417,0.315,2.11,2.16,-0.2955,-0.6965,0.1055,4.9247,4.1367,0
2023-08-31,4.23,2.5873,-0.0284,1.9144,-0.2814,0.0381,0.3249,2.08,2.15,-0.3098,-0.7134,0.0938,4.9053,4.1111,0
2023-09-01,4.29,2.6099,-0.0271,1.8929,-0.2279,0.0422,0.3418,2.12,2.17,-0.255,-0.6281,0.1181,4.8759,4.14,0
2023-09-05,4.37,2.63,-0.0228,1.9291,-0.2077,0.0414,0.3274,2.16,2.21,-0.2305,-0.6049,0.1438,4.9335,4.191,0
2023-09-06,4.44,2.6483,-0.0182,1.9014,-0.1384,0.0469,0.3225,2.21,2.23,-0.1566,-0.4838,0.1707,4.877,4.2257,0
2023-09-07,4.38,2.6307,-0.0192,1.9337,-0.2095,0.0443,0.3023,2.14,2.24,-0.2287,-0.611,0.1536,4.9467,4.1916,0
2023-09-08,4.39,2.628,-0.0156,1.9577,-0.2225,0.0423,0.2822,2.13,2.26,-0.2381,-0.6357,0.1596,4.9834,4.1912,0
2023-09-11,4.4,2.6334,-0.0156,1.9469,-0.2068,0.0421,0.2744,2.14,2.26,-0.2224,-0.6088,0.164,4.9667,4.2032,0
2023-09-12,4.41,2.6297,-0.0148,1.9725,-0.2257,0.0482,0.2734,2.14,2.27,-0.2405,-0.6423,0.1613,5.004,4.2073,0
2023-09-13,4.39,2.624,-0.0161,1.9597,-0.2289,0.0514,0.2582,2.11,2.28,-0.245,-0.6437,0.1536,4.9823,4.1948,0
2023-09-14,4.42,2.6339,-0.0127,1.9675,-0.215,0.0463,0.2834,2.15,2.27,-0.2277,-0.6265,0.1711,5.0002,4.2083,0
2023-09-15,4.45,2.6527,-0.0125,1.8867,-0.1209,0.044,0.2812,2.18,2.27,-0.1334,-0.4564,0.1896,4.8624,4.2283,0
2023-09-18,4.46,2.6529,-0.0124,1.9028,-0.1303,0.047,0.2581,2.17,2.29,-0.1427,-0.4746,0.1891,4.8876,4.2342,0
2023-09-19,4.51,2.6639,-0.0066,1.946,-0.1302,0.0368,0.2673,2.21,2.3,-0.1368,-0.4855,0.212,4.9587,4.2616,0
2023-09-20,4.52,2.6606,-0.0034,1.9699,-0.1519,0.0448,0.2885,2.25,2.27,-0.1553,-0.5268,0.2163,5.0021,4.2623,0
2023-09-21,4.61,2.6975,-0.0018,1.9106,-0.0477,0.0514,0.3224,2.32,2.29,-0.0495,-0.3526,0.2536,4.9112,4.3162,0
2023-09-22,4.57,2.6871,-0.0052,1.9043,-0.0683,0.0521,0.3029,2.28,2.29,-0.0735,-0.3834,0.2365,4.9013,4.2941,0
2023-09-25,4.62,2.7147,-0.0068,1.8678,-0.0053,0.0496,0.361,2.37,2.25,-0.0121,-0.2822,0.258,4.8527,4.329,0
2023-09-26,4.62,2.721,-0.0094,1.8591,0.0056,0.0437,0.4078,2.42,2.2,-0.0038,-0.2649,0.2574,4.8412,4.3355,0
2023-09-27,4.67,2.7371,-0.0063,1.8756,0.0316,0.032,0.403,2.44,2.23,0.0253,-0.2279,0.2784,4.8658,4.3681,0
2023-09-28,4.62,2.7282,-0.011,1.847,0.0241,0.0317,0.3538,2.35,2.27,0.0131,-0.2344,0.2605,4.8227,4.3423,0
2023-09-29,4.6,2.7302,-0.0154,1.82,0.0326,0.0326,0.3929,2.38,2.22,0.0172,-0.2183,0.2528,4.7857,4.3338,0
2023-10-02,4.72,2.7578,-0.0118,1.8461,0.0752,0.0527,0.4498,2.49,2.23,0.0634,-0.1577,0.2845,4.825,4.3892,0
2023-10-03,4.8,2.7893,-0.0068,1.8435,0.1345,0.0395,0.4936,2.59,2.21,0.1277,-0.069,0.3244,4.8295,4.4408,0
2023-10-04,4.72,2.7679,-0.0133,1.817,0.1021,0.0463,0.4943,2.54,2.18,0.0888,-0.1136,0.2912,4.7873,4.3927,0
2023-10-05,4.68,2.7644,-0.0178,1.7907,0.1062,0.0365,0.5184,2.54,2.14,0.0884,-0.1014,0.2783,4.7449,4.3774,0
2023-10-06,4.75,2.7777,-0.0155,1.8379,0.0972,0.0527,0.5406,2.58,2.17,0.0817,-0.1304,0.2938,4.8277,4.4112,0
2023-10-10,4.62,2.7454,-0.024,1.7951,0.0578,0.0457,0.4711,2.44,2.18,0.0338,-0.1788,0.2463,4.7531,4.3445,0
2023-10-11,4.59,2.725,-0.0234,1.8425,-0.0003,0.0462,0.4376,2.39,2.2,-0.0237,-0.2765,0.2291,4.8203,4.3181,0
2023-10-12,4.69,2.7601,-0.0193,1.8201,0.0881,0.041,0.4479,2.46,2.23,0.0688,-0.1311,0.2688,4.7802,4.3834,0
2023-10-13,4.65,2.7424,-0.0206,1.8235,0.0527,0.052,0.4027,2.39,2.26,0.0321,-0.1861,0.2503,4.7841,4.3535,0
2023-10-16,4.72,2.765,-0.0168,1.8229,0.094,0.055,0.4086,2.42,2.3,0.0772,-0.1251,0.2794,4.7901,4.3916,0
2023-10-17,4.86,2.799,-0.0051,1.8824,0.1329,0.0508,0.4239,2.54,2.32,0.1278,-0.0802,0.3358,4.8895,4.4659,0
2023-10-18,4.92,2.8145,0.003,1.9097,0.1434,0.0494,0.4326,2.57,2.35,0.1464,-0.0771,0.3698,4.9477,4.4926,0
2023-10-19,4.95,2.8343,0.0037,1.8427,0.2138,0.0554,0.401,2.43,2.52,0.2175,0.0438,0.3912,4.8507,4.5079,0
2023-10-20,4.86,2.8218,-0.0041,1.7964,0.2011,0.0448,0.4107,2.39,2.47,0.197,0.0304,0.3636,4.7848,4.4656,0
2023-10-23,4.81,2.8036,-0.0104,1.8121,0.1547,0.05,0.46,2.4,2.41,0.1443,-0.0431,0.3317,4.8031,4.4367,0
2023-10-24,4.82,2.7985,-0.0099,1.8399,0.1375,0.054,0.4752,2.44,2.38,0.1276,-0.072,0.3272,4.838,4.4384,0
2023-10-25,4.89,2.8279,-0.0041,1.8423,0.1964,0.0275,0.4834,2.49,2.4,0.1923,0.0177,0.3669,4.8448,4.4903,0
2023-10-26,4.79,2.8039,-0.0094,1.8141,0.1587,0.0228,0.4617,2.42,2.37,0.1493,-0.0358,0.3344,4.8031,4.4384,0
2023-10-27,4.76,2.7974,-0.0151,1.7868,0.1569,0.034,0.4451,2.37,2.39,0.1418,-0.0321,0.3157,4.7581,4.4188,0
2023-10-30,4.8,2.8073,-0.0149,1.7994,0.1705,0.0377,0.4519,2.4,2.4,0.1556,-0.0132,0.3244,4.7755,4.4381,0
2023-10-31,4.82,2.8085,-0.0137,1.8158,0.1639,0.0455,0.4551,2.42,2.4,0.1502,-0.0271,0.3275,4.8016,4.4461,0
2023-11-01,4.67,2.7742,-0.0234,1.7664,0.118,0.0348,0.4333,2.31,2.36,0.0946,-0.0867,0.2759,4.7219,4.3702,0
2023-11-02,4.65,2.7499,-0.0216,1.8201,0.054,0.0476,0.4073,2.3,2.35,0.0324,-0.1929,0.2578,4.7954,4.3409,0
2023-11-03,4.49,2.7169,-0.0318,1.7375,0.0293,0.0381,0.3892,2.17,2.32,-0.0025,-0.2125,0.2075,4.6644,4.2584,0
2023-11-06,4.6,2.7428,-0.0255,1.782,0.0623,0.0384,0.3925,2.25,2.35,0.0368,-0.1703,0.244,4.732,4.3142,0
2023-11-07,4.53,2.7207,-0.0267,1.7895,0.0135,0.0331,0.3898,2.21,2.32,-0.0132,-0.2482,0.2217,4.7451,4.2777,0
2023-11-08,4.51,2.7065,-0.026,1.7957,-0.0034,0.0372,0.403,2.22,2.29,-0.0294,-0.269,0.2103,4.7418,4.2608,0
2023-11-09,4.65,2.7448,-0.0165,1.807,0.0682,0.0465,0.4537,2.35,2.3,0.0517,-0.163,0.2665,4.7665,4.3316,0
2023-11-10,4.65,2.7427,-0.0121,1.8252,0.0557,0.0384,0.4635,2.37,2.28,0.0436,-0.1876,0.2749,4.7992,4.334,0
2023-11-13,4.66,2.7452,-0.0114,1.823,0.0612,0.0419,0.476,2.37,2.29,0.0498,-0.1789,0.2786,4.797,4.3399,0
2023-11-14,4.42,2.6863,-0.0277,1.7489,-0.0314,0.0439,0.4488,2.19,2.23,-0.0591,-0.3096,0.1914,4.6856,4.2069,0
2023-11-15,4.52,2.7098,-0.0222,1.7887,-0.0006,0.0443,0.474,2.28,2.24,-0.0228,-0.2701,0.2245,4.7458,4.253,0
2023-11-16,4.43,2.6898,-0.0279,1.748,-0.0236,0.0438,0.4723,2.23,2.2,-0.0515,-0.2979,0.1948,4.6841,4.2062,0
2023-11-17,4.45,2.686,-0.0248,1.7882,-0.0465,0.0471,0.4588,2.22,2.23,-0.0713,-0.3406,0.1981,4.7435,4.209,0
2023-11-20,4.44,2.6788,-0.0249,1.7995,-0.0627,0.0494,0.4273,2.18,2.26,-0.0876,-0.3653,0.19,4.7559,4.2086,0
2023-11-21,4.41,2.6777,-0.0282,1.7742,-0.057,0.0433,0.4824,2.22,2.19,-0.0852,-0.3517,0.1813,4.7184,4.2017,0
2023-11-22,4.44,2.6796,-0.0265,1.7969,-0.0609,0.0509,0.477,2.23,2.21,-0.0874,-0.3614,0.1866,4.7505,4.2091,0
2023-11-24,4.49,2.6996,-0.0253,1.7684,0.0023,0.045,0.4862,2.28,2.21,-0.023,-0.2523,0.2063,4.6973,4.2484,0
2023-11-27,4.38,2.6748,-0.0302,1.7834,-0.0681,0.0202,0.5217,2.26,2.12,-0.0983,-0.3696,0.1729,4.7294,4.2022,0
2023-11-28,4.29,2.658,-0.0396,1.7178,-0.0677,0.0214,0.4871,2.14,2.15,-0.1073,-0.3523,0.1378,4.6209,4.1517,0
2023-11-29,4.22,2.6402,-0.0474,1.6982,-0.0928,0.0218,0.4749,2.08,2.14,-0.1402,-0.3859,0.1054,4.584,4.1035,0
2023-11-30,4.31,2.6658,-0.0433,1.7099,-0.0483,0.0259,0.4974,2.16,2.15,-0.0916,-0.3208,0.1377,4.6049,4.1477,0
2023-12-01,4.14,2.6245,-0.0538,1.6569,-0.1045,0.0168,0.4628,2.02,2.12,-0.1583,-0.3958,0.0793,4.519,4.052,0
2023-12-04,4.23,2.6428,-0.051,1.7006,-0.0857,0.0233,0.4932,2.1,2.13,-0.1367,-0.3732,0.0998,4.58,4.1008,0
2023-12-05,4.14,2.6146,-0.0543,1.6966,-0.137,0.0202,0.4917,2.05,2.09,-0.1913,-0.4505,0.0678,4.5703,4.0476,0
2023-12-06,4.12,2.5981,-0.0537,1.7244,-0.1775,0.0287,0.507,2.07,2.05,-0.2312,-0.5158,0.0534,4.6071,4.0309,0
2023-12-07,4.11,2.5986,-0.0524,1.7052,-0.1626,0.0212,0.4953,2.05,2.06,-0.215,-0.4882,0.0582,4.577,4.0246,0
2023-12-08,4.24,2.6245,-0.0416,1.7635,-0.1367,0.0302,0.4858,2.13,2.11,-0.1783,-0.4612,0.1047,4.671,4.0896,0
2023-12-11,4.25,2.6269,-0.0394,1.759,-0.1326,0.0361,0.4955,2.14,2.11,-0.172,-0.4557,0.1117,4.6696,4.0979,0
2023-12-12,4.23,2.6174,-0.0398,1.7653,-0.1546,0.0417,0.5187,2.15,2.08,-0.1944,-0.4906,0.1017,4.6789,4.0876,0
2023-12-13,4.0,2.569,-0.0558,1.656,-0.1932,0.024,0.4426,1.92,2.08,-0.249,-0.5237,0.0257,4.4997,3.9628,0
2023-12-14,3.9,2.5354,-0.0645,1.6613,-0.2538,0.0216,0.3235,1.72,2.18,-0.3183,-0.6131,-0.0236,4.4915,3.895,0
2023-12-15,3.91,2.5345,-0.0651,1.6871,-0.269,0.0225,0.3229,1.74,2.17,-0.3341,-0.6404,-0.0278,4.5278,3.9058,0
2023-12-18,3.94,2.5446,-0.0647,1.6893,-0.2501,0.0208,0.339,1.76,2.18,-0.3148,-0.6111,-0.0185,4.5302,3.9258,0
2023-12-19,3.94,2.5426,-0.0652,1.6876,-0.2524,0.0273,0.3407,1.77,2.17,-0.3176,-0.6143,-0.0208,4.527,3.9191,0
2023-12-20,3.86,2.5228,-0.0708,1.6701,-0.2824,0.0202,0.3233,1.7,2.16,-0.3532,-0.6553,-0.051,4.4951,3.8771,0
2023-12-21,3.87,2.53,-0.0713,1.6582,-0.262,0.0151,0.3392,1.69,2.18,-0.3333,-0.6219,-0.0447,4.4768,3.8802,0
2023-12-22,3.87,2.5324,-0.0739,1.6532,-0.2588,0.0172,0.3485,1.71,2.16,-0.3327,-0.6168,-0.0487,4.4696,3.8804,0
2023-12-26,3.89,2.5323,-0.0712,1.6586,-0.2591,0.0295,0.3551,1.72,2.17,-0.3303,-0.6197,-0.041,4.4802,3.8741,0
2023-12-27,3.78,2.5013,-0.0745,1.6659,-0.3244,0.0117,0.3468,1.66,2.12,-0.3989,-0.722,-0.0758,4.4903,3.8198,0
2023-12-28,3.83,2.5126,-0.0713,1.6854,-0.3095,0.0129,0.3696,1.72,2.11,-0.3808,-0.7026,-0.059,4.5198,3.8457,0
2023-12-29,3.84,2.5237,-0.0721,1.6368,-0.2643,0.0159,0.3848,1.72,2.12,-0.3364,-0.6233,-0.0495,4.4474,3.8504,0
2024-01-02,3.93,2.5414,-0.0658,1.6642,-0.2401,0.0304,0.368,1.76,2.17,-0.3059,-0.5928,-0.0191,4.4924,3.8863,0
2024-01-03,3.9,2.5329,-0.0673,1.6588,-0.257,0.0326,0.3501,1.73,2.17,-0.3243,-0.6177,-0.0309,4.4851,3.8761,0
2024-01-04,3.97,2.5547,-0.063,1.661,-0.2143,0.0316,0.3714,1.79,2.18,-0.2773,-0.553,-0.0015,4.4915,3.9155,0
2024-01-05,4.02,2.5709,-0.0598,1.6525,-0.1801,0.0365,0.3937,1.83,2.19,-0.2399,-0.501,0.0212,4.4845,3.9385,0
2024-01-08,3.97,2.5592,-0.0628,1.6366,-0.1986,0.0355,0.3777,1.78,2.19,-0.2614,-0.5274,0.0047,4.4619,3.9114,0
2024-01-09,3.97,2.5602,-0.0628,1.6444,-0.2017,0.0299,0.3882,1.8,2.17,-0.2645,-0.5345,0.0055,4.4746,3.913,0
2024-01-10,3.99,2.5653,-0.0626,1.6378,-0.1881,0.0376,0.4017,1.81,2.18,-0.2507,-0.512,0.0106,4.4644,3.9202,0
2024-01-11,3.9,2.5486,-0.0696,1.609,-0.2093,0.0213,0.3651,1.72,2.18,-0.2789,-0.538,-0.0197,4.4167,3.8793,0
2024-01-12,3.84,2.5383,-0.0763,1.5619,-0.2065,0.0226,0.3183,1.62,2.22,-0.2828,-0.5243,-0.0413,4.3417,3.8324,0
2024-01-16,3.95,2.5717,-0.0725,1.57,-0.1507,0.0315,0.3334,1.71,2.24,-0.2232,-0.4437,-0.0027,4.3622,3.8883,0
2024-01-17,4.02,2.5846,-0.0658,1.6176,-0.15,0.0336,0.3359,1.78,2.24,-0.2158,-0.4544,0.0227,4.4408,3.9288,0
2024-01-18,4.04,2.5925,-0.0633,1.6027,-0.1251,0.0332,0.2999,1.76,2.28,-0.1884,-0.4123,0.0356,4.4191,3.9431,0
2024-01-19,4.08,2.5976,-0.0598,1.6188,-0.123,0.0464,0.2916,1.78,2.3,-0.1828,-0.4134,0.0478,4.447,3.9598,0
2024-01-22,4.03,2.5844,-0.0619,1.6091,-0.1465,0.0448,0.3025,1.76,2.27,-0.2084,-0.4478,0.0311,4.433,3.937,0
2024-01-23,4.06,2.5945,-0.0617,1.6032,-0.1242,0.0482,0.3325,1.8,2.26,-0.1859,-0.4124,0.0406,4.4242,3.9513,0
2024-01-24,4.06,2.6053,-0.06,1.6046,-0.1018,0.0118,0.3345,1.83,2.23,-0.1618,-0.3774,0.0539,4.4256,3.9724,0
2024-01-25,4.01,2.5933,-0.0632,1.5813,-0.1177,0.0163,0.3249,1.77,2.24,-0.1809,-0.3997,0.0379,4.3934,3.9361,0
2024-01-26,4.04,2.5989,-0.061,1.5977,-0.1122,0.0166,0.3189,1.78,2.26,-0.1732,-0.3939,0.0475,4.4173,3.9506,0
2024-01-29,3.97,2.5753,-0.0646,1.584,-0.1518,0.027,0.2916,1.71,2.26,-0.2164,-0.4515,0.0188,4.3945,3.9046,0
2024-01-30,4.0,2.5756,-0.0621,1.6174,-0.1644,0.0335,0.3024,1.75,2.25,-0.2265,-0.4766,0.0236,4.4431,3.918,0
2024-01-31,3.91,2.5512,-0.0684,1.5922,-0.1984,0.0333,0.2766,1.67,2.24,-0.2668,-0.5207,-0.0128,4.3974,3.8721,0
2024-02-01,3.8,2.5179,-0.0736,1.5985,-0.2695,0.0267,0.3116,1.63,2.17,-0.3431,-0.6329,-0.0533,4.4062,3.8064,0
2024-02-02,3.99,2.5648,-0.0625,1.6578,-0.2018,0.0317,0.361,1.8,2.19,-0.2643,-0.5398,0.0112,4.4981,3.913,0
2024-02-05,4.13,2.6005,-0.0524,1.6819,-0.1404,0.0405,0.341,1.87,2.26,-0.1928,-0.4509,0.0652,4.5404,3.9903,0
2024-02-06,4.03,2.5796,-0.0566,1.6533,-0.1713,0.025,0.3243,1.79,2.24,-0.2279,-0.4935,0.0377,4.4985,3.9478,0
2024-02-07,4.06,2.5841,-0.056,1.656,-0.1626,0.0385,0.3302,1.8,2.26,-0.2186,-0.4803,0.043,4.5018,3.9558,0
2024-02-08,4.12,2.6031,-0.052,1.6653,-0.1283,0.032,0.3331,1.84,2.28,-0.1803,-0.4295,0.0688,4.5175,3.9923,0
2024-02-09,4.14,2.6079,-0.0505,1.6772,-0.1261,0.0315,0.3383,1.86,2.28,-0.1766,-0.4288,0.0757,4.5374,4.0074,0
2024-02-12,4.13,2.6057,-0.0514,1.6688,-0.1278,0.0347,0.3497,1.86,2.27,-0.1792,-0.43,0.0716,4.5253,4.0028,0
2024-02-13,4.31,2.6452,-0.0386,1.7441,-0.0838,0.0431,0.3339,1.98,2.33,-0.1224,-0.3785,0.1338,4.6454,4.0999,0
2024-02-14,4.25,2.6332,-0.0405,1.7111,-0.0924,0.0386,0.3022,1.91,2.34,-0.1329,-0.3853,0.1195,4.5967,4.0739,0
2024-02-15,4.22,2.6258,-0.0429,1.7027,-0.1038,0.0382,0.2893,1.87,2.35,-0.1467,-0.4005,0.1072,4.5823,4.0589,0
2024-02-16,4.29,2.6409,-0.0376,1.7297,-0.0845,0.0415,0.2795,1.91,2.38,-0.1221,-0.3764,0.1323,4.6249,4.0949,0
2024-02-20,4.25,2.6345,-0.0405,1.7034,-0.0865,0.0392,0.2794,1.88,2.37,-0.127,-0.3742,0.1201,4.585,4.0786,0
2024-02-21,4.3,2.6472,-0.0375,1.7194,-0.0695,0.0404,0.2759,1.91,2.39,-0.107,-0.3524,0.1384,4.6121,4.1024,0
2024-02-22,4.33,2.651,-0.0332,1.7498,-0.078,0.0405,0.3031,1.96,2.37,-0.1112,-0.3735,0.151,4.663,4.1194,0
2024-02-23,4.28,2.6312,-0.0337,1.7506,-0.1132,0.0452,0.3019,1.94,2.34,-0.1469,-0.4258,0.1319,4.6606,4.0911,0
2024-02-26,4.29,2.6352,-0.0302,1.7683,-0.1115,0.0282,0.2889,1.93,2.36,-0.1417,-0.4267,0.1433,4.6885,4.1039,0
2024-02-27,4.32,2.6423,-0.0281,1.7589,-0.0942,0.0411,0.2854,1.94,2.38,-0.1223,-0.3998,0.1552,4.6787,4.1134,0
2024-02-28,4.26,2.6313,-0.031,1.7358,-0.1055,0.0294,0.2626,1.88,2.38,-0.1365,-0.4129,0.1399,4.6435,4.084,0
2024-02-29,4.26,2.6265,-0.0321,1.7405,-0.1172,0.0423,0.2504,1.86,2.4,-0.1493,-0.4317,0.1331,4.6494,4.0753,0
2024-03-01,4.17,2.6072,-0.0397,1.6953,-0.1343,0.0415,0.2366,1.77,2.4,-0.174,-0.448,0.1,4.5765,4.0239,0
2024-03-04,4.21,2.6169,-0.0382,1.7238,-0.1287,0.0362,0.2266,1.79,2.42,-0.1669,-0.4441,0.1104,4.6179,4.0516,0
2024-03-05,4.13,2.5929,-0.0429,1.7167,-0.1715,0.0348,0.2077,1.74,2.39,-0.2144,-0.5072,0.0784,4.6024,4.0079,0
2024-03-06,4.12,2.5844,-0.0428,1.7351,-0.1954,0.0387,0.2226,1.74,2.38,-0.2382,-0.5469,0.0705,4.6282,3.9986,0
2024-03-07,4.07,2.5771,-0.0464,1.7101,-0.1983,0.0275,0.2439,1.73,2.34,-0.2447,-0.5455,0.0562,4.588,3.9782,0
2024-03-08,4.06,2.5758,-0.0495,1.6931,-0.1924,0.033,0.243,1.72,2.34,-0.2419,-0.5317,0.048,4.5587,3.9708,0
2024-03-11,4.08,2.5788,-0.0485,1.7168,-0.1996,0.0325,0.2638,1.76,2.32,-0.2481,-0.5486,0.0523,4.5961,3.9819,0
2024-03-12,4.15,2.5956,-0.043,1.7441,-0.1778,0.0311,0.2556,1.8,2.35,-0.2208,-0.5205,0.0789,4.6394,4.0228,0
2024-03-13,4.19,2.6045,-0.0394,1.749,-0.1635,0.0394,0.2612,1.82,2.37,-0.2029,-0.5009,0.0951,4.6515,4.0411,0
2024-03-14,4.29,2.6343,-0.0323,1.7653,-0.1149,0.0376,0.2998,1.92,2.37,-0.1472,-0.4325,0.138,4.6849,4.0973,0
2024-03-15,4.33,2.6392,-0.027,1.7825,-0.1109,0.0461,0.2907,1.94,2.39,-0.1379,-0.4305,0.1548,4.7144,4.1122,0
2024-03-18,4.36,2.6469,-0.0237,1.784,-0.0978,0.0506,0.3055,1.97,2.39,-0.1215,-0.4125,0.1695,4.722,4.1268,0
2024-03-19,4.31,2.636,-0.0277,1.7693,-0.1147,0.0471,0.2972,1.93,2.38,-0.1424,-0.4351,0.1503,4.698,4.1057,0
2024-03-20,4.25,2.6271,-0.0332,1.7373,-0.1168,0.0356,0.2655,1.85,2.4,-0.15,-0.4311,0.1312,4.6455,4.0732,0
2024-03-21,4.26,2.6281,-0.0336,1.7436,-0.118,0.04,0.2338,1.83,2.43,-0.1516,-0.4342,0.131,4.6543,4.075,0
2024-03-22,4.2,2.6125,-0.0369,1.7335,-0.1452,0.0361,0.2218,1.79,2.41,-0.1821,-0.4746,0.1104,4.6385,4.041,0
2024-03-25,4.23,2.6218,-0.0365,1.7389,-0.1297,0.0355,0.2419,1.82,2.41,-0.1662,-0.451,0.1186,4.6455,4.0611,0
2024-03-26,4.22,2.6187,-0.0367,1.7443,-0.1392,0.0329,0.259,1.84,2.38,-0.1759,-0.4673,0.1154,4.6543,4.0577,0
2024-03-27,4.18,2.6063,-0.0387,1.7362,-0.1555,0.0317,0.2504,1.81,2.37,-0.1942,-0.488,0.0995,4.6363,4.0371,0
2024-03-28,4.21,2.6071,-0.0358,1.766,-0.1647,0.0373,0.2384,1.83,2.38,-0.2005,-0.5065,0.1056,4.6792,4.0522,0
2024-04-01,4.34,2.6405,-0.027,1.784,-0.1087,0.0512,0.2673,1.93,2.41,-0.1357,-0.427,0.1557,4.7158,4.1153,0
2024-04-02,4.35,2.6499,-0.0245,1.757,-0.0777,0.0452,0.2572,1.91,2.44,-0.1022,-0.3757,0.1714,4.6805,4.122,0
2024-04-03,4.34,2.6494,-0.0261,1.7435,-0.0755,0.0487,0.2663,1.91,2.43,-0.1016,-0.3711,0.1678,4.6624,4.1152,0
2024-04-04,4.3,2.638,-0.0285,1.7377,-0.094,0.0468,0.2551,1.88,2.42,-0.1225,-0.3974,0.1525,4.6507,4.0918,0
2024-04-05,4.38,2.6581,-0.0228,1.7695,-0.07,0.0452,0.2567,1.93,2.45,-0.0928,-0.368,0.1824,4.7028,4.1379,0
2024-04-08,4.43,2.6669,-0.0168,1.7959,-0.0642,0.0482,0.2543,1.96,2.47,-0.081,-0.3661,0.2041,4.7479,4.1613,0
2024-04-09,4.37,2.6513,-0.0181,1.7833,-0.088,0.0415,0.2498,1.93,2.44,-0.1061,-0.3999,0.1877,4.7284,4.1319,0
2024-04-10,4.61,2.7038,0.0,1.8991,-0.0404,0.0475,0.2902,2.12,2.49,-0.0404,-0.3539,0.2731,4.9164,4.2599,0
2024-04-11,4.61,2.7045,0.0038,1.8781,-0.0287,0.0523,0.3017,2.13,2.48,-0.0249,-0.3332,0.2834,4.8908,4.2612,0
2024-04-12,4.54,2.6881,0.0008,1.846,-0.0436,0.0487,0.2798,2.07,2.47,-0.0428,-0.3486,0.263,4.8399,4.2237,0
2024-04-15,4.65,2.72,0.0046,1.8479,0.016,0.0614,0.305,2.13,2.52,0.0206,-0.2585,0.2997,4.847,4.2803,0
2024-04-16,4.69,2.7332,0.0079,1.8633,0.0314,0.0541,0.3237,2.17,2.52,0.0393,-0.2406,0.3193,4.8765,4.3041,0
2024-04-17,4.62,2.7119,0.005,1.8524,-0.0062,0.0569,0.3297,2.15,2.47,-0.0012,-0.2965,0.294,4.8595,4.2649,0
2024-04-18,4.68,2.7262,0.0089,1.8732,0.0162,0.0555,0.3303,2.24,2.44,0.0251,-0.2649,0.3152,4.8895,4.2961,0
2024-04-19,4.66,2.7203,0.0082,1.8717,0.0056,0.0542,0.3186,2.22,2.44,0.0138,-0.2802,0.3079,4.8861,4.2888,0
2024-04-22,4.66,2.7204,0.008,1.8651,0.0086,0.0579,0.3184,2.21,2.45,0.0166,-0.2749,0.308,4.8769,4.2858,0
2024-04-23,4.63,2.7154,0.004,1.8358,0.0118,0.063,0.3143,2.19,2.44,0.0158,-0.2628,0.2945,4.8298,4.2705,0
2024-04-24,4.64,2.7276,0.0035,1.8348,0.0344,0.0397,0.3256,2.22,2.42,0.0379,-0.2279,0.3038,4.8282,4.29,0
2024-04-25,4.7,2.7428,0.0079,1.8657,0.0482,0.0354,0.328,2.27,2.43,0.0561,-0.2147,0.327,4.8794,4.3242,0
2024-04-26,4.68,2.7338,0.0083,1.8731,0.0261,0.0387,0.3084,2.24,2.44,0.0344,-0.251,0.3199,4.8924,4.3122,0
2024-04-29,4.65,2.7219,0.007,1.8661,0.0067,0.0483,0.3105,2.22,2.43,0.0137,-0.2791,0.3065,4.8807,4.2901,0
2024-04-30,4.72,2.7375,0.0125,1.8981,0.0215,0.0504,0.3437,2.29,2.43,0.034,-0.2643,0.3324,4.9339,4.3256,0
2024-05-01,4.64,2.7192,0.0068,1.8576,0.0037,0.0527,0.3517,2.25,2.39,0.0105,-0.2827,0.3037,4.87,4.2848,0
2024-05-02,4.57,2.7058,-0.0011,1.8141,-0.0018,0.053,0.3413,2.2,2.37,-0.0029,-0.28,0.2742,4.797,4.2485,0
2024-05-03,4.48,2.6848,-0.0111,1.7816,-0.0261,0.0508,0.3191,2.13,2.35,-0.0372,-0.3068,0.2324,4.736,4.2023,0
2024-05-06,4.48,2.6817,-0.0123,1.802,-0.041,0.0497,0.3273,2.14,2.34,-0.0533,-0.3328,0.2261,4.7631,4.1998,0
2024-05-07,4.48,2.6756,-0.0129,1.812,-0.058,0.0632,0.3554,2.16,2.32,-0.0709,-0.3608,0.2191,4.7776,4.1919,0
2024-05-08,4.5,2.6831,-0.0113,1.8128,-0.0409,0.0562,0.3609,2.19,2.31,-0.0522,-0.3339,0.2295,4.7776,4.2055,0
2024-05-09,4.47,2.6741,-0.0134,1.8015,-0.0534,0.0612,0.3308,2.13,2.34,-0.0668,-0.3508,0.2172,4.7596,4.1854,0
2024-05-10,4.52,2.6866,-0.0107,1.82,-0.039,0.063,0.3403,2.18,2.34,-0.0497,-0.3328,0.2335,4.7898,4.2146,0
2024-05-13,4.5,2.6823,-0.011,1.8186,-0.0472,0.0573,0.3404,2.17,2.33,-0.0582,-0.3452,0.2289,4.788,4.2079,0
2024-05-14,4.46,2.6726,-0.0151,1.8013,-0.0583,0.0595,0.3307,2.14,2.32,-0.0734,-0.3578,0.211,4.7583,4.1868,0
2024-05-15,4.35,2.6462,-0.0236,1.768,-0.0947,0.054,0.3155,2.06,2.29,-0.1183,-0.405,0.1685,4.701,4.1287,0
2024-05-16,4.4,2.655,-0.0219,1.786,-0.0789,0.0598,0.322,2.1,2.3,-0.1008,-0.3812,0.1796,4.7214,4.1503,0
2024-05-17,4.44,2.6634,-0.0181,1.8095,-0.0776,0.0628,0.3257,2.12,2.32,-0.0957,-0.3871,0.1957,4.7643,4.1697,0
2024-05-20,4.46,2.668,-0.016,1.8146,-0.0713,0.0647,0.3239,2.13,2.33,-0.0873,-0.3789,0.2043,4.7742,4.1818,0
2024-05-21,4.43,2.6605,-0.0165,1.8098,-0.0841,0.0603,0.3093,2.1,2.33,-0.1006,-0.3981,0.1969,4.7679,4.1675,0
2024-05-22,4.47,2.6639,-0.0127,1.8419,-0.0919,0.0688,0.3184,2.14,2.33,-0.1046,-0.4172,0.208,4.8184,4.1824,0
2024-05-23,4.52,2.6819,-0.0086,1.8311,-0.045,0.0606,0.3463,2.21,2.31,-0.0536,-0.3406,0.2333,4.7999,4.2181,0
2024-05-24,4.53,2.6811,-0.0072,1.8256,-0.0404,0.0709,0.3315,2.2,2.33,-0.0476,-0.331,0.2357,4.7901,4.2187,0
2024-05-28,4.56,2.6945,-0.0023,1.8698,-0.0477,0.0457,0.3483,2.23,2.33,-0.05,-0.3589,0.259,4.8733,4.2457,0
2024-05-29,4.63,2.7205,0.0007,1.8193,0.0376,0.052,0.3435,2.27,2.36,0.0383,-0.2138,0.2903,4.7918,4.2811,0
2024-05-30,4.57,2.7053,-0.0035,1.8056,0.0104,0.0522,0.318,2.22,2.35,0.0069,-0.2535,0.2674,4.7713,4.2498,0
2024-05-31,4.52,2.6927,-0.0088,1.7921,-0.0095,0.0535,0.3131,2.18,2.34,-0.0183,-0.2805,0.2439,4.747,4.2233,0
2024-06-03,4.42,2.6604,-0.0146,1.8102,-0.088,0.0521,0.297,2.11,2.31,-0.1026,-0.4068,0.2016,4.7748,4.1676,0
2024-06-04,4.35,2.6389,-0.0199,1.7946,-0.1198,0.0562,0.2957,2.07,2.28,-0.1397,-0.4495,0.1702,4.7434,4.1266,0
2024-06-05,4.31,2.6282,-0.0241,1.7823,-0.1326,0.0562,0.2908,2.04,2.27,-0.1567,-0.4646,0.1513,4.7184,4.1024,0
2024-06-06,4.29,2.6243,-0.0267,1.7769,-0.1383,0.0538,0.3103,2.04,2.25,-0.165,-0.4718,0.1417,4.708,4.0931,0
2024-06-07,4.46,2.6643,-0.0157,1.8405,-0.0921,0.063,0.356,2.18,2.28,-0.1078,-0.4166,0.2011,4.8136,4.1808,0
2024-06-10,4.48,2.6783,-0.0143,1.7888,-0.0313,0.0584,0.3553,2.21,2.27,-0.0456,-0.3086,0.2174,4.7301,4.1995,0
2024-06-11,4.41,2.6569,-0.018,1.8033,-0.0939,0.0617,0.3552,2.16,2.25,-0.1119,-0.4142,0.1903,4.7624,4.1592,0
2024-06-12,4.32,2.6353,-0.0249,1.7759,-0.1237,0.0574,0.3909,2.15,2.17,-0.1486,-0.4527,0.1555,4.7152,4.1136,0
2024-06-13,4.24,2.6136,-0.0321,1.7506,-0.15,0.058,0.3854,2.1,2.14,-0.1821,-0.484,0.1197,4.666,4.0684,0
2024-06-14,4.22,2.6076,-0.0338,1.7629,-0.166,0.0493,0.4071,2.11,2.11,-0.1998,-0.5097,0.1101,4.6804,4.0599,0
2024-06-17,4.3,2.6225,-0.0287,1.7974,-0.1493,0.0581,0.3986,2.14,2.16,-0.178,-0.49,0.134,4.7319,4.0982,0
2024-06-18,4.24,2.6077,-0.0324,1.7733,-0.1677,0.059,0.3623,2.07,2.17,-0.2001,-0.5129,0.1128,4.6939,4.0665,0
2024-06-20,4.26,2.6159,-0.0319,1.7745,-0.1528,0.0542,0.3371,2.05,2.21,-0.1847,-0.4907,0.1214,4.6965,4.0793,0
2024-06-21,4.26,2.6183,-0.0315,1.7735,-0.1508,0.0505,0.3619,2.07,2.19,-0.1823,-0.4895,0.1249,4.699,4.0796,0
2024-06-24,4.27,2.6174,-0.0306,1.7818,-0.155,0.0564,0.3691,2.09,2.18,-0.1856,-0.4975,0.1262,4.711,4.0797,0
2024-06-25,4.25,2.6129,-0.0307,1.7816,-0.1632,0.0494,0.3698,2.08,2.17,-0.1939,-0.5097,0.1219,4.7103,4.0728,0
2024-06-26,4.32,2.6358,-0.0252,1.7938,-0.1243,0.0399,0.3617,2.12,2.2,-0.1495,-0.454,0.1551,4.7342,4.115,0
2024-06-27,4.29,2.6283,-0.0259,1.7776,-0.1338,0.0438,0.3369,2.07,2.22,-0.1597,-0.4672,0.1479,4.7134,4.0946,0
2024-06-28,4.33,2.6456,-0.0246,1.7612,-0.0958,0.0437,0.3484,2.09,2.24,-0.1204,-0.4082,0.1673,4.6945,4.1156,0
2024-07-01,4.44,2.6814,-0.0206,1.7491,-0.023,0.0531,0.352,2.15,2.29,-0.0436,-0.2958,0.2087,4.6827,4.1735,0
2024-07-02,4.39,2.6694,-0.0236,1.7361,-0.0448,0.0529,0.3579,2.13,2.26,-0.0684,-0.3286,0.1918,4.6657,4.1464,0
2024-07-03,4.33,2.6499,-0.0278,1.734,-0.0818,0.0557,0.3613,2.1,2.23,-0.1096,-0.3836,0.1644,4.6579,4.1119,0
2024-07-05,4.22,2.6249,-0.0363,1.6852,-0.1033,0.0496,0.3298,2.0,2.22,-0.1396,-0.4031,0.1239,4.5736,4.0528,0
2024-07-08,4.23,2.6246,-0.0374,1.6974,-0.1098,0.0552,0.3411,2.01,2.22,-0.1472,-0.4154,0.121,4.5902,4.0522,0
2024-07-09,4.24,2.6317,-0.0382,1.6923,-0.0951,0.0494,0.351,2.03,2.21,-0.1333,-0.3918,0.1251,4.5824,4.064,0
2024-07-10,4.24,2.6278,-0.0388,1.699,-0.1051,0.0571,0.3369,2.02,2.22,-0.1439,-0.4079,0.1201,4.5908,4.0584,0
2024-07-11,4.13,2.6036,-0.044,1.6422,-0.1253,0.0534,0.3447,1.95,2.18,-0.1693,-0.4292,0.0906,4.5057,3.9849,0
2024-07-12,4.1,2.6,-0.0479,1.6231,-0.1246,0.0494,0.3588,1.95,2.15,-0.1725,-0.4247,0.0796,4.4752,3.9659,0
2024-07-15,4.13,2.6116,-0.048,1.6075,-0.0929,0.0519,0.3381,1.93,2.2,-0.1409,-0.3723,0.0904,4.4504,3.9777,0
2024-07-16,4.09,2.5962,-0.0505,1.6136,-0.1265,0.0571,0.318,1.89,2.2,-0.177,-0.4248,0.0709,4.4577,3.9516,0
2024-07-17,4.07,2.5919,-0.0517,1.6131,-0.1349,0.0517,0.3205,1.88,2.19,-0.1867,-0.4373,0.064,4.4556,3.9444,0
2024-07-18,4.11,2.6046,-0.0496,1.6167,-0.1109,0.0492,0.3283,1.92,2.19,-0.1605,-0.4007,0.0798,4.4615,3.9699,0
2024-07-19,4.16,2.6172,-0.0457,1.6261,-0.0896,0.0521,0.3499,1.98,2.18,-0.1353,-0.3707,0.1,4.4786,3.9941,0
2024-07-22,4.17,2.6215,-0.0441,1.6246,-0.082,0.05,0.3586,1.99,2.18,-0.1261,-0.3601,0.1078,4.48,4.0016,0
2024-07-23,4.15,2.6174,-0.0451,1.6103,-0.084,0.0514,0.3708,1.98,2.17,-0.1291,-0.3611,0.1029,4.4596,3.9862,0
2024-07-24,4.12,2.6258,-0.0467,1.5783,-0.055,0.0177,0.3864,1.99,2.13,-0.1017,-0.3116,0.1081,4.4139,3.9859,0
2024-07-25,4.13,2.6232,-0.045,1.5972,-0.0695,0.0241,0.3872,2.0,2.13,-0.1145,-0.3392,0.1102,4.4452,3.9825,0
2024-07-26,4.06,2.6036,-0.0496,1.5736,-0.0967,0.029,0.3744,1.93,2.13,-0.1463,-0.3752,0.0827,4.4062,3.9423,0
2024-07-29,4.05,2.5968,-0.0512,1.5755,-0.1089,0.0378,0.3731,1.92,2.13,-0.1601,-0.3929,0.0728,4.4051,3.931,0
2024-07-30,4.03,2.5903,-0.0523,1.5661,-0.1157,0.0417,0.3766,1.91,2.12,-0.168,-0.4014,0.0653,4.3897,3.914,0
2024-07-31,3.97,2.5712,-0.0565,1.5525,-0.1469,0.0497,0.3532,1.84,2.13,-0.2034,-0.4462,0.0394,4.3665,3.8728,0
2024-08-01,3.84,2.5428,-0.0648,1.5049,-0.1788,0.0359,0.3664,1.78,2.06,-0.2436,-0.4851,-0.0021,4.2893,3.7974,0
2024-08-02,3.62,2.4918,-0.0773,1.4008,-0.228,0.0327,0.4992,1.73,1.89,-0.3053,-0.543,-0.0676,4.1303,3.641,0
2024-08-05,3.62,2.485,-0.0768,1.431,-0.247,0.0278,0.4695,1.71,1.91,-0.3238,-0.575,-0.0727,4.1672,3.6319,0
2024-08-06,3.73,2.5167,-0.0737,1.46,-0.2012,0.0281,0.4551,1.77,1.96,-0.2749,-0.5085,-0.0412,4.2104,3.711,0
2024-08-07,3.79,2.5382,-0.0714,1.4598,-0.162,0.0253,0.4733,1.82,1.97,-0.2334,-0.4501,-0.0167,4.2147,3.7472,0
2024-08-08,3.83,2.5489,-0.0693,1.4762,-0.1521,0.0264,0.4717,1.85,1.98,-0.2214,-0.4397,-0.0032,4.2433,3.7718,0
2024-08-09,3.8,2.5382,-0.0704,1.4686,-0.1687,0.0323,0.4647,1.84,1.96,-0.2391,-0.4628,-0.0154,4.2305,3.756,0
2024-08-12,3.75,2.525,-0.0745,1.4488,-0.182,0.0327,0.4358,1.77,1.98,-0.2565,-0.4764,-0.0366,4.1937,3.7304,0
2024-08-13,3.68,2.5073,-0.0783,1.4346,-0.2124,0.0288,0.4438,1.72,1.96,-0.2907,-0.5223,-0.0591,4.1735,3.6835,0
2024-08-14,3.67,2.5019,-0.08,1.452,-0.2313,0.0274,0.4685,1.74,1.93,-0.3113,-0.5533,-0.0693,4.1959,3.6819,0
2024-08-15,3.79,2.5287,-0.0725,1.4897,-0.1886,0.0327,0.4351,1.8,1.99,-0.2611,-0.4914,-0.0308,4.2487,3.753,0
2024-08-16,3.77,2.5223,-0.0711,1.4899,-0.2046,0.0335,0.4567,1.8,1.97,-0.2757,-0.5194,-0.032,4.2559,3.7371,0
2024-08-19,3.75,2.5145,-0.069,1.4923,-0.2179,0.0301,0.4598,1.81,1.94,-0.2869,-0.5405,-0.0334,4.2604,3.7221,0
2024-08-20,3.7,2.5008,-0.0702,1.4726,-0.2335,0.0302,0.4485,1.75,1.95,-0.3037,-0.5612,-0.0461,4.231,3.6858,0
2024-08-21,3.64,2.491,-0.0728,1.4394,-0.2359,0.0184,0.4446,1.7,1.94,-0.3087,-0.5589,-0.0586,4.1805,3.6509,0
2024-08-22,3.72,2.5112,-0.0695,1.4634,-0.21,0.0249,0.4417,1.76,1.96,-0.2795,-0.5245,-0.0346,4.2196,3.6975,0
2024-08-23,3.65,2.4953,-0.074,1.428,-0.2223,0.023,0.3839,1.64,2.01,-0.2963,-0.5348,-0.0578,4.1618,3.6564,0
2024-08-26,3.66,2.4991,-0.073,1.4351,-0.221,0.0198,0.3649,1.64,2.02,-0.294,-0.5371,-0.051,4.1772,3.6573,0
2024-08-27,3.66,2.5041,-0.0734,1.4095,-0.2004,0.0203,0.3698,1.64,2.02,-0.2738,-0.5014,-0.0462,4.1412,3.6544,0
2024-08-28,3.63,2.5066,-0.0733,1.4062,-0.1968,-0.0127,0.3714,1.64,1.99,-0.2701,-0.4974,-0.0429,4.14,3.6534,0
2024-08-29,3.66,2.5144,-0.0724,1.4141,-0.1862,-0.0099,0.37,1.65,2.01,-0.2586,-0.4826,-0.0346,4.1525,3.6717,0
2024-08-30,3.71,2.5258,-0.0705,1.418,-0.1654,0.0022,0.3968,1.7,2.01,-0.2359,-0.4514,-0.0205,4.1592,3.6943,0
2024-09-03,3.65,2.507,-0.0726,1.4078,-0.2002,0.0081,0.4307,1.7,1.95,-0.2728,-0.5053,-0.0404,4.1472,3.6514,0
2024-09-04,3.56,2.4852,-0.0773,1.3676,-0.2203,0.0048,0.4672,1.66,1.9,-0.2976,-0.5274,-0.0677,4.0826,3.5907,0
2024-09-05,3.54,2.4774,-0.0786,1.3682,-0.2349,0.0079,0.4875,1.67,1.87,-0.3135,-0.55,-0.077,4.0821,3.5724,0
2024-09-06,3.5,2.4712,-0.0824,1.3388,-0.2327,0.005,0.4973,1.64,1.86,-0.3151,-0.5406,-0.0895,4.0356,3.5454,0
2024-09-09,3.49,2.466,-0.0818,1.3415,-0.245,0.0093,0.481,1.61,1.88,-0.3268,-0.5621,-0.0916,4.0428,3.529,0
2024-09-10,3.43,2.452,-0.086,1.3127,-0.2587,0.01,0.4847,1.57,1.86,-0.3447,-0.577,-0.1123,3.9971,3.4926,0
2024-09-11,3.45,2.4522,-0.0886,1.3413,-0.2718,0.0169,0.4507,1.55,1.9,-0.3604,-0.5995,-0.1213,4.0326,3.512,0
2024-09-12,3.47,2.4607,-0.086,1.3324,-0.2473,0.0102,0.4429,1.54,1.93,-0.3333,-0.56,-0.1066,4.0198,3.5192,0
2024-09-13,3.43,2.4528,-0.0861,1.2995,-0.2449,0.0087,0.4137,1.48,1.95,-0.331,-0.5514,-0.1106,3.9727,3.4847,0
2024-09-16,3.41,2.4468,-0.0819,1.2892,-0.2501,0.006,0.4018,1.47,1.94,-0.332,-0.5618,-0.1023,3.9657,3.4545,0
2024-09-17,3.44,2.4528,-0.0773,1.296,-0.2418,0.0103,0.3851,1.47,1.97,-0.3191,-0.5526,-0.0857,3.9823,3.4661,0
2024-09-18,3.47,2.469,-0.072,1.2738,-0.1995,-0.0013,0.3932,1.49,1.98,-0.2715,-0.4864,-0.0566,3.9577,3.4815,0
2024-09-19,3.49,2.4756,-0.0686,1.2622,-0.1805,0.0013,0.3585,1.45,2.04,-0.2491,-0.4576,-0.0406,3.9463,3.4819,0
2024-09-20,3.48,2.476,-0.0675,1.2465,-0.1768,0.0018,0.3746,1.46,2.02,-0.2443,-0.4528,-0.0358,3.931,3.47,0
2024-09-23,3.51,2.4822,-0.0621,1.243,-0.1616,0.0085,0.3718,1.47,2.04,-0.2237,-0.4327,-0.0147,3.9342,3.4668,0
2024-09-24,3.47,2.478,-0.0618,1.2104,-0.1544,-0.0022,0.3416,1.41,2.06,-0.2162,-0.4168,-0.0156,3.889,3.4454,0
2024-09-25,3.52,2.4934,-0.059,1.2114,-0.1263,0.0005,0.3693,1.46,2.06,-0.1853,-0.3753,0.0046,3.8947,3.4724,0
2024-09-26,3.55,2.4967,-0.0549,1.2419,-0.1348,0.0011,0.3813,1.52,2.03,-0.1897,-0.3954,0.0159,3.9442,3.4917,0
2024-09-27,3.5,2.4833,-0.0574,1.2174,-0.1483,0.005,0.3777,1.47,2.03,-0.2057,-0.4106,-0.0008,3.9056,3.461,0
2024-09-30,3.58,2.4997,-0.0498,1.2532,-0.1325,0.0094,0.3686,1.51,2.07,-0.1823,-0.3962,0.0315,3.9668,3.496,0
2024-10-01,3.51,2.4811,-0.0512,1.2341,-0.1592,0.0052,0.3303,1.44,2.07,-0.2104,-0.4331,0.0123,3.9379,3.4612,0
2024-10-02,3.55,2.4928,-0.0493,1.2317,-0.1359,0.0106,0.3179,1.45,2.1,-0.1852,-0.3975,0.0272,3.9369,3.4804,0
2024-10-03,3.62,2.5121,-0.044,1.25,-0.1076,0.0095,0.3421,1.51,2.11,-0.1516,-0.3596,0.0564,3.9702,3.5199,0
2024-10-04,3.81,2.5513,-0.0298,1.3484,-0.0779,0.018,0.3585,1.67,2.14,-0.1077,-0.335,0.1196,4.127,3.6317,0
2024-10-07,3.86,2.5659,-0.0221,1.3386,-0.0411,0.0187,0.3333,1.69,2.17,-0.0632,-0.2769,0.1506,4.1182,3.6635,0
2024-10-08,3.86,2.5662,-0.0192,1.3479,-0.051,0.0161,0.3343,1.69,2.17,-0.0702,-0.2988,0.1583,4.1426,3.6623,0
2024-10-09,3.91,2.5762,-0.0172,1.3413,-0.0242,0.0339,0.3164,1.7,2.21,-0.0414,-0.2541,0.1713,4.1302,3.6847,0
2024-10-10,3.91,2.58,-0.0172,1.3434,-0.0203,0.0241,0.2802,1.65,2.26,-0.0375,-0.2498,0.1749,4.1357,3.6895,0
2024-10-11,3.88,2.5793,-0.0206,1.2978,0.0002,0.0232,0.2768,1.63,2.25,-0.0204,-0.2084,0.1677,4.0652,3.6743,0
2024-10-15,3.86,2.5667,-0.0204,1.3367,-0.0491,0.0261,0.3064,1.64,2.22,-0.0695,-0.2961,0.157,4.13,3.6549,0
2024-10-16,3.84,2.5627,-0.0209,1.3254,-0.0464,0.0192,0.3281,1.65,2.19,-0.0673,-0.2871,0.1524,4.1078,3.6478,0
2024-10-17,3.9,2.5824,-0.0197,1.3132,-0.0011,0.0252,0.3222,1.68,2.22,-0.0208,-0.2136,0.1721,4.0885,3.6838,0
2024-10-18,3.88,2.579,-0.0227,1.3026,-0.004,0.0251,0.2973,1.65,2.23,-0.0267,-0.2153,0.1618,4.0702,3.6765,0
2024-10-21,3.98,2.6094,-0.018,1.3152,0.045,0.0284,0.3503,1.75,2.23,0.027,-0.1453,0.1993,4.0969,3.7317,0
2024-10-22,4.0,2.6148,-0.0149,1.3238,0.0545,0.0218,0.3315,1.75,2.25,0.0396,-0.132,0.2113,4.1102,3.7437,0
2024-10-23,4.05,2.6268,-0.0111,1.3418,0.0695,0.023,0.3542,1.82,2.23,0.0584,-0.1131,0.23,4.1401,3.7719,0
2024-10-24,4.03,2.6181,-0.0105,1.3466,0.0528,0.023,0.3581,1.7,2.33,0.0423,-0.1389,0.2235,4.1459,3.7614,0
2024-10-25,4.07,2.6292,-0.009,1.3554,0.0697,0.0247,0.4001,1.75,2.32,0.0607,-0.1143,0.2356,4.1596,3.7897,0
2024-10-28,4.11,2.6383,-0.0035,1.3664,0.0824,0.0264,0.4186,1.8,2.31,0.0789,-0.1002,0.2579,4.1838,3.8004,0
2024-10-29,4.11,2.6381,-0.0024,1.3564,0.0872,0.0306,0.4029,1.78,2.33,0.0848,-0.0911,0.2608,4.1705,3.7982,0
2024-10-30,4.14,2.6407,0.0032,1.3805,0.0872,0.0284,0.3628,1.77,2.37,0.0904,-0.0956,0.2764,4.2072,3.809,0
2024-10-31,4.15,2.6398,0.0069,1.3986,0.0756,0.0291,0.3507,1.77,2.38,0.0825,-0.1197,0.2847,4.2406,3.809,0
2024-11-01,4.22,2.6653,0.0127,1.3743,0.1356,0.0321,0.4016,1.85,2.37,0.1483,-0.0256,0.3222,4.2135,3.8457,0
2024-11-04,4.17,2.6503,0.0128,1.3687,0.1082,0.0301,0.4197,1.85,2.32,0.121,-0.0687,0.3106,4.2086,3.8122,0
2024-11-05,4.16,2.6416,0.0152,1.3903,0.085,0.028,0.3981,1.84,2.32,0.1002,-0.108,0.3083,4.24,3.8038,0
2024-11-06,4.27,2.6775,0.0216,1.3943,0.1557,0.0209,0.326,1.81,2.46,0.1773,0.0004,0.3542,4.2487,3.874,0
2024-11-07,4.17,2.6534,0.0158,1.3648,0.1119,0.0241,0.3422,1.77,2.4,0.1277,-0.065,0.3204,4.2109,3.8221,0
2024-11-08,4.2,2.6464,0.0186,1.405,0.0866,0.0434,0.3289,1.77,2.43,0.1052,-0.1085,0.319,4.2651,3.8268,0
2024-11-12,4.32,2.6802,0.0266,1.4355,0.1377,0.04,0.3785,1.89,2.43,0.1643,-0.0375,0.3662,4.3175,3.899,0
2024-11-13,4.3,2.6843,0.0258,1.3809,0.1731,0.0359,0.3925,1.88,2.42,0.1989,0.0273,0.3705,4.2369,3.8865,0
2024-11-14,4.32,2.6803,0.0285,1.4351,0.1353,0.0408,0.4092,1.92,2.4,0.1638,-0.0441,0.3716,4.3232,3.8954,0
2024-11-15,4.3,2.68,0.0255,1.4059,0.1507,0.0379,0.4114,1.91,2.39,0.1762,-0.0119,0.3642,4.2739,3.8923,0
2024-11-18,4.28,2.6766,0.0228,1.3926,0.1499,0.0382,0.3938,1.87,2.41,0.1727,-0.01,0.3553,4.2518,3.8804,0
2024-11-19,4.25,2.6676,0.0201,1.3957,0.1301,0.0365,0.3818,1.84,2.41,0.1502,-0.04,0.3404,4.2535,3.8671,0
2024-11-20,4.28,2.6704,0.0221,1.4151,0.1274,0.045,0.3844,1.85,2.43,0.1495,-0.0483,0.3474,4.2833,3.8761,0
2024-11-21,4.3,2.6762,0.0253,1.4334,0.1288,0.0363,0.3957,1.88,2.42,0.1541,-0.051,0.3592,4.3147,3.8942,0
2024-11-22,4.3,2.6733,0.0268,1.4467,0.1174,0.0359,0.3841,1.87,2.43,0.1442,-0.0711,0.3594,4.3352,3.8964,0
2024-11-25,4.17,2.6348,0.0187,1.4239,0.0524,0.0403,0.3942,1.82,2.35,0.0711,-0.1641,0.3062,4.2938,3.8287,0
2024-11-26,4.17,2.6427,0.0187,1.4158,0.0735,0.0193,0.418,1.84,2.33,0.0922,-0.1296,0.3139,4.2802,3.8357,0
2024-11-27,4.11,2.6276,0.0151,1.3991,0.052,0.0162,0.409,1.79,2.32,0.0671,-0.1583,0.2925,4.252,3.8039,0
2024-11-29,4.05,2.6109,0.0096,1.3749,0.0304,0.0242,0.3835,1.72,2.33,0.04,-0.1859,0.2659,4.2117,3.7644,0
2024-12-02,4.08,2.6129,0.0107,1.3929,0.0294,0.0341,0.3976,1.75,2.33,0.0401,-0.1901,0.2702,4.2359,3.7707,0
2024-12-03,4.11,2.6225,0.0147,1.3824,0.0567,0.0337,0.384,1.75,2.36,0.0714,-0.1469,0.2897,4.2232,3.7772,0
2024-12-04,4.07,2.6141,0.0129,1.3604,0.0503,0.0323,0.3623,1.7,2.37,0.0632,-0.1531,0.2796,4.1909,3.7515,0
2024-12-05,4.07,2.6095,0.0139,1.3763,0.033,0.0374,0.3933,1.72,2.35,0.0469,-0.1842,0.2779,4.2168,3.747,0
2024-12-06,4.03,2.603,0.0132,1.3463,0.0364,0.0311,0.4082,1.72,2.31,0.0496,-0.1732,0.2724,4.1721,3.7223,0
2024-12-09,4.07,2.613,0.0159,1.3516,0.0545,0.035,0.4109,1.74,2.33,0.0704,-0.147,0.2878,4.182,3.7391,0
2024-12-10,4.09,2.619,0.0178,1.3578,0.0642,0.0312,0.3989,1.75,2.34,0.082,-0.1333,0.2973,4.1922,3.7526,0
2024-12-11,4.13,2.633,0.0212,1.3474,0.0944,0.034,0.3952,1.75,2.38,0.1156,-0.0882,0.3193,4.1842,3.7678,0
2024-12-12,4.18,2.6501,0.025,1.3424,0.1269,0.0356,0.3997,1.79,2.39,0.1519,-0.0405,0.3444,4.1849,3.7914,0
2024-12-13,4.25,2.6728,0.0303,1.3555,0.1627,0.0287,0.4177,1.85,2.4,0.193,0.0092,0.3768,4.2121,3.833,0
2024-12-16,4.25,2.6715,0.0321,1.3545,0.1576,0.0343,0.4349,1.87,2.38,0.1897,-0.0016,0.3809,4.2172,3.8267,0
2024-12-17,4.26,2.6736,0.0327,1.3529,0.1629,0.0379,0.4557,1.9,2.36,0.1956,0.0072,0.3839,4.2149,3.8321,0
2024-12-18,4.4,2.707,0.0443,1.4102,0.2076,0.0308,0.4791,2.02,2.38,0.2519,0.0634,0.4405,4.3058,3.8994,0
2024-12-19,4.43,2.7248,0.047,1.3641,0.257,0.037,0.5442,2.08,2.35,0.304,0.1436,0.4645,4.2494,3.9175,0
2024-12-20,4.37,2.7091,0.0444,1.358,0.2268,0.0317,0.529,2.03,2.34,0.2712,0.0977,0.4447,4.2406,3.8885,0
2024-12-23,4.44,2.7279,0.0479,1.3706,0.2598,0.0337,0.5201,2.06,2.38,0.3077,0.1463,0.4692,4.26,3.9251,0
2024-12-24,4.43,2.7287,0.0494,1.3818,0.2591,0.011,0.4895,2.04,2.39,0.3085,0.1442,0.4727,4.2748,3.9316,0
2024-12-26,4.42,2.7244,0.0472,1.3687,0.2545,0.0252,0.4884,2.03,2.39,0.3017,0.1399,0.4635,4.2549,3.9241,0
2024-12-27,4.45,2.7363,0.0479,1.3522,0.2849,0.0287,0.5182,2.07,2.38,0.3328,0.1889,0.4768,4.2325,3.9353,0
2024-12-30,4.37,2.7158,0.0417,1.3181,0.2594,0.035,0.5246,2.02,2.35,0.3011,0.1567,0.4455,4.1783,3.8877,0
2024-12-31,4.38,2.7202,0.0416,1.3175,0.2706,0.0301,0.516,2.0,2.38,0.3122,0.1748,0.4495,4.175,3.8911,0
2025-01-02,4.38,2.7181,0.04,1.3127,0.2681,0.0411,0.5002,1.97,2.41,0.3081,0.1726,0.4436,4.1663,3.8876,0
2025-01-03,4.41,2.7287,0.0422,1.3266,0.2814,0.0311,0.5096,2.01,2.4,0.3236,0.1892,0.4581,4.1897,3.9074,0
2025-01-06,4.42,2.7338,0.0434,1.3129,0.2957,0.0342,0.5179,2.02,2.4,0.3391,0.2117,0.4665,4.1741,3.909,0
2025-01-07,4.46,2.7482,0.045,1.3069,0.326,0.0338,0.4936,2.02,2.44,0.371,0.2591,0.483,4.1671,3.9334,0
2025-01-08,4.45,2.7473,0.0435,1.2947,0.3274,0.0372,0.4679,1.98,2.47,0.3709,0.2628,0.4789,4.15,3.9285,0
2025-01-09,4.46,2.7524,0.0432,1.2916,0.3391,0.0337,0.4808,2.0,2.46,0.3823,0.2817,0.4828,4.1445,3.9347,0
2025-01-10,4.59,2.7815,0.0526,1.3583,0.3668,0.0308,0.4644,2.08,2.51,0.4194,0.3097,0.5291,4.2495,4.0036,0
2025-01-13,4.61,2.7858,0.055,1.3615,0.3721,0.0356,0.4372,2.06,2.55,0.4271,0.3166,0.5376,4.2578,4.019,0
2025-01-14,4.59,2.7836,0.0531,1.34,0.3767,0.0366,0.4364,2.04,2.55,0.4298,0.3283,0.5314,4.2251,4.0116,0
2025-01-15,4.45,2.7455,0.0444,1.3037,0.319,0.0374,0.4119,1.93,2.52,0.3634,0.2483,0.4785,4.1643,3.9335,0
2025-01-16,4.39,2.7323,0.0381,1.2858,0.3012,0.0326,0.4009,1.88,2.51,0.3393,0.2265,0.452,4.1309,3.9051,0
2025-01-17,4.42,2.7335,0.0388,1.3212,0.2886,0.038,0.4019,1.9,2.52,0.3274,0.2013,0.4534,4.1807,3.9178,0
2025-01-21,4.4,2.7236,0.0388,1.3367,0.2625,0.0384,0.4202,1.93,2.47,0.3013,0.1585,0.4441,4.2032,3.9063,0
2025-01-22,4.43,2.7291,0.041,1.343,0.273,0.044,0.4222,1.95,2.48,0.314,0.1739,0.454,4.2121,3.9177,0
2025-01-23,4.45,2.7386,0.0434,1.3276,0.3014,0.039,0.3999,1.93,2.52,0.3448,0.2204,0.4692,4.1906,3.928,0
2025-01-24,4.43,2.7347,0.0431,1.3191,0.2953,0.0378,0.3833,1.91,2.52,0.3384,0.2109,0.4658,4.1813,3.9168,0
2025-01-27,4.32,2.7081,0.0368,1.3274,0.2333,0.0144,0.3562,1.83,2.49,0.2701,0.1128,0.4274,4.1927,3.867,0
2025-01-28,4.33,2.7115,0.035,1.3063,0.2563,0.0209,0.3479,1.81,2.52,0.2913,0.1564,0.4262,4.1527,3.8706,0
2025-01-29,4.35,2.7148,0.0352,1.3265,0.2503,0.0233,0.3522,1.83,2.52,0.2855,0.1425,0.4285,4.1843,3.8832,0
2025-01-30,4.31,2.7045,0.0315,1.3092,0.2388,0.026,0.3673,1.81,2.5,0.2703,0.1299,0.4108,4.1541,3.863,0
2025-01-31,4.36,2.72,0.0344,1.3239,0.2633,0.0184,0.3542,1.82,2.54,0.2977,0.1642,0.4311,4.1774,3.8911,0
2025-02-03,4.35,2.7078,0.036,1.3396,0.2351,0.0315,0.2868,1.74,2.61,0.2711,0.1192,0.423,4.1993,3.8811,0
2025-02-04,4.31,2.7029,0.0336,1.3269,0.2288,0.0178,0.2822,1.72,2.59,0.2624,0.1111,0.4137,4.1811,3.8662,0
2025-02-05,4.24,2.6779,0.0291,1.3277,0.1812,0.0242,0.2721,1.67,2.57,0.2103,0.0397,0.3808,4.1761,3.8243,0
2025-02-06,4.28,2.6827,0.0312,1.3529,0.182,0.0312,0.2887,1.71,2.57,0.2132,0.0373,0.3892,4.2115,3.8403,0
2025-02-07,4.34,2.6947,0.0368,1.3819,0.1921,0.0345,0.2989,1.75,2.59,0.2289,0.0463,0.4116,4.2592,3.8753,0
2025-02-10,4.34,2.6951,0.038,1.3732,0.1978,0.0359,0.2905,1.74,2.6,0.2358,0.057,0.4146,4.247,3.877,0
2025-02-11,4.37,2.7039,0.039,1.3696,0.2169,0.0406,0.2696,1.73,2.64,0.2559,0.0873,0.4246,4.2421,3.8937,0
2025-02-12,4.48,2.7351,0.045,1.3934,0.264,0.0425,0.2928,1.82,2.66,0.309,0.1525,0.4656,4.2851,3.9543,0
2025-02-13,4.39,2.707,0.0414,1.3858,0.2117,0.0441,0.272,1.75,2.64,0.2531,0.0737,0.4325,4.2722,3.9044,0
2025-02-14,4.33,2.6917,0.0368,1.3659,0.1947,0.0409,0.2678,1.71,2.62,0.2315,0.0548,0.4082,4.2343,3.8752,0
2025-02-18,4.4,2.7117,0.0388,1.3777,0.2295,0.0423,0.2763,1.75,2.65,0.2683,0.107,0.4296,4.2507,3.9147,0
2025-02-19,4.37,2.7057,0.036,1.3571,0.2255,0.0457,0.2598,1.71,2.66,0.2615,0.1046,0.4184,4.2197,3.8974,0
2025-02-20,4.34,2.6988,0.0345,1.3547,0.2128,0.0391,0.2429,1.68,2.66,0.2473,0.0856,0.4091,4.2153,3.8827,0
2025-02-21,4.26,2.6797,0.0286,1.3352,0.1835,0.033,0.2635,1.65,2.61,0.2121,0.0447,0.3795,4.1823,3.8381,0
2025-02-24,4.23,2.6734,0.0256,1.3245,0.178,0.0285,0.2504,1.62,2.61,0.2036,0.0399,0.3674,4.1617,3.8215,0
2025-02-25,4.12,2.6456,0.0179,1.2962,0.1363,0.0239,0.2469,1.55,2.57,0.1542,-0.0166,0.3251,4.1127,3.7659,0
2025-02-26,4.06,2.6317,0.0125,1.2927,0.1093,0.0137,0.2632,1.52,2.54,0.1218,-0.0564,0.3,4.1026,3.7393,0
2025-02-27,4.09,2.6404,0.0118,1.2911,0.1279,0.0188,0.2644,1.52,2.57,0.1397,-0.0267,0.306,4.0978,3.7519,0
2025-02-28,4.03,2.6265,0.0075,1.2667,0.1124,0.0168,0.23,1.45,2.58,0.1199,-0.0452,0.2851,4.0584,3.7146,0
2025-03-03,3.97,2.6083,0.0028,1.2588,0.08,0.0201,0.2032,1.38,2.59,0.0828,-0.0929,0.2585,4.0428,3.6776,0
2025-03-04,4.01,2.6241,0.0046,1.2429,0.1156,0.0229,0.2345,1.42,2.59,0.1202,-0.0383,0.2786,4.0254,3.6899,0
2025-03-05,4.08,2.643,0.0079,1.2612,0.1425,0.0254,0.2788,1.52,2.56,0.1504,-0.0015,0.3023,4.0561,3.7294,0
2025-03-06,4.06,2.6452,0.0084,1.2319,0.1605,0.014,0.2958,1.53,2.53,0.1689,0.0304,0.3074,4.0156,3.7192,0
2025-03-07,4.09,2.6529,0.0094,1.2402,0.1682,0.0193,0.3154,1.57,2.52,0.1776,0.0393,0.316,4.0314,3.7357,0
2025-03-10,3.98,2.6255,0.0029,1.2066,0.1291,0.0158,0.3085,1.49,2.49,0.132,-0.0144,0.2785,3.9786,3.6726,0
2025-03-11,4.03,2.6405,0.0033,1.2089,0.1573,0.02,0.3313,1.53,2.5,0.1606,0.0293,0.292,3.9808,3.701,0
2025-03-12,4.09,2.6524,0.0069,1.2279,0.1721,0.0307,0.3203,1.56,2.53,0.179,0.0478,0.3102,4.0115,3.7286,0
2025-03-13,4.02,2.6396,0.0035,1.2082,0.1531,0.0156,0.343,1.54,2.48,0.1566,0.0218,0.2915,3.9826,3.7002,0
2025-03-14,4.09,2.6521,0.0077,1.2378,0.1672,0.0253,0.3647,1.61,2.48,0.1749,0.0384,0.3113,4.0263,3.7333,0
2025-03-17,4.11,2.6513,0.0107,1.2534,0.1602,0.0343,0.3706,1.63,2.48,0.1709,0.025,0.3168,4.0506,3.7417,0
2025-03-18,4.07,2.6425,0.0097,1.2451,0.147,0.0256,0.3597,1.61,2.46,0.1567,0.0069,0.3065,4.0374,3.7274,0
2025-03-19,4.03,2.6319,0.0058,1.2419,0.1266,0.0239,0.3213,1.53,2.5,0.1324,-0.0234,0.2882,4.0296,3.7054,0
2025-03-20,4.01,2.6271,0.0041,1.2249,0.1262,0.0277,0.3056,1.5,2.51,0.1303,-0.0206,0.2812,4.0029,3.6868,0
2025-03-21,4.0,2.6304,0.002,1.2027,0.1424,0.0225,0.3,1.49,2.51,0.1444,0.0091,0.2797,3.9684,3.6859,0
2025-03-24,4.09,2.6548,0.0082,1.2249,0.1781,0.024,0.3126,1.55,2.54,0.1863,0.0569,0.3157,4.0091,3.7322,0
2025-03-25,4.07,2.648,0.0069,1.2119,0.1687,0.0345,0.2877,1.51,2.56,0.1756,0.0444,0.3068,3.9911,3.7178,0
2025-03-26,4.08,2.6569,0.008,1.2091,0.1874,0.0185,0.2831,1.52,2.56,0.1954,0.0734,0.3175,3.9881,3.7323,0
2025-03-27,4.09,2.6633,0.0072,1.1964,0.2032,0.0198,0.2603,1.49,2.6,0.2104,0.0992,0.3217,3.971,3.7387,0
2025-03-28,3.98,2.6338,-0.001,1.1688,0.1577,0.0207,0.2341,1.4,2.58,0.1567,0.0365,0.2768,3.9227,3.6788,0
2025-03-31,3.96,2.6236,-0.004,1.1713,0.1418,0.0273,0.1977,1.35,2.61,0.1378,0.0152,0.2604,3.9174,3.6619,0
2025-04-01,3.91,2.6098,-0.0074,1.1665,0.1148,0.0263,0.2398,1.37,2.54,0.1074,-0.0256,0.2404,3.9093,3.6349,0
2025-04-02,3.95,2.618,-0.0055,1.1895,0.1209,0.0271,0.2704,1.44,2.51,0.1154,-0.0201,0.2509,3.943,3.6578,0
2025-04-03,3.75,2.575,-0.0213,1.1014,0.0725,0.0223,0.2335,1.25,2.5,0.0512,-0.0759,0.1784,3.8036,3.5547,0
2025-04-04,3.72,2.5677,-0.0239,1.1107,0.0485,0.017,0.3705,1.38,2.34,0.0246,-0.1192,0.1684,3.8222,3.5232,0
2025-04-07,3.82,2.6039,-0.0196,1.0846,0.1323,0.0188,0.4504,1.51,2.31,0.1127,0.0137,0.2117,3.7875,3.575,0
2025-04-08,3.88,2.6344,-0.0197,1.0457,0.2066,0.013,0.4613,1.53,2.35,0.1869,0.1344,0.2394,3.7326,3.6155,0
2025-04-09,4.06,2.6654,-0.007,1.1641,0.2111,0.0264,0.4195,1.61,2.45,0.2041,0.1163,0.2919,3.9173,3.7106,0
2025-04-10,4.04,2.6812,-0.0091,1.0721,0.2732,0.0226,0.5434,1.72,2.32,0.2641,0.224,0.3043,3.7934,3.7095,0
2025-04-11,4.15,2.7035,-0.0006,1.14,0.2913,0.0159,0.578,1.82,2.33,0.2907,0.2392,0.3422,3.895,3.7684,0
2025-04-14,4.02,2.6694,-0.0085,1.0928,0.2468,0.0195,0.5005,1.67,2.35,0.2383,0.1826,0.294,3.8179,3.7009,0
2025-04-15,3.98,2.6617,-0.0137,1.0765,0.2388,0.0167,0.5118,1.67,2.31,0.2251,0.1757,0.2745,3.7876,3.6864,0
2025-04-16,3.91,2.6433,-0.0218,1.0493,0.2119,0.0272,0.5382,1.62,2.29,0.1901,0.1406,0.2397,3.7422,3.6444,0
2025-04-17,3.95,2.6557,-0.0222,1.0634,0.232,0.0211,0.4673,1.69,2.26,0.2098,0.1709,0.2488,3.758,3.6701,0
2025-04-21,3.97,2.6785,-0.0264,0.9946,0.3008,0.0225,0.5302,1.72,2.25,0.2744,0.2877,0.2611,3.6598,3.6856,0
2025-04-22,3.98,2.6758,-0.0252,1.0321,0.2804,0.0169,0.4613,1.68,2.3,0.2552,0.2496,0.2608,3.7135,3.6887,0
2025-04-23,4.0,2.6743,-0.0197,1.081,0.2559,0.0084,0.4378,1.67,2.33,0.2362,0.2014,0.2711,3.7902,3.7014,0
2025-04-24,3.91,2.6504,-0.0237,1.0563,0.2257,0.0013,0.3667,1.56,2.35,0.202,0.1637,0.2404,3.7451,3.6601,0
2025-04-25,3.88,2.6399,-0.0276,1.0492,0.2049,0.0135,0.406,1.56,2.32,0.1773,0.1328,0.2219,3.7337,3.6397,0
2025-04-28,3.81,2.6228,-0.0348,1.0263,0.1828,0.0129,0.3791,1.49,2.32,0.148,0.1054,0.1906,3.6917,3.6004,0
2025-04-29,3.77,2.6105,-0.0384,1.0188,0.1628,0.0163,0.398,1.48,2.29,0.1244,0.0769,0.1718,3.6767,3.572,0
2025-04-30,3.72,2.6039,-0.0448,0.9786,0.1697,0.0126,0.3753,1.43,2.29,0.1249,0.0984,0.1515,3.609,3.5505,0
2025-05-01,3.81,2.6276,-0.0409,1.0061,0.203,0.0142,0.3922,1.51,2.3,0.1621,0.1442,0.18,3.6516,3.6031,0
2025-05-02,3.92,2.6508,-0.0326,1.055,0.2263,0.0206,0.4125,1.61,2.31,0.1937,0.1696,0.2177,3.7298,3.6657,0
2025-05-05,3.95,2.6579,-0.0288,1.0466,0.2428,0.0314,0.4064,1.62,2.33,0.214,0.1942,0.2338,3.7243,3.6753,0
2025-05-06,3.9,2.649,-0.0311,1.023,0.2363,0.0228,0.3775,1.56,2.34,0.2052,0.1891,0.2214,3.6881,3.6525,0
2025-05-07,3.87,2.6384,-0.0335,1.0339,0.2072,0.024,0.3732,1.54,2.33,0.1737,0.1415,0.2058,3.7045,3.6371,0
2025-05-08,4.0,2.668,-0.0244,1.0827,0.2489,0.0247,0.368,1.61,2.39,0.2245,0.1975,0.2515,3.7777,3.7071,0
2025-05-09,4.0,2.6681,-0.0219,1.0761,0.2497,0.0279,0.3613,1.61,2.39,0.2278,0.1973,0.2584,3.7748,3.7036,0
2025-05-12,4.09,2.6909,-0.0129,1.1198,0.2729,0.0194,0.4096,1.74,2.35,0.26,0.2216,0.2984,3.8491,3.7581,0
2025-05-13,4.12,2.6999,-0.0086,1.1078,0.2978,0.0231,0.388,1.74,2.38,0.2892,0.2618,0.3166,3.8351,3.7765,0
2025-05-14,4.17,2.7095,-0.004,1.1239,0.3111,0.0295,0.3404,1.73,2.44,0.3071,0.2785,0.3356,3.862,3.8003,0
2025-05-15,4.07,2.6873,-0.0111,1.0827,0.2816,0.0295,0.3387,1.66,2.41,0.2705,0.2408,0.3002,3.7997,3.7507,0
2025-05-16,4.06,2.6825,-0.0126,1.0935,0.2689,0.0278,0.3208,1.64,2.42,0.2563,0.2208,0.2917,3.8114,3.7466,0
2025-05-19,4.07,2.6881,-0.0153,1.0801,0.286,0.0311,0.3206,1.64,2.43,0.2707,0.2517,0.2896,3.7872,3.7566,0
2025-05-20,4.07,2.6942,-0.0178,1.0649,0.3013,0.0274,0.3344,1.65,2.42,0.2835,0.2778,0.2893,3.7649,3.7619,0
2025-05-21,4.15,2.7227,-0.0162,1.0568,0.3575,0.0292,0.3661,1.72,2.43,0.3413,0.3642,0.3184,3.7566,3.8064,0
2025-05-22,4.11,2.7133,-0.0191,1.0544,0.3364,0.0249,0.3503,1.69,2.42,0.3173,0.3319,0.3028,3.7532,3.7918,0
2025-05-23,4.08,2.7057,-0.0213,1.0627,0.3147,0.0182,0.3538,1.68,2.4,0.2934,0.2966,0.2902,3.7652,3.7825,0
2025-05-27,4.04,2.6839,-0.0242,1.0635,0.2761,0.0408,0.3341,1.63,2.41,0.2519,0.2399,0.2639,3.7594,3.7457,0
2025-05-28,4.05,2.6938,-0.0224,1.0757,0.2896,0.0133,0.3468,1.66,2.39,0.2672,0.2581,0.2763,3.7786,3.7673,0
2025-05-29,4.0,2.6787,-0.0263,1.065,0.2655,0.017,0.3385,1.62,2.38,0.2392,0.2245,0.254,3.7585,3.7393,0
2025-05-30,3.96,2.6721,-0.0301,1.0521,0.2594,0.0065,0.3094,1.57,2.39,0.2293,0.2193,0.2393,3.7342,3.7239,0
2025-06-02,4.01,2.687,-0.0282,1.0445,0.2892,0.0174,0.3504,1.63,2.38,0.261,0.2643,0.2578,3.7283,3.7425,0
2025-06-03,4.04,2.6894,-0.026,1.0573,0.2883,0.031,0.3536,1.66,2.38,0.2623,0.2594,0.2651,3.7495,3.7487,0
2025-06-04,3.93,2.6617,-0.0313,1.0389,0.2427,0.018,0.3624,1.61,2.32,0.2114,0.1937,0.2291,3.7183,3.6929,0
2025-06-05,3.99,2.6713,-0.026,1.0751,0.251,0.0185,0.3916,1.68,2.31,0.225,0.2004,0.2496,3.771,3.7179,0
2025-06-06,4.13,2.7035,-0.0149,1.1172,0.2963,0.0279,0.4134,1.78,2.35,0.2814,0.2598,0.3031,3.8424,3.7884,0
2025-06-09,4.09,2.6955,-0.0155,1.103,0.2854,0.0216,0.4027,1.75,2.34,0.2699,0.2454,0.2944,3.823,3.7763,0
2025-06-10,4.08,2.6908,-0.0158,1.1071,0.2747,0.0232,0.4118,1.76,2.32,0.2589,0.2284,0.2894,3.8284,3.7699,0
2025-06-11,4.02,2.6746,-0.0209,1.0825,0.2545,0.0293,0.4165,1.72,2.3,0.2336,0.2036,0.2637,3.7871,3.7345,0
2025-06-12,3.97,2.6579,-0.0239,1.0831,0.2242,0.0286,0.4186,1.69,2.28,0.2003,0.1581,0.2425,3.7832,3.7009,0
2025-06-13,4.02,2.673,-0.0215,1.0817,0.2566,0.0302,0.4084,1.71,2.31,0.2351,0.2091,0.2611,3.7807,3.7297,0
2025-06-16,4.04,2.6837,-0.0216,1.076,0.2756,0.0263,0.402,1.72,2.32,0.254,0.2383,0.2698,3.7754,3.7499,0
2025-06-17,3.99,2.665,-0.024,1.0805,0.2374,0.0311,0.3597,1.64,2.35,0.2134,0.1791,0.2477,3.7798,3.7176,0
2025-06-18,3.98,2.6647,-0.0262,1.0787,0.2376,0.0251,0.3516,1.62,2.36,0.2114,0.1814,0.2415,3.7735,3.7201,0
2025-06-20,3.96,2.6625,-0.0278,1.0603,0.2428,0.0222,0.3335,1.59,2.37,0.215,0.1929,0.2371,3.7449,3.7053,0
2025-06-23,3.91,2.6514,-0.033,1.0328,0.2294,0.0294,0.3501,1.58,2.33,0.1964,0.1764,0.2164,3.7042,3.6719,0
2025-06-24,3.86,2.64,-0.0374,1.0201,0.2129,0.0244,0.356,1.56,2.3,0.1755,0.1543,0.1966,3.6813,3.6449,0
2025-06-25,3.83,2.6376,-0.0395,1.0104,0.2138,0.0077,0.3493,1.55,2.28,0.1743,0.1586,0.1901,3.6637,3.6353,0
2025-06-26,3.79,2.6286,-0.0442,0.989,0.205,0.0116,0.3378,1.5,2.29,0.1608,0.1498,0.1718,3.6286,3.6107,0
2025-06-27,3.83,2.6385,-0.0436,0.9976,0.2201,0.0174,0.3344,1.52,2.31,0.1765,0.1715,0.1815,3.6411,3.6299,0
2025-06-30,3.79,2.6231,-0.0465,1.0083,0.1851,0.02,0.3159,1.48,2.31,0.1386,0.1169,0.1603,3.6531,3.6071,0
2025-07-01,3.84,2.6306,-0.0416,1.0402,0.1891,0.0217,0.3253,1.52,2.32,0.1475,0.1171,0.1778,3.7011,3.6295,0
2025-07-02,3.87,2.6412,-0.0383,1.0293,0.216,0.0218,0.3205,1.53,2.34,0.1777,0.1599,0.1956,3.6884,3.6454,0
2025-07-03,3.94,2.656,-0.034,1.0766,0.2164,0.025,0.3064,1.57,2.37,0.1824,0.149,0.2159,3.7661,3.6928,0
2025-07-07,3.96,2.6668,-0.0325,1.0524,0.251,0.0223,0.2939,1.56,2.4,0.2185,0.2075,0.2296,3.7302,3.7082,0
2025-07-08,3.99,2.6748,-0.031,1.0604,0.2586,0.0272,0.3085,1.6,2.39,0.2276,0.2149,0.2404,3.7479,3.721,0
2025-07-09,3.92,2.654,-0.0342,1.0488,0.2242,0.0273,0.2952,1.54,2.38,0.19,0.1646,0.2153,3.7281,3.6791,0
2025-07-10,3.93,2.6553,-0.0326,1.0594,0.2255,0.0225,0.29,1.54,2.39,0.1929,0.1658,0.2199,3.7417,3.6839,0
2025-07-11,3.99,2.6764,-0.0291,1.047,0.2715,0.0243,0.2793,1.55,2.44,0.2424,0.2372,0.2476,3.7286,3.7154,0
2025-07-14,3.98,2.6768,-0.0302,1.0393,0.2729,0.0211,0.2591,1.53,2.45,0.2427,0.2401,0.2454,3.7188,3.715,0
2025-07-15,4.05,2.6953,-0.0267,1.0563,0.3009,0.0242,0.2604,1.57,2.48,0.2742,0.2793,0.2692,3.7465,3.7542,0
2025-07-16,3.99,2.6843,-0.0313,1.0182,0.2942,0.0246,0.2283,1.5,2.49,0.2629,0.276,0.2498,3.6895,3.7226,0
2025-07-17,4.01,2.6879,-0.031,1.0312,0.2951,0.0268,0.2019,1.48,2.53,0.2641,0.2749,0.2532,3.7083,3.7323,0
2025-07-18,3.96,2.6792,-0.0338,1.0102,0.2842,0.0202,0.2116,1.46,2.5,0.2504,0.2603,0.2405,3.6795,3.7053,0
2025-07-21,3.91,2.663,-0.0375,1.0137,0.2514,0.0194,0.1997,1.42,2.49,0.2139,0.2109,0.2169,3.6797,3.6792,0
2025-07-22,3.88,2.6532,-0.0405,1.0056,0.2382,0.0235,0.208,1.41,2.47,0.1977,0.1946,0.2009,3.6619,3.6619,0
2025-07-23,3.94,2.6676,-0.0368,1.0323,0.2541,0.0227,0.2533,1.5,2.44,0.2173,0.2131,0.2216,3.7042,3.6932,0
2025-07-24,3.98,2.6727,-0.0325,1.0502,0.2606,0.029,0.2188,1.48,2.5,0.2281,0.2208,0.2354,3.7302,3.7119,0
2025-07-25,3.95,2.665,-0.0315,1.0453,0.2469,0.0243,0.219,1.48,2.47,0.2154,0.199,0.2318,3.7267,3.696,0
2025-07-28,3.96,2.6723,-0.0297,1.0454,0.261,0.011,0.2239,1.49,2.47,0.2313,0.2199,0.2427,3.7291,3.7081,0
2025-07-29,3.9,2.6489,-0.0313,1.0451,0.2161,0.0212,0.2013,1.42,2.48,0.1848,0.1503,0.2194,3.7286,3.6626,0
2025-07-30,3.96,2.6615,-0.0277,1.0761,0.2252,0.025,0.213,1.48,2.48,0.1975,0.1579,0.237,3.7771,3.7,0
2025-07-31,3.96,2.66,-0.0271,1.0804,0.2183,0.0284,0.2438,1.5,2.46,0.1912,0.1456,0.2368,3.786,3.6996,0
2025-08-01,3.77,2.6199,-0.0368,0.9759,0.1931,0.0179,0.2687,1.39,2.38,0.1563,0.1265,0.1861,3.6257,3.5738,0
2025-08-04,3.75,2.6138,-0.0391,0.9643,0.1905,0.0205,0.2348,1.34,2.41,0.1514,0.1262,0.1765,3.6032,3.5533,0
2025-08-05,3.77,2.6169,-0.0381,0.9764,0.1901,0.0247,0.2421,1.36,2.41,0.152,0.1229,0.1812,3.6224,3.5628,0
2025-08-06,3.77,2.6205,-0.0389,0.9561,0.2053,0.027,0.2524,1.37,2.4,0.1664,0.1496,0.1831,3.5934,3.5621,0
2025-08-07,3.79,2.6253,-0.0364,0.9744,0.2067,0.0199,0.2423,1.38,2.41,0.1703,0.1474,0.1932,3.6226,3.5738,0
2025-08-08,3.84,2.6356,-0.0328,0.9855,0.2245,0.0272,0.2094,1.38,2.46,0.1917,0.1732,0.2102,3.6396,3.597,0
2025-08-11,3.83,2.6342,-0.0309,0.9851,0.2203,0.0213,0.2059,1.37,2.46,0.1894,0.1644,0.2143,3.6442,3.5912,0
2025-08-12,3.83,2.6395,-0.0314,0.956,0.2419,0.0239,0.2386,1.4,2.43,0.2105,0.2018,0.2193,3.6043,3.5884,0
2025-08-13,3.77,2.6245,-0.0337,0.9384,0.2216,0.0192,0.2307,1.35,2.42,0.1879,0.1731,0.2027,3.5777,3.5488,0
2025-08-14,3.82,2.6381,-0.0322,0.9469,0.2443,0.0229,0.231,1.39,2.43,0.2121,0.2076,0.2166,3.5895,3.5824,0
2025-08-15,3.85,2.6498,-0.0308,0.9386,0.2667,0.0257,0.2569,1.43,2.42,0.2359,0.2411,0.2307,3.5832,3.5988,0
2025-08-18,3.86,2.6527,-0.0314,0.9364,0.2733,0.029,0.2659,1.44,2.42,0.2419,0.2526,0.2312,3.5784,3.6074,0
2025-08-19,3.82,2.6436,-0.0325,0.9299,0.2591,0.0199,0.271,1.43,2.39,0.2266,0.2321,0.2212,3.568,3.5871,0
2025-08-20,3.81,2.6384,-0.0337,0.9267,0.2518,0.0269,0.2679,1.41,2.4,0.2181,0.2222,0.214,3.561,3.5769,0
2025-08-21,3.86,2.6495,-0.031,0.9524,0.2626,0.0265,0.2406,1.42,2.44,0.2316,0.2347,0.2285,3.5988,3.6086,0
2025-08-22,3.76,2.6275,-0.0358,0.9072,0.2412,0.0199,0.1738,1.28,2.48,0.2054,0.2103,0.2005,3.5298,3.549,0
2025-08-25,3.8,2.6364,-0.0333,0.9148,0.2526,0.0295,0.1863,1.31,2.49,0.2193,0.2237,0.2149,3.5468,3.5617,0
2025-08-26,3.75,2.6286,-0.0368,0.8795,0.2522,0.0264,0.1599,1.25,2.5,0.2154,0.2297,0.2012,3.4939,3.5355,0
2025-08-27,3.69,2.6242,-0.0403,0.8593,0.2507,-0.0039,0.1257,1.19,2.5,0.2104,0.2309,0.1899,3.4629,3.5191,0
2025-08-28,3.69,2.6194,-0.0412,0.8694,0.2337,0.0087,0.1461,1.2,2.49,0.1925,0.2018,0.1833,3.4795,3.5118,0
2025-08-29,3.68,2.6217,-0.0421,0.8478,0.2492,0.0034,0.1587,1.21,2.47,0.2071,0.2298,0.1844,3.4468,3.5065,0
2025-09-02,3.74,2.6368,-0.0404,0.8515,0.2759,0.0163,0.1788,1.26,2.48,0.2355,0.2697,0.2013,3.4541,3.5363,0
2025-09-03,3.69,2.6203,-0.0418,0.8469,0.249,0.0156,0.1737,1.23,2.46,0.2072,0.2306,0.1839,3.4438,3.504,0
2025-09-04,3.65,2.6071,-0.0437,0.8342,0.2303,0.0221,0.1748,1.21,2.44,0.1866,0.2047,0.1686,3.4233,3.4755,0
2025-09-05,3.59,2.5879,-0.0423,0.8144,0.21,0.02,0.1792,1.17,2.42,0.1677,0.1761,0.1593,3.3939,3.4176,0
2025-09-08,3.57,2.5774,-0.0407,0.8311,0.1844,0.0178,0.1798,1.16,2.41,0.1437,0.1333,0.154,3.4189,3.4013,0
2025-09-09,3.61,2.5829,-0.0371,0.8436,0.1911,0.0295,0.1809,1.18,2.43,0.154,0.1411,0.1669,3.4394,3.4186,0
2025-09-10,3.59,2.5751,-0.0352,0.8501,0.1756,0.0244,0.1725,1.18,2.41,0.1404,0.1162,0.1645,3.4494,3.4075,0
2025-09-11,3.59,2.5686,-0.0326,0.8565,0.1637,0.0338,0.1717,1.18,2.41,0.1311,0.0967,0.1655,3.4595,3.3961,0
2025-09-12,3.63,2.5813,-0.0288,0.8677,0.1841,0.0258,0.1816,1.21,2.42,0.1553,0.125,0.1855,3.4792,3.4223,0
2025-09-15,3.61,2.5759,-0.0281,0.8595,0.1747,0.028,0.1822,1.2,2.41,0.1466,0.1095,0.1837,3.4725,3.4047,0
2025-09-16,3.59,2.5728,-0.029,0.8499,0.1751,0.0212,0.1732,1.17,2.42,0.1461,0.113,0.1792,3.4558,3.3964,0
2025-09-17,3.62,2.58,-0.0258,0.8669,0.1817,0.0173,0.1751,1.19,2.43,0.1559,0.1182,0.1935,3.4845,3.4091,0
2025-09-18,3.67,2.5942,-0.0231,0.8633,0.2118,0.0238,0.1897,1.23,2.44,0.1887,0.1656,0.2118,3.4806,3.4384,0
2025-09-19,3.68,2.601,-0.0219,0.8602,0.226,0.0147,0.1991,1.25,2.43,0.2041,0.1873,0.2208,3.478,3.4496,0
2025-09-22,3.71,2.6055,-0.0196,0.8611,0.2323,0.0307,0.228,1.29,2.42,0.2127,0.1948,0.2305,3.4844,3.456,0
2025-09-23,3.68,2.5965,-0.0202,0.8607,0.2167,0.0263,0.2103,1.26,2.42,0.1965,0.1719,0.2211,3.4818,3.4415,0
2025-09-24,3.7,2.606,-0.0173,0.8781,0.2282,0.0049,0.2132,1.28,2.42,0.2109,0.1861,0.2358,3.509,3.4631,0
2025-09-25,3.75,2.6128,-0.0137,0.915,0.2246,0.0113,0.2168,1.33,2.42,0.2109,0.1736,0.2482,3.5651,3.4935,0
2025-09-26,3.76,2.6176,-0.0116,0.9056,0.2403,0.0081,0.2302,1.34,2.42,0.2287,0.1992,0.2582,3.5527,3.4979,0
2025-09-29,3.74,2.6065,-0.0121,0.908,0.217,0.0206,0.2367,1.33,2.41,0.2049,0.162,0.2478,3.5574,3.4769,0
2025-09-30,3.74,2.6074,-0.0126,0.8954,0.2265,0.0233,0.2354,1.32,2.42,0.2139,0.1799,0.248,3.5368,3.4728,0
2025-10-01,3.68,2.5974,-0.0164,0.8644,0.2205,0.014,0.2382,1.29,2.39,0.2041,0.1763,0.232,3.4897,3.4408,0
2025-10-02,3.67,2.5926,-0.0179,0.8708,0.2086,0.0159,0.249,1.3,2.37,0.1907,0.1577,0.2236,3.4964,3.4342,0
2025-10-03,3.72,2.6023,-0.0156,0.8875,0.2216,0.0242,0.2639,1.34,2.38,0.206,0.175,0.237,3.5208,3.4565,0
2025-10-06,3.75,2.6145,-0.0128,0.8842,0.246,0.0181,0.2752,1.37,2.38,0.2332,0.2113,0.2551,3.5206,3.4751,0
2025-10-07,3.71,2.6033,-0.0148,0.8734,0.2289,0.0192,0.2521,1.32,2.39,0.2141,0.1876,0.2406,3.5032,3.4542,0
2025-10-08,3.72,2.6046,-0.014,0.8876,0.226,0.0158,0.2407,1.33,2.39,0.212,0.1811,0.243,3.5232,3.4615,0
2025-10-09,3.74,2.6078,-0.0136,0.8926,0.2294,0.0238,0.2528,1.35,2.39,0.2158,0.1854,0.2462,3.5308,3.4703,0
2025-10-10,3.65,2.5829,-0.0187,0.8785,0.1882,0.0191,0.2635,1.3,2.35,0.1695,0.1259,0.213,3.505,3.4199,0
2025-10-14,3.6,2.5732,-0.0235,0.856,0.1807,0.0136,0.2709,1.27,2.33,0.1572,0.1205,0.1939,3.466,3.395,0
2025-10-15,3.63,2.58,-0.0238,0.8626,0.1914,0.0197,0.2941,1.3,2.33,0.1676,0.1371,0.1982,3.4732,3.4116,0
2025-10-16,3.55,2.5604,-0.0292,0.8378,0.1648,0.0163,0.2994,1.26,2.29,0.1356,0.1015,0.1696,3.4322,3.3653,0
2025-10-17,3.59,2.5705,-0.0266,0.8552,0.1771,0.0138,0.3211,1.3,2.29,0.1505,0.1167,0.1844,3.4595,3.3844,0
2025-10-20,3.58,2.5662,-0.0253,0.8536,0.1696,0.0159,0.3249,1.3,2.28,0.1443,0.1039,0.1846,3.4602,3.374,0
2025-10-21,3.56,2.5579,-0.0252,0.856,0.1546,0.0167,0.2959,1.26,2.3,0.1294,0.0812,0.1775,3.462,3.3614,0
2025-10-22,3.56,2.5567,-0.0255,0.8617,0.1501,0.017,0.2752,1.24,2.32,0.1246,0.0739,0.1753,3.4691,3.3615,0
2025-10-23,3.61,2.569,-0.022,0.8718,0.1694,0.0218,0.2789,1.19,2.42,0.1474,0.1006,0.1942,3.4876,3.3865,0
2025-10-24,3.61,2.5713,-0.0205,0.8577,0.1795,0.0219,0.3002,1.21,2.4,0.159,0.1173,0.2008,3.4708,3.3845,0
2025-10-27,3.61,2.5704,-0.017,0.8697,0.1725,0.0144,0.3106,1.24,2.37,0.1555,0.1019,0.2091,3.4937,3.3817,0
2025-10-28,3.6,2.5661,-0.0157,0.8699,0.1661,0.0136,0.3072,1.24,2.36,0.1504,0.0925,0.2084,3.494,3.376,0
2025-10-29,3.7,2.5883,-0.0104,0.9171,0.1843,0.0207,0.3298,1.33,2.37,0.1739,0.1107,0.2371,3.5686,3.44,0
2025-10-30,3.72,2.5958,-0.0091,0.9105,0.2004,0.0223,0.3357,1.34,2.38,0.1913,0.136,0.2467,3.5617,3.4544,0
2025-10-31,3.71,2.5952,-0.0102,0.8977,0.2047,0.0227,0.318,1.31,2.4,0.1945,0.1452,0.2438,3.5422,3.4507,0
2025-11-03,3.72,2.5991,-0.0111,0.8945,0.2134,0.0241,0.3172,1.31,2.41,0.2023,0.1598,0.2447,3.5361,3.4583,0
2025-11-04,3.69,2.5933,-0.0119,0.8831,0.2079,0.0176,0.3246,1.31,2.38,0.196,0.153,0.239,3.5194,3.4395,0
2025-11-05,3.76,2.6124,-0.0083,0.8959,0.2377,0.0223,0.3434,1.37,2.39,0.2294,0.1951,0.2637,3.5427,3.4782,0
2025-11-06,3.69,2.5948,-0.0121,0.8652,0.2174,0.0246,0.3462,1.32,2.37,0.2053,0.1701,0.2406,3.4953,3.4356,0
2025-11-07,3.67,2.5939,-0.014,0.8541,0.2215,0.0146,0.3489,1.31,2.36,0.2075,0.1792,0.2357,3.4762,3.4303,0
2025-11-10,3.72,2.6005,-0.0124,0.8734,0.2271,0.0314,0.3417,1.34,2.38,0.2147,0.1852,0.2441,3.5033,3.4499,0
2025-11-12,3.68,2.5884,-0.0148,0.8693,0.2045,0.0327,0.3393,1.31,2.37,0.1897,0.1518,0.2276,3.4956,3.4293,0
2025-11-13,3.71,2.598,-0.0135,0.8798,0.2179,0.0278,0.342,1.34,2.37,0.2044,0.1703,0.2386,3.5119,3.4496,0
2025-11-14,3.74,2.6075,-0.0122,0.8806,0.2345,0.0296,0.346,1.36,2.38,0.2223,0.1948,0.2498,3.5156,3.4685,0
2025-11-17,3.72,2.6031,-0.0129,0.8806,0.2246,0.0246,0.3506,1.35,2.37,0.2117,0.1791,0.2442,3.5163,3.4612,0
2025-11-18,3.7,2.6,-0.0152,0.8552,0.2304,0.0296,0.352,1.34,2.36,0.2152,0.1931,0.2372,3.4772,3.4456,0
2025-11-19,3.71,2.6029,-0.0162,0.8639,0.2306,0.0288,0.3587,1.35,2.36,0.2144,0.1922,0.2367,3.489,3.4531,0
2025-11-20,3.68,2.5957,-0.0191,0.8508,0.2222,0.0304,0.3699,1.34,2.34,0.2031,0.1824,0.2239,3.4672,3.4361,0
2025-11-21,3.62,2.5843,-0.0224,0.8185,0.2155,0.0241,0.3614,1.3,2.32,0.1931,0.1783,0.2079,3.4176,3.4012,0
2025-11-24,3.61,2.5793,-0.0241,0.8264,0.202,0.0264,0.3739,1.31,2.3,0.1779,0.1566,0.1992,3.427,3.3937,0
2025-11-25,3.55,2.5704,-0.0264,0.8111,0.1912,0.0037,0.3721,1.28,2.27,0.1648,0.1429,0.1867,3.4034,3.3715,0
2025-11-26,3.56,2.5678,-0.0266,0.8281,0.1796,0.0111,0.3495,1.27,2.29,0.153,0.1232,0.1829,3.4257,3.3747,0
2025-11-28,3.59,2.576,-0.0245,0.8307,0.1935,0.0143,0.3608,1.3,2.29,0.169,0.1425,0.1955,3.4332,3.3877,0
2025-12-01,3.67,2.5968,-0.018,0.8314,0.2335,0.0264,0.3874,1.36,2.31,0.2155,0.2003,0.2306,3.4433,3.4172,0
2025-12-02,3.66,2.5959,-0.0169,0.815,0.2376,0.0284,0.3974,1.36,2.3,0.2207,0.2075,0.2339,3.4241,3.4067,0
2025-12-03,3.62,2.5876,-0.0172,0.7986,0.2296,0.0214,0.3878,1.33,2.29,0.2124,0.1973,0.2275,3.4013,3.3823,0
2025-12-04,3.68,2.6017,-0.0122,0.8176,0.2486,0.0243,0.385,1.35,2.33,0.2364,0.2211,0.2517,3.4346,3.4094,0
2025-12-05,3.72,2.6097,-0.0083,0.8223,0.261,0.0353,0.3962,1.38,2.34,0.2527,0.2372,0.2682,3.4475,3.4263,0
2025-12-08,3.75,2.6196,-0.0045,0.8289,0.2777,0.0283,0.4186,1.43,2.32,0.2732,0.2604,0.286,3.4613,3.4453,0
2025-12-09,3.78,2.6223,-0.0007,0.8518,0.2737,0.0329,0.43,1.46,2.32,0.273,0.2494,0.2966,3.4977,3.4584,0
2025-12-10,3.72,2.6129,-0.0028,0.8237,0.2677,0.0185,0.4056,1.4,2.32,0.2649,0.2443,0.2855,3.4572,3.4263,0
2025-12-11,3.72,2.6121,-0.0021,0.798,0.2799,0.0321,0.4138,1.4,2.32,0.2778,0.2671,0.2886,3.4208,3.4114,0
2025-12-12,3.75,2.6268,0.0014,0.78,0.3148,0.027,0.4311,1.43,2.32,0.3162,0.3201,0.3122,3.4028,3.4218,0
2025-12-15,3.73,2.6236,-0.0007,0.7712,0.3112,0.0247,0.4436,1.44,2.29,0.3105,0.317,0.3041,3.3884,3.4156,0
2025-12-16,3.69,2.6142,-0.0041,0.7628,0.2954,0.0217,0.4656,1.44,2.25,0.2913,0.2942,0.2884,3.3741,3.3941,0
2025-12-17,3.7,2.6159,-0.004,0.7641,0.3001,0.0239,0.4631,1.44,2.26,0.2961,0.3022,0.29,3.374,3.3969,0
2025-12-18,3.66,2.6057,-0.006,0.753,0.2859,0.0214,0.4494,1.4,2.26,0.2799,0.2831,0.2767,3.3555,3.3762,0
2025-12-19,3.7,2.6145,-0.005,0.7608,0.3009,0.0288,0.4652,1.43,2.27,0.2959,0.3059,0.2859,3.3653,3.3969,0
2025-12-22,3.71,2.6189,-0.0027,0.7704,0.3043,0.0192,0.4834,1.46,2.25,0.3016,0.3077,0.2954,3.3831,3.4052,0
2025-12-23,3.72,2.6191,0.0014,0.7961,0.2942,0.0092,0.4762,1.48,2.24,0.2956,0.2862,0.305,3.4246,3.413,0
2025-12-24,3.7,2.6125,0.0034,0.802,0.2794,0.0027,0.4645,1.46,2.24,0.2828,0.2616,0.304,3.4357,3.4036,0
2025-12-26,3.68,2.6101,0.0001,0.7673,0.2901,0.0124,0.4774,1.46,2.22,0.2902,0.2858,0.2947,3.3819,3.3916,0
2025-12-29,3.67,2.6045,-0.004,0.7638,0.2818,0.0239,0.477,1.44,2.23,0.2778,0.2763,0.2794,3.3698,3.3834,0
2025-12-30,3.68,2.6071,-0.0053,0.7665,0.2878,0.0239,0.4698,1.43,2.25,0.2825,0.2865,0.2785,3.3696,3.3863,0
2025-12-31,3.73,2.6202,-0.0027,0.7859,0.3026,0.024,0.4793,1.47,2.26,0.2999,0.3035,0.2963,3.4025,3.4102,0
2026-01-02,3.74,2.6255,-0.0021,0.77,0.3212,0.0253,0.4646,1.46,2.28,0.3191,0.3357,0.3026,3.379,3.4169,0
2026-01-05,3.71,2.6185,-0.0034,0.7589,0.3109,0.0251,0.4431,1.42,2.29,0.3075,0.3206,0.2943,3.3643,3.3977,0
2026-01-06,3.72,2.622,-0.0031,0.7601,0.315,0.026,0.4404,1.42,2.3,0.3119,0.3255,0.2983,3.3685,3.4028,0
2026-01-07,3.7,2.6122,-0.0033,0.7685,0.293,0.0296,0.4304,1.4,2.3,0.2897,0.2905,0.2888,3.3798,3.3889,0
2026-01-08,3.74,2.6237,-0.0001,0.7855,0.308,0.0229,0.4388,1.43,2.31,0.3079,0.3093,0.3065,3.4078,3.4109,0
2026-01-09,3.75,2.6212,0.0036,0.8105,0.2925,0.0222,0.4247,1.43,2.32,0.2961,0.28,0.3122,3.4478,3.4179,0
2026-01-12,3.77,2.6234,0.0049,0.8117,0.298,0.032,0.4018,1.41,2.36,0.3029,0.2891,0.3167,3.4489,3.4264,0
2026-01-13,3.75,2.62,0.0036,0.8072,0.2918,0.0274,0.3843,1.38,2.37,0.2954,0.2802,0.3106,3.4424,3.4191,0
2026-01-14,3.72,2.6113,0.0019,0.8049,0.2764,0.0255,0.3799,1.36,2.36,0.2783,0.2577,0.2988,3.4367,3.4044,0
2026-01-15,3.77,2.6191,0.0061,0.8378,0.2788,0.0283,0.3715,1.41,2.36,0.2849,0.255,0.3147,3.4867,3.4279,0
2026-01-16,3.82,2.6346,0.0107,0.8474,0.3058,0.0215,0.3689,1.43,2.39,0.3165,0.2944,0.3387,3.5041,3.4603,0
2026-01-20,3.86,2.6531,0.0118,0.8253,0.3494,0.0205,0.3829,1.46,2.4,0.3612,0.3639,0.3584,3.4756,3.4859,0
2026-01-21,3.83,2.6433,0.0098,0.829,0.3279,0.02,0.3396,1.41,2.42,0.3377,0.3307,0.3447,3.4793,3.4706,0
2026-01-22,3.85,2.6439,0.0117,0.8541,0.3175,0.0228,0.3451,1.43,2.42,0.3292,0.3092,0.3492,3.5179,3.4771,0
2026-01-23,3.84,2.639,0.0119,0.8575,0.3089,0.0227,0.3142,1.38,2.46,0.3208,0.2964,0.3453,3.521,3.4707,0
2026-01-26,3.82,2.6334,0.0116,0.864,0.2945,0.0165,0.3011,1.37,2.45,0.3061,0.2728,0.3394,3.5307,3.4622,0
2026-01-27,3.81,2.6372,0.0108,0.8536,0.3074,0.0011,0.2799,1.34,2.47,0.3182,0.2953,0.3411,3.5137,3.4653,0
2026-01-28,3.83,2.644,0.0107,0.8555,0.3177,0.0021,0.2568,1.33,2.5,0.3284,0.3103,0.3466,3.5177,3.4782,0
2026-01-29,3.8,2.6381,0.007,0.8275,0.3174,0.01,0.2515,1.28,2.52,0.3244,0.3154,0.3333,3.4745,3.4597,0
2026-01-30,3.79,2.6395,0.0049,0.8233,0.3196,0.0027,0.2491,1.26,2.53,0.3245,0.3186,0.3304,3.4687,3.4546,0
2026-02-02,3.83,2.6501,0.0061,0.8245,0.3389,0.0104,0.2774,1.31,2.52,0.345,0.3478,0.3422,3.4718,3.4749,0
2026-02-03,3.83,2.6484,0.0064,0.8277,0.3354,0.012,0.2557,1.3,2.53,0.3418,0.3425,0.3412,3.4755,3.4734,0
2026-02-04,3.83,2.6516,0.0062,0.8373,0.3334,0.0015,0.2711,1.32,2.51,0.3396,0.3358,0.3433,3.4927,3.4805,0
2026-02-05,3.74,2.6292,-0.0002,0.7842,0.3173,0.0095,0.2747,1.26,2.48,0.3171,0.3238,0.3105,3.4068,3.4243,0
2026-02-06,3.76,2.6307,-0.0002,0.7939,0.3182,0.0174,0.2689,1.26,2.5,0.318,0.3247,0.3112,3.4178,3.4301,0
2026-02-09,3.75,2.6289,-0.0007,0.7863,0.3187,0.0168,0.2551,1.25,2.5,0.318,0.3272,0.3088,3.4061,3.4239,0
2026-02-10,3.7,2.6143,-0.0037,0.7845,0.2916,0.0133,0.2607,1.23,2.47,0.2879,0.2869,0.2889,3.3998,3.3983,0
2026-02-11,3.75,2.6234,-0.0005,0.8046,0.3002,0.0223,0.2631,1.26,2.49,0.2997,0.2958,0.3036,3.4319,3.4221,0
2026-02-12,3.67,2.6011,-0.0039,0.7936,0.2617,0.0175,0.2533,1.22,2.45,0.2578,0.2395,0.2761,3.4129,3.3813,0
2026-02-13,3.61,2.5858,-0.01,0.7706,0.2425,0.021,0.2627,1.19,2.42,0.2325,0.2166,0.2485,3.3724,3.3492,0
2026-02-17,3.63,2.5875,-0.0097,0.7897,0.238,0.0245,0.2913,1.24,2.39,0.2283,0.2068,0.2498,3.3987,3.3583,0
2026-02-18,3.66,2.5948,-0.0073,0.7966,0.2512,0.0247,0.2811,1.23,2.43,0.2439,0.2262,0.2617,3.4091,3.3732,0
2026-02-19,3.65,2.5923,-0.0075,0.797,0.2448,0.0233,0.271,1.22,2.43,0.2373,0.2162,0.2585,3.4105,3.3726,0
2026-02-20,3.65,2.5941,-0.0074,0.7932,0.249,0.021,0.2756,1.22,2.43,0.2416,0.2229,0.2604,3.4061,3.3761,0
2026-02-23,3.59,2.5794,-0.0134,0.7708,0.2268,0.0263,0.2787,1.19,2.4,0.2134,0.1939,0.233,3.3698,3.3475,0
2026-02-24,3.61,2.5821,-0.0132,0.7851,0.2269,0.0291,0.2873,1.21,2.4,0.2137,0.192,0.2355,3.389,3.3546,0
2026-02-25,3.61,2.5839,-0.0111,0.7966,0.2281,0.0125,0.2667,1.19,2.42,0.217,0.1921,0.2418,3.4053,3.3615,0
2026-02-26,3.57,2.5743,-0.0132,0.7866,0.2138,0.0086,0.2423,1.14,2.43,0.2006,0.1727,0.2285,3.3888,3.3437,0
2026-02-27,3.51,2.5619,-0.0183,0.7588,0.2003,0.0073,0.248,1.11,2.4,0.182,0.1574,0.2066,3.3454,3.3105,0
2026-03-02,3.62,2.5842,-0.0128,0.7984,0.2273,0.0229,0.2508,1.16,2.46,0.2145,0.1913,0.2377,3.4058,3.3633,0
2026-03-03,3.63,2.5875,-0.0102,0.806,0.2282,0.0184,0.2467,1.17,2.46,0.218,0.1895,0.2466,3.4221,3.3726,0
2026-03-04,3.67,2.5953,-0.0055,0.8274,0.2321,0.0207,0.2652,1.21,2.46,0.2266,0.1889,0.2642,3.4604,3.3918,0
2026-03-05,3.72,2.6055,-0.0,0.8413,0.2491,0.0241,0.2309,1.21,2.51,0.2491,0.2122,0.286,3.4836,3.4146,0
2026-03-06,3.72,2.6095,0.0022,0.8254,0.265,0.0179,0.1889,1.16,2.56,0.2672,0.2384,0.296,3.4637,3.4153,0
2026-03-09,3.71,2.6038,0.001,0.8309,0.2476,0.0267,0.1809,1.15,2.56,0.2486,0.2098,0.2874,3.4735,3.4101,0
2026-03-10,3.73,2.6111,0.0028,0.8345,0.2587,0.0229,0.2217,1.2,2.53,0.2615,0.2246,0.2985,3.4826,3.4215,0
2026-03-11,3.79,2.6277,0.0072,0.8475,0.287,0.0206,0.1742,1.21,2.58,0.2942,0.2654,0.323,3.5039,3.4549,0
2026-03-12,3.88,2.6504,0.0158,0.9088,0.2976,0.0074,0.1929,1.25,2.63,0.3134,0.2651,0.3618,3.6076,3.5122,0
2026-03-13,3.87,2.6527,0.0168,0.8818,0.3126,0.006,0.2142,1.26,2.61,0.3294,0.2922,0.3667,3.5718,3.5114,0
2026-03-16,3.8,2.6334,0.011,0.8644,0.2851,0.0062,0.1827,1.22,2.58,0.2961,0.2568,0.3353,3.537,3.4795,0
2026-03-17,3.79,2.6273,0.0086,0.8659,0.2741,0.0142,0.1739,1.17,2.62,0.2827,0.2414,0.324,3.5345,3.4696,0
2026-03-18,3.87,2.645,0.0146,0.9136,0.2889,0.0079,0.1339,1.21,2.66,0.3035,0.2545,0.3524,3.6075,3.5141,0
2026-03-19,3.88,2.6465,0.0179,0.9472,0.2685,-0.0,0.1664,1.27,2.61,0.2864,0.2125,0.3602,3.6675,3.5291,0
2026-03-20,4.01,2.6869,0.0264,0.9684,0.3331,-0.0048,0.2094,1.38,2.63,0.3595,0.3037,0.4152,3.7111,3.6076,0
2026-03-23,3.95,2.6743,0.0239,0.9423,0.3181,-0.0086,0.2675,1.42,2.53,0.342,0.2852,0.3989,3.6735,3.5795,0
2026-03-24,4.03,2.6875,0.0304,0.9924,0.3223,-0.0026,0.2931,1.48,2.55,0.3527,0.2806,0.4249,3.7521,3.6142,0
2026-03-25,3.96,2.6692,0.0293,0.977,0.2969,-0.0125,0.2892,1.45,2.51,0.3262,0.2454,0.4071,3.7271,3.5782,0
2026-03-26,4.08,2.6973,0.0402,1.0354,0.3286,-0.0214,0.286,1.52,2.56,0.3688,0.2809,0.4566,3.8205,3.6412,0
2026-03-27,4.06,2.6984,0.0378,0.9708,0.3567,-0.0037,0.3184,1.5,2.56,0.3945,0.3351,0.4539,3.7286,3.627,0
2026-03-30,3.97,2.671,0.0296,0.9439,0.32,0.0055,0.2831,1.4,2.57,0.3496,0.2891,0.4101,3.6754,3.5755,0
2026-03-31,3.92,2.6577,0.0245,0.934,0.3001,0.0037,0.2768,1.38,2.54,0.3246,0.2625,0.3867,3.6538,3.5476,0
2026-04-01,3.97,2.669,0.0263,0.9414,0.3206,0.0127,0.2934,1.42,2.55,0.3469,0.2926,0.4012,3.6647,3.5649,0
2026-04-02,3.94,2.6601,0.0248,0.9413,0.3044,0.0094,0.2497,1.37,2.57,0.3292,0.269,0.3894,3.6616,3.5524,0
2026-04-03,3.99,2.6727,0.0283,0.9653,0.3154,0.0084,0.236,1.38,2.61,0.3437,0.2793,0.408,3.7023,3.5809,0
2026-04-06,3.98,2.6696,0.0286,0.9722,0.3073,0.0024,0.2385,1.38,2.6,0.3359,0.2663,0.4054,3.7113,3.5801,0
2026-04-07,3.95,2.6647,0.0267,0.9461,0.3094,0.0031,0.226,1.34,2.61,0.3361,0.2745,0.3977,3.6723,3.5632,0
2026-04-08,3.92,2.6566,0.0233,0.9347,0.2964,0.009,0.2603,1.36,2.56,0.3197,0.2566,0.3828,3.6544,3.5452,0
2026-04-09,3.91,2.6555,0.0228,0.9255,0.3005,0.0056,0.2546,1.35,2.56,0.3233,0.2654,0.3813,3.639,3.5368,0
2026-04-10,3.94,2.662,0.024,0.9339,0.3096,0.0105,0.2392,1.36,2.58,0.3336,0.2775,0.3897,3.652,3.5508,0
2026-04-13,3.92,2.6554,0.0214,0.9274,0.3005,0.0153,0.2048,1.31,2.61,0.3219,0.2669,0.3768,3.6378,3.5431,0
2026-04-14,3.87,2.6431,0.0175,0.9168,0.2803,0.0123,0.2023,1.28,2.59,0.2978,0.2383,0.3572,3.6193,3.518,0
2026-04-15,3.9,2.6502,0.0184,0.9219,0.2936,0.0159,0.2053,1.29,2.61,0.312,0.2585,0.3655,3.6256,3.5304,0
2026-04-16,3.91,2.6589,0.02,0.9134,0.3121,0.0056,0.2204,1.31,2.6,0.3321,0.2862,0.3779,3.6181,3.5379,0
2026-04-17,3.84,2.6423,0.0157,0.8787,0.2931,0.0103,0.2579,1.28,2.56,0.3088,0.2626,0.3549,3.5671,3.4952,0
2026-04-20,3.86,2.6418,0.0143,0.8946,0.2884,0.0208,0.262,1.29,2.57,0.3027,0.2561,0.3494,3.5831,3.5048,0
2026-04-21,3.91,2.6527,0.0182,0.9284,0.2972,0.0136,0.2269,1.31,2.6,0.3154,0.2634,0.3673,3.633,3.5336,0
2026-04-22,3.91,2.6557,0.0208,0.9324,0.3004,0.0008,0.2055,1.3,2.61,0.3212,0.266,0.3763,3.6432,3.5381,0
2026-04-23,3.96,2.6662,0.0246,0.9483,0.3143,0.0066,0.1786,1.38,2.58,0.3389,0.2836,0.3942,3.6698,3.5624,0
2026-04-24,3.92,2.6565,0.0219,0.9204,0.307,0.0142,0.1497,1.31,2.61,0.3289,0.278,0.3799,3.6279,3.539,0
2026-04-27,3.94,2.6668,0.0234,0.9281,0.3229,-0.0012,0.1395,1.32,2.62,0.3463,0.2999,0.3927,3.6413,3.5564,0
2026-04-28,3.97,2.6739,0.0264,0.9509,0.3253,-0.0065,0.1371,1.34,2.63,0.3517,0.298,0.4054,3.6785,3.5748,0
2026-04-29,4.05,2.6921,0.0339,0.986,0.3431,-0.0051,0.1283,1.38,2.67,0.377,0.3153,0.4387,3.7398,3.614,0
2026-04-30,4.02,2.6856,0.0328,0.9523,0.3454,0.0039,0.1245,1.35,2.67,0.3782,0.3244,0.432,3.6917,3.5934,0
2026-05-01,4.02,2.6837,0.0334,0.9634,0.3387,0.0008,0.0902,1.33,2.69,0.3721,0.313,0.4312,3.7061,3.5942,0
2026-05-04,4.08,2.7016,0.0378,0.9896,0.3589,-0.0079,0.0841,1.36,2.72,0.3967,0.3372,0.4562,3.7507,3.6343,0
2026-05-05,4.08,2.6981,0.0383,0.9874,0.3525,0.0037,0.1255,1.41,2.67,0.3908,0.3269,0.4547,3.7494,3.6265,0
2026-05-06,3.99,2.6773,0.0332,0.9603,0.3243,-0.0051,0.1862,1.41,2.58,0.3575,0.2901,0.425,3.705,3.5842,0
2026-05-07,4.04,2.6877,0.037,0.9841,0.3393,-0.0081,0.177,1.43,2.61,0.3763,0.3098,0.4428,3.7384,3.6071,0
2026-05-08,4.02,2.6795,0.0361,0.9787,0.3255,0.0002,0.1596,1.4,2.62,0.3616,0.2898,0.4335,3.7301,3.5933,0
2026-05-11,4.07,2.6924,0.0389,1.0016,0.3417,-0.0047,0.1378,1.4,2.67,0.3806,0.3113,0.45,3.7634,3.6263,0
2026-05-12,4.12,2.7084,0.0429,1.0155,0.3647,-0.0116,0.1184,1.43,2.69,0.4076,0.3417,0.4736,3.7899,3.6568,0
2026-05-13,4.12,2.7092,0.0426,1.0029,0.3691,-0.0037,0.1393,1.42,2.7,0.4117,0.3494,0.4739,3.7743,3.6556,0
2026-05-14,4.13,2.7103,0.0452,1.0204,0.363,-0.0089,0.1641,1.46,2.67,0.4082,0.3352,0.4811,3.8037,3.6587,0
2026-05-15,4.26,2.7474,0.054,1.0416,0.4276,-0.0105,0.1601,1.56,2.7,0.4816,0.4287,0.5345,3.8419,3.7282,0
2026-05-18,4.27,2.7511,0.0556,1.0346,0.4322,-0.0035,0.1798,1.58,2.69,0.4878,0.4337,0.5419,3.8398,3.733,0
2026-05-19,4.32,2.7691,0.0605,1.0463,0.4628,-0.0187,0.205,1.66,2.66,0.5233,0.4771,0.5695,3.8616,3.7657,0
2026-05-20,4.22,2.7414,0.0551,1.0161,0.4198,-0.0124,0.2317,1.63,2.59,0.4749,0.4163,0.5335,3.8161,3.7082,0
2026-05-21,4.25,2.7427,0.0557,1.0449,0.4096,-0.0029,0.2836,1.68,2.57,0.4653,0.3963,0.5343,3.8566,3.7229,0
2026-05-22,4.27,2.7416,0.0592,1.0832,0.3914,-0.0055,0.3056,1.73,2.54,0.4506,0.3609,0.5404,3.9146,3.7341,0
2026-05-26,4.19,2.7193,0.0538,1.0518,0.3678,-0.0027,0.2768,1.66,2.53,0.4216,0.3357,0.5075,3.857,3.6959,0
2026-05-27,4.17,2.7146,0.0522,1.0509,0.3609,-0.0086,0.2709,1.64,2.53,0.4131,0.3264,0.4997,3.8521,3.6856,0
2026-05-28,4.15,2.7075,0.0509,1.0534,0.3471,-0.0089,0.2568,1.61,2.54,0.398,0.3058,0.4902,3.853,3.6739,0
2026-05-29,4.13,2.7047,0.0495,1.0432,0.3444,-0.0119,0.2699,1.61,2.52,0.3939,0.303,0.4849,3.8389,3.6649,0
2026-06-01,4.18,2.7125,0.0513,1.0701,0.3497,-0.0035,0.2648,1.64,2.54,0.401,0.3072,0.4947,3.8763,3.6896,0
2026-06-02,4.17,2.7089,0.0519,1.074,0.3398,-0.0045,0.2853,1.65,2.52,0.3917,0.2904,0.493,3.8842,3.6835,0
2026-06-03,4.21,2.7194,0.0555,1.087,0.3553,-0.0071,0.2877,1.68,2.53,0.4108,0.3109,0.5106,3.9062,3.7042,0
2026-06-04,4.18,2.7136,0.0535,1.0684,0.3504,-0.0059,0.3297,1.7,2.48,0.4039,0.3065,0.5012,3.8793,3.6909,0
2026-06-05,4.29,2.7372,0.0609,1.1266,0.3679,-0.0026,0.3744,1.81,2.48,0.4288,0.3198,0.5377,3.9728,3.7488,0
2026-06-08,4.29,2.7378,0.0611,1.1186,0.3731,-0.0006,0.3859,1.82,2.47,0.4342,0.3306,0.5378,3.96,3.7554,0
2026-06-09,4.26,2.7296,0.0594,1.1082,0.3628,-0.0,0.3973,1.82,2.44,0.4222,0.3176,0.5269,3.9425,3.7381,0
2026-06-10,4.27,2.7335,0.0595,1.106,0.3718,-0.0008,0.4048,1.83,2.44,0.4313,0.3321,0.5306,3.9387,3.7439,0
2026-06-11,4.18,2.707,0.0533,1.0838,0.3303,0.0056,0.4075,1.78,2.4,0.3836,0.2741,0.4931,3.9002,3.6924,0
2026-06-12,4.21,2.7145,0.055,1.0982,0.3417,0.0006,0.4009,1.82,2.39,0.3967,0.29,0.5035,3.9195,3.7079,0
2026-06-15,4.18,2.7084,0.0531,1.0864,0.3354,-0.0033,0.3828,1.78,2.4,0.3885,0.2832,0.4938,3.9001,3.6955,0
2026-06-16,4.16,2.6979,0.0509,1.0892,0.3117,0.0104,0.396,1.8,2.36,0.3626,0.2462,0.479,3.9035,3.6778,0
2026-06-17,4.27,2.7199,0.0565,1.185,0.3047,0.0039,0.4609,1.96,2.31,0.3612,0.2165,0.5059,4.0497,3.7578,0
2026-06-18,4.23,2.7061,0.0555,1.1811,0.2855,0.0018,0.4483,1.96,2.27,0.341,0.1914,0.4906,4.0368,3.7411,0
2026-06-22,4.29,2.7209,0.0568,1.2088,0.2996,0.0039,0.4853,2.01,2.28,0.3564,0.2087,0.504,4.0774,3.7856,0
2026-06-23,4.27,2.7165,0.0551,1.1892,0.3016,0.0076,0.5141,2.03,2.24,0.3567,0.2167,0.4967,4.0457,3.7718,0
2026-06-24,4.17,2.6904,0.0496,1.1775,0.257,-0.0045,0.5105,1.98,2.19,0.3066,0.152,0.4612,4.0224,3.7219,0
2026-06-25,4.15,2.6834,0.0468,1.1656,0.2521,0.0021,0.4734,1.92,2.23,0.2989,0.1496,0.4482,3.9983,3.709,0
2026-06-26,4.12,2.6785,0.0433,1.1451,0.2501,0.003,0.4743,1.91,2.21,0.2934,0.1506,0.4362,3.9663,3.6931,0
2026-06-29,4.14,2.6787,0.0414,1.1626,0.2435,0.0138,0.4527,1.9,2.24,0.2849,0.14,0.4299,3.9862,3.7045,0
2026-06-30,4.19,2.6951,0.0431,1.1713,0.2707,0.0099,0.4517,1.93,2.26,0.3138,0.1797,0.4478,4.0004,3.7364,0
2026-07-01,4.24,2.7097,0.0464,1.1772,0.2929,0.0139,0.4721,1.98,2.26,0.3393,0.2094,0.4691,4.0167,3.7592,0
2026-07-02,4.23,2.7123,0.0467,1.1493,0.3091,0.0126,0.4881,1.99,2.24,0.3558,0.2377,0.4739,3.9797,3.7508,0
2026-07-06,4.21,2.7075,0.0442,1.1367,0.3068,0.0147,0.4597,1.94,2.27,0.351,0.2384,0.4637,3.9569,3.7408,0
2026-07-07,4.27,2.727,0.0478,1.1588,0.331,0.0054,0.4735,1.99,2.28,0.3788,0.2687,0.4888,3.9959,3.7789,0
2026-07-08,4.31,2.7348,0.0501,1.1646,0.3422,0.0184,0.4666,2.0,2.31,0.3923,0.2832,0.5013,4.0084,3.7936,0
2026-07-09,4.27,2.7286,0.0494,1.1381,0.3402,0.0137,0.4834,1.99,2.28,0.3896,0.2829,0.4962,3.9733,3.7688,0
2026-07-10,4.3,2.7355,0.0509,1.1625,0.3429,0.0082,0.4747,2.02,2.28,0.3938,0.2835,0.5041,4.0084,3.7928,0
2026-07-13,4.37,2.7501,0.054,1.1939,0.3558,0.0162,0.4746,2.06,2.31,0.4098,0.2974,0.5222,4.0564,3.834,0
2026-07-14,4.31,2.7393,0.0529,1.1465,0.3592,0.0121,0.4775,2.03,2.28,0.4121,0.3104,0.5138,3.9875,3.7907,0
2026-07-15,4.26,2.7294,0.0493,1.1122,0.3547,0.0144,0.4945,2.01,2.25,0.404,0.3099,0.4981,3.9357,3.7591,0
2026-07-16,4.28,2.7357,0.0497,1.1238,0.3602,0.0106,0.5128,2.04,2.24,0.4099,0.3155,0.5043,3.954,3.7719,0
2026-07-17,4.28,2.7314,0.0505,1.1426,0.3447,0.0108,0.4843,2.01,2.27,0.3952,0.2888,0.5016,3.9805,3.7715,0
2026-07-20,4.33,2.7436,0.0511,1.156,0.3619,0.0174,0.4873,2.05,2.28,0.413,0.3143,0.5116,3.9982,3.8065,0
2026-07-21,4.37,2.7547,0.0538,1.1823,0.3704,0.0088,0.4846,2.09,2.28,0.4242,0.3218,0.5265,4.0393,3.8361,0
2026-07-22,4.41,2.7653,0.0566,1.2025,0.3798,0.0058,0.4795,2.11,2.3,0.4364,0.3314,0.5414,4.0728,3.8626,0
2026-07-23,4.46,2.7774,0.0587,1.224,0.3905,0.0094,0.5041,2.17,2.29,0.4492,0.3433,0.5551,4.1074,3.898,0
2026-07-24,4.43,2.7699,0.057,1.2127,0.3797,0.0107,0.5317,2.19,2.24,0.4367,0.3287,0.5448,4.0907,3.8826,0
2026-07-27,4.4,2.7609,0.0537,1.222,0.3588,0.0045,0.5729,2.22,2.18,0.4125,0.298,0.5271,4.0975,3.8775,0
2026-07-28,4.35,2.7475,0.0519,1.2012,0.3467,0.0027,0.5806,2.19,2.16,0.3986,0.2845,0.5128,4.0629,3.8418,0
2026-07-29,4.37,2.7612,0.0548,1.148,0.4004,0.0057,0.5329,2.13,2.24,0.4552,0.3739,0.5364,3.9904,3.8336,0
2026-07-30,4.38,2.7674,0.0551,1.1431,0.4098,0.0046,0.531,2.14,2.24,0.4649,0.3864,0.5434,3.989,3.8395,0
2026-07-31,4.45,2.7872,0.0591,1.1533,0.44,0.0105,0.5405,2.19,2.26,0.4991,0.4276,0.5705,4.0119,3.8735,0
2026-08-03,4.4,2.7731,0.0548,1.1515,0.4129,0.0077,0.5378,2.17,2.23,0.4677,0.3891,0.5462,4.0032,3.8581,0
2026-08-04,4.33,2.7545,0.05,1.1288,0.389,0.0077,0.5577,2.14,2.19,0.439,0.3586,0.5195,3.9638,3.8166,0
2026-08-05,4.33,2.7534,0.0492,1.1266,0.3905,0.0104,0.571,2.15,2.18,0.4397,0.3622,0.5171,3.9574,3.811,0
2026-08-06,4.4,2.7687,0.0541,1.156,0.4077,0.0135,0.5527,2.17,2.23,0.4618,0.3821,0.5415,4.0043,3.8448,0
2026-08-07,4.35,2.7587,0.0522,1.1212,0.4033,0.0147,0.5393,2.13,2.22,0.4555,0.3813,0.5297,3.9541,3.8155,0
2026-08-10,4.41,2.7762,0.0543,1.1419,0.428,0.0096,0.5307,2.16,2.25,0.4823,0.4158,0.5487,3.9846,3.8559,0
2026-08-11,4.39,2.7731,0.0529,1.1307,0.4252,0.0081,0.5385,2.16,2.23,0.4781,0.413,0.5432,3.9689,3.8467,0
2026-08-12,4.38,2.7695,0.0523,1.1144,0.4263,0.0175,0.5363,2.14,2.24,0.4786,0.4173,0.5399,3.9452,3.8304,0
2026-08-13,4.32,2.7556,0.0488,1.0906,0.4106,0.0144,0.5377,2.11,2.21,0.4594,0.3983,0.5206,3.9073,3.7963,0
2026-08-14,4.36,2.7688,0.0504,1.096,0.4368,0.008,0.5244,2.12,2.24,0.4872,0.4386,0.5358,3.9134,3.8205,0
2026-08-17,4.38,2.7779,0.0504,1.085,0.4549,0.0117,0.5302,2.13,2.25,0.5053,0.4666,0.5441,3.9017,3.8324,0
2026-08-18,4.37,2.7744,0.0509,1.0917,0.4461,0.0068,0.5063,2.1,2.27,0.497,0.4515,0.5425,3.9116,3.8252,0
2026-08-19,4.35,2.7587,0.0519,1.1202,0.4054,0.0139,0.4789,2.07,2.28,0.4573,0.3842,0.5304,3.952,3.8055,0
2026-08-20,4.39,2.7681,0.0547,1.1197,0.4279,0.0195,0.4508,2.05,2.34,0.4826,0.4199,0.5454,3.9506,3.8237,0
2026-08-21,4.43,2.7819,0.0579,1.1324,0.4435,0.0143,0.4679,2.09,2.34,0.5014,0.4381,0.5648,3.9777,3.8512,0
2026-08-24,4.41,2.774,0.0583,1.1474,0.4209,0.0094,0.4647,2.09,2.32,0.4792,0.4004,0.558,4.0002,3.8441,0
2026-08-25,4.35,2.7548,0.0551,1.1351,0.391,0.0141,0.4511,2.04,2.31,0.4461,0.3583,0.5338,3.9776,3.8091,0
2026-08-26,4.37,2.7617,0.0578,1.1468,0.4004,0.0033,0.4546,2.06,2.31,0.4582,0.3699,0.5465,3.9968,3.8213,0
2026-08-27,4.38,2.7656,0.0597,1.1497,0.406,-0.0011,0.4547,2.07,2.31,0.4657,0.377,0.5545,4.0041,3.8287,0
2026-08-28,4.48,2.7843,0.0656,1.219,0.4045,0.0066,0.4948,2.18,2.3,0.4701,0.3589,0.5813,4.1145,3.8895,0
2026-08-31,4.49,2.7872,0.0646,1.212,0.4171,0.0091,0.4913,2.18,2.31,0.4817,0.3839,0.5796,4.0971,3.9061,0
2026-09-01,4.55,2.8001,0.0687,1.2353,0.433,0.0129,0.4627,2.18,2.37,0.5017,0.4036,0.5997,4.1335,3.9374,1
2026-09-02,4.54,2.7985,0.0699,1.2554,0.4203,-0.0041,0.4629,2.19,2.35,0.4902,0.3796,0.6007,4.1645,3.9391,1
2026-09-03,4.52,2.7907,0.0641,1.1843,0.4378,0.0431,0.4756,2.15,2.37,0.502,0.4216,0.5823,4.0553,3.906,1
2026-09-04,4.54,2.7941,0.0699,1.2616,0.4094,0.005,0.4486,2.17,2.37,0.4793,0.3619,0.5967,4.1731,3.9342,1
2026-09-08,4.57,2.8013,0.0679,1.2069,0.4487,0.0452,0.4664,2.17,2.4,0.5166,0.4333,0.5998,4.0914,3.9322,1
2026-09-09,4.61,2.8057,0.0715,1.2495,0.4377,0.0456,0.4632,2.2,2.41,0.5092,0.4077,0.6106,4.1567,3.9543,1
2026-09-10,4.75,2.8378,0.0805,1.3002,0.4774,0.0541,0.4691,2.29,2.46,0.5579,0.4576,0.6582,4.2383,4.0286,1
2026-09-11,4.78,2.8417,0.0836,1.3405,0.4644,0.0497,0.5165,2.38,2.4,0.5481,0.4284,0.6677,4.3018,4.0476,1
2026-09-14,4.8,2.8444,0.0855,1.3596,0.4607,0.0498,0.5194,2.4,2.4,0.5462,0.4187,0.6738,4.3316,4.0585,1
2026-09-15,4.83,2.8516,0.0873,1.3659,0.4718,0.0533,0.523,2.42,2.41,0.5592,0.4341,0.6843,4.3426,4.0733,1
2026-09-16,4.86,2.8563,0.0907,1.4072,0.4601,0.0457,0.5689,2.51,2.35,0.5508,0.4065,0.695,4.4077,4.0937,1
2026-09-17,4.78,2.8346,0.0862,1.3935,0.4238,0.0418,0.5629,2.46,2.32,0.51,0.354,0.6659,4.3841,4.0503,1
2026-09-18,4.86,2.855,0.0917,1.4228,0.4491,0.0413,0.5948,2.55,2.31,0.5408,0.3857,0.6959,4.433,4.0952,1
2026-09-21,4.83,2.8416,0.0901,1.4302,0.4204,0.0476,0.5673,2.5,2.33,0.5105,0.3411,0.6799,4.4412,4.0752,1
2026-09-22,4.83,2.8411,0.0904,1.4344,0.4171,0.047,0.5739,2.51,2.32,0.5075,0.3349,0.6801,4.448,4.0751,1
2026-09-23,4.99,2.8835,0.1016,1.4923,0.4725,0.04,0.6039,2.65,2.34,0.5741,0.4062,0.742,4.5437,4.1676,1
2026-09-24,5.03,2.8998,0.1038,1.4789,0.5096,0.038,0.6305,2.7,2.33,0.6133,0.4645,0.7622,4.5275,4.1904,1
2026-09-25,4.98,2.8914,0.1002,1.4401,0.5117,0.0366,0.6123,2.64,2.34,0.6119,0.4758,0.7479,4.4676,4.1622,1
2026-09-28,5.06,2.9099,0.1056,1.4742,0.531,0.0393,0.6441,2.73,2.33,0.6366,0.4974,0.7758,4.5233,4.2056,1
2026-09-29,5.06,2.9144,0.1049,1.4458,0.5532,0.0418,0.6446,2.72,2.34,0.658,0.5367,0.7793,4.4815,4.2038,1
2026-09-30,5.09,2.9234,0.1061,1.4366,0.575,0.049,0.6457,2.73,2.36,0.6811,0.5717,0.7904,4.4693,4.2168,1
2026-10-01,5.01,2.9097,0.1009,1.3871,0.5716,0.0406,0.6236,2.65,2.36,0.6726,0.5769,0.7683,4.3925,4.1748,1
2026-10-02,5.06,2.922,0.1045,1.4063,0.5867,0.0406,0.6305,2.69,2.37,0.6912,0.5955,0.7868,4.4239,4.2025,1
2026-10-05,5.06,2.9222,0.1046,1.4058,0.5869,0.0406,0.6385,2.7,2.36,0.6915,0.5955,0.7875,4.4239,4.2021,1
