date,y_mkt,einfl,irp,ereal,rtp,resid,liq,tips,bei,tp,tp_a,tp_b,provisional
2000-01-03,6.58,3.2376,0.2139,1.9123,1.4497,-0.2334,0.9645,,,1.6636,1.7962,1.531,0
2000-01-04,6.49,3.2217,0.2092,1.8713,1.4325,-0.2447,1.0408,,,1.6417,1.7789,1.5045,0
2000-01-05,6.62,3.2414,0.2171,1.9095,1.4789,-0.2269,0.9597,,,1.696,1.847,1.5451,0
2000-01-06,6.57,3.2307,0.215,1.891,1.437,-0.2038,1.0328,,,1.652,1.7732,1.5309,0
2000-01-07,6.52,3.2191,0.2119,1.8813,1.4195,-0.2118,1.0517,,,1.6314,1.7505,1.5124,0
2000-01-10,6.57,3.2252,0.2148,1.9074,1.4165,-0.1939,1.0269,,,1.6313,1.7362,1.5263,0
2000-01-11,6.67,3.2434,0.2215,1.9327,1.4547,-0.1823,0.9912,,,1.6762,1.7909,1.5615,0
2000-01-12,6.72,3.2511,0.2239,1.9524,1.4665,-0.1739,0.943,,,1.6904,1.8063,1.5745,0
2000-01-13,6.63,3.2311,0.2176,1.9252,1.4096,-0.1535,1.0089,,,1.6272,1.7149,1.5394,0
2000-01-14,6.69,3.2356,0.2189,1.9523,1.4069,-0.1237,0.9941,,,1.6258,1.7051,1.5465,0
2000-01-18,6.75,3.246,0.2233,1.9739,1.4183,-0.1115,0.982,,,1.6416,1.7147,1.5685,0
2000-01-19,6.73,3.2386,0.2179,1.9769,1.395,-0.0985,0.9921,,,1.6129,1.6823,1.5436,0
2000-01-20,6.79,3.2455,0.2181,2.0002,1.4046,-0.0783,0.9888,,,1.6227,1.6974,1.548,0
2000-01-21,6.79,3.2426,0.2173,2.003,1.3925,-0.0655,0.9724,,,1.6098,1.6765,1.5432,0
2000-01-24,6.69,3.2266,0.2113,1.9783,1.3546,-0.0808,1.0036,,,1.5659,1.6204,1.5113,0
2000-01-25,6.7,3.2259,0.2119,1.981,1.3664,-0.0852,0.9835,,,1.5783,1.6434,1.5133,0
2000-01-26,6.69,3.2184,0.2095,2.0043,1.3104,-0.0526,0.9773,,,1.5199,1.5406,1.4992,0
2000-01-27,6.68,3.2104,0.207,2.0426,1.2462,-0.0262,0.9734,,,1.4532,1.4229,1.4836,0
2000-01-28,6.66,3.196,0.2005,2.0835,1.1732,0.0067,0.9661,,,1.3737,1.2987,1.4488,0
2000-01-31,6.68,3.202,0.2011,2.1026,1.1965,-0.0223,0.9255,,,1.3976,1.3416,1.4537,0
2000-02-01,6.62,3.1953,0.1973,2.103,1.1798,-0.0554,0.9315,,,1.3771,1.3191,1.4352,0
2000-02-02,6.6,3.189,0.1952,2.1225,1.1495,-0.0562,0.9134,,,1.3447,1.2663,1.4231,0
2000-02-03,6.49,3.1705,0.1907,2.0816,1.1296,-0.0824,0.9522,,,1.3203,1.2445,1.3961,0
2000-02-04,6.53,3.1739,0.1905,2.1263,1.1026,-0.0633,0.9152,,,1.2931,1.1902,1.3959,0
2000-02-07,6.64,3.1958,0.1984,2.1652,1.1336,-0.053,0.8983,,,1.332,1.226,1.438,0
2000-02-08,6.59,3.178,0.1904,2.1775,1.0551,-0.011,0.945,,,1.2455,1.0946,1.3964,0
2000-02-09,6.56,3.1918,0.1958,2.1686,1.1367,-0.1329,0.9289,,,1.3325,1.2394,1.4255,0
2000-02-10,6.67,3.2106,0.203,2.1644,1.2011,-0.1092,0.899,,,1.4041,1.3441,1.4642,0
2000-02-11,6.63,3.205,0.2011,2.1445,1.1851,-0.1057,0.9275,,,1.3862,1.3182,1.4543,0
2000-02-14,6.56,3.1864,0.1939,2.131,1.1343,-0.0857,0.9648,,,1.3282,1.2402,1.4162,0
2000-02-15,6.56,3.1909,0.1945,2.1462,1.1451,-0.1167,0.9435,,,1.3396,1.2584,1.4208,0
2000-02-16,6.56,3.1946,0.1958,2.1431,1.161,-0.1345,0.9323,,,1.3568,1.2854,1.4283,0
2000-02-17,6.58,3.1945,0.1951,2.1773,1.1209,-0.1077,0.9273,,,1.316,1.2068,1.4251,0
2000-02-18,6.49,3.1738,0.1878,2.1627,1.0692,-0.1035,0.9584,,,1.257,1.1289,1.3852,0
2000-02-22,6.36,3.1489,0.1788,2.1328,1.0241,-0.1247,1.0063,,,1.2029,1.0686,1.3372,0
2000-02-23,6.44,3.1622,0.1828,2.1737,1.0367,-0.1154,0.9627,,,1.2195,1.0795,1.3595,0
2000-02-24,6.36,3.1531,0.1794,2.1332,1.0424,-0.1481,0.9955,,,1.2218,1.1013,1.3423,0
2000-02-25,6.36,3.1597,0.1822,2.0936,1.1054,-0.1808,1.0068,,,1.2876,1.2169,1.3582,0
2000-02-28,6.37,3.1629,0.1825,2.1045,1.0921,-0.172,1.0012,,,1.2746,1.1878,1.3613,0
2000-02-29,6.42,3.1669,0.1836,2.1391,1.0665,-0.1362,0.9865,,,1.2501,1.1334,1.3668,0
2000-03-01,6.39,3.1641,0.1828,2.1155,1.0838,-0.1562,0.9965,,,1.2666,1.1709,1.3623,0
2000-03-02,6.4,3.1594,0.1813,2.1344,1.0479,-0.1231,0.9965,,,1.2292,1.1051,1.3534,0
2000-03-03,6.39,3.1525,0.1791,2.1475,1.0191,-0.1082,0.9857,,,1.1982,1.0561,1.3403,0
2000-03-06,6.42,3.1589,0.1809,2.1574,1.0404,-0.1176,0.9455,,,1.2213,1.0918,1.3508,0
2000-03-07,6.39,3.1592,0.1799,2.1338,1.068,-0.1509,0.9547,,,1.2479,1.1479,1.3479,0
2000-03-08,6.38,3.1625,0.18,2.1272,1.0804,-0.1701,0.9437,,,1.2604,1.1701,1.3507,0
2000-03-09,6.35,3.1597,0.1793,2.1094,1.0776,-0.176,0.9538,,,1.2569,1.1667,1.347,0
2000-03-10,6.39,3.1684,0.1812,2.1312,1.087,-0.1778,0.9205,,,1.2682,1.1776,1.3589,0
2000-03-13,6.36,3.1646,0.1791,2.1171,1.0864,-0.1872,0.9332,,,1.2655,1.1819,1.3492,0
2000-03-14,6.31,3.1522,0.1741,2.1063,1.0564,-0.179,0.9524,,,1.2305,1.1375,1.3235,0
2000-03-15,6.29,3.142,0.1704,2.1162,1.0172,-0.1558,0.9418,,,1.1876,1.0723,1.3029,0
2000-03-16,6.26,3.1353,0.1681,2.1077,1.0009,-0.152,0.9628,,,1.169,1.0475,1.2904,0
2000-03-17,6.2,3.123,0.163,2.108,0.9593,-0.1533,0.9858,,,1.1223,0.981,1.2637,0
2000-03-20,6.18,3.1193,0.161,2.1206,0.9432,-0.1641,0.9839,,,1.1042,0.9547,1.2536,0
2000-03-21,6.13,3.1092,0.1577,2.1189,0.9069,-0.1627,0.9938,,,1.0646,0.8941,1.2352,0
2000-03-22,6.13,3.1087,0.1582,2.1151,0.9215,-0.1735,0.9661,,,1.0797,0.9227,1.2367,0
2000-03-23,6.08,3.1002,0.1548,2.1129,0.8912,-0.1791,0.9806,,,1.046,0.873,1.219,0
2000-03-24,6.2,3.1187,0.1605,2.1657,0.912,-0.157,0.8916,,,1.0725,0.8953,1.2498,0
2000-03-27,6.21,3.1203,0.1612,2.1647,0.9066,-0.1428,0.8933,,,1.0678,0.8824,1.2532,0
2000-03-28,6.17,3.1148,0.1596,2.1402,0.9175,-0.1621,0.9119,,,1.0771,0.9099,1.2444,0
2000-03-29,6.18,3.1157,0.1596,2.1362,0.9265,-0.158,0.8985,,,1.0861,0.9273,1.245,0
2000-03-30,6.06,3.0929,0.1517,2.1006,0.8793,-0.1645,0.9423,,,1.031,0.8595,1.2024,0
2000-03-31,6.03,3.081,0.1469,2.1108,0.8426,-0.1513,0.9332,,,0.9895,0.8017,1.1773,0
2000-04-03,6.0,3.077,0.1454,2.0962,0.8462,-0.1648,0.9357,,,0.9916,0.8134,1.1698,0
2000-04-04,5.9,3.0598,0.1396,2.0346,0.8518,-0.1858,0.9975,,,0.9914,0.8437,1.1392,0
2000-04-05,5.9,3.0611,0.1391,2.0452,0.8439,-0.1892,0.9882,,,0.983,0.8275,1.1385,0
2000-04-06,5.93,3.0634,0.1405,2.0668,0.8209,-0.1616,0.9841,,,0.9614,0.7784,1.1445,0
2000-04-07,5.86,3.0489,0.1354,2.0681,0.7766,-0.169,1.0191,,,0.912,0.7076,1.1165,0
2000-04-10,5.8,3.0424,0.133,2.0365,0.8078,-0.2197,1.0353,,,0.9408,0.777,1.1045,0
2000-04-11,5.89,3.0637,0.14,2.0577,0.8608,-0.2322,0.9922,,,1.0008,0.8584,1.1432,0
2000-04-12,5.97,3.0832,0.1483,2.0741,0.899,-0.2346,0.9503,,,1.0473,0.9087,1.1859,0
2000-04-13,5.94,3.0769,0.1467,2.0561,0.8785,-0.2182,0.9885,,,1.0252,0.8743,1.1761,0
2000-04-14,5.85,3.0626,0.1421,2.0133,0.8765,-0.2444,1.0256,,,1.0186,0.8853,1.1519,0
2000-04-17,6.01,3.0944,0.1539,2.049,0.9617,-0.249,0.9298,,,1.1156,1.0162,1.2149,0
2000-04-18,6.05,3.101,0.1569,2.0465,0.962,-0.2163,0.9181,,,1.1189,1.0077,1.23,0
2000-04-19,5.99,3.0829,0.1505,2.0454,0.8949,-0.1837,0.9468,,,1.0454,0.896,1.1948,0
2000-04-20,5.99,3.0782,0.1494,2.0515,0.8835,-0.1726,0.9508,,,1.0329,0.878,1.1877,0
2000-04-24,6.0,3.082,0.1509,2.037,0.9195,-0.1893,0.9465,,,1.0704,0.9449,1.1958,0
2000-04-25,6.14,3.104,0.1588,2.1026,0.925,-0.1504,0.8807,,,1.0838,0.9307,1.2369,0
2000-04-26,6.14,3.1057,0.1599,2.1024,0.927,-0.1549,0.8788,,,1.0869,0.9322,1.2416,0
2000-04-27,6.23,3.1188,0.1646,2.154,0.9222,-0.1296,0.8265,,,1.0868,0.908,1.2655,0
2000-04-28,6.23,3.1137,0.1617,2.1843,0.8749,-0.1047,0.823,,,1.0366,0.823,1.2503,0
2000-05-01,6.29,3.1171,0.1623,2.2092,0.8805,-0.0791,0.8004,,,1.0428,0.8319,1.2537,0
2000-05-02,6.32,3.1279,0.164,2.209,0.9288,-0.1098,0.7697,,,1.0928,0.9188,1.2668,0
2000-05-03,6.4,3.15,0.1712,2.2147,0.9932,-0.1291,0.7332,,,1.1644,1.0212,1.3076,0
2000-05-04,6.46,3.1699,0.1786,2.1983,1.0569,-0.1437,0.723,,,1.2355,1.1234,1.3476,0
2000-05-05,6.51,3.1815,0.1807,2.2245,1.0502,-0.1269,0.7482,,,1.2309,1.0998,1.362,0
2000-05-08,6.57,3.1954,0.1823,2.2462,1.0833,-0.1372,0.7449,,,1.2656,1.1552,1.376,0
2000-05-09,6.53,3.1878,0.1787,2.2374,1.0579,-0.1318,0.7952,,,1.2366,1.1149,1.3583,0
2000-05-10,6.47,3.1704,0.1719,2.2267,1.0183,-0.1173,0.8308,,,1.1902,1.0578,1.3226,0
2000-05-11,6.43,3.1642,0.1688,2.2242,1.0036,-0.1308,0.8655,,,1.1724,1.0376,1.3073,0
2000-05-12,6.51,3.1823,0.1728,2.268,1.0342,-0.1473,0.8477,,,1.207,1.0815,1.3325,0
2000-05-15,6.47,3.172,0.1685,2.2617,1.0013,-0.1335,0.8735,,,1.1698,1.0297,1.31,0
2000-05-16,6.43,3.1618,0.1645,2.2709,0.9641,-0.1313,0.8705,,,1.1286,0.9684,1.2888,0
2000-05-17,6.48,3.1734,0.1713,2.266,1.0125,-0.1432,0.8548,,,1.1838,1.0464,1.3213,0
2000-05-18,6.56,3.1952,0.1812,2.2716,1.0714,-0.1593,0.8502,,,1.2526,1.1336,1.3715,0
2000-05-19,6.51,3.1869,0.1786,2.2429,1.0653,-0.1637,0.8822,,,1.2439,1.1306,1.3573,0
2000-05-22,6.44,3.1714,0.1728,2.2239,1.036,-0.1641,0.9033,,,1.2088,1.0911,1.3265,0
2000-05-23,6.45,3.1704,0.1712,2.2339,1.0265,-0.1519,0.902,,,1.1977,1.0752,1.3201,0
2000-05-24,6.47,3.1761,0.1737,2.2444,1.0403,-0.1645,0.8639,,,1.214,1.0953,1.3327,0
2000-05-25,6.39,3.157,0.1681,2.2256,0.9808,-0.1415,0.9009,,,1.1489,0.9974,1.3004,0
2000-05-26,6.33,3.1416,0.1627,2.2001,0.962,-0.1364,0.9418,,,1.1247,0.9782,1.2713,0
2000-05-30,6.38,3.1505,0.165,2.2229,0.9808,-0.1392,0.9164,,,1.1458,1.0071,1.2846,0
2000-05-31,6.29,3.1315,0.1592,2.1947,0.9411,-0.1364,0.946,,,1.1003,0.9484,1.2521,0
2000-06-01,6.2,3.1125,0.1543,2.1681,0.9076,-0.1424,0.9673,,,1.0619,0.9007,1.223,0
2000-06-02,6.15,3.1033,0.1514,2.1393,0.9067,-0.1507,0.9774,,,1.0581,0.9087,1.2074,0
2000-06-05,6.12,3.0974,0.1487,2.133,0.8904,-0.1496,0.9914,,,1.0391,0.8842,1.1941,0
2000-06-06,6.14,3.0988,0.147,2.1524,0.8794,-0.1377,0.9833,,,1.0264,0.8646,1.1883,0
2000-06-07,6.13,3.0939,0.1457,2.1535,0.8591,-0.1222,0.9849,,,1.0048,0.8292,1.1804,0
2000-06-08,6.13,3.0923,0.1461,2.1581,0.8472,-0.1137,0.9864,,,0.9933,0.8057,1.1808,0
2000-06-09,6.13,3.0921,0.1461,2.1623,0.8482,-0.1186,0.9765,,,0.9943,0.8081,1.1804,0
2000-06-12,6.09,3.0856,0.1442,2.1458,0.8454,-0.131,0.9736,,,0.9896,0.8095,1.1697,0
2000-06-13,6.11,3.0827,0.144,2.157,0.8046,-0.0783,0.9751,,,0.9486,0.7303,1.1668,0
2000-06-14,6.06,3.0834,0.1444,2.1081,0.8744,-0.1503,0.9898,,,1.0188,0.8673,1.1703,0
2000-06-15,6.05,3.0862,0.1449,2.0977,0.8889,-0.1678,0.9798,,,1.0338,0.8934,1.1743,0
2000-06-16,5.99,3.0763,0.1418,2.0698,0.8753,-0.1732,1.005,,,1.0171,0.8771,1.1572,0
2000-06-19,6.0,3.0806,0.1429,2.0718,0.888,-0.1832,0.9969,,,1.0309,0.8974,1.1643,0
2000-06-20,6.03,3.085,0.1451,2.0811,0.8845,-0.1658,0.9883,,,1.0296,0.8844,1.1749,0
2000-06-21,6.11,3.101,0.1513,2.1082,0.9135,-0.1639,0.9548,,,1.0648,0.9223,1.2072,0
2000-06-22,6.12,3.1023,0.1531,2.1092,0.9054,-0.15,0.9537,,,1.0585,0.9025,1.2144,0
2000-06-23,6.19,3.1141,0.1569,2.128,0.934,-0.143,0.9217,,,1.0909,0.9469,1.235,0
2000-06-26,6.11,3.1017,0.1521,2.0952,0.9156,-0.1545,0.966,,,1.0677,0.9251,1.2102,0
2000-06-27,6.1,3.0962,0.149,2.1062,0.8958,-0.1472,0.9737,,,1.0448,0.8944,1.1953,0
2000-06-28,6.11,3.1014,0.1509,2.1009,0.9212,-0.1645,0.9775,,,1.0721,0.9386,1.2057,0
2000-06-29,6.04,3.0842,0.1442,2.0812,0.8832,-0.1528,1.0122,,,1.0274,0.8837,1.1711,0
2000-06-30,6.03,3.0831,0.143,2.0697,0.9004,-0.1662,1.0087,,,1.0434,0.9203,1.1664,0
2000-07-03,6.0,3.0759,0.1401,2.0557,0.8882,-0.1599,1.011,,,1.0283,0.9045,1.1521,0
2000-07-05,5.99,3.073,0.1396,2.0461,0.8824,-0.1511,1.0119,,,1.022,0.8954,1.1486,0
2000-07-06,6.05,3.0868,0.1442,2.0733,0.9017,-0.156,0.9751,,,1.0459,0.9181,1.1738,0
2000-07-07,6.01,3.0759,0.1407,2.0358,0.8966,-0.1389,0.9986,,,1.0373,0.92,1.1546,0
2000-07-10,6.04,3.0777,0.1402,2.0546,0.8935,-0.1261,0.966,,,1.0337,0.9139,1.1536,0
2000-07-11,6.06,3.0824,0.1415,2.067,0.8821,-0.113,0.9831,,,1.0236,0.8862,1.161,0
2000-07-12,6.09,3.085,0.142,2.0895,0.8705,-0.097,0.9777,,,1.0125,0.861,1.164,0
2000-07-13,6.01,3.0676,0.1352,2.0751,0.8268,-0.0946,1.015,,,0.962,0.7957,1.1283,0
2000-07-14,6.1,3.0849,0.1414,2.1169,0.851,-0.0942,0.9757,,,0.9924,0.8239,1.1609,0
2000-07-17,6.17,3.1004,0.147,2.1285,0.8894,-0.0954,0.9577,,,1.0364,0.8823,1.1906,0
2000-07-18,6.16,3.0981,0.146,2.1248,0.8845,-0.0934,0.9392,,,1.0305,0.8756,1.1854,0
2000-07-19,6.16,3.1005,0.1462,2.1267,0.8925,-0.1059,0.9401,,,1.0387,0.8896,1.1877,0
2000-07-20,6.01,3.0695,0.1354,2.0761,0.8299,-0.101,1.0058,,,0.9653,0.8008,1.1299,0
2000-07-21,6.01,3.0622,0.1332,2.0859,0.8052,-0.0765,1.017,,,0.9384,0.7596,1.1172,0
2000-07-24,6.04,3.0663,0.1346,2.1029,0.801,-0.0647,1.0074,,,0.9356,0.7469,1.1243,0
2000-07-25,6.04,3.065,0.1342,2.0992,0.804,-0.0624,1.0037,,,0.9382,0.7543,1.122,0
2000-07-26,6.04,3.0652,0.1341,2.0937,0.8105,-0.0635,1.0056,,,0.9446,0.7672,1.122,0
2000-07-27,6.02,3.0566,0.1307,2.0953,0.7769,-0.0394,1.0104,,,0.9076,0.711,1.1041,0
2000-07-28,6.04,3.0632,0.1327,2.0995,0.8069,-0.0623,1.008,,,0.9396,0.7637,1.1155,0
2000-07-31,6.04,3.0641,0.131,2.1029,0.8092,-0.0671,1.0042,,,0.9402,0.7708,1.1095,0
2000-08-01,6.0,3.0551,0.1263,2.089,0.7937,-0.0641,1.021,,,0.92,0.7526,1.0873,0
2000-08-02,5.98,3.052,0.1257,2.0741,0.7954,-0.0672,1.022,,,0.9211,0.7585,1.0836,0
2000-08-03,5.95,3.0467,0.124,2.0701,0.777,-0.0677,1.0383,,,0.901,0.7277,1.0742,0
2000-08-04,5.91,3.0392,0.1219,2.052,0.769,-0.0721,1.064,,,0.8909,0.7194,1.0625,0
2000-08-07,5.97,3.0472,0.1247,2.0737,0.7766,-0.0522,1.0418,,,0.9013,0.7251,1.0775,0
2000-08-08,5.93,3.0407,0.1222,2.0521,0.7725,-0.0575,1.0741,,,0.8947,0.7248,1.0646,0
2000-08-09,5.81,3.0378,0.1211,2.0571,0.7594,-0.1654,1.0782,,,0.8805,0.7025,1.0585,0
2000-08-10,5.76,3.03,0.1186,2.0402,0.7497,-0.1784,1.1008,,,0.8683,0.6916,1.0449,0
2000-08-11,5.79,3.0392,0.121,2.0686,0.7627,-0.2015,1.0628,,,0.8837,0.7085,1.0588,0
2000-08-14,5.78,3.0335,0.119,2.0781,0.7248,-0.1754,1.069,,,0.8438,0.64,1.0475,0
2000-08-15,5.81,3.0377,0.1199,2.0919,0.729,-0.1685,1.0752,,,0.8489,0.6449,1.0529,0
2000-08-16,5.83,3.0434,0.1227,2.0926,0.7499,-0.1785,1.0647,,,0.8726,0.6787,1.0664,0
2000-08-17,5.81,3.0392,0.1213,2.0968,0.7273,-0.1745,1.0709,,,0.8486,0.6384,1.0587,0
2000-08-18,5.78,3.0309,0.1192,2.087,0.705,-0.1621,1.0988,,,0.8242,0.6024,1.046,0
2000-08-21,5.79,3.033,0.1195,2.0883,0.7207,-0.1714,1.0926,,,0.8402,0.6321,1.0482,0
2000-08-22,5.78,3.0321,0.1184,2.081,0.7326,-0.1841,1.0888,,,0.851,0.6582,1.0438,0
2000-08-23,5.73,3.0218,0.1138,2.0619,0.7126,-0.1801,1.104,,,0.8264,0.6318,1.021,0
2000-08-24,5.73,3.0192,0.1129,2.0596,0.7048,-0.1665,1.1128,,,0.8177,0.6194,1.0161,0
2000-08-25,5.73,3.0189,0.1126,2.0595,0.7051,-0.166,1.0987,,,0.8177,0.6202,1.0151,0
2000-08-28,5.78,3.0284,0.1153,2.0737,0.7118,-0.1492,1.0732,,,0.8271,0.6237,1.0305,0
2000-08-29,5.81,3.0392,0.1192,2.0758,0.7561,-0.1803,1.0537,,,0.8753,0.6989,1.0517,0
2000-08-30,5.81,3.0397,0.1194,2.072,0.7506,-0.1717,1.0725,,,0.87,0.6872,1.0528,0
2000-08-31,5.73,3.0235,0.1135,2.0423,0.7295,-0.1787,1.1022,,,0.843,0.6643,1.0216,0
2000-09-01,5.68,3.0145,0.1112,2.0081,0.7317,-0.1854,1.1194,,,0.8429,0.6767,1.009,0
2000-09-05,5.69,3.0158,0.112,2.0051,0.7395,-0.1824,1.1211,,,0.8515,0.6899,1.013,0
2000-09-06,5.72,3.0265,0.1162,2.0071,0.7774,-0.2071,1.0965,,,0.8936,0.7518,1.0353,0
2000-09-07,5.76,3.0349,0.12,2.011,0.7924,-0.1983,1.0889,,,0.9124,0.7703,1.0545,0
2000-09-08,5.73,3.0299,0.1189,2.0001,0.7819,-0.2008,1.1001,,,0.9008,0.754,1.0476,0
2000-09-11,5.77,3.0369,0.1226,2.0037,0.8048,-0.198,1.0776,,,0.9274,0.7894,1.0655,0
2000-09-12,5.78,3.0398,0.1244,1.9987,0.8162,-0.1992,1.071,,,0.9406,0.807,1.0743,0
2000-09-13,5.74,3.033,0.1225,1.976,0.8106,-0.2022,1.086,,,0.9331,0.8027,1.0636,0
2000-09-14,5.79,3.0463,0.1269,1.9705,0.8653,-0.219,1.0847,,,0.9922,0.8958,1.0886,0
2000-09-15,5.84,3.0583,0.1309,1.9398,0.9274,-0.2163,1.072,,,1.0583,1.0049,1.1116,0
2000-09-18,5.88,3.0689,0.1343,1.918,0.9662,-0.2074,1.0814,,,1.1005,1.0693,1.1317,0
2000-09-19,5.86,3.067,0.1326,1.916,0.9602,-0.2158,1.0712,,,1.0928,1.061,1.1247,0
2000-09-20,5.91,3.0755,0.1352,1.9333,0.9666,-0.2006,1.0416,,,1.1018,1.0643,1.1393,0
2000-09-21,5.88,3.0688,0.133,1.9365,0.9361,-0.1944,1.0526,,,1.0691,1.0116,1.1266,0
2000-09-22,5.85,3.0632,0.1305,1.9268,0.9223,-0.1927,1.0669,,,1.0528,0.9913,1.1142,0
2000-09-25,5.84,3.0608,0.1292,1.9333,0.9164,-0.1997,1.0726,,,1.0456,0.9835,1.1077,0
2000-09-26,5.81,3.0533,0.1266,1.9284,0.8987,-0.197,1.0919,,,1.0253,0.957,1.0936,0
2000-09-27,5.83,3.0572,0.1266,1.9187,0.9323,-0.2048,1.0744,,,1.0589,1.0214,1.0964,0
2000-09-28,5.82,3.0548,0.1248,1.927,0.9046,-0.1912,1.0718,,,1.0294,0.9706,1.0882,0
2000-09-29,5.8,3.0521,0.124,1.9125,0.9162,-0.2049,1.0856,,,1.0402,0.9964,1.084,0
2000-10-02,5.83,3.0594,0.1265,1.9011,0.9518,-0.2088,1.0742,,,1.0783,1.0586,1.0981,0
2000-10-03,5.87,3.0662,0.1278,1.9099,0.9619,-0.1958,1.0678,,,1.0897,1.0724,1.107,0
2000-10-04,5.9,3.0694,0.1289,1.9246,0.9524,-0.1753,1.0555,,,1.0813,1.05,1.1127,0
2000-10-05,5.87,3.0621,0.126,1.9243,0.93,-0.1724,1.0704,,,1.056,1.0147,1.0974,0
2000-10-06,5.82,3.0506,0.1217,1.9298,0.8883,-0.1704,1.0968,,,1.01,0.9456,1.0744,0
2000-10-10,5.8,3.043,0.1192,1.9329,0.8649,-0.1599,1.1068,,,0.9841,0.9079,1.0603,0
2000-10-11,5.77,3.0377,0.1172,1.9139,0.8679,-0.1667,1.1242,,,0.9851,0.9205,1.0498,0
2000-10-12,5.73,3.0308,0.1169,1.8704,0.8934,-0.1815,1.1132,,,1.0103,0.9745,1.0461,0
2000-10-13,5.73,3.0328,0.1185,1.8673,0.8937,-0.1823,1.1146,,,1.0122,0.971,1.0534,0
2000-10-16,5.74,3.0348,0.1172,1.8841,0.8852,-0.1812,1.0907,,,1.0024,0.9556,1.0492,0
2000-10-17,5.68,3.0217,0.1121,1.8667,0.8572,-0.1777,1.1182,,,0.9693,0.9159,1.0227,0
2000-10-18,5.66,3.0185,0.1108,1.8638,0.8567,-0.1898,1.0903,,,0.9675,0.9185,1.0164,0
2000-10-19,5.66,3.0163,0.1091,1.881,0.8277,-0.174,1.0869,,,0.9368,0.8657,1.0078,0
2000-10-20,5.64,3.0081,0.1063,1.885,0.797,-0.1564,1.0919,,,0.9033,0.8145,0.9921,0
2000-10-23,5.59,2.9944,0.1001,1.8869,0.7558,-0.1472,1.1041,,,0.8559,0.7511,0.9607,0
2000-10-24,5.63,3.0013,0.1022,1.904,0.7729,-0.1504,1.0752,,,0.8751,0.778,0.9722,0
2000-10-25,5.67,3.0115,0.1052,1.9201,0.7918,-0.1585,1.0487,,,0.897,0.8043,0.9896,0
2000-10-26,5.69,3.0125,0.1057,1.9231,0.7835,-0.1348,1.0595,,,0.8892,0.7865,0.9918,0
2000-10-27,5.72,3.0138,0.106,1.9415,0.775,-0.1163,1.0382,,,0.881,0.7691,0.9929,0
2000-10-30,5.74,3.0182,0.1075,1.9512,0.78,-0.1169,1.033,,,0.8875,0.7742,1.0008,0
2000-10-31,5.77,3.0267,0.1114,1.9476,0.8125,-0.1282,1.0312,,,0.9239,0.8268,1.021,0
2000-11-01,5.74,3.0239,0.1106,1.9274,0.818,-0.1399,1.0399,,,0.9286,0.8402,1.017,0
2000-11-02,5.74,3.0235,0.1101,1.9202,0.8206,-0.1343,1.0447,,,0.9307,0.8463,1.015,0
2000-11-03,5.83,3.043,0.1168,1.9444,0.8634,-0.1376,1.01,,,0.9802,0.9091,1.0512,0
2000-11-06,5.87,3.0505,0.1189,1.9556,0.8731,-0.1281,0.9892,,,0.992,0.9203,1.0637,0
2000-11-07,5.87,3.0509,0.1198,1.9573,0.8676,-0.1256,0.9863,,,0.9874,0.9078,1.067,0
2000-11-08,5.87,3.0476,0.1189,1.9599,0.852,-0.1085,0.9971,,,0.9709,0.8805,1.0613,0
2000-11-09,5.82,3.0384,0.1156,1.9353,0.8496,-0.1188,1.0245,,,0.9652,0.8863,1.044,0
2000-11-10,5.82,3.0396,0.116,1.9252,0.867,-0.1277,1.0292,,,0.983,0.919,1.0469,0
2000-11-13,5.77,3.0329,0.1131,1.9125,0.8526,-0.1411,1.0482,,,0.9657,0.8991,1.0323,0
2000-11-14,5.76,3.0255,0.1105,1.9226,0.8166,-0.1153,1.0495,,,0.9271,0.8364,1.0179,0
2000-11-15,5.72,3.016,0.1072,1.9219,0.7885,-0.1136,1.0691,,,0.8957,0.7919,0.9995,0
2000-11-16,5.68,3.0084,0.105,1.9135,0.7763,-0.1231,1.0857,,,0.8813,0.7758,0.9867,0
2000-11-17,5.71,3.0139,0.1072,1.9136,0.7983,-0.123,1.0743,,,0.9055,0.8125,0.9986,0
2000-11-20,5.68,3.0104,0.1058,1.9039,0.7955,-0.1356,1.0822,,,0.9013,0.8114,0.9912,0
2000-11-21,5.67,3.0046,0.1039,1.9043,0.7662,-0.1091,1.0839,,,0.8701,0.7599,0.9804,0
2000-11-22,5.62,2.9906,0.0988,1.9019,0.7249,-0.0962,1.1001,,,0.8237,0.6945,0.9528,0
2000-11-24,5.63,2.9887,0.0979,1.9176,0.7091,-0.0833,1.0987,,,0.807,0.6661,0.9479,0
2000-11-27,5.64,2.9941,0.1001,1.9116,0.7376,-0.1033,1.097,,,0.8377,0.7156,0.9597,0
2000-11-28,5.59,2.9847,0.0974,1.882,0.7279,-0.1021,1.1363,,,0.8253,0.7061,0.9445,0
2000-11-29,5.55,2.9781,0.0968,1.8525,0.7374,-0.1148,1.1482,,,0.8342,0.7294,0.939,0
2000-11-30,5.48,2.9631,0.0926,1.8172,0.7232,-0.1161,1.1606,,,0.8158,0.7163,0.9153,0
2000-12-01,5.52,2.9721,0.0957,1.8332,0.7343,-0.1154,1.1466,,,0.83,0.7277,0.9323,0
2000-12-04,5.53,2.9762,0.0986,1.8173,0.7608,-0.1229,1.1386,,,0.8594,0.7727,0.9461,0
2000-12-05,5.43,2.9612,0.0951,1.7777,0.7358,-0.1398,1.1976,,,0.8309,0.7369,0.9249,0
2000-12-06,5.32,2.9408,0.0884,1.746,0.7006,-0.1557,1.2532,,,0.789,0.6895,0.8884,0
2000-12-07,5.32,2.9367,0.0864,1.7598,0.6869,-0.1498,1.23,,,0.7733,0.6687,0.878,0
2000-12-08,5.35,2.9455,0.0902,1.7733,0.7001,-0.1591,1.2113,,,0.7903,0.6834,0.8972,0
2000-12-11,5.37,2.9466,0.0904,1.7747,0.7039,-0.1455,1.2065,,,0.7943,0.6902,0.8983,0
2000-12-12,5.36,2.9448,0.0897,1.7731,0.6972,-0.1448,1.2158,,,0.7869,0.6791,0.8947,0
2000-12-13,5.29,2.9301,0.0848,1.7405,0.679,-0.1444,1.2535,,,0.7638,0.6592,0.8684,0
2000-12-14,5.23,2.9178,0.0807,1.726,0.6572,-0.1517,1.2585,,,0.7379,0.6299,0.8459,0
2000-12-15,5.2,2.913,0.0792,1.7066,0.6594,-0.1582,1.2796,,,0.7386,0.639,0.8382,0
2000-12-18,5.17,2.9096,0.0792,1.6733,0.6779,-0.17,1.2991,,,0.7571,0.6774,0.8368,0
2000-12-19,5.19,2.9136,0.0811,1.6747,0.6871,-0.1665,1.2904,,,0.7682,0.69,0.8463,0
2000-12-20,5.08,2.8988,0.0785,1.6248,0.688,-0.2101,1.2916,,,0.7665,0.704,0.829,0
2000-12-21,5.03,2.8926,0.0819,1.584,0.6878,-0.2164,1.3135,,,0.7697,0.7005,0.839,0
2000-12-22,5.02,2.8892,0.0852,1.5583,0.6987,-0.2114,1.3051,,,0.7839,0.7181,0.8498,0
2000-12-26,5.04,2.8942,0.0808,1.5848,0.7084,-0.2282,1.2854,,,0.7892,0.7424,0.8359,0
2000-12-27,5.11,2.9088,0.0873,1.6029,0.7284,-0.2174,1.2708,,,0.8157,0.7625,0.8689,0
2000-12-28,5.13,2.9146,0.0866,1.6276,0.7188,-0.2177,1.2816,,,0.8054,0.7415,0.8693,0
2000-12-29,5.12,2.9131,0.0879,1.6052,0.7365,-0.2227,1.2951,,,0.8244,0.7748,0.874,0
2001-01-02,4.92,2.875,0.077,1.5146,0.7019,-0.2484,1.3162,,,0.7789,0.7453,0.8124,0
2001-01-03,5.14,2.9198,0.0981,1.564,0.7892,-0.2312,1.2467,,,0.8873,0.8568,0.9179,0
2001-01-04,5.03,2.9044,0.1006,1.4768,0.8019,-0.2537,1.2299,,,0.9025,0.8855,0.9195,0
2001-01-05,4.93,2.8869,0.1015,1.3824,0.8302,-0.271,1.2209,,,0.9317,0.9485,0.9148,0
2001-01-08,4.94,2.8896,0.1023,1.3731,0.8417,-0.2667,1.2011,,,0.944,0.9686,0.9194,0
2001-01-09,4.98,2.8956,0.1026,1.4141,0.8186,-0.2509,1.1621,,,0.9212,0.9191,0.9233,0
2001-01-10,5.1,2.9164,0.1084,1.4509,0.8489,-0.2246,1.1692,,,0.9573,0.9578,0.9567,0
2001-01-11,5.14,2.9274,0.1119,1.4446,0.8997,-0.2436,1.15,,,1.0116,1.0464,0.9768,0
2001-01-12,5.25,2.9471,0.1175,1.4912,0.9154,-0.2212,1.108,,,1.0329,1.0575,1.0083,0
2001-01-16,5.24,2.9435,0.1151,1.4848,0.9088,-0.2121,1.1145,,,1.0239,1.0505,0.9972,0
2001-01-17,5.19,2.9285,0.1099,1.462,0.8841,-0.1945,1.1445,,,0.994,1.019,0.9689,0
2001-01-18,5.12,2.9142,0.108,1.4109,0.8811,-0.1942,1.1987,,,0.9891,1.0234,0.9549,0
2001-01-19,5.19,2.9309,0.1148,1.4343,0.9209,-0.2109,1.1324,,,1.0357,1.0813,0.9902,0
2001-01-22,5.25,2.9422,0.1193,1.4321,0.9518,-0.1954,1.0988,,,1.0711,1.1284,1.0138,0
2001-01-23,5.3,2.9538,0.1231,1.455,0.9654,-0.1974,1.0444,,,1.0885,1.1426,1.0344,0
2001-01-24,5.33,2.9609,0.1255,1.4661,0.9681,-0.1907,1.0314,,,1.0936,1.1399,1.0474,0
2001-01-25,5.29,2.9532,0.1233,1.4504,0.9516,-0.1885,1.0739,,,1.0749,1.1152,1.0346,0
2001-01-26,5.29,2.954,0.1259,1.439,0.9694,-0.1983,1.0622,,,1.0953,1.1455,1.0452,0
2001-01-29,5.32,2.9608,0.1293,1.4309,0.9942,-0.1952,1.0792,,,1.1235,1.1851,1.0619,0
2001-01-30,5.24,2.9415,0.1248,1.3942,0.9604,-0.1809,1.1256,,,1.0852,1.1362,1.0343,0
2001-01-31,5.19,2.9296,0.1243,1.3723,0.9481,-0.1843,1.1179,,,1.0724,1.119,1.0257,0
2001-02-01,5.1,2.9072,0.1172,1.3615,0.8832,-0.1692,1.115,,,1.0004,1.0149,0.986,0
2001-02-02,5.17,2.9191,0.1191,1.3987,0.8972,-0.1642,1.1061,,,1.0163,1.0336,0.9991,0
2001-02-05,5.18,2.9159,0.1167,1.4176,0.8744,-0.1446,1.0839,,,0.9911,0.9948,0.9874,0
2001-02-06,5.22,2.9238,0.1192,1.4333,0.8865,-0.1428,1.0758,,,1.0057,1.0102,1.0012,0
2001-02-07,5.1,2.9225,0.1191,1.4234,0.8922,-0.2572,1.0781,,,1.0113,1.0228,0.9999,0
2001-02-08,5.1,2.924,0.1193,1.4309,0.8892,-0.2634,1.0726,,,1.0085,1.0153,1.0017,0
2001-02-09,5.03,2.9076,0.1142,1.4,0.8672,-0.259,1.0781,,,0.9814,0.9893,0.9735,0
2001-02-12,5.05,2.9158,0.1167,1.4048,0.8925,-0.2798,1.0606,,,1.0092,1.0309,0.9876,0
2001-02-13,5.07,2.9208,0.1173,1.4119,0.9021,-0.282,1.0477,,,1.0194,1.046,0.9927,0
2001-02-14,5.13,2.9276,0.1186,1.4283,0.908,-0.2525,1.0305,,,1.0266,1.0521,1.0011,0
2001-02-15,5.19,2.9445,0.1245,1.4686,0.9231,-0.2707,1.0217,,,1.0476,1.0627,1.0325,0
2001-02-16,5.11,2.9314,0.122,1.4167,0.9293,-0.2894,1.0318,,,1.0513,1.0861,1.0165,0
2001-02-20,5.11,2.9298,0.1216,1.4133,0.9212,-0.2759,1.0382,,,1.0428,1.0713,1.0143,0
2001-02-21,5.14,2.9364,0.1248,1.4125,0.9418,-0.2754,1.0164,,,1.0666,1.1025,1.0306,0
2001-02-22,5.15,2.9415,0.1281,1.3836,0.9811,-0.2843,1.0167,,,1.1092,1.1718,1.0467,0
2001-02-23,5.1,2.9323,0.129,1.3382,0.9822,-0.2818,1.0295,,,1.1112,1.1766,1.0459,0
2001-02-26,5.05,2.923,0.1277,1.3144,0.9649,-0.28,1.0607,,,1.0926,1.1491,1.036,0
2001-02-27,4.96,2.8981,0.1198,1.3079,0.8927,-0.2585,1.0754,,,1.0125,1.0337,0.9913,0
2001-02-28,4.92,2.8923,0.1159,1.291,0.9111,-0.2903,1.0809,,,1.027,1.0807,0.9734,0
2001-03-01,4.87,2.8808,0.1116,1.2883,0.8714,-0.2821,1.0955,,,0.983,1.0154,0.9507,0
2001-03-02,4.95,2.9019,0.1188,1.3107,0.929,-0.3104,1.0554,,,1.0478,1.1058,0.9899,0
2001-03-05,4.98,2.9056,0.1205,1.3228,0.9143,-0.2832,1.0609,,,1.0348,1.0716,0.998,0
2001-03-06,4.99,2.9084,0.1222,1.3169,0.9331,-0.2906,1.0576,,,1.0553,1.1042,1.0063,0
2001-03-07,4.92,2.8934,0.1182,1.291,0.9066,-0.2892,1.0719,,,1.0248,1.0668,0.9828,0
2001-03-08,4.89,2.8876,0.1174,1.283,0.897,-0.2949,1.0845,,,1.0144,1.0523,0.9764,0
2001-03-09,4.95,2.8949,0.1194,1.3118,0.8969,-0.273,1.0656,,,1.0163,1.045,0.9876,0
2001-03-12,4.92,2.8913,0.1193,1.2932,0.9018,-0.2856,1.0847,,,1.0211,1.057,0.9851,0
2001-03-13,4.95,2.8957,0.1218,1.3017,0.9055,-0.2748,1.0848,,,1.0273,1.0578,0.9969,0
2001-03-14,4.84,2.8785,0.1186,1.2433,0.8962,-0.2967,1.1468,,,1.0148,1.0539,0.9758,0
2001-03-15,4.81,2.8739,0.1181,1.2056,0.9274,-0.3151,1.1417,,,1.0455,1.1187,0.9724,0
2001-03-16,4.78,2.8673,0.1168,1.2016,0.899,-0.3048,1.131,,,1.0158,1.0679,0.9638,0
2001-03-19,4.82,2.8758,0.1197,1.2185,0.9118,-0.3058,1.12,,,1.0315,1.0837,0.9793,0
2001-03-20,4.78,2.8699,0.1191,1.184,0.9208,-0.3138,1.1516,,,1.0399,1.1054,0.9743,0
2001-03-21,4.77,2.868,0.1198,1.1566,0.9508,-0.3251,1.1334,,,1.0706,1.1643,0.9768,0
2001-03-22,4.73,2.859,0.1171,1.1331,0.94,-0.3191,1.1225,,,1.0571,1.1522,0.9619,0
2001-03-23,4.8,2.8739,0.1213,1.1605,0.96,-0.3157,1.0993,,,1.0813,1.1767,0.986,0
2001-03-26,4.85,2.8891,0.1284,1.1594,1.0025,-0.3295,1.1008,,,1.1309,1.2399,1.022,0
2001-03-27,5.0,2.9198,0.1403,1.2024,1.0552,-0.3177,1.0828,,,1.1955,1.3073,1.0836,0
2001-03-28,4.97,2.9187,0.143,1.1739,1.0731,-0.3387,1.0862,,,1.2161,1.3383,1.0939,0
2001-03-29,4.98,2.9205,0.1452,1.1629,1.0823,-0.3309,1.0889,,,1.2275,1.3515,1.1035,0
2001-03-30,4.93,2.91,0.1426,1.1277,1.0837,-0.334,1.0861,,,1.2263,1.3645,1.0881,0
2001-04-02,4.98,2.9188,0.144,1.1212,1.1286,-0.3326,1.0636,,,1.2726,1.4461,1.0991,0
2001-04-03,4.94,2.9145,0.1438,1.0838,1.1401,-0.3422,1.0748,,,1.2839,1.4708,1.0969,0
2001-04-04,4.94,2.9143,0.145,1.0743,1.1351,-0.3287,1.0892,,,1.2801,1.4586,1.1016,0
2001-04-05,4.98,2.9217,0.1472,1.0927,1.1441,-0.3256,1.0696,,,1.2913,1.4687,1.1138,0
2001-04-06,4.89,2.9015,0.1434,1.0488,1.1059,-0.3096,1.1228,,,1.2493,1.4102,1.0883,0
2001-04-09,4.93,2.9083,0.1465,1.0538,1.134,-0.3126,1.1151,,,1.2805,1.4571,1.1039,0
2001-04-10,5.09,2.9405,0.1572,1.0845,1.2114,-0.3036,1.0802,,,1.3686,1.5743,1.1628,0
2001-04-11,5.12,2.9449,0.1561,1.1288,1.1736,-0.2834,1.0838,,,1.3297,1.4993,1.16,0
2001-04-12,5.17,2.9529,0.1589,1.1564,1.1807,-0.2789,1.0702,,,1.3396,1.5048,1.1745,0
2001-04-16,5.28,2.9748,0.1646,1.1978,1.2225,-0.2797,1.034,,,1.3871,1.5666,1.2076,0
2001-04-17,5.21,2.9613,0.1607,1.1759,1.1917,-0.2796,1.0534,,,1.3524,1.5194,1.1854,0
2001-04-18,5.14,2.9458,0.1608,1.1114,1.2058,-0.2838,1.0081,,,1.3666,1.5549,1.1783,0
2001-04-19,5.27,2.9778,0.1739,1.1189,1.2881,-0.2887,0.979,,,1.462,1.6772,1.2467,0
2001-04-20,5.29,2.9835,0.1797,1.097,1.3106,-0.2808,0.9802,,,1.4903,1.7083,1.2723,0
2001-04-23,5.2,2.9668,0.1757,1.0504,1.2956,-0.2886,1.0164,,,1.4713,1.6946,1.248,0
2001-04-24,5.22,2.9682,0.1763,1.0503,1.3172,-0.292,0.9591,,,1.4935,1.7358,1.2513,0
2001-04-25,5.28,2.9808,0.1787,1.0881,1.3205,-0.288,0.9127,,,1.4992,1.7316,1.2668,0
2001-04-26,5.2,2.9645,0.1734,1.0668,1.2779,-0.2826,0.9414,,,1.4513,1.665,1.2376,0
2001-04-27,5.34,2.9915,0.1819,1.123,1.3235,-0.2798,0.8785,,,1.5054,1.7261,1.2846,0
2001-04-30,5.35,2.993,0.1804,1.1387,1.3041,-0.2662,0.8875,,,1.4845,1.69,1.279,0
2001-05-01,5.3,2.9834,0.1779,1.1184,1.294,-0.2737,0.9221,,,1.4719,1.6796,1.2642,0
2001-05-02,5.31,2.9764,0.1753,1.1408,1.2553,-0.2378,0.8918,,,1.4306,1.6113,1.2498,0
2001-05-03,5.22,2.9593,0.17,1.1122,1.2258,-0.2473,0.9294,,,1.3958,1.5713,1.2203,0
2001-05-04,5.21,2.9549,0.1716,1.0822,1.2513,-0.25,0.9022,,,1.4229,1.6215,1.2243,0
2001-05-07,5.21,2.9585,0.1747,1.0586,1.2776,-0.2595,0.8965,,,1.4523,1.666,1.2387,0
2001-05-08,5.24,2.9652,0.1783,1.0431,1.3102,-0.2568,0.8919,,,1.4885,1.7204,1.2566,0
2001-05-09,5.2,2.9555,0.1758,1.0308,1.2815,-0.2436,0.8978,,,1.4573,1.673,1.2416,0
2001-05-10,5.31,2.9768,0.1831,1.0724,1.3224,-0.2447,0.8142,,,1.5055,1.73,1.281,0
2001-05-11,5.51,3.0176,0.1962,1.1398,1.3854,-0.2291,0.7438,,,1.5816,1.8103,1.353,0
2001-05-14,5.46,3.0122,0.1952,1.11,1.3857,-0.2431,0.7649,,,1.5809,1.8155,1.3462,0
2001-05-15,5.5,3.0231,0.201,1.097,1.4271,-0.2482,0.7958,,,1.6281,1.8813,1.375,0
2001-05-16,5.48,3.0181,0.2006,1.0877,1.4282,-0.2546,0.7582,,,1.6288,1.8873,1.3704,0
2001-05-17,5.46,3.0132,0.1984,1.1118,1.3817,-0.2451,0.7638,,,1.5801,1.8019,1.3584,0
2001-05-18,5.41,3.0052,0.1948,1.1341,1.3426,-0.2667,0.7618,,,1.5374,1.7354,1.3394,0
2001-05-21,5.41,3.0022,0.1927,1.1457,1.3308,-0.2614,0.7627,,,1.5235,1.7179,1.3291,0
2001-05-22,5.42,3.0062,0.1942,1.1358,1.3552,-0.2714,0.782,,,1.5494,1.7616,1.3372,0
2001-05-23,5.41,3.0096,0.1963,1.1137,1.3773,-0.2869,0.8326,,,1.5736,1.7991,1.3481,0
2001-05-24,5.52,3.0258,0.2026,1.1454,1.4068,-0.2606,0.7709,,,1.6094,1.8382,1.3807,0
2001-05-25,5.52,3.0283,0.2049,1.1288,1.4198,-0.2618,0.7795,,,1.6247,1.8584,1.391,0
2001-05-29,5.54,3.0313,0.2063,1.1364,1.4264,-0.2605,0.7542,,,1.6327,1.8674,1.3981,0
2001-05-30,5.54,3.0298,0.2069,1.1321,1.4185,-0.2474,0.7636,,,1.6254,1.8517,1.3992,0
2001-05-31,5.43,3.0086,0.2008,1.0847,1.3954,-0.2595,0.8086,,,1.5962,1.8279,1.3646,0
2001-06-01,5.39,2.998,0.1964,1.0979,1.3498,-0.2521,0.8308,,,1.5462,1.7509,1.3415,0
2001-06-04,5.35,2.9908,0.1929,1.1092,1.3242,-0.267,0.8256,,,1.5171,1.7105,1.3237,0
2001-06-05,5.29,2.9821,0.1902,1.0747,1.3298,-0.2868,0.8614,,,1.52,1.7305,1.3095,0
2001-06-06,5.27,2.9799,0.1894,1.0791,1.317,-0.2954,0.8672,,,1.5064,1.7077,1.3052,0
2001-06-07,5.33,2.992,0.1939,1.0857,1.3503,-0.2918,0.857,,,1.5442,1.7592,1.3291,0
2001-06-08,5.38,2.9972,0.1952,1.1065,1.3419,-0.2608,0.8339,,,1.5371,1.7376,1.3367,0
2001-06-11,5.32,2.9871,0.1917,1.0857,1.3262,-0.2707,0.8629,,,1.5179,1.718,1.3178,0
2001-06-12,5.27,2.976,0.1879,1.073,1.3088,-0.2758,0.8635,,,1.4967,1.6961,1.2974,0
2001-06-13,5.28,2.9777,0.1891,1.064,1.3263,-0.2771,0.8588,,,1.5154,1.7278,1.303,0
2001-06-14,5.26,2.9727,0.1867,1.0431,1.33,-0.2725,0.8629,,,1.5167,1.7417,1.2918,0
2001-06-15,5.27,2.978,0.1893,1.0177,1.3721,-0.2871,0.8646,,,1.5614,1.8171,1.3057,0
2001-06-18,5.27,2.9806,0.1918,0.9983,1.3846,-0.2853,0.8822,,,1.5764,1.8356,1.3173,0
2001-06-19,5.26,2.9771,0.1908,0.9954,1.3682,-0.2715,0.9023,,,1.559,1.8064,1.3116,0
2001-06-20,5.24,2.9724,0.1898,0.9945,1.351,-0.2677,0.9176,,,1.5408,1.7766,1.3049,0
2001-06-21,5.22,2.9671,0.1877,0.9966,1.3353,-0.2667,0.9303,,,1.523,1.7522,1.2937,0
2001-06-22,5.14,2.9527,0.1839,0.9725,1.3098,-0.2788,0.9709,,,1.4937,1.7158,1.2715,0
2001-06-25,5.16,2.9549,0.1838,0.9846,1.3129,-0.2762,0.9672,,,1.4967,1.7213,1.2721,0
2001-06-26,5.24,2.9705,0.1887,1.012,1.3422,-0.2734,0.9427,,,1.5309,1.7624,1.2993,0
2001-06-27,5.26,2.9716,0.188,1.0597,1.2949,-0.2542,0.9294,,,1.4829,1.6703,1.2955,0
2001-06-28,5.35,2.99,0.1924,1.1055,1.3227,-0.2606,0.9149,,,1.5151,1.7084,1.3218,0
2001-06-29,5.42,3.0086,0.1992,1.1026,1.3837,-0.274,0.9529,,,1.5829,1.8071,1.3586,0
2001-07-02,5.37,2.9967,0.1952,1.0678,1.3797,-0.2694,0.9941,,,1.5749,1.8125,1.3372,0
2001-07-03,5.41,3.0025,0.1968,1.0873,1.3882,-0.2648,0.965,,,1.585,1.8237,1.3463,0
2001-07-05,5.44,3.0124,0.2003,1.0928,1.4134,-0.2789,0.93,,,1.6137,1.8618,1.3656,0
2001-07-06,5.41,3.0062,0.1998,1.0689,1.4008,-0.2657,0.9536,,,1.6006,1.8409,1.3604,0
2001-07-09,5.37,2.9974,0.1953,1.0669,1.369,-0.2586,1.0155,,,1.5643,1.7902,1.3384,0
2001-07-10,5.32,2.9854,0.1917,1.0513,1.3529,-0.2614,1.0388,,,1.5446,1.7712,1.318,0
2001-07-11,5.31,2.9866,0.1929,1.0372,1.371,-0.2776,1.0631,,,1.5639,1.8041,1.3237,0
2001-07-12,5.27,2.9779,0.1895,1.0423,1.3368,-0.2765,1.0506,,,1.5263,1.747,1.3056,0
2001-07-13,5.27,2.9758,0.1879,1.0572,1.3191,-0.27,1.0409,,,1.507,1.7161,1.2979,0
2001-07-16,5.21,2.964,0.1828,1.0462,1.2884,-0.2714,1.0864,,,1.4712,1.6705,1.2719,0
2001-07-17,5.22,2.9603,0.1819,1.0578,1.2752,-0.2552,1.0626,,,1.4571,1.6483,1.266,0
2001-07-18,5.12,2.9397,0.1765,1.0147,1.2455,-0.2564,1.0788,,,1.422,1.6096,1.2344,0
2001-07-19,5.13,2.9414,0.1765,1.0239,1.2458,-0.2576,1.0737,,,1.4223,1.6093,1.2353,0
2001-07-20,5.15,2.9459,0.1783,1.0208,1.2632,-0.2583,1.0733,,,1.4415,1.6382,1.2449,0
2001-07-23,5.13,2.9409,0.1759,1.02,1.2452,-0.2521,1.0695,,,1.4211,1.6094,1.2329,0
2001-07-24,5.13,2.9381,0.1755,1.0104,1.238,-0.2319,1.1218,,,1.4135,1.597,1.2299,0
2001-07-25,5.2,2.9522,0.1803,1.0296,1.2743,-0.2364,1.1176,,,1.4546,1.6531,1.2561,0
2001-07-26,5.19,2.9511,0.1803,1.0092,1.2884,-0.2389,1.1331,,,1.4687,1.6813,1.256,0
2001-07-27,5.13,2.9399,0.1768,0.978,1.2803,-0.245,1.1634,,,1.4571,1.6772,1.237,0
2001-07-30,5.11,2.9348,0.1747,0.9756,1.2652,-0.2403,1.1674,,,1.4399,1.6532,1.2265,0
2001-07-31,5.07,2.925,0.1715,0.9588,1.2587,-0.244,1.1342,,,1.4302,1.6514,1.2089,0
2001-08-01,5.11,2.9339,0.1747,0.9708,1.2666,-0.2359,1.1278,,,1.4413,1.6562,1.2263,0
2001-08-02,5.17,2.9479,0.1801,0.9883,1.2942,-0.2405,1.1162,,,1.4743,1.6941,1.2544,0
2001-08-03,5.2,2.954,0.1827,0.9932,1.3032,-0.233,1.1267,,,1.4859,1.7041,1.2676,0
2001-08-06,5.19,2.9538,0.1827,0.9805,1.3192,-0.2462,1.1268,,,1.5019,1.7362,1.2676,0
2001-08-07,5.2,2.9559,0.1833,0.9783,1.3281,-0.2456,1.1184,,,1.5114,1.7514,1.2714,0
2001-08-08,4.99,2.9331,0.1763,0.9369,1.2883,-0.3446,1.1341,,,1.4646,1.6965,1.2326,0
2001-08-09,5.04,2.9425,0.1801,0.9495,1.3029,-0.335,1.1371,,,1.483,1.7134,1.2525,0
2001-08-10,4.99,2.9363,0.1784,0.9272,1.3019,-0.3539,1.1671,,,1.4803,1.7177,1.2429,0
2001-08-13,4.97,2.9324,0.1771,0.9096,1.307,-0.3561,1.1942,,,1.4841,1.732,1.2362,0
2001-08-14,4.97,2.9315,0.1764,0.9175,1.305,-0.3604,1.1523,,,1.4814,1.7299,1.2329,0
2001-08-15,5.0,2.9363,0.1775,0.9358,1.2979,-0.3474,1.1441,,,1.4754,1.7117,1.2391,0
2001-08-16,4.95,2.9277,0.1756,0.9174,1.2855,-0.3562,1.1668,,,1.4611,1.6949,1.2274,0
2001-08-17,4.84,2.9084,0.1691,0.8882,1.2487,-0.3744,1.2098,,,1.4178,1.6435,1.192,0
2001-08-20,4.91,2.9161,0.1703,0.924,1.2523,-0.3527,1.1705,,,1.4226,1.6449,1.2003,0
2001-08-21,4.87,2.9121,0.17,0.9028,1.2508,-0.3658,1.2024,,,1.4208,1.6445,1.1972,0
2001-08-22,4.91,2.9119,0.1698,0.927,1.2298,-0.3284,1.1956,,,1.3996,1.6035,1.1956,0
2001-08-23,4.89,2.9073,0.1685,0.9211,1.2236,-0.3304,1.211,,,1.3921,1.5963,1.1878,0
2001-08-24,4.93,2.9149,0.1708,0.9341,1.2427,-0.3325,1.2005,,,1.4135,1.6261,1.2009,0
2001-08-27,4.94,2.9176,0.1714,0.9397,1.25,-0.3387,1.1738,,,1.4214,1.6386,1.2041,0
2001-08-28,4.85,2.9016,0.1666,0.9079,1.2159,-0.342,1.2288,,,1.3825,1.5875,1.1776,0
2001-08-29,4.78,2.8877,0.1619,0.893,1.1889,-0.3515,1.2581,,,1.3508,1.5495,1.1521,0
2001-08-30,4.79,2.8899,0.164,0.8833,1.2048,-0.3519,1.2711,,,1.3688,1.5756,1.1619,0
2001-08-31,4.85,2.8954,0.1656,0.897,1.2197,-0.3277,1.2106,,,1.3853,1.5999,1.1707,0
2001-09-04,4.99,2.9281,0.1745,0.9598,1.2586,-0.331,1.2006,,,1.4331,1.6443,1.222,0
2001-09-05,4.97,2.9259,0.1745,0.9478,1.2597,-0.3378,1.2198,,,1.4342,1.6473,1.2211,0
2001-09-06,4.86,2.9045,0.1682,0.8975,1.2456,-0.3558,1.2267,,,1.4138,1.6418,1.1858,0
2001-09-07,4.8,2.8922,0.1671,0.858,1.2361,-0.3535,1.2251,,,1.4032,1.6308,1.1757,0
2001-09-10,4.84,2.9023,0.1707,0.8497,1.2798,-0.3625,1.2026,,,1.4505,1.7054,1.1956,0
2001-09-13,4.64,2.8725,0.1715,0.5997,1.397,-0.4007,1.3562,,,1.5685,1.9495,1.1875,0
2001-09-14,4.57,2.8679,0.1731,0.5579,1.4088,-0.4377,1.3677,,,1.5819,1.9711,1.1927,0
2001-09-17,4.63,2.8757,0.178,0.5595,1.4307,-0.4139,1.2568,,,1.6087,2.0019,1.2155,0
2001-09-18,4.72,2.9055,0.1905,0.5184,1.5582,-0.4526,1.2206,,,1.7487,2.2157,1.2817,0
2001-09-19,4.69,2.9064,0.1976,0.4281,1.613,-0.4551,1.2522,,,1.8106,2.3096,1.3116,0
2001-09-20,4.75,2.9212,0.2029,0.4448,1.6462,-0.4651,1.1893,,,1.8491,2.3584,1.3399,0
2001-09-21,4.7,2.9124,0.201,0.4447,1.6022,-0.4603,1.1772,,,1.8032,2.279,1.3274,0
2001-09-24,4.73,2.916,0.2013,0.4712,1.5868,-0.4452,1.1959,,,1.7881,2.2462,1.3299,0
2001-09-25,4.72,2.9132,0.2008,0.4583,1.5969,-0.4492,1.2047,,,1.7977,2.2692,1.3263,0
2001-09-26,4.65,2.899,0.1963,0.4452,1.5511,-0.4415,1.2628,,,1.7474,2.1932,1.3015,0
2001-09-27,4.58,2.8827,0.1912,0.4407,1.501,-0.4355,1.3134,,,1.6922,2.1117,1.2727,0
2001-09-28,4.6,2.8829,0.1904,0.4807,1.4794,-0.4334,1.2894,,,1.6698,2.0711,1.2685,0
2001-10-01,4.55,2.8701,0.1855,0.4816,1.4436,-0.4308,1.2748,,,1.6291,2.0162,1.2421,0
2001-10-02,4.53,2.8659,0.1863,0.4649,1.4432,-0.4302,1.2822,,,1.6295,2.0156,1.2433,0
2001-10-03,4.5,2.8602,0.1857,0.4555,1.4332,-0.4346,1.2755,,,1.6189,2.0004,1.2374,0
2001-10-04,4.53,2.8601,0.1871,0.4539,1.4375,-0.4086,1.2689,,,1.6246,2.0065,1.2428,0
2001-10-05,4.52,2.8613,0.1886,0.4256,1.4649,-0.4204,1.3095,,,1.6535,2.0574,1.2496,0
2001-10-09,4.62,2.8796,0.1949,0.4429,1.5137,-0.4112,1.2788,,,1.7086,2.1332,1.2841,0
2001-10-10,4.61,2.8763,0.1939,0.4456,1.4842,-0.39,1.3093,,,1.6781,2.0781,1.2781,0
2001-10-11,4.69,2.8919,0.1983,0.4782,1.5182,-0.3967,1.2876,,,1.7165,2.1303,1.3028,0
2001-10-12,4.68,2.8912,0.1986,0.4636,1.5349,-0.4083,1.2526,,,1.7335,2.1628,1.3042,0
2001-10-15,4.62,2.8797,0.1946,0.4409,1.5081,-0.4033,1.2678,,,1.7027,2.1227,1.2827,0
2001-10-16,4.59,2.8725,0.1925,0.4311,1.496,-0.4021,1.2779,,,1.6885,2.1066,1.2704,0
2001-10-17,4.59,2.8683,0.1911,0.4487,1.4634,-0.3815,1.2754,,,1.6545,2.0466,1.2623,0
2001-10-18,4.58,2.8677,0.1913,0.4478,1.4686,-0.3953,1.2764,,,1.6599,2.057,1.2628,0
2001-10-19,4.63,2.875,0.1948,0.4554,1.4894,-0.3845,1.2348,,,1.6842,2.0883,1.28,0
2001-10-22,4.63,2.8773,0.1957,0.4634,1.4788,-0.3851,1.2439,,,1.6745,2.0645,1.2844,0
2001-10-23,4.66,2.8798,0.1974,0.466,1.4875,-0.3707,1.2365,,,1.6849,2.0777,1.2921,0
2001-10-24,4.61,2.8664,0.1936,0.4515,1.4529,-0.3543,1.268,,,1.6465,2.0229,1.27,0
2001-10-25,4.56,2.8551,0.1906,0.4348,1.4391,-0.3596,1.2625,,,1.6297,2.0069,1.2524,0
2001-10-26,4.53,2.8526,0.1896,0.4241,1.4387,-0.3749,1.2768,,,1.6283,2.0089,1.2476,0
2001-10-29,4.5,2.845,0.1879,0.398,1.4399,-0.3708,1.2904,,,1.6278,2.0181,1.2376,0
2001-10-30,4.44,2.8345,0.1858,0.3606,1.4356,-0.3765,1.313,,,1.6214,2.0181,1.2247,0
2001-10-31,4.3,2.8084,0.1771,0.3419,1.3612,-0.3886,1.4136,,,1.5383,1.9005,1.1762,0
2001-11-01,4.24,2.7903,0.1695,0.3661,1.3151,-0.401,1.3647,,,1.4846,1.8331,1.1361,0
2001-11-02,4.37,2.8229,0.1828,0.3736,1.4192,-0.4285,1.3373,,,1.602,1.9984,1.2055,0
2001-11-05,4.31,2.811,0.1783,0.3607,1.374,-0.414,1.3798,,,1.5523,1.923,1.1816,0
2001-11-06,4.3,2.802,0.1785,0.3311,1.3901,-0.4017,1.3027,,,1.5686,1.9593,1.178,0
2001-11-07,4.22,2.7826,0.1743,0.297,1.3408,-0.3748,1.3079,,,1.5151,1.8793,1.151,0
2001-11-08,4.32,2.8013,0.1803,0.3328,1.373,-0.3675,1.2819,,,1.5533,1.9226,1.184,0
2001-11-09,4.34,2.809,0.183,0.3499,1.3803,-0.3822,1.2735,,,1.5633,1.9287,1.1978,0
2001-11-13,4.41,2.8252,0.1879,0.3703,1.4008,-0.3742,1.3588,,,1.5887,1.9518,1.2256,0
2001-11-14,4.54,2.8472,0.1955,0.4238,1.4348,-0.3614,1.3452,,,1.6303,1.9953,1.2654,0
2001-11-15,4.79,2.8989,0.2124,0.5158,1.5186,-0.3557,1.306,,,1.731,2.1048,1.3572,0
2001-11-16,4.91,2.9271,0.2223,0.5625,1.5658,-0.3678,1.2811,,,1.7881,2.1671,1.4092,0
2001-11-19,4.8,2.9055,0.2158,0.5179,1.5297,-0.369,1.3376,,,1.7455,2.118,1.373,0
2001-11-20,4.88,2.9215,0.2219,0.5253,1.5895,-0.3781,1.3032,,,1.8114,2.217,1.4057,0
2001-11-21,4.98,2.9531,0.2331,0.5578,1.6334,-0.3975,1.3891,,,1.8665,2.2673,1.4658,0
2001-11-23,5.04,2.9602,0.2367,0.5889,1.6546,-0.4004,1.3078,,,1.8913,2.3004,1.4822,0
2001-11-26,5.05,2.9639,0.2379,0.594,1.6605,-0.4063,1.2864,,,1.8984,2.3087,1.4882,0
2001-11-27,4.98,2.9593,0.2375,0.5551,1.6625,-0.4344,1.3684,,,1.9,2.3145,1.4855,0
2001-11-28,4.98,2.9538,0.2377,0.5467,1.6562,-0.4144,1.3497,,,1.8939,2.3048,1.483,0
2001-11-29,4.79,2.9213,0.2289,0.4523,1.6313,-0.4438,1.4196,,,1.8602,2.2874,1.433,0
2001-11-30,4.78,2.9214,0.2292,0.4418,1.6457,-0.4581,1.4045,,,1.8749,2.315,1.4348,0
2001-12-03,4.75,2.9137,0.2256,0.4316,1.6186,-0.4394,1.4317,,,1.8442,2.2711,1.4172,0
2001-12-04,4.7,2.9003,0.2208,0.4269,1.5857,-0.4337,1.4101,,,1.8065,2.2221,1.3909,0
2001-12-05,4.92,2.9464,0.2359,0.5114,1.6531,-0.4269,1.3826,,,1.889,2.3049,1.4732,0
2001-12-06,5.04,2.976,0.2467,0.5527,1.705,-0.4404,1.3841,,,1.9517,2.3734,1.53,0
2001-12-07,5.2,3.0128,0.2637,0.5591,1.8316,-0.4672,1.2748,,,2.0953,2.5748,1.6158,0
2001-12-10,5.17,3.0123,0.265,0.5302,1.8252,-0.4627,1.2932,,,2.0902,2.5595,1.6209,0
2001-12-11,5.13,3.0065,0.2644,0.4834,1.8449,-0.4692,1.3775,,,2.1093,2.6019,1.6167,0
2001-12-12,5.02,2.979,0.2542,0.4725,1.7692,-0.4549,1.3861,,,2.0234,2.4849,1.5619,0
2001-12-13,5.13,2.9969,0.2596,0.5163,1.7956,-0.4385,1.3592,,,2.0552,2.5185,1.592,0
2001-12-14,5.24,3.0194,0.2675,0.5627,1.8253,-0.435,1.3228,,,2.0928,2.552,1.6336,0
2001-12-17,5.26,3.0231,0.2684,0.5744,1.8156,-0.4215,1.348,,,2.084,2.5292,1.6388,0
2001-12-18,5.16,3.0006,0.261,0.5539,1.765,-0.4205,1.3679,,,2.026,2.4543,1.5977,0
2001-12-19,5.08,2.9773,0.2527,0.5455,1.7063,-0.4018,1.3726,,,1.959,2.3651,1.5529,0
2001-12-20,5.08,2.9759,0.2528,0.5678,1.6928,-0.4093,1.3359,,,1.9456,2.3399,1.5513,0
2001-12-21,5.12,2.981,0.2544,0.5816,1.7067,-0.4037,1.287,,,1.9611,2.3621,1.56,0
2001-12-24,5.18,2.995,0.2594,0.5928,1.7433,-0.4105,1.2587,,,2.0027,2.4187,1.5867,0
2001-12-26,5.22,3.0053,0.2619,0.6152,1.7479,-0.4103,1.2524,,,2.0098,2.4176,1.6019,0
2001-12-27,5.13,2.9901,0.2569,0.5789,1.7242,-0.4202,1.3077,,,1.9811,2.3876,1.5746,0
2001-12-28,5.15,2.9976,0.2597,0.576,1.756,-0.4393,1.314,,,2.0157,2.4414,1.5901,0
2001-12-31,5.07,2.9802,0.2529,0.5417,1.7235,-0.4283,1.3546,,,1.9764,2.3975,1.5553,0
2002-01-02,5.2,3.0066,0.2621,0.5927,1.7736,-0.435,1.2879,,,2.0357,2.4668,1.6045,0
2002-01-03,5.16,2.9991,0.2603,0.5679,1.7615,-0.4289,1.2998,,,2.0218,2.4501,1.5936,0
2002-01-04,5.18,3.0076,0.2635,0.5684,1.7904,-0.45,1.3029,,,2.0539,2.4971,1.6108,0
2002-01-07,5.09,2.9827,0.2557,0.5388,1.7328,-0.42,1.3027,,,1.9885,2.4097,1.5673,0
2002-01-08,5.1,2.9838,0.2558,0.5398,1.7338,-0.4132,1.3196,,,1.9896,2.4108,1.5684,0
2002-01-09,5.1,2.9829,0.2555,0.5357,1.7337,-0.4078,1.3312,,,1.9892,2.4112,1.5673,0
2002-01-10,5.0,2.9542,0.2454,0.508,1.6739,-0.3815,1.3088,,,1.9193,2.3259,1.5126,0
2002-01-11,4.92,2.9425,0.244,0.4477,1.6926,-0.4068,1.2972,,,1.9366,2.3707,1.5025,0
2002-01-14,4.91,2.9471,0.246,0.4337,1.711,-0.4278,1.3098,,,1.957,2.4005,1.5135,0
2002-01-15,4.88,2.9364,0.2414,0.4392,1.6587,-0.3958,1.356,,,1.9001,2.3109,1.4894,0
2002-01-16,4.88,2.9372,0.241,0.4454,1.6652,-0.4089,1.3914,,,1.9062,2.3244,1.488,0
2002-01-17,4.98,2.9538,0.2453,0.5028,1.6751,-0.397,1.3445,,,1.9204,2.328,1.5128,0
2002-01-18,4.94,2.9423,0.2417,0.4903,1.6426,-0.3769,1.3743,,,1.8843,2.2765,1.4922,0
2002-01-22,4.96,2.9464,0.2418,0.5081,1.6548,-0.3911,1.344,,,1.8966,2.2985,1.4947,0
2002-01-23,5.05,2.9675,0.2489,0.5269,1.7117,-0.405,1.2942,,,1.9606,2.3877,1.5336,0
2002-01-24,5.07,2.9689,0.2486,0.5463,1.684,-0.3777,1.2965,,,1.9326,2.3329,1.5323,0
2002-01-25,5.1,2.975,0.2507,0.5696,1.6821,-0.3774,1.3061,,,1.9328,2.3225,1.5432,0
2002-01-28,5.12,2.9766,0.2506,0.5846,1.6765,-0.3683,1.3132,,,1.9271,2.3108,1.5435,0
2002-01-29,5.02,2.9534,0.2423,0.5361,1.6507,-0.3625,1.3515,,,1.893,2.2866,1.4994,0
2002-01-30,5.02,2.9533,0.2412,0.5426,1.6525,-0.3696,1.3317,,,1.8937,2.292,1.4955,0
2002-01-31,5.07,2.9631,0.2439,0.5717,1.6574,-0.3661,1.2978,,,1.9013,2.2918,1.5108,0
2002-02-01,5.02,2.9546,0.2411,0.5548,1.6416,-0.3721,1.3079,,,1.8827,2.2697,1.4957,0
2002-02-04,4.94,2.9391,0.2358,0.5256,1.6137,-0.3742,1.3637,,,1.8495,2.2317,1.4672,0
2002-02-05,4.92,2.9306,0.2322,0.5276,1.6034,-0.3737,1.3039,,,1.8356,2.2225,1.4486,0
2002-02-06,4.92,2.9451,0.2378,0.523,1.6486,-0.4345,1.2818,,,1.8864,2.2941,1.4787,0
2002-02-07,4.93,2.9552,0.2418,0.5145,1.673,-0.4545,1.3161,,,1.9148,2.3296,1.5001,0
2002-02-08,4.9,2.945,0.2383,0.4998,1.6575,-0.4406,1.3161,,,1.8958,2.3103,1.4813,0
2002-02-11,4.91,2.9497,0.2392,0.4967,1.6792,-0.4548,1.3093,,,1.9184,2.349,1.4878,0
2002-02-12,4.97,2.9639,0.2435,0.5143,1.7101,-0.4618,1.2763,,,1.9536,2.3952,1.512,0
2002-02-13,5.01,2.9733,0.2471,0.5249,1.7289,-0.4642,1.2464,,,1.976,2.4214,1.5306,0
2002-02-14,4.95,2.958,0.2419,0.5213,1.6715,-0.4428,1.2609,,,1.9134,2.3249,1.502,0
2002-02-15,4.86,2.9392,0.2355,0.4981,1.6419,-0.4547,1.2585,,,1.8774,2.2877,1.4671,0
2002-02-19,4.88,2.9444,0.2373,0.5016,1.6579,-0.4612,1.2516,,,1.8952,2.3134,1.477,0
2002-02-20,4.88,2.9421,0.2355,0.5067,1.6489,-0.4532,1.2244,,,1.8844,2.2999,1.4689,0
2002-02-21,4.88,2.94,0.2345,0.5084,1.6339,-0.4369,1.2299,,,1.8684,2.273,1.4639,0
2002-02-22,4.84,2.9313,0.2316,0.4961,1.6176,-0.4366,1.257,,,1.8492,2.2505,1.4478,0
2002-02-25,4.86,2.9328,0.2315,0.5118,1.6152,-0.4314,1.2429,,,1.8467,2.2452,1.4482,0
2002-02-26,4.93,2.9493,0.2369,0.5344,1.6505,-0.4412,1.225,,,1.8874,2.2972,1.4776,0
2002-02-27,4.84,2.9339,0.2318,0.4896,1.6361,-0.4514,1.2743,,,1.8679,2.2856,1.4502,0
2002-02-28,4.88,2.9403,0.2344,0.5035,1.653,-0.4512,1.2315,,,1.8874,2.3112,1.4635,0
2002-03-01,4.98,2.9619,0.2419,0.5479,1.6821,-0.4538,1.1703,,,1.924,2.3444,1.5036,0
2002-03-04,5.02,2.969,0.2446,0.5651,1.6779,-0.4366,1.1611,,,1.9225,2.3275,1.5175,0
2002-03-05,5.02,2.9673,0.2437,0.5723,1.6636,-0.4269,1.1811,,,1.9073,2.302,1.5126,0
2002-03-06,5.06,2.9756,0.2474,0.5712,1.7021,-0.4363,1.1665,,,1.9495,2.3676,1.5314,0
2002-03-07,5.22,3.01,0.2594,0.6356,1.7474,-0.4325,1.1132,,,2.0068,2.4184,1.5953,0
2002-03-08,5.33,3.0286,0.2648,0.6845,1.7725,-0.4203,0.9931,,,2.0373,2.4497,1.6248,0
2002-03-11,5.33,3.0344,0.2669,0.6805,1.7714,-0.4232,1.0728,,,2.0383,2.4402,1.6363,0
2002-03-12,5.32,3.0304,0.2649,0.6773,1.7731,-0.4256,1.0952,,,2.038,2.4494,1.6265,0
2002-03-13,5.28,3.023,0.263,0.6504,1.7769,-0.4332,1.1179,,,2.0399,2.4641,1.6156,0
2002-03-14,5.4,3.0475,0.2712,0.695,1.8263,-0.44,1.0481,,,2.0975,2.5352,1.6599,0
2002-03-15,5.35,3.0348,0.2661,0.6988,1.7697,-0.4194,1.0461,,,2.0358,2.4387,1.633,0
2002-03-18,5.32,3.0265,0.2626,0.7083,1.7371,-0.4145,1.0576,,,1.9997,2.3853,1.6142,0
2002-03-19,5.33,3.0276,0.263,0.7046,1.7538,-0.419,1.0491,,,2.0168,2.4174,1.6162,0
2002-03-20,5.4,3.0425,0.268,0.731,1.7814,-0.4229,0.9528,,,2.0494,2.4553,1.6435,0
2002-03-21,5.39,3.0429,0.2685,0.7361,1.7602,-0.4177,0.9427,,,2.0287,2.412,1.6455,0
2002-03-22,5.4,3.0453,0.2694,0.7459,1.7649,-0.4255,0.9229,,,2.0343,2.4188,1.6497,0
2002-03-25,5.41,3.0435,0.2686,0.7618,1.7347,-0.3986,0.9351,,,2.0033,2.3613,1.6453,0
2002-03-26,5.35,3.0274,0.2631,0.7472,1.7094,-0.397,0.9277,,,1.9725,2.3298,1.6151,0
2002-03-27,5.35,3.0308,0.2648,0.736,1.7181,-0.3997,1.036,,,1.9829,2.3421,1.6237,0
2002-03-28,5.42,3.0413,0.2686,0.7612,1.7561,-0.4072,0.9694,,,2.0247,2.4055,1.6439,0
2002-04-01,5.44,3.0431,0.2693,0.7663,1.7482,-0.3869,0.9506,,,2.0175,2.3878,1.6472,0
2002-04-02,5.36,3.0237,0.262,0.7422,1.716,-0.3839,0.8619,,,1.978,2.3474,1.6087,0
2002-04-03,5.3,3.0173,0.2601,0.7035,1.7084,-0.3894,0.9689,,,1.9685,2.3379,1.5992,0
2002-04-04,5.28,3.0087,0.2572,0.7111,1.6855,-0.3825,0.9462,,,1.9427,2.3025,1.5829,0
2002-04-05,5.22,2.9975,0.2539,0.6739,1.6744,-0.3797,1.0221,,,1.9283,2.2917,1.5649,0
2002-04-08,5.25,3.0041,0.257,0.6798,1.7027,-0.3936,0.9903,,,1.9597,2.339,1.5803,0
2002-04-09,5.22,2.9965,0.2536,0.6695,1.6848,-0.3845,0.9833,,,1.9384,2.3133,1.5636,0
2002-04-10,5.24,3.0022,0.257,0.6614,1.7107,-0.3913,0.9782,,,1.9677,2.3556,1.5798,0
2002-04-11,5.22,2.9967,0.2554,0.652,1.6987,-0.3829,0.9734,,,1.9541,2.3374,1.5708,0
2002-04-12,5.18,2.9888,0.253,0.624,1.6994,-0.3852,0.9937,,,1.9524,2.3472,1.5575,0
2002-04-15,5.15,2.9828,0.2511,0.6151,1.6843,-0.3833,1.0073,,,1.9354,2.3235,1.5473,0
2002-04-16,5.2,2.9895,0.2523,0.6385,1.6947,-0.375,0.9493,,,1.947,2.3387,1.5552,0
2002-04-17,5.24,3.004,0.2589,0.6181,1.7555,-0.3964,0.9429,,,2.0144,2.4392,1.5895,0
2002-04-18,5.23,3.001,0.2587,0.6168,1.7329,-0.3794,0.9316,,,1.9916,2.396,1.5872,0
2002-04-19,5.21,2.9948,0.2568,0.615,1.7245,-0.3811,0.8791,,,1.9813,2.3867,1.5759,0
2002-04-22,5.19,2.9933,0.2568,0.6068,1.7179,-0.3848,0.8884,,,1.9747,2.3742,1.5752,0
2002-04-23,5.18,2.9918,0.2553,0.616,1.6988,-0.382,0.9253,,,1.9541,2.34,1.5683,0
2002-04-24,5.11,2.9739,0.2491,0.5924,1.6694,-0.3748,0.9466,,,1.9185,2.3021,1.535,0
2002-04-25,5.1,2.9715,0.2481,0.5879,1.6676,-0.3751,0.9556,,,1.9157,2.3013,1.5301,0
2002-04-26,5.08,2.9653,0.2455,0.5797,1.6529,-0.3634,0.9648,,,1.8984,2.2796,1.5171,0
2002-04-29,5.13,2.9737,0.2479,0.6005,1.6621,-0.3542,0.9456,,,1.91,2.2891,1.5309,0
2002-04-30,5.11,2.9707,0.2469,0.6006,1.6469,-0.3551,0.9554,,,1.8938,2.2626,1.5251,0
2002-05-01,5.08,2.9609,0.2434,0.5819,1.6446,-0.3508,0.9411,,,1.888,2.2695,1.5065,0
2002-05-02,5.13,2.97,0.2463,0.5976,1.6643,-0.3482,0.8416,,,1.9106,2.2984,1.5229,0
2002-05-03,5.08,2.9653,0.2455,0.5628,1.6482,-0.3418,0.9684,,,1.8937,2.2695,1.5178,0
2002-05-06,5.1,2.9662,0.2461,0.5793,1.653,-0.3447,0.9592,,,1.8991,2.2782,1.5201,0
2002-05-07,5.09,2.9648,0.2458,0.5571,1.6733,-0.3509,0.9642,,,1.9191,2.3194,1.5187,0
2002-05-08,5.24,2.9948,0.2559,0.6025,1.7267,-0.3399,0.9417,,,1.9826,2.3918,1.5735,0
2002-05-09,5.2,2.9877,0.2537,0.5838,1.72,-0.3452,0.9558,,,1.9737,2.3862,1.5612,0
2002-05-10,5.15,2.9766,0.2498,0.5559,1.7085,-0.3408,0.9945,,,1.9583,2.3756,1.541,0
2002-05-13,5.23,2.9936,0.2552,0.5803,1.7568,-0.3559,0.9247,,,2.012,2.453,1.571,0
2002-05-14,5.32,3.0142,0.2615,0.5984,1.7987,-0.3528,0.9103,,,2.0602,2.5142,1.6062,0
2002-05-15,5.28,3.007,0.2595,0.5797,1.7887,-0.3548,0.9111,,,2.0482,2.5014,1.5949,0
2002-05-16,5.2,2.9953,0.2559,0.5536,1.7694,-0.3742,0.9426,,,2.0253,2.4755,1.575,0
2002-05-17,5.27,3.0085,0.2594,0.5845,1.7894,-0.3718,0.9256,,,2.0488,2.5022,1.5954,0
2002-05-20,5.21,2.994,0.2544,0.5622,1.7611,-0.3617,0.936,,,2.0155,2.4626,1.5684,0
2002-05-21,5.18,2.9844,0.2508,0.5533,1.7354,-0.344,0.9564,,,1.9862,2.4231,1.5493,0
2002-05-22,5.13,2.9729,0.2469,0.5359,1.7177,-0.3434,0.9692,,,1.9646,2.4005,1.5287,0
2002-05-23,5.16,2.9781,0.2486,0.5449,1.7352,-0.3469,0.9278,,,1.9838,2.4297,1.5379,0
2002-05-24,5.16,2.9791,0.2491,0.5445,1.7314,-0.3442,0.9269,,,1.9805,2.421,1.5401,0
2002-05-28,5.16,2.9787,0.2482,0.5438,1.7321,-0.3428,0.9367,,,1.9803,2.4239,1.5367,0
2002-05-29,5.11,2.9667,0.2439,0.5246,1.7106,-0.3358,0.9567,,,1.9545,2.3954,1.5137,0
2002-05-30,5.06,2.9545,0.2397,0.5106,1.6849,-0.3297,0.9567,,,1.9246,2.3581,1.4911,0
2002-05-31,5.08,2.9601,0.2412,0.5101,1.7079,-0.3393,0.9561,,,1.9491,2.3979,1.5004,0
2002-06-03,5.06,2.9585,0.2405,0.5005,1.7097,-0.3491,0.9675,,,1.9502,2.4034,1.497,0
2002-06-04,5.04,2.9546,0.2387,0.4825,1.7134,-0.3492,0.9809,,,1.9521,2.4157,1.4886,0
2002-06-05,5.08,2.9636,0.2418,0.4886,1.7408,-0.3549,0.9521,,,1.9826,2.4596,1.5057,0
2002-06-06,5.04,2.9579,0.2402,0.473,1.7191,-0.3502,1.0027,,,1.9593,2.422,1.4966,0
2002-06-07,5.1,2.97,0.2447,0.4914,1.7483,-0.3544,0.9863,,,1.993,2.4654,1.5206,0
2002-06-10,5.07,2.9621,0.2423,0.4894,1.7165,-0.3403,1.0098,,,1.9588,2.4109,1.5067,0
2002-06-11,5.02,2.9502,0.238,0.4811,1.6837,-0.333,1.0465,,,1.9217,2.3598,1.4836,0
2002-06-12,4.98,2.9403,0.2348,0.4714,1.6711,-0.3376,1.0511,,,1.9059,2.3459,1.4659,0
2002-06-13,4.94,2.9316,0.2324,0.4566,1.6542,-0.3348,1.0682,,,1.8866,2.3213,1.4519,0
2002-06-14,4.83,2.9086,0.2245,0.4333,1.6043,-0.3407,1.0843,,,1.8288,2.2487,1.4089,0
2002-06-17,4.89,2.9213,0.2284,0.4437,1.6424,-0.3458,1.0711,,,1.8708,2.3104,1.4312,0
2002-06-18,4.88,2.92,0.2277,0.4368,1.6387,-0.3432,1.0635,,,1.8664,2.3046,1.4282,0
2002-06-19,4.76,2.8987,0.2208,0.3937,1.6048,-0.358,1.1038,,,1.8256,2.2604,1.3907,0
2002-06-20,4.85,2.9152,0.2258,0.4316,1.6283,-0.3509,1.073,,,1.8541,2.2894,1.4188,0
2002-06-21,4.79,2.9032,0.222,0.4177,1.5937,-0.3466,1.092,,,1.8157,2.2341,1.3973,0
2002-06-24,4.87,2.9179,0.2272,0.4347,1.6291,-0.3389,1.1009,,,1.8563,2.2873,1.4253,0
2002-06-25,4.88,2.922,0.2284,0.4315,1.6426,-0.3445,1.1041,,,1.871,2.3093,1.4327,0
2002-06-26,4.75,2.895,0.2203,0.3845,1.5993,-0.3491,1.1088,,,1.8196,2.2521,1.387,0
2002-06-27,4.84,2.918,0.2281,0.4031,1.6585,-0.3678,1.0861,,,1.8866,2.3431,1.4301,0
2002-06-28,4.86,2.9242,0.2308,0.4039,1.6689,-0.3678,1.0807,,,1.8997,2.3557,1.4437,0
2002-07-01,4.85,2.921,0.2292,0.4002,1.6597,-0.3601,1.0843,,,1.8889,2.3421,1.4358,0
2002-07-02,4.77,2.9046,0.223,0.3738,1.6285,-0.3599,1.1114,,,1.8515,2.2994,1.4036,0
2002-07-03,4.78,2.9055,0.2237,0.3782,1.6293,-0.3567,1.0983,,,1.853,2.2992,1.4068,0
2002-07-05,4.9,2.9306,0.2324,0.4178,1.6701,-0.3509,1.068,,,1.9025,2.3515,1.4535,0
2002-07-08,4.84,2.9226,0.2295,0.3914,1.66,-0.3636,1.0869,,,1.8895,2.3402,1.4389,0
2002-07-09,4.78,2.91,0.225,0.3584,1.6469,-0.3604,1.1665,,,1.8719,2.329,1.4149,0
2002-07-10,4.66,2.882,0.2142,0.3257,1.6021,-0.3641,1.1256,,,1.8163,2.2735,1.3592,0
2002-07-11,4.66,2.882,0.2137,0.3301,1.5941,-0.3598,1.0866,,,1.8078,2.2581,1.3574,0
2002-07-12,4.63,2.8776,0.2117,0.312,1.5877,-0.359,1.0978,,,1.7994,2.2509,1.3478,0
2002-07-15,4.66,2.884,0.2143,0.3117,1.6191,-0.3691,1.0717,,,1.8334,2.3049,1.3619,0
2002-07-16,4.75,2.905,0.2214,0.3288,1.6695,-0.3747,1.0426,,,1.8909,2.3813,1.4005,0
2002-07-17,4.71,2.896,0.218,0.3127,1.6459,-0.3626,1.0648,,,1.8639,2.345,1.3828,0
2002-07-18,4.66,2.8842,0.2137,0.2897,1.6326,-0.3603,1.0664,,,1.8463,2.3326,1.3601,0
2002-07-19,4.61,2.8733,0.2096,0.2725,1.6103,-0.3556,1.0935,,,1.8199,2.301,1.3388,0
2002-07-22,4.51,2.8509,0.201,0.2389,1.5831,-0.3639,1.0748,,,1.7841,2.274,1.2942,0
2002-07-23,4.47,2.8475,0.1993,0.2078,1.5933,-0.3779,1.1171,,,1.7926,2.2983,1.2869,0
2002-07-24,4.49,2.8531,0.201,0.2078,1.6142,-0.3862,1.0967,,,1.8152,2.3333,1.2972,0
2002-07-25,4.43,2.8441,0.1975,0.1622,1.6219,-0.3957,1.1311,,,1.8194,2.3588,1.28,0
2002-07-26,4.43,2.8469,0.1981,0.1386,1.6548,-0.4083,1.1309,,,1.8529,2.4206,1.2851,0
2002-07-29,4.62,2.8851,0.2107,0.2105,1.6989,-0.3852,1.0915,,,1.9096,2.4657,1.3536,0
2002-07-30,4.65,2.8904,0.2127,0.2265,1.6945,-0.3741,1.0936,,,1.9072,2.4507,1.3637,0
2002-07-31,4.51,2.86,0.2027,0.1691,1.6598,-0.3816,1.112,,,1.8625,2.4156,1.3094,0
2002-08-01,4.47,2.8545,0.2011,0.1282,1.69,-0.4039,1.111,,,1.8911,2.4806,1.3017,0
2002-08-02,4.33,2.8253,0.1916,0.0623,1.6521,-0.4012,1.1187,,,1.8437,2.4367,1.2506,0
2002-08-05,4.29,2.8182,0.1882,0.0298,1.6642,-0.4104,1.0951,,,1.8524,2.4698,1.235,0
2002-08-06,4.42,2.8479,0.1987,0.0803,1.6983,-0.4051,1.0455,,,1.897,2.5026,1.2913,0
2002-08-07,4.35,2.8349,0.1953,0.0217,1.7129,-0.4148,1.0494,,,1.9082,2.5445,1.2719,0
2002-08-08,4.4,2.8465,0.1987,0.0625,1.7065,-0.4142,1.023,,,1.9052,2.5197,1.2907,0
2002-08-09,4.27,2.8184,0.1886,0.0595,1.6174,-0.4139,1.0214,,,1.806,2.3766,1.2354,0
2002-08-12,4.22,2.8025,0.1815,0.0738,1.5705,-0.4083,0.9949,,,1.752,2.3055,1.1985,0
2002-08-13,4.12,2.7827,0.1754,0.0463,1.5364,-0.4207,1.0014,,,1.7118,2.259,1.1645,0
2002-08-14,4.06,2.7712,0.1711,0.1009,1.4485,-0.4317,0.97,,,1.6196,2.0997,1.1395,0
2002-08-15,4.17,2.7906,0.1783,0.1301,1.4958,-0.4247,0.9604,,,1.6741,2.1714,1.1767,0
2002-08-16,4.32,2.8235,0.1904,0.1622,1.5678,-0.4239,0.9838,,,1.7582,2.2754,1.241,0
2002-08-19,4.29,2.8177,0.1877,0.1672,1.5449,-0.4275,0.9885,,,1.7326,2.2378,1.2274,0
2002-08-20,4.17,2.792,0.1789,0.1187,1.5207,-0.4402,0.998,,,1.6996,2.2189,1.1803,0
2002-08-21,4.2,2.7971,0.1803,0.1247,1.5307,-0.4327,1.0011,,,1.711,2.2335,1.1884,0
2002-08-22,4.3,2.8164,0.1865,0.1492,1.563,-0.4151,1.0156,,,1.7495,2.2761,1.2229,0
2002-08-23,4.25,2.8009,0.1812,0.1349,1.5254,-0.3924,1.0331,,,1.7066,2.2196,1.1936,0
2002-08-26,4.22,2.7931,0.1776,0.1309,1.5098,-0.3914,1.0511,,,1.6874,2.1993,1.1756,0
2002-08-27,4.29,2.8108,0.1834,0.1511,1.5543,-0.4096,1.0397,,,1.7377,2.2678,1.2076,0
2002-08-28,4.22,2.7969,0.1788,0.134,1.5176,-0.4073,1.0558,,,1.6964,2.2106,1.1822,0
2002-08-29,4.16,2.7823,0.174,0.1116,1.5005,-0.4084,1.0567,,,1.6745,2.1929,1.1562,0
2002-08-30,4.14,2.7759,0.1712,0.1075,1.4915,-0.4062,1.0292,,,1.6627,2.1834,1.1421,0
2002-09-03,3.98,2.7411,0.1588,0.0473,1.4392,-0.4064,1.0318,,,1.598,2.1196,1.0763,0
2002-09-04,3.96,2.7366,0.1575,0.0453,1.4229,-0.4023,1.0248,,,1.5804,2.0916,1.0692,0
2002-09-05,3.91,2.7268,0.1544,0.018,1.4204,-0.4096,1.0021,,,1.5748,2.0976,1.0521,0
2002-09-06,4.05,2.7574,0.1634,0.0677,1.4623,-0.4008,0.99,,,1.6257,2.148,1.1034,0
2002-09-09,4.05,2.7575,0.1626,0.0797,1.4502,-0.4,0.9909,,,1.6128,2.1256,1.0999,0
2002-09-10,4.0,2.7486,0.1595,0.0799,1.424,-0.4119,0.9858,,,1.5835,2.084,1.0829,0
2002-09-11,4.07,2.7626,0.1646,0.1048,1.4469,-0.409,0.9766,,,1.6115,2.1133,1.1097,0
2002-09-12,3.98,2.7436,0.158,0.0831,1.4031,-0.4077,1.0112,,,1.5611,2.0484,1.0738,0
2002-09-13,3.92,2.7267,0.1518,0.0788,1.3631,-0.4004,1.0137,,,1.5149,1.9894,1.0403,0
2002-09-16,3.9,2.7213,0.1493,0.0851,1.343,-0.3987,1.0175,,,1.4923,1.9568,1.0277,0
2002-09-17,3.87,2.7144,0.1465,0.0686,1.3432,-0.4027,1.0302,,,1.4897,1.9659,1.0134,0
2002-09-18,3.86,2.7117,0.1457,0.0649,1.3356,-0.3979,1.0366,,,1.4813,1.9537,1.0088,0
2002-09-19,3.79,2.7001,0.1422,0.0305,1.3342,-0.417,1.0462,,,1.4764,1.9628,0.9899,0
2002-09-20,3.79,2.7029,0.143,0.0226,1.3468,-0.4253,1.0499,,,1.4898,1.9846,0.995,0
2002-09-23,3.7,2.6817,0.1352,-0.0079,1.315,-0.424,1.0233,,,1.4502,1.947,0.9535,0
2002-09-24,3.69,2.679,0.1344,-0.0107,1.3077,-0.4204,1.0024,,,1.4421,1.935,0.9492,0
2002-09-25,3.77,2.7024,0.1425,0.0092,1.3604,-0.4445,0.9927,,,1.5029,2.0126,0.9932,0
2002-09-26,3.79,2.7076,0.1452,0.0183,1.3513,-0.4324,1.0057,,,1.4965,1.9865,1.0065,0
2002-09-27,3.69,2.6905,0.14,-0.0277,1.34,-0.4528,1.0387,,,1.48,1.9822,0.9779,0
2002-09-30,3.63,2.6775,0.1364,-0.0795,1.3602,-0.4646,1.0138,,,1.4966,2.0351,0.9581,0
2002-10-01,3.72,2.7011,0.1442,-0.0606,1.4033,-0.468,1.0096,,,1.5475,2.0937,1.0013,0
2002-10-02,3.71,2.6988,0.1438,-0.0669,1.3918,-0.4575,1.0212,,,1.5356,2.0724,0.9989,0
2002-10-03,3.7,2.6983,0.1441,-0.0723,1.3987,-0.4688,1.0154,,,1.5428,2.0861,0.9995,0
2002-10-04,3.69,2.6937,0.141,-0.0674,1.381,-0.4583,1.0152,,,1.522,2.059,0.985,0
2002-10-07,3.64,2.6837,0.1366,-0.078,1.3626,-0.4649,1.0179,,,1.4992,2.0356,0.9627,0
2002-10-08,3.65,2.6856,0.1372,-0.0657,1.357,-0.464,1.0111,,,1.4942,2.0227,0.9656,0
2002-10-09,3.61,2.6773,0.1351,-0.0907,1.3412,-0.453,1.081,,,1.4763,1.9991,0.9535,0
2002-10-10,3.68,2.6893,0.1388,-0.0783,1.3768,-0.4466,1.0965,,,1.5156,2.0569,0.9743,0
2002-10-11,3.83,2.7242,0.151,-0.0406,1.4469,-0.4515,1.1105,,,1.5979,2.155,1.0408,0
2002-10-15,4.07,2.7726,0.1667,0.0492,1.5181,-0.4366,1.0636,,,1.6848,2.2437,1.126,0
2002-10-16,4.06,2.7765,0.1688,0.0342,1.5332,-0.4527,1.1187,,,1.702,2.2675,1.1365,0
2002-10-17,4.16,2.7981,0.1765,0.0578,1.584,-0.4564,1.1299,,,1.7605,2.3431,1.1779,0
2002-10-18,4.14,2.793,0.175,0.0464,1.5751,-0.4495,1.1429,,,1.7501,2.3306,1.1695,0
2002-10-21,4.24,2.8106,0.1808,0.0954,1.5816,-0.4284,1.1386,,,1.7624,2.3245,1.2004,0
2002-10-22,4.27,2.8183,0.1841,0.0902,1.6156,-0.4382,1.1643,,,1.7997,2.382,1.2173,0
2002-10-23,4.26,2.8129,0.1828,0.0854,1.603,-0.4241,1.1592,,,1.7858,2.3622,1.2094,0
2002-10-24,4.16,2.7954,0.1772,0.0474,1.5827,-0.4427,1.1676,,,1.7599,2.3412,1.1786,0
2002-10-25,4.12,2.7859,0.1744,0.0132,1.5817,-0.4352,1.1865,,,1.7561,2.3485,1.1636,0
2002-10-28,4.1,2.7813,0.1742,-0.03,1.6156,-0.4411,1.148,,,1.7898,2.4179,1.1617,0
2002-10-29,3.97,2.7551,0.1669,-0.0829,1.5748,-0.4438,1.1035,,,1.7417,2.3636,1.1198,0
2002-10-30,3.99,2.7629,0.1695,-0.1016,1.6023,-0.443,1.123,,,1.7718,2.408,1.1355,0
2002-10-31,3.93,2.7506,0.1657,-0.1258,1.5866,-0.4471,1.0899,,,1.7523,2.3903,1.1143,0
2002-11-01,4.01,2.7684,0.1727,-0.0943,1.5969,-0.4336,1.0963,,,1.7696,2.3886,1.1506,0
2002-11-04,4.07,2.78,0.1773,-0.0776,1.6177,-0.4275,1.1054,,,1.795,2.4159,1.1742,0
2002-11-05,4.1,2.7842,0.1798,-0.0764,1.6415,-0.4291,1.0765,,,1.8213,2.4568,1.1858,0
2002-11-06,4.09,2.7795,0.1828,-0.0698,1.607,-0.4095,1.0479,,,1.7898,2.3859,1.1937,0
2002-11-07,3.88,2.735,0.1676,-0.0815,1.4724,-0.4134,1.089,,,1.64,2.1707,1.1092,0
2002-11-08,3.85,2.7209,0.1635,-0.056,1.4259,-0.4043,1.1131,,,1.5894,2.0945,1.0843,0
2002-11-12,3.84,2.7156,0.1616,-0.0697,1.4445,-0.412,1.1057,,,1.6061,2.1383,1.0739,0
2002-11-13,3.84,2.7123,0.1608,-0.0779,1.4381,-0.3933,1.1189,,,1.5989,2.1284,1.0693,0
2002-11-14,4.03,2.7525,0.1751,-0.0282,1.5235,-0.3929,1.0885,,,1.6986,2.2512,1.1459,0
2002-11-15,4.05,2.7616,0.1788,-0.0259,1.5348,-0.3992,1.1416,,,1.7136,2.2621,1.1651,0
2002-11-18,4.02,2.752,0.1757,-0.0227,1.5096,-0.3946,1.151,,,1.6853,2.2234,1.1472,0
2002-11-19,3.99,2.7423,0.1723,-0.0158,1.4771,-0.3859,1.1514,,,1.6494,2.1704,1.1283,0
2002-11-20,4.08,2.7662,0.1814,0.0158,1.5278,-0.4111,1.1439,,,1.7092,2.2423,1.176,0
2002-11-21,4.14,2.7834,0.1883,0.0272,1.5633,-0.4223,1.1709,,,1.7516,2.2918,1.2115,0
2002-11-22,4.18,2.7894,0.1908,0.0511,1.5676,-0.4189,1.14,,,1.7584,2.2932,1.2237,0
2002-11-25,4.19,2.7906,0.1909,0.0499,1.574,-0.4154,1.1407,,,1.7649,2.3051,1.2248,0
2002-11-26,4.08,2.7653,0.1819,0.0163,1.5253,-0.4088,1.1589,,,1.7072,2.2378,1.1767,0
2002-11-27,4.26,2.8137,0.1992,0.0552,1.6567,-0.4648,1.1336,,,1.8559,2.4421,1.2697,0
2002-11-29,4.22,2.8038,0.196,0.0414,1.6174,-0.4386,1.1432,,,1.8134,2.3747,1.2522,0
2002-12-02,4.22,2.8038,0.1955,0.0652,1.5929,-0.4374,1.1296,,,1.7884,2.3266,1.2502,0
2002-12-03,4.24,2.8067,0.1968,0.0708,1.5965,-0.4308,1.1277,,,1.7933,2.3304,1.2563,0
2002-12-04,4.18,2.7936,0.1923,0.0455,1.5829,-0.4343,1.1279,,,1.7752,2.3182,1.2323,0
2002-12-05,4.13,2.7812,0.1882,0.0287,1.5587,-0.4269,1.1255,,,1.7469,2.284,1.2098,0
2002-12-06,4.09,2.7752,0.186,-0.0042,1.5757,-0.4426,1.1205,,,1.7617,2.3241,1.1992,0
2002-12-09,4.06,2.7671,0.1818,-0.0187,1.5562,-0.4264,1.1412,,,1.738,2.2969,1.179,0
2002-12-10,4.06,2.7635,0.1804,-0.0125,1.5385,-0.4099,1.1379,,,1.7189,2.2663,1.1715,0
2002-12-11,4.01,2.7515,0.176,-0.0266,1.5144,-0.4053,1.1451,,,1.6904,2.2324,1.1483,0
2002-12-12,4.01,2.7513,0.1759,-0.0229,1.5134,-0.4077,1.1303,,,1.6893,2.2309,1.1477,0
2002-12-13,4.07,2.7655,0.1807,-0.0205,1.5573,-0.4129,1.1155,,,1.738,2.3017,1.1743,0
2002-12-16,4.15,2.7829,0.1865,-0.0086,1.5987,-0.4095,1.089,,,1.7852,2.364,1.2065,0
2002-12-17,4.13,2.7803,0.186,-0.0301,1.6081,-0.4143,1.0688,,,1.7941,2.3846,1.2036,0
2002-12-18,4.06,2.7677,0.1814,-0.0632,1.5958,-0.4217,1.0791,,,1.7772,2.3749,1.1795,0
2002-12-19,3.96,2.745,0.1731,-0.101,1.5605,-0.4176,1.0767,,,1.7336,2.3309,1.1363,0
2002-12-20,3.97,2.7459,0.1733,-0.0902,1.5509,-0.4098,1.0529,,,1.7242,2.311,1.1373,0
2002-12-23,3.98,2.7504,0.174,-0.0827,1.5523,-0.414,1.0557,,,1.7263,2.31,1.1426,0
2002-12-24,3.95,2.7425,0.1709,-0.0855,1.5322,-0.4101,1.0445,,,1.7031,2.2797,1.1265,0
2002-12-26,3.93,2.737,0.1687,-0.0968,1.5201,-0.399,1.0656,,,1.6888,2.2624,1.1152,0
2002-12-27,3.83,2.7156,0.1616,-0.1296,1.4843,-0.4019,1.0873,,,1.6459,2.2152,1.0766,0
2002-12-30,3.82,2.7107,0.1591,-0.1384,1.4848,-0.3963,1.0812,,,1.6439,2.223,1.0649,0
2002-12-31,3.83,2.7143,0.1605,-0.1375,1.4946,-0.4019,1.0662,,,1.6551,2.2378,1.0723,0
2003-01-02,4.07,2.7696,0.1807,-0.0689,1.5947,-0.4061,1.0422,2.43,1.64,1.7754,2.3709,1.1799,0
2003-01-03,4.05,2.7658,0.18,-0.0743,1.5805,-0.4021,1.0453,2.43,1.62,1.7605,2.3463,1.1747,0
2003-01-06,4.09,2.7735,0.1825,-0.0521,1.5869,-0.4008,1.0443,2.46,1.63,1.7694,2.351,1.1878,0
2003-01-07,4.04,2.7646,0.1802,-0.0725,1.5787,-0.411,1.052,2.42,1.62,1.7589,2.3433,1.1745,0
2003-01-08,4.0,2.7519,0.1761,-0.0698,1.5455,-0.4037,0.9974,2.29,1.71,1.7216,2.2919,1.1513,0
2003-01-09,4.19,2.796,0.1923,-0.0098,1.6184,-0.4069,0.966,2.41,1.78,1.8107,2.3844,1.237,0
2003-01-10,4.16,2.7923,0.1918,-0.025,1.6164,-0.4155,0.9704,2.41,1.75,1.8082,2.3835,1.2329,0
2003-01-13,4.15,2.7872,0.189,-0.0313,1.616,-0.4109,0.9472,2.38,1.77,1.805,2.3902,1.2197,0
2003-01-14,4.1,2.7756,0.1852,-0.0539,1.603,-0.4099,0.9341,2.34,1.76,1.7882,2.3774,1.199,0
2003-01-15,4.1,2.7724,0.1843,-0.049,1.584,-0.3917,0.9186,2.3,1.8,1.7683,2.343,1.1935,0
2003-01-16,4.1,2.7733,0.185,-0.048,1.5809,-0.3911,0.9334,2.31,1.79,1.7659,2.335,1.1967,0
2003-01-17,4.05,2.7585,0.1798,-0.0548,1.5469,-0.3804,0.9088,2.25,1.8,1.7267,2.2847,1.1687,0
2003-01-21,4.01,2.7507,0.1766,-0.0784,1.5464,-0.3853,0.9272,2.23,1.78,1.723,2.2939,1.1521,0
2003-01-22,3.95,2.7377,0.1721,-0.0983,1.5206,-0.382,0.952,2.23,1.72,1.6927,2.2571,1.1282,0
2003-01-23,3.98,2.7426,0.1737,-0.0856,1.5352,-0.3859,0.9009,2.2,1.78,1.7089,2.281,1.1368,0
2003-01-24,3.94,2.7313,0.1697,-0.0932,1.5055,-0.3733,0.8683,2.14,1.8,1.6752,2.2349,1.1154,0
2003-01-27,3.98,2.7429,0.1741,-0.0827,1.5277,-0.382,0.8573,2.16,1.82,1.7018,2.2651,1.1384,0
2003-01-28,4.0,2.747,0.1755,-0.0771,1.528,-0.3735,0.873,2.19,1.81,1.7035,2.2612,1.1459,0
2003-01-29,4.06,2.7597,0.1804,-0.0562,1.5534,-0.3772,0.8466,2.21,1.85,1.7338,2.2961,1.1714,0
2003-01-30,4.0,2.7503,0.1774,-0.069,1.5281,-0.3868,0.8804,2.2,1.8,1.7055,2.2564,1.1546,0
2003-01-31,4.0,2.7431,0.1749,-0.0561,1.4992,-0.3611,0.8687,2.19,1.81,1.6741,2.2076,1.1406,0
2003-02-03,4.01,2.7459,0.1755,-0.0403,1.4956,-0.3666,0.8731,2.2,1.81,1.6711,2.1979,1.1442,0
2003-02-04,3.96,2.7324,0.1712,-0.0477,1.4712,-0.3671,0.8225,2.12,1.84,1.6424,2.1648,1.12,0
2003-02-05,4.02,2.7506,0.1776,-0.0295,1.5075,-0.3862,0.7953,2.12,1.9,1.6851,2.2154,1.1548,0
2003-02-06,3.97,2.7379,0.1735,-0.0449,1.4807,-0.3772,0.7841,2.09,1.88,1.6542,2.1768,1.1316,0
2003-02-07,3.96,2.7327,0.1716,-0.0564,1.4756,-0.3635,0.7846,2.07,1.89,1.6472,2.1724,1.122,0
2003-02-10,3.99,2.7428,0.1747,-0.0442,1.4994,-0.3827,0.7536,2.06,1.93,1.6741,2.2087,1.1396,0
2003-02-11,3.98,2.7418,0.1745,-0.0556,1.4987,-0.3794,0.7634,2.05,1.93,1.6732,2.208,1.1384,0
2003-02-12,3.93,2.7306,0.17,-0.0831,1.4923,-0.3798,0.7724,2.04,1.89,1.6623,2.2089,1.1157,0
2003-02-13,3.89,2.7186,0.1654,-0.1069,1.4767,-0.3638,0.7864,2.01,1.88,1.6421,2.1922,1.0919,0
2003-02-14,3.95,2.7344,0.1707,-0.0975,1.5204,-0.378,0.7565,2.03,1.92,1.6911,2.2611,1.1211,0
2003-02-18,3.94,2.733,0.1699,-0.0922,1.4981,-0.3688,0.766,2.05,1.89,1.668,2.2188,1.1171,0
2003-02-19,3.88,2.7176,0.1643,-0.1023,1.4657,-0.3652,0.7636,1.99,1.89,1.63,2.1726,1.0873,0
2003-02-20,3.85,2.7066,0.1599,-0.11,1.4536,-0.3601,0.6552,1.91,1.94,1.6135,2.163,1.0641,0
2003-02-21,3.9,2.7213,0.165,-0.109,1.4838,-0.3611,0.6767,1.93,1.97,1.6488,2.2052,1.0923,0
2003-02-24,3.86,2.7111,0.1609,-0.1174,1.467,-0.3617,0.6447,1.87,1.99,1.6279,2.1849,1.071,0
2003-02-25,3.81,2.7007,0.157,-0.1281,1.4392,-0.3588,0.643,1.84,1.97,1.5962,2.1418,1.0506,0
2003-02-26,3.78,2.6935,0.1542,-0.1308,1.4139,-0.3507,0.6671,1.84,1.94,1.5681,2.1003,1.0358,0
2003-02-27,3.76,2.6885,0.1524,-0.1275,1.4013,-0.3547,0.6592,1.82,1.94,1.5537,2.0817,1.0257,0
2003-02-28,3.71,2.6754,0.1477,-0.1398,1.3797,-0.353,0.646,1.77,1.94,1.5274,2.0542,1.0006,0
2003-03-03,3.68,2.6703,0.145,-0.1514,1.3728,-0.3567,0.6555,1.77,1.91,1.5178,2.0479,0.9878,0
2003-03-04,3.65,2.6648,0.143,-0.1632,1.3681,-0.3627,0.6556,1.77,1.88,1.5111,2.045,0.9772,0
2003-03-05,3.63,2.6601,0.1415,-0.1781,1.3621,-0.3556,0.6714,1.75,1.88,1.5036,2.038,0.9693,0
2003-03-06,3.67,2.6683,0.1445,-0.1679,1.3815,-0.3564,0.6458,1.74,1.93,1.526,2.0665,0.9854,0
2003-03-07,3.63,2.66,0.1434,-0.1935,1.3721,-0.352,0.6406,1.72,1.91,1.5155,2.054,0.977,0
2003-03-10,3.59,2.651,0.1417,-0.2232,1.3694,-0.3489,0.6383,1.69,1.9,1.5111,2.0563,0.9659,0
2003-03-11,3.6,2.6534,0.1425,-0.2099,1.3616,-0.3475,0.6174,1.68,1.92,1.5041,2.0379,0.9702,0
2003-03-12,3.6,2.6529,0.1425,-0.1855,1.3342,-0.3441,0.6065,1.68,1.92,1.4767,1.9846,0.9688,0
2003-03-13,3.74,2.686,0.1538,-0.1256,1.381,-0.3552,0.5676,1.73,2.01,1.5348,2.0399,1.0296,0
2003-03-14,3.72,2.6849,0.1537,-0.1415,1.3728,-0.3499,0.7181,1.89,1.83,1.5265,2.0245,1.0285,0
2003-03-17,3.82,2.7021,0.1598,-0.1102,1.421,-0.3528,0.7156,1.97,1.85,1.5808,2.1008,1.0609,0
2003-03-18,3.91,2.7235,0.167,-0.0786,1.4489,-0.3508,0.7564,2.08,1.83,1.6159,2.1321,1.0997,0
2003-03-19,3.98,2.7379,0.1729,-0.0659,1.482,-0.347,0.7941,2.15,1.83,1.6549,2.1797,1.1302,0
2003-03-20,4.01,2.7461,0.176,-0.0564,1.5006,-0.3563,0.762,2.2,1.81,1.6766,2.2069,1.1464,0
2003-03-21,4.11,2.7715,0.1852,-0.0365,1.5482,-0.3584,0.7828,2.29,1.82,1.7334,2.271,1.1958,0
2003-03-24,3.98,2.7427,0.175,-0.0675,1.4967,-0.3668,0.7545,2.18,1.8,1.6717,2.2026,1.1408,0
2003-03-25,3.97,2.7417,0.1742,-0.073,1.4986,-0.3715,0.7461,2.17,1.8,1.6728,2.2079,1.1376,0
2003-03-26,3.96,2.74,0.1736,-0.0828,1.5015,-0.3723,0.7693,2.15,1.81,1.6751,2.2155,1.1347,0
2003-03-27,3.95,2.7354,0.172,-0.0946,1.5072,-0.37,0.7119,2.1,1.85,1.6792,2.2318,1.1265,0
2003-03-28,3.92,2.7313,0.1706,-0.1242,1.5119,-0.3696,0.7047,2.09,1.83,1.6825,2.2451,1.1199,0
2003-03-31,3.83,2.7121,0.1637,-0.1518,1.4731,-0.3672,0.7123,2.03,1.8,1.6368,2.1905,1.0832,0
2003-04-01,3.84,2.7124,0.1645,-0.1577,1.4846,-0.3638,0.743,2.02,1.82,1.6491,2.2115,1.0866,0
2003-04-02,3.94,2.7368,0.1733,-0.1219,1.5203,-0.3685,0.7606,2.11,1.83,1.6936,2.2538,1.1334,0
2003-04-03,3.93,2.7347,0.1732,-0.1343,1.5244,-0.368,0.7398,2.12,1.81,1.6976,2.2631,1.1321,0
2003-04-04,3.96,2.7416,0.1759,-0.1345,1.5424,-0.3654,0.7364,2.16,1.8,1.7183,2.2903,1.1463,0
2003-04-07,4.03,2.7577,0.1801,-0.095,1.5418,-0.3546,0.7687,2.21,1.82,1.7219,2.273,1.1708,0
2003-04-08,3.95,2.7368,0.1727,-0.1141,1.5062,-0.3515,0.7749,2.18,1.77,1.6789,2.2267,1.131,0
2003-04-09,3.93,2.7307,0.1709,-0.1273,1.5013,-0.3456,0.7851,2.13,1.8,1.6722,2.2236,1.1208,0
2003-04-10,3.95,2.7339,0.1712,-0.1225,1.5096,-0.3422,0.7645,2.16,1.79,1.6808,2.238,1.1236,0
2003-04-11,4.0,2.7451,0.1744,-0.1022,1.5169,-0.3342,0.7963,2.23,1.77,1.6913,2.2407,1.1419,0
2003-04-14,4.04,2.751,0.176,-0.0717,1.5149,-0.3302,0.8058,2.22,1.82,1.6909,2.2313,1.1504,0
2003-04-15,3.98,2.7357,0.1708,-0.0812,1.4811,-0.3263,0.8236,2.18,1.8,1.6519,2.1821,1.1216,0
2003-04-16,3.96,2.7315,0.1696,-0.0792,1.4674,-0.3293,0.8123,2.2,1.76,1.637,2.1597,1.1144,0
2003-04-17,3.98,2.7354,0.1713,-0.0614,1.4595,-0.3248,0.859,2.22,1.76,1.6308,2.139,1.1226,0
2003-04-21,4.0,2.7384,0.1721,-0.0474,1.4631,-0.3262,0.8834,2.25,1.75,1.6352,2.1434,1.1271,0
2003-04-22,4.01,2.7397,0.1728,-0.0535,1.4797,-0.3287,0.9059,2.27,1.74,1.6525,2.1742,1.1308,0
2003-04-23,4.02,2.7391,0.1728,-0.0485,1.4776,-0.3209,0.904,2.26,1.76,1.6504,2.1708,1.13,0
2003-04-24,3.93,2.7184,0.1659,-0.0739,1.4373,-0.3177,0.9183,2.22,1.71,1.6032,2.114,1.0924,0
2003-04-25,3.91,2.7139,0.1643,-0.0952,1.4531,-0.3261,0.9099,2.18,1.73,1.6174,2.1506,1.0842,0
2003-04-28,3.92,2.7157,0.1645,-0.088,1.4483,-0.3205,0.8901,2.16,1.76,1.6128,2.1395,1.0861,0
2003-04-29,3.96,2.7253,0.1679,-0.0791,1.4597,-0.3138,0.9156,2.22,1.74,1.6276,2.1504,1.1048,0
2003-04-30,3.89,2.7087,0.1626,-0.1101,1.4502,-0.3214,0.9075,2.16,1.73,1.6128,2.1501,1.0755,0
2003-05-01,3.88,2.7085,0.163,-0.1296,1.4575,-0.3194,0.9639,2.13,1.75,1.6205,2.1631,1.0778,0
2003-05-02,3.94,2.7204,0.1664,-0.1052,1.4786,-0.3202,0.963,2.19,1.75,1.645,2.1928,1.0972,0
2003-05-05,3.92,2.7111,0.1627,-0.1025,1.4555,-0.3068,0.8935,2.19,1.73,1.6182,2.1588,1.0775,0
2003-05-06,3.84,2.6957,0.1578,-0.1528,1.447,-0.3077,0.9096,2.17,1.67,1.6048,2.1581,1.0514,0
2003-05-07,3.72,2.6678,0.1472,-0.1702,1.3744,-0.2992,0.9092,2.02,1.7,1.5216,2.0485,0.9947,0
2003-05-08,3.7,2.6626,0.1447,-0.1764,1.3808,-0.3116,0.8992,2.0,1.7,1.5255,2.0682,0.9827,0
2003-05-09,3.69,2.6585,0.1431,-0.1741,1.3605,-0.298,0.8929,2.0,1.69,1.5036,2.0331,0.9741,0
2003-05-12,3.64,2.6468,0.1389,-0.1719,1.3169,-0.2907,0.8946,1.96,1.68,1.4558,1.9605,0.951,0
2003-05-13,3.63,2.6431,0.1377,-0.1738,1.3155,-0.2925,0.8525,1.94,1.69,1.4532,1.9621,0.9443,0
2003-05-14,3.53,2.6201,0.1297,-0.1997,1.2679,-0.2879,0.8826,1.87,1.66,1.3976,1.8941,0.9011,0
2003-05-15,3.53,2.6196,0.1296,-0.1717,1.2429,-0.2903,0.8289,1.86,1.67,1.3725,1.8451,0.8998,0
2003-05-16,3.46,2.6083,0.1266,-0.2065,1.2392,-0.3076,0.8444,1.84,1.62,1.3658,1.8493,0.8824,0
2003-05-19,3.46,2.6054,0.1255,-0.2214,1.2416,-0.2911,0.8519,1.85,1.61,1.3671,1.8576,0.8767,0
2003-05-20,3.38,2.5853,0.1185,-0.2299,1.1946,-0.2885,0.802,1.73,1.65,1.3131,1.7874,0.8388,0
2003-05-21,3.39,2.5863,0.1178,-0.2033,1.1677,-0.2785,0.7969,1.73,1.66,1.2855,1.7349,0.836,0
2003-05-22,3.34,2.5755,0.1138,-0.2083,1.1392,-0.2802,0.8117,1.71,1.63,1.253,1.6917,0.8143,0
2003-05-23,3.34,2.5739,0.1132,-0.1983,1.1307,-0.2795,0.8081,1.72,1.62,1.2439,1.6771,0.8108,0
2003-05-27,3.41,2.5943,0.1201,-0.2202,1.218,-0.3022,0.8413,1.8,1.61,1.3381,1.8264,0.8498,0
2003-05-28,3.44,2.6002,0.1212,-0.2347,1.2457,-0.2924,0.8619,1.83,1.61,1.3669,1.8756,0.8582,0
2003-05-29,3.34,2.5789,0.1139,-0.254,1.1954,-0.2942,0.8496,1.76,1.58,1.3093,1.8001,0.8185,0
2003-05-30,3.37,2.584,0.1153,-0.2468,1.2059,-0.2884,0.8414,1.77,1.6,1.3212,1.8157,0.8268,0
2003-06-02,3.43,2.5999,0.1202,-0.2362,1.2426,-0.2965,0.8491,1.83,1.6,1.3628,1.8709,0.8547,0
2003-06-03,3.34,2.5783,0.114,-0.2795,1.2197,-0.2924,0.835,1.76,1.58,1.3337,1.8479,0.8195,0
2003-06-04,3.3,2.5695,0.1112,-0.2972,1.2025,-0.286,0.8387,1.73,1.57,1.3137,1.8232,0.8043,0
2003-06-05,3.34,2.5808,0.1155,-0.2769,1.2137,-0.2931,0.8103,1.75,1.59,1.3292,1.8316,0.8267,0
2003-06-06,3.37,2.5876,0.1182,-0.2656,1.2247,-0.2949,0.8008,1.76,1.61,1.3429,1.845,0.8408,0
2003-06-09,3.29,2.5684,0.112,-0.2928,1.195,-0.2926,0.7833,1.68,1.61,1.307,1.8074,0.8067,0
2003-06-10,3.2,2.5472,0.1055,-0.3196,1.1542,-0.2873,0.7785,1.61,1.59,1.2597,1.7492,0.7702,0
2003-06-11,3.21,2.5503,0.107,-0.307,1.1496,-0.2899,0.7705,1.62,1.59,1.2566,1.7362,0.777,0
2003-06-12,3.18,2.5414,0.1052,-0.326,1.1432,-0.2838,0.7724,1.57,1.61,1.2484,1.7316,0.7653,0
2003-06-13,3.13,2.527,0.1013,-0.3345,1.1072,-0.271,0.7518,1.51,1.62,1.2085,1.6748,0.7422,0
2003-06-16,3.18,2.5422,0.107,-0.3084,1.1224,-0.2832,0.765,1.59,1.59,1.2294,1.6872,0.7715,0
2003-06-17,3.27,2.5635,0.1145,-0.2692,1.142,-0.2807,0.8055,1.7,1.57,1.2565,1.7014,0.8115,0
2003-06-18,3.37,2.5855,0.1236,-0.2549,1.2009,-0.285,0.8217,1.79,1.58,1.3245,1.7906,0.8584,0
2003-06-19,3.35,2.5825,0.1246,-0.2988,1.2422,-0.3005,0.7994,1.74,1.61,1.3668,1.8719,0.8616,0
2003-06-20,3.4,2.5952,0.1287,-0.2914,1.2656,-0.2981,0.7958,1.77,1.63,1.3943,1.904,0.8846,0
2003-06-23,3.32,2.5777,0.1215,-0.3111,1.2294,-0.2974,0.7884,1.71,1.61,1.3509,1.8545,0.8473,0
2003-06-24,3.29,2.5689,0.1187,-0.3194,1.2113,-0.2895,0.7835,1.68,1.61,1.33,1.828,0.832,0
2003-06-25,3.38,2.5886,0.1233,-0.2648,1.2247,-0.2918,0.7317,1.71,1.67,1.348,1.8364,0.8596,0
2003-06-26,3.55,2.6243,0.1361,-0.2163,1.2687,-0.2628,0.8197,1.85,1.7,1.4048,1.8819,0.9277,0
2003-06-27,3.58,2.6331,0.1399,-0.2278,1.3298,-0.295,0.7871,1.9,1.68,1.4697,1.9918,0.9476,0
2003-06-30,3.54,2.6214,0.1349,-0.236,1.3066,-0.2869,0.7847,1.9,1.64,1.4415,1.9611,0.9218,0
2003-07-01,3.56,2.6268,0.137,-0.2423,1.3323,-0.2938,0.7924,1.92,1.64,1.4693,2.0051,0.9335,0
2003-07-02,3.56,2.6307,0.1385,-0.258,1.3436,-0.2948,0.8244,1.96,1.6,1.4821,2.0221,0.9421,0
2003-07-03,3.67,2.658,0.1484,-0.2481,1.4121,-0.3004,0.8389,2.09,1.58,1.5605,2.1253,0.9958,0
2003-07-07,3.74,2.6755,0.1543,-0.2329,1.4419,-0.2988,0.8608,2.14,1.6,1.5962,2.164,1.0284,0
2003-07-08,3.75,2.6792,0.1562,-0.2245,1.4404,-0.3013,0.8842,2.12,1.63,1.5966,2.1557,1.0374,0
2003-07-09,3.73,2.67,0.1534,-0.2265,1.4282,-0.2951,0.8311,2.0,1.73,1.5816,2.142,1.0212,0
2003-07-10,3.7,2.6646,0.1515,-0.2428,1.432,-0.3053,0.8088,1.94,1.76,1.5835,2.156,1.011,0
2003-07-11,3.66,2.6563,0.1481,-0.2643,1.4278,-0.3078,0.8274,1.88,1.78,1.5759,2.1579,0.9939,0
2003-07-14,3.74,2.673,0.1536,-0.2488,1.4649,-0.3027,0.7766,1.92,1.82,1.6185,2.2123,1.0247,0
2003-07-15,3.94,2.722,0.1718,-0.1978,1.548,-0.304,0.7956,2.06,1.88,1.7198,2.3183,1.1213,0
2003-07-16,3.97,2.728,0.1749,-0.1771,1.5463,-0.3022,0.7968,2.08,1.89,1.7212,2.3069,1.1356,0
2003-07-17,3.98,2.7302,0.1765,-0.1747,1.5547,-0.3067,0.7946,2.05,1.93,1.7312,2.3198,1.1426,0
2003-07-18,4.0,2.735,0.1786,-0.1589,1.5572,-0.3118,0.7891,2.04,1.96,1.7358,2.3185,1.153,0
2003-07-21,4.19,2.7558,0.1859,-0.1355,1.5949,-0.2111,0.8238,2.21,1.98,1.7808,2.3696,1.192,0
2003-07-22,4.17,2.7715,0.1925,-0.1222,1.6401,-0.3119,0.7813,2.19,1.98,1.8326,2.4391,1.226,0
2003-07-23,4.12,2.7635,0.1898,-0.1434,1.6279,-0.3178,0.7834,2.11,2.01,1.8177,2.4241,1.2113,0
2003-07-24,4.2,2.781,0.1957,-0.1443,1.6959,-0.3282,0.7385,2.18,2.02,1.8916,2.5387,1.2444,0
2003-07-25,4.22,2.789,0.1985,-0.1425,1.7138,-0.3389,0.6948,2.14,2.08,1.9123,2.5646,1.26,0
2003-07-28,4.31,2.8146,0.2071,-0.1179,1.7437,-0.3375,0.7431,2.27,2.04,1.9508,2.5943,1.3072,0
2003-07-29,4.42,2.8405,0.2169,-0.0904,1.791,-0.338,0.7801,2.38,2.04,2.0079,2.6568,1.359,0
2003-07-30,4.34,2.8258,0.2119,-0.1036,1.7732,-0.3673,0.7662,2.32,2.02,1.9851,2.6389,1.3313,0
2003-07-31,4.49,2.8588,0.2237,-0.0969,1.8732,-0.3688,0.7618,2.41,2.08,2.0969,2.7987,1.3951,0
2003-08-01,4.44,2.8592,0.2236,-0.0795,1.8521,-0.4153,0.7462,2.4,2.04,2.0757,2.7568,1.3945,0
2003-08-04,4.35,2.8386,0.2154,-0.1195,1.8374,-0.4219,0.7288,2.34,2.01,2.0528,2.7531,1.3524,0
2003-08-05,4.47,2.8651,0.2251,-0.0815,1.8639,-0.4026,0.7435,2.43,2.04,2.089,2.7744,1.4037,0
2003-08-06,4.32,2.8257,0.2112,-0.0952,1.752,-0.3737,0.7492,2.34,1.98,1.9632,2.5985,1.328,0
2003-08-07,4.3,2.8082,0.2049,-0.099,1.7111,-0.3252,0.7305,2.29,2.01,1.916,2.5387,1.2933,0
2003-08-08,4.27,2.8059,0.2039,-0.1109,1.7192,-0.3481,0.7394,2.27,2.0,1.9231,2.5573,1.2889,0
2003-08-11,4.38,2.8273,0.211,-0.0892,1.7738,-0.3429,0.6956,2.31,2.07,1.9848,2.6419,1.3278,0
2003-08-12,4.37,2.8293,0.2121,-0.1074,1.7886,-0.3526,0.692,2.29,2.08,2.0007,2.6674,1.334,0
2003-08-13,4.58,2.8788,0.2302,-0.0725,1.9025,-0.3589,0.6856,2.41,2.17,2.1327,2.8344,1.431,0
2003-08-14,4.55,2.875,0.2294,-0.079,1.8945,-0.3699,0.6708,2.38,2.17,2.1239,2.8225,1.4253,0
2003-08-15,4.55,2.8745,0.2296,-0.0727,1.887,-0.3684,0.6529,2.36,2.19,2.1166,2.8073,1.4259,0
2003-08-18,4.49,2.8604,0.224,-0.0812,1.8473,-0.3605,0.6637,2.33,2.16,2.0713,2.7464,1.3961,0
2003-08-19,4.38,2.832,0.2139,-0.0878,1.7758,-0.3538,0.6487,2.24,2.14,1.9897,2.6379,1.3414,0
2003-08-20,4.45,2.8463,0.2193,-0.0653,1.8071,-0.3574,0.6125,2.26,2.19,2.0264,2.6831,1.3697,0
2003-08-21,4.53,2.8652,0.2264,-0.0098,1.8035,-0.3554,0.5793,2.29,2.24,2.0299,2.6538,1.406,0
2003-08-22,4.48,2.852,0.2225,-0.0176,1.7738,-0.3507,0.584,2.26,2.22,1.9963,2.6098,1.3828,0
2003-08-25,4.53,2.8625,0.2261,0.0008,1.7918,-0.3512,0.6041,2.31,2.22,2.0179,2.6337,1.4021,0
2003-08-26,4.5,2.855,0.2237,0.0011,1.773,-0.3529,0.6044,2.28,2.22,1.9967,2.6047,1.3887,0
2003-08-27,4.54,2.8646,0.2276,0.0182,1.7801,-0.3504,0.626,2.36,2.18,2.0077,2.607,1.4083,0
2003-08-28,4.42,2.8354,0.2171,-0.0142,1.7268,-0.3451,0.6334,2.29,2.13,1.9439,2.5357,1.3521,0
2003-08-29,4.45,2.8413,0.2191,0.0063,1.7294,-0.3461,0.6328,2.29,2.16,1.9485,2.534,1.363,0
2003-09-02,4.61,2.88,0.2331,0.0429,1.8054,-0.3515,0.6564,2.43,2.18,2.0385,2.639,1.438,0
2003-09-03,4.6,2.8785,0.2336,0.0331,1.8137,-0.3589,0.6365,2.4,2.2,2.0473,2.6553,1.4393,0
2003-09-04,4.52,2.8578,0.2256,-0.0075,1.7905,-0.3464,0.6275,2.32,2.2,2.0161,2.6344,1.3978,0
2003-09-05,4.35,2.8183,0.2105,-0.0755,1.7438,-0.3471,0.6048,2.17,2.18,1.9543,2.5888,1.3197,0
2003-09-08,4.41,2.8328,0.2144,-0.0686,1.7647,-0.3333,0.6227,2.24,2.17,1.9791,2.615,1.3433,0
2003-09-09,4.37,2.8266,0.2121,-0.0866,1.7579,-0.34,0.6252,2.21,2.16,1.97,2.6081,1.3318,0
2003-09-10,4.28,2.8045,0.2039,-0.1199,1.7174,-0.3259,0.6507,2.18,2.1,1.9213,2.5541,1.2885,0
2003-09-11,4.35,2.8185,0.2088,-0.1017,1.7443,-0.3198,0.6459,2.22,2.13,1.9531,2.5912,1.315,0
2003-09-12,4.27,2.8042,0.2034,-0.1235,1.7241,-0.3382,0.6408,2.18,2.09,1.9275,2.5681,1.2868,0
2003-09-15,4.28,2.8055,0.2032,-0.136,1.7392,-0.3318,0.6383,2.18,2.1,1.9424,2.5976,1.2871,0
2003-09-16,4.29,2.8121,0.2053,-0.1558,1.7681,-0.3397,0.6808,2.26,2.03,1.9734,2.6467,1.3,0
2003-09-17,4.2,2.7876,0.1963,-0.158,1.6897,-0.3156,0.697,2.2,2.0,1.886,2.5207,1.2513,0
2003-09-18,4.19,2.7857,0.1956,-0.1374,1.6686,-0.3224,0.7059,2.18,2.01,1.8642,2.4814,1.2469,0
2003-09-19,4.17,2.78,0.194,-0.1147,1.6376,-0.3269,0.69,2.17,2.0,1.8316,2.4266,1.2366,0
2003-09-22,4.26,2.7974,0.2001,-0.1048,1.6923,-0.325,0.6781,2.21,2.05,1.8924,2.515,1.2697,0
2003-09-23,4.24,2.7913,0.1981,-0.1121,1.6744,-0.3117,0.6728,2.19,2.05,1.8725,2.4862,1.2588,0
2003-09-24,4.16,2.7726,0.1915,-0.1196,1.6262,-0.3107,0.6539,2.13,2.03,1.8177,2.4124,1.2229,0
2003-09-25,4.12,2.7621,0.1877,-0.1208,1.6024,-0.3114,0.6275,2.07,2.05,1.7901,2.3782,1.202,0
2003-09-26,4.04,2.7415,0.1799,-0.1429,1.5634,-0.3019,0.5962,1.99,2.05,1.7433,2.3258,1.1608,0
2003-09-29,4.09,2.7546,0.184,-0.1401,1.5964,-0.3049,0.5971,2.03,2.06,1.7804,2.3766,1.1843,0
2003-09-30,3.96,2.7261,0.1736,-0.1811,1.5452,-0.3038,0.6037,1.95,2.01,1.7188,2.3083,1.1294,0
2003-10-01,3.96,2.7275,0.1739,-0.189,1.5544,-0.3068,0.6098,1.96,2.0,1.7283,2.3248,1.1319,0
2003-10-02,4.03,2.7461,0.1807,-0.1791,1.5974,-0.3151,0.6305,2.01,2.02,1.7781,2.3877,1.1685,0
2003-10-03,4.21,2.7908,0.1973,-0.1244,1.6717,-0.3254,0.6337,2.16,2.05,1.869,2.4816,1.2565,0
2003-10-06,4.17,2.7792,0.1948,-0.1433,1.6587,-0.3194,0.6246,2.11,2.06,1.8535,2.4668,1.2402,0
2003-10-07,4.27,2.8015,0.2023,-0.1212,1.7092,-0.3218,0.6186,2.17,2.1,1.9115,2.5417,1.2812,0
2003-10-08,4.27,2.8026,0.203,-0.1373,1.7243,-0.3226,0.6312,2.18,2.09,1.9273,2.5699,1.2847,0
2003-10-09,4.32,2.8135,0.207,-0.1301,1.755,-0.3254,0.6127,2.2,2.12,1.962,2.6177,1.3063,0
2003-10-10,4.29,2.8027,0.2033,-0.1266,1.7173,-0.3067,0.5749,2.14,2.15,1.9206,2.5558,1.2855,0
2003-10-14,4.37,2.8261,0.2115,-0.1191,1.7818,-0.3303,0.56,2.18,2.19,1.9933,2.6563,1.3304,0
2003-10-15,4.43,2.8377,0.2161,-0.1014,1.7924,-0.3148,0.5679,2.2,2.23,2.0085,2.663,1.354,0
2003-10-16,4.47,2.8475,0.2201,-0.0495,1.7769,-0.325,0.5525,2.21,2.26,1.997,2.6211,1.3728,0
2003-10-17,4.41,2.8284,0.2141,-0.0529,1.7353,-0.3148,0.5178,2.14,2.27,1.9494,2.5604,1.3383,0
2003-10-20,4.41,2.8251,0.2125,-0.0474,1.7243,-0.3045,0.5138,2.13,2.28,1.9368,2.5437,1.33,0
2003-10-21,4.38,2.8192,0.2103,-0.0512,1.7114,-0.3098,0.5266,2.12,2.26,1.9217,2.5254,1.3181,0
2003-10-22,4.29,2.7964,0.2018,-0.0721,1.6638,-0.2998,0.538,2.07,2.22,1.8656,2.4577,1.2734,0
2003-10-23,4.34,2.8063,0.2054,-0.0655,1.7021,-0.3083,0.5085,2.03,2.31,1.9075,2.5226,1.2925,0
2003-10-24,4.24,2.781,0.1959,-0.0883,1.6431,-0.2918,0.4877,1.92,2.32,1.839,2.4358,1.2423,0
2003-10-27,4.3,2.7943,0.2,-0.0627,1.6592,-0.2908,0.4755,1.96,2.34,1.8592,2.4531,1.2653,0
2003-10-28,4.23,2.7782,0.1944,-0.0977,1.6427,-0.2875,0.4735,1.91,2.32,1.8371,2.4387,1.2354,0
2003-10-29,4.31,2.7986,0.2016,-0.076,1.6791,-0.2933,0.4781,1.98,2.33,1.8807,2.4871,1.2743,0
2003-10-30,4.36,2.8116,0.2068,-0.0459,1.6863,-0.2988,0.4711,1.97,2.39,1.8931,2.4855,1.3007,0
2003-10-31,4.33,2.8015,0.2034,-0.046,1.6645,-0.2935,0.4526,1.93,2.4,1.8679,2.4539,1.2819,0
2003-11-03,4.4,2.8158,0.2088,-0.0222,1.6883,-0.2907,0.4497,1.97,2.43,1.8971,2.4844,1.3098,0
2003-11-04,4.33,2.8006,0.2041,-0.0342,1.6525,-0.293,0.4457,1.93,2.4,1.8566,2.4303,1.2829,0
2003-11-05,4.38,2.8127,0.2083,-0.0158,1.6637,-0.2889,0.4972,2.02,2.36,1.872,2.4389,1.3051,0
2003-11-06,4.45,2.8284,0.214,0.0114,1.6947,-0.2985,0.5032,2.08,2.37,1.9087,2.4819,1.3355,0
2003-11-07,4.48,2.8328,0.216,0.0311,1.692,-0.2919,0.4909,2.1,2.38,1.908,2.4716,1.3445,0
2003-11-10,4.49,2.8343,0.2167,0.0397,1.694,-0.2947,0.4734,2.09,2.4,1.9107,2.4735,1.348,0
2003-11-12,4.44,2.822,0.2127,0.0259,1.674,-0.2946,0.466,2.04,2.4,1.8867,2.448,1.3255,0
2003-11-13,4.3,2.7896,0.201,-0.0177,1.6221,-0.295,0.4581,1.94,2.36,1.8231,2.383,1.2633,0
2003-11-14,4.22,2.7711,0.1936,-0.0418,1.5905,-0.2933,0.445,1.87,2.35,1.7841,2.3429,1.2252,0
2003-11-17,4.18,2.7635,0.1901,-0.0616,1.5854,-0.2974,0.4324,1.82,2.36,1.7755,2.3427,1.2083,0
2003-11-18,4.17,2.7609,0.1886,-0.0627,1.5657,-0.2825,0.4534,1.83,2.34,1.7543,2.307,1.2016,0
2003-11-19,4.24,2.7771,0.1949,-0.0387,1.5874,-0.2807,0.4755,1.91,2.33,1.7823,2.3302,1.2344,0
2003-11-20,4.16,2.7619,0.1902,-0.0615,1.559,-0.2895,0.5138,1.92,2.24,1.7492,2.2908,1.2076,0
2003-11-21,4.15,2.7585,0.1888,-0.0508,1.5393,-0.2857,0.5365,1.93,2.22,1.7281,2.2561,1.2001,0
2003-11-24,4.23,2.7748,0.1943,-0.0219,1.5697,-0.2869,0.5248,1.99,2.24,1.764,2.298,1.23,0
2003-11-25,4.19,2.7647,0.1912,-0.0281,1.5488,-0.2866,0.494,1.92,2.27,1.74,2.2681,1.212,0
2003-11-26,4.25,2.7794,0.1964,-0.0064,1.5717,-0.2911,0.4903,1.96,2.29,1.7681,2.2961,1.2401,0
2003-11-28,4.34,2.7995,0.2044,0.024,1.6023,-0.2902,0.5128,2.03,2.31,1.8067,2.3325,1.2809,0
2003-12-01,4.4,2.8133,0.2097,0.0583,1.6201,-0.3014,0.4989,2.08,2.32,1.8298,2.3516,1.308,0
2003-12-02,4.38,2.8087,0.2089,0.0452,1.621,-0.3038,0.4918,2.05,2.33,1.8299,2.3576,1.3022,0
2003-12-03,4.41,2.8153,0.2114,0.0497,1.6344,-0.3007,0.4901,2.08,2.33,1.8458,2.3759,1.3157,0
2003-12-04,4.38,2.8067,0.2084,0.0398,1.6188,-0.2937,0.4718,2.04,2.34,1.8272,2.3552,1.2992,0
2003-12-05,4.23,2.7707,0.1954,-0.0116,1.5561,-0.2806,0.4531,1.92,2.31,1.7515,2.2725,1.2305,0
2003-12-08,4.29,2.7852,0.1997,-0.0029,1.589,-0.281,0.4556,1.96,2.33,1.7887,2.322,1.2554,0
2003-12-09,4.32,2.7952,0.2029,0.0051,1.6036,-0.2868,0.463,2.0,2.32,1.8065,2.3396,1.2734,0
2003-12-10,4.3,2.7899,0.2011,-0.0061,1.6005,-0.2854,0.4468,1.97,2.33,1.8016,2.3393,1.2639,0
2003-12-11,4.27,2.7791,0.1979,-0.0411,1.6024,-0.2684,0.4158,1.9,2.37,1.8003,2.3541,1.2465,0
2003-12-12,4.26,2.7806,0.1985,-0.0384,1.5919,-0.2726,0.43,1.91,2.35,1.7904,2.3312,1.2495,0
2003-12-15,4.28,2.7873,0.2004,-0.0308,1.6029,-0.2798,0.4581,1.98,2.3,1.8033,2.3462,1.2604,0
2003-12-16,4.24,2.7788,0.1972,-0.0499,1.5934,-0.2796,0.4894,1.99,2.25,1.7906,2.3371,1.2441,0
2003-12-17,4.19,2.7667,0.193,-0.0468,1.5541,-0.277,0.4982,1.96,2.23,1.7471,2.2733,1.2209,0
2003-12-18,4.16,2.7561,0.1902,-0.0367,1.5109,-0.2604,0.5133,1.94,2.22,1.7011,2.1987,1.2035,0
2003-12-19,4.15,2.7542,0.1897,-0.0389,1.5167,-0.2717,0.5149,1.95,2.2,1.7064,2.2122,1.2006,0
2003-12-22,4.18,2.7596,0.191,-0.0339,1.5307,-0.2674,0.525,1.98,2.2,1.7217,2.2352,1.2083,0
2003-12-23,4.28,2.7802,0.1984,0.0028,1.5625,-0.2639,0.509,2.03,2.25,1.7609,2.2739,1.2478,0
2003-12-24,4.2,2.7622,0.1919,-0.0269,1.5354,-0.2626,0.5096,1.96,2.24,1.7273,2.2416,1.213,0
2003-12-26,4.17,2.754,0.1888,-0.0384,1.5238,-0.2583,0.4997,1.94,2.23,1.7126,2.2283,1.197,0
2003-12-29,4.24,2.7736,0.1947,-0.0306,1.58,-0.2777,0.4992,1.99,2.25,1.7747,2.3185,1.2309,0
2003-12-30,4.29,2.7846,0.1986,-0.029,1.6029,-0.2672,0.4986,2.01,2.28,1.8015,2.3504,1.2526,0
2003-12-31,4.27,2.7807,0.1972,-0.0372,1.5972,-0.268,0.4888,2.0,2.27,1.7944,2.3438,1.2451,0
2004-01-02,4.38,2.8071,0.2072,-0.0069,1.6466,-0.274,0.4903,2.06,2.32,1.8538,2.4101,1.2975,0
2004-01-05,4.41,2.8123,0.2087,0.0011,1.6595,-0.2716,0.4733,2.06,2.35,1.8682,2.4305,1.3059,0
2004-01-06,4.29,2.785,0.1991,-0.0303,1.6061,-0.27,0.4705,1.97,2.32,1.8052,2.3564,1.2541,0
2004-01-07,4.27,2.7777,0.1963,-0.032,1.583,-0.255,0.4645,1.94,2.33,1.7793,2.3191,1.2396,0
2004-01-08,4.27,2.7803,0.1974,-0.0398,1.5939,-0.2618,0.486,1.99,2.28,1.7913,2.337,1.2455,0
2004-01-09,4.11,2.744,0.1847,-0.0985,1.5439,-0.2641,0.4941,1.89,2.22,1.7286,2.2795,1.1777,0
2004-01-12,4.11,2.7435,0.1838,-0.0996,1.5392,-0.2569,0.503,1.89,2.22,1.723,2.2719,1.1742,0
2004-01-13,4.05,2.7308,0.1788,-0.1204,1.5231,-0.2624,0.4827,1.83,2.22,1.7019,2.255,1.1489,0
2004-01-14,4.01,2.7236,0.1764,-0.121,1.4904,-0.2593,0.5088,1.85,2.16,1.6668,2.1983,1.1352,0
2004-01-15,3.99,2.7168,0.1741,-0.0994,1.4525,-0.254,0.493,1.82,2.17,1.6266,2.1315,1.1218,0
2004-01-16,4.04,2.7268,0.1779,-0.0738,1.4668,-0.2577,0.468,1.83,2.21,1.6447,2.148,1.1413,0
2004-01-20,4.08,2.7335,0.1802,-0.0719,1.4887,-0.2505,0.4475,1.84,2.24,1.6689,2.1838,1.154,0
2004-01-21,4.05,2.7286,0.179,-0.0814,1.4838,-0.26,0.4221,1.79,2.26,1.6628,2.179,1.1466,0
2004-01-22,3.99,2.7163,0.1745,-0.0992,1.4593,-0.2609,0.4322,1.76,2.23,1.6338,2.145,1.1226,0
2004-01-23,4.09,2.7393,0.1829,-0.0738,1.5054,-0.2638,0.4356,1.82,2.27,1.6883,2.209,1.1676,0
2004-01-26,4.16,2.755,0.1882,-0.0599,1.5358,-0.2591,0.4473,1.89,2.27,1.724,2.2516,1.1965,0
2004-01-27,4.11,2.7432,0.184,-0.0766,1.5233,-0.2639,0.4218,1.84,2.27,1.7073,2.2404,1.1742,0
2004-01-28,4.22,2.7684,0.193,-0.027,1.5423,-0.2566,0.4309,1.92,2.3,1.7353,2.2488,1.2217,0
2004-01-29,4.22,2.7674,0.1925,-0.0209,1.5432,-0.2622,0.4093,1.91,2.31,1.7357,2.2527,1.2188,0
2004-01-30,4.16,2.7541,0.1881,-0.0267,1.5124,-0.268,0.3901,1.85,2.31,1.7005,2.207,1.194,0
2004-02-02,4.18,2.7571,0.1886,-0.0203,1.5208,-0.2662,0.3578,1.84,2.34,1.7094,2.2212,1.1977,0
2004-02-03,4.13,2.7481,0.1852,-0.0422,1.5098,-0.2709,0.3606,1.81,2.32,1.695,2.2097,1.1803,0
2004-02-04,4.15,2.7524,0.187,-0.0339,1.51,-0.2655,0.3656,1.82,2.33,1.697,2.2045,1.1895,0
2004-02-05,4.2,2.7603,0.19,-0.0131,1.5098,-0.247,0.3763,1.85,2.35,1.6998,2.195,1.2046,0
2004-02-06,4.12,2.7422,0.1836,-0.0367,1.4876,-0.2567,0.3695,1.79,2.33,1.6712,2.172,1.1703,0
2004-02-09,4.09,2.7367,0.181,-0.0484,1.4874,-0.2667,0.3593,1.76,2.33,1.6684,2.1793,1.1575,0
2004-02-10,4.13,2.746,0.1843,-0.0335,1.4941,-0.261,0.366,1.79,2.34,1.6784,2.1816,1.1753,0
2004-02-11,4.05,2.7281,0.178,-0.0677,1.4723,-0.2606,0.3693,1.75,2.3,1.6503,2.1586,1.1419,0
2004-02-12,4.1,2.737,0.1811,-0.0686,1.5014,-0.2509,0.3719,1.77,2.33,1.6825,2.2062,1.1589,0
2004-02-13,4.05,2.728,0.1782,-0.0855,1.4863,-0.257,0.3578,1.74,2.31,1.6645,2.1857,1.1432,0
2004-02-17,4.05,2.729,0.1779,-0.0844,1.4818,-0.2543,0.367,1.75,2.3,1.6597,2.1768,1.1427,0
2004-02-18,4.05,2.7312,0.1785,-0.0789,1.4863,-0.2672,0.3616,1.75,2.3,1.6648,2.1835,1.1462,0
2004-02-19,4.05,2.7303,0.1781,-0.0825,1.4837,-0.2596,0.3625,1.76,2.29,1.6618,2.1792,1.1445,0
2004-02-20,4.1,2.7428,0.1826,-0.063,1.5037,-0.2661,0.3548,1.79,2.31,1.6863,2.2044,1.1682,0
2004-02-23,4.05,2.7322,0.1782,-0.0797,1.4898,-0.2706,0.3481,1.76,2.29,1.668,2.19,1.1461,0
2004-02-24,4.04,2.7282,0.1766,-0.0791,1.4747,-0.2604,0.3385,1.74,2.3,1.6513,2.1652,1.1375,0
2004-02-25,4.02,2.7242,0.1749,-0.0886,1.4753,-0.2658,0.3183,1.71,2.31,1.6502,2.1712,1.1291,0
2004-02-26,4.05,2.7304,0.1772,-0.0823,1.4901,-0.2654,0.2855,1.69,2.36,1.6673,2.1934,1.1412,0
2004-02-27,3.99,2.717,0.1727,-0.0644,1.4306,-0.2659,0.2194,1.61,2.38,1.6033,2.0904,1.1161,0
2004-03-01,4.0,2.7172,0.1726,-0.081,1.4548,-0.2636,0.1794,1.55,2.45,1.6274,2.1391,1.1156,0
2004-03-02,4.05,2.7316,0.1774,-0.0671,1.4754,-0.2672,0.1899,1.58,2.47,1.6528,2.1631,1.1424,0
2004-03-03,4.07,2.735,0.1791,-0.0649,1.4853,-0.2645,0.1891,1.59,2.48,1.6644,2.1783,1.1505,0
2004-03-04,4.04,2.7283,0.1766,-0.0736,1.4679,-0.2593,0.2243,1.6,2.44,1.6445,2.1515,1.1376,0
2004-03-05,3.85,2.6824,0.1604,-0.1212,1.3804,-0.252,0.2211,1.46,2.39,1.5408,2.0317,1.0499,0
2004-03-08,3.78,2.6684,0.1539,-0.1439,1.364,-0.2624,0.228,1.43,2.35,1.5179,2.0178,1.0181,0
2004-03-09,3.73,2.6572,0.1494,-0.1587,1.3401,-0.258,0.2371,1.4,2.33,1.4895,1.9841,0.9949,0
2004-03-10,3.74,2.66,0.1502,-0.1564,1.3409,-0.2548,0.2748,1.45,2.29,1.4911,1.9827,0.9996,0
2004-03-11,3.74,2.6652,0.152,-0.1505,1.3519,-0.2787,0.2989,1.5,2.24,1.5039,1.9982,1.0096,0
2004-03-12,3.78,2.6678,0.1528,-0.1447,1.3545,-0.2504,0.3133,1.52,2.26,1.5073,2.0007,1.0139,0
2004-03-15,3.78,2.6654,0.1517,-0.134,1.3467,-0.2498,0.2749,1.47,2.31,1.4984,1.9888,1.0081,0
2004-03-16,3.7,2.6476,0.1453,-0.1568,1.3169,-0.253,0.2546,1.4,2.3,1.4622,1.9506,0.9738,0
2004-03-17,3.71,2.6476,0.1453,-0.1493,1.3123,-0.246,0.2147,1.36,2.35,1.4576,1.9419,0.9734,0
2004-03-18,3.76,2.6607,0.1505,-0.1324,1.3291,-0.2479,0.1902,1.37,2.39,1.4796,1.9586,1.0006,0
2004-03-19,3.8,2.671,0.1542,-0.1297,1.3481,-0.2437,0.2263,1.44,2.36,1.5023,1.9839,1.0207,0
2004-03-22,3.74,2.656,0.1484,-0.1457,1.3223,-0.2409,0.241,1.42,2.32,1.4707,1.9512,0.9902,0
2004-03-23,3.73,2.6535,0.1475,-0.1446,1.3142,-0.2406,0.2482,1.41,2.32,1.4617,1.938,0.9854,0
2004-03-24,3.73,2.6517,0.1472,-0.1445,1.3164,-0.2408,0.2207,1.38,2.35,1.4636,1.9442,0.9831,0
2004-03-25,3.75,2.66,0.1506,-0.1486,1.3398,-0.2518,0.2258,1.4,2.35,1.4904,1.98,1.0008,0
2004-03-26,3.85,2.6846,0.1595,-0.1259,1.3906,-0.2587,0.2299,1.47,2.38,1.5501,2.0513,1.0488,0
2004-03-29,3.91,2.6969,0.1638,-0.1146,1.4182,-0.2543,0.224,1.5,2.41,1.582,2.0921,1.0718,0
2004-03-30,3.91,2.699,0.165,-0.1163,1.4233,-0.261,0.2333,1.52,2.39,1.5883,2.0991,1.0775,0
2004-03-31,3.86,2.6859,0.1601,-0.1367,1.4084,-0.2577,0.2291,1.48,2.38,1.5685,2.0853,1.0517,0
2004-04-01,3.91,2.6966,0.1637,-0.116,1.4238,-0.2582,0.207,1.48,2.43,1.5875,2.1038,1.0713,0
2004-04-02,4.15,2.7556,0.186,-0.0376,1.5125,-0.2665,0.2474,1.69,2.46,1.6985,2.2091,1.188,0
2004-04-05,4.24,2.7735,0.1928,-0.0147,1.5548,-0.2664,0.25,1.75,2.49,1.7476,2.2717,1.2235,0
2004-04-06,4.19,2.7615,0.1893,-0.0341,1.5394,-0.2661,0.265,1.73,2.46,1.7287,2.2541,1.2033,0
2004-04-07,4.19,2.7645,0.1904,-0.0435,1.5516,-0.273,0.3345,1.82,2.37,1.742,2.2746,1.2094,0
2004-04-08,4.21,2.7672,0.1916,-0.0206,1.5481,-0.2763,0.3067,1.8,2.41,1.7397,2.2643,1.2151,0
2004-04-12,4.25,2.7759,0.1946,-0.0093,1.565,-0.2763,0.2955,1.81,2.44,1.7596,2.2884,1.2309,0
2004-04-13,4.35,2.8005,0.2033,0.0212,1.6098,-0.2849,0.2943,1.88,2.47,1.8131,2.3486,1.2777,0
2004-04-14,4.4,2.8109,0.2061,0.0491,1.6193,-0.2855,0.2836,1.91,2.49,1.8254,2.3573,1.2936,0
2004-04-15,4.42,2.8149,0.208,0.054,1.6266,-0.2835,0.285,1.93,2.49,1.8346,2.3664,1.3028,0
2004-04-16,4.37,2.8039,0.2051,0.032,1.6185,-0.2895,0.26,1.87,2.5,1.8236,2.3612,1.2859,0
2004-04-19,4.39,2.8096,0.2066,0.0465,1.6176,-0.2904,0.251,1.87,2.52,1.8242,2.354,1.2945,0
2004-04-20,4.43,2.8198,0.2097,0.0547,1.6299,-0.284,0.3102,1.97,2.46,1.8396,2.367,1.3121,0
2004-04-21,4.45,2.8216,0.2098,0.1013,1.6013,-0.284,0.2838,1.96,2.49,1.8111,2.3105,1.3118,0
2004-04-22,4.4,2.8094,0.2061,0.0815,1.5804,-0.2773,0.3298,1.98,2.42,1.7865,2.2819,1.291,0
2004-04-23,4.48,2.8296,0.2126,0.1235,1.5966,-0.2823,0.4141,2.12,2.36,1.8092,2.2923,1.3261,0
2004-04-26,4.46,2.8195,0.2091,0.1373,1.5809,-0.2868,0.3586,2.03,2.43,1.79,2.2734,1.3066,0
2004-04-27,4.43,2.8126,0.2073,0.1187,1.5797,-0.2884,0.3398,2.0,2.43,1.787,2.2784,1.2956,0
2004-04-28,4.5,2.8304,0.2142,0.1383,1.598,-0.2809,0.3891,2.1,2.4,1.8122,2.2925,1.332,0
2004-04-29,4.55,2.8427,0.2195,0.1523,1.6271,-0.2916,0.4034,2.15,2.4,1.8466,2.3345,1.3588,0
2004-04-30,4.53,2.8339,0.2164,0.1507,1.6071,-0.2781,0.3921,2.11,2.42,1.8235,2.3054,1.3416,0
2004-05-03,4.53,2.833,0.2147,0.1588,1.6035,-0.28,0.3771,2.09,2.44,1.8182,2.302,1.3344,0
2004-05-04,4.56,2.8419,0.2182,0.1576,1.6321,-0.2899,0.3641,2.1,2.46,1.8503,2.3476,1.3531,0
2004-05-05,4.61,2.8519,0.2226,0.168,1.6449,-0.2774,0.3586,2.1,2.51,1.8675,2.3596,1.3755,0
2004-05-06,4.63,2.8583,0.2244,0.1685,1.6637,-0.2849,0.3802,2.15,2.48,1.8881,2.3904,1.3859,0
2004-05-07,4.79,2.8949,0.2345,0.2707,1.6831,-0.2932,0.3702,2.24,2.55,1.9176,2.3921,1.443,0
2004-05-10,4.81,2.8951,0.2337,0.2689,1.698,-0.2857,0.3773,2.25,2.56,1.9317,2.4237,1.4398,0
2004-05-11,4.79,2.8897,0.2319,0.2684,1.6899,-0.2898,0.3548,2.21,2.58,1.9218,2.4138,1.4298,0
2004-05-12,4.83,2.8952,0.2348,0.2656,1.7156,-0.2812,0.3054,2.17,2.66,1.9504,2.4568,1.444,0
2004-05-13,4.85,2.9057,0.2389,0.2755,1.7343,-0.3044,0.2786,2.18,2.67,1.9732,2.4815,1.465,0
2004-05-14,4.79,2.8922,0.2337,0.2483,1.7123,-0.2964,0.302,2.16,2.63,1.946,2.4536,1.4383,0
2004-05-17,4.7,2.8699,0.2244,0.2289,1.6709,-0.2941,0.2798,2.07,2.63,1.8953,2.3996,1.3909,0
2004-05-18,4.74,2.8773,0.2266,0.2508,1.6718,-0.2865,0.2586,2.05,2.69,1.8984,2.394,1.4029,0
2004-05-19,4.79,2.888,0.2303,0.2654,1.6967,-0.2904,0.2193,2.03,2.76,1.927,2.4311,1.4229,0
2004-05-20,4.72,2.8741,0.2258,0.2479,1.6686,-0.2964,0.1974,1.96,2.76,1.8944,2.3909,1.3979,0
2004-05-21,4.76,2.8845,0.2291,0.2661,1.67,-0.2897,0.2383,2.04,2.72,1.8991,2.3819,1.4163,0
2004-05-24,4.75,2.8784,0.2258,0.2719,1.6594,-0.2855,0.2081,2.01,2.74,1.8852,2.3706,1.3999,0
2004-05-25,4.73,2.8757,0.2248,0.2708,1.6458,-0.2871,0.2302,2.03,2.7,1.8706,2.3464,1.3947,0
2004-05-26,4.67,2.8618,0.2199,0.2468,1.6329,-0.2914,0.2173,1.99,2.68,1.8528,2.337,1.3687,0
2004-05-27,4.6,2.8471,0.2147,0.2225,1.6057,-0.29,0.2293,1.97,2.63,1.8204,2.2995,1.3412,0
2004-05-28,4.66,2.8596,0.2187,0.2486,1.6183,-0.2852,0.2435,2.0,2.66,1.837,2.3109,1.3632,0
2004-06-01,4.71,2.8687,0.2207,0.266,1.6464,-0.2918,0.1807,1.97,2.74,1.8671,2.3586,1.3757,0
2004-06-02,4.74,2.8781,0.2239,0.2806,1.6433,-0.286,0.2134,2.04,2.7,1.8672,2.3418,1.3927,0
2004-06-03,4.71,2.8729,0.222,0.2776,1.6299,-0.2923,0.2378,2.05,2.66,1.8519,2.3212,1.3825,0
2004-06-04,4.78,2.8865,0.2258,0.3098,1.6455,-0.2877,0.2449,2.11,2.67,1.8713,2.3387,1.404,0
2004-06-07,4.78,2.8837,0.2236,0.3076,1.6437,-0.2786,0.2502,2.11,2.67,1.8673,2.3407,1.3939,0
2004-06-08,4.78,2.8845,0.2229,0.3124,1.6375,-0.2773,0.2879,2.15,2.63,1.8604,2.3291,1.3917,0
2004-06-09,4.82,2.8921,0.2241,0.3329,1.6484,-0.2775,0.2998,2.2,2.62,1.8725,2.3445,1.4005,0
2004-06-10,4.81,2.8865,0.2209,0.3469,1.6223,-0.2666,0.2947,2.18,2.63,1.8432,2.302,1.3844,0
2004-06-14,4.89,2.9031,0.2232,0.3987,1.6279,-0.2629,0.3043,2.26,2.63,1.8511,2.3007,1.4016,0
2004-06-15,4.69,2.8575,0.2083,0.3468,1.5399,-0.2625,0.2983,2.16,2.53,1.7482,2.1769,1.3195,0
2004-06-16,4.74,2.8681,0.2122,0.3657,1.5555,-0.2615,0.3021,2.18,2.56,1.7677,2.1952,1.3403,0
2004-06-17,4.71,2.8602,0.2102,0.3577,1.5373,-0.2554,0.3054,2.16,2.55,1.7475,2.1667,1.3283,0
2004-06-18,4.72,2.8623,0.2107,0.3633,1.5456,-0.2619,0.2857,2.15,2.57,1.7563,2.1817,1.331,0
2004-06-21,4.7,2.8594,0.2086,0.354,1.5429,-0.2649,0.2979,2.16,2.54,1.7515,2.1814,1.3216,0
2004-06-22,4.72,2.8628,0.2098,0.3552,1.5516,-0.2594,0.302,2.17,2.55,1.7614,2.1944,1.3283,0
2004-06-23,4.71,2.86,0.209,0.3486,1.546,-0.2536,0.3109,2.18,2.53,1.755,2.1861,1.3238,0
2004-06-24,4.66,2.8486,0.2049,0.3339,1.5259,-0.2533,0.3246,2.15,2.51,1.7308,2.1594,1.3022,0
2004-06-25,4.66,2.8498,0.2049,0.3332,1.5311,-0.2591,0.342,2.16,2.5,1.736,2.169,1.303,0
2004-06-28,4.76,2.8715,0.2104,0.3769,1.5555,-0.2543,0.3535,2.23,2.53,1.7659,2.1962,1.3356,0
2004-06-29,4.7,2.8592,0.2064,0.3655,1.5325,-0.2636,0.3536,2.2,2.5,1.7389,2.1645,1.3134,0
2004-06-30,4.62,2.8379,0.2005,0.3294,1.5088,-0.2566,0.32,2.1,2.52,1.7093,2.1393,1.2793,0
2004-07-01,4.57,2.8286,0.1981,0.3001,1.5066,-0.2634,0.299,2.04,2.53,1.7047,2.1438,1.2656,0
2004-07-02,4.48,2.8072,0.1911,0.2625,1.4725,-0.2533,0.2842,1.96,2.52,1.6636,2.0998,1.2275,0
2004-07-06,4.49,2.8123,0.1904,0.2753,1.4705,-0.2584,0.2861,1.97,2.52,1.6609,2.0938,1.228,0
2004-07-07,4.5,2.8141,0.1916,0.2713,1.4724,-0.2493,0.2998,2.0,2.5,1.664,2.0941,1.2339,0
2004-07-08,4.49,2.8119,0.1912,0.2611,1.4752,-0.2494,0.3058,2.02,2.47,1.6664,2.1015,1.2313,0
2004-07-09,4.49,2.8117,0.1913,0.2582,1.4755,-0.2467,0.3134,2.02,2.47,1.6668,2.1017,1.2318,0
2004-07-12,4.46,2.8071,0.1879,0.2578,1.4628,-0.2557,0.3261,2.02,2.44,1.6507,2.0853,1.2162,0
2004-07-13,4.5,2.814,0.1899,0.272,1.4725,-0.2484,0.3255,2.03,2.47,1.6624,2.0975,1.2273,0
2004-07-14,4.5,2.8148,0.1901,0.2809,1.4663,-0.2521,0.324,2.02,2.48,1.6564,2.0843,1.2285,0
2004-07-15,4.5,2.8132,0.1901,0.2896,1.4549,-0.2478,0.3128,2.01,2.49,1.645,2.063,1.227,0
2004-07-16,4.38,2.7871,0.181,0.2524,1.414,-0.2546,0.3226,1.94,2.44,1.595,2.0121,1.178,0
2004-07-19,4.38,2.7866,0.1798,0.2662,1.3977,-0.2503,0.3374,1.96,2.42,1.5775,1.9819,1.173,0
2004-07-20,4.47,2.8074,0.1873,0.3017,1.4251,-0.2515,0.3637,2.05,2.42,1.6124,2.0123,1.2125,0
2004-07-21,4.5,2.8115,0.1889,0.3203,1.4288,-0.2494,0.3493,2.05,2.45,1.6177,2.0151,1.2203,0
2004-07-22,4.48,2.8069,0.1876,0.3189,1.419,-0.2525,0.3456,2.03,2.45,1.6066,2.0009,1.2124,0
2004-07-23,4.45,2.7999,0.1851,0.3206,1.3974,-0.253,0.3394,2.0,2.45,1.5825,1.9663,1.1987,0
2004-07-26,4.49,2.8085,0.1863,0.3407,1.4059,-0.2514,0.3545,2.05,2.44,1.5922,1.9765,1.2079,0
2004-07-27,4.62,2.8376,0.1964,0.3672,1.4688,-0.25,0.3736,2.15,2.47,1.6652,2.0675,1.263,0
2004-07-28,4.61,2.8341,0.1956,0.3545,1.4771,-0.2513,0.3434,2.11,2.5,1.6727,2.0874,1.258,0
2004-07-29,4.6,2.8321,0.1951,0.3488,1.4726,-0.2486,0.318,2.07,2.53,1.6677,2.0803,1.2551,0
2004-07-30,4.5,2.8105,0.1873,0.3253,1.4235,-0.2466,0.3258,2.01,2.49,1.6108,2.0081,1.2135,0
2004-08-02,4.48,2.8048,0.1842,0.3193,1.4161,-0.2444,0.3179,2.0,2.48,1.6003,2.0017,1.1989,0
2004-08-03,4.45,2.7988,0.182,0.3155,1.3964,-0.2427,0.3146,1.98,2.47,1.5784,1.9698,1.187,0
2004-08-04,4.45,2.7998,0.1825,0.3126,1.4,-0.2449,0.3296,2.0,2.45,1.5825,1.9754,1.1896,0
2004-08-05,4.43,2.7926,0.1802,0.3093,1.3849,-0.2369,0.3158,1.96,2.47,1.5651,1.9534,1.1767,0
2004-08-06,4.24,2.752,0.1668,0.2248,1.3459,-0.2495,0.3016,1.82,2.42,1.5127,1.9211,1.1044,0
2004-08-09,4.28,2.7611,0.1681,0.2439,1.3448,-0.238,0.298,1.85,2.43,1.5129,1.9111,1.1148,0
2004-08-10,4.32,2.7718,0.1712,0.2758,1.3387,-0.2375,0.3133,1.9,2.42,1.5099,1.8875,1.1323,0
2004-08-11,4.3,2.7671,0.1702,0.2677,1.3429,-0.2479,0.2943,1.86,2.44,1.5131,1.9005,1.1256,0
2004-08-12,4.27,2.7602,0.1678,0.2582,1.3363,-0.2524,0.2652,1.81,2.46,1.5041,1.8957,1.1124,0
2004-08-13,4.22,2.7511,0.1645,0.2455,1.3179,-0.259,0.249,1.77,2.45,1.4824,1.8697,1.0951,0
2004-08-16,4.26,2.7615,0.1666,0.2501,1.3424,-0.2605,0.2664,1.82,2.44,1.509,1.9086,1.1093,0
2004-08-17,4.21,2.7517,0.163,0.2299,1.3249,-0.2595,0.2961,1.82,2.39,1.4879,1.8851,1.0907,0
2004-08-18,4.23,2.7564,0.1649,0.2379,1.328,-0.2572,0.306,1.83,2.4,1.4929,1.885,1.1008,0
2004-08-19,4.22,2.7522,0.1638,0.2255,1.3415,-0.263,0.258,1.76,2.46,1.5053,1.9168,1.0939,0
2004-08-20,4.24,2.7581,0.1656,0.2393,1.3323,-0.2552,0.2746,1.79,2.45,1.4979,1.8915,1.1042,0
2004-08-23,4.28,2.7683,0.1677,0.2523,1.3524,-0.2606,0.2997,1.86,2.42,1.5201,1.9222,1.1179,0
2004-08-24,4.28,2.7686,0.1676,0.2548,1.3526,-0.2636,0.3167,1.87,2.41,1.5202,1.9229,1.1175,0
2004-08-25,4.26,2.7633,0.1658,0.2598,1.3309,-0.2598,0.3309,1.88,2.38,1.4967,1.8858,1.1075,0
2004-08-26,4.22,2.7546,0.1627,0.2532,1.3158,-0.2663,0.3312,1.86,2.36,1.4785,1.8662,1.0908,0
2004-08-27,4.23,2.7546,0.1624,0.26,1.3088,-0.2558,0.3292,1.86,2.37,1.4712,1.853,1.0895,0
2004-08-30,4.19,2.7458,0.1581,0.2515,1.2943,-0.2597,0.3247,1.83,2.36,1.4524,1.8365,1.0683,0
2004-08-31,4.13,2.7309,0.1533,0.2253,1.2722,-0.2517,0.3195,1.78,2.35,1.4255,1.8091,1.0419,0
2004-09-01,4.13,2.7301,0.1528,0.2206,1.2741,-0.2476,0.3123,1.77,2.36,1.4269,1.8138,1.04,0
2004-09-02,4.2,2.7469,0.1588,0.2402,1.3015,-0.2473,0.3169,1.83,2.37,1.4603,1.8486,1.072,0
2004-09-03,4.3,2.7674,0.1648,0.2937,1.3099,-0.2358,0.3085,1.88,2.42,1.4747,1.844,1.1054,0
2004-09-07,4.26,2.7558,0.1595,0.2873,1.2867,-0.2293,0.3105,1.86,2.4,1.4462,1.8144,1.0781,0
2004-09-08,4.18,2.7381,0.1533,0.2617,1.2619,-0.235,0.3192,1.82,2.36,1.4152,1.7854,1.045,0
2004-09-09,4.22,2.7448,0.1555,0.2639,1.2825,-0.2267,0.3189,1.83,2.39,1.438,1.8185,1.0576,0
2004-09-10,4.19,2.7416,0.1544,0.2601,1.2679,-0.234,0.3396,1.83,2.36,1.4223,1.7927,1.052,0
2004-09-13,4.16,2.7328,0.1507,0.2633,1.2416,-0.2284,0.3347,1.81,2.35,1.3923,1.752,1.0326,0
2004-09-14,4.15,2.7296,0.1496,0.2537,1.243,-0.2258,0.3466,1.81,2.34,1.3926,1.7585,1.0267,0
2004-09-15,4.18,2.7375,0.1524,0.2634,1.2525,-0.2258,0.3696,1.86,2.32,1.4049,1.7678,1.042,0
2004-09-16,4.08,2.7159,0.1448,0.2388,1.2131,-0.2326,0.3867,1.81,2.27,1.3579,1.7151,1.0007,0
2004-09-17,4.14,2.7259,0.1476,0.2693,1.2156,-0.2183,0.3887,1.85,2.29,1.3632,1.7097,1.0166,0
2004-09-20,4.07,2.7107,0.1412,0.2481,1.1993,-0.2293,0.3707,1.8,2.27,1.3405,1.6972,0.9839,0
2004-09-21,4.05,2.705,0.1386,0.2654,1.1539,-0.2129,0.3895,1.8,2.25,1.2925,1.6146,0.9704,0
2004-09-22,4.0,2.6896,0.133,0.274,1.1113,-0.2079,0.3703,1.73,2.27,1.2443,1.5492,0.9395,0
2004-09-23,4.02,2.6955,0.1347,0.3012,1.1034,-0.2149,0.3659,1.76,2.26,1.2381,1.5279,0.9484,0
2004-09-24,4.04,2.6977,0.1347,0.3193,1.0941,-0.2058,0.3662,1.78,2.26,1.2288,1.5082,0.9494,0
2004-09-27,4.01,2.6865,0.13,0.3128,1.0787,-0.1981,0.3313,1.72,2.29,1.2087,1.4925,0.9249,0
2004-09-28,4.02,2.6905,0.1315,0.3029,1.1051,-0.21,0.3001,1.7,2.32,1.2366,1.54,0.9332,0
2004-09-29,4.1,2.7113,0.1392,0.3204,1.139,-0.2099,0.306,1.76,2.34,1.2782,1.5822,0.9742,0
2004-09-30,4.14,2.7193,0.1423,0.3189,1.1698,-0.2102,0.2844,1.77,2.37,1.3121,1.6332,0.9909,0
2004-10-01,4.21,2.7377,0.1491,0.3227,1.2149,-0.2145,0.2977,1.83,2.38,1.364,1.7005,1.0276,0
2004-10-04,4.19,2.7347,0.1467,0.3241,1.1975,-0.213,0.3215,1.86,2.33,1.3442,1.672,1.0165,0
2004-10-05,4.18,2.7332,0.1464,0.3258,1.1984,-0.2237,0.3108,1.84,2.34,1.3448,1.6749,1.0146,0
2004-10-06,4.23,2.7457,0.1509,0.3418,1.214,-0.2224,0.3342,1.9,2.33,1.3649,1.6914,1.0385,0
2004-10-07,4.26,2.7513,0.1534,0.35,1.231,-0.2257,0.313,1.89,2.37,1.3844,1.7177,1.0512,0
2004-10-08,4.15,2.7262,0.1447,0.3083,1.2001,-0.2293,0.2931,1.78,2.37,1.3448,1.6853,1.0043,0
2004-10-12,4.12,2.7188,0.1414,0.2996,1.1847,-0.2245,0.2817,1.75,2.37,1.3261,1.6644,0.9878,0
2004-10-13,4.09,2.7146,0.1399,0.2843,1.1837,-0.2325,0.2741,1.72,2.37,1.3236,1.6669,0.9803,0
2004-10-14,4.03,2.7024,0.1354,0.2661,1.1595,-0.2334,0.2705,1.68,2.35,1.2949,1.6332,0.9566,0
2004-10-15,4.07,2.7101,0.1379,0.287,1.1589,-0.2239,0.2658,1.7,2.37,1.2968,1.6233,0.9703,0
2004-10-18,4.07,2.7097,0.1364,0.2928,1.1538,-0.2227,0.2727,1.71,2.36,1.2902,1.6163,0.9641,0
2004-10-19,4.07,2.7091,0.136,0.3056,1.1421,-0.2228,0.2678,1.7,2.37,1.2781,1.5943,0.9619,0
2004-10-20,4.01,2.693,0.1302,0.2942,1.109,-0.2164,0.2552,1.66,2.35,1.2392,1.5478,0.9306,0
2004-10-21,4.01,2.6928,0.1297,0.3169,1.0914,-0.2208,0.2114,1.62,2.39,1.2211,1.514,0.9282,0
2004-10-22,4.0,2.6911,0.1286,0.3064,1.0918,-0.2179,0.2132,1.64,2.36,1.2204,1.5175,0.9233,0
2004-10-25,3.99,2.6874,0.1262,0.3014,1.0856,-0.2106,0.2186,1.63,2.36,1.2118,1.5113,0.9122,0
2004-10-26,4.01,2.6909,0.1271,0.306,1.0928,-0.2068,0.2063,1.63,2.38,1.2199,1.522,0.9177,0
2004-10-27,4.11,2.7151,0.1352,0.335,1.1292,-0.2045,0.2212,1.73,2.38,1.2644,1.5667,0.9621,0
2004-10-28,4.09,2.7104,0.1332,0.3262,1.1365,-0.2163,0.1869,1.68,2.41,1.2697,1.5872,0.9521,0
2004-10-29,4.05,2.7011,0.1299,0.3167,1.113,-0.2107,0.172,1.63,2.42,1.2429,1.5515,0.9343,0
2004-11-01,4.11,2.7144,0.1328,0.3389,1.1332,-0.2093,0.1611,1.67,2.44,1.266,1.5795,0.9525,0
2004-11-02,4.1,2.7108,0.1313,0.3334,1.1321,-0.2076,0.1262,1.61,2.49,1.2634,1.5818,0.9451,0
2004-11-03,4.09,2.7103,0.1313,0.3282,1.1302,-0.21,0.1259,1.61,2.48,1.2615,1.5781,0.9449,0
2004-11-04,4.1,2.7118,0.1317,0.3439,1.1097,-0.1971,0.1554,1.65,2.45,1.2414,1.5359,0.9469,0
2004-11-05,4.21,2.7347,0.1384,0.3921,1.1436,-0.1988,0.1347,1.71,2.5,1.282,1.5801,0.9839,0
2004-11-08,4.22,2.7385,0.1385,0.3939,1.1607,-0.2116,0.1306,1.72,2.5,1.2992,1.6118,0.9866,0
2004-11-09,4.22,2.7392,0.1387,0.3909,1.1603,-0.2091,0.1523,1.74,2.48,1.299,1.6098,0.9881,0
2004-11-10,4.25,2.745,0.1409,0.395,1.1793,-0.2102,0.1516,1.75,2.5,1.3202,1.6407,0.9996,0
2004-11-12,4.2,2.7322,0.1363,0.415,1.1183,-0.2018,0.1306,1.71,2.49,1.2546,1.5355,0.9738,0
2004-11-15,4.2,2.728,0.1339,0.4321,1.1006,-0.1946,0.101,1.67,2.53,1.2345,1.5076,0.9614,0
2004-11-16,4.21,2.7313,0.1349,0.4809,1.0597,-0.1968,0.0984,1.68,2.53,1.1946,1.4227,0.9665,0
2004-11-17,4.14,2.7132,0.1293,0.4608,1.0285,-0.1918,0.0945,1.63,2.51,1.1578,1.3809,0.9347,0
2004-11-18,4.12,2.7062,0.1263,0.4362,1.0325,-0.1811,0.1166,1.64,2.48,1.1588,1.3981,0.9194,0
2004-11-19,4.2,2.7247,0.1327,0.4702,1.0641,-0.1917,0.101,1.67,2.53,1.1968,1.4399,0.9537,0
2004-11-22,4.18,2.7156,0.1276,0.4845,1.0282,-0.176,0.0697,1.62,2.56,1.1558,1.3831,0.9285,0
2004-11-23,4.19,2.7185,0.1289,0.4936,1.0236,-0.1746,0.0912,1.65,2.54,1.1525,1.37,0.935,0
2004-11-24,4.2,2.7179,0.1295,0.5081,1.0127,-0.1682,0.0808,1.64,2.56,1.1422,1.3487,0.9357,0
2004-11-26,4.24,2.7279,0.1335,0.5174,1.0391,-0.1779,0.0658,1.66,2.58,1.1726,1.3886,0.9566,0
2004-11-29,4.34,2.7504,0.1402,0.5333,1.0911,-0.175,0.0655,1.74,2.6,1.2313,1.4673,0.9952,0
2004-11-30,4.36,2.7583,0.1432,0.509,1.14,-0.1904,0.0586,1.75,2.61,1.2832,1.5543,1.012,0
2004-12-01,4.38,2.7644,0.1465,0.5019,1.1507,-0.1835,0.0787,1.79,2.59,1.2972,1.5661,1.0284,0
2004-12-02,4.4,2.7706,0.1486,0.5061,1.1604,-0.1857,0.0937,1.83,2.57,1.309,1.5779,1.0401,0
2004-12-03,4.27,2.7404,0.1378,0.4699,1.1109,-0.189,0.0862,1.73,2.54,1.2487,1.515,0.9824,0
2004-12-06,4.24,2.7329,0.1333,0.4785,1.0787,-0.1834,0.0898,1.7,2.54,1.212,1.463,0.9611,0
2004-12-07,4.23,2.731,0.1325,0.484,1.0659,-0.1835,0.0967,1.69,2.54,1.1984,1.4401,0.9568,0
2004-12-08,4.14,2.7062,0.1238,0.4754,1.0038,-0.1692,0.0851,1.62,2.52,1.1276,1.3462,0.909,0
2004-12-09,4.19,2.7129,0.126,0.4749,1.0289,-0.1527,0.0895,1.64,2.55,1.1549,1.3882,0.9216,0
2004-12-10,4.16,2.7111,0.1247,0.4741,1.0186,-0.1685,0.1174,1.66,2.5,1.1433,1.371,0.9156,0
2004-12-13,4.16,2.7074,0.1217,0.4892,1.0019,-0.1602,0.1036,1.65,2.51,1.1236,1.3458,0.9014,0
2004-12-14,4.14,2.7026,0.1202,0.4911,0.9889,-0.1627,0.0949,1.62,2.52,1.1091,1.3252,0.8929,0
2004-12-15,4.09,2.6885,0.1155,0.4887,0.9497,-0.1524,0.0784,1.57,2.52,1.0652,1.2639,0.8665,0
2004-12-16,4.19,2.7138,0.1248,0.5051,1.0127,-0.1664,0.0799,1.64,2.55,1.1375,1.3585,0.9165,0
2004-12-17,4.21,2.719,0.1266,0.5078,1.0262,-0.1695,0.0662,1.64,2.57,1.1528,1.3791,0.9264,0
2004-12-20,4.21,2.7165,0.124,0.5179,1.0115,-0.16,0.0548,1.62,2.59,1.1355,1.3568,0.9143,0
2004-12-21,4.18,2.7092,0.121,0.5194,0.9935,-0.163,0.0358,1.59,2.59,1.1145,1.3305,0.8985,0
2004-12-22,4.21,2.717,0.1237,0.5117,1.0228,-0.1652,0.0584,1.63,2.58,1.1465,1.379,0.914,0
2004-12-23,4.23,2.7203,0.125,0.5104,1.0359,-0.1616,0.0476,1.62,2.61,1.1609,1.4008,0.921,0
2004-12-27,4.3,2.7385,0.1291,0.5343,1.0676,-0.1696,0.0415,1.67,2.63,1.1967,1.4466,0.9469,0
2004-12-28,4.31,2.7405,0.1297,0.5333,1.0676,-0.1611,0.0545,1.69,2.62,1.1973,1.4441,0.9504,0
2004-12-29,4.33,2.7471,0.1327,0.5406,1.0779,-0.1682,0.0643,1.73,2.6,1.2106,1.4555,0.9656,0
2004-12-30,4.27,2.7337,0.1283,0.5301,1.048,-0.1701,0.0696,1.7,2.57,1.1763,1.4115,0.9411,0
2004-12-31,4.24,2.723,0.1246,0.5416,1.0015,-0.1507,0.0924,1.68,2.56,1.1261,1.3318,0.9203,0
2005-01-03,4.23,2.7206,0.1227,0.5579,0.9853,-0.1566,0.1091,1.7,2.53,1.108,1.305,0.9111,0
2005-01-04,4.29,2.7346,0.1279,0.5862,1.0001,-0.1588,0.1283,1.78,2.51,1.128,1.3179,0.9381,0
2005-01-05,4.29,2.7309,0.127,0.5969,0.9803,-0.1451,0.144,1.79,2.5,1.1073,1.2825,0.932,0
2005-01-06,4.29,2.7282,0.1263,0.5918,0.9882,-0.1444,0.1379,1.76,2.53,1.1145,1.3013,0.9276,0
2005-01-07,4.29,2.7306,0.1271,0.6069,0.9728,-0.1474,0.1628,1.8,2.49,1.0999,1.2677,0.9321,0
2005-01-10,4.29,2.7262,0.1247,0.6253,0.9513,-0.1375,0.14,1.77,2.52,1.076,1.2324,0.9196,0
2005-01-11,4.26,2.7178,0.1216,0.6286,0.9198,-0.1278,0.1533,1.76,2.5,1.0414,1.1802,0.9026,0
2005-01-12,4.25,2.7135,0.1209,0.628,0.9159,-0.1283,0.1448,1.73,2.52,1.0368,1.1763,0.8974,0
2005-01-13,4.2,2.7014,0.1164,0.6203,0.8899,-0.1281,0.137,1.7,2.5,1.0063,1.1396,0.8731,0
2005-01-14,4.23,2.7064,0.1174,0.6438,0.8815,-0.1191,0.1485,1.72,2.51,0.9989,1.1186,0.8793,0
2005-01-18,4.21,2.6999,0.1142,0.6628,0.8453,-0.1121,0.1558,1.71,2.5,0.9595,1.0559,0.863,0
2005-01-19,4.2,2.6965,0.1137,0.668,0.8352,-0.1133,0.1582,1.7,2.5,0.9489,1.0393,0.8585,0
2005-01-20,4.17,2.692,0.1125,0.6442,0.8517,-0.1304,0.1736,1.7,2.47,0.9642,1.0765,0.852,0
2005-01-21,4.16,2.6885,0.1114,0.628,0.8575,-0.1254,0.1767,1.69,2.47,0.9689,1.0915,0.8463,0
2005-01-24,4.14,2.6829,0.1084,0.6347,0.8311,-0.1171,0.1754,1.68,2.46,0.9395,1.0476,0.8314,0
2005-01-25,4.2,2.6992,0.114,0.6467,0.8698,-0.1297,0.1829,1.74,2.46,0.9838,1.1058,0.8619,0
2005-01-26,4.21,2.6983,0.1134,0.6585,0.8567,-0.1169,0.1681,1.72,2.49,0.9701,1.0815,0.8587,0
2005-01-27,4.22,2.7016,0.1145,0.6751,0.8503,-0.1215,0.1561,1.72,2.5,0.9648,1.0651,0.8646,0
2005-01-28,4.16,2.6851,0.1088,0.6659,0.8117,-0.1115,0.1371,1.65,2.51,0.9205,1.0077,0.8333,0
2005-01-31,4.14,2.6815,0.105,0.6822,0.7872,-0.1159,0.1441,1.65,2.49,0.8922,0.9682,0.8162,0
2005-02-01,4.15,2.6829,0.1055,0.6859,0.7892,-0.1135,0.1578,1.67,2.48,0.8947,0.9703,0.8191,0
2005-02-02,4.15,2.6828,0.1062,0.6996,0.7682,-0.1067,0.1801,1.7,2.45,0.8744,0.9275,0.8213,0
2005-02-03,4.18,2.6864,0.108,0.7139,0.7689,-0.0972,0.1929,1.73,2.45,0.8769,0.9243,0.8296,0
2005-02-04,4.09,2.6629,0.0999,0.7026,0.72,-0.0953,0.1698,1.65,2.44,0.8199,0.8547,0.785,0
2005-02-07,4.07,2.6553,0.096,0.7175,0.6869,-0.0857,0.1635,1.62,2.45,0.7829,0.8003,0.7654,0
2005-02-08,4.05,2.6474,0.0932,0.7312,0.6557,-0.0775,0.1384,1.57,2.48,0.7489,0.7486,0.7493,0
2005-02-09,4.0,2.6348,0.0886,0.6979,0.6669,-0.0882,0.0933,1.49,2.51,0.7555,0.7857,0.7254,0
2005-02-10,4.07,2.6568,0.0961,0.7007,0.72,-0.1036,0.0946,1.57,2.5,0.8161,0.8653,0.7669,0
2005-02-11,4.1,2.6646,0.0978,0.7138,0.7285,-0.1048,0.0837,1.57,2.53,0.8263,0.875,0.7777,0
2005-02-14,4.08,2.6587,0.0951,0.7287,0.6995,-0.1019,0.0686,1.54,2.54,0.7946,0.8256,0.7635,0
2005-02-15,4.1,2.6656,0.0972,0.7286,0.7101,-0.1015,0.1128,1.61,2.49,0.8073,0.8391,0.7755,0
2005-02-16,4.16,2.676,0.1012,0.7573,0.7181,-0.0926,0.1088,1.65,2.51,0.8193,0.8424,0.7962,0
2005-02-17,4.19,2.6835,0.1043,0.7432,0.7581,-0.0991,0.1167,1.65,2.54,0.8624,0.9121,0.8127,0
2005-02-18,4.27,2.7015,0.1098,0.7696,0.7879,-0.0988,0.0668,1.67,2.6,0.8977,0.952,0.8435,0
2005-02-22,4.29,2.7077,0.1108,0.7746,0.7996,-0.1027,0.0514,1.67,2.62,0.9104,0.97,0.8508,0
2005-02-23,4.27,2.7044,0.1091,0.7738,0.7898,-0.1071,0.036,1.64,2.63,0.8989,0.9551,0.8428,0
2005-02-24,4.29,2.7086,0.1108,0.7937,0.7767,-0.0998,0.0369,1.65,2.64,0.8875,0.9238,0.8511,0
2005-02-25,4.27,2.7041,0.1091,0.7988,0.7589,-0.1009,0.0437,1.64,2.63,0.868,0.8944,0.8416,0
2005-02-28,4.36,2.7222,0.1141,0.8315,0.7901,-0.098,0.0442,1.7,2.66,0.9042,0.9383,0.8702,0
2005-03-01,4.38,2.7256,0.1158,0.8354,0.8015,-0.0983,0.0305,1.69,2.69,0.9173,0.9559,0.8786,0
2005-03-02,4.38,2.7285,0.1171,0.8219,0.8248,-0.1123,0.0185,1.69,2.69,0.9419,0.998,0.8857,0
2005-03-03,4.39,2.7308,0.118,0.8267,0.8213,-0.1067,0.0155,1.69,2.7,0.9393,0.9881,0.8904,0
2005-03-04,4.32,2.7138,0.1116,0.829,0.7644,-0.0988,0.0199,1.65,2.67,0.876,0.8959,0.856,0
2005-03-07,4.31,2.7079,0.1087,0.8526,0.7299,-0.0891,0.0149,1.63,2.68,0.8386,0.8364,0.8409,0
2005-03-08,4.38,2.7227,0.1141,0.862,0.7734,-0.0922,0.0134,1.67,2.71,0.8875,0.9051,0.8698,0
2005-03-09,4.52,2.7568,0.1269,0.8781,0.8609,-0.1027,0.0189,1.77,2.75,0.9878,1.0375,0.938,0
2005-03-10,4.48,2.7458,0.1228,0.8692,0.826,-0.0838,0.0325,1.76,2.72,0.9488,0.9815,0.916,0
2005-03-11,4.56,2.7635,0.129,0.9011,0.8524,-0.0861,0.042,1.82,2.74,0.9814,1.0138,0.9491,0
2005-03-14,4.52,2.7571,0.1255,0.9028,0.8342,-0.0996,0.0499,1.82,2.7,0.9597,0.9874,0.9321,0
2005-03-15,4.54,2.7624,0.1274,0.9076,0.8537,-0.1111,0.0381,1.82,2.72,0.9811,1.0202,0.942,0
2005-03-16,4.52,2.7564,0.1252,0.8931,0.8517,-0.1064,0.0205,1.79,2.73,0.9769,1.023,0.9309,0
2005-03-17,4.47,2.7461,0.1217,0.8823,0.8302,-0.1103,-0.0012,1.73,2.74,0.9519,0.9922,0.9115,0
2005-03-18,4.51,2.7568,0.1246,0.8892,0.8528,-0.1135,0.0052,1.77,2.74,0.9774,1.0258,0.929,0
2005-03-21,4.53,2.7614,0.1254,0.8901,0.8632,-0.1101,0.0167,1.8,2.73,0.9886,1.0422,0.935,0
2005-03-22,4.63,2.7808,0.1317,0.9381,0.8685,-0.0892,0.0267,1.87,2.76,1.0002,1.0317,0.9688,0
2005-03-23,4.61,2.7791,0.132,0.9281,0.8724,-0.1016,0.0732,1.92,2.69,1.0044,1.04,0.9688,0
2005-03-24,4.6,2.7746,0.1302,0.9422,0.8552,-0.1022,0.0744,1.9,2.7,0.9854,1.0117,0.959,0
2005-03-28,4.64,2.7816,0.1321,0.9569,0.8649,-0.0956,0.083,1.94,2.7,0.997,1.0242,0.9699,0
2005-03-29,4.6,2.7719,0.129,0.9445,0.849,-0.0944,0.0847,1.91,2.69,0.978,1.0034,0.9526,0
2005-03-30,4.56,2.7614,0.1258,0.9431,0.8197,-0.09,0.0845,1.89,2.67,0.9455,0.9567,0.9342,0
2005-03-31,4.5,2.7445,0.1202,0.9147,0.8092,-0.0887,0.0403,1.79,2.71,0.9294,0.9556,0.9033,0
2005-04-01,4.46,2.7368,0.117,0.8963,0.7976,-0.0877,0.0434,1.77,2.69,0.9146,0.9417,0.8874,0
2005-04-04,4.47,2.741,0.1178,0.9014,0.8022,-0.0924,0.0541,1.79,2.68,0.92,0.9464,0.8935,0
2005-04-05,4.48,2.7454,0.1195,0.8954,0.8185,-0.0989,0.0613,1.81,2.67,0.938,0.9735,0.9026,0
2005-04-06,4.44,2.7389,0.1176,0.8722,0.8183,-0.107,0.074,1.8,2.64,0.9359,0.9797,0.892,0
2005-04-07,4.49,2.7497,0.1212,0.8827,0.8348,-0.0984,0.091,1.85,2.64,0.956,0.9998,0.9121,0
2005-04-08,4.5,2.7499,0.1208,0.9023,0.8163,-0.0893,0.0895,1.84,2.66,0.9371,0.9639,0.9103,0
2005-04-11,4.45,2.7394,0.1163,0.8985,0.7942,-0.0985,0.0898,1.82,2.63,0.9105,0.9345,0.8866,0
2005-04-12,4.38,2.7204,0.1091,0.8887,0.7522,-0.0904,0.0692,1.73,2.65,0.8613,0.8739,0.8488,0
2005-04-13,4.38,2.7222,0.1098,0.8725,0.7725,-0.097,0.0842,1.74,2.64,0.8823,0.9118,0.8528,0
2005-04-14,4.37,2.7201,0.1088,0.8441,0.7948,-0.0978,0.0806,1.72,2.65,0.9036,0.9584,0.8489,0
2005-04-15,4.27,2.7028,0.1026,0.8194,0.7566,-0.1113,0.083,1.67,2.6,0.8592,0.9023,0.816,0
2005-04-18,4.27,2.6981,0.0998,0.8299,0.7308,-0.0886,0.0779,1.66,2.61,0.8306,0.8587,0.8024,0
2005-04-19,4.21,2.6865,0.0957,0.8224,0.7063,-0.1008,0.0695,1.62,2.59,0.802,0.8234,0.7806,0
2005-04-20,4.22,2.6882,0.0967,0.8212,0.714,-0.1002,0.0504,1.6,2.62,0.8107,0.8361,0.7854,0
2005-04-21,4.32,2.7089,0.1042,0.8558,0.736,-0.0848,0.0488,1.66,2.66,0.8402,0.8552,0.8251,0
2005-04-22,4.26,2.6951,0.0992,0.8528,0.7007,-0.0878,0.0304,1.61,2.65,0.7999,0.8022,0.7977,0
2005-04-25,4.26,2.6928,0.097,0.8669,0.6786,-0.0753,0.0491,1.63,2.63,0.7756,0.7637,0.7876,0
2005-04-26,4.28,2.6971,0.0987,0.8719,0.6925,-0.0802,0.0607,1.66,2.62,0.7912,0.7861,0.7963,0
2005-04-27,4.25,2.689,0.096,0.8623,0.6753,-0.0726,0.0744,1.65,2.6,0.7713,0.761,0.7816,0
2005-04-28,4.19,2.6729,0.0906,0.8422,0.6538,-0.0695,0.0559,1.58,2.61,0.7444,0.7367,0.752,0
2005-04-29,4.21,2.6792,0.0924,0.8643,0.643,-0.0689,0.074,1.61,2.6,0.7354,0.7088,0.762,0
2005-05-02,4.21,2.6767,0.0908,0.8608,0.6456,-0.0639,0.0797,1.61,2.6,0.7364,0.7182,0.7546,0
2005-05-03,4.21,2.6786,0.0914,0.8682,0.6397,-0.0679,0.1092,1.64,2.57,0.7311,0.7044,0.7578,0
2005-05-04,4.2,2.677,0.0913,0.848,0.6613,-0.0777,0.1041,1.63,2.57,0.7526,0.7483,0.757,0
2005-05-05,4.19,2.6743,0.0908,0.8234,0.6726,-0.0711,0.1094,1.62,2.57,0.7634,0.7721,0.7547,0
2005-05-06,4.28,2.6939,0.097,0.8754,0.6748,-0.0611,0.1125,1.69,2.59,0.7718,0.7554,0.7882,0
2005-05-09,4.29,2.6944,0.0967,0.8967,0.662,-0.0598,0.1006,1.69,2.6,0.7587,0.731,0.7864,0
2005-05-10,4.23,2.681,0.0924,0.8781,0.6435,-0.065,0.1024,1.65,2.58,0.7359,0.7096,0.7623,0
2005-05-11,4.21,2.6763,0.0912,0.8735,0.6348,-0.0657,0.1126,1.64,2.57,0.726,0.6968,0.7551,0
2005-05-12,4.18,2.6722,0.0899,0.8574,0.639,-0.0785,0.1449,1.66,2.52,0.7289,0.7095,0.7483,0
2005-05-13,4.12,2.6646,0.0881,0.8424,0.6253,-0.1004,0.1776,1.66,2.46,0.7134,0.6892,0.7375,0
2005-05-16,4.13,2.6644,0.0867,0.8502,0.625,-0.0962,0.1755,1.66,2.47,0.7117,0.6914,0.7319,0
2005-05-17,4.12,2.6609,0.0854,0.8491,0.6156,-0.0911,0.1779,1.64,2.48,0.701,0.677,0.725,0
2005-05-18,4.07,2.6507,0.0821,0.8365,0.5926,-0.0919,0.1969,1.65,2.42,0.6747,0.6426,0.7068,0
2005-05-19,4.11,2.6593,0.0857,0.8611,0.5926,-0.0886,0.2146,1.69,2.42,0.6783,0.6316,0.725,0
2005-05-20,4.13,2.6598,0.0857,0.8823,0.5852,-0.083,0.1911,1.67,2.46,0.6709,0.6176,0.7242,0
2005-05-23,4.07,2.6454,0.0797,0.8766,0.5465,-0.0783,0.2017,1.65,2.42,0.6262,0.5593,0.6932,0
2005-05-24,4.04,2.6359,0.0765,0.8638,0.5369,-0.0731,0.2016,1.62,2.42,0.6134,0.551,0.6758,0
2005-05-25,4.08,2.646,0.0801,0.8661,0.5656,-0.0778,0.2037,1.66,2.42,0.6457,0.596,0.6953,0
2005-05-26,4.08,2.6498,0.0821,0.8672,0.5642,-0.0833,0.2276,1.69,2.39,0.6463,0.5873,0.7053,0
2005-05-27,4.08,2.6474,0.0818,0.8673,0.563,-0.0795,0.2091,1.67,2.41,0.6448,0.5872,0.7023,0
2005-05-31,4.0,2.6288,0.0739,0.8656,0.5044,-0.0727,0.2185,1.63,2.37,0.5783,0.4949,0.6617,0
2005-06-01,3.91,2.605,0.0661,0.8285,0.4797,-0.0693,0.2124,1.54,2.37,0.5458,0.4722,0.6193,0
2005-06-02,3.89,2.6033,0.0653,0.8376,0.4588,-0.075,0.2367,1.55,2.34,0.5241,0.4334,0.6148,0
2005-06-03,3.98,2.6219,0.0721,0.862,0.4959,-0.0718,0.2413,1.61,2.37,0.568,0.4847,0.6513,0
2005-06-06,3.96,2.6169,0.0702,0.871,0.4725,-0.0706,0.2434,1.6,2.36,0.5427,0.445,0.6404,0
2005-06-07,3.92,2.6056,0.0663,0.8653,0.442,-0.0592,0.2673,1.6,2.32,0.5083,0.3975,0.6191,0
2005-06-08,3.95,2.611,0.0682,0.88,0.4502,-0.0594,0.2762,1.63,2.32,0.5184,0.4081,0.6287,0
2005-06-09,3.98,2.6157,0.0703,0.8905,0.4544,-0.0509,0.2837,1.64,2.34,0.5247,0.4099,0.6395,0
2005-06-10,4.05,2.6344,0.0774,0.9098,0.489,-0.0606,0.3098,1.74,2.31,0.5664,0.4557,0.677,0
2005-06-13,4.09,2.6436,0.0788,0.9193,0.5161,-0.0678,0.3131,1.76,2.33,0.5949,0.5023,0.6875,0
2005-06-14,4.13,2.6524,0.0817,0.916,0.5457,-0.0658,0.3134,1.79,2.34,0.6274,0.5513,0.7036,0
2005-06-15,4.12,2.6529,0.0819,0.9169,0.5424,-0.074,0.3152,1.79,2.33,0.6243,0.544,0.7045,0
2005-06-16,4.09,2.6431,0.0787,0.9154,0.515,-0.0622,0.2999,1.75,2.34,0.5937,0.501,0.6865,0
2005-06-17,4.09,2.6424,0.0782,0.9285,0.5041,-0.0631,0.2775,1.72,2.37,0.5823,0.4805,0.6841,0
2005-06-20,4.11,2.6475,0.0786,0.9296,0.5208,-0.0664,0.2753,1.74,2.37,0.5994,0.5102,0.6885,0
2005-06-21,4.06,2.635,0.0733,0.923,0.4844,-0.0557,0.2835,1.72,2.34,0.5577,0.4538,0.6615,0
2005-06-22,3.95,2.6121,0.0652,0.8961,0.4402,-0.0637,0.3079,1.68,2.27,0.5054,0.393,0.6179,0
2005-06-23,3.96,2.614,0.0651,0.9075,0.4375,-0.0641,0.3032,1.68,2.28,0.5026,0.3865,0.6188,0
2005-06-24,3.92,2.604,0.0613,0.8964,0.417,-0.0587,0.303,1.65,2.27,0.4783,0.358,0.5986,0
2005-06-27,3.9,2.5992,0.0575,0.9018,0.4045,-0.063,0.286,1.62,2.28,0.462,0.3424,0.5817,0
2005-06-28,3.97,2.615,0.0624,0.9261,0.4259,-0.0594,0.2888,1.67,2.3,0.4883,0.3677,0.609,0
2005-06-29,3.99,2.6203,0.0649,0.9228,0.443,-0.061,0.2964,1.69,2.3,0.5079,0.3944,0.6215,0
2005-06-30,3.94,2.608,0.0602,0.9171,0.4071,-0.0524,0.3162,1.67,2.27,0.4673,0.338,0.5966,0
2005-07-01,4.06,2.6314,0.0677,0.9583,0.4458,-0.0432,0.3215,1.75,2.31,0.5135,0.3889,0.6381,0
2005-07-05,4.11,2.6466,0.0721,0.9756,0.4783,-0.0626,0.3258,1.8,2.31,0.5504,0.4379,0.663,0
2005-07-06,4.08,2.6387,0.0697,0.9675,0.4623,-0.0582,0.3206,1.78,2.3,0.532,0.4148,0.6492,0
2005-07-07,4.05,2.6323,0.0684,0.9538,0.4513,-0.0558,0.3361,1.77,2.28,0.5197,0.3984,0.641,0
2005-07-08,4.11,2.645,0.0727,0.9703,0.4743,-0.0523,0.3479,1.83,2.28,0.547,0.4296,0.6644,0
2005-07-11,4.11,2.6437,0.0702,0.9832,0.4719,-0.059,0.3299,1.81,2.3,0.5421,0.4306,0.6536,0
2005-07-12,4.15,2.6526,0.0728,0.9969,0.483,-0.0553,0.3258,1.83,2.32,0.5558,0.443,0.6686,0
2005-07-13,4.17,2.6587,0.0755,0.9958,0.4985,-0.0586,0.3494,1.87,2.3,0.574,0.4656,0.6825,0
2005-07-14,4.19,2.6648,0.0776,0.9978,0.5085,-0.0587,0.4069,1.94,2.25,0.5861,0.4782,0.694,0
2005-07-15,4.18,2.6612,0.0764,1.0092,0.4895,-0.0562,0.425,1.95,2.23,0.5659,0.4447,0.687,0
2005-07-18,4.22,2.6695,0.0776,1.0195,0.514,-0.0606,0.4315,1.98,2.24,0.5916,0.4871,0.696,0
2005-07-19,4.2,2.6621,0.0745,1.0169,0.4991,-0.0525,0.3985,1.92,2.28,0.5736,0.467,0.6801,0
2005-07-20,4.17,2.6564,0.0723,1.0207,0.4767,-0.0561,0.3918,1.9,2.27,0.549,0.4298,0.6681,0
2005-07-21,4.28,2.6804,0.0796,1.0525,0.5204,-0.0529,0.3788,1.95,2.33,0.6,0.4907,0.7093,0
2005-07-22,4.23,2.6679,0.0745,1.0479,0.4867,-0.047,0.3551,1.89,2.34,0.5612,0.4397,0.6828,0
2005-07-25,4.25,2.6728,0.0741,1.0591,0.4859,-0.0419,0.3786,1.94,2.31,0.56,0.4359,0.684,0
2005-07-26,4.24,2.6711,0.0733,1.0651,0.4786,-0.048,0.3745,1.92,2.32,0.5519,0.4237,0.68,0
2005-07-27,4.27,2.6754,0.0751,1.0782,0.48,-0.0387,0.3651,1.92,2.35,0.5551,0.4214,0.6888,0
2005-07-28,4.2,2.6587,0.0696,1.068,0.4385,-0.0347,0.3601,1.86,2.34,0.5081,0.3578,0.6583,0
2005-07-29,4.28,2.6774,0.0758,1.094,0.4749,-0.0421,0.3663,1.92,2.36,0.5507,0.4091,0.6923,0
2005-08-01,4.32,2.6857,0.0774,1.1019,0.4975,-0.0426,0.3508,1.95,2.37,0.5749,0.4467,0.7031,0
2005-08-02,4.34,2.6916,0.0794,1.0974,0.5143,-0.0427,0.3689,1.99,2.35,0.5937,0.4733,0.714,0
2005-08-03,4.3,2.6814,0.0759,1.091,0.4956,-0.0439,0.3445,1.93,2.37,0.5715,0.448,0.6949,0
2005-08-04,4.32,2.687,0.0779,1.0933,0.513,-0.0512,0.344,1.94,2.38,0.5909,0.4759,0.7058,0
2005-08-05,4.4,2.7037,0.0833,1.1217,0.5283,-0.037,0.351,2.0,2.4,0.6116,0.4877,0.7355,0
2005-08-08,4.42,2.7083,0.0833,1.1517,0.5135,-0.0368,0.3454,2.02,2.4,0.5968,0.4561,0.7374,0
2005-08-09,4.41,2.7039,0.0823,1.1412,0.5126,-0.03,0.3525,2.02,2.39,0.5949,0.4586,0.7312,0
2005-08-10,4.4,2.7022,0.082,1.133,0.5156,-0.0327,0.3702,2.01,2.39,0.5976,0.4658,0.7293,0
2005-08-11,4.32,2.6884,0.0768,1.1197,0.4918,-0.0567,0.3642,1.97,2.35,0.5686,0.4353,0.7018,0
2005-08-12,4.24,2.6698,0.0695,1.1136,0.4441,-0.0569,0.3533,1.91,2.33,0.5136,0.3637,0.6634,0
2005-08-15,4.27,2.6767,0.0709,1.1286,0.4529,-0.0591,0.342,1.92,2.35,0.5238,0.375,0.6726,0
2005-08-16,4.23,2.6664,0.0674,1.1094,0.442,-0.0552,0.3233,1.87,2.36,0.5094,0.3652,0.6536,0
2005-08-17,4.28,2.679,0.0719,1.1154,0.4709,-0.0572,0.3353,1.91,2.37,0.5428,0.4075,0.6782,0
2005-08-18,4.21,2.6641,0.0669,1.0959,0.4408,-0.0577,0.3348,1.86,2.35,0.5077,0.3642,0.6511,0
2005-08-19,4.21,2.6631,0.0657,1.0974,0.4398,-0.056,0.3247,1.85,2.36,0.5055,0.3653,0.6457,0
2005-08-22,4.22,2.6645,0.0657,1.1014,0.4365,-0.0481,0.3296,1.86,2.36,0.5022,0.3578,0.6466,0
2005-08-23,4.2,2.661,0.0645,1.1001,0.4264,-0.052,0.3243,1.85,2.35,0.4909,0.3416,0.6402,0
2005-08-24,4.19,2.6591,0.0638,1.102,0.4207,-0.0556,0.313,1.83,2.36,0.4845,0.3329,0.6362,0
2005-08-25,4.18,2.6563,0.0629,1.106,0.4095,-0.0546,0.2946,1.8,2.38,0.4724,0.3137,0.6311,0
2005-08-26,4.2,2.6598,0.064,1.1196,0.4036,-0.047,0.2989,1.81,2.39,0.4676,0.2983,0.6369,0
2005-08-29,4.2,2.6574,0.0629,1.1247,0.3968,-0.0418,0.2856,1.79,2.41,0.4597,0.288,0.6313,0
2005-08-30,4.16,2.6477,0.0603,1.1092,0.3892,-0.0464,0.2395,1.71,2.45,0.4495,0.2827,0.6162,0
2005-08-31,4.02,2.62,0.0511,1.0408,0.3589,-0.0509,0.2722,1.65,2.37,0.41,0.2534,0.5667,0
2005-09-01,4.02,2.6207,0.0544,1.0197,0.3848,-0.0596,0.232,1.61,2.41,0.4392,0.2979,0.5805,0
2005-09-02,4.03,2.6257,0.0563,1.005,0.406,-0.063,0.2146,1.59,2.44,0.4623,0.3336,0.5911,0
2005-09-06,4.09,2.6409,0.0598,1.0162,0.4324,-0.0593,0.2357,1.65,2.44,0.4922,0.3711,0.6133,0
2005-09-07,4.15,2.6546,0.0637,1.0274,0.4646,-0.0603,0.2344,1.69,2.46,0.5283,0.4208,0.6358,0
2005-09-08,4.15,2.6534,0.063,1.0313,0.455,-0.0527,0.2052,1.68,2.47,0.518,0.4034,0.6326,0
2005-09-09,4.14,2.6489,0.0615,1.0352,0.4374,-0.043,0.1783,1.64,2.5,0.4989,0.3738,0.6239,0
2005-09-12,4.18,2.6618,0.0645,1.0512,0.4612,-0.0587,0.1888,1.69,2.49,0.5257,0.4085,0.6428,0
2005-09-13,4.14,2.6531,0.0615,1.0352,0.4505,-0.0603,0.1884,1.67,2.47,0.512,0.3972,0.6268,0
2005-09-14,4.17,2.6608,0.0646,1.0403,0.4677,-0.0634,0.1849,1.68,2.49,0.5323,0.4217,0.6429,0
2005-09-15,4.22,2.6725,0.0686,1.0427,0.5018,-0.0656,0.1786,1.71,2.51,0.5704,0.4755,0.6653,0
2005-09-16,4.26,2.6843,0.072,1.0619,0.5173,-0.0756,0.1614,1.73,2.53,0.5893,0.4943,0.6844,0
2005-09-19,4.25,2.6813,0.0697,1.057,0.5179,-0.0758,0.1411,1.7,2.55,0.5876,0.5006,0.6745,0
2005-09-20,4.26,2.6833,0.0689,1.078,0.4921,-0.0622,0.1692,1.74,2.52,0.561,0.4502,0.6718,0
2005-09-21,4.19,2.6658,0.0641,1.0715,0.4523,-0.0636,0.161,1.68,2.51,0.5164,0.3895,0.6432,0
2005-09-22,4.19,2.6638,0.0642,1.0604,0.4614,-0.0598,0.1641,1.67,2.52,0.5256,0.4088,0.6425,0
2005-09-23,4.25,2.6796,0.07,1.0848,0.4815,-0.0659,0.1812,1.74,2.51,0.5515,0.4298,0.6732,0
2005-09-26,4.3,2.6902,0.0721,1.0972,0.511,-0.0704,0.1867,1.78,2.52,0.5831,0.479,0.6871,0
2005-09-27,4.3,2.6901,0.0723,1.1038,0.5119,-0.0781,0.1794,1.77,2.53,0.5842,0.4811,0.6874,0
2005-09-28,4.26,2.6799,0.0687,1.1099,0.4812,-0.0798,0.1648,1.73,2.53,0.5499,0.4322,0.6676,0
2005-09-29,4.29,2.6872,0.0711,1.1233,0.4951,-0.0867,0.1577,1.75,2.54,0.5662,0.4516,0.6808,0
2005-09-30,4.34,2.6967,0.0738,1.1656,0.489,-0.085,0.1535,1.78,2.56,0.5628,0.4298,0.6957,0
2005-10-03,4.39,2.7079,0.0753,1.1709,0.5018,-0.0659,0.173,1.84,2.55,0.5771,0.4466,0.7076,0
2005-10-04,4.38,2.7049,0.0738,1.1734,0.493,-0.0651,0.1895,1.87,2.51,0.5668,0.4334,0.7002,0
2005-10-05,4.36,2.7007,0.0729,1.172,0.4835,-0.0691,0.2076,1.86,2.5,0.5564,0.4187,0.694,0
2005-10-06,4.37,2.704,0.074,1.1712,0.4889,-0.0681,0.2469,1.91,2.46,0.5629,0.4252,0.7006,0
2005-10-07,4.35,2.699,0.0723,1.1733,0.4761,-0.0707,0.2457,1.9,2.45,0.5484,0.4061,0.6908,0
2005-10-11,4.39,2.7059,0.072,1.196,0.4799,-0.0638,0.2483,1.92,2.47,0.5519,0.4105,0.6933,0
2005-10-12,4.45,2.7181,0.0759,1.203,0.5098,-0.0568,0.2531,1.96,2.49,0.5857,0.4559,0.7155,0
2005-10-13,4.48,2.7263,0.0791,1.1995,0.5378,-0.0628,0.2479,1.96,2.52,0.6169,0.5013,0.7326,0
2005-10-14,4.48,2.7285,0.0803,1.2086,0.5312,-0.0687,0.2262,1.98,2.5,0.6115,0.4849,0.7382,0
2005-10-17,4.5,2.7314,0.0789,1.2222,0.5327,-0.0652,0.2031,1.94,2.56,0.6116,0.489,0.7343,0
2005-10-18,4.49,2.7299,0.0784,1.2159,0.5336,-0.0678,0.1924,1.92,2.57,0.612,0.4921,0.7318,0
2005-10-19,4.47,2.7267,0.0771,1.208,0.5253,-0.0671,0.203,1.92,2.55,0.6024,0.4797,0.7251,0
2005-10-20,4.46,2.7253,0.0763,1.2186,0.5089,-0.0691,0.2079,1.92,2.54,0.5852,0.4493,0.7211,0
2005-10-21,4.39,2.7085,0.0699,1.2041,0.47,-0.0626,0.2331,1.89,2.5,0.5399,0.3923,0.6875,0
2005-10-24,4.45,2.7216,0.0735,1.2229,0.5007,-0.0687,0.2404,1.93,2.52,0.5742,0.4401,0.7083,0
2005-10-25,4.54,2.742,0.0806,1.2445,0.5346,-0.0617,0.2697,2.05,2.49,0.6152,0.4836,0.7469,0
2005-10-26,4.6,2.755,0.0857,1.2585,0.5683,-0.0676,0.2561,2.06,2.54,0.654,0.5349,0.7732,0
2005-10-27,4.57,2.7474,0.0835,1.2524,0.5518,-0.0651,0.2419,2.01,2.56,0.6353,0.5102,0.7604,0
2005-10-28,4.58,2.749,0.0837,1.2587,0.554,-0.0654,0.2343,2.01,2.57,0.6377,0.5137,0.7618,0
2005-10-31,4.57,2.746,0.081,1.2626,0.5485,-0.0681,0.2278,2.0,2.57,0.6295,0.509,0.7499,0
2005-11-01,4.58,2.749,0.0821,1.2669,0.5597,-0.0777,0.2241,2.0,2.58,0.6418,0.5279,0.7557,0
2005-11-02,4.61,2.7573,0.0852,1.2748,0.5728,-0.0801,0.2319,2.02,2.59,0.658,0.5439,0.7721,0
2005-11-03,4.65,2.7681,0.0891,1.2811,0.6008,-0.0891,0.2256,2.03,2.62,0.6899,0.5867,0.7931,0
2005-11-04,4.66,2.7733,0.0911,1.2846,0.6158,-0.1047,0.2254,2.06,2.6,0.7069,0.6103,0.8035,0
2005-11-07,4.65,2.7694,0.0887,1.3232,0.5664,-0.0977,0.2115,2.03,2.62,0.6551,0.5182,0.7919,0
2005-11-08,4.57,2.7523,0.0825,1.3077,0.5299,-0.1024,0.233,2.01,2.56,0.6124,0.4663,0.7585,0
2005-11-09,4.64,2.768,0.0874,1.3272,0.5596,-0.1022,0.2643,2.08,2.56,0.647,0.5076,0.7864,0
2005-11-10,4.55,2.7515,0.0819,1.3046,0.5308,-0.1188,0.3064,2.07,2.48,0.6127,0.4693,0.756,0
2005-11-14,4.61,2.7626,0.0846,1.332,0.5386,-0.1077,0.3344,2.14,2.47,0.6232,0.474,0.7723,0
2005-11-15,4.56,2.7507,0.0804,1.3262,0.5124,-0.1097,0.3465,2.12,2.44,0.5928,0.4361,0.7494,0
2005-11-16,4.49,2.7331,0.0748,1.2985,0.4926,-0.109,0.3509,2.07,2.42,0.5674,0.4164,0.7185,0
2005-11-17,4.46,2.7261,0.0724,1.2965,0.4717,-0.1066,0.3429,2.04,2.42,0.5441,0.3831,0.705,0
2005-11-18,4.5,2.7344,0.0748,1.2737,0.5031,-0.0859,0.3734,2.09,2.41,0.5779,0.4363,0.7195,0
2005-11-21,4.46,2.7273,0.0722,1.2645,0.4914,-0.0954,0.3631,2.08,2.38,0.5636,0.4212,0.706,0
2005-11-22,4.43,2.7216,0.0719,1.231,0.5067,-0.1012,0.3428,2.03,2.4,0.5786,0.4551,0.7022,0
2005-11-23,4.47,2.7338,0.0749,1.241,0.5288,-0.1085,0.3507,2.08,2.39,0.6037,0.4872,0.7203,0
2005-11-25,4.43,2.7245,0.0716,1.2283,0.5095,-0.1039,0.3524,2.05,2.38,0.5811,0.4591,0.7031,0
2005-11-28,4.41,2.7179,0.068,1.2301,0.4901,-0.096,0.3573,2.04,2.37,0.5581,0.4306,0.6855,0
2005-11-29,4.48,2.735,0.0738,1.2529,0.5175,-0.0992,0.3768,2.11,2.37,0.5913,0.4655,0.7171,0
2005-11-30,4.49,2.7382,0.0755,1.2582,0.5275,-0.1094,0.3824,2.12,2.37,0.603,0.4809,0.7251,0
2005-12-01,4.52,2.7432,0.0773,1.2762,0.5195,-0.0961,0.3948,2.15,2.37,0.5968,0.4591,0.7345,0
2005-12-02,4.52,2.7428,0.0776,1.2745,0.5235,-0.0984,0.3992,2.16,2.36,0.6011,0.467,0.7352,0
2005-12-05,4.57,2.7511,0.0796,1.2953,0.5335,-0.0895,0.3761,2.17,2.4,0.6131,0.4787,0.7475,0
2005-12-06,4.49,2.7329,0.0735,1.2755,0.4918,-0.0837,0.3841,2.12,2.37,0.5653,0.417,0.7135,0
2005-12-07,4.52,2.741,0.0765,1.2758,0.5143,-0.0876,0.4179,2.18,2.34,0.5908,0.4515,0.7301,0
2005-12-08,4.47,2.7266,0.0727,1.252,0.4948,-0.0761,0.4246,2.14,2.33,0.5675,0.4274,0.7076,0
2005-12-09,4.54,2.7421,0.0788,1.2759,0.5193,-0.076,0.4195,2.18,2.36,0.5981,0.457,0.7391,0
2005-12-12,4.56,2.7449,0.0783,1.2864,0.5248,-0.0744,0.3988,2.17,2.39,0.6031,0.4679,0.7383,0
2005-12-13,4.54,2.742,0.0767,1.2797,0.5242,-0.0826,0.393,2.16,2.38,0.6009,0.4706,0.7312,0
2005-12-14,4.45,2.7221,0.0702,1.2582,0.4779,-0.0784,0.396,2.1,2.35,0.5481,0.4006,0.6955,0
2005-12-15,4.47,2.7259,0.0714,1.2672,0.482,-0.0765,0.3971,2.12,2.35,0.5534,0.4047,0.702,0
2005-12-16,4.45,2.7204,0.0697,1.2636,0.4674,-0.0711,0.4102,2.11,2.34,0.5371,0.3821,0.6922,0
2005-12-19,4.45,2.7177,0.0668,1.2763,0.452,-0.0628,0.4122,2.11,2.34,0.5188,0.3584,0.6793,0
2005-12-20,4.47,2.721,0.0677,1.2903,0.4502,-0.0592,0.4099,2.12,2.35,0.5179,0.3514,0.6844,0
2005-12-21,4.49,2.7254,0.07,1.2958,0.4582,-0.0594,0.4155,2.14,2.35,0.5282,0.3613,0.6952,0
2005-12-22,4.44,2.7123,0.0662,1.2832,0.4283,-0.05,0.4269,2.11,2.33,0.4945,0.3156,0.6734,0
2005-12-23,4.38,2.6972,0.0607,1.2701,0.4052,-0.0532,0.4282,2.07,2.31,0.4659,0.2878,0.644,0
2005-12-27,4.34,2.6876,0.0563,1.277,0.3675,-0.0484,0.4352,2.05,2.29,0.4238,0.2262,0.6214,0
2005-12-28,4.38,2.6961,0.0597,1.2877,0.3826,-0.0461,0.4511,2.1,2.28,0.4423,0.2452,0.6394,0
2005-12-29,4.37,2.6919,0.0582,1.292,0.3696,-0.0417,0.433,2.07,2.3,0.4278,0.2249,0.6307,0
2005-12-30,4.39,2.6956,0.0587,1.3076,0.3688,-0.0407,0.4209,2.06,2.33,0.4275,0.2205,0.6346,0
2006-01-03,4.37,2.6922,0.0561,1.2932,0.3787,-0.0503,0.4078,2.03,2.34,0.4348,0.2461,0.6236,0
2006-01-04,4.36,2.6898,0.0556,1.281,0.3778,-0.0442,0.4032,2.01,2.35,0.4334,0.2464,0.6205,0
2006-01-05,4.36,2.6931,0.0566,1.2817,0.3782,-0.0497,0.4247,2.04,2.32,0.4348,0.2431,0.6266,0
2006-01-06,4.38,2.6974,0.0575,1.293,0.3825,-0.0504,0.4115,2.05,2.33,0.44,0.2474,0.6326,0
2006-01-09,4.38,2.6985,0.0576,1.2934,0.3858,-0.0554,0.4003,2.05,2.33,0.4434,0.2534,0.6335,0
2006-01-10,4.43,2.7091,0.0609,1.3059,0.4086,-0.0546,0.3767,2.06,2.37,0.4695,0.2871,0.652,0
2006-01-11,4.46,2.7166,0.0628,1.3175,0.4181,-0.0549,0.3637,2.07,2.39,0.4809,0.2984,0.6633,0
2006-01-12,4.42,2.7073,0.0598,1.3083,0.4014,-0.0568,0.3485,2.01,2.41,0.4612,0.2756,0.6468,0
2006-01-13,4.36,2.6921,0.0542,1.2979,0.3642,-0.0485,0.3416,1.97,2.39,0.4184,0.2203,0.6166,0
2006-01-17,4.34,2.6862,0.0506,1.3006,0.3476,-0.045,0.3224,1.95,2.39,0.3982,0.1967,0.5997,0
2006-01-18,4.34,2.6893,0.0516,1.2988,0.357,-0.0566,0.3275,1.97,2.37,0.4086,0.2115,0.6057,0
2006-01-19,4.38,2.6973,0.0544,1.3131,0.3668,-0.0516,0.3214,1.97,2.41,0.4212,0.2219,0.6205,0
2006-01-20,4.37,2.6933,0.0527,1.3146,0.3579,-0.0485,0.2899,1.94,2.43,0.4106,0.2095,0.6117,0
2006-01-23,4.36,2.6932,0.052,1.3111,0.3585,-0.0548,0.2951,1.94,2.42,0.4105,0.212,0.609,0
2006-01-24,4.4,2.7008,0.0544,1.3164,0.3731,-0.0447,0.3076,1.97,2.43,0.4275,0.2327,0.6223,0
2006-01-25,4.49,2.7224,0.0614,1.3393,0.412,-0.0451,0.3399,2.03,2.46,0.4734,0.2855,0.6613,0
2006-01-26,4.53,2.7299,0.0644,1.3491,0.4331,-0.0465,0.3156,2.01,2.52,0.4975,0.3184,0.6766,0
2006-01-27,4.52,2.7279,0.0637,1.3565,0.4198,-0.048,0.2864,2.02,2.5,0.4835,0.2948,0.6723,0
2006-01-30,4.54,2.7318,0.0632,1.368,0.4238,-0.0468,0.2762,2.03,2.51,0.487,0.3016,0.6725,0
2006-01-31,4.53,2.7281,0.0623,1.3757,0.4059,-0.042,0.2551,2.0,2.53,0.4682,0.2694,0.6669,0
2006-02-01,4.57,2.7352,0.0647,1.3955,0.4041,-0.0295,0.264,2.02,2.55,0.4688,0.2581,0.6795,0
2006-02-02,4.57,2.7342,0.0644,1.4031,0.3959,-0.0276,0.2786,2.04,2.53,0.4603,0.2435,0.6772,0
2006-02-03,4.54,2.7233,0.0602,1.4176,0.3558,-0.0168,0.2627,2.0,2.54,0.416,0.1774,0.6546,0
2006-02-06,4.55,2.7226,0.0587,1.4318,0.3473,-0.0105,0.2584,2.0,2.55,0.406,0.1641,0.648,0
2006-02-07,4.57,2.7288,0.0609,1.425,0.3763,-0.0211,0.267,2.02,2.55,0.4372,0.2142,0.6603,0
2006-02-08,4.56,2.7356,0.0635,1.4326,0.3825,-0.0542,0.2886,2.07,2.49,0.446,0.2182,0.6738,0
2006-02-09,4.54,2.7305,0.0617,1.4392,0.3639,-0.0553,0.282,2.05,2.49,0.4256,0.1872,0.6639,0
2006-02-10,4.59,2.7396,0.0644,1.4569,0.3768,-0.0477,0.283,2.09,2.5,0.4412,0.2033,0.679,0
2006-02-13,4.58,2.7377,0.0633,1.4492,0.3798,-0.05,0.2897,2.08,2.5,0.4431,0.2124,0.6738,0
2006-02-14,4.62,2.7462,0.0661,1.4515,0.3983,-0.0421,0.3211,2.14,2.48,0.4644,0.2397,0.6892,0
2006-02-15,4.61,2.743,0.0655,1.4546,0.3869,-0.0401,0.3195,2.13,2.48,0.4524,0.2199,0.685,0
2006-02-16,4.59,2.74,0.0648,1.4529,0.3849,-0.0526,0.2989,2.1,2.49,0.4497,0.2188,0.6806,0
2006-02-17,4.54,2.7255,0.0595,1.4479,0.3474,-0.0402,0.2713,2.03,2.51,0.4069,0.1615,0.6522,0
2006-02-21,4.57,2.7306,0.0604,1.4692,0.3423,-0.0325,0.2608,2.04,2.53,0.4027,0.1474,0.658,0
2006-02-22,4.53,2.7214,0.0577,1.4637,0.3196,-0.0325,0.2544,2.01,2.52,0.3773,0.1124,0.6423,0
2006-02-23,4.56,2.7291,0.06,1.4801,0.3286,-0.0378,0.2546,2.03,2.53,0.3886,0.1222,0.655,0
2006-02-24,4.58,2.7318,0.0609,1.4875,0.337,-0.0371,0.2294,2.02,2.56,0.3979,0.1357,0.6601,0
2006-02-27,4.59,2.7377,0.0623,1.4894,0.3495,-0.0489,0.2381,2.04,2.55,0.4118,0.1549,0.6687,0
2006-02-28,4.55,2.7275,0.0589,1.4723,0.3332,-0.0418,0.2448,2.02,2.53,0.3921,0.134,0.6501,0
2006-03-01,4.59,2.735,0.0612,1.4741,0.3615,-0.0417,0.2277,2.02,2.57,0.4227,0.1818,0.6635,0
2006-03-02,4.64,2.7494,0.0664,1.483,0.3928,-0.0516,0.2143,2.05,2.59,0.4592,0.2268,0.6917,0
2006-03-03,4.68,2.7606,0.0706,1.4859,0.4195,-0.0566,0.2098,2.07,2.61,0.4901,0.2662,0.7141,0
2006-03-06,4.74,2.7756,0.0755,1.4851,0.4607,-0.0569,0.2369,2.14,2.6,0.5362,0.3305,0.7418,0
2006-03-07,4.74,2.7761,0.0756,1.4875,0.4558,-0.055,0.2514,2.16,2.58,0.5314,0.3202,0.7426,0
2006-03-08,4.73,2.7767,0.0758,1.4741,0.4668,-0.0634,0.2912,2.2,2.53,0.5426,0.3414,0.7438,0
2006-03-09,4.74,2.7749,0.0751,1.4752,0.4645,-0.0496,0.2918,2.2,2.54,0.5396,0.3391,0.74,0
2006-03-10,4.76,2.7807,0.0768,1.4799,0.4752,-0.0527,0.3104,2.23,2.53,0.552,0.354,0.7501,0
2006-03-13,4.77,2.7829,0.0763,1.4855,0.4797,-0.0544,0.3121,2.24,2.53,0.556,0.3628,0.7492,0
2006-03-14,4.71,2.7664,0.0704,1.4563,0.4641,-0.0472,0.2922,2.17,2.54,0.5345,0.3508,0.7183,0
2006-03-15,4.73,2.773,0.0723,1.4549,0.4817,-0.0519,0.292,2.18,2.55,0.554,0.3785,0.7295,0
2006-03-16,4.65,2.7563,0.0669,1.4228,0.4598,-0.0558,0.2768,2.12,2.53,0.5267,0.3533,0.7,0
2006-03-17,4.68,2.765,0.0695,1.4241,0.4789,-0.0575,0.2852,2.16,2.52,0.5484,0.3813,0.7154,0
2006-03-20,4.66,2.7617,0.0678,1.4233,0.4645,-0.0573,0.2954,2.15,2.51,0.5323,0.3574,0.7073,0
2006-03-21,4.71,2.7744,0.0716,1.4471,0.4739,-0.057,0.3284,2.23,2.48,0.5455,0.3624,0.7286,0
2006-03-22,4.7,2.7706,0.0708,1.4561,0.4582,-0.0556,0.3275,2.23,2.47,0.529,0.3355,0.7225,0
2006-03-23,4.73,2.7769,0.0734,1.4661,0.4715,-0.0579,0.3241,2.24,2.49,0.5449,0.3541,0.7358,0
2006-03-24,4.67,2.7613,0.0686,1.4482,0.4414,-0.0495,0.3291,2.2,2.47,0.51,0.3113,0.7087,0
2006-03-27,4.7,2.7682,0.0706,1.4499,0.4619,-0.0506,0.3432,2.23,2.47,0.5325,0.3445,0.7205,0
2006-03-28,4.79,2.7861,0.0766,1.4821,0.4832,-0.0379,0.3525,2.3,2.49,0.5598,0.3667,0.7528,0
2006-03-29,4.81,2.7928,0.0791,1.4777,0.5091,-0.0488,0.3547,2.32,2.49,0.5882,0.4104,0.7661,0
2006-03-30,4.86,2.8036,0.0829,1.4834,0.5372,-0.0471,0.3529,2.35,2.51,0.6201,0.4533,0.7868,0
2006-03-31,4.86,2.8041,0.0839,1.4746,0.5452,-0.0478,0.3538,2.35,2.51,0.6291,0.4672,0.791,0
2006-04-03,4.88,2.8084,0.0842,1.4874,0.5467,-0.0467,0.3554,2.36,2.52,0.6309,0.4673,0.7945,0
2006-04-04,4.87,2.8078,0.0839,1.4773,0.554,-0.0531,0.3718,2.38,2.49,0.6379,0.4824,0.7935,0
2006-04-05,4.84,2.8011,0.0818,1.4665,0.5458,-0.0552,0.3583,2.34,2.5,0.6276,0.4732,0.782,0
2006-04-06,4.9,2.8134,0.0856,1.4704,0.5777,-0.0471,0.3549,2.38,2.52,0.6633,0.5227,0.8039,0
2006-04-07,4.97,2.8295,0.0916,1.4852,0.6049,-0.0412,0.3636,2.43,2.54,0.6965,0.5573,0.8357,0
2006-04-10,4.97,2.8289,0.0904,1.4857,0.6076,-0.0426,0.343,2.41,2.56,0.698,0.5654,0.8307,0
2006-04-11,4.93,2.8216,0.0879,1.4762,0.5934,-0.0491,0.331,2.37,2.56,0.6813,0.5458,0.8167,0
2006-04-12,4.98,2.8315,0.0904,1.4871,0.6118,-0.0408,0.3318,2.41,2.57,0.7022,0.572,0.8324,0
2006-04-13,5.05,2.8479,0.0955,1.5045,0.64,-0.0379,0.3489,2.48,2.57,0.7355,0.6099,0.8611,0
2006-04-17,5.01,2.8386,0.0923,1.4921,0.629,-0.042,0.3244,2.43,2.58,0.7213,0.5989,0.8437,0
2006-04-18,4.99,2.8331,0.0907,1.4677,0.6398,-0.0413,0.3078,2.38,2.61,0.7305,0.6256,0.8354,0
2006-04-19,5.04,2.8452,0.0951,1.4663,0.6762,-0.0428,0.2793,2.38,2.66,0.7713,0.6835,0.859,0
2006-04-20,5.04,2.8494,0.0966,1.4675,0.6721,-0.0456,0.2941,2.42,2.62,0.7687,0.6701,0.8673,0
2006-04-21,5.01,2.8408,0.0936,1.4752,0.6382,-0.0378,0.2873,2.39,2.62,0.7318,0.6131,0.8506,0
2006-04-24,4.99,2.8349,0.0906,1.4792,0.6194,-0.0341,0.3068,2.39,2.6,0.71,0.5842,0.8358,0
2006-04-25,5.07,2.8535,0.0964,1.4963,0.6616,-0.0378,0.3275,2.47,2.6,0.758,0.6476,0.8683,0
2006-04-26,5.12,2.8612,0.0987,1.5116,0.6696,-0.0211,0.3371,2.51,2.61,0.7683,0.6553,0.8813,0
2006-04-27,5.09,2.854,0.0973,1.4862,0.6822,-0.0298,0.3069,2.45,2.64,0.7795,0.6868,0.8723,0
2006-04-28,5.07,2.8507,0.0967,1.4666,0.6923,-0.0363,0.2741,2.39,2.68,0.789,0.7095,0.8685,0
2006-05-01,5.14,2.867,0.1006,1.4846,0.7184,-0.0307,0.2577,2.42,2.72,0.819,0.7452,0.8929,0
2006-05-02,5.12,2.8644,0.0994,1.4816,0.7049,-0.0303,0.2741,2.43,2.69,0.8043,0.7218,0.8868,0
2006-05-03,5.15,2.8725,0.1017,1.4933,0.7214,-0.0389,0.2802,2.47,2.68,0.8231,0.746,0.9002,0
2006-05-04,5.16,2.8736,0.1018,1.5023,0.7117,-0.0294,0.2937,2.49,2.67,0.8135,0.726,0.901,0
2006-05-05,5.12,2.8633,0.0983,1.4943,0.6943,-0.0302,0.28,2.45,2.67,0.7926,0.7034,0.8817,0
2006-05-08,5.12,2.8632,0.0976,1.5076,0.68,-0.0284,0.2838,2.45,2.67,0.7776,0.6768,0.8784,0
2006-05-09,5.13,2.8631,0.0974,1.5117,0.6823,-0.0244,0.2676,2.43,2.7,0.7797,0.6817,0.8776,0
2006-05-10,5.13,2.8619,0.097,1.5199,0.6675,-0.0163,0.2663,2.43,2.7,0.7645,0.6537,0.8752,0
2006-05-11,5.14,2.8693,0.101,1.51,0.7039,-0.0442,0.2476,2.43,2.71,0.8049,0.7151,0.8947,0
2006-05-12,5.19,2.8815,0.1055,1.5103,0.7357,-0.043,0.2471,2.47,2.72,0.8412,0.7636,0.9188,0
2006-05-15,5.15,2.876,0.1027,1.499,0.7233,-0.051,0.277,2.47,2.68,0.826,0.7465,0.9055,0
2006-05-16,5.1,2.8633,0.0986,1.4859,0.7003,-0.0481,0.2753,2.44,2.66,0.7989,0.7149,0.883,0
2006-05-17,5.16,2.8769,0.1033,1.4962,0.7343,-0.0507,0.2734,2.47,2.69,0.8376,0.7665,0.9087,0
2006-05-18,5.08,2.856,0.0962,1.4789,0.6845,-0.0356,0.273,2.41,2.67,0.7807,0.6918,0.8697,0
2006-05-19,5.05,2.8502,0.0936,1.4938,0.6488,-0.0364,0.3015,2.43,2.62,0.7424,0.6289,0.8559,0
2006-05-22,5.04,2.8465,0.0915,1.4896,0.6516,-0.0393,0.3103,2.43,2.61,0.7431,0.6404,0.8459,0
2006-05-23,5.07,2.8518,0.0933,1.4983,0.6608,-0.0342,0.3017,2.44,2.63,0.7541,0.6526,0.8557,0
2006-05-24,5.03,2.8452,0.0917,1.4795,0.6579,-0.0443,0.3081,2.42,2.61,0.7496,0.6532,0.846,0
2006-05-25,5.07,2.8553,0.095,1.4952,0.6704,-0.046,0.3168,2.46,2.61,0.7654,0.6666,0.8643,0
2006-05-26,5.06,2.8513,0.0931,1.4895,0.6679,-0.0418,0.3047,2.44,2.62,0.761,0.6669,0.8551,0
2006-05-30,5.09,2.8586,0.0953,1.5051,0.6734,-0.0424,0.2964,2.45,2.64,0.7687,0.6703,0.8671,0
2006-05-31,5.12,2.8657,0.0968,1.5239,0.6758,-0.0423,0.3004,2.48,2.64,0.7726,0.6687,0.8766,0
2006-06-01,5.11,2.863,0.0963,1.5251,0.6701,-0.0445,0.2907,2.46,2.65,0.7664,0.6598,0.8731,0
2006-06-02,5.0,2.8367,0.0879,1.4821,0.634,-0.0408,0.2828,2.37,2.63,0.7219,0.6172,0.8267,0
2006-06-05,5.02,2.842,0.0891,1.5053,0.6259,-0.0422,0.2918,2.4,2.62,0.715,0.5959,0.834,0
2006-06-06,5.01,2.8383,0.0874,1.5095,0.6032,-0.0283,0.3295,2.44,2.57,0.6906,0.556,0.8251,0
2006-06-07,5.02,2.8421,0.0885,1.5215,0.6068,-0.0389,0.3558,2.48,2.54,0.6953,0.5592,0.8313,0
2006-06-08,5.0,2.8339,0.0856,1.5218,0.5866,-0.0279,0.3604,2.47,2.53,0.6722,0.5291,0.8152,0
2006-06-09,4.98,2.828,0.0833,1.5275,0.5688,-0.0276,0.3503,2.45,2.53,0.6521,0.5016,0.8026,0
2006-06-12,4.99,2.8291,0.082,1.5391,0.5655,-0.0258,0.3493,2.45,2.54,0.6475,0.4971,0.798,0
2006-06-13,4.97,2.8241,0.0797,1.5363,0.5539,-0.024,0.3564,2.44,2.53,0.6336,0.4804,0.7868,0
2006-06-14,5.05,2.8422,0.0853,1.573,0.5735,-0.024,0.3535,2.5,2.55,0.6588,0.4997,0.8179,0
2006-06-15,5.1,2.8521,0.0894,1.5782,0.6003,-0.02,0.3464,2.52,2.58,0.6897,0.5407,0.8388,0
2006-06-16,5.13,2.8593,0.0915,1.5858,0.6146,-0.0212,0.3528,2.54,2.59,0.7061,0.5615,0.8507,0
2006-06-19,5.14,2.8626,0.0909,1.5969,0.6144,-0.0248,0.3651,2.58,2.56,0.7053,0.5604,0.8502,0
2006-06-20,5.15,2.8636,0.0913,1.6021,0.6135,-0.0205,0.3682,2.58,2.57,0.7048,0.5574,0.8522,0
2006-06-21,5.16,2.864,0.0918,1.6045,0.6118,-0.0121,0.3773,2.59,2.57,0.7036,0.553,0.8542,0
2006-06-22,5.2,2.873,0.0951,1.6173,0.63,-0.0154,0.3709,2.61,2.59,0.7251,0.5786,0.8716,0
2006-06-23,5.23,2.8804,0.097,1.6273,0.6435,-0.0182,0.3742,2.64,2.59,0.7405,0.5982,0.8829,0
2006-06-26,5.25,2.8849,0.0971,1.6326,0.6519,-0.0166,0.3847,2.67,2.58,0.749,0.6122,0.8859,0
2006-06-27,5.21,2.8754,0.0935,1.6301,0.6266,-0.0156,0.3792,2.63,2.58,0.7201,0.5732,0.867,0
2006-06-28,5.25,2.8848,0.0969,1.6356,0.6461,-0.0134,0.3983,2.68,2.57,0.743,0.6007,0.8853,0
2006-06-29,5.22,2.8753,0.0949,1.6126,0.6468,-0.0097,0.3695,2.61,2.61,0.7417,0.6112,0.8723,0
2006-06-30,5.15,2.86,0.0897,1.5956,0.6229,-0.0182,0.3397,2.54,2.61,0.7126,0.5807,0.8445,0
2006-07-03,5.15,2.8627,0.0887,1.6029,0.6157,-0.0199,0.3476,2.56,2.59,0.7044,0.5667,0.842,0
2006-07-05,5.23,2.8805,0.0946,1.6263,0.6431,-0.0144,0.3675,2.63,2.6,0.7377,0.6009,0.8745,0
2006-07-06,5.19,2.871,0.0914,1.6171,0.6348,-0.0244,0.3558,2.59,2.6,0.7262,0.5956,0.8569,0
2006-07-07,5.14,2.8587,0.0877,1.6063,0.6035,-0.0162,0.3494,2.55,2.59,0.6912,0.5466,0.8358,0
2006-07-10,5.13,2.8574,0.086,1.6088,0.5976,-0.0198,0.3615,2.56,2.57,0.6836,0.5383,0.8289,0
2006-07-11,5.1,2.8508,0.0838,1.6042,0.5811,-0.0199,0.3626,2.53,2.57,0.6649,0.5128,0.8169,0
2006-07-12,5.1,2.8507,0.0839,1.6214,0.5587,-0.0147,0.3746,2.54,2.56,0.6426,0.4683,0.8168,0
2006-07-13,5.08,2.8436,0.0821,1.6063,0.5578,-0.0098,0.3621,2.51,2.57,0.6399,0.4736,0.8062,0
2006-07-14,5.07,2.8418,0.0818,1.5926,0.5643,-0.0105,0.3554,2.5,2.57,0.6461,0.4881,0.8041,0
2006-07-17,5.07,2.8428,0.081,1.6021,0.5581,-0.014,0.3517,2.49,2.58,0.6391,0.4766,0.8016,0
2006-07-18,5.13,2.8574,0.0854,1.6215,0.5799,-0.0142,0.3677,2.55,2.58,0.6653,0.5041,0.8264,0
2006-07-19,5.06,2.8396,0.0802,1.5939,0.5563,-0.01,0.3572,2.49,2.57,0.6365,0.4763,0.7966,0
2006-07-20,5.03,2.8326,0.0786,1.5753,0.5531,-0.0097,0.3467,2.45,2.58,0.6317,0.4763,0.7871,0
2006-07-21,5.05,2.8382,0.0805,1.5807,0.5598,-0.0092,0.3579,2.49,2.56,0.6403,0.483,0.7976,0
2006-07-24,5.05,2.8382,0.0802,1.5813,0.5561,-0.0057,0.3708,2.49,2.56,0.6363,0.4761,0.7964,0
2006-07-25,5.07,2.8412,0.0816,1.5908,0.56,-0.0036,0.3544,2.48,2.59,0.6416,0.48,0.8032,0
2006-07-26,5.04,2.8349,0.0805,1.5739,0.5582,-0.0075,0.3449,2.44,2.6,0.6387,0.4819,0.7955,0
2006-07-27,5.07,2.8383,0.0821,1.5665,0.5712,0.0119,0.3627,2.47,2.6,0.6533,0.5026,0.804,0
2006-07-28,5.0,2.8254,0.0785,1.5425,0.5566,-0.0031,0.3519,2.41,2.59,0.6351,0.4871,0.7832,0
2006-07-31,4.99,2.8257,0.078,1.5343,0.5676,-0.0155,0.3521,2.41,2.58,0.6456,0.5095,0.7817,0
2006-08-01,4.99,2.8244,0.0772,1.5323,0.5622,-0.0061,0.3461,2.4,2.59,0.6394,0.5006,0.7782,0
2006-08-02,4.96,2.8187,0.0749,1.5306,0.5488,-0.0129,0.3252,2.36,2.6,0.6237,0.4808,0.7665,0
2006-08-03,4.96,2.8175,0.0742,1.541,0.53,-0.0027,0.323,2.35,2.61,0.6042,0.4457,0.7628,0
2006-08-04,4.91,2.8047,0.0702,1.5195,0.5174,-0.0019,0.3093,2.3,2.61,0.5876,0.4347,0.7406,0
2006-08-07,4.93,2.8073,0.0702,1.5355,0.5105,0.0065,0.295,2.29,2.64,0.5807,0.4198,0.7416,0
2006-08-08,4.93,2.8099,0.072,1.5193,0.5366,-0.0078,0.2822,2.27,2.66,0.6086,0.4669,0.7503,0
2006-08-09,4.92,2.8144,0.0739,1.5137,0.5529,-0.0349,0.269,2.28,2.64,0.6268,0.4928,0.7608,0
2006-08-10,4.93,2.8168,0.0745,1.511,0.5529,-0.0252,0.288,2.3,2.63,0.6274,0.4902,0.7645,0
2006-08-11,4.97,2.8249,0.0764,1.5327,0.5584,-0.0225,0.2864,2.33,2.64,0.6348,0.4936,0.7761,0
2006-08-14,5.0,2.8313,0.0777,1.5511,0.5593,-0.0194,0.2952,2.36,2.64,0.637,0.49,0.784,0
2006-08-15,4.93,2.8165,0.0734,1.5288,0.5384,-0.0272,0.302,2.32,2.61,0.6118,0.464,0.7596,0
2006-08-16,4.87,2.8023,0.0691,1.5032,0.5225,-0.0272,0.306,2.28,2.59,0.5916,0.4481,0.7352,0
2006-08-17,4.87,2.8023,0.0684,1.5096,0.5135,-0.0238,0.3153,2.28,2.59,0.5819,0.431,0.7328,0
2006-08-18,4.84,2.7947,0.0651,1.5007,0.504,-0.0245,0.311,2.26,2.58,0.5691,0.4221,0.7161,0
2006-08-21,4.82,2.7913,0.064,1.4995,0.4962,-0.0309,0.3049,2.23,2.59,0.5602,0.4104,0.7099,0
2006-08-22,4.82,2.7906,0.0639,1.5002,0.4931,-0.0278,0.3021,2.22,2.6,0.557,0.4047,0.7093,0
2006-08-23,4.82,2.7916,0.0644,1.5022,0.4897,-0.0279,0.3225,2.25,2.57,0.5541,0.3967,0.7115,0
2006-08-24,4.81,2.79,0.0638,1.5044,0.4799,-0.0281,0.3535,2.28,2.53,0.5437,0.379,0.7084,0
2006-08-25,4.79,2.7854,0.0622,1.5039,0.4767,-0.0381,0.3386,2.24,2.55,0.5389,0.3783,0.6994,0
2006-08-28,4.8,2.7878,0.0628,1.5084,0.4738,-0.0328,0.3665,2.28,2.52,0.5366,0.3699,0.7032,0
2006-08-29,4.79,2.7861,0.0627,1.508,0.4733,-0.0401,0.3753,2.29,2.5,0.536,0.3701,0.7019,0
2006-08-30,4.76,2.7814,0.0616,1.4978,0.4706,-0.0514,0.3835,2.28,2.48,0.5322,0.3692,0.6952,0
2006-08-31,4.74,2.7745,0.0599,1.4889,0.4622,-0.0455,0.3661,2.24,2.5,0.5221,0.3592,0.685,0
2006-09-01,4.73,2.7747,0.0603,1.4833,0.4625,-0.0508,0.3849,2.25,2.48,0.5228,0.3588,0.6869,0
2006-09-05,4.78,2.7875,0.0643,1.4857,0.4984,-0.0559,0.4018,2.31,2.47,0.5627,0.4161,0.7093,0
2006-09-06,4.8,2.7924,0.0662,1.4866,0.5124,-0.0576,0.4014,2.32,2.48,0.5786,0.4375,0.7196,0
2006-09-07,4.8,2.7906,0.0653,1.4857,0.5029,-0.0445,0.4204,2.34,2.46,0.5682,0.4211,0.7152,0
2006-09-08,4.78,2.7868,0.0647,1.4743,0.5011,-0.0469,0.4423,2.35,2.43,0.5658,0.4208,0.7108,0
2006-09-11,4.8,2.7922,0.066,1.4828,0.5086,-0.0497,0.459,2.38,2.42,0.5746,0.4307,0.7186,0
2006-09-12,4.78,2.7843,0.0633,1.4807,0.49,-0.0383,0.4584,2.36,2.42,0.5533,0.4028,0.7039,0
2006-09-13,4.77,2.7811,0.0633,1.475,0.4878,-0.0372,0.4524,2.35,2.42,0.5511,0.4002,0.7021,0
2006-09-14,4.79,2.786,0.0647,1.4896,0.4887,-0.0389,0.4374,2.35,2.44,0.5534,0.3972,0.7095,0
2006-09-15,4.8,2.7889,0.0657,1.4959,0.4865,-0.037,0.4616,2.38,2.42,0.5522,0.3893,0.7151,0
2006-09-18,4.81,2.7907,0.0663,1.5014,0.4891,-0.0375,0.4626,2.39,2.42,0.5554,0.3928,0.718,0
2006-09-19,4.74,2.7733,0.0606,1.475,0.4654,-0.0342,0.4723,2.35,2.39,0.526,0.3652,0.6867,0
2006-09-20,4.73,2.7739,0.0606,1.4786,0.458,-0.0411,0.5114,2.39,2.34,0.5186,0.3498,0.6874,0
2006-09-21,4.65,2.7545,0.0548,1.4441,0.4425,-0.0459,0.5005,2.31,2.34,0.4973,0.34,0.6545,0
2006-09-22,4.6,2.744,0.0513,1.4365,0.4175,-0.0493,0.4904,2.27,2.33,0.4688,0.3019,0.6357,0
2006-09-25,4.56,2.7338,0.0479,1.4232,0.3963,-0.0412,0.4901,2.24,2.32,0.4442,0.2716,0.6168,0
2006-09-26,4.59,2.7395,0.0498,1.4397,0.397,-0.036,0.4808,2.25,2.34,0.4468,0.2668,0.6269,0
2006-09-27,4.6,2.7424,0.051,1.4358,0.4102,-0.0395,0.4751,2.26,2.34,0.4612,0.2889,0.6336,0
2006-09-28,4.63,2.7479,0.0531,1.4388,0.4226,-0.0324,0.471,2.27,2.36,0.4757,0.3066,0.6448,0
2006-09-29,4.64,2.751,0.0542,1.4528,0.418,-0.036,0.4662,2.27,2.37,0.4722,0.2942,0.6503,0
2006-10-02,4.62,2.7471,0.0527,1.4423,0.4196,-0.0417,0.4652,2.27,2.35,0.4723,0.3019,0.6427,0
2006-10-03,4.62,2.7475,0.0527,1.4439,0.4135,-0.0376,0.4839,2.29,2.33,0.4662,0.2894,0.643,0
2006-10-04,4.57,2.7376,0.0494,1.4214,0.4071,-0.0455,0.4984,2.27,2.3,0.4565,0.2877,0.6253,0
2006-10-05,4.61,2.7469,0.052,1.4365,0.4183,-0.0437,0.5116,2.31,2.3,0.4703,0.3004,0.6402,0
2006-10-06,4.7,2.7664,0.0587,1.4665,0.4483,-0.0399,0.5185,2.37,2.33,0.507,0.3375,0.6765,0
2006-10-10,4.75,2.7778,0.0621,1.4841,0.464,-0.038,0.5243,2.42,2.33,0.5261,0.3569,0.6952,0
2006-10-11,4.78,2.7833,0.064,1.4973,0.469,-0.0336,0.5342,2.45,2.33,0.533,0.361,0.7051,0
2006-10-12,4.79,2.7817,0.0626,1.4992,0.4659,-0.0195,0.5326,2.44,2.35,0.5285,0.3583,0.6988,0
2006-10-13,4.81,2.7874,0.0647,1.5062,0.4765,-0.0248,0.5378,2.47,2.34,0.5412,0.3726,0.7098,0
2006-10-16,4.79,2.7832,0.0626,1.5034,0.4691,-0.0282,0.5302,2.45,2.34,0.5317,0.3641,0.6993,0
2006-10-17,4.78,2.7802,0.0613,1.4948,0.4658,-0.0221,0.5479,2.46,2.32,0.5271,0.3614,0.6928,0
2006-10-18,4.77,2.7781,0.0606,1.4956,0.4564,-0.0207,0.5598,2.46,2.31,0.517,0.3448,0.6891,0
2006-10-19,4.79,2.7828,0.0618,1.5036,0.4638,-0.022,0.5715,2.49,2.3,0.5256,0.3547,0.6964,0
2006-10-20,4.79,2.7823,0.0622,1.5069,0.459,-0.0204,0.5727,2.49,2.3,0.5212,0.345,0.6974,0
2006-10-23,4.83,2.791,0.0646,1.5217,0.4724,-0.0197,0.5767,2.53,2.3,0.537,0.3629,0.711,0
2006-10-24,4.83,2.7904,0.064,1.5258,0.4703,-0.0205,0.5676,2.52,2.31,0.5343,0.3603,0.7083,0
2006-10-25,4.78,2.7771,0.0593,1.5127,0.4478,-0.0169,0.5392,2.44,2.34,0.5071,0.3314,0.6829,0
2006-10-26,4.73,2.7669,0.0553,1.4945,0.4349,-0.0216,0.5417,2.41,2.32,0.4902,0.318,0.6623,0
2006-10-27,4.68,2.7572,0.0518,1.4784,0.4233,-0.0307,0.54,2.37,2.31,0.4751,0.3059,0.6442,0
2006-10-30,4.68,2.7574,0.0519,1.4867,0.4118,-0.0278,0.5543,2.39,2.29,0.4637,0.283,0.6445,0
2006-10-31,4.61,2.7421,0.0468,1.4642,0.3881,-0.0312,0.5619,2.34,2.27,0.4349,0.253,0.6169,0
2006-11-01,4.57,2.7311,0.0439,1.4478,0.3766,-0.0295,0.5465,2.29,2.28,0.4205,0.2415,0.5996,0
2006-11-02,4.6,2.7405,0.0462,1.4641,0.3837,-0.0346,0.5546,2.32,2.28,0.4299,0.2459,0.614,0
2006-11-03,4.72,2.7656,0.0542,1.5019,0.4214,-0.0231,0.5449,2.4,2.32,0.4756,0.2934,0.6578,0
2006-11-06,4.71,2.7615,0.0529,1.504,0.4134,-0.0218,0.5146,2.36,2.35,0.4663,0.2825,0.6501,0
2006-11-07,4.66,2.7508,0.0495,1.4858,0.3992,-0.0253,0.5153,2.32,2.34,0.4487,0.2661,0.6313,0
2006-11-08,4.64,2.7444,0.0471,1.481,0.3864,-0.0189,0.5067,2.29,2.35,0.4335,0.2485,0.6186,0
2006-11-09,4.62,2.7446,0.047,1.4769,0.3902,-0.0387,0.5027,2.28,2.34,0.4372,0.2559,0.6185,0
2006-11-10,4.59,2.7356,0.0436,1.4729,0.3663,-0.0284,0.4941,2.25,2.34,0.4099,0.2193,0.6005,0
2006-11-13,4.61,2.7408,0.0454,1.4773,0.3711,-0.0247,0.5209,2.29,2.32,0.4165,0.2228,0.6103,0
2006-11-14,4.57,2.7308,0.0421,1.4715,0.3475,-0.0219,0.5272,2.28,2.29,0.3896,0.1873,0.5919,0
2006-11-15,4.61,2.7392,0.0451,1.4947,0.3496,-0.0186,0.5313,2.3,2.31,0.3947,0.1817,0.6076,0
2006-11-16,4.66,2.75,0.0491,1.5089,0.3653,-0.0133,0.5572,2.38,2.28,0.4144,0.2003,0.6285,0
2006-11-17,4.61,2.7374,0.0454,1.4793,0.3644,-0.0165,0.5612,2.33,2.28,0.4098,0.2121,0.6075,0
2006-11-20,4.6,2.735,0.0442,1.4789,0.3565,-0.0145,0.5611,2.33,2.27,0.4007,0.1995,0.6018,0
2006-11-21,4.58,2.7304,0.0424,1.4755,0.3459,-0.0142,0.5538,2.31,2.27,0.3883,0.1844,0.5922,0
2006-11-22,4.57,2.728,0.0413,1.4717,0.3414,-0.0125,0.5439,2.3,2.27,0.3827,0.1784,0.587,0
2006-11-24,4.55,2.7249,0.0406,1.4646,0.3401,-0.0202,0.5327,2.27,2.28,0.3807,0.1786,0.5828,0
2006-11-27,4.54,2.7215,0.0392,1.4632,0.3344,-0.0183,0.5096,2.24,2.3,0.3736,0.1719,0.5753,0
2006-11-28,4.51,2.7168,0.0375,1.4499,0.3336,-0.0278,0.4989,2.21,2.3,0.3711,0.1756,0.5666,0
2006-11-29,4.52,2.721,0.0389,1.4505,0.3395,-0.0299,0.4948,2.22,2.3,0.3784,0.1824,0.5745,0
2006-11-30,4.46,2.7076,0.0346,1.4361,0.3158,-0.034,0.4751,2.16,2.3,0.3504,0.1498,0.551,0
2006-12-01,4.43,2.7011,0.0335,1.4178,0.3173,-0.0397,0.4472,2.1,2.33,0.3508,0.1579,0.5437,0
2006-12-04,4.43,2.7044,0.035,1.4111,0.3224,-0.0429,0.4531,2.11,2.32,0.3574,0.1632,0.5516,0
2006-12-05,4.45,2.7081,0.0365,1.4078,0.3349,-0.0373,0.4467,2.11,2.34,0.3714,0.1827,0.56,0
2006-12-06,4.48,2.7166,0.0393,1.4296,0.3331,-0.0386,0.4543,2.14,2.34,0.3724,0.17,0.5749,0
2006-12-07,4.49,2.7171,0.0395,1.432,0.3326,-0.0312,0.4625,2.15,2.34,0.3721,0.1682,0.576,0
2006-12-08,4.56,2.7324,0.0445,1.4545,0.3606,-0.032,0.4672,2.21,2.35,0.4051,0.207,0.6032,0
2006-12-11,4.52,2.7231,0.0416,1.4436,0.3469,-0.0352,0.4512,2.17,2.35,0.3885,0.1905,0.5865,0
2006-12-12,4.49,2.715,0.0389,1.4259,0.3414,-0.0313,0.4522,2.15,2.34,0.3803,0.189,0.5717,0
2006-12-13,4.58,2.7364,0.0464,1.4468,0.3809,-0.0305,0.4705,2.22,2.36,0.4273,0.242,0.6125,0
2006-12-14,4.6,2.7401,0.0478,1.4541,0.3837,-0.0257,0.4622,2.23,2.37,0.4315,0.2435,0.6195,0
2006-12-15,4.6,2.7418,0.0488,1.4485,0.388,-0.0271,0.5038,2.29,2.31,0.4368,0.2493,0.6242,0
2006-12-18,4.6,2.7404,0.0477,1.4489,0.3849,-0.0219,0.53,2.31,2.29,0.4326,0.2457,0.6195,0
2006-12-19,4.6,2.7404,0.0479,1.4467,0.393,-0.028,0.519,2.31,2.29,0.4409,0.2617,0.6201,0
2006-12-20,4.6,2.7412,0.0481,1.4465,0.3914,-0.0272,0.5261,2.32,2.28,0.4395,0.2575,0.6215,0
2006-12-21,4.55,2.7323,0.0454,1.4275,0.3824,-0.0376,0.5364,2.29,2.26,0.4278,0.2493,0.6063,0
2006-12-22,4.63,2.7484,0.0507,1.4489,0.4104,-0.0284,0.5357,2.35,2.28,0.4611,0.2864,0.6359,0
2006-12-26,4.61,2.744,0.0486,1.4506,0.3957,-0.0289,0.534,2.34,2.27,0.4443,0.2635,0.6251,0
2006-12-27,4.66,2.7551,0.0527,1.4666,0.4077,-0.0221,0.5519,2.39,2.27,0.4604,0.2741,0.6467,0
2006-12-28,4.7,2.7634,0.0561,1.4843,0.4197,-0.0235,0.5447,2.41,2.29,0.4758,0.2876,0.664,0
2006-12-29,4.71,2.7658,0.0576,1.4901,0.425,-0.0285,0.5329,2.41,2.3,0.4826,0.2944,0.6707,0
2007-01-02,4.68,2.7594,0.0553,1.4865,0.4127,-0.0339,0.5208,2.38,2.3,0.468,0.2781,0.6578,0
2007-01-03,4.67,2.7549,0.0537,1.4776,0.4081,-0.0243,0.5173,2.36,2.31,0.4618,0.2741,0.6495,0
2007-01-04,4.62,2.7466,0.0511,1.4603,0.3983,-0.0364,0.5407,2.36,2.26,0.4494,0.2637,0.6352,0
2007-01-05,4.65,2.7528,0.0529,1.474,0.4048,-0.0345,0.541,2.38,2.27,0.4577,0.2702,0.6453,0
2007-01-08,4.66,2.7537,0.052,1.4847,0.3992,-0.0297,0.5392,2.38,2.28,0.4512,0.2601,0.6424,0
2007-01-09,4.66,2.7525,0.0514,1.4857,0.3934,-0.023,0.5411,2.39,2.27,0.4448,0.2504,0.6393,0
2007-01-10,4.69,2.76,0.0541,1.4911,0.4087,-0.0238,0.5553,2.42,2.27,0.4628,0.2716,0.6539,0
2007-01-11,4.74,2.7713,0.0579,1.5083,0.425,-0.0224,0.5632,2.43,2.31,0.4829,0.2913,0.6744,0
2007-01-12,4.77,2.7789,0.0608,1.5133,0.4423,-0.0253,0.5772,2.49,2.28,0.5031,0.3165,0.6896,0
2007-01-16,4.75,2.7732,0.0585,1.5101,0.4338,-0.0256,0.5581,2.48,2.27,0.4923,0.3069,0.6777,0
2007-01-17,4.79,2.782,0.0617,1.524,0.4447,-0.0224,0.5537,2.5,2.29,0.5064,0.3181,0.6947,0
2007-01-18,4.75,2.7734,0.0587,1.5177,0.4262,-0.026,0.5466,2.47,2.28,0.4849,0.2917,0.6782,0
2007-01-19,4.78,2.7783,0.0602,1.5321,0.4282,-0.0188,0.5408,2.47,2.31,0.4884,0.2902,0.6866,0
2007-01-22,4.76,2.7725,0.0579,1.5295,0.418,-0.0179,0.5186,2.44,2.32,0.4759,0.2775,0.6743,0
2007-01-23,4.81,2.7841,0.062,1.5403,0.4411,-0.0175,0.5102,2.46,2.35,0.5031,0.3094,0.6968,0
2007-01-24,4.81,2.7841,0.0625,1.5375,0.4446,-0.0188,0.4881,2.44,2.37,0.5071,0.3158,0.6985,0
2007-01-25,4.87,2.7973,0.0673,1.5508,0.4661,-0.0114,0.4936,2.48,2.39,0.5334,0.3428,0.724,0
2007-01-26,4.88,2.8012,0.0688,1.5518,0.4801,-0.0218,0.4841,2.48,2.4,0.5489,0.3657,0.7321,0
2007-01-29,4.9,2.8041,0.0697,1.5571,0.4778,-0.0086,0.4899,2.5,2.4,0.5475,0.3579,0.737,0
2007-01-30,4.88,2.7992,0.0682,1.5526,0.4732,-0.0132,0.4667,2.46,2.42,0.5414,0.3543,0.7284,0
2007-01-31,4.83,2.7872,0.0644,1.539,0.4505,-0.0111,0.4437,2.4,2.43,0.5149,0.3227,0.7071,0
2007-02-01,4.84,2.7907,0.0656,1.5453,0.4503,-0.0119,0.4526,2.42,2.42,0.5159,0.318,0.7138,0
2007-02-02,4.83,2.7898,0.0653,1.537,0.4569,-0.0191,0.4599,2.42,2.41,0.5222,0.3323,0.7122,0
2007-02-05,4.81,2.7855,0.0637,1.5304,0.451,-0.0206,0.4563,2.41,2.4,0.5147,0.3258,0.7036,0
2007-02-06,4.77,2.7759,0.0599,1.5199,0.4262,-0.0118,0.4745,2.4,2.37,0.4861,0.2881,0.684,0
2007-02-07,4.74,2.7716,0.058,1.5113,0.4252,-0.026,0.4836,2.4,2.34,0.4832,0.2917,0.6747,0
2007-02-08,4.73,2.7694,0.0571,1.512,0.4189,-0.0274,0.4826,2.39,2.34,0.476,0.2821,0.6699,0
2007-02-09,4.79,2.7823,0.0616,1.5239,0.4461,-0.0239,0.4822,2.43,2.36,0.5077,0.321,0.6943,0
2007-02-12,4.8,2.7875,0.0633,1.5278,0.4523,-0.0308,0.5029,2.46,2.34,0.5156,0.3275,0.7037,0
2007-02-13,4.82,2.7893,0.0642,1.5322,0.4568,-0.0225,0.4955,2.46,2.36,0.521,0.3337,0.7083,0
2007-02-14,4.74,2.7699,0.0574,1.5051,0.4286,-0.021,0.4814,2.38,2.36,0.486,0.3006,0.6714,0
2007-02-15,4.7,2.7653,0.0556,1.49,0.4269,-0.0378,0.4976,2.38,2.32,0.4825,0.3025,0.6625,0
2007-02-16,4.69,2.7621,0.0542,1.4911,0.4175,-0.0349,0.486,2.36,2.33,0.4717,0.2878,0.6556,0
2007-02-20,4.68,2.7604,0.0532,1.4878,0.4147,-0.0362,0.4894,2.36,2.32,0.4679,0.2851,0.6508,0
2007-02-21,4.69,2.7617,0.0536,1.4955,0.415,-0.0358,0.4656,2.33,2.36,0.4686,0.2844,0.6529,0
2007-02-22,4.73,2.7711,0.0568,1.5086,0.4264,-0.033,0.4508,2.35,2.38,0.4832,0.296,0.6705,0
2007-02-23,4.68,2.7599,0.0527,1.4881,0.4164,-0.037,0.4331,2.3,2.38,0.4691,0.2896,0.6486,0
2007-02-26,4.63,2.7485,0.0479,1.4774,0.393,-0.0367,0.4206,2.26,2.37,0.4409,0.2576,0.6242,0
2007-02-27,4.5,2.7208,0.0393,1.418,0.3714,-0.0495,0.3933,2.14,2.36,0.4107,0.2445,0.5769,0
2007-02-28,4.56,2.7365,0.0443,1.4336,0.3939,-0.0483,0.4113,2.2,2.36,0.4382,0.2709,0.6054,0
2007-03-01,4.56,2.7376,0.0449,1.4257,0.4045,-0.0526,0.4071,2.19,2.37,0.4494,0.2904,0.6084,0
2007-03-02,4.52,2.7296,0.043,1.4093,0.3931,-0.055,0.4001,2.15,2.37,0.4361,0.2753,0.5969,0
2007-03-05,4.51,2.7295,0.0428,1.4127,0.3841,-0.059,0.4081,2.17,2.34,0.4269,0.2576,0.5961,0
2007-03-06,4.53,2.7336,0.0436,1.42,0.3895,-0.0567,0.4115,2.19,2.34,0.4331,0.2646,0.6017,0
2007-03-07,4.5,2.7262,0.041,1.4096,0.3808,-0.0576,0.4052,2.16,2.34,0.4218,0.2559,0.5877,0
2007-03-08,4.51,2.7289,0.042,1.4057,0.3897,-0.0563,0.4118,2.17,2.34,0.4317,0.2704,0.593,0
2007-03-09,4.59,2.7459,0.0469,1.4363,0.4066,-0.0457,0.4226,2.25,2.34,0.4535,0.286,0.621,0
2007-03-12,4.56,2.7376,0.0442,1.4243,0.3974,-0.0435,0.4234,2.22,2.34,0.4416,0.2774,0.6057,0
2007-03-13,4.5,2.7257,0.0403,1.3975,0.3973,-0.0608,0.3941,2.15,2.35,0.4376,0.2903,0.585,0
2007-03-14,4.53,2.7343,0.0431,1.3918,0.4193,-0.0585,0.3949,2.18,2.35,0.4624,0.3235,0.6013,0
2007-03-15,4.54,2.7365,0.0436,1.3983,0.4155,-0.0539,0.3899,2.17,2.37,0.4591,0.3144,0.6038,0
2007-03-16,4.55,2.737,0.0431,1.4077,0.4113,-0.0491,0.3723,2.16,2.39,0.4544,0.3066,0.6022,0
2007-03-19,4.58,2.7431,0.0457,1.4116,0.4216,-0.042,0.3763,2.18,2.4,0.4673,0.3195,0.6152,0
2007-03-20,4.56,2.7388,0.0443,1.4034,0.4171,-0.0436,0.3735,2.17,2.39,0.4614,0.3149,0.6079,0
2007-03-21,4.53,2.7344,0.0436,1.3821,0.4294,-0.0595,0.3733,2.14,2.39,0.473,0.3428,0.6033,0
2007-03-22,4.6,2.75,0.0491,1.393,0.4624,-0.0545,0.3598,2.17,2.43,0.5115,0.3896,0.6334,0
2007-03-23,4.62,2.7562,0.0511,1.4012,0.4685,-0.057,0.3611,2.19,2.43,0.5196,0.3952,0.644,0
2007-03-26,4.6,2.751,0.0496,1.3957,0.4615,-0.0578,0.3443,2.16,2.44,0.5111,0.3866,0.6357,0
2007-03-27,4.62,2.7563,0.0516,1.3961,0.4769,-0.0608,0.3312,2.16,2.46,0.5285,0.4106,0.6463,0
2007-03-28,4.62,2.7598,0.0531,1.3839,0.4959,-0.0728,0.3301,2.17,2.45,0.549,0.4437,0.6544,0
2007-03-29,4.64,2.763,0.0549,1.3964,0.4854,-0.0597,0.3354,2.18,2.46,0.5403,0.4177,0.663,0
2007-03-30,4.65,2.7665,0.0565,1.3966,0.4968,-0.0664,0.3406,2.21,2.44,0.5533,0.4357,0.6709,0
2007-04-02,4.65,2.7656,0.0555,1.4025,0.4909,-0.0645,0.3554,2.21,2.44,0.5464,0.4265,0.6663,0
2007-04-03,4.67,2.7703,0.057,1.4086,0.4963,-0.0622,0.3803,2.25,2.42,0.5533,0.4317,0.6749,0
2007-04-04,4.66,2.7659,0.0558,1.4054,0.4936,-0.0606,0.368,2.23,2.43,0.5494,0.4311,0.6676,0
2007-04-05,4.68,2.7715,0.0579,1.411,0.5072,-0.0676,0.3506,2.22,2.46,0.5651,0.4514,0.6788,0
2007-04-06,4.76,2.7879,0.0634,1.4424,0.5183,-0.052,0.3434,2.27,2.49,0.5817,0.4552,0.7083,0
2007-04-09,4.75,2.7857,0.0628,1.4389,0.515,-0.0525,0.3576,2.27,2.48,0.5778,0.451,0.7047,0
2007-04-10,4.73,2.7812,0.0615,1.4288,0.5172,-0.0587,0.3607,2.27,2.46,0.5787,0.4603,0.6971,0
2007-04-11,4.74,2.7828,0.0621,1.4383,0.5104,-0.0537,0.3649,2.28,2.46,0.5725,0.4449,0.7002,0
2007-04-12,4.74,2.7825,0.0621,1.4383,0.51,-0.0529,0.3696,2.28,2.46,0.5721,0.4443,0.6999,0
2007-04-13,4.76,2.7871,0.0643,1.4487,0.51,-0.0502,0.3812,2.31,2.45,0.5743,0.4382,0.7105,0
2007-04-16,4.74,2.7803,0.062,1.4455,0.4938,-0.0417,0.3886,2.3,2.44,0.5558,0.4141,0.6976,0
2007-04-17,4.69,2.7693,0.0584,1.4279,0.4839,-0.0496,0.4047,2.29,2.4,0.5423,0.4065,0.6781,0
2007-04-18,4.66,2.7615,0.0562,1.4166,0.4722,-0.0464,0.4154,2.26,2.4,0.5284,0.391,0.6657,0
2007-04-19,4.68,2.7652,0.0575,1.4159,0.4873,-0.046,0.4021,2.27,2.41,0.5448,0.4166,0.6731,0
2007-04-20,4.68,2.7673,0.058,1.415,0.491,-0.0514,0.3994,2.27,2.41,0.549,0.422,0.6761,0
2007-04-23,4.66,2.7613,0.0559,1.4078,0.4795,-0.0445,0.3894,2.25,2.41,0.5354,0.4058,0.6649,0
2007-04-24,4.63,2.755,0.0538,1.3994,0.469,-0.0472,0.3769,2.21,2.42,0.5228,0.3921,0.6535,0
2007-04-25,4.66,2.7613,0.056,1.4086,0.4777,-0.0436,0.3595,2.22,2.44,0.5337,0.4021,0.6653,0
2007-04-26,4.69,2.7716,0.0596,1.4177,0.4952,-0.0542,0.3634,2.26,2.43,0.5548,0.4246,0.685,0
2007-04-27,4.71,2.7733,0.0607,1.4139,0.5055,-0.0433,0.3539,2.25,2.46,0.5662,0.4424,0.69,0
2007-04-30,4.63,2.7563,0.0545,1.3979,0.4698,-0.0485,0.3521,2.2,2.43,0.5243,0.3919,0.6568,0
2007-05-01,4.64,2.7566,0.055,1.4027,0.4626,-0.0369,0.3473,2.19,2.45,0.5176,0.3764,0.6588,0
2007-05-02,4.65,2.7589,0.0558,1.4078,0.466,-0.0384,0.3582,2.22,2.43,0.5218,0.3806,0.663,0
2007-05-03,4.68,2.7645,0.0577,1.4247,0.4635,-0.0304,0.3698,2.25,2.43,0.5212,0.3692,0.6731,0
2007-05-04,4.65,2.7556,0.0546,1.4158,0.4488,-0.0248,0.3816,2.24,2.41,0.5034,0.3508,0.656,0
2007-05-07,4.64,2.7542,0.0541,1.4191,0.4396,-0.027,0.4115,2.27,2.37,0.4937,0.3342,0.6532,0
2007-05-08,4.63,2.7527,0.0538,1.414,0.4437,-0.0343,0.4092,2.27,2.36,0.4975,0.344,0.6511,0
2007-05-09,4.67,2.7613,0.0581,1.4283,0.4523,-0.03,0.4126,2.29,2.38,0.5104,0.349,0.6719,0
2007-05-10,4.65,2.7569,0.0579,1.4131,0.4557,-0.0336,0.3963,2.27,2.38,0.5136,0.3584,0.6688,0
2007-05-11,4.67,2.7638,0.062,1.4158,0.4661,-0.0378,0.4112,2.3,2.37,0.5281,0.3682,0.688,0
2007-05-14,4.69,2.7671,0.0628,1.4267,0.4677,-0.0343,0.4115,2.32,2.37,0.5305,0.3682,0.6929,0
2007-05-15,4.71,2.7729,0.0659,1.4279,0.4775,-0.0342,0.451,2.37,2.34,0.5434,0.379,0.7078,0
2007-05-16,4.71,2.7707,0.0669,1.424,0.4773,-0.0289,0.4624,2.38,2.33,0.5442,0.3782,0.7102,0
2007-05-17,4.76,2.7804,0.0699,1.4463,0.488,-0.0246,0.462,2.41,2.35,0.5579,0.3892,0.7266,0
2007-05-18,4.81,2.7909,0.0717,1.4641,0.5053,-0.0221,0.4736,2.46,2.35,0.577,0.415,0.739,0
2007-05-21,4.79,2.7854,0.0684,1.4637,0.4968,-0.0243,0.4641,2.43,2.36,0.5652,0.4069,0.7235,0
2007-05-22,4.83,2.7969,0.0721,1.469,0.5262,-0.0342,0.4821,2.48,2.35,0.5983,0.4525,0.744,0
2007-05-23,4.86,2.8046,0.075,1.4697,0.5477,-0.0369,0.4878,2.5,2.36,0.6227,0.4855,0.7598,0
2007-05-24,4.86,2.8025,0.075,1.4709,0.5403,-0.0287,0.4703,2.48,2.38,0.6153,0.4722,0.7584,0
2007-05-25,4.86,2.8047,0.0766,1.4729,0.5406,-0.0348,0.4732,2.49,2.37,0.6172,0.4687,0.7656,0
2007-05-29,4.88,2.8082,0.0773,1.4813,0.5394,-0.0262,0.5028,2.54,2.34,0.6167,0.4633,0.77,0
2007-05-30,4.88,2.8068,0.0772,1.4852,0.5375,-0.0267,0.4964,2.52,2.36,0.6147,0.4608,0.7686,0
2007-05-31,4.9,2.8095,0.0796,1.4982,0.5327,-0.02,0.5004,2.54,2.36,0.6123,0.4462,0.7784,0
2007-06-01,4.95,2.8213,0.0839,1.5171,0.5538,-0.0261,0.504,2.57,2.38,0.6377,0.4744,0.801,0
2007-06-04,4.93,2.8137,0.081,1.5223,0.5296,-0.0165,0.4946,2.55,2.38,0.6106,0.4357,0.7854,0
2007-06-05,4.98,2.8247,0.0853,1.5345,0.5514,-0.0159,0.51,2.6,2.38,0.6367,0.4659,0.8075,0
2007-06-06,4.97,2.8232,0.0858,1.5201,0.5638,-0.0229,0.5004,2.58,2.39,0.6496,0.49,0.8092,0
2007-06-07,5.11,2.8553,0.0973,1.538,0.6378,-0.0183,0.5268,2.7,2.41,0.7351,0.5986,0.8715,0
2007-06-08,5.12,2.8585,0.0999,1.5329,0.652,-0.0234,0.5182,2.69,2.43,0.7519,0.6209,0.883,0
2007-06-11,5.14,2.864,0.1014,1.5282,0.6727,-0.0263,0.5268,2.72,2.42,0.7741,0.6562,0.892,0
2007-06-12,5.26,2.8928,0.1116,1.5524,0.7324,-0.0292,0.5479,2.83,2.43,0.844,0.7405,0.9474,0
2007-06-13,5.2,2.8768,0.1071,1.5528,0.6843,-0.021,0.5219,2.75,2.45,0.7914,0.6625,0.9203,0
2007-06-14,5.23,2.8829,0.1098,1.5553,0.7025,-0.0205,0.5168,2.77,2.46,0.8123,0.6905,0.9341,0
2007-06-15,5.16,2.8713,0.1073,1.5286,0.6914,-0.0387,0.5192,2.73,2.43,0.7987,0.679,0.9184,0
2007-06-18,5.15,2.8673,0.1043,1.5245,0.6852,-0.0313,0.5264,2.73,2.42,0.7895,0.6741,0.9048,0
2007-06-19,5.09,2.8537,0.0993,1.5035,0.6681,-0.0346,0.5164,2.67,2.42,0.7674,0.6564,0.8784,0
2007-06-20,5.14,2.8654,0.1016,1.5187,0.6834,-0.0291,0.5371,2.73,2.41,0.785,0.6761,0.8939,0
2007-06-21,5.16,2.8724,0.1039,1.5147,0.7126,-0.0435,0.5334,2.74,2.42,0.8165,0.7255,0.9074,0
2007-06-22,5.14,2.8679,0.1023,1.5027,0.7127,-0.0456,0.5103,2.7,2.44,0.815,0.7309,0.8992,0
2007-06-25,5.09,2.8567,0.0961,1.4865,0.6919,-0.0411,0.5175,2.67,2.42,0.788,0.7062,0.8697,0
2007-06-26,5.1,2.8621,0.0975,1.4922,0.6975,-0.0493,0.5352,2.7,2.4,0.795,0.7117,0.8782,0
2007-06-27,5.09,2.8575,0.0973,1.4873,0.6835,-0.0355,0.5446,2.7,2.39,0.7808,0.6866,0.875,0
2007-06-28,5.12,2.8638,0.1001,1.5075,0.6832,-0.0345,0.5444,2.73,2.39,0.7833,0.6778,0.8887,0
2007-06-29,5.03,2.8426,0.0931,1.4844,0.6472,-0.0374,0.5312,2.65,2.38,0.7403,0.6307,0.8499,0
2007-07-02,5.0,2.835,0.0875,1.4793,0.6392,-0.041,0.5241,2.61,2.39,0.7267,0.6291,0.8244,0
2007-07-03,5.05,2.8484,0.0917,1.4909,0.663,-0.044,0.5434,2.68,2.37,0.7547,0.6612,0.8482,0
2007-07-05,5.16,2.8705,0.0996,1.5239,0.6906,-0.0247,0.5566,2.76,2.4,0.7902,0.6898,0.8906,0
2007-07-06,5.19,2.8806,0.1042,1.5284,0.72,-0.0432,0.5544,2.79,2.4,0.8242,0.7347,0.9137,0
2007-07-09,5.16,2.8726,0.1004,1.5238,0.7038,-0.0407,0.5406,2.75,2.41,0.8042,0.7139,0.8946,0
2007-07-10,5.03,2.8443,0.09,1.4872,0.6623,-0.0538,0.5292,2.64,2.39,0.7523,0.6648,0.8397,0
2007-07-11,5.09,2.8582,0.0944,1.4928,0.6929,-0.0484,0.5517,2.71,2.38,0.7873,0.71,0.8647,0
2007-07-12,5.13,2.8675,0.0976,1.5107,0.6961,-0.0419,0.5635,2.74,2.39,0.7937,0.7055,0.8818,0
2007-07-13,5.11,2.8629,0.096,1.5106,0.6868,-0.0463,0.5666,2.73,2.38,0.7828,0.6926,0.873,0
2007-07-16,5.05,2.8496,0.0901,1.4993,0.6626,-0.0516,0.5693,2.69,2.36,0.7527,0.6622,0.8432,0
2007-07-17,5.08,2.8569,0.0926,1.5137,0.6713,-0.0545,0.5848,2.73,2.35,0.7639,0.6712,0.8567,0
2007-07-18,5.02,2.8414,0.0875,1.4902,0.6542,-0.0532,0.5568,2.64,2.38,0.7417,0.6543,0.829,0
2007-07-19,5.04,2.8473,0.0894,1.502,0.6564,-0.055,0.5508,2.65,2.39,0.7458,0.6522,0.8394,0
2007-07-20,4.96,2.8306,0.0832,1.4785,0.6257,-0.0579,0.5508,2.6,2.36,0.7089,0.6106,0.8071,0
2007-07-23,4.97,2.833,0.0824,1.4791,0.6301,-0.0545,0.5764,2.63,2.34,0.7125,0.6195,0.8055,0
2007-07-24,4.94,2.8262,0.0799,1.4643,0.6338,-0.0642,0.5527,2.58,2.36,0.7137,0.6348,0.7927,0
2007-07-25,4.92,2.823,0.0793,1.448,0.634,-0.0642,0.5534,2.56,2.36,0.7133,0.6376,0.7889,0
2007-07-26,4.79,2.7975,0.072,1.3839,0.6176,-0.081,0.5537,2.47,2.32,0.6896,0.6311,0.7481,0
2007-07-27,4.8,2.802,0.0739,1.3755,0.6305,-0.0819,0.5623,2.48,2.32,0.7044,0.6506,0.7583,0
2007-07-30,4.82,2.8073,0.0743,1.3873,0.633,-0.0818,0.554,2.49,2.33,0.7073,0.6516,0.7629,0
2007-07-31,4.78,2.7979,0.0708,1.3827,0.611,-0.0824,0.5376,2.44,2.34,0.6818,0.6193,0.7443,0
2007-08-01,4.76,2.7968,0.0713,1.3747,0.6113,-0.094,0.5492,2.44,2.32,0.6826,0.6196,0.7455,0
2007-08-02,4.77,2.7981,0.0723,1.3792,0.6063,-0.086,0.5632,2.46,2.31,0.6786,0.6076,0.7497,0
2007-08-03,4.71,2.7859,0.0689,1.3484,0.6041,-0.0973,0.5714,2.44,2.27,0.673,0.6154,0.7306,0
2007-08-06,4.72,2.7897,0.0697,1.3361,0.6238,-0.0993,0.5899,2.46,2.26,0.6935,0.6504,0.7367,0
2007-08-07,4.77,2.7998,0.0718,1.3768,0.6108,-0.0892,0.5992,2.51,2.26,0.6826,0.6156,0.7496,0
2007-08-08,4.84,2.8217,0.079,1.4032,0.657,-0.1208,0.6027,2.58,2.26,0.736,0.6829,0.789,0
2007-08-09,4.79,2.8131,0.08,1.3498,0.6784,-0.1313,0.5997,2.54,2.25,0.7584,0.728,0.7889,0
2007-08-10,4.81,2.8172,0.0838,1.3403,0.6883,-0.1196,0.6125,2.56,2.25,0.7721,0.7384,0.8058,0
2007-08-13,4.78,2.811,0.0795,1.3436,0.6715,-0.1257,0.5963,2.52,2.26,0.751,0.716,0.7861,0
2007-08-14,4.73,2.8018,0.0779,1.314,0.6699,-0.1336,0.5917,2.49,2.24,0.7478,0.7204,0.7751,0
2007-08-15,4.69,2.7998,0.0864,1.2207,0.7406,-0.1575,0.596,2.46,2.23,0.827,0.8459,0.8081,0
2007-08-16,4.6,2.7835,0.0892,1.1116,0.7791,-0.1634,0.6044,2.39,2.21,0.8683,0.9252,0.8115,0
2007-08-17,4.68,2.801,0.0984,1.1317,0.7918,-0.1429,0.6078,2.45,2.23,0.8902,0.9246,0.8558,0
2007-08-20,4.64,2.7926,0.0973,1.1103,0.7842,-0.1444,0.6205,2.44,2.2,0.8815,0.9165,0.8464,0
2007-08-21,4.6,2.7798,0.0952,1.0849,0.7741,-0.134,0.6046,2.38,2.22,0.8693,0.9074,0.8312,0
2007-08-22,4.63,2.7856,0.098,1.1187,0.7516,-0.1239,0.6129,2.42,2.21,0.8496,0.8552,0.8441,0
2007-08-23,4.62,2.7798,0.0933,1.1506,0.7163,-0.12,0.5961,2.39,2.23,0.8096,0.7972,0.822,0
2007-08-24,4.63,2.7766,0.0882,1.2026,0.6655,-0.1029,0.5976,2.4,2.23,0.7537,0.7081,0.7993,0
2007-08-27,4.6,2.7664,0.0729,1.2223,0.6509,-0.1125,0.5858,2.38,2.22,0.7238,0.7125,0.7351,0
2007-08-28,4.53,2.7569,0.0719,1.1481,0.6914,-0.1382,0.6028,2.33,2.2,0.7633,0.7978,0.7287,0
2007-08-29,4.57,2.7689,0.0817,1.1429,0.7037,-0.1272,0.6251,2.38,2.19,0.7854,0.7974,0.7734,0
2007-08-30,4.51,2.7565,0.0808,1.1146,0.6949,-0.1368,0.6132,2.32,2.19,0.7757,0.788,0.7633,0
2007-08-31,4.54,2.761,0.0832,1.1314,0.6883,-0.1239,0.6164,2.34,2.2,0.7715,0.7685,0.7745,0
2007-09-04,4.56,2.7637,0.0755,1.1586,0.7008,-0.1386,0.6125,2.36,2.2,0.7763,0.8065,0.7461,0
2007-09-05,4.48,2.7484,0.0705,1.1099,0.7018,-0.1506,0.6042,2.29,2.19,0.7723,0.8245,0.7202,0
2007-09-06,4.51,2.7562,0.0727,1.1219,0.6998,-0.1406,0.6124,2.32,2.19,0.7725,0.8113,0.7337,0
2007-09-07,4.38,2.728,0.0683,1.0396,0.6902,-0.1461,0.5865,2.19,2.19,0.7585,0.8151,0.702,0
2007-09-10,4.34,2.7178,0.0656,1.0264,0.6649,-0.1347,0.568,2.14,2.2,0.7305,0.7755,0.6856,0
2007-09-11,4.37,2.7245,0.0662,1.0684,0.6436,-0.1327,0.5613,2.16,2.21,0.7098,0.7284,0.6912,0
2007-09-12,4.41,2.7323,0.0712,1.0737,0.6647,-0.1319,0.555,2.18,2.23,0.7359,0.7578,0.7141,0
2007-09-13,4.49,2.7482,0.076,1.1152,0.6655,-0.115,0.5571,2.24,2.25,0.7415,0.7428,0.7402,0
2007-09-14,4.47,2.7412,0.075,1.1063,0.6649,-0.1175,0.5353,2.2,2.27,0.7399,0.7475,0.7324,0
2007-09-17,4.48,2.7419,0.073,1.1253,0.6503,-0.1104,0.5369,2.21,2.27,0.7233,0.7217,0.7248,0
2007-09-18,4.5,2.7479,0.0801,1.0853,0.712,-0.1253,0.526,2.19,2.31,0.7921,0.8281,0.7561,0
2007-09-19,4.53,2.7574,0.0854,1.0668,0.7446,-0.1242,0.5158,2.21,2.32,0.83,0.8781,0.7819,0
2007-09-20,4.69,2.7928,0.0985,1.1,0.807,-0.1084,0.5398,2.34,2.35,0.9055,0.9592,0.8519,0
2007-09-21,4.64,2.7831,0.0958,1.0875,0.7901,-0.1165,0.5327,2.31,2.33,0.8859,0.936,0.8357,0
2007-09-24,4.63,2.782,0.0951,1.0874,0.789,-0.1234,0.5516,2.33,2.3,0.8841,0.9355,0.8326,0
2007-09-25,4.63,2.7811,0.096,1.0576,0.8151,-0.1198,0.5693,2.34,2.29,0.9111,0.9862,0.836,0
2007-09-26,4.63,2.7835,0.0969,1.0533,0.8252,-0.1289,0.5666,2.34,2.29,0.9221,1.003,0.8412,0
2007-09-27,4.58,2.7711,0.0921,1.0459,0.8022,-0.1314,0.5359,2.27,2.31,0.8943,0.9728,0.8158,0
2007-09-28,4.59,2.7733,0.092,1.0538,0.8002,-0.1292,0.5424,2.27,2.32,0.8922,0.9674,0.8169,0
2007-10-01,4.56,2.7665,0.0875,1.0739,0.7632,-0.1311,0.5373,2.26,2.3,0.8507,0.9057,0.7957,0
2007-10-02,4.54,2.7597,0.0842,1.0661,0.7594,-0.1294,0.5287,2.23,2.31,0.8436,0.9077,0.7795,0
2007-10-03,4.55,2.7645,0.0859,1.0769,0.7539,-0.1312,0.5322,2.25,2.3,0.8398,0.8914,0.7882,0
2007-10-04,4.54,2.7594,0.0843,1.0711,0.7457,-0.1205,0.5321,2.24,2.3,0.83,0.8808,0.7792,0
2007-10-05,4.65,2.7866,0.0929,1.1106,0.7893,-0.1293,0.5492,2.34,2.31,0.8822,0.9369,0.8275,0
2007-10-09,4.67,2.7876,0.0914,1.1401,0.7698,-0.1189,0.5432,2.34,2.33,0.8612,0.9012,0.8211,0
2007-10-10,4.65,2.7851,0.0903,1.1443,0.7649,-0.1345,0.5299,2.33,2.32,0.8552,0.8945,0.8158,0
2007-10-11,4.66,2.7862,0.0907,1.1366,0.778,-0.1315,0.5204,2.32,2.34,0.8687,0.9196,0.8178,0
2007-10-12,4.7,2.795,0.0928,1.1638,0.768,-0.1197,0.5276,2.36,2.34,0.8608,0.8913,0.8304,0
2007-10-15,4.69,2.791,0.0889,1.1638,0.7675,-0.1212,0.5083,2.34,2.35,0.8564,0.8996,0.8132,0
2007-10-16,4.66,2.787,0.0882,1.1338,0.7877,-0.1367,0.4999,2.31,2.35,0.8759,0.9423,0.8095,0
2007-10-17,4.57,2.7678,0.0856,1.0767,0.774,-0.1341,0.4835,2.22,2.35,0.8596,0.9297,0.7895,0
2007-10-18,4.52,2.7602,0.0855,1.0401,0.7728,-0.1386,0.4874,2.2,2.32,0.8583,0.9308,0.7858,0
2007-10-19,4.41,2.7348,0.077,1.0006,0.7414,-0.1438,0.4631,2.09,2.32,0.8184,0.8974,0.7393,0
2007-10-22,4.42,2.7367,0.0752,1.0255,0.7172,-0.1346,0.4723,2.11,2.31,0.7924,0.8513,0.7334,0
2007-10-23,4.41,2.7375,0.0758,1.0142,0.7341,-0.1516,0.4816,2.11,2.3,0.8099,0.8833,0.7365,0
2007-10-24,4.36,2.7261,0.0748,0.9807,0.7273,-0.1489,0.4723,2.07,2.29,0.8021,0.8773,0.7269,0
2007-10-25,4.37,2.7271,0.0752,0.9854,0.7273,-0.145,0.4453,2.04,2.33,0.8025,0.8761,0.7289,0
2007-10-26,4.41,2.7362,0.0778,0.9979,0.7421,-0.144,0.4367,2.05,2.36,0.8199,0.8962,0.7437,0
2007-10-29,4.39,2.7319,0.0747,1.0049,0.7211,-0.1426,0.4269,2.04,2.35,0.7958,0.8624,0.7292,0
2007-10-30,4.4,2.7345,0.0763,1.0039,0.7249,-0.1396,0.4354,2.06,2.34,0.8012,0.8656,0.7367,0
2007-10-31,4.48,2.752,0.0826,1.0412,0.7368,-0.1326,0.4512,2.14,2.34,0.8194,0.8688,0.77,0
2007-11-01,4.36,2.7249,0.0767,0.984,0.72,-0.1456,0.4142,2.0,2.36,0.7967,0.8608,0.7327,0
2007-11-02,4.31,2.7153,0.0781,0.9322,0.7412,-0.1568,0.376,1.92,2.39,0.8193,0.9049,0.7336,0
2007-11-05,4.35,2.7228,0.0775,0.9459,0.746,-0.1422,0.3576,1.94,2.41,0.8235,0.9117,0.7353,0
2007-11-06,4.38,2.7316,0.0811,0.9477,0.7708,-0.1511,0.3354,1.93,2.45,0.8519,0.9494,0.7543,0
2007-11-07,4.34,2.7304,0.0845,0.8915,0.8136,-0.18,0.338,1.91,2.43,0.8981,1.0282,0.7679,0
2007-11-08,4.28,2.7237,0.0848,0.8324,0.8416,-0.2025,0.3386,1.88,2.4,0.9264,1.086,0.7668,0
2007-11-09,4.23,2.7131,0.0821,0.8156,0.816,-0.1968,0.3137,1.82,2.41,0.8981,1.0455,0.7507,0
2007-11-13,4.26,2.7189,0.081,0.8537,0.788,-0.1816,0.3204,1.86,2.4,0.869,0.9889,0.7491,0
2007-11-14,4.28,2.721,0.0832,0.8638,0.7851,-0.1731,0.3357,1.88,2.4,0.8683,0.9782,0.7583,0
2007-11-15,4.17,2.6982,0.079,0.7944,0.7901,-0.1918,0.3283,1.81,2.36,0.8691,1.008,0.7302,0
2007-11-16,4.15,2.6985,0.079,0.7791,0.8059,-0.2125,0.3274,1.8,2.35,0.8849,1.0387,0.7311,0
2007-11-19,4.07,2.6826,0.073,0.7296,0.81,-0.2252,0.2981,1.7,2.37,0.883,1.0653,0.7008,0
2007-11-20,4.06,2.6856,0.0776,0.6966,0.8382,-0.238,0.276,1.68,2.38,0.9158,1.1105,0.721,0
2007-11-21,4.0,2.6811,0.0797,0.6334,0.8838,-0.278,0.2606,1.62,2.38,0.9635,1.1988,0.7282,0
2007-11-23,4.01,2.6823,0.0778,0.6679,0.8367,-0.2548,0.257,1.63,2.38,0.9145,1.1082,0.7208,0
2007-11-26,3.83,2.6396,0.0628,0.6165,0.7708,-0.2597,0.223,1.45,2.38,0.8336,1.027,0.6402,0
2007-11-27,3.95,2.6679,0.0722,0.6477,0.8121,-0.2499,0.2617,1.58,2.37,0.8843,1.0767,0.6919,0
2007-11-28,4.03,2.6852,0.0788,0.6944,0.8085,-0.2368,0.3155,1.71,2.32,0.8873,1.0488,0.7257,0
2007-11-29,3.94,2.6629,0.0733,0.6639,0.7892,-0.2493,0.2888,1.61,2.33,0.8625,1.0329,0.692,0
2007-11-30,3.97,2.6714,0.0744,0.6581,0.8301,-0.2641,0.292,1.63,2.34,0.9045,1.1073,0.7018,0
2007-12-03,3.89,2.6574,0.0707,0.5975,0.846,-0.2816,0.2895,1.57,2.32,0.9167,1.1519,0.6816,0
2007-12-04,3.89,2.6603,0.0732,0.5827,0.8493,-0.2755,0.3128,1.59,2.3,0.9225,1.1516,0.6935,0
2007-12-05,3.92,2.6706,0.0763,0.5673,0.8885,-0.2827,0.3559,1.66,2.26,0.9648,1.2175,0.7121,0
2007-12-06,4.02,2.6919,0.0826,0.5997,0.9164,-0.2706,0.3751,1.77,2.25,0.999,1.25,0.7481,0
2007-12-07,4.12,2.7167,0.0914,0.6313,0.9565,-0.2759,0.3927,1.86,2.26,1.0479,1.3008,0.7949,0
2007-12-10,4.15,2.7211,0.0937,0.6362,0.9635,-0.2645,0.397,1.89,2.26,1.0572,1.3092,0.8052,0
2007-12-11,3.98,2.6865,0.0846,0.5479,0.9551,-0.2941,0.3696,1.73,2.25,1.0397,1.3268,0.7525,0
2007-12-12,4.05,2.6995,0.0892,0.5888,0.9447,-0.2722,0.3603,1.78,2.27,1.0339,1.2911,0.7767,0
2007-12-13,4.18,2.7251,0.0985,0.6258,0.9789,-0.2483,0.3716,1.87,2.31,1.0774,1.3289,0.8258,0
2007-12-14,4.24,2.7359,0.102,0.6648,0.9736,-0.2363,0.3505,1.9,2.34,1.0756,1.307,0.8442,0
2007-12-17,4.2,2.7229,0.0937,0.6545,0.9629,-0.234,0.3324,1.86,2.34,1.0566,1.3085,0.8048,0
2007-12-18,4.14,2.7091,0.0881,0.6459,0.9335,-0.2365,0.3205,1.8,2.34,1.0216,1.267,0.7761,0
2007-12-19,4.06,2.6921,0.0827,0.6266,0.9005,-0.2419,0.3119,1.73,2.33,0.9832,1.2203,0.7461,0
2007-12-20,4.04,2.6909,0.084,0.6116,0.9101,-0.2566,0.333,1.74,2.3,0.9941,1.2369,0.7512,0
2007-12-21,4.18,2.7202,0.0917,0.6633,0.9538,-0.249,0.3351,1.84,2.34,1.0455,1.2939,0.797,0
2007-12-24,4.23,2.7309,0.0899,0.6989,0.958,-0.2477,0.3369,1.88,2.35,1.0479,1.3003,0.7955,0
2007-12-26,4.3,2.7472,0.0945,0.7174,0.9877,-0.2468,0.347,1.95,2.35,1.0822,1.342,0.8224,0
2007-12-27,4.21,2.7281,0.0915,0.6808,0.9629,-0.2533,0.3221,1.85,2.36,1.0544,1.3082,0.8006,0
2007-12-28,4.11,2.7065,0.0834,0.6482,0.9307,-0.2588,0.3131,1.78,2.33,1.0141,1.2702,0.7579,0
2007-12-31,4.04,2.6923,0.0765,0.6361,0.9032,-0.2682,0.3085,1.73,2.31,0.9797,1.2355,0.7239,0
2008-01-02,3.91,2.6653,0.0702,0.5707,0.889,-0.2852,0.2755,1.59,2.32,0.9592,1.2318,0.6865,0
2008-01-03,3.91,2.6654,0.0716,0.5842,0.8287,-0.2398,0.2688,1.58,2.33,0.9003,1.1086,0.6919,0
2008-01-04,3.88,2.6583,0.0706,0.5329,0.8546,-0.2364,0.2764,1.56,2.32,0.9252,1.1647,0.6856,0
2008-01-07,3.86,2.6539,0.067,0.523,0.8494,-0.2333,0.2913,1.57,2.29,0.9164,1.1633,0.6695,0
2008-01-08,3.86,2.6546,0.0675,0.5235,0.8497,-0.2353,0.2916,1.57,2.29,0.9172,1.1624,0.6721,0
2008-01-09,3.82,2.6459,0.0654,0.5025,0.8359,-0.2296,0.3092,1.56,2.26,0.9013,1.1431,0.6595,0
2008-01-10,3.91,2.6706,0.0746,0.5008,0.9104,-0.2464,0.3337,1.68,2.23,0.985,1.2607,0.7094,0
2008-01-11,3.82,2.6502,0.0712,0.4412,0.9058,-0.2484,0.2897,1.56,2.26,0.977,1.2686,0.6855,0
2008-01-14,3.81,2.6498,0.0716,0.4426,0.8945,-0.2484,0.2683,1.53,2.28,0.9661,1.2453,0.6868,0
2008-01-15,3.72,2.6282,0.0648,0.4287,0.8374,-0.2391,0.2579,1.45,2.27,0.9022,1.1563,0.6481,0
2008-01-16,3.74,2.6354,0.0672,0.4198,0.8676,-0.25,0.2904,1.5,2.24,0.9348,1.2074,0.6622,0
2008-01-17,3.66,2.6176,0.0615,0.3914,0.8422,-0.2527,0.2884,1.43,2.23,0.9037,1.1768,0.6306,0
2008-01-18,3.66,2.6201,0.0661,0.3515,0.8816,-0.2592,0.2915,1.42,2.24,0.9477,1.2445,0.6508,0
2008-01-22,3.52,2.5964,0.0707,0.1931,0.9525,-0.2927,0.2789,1.28,2.24,1.0232,1.3888,0.6576,0
2008-01-23,3.51,2.6016,0.0794,0.1429,0.9932,-0.3071,0.3064,1.31,2.2,1.0726,1.4511,0.6941,0
2008-01-24,3.68,2.6369,0.0877,0.2253,1.0224,-0.2923,0.3138,1.44,2.24,1.1101,1.4757,0.7445,0
2008-01-25,3.61,2.6187,0.0829,0.2223,0.9805,-0.2944,0.2668,1.34,2.27,1.0634,1.4118,0.715,0
2008-01-28,3.61,2.6193,0.0848,0.2053,1.0016,-0.3011,0.2584,1.33,2.28,1.0864,1.45,0.7228,0
2008-01-29,3.69,2.6352,0.0914,0.2248,1.0337,-0.2951,0.2386,1.37,2.32,1.1251,1.4941,0.7562,0
2008-01-30,3.78,2.6555,0.1014,0.2344,1.0725,-0.2838,0.252,1.45,2.33,1.1739,1.5421,0.8056,0
2008-01-31,3.67,2.6298,0.0991,0.1676,1.0683,-0.2947,0.2092,1.33,2.34,1.1674,1.5521,0.7826,0
2008-02-01,3.62,2.6225,0.0949,0.1486,1.0609,-0.3068,0.223,1.31,2.31,1.1558,1.5482,0.7633,0
2008-02-04,3.68,2.6349,0.0969,0.1657,1.0712,-0.2887,0.2609,1.38,2.3,1.1681,1.5581,0.7782,0
2008-02-05,3.61,2.6231,0.094,0.1053,1.0976,-0.3099,0.2754,1.34,2.27,1.1916,1.6208,0.7623,0
2008-02-06,3.61,2.6319,0.098,0.0982,1.1228,-0.3409,0.2765,1.36,2.25,1.2208,1.6585,0.7832,0
2008-02-07,3.74,2.6641,0.1091,0.1195,1.1889,-0.3415,0.2805,1.47,2.27,1.298,1.7519,0.844,0
2008-02-08,3.64,2.6416,0.1011,0.0962,1.141,-0.3398,0.2479,1.36,2.28,1.2421,1.6834,0.8008,0
2008-02-11,3.62,2.6351,0.0982,0.0945,1.1231,-0.3309,0.2251,1.32,2.3,1.2213,1.6565,0.7861,0
2008-02-12,3.66,2.6474,0.1026,0.0944,1.1569,-0.3413,0.2286,1.36,2.3,1.2595,1.7085,0.8104,0
2008-02-13,3.7,2.6594,0.1074,0.0779,1.2001,-0.3448,0.2536,1.42,2.28,1.3075,1.7786,0.8364,0
2008-02-14,3.85,2.6948,0.1199,0.0914,1.2766,-0.3327,0.2916,1.57,2.28,1.3965,1.8884,0.9047,0
2008-02-15,3.76,2.6762,0.1146,0.0817,1.2267,-0.3392,0.2588,1.48,2.28,1.3413,1.8088,0.8738,0
2008-02-19,3.89,2.7004,0.1223,0.1378,1.246,-0.3165,0.2575,1.56,2.33,1.3683,1.8212,0.9153,0
2008-02-20,3.93,2.7043,0.1236,0.1831,1.2254,-0.3064,0.2247,1.55,2.38,1.349,1.7772,0.9208,0
2008-02-21,3.77,2.6705,0.1129,0.1033,1.2184,-0.335,0.198,1.43,2.34,1.3313,1.8005,0.862,0
2008-02-22,3.79,2.6757,0.1134,0.1012,1.2276,-0.3279,0.2027,1.44,2.35,1.341,1.8147,0.8674,0
2008-02-25,3.91,2.7043,0.1242,0.1479,1.2607,-0.327,0.2073,1.53,2.38,1.3849,1.8456,0.9241,0
2008-02-26,3.88,2.6949,0.1222,0.1222,1.2681,-0.3273,0.1477,1.44,2.44,1.3903,1.8692,0.9114,0
2008-02-27,3.85,2.6922,0.1234,0.1017,1.2666,-0.3339,0.1469,1.42,2.43,1.39,1.8651,0.915,0
2008-02-28,3.71,2.6599,0.1137,0.0444,1.2342,-0.3423,0.092,1.26,2.45,1.3479,1.8355,0.8603,0
2008-02-29,3.53,2.623,0.1029,-0.0387,1.1977,-0.3549,0.0621,1.1,2.43,1.3006,1.8011,0.8002,0
2008-03-03,3.54,2.6293,0.1058,-0.0567,1.2249,-0.3633,0.057,1.08,2.46,1.3307,1.8453,0.8161,0
2008-03-04,3.63,2.6527,0.1155,-0.0727,1.3076,-0.3731,0.0605,1.15,2.48,1.4231,1.9792,0.8669,0
2008-03-05,3.7,2.6711,0.1228,-0.0715,1.3543,-0.3767,0.0284,1.16,2.54,1.4771,2.0487,0.9056,0
2008-03-06,3.62,2.656,0.1213,-0.1292,1.3543,-0.3824,-0.0004,1.07,2.55,1.4756,2.059,0.8922,0
2008-03-07,3.56,2.6445,0.1189,-0.1597,1.3386,-0.3824,-0.0092,1.01,2.55,1.4575,2.0381,0.877,0
2008-03-10,3.46,2.6207,0.1136,-0.1997,1.3073,-0.3819,-0.0321,0.9,2.56,1.4209,1.9985,0.8433,0
2008-03-11,3.6,2.6523,0.1209,-0.0946,1.2943,-0.3729,-0.006,1.05,2.55,1.4152,1.9434,0.8869,0
2008-03-12,3.49,2.6198,0.1111,-0.1189,1.2365,-0.3585,-0.0143,0.95,2.54,1.3476,1.8647,0.8305,0
2008-03-13,3.56,2.6365,0.1191,-0.134,1.3017,-0.3634,0.0184,1.05,2.51,1.4208,1.9707,0.871,0
2008-03-14,3.44,2.6098,0.1146,-0.2342,1.3056,-0.3558,0.0757,1.01,2.43,1.4202,2.0003,0.84,0
2008-03-17,3.34,2.5949,0.1094,-0.3084,1.3217,-0.3776,0.1556,1.05,2.29,1.4311,2.0487,0.8136,0
2008-03-18,3.48,2.6141,0.1167,-0.2124,1.2791,-0.3175,0.1211,1.08,2.4,1.3958,1.941,0.8506,0
2008-03-19,3.38,2.5941,0.1133,-0.2373,1.2359,-0.3259,0.1433,1.04,2.34,1.3492,1.873,0.8253,0
2008-03-20,3.34,2.5791,0.1096,-0.2152,1.1749,-0.3084,0.1402,1.02,2.32,1.2845,1.7677,0.8012,0
2008-03-24,3.56,2.6248,0.1158,-0.0862,1.2051,-0.2995,0.1853,1.24,2.32,1.3209,1.7934,0.8484,0
2008-03-25,3.51,2.616,0.1121,-0.0875,1.1897,-0.3203,0.2188,1.25,2.26,1.3018,1.7745,0.8292,0
2008-03-26,3.51,2.6171,0.1143,-0.1289,1.2493,-0.3418,0.2136,1.24,2.27,1.3636,1.8879,0.8393,0
2008-03-27,3.56,2.6296,0.1188,-0.1241,1.2794,-0.3437,0.1757,1.23,2.33,1.3982,1.9326,0.8638,0
2008-03-28,3.47,2.615,0.1128,-0.1584,1.2668,-0.3662,0.1336,1.13,2.34,1.3796,1.9256,0.8335,0
2008-03-31,3.45,2.6117,0.1107,-0.1726,1.2633,-0.3632,0.1329,1.11,2.34,1.374,1.924,0.8241,0
2008-04-01,3.57,2.6407,0.1208,-0.1105,1.2763,-0.3572,0.1638,1.22,2.35,1.3971,1.9157,0.8784,0
2008-04-02,3.6,2.6441,0.1221,-0.0546,1.2356,-0.3473,0.1657,1.26,2.34,1.3577,1.8321,0.8833,0
2008-04-03,3.61,2.6411,0.1217,-0.0297,1.2077,-0.3308,0.1788,1.28,2.33,1.3294,1.78,0.8789,0
2008-04-04,3.5,2.6128,0.1126,-0.0589,1.1647,-0.3312,0.1628,1.18,2.32,1.2773,1.7268,0.8278,0
2008-04-07,3.57,2.6263,0.1157,0.0021,1.1452,-0.3192,0.1644,1.23,2.34,1.2609,1.6757,0.846,0
2008-04-08,3.58,2.6293,0.1175,-0.0179,1.1857,-0.3346,0.1827,1.26,2.32,1.3032,1.7512,0.8551,0
2008-04-09,3.49,2.6086,0.1118,-0.0673,1.1744,-0.3375,0.1695,1.19,2.3,1.2862,1.7501,0.8223,0
2008-04-10,3.55,2.6225,0.1177,-0.0453,1.1777,-0.3226,0.2001,1.26,2.29,1.2954,1.7381,0.8526,0
2008-04-11,3.49,2.6079,0.1153,-0.0756,1.1701,-0.3277,0.18,1.19,2.3,1.2854,1.7355,0.8352,0
2008-04-14,3.53,2.6181,0.1193,-0.0766,1.2021,-0.3328,0.1886,1.23,2.3,1.3214,1.7864,0.8564,0
2008-04-15,3.6,2.6325,0.1245,-0.0492,1.2132,-0.321,0.1902,1.28,2.32,1.3377,1.7913,0.8841,0
2008-04-16,3.72,2.6596,0.133,0.0023,1.2458,-0.3207,0.213,1.41,2.31,1.3788,1.8267,0.9309,0
2008-04-17,3.75,2.6616,0.1318,0.0611,1.1953,-0.2999,0.2149,1.44,2.31,1.3271,1.7288,0.9255,0
2008-04-18,3.77,2.6631,0.1296,0.096,1.1823,-0.301,0.2107,1.45,2.32,1.3119,1.707,0.9168,0
2008-04-21,3.75,2.6558,0.1265,0.1197,1.137,-0.289,0.2214,1.44,2.31,1.2635,1.6269,0.9001,0
2008-04-22,3.74,2.6504,0.1262,0.139,1.1113,-0.2869,0.1966,1.43,2.31,1.2375,1.5803,0.8947,0
2008-04-23,3.77,2.6567,0.1293,0.1419,1.1285,-0.2863,0.2058,1.44,2.33,1.2578,1.6055,0.91,0
2008-04-24,3.87,2.6798,0.1379,0.2015,1.1319,-0.2811,0.2477,1.56,2.31,1.2698,1.5849,0.9547,0
2008-04-25,3.91,2.688,0.1396,0.2297,1.144,-0.2913,0.2497,1.6,2.31,1.2836,1.6022,0.965,0
2008-04-28,3.86,2.6715,0.133,0.2078,1.1248,-0.2771,0.2421,1.56,2.3,1.2578,1.585,0.9306,0
2008-04-29,3.85,2.6699,0.132,0.1984,1.128,-0.2783,0.2614,1.56,2.29,1.26,1.5938,0.9261,0
2008-04-30,3.77,2.6558,0.1295,0.173,1.1071,-0.2953,0.2544,1.5,2.27,1.2366,1.5643,0.9088,0
2008-05-01,3.78,2.6552,0.1274,0.2091,1.0715,-0.2833,0.2298,1.52,2.26,1.1989,1.4985,0.8994,0
2008-05-02,3.89,2.6798,0.1366,0.2468,1.1123,-0.2855,0.2298,1.53,2.36,1.2489,1.5496,0.9482,0
2008-05-05,3.88,2.6756,0.1341,0.2301,1.125,-0.2848,0.206,1.53,2.35,1.2591,1.5816,0.9365,0
2008-05-06,3.93,2.6888,0.1383,0.2124,1.1808,-0.2903,0.2078,1.55,2.38,1.3191,1.6772,0.961,0
2008-05-07,3.87,2.68,0.1351,0.1878,1.1689,-0.3017,0.2041,1.51,2.36,1.304,1.6638,0.9441,0
2008-05-08,3.79,2.6645,0.1291,0.1508,1.1615,-0.3159,0.1804,1.43,2.36,1.2906,1.6677,0.9134,0
2008-05-09,3.77,2.6609,0.1273,0.1573,1.136,-0.3115,0.1658,1.39,2.38,1.2633,1.622,0.9047,0
2008-05-12,3.78,2.6614,0.1237,0.1827,1.1143,-0.3021,0.1678,1.41,2.37,1.238,1.5853,0.8908,0
2008-05-13,3.9,2.6874,0.1323,0.2522,1.1204,-0.2923,0.1883,1.51,2.39,1.2527,1.5681,0.9373,0
2008-05-14,3.92,2.6899,0.1337,0.291,1.1008,-0.2954,0.1586,1.49,2.43,1.2345,1.5266,0.9425,0
2008-05-15,3.83,2.6653,0.1252,0.2611,1.0639,-0.2855,0.1345,1.4,2.43,1.1891,1.4821,0.8961,0
2008-05-16,3.85,2.6704,0.1268,0.2699,1.0736,-0.2908,0.125,1.41,2.44,1.2004,1.4961,0.9048,0
2008-05-19,3.83,2.6646,0.1248,0.2534,1.0744,-0.2873,0.106,1.36,2.47,1.1992,1.5041,0.8943,0
2008-05-20,3.78,2.654,0.1203,0.2249,1.0713,-0.2905,0.0844,1.31,2.47,1.1916,1.5114,0.8718,0
2008-05-21,3.81,2.661,0.1229,0.2605,1.0522,-0.2867,0.0561,1.3,2.51,1.1751,1.4652,0.885,0
2008-05-22,3.92,2.6875,0.132,0.3154,1.0719,-0.2868,0.0875,1.41,2.51,1.2039,1.474,0.9337,0
2008-05-23,3.85,2.6693,0.1258,0.2835,1.0593,-0.2879,0.0925,1.36,2.49,1.1851,1.4706,0.8997,0
2008-05-27,3.93,2.6912,0.1333,0.3132,1.0931,-0.3008,0.1265,1.46,2.47,1.2264,1.5124,0.9405,0
2008-05-28,4.03,2.7139,0.1406,0.357,1.1173,-0.2988,0.164,1.58,2.45,1.2579,1.5354,0.9805,0
2008-05-29,4.08,2.7262,0.1476,0.3615,1.1557,-0.311,0.1746,1.62,2.46,1.3033,1.5926,1.014,0
2008-05-30,4.06,2.7199,0.1435,0.367,1.1405,-0.3109,0.1613,1.58,2.48,1.284,1.5735,0.9944,0
2008-06-02,3.98,2.6977,0.1349,0.316,1.1262,-0.2947,0.1494,1.51,2.47,1.2611,1.5721,0.95,0
2008-06-03,3.92,2.6879,0.1304,0.2787,1.1235,-0.3005,0.1788,1.51,2.41,1.2539,1.5795,0.9283,0
2008-06-04,3.98,2.7061,0.1366,0.2801,1.1684,-0.3112,0.2156,1.59,2.39,1.305,1.6466,0.9634,0
2008-06-05,4.06,2.7246,0.1431,0.2964,1.2102,-0.3143,0.2048,1.63,2.43,1.3533,1.708,0.9987,0
2008-06-06,3.94,2.6967,0.1327,0.2572,1.1737,-0.3203,0.1276,1.47,2.47,1.3064,1.6691,0.9437,0
2008-06-09,4.02,2.7136,0.136,0.3848,1.0788,-0.2931,0.1329,1.54,2.48,1.2148,1.4663,0.9632,0
2008-06-10,4.11,2.7292,0.1386,0.4688,1.063,-0.2896,0.1419,1.62,2.49,1.2016,1.4234,0.9797,0
2008-06-11,4.1,2.7235,0.1384,0.445,1.0852,-0.2921,0.1314,1.62,2.48,1.2236,1.4716,0.9756,0
2008-06-12,4.23,2.7498,0.1461,0.5279,1.0812,-0.275,0.1534,1.73,2.5,1.2273,1.4364,1.0182,0
2008-06-13,4.27,2.758,0.1489,0.5464,1.1023,-0.2857,0.1619,1.77,2.5,1.2512,1.4697,1.0328,0
2008-06-16,4.25,2.7529,0.1436,0.5517,1.0964,-0.2947,0.1555,1.76,2.49,1.24,1.4704,1.0097,0
2008-06-17,4.23,2.7488,0.1437,0.511,1.121,-0.2945,0.1645,1.75,2.48,1.2647,1.5207,1.0087,0
2008-06-18,4.16,2.7305,0.1382,0.4904,1.0789,-0.2779,0.1463,1.68,2.48,1.2171,1.4565,0.9776,0
2008-06-19,4.22,2.7481,0.1449,0.5224,1.0931,-0.2885,0.1706,1.75,2.47,1.238,1.4632,1.0128,0
2008-06-20,4.16,2.7316,0.1409,0.4812,1.0848,-0.2785,0.1758,1.72,2.44,1.2257,1.4627,0.9887,0
2008-06-23,4.19,2.7377,0.1409,0.5251,1.061,-0.2746,0.1809,1.75,2.44,1.2019,1.4126,0.9911,0
2008-06-24,4.1,2.7125,0.1329,0.4816,1.038,-0.265,0.1448,1.64,2.46,1.1709,1.3951,0.9467,0
2008-06-25,4.12,2.7207,0.1369,0.4651,1.0739,-0.2766,0.149,1.65,2.47,1.2108,1.4543,0.9674,0
2008-06-26,4.07,2.7038,0.1322,0.4111,1.0767,-0.2537,0.1015,1.55,2.52,1.2089,1.4767,0.941,0
2008-06-27,3.99,2.6882,0.1277,0.395,1.0304,-0.2513,0.0789,1.48,2.51,1.1581,1.4013,0.9149,0
2008-06-30,3.99,2.6902,0.1266,0.3855,1.0484,-0.2607,0.069,1.48,2.51,1.175,1.4376,0.9125,0
2008-07-01,4.01,2.6959,0.1291,0.3664,1.082,-0.2634,0.0658,1.49,2.52,1.2111,1.496,0.9261,0
2008-07-02,3.99,2.6905,0.1279,0.3574,1.0714,-0.2572,0.0314,1.43,2.56,1.1993,1.4799,0.9188,0
2008-07-03,3.99,2.6931,0.1289,0.3317,1.1038,-0.2676,0.0137,1.42,2.57,1.2327,1.5403,0.9252,0
2008-07-07,3.95,2.6881,0.1263,0.2988,1.1081,-0.2712,0.0544,1.43,2.52,1.2344,1.5554,0.9133,0
2008-07-08,3.91,2.6789,0.1229,0.2976,1.0719,-0.2613,0.0929,1.45,2.46,1.1948,1.4946,0.8951,0
2008-07-09,3.85,2.6632,0.118,0.2734,1.0543,-0.2589,0.0849,1.39,2.46,1.1723,1.4768,0.8678,0
2008-07-10,3.83,2.6621,0.1188,0.2702,1.0501,-0.2713,0.08,1.4,2.43,1.1689,1.4675,0.8704,0
2008-07-11,3.96,2.6911,0.1301,0.3321,1.0688,-0.2621,0.0872,1.48,2.48,1.1989,1.4689,0.929,0
2008-07-14,3.9,2.6758,0.1266,0.2977,1.0665,-0.2666,0.0875,1.43,2.47,1.1931,1.4792,0.907,0
2008-07-15,3.87,2.6682,0.1256,0.255,1.0879,-0.2667,0.0836,1.4,2.47,1.2135,1.5273,0.8997,0
2008-07-16,3.97,2.6961,0.1366,0.2574,1.1646,-0.2847,0.0972,1.48,2.49,1.3012,1.6446,0.9579,0
2008-07-17,4.07,2.7203,0.1452,0.3115,1.167,-0.274,0.1456,1.6,2.47,1.3122,1.6207,1.0037,0
2008-07-18,4.11,2.7262,0.1486,0.35,1.1503,-0.2651,0.1716,1.65,2.46,1.2989,1.5794,1.0183,0
2008-07-21,4.09,2.7175,0.1451,0.3573,1.126,-0.256,0.1913,1.66,2.43,1.2711,1.5428,0.9995,0
2008-07-22,4.14,2.7273,0.1485,0.3899,1.1311,-0.2568,0.2142,1.71,2.43,1.2796,1.5422,1.017,0
2008-07-23,4.16,2.7342,0.1527,0.4003,1.1335,-0.2606,0.2919,1.8,2.36,1.2862,1.5357,1.0366,0
2008-07-24,4.03,2.7014,0.1412,0.3447,1.1058,-0.2631,0.2945,1.69,2.34,1.247,1.5195,0.9745,0
2008-07-25,4.13,2.727,0.1486,0.3659,1.1643,-0.2758,0.3309,1.79,2.34,1.3129,1.6079,1.018,0
2008-07-28,4.06,2.7079,0.1417,0.3249,1.1525,-0.267,0.3034,1.7,2.36,1.2942,1.607,0.9814,0
2008-07-29,4.09,2.7175,0.1438,0.3443,1.148,-0.2636,0.3477,1.76,2.33,1.2918,1.5887,0.995,0
2008-07-30,4.07,2.71,0.1429,0.338,1.139,-0.2599,0.3224,1.71,2.36,1.2819,1.5767,0.9871,0
2008-07-31,3.99,2.6907,0.1361,0.2876,1.128,-0.2525,0.3314,1.65,2.34,1.2641,1.5772,0.9511,0
2008-08-01,3.97,2.688,0.1349,0.28,1.1281,-0.261,0.323,1.63,2.34,1.263,1.5802,0.9457,0
2008-08-04,3.98,2.6908,0.1327,0.2895,1.1254,-0.2585,0.3364,1.64,2.34,1.2581,1.5776,0.9386,0
2008-08-05,4.04,2.7044,0.1371,0.2938,1.1543,-0.2496,0.3905,1.74,2.3,1.2914,1.6191,0.9637,0
2008-08-06,4.06,2.7122,0.1417,0.2918,1.1737,-0.2594,0.4198,1.79,2.27,1.3154,1.6451,0.9858,0
2008-08-07,3.92,2.68,0.13,0.2484,1.1286,-0.267,0.3919,1.68,2.24,1.2586,1.5939,0.9234,0
2008-08-08,3.94,2.6853,0.131,0.2815,1.1028,-0.2606,0.4205,1.72,2.22,1.2338,1.538,0.9296,0
2008-08-11,3.99,2.6977,0.1322,0.3029,1.1261,-0.2689,0.4539,1.8,2.19,1.2583,1.5753,0.9412,0
2008-08-12,3.91,2.6777,0.124,0.2634,1.1147,-0.2698,0.4429,1.72,2.19,1.2387,1.5782,0.8993,0
2008-08-13,3.94,2.6875,0.1285,0.2758,1.1235,-0.2753,0.4409,1.75,2.19,1.252,1.5819,0.9222,0
2008-08-14,3.89,2.6742,0.1239,0.2617,1.0997,-0.2695,0.416,1.67,2.22,1.2236,1.5502,0.897,0
2008-08-15,3.84,2.664,0.1202,0.2466,1.0769,-0.2677,0.4427,1.66,2.18,1.1971,1.5166,0.8776,0
2008-08-18,3.82,2.6576,0.1165,0.2339,1.077,-0.2651,0.4609,1.67,2.15,1.1935,1.527,0.8601,0
2008-08-19,3.83,2.6635,0.1197,0.2195,1.1108,-0.2834,0.4643,1.68,2.15,1.2305,1.5846,0.8764,0
2008-08-20,3.79,2.6529,0.1179,0.1892,1.1085,-0.2784,0.4285,1.6,2.19,1.2264,1.5887,0.864,0
2008-08-21,3.84,2.6638,0.1212,0.2206,1.1043,-0.2699,0.4018,1.61,2.23,1.2255,1.5688,0.8823,0
2008-08-22,3.87,2.6724,0.124,0.2563,1.08,-0.2628,0.4546,1.69,2.18,1.204,1.5114,0.8967,0
2008-08-25,3.79,2.649,0.1154,0.2281,1.052,-0.2545,0.4669,1.64,2.15,1.1674,1.4842,0.8506,0
2008-08-26,3.79,2.6475,0.1152,0.2396,1.0402,-0.2525,0.4474,1.63,2.16,1.1554,1.4618,0.849,0
2008-08-27,3.77,2.6421,0.1142,0.2191,1.0501,-0.2555,0.4232,1.58,2.19,1.1643,1.4865,0.8422,0
2008-08-28,3.79,2.6479,0.1146,0.2379,1.0401,-0.2505,0.45,1.62,2.17,1.1547,1.4623,0.8471,0
2008-08-29,3.83,2.6609,0.1192,0.2308,1.0908,-0.2717,0.4771,1.68,2.15,1.21,1.5473,0.8727,0
2008-09-02,3.74,2.6441,0.1139,0.1878,1.0697,-0.2755,0.5469,1.69,2.05,1.1836,1.5236,0.8437,0
2008-09-03,3.71,2.6354,0.1113,0.1755,1.0546,-0.2668,0.5853,1.71,2.0,1.1659,1.5026,0.8292,0
2008-09-04,3.64,2.6218,0.1064,0.1494,1.0382,-0.2757,0.6138,1.7,1.94,1.1446,1.4858,0.8033,0
2008-09-05,3.66,2.6256,0.1074,0.1724,1.0294,-0.2748,0.6176,1.71,1.95,1.1368,1.4646,0.809,0
2008-09-08,3.66,2.6236,0.1066,0.206,0.9944,-0.2706,0.6002,1.68,1.98,1.101,1.3986,0.8035,0
2008-09-09,3.62,2.6136,0.1038,0.1877,0.9854,-0.2705,0.6412,1.69,1.93,1.0892,1.3908,0.7875,0
2008-09-10,3.65,2.6195,0.1066,0.1861,1.0193,-0.2815,0.6365,1.7,1.95,1.1259,1.45,0.8018,0
2008-09-11,3.64,2.6142,0.1053,0.1717,1.0182,-0.2694,0.6282,1.67,1.97,1.1235,1.4529,0.794,0
2008-09-12,3.74,2.6432,0.1164,0.1884,1.0809,-0.2889,0.662,1.79,1.95,1.1973,1.5417,0.853,0
2008-09-15,3.47,2.5907,0.1047,-0.0029,1.1027,-0.3252,0.7471,1.7,1.77,1.2074,1.6324,0.7824,0
2008-09-16,3.48,2.5957,0.1082,0.0259,1.0478,-0.2976,0.8775,1.85,1.63,1.156,1.5141,0.798,0
2008-09-17,3.41,2.5842,0.1185,-0.0883,1.1293,-0.3338,0.8894,1.81,1.6,1.2478,1.6629,0.8328,0
2008-09-18,3.54,2.6158,0.1405,-0.0602,1.1642,-0.3203,0.9352,1.94,1.6,1.3047,1.676,0.9334,0
2008-09-19,3.78,2.655,0.1371,0.143,1.1654,-0.3205,0.7138,1.85,1.93,1.3025,1.6671,0.9378,0
2008-09-22,3.83,2.6699,0.1325,0.1546,1.2197,-0.3466,0.6691,1.85,1.98,1.3522,1.7747,0.9296,0
2008-09-23,3.85,2.683,0.1384,0.1162,1.2578,-0.3455,0.7893,1.99,1.86,1.3962,1.8313,0.9612,0
2008-09-24,3.8,2.6822,0.1429,0.0341,1.3303,-0.3895,0.882,2.05,1.75,1.4732,1.9656,0.9807,0
2008-09-25,3.88,2.6958,0.1459,0.115,1.2901,-0.3668,0.8691,2.09,1.79,1.436,1.8736,0.9984,0
2008-09-26,3.85,2.6886,0.144,0.1005,1.2856,-0.3687,0.8945,2.1,1.75,1.4296,1.8724,0.9868,0
2008-09-29,3.61,2.6395,0.1263,-0.0471,1.2903,-0.399,0.9906,2.03,1.58,1.4166,1.9386,0.8946,0
2008-09-30,3.85,2.6991,0.1445,0.0507,1.3684,-0.4127,1.0208,2.25,1.6,1.5129,2.0282,0.9976,0
2008-10-01,3.77,2.6847,0.1416,-0.0002,1.3739,-0.43,1.0725,2.26,1.51,1.5155,2.0511,0.9799,0
2008-10-02,3.66,2.6647,0.142,-0.1053,1.417,-0.4584,1.053,2.17,1.49,1.559,2.1458,0.9721,0
2008-10-03,3.63,2.665,0.1454,-0.1485,1.432,-0.4639,1.0524,2.18,1.45,1.5774,2.1687,0.9861,0
2008-10-06,3.48,2.6377,0.1357,-0.2261,1.4078,-0.475,1.1415,2.21,1.27,1.5435,2.1519,0.935,0
2008-10-07,3.5,2.6469,0.1373,-0.2371,1.4403,-0.4873,1.2431,2.32,1.18,1.5776,2.2073,0.9479,0
2008-10-08,3.72,2.7134,0.1637,-0.1754,1.559,-0.5406,1.4479,2.69,1.03,1.7227,2.3591,1.0862,0
2008-10-09,3.84,2.7403,0.1747,-0.1618,1.6752,-0.5883,1.4123,2.79,1.05,1.8499,2.5562,1.1435,0
2008-10-10,3.89,2.7595,0.189,-0.2236,1.7487,-0.5836,1.6137,2.97,0.92,1.9377,2.665,1.2104,0
2008-10-14,4.08,2.8009,0.1995,-0.1266,1.82,-0.6138,1.6005,3.05,1.03,2.0195,2.7667,1.2722,0
2008-10-15,4.04,2.804,0.204,-0.2055,1.9299,-0.6924,1.5917,3.02,1.02,2.1339,2.9745,1.2932,0
2008-10-16,3.99,2.8035,0.196,-0.2255,1.9509,-0.7349,1.6149,3.02,0.97,2.1469,3.03,1.2637,0
2008-10-17,3.98,2.8085,0.1934,-0.2379,1.9936,-0.7776,1.5104,2.87,1.11,2.187,3.1159,1.2582,0
2008-10-20,3.91,2.794,0.1721,-0.1941,1.9086,-0.7706,1.4516,2.76,1.15,2.0807,2.9928,1.1686,0
2008-10-21,3.76,2.7683,0.1617,-0.2591,1.8829,-0.7938,1.5121,2.63,1.13,2.0446,2.9719,1.1172,0
2008-10-22,3.65,2.75,0.1561,-0.2801,1.8239,-0.7999,1.5661,2.59,1.06,1.98,2.8733,1.0867,0
2008-10-23,3.63,2.7489,0.1566,-0.2542,1.7883,-0.8096,1.6626,2.67,0.96,1.9449,2.8023,1.0874,0
2008-10-24,3.76,2.7822,0.171,-0.2669,1.8729,-0.7992,1.9413,3.02,0.74,2.0439,2.9254,1.1623,0
2008-10-27,3.79,2.7848,0.1748,-0.2518,1.8828,-0.8006,2.0763,3.02,0.77,2.0576,2.9377,1.1775,0
2008-10-28,3.89,2.8044,0.1867,-0.2394,1.9616,-0.8233,2.0837,3.06,0.83,2.1483,3.0633,1.2332,0
2008-10-29,3.93,2.8167,0.1967,-0.2794,2.041,-0.845,2.041,3.05,0.88,2.2377,3.1964,1.279,0
2008-10-30,4.0,2.8367,0.2083,-0.2977,2.1111,-0.8584,1.9998,3.06,0.94,2.3194,3.3039,1.3349,0
2008-10-31,4.01,2.8523,0.2161,-0.3556,2.1912,-0.894,2.066,3.14,0.87,2.4073,3.4394,1.3752,0
2008-11-03,3.96,2.8477,0.2101,-0.407,2.2495,-0.9403,2.0514,3.09,0.87,2.4596,3.5678,1.3514,0
2008-11-04,3.81,2.8086,0.1953,-0.4412,2.1541,-0.9068,1.9784,2.88,0.93,2.3494,3.4253,1.2735,0
2008-11-05,3.73,2.7871,0.1908,-0.4404,2.0648,-0.8723,1.9523,2.76,0.97,2.2556,3.2673,1.2438,0
2008-11-06,3.75,2.7902,0.1949,-0.4671,2.092,-0.86,2.0169,2.81,0.94,2.2869,3.3124,1.2614,0
2008-11-07,3.83,2.8076,0.2021,-0.4324,2.1107,-0.858,2.0695,2.86,0.97,2.3128,3.3273,1.2984,0
2008-11-10,3.82,2.7953,0.1954,-0.4141,2.0774,-0.834,2.0735,2.84,0.98,2.2728,3.2804,1.2652,0
2008-11-12,3.75,2.7702,0.1906,-0.4833,2.0573,-0.7848,2.1244,2.79,0.96,2.2479,3.2624,1.2334,0
2008-11-13,3.84,2.793,0.1937,-0.4755,2.1244,-0.7956,2.1651,2.95,0.89,2.3181,3.3772,1.259,0
2008-11-14,3.72,2.7595,0.1815,-0.4788,2.0156,-0.7578,2.1586,2.87,0.85,2.1971,3.2009,1.1934,0
2008-11-17,3.68,2.7432,0.1779,-0.4859,1.9601,-0.7152,2.1835,2.85,0.83,2.138,3.1062,1.1697,0
2008-11-18,3.53,2.7115,0.1681,-0.5177,1.8629,-0.6948,2.3335,2.92,0.61,2.031,2.9478,1.1141,0
2008-11-19,3.38,2.6757,0.1585,-0.5412,1.7783,-0.6913,2.441,2.98,0.4,1.9368,2.8172,1.0565,0
2008-11-20,3.1,2.6197,0.1427,-0.5615,1.5965,-0.6974,2.6751,3.06,0.04,1.7392,2.5148,0.9636,0
2008-11-21,3.2,2.6299,0.15,-0.5148,1.6142,-0.6793,2.7636,3.15,0.05,1.7642,2.5331,0.9952,0
2008-11-24,3.35,2.6576,0.1591,-0.4238,1.6368,-0.6797,2.7489,3.11,0.24,1.7959,2.5483,1.0435,0
2008-11-25,3.11,2.6015,0.1392,-0.4715,1.5415,-0.7007,2.654,2.79,0.32,1.6807,2.4263,0.935,0
2008-11-26,2.99,2.5802,0.1327,-0.4827,1.478,-0.7182,2.6628,2.68,0.31,1.6107,2.3237,0.8978,0
2008-11-28,2.93,2.5688,0.1298,-0.5205,1.5048,-0.7529,2.6441,2.6,0.33,1.6346,2.3881,0.8811,0
2008-12-01,2.72,2.5178,0.1104,-0.568,1.4021,-0.7423,2.5489,2.38,0.34,1.5125,2.2463,0.7787,0
2008-12-02,2.68,2.5075,0.1066,-0.5705,1.3788,-0.7425,2.436,2.26,0.42,1.4854,2.2126,0.7583,0
2008-12-03,2.67,2.5012,0.1061,-0.5886,1.3799,-0.7286,2.2955,2.14,0.53,1.486,2.2187,0.7533,0
2008-12-04,2.55,2.4742,0.0997,-0.5985,1.2892,-0.7145,2.1593,1.98,0.57,1.3889,2.0652,0.7125,0
2008-12-05,2.67,2.5141,0.1166,-0.5549,1.3363,-0.7421,2.2596,2.23,0.44,1.4529,2.1069,0.7989,0
2008-12-08,2.77,2.5305,0.1223,-0.5269,1.3525,-0.7084,2.392,2.47,0.3,1.4748,2.1209,0.8288,0
2008-12-09,2.67,2.4983,0.1114,-0.5663,1.3227,-0.6961,2.3977,2.41,0.26,1.4341,2.0989,0.7693,0
2008-12-10,2.69,2.5054,0.1149,-0.5746,1.3524,-0.7081,2.4361,2.44,0.25,1.4673,2.1475,0.7871,0
2008-12-11,2.64,2.4898,0.1089,-0.5979,1.3382,-0.6989,2.4201,2.35,0.29,1.4471,2.1383,0.7558,0
2008-12-12,2.6,2.4905,0.109,-0.6137,1.3389,-0.7246,2.4861,2.43,0.17,1.4479,2.1387,0.7571,0
2008-12-15,2.53,2.4765,0.1017,-0.6184,1.3038,-0.7336,2.5396,2.43,0.1,1.4055,2.0896,0.7213,0
2008-12-16,2.37,2.431,0.0857,-0.6467,1.2145,-0.7144,2.4347,2.21,0.16,1.3002,1.966,0.6344,0
2008-12-17,2.2,2.3804,0.0694,-0.564,0.9768,-0.6626,2.1521,1.86,0.34,1.0462,1.5527,0.5396,0
2008-12-18,2.08,2.3473,0.0594,-0.5655,0.8535,-0.6147,2.1335,1.85,0.23,0.9129,1.3448,0.4811,0
2008-12-19,2.13,2.3571,0.0644,-0.5227,0.838,-0.6068,2.1941,1.98,0.15,0.9024,1.3008,0.504,0
2008-12-22,2.16,2.3545,0.061,-0.4692,0.7933,-0.5796,2.1985,2.01,0.15,0.8543,1.2212,0.4875,0
2008-12-23,2.18,2.3548,0.0615,-0.4487,0.7849,-0.5725,2.21,2.03,0.15,0.8464,1.2042,0.4885,0
2008-12-24,2.2,2.3593,0.0642,-0.4407,0.7961,-0.5789,2.2225,2.07,0.13,0.8603,1.2192,0.5014,0
2008-12-26,2.16,2.3483,0.0606,-0.4499,0.7757,-0.5747,2.2201,2.03,0.13,0.8363,1.1917,0.481,0
2008-12-29,2.13,2.3467,0.0591,-0.4924,0.8194,-0.6027,2.2217,2.02,0.11,0.8785,1.2815,0.4754,0
2008-12-30,2.11,2.3458,0.0579,-0.489,0.8058,-0.6105,2.2255,2.02,0.09,0.8637,1.2565,0.4709,0
2008-12-31,2.25,2.3857,0.0717,-0.4911,0.933,-0.6493,2.2563,2.14,0.11,1.0047,1.4621,0.5473,0
2009-01-02,2.46,2.4363,0.09,-0.4577,1.0453,-0.6539,2.2626,2.29,0.17,1.1353,1.6245,0.6462,0
2009-01-05,2.49,2.4484,0.093,-0.5183,1.1384,-0.6714,2.2359,2.34,0.15,1.2314,1.7966,0.6661,0
2009-01-06,2.51,2.4513,0.0936,-0.522,1.142,-0.6548,2.1368,2.09,0.42,1.2356,1.8003,0.6708,0
2009-01-07,2.52,2.4533,0.0947,-0.5278,1.1414,-0.6415,2.054,2.05,0.47,1.2361,1.7957,0.6764,0
2009-01-08,2.47,2.4429,0.091,-0.5369,1.1146,-0.6415,1.9527,1.97,0.5,1.2056,1.7544,0.6568,0
2009-01-09,2.43,2.4354,0.0878,-0.5729,1.128,-0.6483,1.8788,1.87,0.56,1.2158,1.7904,0.6413,0
2009-01-12,2.34,2.4198,0.0814,-0.5764,1.0647,-0.6495,1.8627,1.75,0.59,1.1461,1.6841,0.608,0
2009-01-13,2.33,2.4152,0.0795,-0.5721,1.0508,-0.6435,1.8221,1.74,0.59,1.1303,1.6627,0.598,0
2009-01-14,2.24,2.3954,0.0724,-0.5787,0.976,-0.625,1.897,1.79,0.45,1.0484,1.5371,0.5596,0
2009-01-15,2.23,2.3895,0.0702,-0.556,0.9554,-0.6291,1.8673,1.78,0.45,1.0256,1.5044,0.5468,0
2009-01-16,2.36,2.4175,0.0807,-0.5335,1.041,-0.6457,1.814,1.81,0.55,1.1217,1.6406,0.6027,0
2009-01-20,2.4,2.434,0.0864,-0.5515,1.1085,-0.6774,1.7703,1.82,0.58,1.1949,1.7549,0.6348,0
2009-01-21,2.56,2.4856,0.105,-0.5574,1.257,-0.7302,1.7788,1.98,0.58,1.362,1.9875,0.7364,0
2009-01-22,2.62,2.5056,0.1123,-0.5847,1.3396,-0.7528,1.7401,1.97,0.65,1.4519,2.1269,0.777,0
2009-01-23,2.65,2.5146,0.1155,-0.5676,1.3333,-0.7458,1.6979,1.93,0.72,1.4488,2.1037,0.7939,0
2009-01-26,2.7,2.5277,0.1188,-0.5581,1.3713,-0.7598,1.6449,1.92,0.78,1.4901,2.166,0.8143,0
2009-01-27,2.59,2.4981,0.1089,-0.5562,1.2706,-0.7315,1.5889,1.77,0.82,1.3795,2.0004,0.7587,0
2009-01-28,2.71,2.5245,0.1181,-0.5439,1.34,-0.7287,1.5597,1.81,0.9,1.4581,2.1072,0.809,0
2009-01-29,2.87,2.5583,0.1303,-0.5076,1.4099,-0.7209,1.4997,1.83,1.04,1.5402,2.2064,0.8741,0
2009-01-30,2.87,2.5577,0.1304,-0.5158,1.4187,-0.7209,1.4239,1.73,1.14,1.5491,2.224,0.8741,0
2009-02-02,2.76,2.5312,0.1195,-0.5293,1.3381,-0.6996,1.4245,1.69,1.07,1.4576,2.0979,0.8174,0
2009-02-03,2.89,2.5592,0.1291,-0.4953,1.3977,-0.7007,1.4059,1.76,1.13,1.5268,2.1838,0.8698,0
2009-02-04,2.95,2.5673,0.1323,-0.4768,1.4031,-0.6759,1.3853,1.78,1.17,1.5354,2.1844,0.8864,0
2009-02-05,2.95,2.5674,0.1318,-0.4811,1.4028,-0.6709,1.404,1.84,1.11,1.5346,2.1844,0.8848,0
2009-02-06,3.05,2.5854,0.1383,-0.465,1.4601,-0.6687,1.3415,1.82,1.23,1.5984,2.2774,0.9194,0
2009-02-09,3.07,2.582,0.1361,-0.4333,1.4333,-0.6481,1.1864,1.66,1.41,1.5694,2.2303,0.9086,0
2009-02-10,2.9,2.5492,0.1243,-0.5106,1.3823,-0.6453,1.2472,1.65,1.25,1.5066,2.1673,0.846,0
2009-02-11,2.78,2.5307,0.1168,-0.5033,1.3039,-0.6681,1.3022,1.66,1.12,1.4207,2.0347,0.8067,0
2009-02-12,2.75,2.5216,0.114,-0.5159,1.2942,-0.6639,1.3442,1.61,1.14,1.4082,2.0255,0.7909,0
2009-02-13,2.89,2.5562,0.1261,-0.4835,1.3759,-0.6847,1.3121,1.68,1.21,1.502,2.1478,0.8563,0
2009-02-17,2.64,2.4978,0.104,-0.5292,1.2188,-0.6514,1.365,1.53,1.11,1.3228,1.9067,0.7389,0
2009-02-18,2.74,2.5183,0.1109,-0.4665,1.2324,-0.6551,1.3964,1.63,1.11,1.3433,1.911,0.7757,0
2009-02-19,2.85,2.5462,0.121,-0.4568,1.3272,-0.6876,1.3702,1.73,1.12,1.4482,2.0662,0.8302,0
2009-02-20,2.78,2.5301,0.1161,-0.481,1.2951,-0.6803,1.3763,1.67,1.11,1.4112,2.0199,0.8025,0
2009-02-23,2.78,2.5288,0.115,-0.458,1.2695,-0.6753,1.3548,1.7,1.08,1.3845,1.972,0.797,0
2009-02-24,2.8,2.5373,0.1185,-0.4417,1.2623,-0.6763,1.4863,1.82,0.98,1.3808,1.9467,0.8148,0
2009-02-25,2.95,2.5653,0.1288,-0.3974,1.3185,-0.6653,1.5425,1.98,0.97,1.4473,2.0254,0.8692,0
2009-02-26,2.98,2.5719,0.133,-0.3979,1.3467,-0.6737,1.5197,2.02,0.96,1.4797,2.0704,0.889,0
2009-02-27,3.02,2.5843,0.1379,-0.4556,1.4461,-0.6927,1.5621,2.06,0.96,1.584,2.2513,0.9167,0
2009-03-02,2.91,2.5604,0.1286,-0.5072,1.4129,-0.6848,1.5769,2.0,0.91,1.5415,2.2144,0.8687,0
2009-03-03,2.93,2.5669,0.1307,-0.4992,1.4174,-0.6858,1.5965,2.02,0.91,1.5481,2.2154,0.8807,0
2009-03-04,3.01,2.587,0.1382,-0.4662,1.4426,-0.6916,1.6076,2.09,0.92,1.5808,2.2412,0.9205,0
2009-03-05,2.83,2.5413,0.1232,-0.4816,1.314,-0.6669,1.6158,1.98,0.85,1.4372,2.0381,0.8363,0
2009-03-06,2.83,2.5382,0.1227,-0.4599,1.2858,-0.6568,1.6617,2.02,0.81,1.4085,1.9851,0.8319,0
2009-03-09,2.89,2.5473,0.1242,-0.436,1.3017,-0.6471,1.6386,2.06,0.83,1.4259,2.0098,0.842,0
2009-03-10,2.99,2.5706,0.1326,-0.4142,1.3487,-0.6477,1.6418,2.15,0.84,1.4813,2.0753,0.8873,0
2009-03-11,2.95,2.5534,0.1271,-0.408,1.2899,-0.6124,1.5996,2.03,0.92,1.417,1.9784,0.8556,0
2009-03-12,2.89,2.5299,0.1193,-0.3971,1.2276,-0.5897,1.4716,1.88,1.01,1.3469,1.8826,0.8112,0
2009-03-13,2.89,2.5302,0.1199,-0.433,1.2546,-0.5816,1.4661,1.87,1.02,1.3745,1.9341,0.8148,0
2009-03-16,2.97,2.5481,0.1252,-0.4259,1.3055,-0.583,1.4123,1.88,1.09,1.4307,2.0157,0.8457,0
2009-03-17,3.02,2.5658,0.1321,-0.4081,1.324,-0.5938,1.4016,1.9,1.12,1.4561,2.0307,0.8815,0
2009-03-18,2.51,2.4421,0.0881,-0.5015,1.0467,-0.5653,1.1902,1.28,1.23,1.1348,1.6265,0.6431,0
2009-03-19,2.61,2.4458,0.089,-0.4585,1.011,-0.4772,1.13,1.31,1.3,1.1,1.5518,0.6481,0
2009-03-20,2.65,2.4561,0.0924,-0.4674,1.0353,-0.4665,1.1796,1.43,1.22,1.1277,1.5883,0.6671,0
2009-03-23,2.68,2.4566,0.0926,-0.4545,1.0306,-0.4453,1.1448,1.4,1.28,1.1232,1.5783,0.668,0
2009-03-24,2.68,2.4548,0.092,-0.4479,1.03,-0.4489,1.0872,1.36,1.32,1.122,1.5799,0.6641,0
2009-03-25,2.81,2.4828,0.1028,-0.4182,1.0776,-0.4349,1.0724,1.44,1.37,1.1804,1.6397,0.7211,0
2009-03-26,2.76,2.4685,0.0985,-0.4339,1.0683,-0.4414,0.9793,1.3,1.46,1.1668,1.6371,0.6965,0
2009-03-27,2.78,2.4758,0.1011,-0.4418,1.0847,-0.4398,1.0249,1.38,1.4,1.1858,1.6605,0.7111,0
2009-03-30,2.73,2.4646,0.0958,-0.4678,1.0772,-0.4398,1.0572,1.39,1.34,1.173,1.6608,0.6852,0
2009-03-31,2.71,2.4614,0.0935,-0.4931,1.0922,-0.444,1.1079,1.43,1.28,1.1857,1.6958,0.6755,0
2009-04-01,2.68,2.4487,0.0891,-0.4809,1.0433,-0.4202,1.0859,1.37,1.31,1.1324,1.6137,0.6512,0
2009-04-02,2.77,2.4707,0.0972,-0.4576,1.0811,-0.4214,1.0933,1.44,1.33,1.1783,1.6621,0.6945,0
2009-04-03,2.91,2.5035,0.1096,-0.4244,1.1449,-0.4236,1.082,1.53,1.38,1.2545,1.7494,0.7597,0
2009-04-06,2.95,2.5155,0.1147,-0.4306,1.192,-0.4416,1.0405,1.52,1.43,1.3067,1.8273,0.7861,0
2009-04-07,2.93,2.5158,0.1152,-0.4492,1.2006,-0.4524,1.0739,1.61,1.32,1.3158,1.8429,0.7887,0
2009-04-08,2.86,2.5011,0.1102,-0.4491,1.1523,-0.4545,1.0809,1.57,1.29,1.2625,1.7641,0.7609,0
2009-04-09,2.96,2.5215,0.1176,-0.4466,1.2188,-0.4513,1.0715,1.62,1.34,1.3364,1.8717,0.8011,0
2009-04-13,2.88,2.5053,0.1118,-0.4823,1.205,-0.4598,1.0602,1.55,1.33,1.3168,1.8632,0.7704,0
2009-04-14,2.8,2.4885,0.1056,-0.5079,1.1669,-0.4531,1.0611,1.52,1.28,1.2725,1.8068,0.7381,0
2009-04-15,2.82,2.4875,0.1057,-0.5105,1.1622,-0.4249,1.0582,1.55,1.27,1.2679,1.7979,0.7378,0
2009-04-16,2.86,2.5063,0.1134,-0.4949,1.1941,-0.4589,1.0963,1.59,1.27,1.3075,1.8373,0.7777,0
2009-04-17,2.98,2.5339,0.1228,-0.4638,1.2466,-0.4595,1.1335,1.7,1.28,1.3694,1.9097,0.8291,0
2009-04-20,2.88,2.5103,0.1147,-0.488,1.1968,-0.4539,1.1764,1.66,1.22,1.3115,1.8387,0.7844,0
2009-04-21,2.94,2.5222,0.119,-0.4708,1.2271,-0.4574,1.1799,1.69,1.25,1.3461,1.8846,0.8075,0
2009-04-22,2.98,2.5326,0.124,-0.4604,1.2496,-0.4658,1.1501,1.65,1.33,1.3736,1.915,0.8322,0
2009-04-23,2.96,2.5236,0.1218,-0.4638,1.2365,-0.4581,1.0686,1.52,1.44,1.3583,1.8983,0.8183,0
2009-04-24,3.03,2.5412,0.1286,-0.4553,1.2774,-0.4618,1.0418,1.53,1.5,1.406,1.9578,0.8541,0
2009-04-27,2.95,2.5238,0.1222,-0.4871,1.2481,-0.457,1.0425,1.48,1.47,1.3703,1.9203,0.8202,0
2009-04-28,3.05,2.547,0.1301,-0.4702,1.3028,-0.4596,1.0347,1.54,1.51,1.4329,2.0018,0.8639,0
2009-04-29,3.12,2.5635,0.1371,-0.4707,1.3498,-0.4597,1.0247,1.59,1.53,1.4869,2.0735,0.9003,0
2009-04-30,3.16,2.5754,0.1415,-0.4903,1.3946,-0.4613,1.0702,1.69,1.47,1.5361,2.1476,0.9246,0
2009-05-01,3.21,2.5893,0.1458,-0.4991,1.4417,-0.4676,1.1242,1.8,1.41,1.5875,2.2255,0.9495,0
2009-05-04,3.19,2.5805,0.1413,-0.4838,1.4006,-0.4486,1.1093,1.77,1.42,1.5419,2.1566,0.9271,0
2009-05-05,3.2,2.5819,0.1416,-0.4728,1.3941,-0.4447,1.1095,1.77,1.43,1.5357,2.1425,0.9288,0
2009-05-06,3.18,2.5808,0.1422,-0.4742,1.4013,-0.4701,1.0709,1.74,1.44,1.5435,2.157,0.9301,0
2009-05-07,3.29,2.6078,0.1523,-0.467,1.4846,-0.4876,1.0052,1.74,1.55,1.6369,2.2894,0.9843,0
2009-05-08,3.29,2.6123,0.1542,-0.4804,1.4918,-0.4879,1.0175,1.77,1.52,1.646,2.2973,0.9947,0
2009-05-11,3.17,2.587,0.1447,-0.513,1.4491,-0.4978,1.0191,1.7,1.47,1.5938,2.243,0.9446,0
2009-05-12,3.17,2.5849,0.1434,-0.5161,1.4519,-0.494,1.0142,1.69,1.48,1.5953,2.2515,0.939,0
2009-05-13,3.11,2.5714,0.1386,-0.5261,1.4138,-0.4877,1.0338,1.67,1.44,1.5524,2.1919,0.913,0
2009-05-14,3.1,2.5699,0.1385,-0.5289,1.4192,-0.4987,1.0439,1.68,1.42,1.5577,2.2036,0.9118,0
2009-05-15,3.14,2.5754,0.1404,-0.5201,1.4343,-0.49,1.0212,1.66,1.48,1.5747,2.2274,0.922,0
2009-05-18,3.22,2.5931,0.1464,-0.4963,1.4674,-0.4906,0.9796,1.66,1.56,1.6138,2.2727,0.9549,0
2009-05-19,3.25,2.6002,0.1496,-0.4948,1.4862,-0.4912,0.9508,1.65,1.6,1.6358,2.3007,0.9709,0
2009-05-20,3.19,2.585,0.1447,-0.513,1.4595,-0.4862,0.9187,1.56,1.63,1.6042,2.2647,0.9436,0
2009-05-21,3.35,2.6233,0.1578,-0.5119,1.577,-0.4962,0.9192,1.67,1.68,1.7348,2.4531,1.0166,0
2009-05-22,3.45,2.6479,0.1667,-0.5062,1.6462,-0.5046,0.8907,1.72,1.73,1.8129,2.5607,1.0651,0
2009-05-26,3.5,2.6646,0.1728,-0.4954,1.6775,-0.5195,0.8565,1.72,1.78,1.8503,2.6029,1.0977,0
2009-05-27,3.71,2.7112,0.1901,-0.4898,1.8294,-0.5308,0.819,1.83,1.88,2.0195,2.8478,1.1912,0
2009-05-28,3.67,2.7106,0.1899,-0.4913,1.7957,-0.5349,0.8708,1.87,1.8,1.9856,2.7809,1.1903,0
2009-05-29,3.47,2.6645,0.1735,-0.5004,1.6795,-0.5471,0.8118,1.67,1.8,1.853,2.6055,1.1005,0
2009-06-01,3.71,2.72,0.1937,-0.4746,1.8437,-0.5728,0.776,1.8,1.91,2.0374,2.8651,1.2097,0
2009-06-02,3.65,2.7109,0.1913,-0.4797,1.8076,-0.5801,0.7088,1.69,1.96,1.9989,2.8025,1.1952,0
2009-06-03,3.56,2.6944,0.1856,-0.5053,1.7653,-0.58,0.7499,1.68,1.88,1.9509,2.7375,1.1642,0
2009-06-04,3.72,2.7319,0.1989,-0.4882,1.8748,-0.5974,0.7654,1.83,1.89,2.0737,2.9106,1.2368,0
2009-06-05,3.84,2.7552,0.2069,-0.3445,1.7705,-0.5482,0.729,1.88,1.96,1.9774,2.6787,1.2762,0
2009-06-08,3.91,2.761,0.2103,-0.2909,1.7443,-0.5147,0.7493,1.94,1.97,1.9546,2.6194,1.2899,0
2009-06-09,3.86,2.7444,0.2063,-0.3197,1.754,-0.525,0.7109,1.88,1.98,1.9603,2.6556,1.2651,0
2009-06-10,3.98,2.7632,0.2138,-0.3043,1.7996,-0.4923,0.6661,1.91,2.07,2.0134,2.7228,1.304,0
2009-06-11,3.88,2.7463,0.2081,-0.3198,1.7421,-0.4967,0.7041,1.89,1.99,1.9502,2.6278,1.2726,0
2009-06-12,3.81,2.7322,0.2037,-0.3268,1.7042,-0.5033,0.7618,1.91,1.9,1.9079,2.5685,1.2473,0
2009-06-15,3.76,2.7159,0.1972,-0.3434,1.6806,-0.4903,0.796,1.9,1.86,1.8778,2.5418,1.2138,0
2009-06-16,3.67,2.6973,0.1901,-0.3405,1.6239,-0.5008,0.8328,1.88,1.79,1.814,2.4526,1.1755,0
2009-06-17,3.68,2.6995,0.1902,-0.3468,1.649,-0.5119,0.8919,1.95,1.73,1.8392,2.5008,1.1777,0
2009-06-18,3.86,2.7372,0.2033,-0.3003,1.7378,-0.5181,0.8465,1.98,1.88,1.9411,2.6335,1.2488,0
2009-06-19,3.79,2.7245,0.1995,-0.3089,1.7016,-0.5267,0.8193,1.91,1.88,1.9011,2.5755,1.2267,0
2009-06-22,3.72,2.706,0.1917,-0.3262,1.6613,-0.5128,0.8684,1.89,1.83,1.853,2.5191,1.1869,0
2009-06-23,3.65,2.688,0.1849,-0.3111,1.6046,-0.5164,0.8664,1.84,1.81,1.7895,2.4288,1.1502,0
2009-06-24,3.72,2.7018,0.1909,-0.3042,1.6321,-0.5005,0.9276,1.93,1.79,1.823,2.4652,1.1807,0
2009-06-25,3.55,2.6638,0.1775,-0.3491,1.5705,-0.5128,0.9114,1.82,1.73,1.748,2.3877,1.1084,0
2009-06-26,3.52,2.657,0.1745,-0.3596,1.5492,-0.5011,0.9798,1.85,1.67,1.7237,2.3537,1.0936,0
2009-06-29,3.51,2.6535,0.1711,-0.3461,1.5413,-0.5098,0.9757,1.83,1.68,1.7124,2.3463,1.0784,0
2009-06-30,3.53,2.6553,0.1716,-0.3356,1.5521,-0.5134,0.9024,1.78,1.75,1.7237,2.3661,1.0813,0
2009-07-01,3.55,2.6633,0.1752,-0.3642,1.5976,-0.5219,0.9117,1.83,1.72,1.7728,2.4445,1.101,0
2009-07-02,3.51,2.6551,0.1721,-0.3992,1.5867,-0.5047,0.9623,1.87,1.64,1.7588,2.4321,1.0854,0
2009-07-06,3.52,2.658,0.1734,-0.4202,1.6153,-0.5065,0.9972,2.03,1.49,1.7887,2.4842,1.0931,0
2009-07-07,3.47,2.6464,0.1692,-0.4218,1.5755,-0.4993,0.9775,1.87,1.6,1.7447,2.4193,1.0701,0
2009-07-08,3.33,2.6115,0.1566,-0.4559,1.4902,-0.4724,1.0041,1.79,1.54,1.6468,2.291,1.0025,0
2009-07-09,3.44,2.6399,0.1668,-0.4431,1.5706,-0.4942,1.0338,1.87,1.57,1.7374,2.4169,1.0579,0
2009-07-10,3.32,2.6136,0.1574,-0.4659,1.5051,-0.4903,1.0325,1.8,1.52,1.6625,2.3179,1.0072,0
2009-07-13,3.38,2.6277,0.1615,-0.4581,1.5482,-0.4994,1.0409,1.84,1.54,1.7097,2.3884,1.0311,0
2009-07-14,3.5,2.6568,0.1721,-0.4428,1.6277,-0.5137,1.0004,1.86,1.64,1.7998,2.5114,1.0881,0
2009-07-15,3.63,2.6858,0.1834,-0.4065,1.6763,-0.5089,0.9324,1.87,1.76,1.8597,2.5724,1.1469,0
2009-07-16,3.59,2.6772,0.1809,-0.4307,1.6716,-0.509,0.9003,1.82,1.77,1.8525,2.5724,1.1326,0
2009-07-17,3.67,2.6954,0.1872,-0.4209,1.7248,-0.5165,0.854,1.81,1.86,1.912,2.6564,1.1676,0
2009-07-20,3.61,2.6812,0.182,-0.4353,1.6878,-0.5057,0.8155,1.73,1.88,1.8698,2.5999,1.1396,0
2009-07-21,3.5,2.658,0.1734,-0.4607,1.6285,-0.4992,0.8491,1.71,1.79,1.8019,2.5098,1.0941,0
2009-07-22,3.58,2.6741,0.1791,-0.4482,1.6721,-0.4972,0.8546,1.75,1.83,1.8512,2.5774,1.1251,0
2009-07-23,3.72,2.7065,0.1911,-0.4007,1.7225,-0.4995,0.8288,1.8,1.92,1.9136,2.6386,1.1886,0
2009-07-24,3.7,2.703,0.1904,-0.4108,1.7195,-0.5022,0.8441,1.81,1.89,1.9099,2.6363,1.1836,0
2009-07-27,3.75,2.7144,0.195,-0.4017,1.7465,-0.5041,0.8511,1.85,1.9,1.9415,2.6754,1.2075,0
2009-07-28,3.72,2.7065,0.193,-0.3872,1.6958,-0.4881,0.8759,1.86,1.86,1.8888,2.5833,1.1943,0
2009-07-29,3.69,2.6977,0.1906,-0.3517,1.6342,-0.4808,0.9022,1.84,1.85,1.8248,2.4711,1.1785,0
2009-07-30,3.67,2.6841,0.1863,-0.3321,1.5942,-0.4624,0.8777,1.78,1.89,1.7805,2.4078,1.1532,0
2009-07-31,3.52,2.648,0.1735,-0.352,1.5075,-0.457,0.8986,1.71,1.81,1.681,2.2785,1.0836,0
2009-08-03,3.66,2.6764,0.1831,-0.3144,1.5736,-0.4586,0.8912,1.78,1.88,1.7567,2.3772,1.1362,0
2009-08-04,3.7,2.6839,0.1861,-0.3149,1.5943,-0.4494,0.8744,1.81,1.89,1.7804,2.4092,1.1516,0
2009-08-05,3.8,2.7052,0.194,-0.3117,1.6592,-0.4468,0.8613,1.85,1.95,1.8532,2.5124,1.1941,0
2009-08-06,3.79,2.706,0.1946,-0.3175,1.6556,-0.4487,0.8882,1.87,1.92,1.8502,2.5033,1.1971,0
2009-08-07,3.89,2.7251,0.2016,-0.2771,1.6826,-0.4422,0.8431,1.88,2.01,1.8842,2.5347,1.2337,0
2009-08-10,3.8,2.7044,0.1941,-0.3034,1.6424,-0.4375,0.8595,1.83,1.97,1.8365,2.4796,1.1934,0
2009-08-11,3.71,2.684,0.1868,-0.3046,1.5793,-0.4354,0.8852,1.8,1.91,1.7661,2.3783,1.1538,0
2009-08-12,3.72,2.6955,0.191,-0.3202,1.6405,-0.4867,0.8999,1.84,1.88,1.8315,2.486,1.1769,0
2009-08-13,3.59,2.6683,0.1807,-0.3514,1.5785,-0.4861,0.9372,1.8,1.79,1.7592,2.3956,1.1228,0
2009-08-14,3.55,2.6603,0.1777,-0.3716,1.5735,-0.4899,1.0035,1.85,1.7,1.7512,2.395,1.1074,0
2009-08-17,3.48,2.6395,0.1691,-0.3801,1.5274,-0.4758,1.0128,1.79,1.69,1.6965,2.3297,1.0632,0
2009-08-18,3.51,2.6442,0.1705,-0.3653,1.5349,-0.4743,0.9719,1.78,1.73,1.7054,2.3397,1.0711,0
2009-08-19,3.45,2.6323,0.1668,-0.3782,1.5123,-0.4832,0.9283,1.7,1.75,1.6791,2.3083,1.0499,0
2009-08-20,3.42,2.6241,0.1638,-0.3676,1.4806,-0.4809,0.8482,1.6,1.82,1.6444,2.2549,1.0338,0
2009-08-21,3.56,2.658,0.1766,-0.3305,1.5341,-0.4782,0.8349,1.69,1.87,1.7107,2.32,1.1013,0
2009-08-24,3.48,2.6406,0.1704,-0.3513,1.5008,-0.4805,0.8646,1.67,1.81,1.6712,2.2748,1.0676,0
2009-08-25,3.45,2.6325,0.1672,-0.351,1.4715,-0.4702,0.9226,1.72,1.73,1.6387,2.2265,1.0509,0
2009-08-26,3.44,2.627,0.1657,-0.3398,1.4562,-0.469,0.926,1.72,1.72,1.6219,2.2023,1.0414,0
2009-08-27,3.47,2.6338,0.1682,-0.3463,1.4864,-0.4722,0.936,1.75,1.72,1.6546,2.2544,1.0549,0
2009-08-28,3.46,2.632,0.1676,-0.3614,1.4941,-0.4723,0.9429,1.76,1.7,1.6617,2.2712,1.0521,0
2009-08-31,3.4,2.6221,0.1635,-0.3872,1.4848,-0.4832,0.969,1.76,1.64,1.6483,2.2647,1.0319,0
2009-09-01,3.38,2.6164,0.1612,-0.4097,1.4963,-0.4843,0.9603,1.74,1.64,1.6575,2.2945,1.0206,0
2009-09-02,3.29,2.5981,0.1544,-0.4195,1.4364,-0.4794,0.9768,1.71,1.58,1.5908,2.1972,0.9844,0
2009-09-03,3.33,2.604,0.156,-0.4063,1.4539,-0.4776,0.9292,1.69,1.64,1.6099,2.2258,0.9941,0
2009-09-04,3.45,2.6304,0.1656,-0.4019,1.5337,-0.4778,0.8705,1.7,1.75,1.6993,2.3524,1.0461,0
2009-09-08,3.47,2.6359,0.1675,-0.4092,1.5496,-0.4738,0.8107,1.66,1.81,1.7171,2.3776,1.0565,0
2009-09-09,3.48,2.6403,0.1695,-0.418,1.5593,-0.4711,0.7885,1.66,1.82,1.7288,2.3906,1.0671,0
2009-09-10,3.36,2.6097,0.1588,-0.4263,1.4585,-0.4407,0.8127,1.59,1.77,1.6173,2.2265,1.0082,0
2009-09-11,3.34,2.6031,0.1563,-0.4158,1.4371,-0.4407,0.8088,1.59,1.75,1.5934,2.1919,0.9948,0
2009-09-14,3.42,2.6184,0.1621,-0.398,1.4732,-0.4357,0.794,1.65,1.77,1.6353,2.2453,1.0253,0
2009-09-15,3.47,2.6297,0.1666,-0.3908,1.5041,-0.4396,0.7576,1.64,1.83,1.6707,2.2929,1.0486,0
2009-09-16,3.48,2.633,0.1686,-0.3722,1.487,-0.4363,0.724,1.62,1.86,1.6556,2.2538,1.0573,0
2009-09-17,3.42,2.618,0.1635,-0.3801,1.4435,-0.4249,0.7609,1.62,1.8,1.607,2.1851,1.029,0
2009-09-18,3.49,2.6345,0.1696,-0.3545,1.4741,-0.4336,0.7907,1.68,1.81,1.6437,2.2258,1.0616,0
2009-09-21,3.49,2.6327,0.1693,-0.3626,1.4808,-0.4302,0.8169,1.69,1.8,1.6501,2.2412,1.0591,0
2009-09-22,3.46,2.6272,0.1672,-0.372,1.4848,-0.4472,0.8015,1.65,1.81,1.652,2.2559,1.0481,0
2009-09-23,3.44,2.6238,0.1656,-0.3889,1.4918,-0.4523,0.7921,1.63,1.81,1.6574,2.2739,1.0409,0
2009-09-24,3.4,2.6162,0.1628,-0.4066,1.4752,-0.4476,0.8233,1.64,1.76,1.638,2.2499,1.0261,0
2009-09-25,3.34,2.6015,0.1572,-0.385,1.4046,-0.4383,0.8203,1.6,1.74,1.5618,2.128,0.9956,0
2009-09-28,3.31,2.5899,0.1537,-0.3821,1.3728,-0.4243,0.8187,1.57,1.74,1.5265,2.0779,0.975,0
2009-09-29,3.31,2.5894,0.1534,-0.3752,1.3662,-0.4238,0.8308,1.59,1.72,1.5196,2.066,0.9733,0
2009-09-30,3.31,2.5867,0.1525,-0.3862,1.384,-0.4271,0.8,1.56,1.75,1.5365,2.1042,0.9689,0
2009-10-01,3.21,2.5665,0.1457,-0.4206,1.3467,-0.4283,0.8027,1.5,1.71,1.4924,2.0528,0.932,0
2009-10-02,3.24,2.5728,0.1477,-0.4199,1.3595,-0.4201,0.8163,1.54,1.7,1.5072,2.0708,0.9437,0
2009-10-05,3.24,2.5704,0.147,-0.4191,1.3506,-0.4089,0.8072,1.51,1.73,1.4976,2.0559,0.9392,0
2009-10-06,3.27,2.5774,0.1495,-0.4117,1.3634,-0.4086,0.7886,1.53,1.74,1.5129,2.0729,0.9529,0
2009-10-07,3.21,2.5578,0.1426,-0.4346,1.3256,-0.3813,0.7714,1.45,1.76,1.4682,2.0209,0.9155,0
2009-10-08,3.27,2.5752,0.1486,-0.4262,1.3707,-0.3982,0.7619,1.49,1.78,1.5193,2.0903,0.9483,0
2009-10-09,3.4,2.6096,0.1611,-0.3976,1.4436,-0.4167,0.7393,1.56,1.84,1.6047,2.1939,1.0154,0
2009-10-13,3.34,2.5944,0.1559,-0.4263,1.4307,-0.4147,0.7,1.46,1.88,1.5866,2.1858,0.9874,0
2009-10-14,3.45,2.6208,0.1654,-0.4199,1.5025,-0.4188,0.6782,1.51,1.94,1.6679,2.2966,1.0392,0
2009-10-15,3.49,2.6307,0.1692,-0.4143,1.5144,-0.4101,0.659,1.5,1.99,1.6836,2.308,1.0593,0
2009-10-16,3.43,2.6151,0.1632,-0.412,1.4571,-0.3934,0.6467,1.45,1.98,1.6203,2.2138,1.0269,0
2009-10-19,3.41,2.6068,0.16,-0.3993,1.4352,-0.3927,0.594,1.38,2.03,1.5952,2.1812,1.0092,0
2009-10-20,3.35,2.5961,0.156,-0.417,1.4152,-0.4003,0.6172,1.37,1.98,1.5712,2.1539,0.9885,0
2009-10-21,3.42,2.6115,0.1618,-0.3945,1.4351,-0.3939,0.6426,1.43,1.99,1.5969,2.1748,1.019,0
2009-10-22,3.44,2.6176,0.1648,-0.4013,1.4586,-0.3997,0.6802,1.49,1.95,1.6234,2.2129,1.0339,0
2009-10-23,3.51,2.6294,0.1687,-0.3723,1.4688,-0.3846,0.6631,1.51,2.0,1.6375,2.2202,1.0548,0
2009-10-26,3.59,2.6481,0.1757,-0.3645,1.5204,-0.3897,0.6604,1.59,2.0,1.6961,2.3,1.0923,0
2009-10-27,3.49,2.6246,0.1673,-0.4011,1.4893,-0.3902,0.6319,1.49,2.0,1.6566,2.266,1.0473,0
2009-10-28,3.44,2.6161,0.1637,-0.4137,1.4716,-0.3978,0.6508,1.48,1.96,1.6353,2.2413,1.0294,0
2009-10-29,3.53,2.6357,0.1707,-0.3977,1.5226,-0.4013,0.6105,1.5,2.03,1.6933,2.3193,1.0673,0
2009-10-30,3.41,2.6098,0.1612,-0.4301,1.4713,-0.4022,0.5936,1.41,2.0,1.6325,2.2477,1.0172,0
2009-11-02,3.45,2.6151,0.1626,-0.4289,1.485,-0.3838,0.5829,1.41,2.04,1.6476,2.2697,1.0256,0
2009-11-03,3.5,2.6302,0.168,-0.4339,1.5332,-0.3975,0.5873,1.45,2.05,1.7012,2.3475,1.055,0
2009-11-04,3.57,2.6453,0.1736,-0.442,1.5943,-0.4012,0.5491,1.45,2.12,1.7679,2.4501,1.0858,0
2009-11-05,3.57,2.646,0.1736,-0.4661,1.6137,-0.3972,0.5203,1.41,2.16,1.7873,2.4876,1.087,0
2009-11-06,3.54,2.6422,0.1718,-0.4892,1.6178,-0.4026,0.5023,1.37,2.17,1.7896,2.5006,1.0786,0
2009-11-09,3.52,2.6382,0.1696,-0.4853,1.6018,-0.4043,0.4457,1.3,2.22,1.7714,2.4744,1.0684,0
2009-11-10,3.5,2.6424,0.1712,-0.494,1.6118,-0.4314,0.4516,1.31,2.19,1.783,2.4889,1.077,0
2009-11-12,3.45,2.6372,0.169,-0.5085,1.6002,-0.4479,0.4832,1.33,2.12,1.7692,2.472,1.0663,0
2009-11-13,3.43,2.6301,0.1662,-0.4966,1.5733,-0.443,0.4875,1.31,2.12,1.7395,2.4281,1.051,0
2009-11-16,3.33,2.6022,0.1559,-0.5033,1.5015,-0.4263,0.4619,1.21,2.12,1.6574,2.3192,0.9956,0
2009-11-17,3.33,2.6002,0.1553,-0.4996,1.4955,-0.4215,0.4593,1.2,2.13,1.6508,2.3097,0.992,0
2009-11-18,3.36,2.6077,0.1584,-0.5026,1.528,-0.4315,0.4339,1.21,2.15,1.6864,2.3645,1.0082,0
2009-11-19,3.35,2.6061,0.1579,-0.516,1.5291,-0.4271,0.4408,1.21,2.14,1.687,2.3679,1.0062,0
2009-11-20,3.36,2.6091,0.1592,-0.5095,1.5295,-0.4282,0.4392,1.21,2.15,1.6887,2.3643,1.013,0
2009-11-23,3.37,2.6085,0.1589,-0.507,1.5256,-0.416,0.4227,1.2,2.17,1.6845,2.3579,1.011,0
2009-11-24,3.32,2.5956,0.154,-0.5298,1.5054,-0.4053,0.4435,1.21,2.11,1.6594,2.3334,0.9854,0
2009-11-25,3.28,2.5825,0.1489,-0.5266,1.458,-0.3828,0.4379,1.16,2.12,1.6069,2.2553,0.9585,0
2009-11-27,3.21,2.5672,0.1431,-0.5422,1.4279,-0.386,0.464,1.15,2.06,1.571,2.2143,0.9278,0
2009-11-30,3.21,2.564,0.1413,-0.5477,1.4331,-0.3807,0.4639,1.13,2.08,1.5744,2.2295,0.9194,0
2009-12-01,3.28,2.5789,0.1463,-0.5503,1.4896,-0.3845,0.4261,1.14,2.14,1.6359,2.3241,0.9477,0
2009-12-02,3.32,2.5899,0.1503,-0.5358,1.4913,-0.3756,0.4324,1.18,2.14,1.6416,2.314,0.9692,0
2009-12-03,3.39,2.6082,0.1569,-0.5371,1.5515,-0.3895,0.4345,1.24,2.15,1.7084,2.412,1.0048,0
2009-12-04,3.48,2.6316,0.1655,-0.5071,1.5756,-0.3856,0.4664,1.34,2.14,1.7411,2.4318,1.0504,0
2009-12-07,3.44,2.6221,0.1625,-0.5318,1.5817,-0.3945,0.4581,1.31,2.13,1.7442,2.4545,1.0338,0
2009-12-08,3.4,2.6142,0.1595,-0.5629,1.5833,-0.3941,0.4811,1.31,2.09,1.7428,2.467,1.0187,0
2009-12-09,3.45,2.6231,0.1627,-0.5611,1.6,-0.3748,0.5134,1.36,2.09,1.7627,2.489,1.0365,0
2009-12-10,3.49,2.6364,0.1672,-0.5562,1.6378,-0.3952,0.52,1.4,2.09,1.805,2.5484,1.0616,0
2009-12-11,3.55,2.6486,0.1717,-0.5343,1.6582,-0.3942,0.4935,1.41,2.14,1.8299,2.5746,1.0851,0
2009-12-14,3.56,2.6486,0.1722,-0.5089,1.6326,-0.3845,0.4585,1.37,2.19,1.8048,2.5236,1.086,0
2009-12-15,3.6,2.6558,0.175,-0.4887,1.6405,-0.3826,0.4314,1.37,2.23,1.8155,2.5308,1.1002,0
2009-12-16,3.61,2.6559,0.1751,-0.4917,1.6487,-0.378,0.4124,1.34,2.27,1.8238,2.5466,1.101,0
2009-12-17,3.5,2.6317,0.1666,-0.5223,1.601,-0.377,0.4227,1.28,2.22,1.7676,2.4801,1.0552,0
2009-12-18,3.55,2.6443,0.1709,-0.5065,1.627,-0.3856,0.4199,1.31,2.24,1.7979,2.5171,1.0786,0
2009-12-21,3.69,2.675,0.182,-0.4768,1.6937,-0.3839,0.4063,1.39,2.3,1.8757,2.613,1.1383,0
2009-12-22,3.76,2.6905,0.1879,-0.4686,1.7274,-0.3771,0.4014,1.43,2.33,1.9153,2.6614,1.1691,0
2009-12-23,3.77,2.6942,0.19,-0.4632,1.7239,-0.3748,0.4093,1.46,2.31,1.9139,2.6491,1.1786,0
2009-12-24,3.82,2.7061,0.1943,-0.4455,1.7441,-0.379,0.4112,1.5,2.32,1.9384,2.6751,1.2017,0
2009-12-28,3.85,2.7088,0.1952,-0.4178,1.7253,-0.3615,0.3957,1.5,2.35,1.9205,2.6351,1.2058,0
2009-12-29,3.82,2.7,0.1925,-0.4112,1.6968,-0.358,0.3797,1.46,2.36,1.8893,2.5892,1.1894,0
2009-12-30,3.8,2.6942,0.191,-0.4063,1.6769,-0.3558,0.3825,1.44,2.36,1.8679,2.5559,1.1798,0
2009-12-31,3.85,2.7034,0.1945,-0.3785,1.6787,-0.3481,0.3843,1.48,2.37,1.8732,2.5488,1.1977,0
2010-01-04,3.85,2.7028,0.1949,-0.4018,1.7127,-0.3586,0.3523,1.47,2.38,1.9076,2.6158,1.1993,0
2010-01-05,3.77,2.688,0.1896,-0.4346,1.6935,-0.3665,0.3464,1.43,2.34,1.8831,2.5949,1.1713,0
2010-01-06,3.85,2.7065,0.1964,-0.4384,1.7519,-0.3664,0.337,1.48,2.37,1.9483,2.6877,1.2089,0
2010-01-07,3.85,2.7069,0.1965,-0.4297,1.7324,-0.3562,0.3343,1.44,2.41,1.9289,2.6487,1.2092,0
2010-01-08,3.83,2.7016,0.1948,-0.447,1.743,-0.3623,0.3021,1.41,2.42,1.9378,2.6756,1.1999,0
2010-01-11,3.85,2.709,0.1977,-0.4601,1.7708,-0.3674,0.3238,1.47,2.38,1.9685,2.7209,1.2161,0
2010-01-12,3.74,2.6814,0.1873,-0.4646,1.6877,-0.3518,0.3244,1.35,2.39,1.875,2.5894,1.1605,0
2010-01-13,3.8,2.698,0.193,-0.4525,1.7256,-0.3641,0.353,1.43,2.37,1.9186,2.6457,1.1914,0
2010-01-14,3.76,2.6845,0.1883,-0.4572,1.6956,-0.3512,0.3305,1.4,2.36,1.8839,2.6018,1.1659,0
2010-01-15,3.7,2.6731,0.1837,-0.4702,1.6792,-0.3658,0.3135,1.34,2.36,1.8629,2.5838,1.142,0
2010-01-19,3.73,2.6794,0.1861,-0.4586,1.6816,-0.3585,0.3057,1.35,2.38,1.8677,2.5806,1.1548,0
2010-01-20,3.68,2.6666,0.1816,-0.4598,1.6398,-0.3482,0.3095,1.31,2.37,1.8214,2.5129,1.1299,0
2010-01-21,3.62,2.6531,0.1763,-0.4748,1.6182,-0.3529,0.3282,1.29,2.33,1.7945,2.4863,1.1027,0
2010-01-22,3.62,2.6512,0.1755,-0.4734,1.6116,-0.3449,0.3519,1.31,2.31,1.7871,2.4757,1.0985,0
2010-01-25,3.66,2.6601,0.1786,-0.4725,1.6435,-0.3496,0.3474,1.33,2.33,1.8221,2.5286,1.1155,0
2010-01-26,3.65,2.6585,0.178,-0.4765,1.6379,-0.3479,0.332,1.31,2.34,1.8159,2.5194,1.1124,0
2010-01-27,3.66,2.6628,0.179,-0.4606,1.6276,-0.3488,0.3579,1.35,2.31,1.8066,2.4946,1.1185,0
2010-01-28,3.68,2.6654,0.1803,-0.4737,1.6608,-0.3527,0.3576,1.35,2.33,1.8411,2.5573,1.1249,0
2010-01-29,3.63,2.6537,0.1759,-0.486,1.6389,-0.3525,0.3461,1.3,2.33,1.8148,2.5279,1.1017,0
2010-02-01,3.68,2.6633,0.1785,-0.4803,1.6691,-0.3506,0.3117,1.29,2.39,1.8476,2.5776,1.1176,0
2010-02-02,3.67,2.6614,0.1776,-0.4866,1.6615,-0.344,0.2885,1.26,2.41,1.8391,2.5651,1.1132,0
2010-02-03,3.73,2.6758,0.1828,-0.4886,1.7042,-0.3442,0.2798,1.3,2.43,1.887,2.6325,1.1415,0
2010-02-04,3.62,2.6536,0.1747,-0.5152,1.6523,-0.3454,0.3062,1.27,2.35,1.827,2.5554,1.0985,0
2010-02-05,3.59,2.6472,0.1715,-0.5343,1.65,-0.3444,0.3634,1.32,2.27,1.8215,2.5596,1.0834,0
2010-02-08,3.62,2.6522,0.173,-0.5242,1.6587,-0.3397,0.3697,1.35,2.27,1.8317,2.5715,1.0919,0
2010-02-09,3.67,2.6643,0.1772,-0.5122,1.6815,-0.3408,0.3589,1.37,2.3,1.8587,2.6027,1.1146,0
2010-02-10,3.72,2.6798,0.1829,-0.4965,1.7048,-0.351,0.3731,1.44,2.28,1.8877,2.6308,1.1447,0
2010-02-11,3.73,2.6843,0.1848,-0.5038,1.7269,-0.3622,0.3804,1.47,2.26,1.9117,2.6683,1.155,0
2010-02-12,3.69,2.6769,0.182,-0.5204,1.7195,-0.368,0.3815,1.46,2.23,1.9015,2.6626,1.1405,0
2010-02-16,3.66,2.6703,0.1795,-0.5279,1.7083,-0.3702,0.3682,1.42,2.24,1.8878,2.6484,1.1272,0
2010-02-17,3.74,2.6881,0.186,-0.5102,1.7427,-0.3666,0.358,1.46,2.28,1.9287,2.6953,1.162,0
2010-02-18,3.79,2.7017,0.1913,-0.4969,1.7719,-0.378,0.3416,1.48,2.31,1.9632,2.7366,1.1898,0
2010-02-19,3.78,2.7007,0.1909,-0.475,1.7331,-0.3697,0.3741,1.52,2.26,1.924,2.6614,1.1866,0
2010-02-22,3.8,2.7027,0.1919,-0.4886,1.7647,-0.3707,0.3994,1.55,2.25,1.9566,2.7212,1.192,0
2010-02-23,3.69,2.677,0.1821,-0.5006,1.6967,-0.3653,0.4123,1.5,2.19,1.8788,2.6176,1.1401,0
2010-02-24,3.7,2.678,0.1825,-0.4991,1.7027,-0.3641,0.4242,1.51,2.19,1.8852,2.6284,1.1421,0
2010-02-25,3.64,2.6665,0.178,-0.518,1.6829,-0.3695,0.455,1.51,2.13,1.8609,2.6029,1.119,0
2010-02-26,3.61,2.6574,0.1745,-0.5145,1.6607,-0.3681,0.4462,1.48,2.13,1.8352,2.5702,1.1003,0
2010-03-01,3.61,2.6569,0.174,-0.5243,1.6694,-0.366,0.4429,1.46,2.15,1.8434,2.5881,1.0986,0
2010-03-02,3.62,2.6581,0.1743,-0.5323,1.6808,-0.361,0.4334,1.46,2.16,1.8551,2.6098,1.1005,0
2010-03-03,3.63,2.6607,0.1751,-0.5327,1.6834,-0.3566,0.4256,1.46,2.17,1.8585,2.6119,1.1052,0
2010-03-04,3.61,2.6532,0.1725,-0.5172,1.6335,-0.332,0.4279,1.44,2.17,1.806,2.5216,1.0905,0
2010-03-05,3.69,2.6701,0.1787,-0.5015,1.6812,-0.3386,0.4102,1.48,2.21,1.8599,2.5966,1.1233,0
2010-03-08,3.72,2.6771,0.1811,-0.5073,1.7086,-0.3395,0.41,1.49,2.23,1.8897,2.6427,1.1367,0
2010-03-09,3.71,2.6753,0.1803,-0.5125,1.7056,-0.3387,0.4049,1.48,2.23,1.8859,2.6391,1.1328,0
2010-03-10,3.73,2.6791,0.1818,-0.4959,1.696,-0.3309,0.3968,1.49,2.24,1.8778,2.6151,1.1404,0
2010-03-11,3.73,2.6783,0.1817,-0.47,1.666,-0.326,0.3944,1.49,2.24,1.8477,2.5569,1.1385,0
2010-03-12,3.71,2.669,0.1785,-0.4579,1.6361,-0.3157,0.3708,1.45,2.26,1.8146,2.5092,1.12,0
2010-03-15,3.71,2.669,0.1783,-0.4546,1.6375,-0.3201,0.3756,1.46,2.25,1.8158,2.5124,1.1191,0
2010-03-16,3.66,2.6567,0.1736,-0.4612,1.6077,-0.3168,0.3718,1.42,2.24,1.7813,2.468,1.0945,0
2010-03-17,3.65,2.6512,0.1721,-0.4527,1.5824,-0.3031,0.3687,1.4,2.25,1.7545,2.4241,1.0849,0
2010-03-18,3.68,2.6577,0.1741,-0.4307,1.5771,-0.2982,0.3906,1.45,2.23,1.7512,2.4064,1.0959,0
2010-03-19,3.7,2.6596,0.1755,-0.4093,1.5607,-0.2865,0.4313,1.5,2.2,1.7362,2.3708,1.1015,0
2010-03-22,3.67,2.6499,0.1723,-0.4148,1.5468,-0.2842,0.4264,1.48,2.19,1.7191,2.3547,1.0834,0
2010-03-23,3.69,2.6526,0.1736,-0.4223,1.5651,-0.279,0.429,1.49,2.2,1.7387,2.3873,1.09,0
2010-03-24,3.84,2.6868,0.1867,-0.3718,1.6077,-0.2693,0.4434,1.6,2.24,1.7944,2.4302,1.1585,0
2010-03-25,3.91,2.704,0.1932,-0.3759,1.6748,-0.2861,0.44,1.65,2.26,1.868,2.5427,1.1932,0
2010-03-26,3.86,2.6955,0.19,-0.3959,1.6676,-0.2972,0.4357,1.62,2.24,1.8576,2.5384,1.1768,0
2010-03-29,3.88,2.6994,0.1912,-0.3901,1.6656,-0.2861,0.4571,1.66,2.22,1.8568,2.5298,1.1839,0
2010-03-30,3.88,2.6993,0.1911,-0.3905,1.6702,-0.2901,0.4612,1.66,2.22,1.8613,2.5391,1.1834,0
2010-03-31,3.84,2.6894,0.1875,-0.401,1.6611,-0.297,0.4221,1.6,2.24,1.8486,2.5332,1.1639,0
2010-04-01,3.89,2.6986,0.1907,-0.3899,1.6738,-0.2831,0.4172,1.61,2.28,1.8645,2.5474,1.1815,0
2010-04-02,3.96,2.7176,0.1976,-0.3746,1.7113,-0.2919,0.4331,1.69,2.27,1.9089,2.5994,1.2183,0
2010-04-05,4.01,2.7279,0.2012,-0.3542,1.7248,-0.2896,0.4161,1.7,2.31,1.926,2.6146,1.2374,0
2010-04-06,3.98,2.7191,0.1985,-0.3595,1.7053,-0.2834,0.3875,1.68,2.3,1.9038,2.5858,1.2218,0
2010-04-07,3.89,2.6953,0.19,-0.3721,1.6467,-0.2699,0.3552,1.55,2.34,1.8367,2.4976,1.1759,0
2010-04-08,3.91,2.7038,0.1931,-0.3696,1.6679,-0.2852,0.3643,1.58,2.33,1.861,2.5289,1.1931,0
2010-04-09,3.9,2.7006,0.1921,-0.369,1.6561,-0.2798,0.36,1.56,2.34,1.8482,2.5092,1.1872,0
2010-04-12,3.87,2.6892,0.1879,-0.3755,1.6299,-0.2615,0.3561,1.52,2.35,1.8178,2.4709,1.1647,0
2010-04-13,3.84,2.6827,0.1855,-0.3811,1.616,-0.2631,0.3602,1.5,2.34,1.8015,2.4516,1.1515,0
2010-04-14,3.88,2.6927,0.189,-0.3783,1.6465,-0.2699,0.3568,1.54,2.34,1.8355,2.5003,1.1708,0
2010-04-15,3.86,2.6883,0.1876,-0.3936,1.6506,-0.2729,0.3466,1.49,2.37,1.8382,2.513,1.1633,0
2010-04-16,3.79,2.6741,0.182,-0.411,1.62,-0.2751,0.3539,1.46,2.33,1.802,2.4694,1.1346,0
2010-04-19,3.83,2.6834,0.1853,-0.3991,1.6301,-0.2697,0.3641,1.49,2.34,1.8154,2.4785,1.1523,0
2010-04-20,3.82,2.6803,0.1841,-0.3825,1.6049,-0.2668,0.352,1.47,2.35,1.789,2.4326,1.1454,0
2010-04-21,3.77,2.6649,0.1789,-0.3826,1.5633,-0.2545,0.3355,1.42,2.35,1.7422,2.3681,1.1164,0
2010-04-22,3.8,2.6742,0.1822,-0.3628,1.5724,-0.266,0.3525,1.46,2.34,1.7546,2.3752,1.1339,0
2010-04-23,3.84,2.6798,0.1844,-0.3454,1.5798,-0.2586,0.3336,1.47,2.37,1.7642,2.3838,1.1447,0
2010-04-26,3.83,2.6779,0.1838,-0.3536,1.5849,-0.263,0.3358,1.46,2.37,1.7687,2.396,1.1415,0
2010-04-27,3.71,2.6496,0.1734,-0.3961,1.5471,-0.2639,0.3307,1.37,2.34,1.7205,2.3548,1.0862,0
2010-04-28,3.8,2.668,0.1798,-0.3692,1.574,-0.2527,0.3157,1.4,2.4,1.7538,2.3862,1.1214,0
2010-04-29,3.76,2.6581,0.1765,-0.383,1.5661,-0.2577,0.2673,1.31,2.45,1.7426,2.382,1.1032,0
2010-04-30,3.69,2.6456,0.1714,-0.3943,1.5297,-0.2624,0.2813,1.29,2.4,1.7011,2.3253,1.077,0
2010-05-03,3.72,2.6519,0.1734,-0.3815,1.5391,-0.2628,0.2953,1.32,2.4,1.7125,2.3372,1.0877,0
2010-05-04,3.63,2.6316,0.1661,-0.3971,1.4903,-0.2608,0.3264,1.31,2.32,1.6564,2.2644,1.0484,0
2010-05-05,3.58,2.6236,0.1632,-0.4302,1.5115,-0.2881,0.3467,1.3,2.28,1.6747,2.3156,1.0338,0
2010-05-06,3.41,2.5886,0.1516,-0.4708,1.4408,-0.3002,0.3871,1.25,2.16,1.5924,2.2144,0.9704,0
2010-05-07,3.45,2.5978,0.1536,-0.455,1.4531,-0.2995,0.4083,1.3,2.15,1.6067,2.23,0.9834,0
2010-05-10,3.57,2.6202,0.1612,-0.4266,1.5015,-0.2864,0.3732,1.33,2.24,1.6627,2.3006,1.0249,0
2010-05-11,3.56,2.6212,0.1612,-0.4378,1.5125,-0.2971,0.3554,1.31,2.25,1.6737,2.3216,1.0258,0
2010-05-12,3.56,2.6286,0.1643,-0.4302,1.5266,-0.3293,0.3164,1.28,2.28,1.6909,2.3403,1.0415,0
2010-05-13,3.55,2.6243,0.1627,-0.4349,1.5063,-0.3083,0.3287,1.28,2.27,1.669,2.3047,1.0332,0
2010-05-14,3.44,2.6012,0.1538,-0.4689,1.4741,-0.3202,0.3621,1.26,2.18,1.6279,2.2689,0.987,0
2010-05-17,3.47,2.6099,0.1564,-0.4616,1.4928,-0.3275,0.3896,1.31,2.16,1.6492,2.2967,1.0018,0
2010-05-18,3.38,2.5871,0.1479,-0.4718,1.4335,-0.3168,0.3894,1.25,2.13,1.5814,2.2065,0.9564,0
2010-05-19,3.36,2.5857,0.1472,-0.4593,1.3994,-0.3131,0.4516,1.32,2.04,1.5466,2.1406,0.9527,0
2010-05-20,3.25,2.5616,0.1386,-0.4765,1.343,-0.3167,0.5342,1.36,1.89,1.4816,2.0572,0.906,0
2010-05-21,3.2,2.5459,0.1327,-0.4605,1.302,-0.3201,0.5098,1.33,1.87,1.4347,1.9956,0.8738,0
2010-05-24,3.23,2.5515,0.1349,-0.451,1.3087,-0.314,0.5162,1.35,1.88,1.4436,2.0022,0.8849,0
2010-05-25,3.18,2.5412,0.1315,-0.4565,1.2666,-0.3029,0.5699,1.33,1.85,1.3981,1.9305,0.8658,0
2010-05-26,3.21,2.5429,0.1323,-0.4237,1.2533,-0.2948,0.546,1.3,1.91,1.3856,1.9023,0.8688,0
2010-05-27,3.34,2.5724,0.1435,-0.4002,1.3339,-0.3097,0.4992,1.33,2.01,1.4774,2.0266,0.9282,0
2010-05-28,3.31,2.5678,0.1421,-0.4334,1.3421,-0.3086,0.5245,1.32,1.99,1.4842,2.0472,0.9212,0
2010-06-01,3.29,2.565,0.1405,-0.4389,1.3375,-0.3141,0.5352,1.32,1.97,1.478,2.0421,0.9138,0
2010-06-02,3.35,2.5788,0.1457,-0.43,1.3725,-0.317,0.5317,1.36,1.99,1.5182,2.0948,0.9416,0
2010-06-03,3.39,2.5853,0.1483,-0.4283,1.3996,-0.3148,0.4732,1.34,2.05,1.5479,2.1406,0.9552,0
2010-06-04,3.2,2.5476,0.1342,-0.4764,1.3132,-0.3186,0.5284,1.26,1.94,1.4474,2.0143,0.8806,0
2010-06-07,3.17,2.5386,0.1306,-0.4819,1.2974,-0.3148,0.5434,1.25,1.92,1.428,1.9942,0.8619,0
2010-06-08,3.18,2.5407,0.1319,-0.4758,1.2934,-0.3102,0.5662,1.29,1.89,1.4253,1.9827,0.8678,0
2010-06-09,3.2,2.5421,0.1331,-0.4731,1.3005,-0.3027,0.5508,1.28,1.92,1.4336,1.9939,0.8733,0
2010-06-10,3.33,2.5723,0.1443,-0.4463,1.3655,-0.3057,0.538,1.35,1.98,1.5098,2.0865,0.933,0
2010-06-11,3.24,2.5506,0.1372,-0.4647,1.3104,-0.2936,0.5344,1.29,1.95,1.4476,2.0019,0.8934,0
2010-06-14,3.28,2.5604,0.1412,-0.46,1.3413,-0.3029,0.5262,1.31,1.97,1.4825,2.051,0.9141,0
2010-06-15,3.32,2.5708,0.1448,-0.4561,1.3687,-0.3082,0.5152,1.32,2.0,1.5135,2.0931,0.9339,0
2010-06-16,3.27,2.5585,0.1401,-0.4608,1.3301,-0.2979,0.5204,1.28,1.99,1.4702,2.0316,0.9088,0
2010-06-17,3.21,2.5425,0.1343,-0.4677,1.2939,-0.293,0.5047,1.22,1.99,1.4282,1.9786,0.8777,0
2010-06-18,3.24,2.5496,0.1366,-0.46,1.3108,-0.297,0.4938,1.25,1.99,1.4474,2.0045,0.8903,0
2010-06-21,3.26,2.5549,0.1385,-0.4619,1.3273,-0.2989,0.4937,1.24,2.02,1.4658,2.0309,0.9008,0
2010-06-22,3.18,2.5359,0.1312,-0.4706,1.2731,-0.2895,0.4962,1.2,1.98,1.4043,1.9464,0.8621,0
2010-06-23,3.13,2.5232,0.1259,-0.479,1.2407,-0.2807,0.5206,1.19,1.94,1.3666,1.8984,0.8348,0
2010-06-24,3.14,2.5282,0.1272,-0.4887,1.2686,-0.2954,0.5422,1.23,1.91,1.3958,1.9484,0.8433,0
2010-06-25,3.12,2.5242,0.1252,-0.4982,1.2718,-0.3029,0.5354,1.21,1.91,1.397,1.9602,0.8337,0
2010-06-28,3.05,2.5069,0.1179,-0.5146,1.2293,-0.2895,0.5411,1.17,1.88,1.3472,1.8983,0.7961,0
2010-06-29,2.97,2.4912,0.1117,-0.5153,1.1767,-0.2943,0.5526,1.14,1.83,1.2884,1.8132,0.7635,0
2010-06-30,2.97,2.4882,0.1105,-0.5076,1.1599,-0.281,0.566,1.15,1.82,1.2704,1.7839,0.7569,0
2010-07-01,2.96,2.4868,0.1101,-0.4977,1.1381,-0.2773,0.6201,1.21,1.75,1.2482,1.7422,0.7542,0
2010-07-02,3.0,2.4959,0.1135,-0.496,1.1739,-0.2874,0.6415,1.27,1.73,1.2874,1.8024,0.7725,0
2010-07-06,2.95,2.4841,0.1093,-0.515,1.1589,-0.2872,0.6691,1.26,1.69,1.2682,1.7861,0.7502,0
2010-07-07,3.0,2.4968,0.1141,-0.5215,1.2112,-0.3007,0.6816,1.3,1.7,1.3253,1.8747,0.776,0
2010-07-08,3.04,2.503,0.1167,-0.5231,1.2392,-0.2957,0.6398,1.25,1.79,1.3559,1.9221,0.7897,0
2010-07-09,3.07,2.5126,0.1201,-0.512,1.249,-0.2997,0.6176,1.26,1.81,1.3691,1.9304,0.8079,0
2010-07-12,3.08,2.5126,0.1202,-0.5173,1.249,-0.2844,0.6071,1.26,1.82,1.3692,1.9301,0.8083,0
2010-07-13,3.15,2.5252,0.1249,-0.5042,1.2736,-0.2695,0.5947,1.28,1.87,1.3985,1.9636,0.8334,0
2010-07-14,3.07,2.5094,0.1193,-0.5256,1.2471,-0.2802,0.5923,1.23,1.84,1.3664,1.9294,0.8035,0
2010-07-15,3.0,2.4935,0.113,-0.5433,1.215,-0.2783,0.6169,1.21,1.79,1.328,1.8857,0.7704,0
2010-07-16,2.96,2.4843,0.1093,-0.565,1.2008,-0.2694,0.67,1.25,1.71,1.3101,1.8685,0.7517,0
2010-07-19,2.99,2.4912,0.1113,-0.5624,1.2211,-0.2712,0.6945,1.29,1.7,1.3324,1.9014,0.7635,0
2010-07-20,2.98,2.4887,0.1105,-0.5689,1.2188,-0.2692,0.6945,1.28,1.7,1.3293,1.8995,0.7592,0
2010-07-21,2.9,2.4687,0.1033,-0.5638,1.1579,-0.2661,0.6715,1.19,1.71,1.2612,1.8025,0.7199,0
2010-07-22,2.96,2.4809,0.1074,-0.5651,1.2058,-0.269,0.6533,1.21,1.75,1.3132,1.8839,0.7425,0
2010-07-23,3.02,2.4968,0.1131,-0.5583,1.2409,-0.2725,0.651,1.24,1.78,1.354,1.9342,0.7738,0
2010-07-26,3.03,2.4991,0.1141,-0.5526,1.2339,-0.2644,0.6446,1.24,1.79,1.348,1.9172,0.7787,0
2010-07-27,3.08,2.5103,0.1181,-0.5394,1.2535,-0.2625,0.633,1.26,1.82,1.3716,1.9431,0.8001,0
2010-07-28,3.03,2.4979,0.1137,-0.5687,1.2487,-0.2616,0.6229,1.22,1.81,1.3624,1.948,0.7768,0
2010-07-29,3.03,2.4971,0.113,-0.5939,1.2717,-0.2579,0.6138,1.21,1.82,1.3847,1.9951,0.7743,0
2010-07-30,2.94,2.475,0.1043,-0.607,1.214,-0.2463,0.6066,1.14,1.8,1.3183,1.9073,0.7293,0
2010-08-02,2.99,2.4868,0.1083,-0.6046,1.253,-0.2536,0.5721,1.13,1.86,1.3613,1.9712,0.7515,0
2010-08-03,2.94,2.4726,0.1027,-0.6325,1.229,-0.2318,0.5483,1.07,1.87,1.3317,1.9408,0.7227,0
2010-08-04,2.98,2.4852,0.1072,-0.6136,1.2378,-0.2366,0.5619,1.12,1.86,1.345,1.9432,0.7468,0
2010-08-05,2.94,2.4738,0.1034,-0.6236,1.2157,-0.2292,0.5498,1.07,1.87,1.3191,1.9124,0.7258,0
2010-08-06,2.86,2.4552,0.0965,-0.6321,1.1593,-0.219,0.5608,1.04,1.82,1.2558,1.8227,0.6889,0
2010-08-09,2.86,2.4544,0.0962,-0.6224,1.1483,-0.2165,0.5586,1.04,1.82,1.2445,1.8021,0.6869,0
2010-08-10,2.79,2.4365,0.0898,-0.6359,1.1134,-0.2138,0.5231,0.95,1.84,1.2032,1.7545,0.6518,0
2010-08-11,2.72,2.4211,0.0841,-0.6309,1.0478,-0.2021,0.557,0.95,1.77,1.1319,1.6428,0.621,0
2010-08-12,2.74,2.4251,0.086,-0.6145,1.0385,-0.1952,0.6304,1.05,1.69,1.1245,1.6192,0.6299,0
2010-08-13,2.68,2.4089,0.0804,-0.5977,0.9861,-0.1977,0.6296,1.0,1.68,1.0665,1.535,0.5981,0
2010-08-16,2.58,2.3812,0.0705,-0.5926,0.905,-0.1841,0.6438,0.95,1.63,0.9755,1.4072,0.5438,0
2010-08-17,2.64,2.3946,0.0753,-0.5825,0.9522,-0.1996,0.6566,1.01,1.63,1.0275,1.485,0.57,0
2010-08-18,2.64,2.3947,0.0757,-0.5719,0.9415,-0.2,0.6747,1.02,1.62,1.0172,1.4635,0.571,0
2010-08-19,2.58,2.3818,0.071,-0.5743,0.9037,-0.2021,0.7031,1.02,1.56,0.9747,1.4037,0.5456,0
2010-08-20,2.62,2.3898,0.0741,-0.5536,0.9192,-0.2094,0.7058,1.05,1.57,0.9933,1.4248,0.5617,0
2010-08-23,2.6,2.3838,0.0721,-0.5641,0.9116,-0.2034,0.7146,1.05,1.55,0.9837,1.417,0.5504,0
2010-08-24,2.5,2.3616,0.0636,-0.5701,0.8458,-0.2009,0.728,1.01,1.49,0.9094,1.3135,0.5053,0
2010-08-25,2.54,2.3688,0.0666,-0.549,0.8575,-0.2039,0.7077,1.01,1.53,0.9241,1.328,0.5202,0
2010-08-26,2.5,2.3565,0.0624,-0.5435,0.8161,-0.1915,0.6851,0.95,1.55,0.8785,1.2603,0.4967,0
2010-08-27,2.66,2.3926,0.0757,-0.5293,0.9211,-0.2001,0.6819,1.05,1.61,0.9968,1.4253,0.5683,0
2010-08-30,2.54,2.3674,0.0666,-0.5504,0.8551,-0.1986,0.6937,0.99,1.55,0.9217,1.324,0.5194,0
2010-08-31,2.47,2.3507,0.0603,-0.5556,0.8116,-0.197,0.7035,0.95,1.52,0.8719,1.2582,0.4856,0
2010-09-01,2.58,2.3775,0.0699,-0.5595,0.904,-0.2119,0.7085,1.02,1.56,0.9739,1.4098,0.538,0
2010-09-02,2.63,2.3903,0.0748,-0.5678,0.9476,-0.2149,0.7012,1.05,1.58,1.0224,1.4803,0.5645,0
2010-09-03,2.72,2.4144,0.0835,-0.5585,1.0122,-0.2316,0.6703,1.1,1.62,1.0957,1.5799,0.6115,0
2010-09-07,2.61,2.387,0.0736,-0.5656,0.9266,-0.2117,0.6706,0.98,1.63,1.0002,1.442,0.5585,0
2010-09-08,2.66,2.3979,0.0774,-0.5511,0.9499,-0.2141,0.6739,1.02,1.64,1.0273,1.4758,0.5788,0
2010-09-09,2.77,2.4218,0.0864,-0.531,1.0075,-0.2147,0.6439,1.05,1.72,1.0939,1.5613,0.6265,0
2010-09-10,2.81,2.4322,0.0905,-0.5271,1.0375,-0.2231,0.6016,1.02,1.79,1.128,1.608,0.6481,0
2010-09-13,2.74,2.4161,0.0845,-0.5554,1.0154,-0.2206,0.5696,0.94,1.8,1.0999,1.5833,0.6165,0
2010-09-14,2.68,2.4056,0.0798,-0.577,0.9969,-0.2253,0.5894,0.93,1.75,1.0767,1.5601,0.5933,0
2010-09-15,2.74,2.4196,0.0844,-0.5842,1.0482,-0.2281,0.5945,0.97,1.77,1.1326,1.6458,0.6195,0
2010-09-16,2.77,2.4326,0.0889,-0.5924,1.0915,-0.2506,0.5972,1.0,1.77,1.1804,1.716,0.6447,0
2010-09-17,2.75,2.431,0.088,-0.6047,1.0882,-0.2526,0.6096,1.0,1.75,1.1762,1.7117,0.6408,0
2010-09-20,2.72,2.4216,0.0843,-0.6118,1.0663,-0.2404,0.5967,0.94,1.78,1.1506,1.6795,0.6216,0
2010-09-21,2.61,2.3944,0.0742,-0.6229,1.0042,-0.2399,0.5224,0.78,1.83,1.0784,1.5894,0.5674,0
2010-09-22,2.56,2.3827,0.0702,-0.6164,0.9506,-0.2271,0.5113,0.74,1.82,1.0208,1.4968,0.5448,0
2010-09-23,2.56,2.3838,0.0702,-0.6136,0.9513,-0.2317,0.5363,0.77,1.79,1.0215,1.4972,0.5457,0
2010-09-24,2.62,2.3972,0.0754,-0.6131,0.9982,-0.2377,0.5336,0.81,1.81,1.0736,1.5738,0.5733,0
2010-09-27,2.54,2.3765,0.0679,-0.6226,0.9309,-0.2126,0.553,0.79,1.75,0.9988,1.4649,0.5326,0
2010-09-28,2.48,2.3578,0.0608,-0.6232,0.8872,-0.2026,0.5099,0.69,1.79,0.948,1.4018,0.4943,0
2010-09-29,2.52,2.368,0.0643,-0.6182,0.9086,-0.2027,0.5308,0.74,1.78,0.9729,1.432,0.5137,0
2010-09-30,2.53,2.3699,0.0652,-0.6237,0.923,-0.2043,0.5334,0.75,1.78,0.9882,1.4578,0.5185,0
2010-10-01,2.54,2.372,0.0658,-0.6314,0.9371,-0.2035,0.5197,0.75,1.79,1.0029,1.4833,0.5225,0
2010-10-04,2.5,2.3643,0.0629,-0.6415,0.9151,-0.2007,0.5143,0.72,1.78,0.978,1.4489,0.5071,0
2010-10-05,2.5,2.3608,0.0618,-0.6527,0.9241,-0.1941,0.4611,0.65,1.85,0.9859,1.4709,0.501,0
2010-10-06,2.41,2.3412,0.0549,-0.6534,0.8605,-0.1931,0.3969,0.52,1.89,0.9154,1.3675,0.4632,0
2010-10-07,2.41,2.3444,0.0558,-0.672,0.8823,-0.2005,0.4083,0.53,1.88,0.9381,1.4071,0.4691,0
2010-10-08,2.41,2.3417,0.055,-0.6781,0.8868,-0.1953,0.3496,0.45,1.96,0.9418,1.419,0.4645,0
2010-10-12,2.44,2.3522,0.0583,-0.6804,0.9043,-0.1944,0.3597,0.49,1.95,0.9626,1.4415,0.4836,0
2010-10-13,2.46,2.3532,0.0583,-0.6894,0.9265,-0.1886,0.3012,0.44,2.02,0.9848,1.4851,0.4844,0
2010-10-14,2.52,2.3676,0.0637,-0.6811,0.9611,-0.1913,0.2403,0.41,2.11,1.0248,1.5362,0.5134,0
2010-10-15,2.59,2.3903,0.0718,-0.7064,1.0437,-0.2094,0.2769,0.5,2.09,1.1155,1.6726,0.5584,0
2010-10-18,2.52,2.3751,0.0657,-0.7204,0.9972,-0.1976,0.292,0.47,2.05,1.0629,1.599,0.5268,0
2010-10-19,2.5,2.367,0.0624,-0.7195,0.9763,-0.1862,0.2902,0.44,2.06,1.0387,1.5676,0.5097,0
2010-10-20,2.51,2.3691,0.0633,-0.7226,0.987,-0.1868,0.3097,0.47,2.04,1.0503,1.5862,0.5144,0
2010-10-21,2.57,2.3841,0.0685,-0.7213,1.0426,-0.2038,0.291,0.5,2.07,1.1111,1.6791,0.5431,0
2010-10-22,2.59,2.3895,0.0704,-0.7191,1.0518,-0.2026,0.2764,0.5,2.09,1.1222,1.6906,0.5537,0
2010-10-25,2.59,2.3869,0.0698,-0.6998,1.0257,-0.1926,0.2387,0.45,2.14,1.0955,1.6419,0.5491,0
2010-10-26,2.67,2.4096,0.0782,-0.6925,1.0868,-0.2121,0.2459,0.52,2.15,1.165,1.7357,0.5943,0
2010-10-27,2.75,2.4298,0.0858,-0.6858,1.1366,-0.2163,0.2898,0.62,2.13,1.2224,1.8097,0.635,0
2010-10-28,2.69,2.4149,0.0802,-0.7233,1.1325,-0.2143,0.2894,0.57,2.12,1.2127,1.8196,0.6058,0
2010-10-29,2.63,2.4008,0.0749,-0.7393,1.1056,-0.212,0.2882,0.5,2.13,1.1805,1.783,0.578,0
2010-11-01,2.66,2.4059,0.0766,-0.7482,1.1344,-0.2087,0.2701,0.49,2.17,1.211,1.8338,0.5881,0
2010-11-02,2.63,2.3963,0.0732,-0.74,1.0828,-0.1823,0.2853,0.49,2.14,1.156,1.7429,0.5691,0
2010-11-03,2.67,2.4028,0.075,-0.7805,1.1465,-0.1738,0.2712,0.5,2.17,1.2215,1.8621,0.5809,0
2010-11-04,2.53,2.3717,0.0632,-0.7888,1.0231,-0.1392,0.2867,0.44,2.09,1.0863,1.6548,0.5177,0
2010-11-05,2.58,2.3793,0.0661,-0.7702,1.0336,-0.1289,0.2657,0.48,2.1,1.0997,1.6667,0.5328,0
2010-11-08,2.6,2.3804,0.067,-0.7552,1.0138,-0.106,0.257,0.48,2.12,1.0808,1.6257,0.5359,0
2010-11-09,2.72,2.4081,0.0776,-0.7263,1.0682,-0.1076,0.2675,0.58,2.14,1.1458,1.6998,0.5918,0
2010-11-10,2.65,2.3975,0.0742,-0.7437,1.053,-0.131,0.2586,0.56,2.09,1.1272,1.682,0.5724,0
2010-11-12,2.76,2.4232,0.0836,-0.705,1.0854,-0.1273,0.3035,0.71,2.05,1.169,1.7156,0.6225,0
2010-11-15,2.92,2.4636,0.0984,-0.6838,1.1999,-0.1581,0.3452,0.87,2.05,1.2983,1.8948,0.7018,0
2010-11-16,2.85,2.4491,0.0936,-0.6715,1.1397,-0.161,0.3888,0.87,1.98,1.2333,1.7922,0.6745,0
2010-11-17,2.89,2.4566,0.0963,-0.6776,1.2001,-0.1855,0.3489,0.84,2.05,1.2964,1.9034,0.6895,0
2010-11-18,2.9,2.4644,0.099,-0.677,1.2218,-0.2082,0.3248,0.83,2.07,1.3208,1.9369,0.7048,0
2010-11-19,2.88,2.4588,0.0975,-0.6541,1.1747,-0.197,0.3019,0.77,2.11,1.2722,1.8499,0.6946,0
2010-11-22,2.8,2.4402,0.0902,-0.6792,1.153,-0.2042,0.2838,0.7,2.1,1.2432,1.8298,0.6567,0
2010-11-23,2.77,2.4338,0.0874,-0.6873,1.1372,-0.2012,0.2971,0.69,2.08,1.2246,1.8064,0.6428,0
2010-11-24,2.93,2.4719,0.1014,-0.6536,1.221,-0.2107,0.3002,0.8,2.13,1.3224,1.9272,0.7176,0
2010-11-26,2.87,2.459,0.0968,-0.6544,1.1814,-0.2128,0.2899,0.75,2.12,1.2782,1.8641,0.6924,0
2010-11-29,2.84,2.4506,0.0937,-0.6475,1.1526,-0.2094,0.2906,0.73,2.11,1.2463,1.8169,0.6757,0
2010-11-30,2.81,2.4452,0.0915,-0.6608,1.1532,-0.219,0.3225,0.74,2.07,1.2447,1.8247,0.6646,0
2010-12-01,2.97,2.4834,0.106,-0.6249,1.2344,-0.229,0.3214,0.83,2.14,1.3404,1.9397,0.7412,0
2010-12-02,3.01,2.4919,0.11,-0.6108,1.2432,-0.2243,0.3053,0.84,2.17,1.3532,1.9455,0.761,0
2010-12-03,3.03,2.4981,0.1122,-0.6408,1.2993,-0.2389,0.31,0.86,2.17,1.4115,2.0489,0.7741,0
2010-12-06,2.95,2.4808,0.1054,-0.6757,1.283,-0.2435,0.2952,0.79,2.16,1.3884,2.0376,0.7391,0
2010-12-07,3.15,2.5331,0.1243,-0.6317,1.3964,-0.2722,0.2956,0.92,2.23,1.5207,2.2002,0.8412,0
2010-12-08,3.26,2.5623,0.1359,-0.6111,1.4462,-0.2732,0.3434,1.07,2.19,1.5821,2.2623,0.9018,0
2010-12-09,3.23,2.5581,0.1354,-0.582,1.3959,-0.2775,0.3692,1.09,2.14,1.5313,2.1665,0.8961,0
2010-12-10,3.32,2.5749,0.1422,-0.5599,1.4423,-0.2795,0.3873,1.16,2.16,1.5845,2.2379,0.931,0
2010-12-13,3.29,2.5645,0.1382,-0.5843,1.4524,-0.2808,0.3653,1.11,2.18,1.5906,2.271,0.9103,0
2010-12-14,3.49,2.6118,0.1551,-0.5608,1.5703,-0.2864,0.3833,1.27,2.22,1.7254,2.4487,1.0021,0
2010-12-15,3.53,2.621,0.1587,-0.5628,1.6067,-0.2936,0.3213,1.22,2.31,1.7654,2.5096,1.0212,0
2010-12-16,3.47,2.6058,0.1534,-0.5738,1.5553,-0.2707,0.3021,1.15,2.32,1.7087,2.4251,0.9924,0
2010-12-17,3.33,2.5767,0.143,-0.5824,1.4724,-0.2797,0.2915,1.05,2.28,1.6154,2.2949,0.936,0
2010-12-20,3.36,2.5799,0.1438,-0.5777,1.4781,-0.2641,0.2972,1.07,2.29,1.6219,2.3031,0.9407,0
2010-12-21,3.35,2.5764,0.1426,-0.5672,1.4525,-0.2543,0.2862,1.06,2.29,1.5951,2.2567,0.9336,0
2010-12-22,3.36,2.5797,0.1436,-0.5568,1.4539,-0.2604,0.2662,1.03,2.33,1.5975,2.2556,0.9393,0
2010-12-23,3.41,2.5923,0.1488,-0.5391,1.4707,-0.2627,0.2712,1.08,2.33,1.6195,2.2734,0.9657,0
2010-12-27,3.36,2.5783,0.1434,-0.5255,1.4125,-0.2487,0.2764,1.06,2.3,1.5559,2.1756,0.9362,0
2010-12-28,3.5,2.6094,0.155,-0.5128,1.5026,-0.2542,0.3022,1.17,2.33,1.6576,2.3168,0.9984,0
2010-12-29,3.35,2.5745,0.1427,-0.5421,1.4262,-0.2513,0.2851,1.06,2.29,1.5689,2.2061,0.9317,0
2010-12-30,3.38,2.5816,0.1449,-0.5352,1.4407,-0.252,0.2895,1.08,2.3,1.5856,2.2267,0.9446,0
2010-12-31,3.3,2.5636,0.1386,-0.5356,1.3865,-0.253,0.2746,1.0,2.3,1.5251,2.14,0.9101,0
2011-01-03,3.36,2.5739,0.1422,-0.5439,1.4316,-0.2438,0.2797,1.05,2.31,1.5738,2.2175,0.9301,0
2011-01-04,3.36,2.5742,0.1421,-0.5547,1.4429,-0.2446,0.2446,1.01,2.35,1.585,2.2397,0.9303,0
2011-01-05,3.5,2.6081,0.1548,-0.5328,1.5209,-0.2511,0.2202,1.08,2.42,1.6757,2.3539,0.9975,0
2011-01-06,3.44,2.595,0.1505,-0.5448,1.4822,-0.2429,0.1955,1.03,2.41,1.6327,2.2917,0.9737,0
2011-01-07,3.34,2.575,0.1428,-0.5844,1.4625,-0.256,0.1966,0.98,2.36,1.6053,2.2768,0.9338,0
2011-01-10,3.32,2.5688,0.1399,-0.5948,1.4512,-0.245,0.1874,0.96,2.36,1.5911,2.2624,0.9198,0
2011-01-11,3.37,2.5805,0.1436,-0.5856,1.4828,-0.2513,0.1568,0.97,2.4,1.6264,2.312,0.9409,0
2011-01-12,3.4,2.5838,0.145,-0.5929,1.4894,-0.2252,0.1515,0.98,2.42,1.6344,2.3205,0.9482,0
2011-01-13,3.34,2.574,0.1412,-0.6164,1.48,-0.2388,0.1692,0.97,2.37,1.6212,2.3137,0.9287,0
2011-01-14,3.35,2.5797,0.1431,-0.6119,1.4908,-0.2518,0.1814,1.0,2.35,1.6339,2.3287,0.9392,0
2011-01-18,3.39,2.5876,0.1457,-0.6088,1.5139,-0.2484,0.1713,0.99,2.4,1.6596,2.3655,0.9537,0
2011-01-19,3.37,2.5838,0.1441,-0.6138,1.5053,-0.2495,0.1776,0.99,2.38,1.6494,2.353,0.9459,0
2011-01-20,3.47,2.6111,0.1542,-0.5956,1.5587,-0.2585,0.2374,1.22,2.25,1.7129,2.4261,0.9998,0
2011-01-21,3.44,2.6019,0.1513,-0.5937,1.5337,-0.2532,0.2298,1.2,2.24,1.685,2.3871,0.9829,0
2011-01-24,3.43,2.5971,0.1499,-0.5938,1.5231,-0.2463,0.2165,1.18,2.25,1.673,2.3713,0.9746,0
2011-01-25,3.35,2.5758,0.1422,-0.596,1.4613,-0.2333,0.1974,1.11,2.24,1.6035,2.2741,0.9329,0
2011-01-26,3.45,2.5991,0.1504,-0.5998,1.5438,-0.2434,0.192,1.16,2.29,1.6942,2.4102,0.9781,0
2011-01-27,3.42,2.5947,0.1489,-0.6195,1.5388,-0.2429,0.2157,1.16,2.26,1.6877,2.4048,0.9705,0
2011-01-28,3.36,2.5776,0.1431,-0.6251,1.4935,-0.2292,0.1879,1.09,2.27,1.6366,2.3346,0.9387,0
2011-01-31,3.42,2.5916,0.1475,-0.6262,1.5443,-0.2372,0.1535,1.08,2.34,1.6918,2.4199,0.9637,0
2011-02-01,3.48,2.6077,0.1531,-0.6118,1.5707,-0.2398,0.1376,1.11,2.37,1.7238,2.4536,0.9941,0
2011-02-02,3.52,2.6174,0.1571,-0.581,1.5527,-0.2262,0.1585,1.16,2.36,1.7098,2.4055,1.0141,0
2011-02-03,3.58,2.6303,0.1625,-0.5581,1.572,-0.2267,0.1889,1.23,2.35,1.7345,2.4276,1.0413,0
2011-02-04,3.68,2.6507,0.1708,-0.532,1.6137,-0.2232,0.1962,1.3,2.38,1.7845,2.4854,1.0836,0
2011-02-07,3.68,2.6502,0.1712,-0.5212,1.6019,-0.2221,0.2084,1.32,2.36,1.7731,2.4619,1.0843,0
2011-02-08,3.75,2.6661,0.1777,-0.4852,1.6125,-0.2212,0.2317,1.39,2.36,1.7902,2.4633,1.1172,0
2011-02-09,3.65,2.6468,0.1711,-0.4872,1.5607,-0.2414,0.2351,1.34,2.31,1.7318,2.3829,1.0806,0
2011-02-10,3.7,2.6564,0.1755,-0.4696,1.5656,-0.2279,0.2613,1.39,2.31,1.7411,2.3799,1.1023,0
2011-02-11,3.64,2.6414,0.1707,-0.46,1.5112,-0.2234,0.2765,1.36,2.28,1.6819,2.2895,1.0744,0
2011-02-14,3.62,2.6329,0.1678,-0.4488,1.4877,-0.2196,0.2751,1.34,2.28,1.6555,2.2535,1.0575,0
2011-02-15,3.61,2.6277,0.1658,-0.4474,1.477,-0.2131,0.2737,1.33,2.28,1.6428,2.2386,1.0471,0
2011-02-16,3.62,2.6305,0.1672,-0.4462,1.4825,-0.2139,0.2911,1.37,2.25,1.6497,2.2455,1.0538,0
2011-02-17,3.58,2.6205,0.1638,-0.4663,1.4812,-0.2192,0.2769,1.31,2.27,1.645,2.2543,1.0356,0
2011-02-18,3.59,2.6228,0.1643,-0.4698,1.4995,-0.2268,0.2137,1.25,2.34,1.6638,2.2883,1.0394,0
2011-02-22,3.46,2.5935,0.1529,-0.5042,1.4422,-0.2244,0.1619,1.12,2.34,1.5951,2.2106,0.9796,0
2011-02-23,3.49,2.6006,0.1551,-0.4895,1.4477,-0.2238,0.1276,1.1,2.39,1.6028,2.2134,0.9921,0
2011-02-24,3.46,2.5934,0.1524,-0.484,1.4139,-0.2157,0.1054,1.05,2.41,1.5663,2.155,0.9776,0
2011-02-25,3.42,2.586,0.1497,-0.4893,1.3978,-0.2242,0.0985,1.02,2.4,1.5475,2.132,0.963,0
2011-02-28,3.42,2.5852,0.1485,-0.5016,1.4103,-0.2223,0.118,1.03,2.39,1.5588,2.159,0.9585,0
2011-03-01,3.41,2.5828,0.1478,-0.5094,1.4163,-0.2276,0.0963,1.0,2.41,1.5641,2.1733,0.9549,0
2011-03-02,3.46,2.5963,0.1524,-0.5032,1.447,-0.2325,0.0758,1.01,2.45,1.5994,2.2186,0.9803,0
2011-03-03,3.58,2.6239,0.1632,-0.4686,1.4838,-0.2223,0.0751,1.09,2.49,1.647,2.2574,1.0365,0
2011-03-04,3.49,2.6028,0.1557,-0.5037,1.4651,-0.2299,0.0537,1.0,2.49,1.6208,2.2453,0.9963,0
2011-03-07,3.51,2.6078,0.1572,-0.5012,1.4756,-0.2294,0.0397,1.0,2.51,1.6328,2.2603,1.0053,0
2011-03-08,3.56,2.6186,0.1612,-0.5054,1.513,-0.2274,0.021,1.01,2.55,1.6742,2.3218,1.0266,0
2011-03-09,3.48,2.6035,0.1557,-0.5247,1.476,-0.2305,0.0356,0.98,2.5,1.6317,2.2656,0.9977,0
2011-03-10,3.37,2.5787,0.1466,-0.5524,1.4372,-0.2401,0.0321,0.91,2.46,1.5838,2.2186,0.9491,0
2011-03-11,3.4,2.5875,0.1497,-0.5586,1.467,-0.2457,0.0627,0.96,2.44,1.6167,2.2671,0.9664,0
2011-03-14,3.36,2.5769,0.1453,-0.578,1.4561,-0.2404,0.0629,0.93,2.43,1.6014,2.2588,0.944,0
2011-03-15,3.33,2.57,0.1425,-0.572,1.4222,-0.2326,0.0744,0.93,2.4,1.5647,2.2002,0.9292,0
2011-03-16,3.22,2.5424,0.132,-0.5991,1.3746,-0.2299,0.0649,0.85,2.37,1.5066,2.1394,0.8739,0
2011-03-17,3.25,2.5485,0.1342,-0.5893,1.3878,-0.2312,0.0223,0.82,2.43,1.522,2.1588,0.8852,0
2011-03-18,3.28,2.5588,0.1381,-0.5688,1.3864,-0.2345,0.0266,0.85,2.43,1.5245,2.1431,0.9058,0
2011-03-21,3.34,2.5696,0.142,-0.5361,1.3812,-0.2166,0.0414,0.9,2.44,1.5232,2.1205,0.9259,0
2011-03-22,3.34,2.5707,0.1427,-0.531,1.3809,-0.2233,0.0793,0.95,2.39,1.5236,2.1184,0.9289,0
2011-03-23,3.36,2.5735,0.1443,-0.5287,1.3956,-0.2247,0.0977,0.98,2.38,1.5399,2.1434,0.9364,0
2011-03-24,3.42,2.5862,0.1487,-0.5026,1.4207,-0.233,0.0526,0.95,2.47,1.5694,2.1787,0.96,0
2011-03-25,3.46,2.5975,0.1533,-0.4854,1.4211,-0.2265,0.0952,1.02,2.44,1.5744,2.1656,0.9833,0
2011-03-28,3.47,2.5965,0.1532,-0.4641,1.4041,-0.2197,0.093,1.01,2.46,1.5573,2.1331,0.9815,0
2011-03-29,3.5,2.6014,0.1557,-0.4605,1.4205,-0.2171,0.0972,1.03,2.47,1.5762,2.159,0.9933,0
2011-03-30,3.47,2.5935,0.1529,-0.4734,1.4142,-0.2172,0.0932,1.0,2.47,1.5671,2.1558,0.9783,0
2011-03-31,3.47,2.596,0.1538,-0.4553,1.4042,-0.2286,0.0765,0.99,2.48,1.558,2.1328,0.9831,0
2011-04-01,3.46,2.5913,0.1531,-0.4461,1.3783,-0.2165,0.0477,0.94,2.52,1.5314,2.0858,0.9769,0
2011-04-04,3.45,2.5874,0.1523,-0.4696,1.3972,-0.2173,0.0236,0.91,2.54,1.5495,2.127,0.972,0
2011-04-05,3.5,2.6007,0.1568,-0.4414,1.4039,-0.22,0.01,0.94,2.56,1.5607,2.125,0.9965,0
2011-04-06,3.56,2.6162,0.1629,-0.441,1.4451,-0.2232,0.0254,0.99,2.57,1.608,2.1874,1.0286,0
2011-04-07,3.58,2.6207,0.165,-0.4673,1.4897,-0.2281,0.0109,0.99,2.59,1.6547,2.2692,1.0401,0
2011-04-08,3.59,2.6241,0.1664,-0.4609,1.492,-0.2316,-0.0288,0.95,2.64,1.6584,2.2695,1.0473,0
2011-04-11,3.59,2.6264,0.1672,-0.4697,1.4998,-0.2337,-0.0244,0.96,2.63,1.667,2.2821,1.0518,0
2011-04-12,3.52,2.6092,0.1608,-0.4989,1.4829,-0.234,-0.0279,0.9,2.62,1.6437,2.2691,1.0183,0
2011-04-13,3.49,2.6028,0.1582,-0.5042,1.4639,-0.2308,-0.0245,0.88,2.61,1.6221,2.2394,1.0049,0
2011-04-14,3.51,2.6067,0.159,-0.4917,1.4648,-0.2288,-0.0181,0.89,2.62,1.6238,2.2378,1.0099,0
2011-04-15,3.43,2.5887,0.1523,-0.5043,1.4296,-0.2363,-0.0248,0.82,2.61,1.5819,2.1891,0.9747,0
2011-04-18,3.4,2.5815,0.1495,-0.5278,1.4377,-0.241,-0.0246,0.8,2.6,1.5872,2.2139,0.9605,0
2011-04-19,3.39,2.5782,0.1482,-0.525,1.4255,-0.2369,-0.0542,0.76,2.63,1.5737,2.194,0.9535,0
2011-04-20,3.43,2.5922,0.1532,-0.5129,1.4436,-0.2461,-0.0281,0.82,2.61,1.5968,2.2128,0.9808,0
2011-04-21,3.42,2.5888,0.1522,-0.5148,1.4312,-0.2375,-0.0118,0.83,2.59,1.5834,2.1922,0.9747,0
2011-04-25,3.39,2.5789,0.1483,-0.5182,1.4097,-0.2287,-0.0226,0.79,2.6,1.558,2.1619,0.9541,0
2011-04-26,3.34,2.5679,0.1442,-0.5351,1.4001,-0.2371,-0.0338,0.76,2.58,1.5443,2.156,0.9326,0
2011-04-27,3.39,2.5795,0.1481,-0.5472,1.447,-0.2374,-0.0256,0.81,2.58,1.5951,2.2353,0.9548,0
2011-04-28,3.34,2.5705,0.1447,-0.5705,1.4432,-0.2478,-0.0416,0.78,2.56,1.5879,2.2384,0.9373,0
2011-04-29,3.32,2.5651,0.1421,-0.5809,1.4367,-0.243,-0.0675,0.75,2.57,1.5788,2.2328,0.9248,0
2011-05-02,3.31,2.5646,0.142,-0.5862,1.4344,-0.2448,-0.0632,0.75,2.56,1.5764,2.2287,0.9241,0
2011-05-03,3.28,2.5585,0.14,-0.5866,1.4115,-0.2434,-0.0599,0.73,2.55,1.5515,2.19,0.913,0
2011-05-04,3.25,2.5493,0.1375,-0.5791,1.3757,-0.2334,-0.0638,0.7,2.55,1.5132,2.1288,0.8976,0
2011-05-05,3.18,2.5327,0.1314,-0.5951,1.3369,-0.2259,-0.0176,0.7,2.48,1.4683,2.0716,0.865,0
2011-05-06,3.19,2.5327,0.1314,-0.5978,1.35,-0.2263,-0.0084,0.71,2.48,1.4814,2.098,0.8648,0
2011-05-09,3.17,2.5275,0.1293,-0.6058,1.344,-0.225,-0.0233,0.69,2.48,1.4733,2.0924,0.8542,0
2011-05-10,3.23,2.5424,0.1347,-0.5926,1.3715,-0.226,-0.0175,0.74,2.49,1.5062,2.1291,0.8833,0
2011-05-11,3.19,2.536,0.1323,-0.6069,1.3606,-0.232,0.0259,0.76,2.43,1.4929,2.1149,0.8708,0
2011-05-12,3.22,2.5415,0.1342,-0.6015,1.3755,-0.2297,0.0401,0.79,2.43,1.5097,2.1381,0.8813,0
2011-05-13,3.18,2.5324,0.1306,-0.603,1.3458,-0.2258,0.0642,0.79,2.39,1.4764,2.0905,0.8623,0
2011-05-16,3.15,2.5243,0.1277,-0.6105,1.3309,-0.2224,0.0885,0.81,2.34,1.4586,2.0703,0.8468,0
2011-05-17,3.12,2.5172,0.1251,-0.6154,1.3166,-0.2235,0.114,0.82,2.3,1.4417,2.0508,0.8326,0
2011-05-18,3.18,2.5278,0.1288,-0.5891,1.3293,-0.2168,0.0906,0.82,2.36,1.4581,2.0638,0.8524,0
2011-05-19,3.17,2.5287,0.1285,-0.6018,1.3386,-0.224,0.1196,0.91,2.26,1.4671,2.0819,0.8522,0
2011-05-20,3.15,2.5244,0.1267,-0.6107,1.3349,-0.2253,0.1292,0.85,2.3,1.4616,2.0803,0.8429,0
2011-05-23,3.13,2.5181,0.1242,-0.6129,1.3165,-0.2159,0.138,0.84,2.29,1.4407,2.0516,0.8299,0
2011-05-24,3.12,2.5152,0.1227,-0.6056,1.3087,-0.221,0.1095,0.79,2.33,1.4314,2.0401,0.8226,0
2011-05-25,3.13,2.5178,0.1238,-0.6168,1.3262,-0.221,0.1087,0.8,2.33,1.45,2.0715,0.8285,0
2011-05-26,3.07,2.5036,0.1183,-0.6407,1.3054,-0.2166,0.1139,0.76,2.31,1.4237,2.0473,0.8,0
2011-05-27,3.07,2.5066,0.1187,-0.6505,1.3245,-0.2293,0.1223,0.79,2.28,1.4432,2.0827,0.8038,0
2011-05-31,3.05,2.5025,0.1166,-0.662,1.3215,-0.2286,0.1378,0.8,2.25,1.4381,2.0826,0.7936,0
2011-06-01,2.96,2.4798,0.1082,-0.6735,1.259,-0.2134,0.1303,0.74,2.22,1.3672,1.9856,0.7488,0
2011-06-02,3.04,2.4955,0.1138,-0.6693,1.3077,-0.2077,0.1203,0.78,2.26,1.4215,2.0639,0.7791,0
2011-06-03,2.99,2.4865,0.1106,-0.6861,1.2902,-0.2112,0.1037,0.75,2.24,1.4008,2.0393,0.7623,0
2011-06-06,3.01,2.4893,0.1115,-0.6939,1.3044,-0.2013,0.1013,0.76,2.25,1.4159,2.0643,0.7675,0
2011-06-07,3.01,2.4932,0.1124,-0.7005,1.3255,-0.2206,0.0887,0.76,2.25,1.4379,2.102,0.7737,0
2011-06-08,2.98,2.4833,0.1084,-0.7234,1.3055,-0.1939,0.124,0.76,2.22,1.4139,2.0746,0.7533,0
2011-06-09,3.01,2.4942,0.1126,-0.6975,1.3177,-0.217,0.1116,0.8,2.21,1.4303,2.0854,0.7752,0
2011-06-10,2.99,2.4882,0.1106,-0.6999,1.298,-0.2069,0.1283,0.79,2.2,1.4086,2.0532,0.764,0
2011-06-13,3.0,2.4913,0.1116,-0.6971,1.313,-0.2188,0.1291,0.8,2.2,1.4246,2.0798,0.7694,0
2011-06-14,3.11,2.5167,0.1209,-0.6764,1.3745,-0.2257,0.1051,0.83,2.28,1.4954,2.1712,0.8195,0
2011-06-15,2.98,2.488,0.1102,-0.7168,1.3152,-0.2166,0.1215,0.74,2.24,1.4254,2.0877,0.763,0
2011-06-16,2.93,2.4757,0.1055,-0.713,1.2681,-0.2063,0.1441,0.73,2.2,1.3736,2.0095,0.7377,0
2011-06-17,2.94,2.4791,0.1069,-0.7117,1.2816,-0.216,0.1596,0.75,2.19,1.3885,2.0321,0.745,0
2011-06-20,2.97,2.4835,0.1086,-0.7107,1.2947,-0.2061,0.1739,0.79,2.18,1.4033,2.0527,0.754,0
2011-06-21,2.99,2.4897,0.1109,-0.7098,1.3205,-0.2214,0.1561,0.78,2.21,1.4314,2.0963,0.7665,0
2011-06-22,3.01,2.4952,0.1132,-0.7149,1.3341,-0.2177,0.1793,0.82,2.19,1.4473,2.1163,0.7784,0
2011-06-23,2.93,2.4739,0.106,-0.735,1.2943,-0.2092,0.1633,0.71,2.22,1.4003,2.0616,0.7389,0
2011-06-24,2.88,2.4619,0.1012,-0.7566,1.283,-0.2095,0.1355,0.64,2.24,1.3842,2.0539,0.7144,0
2011-06-27,2.95,2.4794,0.1065,-0.7442,1.3147,-0.2065,0.1241,0.67,2.28,1.4212,2.0977,0.7448,0
2011-06-28,3.05,2.507,0.1168,-0.7055,1.3593,-0.2276,0.1147,0.73,2.32,1.4761,2.1535,0.7987,0
2011-06-29,3.14,2.5274,0.1246,-0.693,1.4234,-0.2424,0.0602,0.74,2.4,1.548,2.2557,0.8403,0
2011-06-30,3.18,2.5404,0.13,-0.6821,1.4485,-0.2568,0.0442,0.75,2.43,1.5785,2.2887,0.8683,0
2011-07-01,3.22,2.5507,0.1343,-0.6653,1.458,-0.2576,0.0418,0.77,2.45,1.5923,2.2946,0.89,0
2011-07-05,3.16,2.537,0.1297,-0.7052,1.4546,-0.2561,0.056,0.77,2.39,1.5843,2.3031,0.8654,0
2011-07-06,3.12,2.5275,0.1265,-0.72,1.4386,-0.2526,0.0508,0.74,2.38,1.5651,2.2821,0.8482,0
2011-07-07,3.17,2.5393,0.1309,-0.6881,1.4412,-0.2532,0.0301,0.75,2.42,1.5721,2.2733,0.8708,0
2011-07-08,3.03,2.5069,0.1188,-0.7321,1.3833,-0.2469,0.0576,0.69,2.34,1.5021,2.1973,0.8068,0
2011-07-11,2.94,2.4857,0.1104,-0.7443,1.336,-0.2479,0.0462,0.63,2.31,1.4464,2.1297,0.7631,0
2011-07-12,2.92,2.4764,0.1067,-0.7448,1.307,-0.2253,0.0402,0.6,2.32,1.4137,2.0838,0.7436,0
2011-07-13,2.92,2.4722,0.1056,-0.7455,1.2949,-0.2072,0.049,0.59,2.33,1.4005,2.064,0.737,0
2011-07-14,2.98,2.4892,0.112,-0.7437,1.3402,-0.2176,0.0857,0.68,2.3,1.4522,2.1333,0.771,0
2011-07-15,2.94,2.4796,0.1085,-0.7547,1.3256,-0.2191,0.0546,0.61,2.33,1.4341,2.116,0.7523,0
2011-07-18,2.94,2.4802,0.1081,-0.7673,1.3412,-0.2223,0.0295,0.58,2.36,1.4493,2.147,0.7517,0
2011-07-19,2.91,2.4698,0.1041,-0.747,1.2806,-0.1976,0.0247,0.54,2.37,1.3847,2.0398,0.7297,0
2011-07-20,2.96,2.4826,0.1085,-0.7405,1.3218,-0.2125,0.0433,0.62,2.34,1.4303,2.1069,0.7538,0
2011-07-21,3.03,2.4999,0.1146,-0.7271,1.367,-0.2243,0.0277,0.68,2.35,1.4816,2.1761,0.787,0
2011-07-22,2.99,2.4893,0.1107,-0.7301,1.333,-0.213,0.0079,0.61,2.38,1.4437,2.1212,0.7663,0
2011-07-25,3.03,2.496,0.1131,-0.7256,1.358,-0.2116,-0.0377,0.58,2.45,1.4711,2.1636,0.7787,0
2011-07-26,2.99,2.488,0.1097,-0.7376,1.3355,-0.2056,-0.0163,0.57,2.42,1.4452,2.129,0.7614,0
2011-07-27,3.01,2.4913,0.1105,-0.7234,1.3312,-0.1996,-0.0271,0.56,2.45,1.4417,2.1172,0.7662,0
2011-07-28,2.98,2.485,0.1078,-0.7219,1.3218,-0.2127,-0.0492,0.52,2.46,1.4296,2.1067,0.7525,0
2011-07-29,2.82,2.4433,0.0913,-0.7546,1.2318,-0.1918,-0.0687,0.38,2.44,1.3231,1.9803,0.6659,0
2011-08-01,2.77,2.432,0.0865,-0.7471,1.1885,-0.1899,-0.0799,0.33,2.44,1.275,1.9089,0.641,0
2011-08-02,2.66,2.4055,0.0776,-0.7555,1.1072,-0.1748,-0.0475,0.29,2.37,1.1848,1.7781,0.5915,0
2011-08-03,2.64,2.4016,0.0779,-0.7413,1.0728,-0.171,0.0282,0.36,2.28,1.1507,1.7116,0.5898,0
2011-08-04,2.47,2.3556,0.0627,-0.7532,0.9548,-0.1499,0.0335,0.24,2.23,1.0175,1.5307,0.5043,0
2011-08-05,2.58,2.3806,0.0721,-0.7291,1.0273,-0.1709,0.0525,0.32,2.26,1.0994,1.6443,0.5545,0
2011-08-08,2.4,2.3378,0.0564,-0.7178,0.8795,-0.1559,0.0424,0.2,2.2,0.9359,1.4029,0.4689,0
2011-08-09,2.2,2.2857,0.0374,-0.7478,0.7674,-0.1426,-0.0138,0.0,2.2,0.8048,1.2431,0.3664,0
2011-08-10,2.17,2.2746,0.0334,-0.7159,0.7193,-0.1414,-0.1018,-0.13,2.3,0.7527,1.1617,0.3437,0
2011-08-11,2.34,2.3217,0.0497,-0.7373,0.878,-0.1721,-0.0538,0.06,2.28,0.9277,1.4213,0.4341,0
2011-08-12,2.24,2.3001,0.0419,-0.7392,0.7948,-0.1576,-0.0495,-0.02,2.26,0.8367,1.2812,0.3921,0
2011-08-15,2.29,2.311,0.0456,-0.7378,0.8274,-0.1563,-0.0096,0.06,2.23,0.873,1.3336,0.4124,0
2011-08-16,2.23,2.2981,0.0411,-0.7477,0.7926,-0.1541,0.025,0.05,2.18,0.8337,1.2797,0.3878,0
2011-08-17,2.17,2.2784,0.0344,-0.7362,0.7209,-0.1275,0.0402,0.01,2.16,0.7553,1.1602,0.3503,0
2011-08-18,2.08,2.26,0.0283,-0.7215,0.6367,-0.1235,0.1411,0.09,1.99,0.665,1.0144,0.3156,0
2011-08-19,2.07,2.2468,0.0245,-0.6902,0.6005,-0.1116,0.1051,0.02,2.05,0.625,0.9581,0.2919,0
2011-08-22,2.1,2.2524,0.0269,-0.6808,0.6179,-0.1164,0.0974,0.03,2.07,0.6448,0.9854,0.3041,0
2011-08-23,2.15,2.2651,0.0316,-0.6919,0.6589,-0.1137,0.1557,0.13,2.02,0.6905,1.0512,0.3297,0
2011-08-24,2.29,2.3017,0.045,-0.6998,0.7857,-0.1425,0.1916,0.25,2.04,0.8307,1.2591,0.4022,0
2011-08-25,2.23,2.286,0.0394,-0.715,0.7499,-0.1303,0.1392,0.13,2.1,0.7893,1.2061,0.3724,0
2011-08-26,2.19,2.2805,0.0374,-0.7293,0.7376,-0.1362,0.1663,0.15,2.04,0.775,1.1879,0.3621,0
2011-08-29,2.28,2.3012,0.0439,-0.7292,0.8057,-0.1416,0.1791,0.22,2.06,0.8496,1.3001,0.3991,0
2011-08-30,2.19,2.2791,0.0356,-0.7253,0.726,-0.1255,0.1599,0.14,2.05,0.7616,1.1685,0.3548,0
2011-08-31,2.23,2.2912,0.0398,-0.7311,0.7773,-0.1472,0.1481,0.18,2.05,0.8171,1.2562,0.378,0
2011-09-01,2.15,2.2709,0.0325,-0.7302,0.7091,-0.1323,0.113,0.07,2.08,0.7416,1.1452,0.338,0
2011-09-02,2.02,2.2382,0.0209,-0.6925,0.5604,-0.107,0.1187,0.0,2.02,0.5813,0.8891,0.2736,0
2011-09-06,1.98,2.2274,0.0168,-0.675,0.5213,-0.1105,0.1827,0.05,1.93,0.5381,0.8254,0.2508,0
2011-09-07,2.05,2.2414,0.0221,-0.6752,0.5867,-0.125,0.1776,0.09,1.96,0.6088,0.9381,0.2794,0
2011-09-08,2.0,2.2289,0.0175,-0.6776,0.5532,-0.1219,0.1271,0.0,2.0,0.5707,0.887,0.2543,0
2011-09-09,1.93,2.2139,0.0127,-0.6867,0.5048,-0.1147,0.1375,-0.03,1.96,0.5175,0.8082,0.2268,0
2011-09-12,1.94,2.2165,0.0138,-0.6609,0.4862,-0.1155,0.1646,0.0,1.94,0.5,0.7678,0.2321,0
2011-09-13,2.0,2.2287,0.0184,-0.6671,0.5371,-0.1171,0.1928,0.07,1.93,0.5555,0.8542,0.2569,0
2011-09-14,2.03,2.2356,0.0216,-0.6644,0.5527,-0.1155,0.2226,0.12,1.91,0.5743,0.8755,0.2731,0
2011-09-15,2.09,2.2503,0.0271,-0.6646,0.6139,-0.1367,0.1952,0.13,1.96,0.641,0.9791,0.3029,0
2011-09-16,2.08,2.2506,0.0275,-0.6698,0.6127,-0.141,0.1892,0.13,1.95,0.6402,0.9755,0.3048,0
2011-09-19,1.97,2.2252,0.0177,-0.6816,0.5328,-0.1241,0.2238,0.09,1.88,0.5505,0.8483,0.2526,0
2011-09-20,1.95,2.2182,0.0152,-0.6696,0.5148,-0.1285,0.1992,0.04,1.91,0.53,0.8211,0.2388,0
2011-09-21,1.88,2.2014,0.0094,-0.628,0.4094,-0.1122,0.205,0.02,1.86,0.4188,0.6323,0.2053,0
2011-09-22,1.72,2.1614,-0.0042,-0.6151,0.265,-0.0871,0.2992,0.01,1.71,0.2608,0.3927,0.1288,0
2011-09-23,1.84,2.1839,0.0046,-0.5922,0.3507,-0.107,0.3369,0.1,1.74,0.3553,0.5357,0.1749,0
2011-09-26,1.91,2.1995,0.0105,-0.5905,0.4092,-0.1187,0.3148,0.12,1.79,0.4197,0.6332,0.2062,0
2011-09-27,2.0,2.2215,0.0181,-0.5966,0.4883,-0.1313,0.2676,0.12,1.88,0.5064,0.7643,0.2486,0
2011-09-28,2.03,2.2308,0.0214,-0.6083,0.5101,-0.1239,0.2774,0.16,1.87,0.5315,0.796,0.2669,0
2011-09-29,1.99,2.2239,0.0186,-0.6008,0.4742,-0.1259,0.3008,0.17,1.82,0.4928,0.7335,0.2521,0
2011-09-30,1.92,2.2085,0.0128,-0.5918,0.4166,-0.1261,0.3286,0.17,1.75,0.4294,0.6382,0.2206,0
2011-10-03,1.8,2.175,0.0008,-0.579,0.3122,-0.109,0.3201,0.07,1.73,0.313,0.4716,0.1544,0
2011-10-04,1.81,2.1753,0.0015,-0.565,0.3135,-0.1153,0.3118,0.05,1.76,0.315,0.473,0.157,0
2011-10-05,1.92,2.1985,0.0107,-0.5629,0.391,-0.1173,0.317,0.12,1.8,0.4017,0.5982,0.2052,0
2011-10-06,2.01,2.2178,0.0179,-0.5643,0.458,-0.1194,0.2741,0.13,1.88,0.4759,0.7077,0.2442,0
2011-10-07,2.1,2.2415,0.0265,-0.5558,0.5168,-0.129,0.2527,0.16,1.94,0.5433,0.796,0.2906,0
2011-10-11,2.18,2.2627,0.0338,-0.558,0.5749,-0.1334,0.2618,0.23,1.95,0.6087,0.886,0.3315,0
2011-10-12,2.24,2.2789,0.0394,-0.5742,0.6423,-0.1464,0.2563,0.26,1.98,0.6817,1.0007,0.3626,0
2011-10-13,2.19,2.2716,0.0366,-0.5927,0.6215,-0.1471,0.2859,0.27,1.92,0.6581,0.9679,0.3484,0
2011-10-14,2.26,2.2856,0.0409,-0.6049,0.6873,-0.1488,0.2729,0.28,1.98,0.7282,1.0824,0.3739,0
2011-10-17,2.18,2.2695,0.0348,-0.6036,0.6213,-0.142,0.2695,0.24,1.94,0.6561,0.9709,0.3413,0
2011-10-18,2.19,2.2707,0.0347,-0.6093,0.6393,-0.1454,0.2437,0.22,1.97,0.674,1.0062,0.3419,0
2011-10-19,2.18,2.2686,0.0341,-0.6173,0.6294,-0.1348,0.257,0.23,1.95,0.6635,0.9887,0.3383,0
2011-10-20,2.2,2.2726,0.0354,-0.6169,0.6466,-0.1376,0.2521,0.22,1.98,0.682,1.0179,0.346,0
2011-10-21,2.23,2.2816,0.0388,-0.6286,0.6832,-0.1449,0.2372,0.23,2.0,0.722,1.0793,0.3647,0
2011-10-24,2.25,2.2877,0.041,-0.6203,0.692,-0.1504,0.2197,0.23,2.02,0.733,1.0898,0.3761,0
2011-10-25,2.14,2.2582,0.0303,-0.627,0.6055,-0.127,0.1899,0.12,2.02,0.6358,0.9536,0.318,0
2011-10-26,2.23,2.2781,0.0374,-0.6126,0.6655,-0.1384,0.1691,0.15,2.08,0.7029,1.049,0.3568,0
2011-10-27,2.42,2.3253,0.0542,-0.6225,0.8254,-0.1624,0.137,0.24,2.18,0.8796,1.3103,0.4489,0
2011-10-28,2.34,2.3103,0.0489,-0.6456,0.7757,-0.1493,0.126,0.19,2.15,0.8246,1.2288,0.4205,0
2011-10-31,2.17,2.2685,0.0334,-0.655,0.6527,-0.1296,0.1253,0.08,2.09,0.6861,1.0348,0.3373,0
2011-11-01,2.01,2.2278,0.0189,-0.6411,0.5143,-0.11,0.1142,-0.04,2.05,0.5332,0.8091,0.2574,0
2011-11-02,2.03,2.226,0.0184,-0.6425,0.5333,-0.1052,0.0834,-0.07,2.1,0.5517,0.8489,0.2545,0
2011-11-03,2.09,2.2417,0.0241,-0.6525,0.584,-0.1073,0.1004,0.0,2.09,0.6081,0.9306,0.2856,0
2011-11-04,2.06,2.2342,0.0216,-0.6589,0.5692,-0.1061,0.0623,-0.06,2.12,0.5908,0.9098,0.2718,0
2011-11-07,2.04,2.2276,0.0191,-0.6465,0.5298,-0.0899,0.0449,-0.1,2.14,0.5489,0.8397,0.258,0
2011-11-08,2.1,2.2438,0.0251,-0.6521,0.5867,-0.1035,0.0639,-0.03,2.13,0.6118,0.9329,0.2907,0
2011-11-09,2.0,2.2212,0.0169,-0.6464,0.4952,-0.0869,0.1028,-0.04,2.04,0.5121,0.7784,0.2458,0
2011-11-10,2.04,2.2304,0.0204,-0.6403,0.5398,-0.1103,0.0723,-0.04,2.08,0.5602,0.8559,0.2645,0
2011-11-14,2.04,2.2309,0.0205,-0.6431,0.5354,-0.1037,0.095,-0.01,2.05,0.5559,0.8468,0.2651,0
2011-11-15,2.06,2.2352,0.0218,-0.6393,0.5405,-0.0982,0.1252,0.04,2.02,0.5623,0.8523,0.2723,0
2011-11-16,2.01,2.2232,0.0177,-0.6334,0.4945,-0.092,0.1516,0.05,1.96,0.5122,0.7747,0.2497,0
2011-11-17,1.96,2.2095,0.013,-0.6217,0.4414,-0.0821,0.1868,0.06,1.9,0.4544,0.6857,0.2231,0
2011-11-18,2.01,2.2182,0.0166,-0.5995,0.4665,-0.0918,0.1659,0.05,1.96,0.4831,0.7252,0.241,0
2011-11-21,1.97,2.2104,0.0136,-0.5985,0.435,-0.0905,0.197,0.07,1.9,0.4486,0.6722,0.2251,0
2011-11-22,1.94,2.2015,0.0101,-0.595,0.4159,-0.0926,0.199,0.05,1.89,0.426,0.6456,0.2064,0
2011-11-23,1.89,2.1854,0.0045,-0.5822,0.3569,-0.0746,0.1802,-0.01,1.9,0.3614,0.5481,0.1748,0
2011-11-25,1.97,2.2042,0.011,-0.5814,0.4245,-0.0883,0.1783,0.05,1.92,0.4355,0.6604,0.2106,0
2011-11-28,1.97,2.2049,0.0111,-0.5929,0.4414,-0.0946,0.1529,0.02,1.95,0.4525,0.6931,0.2119,0
2011-11-29,2.0,2.2142,0.0148,-0.5958,0.4714,-0.1045,0.1302,0.01,1.99,0.4862,0.7404,0.232,0
2011-11-30,2.08,2.2351,0.022,-0.6158,0.5567,-0.118,0.0982,0.03,2.05,0.5787,0.8852,0.2723,0
2011-12-01,2.11,2.2458,0.0258,-0.6299,0.5834,-0.115,0.0959,0.06,2.05,0.6092,0.9246,0.2937,0
2011-12-02,2.05,2.2307,0.0201,-0.6304,0.5299,-0.1003,0.0836,0.0,2.05,0.55,0.837,0.263,0
2011-12-05,2.04,2.2286,0.0195,-0.6266,0.5184,-0.0999,0.0776,-0.01,2.05,0.5379,0.8163,0.2594,0
2011-12-06,2.08,2.2393,0.0236,-0.634,0.5659,-0.1148,0.0744,0.01,2.07,0.5895,0.8975,0.2816,0
2011-12-07,2.02,2.2269,0.0186,-0.6482,0.5302,-0.1076,0.084,-0.01,2.03,0.5488,0.8418,0.2559,0
2011-12-08,1.99,2.2183,0.0155,-0.6539,0.5003,-0.0903,0.1259,0.01,1.98,0.5158,0.7925,0.2392,0
2011-12-09,2.07,2.2358,0.0214,-0.657,0.5721,-0.1023,0.1211,0.05,2.02,0.5935,0.9149,0.2722,0
2011-12-12,2.03,2.2268,0.0182,-0.6539,0.5368,-0.0979,0.0961,-0.01,2.04,0.555,0.8554,0.2545,0
2011-12-13,1.96,2.2095,0.0118,-0.64,0.4648,-0.0861,0.098,-0.05,2.01,0.4766,0.7338,0.2193,0
2011-12-14,1.92,2.1972,0.0079,-0.6175,0.4016,-0.0693,0.1391,-0.04,1.96,0.4095,0.6226,0.1965,0
2011-12-15,1.92,2.1961,0.0078,-0.6139,0.4094,-0.0795,0.156,-0.01,1.93,0.4172,0.6395,0.195,0
2011-12-16,1.86,2.18,0.0023,-0.6155,0.3657,-0.0725,0.151,-0.05,1.91,0.368,0.5713,0.1646,0
2011-12-19,1.82,2.1669,-0.0022,-0.597,0.3123,-0.0601,0.125,-0.12,1.94,0.3101,0.4812,0.1391,0
2011-12-20,1.94,2.1913,0.0069,-0.5997,0.4099,-0.0683,0.0791,-0.1,2.04,0.4168,0.6456,0.1879,0
2011-12-21,1.98,2.2048,0.0118,-0.6006,0.4355,-0.0715,0.0771,-0.07,2.05,0.4473,0.6799,0.2148,0
2011-12-22,1.97,2.2055,0.0125,-0.6025,0.4289,-0.0744,0.0944,-0.07,2.04,0.4414,0.665,0.2178,0
2011-12-23,2.03,2.2198,0.0176,-0.5914,0.4699,-0.0859,0.0743,-0.04,2.07,0.4875,0.7298,0.2453,0
2011-12-27,2.02,2.2203,0.0173,-0.5927,0.4651,-0.09,0.0981,-0.02,2.04,0.4824,0.7203,0.2445,0
2011-12-28,1.93,2.1973,0.0093,-0.5838,0.3846,-0.0774,0.1101,-0.07,2.0,0.3939,0.5877,0.2001,0
2011-12-29,1.91,2.1907,0.0063,-0.5832,0.3692,-0.073,0.1307,-0.05,1.96,0.3755,0.5663,0.1847,0
2011-12-30,1.89,2.1857,0.0044,-0.5983,0.3758,-0.0776,0.1376,-0.07,1.96,0.3802,0.5852,0.1751,0
2012-01-03,1.97,2.204,0.0109,-0.5966,0.4369,-0.0852,0.1148,-0.04,2.01,0.4478,0.6849,0.2107,0
2012-01-04,2.0,2.2117,0.0136,-0.6099,0.4717,-0.0871,0.067,-0.08,2.08,0.4853,0.7447,0.2259,0
2012-01-05,2.02,2.2159,0.0147,-0.6203,0.485,-0.0753,0.0451,-0.1,2.12,0.4997,0.7666,0.2329,0
2012-01-06,1.98,2.2103,0.013,-0.6241,0.4597,-0.0789,0.0559,-0.11,2.09,0.4727,0.722,0.2234,0
2012-01-09,1.98,2.2072,0.0118,-0.6284,0.4586,-0.0692,0.0469,-0.13,2.11,0.4704,0.7235,0.2173,0
2012-01-10,2.0,2.2141,0.0142,-0.6312,0.4785,-0.0756,0.0777,-0.08,2.08,0.4927,0.7547,0.2306,0
2012-01-11,1.93,2.1975,0.0082,-0.6314,0.4269,-0.0712,0.0877,-0.1,2.03,0.4351,0.6722,0.198,0
2012-01-12,1.94,2.2001,0.0088,-0.627,0.4366,-0.0785,0.0901,-0.1,2.04,0.4454,0.6891,0.2016,0
2012-01-13,1.89,2.1861,0.0038,-0.6242,0.3899,-0.0656,0.0836,-0.14,2.03,0.3937,0.6134,0.174,0
2012-01-17,1.87,2.1799,0.0015,-0.6218,0.373,-0.0626,0.067,-0.17,2.04,0.3745,0.5874,0.1615,0
2012-01-18,1.92,2.1907,0.005,-0.6231,0.4122,-0.0648,0.0575,-0.15,2.07,0.4172,0.6528,0.1816,0
2012-01-19,2.01,2.2134,0.0131,-0.6296,0.4913,-0.0782,0.0461,0.0,2.01,0.5044,0.7827,0.226,0
2012-01-20,2.05,2.2279,0.0183,-0.6342,0.5316,-0.0936,0.0444,0.01,2.04,0.5499,0.8452,0.2546,0
2012-01-23,2.09,2.2384,0.022,-0.6418,0.567,-0.0956,0.0383,0.02,2.07,0.589,0.9026,0.2754,0
2012-01-24,2.08,2.2368,0.0213,-0.6462,0.5612,-0.0931,0.0167,-0.01,2.09,0.5825,0.893,0.272,0
2012-01-25,2.01,2.2175,0.014,-0.6707,0.5269,-0.0777,-0.0349,-0.12,2.13,0.5409,0.8484,0.2334,0
2012-01-26,1.96,2.2061,0.0091,-0.6787,0.49,-0.0665,-0.0497,-0.16,2.12,0.4991,0.7896,0.2085,0
2012-01-27,1.93,2.1985,0.0061,-0.6772,0.4593,-0.0567,-0.0543,-0.18,2.11,0.4654,0.7384,0.1925,0
2012-01-30,1.87,2.1838,0.0008,-0.6649,0.4026,-0.0523,-0.0615,-0.24,2.11,0.4034,0.6435,0.1633,0
2012-01-31,1.83,2.1716,-0.0035,-0.6551,0.3623,-0.0453,-0.0723,-0.28,2.11,0.3588,0.5782,0.1393,0
2012-02-01,1.87,2.1796,-0.0009,-0.657,0.4004,-0.0521,-0.0901,-0.28,2.15,0.3995,0.6451,0.1539,0
2012-02-02,1.86,2.1758,-0.0026,-0.6581,0.3833,-0.0384,-0.1021,-0.3,2.16,0.3807,0.6163,0.1451,0
2012-02-03,1.97,2.2033,0.0071,-0.6645,0.4733,-0.0491,-0.0826,-0.21,2.18,0.4804,0.7618,0.1989,0
2012-02-06,1.93,2.1945,0.004,-0.6646,0.4417,-0.0457,-0.1059,-0.26,2.19,0.4457,0.7098,0.1817,0
2012-02-07,2.0,2.2133,0.0105,-0.6593,0.4969,-0.0613,-0.1027,-0.21,2.21,0.5074,0.7972,0.2175,0
2012-02-08,2.01,2.2142,0.0109,-0.6582,0.4928,-0.0497,-0.1059,-0.21,2.22,0.5037,0.7878,0.2196,0
2012-02-09,2.04,2.2237,0.0142,-0.6515,0.5133,-0.0597,-0.0925,-0.17,2.21,0.5275,0.8176,0.2374,0
2012-02-10,1.96,2.2048,0.0074,-0.6485,0.4485,-0.0522,-0.1047,-0.24,2.2,0.4559,0.7116,0.2002,0
2012-02-13,1.99,2.2109,0.0091,-0.6316,0.4619,-0.0602,-0.1189,-0.22,2.21,0.471,0.732,0.21,0
2012-02-14,1.92,2.1952,0.0033,-0.6232,0.4015,-0.0569,-0.1215,-0.27,2.19,0.4048,0.6316,0.178,0
2012-02-15,1.93,2.1965,0.0042,-0.634,0.4219,-0.0586,-0.1167,-0.26,2.19,0.4261,0.6697,0.1824,0
2012-02-16,1.99,2.2107,0.0095,-0.6207,0.4548,-0.0643,-0.1286,-0.24,2.23,0.4643,0.7178,0.2109,0
2012-02-17,2.01,2.2175,0.0122,-0.6263,0.4768,-0.0702,-0.1275,-0.23,2.24,0.489,0.7529,0.2251,0
2012-02-21,2.05,2.2265,0.0155,-0.6192,0.4989,-0.0717,-0.1475,-0.22,2.27,0.5144,0.7858,0.243,0
2012-02-22,2.01,2.2155,0.0117,-0.6255,0.4684,-0.0601,-0.1681,-0.27,2.28,0.4801,0.7384,0.2219,0
2012-02-23,1.99,2.2101,0.0094,-0.6121,0.4397,-0.0571,-0.1942,-0.3,2.29,0.4491,0.6884,0.2097,0
2012-02-24,1.98,2.2091,0.0091,-0.6053,0.4234,-0.0563,-0.1726,-0.29,2.27,0.4325,0.6572,0.2078,0
2012-02-27,1.92,2.1939,0.0038,-0.6081,0.3865,-0.0561,-0.1665,-0.32,2.24,0.3903,0.6024,0.1782,0
2012-02-28,1.94,2.1954,0.0041,-0.6077,0.3977,-0.0494,-0.1781,-0.31,2.25,0.4018,0.6229,0.1806,0
2012-02-29,1.98,2.2054,0.0081,-0.6082,0.4274,-0.0528,-0.1678,-0.28,2.26,0.4355,0.6694,0.2017,0
2012-03-01,2.03,2.2203,0.0135,-0.6204,0.4865,-0.0699,-0.1649,-0.23,2.26,0.5,0.7688,0.2313,0
2012-03-02,1.99,2.2118,0.0105,-0.634,0.4619,-0.0602,-0.1536,-0.24,2.23,0.4724,0.7294,0.2154,0
2012-03-05,2.0,2.2166,0.0115,-0.6237,0.4617,-0.0661,-0.1305,-0.2,2.2,0.4732,0.7242,0.2222,0
2012-03-06,1.96,2.204,0.0072,-0.6281,0.427,-0.0501,-0.1184,-0.21,2.17,0.4342,0.6702,0.1983,0
2012-03-07,1.98,2.2082,0.0086,-0.6168,0.4378,-0.0578,-0.1375,-0.22,2.2,0.4464,0.6873,0.2055,0
2012-03-08,2.03,2.2194,0.0126,-0.6158,0.4722,-0.0584,-0.1571,-0.21,2.24,0.4848,0.7421,0.2275,0
2012-03-09,2.04,2.2232,0.0145,-0.6141,0.48,-0.0637,-0.1836,-0.24,2.28,0.4945,0.7523,0.2367,0
2012-03-12,2.04,2.2229,0.014,-0.6061,0.4686,-0.0593,-0.1906,-0.24,2.28,0.4826,0.7308,0.2344,0
2012-03-13,2.14,2.2457,0.0223,-0.5985,0.5385,-0.0679,-0.2039,-0.2,2.34,0.5608,0.8423,0.2792,0
2012-03-14,2.29,2.287,0.0376,-0.5863,0.6454,-0.0937,-0.1885,-0.07,2.36,0.683,1.0043,0.3616,0
2012-03-15,2.29,2.2878,0.0381,-0.6032,0.6655,-0.0983,-0.1982,-0.08,2.37,0.7036,1.043,0.3643,0
2012-03-16,2.31,2.2935,0.0401,-0.5999,0.6804,-0.1041,-0.202,-0.09,2.4,0.7205,1.0654,0.3755,0
2012-03-19,2.39,2.313,0.0472,-0.591,0.7307,-0.1099,-0.1916,-0.03,2.42,0.7779,1.1419,0.4139,0
2012-03-20,2.38,2.3123,0.0472,-0.5821,0.7147,-0.1121,-0.198,-0.04,2.42,0.7619,1.1106,0.4133,0
2012-03-21,2.31,2.2946,0.041,-0.5918,0.6688,-0.1026,-0.1929,-0.08,2.39,0.7098,1.0406,0.379,0
2012-03-22,2.29,2.2906,0.0396,-0.595,0.6638,-0.1091,-0.1765,-0.08,2.37,0.7034,1.0352,0.3716,0
2012-03-23,2.25,2.2798,0.0357,-0.5938,0.6306,-0.1022,-0.1716,-0.11,2.36,0.6663,0.9822,0.3503,0
2012-03-26,2.26,2.2802,0.0353,-0.6016,0.6402,-0.094,-0.1478,-0.08,2.34,0.6755,1.0015,0.3495,0
2012-03-27,2.2,2.2657,0.0301,-0.6125,0.6068,-0.0901,-0.1589,-0.13,2.33,0.6369,0.9525,0.3214,0
2012-03-28,2.21,2.2687,0.0311,-0.6088,0.6112,-0.0922,-0.1536,-0.11,2.32,0.6423,0.9577,0.3269,0
2012-03-29,2.18,2.2592,0.0277,-0.6114,0.5812,-0.0767,-0.1517,-0.13,2.31,0.6089,0.9095,0.3082,0
2012-03-30,2.23,2.2732,0.0323,-0.6153,0.6361,-0.0963,-0.1561,-0.09,2.32,0.6684,1.0024,0.3343,0
2012-04-02,2.22,2.2706,0.0315,-0.6207,0.6314,-0.0928,-0.1864,-0.14,2.36,0.6629,0.9958,0.33,0
2012-04-03,2.3,2.2913,0.0388,-0.6073,0.6759,-0.0987,-0.1633,-0.06,2.36,0.7147,1.0597,0.3698,0
2012-04-04,2.25,2.2801,0.0351,-0.6243,0.6459,-0.0868,-0.1281,-0.05,2.3,0.681,1.013,0.3491,0
2012-04-05,2.19,2.2653,0.0295,-0.6224,0.6003,-0.0827,-0.1195,-0.08,2.27,0.6298,0.9401,0.3195,0
2012-04-06,2.07,2.2318,0.0173,-0.6315,0.5036,-0.0512,-0.1153,-0.16,2.23,0.5209,0.7886,0.2532,0
2012-04-09,2.06,2.2259,0.0148,-0.6162,0.4821,-0.0466,-0.1153,-0.17,2.23,0.4969,0.754,0.2397,0
2012-04-10,2.01,2.2114,0.0095,-0.6227,0.4542,-0.0424,-0.1359,-0.24,2.25,0.4637,0.7164,0.211,0
2012-04-11,2.05,2.2206,0.0129,-0.62,0.4871,-0.0506,-0.1675,-0.25,2.3,0.5,0.7703,0.2297,0
2012-04-12,2.08,2.2311,0.0167,-0.6282,0.523,-0.0626,-0.1611,-0.22,2.3,0.5397,0.8287,0.2507,0
2012-04-13,2.02,2.217,0.012,-0.6293,0.4728,-0.0524,-0.1584,-0.25,2.27,0.4848,0.7455,0.2241,0
2012-04-16,2.0,2.2112,0.0096,-0.622,0.4494,-0.0482,-0.1504,-0.26,2.26,0.459,0.7065,0.2115,0
2012-04-17,2.03,2.2181,0.0124,-0.6243,0.4851,-0.0613,-0.1622,-0.26,2.29,0.4975,0.7688,0.2262,0
2012-04-18,2.0,2.2135,0.0108,-0.6235,0.4619,-0.0628,-0.1498,-0.26,2.26,0.4727,0.728,0.2174,0
2012-04-19,1.98,2.2087,0.0094,-0.626,0.4403,-0.0523,-0.1097,-0.21,2.19,0.4497,0.6902,0.2091,0
2012-04-20,1.99,2.2085,0.0092,-0.6187,0.4489,-0.0579,-0.1272,-0.24,2.23,0.4581,0.7082,0.208,0
2012-04-23,1.96,2.2001,0.0061,-0.6214,0.4252,-0.05,-0.1323,-0.26,2.22,0.4313,0.6712,0.1913,0
2012-04-24,2.0,2.2079,0.0085,-0.6151,0.4494,-0.0508,-0.1482,-0.25,2.25,0.4579,0.7107,0.2052,0
2012-04-25,2.01,2.2116,0.0098,-0.6249,0.4667,-0.0532,-0.1532,-0.24,2.25,0.4765,0.7405,0.2125,0
2012-04-26,1.98,2.2049,0.007,-0.6236,0.445,-0.0533,-0.1764,-0.29,2.27,0.452,0.7061,0.1978,0
2012-04-27,1.96,2.2014,0.0058,-0.6272,0.4313,-0.0513,-0.1803,-0.3,2.26,0.4371,0.6827,0.1915,0
2012-04-30,1.95,2.1997,0.0049,-0.6269,0.4247,-0.0525,-0.1818,-0.3,2.25,0.4296,0.6723,0.187,0
2012-05-01,1.98,2.2067,0.0073,-0.6244,0.4462,-0.0558,-0.1855,-0.28,2.26,0.4535,0.7066,0.2004,0
2012-05-02,1.96,2.1995,0.0048,-0.6228,0.4179,-0.0394,-0.1811,-0.28,2.24,0.4227,0.6589,0.1864,0
2012-05-03,1.96,2.2009,0.0053,-0.6227,0.4246,-0.0481,-0.1689,-0.27,2.23,0.4299,0.6708,0.1891,0
2012-05-04,1.91,2.1882,0.0011,-0.6252,0.3822,-0.0363,-0.1425,-0.3,2.21,0.3833,0.6012,0.1654,0
2012-05-07,1.92,2.1877,0.0005,-0.6219,0.3855,-0.0318,-0.1321,-0.27,2.19,0.386,0.6088,0.1631,0
2012-05-08,1.88,2.1783,-0.0027,-0.616,0.3513,-0.0309,-0.1325,-0.28,2.16,0.3486,0.5524,0.1448,0
2012-05-09,1.87,2.1756,-0.0037,-0.6108,0.3379,-0.029,-0.1207,-0.27,2.14,0.3342,0.5291,0.1393,0
2012-05-10,1.89,2.1795,-0.0023,-0.6094,0.355,-0.0329,-0.1238,-0.25,2.14,0.3527,0.5585,0.147,0
2012-05-11,1.84,2.1697,-0.0057,-0.6052,0.3166,-0.0354,-0.1109,-0.28,2.12,0.3109,0.4937,0.128,0
2012-05-14,1.78,2.1545,-0.0111,-0.5946,0.2622,-0.031,-0.1139,-0.33,2.11,0.2511,0.4041,0.0981,0
2012-05-15,1.76,2.1473,-0.0134,-0.5795,0.2319,-0.0263,-0.1219,-0.36,2.12,0.2185,0.3526,0.0844,0
2012-05-16,1.76,2.1457,-0.0138,-0.5726,0.2181,-0.0174,-0.0924,-0.33,2.09,0.2043,0.327,0.0817,0
2012-05-17,1.7,2.1288,-0.0197,-0.5456,0.1453,-0.0088,-0.0912,-0.35,2.05,0.1256,0.203,0.0482,0
2012-05-18,1.71,2.1286,-0.0193,-0.5359,0.1486,-0.012,-0.0924,-0.39,2.1,0.1293,0.2094,0.0492,0
2012-05-21,1.75,2.1326,-0.0173,-0.5419,0.1789,-0.0023,-0.1078,-0.41,2.16,0.1616,0.2642,0.059,0
2012-05-22,1.79,2.143,-0.0135,-0.5469,0.2107,-0.0033,-0.1063,-0.38,2.17,0.1972,0.3145,0.0799,0
2012-05-23,1.73,2.1316,-0.0174,-0.5487,0.1664,-0.0019,-0.08,-0.41,2.14,0.149,0.2394,0.0586,0
2012-05-24,1.77,2.1404,-0.0142,-0.5392,0.193,-0.01,-0.0734,-0.37,2.14,0.1788,0.2823,0.0753,0
2012-05-25,1.75,2.1359,-0.0159,-0.5423,0.1788,-0.0065,-0.0619,-0.38,2.13,0.1629,0.2594,0.0663,0
2012-05-29,1.74,2.1338,-0.0166,-0.5384,0.167,-0.0058,-0.0497,-0.37,2.11,0.1504,0.2386,0.0622,0
2012-05-30,1.63,2.1073,-0.0259,-0.5428,0.0876,0.0038,-0.0365,-0.45,2.08,0.0617,0.1122,0.0112,0
2012-05-31,1.59,2.0947,-0.0308,-0.5309,0.0525,0.0045,-0.0542,-0.5,2.09,0.0217,0.0584,-0.015,0
2012-06-01,1.47,2.0651,-0.0407,-0.5142,-0.0626,0.0224,-0.0331,-0.59,2.06,-0.1033,-0.1356,-0.071,0
2012-06-04,1.53,2.076,-0.0366,-0.498,-0.0159,0.0044,-0.0378,-0.56,2.09,-0.0525,-0.0553,-0.0496,0
2012-06-05,1.57,2.0856,-0.0333,-0.5083,0.034,-0.008,-0.0598,-0.56,2.13,0.0007,0.0327,-0.0313,0
2012-06-06,1.66,2.1097,-0.0245,-0.5164,0.1093,-0.0181,-0.0582,-0.5,2.16,0.0848,0.1528,0.0168,0
2012-06-07,1.66,2.1112,-0.0242,-0.5285,0.1101,-0.0087,-0.061,-0.49,2.15,0.0859,0.1528,0.019,0
2012-06-08,1.65,2.1104,-0.0248,-0.5265,0.1029,-0.012,-0.0727,-0.5,2.15,0.0781,0.1396,0.0167,0
2012-06-11,1.6,2.0985,-0.0293,-0.5233,0.0526,0.0016,-0.072,-0.53,2.13,0.0233,0.0543,-0.0078,0
2012-06-12,1.67,2.1157,-0.0232,-0.5124,0.1049,-0.015,-0.0679,-0.48,2.15,0.0817,0.1378,0.0255,0
2012-06-13,1.61,2.0996,-0.0288,-0.5128,0.0452,0.0068,-0.0637,-0.51,2.12,0.0164,0.0384,-0.0056,0
2012-06-14,1.64,2.1083,-0.0256,-0.5083,0.0753,-0.0097,-0.0512,-0.47,2.11,0.0497,0.088,0.0115,0
2012-06-15,1.6,2.0965,-0.0299,-0.5157,0.0544,-0.0052,-0.0963,-0.54,2.14,0.0245,0.0604,-0.0115,0
2012-06-18,1.59,2.0967,-0.03,-0.513,0.045,-0.0087,-0.0894,-0.54,2.13,0.015,0.0418,-0.0117,0
2012-06-19,1.64,2.1058,-0.0265,-0.5165,0.0815,-0.0043,-0.1028,-0.53,2.17,0.055,0.1026,0.0073,0
2012-06-20,1.65,2.1121,-0.0245,-0.5065,0.0844,-0.0155,-0.0988,-0.51,2.16,0.0599,0.1017,0.0182,0
2012-06-21,1.63,2.1086,-0.0255,-0.5088,0.066,-0.0103,-0.038,-0.47,2.1,0.0405,0.069,0.0121,0
2012-06-22,1.69,2.1208,-0.0211,-0.513,0.1184,-0.0152,-0.0179,-0.42,2.11,0.0973,0.1584,0.0363,0
2012-06-25,1.63,2.1064,-0.0265,-0.5123,0.0709,-0.0085,-0.0166,-0.47,2.1,0.0444,0.0817,0.0071,0
2012-06-26,1.66,2.112,-0.0243,-0.5066,0.0864,-0.0075,-0.011,-0.45,2.11,0.0621,0.1055,0.0187,0
2012-06-27,1.65,2.1081,-0.0262,-0.5078,0.0762,-0.0003,-0.0066,-0.45,2.1,0.05,0.0907,0.0092,0
2012-06-28,1.6,2.0965,-0.0305,-0.5087,0.0378,0.0049,0.0062,-0.48,2.08,0.0073,0.0288,-0.0142,0
2012-06-29,1.67,2.1122,-0.0249,-0.5182,0.1066,-0.0056,-0.0193,-0.46,2.13,0.0817,0.1462,0.0172,0
2012-07-02,1.61,2.0969,-0.0301,-0.523,0.051,0.0152,-0.0218,-0.5,2.11,0.0209,0.0535,-0.0117,0
2012-07-03,1.65,2.1069,-0.0265,-0.5234,0.0887,0.0043,-0.0413,-0.48,2.13,0.0622,0.1164,0.0079,0
2012-07-05,1.62,2.1013,-0.0285,-0.5294,0.0716,0.005,-0.0565,-0.51,2.13,0.0431,0.0892,-0.003,0
2012-07-06,1.57,2.0911,-0.0323,-0.5312,0.0362,0.0062,-0.0439,-0.53,2.1,0.0039,0.031,-0.0233,0
2012-07-09,1.53,2.0811,-0.0356,-0.5255,0.0052,0.0048,-0.051,-0.57,2.1,-0.0304,-0.0188,-0.042,0
2012-07-10,1.53,2.0772,-0.0371,-0.5204,-0.0059,0.0161,-0.064,-0.59,2.12,-0.043,-0.0356,-0.0504,0
2012-07-11,1.54,2.0795,-0.0363,-0.5145,-0.002,0.0133,-0.0596,-0.57,2.11,-0.0383,-0.0304,-0.0461,0
2012-07-12,1.5,2.0728,-0.0387,-0.5122,-0.0268,0.0049,-0.0472,-0.58,2.08,-0.0655,-0.0718,-0.0592,0
2012-07-13,1.52,2.0751,-0.0379,-0.5154,-0.0065,0.0047,-0.0595,-0.59,2.11,-0.0444,-0.0341,-0.0546,0
2012-07-16,1.5,2.0709,-0.0394,-0.5274,-0.0083,0.0042,-0.0656,-0.61,2.11,-0.0477,-0.0332,-0.0622,0
2012-07-17,1.53,2.0781,-0.0369,-0.5306,0.0118,0.0076,-0.0596,-0.59,2.12,-0.0251,-0.0019,-0.0482,0
2012-07-18,1.52,2.0768,-0.0374,-0.5388,0.0159,0.0036,-0.0646,-0.6,2.12,-0.0215,0.0078,-0.0508,0
2012-07-19,1.54,2.0832,-0.0353,-0.5448,0.0446,-0.0076,-0.0772,-0.62,2.16,0.0093,0.0572,-0.0387,0
2012-07-20,1.49,2.0725,-0.0392,-0.5462,0.0068,-0.0039,-0.0717,-0.67,2.16,-0.0324,-0.0049,-0.0598,0
2012-07-23,1.47,2.067,-0.0413,-0.5465,-0.0115,0.0023,-0.0538,-0.68,2.15,-0.0528,-0.0346,-0.071,0
2012-07-24,1.44,2.059,-0.0444,-0.5364,-0.0469,0.0087,-0.0283,-0.68,2.12,-0.0913,-0.0947,-0.0879,0
2012-07-25,1.43,2.0572,-0.0448,-0.5359,-0.0454,-0.0011,-0.0168,-0.67,2.1,-0.0902,-0.0899,-0.0905,0
2012-07-26,1.45,2.062,-0.0432,-0.5313,-0.0288,-0.0087,-0.0292,-0.66,2.11,-0.072,-0.0621,-0.0819,0
2012-07-27,1.58,2.0905,-0.0329,-0.5328,0.0646,-0.0093,-0.055,-0.61,2.19,0.0317,0.089,-0.0257,0
2012-07-30,1.53,2.0825,-0.0358,-0.5464,0.0431,-0.0134,-0.0687,-0.64,2.17,0.0073,0.0558,-0.0412,0
2012-07-31,1.51,2.0774,-0.0375,-0.5501,0.0338,-0.0136,-0.1041,-0.69,2.2,-0.0037,0.0432,-0.0505,0
2012-08-01,1.56,2.0914,-0.0325,-0.5482,0.0736,-0.0243,-0.1156,-0.67,2.23,0.0411,0.1053,-0.023,0
2012-08-02,1.51,2.08,-0.0366,-0.5474,0.0268,-0.0128,-0.1052,-0.69,2.2,-0.0098,0.0256,-0.0453,0
2012-08-03,1.6,2.1006,-0.0292,-0.5459,0.1014,-0.0269,-0.1252,-0.66,2.26,0.0722,0.1494,-0.0049,0
2012-08-06,1.59,2.0995,-0.0295,-0.5529,0.0981,-0.0252,-0.1414,-0.68,2.27,0.0686,0.1438,-0.0066,0
2012-08-07,1.66,2.1174,-0.023,-0.5459,0.1474,-0.036,-0.1636,-0.65,2.31,0.1244,0.2203,0.0286,0
2012-08-08,1.68,2.1238,-0.0205,-0.5483,0.1554,-0.0304,-0.1467,-0.61,2.29,0.1349,0.2281,0.0417,0
2012-08-09,1.69,2.1267,-0.0199,-0.5502,0.1649,-0.0315,-0.1313,-0.58,2.27,0.145,0.2438,0.0461,0
2012-08-10,1.65,2.1189,-0.0225,-0.5539,0.143,-0.0355,-0.1248,-0.6,2.25,0.1205,0.2094,0.0316,0
2012-08-13,1.65,2.1179,-0.0232,-0.5524,0.1404,-0.0327,-0.1163,-0.58,2.23,0.1172,0.2059,0.0285,0
2012-08-14,1.73,2.1361,-0.0167,-0.5539,0.2028,-0.0383,-0.1125,-0.53,2.26,0.1861,0.3082,0.064,0
2012-08-15,1.8,2.1561,-0.0091,-0.5596,0.2629,-0.0503,-0.09,-0.45,2.25,0.2538,0.4027,0.1049,0
2012-08-16,1.83,2.1664,-0.0054,-0.565,0.296,-0.062,-0.0881,-0.42,2.25,0.2906,0.4556,0.1256,0
2012-08-17,1.81,2.1635,-0.0065,-0.5672,0.2808,-0.0606,-0.0782,-0.43,2.24,0.2743,0.4288,0.1197,0
2012-08-20,1.82,2.1625,-0.007,-0.568,0.2808,-0.0483,-0.075,-0.43,2.25,0.2738,0.4302,0.1175,0
2012-08-21,1.8,2.158,-0.0084,-0.5636,0.2656,-0.0516,-0.087,-0.45,2.25,0.2572,0.4056,0.1089,0
2012-08-22,1.71,2.1341,-0.0169,-0.5738,0.2028,-0.0363,-0.1196,-0.55,2.26,0.1859,0.3092,0.0627,0
2012-08-23,1.68,2.124,-0.0207,-0.5668,0.1697,-0.0263,-0.1627,-0.62,2.3,0.149,0.2558,0.0423,0
2012-08-24,1.68,2.1267,-0.0196,-0.5625,0.1701,-0.0347,-0.1569,-0.6,2.28,0.1505,0.2533,0.0477,0
2012-08-27,1.65,2.1175,-0.0231,-0.5606,0.1442,-0.028,-0.1799,-0.64,2.29,0.1211,0.2134,0.0287,0
2012-08-28,1.64,2.1134,-0.025,-0.5553,0.1283,-0.0214,-0.198,-0.68,2.32,0.1033,0.1873,0.0192,0
2012-08-29,1.66,2.118,-0.023,-0.5592,0.1444,-0.0201,-0.1818,-0.64,2.3,0.1214,0.2135,0.0293,0
2012-08-30,1.63,2.1122,-0.0252,-0.5665,0.1309,-0.0214,-0.1625,-0.63,2.26,0.1057,0.1936,0.0178,0
2012-08-31,1.57,2.0949,-0.0317,-0.5771,0.0935,-0.0096,-0.1856,-0.68,2.25,0.0618,0.1404,-0.0167,0
2012-09-04,1.59,2.0998,-0.03,-0.5706,0.1024,-0.0116,-0.1885,-0.68,2.27,0.0724,0.1523,-0.0076,0
2012-09-05,1.6,2.1025,-0.0291,-0.5737,0.1157,-0.0154,-0.2041,-0.69,2.29,0.0866,0.1755,-0.0024,0
2012-09-06,1.68,2.1227,-0.0218,-0.5742,0.1754,-0.0221,-0.1966,-0.63,2.31,0.1536,0.2698,0.0375,0
2012-09-07,1.67,2.119,-0.0232,-0.5846,0.1737,-0.0148,-0.2342,-0.68,2.35,0.1505,0.2708,0.0302,0
2012-09-10,1.68,2.1231,-0.0218,-0.5861,0.1832,-0.0184,-0.251,-0.68,2.36,0.1614,0.2848,0.038,0
2012-09-11,1.7,2.1274,-0.0204,-0.5878,0.1975,-0.0167,-0.2631,-0.68,2.38,0.1771,0.3079,0.0463,0
2012-09-12,1.77,2.1453,-0.0137,-0.603,0.2661,-0.0247,-0.2547,-0.61,2.38,0.2524,0.4222,0.0826,0
2012-09-13,1.75,2.1373,-0.0168,-0.6138,0.2527,-0.0094,-0.3475,-0.72,2.47,0.2359,0.4052,0.0666,0
2012-09-14,1.88,2.1678,-0.0059,-0.62,0.3643,-0.0261,-0.4552,-0.76,2.64,0.3584,0.5904,0.1263,0
2012-09-17,1.85,2.169,-0.0055,-0.6275,0.3373,-0.0233,-0.432,-0.74,2.59,0.3318,0.5348,0.1288,0
2012-09-18,1.82,2.1623,-0.008,-0.6267,0.3102,-0.0178,-0.4059,-0.73,2.55,0.3022,0.4891,0.1154,0
2012-09-19,1.79,2.155,-0.0109,-0.6189,0.2858,-0.021,-0.3917,-0.75,2.54,0.2749,0.4499,0.0999,0
2012-09-20,1.8,2.1548,-0.011,-0.6147,0.2804,-0.0096,-0.3648,-0.7,2.5,0.2694,0.4397,0.0992,0
2012-09-21,1.77,2.1472,-0.0136,-0.6164,0.2615,-0.0087,-0.3676,-0.71,2.48,0.2479,0.4113,0.0845,0
2012-09-24,1.74,2.1395,-0.0164,-0.6094,0.2266,-0.0003,-0.3474,-0.73,2.47,0.2102,0.3513,0.0691,0
2012-09-25,1.7,2.127,-0.021,-0.5973,0.1808,0.0105,-0.3447,-0.74,2.44,0.1598,0.2758,0.0438,0
2012-09-26,1.64,2.1096,-0.0267,-0.5897,0.1229,0.0238,-0.336,-0.77,2.41,0.0962,0.1809,0.0116,0
2012-09-27,1.66,2.1127,-0.0256,-0.5876,0.1448,0.0157,-0.3406,-0.78,2.44,0.1192,0.2211,0.0173,0
2012-09-28,1.65,2.1119,-0.026,-0.598,0.153,0.0091,-0.3361,-0.77,2.42,0.127,0.2384,0.0156,0
2012-10-01,1.64,2.1103,-0.0266,-0.5951,0.1429,0.0085,-0.3385,-0.78,2.42,0.1163,0.2204,0.0122,0
2012-10-02,1.64,2.1078,-0.0276,-0.5916,0.1411,0.0103,-0.3788,-0.83,2.47,0.1135,0.22,0.0071,0
2012-10-03,1.64,2.108,-0.0276,-0.5993,0.1449,0.0141,-0.3925,-0.83,2.47,0.1173,0.2272,0.0074,0
2012-10-04,1.7,2.1199,-0.0233,-0.5998,0.1896,0.0136,-0.4433,-0.86,2.56,0.1663,0.302,0.0307,0
2012-10-05,1.75,2.1373,-0.0174,-0.604,0.2371,-0.003,-0.4499,-0.82,2.57,0.2197,0.3755,0.0639,0
2012-10-09,1.74,2.1357,-0.018,-0.6028,0.2206,0.0044,-0.4393,-0.81,2.55,0.2026,0.3447,0.0606,0
2012-10-10,1.72,2.1292,-0.0203,-0.5953,0.1875,0.0189,-0.4108,-0.8,2.52,0.1672,0.2867,0.0478,0
2012-10-11,1.7,2.1255,-0.0212,-0.5893,0.173,0.012,-0.3796,-0.77,2.47,0.1518,0.2618,0.0419,0
2012-10-12,1.69,2.1219,-0.0225,-0.5823,0.1638,0.0092,-0.3704,-0.78,2.47,0.1413,0.2481,0.0344,0
2012-10-15,1.7,2.122,-0.0225,-0.5828,0.1697,0.0136,-0.3735,-0.78,2.48,0.1472,0.2599,0.0345,0
2012-10-16,1.75,2.1365,-0.0173,-0.5882,0.2182,0.0007,-0.3585,-0.71,2.46,0.2009,0.3388,0.0631,0
2012-10-17,1.83,2.1588,-0.0092,-0.5805,0.2781,-0.0172,-0.3544,-0.65,2.48,0.2689,0.4306,0.1072,0
2012-10-18,1.86,2.1662,-0.0063,-0.5832,0.3028,-0.0195,-0.3682,-0.66,2.52,0.2965,0.4705,0.1224,0
2012-10-19,1.79,2.152,-0.011,-0.5757,0.2434,-0.0187,-0.3645,-0.71,2.5,0.2324,0.3689,0.0959,0
2012-10-22,1.83,2.1581,-0.0088,-0.5663,0.2623,-0.0153,-0.3641,-0.7,2.53,0.2535,0.3997,0.1074,0
2012-10-23,1.79,2.1483,-0.0124,-0.5686,0.2331,-0.0104,-0.3486,-0.71,2.5,0.2207,0.3531,0.0882,0
2012-10-24,1.8,2.1505,-0.012,-0.5759,0.2526,-0.0153,-0.3359,-0.69,2.49,0.2406,0.3902,0.0911,0
2012-10-25,1.86,2.1643,-0.0069,-0.5647,0.2806,-0.0133,-0.3228,-0.63,2.49,0.2737,0.4292,0.1183,0
2012-10-26,1.78,2.1468,-0.0129,-0.5658,0.2257,-0.0138,-0.3261,-0.69,2.47,0.2128,0.3405,0.0851,0
2012-10-29,1.74,2.1341,-0.0176,-0.5585,0.1859,-0.0039,-0.3329,-0.73,2.47,0.1683,0.2774,0.0592,0
2012-10-31,1.72,2.1269,-0.0204,-0.5581,0.1725,-0.0009,-0.3629,-0.78,2.5,0.1521,0.2596,0.0446,0
2012-11-01,1.75,2.1344,-0.0174,-0.5645,0.2028,-0.0054,-0.3688,-0.77,2.52,0.1854,0.3103,0.0605,0
2012-11-02,1.75,2.1377,-0.0164,-0.5716,0.2096,-0.0092,-0.3406,-0.73,2.48,0.1932,0.3196,0.0667,0
2012-11-05,1.72,2.1292,-0.0194,-0.5729,0.1829,0.0002,-0.3336,-0.75,2.47,0.1635,0.2768,0.0501,0
2012-11-06,1.78,2.1423,-0.0147,-0.5625,0.2198,-0.0049,-0.3434,-0.72,2.5,0.2051,0.3344,0.0757,0
2012-11-07,1.68,2.1166,-0.0236,-0.5708,0.1404,0.0174,-0.344,-0.8,2.48,0.1168,0.207,0.0265,0
2012-11-08,1.62,2.1017,-0.0292,-0.5617,0.0941,0.015,-0.349,-0.85,2.47,0.0649,0.1337,-0.0039,0
2012-11-09,1.61,2.1008,-0.0297,-0.5558,0.0886,0.0062,-0.3296,-0.83,2.44,0.0589,0.1239,-0.0062,0
2012-11-13,1.59,2.0941,-0.0321,-0.5556,0.0717,0.0119,-0.3233,-0.84,2.43,0.0396,0.0987,-0.0195,0
2012-11-14,1.59,2.0951,-0.0316,-0.556,0.0751,0.0074,-0.3046,-0.81,2.4,0.0435,0.1043,-0.0173,0
2012-11-15,1.58,2.0923,-0.0323,-0.5579,0.0676,0.0103,-0.2922,-0.8,2.38,0.0353,0.0922,-0.0216,0
2012-11-16,1.58,2.0916,-0.0323,-0.5605,0.0702,0.0109,-0.297,-0.81,2.39,0.0379,0.0977,-0.0218,0
2012-11-19,1.61,2.0999,-0.0296,-0.5617,0.0989,0.0025,-0.2982,-0.78,2.39,0.0693,0.145,-0.0064,0
2012-11-20,1.66,2.1133,-0.0247,-0.5643,0.1398,-0.0041,-0.2955,-0.74,2.4,0.1151,0.2102,0.02,0
2012-11-21,1.69,2.1207,-0.0221,-0.5644,0.1542,0.0016,-0.2908,-0.71,2.4,0.1321,0.2296,0.0346,0
2012-11-23,1.7,2.1229,-0.0213,-0.561,0.1572,0.0023,-0.2919,-0.72,2.42,0.1359,0.2328,0.0389,0
2012-11-26,1.66,2.1145,-0.0245,-0.5601,0.1308,-0.0007,-0.2951,-0.73,2.39,0.1063,0.191,0.0216,0
2012-11-27,1.64,2.1091,-0.0266,-0.5609,0.1171,0.0013,-0.3022,-0.74,2.38,0.0905,0.1706,0.0104,0
2012-11-28,1.63,2.1049,-0.028,-0.5658,0.1087,0.0102,-0.2995,-0.75,2.38,0.0807,0.1585,0.0029,0
2012-11-29,1.62,2.1021,-0.0292,-0.5662,0.1036,0.0097,-0.3182,-0.78,2.4,0.0744,0.1523,-0.0035,0
2012-11-30,1.62,2.1024,-0.0288,-0.5745,0.1133,0.0076,-0.3325,-0.79,2.41,0.0845,0.1702,-0.0013,0
2012-12-03,1.63,2.1044,-0.0281,-0.5711,0.1159,0.0088,-0.3506,-0.81,2.44,0.0878,0.1736,0.002,0
2012-12-04,1.62,2.102,-0.0294,-0.5702,0.1067,0.0109,-0.3545,-0.83,2.45,0.0773,0.1587,-0.0041,0
2012-12-05,1.6,2.0977,-0.0307,-0.5728,0.0956,0.0102,-0.3638,-0.85,2.45,0.0649,0.1415,-0.0117,0
2012-12-06,1.59,2.0938,-0.0321,-0.571,0.0825,0.0168,-0.3767,-0.87,2.46,0.0504,0.1201,-0.0193,0
2012-12-07,1.64,2.1046,-0.0283,-0.5749,0.1235,0.0151,-0.3864,-0.86,2.5,0.0952,0.1885,0.0018,0
2012-12-10,1.63,2.1043,-0.0283,-0.577,0.1208,0.0102,-0.3923,-0.87,2.5,0.0925,0.1835,0.0014,0
2012-12-11,1.66,2.1116,-0.0256,-0.5821,0.1465,0.0096,-0.3856,-0.84,2.5,0.1209,0.2252,0.0166,0
2012-12-12,1.72,2.1249,-0.0199,-0.5942,0.1969,0.0123,-0.3827,-0.79,2.51,0.177,0.3077,0.0463,0
2012-12-13,1.74,2.1345,-0.0164,-0.5898,0.2137,-0.0019,-0.359,-0.73,2.47,0.1973,0.3293,0.0652,0
2012-12-14,1.72,2.131,-0.0171,-0.5874,0.2008,-0.0073,-0.3516,-0.74,2.46,0.1837,0.3067,0.0606,0
2012-12-17,1.78,2.1452,-0.012,-0.5877,0.2506,-0.0161,-0.3494,-0.7,2.48,0.2386,0.389,0.0882,0
2012-12-18,1.84,2.1581,-0.0078,-0.5846,0.2832,-0.0089,-0.3602,-0.67,2.51,0.2754,0.4391,0.1117,0
2012-12-19,1.82,2.1561,-0.0081,-0.5883,0.2727,-0.0125,-0.3585,-0.66,2.48,0.2646,0.4197,0.1096,0
2012-12-20,1.81,2.1538,-0.0087,-0.5877,0.2675,-0.0149,-0.3633,-0.69,2.5,0.2588,0.412,0.1057,0
2012-12-21,1.77,2.1448,-0.0125,-0.5808,0.2322,-0.0136,-0.3586,-0.71,2.48,0.2197,0.3536,0.0858,0
2012-12-24,1.79,2.1474,-0.0114,-0.5768,0.242,-0.0113,-0.3545,-0.69,2.48,0.2306,0.3698,0.0915,0
2012-12-26,1.77,2.1427,-0.0135,-0.5746,0.2265,-0.0111,-0.3623,-0.71,2.48,0.213,0.3456,0.0804,0
2012-12-27,1.74,2.133,-0.0169,-0.5801,0.1983,0.0056,-0.351,-0.73,2.47,0.1814,0.301,0.0619,0
2012-12-28,1.73,2.1311,-0.017,-0.5819,0.1946,0.0032,-0.3401,-0.73,2.46,0.1776,0.2949,0.0604,0
2012-12-31,1.78,2.1425,-0.0133,-0.593,0.2461,-0.0024,-0.3381,-0.67,2.45,0.2328,0.384,0.0817,0
2013-01-02,1.86,2.1631,-0.0064,-0.6022,0.3189,-0.0134,-0.3407,-0.62,2.48,0.3125,0.5043,0.1207,0
2013-01-03,1.92,2.1831,0.0006,-0.61,0.3752,-0.0289,-0.3208,-0.54,2.46,0.3758,0.5921,0.1596,0
2013-01-04,1.93,2.1865,0.0021,-0.6099,0.3831,-0.0317,-0.3273,-0.55,2.48,0.3852,0.6029,0.1674,0
2013-01-07,1.92,2.1837,0.0012,-0.6096,0.3749,-0.0302,-0.3575,-0.6,2.52,0.3761,0.59,0.1622,0
2013-01-08,1.89,2.1761,-0.0016,-0.6154,0.3522,-0.0214,-0.3593,-0.6,2.49,0.3506,0.5541,0.1472,0
2013-01-09,1.88,2.1724,-0.0025,-0.62,0.3499,-0.0198,-0.3826,-0.64,2.52,0.3474,0.5531,0.1418,0
2013-01-10,1.91,2.1823,0.0008,-0.6228,0.3813,-0.0315,-0.375,-0.62,2.53,0.3821,0.6037,0.1604,0
2013-01-11,1.89,2.1772,-0.001,-0.6211,0.361,-0.0261,-0.3823,-0.63,2.52,0.36,0.5698,0.1503,0
2013-01-14,1.89,2.1755,-0.0021,-0.621,0.3569,-0.0193,-0.3858,-0.66,2.55,0.3548,0.5642,0.1454,0
2013-01-15,1.86,2.1677,-0.0051,-0.619,0.3303,-0.0139,-0.3959,-0.66,2.52,0.3252,0.5208,0.1296,0
2013-01-16,1.84,2.1646,-0.0061,-0.6194,0.3185,-0.0176,-0.3811,-0.65,2.49,0.3124,0.5012,0.1236,0
2013-01-17,1.89,2.1764,-0.0018,-0.6121,0.3539,-0.0264,-0.3869,-0.64,2.53,0.3521,0.5573,0.1468,0
2013-01-18,1.87,2.1707,-0.0035,-0.6133,0.3347,-0.0186,-0.395,-0.66,2.53,0.3312,0.5254,0.1371,0
2013-01-22,1.86,2.1678,-0.0044,-0.6166,0.3301,-0.0169,-0.3947,-0.68,2.54,0.3257,0.5198,0.1317,0
2013-01-23,1.86,2.1666,-0.0049,-0.6177,0.3269,-0.0109,-0.3962,-0.66,2.52,0.322,0.5147,0.1292,0
2013-01-24,1.88,2.1713,-0.0032,-0.617,0.3408,-0.0119,-0.3993,-0.62,2.5,0.3376,0.5367,0.1384,0
2013-01-25,1.98,2.1972,0.0061,-0.6061,0.4122,-0.0294,-0.3947,-0.56,2.54,0.4183,0.6478,0.1888,0
2013-01-28,2.0,2.2031,0.0084,-0.6057,0.425,-0.0308,-0.4006,-0.55,2.55,0.4334,0.6659,0.201,0
2013-01-29,2.03,2.209,0.0104,-0.6124,0.451,-0.0281,-0.4137,-0.53,2.56,0.4614,0.7104,0.2125,0
2013-01-30,2.03,2.2093,0.0105,-0.624,0.4602,-0.0261,-0.4353,-0.54,2.57,0.4707,0.7284,0.2131,0
2013-01-31,2.02,2.2084,0.0096,-0.6232,0.4573,-0.0321,-0.4584,-0.57,2.59,0.4669,0.724,0.2097,0
2013-02-01,2.04,2.2161,0.0124,-0.6332,0.487,-0.0423,-0.4652,-0.55,2.59,0.4994,0.7735,0.2253,0
2013-02-04,2.0,2.2067,0.0089,-0.64,0.4577,-0.0333,-0.4746,-0.59,2.59,0.4666,0.7266,0.2066,0
2013-02-05,2.04,2.2165,0.0125,-0.6385,0.4838,-0.0343,-0.464,-0.55,2.59,0.4963,0.7667,0.2258,0
2013-02-06,2.0,2.2071,0.0087,-0.6418,0.4567,-0.0307,-0.4663,-0.58,2.58,0.4654,0.7249,0.206,0
2013-02-07,1.99,2.2033,0.0075,-0.6425,0.4431,-0.0214,-0.4586,-0.58,2.57,0.4506,0.7018,0.1993,0
2013-02-08,1.99,2.2052,0.0081,-0.6424,0.4503,-0.0312,-0.449,-0.57,2.56,0.4584,0.7139,0.2028,0
2013-02-11,1.99,2.2048,0.0078,-0.6332,0.442,-0.0314,-0.4518,-0.58,2.57,0.4498,0.6985,0.2011,0
2013-02-12,2.02,2.2114,0.0102,-0.6293,0.4628,-0.0351,-0.4618,-0.57,2.59,0.473,0.7319,0.2141,0
2013-02-13,2.05,2.2228,0.0145,-0.6259,0.4944,-0.0558,-0.4662,-0.54,2.59,0.5089,0.781,0.2369,0
2013-02-14,2.0,2.2103,0.0097,-0.6317,0.4547,-0.043,-0.4637,-0.56,2.56,0.4644,0.7175,0.2114,0
2013-02-15,2.01,2.2125,0.0104,-0.6298,0.4589,-0.042,-0.4414,-0.53,2.54,0.4693,0.7234,0.2152,0
2013-02-19,2.03,2.2177,0.0121,-0.626,0.4773,-0.0511,-0.4466,-0.52,2.55,0.4894,0.7536,0.2252,0
2013-02-20,2.02,2.2145,0.011,-0.6324,0.4679,-0.041,-0.4399,-0.52,2.54,0.4789,0.7387,0.2191,0
2013-02-21,1.99,2.2074,0.0083,-0.6336,0.4482,-0.0404,-0.436,-0.54,2.53,0.4565,0.7083,0.2048,0
2013-02-22,1.97,2.2023,0.0063,-0.6319,0.4348,-0.0414,-0.4483,-0.57,2.54,0.4411,0.6884,0.1937,0
2013-02-25,1.88,2.1814,-0.0015,-0.6329,0.3669,-0.0339,-0.4549,-0.62,2.5,0.3654,0.5789,0.1519,0
2013-02-26,1.88,2.1796,-0.0023,-0.6311,0.365,-0.0312,-0.4441,-0.62,2.5,0.3627,0.5776,0.1478,0
2013-02-27,1.91,2.1851,-0.0001,-0.6364,0.3926,-0.0312,-0.4499,-0.61,2.52,0.3925,0.6255,0.1595,0
2013-02-28,1.89,2.1814,-0.0013,-0.6405,0.3823,-0.0319,-0.4673,-0.64,2.53,0.381,0.6094,0.1526,0
2013-03-01,1.86,2.174,-0.0038,-0.6397,0.3549,-0.0255,-0.4752,-0.67,2.53,0.3511,0.5634,0.1389,0
2013-03-04,1.88,2.1785,-0.0022,-0.6395,0.3724,-0.0292,-0.4774,-0.65,2.53,0.3702,0.5927,0.1478,0
2013-03-05,1.9,2.1834,-0.0002,-0.6393,0.3872,-0.0311,-0.4892,-0.65,2.55,0.387,0.616,0.158,0
2013-03-06,1.95,2.1951,0.004,-0.641,0.4221,-0.0302,-0.4859,-0.61,2.56,0.4261,0.6711,0.1811,0
2013-03-07,2.0,2.2102,0.0098,-0.64,0.4671,-0.0471,-0.4804,-0.56,2.56,0.4769,0.7417,0.2121,0
2013-03-08,2.06,2.2286,0.0165,-0.6434,0.5265,-0.0681,-0.4723,-0.5,2.56,0.543,0.8372,0.2488,0
2013-03-11,2.07,2.2297,0.0168,-0.646,0.5264,-0.0569,-0.4761,-0.5,2.57,0.5432,0.8361,0.2504,0
2013-03-12,2.03,2.2216,0.0137,-0.6442,0.4962,-0.0573,-0.476,-0.52,2.55,0.5099,0.7857,0.2341,0
2013-03-13,2.04,2.2214,0.0137,-0.6415,0.4952,-0.0488,-0.4816,-0.52,2.56,0.5089,0.7841,0.2337,0
2013-03-14,2.04,2.2224,0.0141,-0.6444,0.5039,-0.056,-0.5012,-0.53,2.57,0.518,0.8002,0.2357,0
2013-03-15,2.01,2.2133,0.0109,-0.6526,0.4752,-0.0368,-0.4999,-0.55,2.56,0.4861,0.7537,0.2185,0
2013-03-18,1.96,2.2006,0.0064,-0.6499,0.4335,-0.0306,-0.4984,-0.6,2.56,0.4399,0.6862,0.1937,0
2013-03-19,1.92,2.1899,0.0025,-0.6461,0.3983,-0.0246,-0.4852,-0.61,2.53,0.4008,0.6293,0.1723,0
2013-03-20,1.96,2.2,0.0061,-0.647,0.437,-0.0361,-0.4775,-0.57,2.53,0.4431,0.6941,0.1921,0
2013-03-21,1.95,2.1955,0.0046,-0.6423,0.4124,-0.0202,-0.4672,-0.57,2.52,0.417,0.6504,0.1836,0
2013-03-22,1.93,2.1907,0.0029,-0.6374,0.3977,-0.0238,-0.4721,-0.6,2.53,0.4006,0.6269,0.1742,0
2013-03-25,1.93,2.1895,0.0025,-0.6396,0.3978,-0.0201,-0.4756,-0.6,2.53,0.4003,0.6286,0.1719,0
2013-03-26,1.92,2.187,0.0016,-0.6401,0.3887,-0.0172,-0.476,-0.61,2.53,0.3903,0.6136,0.167,0
2013-03-27,1.87,2.1741,-0.0034,-0.6398,0.3469,-0.0078,-0.4759,-0.64,2.51,0.3435,0.5466,0.1403,0
2013-03-28,1.87,2.1747,-0.003,-0.6348,0.3482,-0.0151,-0.4785,-0.64,2.51,0.3452,0.5483,0.1421,0
2013-04-01,1.86,2.1713,-0.0041,-0.6367,0.3409,-0.0115,-0.4833,-0.65,2.51,0.3368,0.5378,0.1359,0
2013-04-02,1.88,2.1779,-0.0017,-0.6362,0.3625,-0.0225,-0.4766,-0.63,2.51,0.3608,0.5729,0.1488,0
2013-04-03,1.83,2.1649,-0.0061,-0.642,0.3221,-0.009,-0.4636,-0.65,2.48,0.316,0.5076,0.1245,0
2013-04-04,1.78,2.1507,-0.0113,-0.6363,0.2787,-0.0018,-0.476,-0.7,2.48,0.2674,0.4385,0.0963,0
2013-04-05,1.72,2.1354,-0.0165,-0.6143,0.2129,0.0025,-0.4638,-0.74,2.46,0.1964,0.3263,0.0665,0
2013-04-08,1.76,2.1426,-0.0138,-0.6128,0.2453,-0.0013,-0.4449,-0.69,2.45,0.2315,0.382,0.081,0
2013-04-09,1.78,2.1456,-0.0126,-0.6173,0.2562,0.0082,-0.4279,-0.67,2.45,0.2436,0.3999,0.0872,0
2013-04-10,1.84,2.1601,-0.0074,-0.6198,0.3054,0.0017,-0.4097,-0.6,2.44,0.298,0.4801,0.1158,0
2013-04-11,1.82,2.1558,-0.0089,-0.6204,0.2921,0.0014,-0.4322,-0.65,2.47,0.2832,0.4588,0.1076,0
2013-04-12,1.75,2.14,-0.0144,-0.617,0.2331,0.0083,-0.4236,-0.68,2.43,0.2187,0.36,0.0774,0
2013-04-15,1.72,2.1327,-0.0168,-0.6107,0.2079,0.0069,-0.3891,-0.69,2.41,0.1911,0.3187,0.0635,0
2013-04-16,1.75,2.1381,-0.0147,-0.6075,0.2334,0.0007,-0.3881,-0.65,2.4,0.2187,0.3631,0.0744,0
2013-04-17,1.73,2.1345,-0.016,-0.6045,0.2131,0.0028,-0.3675,-0.64,2.37,0.1971,0.327,0.0673,0
2013-04-18,1.72,2.1335,-0.0162,-0.6032,0.1978,0.0081,-0.2786,-0.55,2.27,0.1816,0.2975,0.0657,0
2013-04-19,1.73,2.1311,-0.017,-0.5922,0.2036,0.0045,-0.3147,-0.59,2.32,0.1866,0.3122,0.0611,0
2013-04-22,1.72,2.129,-0.0176,-0.5957,0.2019,0.0024,-0.335,-0.63,2.35,0.1843,0.3112,0.0573,0
2013-04-23,1.74,2.1322,-0.0165,-0.598,0.2131,0.0092,-0.3433,-0.64,2.38,0.1966,0.3297,0.0636,0
2013-04-24,1.73,2.1302,-0.0172,-0.5978,0.2067,0.0081,-0.3563,-0.65,2.38,0.1895,0.3192,0.0598,0
2013-04-25,1.74,2.1335,-0.0158,-0.6012,0.2213,0.0021,-0.3755,-0.66,2.4,0.2055,0.3439,0.0672,0
2013-04-26,1.7,2.1248,-0.0192,-0.6027,0.1909,0.0062,-0.3704,-0.68,2.38,0.1717,0.2942,0.0491,0
2013-04-29,1.7,2.1248,-0.0192,-0.6085,0.1957,0.0072,-0.359,-0.67,2.37,0.1765,0.3036,0.0495,0
2013-04-30,1.7,2.1275,-0.0185,-0.6129,0.2065,-0.0026,-0.3301,-0.64,2.34,0.188,0.3222,0.0538,0
2013-05-01,1.66,2.1179,-0.0217,-0.6113,0.1703,0.0048,-0.2924,-0.64,2.3,0.1486,0.2615,0.0357,0
2013-05-02,1.66,2.1165,-0.0223,-0.6106,0.1727,0.0036,-0.2801,-0.62,2.28,0.1504,0.2681,0.0328,0
2013-05-03,1.78,2.1452,-0.0118,-0.6119,0.267,-0.0085,-0.2714,-0.53,2.31,0.2552,0.4208,0.0896,0
2013-05-06,1.8,2.1531,-0.0091,-0.6189,0.2923,-0.0174,-0.2786,-0.51,2.31,0.2832,0.4611,0.1053,0
2013-05-07,1.82,2.1585,-0.007,-0.6203,0.3045,-0.0157,-0.2788,-0.5,2.32,0.2975,0.4787,0.1162,0
2013-05-08,1.81,2.1566,-0.0078,-0.6215,0.2923,-0.0096,-0.2605,-0.48,2.29,0.2845,0.4568,0.1122,0
2013-05-09,1.81,2.1556,-0.0081,-0.6191,0.2905,-0.0089,-0.2599,-0.5,2.31,0.2824,0.4544,0.1104,0
2013-05-10,1.9,2.1773,-0.0002,-0.6172,0.3596,-0.0194,-0.2602,-0.45,2.35,0.3594,0.5655,0.1532,0
2013-05-13,1.92,2.1843,0.0024,-0.6215,0.376,-0.0212,-0.2482,-0.41,2.33,0.3784,0.5894,0.1674,0
2013-05-14,1.96,2.1946,0.0058,-0.6266,0.4139,-0.0277,-0.2355,-0.37,2.33,0.4197,0.6527,0.1867,0
2013-05-15,1.94,2.1933,0.0053,-0.6296,0.4042,-0.0333,-0.2181,-0.36,2.3,0.4095,0.6352,0.1839,0
2013-05-16,1.87,2.1759,-0.0009,-0.6318,0.3493,-0.0225,-0.2061,-0.4,2.27,0.3484,0.5464,0.1503,0
2013-05-17,1.95,2.1945,0.0058,-0.6312,0.414,-0.0331,-0.1866,-0.31,2.26,0.4198,0.6527,0.1869,0
2013-05-20,1.97,2.1988,0.0071,-0.6336,0.4295,-0.0318,-0.1935,-0.31,2.28,0.4366,0.6788,0.1944,0
2013-05-21,1.94,2.1929,0.0049,-0.6328,0.4075,-0.0325,-0.1973,-0.34,2.28,0.4124,0.6422,0.1826,0
2013-05-22,2.03,2.2158,0.0134,-0.6325,0.4754,-0.0421,-0.1615,-0.24,2.27,0.4888,0.7489,0.2287,0
2013-05-23,2.02,2.2162,0.0138,-0.6302,0.4729,-0.0527,-0.1495,-0.24,2.26,0.4867,0.7431,0.2303,0
2013-05-24,2.01,2.2126,0.0129,-0.6265,0.4593,-0.0484,-0.1517,-0.26,2.27,0.4722,0.72,0.2245,0
2013-05-28,2.15,2.2472,0.025,-0.6154,0.5613,-0.0681,-0.1346,-0.14,2.29,0.5863,0.8817,0.291,0
2013-05-29,2.13,2.2441,0.0243,-0.6167,0.5337,-0.0554,-0.0867,-0.1,2.23,0.558,0.8297,0.2864,0
2013-05-30,2.13,2.2438,0.0247,-0.6188,0.5355,-0.0552,-0.0407,-0.05,2.18,0.5602,0.8329,0.2875,0
2013-05-31,2.16,2.25,0.0271,-0.6074,0.5559,-0.0656,-0.05,-0.05,2.21,0.583,0.8658,0.3002,0
2013-06-03,2.13,2.2445,0.0249,-0.6107,0.5437,-0.0724,-0.0576,-0.07,2.2,0.5686,0.8488,0.2885,0
2013-06-04,2.14,2.2499,0.0268,-0.6093,0.5596,-0.087,-0.0618,-0.05,2.19,0.5864,0.8738,0.299,0
2013-06-05,2.1,2.2416,0.0238,-0.6097,0.5271,-0.0829,-0.0432,-0.06,2.16,0.5509,0.8193,0.2826,0
2013-06-06,2.08,2.2359,0.0218,-0.6067,0.5051,-0.076,-0.0255,-0.05,2.13,0.5269,0.7825,0.2713,0
2013-06-07,2.17,2.2582,0.0302,-0.5946,0.5678,-0.0916,-0.007,0.03,2.14,0.598,0.8796,0.3164,0
2013-06-10,2.22,2.2705,0.0346,-0.5977,0.5986,-0.086,0.0334,0.11,2.11,0.6332,0.9259,0.3405,0
2013-06-11,2.2,2.2665,0.0333,-0.5953,0.5791,-0.0836,0.0615,0.13,2.07,0.6124,0.8921,0.3328,0
2013-06-12,2.25,2.2764,0.0368,-0.5919,0.6066,-0.078,0.1048,0.21,2.04,0.6434,0.9346,0.3523,0
2013-06-13,2.19,2.2635,0.0323,-0.5956,0.5738,-0.084,0.1086,0.15,2.04,0.6061,0.8849,0.3273,0
2013-06-14,2.14,2.2491,0.0268,-0.6139,0.5572,-0.0792,0.0841,0.09,2.05,0.584,0.8697,0.2983,0
2013-06-17,2.19,2.2633,0.0314,-0.6199,0.605,-0.0898,0.103,0.15,2.04,0.6364,0.9477,0.3251,0
2013-06-18,2.2,2.2646,0.0318,-0.6193,0.6097,-0.0868,0.0742,0.14,2.06,0.6415,0.9557,0.3274,0
2013-06-19,2.33,2.3009,0.0454,-0.5718,0.6535,-0.098,0.1361,0.29,2.04,0.6989,0.998,0.3997,0
2013-06-20,2.41,2.3229,0.0536,-0.571,0.7107,-0.1062,0.2231,0.46,1.95,0.7643,1.0851,0.4435,0
2013-06-21,2.52,2.3478,0.063,-0.5398,0.7512,-0.1022,0.2989,0.59,1.93,0.8142,1.1347,0.4936,0
2013-06-24,2.57,2.3597,0.0675,-0.5218,0.7782,-0.1135,0.3711,0.64,1.93,0.8457,1.1746,0.5167,0
2013-06-25,2.6,2.3615,0.0683,-0.5223,0.8019,-0.1094,0.3608,0.64,1.96,0.8702,1.2197,0.5208,0
2013-06-26,2.55,2.3505,0.0644,-0.528,0.7751,-0.1121,0.3493,0.6,1.95,0.8395,1.1797,0.4994,0
2013-06-27,2.49,2.3326,0.0577,-0.5369,0.7405,-0.1039,0.2863,0.5,1.99,0.7982,1.1327,0.4637,0
2013-06-28,2.52,2.3426,0.0614,-0.5301,0.7611,-0.115,0.2843,0.53,1.99,0.8225,1.1612,0.4838,0
2013-07-01,2.5,2.3365,0.0596,-0.5412,0.7579,-0.1128,0.2461,0.48,2.02,0.8175,1.1615,0.4734,0
2013-07-02,2.48,2.3332,0.0587,-0.5383,0.7452,-0.1188,0.2035,0.44,2.04,0.8039,1.1398,0.468,0
2013-07-03,2.52,2.3445,0.0629,-0.533,0.765,-0.1195,0.2162,0.48,2.04,0.8279,1.1652,0.4906,0
2013-07-05,2.73,2.3972,0.0823,-0.5068,0.9072,-0.1498,0.2235,0.66,2.07,0.9895,1.3837,0.5952,0
2013-07-08,2.65,2.38,0.0765,-0.5372,0.8804,-0.1497,0.1896,0.58,2.07,0.9569,1.3503,0.5635,0
2013-07-09,2.65,2.38,0.076,-0.546,0.8797,-0.1397,0.199,0.59,2.06,0.9557,1.3495,0.5619,0
2013-07-10,2.7,2.3909,0.0798,-0.5433,0.9068,-0.1343,0.2149,0.64,2.06,0.9866,1.3903,0.5829,0
2013-07-11,2.6,2.3661,0.0708,-0.5815,0.8716,-0.127,0.1944,0.56,2.04,0.9424,1.3502,0.5347,0
2013-07-12,2.61,2.3686,0.0713,-0.5712,0.864,-0.1227,0.1869,0.55,2.06,0.9353,1.3322,0.5384,0
2013-07-15,2.57,2.3585,0.0677,-0.5742,0.8377,-0.1196,0.1619,0.47,2.1,0.9054,1.2922,0.5185,0
2013-07-16,2.55,2.3525,0.0655,-0.5769,0.8306,-0.1216,0.1208,0.41,2.14,0.8961,1.2856,0.5065,0
2013-07-17,2.52,2.3464,0.0626,-0.5929,0.8242,-0.1203,0.1198,0.38,2.14,0.8868,1.2809,0.4927,0
2013-07-18,2.56,2.3577,0.0667,-0.5963,0.8638,-0.1319,0.1185,0.38,2.18,0.9305,1.3458,0.5152,0
2013-07-19,2.5,2.3443,0.0618,-0.5966,0.8223,-0.1317,0.0816,0.29,2.21,0.8841,1.2794,0.4887,0
2013-07-22,2.5,2.3442,0.0617,-0.5983,0.8218,-0.1294,0.0804,0.28,2.22,0.8835,1.2787,0.4883,0
2013-07-23,2.53,2.3513,0.0643,-0.6051,0.8485,-0.129,0.1015,0.33,2.2,0.9128,1.3233,0.5023,0
2013-07-24,2.61,2.3723,0.0719,-0.6027,0.9038,-0.1353,0.1515,0.44,2.17,0.9757,1.4075,0.5438,0
2013-07-25,2.61,2.3716,0.072,-0.6084,0.911,-0.1362,0.1626,0.44,2.17,0.983,1.422,0.5439,0
2013-07-26,2.58,2.3654,0.0694,-0.6063,0.8916,-0.1401,0.1696,0.43,2.15,0.961,1.3915,0.5305,0
2013-07-29,2.61,2.3728,0.0719,-0.6097,0.9199,-0.1448,0.1733,0.45,2.16,0.9918,1.4389,0.5446,0
2013-07-30,2.63,2.3772,0.0734,-0.6103,0.9324,-0.1427,0.169,0.46,2.17,1.0058,1.4585,0.5531,0
2013-07-31,2.6,2.3708,0.0709,-0.6024,0.9107,-0.1499,0.1173,0.38,2.22,0.9816,1.4237,0.5395,0
2013-08-01,2.74,2.4067,0.0839,-0.5915,1.0102,-0.1694,0.1156,0.48,2.26,1.0941,1.578,0.6103,0
2013-08-02,2.63,2.3817,0.075,-0.6301,0.9597,-0.1563,0.1088,0.42,2.21,1.0347,1.5072,0.5622,0
2013-08-05,2.67,2.3889,0.0771,-0.6277,0.9821,-0.1504,0.0963,0.42,2.25,1.0592,1.5438,0.5746,0
2013-08-06,2.67,2.3894,0.0771,-0.6262,0.9828,-0.1531,0.0735,0.39,2.28,1.0599,1.5448,0.575,0
2013-08-07,2.61,2.3788,0.0733,-0.6263,0.944,-0.1598,0.073,0.35,2.26,1.0173,1.4805,0.5541,0
2013-08-08,2.58,2.3729,0.0715,-0.6231,0.9246,-0.1659,0.076,0.34,2.24,0.9961,1.4485,0.5436,0
2013-08-09,2.57,2.3701,0.0707,-0.6182,0.9146,-0.1672,0.0728,0.33,2.24,0.9853,1.4321,0.5385,0
2013-08-12,2.61,2.3774,0.073,-0.612,0.9317,-0.1601,0.0893,0.37,2.24,1.0047,1.4575,0.5519,0
2013-08-13,2.71,2.4043,0.083,-0.5942,0.9931,-0.1761,0.12,0.48,2.23,1.0761,1.5469,0.6052,0
2013-08-14,2.71,2.4047,0.0836,-0.5973,0.9917,-0.1728,0.1485,0.5,2.21,1.0753,1.5428,0.6079,0
2013-08-15,2.77,2.419,0.0887,-0.5891,1.0214,-0.1701,0.2028,0.6,2.17,1.1101,1.5847,0.6355,0
2013-08-16,2.84,2.4357,0.0949,-0.5806,1.072,-0.182,0.2134,0.68,2.16,1.1669,1.6651,0.6688,0
2013-08-19,2.88,2.4469,0.0992,-0.5817,1.0998,-0.1843,0.2496,0.75,2.13,1.199,1.7064,0.6916,0
2013-08-20,2.82,2.4309,0.0936,-0.5887,1.0673,-0.1831,0.2123,0.67,2.15,1.1609,1.6607,0.6612,0
2013-08-21,2.87,2.446,0.0992,-0.5697,1.0851,-0.1906,0.2381,0.73,2.14,1.1843,1.6774,0.6912,0
2013-08-22,2.9,2.4515,0.1022,-0.5403,1.0634,-0.1768,0.2756,0.79,2.11,1.1656,1.6267,0.7046,0
2013-08-23,2.82,2.4287,0.0946,-0.5308,1.0028,-0.1753,0.2342,0.69,2.13,1.0974,1.5334,0.6614,0
2013-08-26,2.79,2.418,0.0905,-0.536,0.985,-0.1674,0.2071,0.64,2.15,1.0755,1.5114,0.6395,0
2013-08-27,2.72,2.3996,0.0836,-0.5407,0.9343,-0.1568,0.1759,0.57,2.15,1.0179,1.4333,0.6025,0
2013-08-28,2.78,2.4153,0.0894,-0.5329,0.9727,-0.1645,0.1978,0.63,2.15,1.0621,1.4908,0.6334,0
2013-08-29,2.75,2.408,0.0872,-0.5333,0.9453,-0.1572,0.2264,0.65,2.1,1.0325,1.4444,0.6206,0
2013-08-30,2.78,2.4149,0.09,-0.5232,0.9633,-0.1651,0.2467,0.68,2.1,1.0533,1.4711,0.6355,0
2013-09-03,2.86,2.434,0.0972,-0.5226,1.0236,-0.1722,0.2611,0.76,2.1,1.1208,1.5677,0.6739,0
2013-09-04,2.9,2.4437,0.1011,-0.5041,1.0202,-0.1609,0.2989,0.83,2.07,1.1213,1.5488,0.6938,0
2013-09-05,2.98,2.4632,0.1086,-0.4713,1.0429,-0.1634,0.3382,0.92,2.06,1.1515,1.5702,0.7327,0
2013-09-06,2.94,2.4493,0.104,-0.4941,1.0335,-0.1527,0.3252,0.87,2.07,1.1375,1.5676,0.7074,0
2013-09-09,2.9,2.4411,0.101,-0.5147,1.0355,-0.1629,0.3162,0.84,2.06,1.1365,1.5812,0.6918,0
2013-09-10,2.96,2.4543,0.1058,-0.4981,1.0553,-0.1573,0.3097,0.86,2.1,1.1611,1.6047,0.7176,0
2013-09-11,2.93,2.4424,0.1011,-0.5146,1.0395,-0.1384,0.2711,0.8,2.13,1.1406,1.5882,0.6931,0
2013-09-12,2.92,2.443,0.102,-0.5178,1.0386,-0.1458,0.2709,0.81,2.11,1.1406,1.5844,0.6969,0
2013-09-13,2.9,2.4394,0.1008,-0.5133,1.0161,-0.143,0.2694,0.8,2.1,1.1169,1.5435,0.6903,0
2013-09-16,2.88,2.4342,0.098,-0.5426,1.0473,-0.157,0.2287,0.76,2.12,1.1453,1.6132,0.6774,0
2013-09-17,2.86,2.4316,0.0965,-0.5532,1.0407,-0.1556,0.2327,0.7,2.16,1.1372,1.6035,0.6708,0
2013-09-18,2.69,2.3895,0.0807,-0.6076,0.9797,-0.1523,0.1334,0.49,2.2,1.0604,1.5342,0.5865,0
2013-09-19,2.76,2.4091,0.0873,-0.6003,1.0175,-0.1535,0.1433,0.55,2.21,1.1048,1.5855,0.624,0
2013-09-20,2.75,2.4082,0.0864,-0.5913,1.0031,-0.1564,0.1256,0.52,2.23,1.0895,1.559,0.62,0
2013-09-23,2.72,2.3996,0.0832,-0.5968,0.9837,-0.1497,0.1076,0.46,2.26,1.0669,1.5311,0.6026,0
2013-09-24,2.67,2.3888,0.0791,-0.5958,0.94,-0.1421,0.1454,0.48,2.19,1.0191,1.4574,0.5808,0
2013-09-25,2.63,2.3774,0.075,-0.5957,0.9146,-0.1413,0.1467,0.45,2.18,0.9896,1.4209,0.5582,0
2013-09-26,2.66,2.3833,0.0776,-0.5965,0.9371,-0.1415,0.1426,0.47,2.19,1.0147,1.4576,0.5718,0
2013-09-27,2.64,2.3795,0.0764,-0.6086,0.9351,-0.1424,0.1509,0.46,2.18,1.0115,1.458,0.5649,0
2013-09-30,2.64,2.38,0.0761,-0.6089,0.9374,-0.1446,0.1564,0.45,2.19,1.0135,1.4627,0.5643,0
2013-10-01,2.66,2.3843,0.0776,-0.6,0.9409,-0.1428,0.1519,0.46,2.2,1.0185,1.4646,0.5725,0
2013-10-02,2.63,2.3773,0.0747,-0.6135,0.937,-0.1455,0.1321,0.43,2.2,1.0117,1.4659,0.5575,0
2013-10-03,2.62,2.376,0.0739,-0.6194,0.9345,-0.145,0.1356,0.43,2.19,1.0084,1.4627,0.5542,0
2013-10-04,2.66,2.387,0.0781,-0.6054,0.953,-0.1526,0.1392,0.46,2.2,1.0311,1.4856,0.5766,0
2013-10-07,2.65,2.3823,0.0762,-0.5972,0.928,-0.1394,0.1381,0.45,2.2,1.0042,1.4424,0.566,0
2013-10-08,2.66,2.3837,0.0759,-0.5818,0.9167,-0.1345,0.1594,0.48,2.18,0.9926,1.42,0.5652,0
2013-10-09,2.68,2.3856,0.0768,-0.5859,0.9394,-0.1359,0.1471,0.47,2.21,1.0162,1.4626,0.5698,0
2013-10-10,2.71,2.3951,0.0805,-0.5883,0.9692,-0.1465,0.1451,0.5,2.21,1.0497,1.5098,0.5896,0
2013-10-11,2.7,2.3948,0.0802,-0.5995,0.9778,-0.1533,0.1466,0.5,2.2,1.058,1.5273,0.5887,0
2013-10-15,2.75,2.4067,0.0816,-0.6015,1.0217,-0.1585,0.1521,0.54,2.21,1.1033,1.605,0.6016,0
2013-10-16,2.69,2.3943,0.0777,-0.6119,0.9829,-0.153,0.1531,0.5,2.19,1.0606,1.541,0.5802,0
2013-10-17,2.61,2.3755,0.0719,-0.6215,0.9296,-0.1455,0.1514,0.45,2.16,1.0015,1.4563,0.5468,0
2013-10-18,2.6,2.3727,0.0711,-0.6214,0.9253,-0.1478,0.1391,0.42,2.18,0.9964,1.451,0.5419,0
2013-10-21,2.63,2.3793,0.0738,-0.6175,0.9434,-0.149,0.1355,0.44,2.19,1.0172,1.4783,0.5561,0
2013-10-22,2.54,2.3582,0.0664,-0.6272,0.8831,-0.1406,0.1259,0.37,2.17,0.9495,1.384,0.5151,0
2013-10-23,2.51,2.351,0.0637,-0.6232,0.8569,-0.1384,0.1337,0.36,2.15,0.9206,1.3407,0.5006,0
2013-10-24,2.53,2.3542,0.0649,-0.6123,0.8627,-0.1396,0.1306,0.36,2.17,0.9276,1.3483,0.507,0
2013-10-25,2.53,2.3511,0.0636,-0.6125,0.8575,-0.1297,0.1173,0.34,2.19,0.9211,1.3422,0.5,0
2013-10-28,2.54,2.3547,0.0647,-0.6191,0.8771,-0.1374,0.1105,0.35,2.19,0.9418,1.377,0.5066,0
2013-10-29,2.53,2.3532,0.0641,-0.6246,0.8719,-0.1346,0.1167,0.35,2.18,0.936,1.3685,0.5035,0
2013-10-30,2.55,2.3585,0.0657,-0.6225,0.8861,-0.1378,0.1213,0.37,2.18,0.9518,1.3908,0.5127,0
2013-10-31,2.57,2.3641,0.0678,-0.6266,0.9075,-0.1427,0.1427,0.4,2.17,0.9753,1.426,0.5245,0
2013-11-01,2.65,2.3842,0.0752,-0.6207,0.9615,-0.1503,0.1852,0.5,2.15,1.0367,1.509,0.5645,0
2013-11-04,2.63,2.3811,0.0737,-0.6275,0.958,-0.1553,0.1856,0.5,2.13,1.0317,1.5061,0.5572,0
2013-11-05,2.69,2.3961,0.0792,-0.6337,1.0113,-0.1629,0.2004,0.55,2.14,1.0905,1.5936,0.5874,0
2013-11-06,2.67,2.3893,0.0762,-0.6481,1.009,-0.1564,0.1423,0.48,2.19,1.0852,1.5978,0.5726,0
2013-11-07,2.63,2.3817,0.0732,-0.6562,0.9804,-0.1491,0.144,0.46,2.17,1.0536,1.5503,0.5569,0
2013-11-08,2.77,2.4174,0.0861,-0.647,1.0805,-0.167,0.1783,0.59,2.18,1.1666,1.7062,0.6269,0
2013-11-12,2.8,2.4263,0.0893,-0.6354,1.0921,-0.1723,0.1783,0.62,2.18,1.1814,1.7188,0.644,0
2013-11-13,2.75,2.4155,0.0852,-0.6531,1.076,-0.1736,0.1684,0.58,2.17,1.1612,1.6998,0.6226,0
2013-11-14,2.69,2.4005,0.0794,-0.6691,1.0474,-0.1682,0.1384,0.51,2.18,1.1268,1.6615,0.5922,0
2013-11-15,2.71,2.4054,0.081,-0.6615,1.0536,-0.1685,0.1349,0.53,2.18,1.1346,1.6681,0.6012,0
2013-11-18,2.67,2.3962,0.0775,-0.6668,1.0301,-0.1671,0.1202,0.48,2.19,1.1076,1.6326,0.5827,0
2013-11-19,2.71,2.4064,0.0813,-0.6608,1.0522,-0.169,0.1403,0.53,2.18,1.1335,1.6641,0.6028,0
2013-11-20,2.8,2.4291,0.0889,-0.6834,1.1472,-0.1818,0.1714,0.64,2.16,1.2361,1.8261,0.6461,0
2013-11-21,2.79,2.4285,0.0887,-0.687,1.1453,-0.1855,0.1527,0.6,2.19,1.234,1.8226,0.6454,0
2013-11-22,2.75,2.4201,0.0858,-0.6818,1.1057,-0.1798,0.149,0.56,2.19,1.1915,1.7539,0.6291,0
2013-11-25,2.74,2.4161,0.0841,-0.6801,1.0944,-0.1745,0.156,0.56,2.18,1.1785,1.7368,0.6201,0
2013-11-26,2.71,2.4083,0.0813,-0.6814,1.0734,-0.1715,0.167,0.54,2.17,1.1547,1.7048,0.6045,0
2013-11-27,2.74,2.4166,0.0841,-0.6799,1.1023,-0.1831,0.1835,0.58,2.16,1.1864,1.7522,0.6206,0
2013-11-29,2.75,2.4206,0.0855,-0.6808,1.113,-0.1883,0.1963,0.6,2.15,1.1985,1.7685,0.6284,0
2013-12-02,2.81,2.4349,0.091,-0.6711,1.1491,-0.1939,0.2118,0.66,2.15,1.2401,1.8224,0.6579,0
2013-12-03,2.79,2.4291,0.0892,-0.6812,1.1391,-0.1862,0.2115,0.64,2.15,1.2283,1.8094,0.6472,0
2013-12-04,2.84,2.4464,0.0953,-0.6769,1.1826,-0.2074,0.2592,0.73,2.11,1.2779,1.8748,0.681,0
2013-12-05,2.88,2.4543,0.0984,-0.6658,1.1971,-0.2041,0.27,0.76,2.12,1.2955,1.8939,0.6972,0
2013-12-06,2.88,2.4531,0.0982,-0.6569,1.1819,-0.1963,0.279,0.77,2.11,1.2801,1.8649,0.6954,0
2013-12-09,2.86,2.4475,0.0965,-0.6487,1.162,-0.1972,0.2741,0.74,2.12,1.2585,1.832,0.685,0
2013-12-10,2.81,2.4326,0.0912,-0.6522,1.1224,-0.184,0.2641,0.69,2.12,1.2136,1.7712,0.6559,0
2013-12-11,2.86,2.4423,0.0947,-0.6459,1.1524,-0.1835,0.2613,0.71,2.15,1.2471,1.8193,0.6749,0
2013-12-12,2.89,2.4527,0.0991,-0.634,1.1659,-0.1937,0.2719,0.75,2.14,1.265,1.8328,0.6972,0
2013-12-13,2.88,2.4477,0.0975,-0.6209,1.1419,-0.1863,0.2557,0.72,2.16,1.2394,1.7907,0.6881,0
2013-12-16,2.89,2.4493,0.0983,-0.6245,1.1576,-0.1906,0.239,0.71,2.18,1.2559,1.8198,0.6919,0
2013-12-17,2.85,2.4402,0.095,-0.6304,1.1328,-0.1877,0.2253,0.67,2.18,1.2278,1.7816,0.674,0
2013-12-18,2.89,2.4513,0.0985,-0.6297,1.1678,-0.1979,0.2507,0.72,2.17,1.2663,1.8383,0.6943,0
2013-12-19,2.94,2.4643,0.1038,-0.6029,1.1706,-0.1958,0.2867,0.79,2.15,1.2744,1.8274,0.7214,0
2013-12-20,2.89,2.4488,0.099,-0.5592,1.0912,-0.1898,0.2185,0.73,2.16,1.1902,1.6878,0.6926,0
2013-12-23,2.94,2.4575,0.1026,-0.5551,1.1205,-0.1855,0.213,0.76,2.18,1.2231,1.7352,0.711,0
2013-12-24,2.99,2.4711,0.1079,-0.5517,1.157,-0.1944,0.2136,0.8,2.19,1.2649,1.791,0.7388,0
2013-12-26,3.0,2.4736,0.109,-0.5513,1.1642,-0.1955,0.21,0.8,2.2,1.2732,1.8019,0.7444,0
2013-12-27,3.02,2.4765,0.1101,-0.5554,1.1732,-0.1844,0.2144,0.8,2.22,1.2833,1.8162,0.7503,0
2013-12-30,2.99,2.4689,0.107,-0.5599,1.1585,-0.1846,0.2062,0.76,2.23,1.2655,1.7969,0.7342,0
2013-12-31,3.04,2.4824,0.1117,-0.5578,1.1987,-0.195,0.2049,0.8,2.24,1.3104,1.8606,0.7603,0
2014-01-02,3.0,2.473,0.1085,-0.5671,1.178,-0.1924,0.1729,0.74,2.26,1.2865,1.8303,0.7427,0
2014-01-03,3.01,2.4744,0.1088,-0.5491,1.1565,-0.1807,0.1712,0.75,2.26,1.2653,1.7862,0.7444,0
2014-01-06,2.98,2.4664,0.1065,-0.5636,1.1526,-0.1819,0.1603,0.72,2.26,1.2591,1.7873,0.7309,0
2014-01-07,2.96,2.4605,0.1045,-0.5629,1.1314,-0.1735,0.1525,0.7,2.26,1.2359,1.7521,0.7197,0
2014-01-08,3.01,2.4713,0.1089,-0.5247,1.122,-0.1675,0.1468,0.72,2.29,1.2309,1.7201,0.7417,0
2014-01-09,2.97,2.4605,0.106,-0.521,1.0905,-0.1659,0.1206,0.66,2.31,1.1964,1.669,0.7239,0
2014-01-10,2.88,2.4365,0.0973,-0.5548,1.0597,-0.1586,0.1139,0.59,2.29,1.157,1.6367,0.6772,0
2014-01-13,2.84,2.4293,0.0943,-0.5645,1.0499,-0.169,0.114,0.57,2.27,1.1442,1.6264,0.6619,0
2014-01-14,2.88,2.4389,0.0977,-0.5426,1.0478,-0.1618,0.1331,0.62,2.26,1.1455,1.6107,0.6803,0
2014-01-15,2.9,2.4423,0.0993,-0.5307,1.0454,-0.1563,0.1414,0.62,2.28,1.1447,1.6016,0.6878,0
2014-01-16,2.86,2.4332,0.096,-0.5321,1.0193,-0.1563,0.1579,0.61,2.25,1.1153,1.561,0.6695,0
2014-01-17,2.84,2.4262,0.0935,-0.5311,1.0041,-0.1526,0.1445,0.58,2.26,1.0976,1.5396,0.6556,0
2014-01-21,2.85,2.4281,0.0942,-0.5141,0.9905,-0.1488,0.1523,0.59,2.26,1.0847,1.5102,0.6593,0
2014-01-22,2.87,2.4352,0.0972,-0.4982,0.9949,-0.1591,0.1647,0.62,2.25,1.0921,1.5101,0.6742,0
2014-01-23,2.79,2.4148,0.0903,-0.5258,0.9713,-0.1606,0.1566,0.66,2.13,1.0616,1.4869,0.6363,0
2014-01-24,2.75,2.4045,0.0861,-0.5239,0.9414,-0.1581,0.1498,0.61,2.14,1.0275,1.4406,0.6145,0
2014-01-27,2.78,2.4123,0.0884,-0.5227,0.9645,-0.1625,0.1539,0.64,2.14,1.0529,1.4778,0.6281,0
2014-01-28,2.77,2.4104,0.0877,-0.5348,0.9718,-0.1651,0.1484,0.62,2.15,1.0595,1.4948,0.6242,0
2014-01-29,2.69,2.3934,0.0812,-0.5423,0.9236,-0.1659,0.132,0.55,2.14,1.0048,1.4196,0.59,0
2014-01-30,2.72,2.4,0.0839,-0.5328,0.9334,-0.1644,0.133,0.57,2.15,1.0173,1.4307,0.6038,0
2014-01-31,2.67,2.3891,0.0798,-0.5436,0.9096,-0.1649,0.1241,0.53,2.14,0.9894,1.3967,0.5822,0
2014-02-03,2.61,2.3731,0.0734,-0.5511,0.8734,-0.1588,0.104,0.47,2.14,0.9468,1.3448,0.5489,0
2014-02-04,2.64,2.3817,0.0762,-0.5572,0.9032,-0.1639,0.1201,0.51,2.13,0.9794,1.394,0.5648,0
2014-02-05,2.7,2.3957,0.0812,-0.5591,0.9437,-0.1614,0.132,0.56,2.14,1.0249,1.4574,0.5923,0
2014-02-06,2.73,2.4022,0.0833,-0.5513,0.9571,-0.1613,0.1238,0.57,2.16,1.0404,1.4767,0.604,0
2014-02-07,2.71,2.3966,0.0808,-0.5636,0.9529,-0.1567,0.0982,0.53,2.18,1.0337,1.4758,0.5916,0
2014-02-10,2.7,2.3969,0.0804,-0.5648,0.9517,-0.1642,0.0899,0.51,2.19,1.0321,1.474,0.5903,0
2014-02-11,2.75,2.4085,0.0847,-0.5452,0.9618,-0.1598,0.11,0.56,2.19,1.0465,1.4799,0.6131,0
2014-02-12,2.8,2.4175,0.0885,-0.5405,0.9826,-0.1481,0.119,0.59,2.21,1.0711,1.5095,0.6327,0
2014-02-13,2.73,2.4029,0.0836,-0.557,0.9563,-0.1558,0.1166,0.56,2.17,1.0399,1.4742,0.6056,0
2014-02-14,2.75,2.4063,0.0852,-0.5546,0.9608,-0.1477,0.1377,0.59,2.16,1.046,1.4784,0.6135,0
2014-02-18,2.71,2.3991,0.0822,-0.5651,0.9562,-0.1624,0.1273,0.57,2.14,1.0384,1.4785,0.5983,0
2014-02-19,2.73,2.4052,0.0841,-0.5524,0.9533,-0.1603,0.1458,0.6,2.13,1.0374,1.466,0.6088,0
2014-02-20,2.76,2.4113,0.0866,-0.5442,0.9622,-0.1559,0.1649,0.63,2.13,1.0488,1.4758,0.6218,0
2014-02-21,2.73,2.4057,0.0848,-0.5426,0.9484,-0.1663,0.1648,0.61,2.12,1.0332,1.4549,0.6115,0
2014-02-24,2.75,2.4066,0.0853,-0.532,0.9434,-0.1533,0.1515,0.59,2.16,1.0287,1.4439,0.6136,0
2014-02-25,2.7,2.3946,0.081,-0.5346,0.9116,-0.1525,0.1372,0.55,2.15,0.9926,1.395,0.5901,0
2014-02-26,2.67,2.3863,0.0781,-0.542,0.8981,-0.1504,0.1205,0.51,2.16,0.9762,1.3784,0.5739,0
2014-02-27,2.65,2.3812,0.0764,-0.5377,0.8769,-0.1467,0.1204,0.49,2.16,0.9533,1.342,0.5646,0
2014-02-28,2.66,2.3835,0.0771,-0.5235,0.8723,-0.1493,0.1152,0.49,2.17,0.9494,1.3303,0.5684,0
2014-03-03,2.6,2.3696,0.072,-0.5296,0.8401,-0.1521,0.0937,0.44,2.16,0.9121,1.2832,0.5409,0
2014-03-04,2.7,2.3928,0.0804,-0.5247,0.9034,-0.1519,0.1137,0.52,2.18,0.9838,1.3813,0.5864,0
2014-03-05,2.7,2.393,0.0803,-0.5238,0.9009,-0.1504,0.1118,0.52,2.18,0.9812,1.3762,0.5861,0
2014-03-06,2.74,2.4026,0.0841,-0.5171,0.9229,-0.1525,0.1034,0.53,2.21,1.007,1.408,0.606,0
2014-03-07,2.8,2.4162,0.0892,-0.4986,0.9395,-0.1463,0.1032,0.57,2.23,1.0287,1.4248,0.6327,0
2014-03-10,2.79,2.4142,0.0889,-0.5039,0.9386,-0.1478,0.1032,0.57,2.22,1.0275,1.4244,0.6305,0
2014-03-11,2.77,2.4097,0.0874,-0.5005,0.9201,-0.1466,0.1081,0.57,2.2,1.0075,1.393,0.622,0
2014-03-12,2.73,2.3981,0.0832,-0.5045,0.8892,-0.136,0.1139,0.54,2.19,0.9724,1.3456,0.5993,0
2014-03-13,2.66,2.381,0.0769,-0.5109,0.8527,-0.1397,0.1144,0.49,2.17,0.9296,1.2939,0.5653,0
2014-03-14,2.65,2.3792,0.0763,-0.4969,0.8334,-0.1421,0.115,0.48,2.17,0.9097,1.2579,0.5615,0
2014-03-17,2.7,2.389,0.0799,-0.4896,0.8582,-0.1375,0.1162,0.52,2.18,0.9381,1.2954,0.5809,0
2014-03-18,2.68,2.3844,0.0787,-0.5001,0.8571,-0.1401,0.112,0.5,2.18,0.9358,1.2981,0.5735,0
2014-03-19,2.78,2.4111,0.0886,-0.4283,0.8444,-0.1358,0.1721,0.62,2.16,0.933,1.2408,0.6251,0
2014-03-20,2.79,2.4092,0.0885,-0.4346,0.8592,-0.1323,0.2091,0.66,2.13,0.9477,1.2723,0.6232,0
2014-03-21,2.75,2.3987,0.0855,-0.4144,0.8129,-0.1327,0.203,0.61,2.14,0.8984,1.192,0.6047,0
2014-03-24,2.74,2.3937,0.0843,-0.3885,0.7757,-0.1251,0.2054,0.59,2.15,0.86,1.1237,0.5962,0
2014-03-25,2.75,2.3945,0.0847,-0.3881,0.7872,-0.1284,0.2138,0.61,2.14,0.8719,1.1455,0.5984,0
2014-03-26,2.71,2.3839,0.0812,-0.4039,0.7769,-0.1281,0.2013,0.57,2.14,0.8581,1.1372,0.579,0
2014-03-27,2.69,2.3783,0.0795,-0.3916,0.7401,-0.1162,0.2055,0.56,2.13,0.8196,1.0701,0.569,0
2014-03-28,2.73,2.388,0.0834,-0.3805,0.7603,-0.1211,0.2153,0.6,2.13,0.8437,1.0984,0.5889,0
2014-03-31,2.73,2.3901,0.0838,-0.3922,0.7849,-0.1366,0.2145,0.6,2.13,0.8687,1.1451,0.5922,0
2014-04-01,2.77,2.3988,0.0869,-0.4057,0.8226,-0.1326,0.224,0.63,2.14,0.9095,1.2093,0.6097,0
2014-04-02,2.82,2.4134,0.0924,-0.389,0.8423,-0.139,0.2356,0.68,2.14,0.9347,1.2306,0.6388,0
2014-04-03,2.8,2.4094,0.0915,-0.3915,0.8329,-0.1423,0.2303,0.66,2.14,0.9244,1.2159,0.6329,0
2014-04-04,2.74,2.394,0.0858,-0.4115,0.8111,-0.1395,0.2152,0.61,2.13,0.8969,1.1913,0.6025,0
2014-04-07,2.71,2.3867,0.0826,-0.414,0.7889,-0.1342,0.2209,0.59,2.12,0.8715,1.1569,0.5862,0
2014-04-08,2.69,2.3816,0.0805,-0.4135,0.7713,-0.1299,0.2246,0.58,2.11,0.8518,1.1281,0.5754,0
2014-04-09,2.71,2.3847,0.0815,-0.4355,0.8153,-0.136,0.2118,0.57,2.14,0.8968,1.2116,0.5819,0
2014-04-10,2.65,2.3705,0.0759,-0.4469,0.7787,-0.1281,0.1924,0.51,2.14,0.8546,1.1568,0.5524,0
2014-04-11,2.63,2.3676,0.0746,-0.4486,0.7697,-0.1333,0.1922,0.5,2.13,0.8443,1.1429,0.5457,0
2014-04-14,2.65,2.3716,0.0759,-0.4366,0.7625,-0.1235,0.2053,0.52,2.13,0.8384,1.1238,0.5531,0
2014-04-15,2.64,2.3678,0.0752,-0.4203,0.7353,-0.118,0.2058,0.5,2.14,0.8105,1.0735,0.5475,0
2014-04-16,2.65,2.3692,0.0762,-0.3944,0.7187,-0.1197,0.1909,0.48,2.17,0.7949,1.0386,0.5512,0
2014-04-17,2.73,2.3882,0.0836,-0.3789,0.7695,-0.1324,0.1721,0.52,2.21,0.8531,1.1162,0.59,0
2014-04-21,2.73,2.388,0.0835,-0.3862,0.7752,-0.1305,0.1689,0.53,2.2,0.8587,1.1278,0.5896,0
2014-04-22,2.73,2.3874,0.0834,-0.3743,0.7584,-0.1249,0.1693,0.52,2.21,0.8418,1.0951,0.5885,0
2014-04-23,2.7,2.3792,0.0808,-0.3795,0.7436,-0.124,0.1574,0.49,2.21,0.8244,1.0749,0.5738,0
2014-04-24,2.7,2.3797,0.0813,-0.3738,0.7408,-0.1279,0.1551,0.49,2.21,0.8221,1.0681,0.576,0
2014-04-25,2.68,2.3755,0.08,-0.3715,0.7227,-0.1267,0.1635,0.48,2.2,0.8027,1.0371,0.5683,0
2014-04-28,2.7,2.3798,0.0813,-0.3746,0.7412,-0.1276,0.1826,0.52,2.18,0.8225,1.0693,0.5757,0
2014-04-29,2.71,2.381,0.0816,-0.3773,0.7454,-0.1207,0.1907,0.53,2.18,0.827,1.0763,0.5777,0
2014-04-30,2.67,2.3719,0.0781,-0.3924,0.7402,-0.1278,0.1757,0.49,2.18,0.8183,1.0772,0.5594,0
2014-05-01,2.63,2.3608,0.0739,-0.3912,0.7043,-0.1178,0.1589,0.43,2.2,0.7782,1.0194,0.5369,0
2014-05-02,2.6,2.355,0.072,-0.3721,0.6613,-0.1162,0.1582,0.41,2.19,0.7333,0.9409,0.5257,0
2014-05-05,2.63,2.3597,0.0737,-0.3721,0.6784,-0.1097,0.175,0.45,2.18,0.7521,0.9691,0.5351,0
2014-05-06,2.61,2.3543,0.0722,-0.3667,0.6532,-0.103,0.1877,0.45,2.16,0.7254,0.9256,0.5252,0
2014-05-07,2.62,2.3522,0.0711,-0.3776,0.6677,-0.0934,0.1828,0.42,2.2,0.7388,0.957,0.5207,0
2014-05-08,2.61,2.351,0.0704,-0.394,0.6822,-0.0996,0.1685,0.42,2.19,0.7526,0.9875,0.5177,0
2014-05-09,2.62,2.3555,0.0718,-0.3967,0.6903,-0.1009,0.1712,0.44,2.18,0.7621,0.998,0.5261,0
2014-05-12,2.66,2.365,0.0751,-0.3947,0.7125,-0.0979,0.191,0.48,2.18,0.7876,1.0309,0.5444,0
2014-05-13,2.61,2.3546,0.0713,-0.4041,0.6922,-0.1041,0.1894,0.45,2.16,0.7635,1.0032,0.5239,0
2014-05-14,2.54,2.3362,0.0646,-0.4063,0.6435,-0.098,0.16,0.37,2.17,0.7081,0.9288,0.4874,0
2014-05-15,2.5,2.325,0.0604,-0.4019,0.6076,-0.0911,0.1307,0.31,2.19,0.668,0.8713,0.4647,0
2014-05-16,2.52,2.3309,0.0625,-0.4015,0.6244,-0.0963,0.1424,0.34,2.18,0.6869,0.8975,0.4762,0
2014-05-19,2.54,2.3372,0.0647,-0.4177,0.6613,-0.1055,0.157,0.37,2.17,0.726,0.9635,0.4886,0
2014-05-20,2.52,2.3323,0.0623,-0.4251,0.6507,-0.1002,0.1525,0.35,2.17,0.713,0.949,0.4771,0
2014-05-21,2.54,2.3395,0.0647,-0.4284,0.6756,-0.1114,0.1402,0.36,2.18,0.7403,0.9899,0.4907,0
2014-05-22,2.56,2.3436,0.0665,-0.4209,0.6783,-0.1075,0.1158,0.35,2.21,0.7448,0.9898,0.4997,0
2014-05-23,2.54,2.3397,0.0651,-0.4253,0.67,-0.1095,0.1104,0.32,2.22,0.7351,0.9779,0.4923,0
2014-05-27,2.52,2.3359,0.0635,-0.4175,0.6493,-0.1111,0.1161,0.31,2.21,0.7128,0.9417,0.4838,0
2014-05-28,2.44,2.3155,0.0564,-0.4164,0.5928,-0.1084,0.0952,0.22,2.22,0.6492,0.8539,0.4446,0
2014-05-29,2.45,2.3174,0.0572,-0.4089,0.5925,-0.1081,0.088,0.22,2.23,0.6497,0.8509,0.4485,0
2014-05-30,2.48,2.3244,0.0597,-0.4034,0.6055,-0.1063,0.1065,0.26,2.22,0.6652,0.8688,0.4617,0
2014-06-02,2.54,2.3388,0.0651,-0.391,0.6338,-0.1066,0.1308,0.32,2.22,0.6989,0.9073,0.4904,0
2014-06-03,2.6,2.3546,0.0708,-0.3887,0.6778,-0.1145,0.1609,0.41,2.19,0.7486,0.9754,0.5218,0
2014-06-04,2.61,2.3594,0.0726,-0.3939,0.6981,-0.1262,0.1794,0.44,2.17,0.7707,1.0098,0.5317,0
2014-06-05,2.59,2.3541,0.0708,-0.3959,0.6872,-0.1261,0.1647,0.41,2.18,0.758,0.9945,0.5214,0
2014-06-06,2.6,2.3565,0.0717,-0.3848,0.6799,-0.1232,0.161,0.4,2.2,0.7516,0.9771,0.526,0
2014-06-09,2.62,2.3595,0.0731,-0.3725,0.6756,-0.1157,0.1546,0.41,2.21,0.7487,0.965,0.5325,0
2014-06-10,2.64,2.3643,0.075,-0.3672,0.6848,-0.1169,0.1582,0.43,2.21,0.7598,0.9771,0.5425,0
2014-06-11,2.65,2.3641,0.075,-0.3733,0.6939,-0.1096,0.1601,0.43,2.22,0.7689,0.9951,0.5426,0
2014-06-12,2.58,2.3495,0.0695,-0.375,0.6507,-0.1147,0.1471,0.39,2.19,0.7202,0.9276,0.5128,0
2014-06-13,2.6,2.354,0.0711,-0.3616,0.6482,-0.1117,0.1664,0.41,2.19,0.7193,0.9173,0.5213,0
2014-06-16,2.61,2.3525,0.071,-0.3494,0.6335,-0.0976,0.1648,0.41,2.2,0.7045,0.8898,0.5192,0
2014-06-17,2.66,2.364,0.0755,-0.3364,0.6619,-0.105,0.1563,0.43,2.23,0.7374,0.9322,0.5425,0
2014-06-18,2.61,2.3526,0.0717,-0.348,0.6403,-0.1066,0.1293,0.38,2.23,0.712,0.9024,0.5216,0
2014-06-19,2.64,2.3586,0.074,-0.3648,0.6802,-0.1081,0.114,0.39,2.25,0.7542,0.9741,0.5344,0
2014-06-20,2.63,2.3573,0.0738,-0.3603,0.6661,-0.1069,0.0923,0.35,2.28,0.7399,0.9468,0.5329,0
2014-06-23,2.63,2.3576,0.0735,-0.3548,0.6569,-0.1032,0.0929,0.35,2.28,0.7304,0.9291,0.5317,0
2014-06-24,2.59,2.3485,0.0702,-0.3526,0.6294,-0.1055,0.0736,0.31,2.28,0.6996,0.8855,0.5136,0
2014-06-25,2.57,2.343,0.0685,-0.3579,0.6152,-0.0989,0.0776,0.29,2.28,0.6837,0.8636,0.5039,0
2014-06-26,2.53,2.3334,0.0645,-0.3616,0.5957,-0.1021,0.0693,0.26,2.27,0.6602,0.837,0.4834,0
2014-06-27,2.54,2.3359,0.0652,-0.3691,0.6127,-0.1047,0.0712,0.27,2.27,0.6779,0.8681,0.4877,0
2014-06-30,2.53,2.3338,0.064,-0.369,0.606,-0.1048,0.0732,0.27,2.26,0.67,0.8578,0.4821,0
2014-07-01,2.58,2.346,0.0686,-0.371,0.6405,-0.104,0.0942,0.32,2.26,0.7091,0.9113,0.5068,0
2014-07-02,2.64,2.3604,0.0739,-0.3679,0.6761,-0.1025,0.1102,0.38,2.26,0.75,0.9645,0.5355,0
2014-07-03,2.65,2.3638,0.0756,-0.3509,0.6677,-0.1062,0.0925,0.37,2.28,0.7433,0.9435,0.5431,0
2014-07-07,2.63,2.3575,0.0736,-0.3407,0.6331,-0.0935,0.0989,0.36,2.27,0.7067,0.882,0.5314,0
2014-07-08,2.58,2.3429,0.0686,-0.3392,0.5915,-0.0838,0.0965,0.31,2.27,0.6601,0.8169,0.5033,0
2014-07-09,2.57,2.3375,0.0666,-0.3352,0.5837,-0.0826,0.082,0.28,2.29,0.6503,0.8081,0.4926,0
2014-07-10,2.55,2.3338,0.0653,-0.3415,0.5819,-0.0895,0.0689,0.27,2.28,0.6472,0.8089,0.4855,0
2014-07-11,2.53,2.3294,0.0632,-0.341,0.5646,-0.0862,0.0678,0.25,2.28,0.6278,0.7804,0.4752,0
2014-07-14,2.55,2.3364,0.066,-0.3332,0.5743,-0.0936,0.0792,0.28,2.27,0.6403,0.7909,0.4898,0
2014-07-15,2.56,2.3385,0.0671,-0.325,0.5664,-0.087,0.1009,0.31,2.25,0.6335,0.7723,0.4947,0
2014-07-16,2.55,2.3354,0.0662,-0.3135,0.5471,-0.0852,0.1152,0.32,2.23,0.6133,0.7373,0.4892,0
2014-07-17,2.47,2.3149,0.0589,-0.3204,0.502,-0.0853,0.09,0.24,2.23,0.5609,0.6725,0.4492,0
2014-07-18,2.5,2.3214,0.0617,-0.3042,0.5027,-0.0815,0.0991,0.26,2.24,0.5644,0.6657,0.463,0
2014-07-21,2.49,2.3173,0.0603,-0.2896,0.4779,-0.0759,0.0948,0.25,2.24,0.5382,0.6216,0.4547,0
2014-07-22,2.48,2.3149,0.0592,-0.296,0.4833,-0.0814,0.1064,0.25,2.23,0.5425,0.6358,0.4492,0
2014-07-23,2.48,2.3143,0.0595,-0.3014,0.485,-0.0774,0.1139,0.25,2.23,0.5445,0.6389,0.4501,0
2014-07-24,2.52,2.3251,0.0633,-0.2862,0.5031,-0.0853,0.106,0.25,2.27,0.5664,0.6621,0.4706,0
2014-07-25,2.48,2.3137,0.0594,-0.2841,0.4662,-0.0752,0.091,0.2,2.28,0.5256,0.6026,0.4486,0
2014-07-28,2.5,2.3201,0.0617,-0.2761,0.4791,-0.0847,0.1014,0.22,2.28,0.5408,0.6203,0.4612,0
2014-07-29,2.47,2.3108,0.0586,-0.2747,0.45,-0.0747,0.096,0.2,2.27,0.5086,0.5737,0.4436,0
2014-07-30,2.57,2.3337,0.067,-0.263,0.5106,-0.0784,0.1168,0.29,2.28,0.5776,0.6664,0.4889,0
2014-07-31,2.58,2.3365,0.0684,-0.2732,0.5328,-0.0845,0.1055,0.29,2.29,0.6012,0.7063,0.496,0
2014-08-01,2.52,2.3233,0.0632,-0.3016,0.5188,-0.0836,0.1111,0.25,2.27,0.582,0.6943,0.4696,0
2014-08-04,2.51,2.3218,0.0619,-0.3109,0.5194,-0.0823,0.1244,0.26,2.25,0.5813,0.6985,0.4642,0
2014-08-05,2.49,2.3201,0.0613,-0.3077,0.5092,-0.0929,0.1248,0.25,2.24,0.5705,0.6799,0.4611,0
2014-08-06,2.49,2.3179,0.0606,-0.3081,0.5036,-0.084,0.1255,0.24,2.25,0.5642,0.6714,0.4569,0
2014-08-07,2.43,2.305,0.0561,-0.3166,0.4742,-0.0887,0.1171,0.19,2.24,0.5303,0.6281,0.4324,0
2014-08-08,2.44,2.3065,0.0564,-0.303,0.4644,-0.0843,0.1148,0.19,2.25,0.5208,0.6075,0.4342,0
2014-08-11,2.44,2.3067,0.0566,-0.305,0.4708,-0.0891,0.1132,0.19,2.25,0.5274,0.6202,0.4347,0
2014-08-12,2.46,2.3123,0.0585,-0.3088,0.4898,-0.0918,0.1291,0.22,2.24,0.5483,0.6511,0.4455,0
2014-08-13,2.43,2.3042,0.0551,-0.3244,0.4865,-0.0914,0.1165,0.2,2.23,0.5416,0.6549,0.4283,0
2014-08-14,2.4,2.2984,0.0528,-0.3183,0.4573,-0.0902,0.1246,0.19,2.21,0.5101,0.604,0.4161,0
2014-08-15,2.34,2.2847,0.0482,-0.3129,0.4076,-0.0877,0.1335,0.16,2.18,0.4558,0.5215,0.3902,0
2014-08-18,2.39,2.2948,0.052,-0.3108,0.442,-0.0881,0.1481,0.21,2.18,0.494,0.5778,0.4103,0
2014-08-19,2.4,2.2986,0.0534,-0.3115,0.4535,-0.094,0.1594,0.23,2.17,0.5069,0.5958,0.418,0
2014-08-20,2.43,2.305,0.0557,-0.2895,0.4445,-0.0857,0.1761,0.26,2.17,0.5002,0.5704,0.4301,0
2014-08-21,2.41,2.2986,0.0537,-0.2836,0.4252,-0.0839,0.1716,0.24,2.17,0.4789,0.5396,0.4182,0
2014-08-22,2.4,2.2976,0.0538,-0.2627,0.3982,-0.0869,0.1972,0.26,2.14,0.452,0.4869,0.417,0
2014-08-25,2.39,2.2915,0.0522,-0.2494,0.3709,-0.0752,0.2009,0.24,2.15,0.4231,0.4393,0.4069,0
2014-08-26,2.39,2.2911,0.0523,-0.256,0.386,-0.0834,0.1962,0.25,2.14,0.4383,0.4696,0.4069,0
2014-08-27,2.37,2.2836,0.0497,-0.2545,0.3614,-0.0702,0.1964,0.23,2.14,0.4111,0.4298,0.3924,0
2014-08-28,2.34,2.2772,0.0473,-0.2587,0.3487,-0.0745,0.2048,0.21,2.13,0.396,0.4124,0.3796,0
2014-08-29,2.35,2.2801,0.0482,-0.2598,0.3615,-0.08,0.2141,0.23,2.12,0.4097,0.4344,0.3851,0
2014-09-02,2.42,2.2974,0.0545,-0.255,0.41,-0.0869,0.2173,0.27,2.15,0.4645,0.5099,0.4191,0
2014-09-03,2.41,2.296,0.0541,-0.2533,0.402,-0.0888,0.2043,0.24,2.17,0.4561,0.4954,0.4167,0
2014-09-04,2.45,2.3063,0.0578,-0.2569,0.432,-0.0892,0.2152,0.28,2.17,0.4898,0.5426,0.437,0
2014-09-05,2.46,2.3093,0.0587,-0.2693,0.4507,-0.0894,0.2242,0.31,2.15,0.5094,0.5761,0.4428,0
2014-09-08,2.48,2.3142,0.0606,-0.2606,0.4471,-0.0812,0.2539,0.35,2.13,0.5077,0.5629,0.4525,0
2014-09-09,2.5,2.318,0.0623,-0.2441,0.4393,-0.0755,0.2757,0.39,2.11,0.5016,0.5425,0.4606,0
2014-09-10,2.54,2.3258,0.0653,-0.2448,0.4684,-0.0748,0.301,0.44,2.1,0.5337,0.5909,0.4766,0
2014-09-11,2.54,2.3261,0.0655,-0.2399,0.4724,-0.0842,0.2802,0.42,2.12,0.5379,0.5983,0.4775,0
2014-09-12,2.62,2.345,0.0723,-0.249,0.5393,-0.0876,0.2922,0.49,2.13,0.6116,0.7084,0.5148,0
2014-09-15,2.6,2.3414,0.071,-0.2602,0.536,-0.0882,0.2882,0.47,2.13,0.607,0.7061,0.5079,0
2014-09-16,2.6,2.3432,0.0716,-0.2751,0.5539,-0.0936,0.287,0.48,2.12,0.6255,0.7391,0.5119,0
2014-09-17,2.62,2.3517,0.0744,-0.2661,0.5525,-0.0924,0.352,0.56,2.06,0.6269,0.7263,0.5274,0
2014-09-18,2.63,2.3548,0.0761,-0.2494,0.548,-0.0995,0.3937,0.61,2.02,0.6241,0.7133,0.535,0
2014-09-19,2.59,2.3412,0.0715,-0.2371,0.5027,-0.0882,0.3936,0.56,2.03,0.5742,0.6391,0.5092,0
2014-09-22,2.57,2.3353,0.0694,-0.2471,0.4981,-0.0857,0.4152,0.58,1.99,0.5675,0.6373,0.4978,0
2014-09-23,2.54,2.3263,0.0662,-0.2432,0.4758,-0.085,0.3867,0.52,2.02,0.542,0.604,0.4799,0
2014-09-24,2.57,2.3342,0.0694,-0.2382,0.4945,-0.09,0.3771,0.54,2.03,0.5639,0.631,0.4968,0
2014-09-25,2.52,2.3211,0.0646,-0.2511,0.4649,-0.0795,0.3743,0.5,2.02,0.5295,0.588,0.471,0
2014-09-26,2.54,2.3286,0.0675,-0.232,0.46,-0.0841,0.4118,0.57,1.97,0.5275,0.5691,0.4859,0
2014-09-29,2.5,2.3178,0.063,-0.234,0.4367,-0.0835,0.4162,0.55,1.95,0.4997,0.5368,0.4626,0
2014-09-30,2.52,2.3208,0.0644,-0.2354,0.4521,-0.0819,0.4129,0.55,1.97,0.5165,0.5631,0.4699,0
2014-10-01,2.42,2.296,0.0553,-0.2473,0.3901,-0.0741,0.3871,0.46,1.96,0.4454,0.4703,0.4205,0
2014-10-02,2.44,2.3029,0.0577,-0.2531,0.4192,-0.0867,0.3984,0.49,1.95,0.4769,0.5197,0.4341,0
2014-10-03,2.45,2.3048,0.0586,-0.2315,0.3922,-0.0741,0.4255,0.52,1.93,0.4508,0.4636,0.4381,0
2014-10-06,2.43,2.2986,0.0558,-0.2425,0.3972,-0.0791,0.4222,0.5,1.93,0.453,0.4819,0.424,0
2014-10-07,2.36,2.2823,0.0499,-0.2492,0.3532,-0.0761,0.4137,0.44,1.92,0.4031,0.4139,0.3922,0
2014-10-08,2.35,2.2768,0.047,-0.2811,0.3901,-0.0828,0.3709,0.39,1.96,0.4371,0.4951,0.3792,0
2014-10-09,2.34,2.2784,0.0472,-0.2805,0.3779,-0.0829,0.373,0.37,1.97,0.4251,0.4692,0.381,0
2014-10-10,2.31,2.2723,0.045,-0.2832,0.3611,-0.0852,0.3659,0.35,1.96,0.4061,0.4429,0.3693,0
2014-10-14,2.21,2.2496,0.0365,-0.3052,0.3117,-0.0826,0.3781,0.29,1.92,0.3482,0.3723,0.3241,0
2014-10-15,2.15,2.2367,0.0307,-0.3288,0.3022,-0.0907,0.4036,0.29,1.86,0.3329,0.3701,0.2957,0
2014-10-16,2.17,2.2409,0.0318,-0.3242,0.3107,-0.0892,0.3917,0.28,1.89,0.3425,0.3826,0.3024,0
2014-10-17,2.22,2.2522,0.036,-0.3176,0.339,-0.0897,0.3737,0.3,1.92,0.375,0.4255,0.3246,0
2014-10-20,2.2,2.2477,0.034,-0.3242,0.3276,-0.0851,0.3775,0.29,1.91,0.3616,0.4083,0.3148,0
2014-10-21,2.23,2.2567,0.0372,-0.3265,0.3602,-0.0977,0.3864,0.33,1.9,0.3974,0.4626,0.3323,0
2014-10-22,2.25,2.2613,0.0389,-0.32,0.3626,-0.0929,0.3908,0.34,1.91,0.4015,0.4618,0.3413,0
2014-10-23,2.29,2.2728,0.0432,-0.3084,0.3832,-0.1008,0.4029,0.38,1.91,0.4264,0.4886,0.3642,0
2014-10-24,2.29,2.2723,0.0431,-0.3101,0.3833,-0.0986,0.4127,0.39,1.9,0.4264,0.4892,0.3637,0
2014-10-27,2.27,2.2685,0.0418,-0.3112,0.3751,-0.1042,0.4118,0.38,1.89,0.4169,0.4773,0.3565,0
2014-10-28,2.3,2.2753,0.0446,-0.3096,0.3976,-0.1079,0.4029,0.39,1.91,0.4422,0.5134,0.371,0
2014-10-29,2.34,2.2841,0.0478,-0.269,0.3713,-0.0942,0.413,0.42,1.92,0.4191,0.4511,0.3871,0
2014-10-30,2.32,2.2785,0.0464,-0.2742,0.3694,-0.1,0.4194,0.42,1.9,0.4158,0.4534,0.3782,0
2014-10-31,2.35,2.285,0.0493,-0.2661,0.3851,-0.1033,0.4054,0.43,1.92,0.4344,0.4762,0.3927,0
2014-11-03,2.36,2.2861,0.0495,-0.2552,0.3738,-0.0942,0.4064,0.43,1.93,0.4233,0.4529,0.3936,0
2014-11-04,2.35,2.2825,0.0485,-0.257,0.365,-0.0891,0.419,0.43,1.92,0.4135,0.4395,0.3876,0
2014-11-05,2.36,2.2828,0.0484,-0.2537,0.3705,-0.088,0.4016,0.43,1.93,0.4189,0.4504,0.3874,0
2014-11-06,2.39,2.2911,0.0518,-0.2465,0.387,-0.0934,0.3889,0.45,1.94,0.4388,0.4725,0.4051,0
2014-11-07,2.32,2.273,0.0453,-0.2606,0.3444,-0.0821,0.3642,0.38,1.94,0.3897,0.4097,0.3698,0
2014-11-10,2.38,2.2868,0.05,-0.2521,0.3757,-0.0805,0.3799,0.44,1.94,0.4257,0.4559,0.3955,0
2014-11-12,2.37,2.2863,0.0498,-0.2515,0.3707,-0.0853,0.3932,0.46,1.91,0.4205,0.4464,0.3946,0
2014-11-13,2.35,2.2839,0.0486,-0.2591,0.3762,-0.0996,0.4111,0.47,1.88,0.4248,0.4609,0.3887,0
2014-11-14,2.32,2.2769,0.0461,-0.2614,0.3584,-0.1,0.4068,0.43,1.89,0.4045,0.4337,0.3753,0
2014-11-17,2.34,2.2824,0.048,-0.2542,0.3642,-0.1004,0.4317,0.48,1.86,0.4122,0.4384,0.386,0
2014-11-18,2.32,2.2785,0.0467,-0.258,0.3564,-0.1036,0.4326,0.48,1.84,0.4031,0.4278,0.3785,0
2014-11-19,2.36,2.2878,0.0501,-0.2522,0.3754,-0.1011,0.4612,0.53,1.83,0.4255,0.4542,0.3969,0
2014-11-20,2.34,2.2805,0.0477,-0.2496,0.3564,-0.0951,0.4442,0.49,1.85,0.4041,0.4251,0.3831,0
2014-11-21,2.31,2.2748,0.0454,-0.2494,0.3443,-0.1051,0.4241,0.45,1.86,0.3897,0.408,0.3714,0
2014-11-24,2.3,2.2718,0.044,-0.2524,0.3367,-0.1,0.4124,0.44,1.86,0.3807,0.3971,0.3643,0
2014-11-25,2.27,2.262,0.0407,-0.253,0.3018,-0.0815,0.4216,0.42,1.85,0.3425,0.339,0.3459,0
2014-11-26,2.24,2.2561,0.0385,-0.2545,0.2884,-0.0885,0.4287,0.42,1.82,0.3269,0.3197,0.334,0
2014-11-28,2.18,2.2412,0.033,-0.2639,0.251,-0.0813,0.4442,0.39,1.79,0.284,0.2637,0.3044,0
2014-12-01,2.22,2.2517,0.0364,-0.2658,0.286,-0.0883,0.4786,0.43,1.79,0.3224,0.3213,0.3235,0
2014-12-02,2.28,2.2669,0.042,-0.2492,0.3109,-0.0906,0.5156,0.51,1.77,0.3529,0.3525,0.3534,0
2014-12-03,2.29,2.2661,0.0422,-0.2395,0.3033,-0.0822,0.5132,0.5,1.79,0.3455,0.3375,0.3536,0
2014-12-04,2.25,2.2543,0.038,-0.2305,0.266,-0.0778,0.4757,0.48,1.77,0.304,0.2777,0.3302,0
2014-12-05,2.31,2.269,0.0439,-0.1984,0.2632,-0.0677,0.5234,0.56,1.75,0.3071,0.2545,0.3598,0
2014-12-08,2.26,2.2537,0.0385,-0.1752,0.2006,-0.0576,0.5444,0.55,1.71,0.2391,0.1489,0.3293,0
2014-12-09,2.22,2.2391,0.0329,-0.1733,0.1781,-0.0567,0.5209,0.49,1.73,0.211,0.1227,0.2993,0
2014-12-10,2.18,2.2284,0.0291,-0.1887,0.1633,-0.0521,0.5367,0.47,1.71,0.1924,0.1059,0.2789,0
2014-12-11,2.19,2.2328,0.0311,-0.1691,0.1568,-0.0616,0.5512,0.49,1.7,0.1879,0.0873,0.2885,0
2014-12-12,2.1,2.2113,0.0233,-0.1899,0.1143,-0.059,0.5865,0.46,1.64,0.1376,0.0286,0.2466,0
2014-12-15,2.12,2.2156,0.0244,-0.165,0.1039,-0.0588,0.6144,0.5,1.62,0.1283,0.004,0.2526,0
2014-12-16,2.07,2.2003,0.0188,-0.1603,0.0643,-0.0531,0.6152,0.42,1.65,0.0831,-0.0562,0.2223,0
2014-12-17,2.14,2.2176,0.0254,-0.1414,0.1022,-0.0638,0.6302,0.49,1.65,0.1276,-0.0016,0.2568,0
2014-12-18,2.22,2.2358,0.0321,-0.136,0.1536,-0.0656,0.6508,0.57,1.65,0.1857,0.079,0.2925,0
2014-12-19,2.17,2.2246,0.0285,-0.1236,0.1098,-0.0694,0.6162,0.49,1.68,0.1383,0.0045,0.2721,0
2014-12-22,2.17,2.2222,0.0264,-0.1126,0.0994,-0.0653,0.599,0.47,1.7,0.1258,-0.0108,0.2623,0
2014-12-23,2.26,2.2445,0.0351,-0.105,0.1551,-0.0696,0.6199,0.56,1.7,0.1902,0.0722,0.3081,0
2014-12-24,2.27,2.2451,0.0357,-0.0942,0.1452,-0.0618,0.6097,0.59,1.68,0.1809,0.0513,0.3104,0
2014-12-26,2.25,2.2429,0.0361,-0.0969,0.1314,-0.0635,0.6419,0.58,1.67,0.1675,0.0243,0.3108,0
2014-12-29,2.22,2.2344,0.0327,-0.1111,0.1229,-0.0589,0.6826,0.57,1.65,0.1556,0.0183,0.2929,0
2014-12-30,2.2,2.227,0.0298,-0.1164,0.1178,-0.0583,0.6673,0.56,1.64,0.1476,0.0177,0.2776,0
2014-12-31,2.17,2.2209,0.0273,-0.1276,0.1209,-0.0715,0.6208,0.49,1.68,0.1482,0.0315,0.265,0
2015-01-02,2.12,2.2083,0.0228,-0.1361,0.0871,-0.0621,0.5902,0.41,1.71,0.1099,-0.0209,0.2407,0
2015-01-05,2.04,2.1902,0.0166,-0.1318,0.0133,-0.0483,0.6219,0.4,1.64,0.0299,-0.1462,0.206,0
2015-01-06,1.97,2.1734,0.0104,-0.1491,-0.0117,-0.053,0.6642,0.41,1.56,-0.0013,-0.1753,0.1727,0
2015-01-07,1.96,2.1694,0.009,-0.1523,-0.0099,-0.0562,0.6586,0.39,1.57,-0.0009,-0.1671,0.1653,0
2015-01-08,2.03,2.1837,0.0143,-0.1624,0.0439,-0.0495,0.6302,0.41,1.62,0.0582,-0.078,0.1944,0
2015-01-09,1.98,2.1755,0.0111,-0.1878,0.0347,-0.0535,0.6134,0.36,1.62,0.0458,-0.0864,0.178,0
2015-01-12,1.92,2.1635,0.0061,-0.2034,0.0024,-0.0486,0.6374,0.35,1.57,0.0085,-0.1353,0.1523,0
2015-01-13,1.91,2.1624,0.0055,-0.2098,0.0027,-0.0508,0.6587,0.37,1.54,0.0082,-0.1334,0.1499,0
2015-01-14,1.86,2.15,0.0004,-0.2162,-0.0173,-0.0569,0.613,0.29,1.57,-0.0169,-0.1575,0.1236,0
2015-01-15,1.77,2.1307,-0.0071,-0.2519,-0.034,-0.0677,0.5743,0.19,1.58,-0.0411,-0.1672,0.085,0
2015-01-16,1.83,2.1471,-0.001,-0.2237,-0.028,-0.0643,0.5705,0.23,1.6,-0.029,-0.1756,0.1175,0
2015-01-20,1.82,2.1461,-0.0013,-0.2091,-0.0516,-0.0641,0.5704,0.23,1.59,-0.0529,-0.2209,0.1152,0
2015-01-21,1.87,2.1571,0.0029,-0.2075,-0.0112,-0.0713,0.57,0.26,1.61,-0.0083,-0.1541,0.1375,0
2015-01-22,1.9,2.1615,0.0049,-0.1939,-0.0132,-0.0593,0.5503,0.29,1.61,-0.0083,-0.1636,0.147,0
2015-01-23,1.81,2.1419,-0.0017,-0.1958,-0.0704,-0.064,0.5199,0.21,1.6,-0.0721,-0.2544,0.1102,0
2015-01-26,1.83,2.1466,-0.0003,-0.193,-0.0562,-0.0671,0.5116,0.22,1.61,-0.0565,-0.2314,0.1183,0
2015-01-27,1.83,2.1443,-0.0011,-0.194,-0.0569,-0.0623,0.4676,0.17,1.66,-0.058,-0.23,0.1139,0
2015-01-28,1.73,2.1237,-0.0089,-0.2178,-0.1029,-0.0641,0.4745,0.12,1.61,-0.1118,-0.2963,0.0727,0
2015-01-29,1.77,2.1351,-0.0047,-0.218,-0.0637,-0.0787,0.4612,0.15,1.62,-0.0684,-0.2321,0.0954,0
2015-01-30,1.68,2.1141,-0.0125,-0.2388,-0.0998,-0.083,0.4183,0.03,1.65,-0.1123,-0.2785,0.0538,0
2015-02-02,1.68,2.1179,-0.0116,-0.2434,-0.0882,-0.0947,0.4036,0.03,1.65,-0.0998,-0.2598,0.0601,0
2015-02-03,1.79,2.1412,-0.003,-0.2244,-0.0416,-0.0821,0.3789,0.09,1.7,-0.0446,-0.1952,0.106,0
2015-02-04,1.81,2.1448,-0.0012,-0.2275,-0.0387,-0.0674,0.392,0.1,1.71,-0.0399,-0.1948,0.1149,0
2015-02-05,1.83,2.1498,0.0008,-0.2296,-0.0196,-0.0714,0.4027,0.13,1.7,-0.0188,-0.1631,0.1254,0
2015-02-06,1.95,2.1771,0.0112,-0.1639,-0.0128,-0.0616,0.413,0.24,1.71,-0.0016,-0.1824,0.1792,0
2015-02-09,1.96,2.1769,0.0116,-0.1585,-0.0139,-0.0561,0.4252,0.25,1.71,-0.0023,-0.1847,0.18,0
2015-02-10,2.01,2.1867,0.0154,-0.1567,0.0171,-0.0525,0.4502,0.31,1.7,0.0325,-0.1352,0.2001,0
2015-02-11,2.0,2.1872,0.0162,-0.1572,0.022,-0.0682,0.4586,0.32,1.68,0.0382,-0.1266,0.2031,0
2015-02-12,1.99,2.1857,0.0156,-0.1708,0.0333,-0.0738,0.4638,0.33,1.66,0.0489,-0.1024,0.2002,0
2015-02-13,2.02,2.1956,0.019,-0.1741,0.0675,-0.088,0.4546,0.34,1.68,0.0865,-0.0463,0.2194,0
2015-02-17,2.14,2.2246,0.0295,-0.1614,0.1387,-0.0914,0.4624,0.43,1.71,0.1682,0.0599,0.2765,0
2015-02-18,2.07,2.2089,0.0236,-0.196,0.1262,-0.0927,0.439,0.36,1.71,0.1498,0.0538,0.2458,0
2015-02-19,2.11,2.221,0.0279,-0.1816,0.1456,-0.1029,0.4334,0.37,1.74,0.1735,0.0781,0.2689,0
2015-02-20,2.13,2.2251,0.0294,-0.1695,0.1417,-0.0967,0.434,0.38,1.75,0.1711,0.0653,0.277,0
2015-02-23,2.06,2.2103,0.0239,-0.1858,0.1131,-0.1015,0.4351,0.34,1.72,0.137,0.0269,0.2472,0
2015-02-24,1.99,2.192,0.0168,-0.2011,0.0817,-0.0994,0.4194,0.27,1.72,0.0985,-0.0131,0.2101,0
2015-02-25,1.96,2.1852,0.0145,-0.1938,0.0504,-0.0962,0.4031,0.24,1.72,0.0649,-0.0674,0.1971,0
2015-02-26,2.03,2.1966,0.0189,-0.1645,0.0618,-0.0828,0.3726,0.24,1.79,0.0807,-0.0586,0.2199,0
2015-02-27,2.0,2.1892,0.0164,-0.1714,0.053,-0.0872,0.319,0.17,1.83,0.0694,-0.0674,0.2061,0
2015-03-02,2.08,2.2097,0.0237,-0.1698,0.1045,-0.0881,0.3476,0.25,1.83,0.1282,0.0107,0.2456,0
2015-03-03,2.12,2.2184,0.027,-0.1581,0.1206,-0.0879,0.3288,0.26,1.86,0.1476,0.0322,0.2631,0
2015-03-04,2.12,2.2178,0.0268,-0.1659,0.1265,-0.0852,0.3244,0.25,1.87,0.1533,0.0444,0.2623,0
2015-03-05,2.11,2.2154,0.0259,-0.1794,0.127,-0.0789,0.3529,0.27,1.84,0.1529,0.0482,0.2575,0
2015-03-06,2.24,2.2477,0.0377,-0.1566,0.196,-0.0848,0.3919,0.41,1.83,0.2337,0.1464,0.321,0
2015-03-09,2.2,2.2382,0.0338,-0.1653,0.169,-0.0757,0.4376,0.44,1.76,0.2028,0.1048,0.3008,0
2015-03-10,2.14,2.2232,0.0281,-0.1668,0.1326,-0.0771,0.4558,0.41,1.73,0.1607,0.0509,0.2705,0
2015-03-11,2.11,2.2154,0.0254,-0.158,0.1066,-0.0794,0.4591,0.39,1.72,0.132,0.0089,0.255,0
2015-03-12,2.1,2.2133,0.0243,-0.168,0.1166,-0.0862,0.4687,0.39,1.71,0.1409,0.0315,0.2503,0
2015-03-13,2.13,2.2191,0.026,-0.1622,0.1228,-0.0757,0.5016,0.44,1.69,0.1488,0.0375,0.2602,0
2015-03-16,2.1,2.213,0.0225,-0.1647,0.1097,-0.0805,0.5214,0.45,1.65,0.1322,0.0211,0.2434,0
2015-03-17,2.06,2.2022,0.0183,-0.1511,0.0639,-0.0733,0.5272,0.42,1.64,0.0822,-0.0565,0.2209,0
2015-03-18,1.93,2.1693,0.0068,-0.1896,0.0288,-0.0853,0.439,0.23,1.7,0.0356,-0.0876,0.1588,0
2015-03-19,1.98,2.181,0.0111,-0.1651,0.0307,-0.0777,0.3917,0.19,1.79,0.0418,-0.0978,0.1813,0
2015-03-20,1.93,2.1708,0.0075,-0.1883,0.0182,-0.0783,0.3854,0.17,1.76,0.0257,-0.1108,0.1623,0
2015-03-23,1.92,2.1689,0.0067,-0.2009,0.0237,-0.0784,0.3914,0.17,1.75,0.0304,-0.0976,0.1583,0
2015-03-24,1.88,2.1581,0.0026,-0.2005,-0.0038,-0.0764,0.349,0.11,1.77,-0.0012,-0.1388,0.1364,0
2015-03-25,1.93,2.1689,0.0064,-0.1894,0.0169,-0.0727,0.3254,0.12,1.81,0.0233,-0.1108,0.1573,0
2015-03-26,2.01,2.1912,0.014,-0.1869,0.0776,-0.0859,0.3355,0.21,1.8,0.0916,-0.0162,0.1994,0
2015-03-27,1.95,2.1789,0.0097,-0.1993,0.0446,-0.0838,0.3585,0.19,1.76,0.0543,-0.0675,0.176,0
2015-03-30,1.96,2.1817,0.01,-0.2103,0.0656,-0.087,0.3799,0.23,1.73,0.0756,-0.0278,0.179,0
2015-03-31,1.94,2.1747,0.007,-0.2154,0.052,-0.0784,0.3602,0.18,1.76,0.059,-0.046,0.1641,0
2015-04-01,1.87,2.1581,0.0013,-0.22,0.0101,-0.0795,0.3079,0.07,1.8,0.0114,-0.11,0.1328,0
2015-04-02,1.92,2.1701,0.0061,-0.2274,0.0474,-0.0762,0.3174,0.11,1.81,0.0535,-0.0515,0.1585,0
2015-04-03,1.85,2.1529,-0.0002,-0.2528,0.0232,-0.0731,0.2793,0.02,1.83,0.023,-0.0788,0.1249,0
2015-04-06,1.92,2.1709,0.0059,-0.2513,0.0704,-0.0759,0.277,0.07,1.85,0.0763,-0.0067,0.1593,0
2015-04-07,1.89,2.1669,0.0048,-0.242,0.0425,-0.0823,0.2703,0.04,1.85,0.0473,-0.0572,0.1519,0
2015-04-08,1.92,2.1715,0.0066,-0.2418,0.0549,-0.0712,0.2993,0.08,1.84,0.0615,-0.0382,0.1613,0
2015-04-09,1.97,2.1841,0.0114,-0.2291,0.0817,-0.0781,0.3159,0.13,1.84,0.0931,-0.0004,0.1866,0
2015-04-10,1.96,2.1826,0.0112,-0.2204,0.0645,-0.0779,0.332,0.14,1.82,0.0757,-0.0338,0.1852,0
2015-04-13,1.94,2.1785,0.0094,-0.2311,0.0718,-0.0886,0.3323,0.14,1.8,0.0812,-0.0132,0.1756,0
2015-04-14,1.9,2.1691,0.0059,-0.2395,0.0528,-0.0883,0.3262,0.1,1.8,0.0587,-0.0399,0.1573,0
2015-04-15,1.91,2.1683,0.006,-0.2495,0.0652,-0.08,0.3026,0.07,1.84,0.0712,-0.0153,0.1576,0
2015-04-16,1.9,2.1672,0.0055,-0.2627,0.0709,-0.0809,0.2851,0.05,1.85,0.0764,-0.0025,0.1553,0
2015-04-17,1.87,2.1602,0.003,-0.2496,0.0358,-0.0794,0.2475,-0.02,1.89,0.0388,-0.0638,0.1414,0
2015-04-20,1.9,2.1672,0.0049,-0.2472,0.0519,-0.0768,0.2499,0.01,1.89,0.0568,-0.0391,0.1528,0
2015-04-21,1.92,2.1751,0.0082,-0.253,0.0783,-0.0886,0.275,0.06,1.86,0.0865,0.0034,0.1696,0
2015-04-22,1.99,2.1923,0.0143,-0.2429,0.1192,-0.0929,0.2838,0.12,1.87,0.1335,0.0642,0.2028,0
2015-04-23,1.96,2.1829,0.0111,-0.2532,0.102,-0.0828,0.2624,0.07,1.89,0.1131,0.0407,0.1854,0
2015-04-24,1.93,2.1771,0.0086,-0.2586,0.0914,-0.0884,0.2524,0.04,1.89,0.1,0.0272,0.1727,0
2015-04-27,1.94,2.178,0.0087,-0.2465,0.0775,-0.0777,0.2472,0.03,1.91,0.0862,-0.0014,0.1738,0
2015-04-28,2.0,2.1935,0.0147,-0.246,0.12,-0.0823,0.2742,0.11,1.89,0.1347,0.0638,0.2056,0
2015-04-29,2.06,2.2082,0.0208,-0.2512,0.1738,-0.0916,0.2695,0.14,1.92,0.1946,0.1516,0.2375,0
2015-04-30,2.05,2.2067,0.0209,-0.2523,0.1659,-0.0912,0.271,0.11,1.94,0.1868,0.1369,0.2367,0
2015-05-01,2.12,2.2253,0.0281,-0.2388,0.2072,-0.1018,0.2727,0.18,1.94,0.2353,0.1956,0.275,0
2015-05-04,2.16,2.2347,0.0308,-0.2524,0.2464,-0.0995,0.2984,0.24,1.92,0.2772,0.2633,0.2911,0
2015-05-05,2.19,2.2401,0.0329,-0.2421,0.2489,-0.0898,0.3073,0.25,1.94,0.2818,0.2619,0.3016,0
2015-05-06,2.25,2.2554,0.0383,-0.2422,0.2919,-0.0934,0.3451,0.34,1.91,0.3302,0.3288,0.3316,0
2015-05-07,2.18,2.2398,0.0328,-0.2365,0.2371,-0.0933,0.3418,0.3,1.88,0.2699,0.2386,0.3013,0
2015-05-08,2.16,2.233,0.0301,-0.2551,0.2464,-0.0944,0.3384,0.28,1.88,0.2765,0.2653,0.2876,0
2015-05-11,2.28,2.2626,0.0404,-0.2424,0.316,-0.0966,0.3718,0.4,1.88,0.3564,0.3687,0.3442,0
2015-05-12,2.28,2.263,0.0405,-0.2546,0.3301,-0.099,0.3696,0.4,1.88,0.3706,0.396,0.3451,0
2015-05-13,2.27,2.2678,0.0419,-0.2704,0.3639,-0.1332,0.3417,0.41,1.86,0.4058,0.4576,0.354,0
2015-05-14,2.23,2.2598,0.0389,-0.2908,0.346,-0.1239,0.3584,0.36,1.87,0.3849,0.4312,0.3386,0
2015-05-15,2.14,2.2394,0.031,-0.2885,0.2791,-0.1211,0.3474,0.31,1.83,0.3101,0.3238,0.2965,0
2015-05-18,2.23,2.2586,0.0382,-0.2777,0.33,-0.1191,0.3612,0.37,1.86,0.3682,0.4014,0.3349,0
2015-05-19,2.27,2.2698,0.043,-0.2576,0.3358,-0.121,0.3789,0.42,1.85,0.3788,0.3985,0.3591,0
2015-05-20,2.26,2.2641,0.0409,-0.2706,0.3419,-0.1163,0.361,0.38,1.88,0.3828,0.4177,0.3478,0
2015-05-21,2.19,2.2483,0.0354,-0.2724,0.2879,-0.1093,0.3578,0.35,1.84,0.3233,0.3291,0.3176,0
2015-05-22,2.21,2.2539,0.0373,-0.2494,0.2873,-0.1191,0.3499,0.34,1.87,0.3246,0.3215,0.3276,0
2015-05-26,2.14,2.2357,0.0308,-0.2475,0.2255,-0.1045,0.3819,0.32,1.82,0.2563,0.221,0.2915,0
2015-05-27,2.14,2.2328,0.0298,-0.2374,0.2162,-0.1015,0.406,0.34,1.8,0.246,0.2064,0.2856,0
2015-05-28,2.13,2.2314,0.0295,-0.2474,0.2304,-0.1139,0.4147,0.33,1.8,0.2599,0.2359,0.2839,0
2015-05-29,2.12,2.2273,0.0285,-0.2548,0.2297,-0.1107,0.3919,0.32,1.8,0.2582,0.2385,0.278,0
2015-06-01,2.19,2.2444,0.0345,-0.248,0.2659,-0.1067,0.4169,0.39,1.8,0.3004,0.2899,0.3108,0
2015-06-02,2.27,2.2634,0.0416,-0.2412,0.3214,-0.1152,0.4166,0.44,1.83,0.363,0.3774,0.3487,0
2015-06-03,2.38,2.2914,0.0519,-0.2324,0.3937,-0.1246,0.4375,0.55,1.83,0.4456,0.4867,0.4045,0
2015-06-04,2.31,2.2744,0.0455,-0.2369,0.3424,-0.1153,0.4332,0.5,1.81,0.3879,0.4053,0.3704,0
2015-06-05,2.41,2.2957,0.0535,-0.2052,0.3803,-0.1143,0.4257,0.55,1.86,0.4338,0.4551,0.4124,0
2015-06-08,2.39,2.2922,0.0521,-0.2168,0.3827,-0.1202,0.4193,0.54,1.85,0.4348,0.4644,0.4052,0
2015-06-09,2.42,2.2993,0.0548,-0.2172,0.404,-0.1209,0.4191,0.56,1.86,0.4588,0.4976,0.42,0
2015-06-10,2.5,2.316,0.0605,-0.21,0.4456,-0.1121,0.4356,0.63,1.87,0.5061,0.561,0.4511,0
2015-06-11,2.39,2.2926,0.052,-0.2092,0.3684,-0.1138,0.4395,0.56,1.83,0.4204,0.4358,0.405,0
2015-06-12,2.39,2.2907,0.0514,-0.1937,0.356,-0.1144,0.4363,0.55,1.84,0.4074,0.4136,0.4012,0
2015-06-15,2.36,2.2823,0.0481,-0.2049,0.3472,-0.1128,0.4234,0.51,1.85,0.3953,0.407,0.3837,0
2015-06-16,2.32,2.2716,0.044,-0.209,0.3253,-0.1118,0.3786,0.44,1.88,0.3693,0.3765,0.362,0
2015-06-17,2.32,2.2713,0.0438,-0.233,0.3482,-0.1103,0.3584,0.42,1.9,0.392,0.4223,0.3617,0
2015-06-18,2.35,2.2823,0.0479,-0.2431,0.379,-0.1161,0.3753,0.46,1.89,0.4269,0.4693,0.3846,0
2015-06-19,2.26,2.2626,0.0417,-0.2536,0.3209,-0.1116,0.3774,0.4,1.86,0.3626,0.3759,0.3493,0
2015-06-22,2.37,2.2867,0.0497,-0.2377,0.3878,-0.1165,0.3768,0.47,1.9,0.4375,0.4811,0.3939,0
2015-06-23,2.42,2.2978,0.0535,-0.235,0.4167,-0.113,0.3749,0.5,1.92,0.4702,0.5256,0.4148,0
2015-06-24,2.38,2.2913,0.0514,-0.2378,0.3969,-0.1218,0.3738,0.48,1.9,0.4483,0.4935,0.4031,0
2015-06-25,2.4,2.2948,0.0532,-0.2335,0.4022,-0.1167,0.3795,0.49,1.91,0.4554,0.4994,0.4115,0
2015-06-26,2.49,2.3153,0.0603,-0.2349,0.4671,-0.1178,0.3923,0.57,1.92,0.5274,0.6038,0.4511,0
2015-06-29,2.33,2.2797,0.0463,-0.2523,0.3724,-0.1161,0.3849,0.46,1.87,0.4187,0.4599,0.3774,0
2015-06-30,2.35,2.2829,0.047,-0.2497,0.3836,-0.1138,0.3942,0.48,1.87,0.4306,0.4794,0.3819,0
2015-07-01,2.43,2.3028,0.0536,-0.2434,0.4371,-0.1201,0.4008,0.54,1.89,0.4907,0.5629,0.4185,0
2015-07-02,2.4,2.2943,0.0511,-0.2655,0.4361,-0.116,0.3762,0.49,1.91,0.4872,0.5696,0.4048,0
2015-07-06,2.3,2.2717,0.0432,-0.2737,0.3678,-0.109,0.3787,0.43,1.87,0.411,0.4607,0.3614,0
2015-07-07,2.27,2.2631,0.0401,-0.2644,0.3359,-0.1047,0.3753,0.4,1.87,0.376,0.4071,0.3448,0
2015-07-08,2.22,2.2507,0.0356,-0.2749,0.3076,-0.099,0.3921,0.39,1.83,0.3432,0.3659,0.3204,0
2015-07-09,2.32,2.2745,0.044,-0.2701,0.3795,-0.1079,0.4058,0.47,1.85,0.4235,0.4803,0.3667,0
2015-07-10,2.42,2.3,0.0534,-0.2508,0.432,-0.1146,0.4171,0.55,1.87,0.4854,0.554,0.4167,0
2015-07-13,2.44,2.3057,0.0554,-0.2533,0.4489,-0.1168,0.4372,0.58,1.86,0.5043,0.5811,0.4276,0
2015-07-14,2.41,2.2966,0.0521,-0.2626,0.4322,-0.1083,0.4345,0.56,1.85,0.4843,0.5587,0.4099,0
2015-07-15,2.36,2.2823,0.0464,-0.2625,0.388,-0.0943,0.4352,0.52,1.84,0.4344,0.4888,0.3801,0
2015-07-16,2.36,2.2814,0.0466,-0.2415,0.3646,-0.0911,0.4462,0.52,1.84,0.4112,0.4431,0.3793,0
2015-07-17,2.34,2.2791,0.0458,-0.2268,0.3486,-0.1067,0.4603,0.51,1.83,0.3944,0.4143,0.3744,0
2015-07-20,2.38,2.2825,0.0465,-0.2079,0.3447,-0.0859,0.475,0.56,1.82,0.3912,0.4041,0.3784,0
2015-07-21,2.35,2.2735,0.0435,-0.2114,0.3297,-0.0853,0.4711,0.53,1.82,0.3732,0.3848,0.3616,0
2015-07-22,2.33,2.2675,0.0414,-0.201,0.2999,-0.0778,0.4824,0.53,1.8,0.3413,0.3327,0.3498,0
2015-07-23,2.28,2.2532,0.0364,-0.1998,0.257,-0.0668,0.5029,0.49,1.79,0.2934,0.2647,0.3221,0
2015-07-24,2.27,2.2521,0.036,-0.2041,0.2649,-0.0789,0.532,0.51,1.76,0.3009,0.282,0.3199,0
2015-07-27,2.23,2.2417,0.0314,-0.2191,0.2515,-0.0756,0.5456,0.5,1.73,0.2829,0.2691,0.2968,0
2015-07-28,2.26,2.2481,0.0338,-0.2164,0.2707,-0.0762,0.5455,0.51,1.75,0.3045,0.2996,0.3095,0
2015-07-29,2.29,2.255,0.0363,-0.213,0.2891,-0.0774,0.526,0.52,1.77,0.3254,0.3276,0.3232,0
2015-07-30,2.28,2.2523,0.0352,-0.1988,0.2599,-0.0686,0.5237,0.51,1.77,0.2951,0.2731,0.317,0
2015-07-31,2.2,2.2355,0.0293,-0.2187,0.2328,-0.0788,0.515,0.46,1.74,0.2621,0.2393,0.2849,0
2015-08-03,2.16,2.2254,0.0245,-0.2154,0.193,-0.0675,0.5474,0.46,1.7,0.2175,0.1741,0.2609,0
2015-08-04,2.23,2.2391,0.0294,-0.1809,0.202,-0.0596,0.5696,0.52,1.71,0.2314,0.1764,0.2865,0
2015-08-05,2.28,2.2498,0.0331,-0.1655,0.2238,-0.0612,0.5853,0.58,1.7,0.2569,0.2068,0.3069,0
2015-08-06,2.23,2.2396,0.0296,-0.1752,0.2045,-0.0685,0.5872,0.56,1.67,0.2341,0.1807,0.2875,0
2015-08-07,2.18,2.2253,0.0236,-0.1585,0.1467,-0.0571,0.5905,0.52,1.66,0.1703,0.0847,0.2558,0
2015-08-10,2.24,2.2365,0.0269,-0.1562,0.193,-0.0602,0.5752,0.55,1.69,0.2199,0.165,0.2749,0
2015-08-11,2.15,2.2186,0.0204,-0.1821,0.1539,-0.0608,0.6024,0.49,1.66,0.1743,0.1085,0.2401,0
2015-08-12,2.14,2.2194,0.0205,-0.1917,0.1683,-0.0765,0.6219,0.52,1.62,0.1888,0.136,0.2416,0
2015-08-13,2.19,2.2312,0.0245,-0.1765,0.1871,-0.0763,0.6415,0.57,1.62,0.2116,0.1595,0.2636,0
2015-08-14,2.2,2.2332,0.0252,-0.1643,0.184,-0.0781,0.6453,0.58,1.62,0.2092,0.1516,0.2669,0
2015-08-17,2.16,2.2256,0.0225,-0.1697,0.1646,-0.083,0.6618,0.58,1.58,0.1871,0.1221,0.2521,0
2015-08-18,2.2,2.235,0.0255,-0.1722,0.2009,-0.0892,0.6725,0.62,1.58,0.2264,0.1834,0.2693,0
2015-08-19,2.12,2.2155,0.019,-0.2005,0.1674,-0.0814,0.6703,0.55,1.57,0.1864,0.1392,0.2337,0
2015-08-20,2.09,2.2094,0.017,-0.1897,0.1341,-0.0808,0.6712,0.53,1.56,0.1511,0.0798,0.2224,0
2015-08-21,2.05,2.2014,0.0143,-0.2173,0.1397,-0.0882,0.6769,0.52,1.53,0.154,0.1003,0.2078,0
2015-08-24,2.01,2.1956,0.0118,-0.2397,0.14,-0.0977,0.6995,0.52,1.49,0.1518,0.1079,0.1957,0
2015-08-25,2.12,2.223,0.0218,-0.2255,0.2113,-0.1107,0.6925,0.59,1.53,0.2331,0.2164,0.2499,0
2015-08-26,2.18,2.2413,0.0281,-0.2481,0.2811,-0.1225,0.7098,0.65,1.53,0.3092,0.3333,0.2852,0
2015-08-27,2.18,2.24,0.0275,-0.2373,0.2678,-0.118,0.6657,0.6,1.58,0.2953,0.3088,0.2817,0
2015-08-28,2.19,2.2409,0.0271,-0.2181,0.2437,-0.1036,0.6495,0.58,1.61,0.2708,0.2613,0.2802,0
2015-08-31,2.21,2.244,0.0274,-0.2046,0.241,-0.0978,0.6337,0.58,1.63,0.2684,0.254,0.2829,0
2015-09-01,2.17,2.2364,0.0248,-0.2215,0.225,-0.0948,0.6741,0.6,1.57,0.2498,0.231,0.2686,0
2015-09-02,2.2,2.2427,0.0272,-0.2179,0.241,-0.0931,0.694,0.64,1.56,0.2682,0.2548,0.2817,0
2015-09-03,2.18,2.2377,0.0257,-0.2213,0.2267,-0.0888,0.7133,0.64,1.54,0.2524,0.2315,0.2732,0
2015-09-04,2.13,2.2265,0.022,-0.2187,0.1894,-0.0892,0.7278,0.62,1.51,0.2114,0.1705,0.2523,0
2015-09-08,2.2,2.2403,0.0259,-0.2062,0.2226,-0.0826,0.7332,0.67,1.53,0.2485,0.2218,0.2752,0
2015-09-09,2.21,2.2381,0.0255,-0.2037,0.2171,-0.067,0.7213,0.65,1.56,0.2426,0.2132,0.2719,0
2015-09-10,2.23,2.2444,0.0279,-0.2057,0.247,-0.0837,0.7008,0.64,1.59,0.2749,0.2645,0.2854,0
2015-09-11,2.2,2.2382,0.0259,-0.2142,0.2332,-0.0831,0.6918,0.61,1.59,0.2591,0.2438,0.2744,0
2015-09-14,2.18,2.2365,0.0246,-0.2175,0.228,-0.0916,0.708,0.62,1.56,0.2526,0.2367,0.2685,0
2015-09-15,2.28,2.2606,0.0331,-0.2004,0.284,-0.0973,0.7231,0.72,1.56,0.3171,0.3199,0.3144,0
2015-09-16,2.3,2.2654,0.0358,-0.2045,0.3013,-0.0981,0.7171,0.73,1.57,0.3371,0.3467,0.3276,0
2015-09-17,2.21,2.2437,0.0302,-0.2444,0.2788,-0.0983,0.676,0.63,1.58,0.309,0.3235,0.2945,0
2015-09-18,2.13,2.2283,0.0265,-0.2643,0.2357,-0.0962,0.6829,0.58,1.55,0.2622,0.2528,0.2715,0
2015-09-21,2.2,2.2444,0.0324,-0.2617,0.2816,-0.0967,0.7011,0.66,1.54,0.314,0.3247,0.3034,0
2015-09-22,2.14,2.2291,0.0274,-0.2735,0.2441,-0.0872,0.7134,0.63,1.51,0.2715,0.2679,0.2751,0
2015-09-23,2.16,2.2315,0.0285,-0.2673,0.2507,-0.0834,0.7173,0.64,1.52,0.2792,0.2778,0.2806,0
2015-09-24,2.13,2.2252,0.0264,-0.2679,0.2315,-0.0852,0.7424,0.64,1.49,0.2579,0.2469,0.269,0
2015-09-25,2.17,2.2343,0.0304,-0.2642,0.255,-0.0855,0.7725,0.71,1.46,0.2854,0.2814,0.2893,0
2015-09-28,2.1,2.2174,0.0235,-0.2625,0.1982,-0.0766,0.8199,0.71,1.39,0.2217,0.1902,0.2532,0
2015-09-29,2.05,2.2026,0.0179,-0.2707,0.1759,-0.0757,0.8009,0.66,1.39,0.1938,0.1637,0.2238,0
2015-09-30,2.06,2.2053,0.019,-0.2784,0.1918,-0.0776,0.785,0.65,1.41,0.2108,0.1918,0.2297,0
2015-10-01,2.05,2.2023,0.0181,-0.2708,0.178,-0.0776,0.7451,0.59,1.46,0.1961,0.1681,0.2241,0
2015-10-02,1.99,2.1883,0.0133,-0.2989,0.1672,-0.0799,0.7024,0.51,1.48,0.1805,0.1626,0.1984,0
2015-10-05,2.07,2.2071,0.0199,-0.2924,0.2119,-0.0765,0.7018,0.56,1.51,0.2318,0.2288,0.2349,0
2015-10-06,2.05,2.2035,0.0184,-0.2919,0.1955,-0.0755,0.6791,0.53,1.52,0.2139,0.2009,0.2269,0
2015-10-07,2.08,2.2092,0.0203,-0.287,0.206,-0.0685,0.6724,0.53,1.55,0.2263,0.2156,0.2371,0
2015-10-08,2.12,2.2184,0.0239,-0.2835,0.2348,-0.0736,0.652,0.54,1.58,0.2587,0.2609,0.2564,0
2015-10-09,2.12,2.2211,0.0251,-0.2747,0.2201,-0.0715,0.6845,0.58,1.54,0.2452,0.2281,0.2622,0
2015-10-13,2.06,2.2057,0.0193,-0.2878,0.1928,-0.07,0.6838,0.54,1.52,0.2121,0.1932,0.2311,0
2015-10-14,1.99,2.1896,0.013,-0.3032,0.1655,-0.0749,0.6938,0.5,1.49,0.1785,0.1585,0.1985,0
2015-10-15,2.04,2.2005,0.0168,-0.2876,0.1815,-0.0712,0.6967,0.54,1.5,0.1983,0.1776,0.219,0
2015-10-16,2.04,2.2028,0.0181,-0.2802,0.1778,-0.0785,0.7091,0.56,1.48,0.1959,0.1668,0.225,0
2015-10-19,2.04,2.2044,0.0173,-0.2824,0.1878,-0.0871,0.7301,0.59,1.45,0.2051,0.187,0.2231,0
2015-10-20,2.08,2.2138,0.0206,-0.2702,0.2074,-0.0916,0.722,0.6,1.48,0.228,0.2154,0.2407,0
2015-10-21,2.04,2.2048,0.0173,-0.2733,0.1782,-0.0869,0.7327,0.59,1.45,0.1955,0.1679,0.223,0
2015-10-22,2.04,2.2033,0.017,-0.265,0.1736,-0.0889,0.7179,0.57,1.47,0.1906,0.1602,0.221,0
2015-10-23,2.09,2.216,0.0213,-0.2532,0.2023,-0.0964,0.6952,0.58,1.51,0.2236,0.2028,0.2444,0
2015-10-26,2.07,2.2106,0.0186,-0.2519,0.1794,-0.0867,0.7109,0.59,1.48,0.198,0.1653,0.2307,0
2015-10-27,2.05,2.2043,0.0154,-0.2577,0.1738,-0.0858,0.7058,0.57,1.48,0.1892,0.1634,0.215,0
2015-10-28,2.1,2.2184,0.0196,-0.2223,0.174,-0.0897,0.734,0.63,1.47,0.1936,0.1484,0.2387,0
2015-10-29,2.19,2.235,0.0259,-0.2096,0.2235,-0.0848,0.7187,0.67,1.52,0.2494,0.2269,0.2718,0
2015-10-30,2.16,2.229,0.0237,-0.1991,0.1919,-0.0854,0.7036,0.63,1.53,0.2156,0.1715,0.2596,0
2015-11-02,2.2,2.2372,0.0255,-0.1802,0.2037,-0.0861,0.6951,0.65,1.55,0.2292,0.1876,0.2707,0
2015-11-03,2.23,2.2451,0.0284,-0.1754,0.2248,-0.0929,0.6705,0.65,1.58,0.2532,0.2199,0.2865,0
2015-11-04,2.25,2.2499,0.0302,-0.1545,0.205,-0.0806,0.6868,0.68,1.57,0.2352,0.1748,0.2956,0
2015-11-05,2.26,2.2519,0.0312,-0.1576,0.2185,-0.084,0.7067,0.71,1.55,0.2497,0.1992,0.3002,0
2015-11-06,2.34,2.2699,0.0367,-0.1222,0.2478,-0.0921,0.6805,0.75,1.59,0.2845,0.2382,0.3308,0
2015-11-09,2.36,2.2751,0.0375,-0.1178,0.2588,-0.0936,0.6647,0.76,1.6,0.2963,0.2554,0.3372,0
2015-11-10,2.32,2.2718,0.036,-0.1291,0.2573,-0.116,0.6796,0.77,1.55,0.2933,0.2568,0.3298,0
2015-11-12,2.32,2.273,0.0363,-0.1273,0.2605,-0.1225,0.6883,0.78,1.54,0.2968,0.262,0.3317,0
2015-11-13,2.28,2.2647,0.0342,-0.1492,0.2532,-0.1229,0.7219,0.76,1.52,0.2874,0.2555,0.3193,0
2015-11-16,2.27,2.261,0.032,-0.1555,0.2518,-0.1192,0.7315,0.76,1.51,0.2838,0.2587,0.3089,0
2015-11-17,2.25,2.2554,0.0295,-0.1444,0.2275,-0.1181,0.7153,0.72,1.53,0.257,0.2181,0.2959,0
2015-11-18,2.27,2.2591,0.0319,-0.1364,0.2307,-0.1154,0.7016,0.71,1.56,0.2626,0.2186,0.3066,0
2015-11-19,2.24,2.2519,0.0299,-0.1367,0.2122,-0.1173,0.6785,0.68,1.56,0.2421,0.1896,0.2946,0
2015-11-20,2.26,2.2547,0.0311,-0.13,0.2189,-0.1147,0.6565,0.66,1.6,0.25,0.1993,0.3007,0
2015-11-23,2.25,2.2506,0.0283,-0.1265,0.2025,-0.1049,0.6446,0.64,1.61,0.2308,0.1742,0.2874,0
2015-11-24,2.24,2.2463,0.0262,-0.1271,0.195,-0.1003,0.6336,0.62,1.62,0.2212,0.1655,0.2769,0
2015-11-25,2.23,2.2464,0.0254,-0.1192,0.1848,-0.1075,0.6363,0.62,1.61,0.2102,0.1466,0.2739,0
2015-11-27,2.22,2.2441,0.0246,-0.1263,0.1851,-0.1074,0.6353,0.62,1.6,0.2097,0.1497,0.2697,0
2015-11-30,2.21,2.2426,0.0227,-0.1133,0.1678,-0.1098,0.6448,0.62,1.59,0.1905,0.1199,0.2612,0
2015-12-01,2.15,2.2271,0.0169,-0.1212,0.1316,-0.1044,0.6456,0.58,1.57,0.1485,0.0666,0.2304,0
2015-12-02,2.18,2.2334,0.0192,-0.1067,0.1358,-0.1018,0.6677,0.62,1.56,0.155,0.0677,0.2424,0
2015-12-03,2.33,2.2671,0.0307,-0.0902,0.2344,-0.112,0.6671,0.72,1.61,0.2651,0.2243,0.306,0
2015-12-04,2.28,2.2569,0.0259,-0.0867,0.1919,-0.108,0.6608,0.68,1.6,0.2178,0.154,0.2816,0
2015-12-07,2.23,2.2448,0.0187,-0.0769,0.1465,-0.1031,0.6878,0.67,1.56,0.1652,0.083,0.2473,0
2015-12-08,2.24,2.2446,0.0177,-0.0752,0.1541,-0.1011,0.6879,0.68,1.56,0.1718,0.1002,0.2434,0
2015-12-09,2.22,2.2411,0.0173,-0.0939,0.1553,-0.0998,0.715,0.69,1.53,0.1726,0.1047,0.2406,0
2015-12-10,2.24,2.247,0.0192,-0.084,0.1607,-0.1029,0.7378,0.73,1.51,0.1799,0.1088,0.2509,0
2015-12-11,2.13,2.2211,0.0104,-0.1118,0.114,-0.1037,0.7385,0.67,1.46,0.1244,0.046,0.2029,0
2015-12-14,2.23,2.2455,0.0187,-0.0885,0.1617,-0.1075,0.7755,0.78,1.45,0.1804,0.1125,0.2484,0
2015-12-15,2.28,2.2544,0.0223,-0.0787,0.1822,-0.1002,0.7648,0.8,1.48,0.2045,0.1423,0.2667,0
2015-12-16,2.3,2.2619,0.0264,-0.064,0.1846,-0.1088,0.7537,0.84,1.46,0.211,0.136,0.2859,0
2015-12-17,2.24,2.2449,0.0216,-0.0595,0.1271,-0.094,0.7358,0.77,1.47,0.1487,0.04,0.2573,0
2015-12-18,2.19,2.2342,0.0183,-0.0712,0.111,-0.1023,0.7536,0.73,1.46,0.1293,0.0201,0.2385,0
2015-12-21,2.2,2.2342,0.017,-0.0737,0.117,-0.0945,0.7731,0.75,1.45,0.134,0.0342,0.2339,0
2015-12-22,2.24,2.2435,0.0214,-0.0694,0.1423,-0.0977,0.7466,0.78,1.46,0.1637,0.0715,0.2559,0
2015-12-23,2.27,2.2513,0.0247,-0.0692,0.1664,-0.1032,0.7149,0.76,1.51,0.1911,0.1095,0.2727,0
2015-12-24,2.25,2.2471,0.0227,-0.0635,0.1423,-0.0986,0.7057,0.73,1.52,0.165,0.0675,0.2625,0
2015-12-28,2.24,2.2444,0.0211,-0.0573,0.1293,-0.0975,0.7123,0.74,1.5,0.1504,0.0461,0.2547,0
2015-12-29,2.32,2.2627,0.028,-0.0453,0.1729,-0.0983,0.7157,0.79,1.53,0.2009,0.1103,0.2915,0
2015-12-30,2.31,2.2623,0.029,-0.0564,0.1813,-0.1062,0.709,0.77,1.54,0.2103,0.1255,0.295,0
2015-12-31,2.27,2.2543,0.0256,-0.0589,0.1633,-0.1143,0.6879,0.73,1.54,0.1889,0.1002,0.2776,0
2016-01-04,2.24,2.2464,0.0224,-0.0635,0.1415,-0.1068,0.6747,0.69,1.55,0.1639,0.0666,0.2611,0
2016-01-05,2.25,2.2486,0.0231,-0.0714,0.1532,-0.1035,0.6687,0.69,1.56,0.1763,0.0876,0.265,0
2016-01-06,2.18,2.2326,0.0176,-0.0923,0.1197,-0.0975,0.6916,0.65,1.53,0.1373,0.0395,0.2351,0
2016-01-07,2.16,2.226,0.0152,-0.108,0.1178,-0.091,0.7066,0.66,1.5,0.133,0.0434,0.2227,0
2016-01-08,2.13,2.22,0.013,-0.1174,0.1089,-0.0946,0.7082,0.65,1.48,0.1219,0.0326,0.2112,0
2016-01-11,2.17,2.2304,0.0156,-0.127,0.1463,-0.0953,0.7446,0.72,1.45,0.1619,0.096,0.2278,0
2016-01-12,2.12,2.2174,0.0109,-0.1268,0.1046,-0.0861,0.7494,0.69,1.43,0.1155,0.0286,0.2024,0
2016-01-13,2.08,2.2062,0.0069,-0.1335,0.0795,-0.0791,0.7453,0.65,1.43,0.0864,-0.0081,0.1808,0
2016-01-14,2.1,2.2134,0.0103,-0.1433,0.1134,-0.0938,0.7396,0.67,1.43,0.1237,0.0492,0.1981,0
2016-01-15,2.03,2.2006,0.0074,-0.1672,0.083,-0.0937,0.7808,0.67,1.36,0.0904,0.0008,0.18,0
2016-01-19,2.06,2.2032,0.0083,-0.1546,0.0859,-0.0828,0.7607,0.68,1.38,0.0942,0.0035,0.1849,0
2016-01-20,2.01,2.1933,0.0055,-0.175,0.0668,-0.0806,0.7894,0.69,1.32,0.0723,-0.0242,0.1687,0
2016-01-21,2.02,2.1961,0.0057,-0.174,0.0802,-0.088,0.807,0.74,1.28,0.0859,0.0007,0.1711,0
2016-01-22,2.07,2.2043,0.0078,-0.1555,0.0932,-0.0798,0.778,0.72,1.35,0.101,0.0186,0.1835,0
2016-01-25,2.03,2.1957,0.0039,-0.1562,0.0628,-0.0762,0.7729,0.69,1.34,0.0667,-0.0305,0.1639,0
2016-01-26,2.01,2.1913,0.0015,-0.1588,0.0613,-0.0853,0.7552,0.65,1.36,0.0628,-0.0265,0.1521,0
2016-01-27,2.02,2.1918,0.0019,-0.1648,0.0684,-0.0773,0.7322,0.62,1.4,0.0703,-0.0137,0.1543,0
2016-01-28,2.0,2.188,-0.0002,-0.1737,0.0649,-0.079,0.7088,0.58,1.42,0.0647,-0.015,0.1444,0
2016-01-29,1.94,2.1754,-0.0046,-0.1948,0.0478,-0.0838,0.6932,0.53,1.41,0.0432,-0.0343,0.1208,0
2016-02-01,1.97,2.1849,-0.0025,-0.1755,0.0524,-0.0893,0.7005,0.57,1.4,0.0499,-0.0346,0.1343,0
2016-02-02,1.87,2.161,-0.0116,-0.1972,0.0019,-0.0841,0.71,0.51,1.36,-0.0097,-0.1057,0.0863,0
2016-02-03,1.88,2.163,-0.011,-0.209,0.0264,-0.0894,0.7016,0.5,1.38,0.0154,-0.0593,0.0901,0
2016-02-04,1.87,2.1624,-0.0107,-0.2189,0.0259,-0.0887,0.7134,0.51,1.36,0.0152,-0.0612,0.0916,0
2016-02-05,1.86,2.1595,-0.0121,-0.2142,0.0036,-0.0768,0.7403,0.53,1.33,-0.0085,-0.1013,0.0842,0
2016-02-08,1.75,2.1353,-0.0202,-0.2304,-0.0566,-0.0782,0.7952,0.52,1.23,-0.0768,-0.1929,0.0394,0
2016-02-09,1.74,2.1314,-0.0219,-0.2262,-0.0697,-0.0737,0.8181,0.53,1.21,-0.0916,-0.2135,0.0304,0
2016-02-10,1.71,2.124,-0.0242,-0.2124,-0.0939,-0.0835,0.8028,0.5,1.21,-0.1181,-0.2533,0.017,0
2016-02-11,1.63,2.1075,-0.0292,-0.2223,-0.1367,-0.0893,0.8031,0.45,1.18,-0.1659,-0.3202,-0.0117,0
2016-02-12,1.74,2.1304,-0.0205,-0.2012,-0.078,-0.0907,0.7789,0.49,1.25,-0.0985,-0.2311,0.0341,0
2016-02-16,1.78,2.1396,-0.0178,-0.2004,-0.0585,-0.0829,0.7855,0.53,1.25,-0.0763,-0.2026,0.05,0
2016-02-17,1.81,2.1481,-0.0149,-0.1943,-0.0363,-0.0926,0.7756,0.53,1.28,-0.0512,-0.1682,0.0657,0
2016-02-18,1.75,2.1352,-0.0203,-0.2024,-0.0676,-0.0949,0.7835,0.51,1.24,-0.0879,-0.2136,0.0378,0
2016-02-19,1.76,2.1358,-0.0205,-0.1842,-0.0824,-0.0887,0.7597,0.5,1.26,-0.1029,-0.2429,0.037,0
2016-02-22,1.77,2.1374,-0.02,-0.1788,-0.0784,-0.0902,0.7296,0.46,1.31,-0.0984,-0.2365,0.0398,0
2016-02-23,1.74,2.1319,-0.0223,-0.1842,-0.0868,-0.0985,0.7068,0.42,1.32,-0.1091,-0.2462,0.028,0
2016-02-24,1.75,2.1329,-0.0218,-0.1858,-0.0824,-0.093,0.6759,0.39,1.36,-0.1042,-0.2388,0.0305,0
2016-02-25,1.71,2.123,-0.0255,-0.2028,-0.0936,-0.091,0.6398,0.32,1.39,-0.1191,-0.2493,0.011,0
2016-02-26,1.76,2.1381,-0.0202,-0.1774,-0.0825,-0.098,0.6279,0.35,1.41,-0.1027,-0.2448,0.0394,0
2016-02-29,1.74,2.1332,-0.0229,-0.1752,-0.0941,-0.101,0.609,0.32,1.42,-0.117,-0.2606,0.0266,0
2016-03-01,1.83,2.1545,-0.015,-0.1518,-0.049,-0.1087,0.5831,0.35,1.48,-0.064,-0.1963,0.0683,0
2016-03-02,1.84,2.1586,-0.0126,-0.1412,-0.0486,-0.1161,0.5645,0.33,1.51,-0.0612,-0.2021,0.0796,0
2016-03-03,1.83,2.1531,-0.0135,-0.1443,-0.0611,-0.1042,0.5383,0.3,1.53,-0.0746,-0.2216,0.0724,0
2016-03-04,1.88,2.1668,-0.0085,-0.1329,-0.0357,-0.1097,0.5552,0.37,1.51,-0.0442,-0.1878,0.0993,0
2016-03-07,1.91,2.1723,-0.0067,-0.1222,-0.0351,-0.0983,0.5803,0.43,1.48,-0.0418,-0.1924,0.1087,0
2016-03-08,1.83,2.1514,-0.014,-0.1329,-0.0822,-0.0924,0.5727,0.37,1.46,-0.0962,-0.261,0.0687,0
2016-03-09,1.9,2.1635,-0.0094,-0.1247,-0.0459,-0.0835,0.5667,0.39,1.51,-0.0553,-0.204,0.0934,0
2016-03-10,1.93,2.1742,-0.0059,-0.1067,-0.0385,-0.0931,0.5836,0.45,1.48,-0.0444,-0.2009,0.1121,0
2016-03-11,1.98,2.1823,-0.0033,-0.0928,-0.0179,-0.0883,0.5578,0.44,1.54,-0.0212,-0.1694,0.1269,0
2016-03-14,1.97,2.1813,-0.0038,-0.0958,-0.0257,-0.086,0.5701,0.45,1.52,-0.0295,-0.1831,0.1241,0
2016-03-15,1.97,2.1806,-0.0041,-0.0885,-0.0364,-0.0816,0.5912,0.47,1.5,-0.0405,-0.2035,0.1225,0
2016-03-16,1.94,2.1688,-0.0072,-0.1221,-0.0131,-0.0864,0.5129,0.36,1.58,-0.0203,-0.1452,0.1046,0
2016-03-17,1.91,2.1653,-0.0085,-0.135,-0.0282,-0.0835,0.4999,0.34,1.57,-0.0367,-0.1713,0.0979,0
2016-03-18,1.88,2.1586,-0.0105,-0.1513,-0.0325,-0.0843,0.474,0.27,1.61,-0.043,-0.1733,0.0872,0
2016-03-21,1.92,2.1691,-0.0072,-0.1472,-0.01,-0.0847,0.4539,0.28,1.64,-0.0172,-0.1404,0.1059,0
2016-03-22,1.94,2.176,-0.0045,-0.1362,-0.0074,-0.0879,0.4752,0.31,1.63,-0.0119,-0.1434,0.1197,0
2016-03-23,1.88,2.1604,-0.0103,-0.1461,-0.0441,-0.08,0.501,0.3,1.58,-0.0544,-0.1977,0.0889,0
2016-03-24,1.91,2.1655,-0.0084,-0.1382,-0.0336,-0.0753,0.5232,0.34,1.57,-0.042,-0.1827,0.0987,0
2016-03-28,1.89,2.1598,-0.0112,-0.138,-0.0501,-0.0705,0.533,0.33,1.56,-0.0613,-0.2073,0.0846,0
2016-03-29,1.81,2.139,-0.018,-0.1647,-0.0689,-0.0774,0.4649,0.2,1.61,-0.0869,-0.2208,0.0471,0
2016-03-30,1.83,2.1458,-0.0143,-0.1885,-0.0292,-0.0838,0.4359,0.18,1.65,-0.0435,-0.1535,0.0664,0
2016-03-31,1.78,2.1371,-0.0175,-0.2095,-0.05,-0.0801,0.4391,0.16,1.62,-0.0675,-0.1846,0.0497,0
2016-04-01,1.79,2.1403,-0.0166,-0.1968,-0.0591,-0.0778,0.4436,0.17,1.62,-0.0757,-0.206,0.0546,0
2016-04-04,1.78,2.1348,-0.0184,-0.2028,-0.0681,-0.0655,0.4341,0.14,1.64,-0.0865,-0.2176,0.0446,0
2016-04-05,1.73,2.1236,-0.022,-0.2106,-0.0988,-0.0621,0.4551,0.14,1.59,-0.1208,-0.2664,0.0247,0
2016-04-06,1.76,2.1308,-0.019,-0.2065,-0.0791,-0.0662,0.4631,0.17,1.59,-0.0981,-0.2363,0.0401,0
2016-04-07,1.7,2.1156,-0.0244,-0.2205,-0.1099,-0.0607,0.462,0.12,1.58,-0.1343,-0.2795,0.0108,0
2016-04-08,1.72,2.1203,-0.0223,-0.2223,-0.0939,-0.0618,0.4661,0.14,1.58,-0.1162,-0.2541,0.0217,0
2016-04-11,1.73,2.1235,-0.0214,-0.2252,-0.0874,-0.0595,0.4884,0.17,1.56,-0.1088,-0.2449,0.0272,0
2016-04-12,1.79,2.1365,-0.0165,-0.2101,-0.0625,-0.0574,0.5105,0.22,1.57,-0.079,-0.2109,0.053,0
2016-04-13,1.77,2.1312,-0.0185,-0.2028,-0.0862,-0.0537,0.5057,0.21,1.56,-0.1047,-0.2514,0.042,0
2016-04-14,1.8,2.1369,-0.0164,-0.1925,-0.0777,-0.0502,0.5146,0.24,1.56,-0.0941,-0.241,0.0527,0
2016-04-15,1.76,2.127,-0.0201,-0.1995,-0.092,-0.0554,0.496,0.2,1.56,-0.1121,-0.2573,0.0331,0
2016-04-18,1.78,2.1319,-0.018,-0.1994,-0.0802,-0.0543,0.4937,0.21,1.57,-0.0982,-0.2403,0.0439,0
2016-04-19,1.79,2.135,-0.0169,-0.1878,-0.078,-0.0623,0.4614,0.19,1.6,-0.0949,-0.2391,0.0494,0
2016-04-20,1.85,2.1502,-0.011,-0.1801,-0.0484,-0.0607,0.476,0.23,1.62,-0.0594,-0.1994,0.0806,0
2016-04-21,1.88,2.1543,-0.0094,-0.1762,-0.0388,-0.0499,0.4707,0.24,1.64,-0.0482,-0.1852,0.0888,0
2016-04-22,1.89,2.1589,-0.0079,-0.1689,-0.0273,-0.0648,0.4528,0.25,1.64,-0.0352,-0.1674,0.0971,0
2016-04-25,1.91,2.1632,-0.0073,-0.1654,-0.0185,-0.062,0.4488,0.26,1.65,-0.0258,-0.1536,0.102,0
2016-04-26,1.94,2.1708,-0.0051,-0.1598,-0.0015,-0.0644,0.4401,0.27,1.67,-0.0066,-0.1275,0.1144,0
2016-04-27,1.87,2.1537,-0.0107,-0.1664,-0.0498,-0.0568,0.4274,0.19,1.68,-0.0605,-0.2044,0.0834,0
2016-04-28,1.84,2.1437,-0.0142,-0.1805,-0.0534,-0.0556,0.376,0.12,1.72,-0.0676,-0.1998,0.0647,0
2016-04-29,1.83,2.1447,-0.0143,-0.1834,-0.0535,-0.0634,0.3812,0.12,1.71,-0.0678,-0.201,0.0653,0
2016-05-02,1.88,2.1582,-0.0099,-0.1792,-0.0241,-0.0651,0.4129,0.2,1.68,-0.034,-0.158,0.0901,0
2016-05-03,1.81,2.1423,-0.0156,-0.1959,-0.0597,-0.0611,0.4315,0.17,1.64,-0.0753,-0.2102,0.0595,0
2016-05-04,1.79,2.1374,-0.0172,-0.1995,-0.0671,-0.0636,0.4445,0.16,1.63,-0.0843,-0.2193,0.0506,0
2016-05-05,1.76,2.1279,-0.0207,-0.2056,-0.0854,-0.0561,0.425,0.13,1.63,-0.1061,-0.244,0.0318,0
2016-05-06,1.79,2.1359,-0.0178,-0.1996,-0.0719,-0.0566,0.4552,0.18,1.61,-0.0897,-0.2269,0.0474,0
2016-05-09,1.77,2.1302,-0.0197,-0.2107,-0.076,-0.0539,0.4616,0.18,1.59,-0.0957,-0.2285,0.0371,0
2016-05-10,1.77,2.1293,-0.0195,-0.2072,-0.0787,-0.054,0.4322,0.15,1.62,-0.0982,-0.2337,0.0374,0
2016-05-11,1.73,2.1258,-0.0208,-0.2041,-0.0997,-0.0712,0.4486,0.14,1.59,-0.1205,-0.271,0.0299,0
2016-05-12,1.75,2.1307,-0.019,-0.1892,-0.0948,-0.0777,0.4353,0.15,1.6,-0.1138,-0.2672,0.0395,0
2016-05-13,1.71,2.1205,-0.0228,-0.1879,-0.1302,-0.0696,0.4407,0.13,1.58,-0.153,-0.3248,0.0188,0
2016-05-16,1.75,2.1293,-0.0197,-0.1721,-0.1134,-0.0741,0.4405,0.15,1.6,-0.1331,-0.3014,0.0352,0
2016-05-17,1.76,2.1295,-0.0196,-0.157,-0.127,-0.0659,0.4273,0.15,1.61,-0.1466,-0.3282,0.035,0
2016-05-18,1.87,2.1564,-0.0103,-0.1252,-0.0816,-0.0693,0.4628,0.26,1.61,-0.0919,-0.2692,0.0853,0
2016-05-19,1.85,2.1509,-0.012,-0.1296,-0.0886,-0.0706,0.485,0.29,1.56,-0.1006,-0.2766,0.0753,0
2016-05-20,1.85,2.1486,-0.0138,-0.1269,-0.0928,-0.0651,0.493,0.29,1.56,-0.1066,-0.2805,0.0673,0
2016-05-23,1.84,2.1464,-0.0154,-0.1213,-0.1038,-0.066,0.5062,0.3,1.54,-0.1192,-0.2981,0.0598,0
2016-05-24,1.86,2.152,-0.0135,-0.1093,-0.0945,-0.0747,0.5023,0.31,1.55,-0.108,-0.2863,0.0703,0
2016-05-25,1.87,2.1533,-0.0126,-0.1084,-0.0896,-0.0727,0.4809,0.29,1.58,-0.1022,-0.2787,0.0743,0
2016-05-26,1.83,2.1449,-0.0154,-0.1237,-0.1015,-0.0743,0.478,0.25,1.58,-0.1169,-0.2928,0.059,0
2016-05-27,1.85,2.1501,-0.0138,-0.1079,-0.1054,-0.073,0.4828,0.27,1.58,-0.1192,-0.3064,0.068,0
2016-05-31,1.84,2.1477,-0.0153,-0.1113,-0.1052,-0.0758,0.5058,0.3,1.54,-0.1205,-0.3021,0.061,0
2016-06-01,1.85,2.1486,-0.015,-0.1027,-0.1128,-0.0681,0.5124,0.31,1.54,-0.1278,-0.3179,0.0623,0
2016-06-02,1.81,2.1373,-0.0188,-0.1018,-0.1435,-0.0632,0.5095,0.27,1.54,-0.1623,-0.3659,0.0413,0
2016-06-03,1.71,2.1126,-0.0267,-0.1433,-0.1722,-0.0604,0.4909,0.19,1.52,-0.1989,-0.3955,-0.0023,0
2016-06-06,1.73,2.1182,-0.0251,-0.141,-0.1579,-0.0642,0.4671,0.19,1.54,-0.183,-0.3734,0.0074,0
2016-06-07,1.72,2.1155,-0.0257,-0.1483,-0.1631,-0.0584,0.453,0.15,1.57,-0.1888,-0.3808,0.0032,0
2016-06-08,1.71,2.1124,-0.0269,-0.1471,-0.172,-0.0565,0.4318,0.12,1.59,-0.1989,-0.3948,-0.0029,0
2016-06-09,1.68,2.1078,-0.0286,-0.1505,-0.1886,-0.0601,0.4506,0.12,1.56,-0.2172,-0.4224,-0.012,0
2016-06-10,1.64,2.0979,-0.0321,-0.159,-0.2102,-0.0566,0.4725,0.12,1.52,-0.2423,-0.4538,-0.0307,0
2016-06-13,1.62,2.0939,-0.0335,-0.1741,-0.2081,-0.0582,0.492,0.15,1.47,-0.2416,-0.4451,-0.0381,0
2016-06-14,1.62,2.0948,-0.0333,-0.1739,-0.2105,-0.0571,0.5102,0.17,1.45,-0.2438,-0.451,-0.0367,0
2016-06-15,1.6,2.0881,-0.0347,-0.1941,-0.2052,-0.054,0.5038,0.13,1.47,-0.2399,-0.4342,-0.0456,0
2016-06-16,1.57,2.0846,-0.0355,-0.191,-0.2303,-0.0577,0.5357,0.15,1.42,-0.2658,-0.4808,-0.0509,0
2016-06-17,1.62,2.0936,-0.0326,-0.1869,-0.1991,-0.055,0.5487,0.2,1.42,-0.2317,-0.4291,-0.0342,0
2016-06-20,1.67,2.1039,-0.0301,-0.1747,-0.1779,-0.0512,0.5563,0.24,1.43,-0.208,-0.3969,-0.0191,0
2016-06-21,1.71,2.1132,-0.0265,-0.1713,-0.1578,-0.0477,0.5786,0.28,1.43,-0.1843,-0.3684,-0.0001,0
2016-06-22,1.69,2.1079,-0.0281,-0.1737,-0.1666,-0.0494,0.5506,0.25,1.44,-0.1947,-0.3803,-0.0092,0
2016-06-23,1.74,2.1199,-0.0244,-0.1562,-0.1406,-0.0586,0.5088,0.24,1.5,-0.165,-0.3415,0.0115,0
2016-06-24,1.57,2.0834,-0.0367,-0.2028,-0.2193,-0.0546,0.5365,0.15,1.42,-0.256,-0.4562,-0.0557,0
2016-06-27,1.46,2.0586,-0.0454,-0.2146,-0.2883,-0.0503,0.598,0.12,1.34,-0.3337,-0.5643,-0.103,0
2016-06-28,1.46,2.0534,-0.0474,-0.2067,-0.297,-0.0423,0.5839,0.09,1.37,-0.3444,-0.5752,-0.1136,0
2016-06-29,1.5,2.0613,-0.0441,-0.1949,-0.279,-0.0433,0.546,0.1,1.4,-0.3231,-0.5493,-0.0968,0
2016-06-30,1.49,2.0604,-0.0447,-0.2082,-0.2701,-0.0474,0.5462,0.09,1.4,-0.3148,-0.5304,-0.0992,0
2016-07-01,1.46,2.0531,-0.0476,-0.1976,-0.2988,-0.0491,0.5094,0.03,1.43,-0.3464,-0.5778,-0.1149,0
2016-07-05,1.37,2.0331,-0.0544,-0.2038,-0.3593,-0.0456,0.5161,-0.03,1.4,-0.4137,-0.6749,-0.1525,0
2016-07-06,1.38,2.0324,-0.0548,-0.1934,-0.3635,-0.0407,0.4934,-0.05,1.43,-0.4183,-0.6818,-0.1548,0
2016-07-07,1.4,2.0355,-0.0539,-0.19,-0.3564,-0.0352,0.5026,-0.03,1.43,-0.4103,-0.6708,-0.1498,0
2016-07-08,1.37,2.0287,-0.0561,-0.1839,-0.3869,-0.0318,0.5031,-0.06,1.43,-0.443,-0.7238,-0.1623,0
2016-07-11,1.43,2.0421,-0.052,-0.1624,-0.3626,-0.0351,0.5138,0.01,1.42,-0.4146,-0.6896,-0.1396,0
2016-07-12,1.53,2.0627,-0.0445,-0.1528,-0.3032,-0.0323,0.5067,0.07,1.46,-0.3477,-0.5963,-0.099,0
2016-07-13,1.48,2.0538,-0.0474,-0.1539,-0.3357,-0.0367,0.512,0.03,1.45,-0.3831,-0.6506,-0.1157,0
2016-07-14,1.53,2.0652,-0.0437,-0.1523,-0.2952,-0.0441,0.5097,0.08,1.45,-0.3389,-0.5832,-0.0945,0
2016-07-15,1.6,2.0806,-0.0382,-0.1429,-0.2609,-0.0386,0.5135,0.11,1.49,-0.2991,-0.5331,-0.065,0
2016-07-18,1.59,2.079,-0.0394,-0.1501,-0.259,-0.0405,0.5147,0.1,1.49,-0.2984,-0.5266,-0.0703,0
2016-07-19,1.56,2.0735,-0.0416,-0.1538,-0.2791,-0.0391,0.5326,0.12,1.44,-0.3207,-0.5595,-0.0818,0
2016-07-20,1.59,2.0801,-0.0392,-0.1461,-0.2656,-0.0392,0.5369,0.13,1.46,-0.3048,-0.5405,-0.069,0
2016-07-21,1.57,2.0748,-0.0413,-0.163,-0.2629,-0.0377,0.5471,0.05,1.52,-0.3042,-0.5289,-0.0795,0
2016-07-22,1.57,2.0782,-0.0402,-0.1524,-0.2674,-0.0482,0.565,0.06,1.51,-0.3076,-0.5419,-0.0733,0
2016-07-25,1.58,2.0787,-0.0398,-0.1447,-0.2769,-0.0372,0.5825,0.08,1.5,-0.3167,-0.5615,-0.072,0
2016-07-26,1.57,2.0753,-0.0406,-0.1354,-0.2884,-0.0408,0.579,0.07,1.5,-0.329,-0.5807,-0.0773,0
2016-07-27,1.52,2.0634,-0.0439,-0.1482,-0.3107,-0.0406,0.5759,0.03,1.49,-0.3546,-0.6124,-0.0968,0
2016-07-28,1.52,2.0607,-0.0444,-0.1498,-0.3108,-0.0357,0.5562,0.0,1.52,-0.3552,-0.61,-0.1004,0
2016-07-29,1.46,2.0483,-0.0488,-0.1688,-0.3298,-0.0409,0.5553,-0.03,1.49,-0.3786,-0.6334,-0.1238,0
2016-08-01,1.51,2.061,-0.045,-0.1704,-0.296,-0.0395,0.591,0.05,1.46,-0.341,-0.5806,-0.1015,0
2016-08-02,1.55,2.0702,-0.0421,-0.1751,-0.2661,-0.0369,0.6192,0.11,1.44,-0.3082,-0.5314,-0.085,0
2016-08-03,1.55,2.0686,-0.0432,-0.1777,-0.2642,-0.0334,0.5973,0.09,1.46,-0.3074,-0.5251,-0.0897,0
2016-08-04,1.51,2.0606,-0.0461,-0.185,-0.2815,-0.038,0.5752,0.04,1.47,-0.3276,-0.55,-0.1051,0
2016-08-05,1.59,2.0803,-0.0398,-0.1518,-0.2587,-0.04,0.5742,0.09,1.5,-0.2985,-0.5265,-0.0705,0
2016-08-08,1.59,2.0801,-0.0397,-0.1447,-0.2643,-0.0414,0.5704,0.08,1.51,-0.304,-0.5375,-0.0706,0
2016-08-09,1.55,2.0696,-0.0432,-0.1486,-0.2921,-0.0357,0.5764,0.06,1.49,-0.3353,-0.5807,-0.09,0
2016-08-10,1.5,2.0619,-0.0458,-0.1596,-0.3029,-0.0535,0.5909,0.06,1.44,-0.3487,-0.5933,-0.1042,0
2016-08-11,1.57,2.0767,-0.0407,-0.1332,-0.2818,-0.0509,0.5879,0.1,1.47,-0.3225,-0.5682,-0.0769,0
2016-08-12,1.51,2.0652,-0.0444,-0.1456,-0.3037,-0.0615,0.5862,0.07,1.44,-0.3481,-0.599,-0.0973,0
2016-08-15,1.55,2.0741,-0.0419,-0.1422,-0.2787,-0.0613,0.587,0.1,1.45,-0.3206,-0.5584,-0.0828,0
2016-08-16,1.57,2.0802,-0.0395,-0.1351,-0.2737,-0.0619,0.5986,0.13,1.44,-0.3132,-0.5562,-0.0701,0
2016-08-17,1.56,2.0745,-0.0417,-0.1354,-0.2846,-0.0528,0.5735,0.09,1.47,-0.3263,-0.5706,-0.082,0
2016-08-18,1.53,2.0683,-0.0434,-0.1466,-0.2905,-0.0578,0.5551,0.06,1.47,-0.3339,-0.5756,-0.0921,0
2016-08-19,1.58,2.0811,-0.0387,-0.1312,-0.2738,-0.0574,0.5599,0.1,1.48,-0.3125,-0.5583,-0.0668,0
2016-08-22,1.55,2.072,-0.0421,-0.13,-0.3023,-0.0477,0.562,0.08,1.47,-0.3444,-0.6035,-0.0853,0
2016-08-23,1.55,2.0708,-0.0424,-0.1296,-0.3022,-0.0465,0.5563,0.07,1.48,-0.3446,-0.6017,-0.0875,0
2016-08-24,1.56,2.0709,-0.0428,-0.1281,-0.3033,-0.0368,0.5588,0.08,1.48,-0.3461,-0.6034,-0.0887,0
2016-08-25,1.58,2.0758,-0.041,-0.1224,-0.2963,-0.0362,0.5562,0.09,1.49,-0.3373,-0.5953,-0.0792,0
2016-08-26,1.62,2.0884,-0.0364,-0.0999,-0.2862,-0.0459,0.5787,0.15,1.47,-0.3226,-0.5903,-0.0549,0
2016-08-29,1.57,2.0737,-0.0421,-0.104,-0.3189,-0.0387,0.5797,0.11,1.46,-0.361,-0.6366,-0.0854,0
2016-08-30,1.57,2.0743,-0.0417,-0.1006,-0.3177,-0.0443,0.5863,0.11,1.46,-0.3594,-0.6351,-0.0837,0
2016-08-31,1.58,2.0756,-0.0409,-0.0935,-0.3163,-0.0449,0.588,0.11,1.47,-0.3572,-0.6347,-0.0798,0
2016-09-01,1.57,2.0744,-0.0412,-0.0956,-0.3173,-0.0503,0.594,0.12,1.45,-0.3585,-0.6354,-0.0817,0
2016-09-02,1.6,2.0817,-0.0381,-0.1027,-0.2864,-0.0545,0.582,0.13,1.47,-0.3245,-0.5836,-0.0654,0
2016-09-06,1.55,2.0682,-0.0434,-0.1199,-0.3066,-0.0483,0.554,0.06,1.49,-0.35,-0.6071,-0.0929,0
2016-09-07,1.54,2.0659,-0.0454,-0.117,-0.3199,-0.0436,0.5372,0.03,1.51,-0.3653,-0.6288,-0.1017,0
2016-09-08,1.61,2.085,-0.039,-0.1074,-0.2732,-0.0553,0.5313,0.09,1.52,-0.3122,-0.5583,-0.0662,0
2016-09-09,1.67,2.1016,-0.0333,-0.1047,-0.2372,-0.0564,0.5655,0.17,1.5,-0.2705,-0.5063,-0.0347,0
2016-09-12,1.68,2.1001,-0.0349,-0.1159,-0.2277,-0.0416,0.56,0.17,1.51,-0.2626,-0.4839,-0.0413,0
2016-09-13,1.73,2.1163,-0.0292,-0.1129,-0.1882,-0.0561,0.584,0.24,1.49,-0.2174,-0.4246,-0.0102,0
2016-09-14,1.7,2.1089,-0.0316,-0.1291,-0.1947,-0.0535,0.5812,0.21,1.49,-0.2263,-0.4297,-0.0229,0
2016-09-15,1.71,2.1128,-0.0295,-0.149,-0.1647,-0.0596,0.5761,0.22,1.49,-0.1942,-0.3763,-0.012,0
2016-09-16,1.7,2.1099,-0.0307,-0.1368,-0.1927,-0.0497,0.5567,0.19,1.51,-0.2234,-0.4282,-0.0185,0
2016-09-19,1.7,2.111,-0.0298,-0.1382,-0.189,-0.0539,0.5565,0.2,1.5,-0.2188,-0.4227,-0.0149,0
2016-09-20,1.69,2.1086,-0.0309,-0.1362,-0.1977,-0.0539,0.5606,0.2,1.49,-0.2286,-0.4366,-0.0205,0
2016-09-21,1.66,2.1011,-0.0321,-0.1359,-0.2209,-0.0522,0.5372,0.15,1.51,-0.253,-0.4764,-0.0297,0
2016-09-22,1.63,2.0914,-0.0336,-0.1382,-0.2467,-0.0429,0.5004,0.08,1.55,-0.2803,-0.5191,-0.0416,0
2016-09-23,1.62,2.0886,-0.0342,-0.1441,-0.2425,-0.0478,0.4793,0.05,1.57,-0.2767,-0.5081,-0.0454,0
2016-09-26,1.59,2.0832,-0.0372,-0.1509,-0.256,-0.0491,0.4884,0.05,1.54,-0.2932,-0.5268,-0.0595,0
2016-09-27,1.56,2.0765,-0.0398,-0.1488,-0.2808,-0.0471,0.4988,0.04,1.52,-0.3206,-0.5676,-0.0737,0
2016-09-28,1.57,2.0763,-0.0405,-0.1381,-0.2801,-0.0476,0.4653,0.01,1.56,-0.3206,-0.5646,-0.0766,0
2016-09-29,1.56,2.0756,-0.0404,-0.1442,-0.2818,-0.0492,0.4747,0.02,1.54,-0.3222,-0.5681,-0.0763,0
2016-09-30,1.6,2.083,-0.0383,-0.1352,-0.2638,-0.0457,0.4528,0.0,1.6,-0.3021,-0.5403,-0.0639,0
2016-10-03,1.63,2.0894,-0.037,-0.1191,-0.2603,-0.043,0.4354,0.0,1.63,-0.2973,-0.5388,-0.0558,0
2016-10-04,1.69,2.1048,-0.0314,-0.1205,-0.2185,-0.0445,0.4559,0.07,1.62,-0.2499,-0.4746,-0.0251,0
2016-10-05,1.72,2.1126,-0.0282,-0.1155,-0.2008,-0.0481,0.4543,0.1,1.62,-0.229,-0.449,-0.0089,0
2016-10-06,1.75,2.12,-0.0248,-0.1074,-0.186,-0.0518,0.448,0.11,1.64,-0.2108,-0.4299,0.0084,0
2016-10-07,1.73,2.1153,-0.0263,-0.1181,-0.1934,-0.0475,0.4429,0.1,1.63,-0.2197,-0.4393,-0.0001,0
2016-10-11,1.77,2.1238,-0.0236,-0.1068,-0.1789,-0.0444,0.4476,0.13,1.64,-0.2025,-0.4197,0.0147,0
2016-10-12,1.79,2.1271,-0.0229,-0.1089,-0.1676,-0.0378,0.4483,0.15,1.64,-0.1905,-0.4006,0.0197,0
2016-10-13,1.75,2.1191,-0.0246,-0.118,-0.1838,-0.0426,0.4447,0.12,1.63,-0.2084,-0.4253,0.0084,0
2016-10-14,1.8,2.1293,-0.0212,-0.1286,-0.139,-0.0405,0.431,0.13,1.67,-0.1602,-0.3482,0.0278,0
2016-10-17,1.77,2.1235,-0.024,-0.1338,-0.1522,-0.0435,0.4026,0.09,1.68,-0.1762,-0.3664,0.0139,0
2016-10-18,1.75,2.1212,-0.0252,-0.1414,-0.1572,-0.0475,0.4072,0.09,1.66,-0.1824,-0.3732,0.0084,0
2016-10-19,1.76,2.1222,-0.025,-0.1368,-0.1553,-0.0451,0.3956,0.08,1.68,-0.1803,-0.3704,0.0098,0
2016-10-20,1.76,2.1229,-0.0248,-0.1355,-0.1624,-0.0402,0.4027,0.08,1.68,-0.1872,-0.3852,0.0109,0
2016-10-21,1.74,2.1185,-0.0259,-0.1308,-0.1793,-0.0425,0.4012,0.07,1.67,-0.2052,-0.4143,0.0038,0
2016-10-24,1.77,2.1246,-0.0236,-0.1301,-0.1609,-0.04,0.4096,0.11,1.66,-0.1845,-0.3851,0.0161,0
2016-10-25,1.77,2.1219,-0.0251,-0.1229,-0.1724,-0.0315,0.3985,0.07,1.7,-0.1975,-0.4038,0.0088,0
2016-10-26,1.79,2.1286,-0.0226,-0.1184,-0.1512,-0.0464,0.3896,0.08,1.71,-0.1738,-0.3697,0.0221,0
2016-10-27,1.85,2.1429,-0.0174,-0.1193,-0.1114,-0.0448,0.3985,0.13,1.72,-0.1288,-0.308,0.0504,0
2016-10-28,1.86,2.145,-0.0167,-0.1299,-0.0935,-0.0448,0.3921,0.13,1.73,-0.1102,-0.2752,0.0547,0
2016-10-31,1.84,2.1416,-0.0189,-0.1272,-0.1051,-0.0505,0.3839,0.11,1.73,-0.124,-0.2923,0.0443,0
2016-11-01,1.83,2.1414,-0.0191,-0.1365,-0.098,-0.0578,0.3879,0.11,1.72,-0.1171,-0.2781,0.0438,0
2016-11-02,1.81,2.1352,-0.0216,-0.1488,-0.1112,-0.0436,0.3948,0.11,1.7,-0.1328,-0.2965,0.0309,0
2016-11-03,1.82,2.1401,-0.0205,-0.1548,-0.0923,-0.0525,0.4156,0.14,1.68,-0.1128,-0.2642,0.0387,0
2016-11-04,1.79,2.1324,-0.0234,-0.1577,-0.1133,-0.0479,0.4124,0.11,1.68,-0.1367,-0.2964,0.023,0
2016-11-07,1.83,2.1424,-0.0204,-0.1426,-0.0918,-0.0576,0.3921,0.12,1.71,-0.1122,-0.2645,0.0402,0
2016-11-08,1.88,2.153,-0.0169,-0.1219,-0.084,-0.0502,0.3923,0.15,1.73,-0.1009,-0.2608,0.0591,0
2016-11-09,2.07,2.2001,0.0004,-0.1047,0.0561,-0.0819,0.3566,0.25,1.82,0.0565,-0.0393,0.1523,0
2016-11-10,2.15,2.2214,0.0075,-0.0923,0.0991,-0.0857,0.3361,0.27,1.88,0.1066,0.0212,0.192,0
2016-11-14,2.23,2.2447,0.0146,-0.0655,0.1236,-0.0873,0.3981,0.4,1.83,0.1382,0.0445,0.2318,0
2016-11-15,2.23,2.245,0.0159,-0.0509,0.1169,-0.0969,0.3927,0.41,1.82,0.1328,0.0291,0.2365,0
2016-11-16,2.22,2.2419,0.0151,-0.0469,0.1075,-0.0976,0.3916,0.39,1.83,0.1226,0.0141,0.2311,0
2016-11-17,2.29,2.2556,0.0205,-0.0425,0.1546,-0.0982,0.3705,0.42,1.87,0.1751,0.0905,0.2597,0
2016-11-18,2.34,2.2687,0.0259,-0.0286,0.1776,-0.1035,0.3706,0.44,1.9,0.2035,0.1195,0.2875,0
2016-11-21,2.33,2.2657,0.0251,-0.0279,0.1673,-0.1001,0.3616,0.42,1.91,0.1924,0.1022,0.2825,0
2016-11-22,2.31,2.2628,0.0238,-0.0333,0.1675,-0.1108,0.3506,0.41,1.9,0.1913,0.1065,0.276,0
2016-11-23,2.36,2.2731,0.0272,-0.0089,0.1688,-0.1002,0.3623,0.44,1.92,0.196,0.0978,0.2942,0
2016-11-25,2.36,2.2732,0.0276,-0.007,0.1707,-0.1046,0.378,0.47,1.89,0.1983,0.1009,0.2958,0
2016-11-28,2.32,2.2646,0.0252,-0.0148,0.1472,-0.1022,0.4038,0.47,1.85,0.1724,0.0633,0.2814,0
2016-11-29,2.3,2.259,0.0231,-0.0129,0.137,-0.1062,0.3954,0.44,1.86,0.1601,0.0497,0.2704,0
2016-11-30,2.37,2.2724,0.0276,-0.0042,0.1821,-0.1079,0.3491,0.43,1.94,0.2097,0.1243,0.295,0
2016-12-01,2.45,2.294,0.036,-0.0047,0.2394,-0.1148,0.3428,0.48,1.97,0.2754,0.2112,0.3397,0
2016-12-02,2.4,2.2858,0.0327,-0.025,0.224,-0.1174,0.3688,0.49,1.91,0.2567,0.1904,0.3229,0
2016-12-05,2.39,2.2812,0.0303,-0.0132,0.2035,-0.1118,0.348,0.45,1.94,0.2338,0.1567,0.3109,0
2016-12-06,2.39,2.2819,0.0303,-0.0183,0.2125,-0.1164,0.3376,0.44,1.95,0.2428,0.174,0.3117,0
2016-12-07,2.34,2.2723,0.0266,-0.0294,0.1906,-0.1201,0.3426,0.42,1.92,0.2172,0.1422,0.2922,0
2016-12-08,2.4,2.2861,0.0316,-0.0312,0.2407,-0.1272,0.3213,0.45,1.95,0.2723,0.2247,0.3198,0
2016-12-09,2.47,2.3046,0.0378,-0.0255,0.2813,-0.1282,0.3328,0.51,1.96,0.3191,0.284,0.3542,0
2016-12-12,2.49,2.3058,0.0383,-0.0266,0.2857,-0.1132,0.3295,0.51,1.98,0.324,0.2913,0.3567,0
2016-12-13,2.48,2.3052,0.0375,-0.0188,0.2702,-0.1141,0.3366,0.53,1.95,0.3077,0.2624,0.3531,0
2016-12-14,2.54,2.3188,0.043,0.0215,0.2645,-0.1079,0.3798,0.6,1.94,0.3075,0.2346,0.3805,0
2016-12-15,2.6,2.3319,0.0488,0.0425,0.2867,-0.1099,0.4426,0.7,1.9,0.3355,0.2616,0.4094,0
2016-12-16,2.6,2.3302,0.0485,0.0332,0.3002,-0.1121,0.4656,0.74,1.86,0.3487,0.29,0.4073,0
2016-12-19,2.54,2.3146,0.0429,0.0285,0.264,-0.1099,0.4538,0.68,1.86,0.3069,0.2368,0.3769,0
2016-12-20,2.57,2.32,0.0445,0.0309,0.286,-0.1114,0.4233,0.67,1.9,0.3305,0.2747,0.3862,0
2016-12-21,2.55,2.3157,0.0432,0.0283,0.2706,-0.1078,0.4184,0.64,1.91,0.3138,0.2486,0.3789,0
2016-12-22,2.55,2.3156,0.0433,0.033,0.2721,-0.1141,0.3792,0.6,1.95,0.3154,0.2521,0.3788,0
2016-12-23,2.55,2.3151,0.0431,0.0324,0.2669,-0.1075,0.3675,0.58,1.97,0.31,0.2422,0.3779,0
2016-12-27,2.57,2.3202,0.0447,0.0415,0.2725,-0.109,0.3622,0.58,1.99,0.3172,0.2477,0.3868,0
2016-12-28,2.51,2.3084,0.0414,0.0269,0.2476,-0.1143,0.3675,0.56,1.95,0.289,0.2103,0.3677,0
2016-12-29,2.49,2.3012,0.0387,0.0073,0.2484,-0.1056,0.3699,0.55,1.94,0.2871,0.2203,0.3538,0
2016-12-30,2.45,2.2925,0.0355,0.008,0.2206,-0.1066,0.349,0.5,1.95,0.2561,0.1758,0.3363,0
2017-01-03,2.45,2.2901,0.0336,0.0175,0.2059,-0.0971,0.3259,0.47,1.98,0.2395,0.1514,0.3276,0
2017-01-04,2.46,2.2915,0.0345,0.0116,0.2135,-0.0911,0.3218,0.47,1.99,0.248,0.1642,0.3319,0
2017-01-05,2.37,2.2718,0.0277,-0.004,0.1678,-0.0932,0.3187,0.42,1.95,0.1955,0.0965,0.2945,0
2017-01-06,2.42,2.2817,0.0317,0.0151,0.1747,-0.0832,0.3332,0.46,1.96,0.2064,0.0978,0.3151,0
2017-01-09,2.38,2.2707,0.0284,0.0086,0.1516,-0.0793,0.3323,0.43,1.95,0.18,0.0644,0.2957,0
2017-01-10,2.38,2.27,0.0282,0.0055,0.1569,-0.0806,0.3214,0.43,1.95,0.1851,0.0757,0.2945,0
2017-01-11,2.38,2.2673,0.0272,0.0139,0.1445,-0.0729,0.2989,0.39,1.99,0.1717,0.0544,0.2891,0
2017-01-12,2.36,2.2649,0.0266,0.004,0.1445,-0.08,0.2914,0.38,1.98,0.1711,0.0567,0.2856,0
2017-01-13,2.4,2.2732,0.029,0.0162,0.1552,-0.0735,0.2976,0.41,1.99,0.1842,0.0688,0.2996,0
2017-01-17,2.33,2.2577,0.0229,-0.0015,0.1289,-0.078,0.284,0.36,1.97,0.1518,0.0359,0.2677,0
2017-01-18,2.42,2.2791,0.0304,0.0241,0.165,-0.0786,0.299,0.42,2.0,0.1954,0.0826,0.3081,0
2017-01-19,2.47,2.2898,0.0349,0.0288,0.2002,-0.0837,0.2791,0.43,2.04,0.2351,0.139,0.3311,0
2017-01-20,2.48,2.2921,0.0356,0.0179,0.217,-0.0827,0.2704,0.44,2.04,0.2526,0.1692,0.3361,0
2017-01-23,2.41,2.2764,0.0305,-0.0112,0.1909,-0.0766,0.2703,0.39,2.02,0.2214,0.1348,0.308,0
2017-01-24,2.47,2.2908,0.035,0.008,0.2179,-0.0817,0.2596,0.41,2.06,0.2529,0.1725,0.3332,0
2017-01-25,2.53,2.3049,0.0405,0.0128,0.2518,-0.08,0.2546,0.45,2.08,0.2923,0.2224,0.3622,0
2017-01-26,2.51,2.3017,0.039,0.0024,0.2553,-0.0884,0.2442,0.43,2.08,0.2943,0.2337,0.3549,0
2017-01-27,2.49,2.297,0.0369,0.0068,0.2343,-0.085,0.2316,0.41,2.08,0.2712,0.1983,0.3441,0
2017-01-30,2.49,2.298,0.0371,0.0029,0.2395,-0.0874,0.2325,0.42,2.07,0.2766,0.2075,0.3456,0
2017-01-31,2.45,2.2884,0.033,-0.0021,0.2136,-0.0829,0.2229,0.4,2.05,0.2466,0.1683,0.3249,0
2017-02-01,2.48,2.295,0.0351,0.0066,0.2239,-0.0805,0.2267,0.43,2.05,0.259,0.1816,0.3364,0
2017-02-02,2.48,2.2935,0.0348,-0.0016,0.2275,-0.0742,0.2222,0.43,2.05,0.2623,0.1899,0.3346,0
2017-02-03,2.49,2.2968,0.0364,-0.0055,0.2386,-0.0763,0.2299,0.44,2.05,0.275,0.2077,0.3424,0
2017-02-06,2.42,2.2807,0.0306,-0.0233,0.2055,-0.0735,0.2341,0.4,2.02,0.2361,0.1607,0.3114,0
2017-02-07,2.4,2.2744,0.0279,-0.0205,0.181,-0.0627,0.2535,0.4,2.0,0.2089,0.1202,0.2975,0
2017-02-08,2.34,2.2637,0.0238,-0.0162,0.148,-0.0793,0.2721,0.38,1.96,0.1718,0.0678,0.2758,0
2017-02-09,2.4,2.2774,0.0287,-0.0012,0.1857,-0.0906,0.261,0.41,1.99,0.2144,0.1269,0.3018,0
2017-02-10,2.41,2.2794,0.0297,0.0008,0.189,-0.0889,0.2467,0.4,2.01,0.2187,0.1312,0.3063,0
2017-02-13,2.43,2.2851,0.0321,0.0057,0.1978,-0.0906,0.2639,0.43,2.0,0.2299,0.1408,0.3189,0
2017-02-14,2.47,2.2951,0.0352,0.0286,0.2059,-0.0948,0.2679,0.46,2.01,0.2411,0.1462,0.3361,0
2017-02-15,2.51,2.3008,0.0372,0.0414,0.2174,-0.0868,0.2426,0.45,2.06,0.2546,0.1626,0.3466,0
2017-02-16,2.45,2.2891,0.0331,0.018,0.2008,-0.091,0.2476,0.43,2.02,0.2339,0.1433,0.3246,0
2017-02-17,2.42,2.2826,0.0305,0.0135,0.1853,-0.0919,0.2533,0.41,2.01,0.2158,0.1203,0.3112,0
2017-02-21,2.43,2.2828,0.0296,0.0197,0.1841,-0.0863,0.2441,0.4,2.03,0.2137,0.1196,0.3079,0
2017-02-22,2.42,2.2811,0.0291,0.0172,0.1787,-0.0861,0.2358,0.38,2.04,0.2078,0.1107,0.3049,0
2017-02-23,2.38,2.2722,0.0263,0.0079,0.1609,-0.0873,0.2287,0.35,2.03,0.1872,0.0851,0.2894,0
2017-02-24,2.31,2.2566,0.0208,-0.0091,0.128,-0.0862,0.2251,0.31,2.0,0.1488,0.0378,0.2597,0
2017-02-27,2.36,2.2685,0.0243,0.0131,0.1421,-0.088,0.2352,0.35,2.01,0.1664,0.0533,0.2795,0
2017-02-28,2.36,2.2669,0.0237,0.0329,0.1172,-0.0807,0.2386,0.34,2.02,0.1409,0.0063,0.2755,0
2017-03-01,2.46,2.2889,0.0291,0.0694,0.1534,-0.0808,0.2569,0.43,2.03,0.1825,0.0569,0.3081,0
2017-03-02,2.49,2.2963,0.0304,0.0906,0.1559,-0.0832,0.2729,0.48,2.01,0.1863,0.0556,0.317,0
2017-03-03,2.49,2.2933,0.029,0.0881,0.158,-0.0784,0.2526,0.45,2.04,0.187,0.0639,0.3101,0
2017-03-06,2.49,2.2956,0.0296,0.0855,0.1621,-0.0828,0.2627,0.48,2.01,0.1917,0.0694,0.314,0
2017-03-07,2.52,2.2956,0.0285,0.0942,0.1536,-0.0519,0.2659,0.49,2.03,0.1821,0.0548,0.3095,0
2017-03-08,2.57,2.3105,0.034,0.1105,0.1784,-0.0634,0.2913,0.56,2.01,0.2124,0.0857,0.3391,0
2017-03-09,2.6,2.321,0.0374,0.1172,0.2076,-0.0833,0.2935,0.6,2.0,0.245,0.132,0.3581,0
2017-03-10,2.58,2.3167,0.0354,0.1113,0.1993,-0.0827,0.2846,0.57,2.01,0.2347,0.1211,0.3483,0
2017-03-13,2.62,2.3246,0.0371,0.1248,0.2088,-0.0753,0.295,0.61,2.01,0.2459,0.1327,0.3591,0
2017-03-14,2.6,2.321,0.0355,0.1257,0.1921,-0.0743,0.3152,0.61,1.99,0.2276,0.1042,0.351,0
2017-03-15,2.51,2.2967,0.0275,0.0979,0.1558,-0.068,0.2707,0.5,2.01,0.1833,0.0598,0.3069,0
2017-03-16,2.53,2.3033,0.03,0.0968,0.1741,-0.0742,0.2653,0.51,2.02,0.2041,0.0881,0.3201,0
2017-03-17,2.5,2.2977,0.0285,0.0883,0.1615,-0.076,0.2634,0.49,2.01,0.19,0.0687,0.3113,0
2017-03-20,2.47,2.2899,0.0251,0.0854,0.1435,-0.0739,0.2598,0.47,2.0,0.1686,0.0433,0.2939,0
2017-03-21,2.43,2.281,0.0209,0.0787,0.1224,-0.073,0.2678,0.45,1.98,0.1433,0.0135,0.2731,0
2017-03-22,2.4,2.2752,0.0188,0.0745,0.1106,-0.079,0.2679,0.43,1.97,0.1294,-0.003,0.2617,0
2017-03-23,2.41,2.277,0.0192,0.0744,0.1168,-0.0774,0.2762,0.46,1.95,0.136,0.0072,0.2648,0
2017-03-24,2.4,2.2733,0.0182,0.079,0.1034,-0.074,0.2663,0.42,1.98,0.1216,-0.0154,0.2586,0
2017-03-27,2.38,2.2685,0.016,0.0797,0.0865,-0.0707,0.2663,0.41,1.97,0.1025,-0.0423,0.2472,0
2017-03-28,2.42,2.2782,0.0192,0.096,0.0984,-0.0718,0.2846,0.45,1.97,0.1176,-0.0296,0.2648,0
2017-03-29,2.39,2.2691,0.0159,0.0894,0.0825,-0.0669,0.2719,0.41,1.98,0.0984,-0.0502,0.247,0
2017-03-30,2.42,2.2787,0.0195,0.0867,0.1107,-0.0757,0.2906,0.46,1.96,0.1302,-0.0061,0.2666,0
2017-03-31,2.4,2.2727,0.0174,0.08,0.1036,-0.0737,0.2789,0.43,1.97,0.121,-0.013,0.2551,0
2017-04-03,2.35,2.2603,0.0124,0.0655,0.0803,-0.0685,0.2742,0.39,1.96,0.0927,-0.0437,0.2291,0
2017-04-04,2.36,2.2623,0.0128,0.0612,0.0904,-0.0667,0.2819,0.4,1.96,0.1032,-0.0256,0.232,0
2017-04-05,2.34,2.2568,0.0102,0.0544,0.086,-0.0674,0.2619,0.37,1.97,0.0962,-0.027,0.2194,0
2017-04-06,2.34,2.2602,0.011,0.0558,0.0871,-0.074,0.2815,0.39,1.95,0.0981,-0.0283,0.2244,0
2017-04-07,2.38,2.2688,0.014,0.0802,0.084,-0.067,0.3008,0.44,1.94,0.098,-0.044,0.2401,0
2017-04-10,2.37,2.2638,0.0118,0.0811,0.0745,-0.0612,0.3088,0.44,1.93,0.0863,-0.056,0.2286,0
2017-04-11,2.32,2.2496,0.0071,0.0601,0.0537,-0.0504,0.3185,0.41,1.91,0.0608,-0.0815,0.2031,0
2017-04-12,2.28,2.2431,0.0044,0.0608,0.0386,-0.0669,0.2945,0.38,1.9,0.043,-0.1029,0.189,0
2017-04-13,2.24,2.233,0.0008,0.0491,0.0193,-0.0623,0.2746,0.32,1.92,0.0201,-0.1294,0.1696,0
2017-04-17,2.26,2.2417,0.0038,0.0476,0.0379,-0.071,0.3251,0.38,1.88,0.0417,-0.1029,0.1863,0
2017-04-18,2.18,2.2214,-0.0038,0.0321,-0.0065,-0.0631,0.3369,0.33,1.85,-0.0103,-0.1666,0.1459,0
2017-04-19,2.21,2.2288,-0.0012,0.0403,0.0122,-0.0701,0.3438,0.36,1.85,0.011,-0.1381,0.16,0
2017-04-20,2.24,2.2357,0.0017,0.0479,0.025,-0.0703,0.3367,0.39,1.85,0.0267,-0.1216,0.1749,0
2017-04-21,2.24,2.2351,0.0019,0.0412,0.0257,-0.0638,0.3534,0.4,1.84,0.0276,-0.1203,0.1755,0
2017-04-24,2.28,2.2435,0.004,0.0554,0.0426,-0.0655,0.3428,0.41,1.87,0.0466,-0.0947,0.1879,0
2017-04-25,2.35,2.2575,0.0085,0.0694,0.0746,-0.06,0.3295,0.44,1.91,0.0831,-0.0468,0.213,0
2017-04-26,2.32,2.2518,0.006,0.0629,0.0619,-0.0626,0.3279,0.42,1.9,0.0679,-0.0647,0.2005,0
2017-04-27,2.3,2.2474,0.0046,0.0559,0.0575,-0.0653,0.3182,0.39,1.91,0.0621,-0.0685,0.1926,0
2017-04-28,2.29,2.2453,0.0035,0.0655,0.0406,-0.0649,0.3054,0.37,1.92,0.0441,-0.0989,0.1871,0
2017-05-01,2.33,2.2546,0.0071,0.0612,0.0697,-0.0626,0.3231,0.41,1.92,0.0768,-0.0525,0.2062,0
2017-05-02,2.29,2.2473,0.0042,0.0528,0.053,-0.0673,0.341,0.41,1.88,0.0572,-0.0767,0.191,0
2017-05-03,2.33,2.2561,0.0071,0.0717,0.0608,-0.0658,0.3591,0.46,1.87,0.0679,-0.071,0.2069,0
2017-05-04,2.36,2.2636,0.0099,0.0775,0.0786,-0.0696,0.3823,0.5,1.86,0.0885,-0.0449,0.2218,0
2017-05-05,2.36,2.2617,0.009,0.0801,0.0718,-0.0626,0.38,0.5,1.86,0.0808,-0.0556,0.2172,0
2017-05-08,2.39,2.2687,0.0112,0.0797,0.0962,-0.0658,0.386,0.53,1.86,0.1074,-0.015,0.2297,0
2017-05-09,2.42,2.2751,0.013,0.0938,0.0996,-0.0614,0.3951,0.56,1.86,0.1126,-0.0148,0.24,0
2017-05-10,2.41,2.275,0.0129,0.0926,0.105,-0.0755,0.381,0.56,1.85,0.1179,-0.0039,0.2397,0
2017-05-11,2.39,2.2707,0.0113,0.0931,0.0946,-0.0797,0.3456,0.51,1.88,0.1059,-0.0194,0.2311,0
2017-05-12,2.33,2.2585,0.0069,0.0652,0.0757,-0.0763,0.3669,0.49,1.84,0.0826,-0.0425,0.2078,0
2017-05-15,2.34,2.2621,0.0082,0.0651,0.0834,-0.0788,0.3838,0.52,1.82,0.0916,-0.032,0.2152,0
2017-05-16,2.33,2.2585,0.0064,0.0648,0.0729,-0.0726,0.3885,0.51,1.82,0.0793,-0.0475,0.206,0
2017-05-17,2.22,2.2346,-0.0015,0.0443,0.0191,-0.0764,0.3877,0.44,1.78,0.0176,-0.1274,0.1625,0
2017-05-18,2.23,2.2343,-0.0021,0.0567,0.0125,-0.0713,0.375,0.43,1.8,0.0104,-0.1389,0.1597,0
2017-05-19,2.23,2.234,-0.0024,0.0641,0.0086,-0.0743,0.3588,0.41,1.82,0.0062,-0.1456,0.158,0
2017-05-22,2.25,2.2373,-0.0019,0.0716,0.0109,-0.0679,0.3648,0.43,1.82,0.009,-0.144,0.1619,0
2017-05-23,2.29,2.2455,0.0002,0.0862,0.0224,-0.0643,0.363,0.46,1.83,0.0226,-0.1293,0.1745,0
2017-05-24,2.26,2.2392,-0.002,0.0709,0.0163,-0.0644,0.3717,0.45,1.81,0.0143,-0.134,0.1626,0
2017-05-25,2.25,2.237,-0.0031,0.0755,0.0048,-0.0642,0.3802,0.45,1.8,0.0017,-0.1538,0.1572,0
2017-05-26,2.25,2.2367,-0.0034,0.081,-0.0016,-0.0627,0.3741,0.44,1.81,-0.005,-0.166,0.156,0
2017-05-30,2.21,2.2271,-0.0065,0.0745,-0.0219,-0.0632,0.3613,0.4,1.81,-0.0284,-0.1951,0.1383,0
2017-05-31,2.21,2.2258,-0.0075,0.0827,-0.0339,-0.0571,0.3621,0.4,1.81,-0.0414,-0.2169,0.1342,0
2017-06-01,2.21,2.2268,-0.0067,0.0838,-0.0311,-0.0629,0.356,0.4,1.81,-0.0378,-0.2128,0.1373,0
2017-06-02,2.15,2.2117,-0.0119,0.0737,-0.0672,-0.0563,0.3512,0.36,1.79,-0.0791,-0.267,0.1087,0
2017-06-05,2.18,2.2178,-0.0096,0.0755,-0.0491,-0.0546,0.3591,0.39,1.79,-0.0587,-0.2383,0.1208,0
2017-06-06,2.14,2.2087,-0.0134,0.0729,-0.074,-0.0543,0.3603,0.37,1.77,-0.0874,-0.2758,0.101,0
2017-06-07,2.18,2.2155,-0.0114,0.0858,-0.0668,-0.0431,0.3757,0.4,1.78,-0.0782,-0.2689,0.1125,0
2017-06-08,2.19,2.2182,-0.011,0.0934,-0.0627,-0.0478,0.3763,0.41,1.78,-0.0737,-0.2631,0.1156,0
2017-06-09,2.21,2.2216,-0.0103,0.0993,-0.059,-0.0417,0.3812,0.43,1.78,-0.0693,-0.2585,0.1199,0
2017-06-12,2.21,2.223,-0.0087,0.0913,-0.05,-0.0456,0.4027,0.46,1.75,-0.0587,-0.2442,0.1268,0
2017-06-13,2.21,2.2217,-0.0098,0.1023,-0.0618,-0.0423,0.402,0.46,1.75,-0.0716,-0.265,0.1217,0
2017-06-14,2.15,2.208,-0.0149,0.0982,-0.105,-0.0363,0.4398,0.44,1.71,-0.1199,-0.3341,0.0943,0
2017-06-15,2.16,2.2099,-0.0145,0.1074,-0.1019,-0.0409,0.4707,0.49,1.67,-0.1164,-0.3295,0.0967,0
2017-06-16,2.16,2.2066,-0.0157,0.1075,-0.1065,-0.0319,0.4722,0.49,1.67,-0.1222,-0.3346,0.0902,0
2017-06-19,2.19,2.2146,-0.0127,0.124,-0.0997,-0.0362,0.4824,0.52,1.67,-0.1124,-0.3307,0.1059,0
2017-06-20,2.16,2.2059,-0.0158,0.1225,-0.1221,-0.0304,0.4899,0.5,1.66,-0.1379,-0.3644,0.0885,0
2017-06-21,2.16,2.2059,-0.0152,0.1254,-0.1201,-0.036,0.489,0.5,1.66,-0.1353,-0.3611,0.0906,0
2017-06-22,2.15,2.2019,-0.016,0.1219,-0.1229,-0.0349,0.461,0.46,1.69,-0.1389,-0.3633,0.0855,0
2017-06-23,2.15,2.2025,-0.0157,0.1172,-0.1187,-0.0353,0.4517,0.45,1.7,-0.1344,-0.356,0.0871,0
2017-06-26,2.14,2.2009,-0.0163,0.1179,-0.1243,-0.0382,0.4447,0.43,1.71,-0.1406,-0.3652,0.0839,0
2017-06-27,2.21,2.217,-0.0112,0.1284,-0.0854,-0.0388,0.4557,0.5,1.71,-0.0966,-0.3057,0.1125,0
2017-06-28,2.22,2.2208,-0.0098,0.1165,-0.0571,-0.0504,0.4303,0.49,1.73,-0.0669,-0.2544,0.1206,0
2017-06-29,2.27,2.2355,-0.0052,0.1163,-0.0207,-0.0559,0.4558,0.55,1.72,-0.0259,-0.1989,0.147,0
2017-06-30,2.31,2.2443,-0.002,0.1257,-0.0062,-0.0518,0.4664,0.58,1.73,-0.0082,-0.1806,0.1642,0
2017-07-03,2.35,2.2543,0.0022,0.1366,0.0146,-0.0578,0.4581,0.6,1.75,0.0168,-0.1517,0.1854,0
2017-07-05,2.33,2.2493,-0.0001,0.1382,-0.0032,-0.0542,0.4492,0.58,1.75,-0.0033,-0.1805,0.1739,0
2017-07-06,2.37,2.2591,0.0037,0.1335,0.0333,-0.0596,0.4496,0.61,1.76,0.037,-0.1202,0.1942,0
2017-07-07,2.39,2.2661,0.0062,0.1297,0.0495,-0.0615,0.4781,0.66,1.73,0.0557,-0.0967,0.208,0
2017-07-10,2.38,2.2624,0.005,0.1212,0.0466,-0.0552,0.4886,0.66,1.72,0.0516,-0.0985,0.2017,0
2017-07-11,2.37,2.2587,0.0034,0.1213,0.0405,-0.054,0.4715,0.62,1.75,0.0439,-0.1055,0.1934,0
2017-07-12,2.33,2.249,-0.0001,0.1077,0.0244,-0.0509,0.4554,0.57,1.76,0.0243,-0.1261,0.1747,0
2017-07-13,2.35,2.2543,0.0015,0.1106,0.0358,-0.0523,0.4447,0.58,1.77,0.0373,-0.1091,0.1838,0
2017-07-14,2.33,2.2503,0.0004,0.0982,0.0317,-0.0506,0.4422,0.57,1.76,0.0321,-0.1135,0.1777,0
2017-07-17,2.31,2.2463,-0.0004,0.0942,0.022,-0.0521,0.4418,0.54,1.77,0.0216,-0.1289,0.1721,0
2017-07-18,2.27,2.2361,-0.0043,0.0934,-0.0082,-0.047,0.4362,0.51,1.76,-0.0125,-0.1764,0.1513,0
2017-07-19,2.27,2.2364,-0.0046,0.0964,-0.0039,-0.0543,0.4278,0.51,1.76,-0.0085,-0.1674,0.1504,0
2017-07-20,2.27,2.2362,-0.0048,0.0927,-0.0067,-0.0474,0.4565,0.5,1.77,-0.0115,-0.1726,0.1496,0
2017-07-21,2.24,2.2299,-0.0065,0.0923,-0.0238,-0.052,0.4633,0.48,1.76,-0.0303,-0.1999,0.1393,0
2017-07-24,2.26,2.2324,-0.0062,0.101,-0.0214,-0.0458,0.4544,0.48,1.78,-0.0276,-0.1972,0.1421,0
2017-07-25,2.33,2.2498,-0.0005,0.1169,0.019,-0.0552,0.4443,0.52,1.81,0.0185,-0.1364,0.1733,0
2017-07-26,2.29,2.2404,-0.0039,0.0933,0.0143,-0.054,0.4294,0.49,1.8,0.0104,-0.1347,0.1554,0
2017-07-27,2.32,2.2471,-0.0013,0.0916,0.033,-0.0504,0.4222,0.49,1.83,0.0317,-0.1059,0.1694,0
2017-07-28,2.3,2.2438,-0.0026,0.0897,0.0199,-0.0508,0.416,0.47,1.83,0.0173,-0.1283,0.1629,0
2017-07-31,2.3,2.2441,-0.0025,0.0939,0.0156,-0.0511,0.4186,0.48,1.82,0.0131,-0.1374,0.1635,0
2017-08-01,2.26,2.2353,-0.0062,0.091,-0.009,-0.051,0.4255,0.47,1.79,-0.0152,-0.1744,0.1439,0
2017-08-02,2.27,2.2358,-0.0062,0.0996,-0.0126,-0.0466,0.4308,0.48,1.79,-0.0188,-0.1819,0.1443,0
2017-08-03,2.24,2.228,-0.0085,0.0939,-0.0289,-0.0445,0.4307,0.46,1.78,-0.0374,-0.2058,0.131,0
2017-08-04,2.27,2.2351,-0.0059,0.0989,-0.0096,-0.0484,0.4215,0.47,1.8,-0.0155,-0.1756,0.1445,0
2017-08-07,2.26,2.2335,-0.0065,0.1008,-0.0169,-0.0509,0.4115,0.46,1.8,-0.0234,-0.1881,0.1414,0
2017-08-08,2.29,2.2388,-0.0051,0.1045,-0.0008,-0.0474,0.3942,0.46,1.83,-0.0059,-0.1616,0.1498,0
2017-08-09,2.24,2.2298,-0.0083,0.0987,-0.0262,-0.054,0.3865,0.42,1.82,-0.0345,-0.2017,0.1327,0
2017-08-10,2.2,2.2215,-0.011,0.0947,-0.0504,-0.0548,0.3921,0.4,1.8,-0.0614,-0.2402,0.1174,0
2017-08-11,2.19,2.2178,-0.0126,0.0826,-0.046,-0.0518,0.4058,0.4,1.79,-0.0586,-0.2269,0.1097,0
2017-08-14,2.22,2.2271,-0.009,0.0869,-0.0271,-0.0578,0.4362,0.45,1.77,-0.0361,-0.2011,0.1289,0
2017-08-15,2.27,2.2368,-0.0061,0.1,-0.0076,-0.0531,0.4444,0.49,1.78,-0.0137,-0.1726,0.1453,0
2017-08-16,2.23,2.2274,-0.0088,0.0902,-0.0261,-0.0527,0.4355,0.45,1.78,-0.0349,-0.1994,0.1297,0
2017-08-17,2.19,2.2185,-0.0112,0.0876,-0.0521,-0.0528,0.4338,0.42,1.77,-0.0633,-0.2417,0.115,0
2017-08-18,2.19,2.2189,-0.0116,0.0896,-0.0514,-0.0556,0.4373,0.43,1.76,-0.063,-0.2397,0.1138,0
2017-08-21,2.18,2.2166,-0.012,0.0917,-0.0598,-0.0565,0.4432,0.43,1.75,-0.0718,-0.2546,0.1111,0
2017-08-22,2.22,2.2235,-0.0097,0.0981,-0.0422,-0.0497,0.4425,0.45,1.77,-0.0519,-0.2271,0.1233,0
2017-08-23,2.17,2.2129,-0.0131,0.091,-0.0676,-0.0532,0.4344,0.42,1.75,-0.0807,-0.2657,0.1043,0
2017-08-24,2.19,2.2181,-0.011,0.0967,-0.0591,-0.0547,0.4436,0.44,1.75,-0.0701,-0.2552,0.115,0
2017-08-25,2.17,2.2127,-0.0129,0.0985,-0.0776,-0.0507,0.4433,0.42,1.75,-0.0905,-0.2855,0.1045,0
2017-08-28,2.16,2.2092,-0.0145,0.0931,-0.0771,-0.0507,0.435,0.41,1.75,-0.0916,-0.2799,0.0966,0
2017-08-29,2.13,2.2023,-0.0175,0.0895,-0.0963,-0.048,0.4333,0.39,1.74,-0.1138,-0.3089,0.0813,0
2017-08-30,2.15,2.2053,-0.0161,0.0942,-0.0939,-0.0396,0.4345,0.39,1.76,-0.11,-0.3086,0.0886,0
2017-08-31,2.12,2.1982,-0.0177,0.0925,-0.1128,-0.0402,0.4164,0.36,1.76,-0.1305,-0.3393,0.0783,0
2017-09-01,2.16,2.2073,-0.0146,0.0958,-0.0864,-0.0422,0.4091,0.37,1.79,-0.101,-0.297,0.0951,0
2017-09-05,2.07,2.187,-0.023,0.0844,-0.1341,-0.0443,0.3913,0.3,1.77,-0.1571,-0.3656,0.0515,0
2017-09-06,2.1,2.1941,-0.022,0.095,-0.1203,-0.0468,0.3868,0.32,1.78,-0.1423,-0.3443,0.0596,0
2017-09-07,2.05,2.181,-0.0265,0.0851,-0.1518,-0.0378,0.3728,0.26,1.79,-0.1783,-0.3915,0.0349,0
2017-09-08,2.06,2.183,-0.0255,0.0849,-0.146,-0.0364,0.3625,0.25,1.81,-0.1715,-0.3826,0.0397,0
2017-09-11,2.14,2.2014,-0.0193,0.0997,-0.1061,-0.0356,0.3619,0.31,1.83,-0.1254,-0.3247,0.0739,0
2017-09-12,2.17,2.2098,-0.0161,0.1055,-0.0886,-0.0406,0.3624,0.33,1.84,-0.1047,-0.3005,0.091,0
2017-09-13,2.2,2.216,-0.0138,0.1074,-0.0727,-0.0368,0.3662,0.35,1.85,-0.0865,-0.2765,0.1034,0
2017-09-14,2.2,2.2152,-0.0141,0.1204,-0.0874,-0.034,0.3573,0.35,1.85,-0.1015,-0.3044,0.1013,0
2017-09-15,2.2,2.2168,-0.0133,0.1294,-0.0902,-0.0426,0.3554,0.35,1.85,-0.1035,-0.3119,0.1048,0
2017-09-18,2.23,2.2228,-0.0113,0.1355,-0.0723,-0.0446,0.3446,0.36,1.87,-0.0836,-0.283,0.1158,0
2017-09-19,2.24,2.2257,-0.0105,0.1358,-0.0675,-0.0435,0.3508,0.37,1.87,-0.078,-0.2766,0.1206,0
2017-09-20,2.28,2.235,-0.0073,0.1501,-0.0574,-0.0404,0.376,0.43,1.85,-0.0647,-0.2673,0.1378,0
2017-09-21,2.27,2.2321,-0.0078,0.1533,-0.0668,-0.0408,0.3863,0.44,1.83,-0.0746,-0.2831,0.1338,0
2017-09-22,2.26,2.2282,-0.0091,0.1527,-0.0712,-0.0406,0.3692,0.42,1.84,-0.0803,-0.287,0.1265,0
2017-09-25,2.22,2.2177,-0.0129,0.1476,-0.0993,-0.0331,0.359,0.38,1.84,-0.1122,-0.3302,0.1058,0
2017-09-26,2.24,2.2226,-0.0112,0.1527,-0.0903,-0.0338,0.3655,0.4,1.84,-0.1015,-0.3181,0.1151,0
2017-09-27,2.31,2.2377,-0.006,0.1553,-0.0421,-0.035,0.36,0.44,1.87,-0.0481,-0.24,0.1439,0
2017-09-28,2.31,2.2396,-0.0049,0.1422,-0.0274,-0.0395,0.359,0.44,1.87,-0.0323,-0.2145,0.1498,0
2017-09-29,2.33,2.2456,-0.0031,0.1535,-0.0287,-0.0373,0.3826,0.49,1.84,-0.0318,-0.2235,0.1598,0
2017-10-02,2.34,2.2471,-0.003,0.1604,-0.0291,-0.0354,0.3965,0.51,1.83,-0.0321,-0.225,0.1607,0
2017-10-03,2.33,2.2434,-0.0043,0.1581,-0.0322,-0.035,0.3903,0.49,1.84,-0.0365,-0.2269,0.1539,0
2017-10-04,2.33,2.2434,-0.0042,0.1591,-0.032,-0.0363,0.3803,0.48,1.85,-0.0362,-0.2264,0.154,0
2017-10-05,2.35,2.2481,-0.0025,0.1635,-0.0241,-0.0351,0.3752,0.49,1.86,-0.0266,-0.2163,0.1632,0
2017-10-06,2.37,2.2529,-0.0008,0.1729,-0.0206,-0.0344,0.3784,0.5,1.87,-0.0214,-0.2149,0.1721,0
2017-10-10,2.35,2.2462,-0.0047,0.1739,-0.0347,-0.0307,0.361,0.47,1.88,-0.0394,-0.2321,0.1534,0
2017-10-11,2.35,2.2453,-0.0049,0.1751,-0.041,-0.0245,0.3585,0.46,1.89,-0.0459,-0.244,0.1522,0
2017-10-12,2.33,2.2411,-0.0068,0.1799,-0.0569,-0.0273,0.3514,0.44,1.89,-0.0637,-0.2697,0.1422,0
2017-10-13,2.28,2.2311,-0.01,0.1749,-0.0871,-0.0289,0.372,0.43,1.85,-0.0971,-0.3184,0.1242,0
2017-10-16,2.3,2.2349,-0.008,0.1913,-0.0929,-0.0253,0.3914,0.46,1.84,-0.1009,-0.3352,0.1333,0
2017-10-17,2.3,2.2335,-0.0084,0.1994,-0.0998,-0.0248,0.3968,0.48,1.82,-0.1082,-0.3468,0.1305,0
2017-10-18,2.34,2.2419,-0.0049,0.2021,-0.0728,-0.0263,0.4006,0.5,1.84,-0.0777,-0.3038,0.1485,0
2017-10-19,2.33,2.2387,-0.0062,0.2021,-0.0813,-0.0233,0.4021,0.49,1.84,-0.0875,-0.3167,0.1417,0
2017-10-20,2.39,2.2515,-0.002,0.2101,-0.0462,-0.0235,0.3905,0.52,1.87,-0.0482,-0.2618,0.1655,0
2017-10-23,2.38,2.2497,-0.0024,0.1998,-0.045,-0.0221,0.389,0.52,1.86,-0.0474,-0.2579,0.1631,0
2017-10-24,2.42,2.2598,0.0005,0.2072,-0.0217,-0.0258,0.3937,0.55,1.87,-0.0212,-0.2222,0.1798,0
2017-10-25,2.44,2.2653,0.0023,0.2043,-0.0024,-0.0295,0.3942,0.56,1.88,-0.0001,-0.1902,0.1901,0
2017-10-26,2.46,2.2698,0.0037,0.2106,0.003,-0.0271,0.3903,0.57,1.89,0.0067,-0.1845,0.1979,0
2017-10-27,2.42,2.2614,0.0008,0.2056,-0.0173,-0.0305,0.3768,0.54,1.88,-0.0165,-0.2152,0.1822,0
2017-10-30,2.37,2.2504,-0.0021,0.1965,-0.0451,-0.0296,0.3746,0.5,1.87,-0.0472,-0.2593,0.1648,0
2017-10-31,2.38,2.2506,-0.0032,0.2097,-0.0536,-0.0235,0.3697,0.5,1.88,-0.0568,-0.2739,0.1603,0
2017-11-01,2.37,2.2477,-0.0049,0.2187,-0.0692,-0.0223,0.3666,0.49,1.88,-0.0741,-0.2998,0.1516,0
2017-11-02,2.35,2.2429,-0.0065,0.2189,-0.0806,-0.0247,0.3653,0.48,1.87,-0.0871,-0.317,0.1428,0
2017-11-03,2.34,2.239,-0.0082,0.2235,-0.0988,-0.0155,0.3725,0.48,1.86,-0.107,-0.3479,0.1339,0
2017-11-06,2.32,2.2336,-0.0102,0.2269,-0.1134,-0.0169,0.3625,0.46,1.86,-0.1236,-0.3702,0.1231,0
2017-11-07,2.32,2.2308,-0.012,0.2358,-0.1273,-0.0073,0.3546,0.44,1.88,-0.1393,-0.3928,0.1142,0
2017-11-08,2.32,2.2346,-0.0111,0.2422,-0.1198,-0.0259,0.3528,0.45,1.87,-0.1309,-0.3819,0.12,0
2017-11-09,2.33,2.2374,-0.0105,0.2352,-0.1015,-0.0305,0.3532,0.46,1.87,-0.112,-0.3482,0.1241,0
2017-11-10,2.4,2.2555,-0.0043,0.2409,-0.0554,-0.0367,0.3652,0.52,1.88,-0.0597,-0.2777,0.1583,0
2017-11-13,2.4,2.2562,-0.0043,0.2519,-0.0705,-0.0333,0.3662,0.52,1.88,-0.0748,-0.3082,0.1586,0
2017-11-14,2.38,2.251,-0.0066,0.2552,-0.0862,-0.0334,0.372,0.51,1.87,-0.0928,-0.332,0.1464,0
2017-11-15,2.33,2.2384,-0.011,0.2585,-0.127,-0.029,0.3709,0.48,1.85,-0.138,-0.3981,0.1221,0
2017-11-16,2.37,2.2458,-0.0091,0.2702,-0.1095,-0.0273,0.3738,0.53,1.84,-0.1186,-0.3707,0.1334,0
2017-11-17,2.35,2.2413,-0.0108,0.2732,-0.127,-0.0267,0.3754,0.49,1.86,-0.1378,-0.3997,0.1242,0
2017-11-20,2.37,2.246,-0.01,0.2897,-0.126,-0.0297,0.3817,0.52,1.85,-0.136,-0.4012,0.1293,0
2017-11-21,2.36,2.2443,-0.0103,0.3001,-0.1429,-0.0312,0.3905,0.52,1.84,-0.1532,-0.4332,0.1267,0
2017-11-22,2.32,2.2347,-0.0139,0.2854,-0.1485,-0.0377,0.3781,0.48,1.84,-0.1624,-0.4327,0.1079,0
2017-11-24,2.34,2.2391,-0.0125,0.2888,-0.1411,-0.0343,0.3838,0.5,1.84,-0.1536,-0.4233,0.1161,0
2017-11-27,2.32,2.2359,-0.0127,0.2827,-0.1479,-0.0381,0.3888,0.49,1.83,-0.1606,-0.4344,0.1132,0
2017-11-28,2.34,2.238,-0.0129,0.2894,-0.1458,-0.0287,0.3915,0.5,1.84,-0.1587,-0.4309,0.1135,0
2017-11-29,2.37,2.2473,-0.0095,0.2901,-0.1178,-0.0402,0.3969,0.53,1.84,-0.1273,-0.3866,0.1321,0
2017-11-30,2.42,2.2574,-0.0052,0.3023,-0.101,-0.0335,0.3972,0.56,1.86,-0.1062,-0.3662,0.1538,0
2017-12-01,2.37,2.2446,-0.0099,0.313,-0.1499,-0.0278,0.3859,0.51,1.86,-0.1598,-0.448,0.1283,0
2017-12-04,2.37,2.2447,-0.0097,0.3273,-0.158,-0.0343,0.3747,0.5,1.87,-0.1677,-0.464,0.1286,0
2017-12-05,2.36,2.2397,-0.0119,0.3406,-0.1843,-0.024,0.3781,0.5,1.86,-0.1962,-0.5088,0.1163,0
2017-12-06,2.33,2.231,-0.0152,0.3335,-0.1978,-0.0215,0.3765,0.47,1.86,-0.213,-0.5247,0.0988,0
2017-12-07,2.37,2.2409,-0.0115,0.331,-0.1623,-0.0281,0.3754,0.5,1.87,-0.1738,-0.4666,0.119,0
2017-12-08,2.38,2.2439,-0.0097,0.3268,-0.1518,-0.0291,0.372,0.5,1.88,-0.1615,-0.4506,0.1275,0
2017-12-11,2.39,2.2452,-0.0097,0.3358,-0.1618,-0.0195,0.3716,0.51,1.88,-0.1715,-0.4712,0.1282,0
2017-12-12,2.4,2.2479,-0.0093,0.3421,-0.1516,-0.0291,0.359,0.51,1.89,-0.1609,-0.4531,0.1312,0
2017-12-13,2.36,2.2388,-0.0123,0.3217,-0.1609,-0.0274,0.3688,0.48,1.88,-0.1732,-0.4612,0.1149,0
2017-12-14,2.35,2.237,-0.0133,0.3377,-0.1849,-0.0265,0.3682,0.48,1.87,-0.1982,-0.5063,0.1099,0
2017-12-15,2.35,2.2357,-0.0134,0.3523,-0.202,-0.0226,0.372,0.47,1.88,-0.2154,-0.5387,0.1079,0
2017-12-18,2.39,2.2436,-0.0115,0.3478,-0.1633,-0.0266,0.3698,0.5,1.89,-0.1748,-0.4698,0.1202,0
2017-12-19,2.46,2.2617,-0.0052,0.3499,-0.1127,-0.0337,0.3717,0.55,1.91,-0.1179,-0.391,0.1551,0
2017-12-20,2.49,2.2713,-0.0016,0.3461,-0.0858,-0.04,0.3736,0.57,1.92,-0.0874,-0.3492,0.1743,0
2017-12-21,2.48,2.2686,-0.0034,0.3568,-0.1052,-0.0368,0.3575,0.55,1.93,-0.1086,-0.383,0.1658,0
2017-12-22,2.48,2.2681,-0.0035,0.3631,-0.1131,-0.0346,0.3543,0.54,1.94,-0.1166,-0.3978,0.1646,0
2017-12-26,2.47,2.2636,-0.0046,0.3664,-0.1323,-0.0231,0.352,0.53,1.94,-0.1369,-0.4314,0.1576,0
2017-12-27,2.42,2.2498,-0.0099,0.367,-0.1685,-0.0184,0.3374,0.48,1.94,-0.1784,-0.4865,0.1296,0
2017-12-28,2.43,2.2527,-0.009,0.3733,-0.1576,-0.0294,0.3283,0.47,1.96,-0.1666,-0.4675,0.1343,0
2017-12-29,2.4,2.2472,-0.0108,0.3696,-0.1694,-0.0366,0.3081,0.44,1.96,-0.1802,-0.4847,0.1243,0
2018-01-02,2.46,2.259,-0.009,0.3801,-0.1418,-0.0283,0.2994,0.46,2.0,-0.1508,-0.4401,0.1384,0
2018-01-03,2.44,2.2565,-0.0095,0.3811,-0.1589,-0.0291,0.3023,0.46,1.98,-0.1684,-0.4713,0.1345,0
2018-01-04,2.46,2.2574,-0.0092,0.3952,-0.1689,-0.0145,0.2932,0.45,2.01,-0.1781,-0.4918,0.1356,0
2018-01-05,2.47,2.2612,-0.0073,0.3978,-0.1569,-0.0248,0.283,0.46,2.01,-0.1642,-0.4737,0.1453,0
2018-01-08,2.49,2.264,-0.0067,0.3983,-0.1499,-0.0157,0.2912,0.47,2.02,-0.1566,-0.4625,0.1492,0
2018-01-09,2.55,2.2786,-0.0014,0.3958,-0.1004,-0.0226,0.2925,0.52,2.03,-0.1018,-0.3814,0.1779,0
2018-01-10,2.55,2.2799,-0.0007,0.3896,-0.0948,-0.024,0.2884,0.52,2.03,-0.0955,-0.3726,0.1816,0
2018-01-11,2.54,2.2789,-0.0008,0.3891,-0.1058,-0.0215,0.3053,0.54,2.0,-0.1066,-0.3939,0.1807,0
2018-01-12,2.55,2.2804,-0.0002,0.4048,-0.112,-0.0231,0.3025,0.54,2.01,-0.1122,-0.4076,0.1832,0
2018-01-16,2.54,2.2768,-0.0029,0.4189,-0.1321,-0.0207,0.2916,0.51,2.03,-0.135,-0.4408,0.1707,0
2018-01-17,2.57,2.282,-0.0009,0.4321,-0.1261,-0.017,0.2912,0.53,2.04,-0.127,-0.4347,0.1806,0
2018-01-18,2.62,2.2934,0.0033,0.4325,-0.0858,-0.0234,0.2788,0.57,2.05,-0.0825,-0.3683,0.2033,0
2018-01-19,2.64,2.2984,0.0059,0.4369,-0.0823,-0.0189,0.2788,0.58,2.06,-0.0764,-0.3687,0.2159,0
2018-01-22,2.66,2.3022,0.0063,0.4416,-0.0743,-0.0157,0.2832,0.6,2.06,-0.068,-0.3558,0.2197,0
2018-01-23,2.63,2.294,0.0037,0.4324,-0.0898,-0.0103,0.2816,0.57,2.06,-0.0861,-0.3773,0.2051,0
2018-01-24,2.65,2.2989,0.0055,0.4357,-0.0787,-0.0114,0.2762,0.58,2.07,-0.0732,-0.3613,0.2148,0
2018-01-25,2.63,2.2926,0.0031,0.4397,-0.1048,-0.0007,0.2762,0.56,2.07,-0.1017,-0.4049,0.2016,0
2018-01-26,2.66,2.2999,0.0062,0.4599,-0.0986,-0.0074,0.2655,0.57,2.09,-0.0924,-0.4019,0.2172,0
2018-01-29,2.7,2.3081,0.0086,0.4626,-0.0725,-0.0068,0.275,0.61,2.09,-0.0639,-0.3586,0.2309,0
2018-01-30,2.73,2.3156,0.0112,0.4592,-0.0467,-0.0094,0.2832,0.63,2.1,-0.0355,-0.3164,0.2454,0
2018-01-31,2.72,2.3137,0.0106,0.4744,-0.067,-0.0118,0.2693,0.61,2.11,-0.0564,-0.3544,0.2417,0
2018-02-01,2.78,2.3289,0.0169,0.4754,-0.0215,-0.0197,0.2763,0.67,2.11,-0.0046,-0.2836,0.2743,0
2018-02-02,2.84,2.3432,0.0222,0.4652,0.0356,-0.0263,0.2728,0.7,2.14,0.0578,-0.1876,0.3033,0
2018-02-05,2.77,2.3299,0.016,0.4386,0.0162,-0.0307,0.2787,0.67,2.1,0.0322,-0.2087,0.2732,0
2018-02-06,2.79,2.3335,0.0164,0.4496,0.0098,-0.0193,0.2854,0.69,2.1,0.0262,-0.2242,0.2765,0
2018-02-07,2.84,2.3481,0.0206,0.4589,0.0482,-0.0358,0.2881,0.74,2.1,0.0688,-0.1636,0.3011,0
2018-02-08,2.85,2.3528,0.0221,0.4483,0.0688,-0.042,0.3073,0.76,2.09,0.0909,-0.128,0.3097,0
2018-02-09,2.83,2.3506,0.0207,0.4207,0.0909,-0.053,0.3271,0.78,2.05,0.1116,-0.0811,0.3044,0
2018-02-12,2.86,2.3571,0.0203,0.451,0.0821,-0.0505,0.3269,0.79,2.07,0.1024,-0.1015,0.3064,0
2018-02-13,2.83,2.3501,0.0179,0.4502,0.0571,-0.0453,0.3288,0.78,2.05,0.075,-0.1429,0.2929,0
2018-02-14,2.91,2.369,0.0249,0.4836,0.0842,-0.0517,0.3101,0.82,2.09,0.1091,-0.1113,0.3296,0
2018-02-15,2.9,2.3646,0.0233,0.4894,0.0665,-0.0438,0.294,0.79,2.11,0.0898,-0.1411,0.3207,0
2018-02-16,2.87,2.3585,0.0209,0.4894,0.049,-0.0478,0.2929,0.78,2.09,0.0699,-0.168,0.3078,0
2018-02-20,2.88,2.3591,0.0199,0.5001,0.0425,-0.0417,0.2864,0.78,2.1,0.0624,-0.1793,0.3042,0
2018-02-21,2.94,2.3718,0.025,0.5014,0.0792,-0.0374,0.2902,0.82,2.12,0.1042,-0.1225,0.3309,0
2018-02-22,2.92,2.3678,0.0238,0.4935,0.0722,-0.0374,0.2884,0.81,2.11,0.096,-0.1322,0.3243,0
2018-02-23,2.88,2.3564,0.0195,0.4932,0.0401,-0.0293,0.271,0.76,2.12,0.0596,-0.1817,0.301,0
2018-02-26,2.86,2.3518,0.017,0.4878,0.0368,-0.0334,0.2482,0.73,2.13,0.0538,-0.1815,0.2891,0
2018-02-27,2.9,2.363,0.021,0.5054,0.0442,-0.0336,0.2624,0.77,2.13,0.0652,-0.1801,0.3105,0
2018-02-28,2.87,2.3556,0.0188,0.5068,0.0222,-0.0334,0.2721,0.75,2.12,0.041,-0.2155,0.2975,0
2018-03-01,2.81,2.3407,0.0139,0.493,-0.0036,-0.034,0.262,0.71,2.1,0.0103,-0.2499,0.2705,0
2018-03-02,2.86,2.3524,0.0179,0.5021,0.0251,-0.0375,0.2536,0.74,2.12,0.043,-0.2067,0.2926,0
2018-03-05,2.88,2.3575,0.0194,0.5008,0.0408,-0.0385,0.2486,0.75,2.13,0.0602,-0.1809,0.3014,0
2018-03-06,2.88,2.3574,0.0191,0.5052,0.033,-0.0348,0.2524,0.76,2.12,0.0521,-0.1957,0.3,0
2018-03-07,2.89,2.358,0.0192,0.5056,0.0332,-0.0261,0.2521,0.76,2.13,0.0524,-0.1961,0.3009,0
2018-03-08,2.86,2.3518,0.0168,0.5059,0.0139,-0.0284,0.2565,0.75,2.11,0.0307,-0.2263,0.2878,0
2018-03-09,2.9,2.3586,0.0192,0.511,0.0296,-0.0184,0.2693,0.78,2.12,0.0488,-0.2032,0.3009,0
2018-03-12,2.87,2.3519,0.0164,0.5125,0.0094,-0.0203,0.2741,0.77,2.1,0.0258,-0.2349,0.2865,0
2018-03-13,2.84,2.3452,0.0136,0.5121,-0.0079,-0.023,0.2754,0.75,2.09,0.0057,-0.2603,0.2717,0
2018-03-14,2.81,2.3383,0.0102,0.5183,-0.0321,-0.0247,0.2732,0.74,2.07,-0.0219,-0.2982,0.2544,0
2018-03-15,2.82,2.3382,0.0096,0.5281,-0.0408,-0.0151,0.2736,0.74,2.08,-0.0312,-0.3146,0.2522,0
2018-03-16,2.85,2.3444,0.0117,0.5354,-0.0292,-0.0123,0.2858,0.77,2.08,-0.0175,-0.2982,0.2633,0
2018-03-19,2.85,2.3445,0.0105,0.5403,-0.0301,-0.0151,0.2876,0.77,2.08,-0.0196,-0.2983,0.259,0
2018-03-20,2.89,2.3524,0.0139,0.549,-0.0193,-0.006,0.2949,0.81,2.08,-0.0054,-0.2868,0.276,0
2018-03-21,2.89,2.3542,0.0152,0.5415,-0.0009,-0.0201,0.2876,0.8,2.09,0.0143,-0.2537,0.2824,0
2018-03-22,2.83,2.3384,0.01,0.5344,-0.0473,-0.0056,0.2801,0.75,2.08,-0.0373,-0.3277,0.2531,0
2018-03-23,2.82,2.3367,0.01,0.522,-0.0379,-0.0109,0.2875,0.75,2.07,-0.0279,-0.3084,0.2527,0
2018-03-26,2.85,2.3431,0.0114,0.5374,-0.0352,-0.0067,0.2909,0.77,2.08,-0.0238,-0.3089,0.2613,0
2018-03-27,2.78,2.326,0.0055,0.5222,-0.0688,-0.0048,0.2809,0.71,2.07,-0.0633,-0.356,0.2293,0
2018-03-28,2.77,2.3259,0.005,0.5334,-0.0814,-0.0129,0.2908,0.72,2.05,-0.0764,-0.3797,0.2269,0
2018-03-29,2.74,2.3168,0.0025,0.532,-0.1064,-0.0049,0.2881,0.69,2.05,-0.1039,-0.4198,0.2119,0
2018-04-02,2.73,2.3156,0.002,0.5238,-0.096,-0.0154,0.2898,0.68,2.05,-0.094,-0.3979,0.2098,0
2018-04-03,2.79,2.3267,0.0062,0.5377,-0.0796,-0.0009,0.2787,0.71,2.08,-0.0734,-0.3787,0.2318,0
2018-04-04,2.79,2.3286,0.0077,0.5379,-0.0784,-0.0058,0.2758,0.71,2.08,-0.0707,-0.3798,0.2384,0
2018-04-05,2.83,2.3365,0.0103,0.5397,-0.0576,0.0011,0.2841,0.75,2.08,-0.0473,-0.3472,0.2527,0
2018-04-06,2.77,2.3222,0.0055,0.5315,-0.0908,0.0015,0.2775,0.7,2.07,-0.0853,-0.397,0.2265,0
2018-04-09,2.78,2.3239,0.0054,0.5412,-0.0934,0.0029,0.2794,0.71,2.07,-0.088,-0.4026,0.2267,0
2018-04-10,2.8,2.3271,0.0065,0.5505,-0.0923,0.0083,0.2795,0.72,2.08,-0.0858,-0.4043,0.2326,0
2018-04-11,2.79,2.3215,0.0042,0.5565,-0.1088,0.0166,0.2565,0.68,2.11,-0.1046,-0.4291,0.2199,0
2018-04-12,2.83,2.3339,0.0089,0.5683,-0.0838,0.0027,0.255,0.7,2.13,-0.0749,-0.3949,0.245,0
2018-04-13,2.82,2.3309,0.0072,0.5762,-0.1001,0.0057,0.2446,0.69,2.13,-0.0929,-0.4222,0.2365,0
2018-04-16,2.83,2.3324,0.0072,0.5838,-0.1019,0.0085,0.2536,0.71,2.12,-0.0947,-0.4265,0.2371,0
2018-04-17,2.82,2.3275,0.0046,0.5935,-0.1211,0.0155,0.2442,0.68,2.14,-0.1165,-0.4568,0.2238,0
2018-04-18,2.87,2.3403,0.0093,0.5962,-0.0827,0.0069,0.2363,0.71,2.16,-0.0734,-0.3962,0.2494,0
2018-04-19,2.92,2.3524,0.0138,0.6039,-0.0549,0.0048,0.2386,0.75,2.17,-0.0411,-0.3559,0.2737,0
2018-04-20,2.96,2.3627,0.0178,0.6097,-0.0336,0.0034,0.2513,0.79,2.17,-0.0158,-0.3263,0.2946,0
2018-04-23,2.98,2.3671,0.0187,0.6227,-0.0315,0.003,0.2519,0.8,2.18,-0.0128,-0.3259,0.3003,0
2018-04-24,3.0,2.3715,0.0199,0.6149,-0.0098,0.0035,0.2718,0.83,2.17,0.0101,-0.2873,0.3075,0
2018-04-25,3.03,2.3796,0.0232,0.6091,0.0186,-0.0005,0.2802,0.86,2.17,0.0418,-0.2416,0.3252,0
2018-04-26,3.0,2.3722,0.021,0.6088,-0.0063,0.0043,0.2709,0.82,2.18,0.0147,-0.2828,0.3123,0
2018-04-27,2.96,2.3628,0.0177,0.6112,-0.036,0.0044,0.2682,0.79,2.17,-0.0183,-0.3308,0.2941,0
2018-04-30,2.95,2.3584,0.0156,0.6179,-0.0507,0.0088,0.2585,0.78,2.17,-0.0351,-0.3533,0.2831,0
2018-05-01,2.97,2.3633,0.017,0.6188,-0.0394,0.0103,0.2764,0.81,2.16,-0.0224,-0.3361,0.2913,0
2018-05-02,2.97,2.3622,0.017,0.6155,-0.0351,0.0103,0.2647,0.8,2.17,-0.0181,-0.3272,0.2911,0
2018-05-03,2.94,2.3573,0.0155,0.6079,-0.0452,0.0045,0.2652,0.78,2.16,-0.0297,-0.342,0.2827,0
2018-05-04,2.95,2.361,0.0167,0.5989,-0.013,-0.0136,0.2597,0.79,2.16,0.0037,-0.2817,0.2891,0
2018-05-07,2.95,2.3629,0.0165,0.5979,-0.0062,-0.0211,0.2536,0.78,2.17,0.0103,-0.2693,0.2899,0
2018-05-08,2.97,2.3686,0.0185,0.6029,0.0027,-0.0227,0.2634,0.81,2.16,0.0212,-0.2582,0.3006,0
2018-05-09,3.0,2.3751,0.0209,0.6089,0.0171,-0.022,0.2553,0.82,2.18,0.038,-0.2377,0.3136,0
2018-05-10,2.97,2.3692,0.019,0.6132,-0.0069,-0.0245,0.2521,0.8,2.17,0.0121,-0.2781,0.3024,0
2018-05-11,2.97,2.3681,0.0184,0.6211,-0.0196,-0.018,0.2603,0.82,2.15,-0.0012,-0.3017,0.2993,0
2018-05-14,3.0,2.3728,0.0193,0.6264,-0.008,-0.0106,0.2644,0.85,2.15,0.0113,-0.2826,0.3053,0
2018-05-15,3.08,2.3913,0.0258,0.6407,0.0326,-0.0103,0.2648,0.9,2.18,0.0584,-0.2242,0.341,0
2018-05-16,3.09,2.3951,0.0274,0.6473,0.0302,-0.01,0.266,0.92,2.17,0.0576,-0.234,0.3492,0
2018-05-17,3.11,2.3996,0.0289,0.6423,0.049,-0.0098,0.2759,0.95,2.16,0.0779,-0.2018,0.3575,0
2018-05-18,3.06,2.3893,0.0252,0.6282,0.0331,-0.0158,0.2788,0.91,2.15,0.0583,-0.2212,0.3378,0
2018-05-21,3.06,2.3882,0.0232,0.6326,0.0303,-0.0143,0.2698,0.9,2.16,0.0535,-0.2225,0.3295,0
2018-05-22,3.06,2.3896,0.0235,0.633,0.0322,-0.0184,0.274,0.91,2.15,0.0557,-0.2204,0.3319,0
2018-05-23,3.01,2.3777,0.0197,0.612,0.0177,-0.0171,0.2769,0.87,2.14,0.0374,-0.2358,0.3106,0
2018-05-24,2.98,2.37,0.0174,0.6167,-0.0213,-0.0028,0.2909,0.86,2.12,-0.0039,-0.3054,0.2975,0
2018-05-25,2.93,2.359,0.0139,0.6094,-0.046,-0.0063,0.3036,0.84,2.09,-0.0321,-0.3423,0.278,0
2018-05-29,2.77,2.3225,0.0003,0.5566,-0.0935,-0.0158,0.3053,0.73,2.04,-0.0932,-0.393,0.2065,0
2018-05-30,2.84,2.3373,0.005,0.5921,-0.0919,-0.0025,0.3073,0.78,2.06,-0.0869,-0.4059,0.2321,0
2018-05-31,2.83,2.3342,0.0038,0.5997,-0.1041,-0.0036,0.2933,0.76,2.07,-0.1003,-0.4265,0.2259,0
2018-06-01,2.89,2.3479,0.0086,0.6206,-0.0834,-0.0038,0.2933,0.8,2.09,-0.0748,-0.4007,0.2512,0
2018-06-04,2.94,2.3567,0.0112,0.6346,-0.0672,0.0047,0.2884,0.82,2.12,-0.056,-0.3777,0.2658,0
2018-06-05,2.92,2.351,0.009,0.6274,-0.0745,0.0071,0.2829,0.79,2.13,-0.0655,-0.3854,0.2544,0
2018-06-06,2.97,2.3653,0.0142,0.6381,-0.0413,-0.0062,0.285,0.83,2.14,-0.0271,-0.3366,0.2824,0
2018-06-07,2.93,2.3549,0.0109,0.6302,-0.0675,0.0015,0.2754,0.8,2.13,-0.0566,-0.3767,0.2635,0
2018-06-08,2.93,2.3561,0.0112,0.6277,-0.0641,-0.0009,0.2839,0.82,2.11,-0.0529,-0.3713,0.2656,0
2018-06-11,2.96,2.3609,0.0134,0.6346,-0.0569,0.008,0.2842,0.83,2.13,-0.0435,-0.3635,0.2764,0
2018-06-12,2.96,2.3645,0.0151,0.6215,-0.0212,-0.02,0.2821,0.83,2.13,-0.0061,-0.2972,0.285,0
2018-06-13,2.98,2.3703,0.0177,0.6326,-0.0213,-0.0193,0.2983,0.86,2.12,-0.0036,-0.3053,0.2981,0
2018-06-14,2.94,2.3589,0.0143,0.6297,-0.0484,-0.0144,0.2796,0.82,2.12,-0.0341,-0.3467,0.2784,0
2018-06-15,2.93,2.3567,0.0137,0.6273,-0.0521,-0.0157,0.288,0.81,2.12,-0.0384,-0.3515,0.2747,0
2018-06-18,2.92,2.3552,0.0115,0.6297,-0.0493,-0.0271,0.279,0.8,2.12,-0.0378,-0.3408,0.2653,0
2018-06-19,2.89,2.3478,0.0083,0.6213,-0.0628,-0.0246,0.2756,0.77,2.12,-0.0545,-0.358,0.2491,0
2018-06-20,2.93,2.3574,0.0114,0.6259,-0.0415,-0.0232,0.2885,0.81,2.12,-0.0301,-0.3266,0.2664,0
2018-06-21,2.9,2.3513,0.0095,0.6198,-0.0563,-0.0243,0.2883,0.79,2.11,-0.0468,-0.3497,0.2561,0
2018-06-22,2.9,2.351,0.0098,0.6208,-0.0553,-0.0263,0.2755,0.78,2.12,-0.0455,-0.3478,0.2568,0
2018-06-25,2.87,2.3458,0.0073,0.6147,-0.0661,-0.0316,0.2792,0.77,2.1,-0.0588,-0.3621,0.2444,0
2018-06-26,2.88,2.3466,0.007,0.6125,-0.0578,-0.0283,0.2715,0.76,2.12,-0.0508,-0.3457,0.2441,0
2018-06-27,2.83,2.3359,0.0041,0.6059,-0.0884,-0.0275,0.2686,0.72,2.11,-0.0843,-0.3955,0.227,0
2018-06-28,2.84,2.3387,0.005,0.6125,-0.0877,-0.0285,0.2776,0.74,2.1,-0.0827,-0.3974,0.2319,0
2018-06-29,2.85,2.3395,0.0055,0.6146,-0.0851,-0.0245,0.272,0.74,2.11,-0.0796,-0.393,0.2338,0
2018-07-02,2.87,2.3419,0.0055,0.6289,-0.091,-0.0153,0.2633,0.73,2.14,-0.0855,-0.4061,0.2351,0
2018-07-03,2.83,2.3337,0.003,0.6227,-0.1103,-0.0191,0.2577,0.71,2.12,-0.1073,-0.4354,0.2208,0
2018-07-05,2.84,2.3329,0.0032,0.6288,-0.1199,-0.005,0.2559,0.71,2.13,-0.1167,-0.4541,0.2208,0
2018-07-06,2.82,2.3292,0.0018,0.6209,-0.1181,-0.0139,0.2558,0.7,2.12,-0.1163,-0.4455,0.213,0
2018-07-09,2.86,2.3372,0.0037,0.637,-0.1097,-0.0083,0.259,0.73,2.13,-0.106,-0.4371,0.2251,0
2018-07-10,2.87,2.3395,0.0046,0.6428,-0.1104,-0.0064,0.2671,0.74,2.13,-0.1058,-0.4411,0.2294,0
2018-07-11,2.85,2.3341,0.0029,0.6351,-0.1159,-0.0062,0.2691,0.74,2.11,-0.113,-0.4459,0.2199,0
2018-07-12,2.85,2.3352,0.0027,0.6399,-0.1156,-0.0122,0.2742,0.75,2.1,-0.1129,-0.4456,0.2199,0
2018-07-13,2.83,2.3299,0.001,0.6373,-0.1267,-0.0115,0.2668,0.72,2.11,-0.1257,-0.4617,0.2102,0
2018-07-16,2.85,2.3351,0.0017,0.6407,-0.1144,-0.0131,0.2746,0.75,2.1,-0.1127,-0.4413,0.2159,0
2018-07-17,2.86,2.3383,0.0026,0.6455,-0.1123,-0.0141,0.2846,0.77,2.09,-0.1097,-0.4407,0.2212,0
2018-07-18,2.88,2.3408,0.0041,0.6457,-0.1105,-0.0001,0.2968,0.79,2.09,-0.1064,-0.4412,0.2284,0
2018-07-19,2.84,2.3338,0.0022,0.6363,-0.1208,-0.0115,0.3011,0.75,2.09,-0.1186,-0.4543,0.2171,0
2018-07-20,2.89,2.3459,0.0066,0.6326,-0.0771,-0.018,0.3064,0.78,2.11,-0.0705,-0.3822,0.2412,0
2018-07-23,2.96,2.3632,0.0118,0.643,-0.0387,-0.0193,0.3195,0.85,2.11,-0.0269,-0.3249,0.2712,0
2018-07-24,2.95,2.3598,0.0106,0.6447,-0.0555,-0.0096,0.3257,0.84,2.11,-0.0449,-0.3541,0.2643,0
2018-07-25,2.94,2.356,0.0092,0.6442,-0.0625,-0.007,0.3135,0.81,2.13,-0.0533,-0.3632,0.2567,0
2018-07-26,2.98,2.367,0.0135,0.6577,-0.0469,-0.0113,0.3285,0.87,2.11,-0.0334,-0.3463,0.2794,0
2018-07-27,2.96,2.3609,0.0114,0.6584,-0.0656,-0.0051,0.3226,0.84,2.12,-0.0542,-0.3758,0.2674,0
2018-07-30,2.98,2.3643,0.012,0.6586,-0.0499,-0.005,0.3216,0.85,2.13,-0.0379,-0.3475,0.2717,0
2018-07-31,2.96,2.359,0.0098,0.6597,-0.0707,0.0021,0.3242,0.84,2.12,-0.0609,-0.3822,0.2605,0
2018-08-01,3.0,2.3694,0.0135,0.6648,-0.0397,-0.008,0.3271,0.87,2.13,-0.0262,-0.3331,0.2808,0
2018-08-02,2.98,2.366,0.0123,0.6544,-0.0406,-0.0121,0.3258,0.86,2.12,-0.0283,-0.3309,0.2743,0
2018-08-03,2.95,2.3585,0.0091,0.6442,-0.0513,-0.0105,0.3199,0.83,2.12,-0.0422,-0.3424,0.258,0
2018-08-06,2.94,2.3556,0.0075,0.6432,-0.0617,-0.0046,0.3221,0.83,2.11,-0.0542,-0.3586,0.2502,0
2018-08-07,2.98,2.3635,0.0103,0.6534,-0.0486,0.0013,0.3188,0.85,2.13,-0.0383,-0.342,0.2654,0
2018-08-08,2.96,2.363,0.0101,0.6528,-0.0509,-0.015,0.3216,0.85,2.11,-0.0408,-0.346,0.2644,0
2018-08-09,2.93,2.3544,0.0065,0.6491,-0.0706,-0.0094,0.3211,0.82,2.11,-0.0641,-0.3737,0.2455,0
2018-08-10,2.87,2.3413,0.0021,0.6376,-0.0984,-0.0126,0.3146,0.78,2.09,-0.0963,-0.4145,0.2218,0
2018-08-13,2.88,2.3418,0.0023,0.6348,-0.0965,-0.0024,0.313,0.78,2.1,-0.0942,-0.4113,0.2228,0
2018-08-14,2.89,2.346,0.003,0.6404,-0.0895,-0.0099,0.3188,0.8,2.09,-0.0865,-0.4007,0.2277,0
2018-08-15,2.86,2.3382,0.0007,0.6309,-0.104,-0.0057,0.3204,0.78,2.08,-0.1033,-0.4215,0.2148,0
2018-08-16,2.87,2.3404,0.0015,0.6384,-0.1047,-0.0056,0.323,0.79,2.08,-0.1032,-0.425,0.2186,0
2018-08-17,2.87,2.3396,0.0012,0.642,-0.1121,-0.0007,0.3264,0.79,2.08,-0.1109,-0.439,0.2171,0
2018-08-20,2.82,2.3286,-0.0039,0.633,-0.1312,-0.0065,0.3198,0.75,2.07,-0.1351,-0.4621,0.1918,0
2018-08-21,2.85,2.3332,-0.0021,0.6394,-0.126,0.0055,0.3209,0.77,2.08,-0.1281,-0.4572,0.201,0
2018-08-22,2.82,2.3277,-0.0035,0.6332,-0.1367,-0.0008,0.3131,0.74,2.08,-0.1402,-0.4728,0.1925,0
2018-08-23,2.82,2.3263,-0.0036,0.6402,-0.1491,0.0062,0.305,0.73,2.09,-0.1527,-0.4966,0.1912,0
2018-08-24,2.82,2.3265,-0.0037,0.6468,-0.1523,0.0028,0.3007,0.73,2.09,-0.156,-0.5023,0.1903,0
2018-08-27,2.85,2.3319,-0.0025,0.6537,-0.1384,0.0054,0.2963,0.74,2.11,-0.1409,-0.4802,0.1983,0
2018-08-28,2.88,2.3405,-0.0,0.6581,-0.1177,-0.0009,0.3016,0.77,2.11,-0.1177,-0.4482,0.2128,0
2018-08-29,2.89,2.3405,0.0002,0.6699,-0.1335,0.0129,0.3028,0.77,2.12,-0.1333,-0.4795,0.2129,0
2018-08-30,2.86,2.3337,-0.0023,0.6612,-0.1435,0.0109,0.3053,0.76,2.1,-0.1458,-0.4912,0.1996,0
2018-08-31,2.86,2.3356,-0.0019,0.6535,-0.1296,0.0024,0.3182,0.78,2.08,-0.1315,-0.4659,0.2028,0
2018-09-04,2.9,2.3452,0.0009,0.6578,-0.104,0.0,0.318,0.8,2.1,-0.1031,-0.4252,0.2191,0
2018-09-05,2.9,2.3462,0.0008,0.6552,-0.1014,-0.0008,0.3212,0.81,2.09,-0.1006,-0.4206,0.2194,0
2018-09-06,2.88,2.3424,-0.0005,0.6491,-0.1089,-0.0021,0.3292,0.8,2.08,-0.1094,-0.4313,0.2125,0
2018-09-07,2.94,2.3557,0.0045,0.6712,-0.0919,0.0005,0.3293,0.84,2.1,-0.0874,-0.4135,0.2388,0
2018-09-10,2.94,2.3532,0.0031,0.6772,-0.1037,0.0103,0.3318,0.84,2.1,-0.1006,-0.4328,0.2315,0
2018-09-11,2.98,2.3622,0.0067,0.6872,-0.0816,0.0054,0.3275,0.86,2.12,-0.0749,-0.3999,0.2501,0
2018-09-12,2.97,2.3585,0.0052,0.6911,-0.097,0.0122,0.322,0.85,2.12,-0.0918,-0.4259,0.2423,0
2018-09-13,2.97,2.3593,0.0056,0.6927,-0.0973,0.0097,0.3405,0.87,2.1,-0.0917,-0.4274,0.244,0
2018-09-14,2.99,2.3648,0.0077,0.7037,-0.0889,0.0027,0.3411,0.89,2.1,-0.0812,-0.4174,0.255,0
2018-09-17,2.99,2.3643,0.0068,0.7034,-0.0868,0.0023,0.3412,0.89,2.1,-0.08,-0.4111,0.2511,0
2018-09-18,3.05,2.3778,0.0113,0.7092,-0.0483,-0.0,0.3355,0.92,2.13,-0.037,-0.3501,0.2761,0
2018-09-19,3.08,2.3846,0.014,0.7102,-0.0334,0.0045,0.3325,0.93,2.15,-0.0194,-0.3293,0.2906,0
2018-09-20,3.07,2.3832,0.0134,0.715,-0.0447,0.0031,0.3308,0.92,2.15,-0.0313,-0.3498,0.2871,0
2018-09-21,3.07,2.382,0.0126,0.7174,-0.0491,0.007,0.3275,0.92,2.15,-0.0365,-0.3563,0.2834,0
2018-09-24,3.08,2.3845,0.0131,0.7195,-0.0423,0.0052,0.3265,0.92,2.16,-0.0292,-0.3453,0.2869,0
2018-09-25,3.1,2.3886,0.0149,0.7239,-0.0366,0.0091,0.3274,0.94,2.16,-0.0217,-0.3392,0.2959,0
2018-09-26,3.06,2.3811,0.0124,0.7178,-0.0547,0.0034,0.3312,0.92,2.14,-0.0423,-0.3669,0.2823,0
2018-09-27,3.06,2.3793,0.0119,0.719,-0.0592,0.009,0.3302,0.91,2.15,-0.0473,-0.3738,0.2791,0
2018-09-28,3.05,2.3786,0.0119,0.7121,-0.0515,-0.001,0.3293,0.91,2.14,-0.0396,-0.358,0.2787,0
2018-10-01,3.09,2.3875,0.0137,0.7117,-0.0245,0.0016,0.3384,0.95,2.14,-0.0108,-0.3132,0.2915,0
2018-10-02,3.05,2.3803,0.0107,0.7115,-0.0493,-0.0033,0.3359,0.93,2.12,-0.0386,-0.3527,0.2756,0
2018-10-03,3.15,2.4017,0.0183,0.7216,0.0075,0.001,0.3365,0.99,2.16,0.0258,-0.2655,0.317,0
2018-10-04,3.19,2.4138,0.0226,0.7222,0.0393,-0.0079,0.3486,1.03,2.16,0.0619,-0.2166,0.3403,0
2018-10-05,3.23,2.4239,0.0265,0.7213,0.0696,-0.0113,0.3528,1.07,2.16,0.0961,-0.1693,0.3614,0
2018-10-09,3.21,2.4172,0.0228,0.7263,0.0434,0.0003,0.3463,1.04,2.17,0.0662,-0.2108,0.3432,0
2018-10-10,3.22,2.4204,0.0238,0.7181,0.0629,-0.0052,0.354,1.06,2.16,0.0867,-0.1759,0.3492,0
2018-10-11,3.14,2.4045,0.0182,0.7136,0.0103,-0.0066,0.3659,1.02,2.12,0.0285,-0.2615,0.3185,0
2018-10-12,3.15,2.4046,0.0181,0.7142,0.0165,-0.0034,0.3729,1.03,2.12,0.0346,-0.2491,0.3184,0
2018-10-15,3.16,2.4068,0.0181,0.7198,0.0203,-0.005,0.3667,1.03,2.13,0.0384,-0.2427,0.3195,0
2018-10-16,3.16,2.4056,0.0178,0.7242,0.0084,0.0039,0.3675,1.03,2.13,0.0262,-0.2651,0.3176,0
2018-10-17,3.19,2.4125,0.02,0.7284,0.0269,0.0022,0.3747,1.06,2.13,0.0469,-0.2363,0.3301,0
2018-10-18,3.17,2.41,0.019,0.7202,0.0257,-0.0049,0.3864,1.07,2.1,0.0447,-0.2357,0.3251,0
2018-10-19,3.2,2.4161,0.0211,0.7291,0.0352,-0.0015,0.3943,1.09,2.11,0.0563,-0.2234,0.336,0
2018-10-22,3.2,2.4147,0.0203,0.729,0.032,0.004,0.3955,1.09,2.11,0.0523,-0.2276,0.3321,0
2018-10-23,3.17,2.4095,0.0184,0.7193,0.0245,-0.0017,0.4025,1.08,2.09,0.0429,-0.2367,0.3224,0
2018-10-24,3.1,2.3935,0.0126,0.6982,-0.0028,-0.0015,0.4016,1.03,2.07,0.0098,-0.2719,0.2915,0
2018-10-25,3.14,2.4032,0.0159,0.7083,0.0087,0.0039,0.4288,1.09,2.05,0.0246,-0.2607,0.3099,0
2018-10-26,3.08,2.3884,0.0104,0.6914,-0.0096,-0.0006,0.3975,1.02,2.06,0.0008,-0.2789,0.2806,0
2018-10-29,3.08,2.3898,0.0101,0.6923,-0.0122,0.0001,0.4012,1.02,2.06,-0.0021,-0.2846,0.2804,0
2018-10-30,3.12,2.3987,0.0135,0.6954,0.0086,0.0039,0.4162,1.07,2.05,0.0221,-0.2542,0.2984,0
2018-10-31,3.15,2.4076,0.0167,0.7056,0.0254,-0.0053,0.4235,1.1,2.05,0.0421,-0.2311,0.3154,0
2018-11-01,3.14,2.4055,0.0159,0.6967,0.0268,-0.005,0.4407,1.12,2.02,0.0427,-0.226,0.3115,0
2018-11-02,3.22,2.4222,0.0218,0.7157,0.059,0.0013,0.4447,1.16,2.06,0.0808,-0.1819,0.3434,0
2018-11-05,3.2,2.4173,0.0196,0.7196,0.0419,0.0016,0.4343,1.14,2.06,0.0615,-0.2089,0.3319,0
2018-11-06,3.22,2.4206,0.0206,0.7279,0.0484,0.0025,0.4316,1.15,2.07,0.069,-0.1993,0.3373,0
2018-11-07,3.22,2.4214,0.0212,0.7351,0.0426,-0.0002,0.4271,1.15,2.07,0.0638,-0.2123,0.3399,0
2018-11-08,3.24,2.4249,0.0226,0.7463,0.0428,0.0034,0.4341,1.17,2.07,0.0654,-0.2158,0.3466,0
2018-11-09,3.19,2.4152,0.0192,0.7334,0.0295,-0.0074,0.4427,1.15,2.04,0.0487,-0.2309,0.3284,0
2018-11-13,3.14,2.4028,0.0139,0.7199,0.0077,-0.0042,0.4473,1.12,2.02,0.0216,-0.2583,0.3014,0
2018-11-14,3.12,2.3987,0.0122,0.7098,0.0038,-0.0045,0.4573,1.12,2.0,0.016,-0.261,0.293,0
2018-11-15,3.11,2.3967,0.0114,0.7005,0.0059,-0.0045,0.455,1.11,2.0,0.0173,-0.2547,0.2893,0
2018-11-16,3.08,2.3897,0.0092,0.6887,-0.0011,-0.0065,0.4293,1.06,2.02,0.0081,-0.2611,0.2773,0
2018-11-19,3.06,2.3882,0.0076,0.676,0.0036,-0.0154,0.4407,1.07,1.99,0.0112,-0.2484,0.2708,0
2018-11-20,3.06,2.3891,0.0078,0.6796,-0.0046,-0.0119,0.455,1.09,1.97,0.0032,-0.2657,0.2722,0
2018-11-21,3.06,2.3907,0.0081,0.6875,-0.0055,-0.0209,0.4577,1.09,1.97,0.0026,-0.2689,0.2742,0
2018-11-23,3.05,2.388,0.0074,0.6771,-0.0033,-0.0192,0.4777,1.09,1.96,0.0041,-0.2616,0.2699,0
2018-11-26,3.07,2.3905,0.0076,0.6962,-0.0168,-0.0075,0.4827,1.11,1.96,-0.0092,-0.2903,0.2718,0
2018-11-27,3.06,2.3895,0.0074,0.6922,-0.0198,-0.0093,0.5173,1.15,1.91,-0.0124,-0.2952,0.2705,0
2018-11-28,3.06,2.3834,0.0053,0.7075,-0.0595,0.0233,0.5057,1.12,1.94,-0.0542,-0.3671,0.2587,0
2018-11-29,3.03,2.3788,0.004,0.6944,-0.0445,-0.0028,0.456,1.05,1.98,-0.0405,-0.332,0.251,0
2018-11-30,3.01,2.3742,0.0026,0.697,-0.075,0.0112,0.4608,1.04,1.97,-0.0724,-0.3879,0.243,0
2018-12-03,2.98,2.3687,-0.0008,0.6989,-0.0846,-0.0022,0.4586,1.02,1.96,-0.0854,-0.3976,0.2268,0
2018-12-04,2.91,2.3491,-0.0085,0.7035,-0.1431,0.009,0.4634,0.97,1.94,-0.1516,-0.489,0.1858,0
2018-12-06,2.87,2.3411,-0.0111,0.6947,-0.1557,0.001,0.4892,0.97,1.9,-0.1668,-0.5051,0.1715,0
2018-12-07,2.85,2.3351,-0.013,0.6829,-0.1656,0.0105,0.4866,0.96,1.89,-0.1786,-0.5184,0.1613,0
2018-12-10,2.85,2.3354,-0.0132,0.6845,-0.1751,0.0184,0.5191,0.99,1.86,-0.1883,-0.5373,0.1607,0
2018-12-11,2.89,2.3447,-0.0099,0.6981,-0.1584,0.0155,0.5546,1.06,1.83,-0.1683,-0.5146,0.178,0
2018-12-12,2.91,2.348,-0.0087,0.7066,-0.1527,0.0169,0.5636,1.08,1.83,-0.1614,-0.5076,0.1847,0
2018-12-13,2.91,2.3445,-0.0098,0.7113,-0.1701,0.0341,0.5576,1.08,1.83,-0.1799,-0.538,0.1782,0
2018-12-14,2.89,2.3409,-0.0113,0.7104,-0.1774,0.0274,0.5649,1.07,1.82,-0.1887,-0.5483,0.1709,0
2018-12-17,2.86,2.3335,-0.0139,0.6943,-0.184,0.0301,0.569,1.05,1.81,-0.1979,-0.5528,0.157,0
2018-12-18,2.82,2.3268,-0.0163,0.6801,-0.186,0.0154,0.5601,1.01,1.81,-0.2023,-0.549,0.1444,0
2018-12-19,2.77,2.3148,-0.0208,0.6802,-0.2269,0.0228,0.562,0.97,1.8,-0.2477,-0.6158,0.1203,0
2018-12-20,2.79,2.3207,-0.019,0.6916,-0.2256,0.0223,0.5971,1.03,1.76,-0.2446,-0.6198,0.1306,0
2018-12-21,2.79,2.3205,-0.019,0.6802,-0.2031,0.0114,0.5916,1.02,1.77,-0.2221,-0.5752,0.131,0
2018-12-24,2.74,2.3114,-0.0223,0.6546,-0.2067,0.0029,0.5934,0.99,1.75,-0.229,-0.5717,0.1138,0
2018-12-26,2.81,2.3279,-0.0166,0.6721,-0.177,0.0036,0.5925,1.04,1.77,-0.1936,-0.532,0.1448,0
2018-12-27,2.77,2.3204,-0.0181,0.6428,-0.1752,0.0001,0.6062,1.03,1.74,-0.1933,-0.5218,0.1353,0
2018-12-28,2.72,2.3108,-0.0215,0.6277,-0.1893,-0.0077,0.599,0.99,1.73,-0.2108,-0.5393,0.1176,0
2018-12-31,2.69,2.3047,-0.0266,0.62,-0.198,-0.0101,0.6026,0.98,1.71,-0.2246,-0.5443,0.095,0
2019-01-02,2.66,2.2963,-0.029,0.6187,-0.2335,0.0075,0.6077,0.96,1.7,-0.2625,-0.6061,0.0811,0
2019-01-03,2.56,2.2734,-0.0361,0.5767,-0.2533,-0.0007,0.585,0.88,1.68,-0.2894,-0.6204,0.0415,0
2019-01-04,2.67,2.2956,-0.0289,0.6176,-0.2318,0.0175,0.5516,0.91,1.76,-0.2607,-0.6026,0.0812,0
2019-01-07,2.7,2.303,-0.027,0.6339,-0.2284,0.0185,0.5369,0.92,1.78,-0.2554,-0.6028,0.0919,0
2019-01-08,2.73,2.3069,-0.0253,0.6562,-0.2358,0.028,0.5114,0.91,1.82,-0.2611,-0.622,0.0998,0
2019-01-09,2.74,2.3096,-0.0238,0.6436,-0.2111,0.0216,0.4988,0.91,1.83,-0.2349,-0.5774,0.1077,0
2019-01-10,2.74,2.3114,-0.0227,0.6368,-0.2081,0.0226,0.5113,0.93,1.81,-0.2308,-0.5744,0.1129,0
2019-01-11,2.71,2.3039,-0.0248,0.6284,-0.218,0.0205,0.4869,0.88,1.83,-0.2428,-0.5862,0.1006,0
2019-01-14,2.71,2.3066,-0.0248,0.6242,-0.2109,0.0149,0.5015,0.9,1.81,-0.2357,-0.5739,0.1025,0
2019-01-15,2.72,2.309,-0.0242,0.6225,-0.2016,0.0143,0.5161,0.91,1.81,-0.2258,-0.5581,0.1065,0
2019-01-16,2.73,2.3106,-0.0223,0.6281,-0.2044,0.018,0.5106,0.91,1.82,-0.2267,-0.5675,0.1141,0
2019-01-17,2.75,2.3162,-0.0201,0.6398,-0.1999,0.0139,0.5183,0.96,1.79,-0.22,-0.5653,0.1254,0
2019-01-18,2.79,2.3219,-0.0177,0.6596,-0.1993,0.0255,0.5069,0.96,1.83,-0.217,-0.5713,0.1373,0
2019-01-22,2.74,2.3115,-0.022,0.6474,-0.2164,0.0195,0.5162,0.95,1.79,-0.2384,-0.5921,0.1152,0
2019-01-23,2.76,2.3141,-0.0212,0.6523,-0.2108,0.0256,0.5199,0.96,1.8,-0.232,-0.5836,0.1196,0
2019-01-24,2.72,2.3065,-0.0234,0.6408,-0.2246,0.0208,0.5324,0.95,1.77,-0.248,-0.603,0.1069,0
2019-01-25,2.76,2.3136,-0.021,0.6541,-0.2144,0.0276,0.532,0.97,1.79,-0.2354,-0.5907,0.12,0
2019-01-28,2.75,2.3122,-0.0217,0.6521,-0.2172,0.0246,0.5382,0.97,1.78,-0.2389,-0.5942,0.1164,0
2019-01-29,2.72,2.3038,-0.025,0.6451,-0.2325,0.0285,0.5228,0.94,1.78,-0.2575,-0.6141,0.0992,0
2019-01-30,2.7,2.2995,-0.0264,0.6199,-0.2063,0.0133,0.4619,0.86,1.84,-0.2327,-0.5577,0.0922,0
2019-01-31,2.63,2.2856,-0.0307,0.597,-0.2369,0.015,0.4318,0.78,1.85,-0.2676,-0.6038,0.0685,0
2019-02-01,2.7,2.3021,-0.0244,0.6196,-0.2189,0.0216,0.4318,0.82,1.88,-0.2433,-0.588,0.1015,0
2019-02-04,2.73,2.3099,-0.022,0.6245,-0.2014,0.019,0.4392,0.86,1.87,-0.2234,-0.5615,0.1147,0
2019-02-05,2.71,2.3046,-0.0244,0.6227,-0.2131,0.0202,0.4345,0.84,1.87,-0.2375,-0.5778,0.1028,0
2019-02-06,2.7,2.3028,-0.0253,0.6189,-0.2161,0.0197,0.4407,0.84,1.86,-0.2414,-0.5813,0.0985,0
2019-02-07,2.65,2.2928,-0.0289,0.6059,-0.2328,0.013,0.4444,0.81,1.84,-0.2617,-0.603,0.0795,0
2019-02-08,2.63,2.2894,-0.0302,0.6012,-0.2363,0.0059,0.4465,0.81,1.82,-0.2665,-0.6055,0.0725,0
2019-02-11,2.65,2.2951,-0.0291,0.6112,-0.2309,0.0038,0.4535,0.83,1.82,-0.26,-0.6001,0.08,0
2019-02-12,2.68,2.3006,-0.0265,0.6162,-0.2193,0.009,0.4469,0.85,1.83,-0.2458,-0.5844,0.0928,0
2019-02-13,2.71,2.3054,-0.0249,0.633,-0.2215,0.018,0.4312,0.85,1.86,-0.2464,-0.5939,0.101,0
2019-02-14,2.66,2.2946,-0.0289,0.6182,-0.2385,0.0146,0.4246,0.81,1.85,-0.2674,-0.6145,0.0797,0
2019-02-15,2.66,2.2948,-0.0284,0.6276,-0.2487,0.0147,0.4184,0.8,1.86,-0.2771,-0.6362,0.0819,0
2019-02-19,2.65,2.2912,-0.0304,0.6219,-0.2473,0.0146,0.403,0.78,1.87,-0.2777,-0.6273,0.0719,0
2019-02-20,2.65,2.2908,-0.0306,0.6217,-0.2488,0.0169,0.3876,0.76,1.89,-0.2794,-0.6301,0.0713,0
2019-02-21,2.69,2.3001,-0.027,0.6285,-0.2314,0.0198,0.3813,0.78,1.91,-0.2584,-0.607,0.0901,0
2019-02-22,2.65,2.2938,-0.0292,0.6126,-0.2305,0.0033,0.3713,0.74,1.91,-0.2597,-0.5981,0.0786,0
2019-02-25,2.67,2.2974,-0.0283,0.6161,-0.2268,0.0116,0.3739,0.75,1.92,-0.2551,-0.5946,0.0843,0
2019-02-26,2.64,2.2903,-0.0309,0.6093,-0.2397,0.0111,0.3577,0.72,1.92,-0.2706,-0.6114,0.0702,0
2019-02-27,2.69,2.3036,-0.0265,0.6117,-0.2036,0.0049,0.3578,0.76,1.93,-0.2301,-0.5552,0.0949,0
2019-02-28,2.73,2.3131,-0.0221,0.6157,-0.1852,0.0085,0.361,0.78,1.95,-0.2073,-0.5315,0.117,0
2019-03-01,2.76,2.3202,-0.0193,0.6286,-0.1796,0.0101,0.3581,0.8,1.96,-0.1989,-0.5289,0.1312,0
2019-03-04,2.72,2.3109,-0.0235,0.6263,-0.2032,0.0094,0.3592,0.78,1.94,-0.2267,-0.5632,0.1099,0
2019-03-05,2.72,2.3096,-0.0238,0.6292,-0.211,0.016,0.3739,0.79,1.93,-0.2348,-0.5773,0.1077,0
2019-03-06,2.69,2.3017,-0.0269,0.619,-0.2207,0.0169,0.3756,0.78,1.91,-0.2476,-0.5871,0.0919,0
2019-03-07,2.64,2.2911,-0.0307,0.6026,-0.234,0.011,0.3715,0.74,1.9,-0.2647,-0.601,0.0716,0
2019-03-08,2.62,2.2867,-0.0325,0.5991,-0.2448,0.0115,0.3707,0.72,1.9,-0.2773,-0.617,0.0624,0
2019-03-11,2.64,2.2907,-0.0317,0.6057,-0.2405,0.0158,0.3668,0.73,1.91,-0.2722,-0.6121,0.0677,0
2019-03-12,2.61,2.2838,-0.0341,0.5979,-0.2528,0.0151,0.3656,0.71,1.9,-0.2869,-0.6284,0.0547,0
2019-03-13,2.61,2.2843,-0.034,0.5991,-0.2493,0.0099,0.351,0.69,1.92,-0.2833,-0.6222,0.0556,0
2019-03-14,2.63,2.2895,-0.0318,0.5985,-0.2348,0.0086,0.3353,0.69,1.94,-0.2666,-0.6002,0.0669,0
2019-03-15,2.59,2.2814,-0.0346,0.5914,-0.2539,0.0057,0.3214,0.65,1.94,-0.2885,-0.6283,0.0513,0
2019-03-18,2.6,2.2839,-0.0334,0.5967,-0.2524,0.0052,0.3131,0.64,1.96,-0.2858,-0.629,0.0573,0
2019-03-19,2.61,2.2864,-0.0328,0.5974,-0.2488,0.0078,0.3224,0.66,1.95,-0.2816,-0.6244,0.0612,0
2019-03-20,2.54,2.2703,-0.038,0.5743,-0.2649,-0.0016,0.2875,0.58,1.96,-0.3029,-0.6383,0.0325,0
2019-03-21,2.54,2.2708,-0.0382,0.5747,-0.2717,0.0044,0.2966,0.58,1.96,-0.3099,-0.652,0.0322,0
2019-03-22,2.44,2.2508,-0.0454,0.5443,-0.2996,-0.0101,0.3104,0.54,1.9,-0.345,-0.6841,-0.0059,0
2019-03-25,2.43,2.2487,-0.047,0.5281,-0.2875,-0.0123,0.3305,0.55,1.88,-0.3345,-0.6566,-0.0123,0
2019-03-26,2.41,2.2453,-0.0486,0.5165,-0.292,-0.0112,0.3416,0.55,1.86,-0.3406,-0.661,-0.0202,0
2019-03-27,2.39,2.2416,-0.0493,0.5153,-0.3073,-0.0103,0.3584,0.55,1.84,-0.3566,-0.6885,-0.0248,0
2019-03-28,2.39,2.2424,-0.0482,0.5252,-0.3149,-0.0145,0.3667,0.56,1.83,-0.3631,-0.7059,-0.0204,0
2019-03-29,2.41,2.2425,-0.0477,0.54,-0.3235,-0.0013,0.3383,0.53,1.88,-0.3712,-0.7233,-0.0191,0
2019-04-01,2.49,2.2617,-0.0409,0.5549,-0.2799,-0.0058,0.3347,0.59,1.9,-0.3208,-0.6592,0.0176,0
2019-04-02,2.48,2.2582,-0.0418,0.546,-0.2817,-0.0008,0.33,0.58,1.9,-0.3235,-0.6591,0.0122,0
2019-04-03,2.52,2.2683,-0.038,0.5502,-0.2574,-0.003,0.3377,0.61,1.91,-0.2954,-0.6232,0.0324,0
2019-04-04,2.51,2.2664,-0.0388,0.5507,-0.266,-0.0023,0.342,0.61,1.9,-0.3048,-0.6377,0.028,0
2019-04-05,2.5,2.2633,-0.0401,0.5556,-0.2778,-0.001,0.3372,0.6,1.9,-0.3179,-0.6574,0.0215,0
2019-04-08,2.52,2.2671,-0.0391,0.5607,-0.269,0.0004,0.338,0.61,1.91,-0.3081,-0.6435,0.0272,0
2019-04-09,2.51,2.2632,-0.0401,0.555,-0.2759,0.0078,0.3372,0.6,1.91,-0.316,-0.6533,0.0213,0
2019-04-10,2.48,2.2556,-0.0428,0.5485,-0.286,0.0047,0.3097,0.54,1.94,-0.3288,-0.6641,0.0065,0
2019-04-11,2.51,2.2638,-0.04,0.5565,-0.2772,0.0069,0.3178,0.57,1.94,-0.3172,-0.6566,0.0222,0
2019-04-12,2.56,2.2765,-0.0352,0.5753,-0.2557,-0.0009,0.3138,0.61,1.95,-0.2909,-0.6288,0.047,0
2019-04-15,2.55,2.2739,-0.0358,0.5729,-0.2632,0.0022,0.3165,0.61,1.94,-0.299,-0.6413,0.0433,0
2019-04-16,2.6,2.2836,-0.0323,0.5789,-0.2386,0.0084,0.3294,0.64,1.96,-0.2709,-0.6037,0.0619,0
2019-04-17,2.59,2.2845,-0.0321,0.5736,-0.2288,-0.0072,0.3389,0.65,1.94,-0.2609,-0.5855,0.0637,0
2019-04-18,2.57,2.2772,-0.0347,0.5692,-0.2435,0.0017,0.3291,0.62,1.95,-0.2782,-0.6057,0.0494,0
2019-04-22,2.59,2.2842,-0.0324,0.5665,-0.2208,-0.0075,0.3329,0.64,1.95,-0.2532,-0.5691,0.0627,0
2019-04-23,2.57,2.2804,-0.0336,0.5558,-0.2215,-0.0111,0.3213,0.62,1.95,-0.2551,-0.5662,0.056,0
2019-04-24,2.53,2.2695,-0.0377,0.5439,-0.2418,-0.0039,0.3069,0.57,1.96,-0.2795,-0.5933,0.0344,0
2019-04-25,2.54,2.2722,-0.0369,0.5486,-0.2399,-0.004,0.3019,0.56,1.98,-0.2768,-0.5926,0.039,0
2019-04-26,2.51,2.266,-0.0393,0.5356,-0.2442,-0.0081,0.2996,0.54,1.97,-0.2835,-0.5937,0.0267,0
2019-04-29,2.54,2.2747,-0.0366,0.5374,-0.2228,-0.0127,0.3105,0.58,1.96,-0.2594,-0.5611,0.0423,0
2019-04-30,2.51,2.2678,-0.039,0.5249,-0.2319,-0.0118,0.3103,0.56,1.95,-0.2709,-0.5712,0.0293,0
2019-05-01,2.52,2.2709,-0.0373,0.5367,-0.2459,-0.0044,0.3328,0.59,1.93,-0.2832,-0.6038,0.0374,0
2019-05-02,2.55,2.2783,-0.0348,0.5468,-0.2335,-0.0068,0.3734,0.66,1.89,-0.2683,-0.5873,0.0507,0
2019-05-03,2.54,2.2716,-0.0371,0.5507,-0.2462,0.0011,0.3562,0.63,1.91,-0.2833,-0.6047,0.038,0
2019-05-06,2.51,2.2648,-0.0397,0.5422,-0.2557,-0.0015,0.3469,0.6,1.91,-0.2954,-0.6151,0.0243,0
2019-05-07,2.45,2.2537,-0.0439,0.5331,-0.2844,-0.0084,0.3613,0.58,1.87,-0.3283,-0.6588,0.0021,0
2019-05-08,2.49,2.2623,-0.0406,0.5386,-0.2636,-0.0066,0.3811,0.62,1.87,-0.3042,-0.6281,0.0196,0
2019-05-09,2.45,2.2538,-0.044,0.5302,-0.2793,-0.0108,0.3839,0.6,1.85,-0.3233,-0.6485,0.0019,0
2019-05-10,2.47,2.2574,-0.0425,0.5352,-0.2677,-0.0124,0.3696,0.59,1.88,-0.3102,-0.6302,0.0098,0
2019-05-13,2.4,2.2427,-0.0472,0.5054,-0.2862,-0.0147,0.3711,0.55,1.85,-0.3334,-0.6507,-0.016,0
2019-05-14,2.42,2.2484,-0.0455,0.5096,-0.2747,-0.0177,0.366,0.56,1.86,-0.3202,-0.6343,-0.0061,0
2019-05-15,2.37,2.2386,-0.0493,0.4952,-0.2934,-0.0211,0.365,0.54,1.83,-0.3427,-0.6595,-0.0259,0
2019-05-16,2.4,2.2446,-0.0473,0.5003,-0.2824,-0.0152,0.3699,0.56,1.84,-0.3297,-0.6446,-0.0148,0
2019-05-17,2.39,2.2433,-0.0475,0.4989,-0.2897,-0.015,0.3922,0.58,1.81,-0.3372,-0.6582,-0.0162,0
2019-05-20,2.41,2.2484,-0.0454,0.5086,-0.2812,-0.0204,0.4012,0.6,1.81,-0.3266,-0.6476,-0.0056,0
2019-05-21,2.43,2.2515,-0.044,0.5206,-0.2819,-0.0161,0.3945,0.6,1.83,-0.3259,-0.6529,0.001,0
2019-05-22,2.39,2.243,-0.0467,0.5093,-0.2978,-0.0178,0.4118,0.6,1.79,-0.3445,-0.6749,-0.0141,0
2019-05-23,2.31,2.2247,-0.0533,0.4883,-0.3304,-0.0193,0.4355,0.58,1.73,-0.3837,-0.718,-0.0494,0
2019-05-24,2.32,2.2265,-0.0525,0.4978,-0.3306,-0.0212,0.4331,0.56,1.76,-0.3831,-0.721,-0.0453,0
2019-05-28,2.26,2.2133,-0.057,0.4852,-0.3616,-0.02,0.4445,0.53,1.73,-0.4186,-0.767,-0.0701,0
2019-05-29,2.25,2.209,-0.0587,0.4863,-0.3682,-0.0185,0.4292,0.5,1.75,-0.4269,-0.7748,-0.0789,0
2019-05-30,2.22,2.2019,-0.0621,0.4839,-0.3872,-0.0165,0.4268,0.48,1.74,-0.4493,-0.803,-0.0955,0
2019-05-31,2.14,2.1838,-0.0677,0.4554,-0.4104,-0.0211,0.4097,0.4,1.74,-0.4781,-0.8297,-0.1266,0
2019-06-03,2.07,2.1681,-0.0724,0.4149,-0.4243,-0.0162,0.3994,0.34,1.73,-0.4967,-0.8408,-0.1526,0
2019-06-04,2.12,2.1845,-0.0663,0.4167,-0.3849,-0.0301,0.3989,0.38,1.74,-0.4512,-0.7829,-0.1194,0
2019-06-05,2.12,2.1847,-0.0652,0.3962,-0.3682,-0.0275,0.3861,0.37,1.75,-0.4334,-0.7523,-0.1145,0
2019-06-06,2.12,2.1878,-0.0629,0.3961,-0.3722,-0.0288,0.3998,0.39,1.73,-0.4351,-0.7659,-0.1042,0
2019-06-07,2.09,2.1765,-0.0648,0.3862,-0.3943,-0.0136,0.3869,0.35,1.74,-0.4591,-0.7998,-0.1184,0
2019-06-10,2.15,2.1905,-0.0607,0.3996,-0.3647,-0.0148,0.4074,0.42,1.73,-0.4254,-0.7561,-0.0947,0
2019-06-11,2.15,2.1905,-0.0606,0.4058,-0.3691,-0.0166,0.421,0.43,1.72,-0.4297,-0.7647,-0.0947,0
2019-06-12,2.13,2.1841,-0.0627,0.392,-0.3725,-0.011,0.4351,0.42,1.71,-0.4352,-0.7642,-0.1061,0
2019-06-13,2.1,2.1779,-0.0646,0.3751,-0.3765,-0.0119,0.4474,0.42,1.68,-0.4411,-0.7658,-0.1165,0
2019-06-14,2.09,2.1783,-0.0644,0.3775,-0.3872,-0.0141,0.4819,0.46,1.63,-0.4516,-0.7877,-0.1156,0
2019-06-17,2.09,2.1763,-0.0655,0.3844,-0.3973,-0.0079,0.5033,0.48,1.61,-0.4628,-0.8041,-0.1215,0
2019-06-18,2.06,2.1666,-0.0691,0.3892,-0.4206,-0.0062,0.4693,0.42,1.64,-0.4897,-0.8383,-0.141,0
2019-06-19,2.03,2.1596,-0.0694,0.3604,-0.4076,-0.013,0.4329,0.36,1.67,-0.477,-0.8089,-0.1451,0
2019-06-20,2.01,2.155,-0.0687,0.3429,-0.41,-0.0092,0.3701,0.27,1.74,-0.4787,-0.8122,-0.1451,0
2019-06-21,2.07,2.1724,-0.0622,0.3492,-0.3785,-0.0109,0.3926,0.34,1.73,-0.4407,-0.7711,-0.1102,0
2019-06-24,2.02,2.1611,-0.0678,0.3402,-0.3998,-0.0137,0.3926,0.31,1.71,-0.4676,-0.7976,-0.1376,0
2019-06-25,2.0,2.1575,-0.0696,0.3367,-0.4125,-0.0121,0.4234,0.33,1.67,-0.4821,-0.8178,-0.1463,0
2019-06-26,2.05,2.1685,-0.066,0.3594,-0.3941,-0.0178,0.4117,0.35,1.7,-0.4601,-0.7931,-0.1271,0
2019-06-27,2.01,2.1597,-0.0694,0.3511,-0.4139,-0.0175,0.4167,0.33,1.68,-0.4833,-0.8218,-0.1447,0
2019-06-28,2.0,2.157,-0.0698,0.3461,-0.4175,-0.0159,0.4194,0.31,1.69,-0.4873,-0.8265,-0.148,0
2019-07-01,2.03,2.1642,-0.0672,0.3525,-0.4035,-0.016,0.425,0.34,1.69,-0.4707,-0.8076,-0.1338,0
2019-07-02,1.98,2.1525,-0.071,0.3426,-0.433,-0.0111,0.4402,0.33,1.65,-0.504,-0.8528,-0.1553,0
2019-07-03,1.96,2.1447,-0.0738,0.3484,-0.4579,-0.0015,0.4369,0.31,1.65,-0.5317,-0.8927,-0.1706,0
2019-07-05,2.04,2.1631,-0.0684,0.3854,-0.4345,-0.0056,0.4232,0.35,1.69,-0.5029,-0.8652,-0.1405,0
2019-07-08,2.05,2.1628,-0.0681,0.3949,-0.4433,0.0037,0.4221,0.35,1.7,-0.5114,-0.8829,-0.14,0
2019-07-09,2.07,2.1663,-0.0668,0.4069,-0.4392,0.0029,0.4172,0.36,1.71,-0.506,-0.8787,-0.1334,0
2019-07-10,2.07,2.1647,-0.0652,0.3712,-0.4007,-0.0,0.3931,0.33,1.74,-0.4659,-0.8043,-0.1275,0
2019-07-11,2.13,2.1812,-0.0595,0.3779,-0.3664,-0.0032,0.3857,0.36,1.77,-0.4259,-0.7557,-0.096,0
2019-07-12,2.12,2.1798,-0.0595,0.368,-0.3659,-0.0024,0.3769,0.35,1.77,-0.4254,-0.7543,-0.0965,0
2019-07-15,2.09,2.1751,-0.0606,0.3639,-0.3786,-0.0097,0.3694,0.32,1.77,-0.4392,-0.7752,-0.1033,0
2019-07-16,2.13,2.182,-0.058,0.3759,-0.37,0.0001,0.3676,0.33,1.8,-0.428,-0.7659,-0.0901,0
2019-07-17,2.06,2.1676,-0.0626,0.3641,-0.4058,-0.0033,0.3775,0.31,1.75,-0.4684,-0.8208,-0.116,0
2019-07-18,2.04,2.1594,-0.065,0.3407,-0.4016,0.0066,0.379,0.25,1.79,-0.4666,-0.8044,-0.1289,0
2019-07-19,2.05,2.1624,-0.0643,0.3489,-0.4048,0.0077,0.3779,0.25,1.8,-0.4691,-0.8133,-0.1249,0
2019-07-22,2.05,2.1637,-0.0651,0.3541,-0.4023,-0.0004,0.3783,0.26,1.79,-0.4674,-0.8078,-0.1271,0
2019-07-23,2.08,2.1689,-0.064,0.3612,-0.3927,0.0066,0.3753,0.27,1.81,-0.4567,-0.7935,-0.12,0
2019-07-24,2.05,2.1643,-0.0658,0.3642,-0.414,0.0013,0.3828,0.26,1.79,-0.4798,-0.8301,-0.1295,0
2019-07-25,2.08,2.1691,-0.0639,0.3759,-0.4098,0.0087,0.385,0.28,1.8,-0.4737,-0.8273,-0.1201,0
2019-07-26,2.08,2.1692,-0.0644,0.3847,-0.4183,0.0088,0.3994,0.3,1.78,-0.4827,-0.8434,-0.1219,0
2019-07-29,2.06,2.1645,-0.0659,0.3791,-0.4255,0.0078,0.4068,0.29,1.77,-0.4914,-0.8524,-0.1304,0
2019-07-30,2.06,2.1639,-0.0653,0.3811,-0.4276,0.0079,0.4007,0.28,1.78,-0.4929,-0.8576,-0.1282,0
2019-07-31,2.02,2.1555,-0.0687,0.3999,-0.4727,0.006,0.3946,0.26,1.76,-0.5414,-0.9358,-0.147,0
2019-08-01,1.9,2.1262,-0.0781,0.3468,-0.5085,0.0136,0.4232,0.2,1.7,-0.5866,-0.9744,-0.1988,0
2019-08-02,1.86,2.1184,-0.0805,0.3451,-0.5345,0.0115,0.4413,0.2,1.66,-0.615,-1.0178,-0.2123,0
2019-08-05,1.75,2.0941,-0.0887,0.3115,-0.5758,0.009,0.4647,0.15,1.6,-0.6645,-1.0722,-0.2569,0
2019-08-06,1.73,2.0873,-0.0917,0.3146,-0.5893,0.0091,0.4493,0.11,1.62,-0.681,-1.09,-0.2721,0
2019-08-07,1.71,2.0841,-0.0916,0.3065,-0.5949,0.0059,0.4502,0.09,1.62,-0.6865,-1.0996,-0.2733,0
2019-08-08,1.72,2.0847,-0.0912,0.316,-0.5987,0.0092,0.425,0.07,1.65,-0.6899,-1.1077,-0.2721,0
2019-08-09,1.74,2.0905,-0.0886,0.3225,-0.5896,0.0052,0.4263,0.08,1.66,-0.6782,-1.0973,-0.2591,0
2019-08-12,1.65,2.0691,-0.096,0.3121,-0.6464,0.0112,0.4398,0.04,1.61,-0.7424,-1.1853,-0.2996,0
2019-08-13,1.68,2.0755,-0.0938,0.3514,-0.6604,0.0072,0.4324,0.05,1.63,-0.7542,-1.2195,-0.2888,0
2019-08-14,1.59,2.0572,-0.0992,0.3429,-0.7119,0.001,0.4651,0.02,1.57,-0.8111,-1.3024,-0.3198,0
2019-08-15,1.52,2.0406,-0.1036,0.3125,-0.7241,-0.0054,0.4701,-0.02,1.54,-0.8277,-1.3101,-0.3454,0
2019-08-16,1.55,2.0465,-0.1009,0.3035,-0.6972,-0.0019,0.4798,0.01,1.54,-0.7981,-1.2644,-0.3318,0
2019-08-19,1.6,2.0589,-0.0978,0.3158,-0.6689,-0.0079,0.4683,0.04,1.56,-0.7667,-1.2207,-0.3128,0
2019-08-20,1.55,2.0492,-0.1013,0.2996,-0.6889,-0.0086,0.4809,0.02,1.53,-0.7902,-1.2489,-0.3315,0
2019-08-21,1.59,2.0582,-0.0984,0.3164,-0.6789,-0.0073,0.4844,0.05,1.54,-0.7773,-1.2393,-0.3154,0
2019-08-22,1.62,2.0632,-0.0968,0.3211,-0.6651,-0.0024,0.4845,0.07,1.55,-0.7619,-1.2172,-0.3066,0
2019-08-23,1.52,2.0415,-0.1039,0.2982,-0.7049,-0.0109,0.4692,-0.02,1.54,-0.8088,-1.2717,-0.346,0
2019-08-26,1.54,2.0469,-0.1025,0.3071,-0.6983,-0.0133,0.4719,0.0,1.54,-0.8008,-1.2638,-0.3377,0
2019-08-27,1.49,2.0335,-0.1086,0.3103,-0.7362,-0.009,0.4546,-0.06,1.55,-0.8448,-1.3208,-0.3688,0
2019-08-28,1.47,2.0294,-0.109,0.3054,-0.7429,-0.0129,0.4452,-0.08,1.55,-0.8519,-1.3311,-0.3726,0
2019-08-29,1.5,2.0362,-0.1062,0.3132,-0.7264,-0.0168,0.4273,-0.09,1.59,-0.8326,-1.3069,-0.3583,0
2019-08-30,1.5,2.0377,-0.1058,0.3034,-0.72,-0.0153,0.4642,-0.05,1.55,-0.8258,-1.2963,-0.3553,0
2019-09-03,1.47,2.0327,-0.1076,0.2855,-0.719,-0.0216,0.4935,-0.03,1.5,-0.8266,-1.2887,-0.3644,0
2019-09-04,1.47,2.0308,-0.1082,0.2705,-0.7065,-0.0166,0.4851,-0.04,1.51,-0.8147,-1.2617,-0.3676,0
2019-09-05,1.57,2.0541,-0.0999,0.2989,-0.6687,-0.0144,0.4739,0.01,1.56,-0.7686,-1.2145,-0.3228,0
2019-09-06,1.55,2.0505,-0.1008,0.2983,-0.6804,-0.0176,0.474,0.01,1.54,-0.7812,-1.2336,-0.3288,0
2019-09-09,1.63,2.0673,-0.0941,0.3077,-0.6371,-0.0138,0.4727,0.06,1.57,-0.7312,-1.1683,-0.294,0
2019-09-10,1.72,2.0866,-0.0871,0.334,-0.6108,-0.0027,0.4787,0.12,1.6,-0.6979,-1.1389,-0.2569,0
2019-09-11,1.75,2.0922,-0.0845,0.3353,-0.5932,0.0002,0.485,0.15,1.6,-0.6777,-1.1116,-0.2438,0
2019-09-12,1.79,2.1011,-0.0815,0.3514,-0.5797,-0.0012,0.4741,0.16,1.63,-0.6612,-1.0948,-0.2276,0
2019-09-13,1.9,2.1252,-0.0729,0.3777,-0.5325,0.0025,0.4671,0.23,1.67,-0.6054,-1.0292,-0.1816,0
2019-09-16,1.84,2.1114,-0.078,0.3673,-0.5584,-0.0022,0.4464,0.17,1.67,-0.6364,-1.0638,-0.2091,0
2019-09-17,1.81,2.1056,-0.0805,0.361,-0.5691,-0.007,0.4484,0.15,1.66,-0.6496,-1.0777,-0.2215,0
2019-09-18,1.8,2.1071,-0.0794,0.3696,-0.5865,-0.0107,0.4933,0.21,1.59,-0.6659,-1.1152,-0.2167,0
2019-09-19,1.79,2.1,-0.0821,0.3691,-0.5938,-0.0032,0.4882,0.18,1.61,-0.6759,-1.1206,-0.2311,0
2019-09-20,1.74,2.088,-0.0862,0.36,-0.6154,-0.0065,0.4724,0.13,1.61,-0.7016,-1.1495,-0.2537,0
2019-09-23,1.72,2.0832,-0.0887,0.3513,-0.6223,-0.0034,0.4683,0.11,1.61,-0.711,-1.1563,-0.2658,0
2019-09-24,1.64,2.067,-0.0946,0.3336,-0.6568,-0.0092,0.4767,0.06,1.58,-0.7514,-1.206,-0.2969,0
2019-09-25,1.73,2.0869,-0.087,0.3481,-0.6149,-0.0031,0.4886,0.13,1.6,-0.7019,-1.1473,-0.2566,0
2019-09-26,1.7,2.0821,-0.0879,0.3455,-0.6315,-0.0082,0.4987,0.13,1.57,-0.7194,-1.1759,-0.2629,0
2019-09-27,1.69,2.0785,-0.0883,0.3316,-0.6291,-0.0026,0.5249,0.16,1.53,-0.7174,-1.1687,-0.2662,0
2019-09-30,1.68,2.0765,-0.0884,0.3264,-0.6271,-0.0074,0.5284,0.15,1.53,-0.7155,-1.1634,-0.2677,0
2019-10-01,1.65,2.0712,-0.0898,0.3043,-0.6198,-0.0159,0.5324,0.13,1.52,-0.7096,-1.1436,-0.2756,0
2019-10-02,1.6,2.0614,-0.092,0.2716,-0.6221,-0.0189,0.5385,0.1,1.5,-0.7141,-1.1397,-0.2886,0
2019-10-03,1.54,2.048,-0.0944,0.2295,-0.6272,-0.0159,0.545,0.06,1.48,-0.7216,-1.1386,-0.3047,0
2019-10-04,1.52,2.0428,-0.0957,0.2318,-0.6489,-0.01,0.5289,0.02,1.5,-0.7446,-1.1765,-0.3127,0
2019-10-07,1.56,2.0507,-0.0948,0.2518,-0.6441,-0.0036,0.5282,0.05,1.51,-0.7389,-1.1725,-0.3053,0
2019-10-08,1.54,2.0472,-0.0954,0.2372,-0.6408,-0.0082,0.5471,0.06,1.48,-0.7362,-1.1633,-0.3091,0
2019-10-09,1.59,2.058,-0.0912,0.2473,-0.622,-0.0022,0.5591,0.1,1.49,-0.7132,-1.1391,-0.2872,0
2019-10-10,1.67,2.0739,-0.0846,0.2646,-0.5918,0.008,0.5488,0.15,1.52,-0.6764,-1.0993,-0.2536,0
2019-10-11,1.76,2.0949,-0.0762,0.2949,-0.5608,0.0072,0.5378,0.2,1.56,-0.637,-1.0636,-0.2104,0
2019-10-15,1.77,2.0958,-0.0749,0.2921,-0.5576,0.0146,0.5425,0.21,1.56,-0.6325,-1.0595,-0.2055,0
2019-10-16,1.75,2.0914,-0.0757,0.2757,-0.549,0.0076,0.5309,0.18,1.57,-0.6247,-1.039,-0.2104,0
2019-10-17,1.76,2.0928,-0.0746,0.278,-0.5487,0.0125,0.5138,0.17,1.59,-0.6233,-1.0409,-0.2057,0
2019-10-18,1.76,2.093,-0.0745,0.2682,-0.5376,0.0109,0.5057,0.16,1.6,-0.6121,-1.0192,-0.205,0
2019-10-21,1.8,2.1028,-0.0715,0.2803,-0.5246,0.0129,0.5099,0.19,1.61,-0.5961,-1.0042,-0.1879,0
2019-10-22,1.78,2.0982,-0.0729,0.2814,-0.5394,0.0127,0.5034,0.17,1.61,-0.6123,-1.0286,-0.196,0
2019-10-23,1.77,2.0954,-0.0737,0.2786,-0.5421,0.0118,0.4927,0.16,1.61,-0.6158,-1.0309,-0.2008,0
2019-10-24,1.77,2.0968,-0.0736,0.2798,-0.538,0.005,0.4852,0.15,1.62,-0.6116,-1.0236,-0.1996,0
2019-10-25,1.8,2.1025,-0.0717,0.2952,-0.5372,0.0111,0.4697,0.15,1.65,-0.6089,-1.0282,-0.1895,0
2019-10-28,1.85,2.1151,-0.0668,0.2975,-0.5046,0.0088,0.4864,0.21,1.64,-0.5714,-0.9795,-0.1633,0
2019-10-29,1.84,2.1141,-0.0666,0.2948,-0.5105,0.0083,0.5092,0.23,1.61,-0.5771,-0.9908,-0.1635,0
2019-10-30,1.78,2.1005,-0.0709,0.2848,-0.5413,0.0069,0.525,0.21,1.57,-0.6122,-1.0366,-0.1877,0
2019-10-31,1.69,2.0802,-0.0771,0.2509,-0.5619,-0.0021,0.524,0.15,1.54,-0.639,-1.0559,-0.2222,0
2019-11-01,1.73,2.0858,-0.0744,0.2655,-0.5607,0.0138,0.4976,0.14,1.59,-0.6351,-1.0613,-0.2088,0
2019-11-04,1.79,2.0992,-0.0698,0.2763,-0.5277,0.012,0.4693,0.15,1.64,-0.5975,-1.0114,-0.1836,0
2019-11-05,1.86,2.1176,-0.0631,0.2856,-0.4824,0.0024,0.461,0.18,1.68,-0.5455,-0.9431,-0.1479,0
2019-11-06,1.81,2.1088,-0.066,0.2779,-0.506,-0.0047,0.4515,0.15,1.66,-0.572,-0.9802,-0.1639,0
2019-11-07,1.92,2.1358,-0.0563,0.3005,-0.4439,-0.0161,0.4571,0.23,1.69,-0.5002,-0.8889,-0.1114,0
2019-11-08,1.94,2.1405,-0.0542,0.2962,-0.4253,-0.0172,0.4418,0.23,1.71,-0.4795,-0.8578,-0.1011,0
2019-11-12,1.92,2.1361,-0.0562,0.2909,-0.4389,-0.0119,0.4522,0.22,1.7,-0.4951,-0.8792,-0.111,0
2019-11-13,1.88,2.1269,-0.0598,0.2789,-0.4571,-0.0089,0.4702,0.22,1.66,-0.5169,-0.9042,-0.1296,0
2019-11-14,1.82,2.1146,-0.0642,0.2618,-0.4756,-0.0166,0.4834,0.2,1.62,-0.5398,-0.9262,-0.1534,0
2019-11-15,1.84,2.117,-0.0637,0.2736,-0.482,-0.0049,0.4928,0.21,1.63,-0.5457,-0.941,-0.1503,0
2019-11-18,1.81,2.1107,-0.0659,0.2682,-0.4912,-0.0119,0.4786,0.18,1.63,-0.5571,-0.9521,-0.162,0
2019-11-19,1.79,2.1052,-0.0678,0.2731,-0.5147,-0.0058,0.4771,0.16,1.63,-0.5825,-0.9924,-0.1727,0
2019-11-20,1.73,2.093,-0.0723,0.2647,-0.5408,-0.0146,0.4786,0.13,1.6,-0.6131,-1.0294,-0.1967,0
2019-11-21,1.77,2.1013,-0.0697,0.2802,-0.5282,-0.0137,0.4752,0.14,1.63,-0.5979,-1.0137,-0.182,0
2019-11-22,1.77,2.1003,-0.0699,0.2876,-0.5385,-0.0095,0.4741,0.15,1.62,-0.6084,-1.033,-0.1837,0
2019-11-25,1.76,2.098,-0.0711,0.2905,-0.5437,-0.0137,0.4677,0.14,1.62,-0.6148,-1.0395,-0.1901,0
2019-11-26,1.74,2.092,-0.0738,0.2849,-0.553,-0.01,0.4629,0.12,1.62,-0.6268,-1.0501,-0.2036,0
2019-11-27,1.77,2.0999,-0.0712,0.3017,-0.5473,-0.0131,0.4659,0.14,1.63,-0.6185,-1.0474,-0.1895,0
2019-11-29,1.78,2.103,-0.0702,0.2942,-0.5283,-0.0187,0.4799,0.17,1.61,-0.5985,-1.0135,-0.1835,0
2019-12-02,1.83,2.116,-0.0652,0.2848,-0.475,-0.0306,0.468,0.18,1.65,-0.5402,-0.9237,-0.1568,0
2019-12-03,1.72,2.0902,-0.0734,0.2576,-0.5354,-0.0189,0.4532,0.09,1.63,-0.6088,-1.0154,-0.2023,0
2019-12-04,1.77,2.101,-0.069,0.2738,-0.5221,-0.0137,0.4417,0.11,1.66,-0.5911,-1.0026,-0.1796,0
2019-12-05,1.8,2.1075,-0.0661,0.2739,-0.5037,-0.0115,0.4446,0.13,1.67,-0.5698,-0.975,-0.1647,0
2019-12-06,1.84,2.1167,-0.0625,0.2886,-0.4888,-0.0139,0.4329,0.15,1.69,-0.5513,-0.9563,-0.1464,0
2019-12-09,1.83,2.1146,-0.0637,0.2921,-0.4994,-0.0137,0.4307,0.14,1.69,-0.5631,-0.9738,-0.1523,0
2019-12-10,1.85,2.1159,-0.0629,0.3038,-0.5047,-0.0021,0.4262,0.14,1.71,-0.5676,-0.9864,-0.1488,0
2019-12-11,1.79,2.104,-0.0675,0.2942,-0.5284,-0.0123,0.4147,0.1,1.69,-0.5959,-1.0187,-0.1731,0
2019-12-12,1.9,2.1291,-0.0581,0.3092,-0.4649,-0.0153,0.4201,0.18,1.72,-0.523,-0.9232,-0.1228,0
2019-12-13,1.82,2.1122,-0.0639,0.2877,-0.5005,-0.0155,0.4113,0.12,1.7,-0.5644,-0.9744,-0.1544,0
2019-12-16,1.89,2.1265,-0.0593,0.2997,-0.4647,-0.0122,0.4083,0.16,1.73,-0.524,-0.9194,-0.1286,0
2019-12-17,1.89,2.1269,-0.0592,0.2952,-0.4603,-0.0126,0.3944,0.14,1.75,-0.5195,-0.9111,-0.1279,0
2019-12-18,1.92,2.1365,-0.0556,0.2923,-0.4296,-0.0236,0.3869,0.16,1.76,-0.4852,-0.8617,-0.1087,0
2019-12-19,1.92,2.1363,-0.0556,0.2848,-0.4224,-0.0231,0.3769,0.15,1.77,-0.478,-0.8477,-0.1084,0
2019-12-20,1.92,2.1382,-0.0553,0.2853,-0.4213,-0.0269,0.3796,0.15,1.77,-0.4766,-0.8473,-0.1059,0
2019-12-23,1.93,2.1398,-0.0552,0.294,-0.4309,-0.0177,0.3917,0.18,1.75,-0.4861,-0.8673,-0.105,0
2019-12-24,1.9,2.1342,-0.0578,0.2847,-0.4287,-0.0324,0.3861,0.15,1.75,-0.4865,-0.8554,-0.1177,0
2019-12-26,1.9,2.134,-0.058,0.2847,-0.4337,-0.0269,0.3907,0.16,1.74,-0.4917,-0.8648,-0.1187,0
2019-12-27,1.88,2.1294,-0.0594,0.2676,-0.4311,-0.0265,0.4014,0.15,1.73,-0.4905,-0.8549,-0.1261,0
2019-12-30,1.9,2.1334,-0.0585,0.2635,-0.412,-0.0264,0.3898,0.15,1.75,-0.4705,-0.8214,-0.1197,0
2019-12-31,1.92,2.1405,-0.056,0.2623,-0.3925,-0.0343,0.3726,0.15,1.77,-0.4485,-0.7909,-0.1061,0
2020-01-02,1.88,2.1297,-0.0591,0.2554,-0.4226,-0.0233,0.3447,0.08,1.8,-0.4817,-0.8394,-0.1241,0
2020-01-03,1.8,2.1116,-0.0651,0.2404,-0.4668,-0.0201,0.3391,0.03,1.77,-0.5319,-0.9066,-0.1573,0
2020-01-06,1.81,2.1141,-0.0646,0.2435,-0.4639,-0.0191,0.3558,0.06,1.75,-0.5285,-0.9034,-0.1537,0
2020-01-07,1.83,2.1188,-0.0628,0.2434,-0.4504,-0.019,0.3742,0.09,1.74,-0.5132,-0.8821,-0.1444,0
2020-01-08,1.87,2.1283,-0.0592,0.2518,-0.4292,-0.0217,0.3721,0.12,1.75,-0.4884,-0.8514,-0.1254,0
2020-01-09,1.85,2.1236,-0.0609,0.2495,-0.4408,-0.0214,0.3752,0.11,1.74,-0.5017,-0.8688,-0.1345,0
2020-01-10,1.83,2.1163,-0.0632,0.2528,-0.463,-0.0129,0.3657,0.07,1.76,-0.5262,-0.9048,-0.1476,0
2020-01-13,1.85,2.1197,-0.0624,0.2577,-0.4543,-0.0107,0.3586,0.08,1.77,-0.5167,-0.8906,-0.1428,0
2020-01-14,1.82,2.1129,-0.065,0.2561,-0.4745,-0.0095,0.3541,0.05,1.77,-0.5395,-0.9224,-0.1566,0
2020-01-15,1.79,2.1054,-0.0681,0.2532,-0.493,-0.0075,0.3605,0.04,1.75,-0.5611,-0.9495,-0.1727,0
2020-01-16,1.81,2.1114,-0.0654,0.2558,-0.4777,-0.0141,0.3696,0.07,1.74,-0.5431,-0.9272,-0.159,0
2020-01-17,1.84,2.1173,-0.0635,0.2478,-0.4528,-0.0088,0.3675,0.09,1.75,-0.5163,-0.8845,-0.1482,0
2020-01-21,1.78,2.1045,-0.0684,0.2378,-0.4808,-0.0131,0.3595,0.04,1.74,-0.5492,-0.9245,-0.1739,0
2020-01-22,1.77,2.1033,-0.0686,0.2394,-0.49,-0.0141,0.375,0.05,1.72,-0.5586,-0.9417,-0.1755,0
2020-01-23,1.74,2.0939,-0.072,0.2379,-0.514,-0.0058,0.3713,0.04,1.7,-0.586,-0.978,-0.194,0
2020-01-24,1.7,2.0844,-0.0753,0.2317,-0.5358,-0.005,0.3736,0.02,1.68,-0.6111,-1.0104,-0.2119,0
2020-01-27,1.61,2.0639,-0.0835,0.2187,-0.585,-0.0041,0.3925,-0.02,1.63,-0.6685,-1.0822,-0.2548,0
2020-01-28,1.65,2.0715,-0.0814,0.2301,-0.5663,-0.0039,0.3876,0.0,1.65,-0.6477,-1.0532,-0.2423,0
2020-01-29,1.6,2.0594,-0.0857,0.2196,-0.5932,-0.0001,0.3791,-0.04,1.64,-0.6789,-1.0924,-0.2655,0
2020-01-30,1.57,2.054,-0.0879,0.2134,-0.6036,-0.0059,0.3687,-0.07,1.64,-0.6915,-1.1064,-0.2767,0
2020-01-31,1.51,2.0404,-0.0922,0.1926,-0.6211,-0.0098,0.3473,-0.14,1.65,-0.7133,-1.1259,-0.3006,0
2020-02-03,1.54,2.0474,-0.0903,0.2018,-0.6202,0.0012,0.3761,-0.09,1.63,-0.7105,-1.1316,-0.2893,0
2020-02-04,1.61,2.0632,-0.0848,0.2152,-0.583,-0.0006,0.3805,-0.03,1.64,-0.6678,-1.0762,-0.2594,0
2020-02-05,1.66,2.0748,-0.0804,0.2215,-0.553,-0.0028,0.3714,0.0,1.66,-0.6334,-1.0308,-0.2361,0
2020-02-06,1.65,2.0707,-0.0819,0.2254,-0.5697,0.0055,0.3639,-0.02,1.67,-0.6516,-1.0587,-0.2445,0
2020-02-07,1.59,2.0585,-0.0861,0.2163,-0.5945,-0.0042,0.3554,-0.07,1.66,-0.6806,-1.0937,-0.2675,0
2020-02-10,1.56,2.0516,-0.0891,0.2067,-0.603,-0.0061,0.3499,-0.1,1.66,-0.6921,-1.1017,-0.2826,0
2020-02-11,1.59,2.0588,-0.0859,0.2111,-0.5925,-0.0015,0.3642,-0.06,1.65,-0.6784,-1.0908,-0.266,0
2020-02-12,1.62,2.0687,-0.0822,0.2208,-0.5691,-0.0182,0.3549,-0.04,1.66,-0.6513,-1.0559,-0.2466,0
2020-02-13,1.61,2.0649,-0.0834,0.2205,-0.5802,-0.0118,0.3403,-0.06,1.67,-0.6636,-1.0737,-0.2535,0
2020-02-14,1.59,2.0602,-0.085,0.2165,-0.5912,-0.0105,0.3423,-0.07,1.66,-0.6762,-1.0898,-0.2626,0
2020-02-18,1.55,2.0514,-0.0883,0.213,-0.6123,-0.0138,0.338,-0.1,1.65,-0.7006,-1.1211,-0.2801,0
2020-02-19,1.56,2.0542,-0.0873,0.2186,-0.6114,-0.0141,0.3437,-0.09,1.65,-0.6987,-1.1225,-0.2748,0
2020-02-20,1.52,2.0434,-0.091,0.2117,-0.637,-0.0071,0.3501,-0.11,1.63,-0.728,-1.1609,-0.295,0
2020-02-21,1.46,2.0283,-0.0961,0.1975,-0.6663,-0.0034,0.351,-0.15,1.61,-0.7624,-1.2019,-0.3228,0
2020-02-24,1.38,2.0108,-0.1016,0.1709,-0.6932,-0.0069,0.3534,-0.21,1.59,-0.7948,-1.2363,-0.3533,0
2020-02-25,1.33,2.0005,-0.1047,0.1495,-0.7118,-0.0035,0.3886,-0.2,1.53,-0.8165,-1.2625,-0.3705,0
2020-02-26,1.33,2.0002,-0.1037,0.1429,-0.7069,-0.0025,0.3919,-0.21,1.54,-0.8106,-1.2545,-0.3667,0
2020-02-27,1.3,1.9946,-0.1031,0.1169,-0.7037,-0.0047,0.4038,-0.23,1.53,-0.8068,-1.2466,-0.3671,0
2020-02-28,1.13,1.9602,-0.1094,0.0279,-0.74,-0.0087,0.4754,-0.28,1.41,-0.8494,-1.2898,-0.409,0
2020-03-02,1.1,1.9554,-0.1057,0.0034,-0.7366,-0.0165,0.4749,-0.31,1.41,-0.8423,-1.2874,-0.3973,0
2020-03-03,1.02,1.9362,-0.1081,-0.0568,-0.7315,-0.0198,0.4272,-0.43,1.45,-0.8396,-1.2622,-0.417,0
2020-03-04,1.02,1.9393,-0.1019,-0.0966,-0.6975,-0.0233,0.4226,-0.44,1.46,-0.7994,-1.2081,-0.3908,0
2020-03-05,0.92,1.9193,-0.1036,-0.1366,-0.74,-0.0191,0.4516,-0.48,1.4,-0.8436,-1.2782,-0.4091,0
2020-03-06,0.74,1.8831,-0.1118,-0.1401,-0.8479,-0.0433,0.5094,-0.57,1.31,-0.9597,-1.4572,-0.4623,0
2020-03-09,0.54,1.8488,-0.1192,-0.154,-0.9683,-0.0673,0.7498,-0.45,0.99,-1.0875,-1.6646,-0.5104,0
2020-03-10,0.76,1.894,-0.1058,-0.1027,-0.8267,-0.0988,0.8036,-0.24,1.0,-0.9325,-1.4301,-0.4349,0
2020-03-11,0.82,1.8975,-0.1037,-0.0727,-0.8658,-0.0353,0.9126,-0.14,0.96,-0.9695,-1.5137,-0.4253,0
2020-03-12,0.88,1.9151,-0.0962,-0.1062,-0.7573,-0.0755,0.9465,-0.04,0.92,-0.8535,-1.3209,-0.386,0
2020-03-13,0.94,1.9327,-0.09,-0.0939,-0.7207,-0.0882,1.0094,0.04,0.9,-0.8107,-1.2699,-0.3515,0
2020-03-16,0.73,1.8867,-0.1046,-0.1481,-0.836,-0.0679,1.1574,0.0,0.73,-0.9406,-1.4483,-0.433,0
2020-03-17,1.02,1.9591,-0.0771,-0.1707,-0.5823,-0.109,1.3073,0.39,0.63,-0.6594,-1.0341,-0.2848,0
2020-03-18,1.18,1.9996,-0.0566,-0.1611,-0.4928,-0.1091,1.362,0.55,0.63,-0.5494,-0.9152,-0.1836,0
2020-03-19,1.12,1.9878,-0.059,-0.2125,-0.4763,-0.1201,1.4005,0.62,0.5,-0.5353,-0.8715,-0.199,0
2020-03-20,0.92,1.9303,-0.0794,-0.2198,-0.5963,-0.1148,1.1791,0.17,0.75,-0.6757,-1.0411,-0.3103,0
2020-03-23,0.76,1.8845,-0.0974,-0.2451,-0.7106,-0.0714,1.0932,-0.04,0.8,-0.808,-1.2108,-0.4051,0
2020-03-24,0.84,1.8997,-0.092,-0.1906,-0.7069,-0.0703,0.9635,-0.13,0.97,-0.7989,-1.2202,-0.3775,0
2020-03-25,0.88,1.9066,-0.0888,-0.2155,-0.6664,-0.0559,0.8938,-0.19,1.07,-0.7552,-1.1496,-0.3607,0
2020-03-26,0.83,1.8992,-0.0909,-0.2474,-0.6687,-0.0622,0.8658,-0.24,1.07,-0.7596,-1.1474,-0.3719,0
2020-03-27,0.72,1.8801,-0.0976,-0.2762,-0.7242,-0.0622,0.9549,-0.22,0.94,-0.8218,-1.2356,-0.408,0
2020-03-30,0.7,1.8716,-0.1039,-0.2665,-0.7392,-0.062,0.9212,-0.25,0.95,-0.8431,-1.2493,-0.4368,0
2020-03-31,0.7,1.8782,-0.1036,-0.2861,-0.7144,-0.0741,0.9798,-0.17,0.87,-0.818,-1.2052,-0.4308,0
2020-04-01,0.62,1.8574,-0.1112,-0.2648,-0.7955,-0.0659,0.9335,-0.29,0.91,-0.9067,-1.3412,-0.4723,0
2020-04-02,0.63,1.8564,-0.1117,-0.2475,-0.7957,-0.0714,0.8303,-0.4,1.03,-0.9074,-1.3396,-0.4753,0
2020-04-03,0.62,1.8564,-0.1117,-0.2581,-0.791,-0.0756,0.7732,-0.46,1.08,-0.9027,-1.3301,-0.4753,0
2020-04-06,0.67,1.8677,-0.1081,-0.244,-0.7689,-0.0767,0.7284,-0.47,1.14,-0.877,-1.2989,-0.4552,0
2020-04-07,0.75,1.8826,-0.1035,-0.2428,-0.7294,-0.0569,0.7328,-0.42,1.17,-0.8329,-1.2368,-0.429,0
2020-04-08,0.77,1.8886,-0.103,-0.2573,-0.6901,-0.0682,0.7175,-0.42,1.19,-0.7931,-1.1635,-0.4227,0
2020-04-09,0.73,1.8789,-0.1072,-0.274,-0.7071,-0.0606,0.6826,-0.5,1.23,-0.8143,-1.1848,-0.4438,0
2020-04-13,0.76,1.8879,-0.1053,-0.2663,-0.6838,-0.0725,0.648,-0.5,1.26,-0.7891,-1.1475,-0.4307,0
2020-04-14,0.76,1.888,-0.1048,-0.2862,-0.6755,-0.0614,0.6384,-0.53,1.29,-0.7803,-1.1324,-0.4283,0
2020-04-15,0.63,1.8612,-0.1131,-0.304,-0.7598,-0.0543,0.6553,-0.56,1.19,-0.8729,-1.2704,-0.4754,0
2020-04-16,0.61,1.8601,-0.113,-0.2982,-0.7841,-0.0548,0.7854,-0.42,1.03,-0.8971,-1.3183,-0.4759,0
2020-04-17,0.65,1.8656,-0.1101,-0.2944,-0.7512,-0.0599,0.8082,-0.36,1.01,-0.8613,-1.2604,-0.4621,0
2020-04-20,0.63,1.86,-0.1116,-0.2999,-0.7756,-0.0429,0.8795,-0.31,0.94,-0.8872,-1.3032,-0.4712,0
2020-04-21,0.58,1.8449,-0.1164,-0.2816,-0.8214,-0.0456,0.8576,-0.38,0.96,-0.9378,-1.3766,-0.4989,0
2020-04-22,0.63,1.8517,-0.1135,-0.2746,-0.7887,-0.0449,0.7944,-0.43,1.06,-0.9022,-1.3201,-0.4844,0
2020-04-23,0.61,1.8483,-0.1146,-0.2717,-0.8103,-0.0417,0.7801,-0.44,1.05,-0.9249,-1.3591,-0.4907,0
2020-04-24,0.6,1.8453,-0.1156,-0.2681,-0.8117,-0.0499,0.7253,-0.51,1.11,-0.9273,-1.3582,-0.4964,0
2020-04-27,0.67,1.8598,-0.1106,-0.2679,-0.7693,-0.042,0.7014,-0.5,1.17,-0.8799,-1.291,-0.4689,0
2020-04-28,0.62,1.8503,-0.1134,-0.2745,-0.8027,-0.0397,0.6972,-0.52,1.14,-0.9161,-1.3471,-0.4852,0
2020-04-29,0.63,1.8513,-0.1129,-0.2786,-0.7949,-0.0349,0.6972,-0.51,1.14,-0.9078,-1.3334,-0.4822,0
2020-04-30,0.64,1.8583,-0.1102,-0.2907,-0.7729,-0.0445,0.7386,-0.43,1.07,-0.8831,-1.2988,-0.4673,0
2020-05-01,0.64,1.8573,-0.1108,-0.2817,-0.786,-0.0388,0.7539,-0.42,1.06,-0.8968,-1.3232,-0.4704,0
2020-05-04,0.64,1.8553,-0.1121,-0.2857,-0.7812,-0.0363,0.7446,-0.43,1.07,-0.8933,-1.31,-0.4766,0
2020-05-05,0.66,1.8584,-0.1116,-0.2841,-0.771,-0.0317,0.7301,-0.44,1.1,-0.8826,-1.2928,-0.4725,0
2020-05-06,0.72,1.8731,-0.1069,-0.3011,-0.7116,-0.0334,0.7374,-0.38,1.1,-0.8185,-1.1917,-0.4454,0
2020-05-07,0.63,1.8524,-0.1141,-0.3146,-0.771,-0.0227,0.7349,-0.45,1.08,-0.8851,-1.2857,-0.4845,0
2020-05-08,0.69,1.8648,-0.1101,-0.3135,-0.7289,-0.0224,0.7188,-0.43,1.12,-0.839,-1.216,-0.4619,0
2020-05-11,0.73,1.8737,-0.1073,-0.3132,-0.7085,-0.0147,0.7145,-0.4,1.13,-0.8158,-1.1857,-0.4458,0
2020-05-12,0.69,1.8669,-0.1098,-0.3148,-0.7347,-0.0176,0.7301,-0.4,1.09,-0.8445,-1.2298,-0.4592,0
2020-05-13,0.64,1.8568,-0.1132,-0.3129,-0.7642,-0.0265,0.7291,-0.43,1.07,-0.8774,-1.2766,-0.4782,0
2020-05-14,0.63,1.8524,-0.1147,-0.3096,-0.7785,-0.0196,0.7357,-0.43,1.06,-0.8932,-1.2996,-0.4868,0
2020-05-15,0.64,1.8553,-0.1137,-0.3104,-0.7568,-0.0343,0.709,-0.45,1.09,-0.8705,-1.2599,-0.4811,0
2020-05-18,0.73,1.8744,-0.1068,-0.3064,-0.7026,-0.0286,0.6656,-0.44,1.17,-0.8094,-1.1753,-0.4435,0
2020-05-19,0.7,1.8713,-0.1079,-0.322,-0.7094,-0.032,0.6621,-0.45,1.15,-0.8173,-1.1853,-0.4493,0
2020-05-20,0.68,1.8662,-0.1094,-0.319,-0.7289,-0.0289,0.6414,-0.48,1.16,-0.8383,-1.2184,-0.4582,0
2020-05-21,0.68,1.8658,-0.1096,-0.3174,-0.7376,-0.0212,0.6627,-0.46,1.14,-0.8472,-1.2353,-0.4591,0
2020-05-22,0.66,1.8593,-0.1124,-0.3124,-0.7614,-0.0131,0.6757,-0.46,1.12,-0.8738,-1.2739,-0.4738,0
2020-05-26,0.69,1.867,-0.11,-0.315,-0.7256,-0.0264,0.6633,-0.44,1.13,-0.8356,-1.211,-0.4602,0
2020-05-27,0.68,1.8638,-0.1113,-0.3139,-0.7434,-0.0153,0.6542,-0.46,1.14,-0.8547,-1.2423,-0.467,0
2020-05-28,0.7,1.8676,-0.1104,-0.314,-0.724,-0.0192,0.6208,-0.48,1.18,-0.8344,-1.2079,-0.4609,0
2020-05-29,0.65,1.8588,-0.1137,-0.3218,-0.7532,-0.0202,0.6291,-0.5,1.15,-0.8669,-1.2551,-0.4786,0
2020-06-01,0.66,1.8603,-0.1134,-0.323,-0.7433,-0.0205,0.6092,-0.52,1.18,-0.8567,-1.2372,-0.4763,0
2020-06-02,0.68,1.8658,-0.1114,-0.3227,-0.7328,-0.0189,0.6174,-0.5,1.18,-0.8442,-1.2229,-0.4655,0
2020-06-03,0.77,1.8843,-0.105,-0.3169,-0.6788,-0.0136,0.6123,-0.44,1.21,-0.7838,-1.1374,-0.4302,0
2020-06-04,0.82,1.898,-0.0998,-0.3275,-0.6313,-0.0193,0.6162,-0.4,1.22,-0.7311,-1.0602,-0.4021,0
2020-06-05,0.91,1.9183,-0.0924,-0.3193,-0.5752,-0.0214,0.5862,-0.36,1.27,-0.6676,-0.9733,-0.3618,0
2020-06-08,0.88,1.9136,-0.0943,-0.324,-0.5925,-0.0228,0.5587,-0.4,1.28,-0.6868,-1.0018,-0.3718,0
2020-06-09,0.84,1.9031,-0.0983,-0.3304,-0.6215,-0.013,0.5561,-0.42,1.26,-0.7198,-1.0466,-0.3929,0
2020-06-10,0.75,1.8823,-0.1059,-0.3378,-0.6709,-0.0177,0.5171,-0.52,1.27,-0.7768,-1.1193,-0.4343,0
2020-06-11,0.66,1.8642,-0.1123,-0.3226,-0.7541,-0.0151,0.5381,-0.55,1.21,-0.8664,-1.2634,-0.4695,0
2020-06-12,0.71,1.871,-0.1098,-0.3248,-0.7183,-0.0081,0.5568,-0.5,1.21,-0.8281,-1.2002,-0.4559,0
2020-06-15,0.71,1.8705,-0.1101,-0.3223,-0.7173,-0.0109,0.5417,-0.52,1.23,-0.8274,-1.1971,-0.4576,0
2020-06-16,0.75,1.8794,-0.107,-0.3291,-0.6804,-0.0129,0.5123,-0.52,1.27,-0.7874,-1.1344,-0.4404,0
2020-06-17,0.74,1.8782,-0.1072,-0.3319,-0.6934,-0.0058,0.524,-0.52,1.26,-0.8006,-1.1593,-0.4418,0
2020-06-18,0.71,1.8698,-0.1098,-0.3237,-0.7257,-0.0006,0.5013,-0.57,1.28,-0.8355,-1.2142,-0.4569,0
2020-06-19,0.7,1.8681,-0.1102,-0.3215,-0.7278,-0.0086,0.4819,-0.6,1.3,-0.838,-1.2164,-0.4597,0
2020-06-22,0.71,1.8687,-0.1103,-0.3196,-0.7228,-0.006,0.4543,-0.63,1.34,-0.8331,-1.2067,-0.4596,0
2020-06-23,0.72,1.8697,-0.1096,-0.3239,-0.714,-0.0023,0.4187,-0.66,1.38,-0.8236,-1.1906,-0.4565,0
2020-06-24,0.69,1.8657,-0.111,-0.3273,-0.7375,0.0002,0.4503,-0.64,1.33,-0.8485,-1.2329,-0.4641,0
2020-06-25,0.68,1.8635,-0.1118,-0.3201,-0.7415,-0.0101,0.4391,-0.65,1.33,-0.8533,-1.2379,-0.4686,0
2020-06-26,0.64,1.8546,-0.1151,-0.3223,-0.7654,-0.0118,0.4333,-0.68,1.32,-0.8805,-1.2748,-0.4862,0
2020-06-29,0.64,1.8518,-0.1164,-0.3275,-0.7643,-0.0037,0.4175,-0.7,1.34,-0.8807,-1.2684,-0.4929,0
2020-06-30,0.66,1.8581,-0.1144,-0.332,-0.7425,-0.0092,0.4164,-0.68,1.34,-0.8569,-1.2326,-0.4812,0
2020-07-01,0.69,1.8645,-0.1119,-0.3268,-0.7296,-0.0061,0.4042,-0.68,1.37,-0.8415,-1.2153,-0.4678,0
2020-07-02,0.68,1.8609,-0.1128,-0.3315,-0.7337,-0.0029,0.3704,-0.73,1.41,-0.8465,-1.2197,-0.4733,0
2020-07-06,0.69,1.8638,-0.1116,-0.3313,-0.7241,-0.0068,0.33,-0.76,1.45,-0.8357,-1.2041,-0.4673,0
2020-07-07,0.65,1.8554,-0.1149,-0.3295,-0.7606,-0.0004,0.3321,-0.78,1.43,-0.8755,-1.2662,-0.4849,0
2020-07-08,0.67,1.858,-0.1141,-0.3298,-0.7496,0.0054,0.3445,-0.75,1.42,-0.8637,-1.2472,-0.4801,0
2020-07-09,0.62,1.8475,-0.1174,-0.3231,-0.7907,0.0037,0.3542,-0.77,1.39,-0.9081,-1.3168,-0.4994,0
2020-07-10,0.65,1.8536,-0.1148,-0.3188,-0.7671,-0.0029,0.3471,-0.76,1.41,-0.8819,-1.2779,-0.4859,0
2020-07-13,0.64,1.8509,-0.1157,-0.3207,-0.7736,-0.0009,0.3342,-0.78,1.42,-0.8893,-1.2879,-0.4908,0
2020-07-14,0.63,1.8477,-0.1165,-0.3211,-0.7859,0.0058,0.3343,-0.78,1.41,-0.9024,-1.3089,-0.4959,0
2020-07-15,0.64,1.8498,-0.1161,-0.3246,-0.7717,0.0026,0.3292,-0.77,1.41,-0.8878,-1.2827,-0.4929,0
2020-07-16,0.62,1.8469,-0.1165,-0.3255,-0.7819,-0.003,0.322,-0.79,1.41,-0.8984,-1.3006,-0.4962,0
2020-07-17,0.64,1.8489,-0.1157,-0.3252,-0.771,0.003,0.2912,-0.82,1.46,-0.8867,-1.2814,-0.492,0
2020-07-20,0.62,1.8469,-0.1166,-0.3224,-0.7839,-0.004,0.2767,-0.84,1.46,-0.9005,-1.3042,-0.4968,0
2020-07-21,0.61,1.8428,-0.1179,-0.324,-0.7924,0.0015,0.2529,-0.87,1.48,-0.9103,-1.3165,-0.504,0
2020-07-22,0.6,1.842,-0.1184,-0.3216,-0.8005,-0.0015,0.2475,-0.88,1.48,-0.9189,-1.3313,-0.5065,0
2020-07-23,0.59,1.8391,-0.1192,-0.3176,-0.8164,0.0041,0.2706,-0.9,1.49,-0.9356,-1.3599,-0.5113,0
2020-07-24,0.59,1.8388,-0.1194,-0.3152,-0.8115,-0.0027,0.2781,-0.92,1.51,-0.9309,-1.3493,-0.5125,0
2020-07-27,0.62,1.8435,-0.1177,-0.3134,-0.7969,0.0045,0.2775,-0.9,1.52,-0.9146,-1.3257,-0.5034,0
2020-07-28,0.59,1.8356,-0.1199,-0.3175,-0.8183,0.0101,0.2747,-0.92,1.51,-0.9382,-1.36,-0.5164,0
2020-07-29,0.58,1.834,-0.1205,-0.3235,-0.8108,0.0008,0.2525,-0.95,1.53,-0.9313,-1.3431,-0.5195,0
2020-07-30,0.55,1.8271,-0.1227,-0.3246,-0.8359,0.006,0.2488,-0.97,1.52,-0.9586,-1.3852,-0.5319,0
2020-07-31,0.55,1.8248,-0.1233,-0.3276,-0.8328,0.0088,0.2208,-1.0,1.55,-0.9561,-1.3768,-0.5353,0
2020-08-03,0.56,1.8279,-0.1225,-0.3316,-0.8189,0.005,0.1881,-1.02,1.58,-0.9414,-1.3523,-0.5304,0
2020-08-04,0.52,1.8196,-0.1256,-0.3323,-0.8536,0.0119,0.1857,-1.05,1.57,-0.9792,-1.4113,-0.5471,0
2020-08-05,0.55,1.8254,-0.1239,-0.3256,-0.8318,0.0059,0.1484,-1.06,1.61,-0.9557,-1.3744,-0.537,0
2020-08-06,0.55,1.8246,-0.1238,-0.328,-0.8388,0.016,0.1393,-1.08,1.63,-0.9626,-1.3878,-0.5374,0
2020-08-07,0.57,1.8317,-0.1215,-0.3299,-0.8192,0.0089,0.156,-1.04,1.61,-0.9407,-1.357,-0.5244,0
2020-08-10,0.59,1.8354,-0.1205,-0.3305,-0.8075,0.0132,0.1672,-1.02,1.61,-0.928,-1.3376,-0.5184,0
2020-08-11,0.64,1.8477,-0.1159,-0.3296,-0.7701,0.008,0.1664,-0.99,1.63,-0.886,-1.2787,-0.4934,0
2020-08-12,0.69,1.8573,-0.1123,-0.3306,-0.7383,0.0139,0.1408,-0.98,1.67,-0.8506,-1.2274,-0.4739,0
2020-08-13,0.71,1.866,-0.1091,-0.3347,-0.7173,0.0051,0.1423,-0.96,1.67,-0.8264,-1.1963,-0.4566,0
2020-08-14,0.71,1.8666,-0.1091,-0.3466,-0.7088,0.0079,0.1528,-0.94,1.65,-0.8179,-1.1801,-0.4557,0
2020-08-17,0.69,1.8613,-0.1111,-0.347,-0.7277,0.0146,0.1455,-0.97,1.66,-0.8388,-1.2113,-0.4664,0
2020-08-18,0.67,1.8559,-0.1133,-0.3422,-0.7401,0.0098,0.1159,-1.01,1.68,-0.8534,-1.2288,-0.4781,0
2020-08-19,0.68,1.8597,-0.1118,-0.3488,-0.7267,0.0075,0.1259,-0.99,1.67,-0.8385,-1.207,-0.4699,0
2020-08-20,0.65,1.8542,-0.1141,-0.3466,-0.7545,0.011,0.1603,-0.97,1.62,-0.8686,-1.2553,-0.482,0
2020-08-21,0.64,1.8495,-0.1155,-0.3377,-0.7678,0.0115,0.1445,-1.0,1.64,-0.8833,-1.2764,-0.4902,0
2020-08-24,0.65,1.851,-0.1147,-0.3331,-0.7615,0.0083,0.1148,-1.02,1.67,-0.8762,-1.2657,-0.4868,0
2020-08-25,0.69,1.8592,-0.1118,-0.3382,-0.7302,0.0109,0.1004,-1.01,1.7,-0.842,-1.2134,-0.4705,0
2020-08-26,0.69,1.8611,-0.1111,-0.343,-0.7219,0.0048,0.0709,-1.03,1.72,-0.833,-1.1993,-0.4666,0
2020-08-27,0.74,1.8749,-0.106,-0.3573,-0.673,0.0014,0.0743,-0.99,1.73,-0.779,-1.1194,-0.4386,0
2020-08-28,0.74,1.8746,-0.1063,-0.3736,-0.6568,0.0021,0.0449,-1.03,1.77,-0.7631,-1.0868,-0.4394,0
2020-08-31,0.72,1.8706,-0.1085,-0.3708,-0.6742,0.0029,0.0149,-1.08,1.8,-0.7827,-1.1154,-0.45,0
2020-09-01,0.68,1.8625,-0.1116,-0.3684,-0.7102,0.0077,0.0309,-1.08,1.76,-0.8218,-1.1769,-0.4667,0
2020-09-02,0.66,1.8576,-0.113,-0.359,-0.7344,0.0087,0.057,-1.07,1.73,-0.8474,-1.2194,-0.4753,0
2020-09-03,0.63,1.8504,-0.1154,-0.3594,-0.7588,0.0132,0.1128,-1.02,1.65,-0.8742,-1.2595,-0.489,0
2020-09-04,0.72,1.8681,-0.109,-0.3519,-0.6972,0.0101,0.1063,-0.98,1.7,-0.8062,-1.1584,-0.4541,0
2020-09-08,0.69,1.8622,-0.1117,-0.3566,-0.7155,0.0116,0.1078,-0.99,1.68,-0.8272,-1.1868,-0.4676,0
2020-09-09,0.71,1.8642,-0.1111,-0.357,-0.7047,0.0186,0.0928,-1.0,1.71,-0.8158,-1.1674,-0.4642,0
2020-09-10,0.68,1.86,-0.1121,-0.3597,-0.7196,0.0115,0.0955,-1.01,1.69,-0.8317,-1.193,-0.4704,0
2020-09-11,0.67,1.8587,-0.1126,-0.3631,-0.7226,0.0096,0.1138,-0.98,1.65,-0.8352,-1.1975,-0.4729,0
2020-09-14,0.68,1.8592,-0.1126,-0.3588,-0.7243,0.0165,0.1208,-0.97,1.65,-0.8369,-1.2009,-0.4729,0
2020-09-15,0.68,1.8583,-0.1126,-0.357,-0.7257,0.017,0.1089,-0.99,1.67,-0.8383,-1.203,-0.4736,0
2020-09-16,0.69,1.8614,-0.1114,-0.3572,-0.7149,0.0121,0.101,-0.99,1.68,-0.8263,-1.1854,-0.4672,0
2020-09-17,0.69,1.8619,-0.1109,-0.359,-0.7147,0.0127,0.1051,-0.97,1.66,-0.8256,-1.1862,-0.4649,0
2020-09-18,0.7,1.8646,-0.1101,-0.3607,-0.7049,0.011,0.1057,-0.97,1.67,-0.815,-1.1696,-0.4604,0
2020-09-21,0.68,1.8616,-0.111,-0.3636,-0.721,0.014,0.1448,-0.94,1.62,-0.832,-1.1985,-0.4655,0
2020-09-22,0.68,1.8593,-0.1119,-0.3632,-0.7217,0.0175,0.1537,-0.94,1.62,-0.8336,-1.1972,-0.47,0
2020-09-23,0.68,1.8597,-0.1116,-0.36,-0.7236,0.0155,0.1635,-0.92,1.6,-0.8352,-1.2014,-0.469,0
2020-09-24,0.67,1.8572,-0.1125,-0.3559,-0.7338,0.0149,0.1778,-0.91,1.58,-0.8463,-1.2187,-0.4738,0
2020-09-25,0.66,1.8544,-0.1134,-0.3563,-0.7372,0.0126,0.1767,-0.92,1.58,-0.8506,-1.2221,-0.4792,0
2020-09-28,0.67,1.8542,-0.1135,-0.3562,-0.7333,0.0188,0.1515,-0.94,1.61,-0.8468,-1.2141,-0.4796,0
2020-09-29,0.66,1.8521,-0.1143,-0.3584,-0.738,0.0187,0.1308,-0.98,1.64,-0.8523,-1.2209,-0.4838,0
2020-09-30,0.69,1.8608,-0.1113,-0.3621,-0.7132,0.0158,0.1418,-0.94,1.63,-0.8245,-1.1819,-0.467,0
2020-10-01,0.68,1.8595,-0.1114,-0.3618,-0.7204,0.0141,0.143,-0.95,1.63,-0.8318,-1.1952,-0.4683,0
2020-10-02,0.7,1.8638,-0.1101,-0.3609,-0.7049,0.0121,0.139,-0.94,1.64,-0.815,-1.1693,-0.4606,0
2020-10-05,0.78,1.882,-0.1035,-0.3623,-0.646,0.0098,0.1289,-0.9,1.68,-0.7495,-1.074,-0.4249,0
2020-10-06,0.76,1.8797,-0.1044,-0.3681,-0.6586,0.0114,0.1336,-0.9,1.66,-0.763,-1.0966,-0.4294,0
2020-10-07,0.81,1.8887,-0.1014,-0.3637,-0.6306,0.017,0.117,-0.9,1.71,-0.732,-1.0512,-0.4128,0
2020-10-08,0.78,1.8828,-0.1037,-0.3678,-0.6436,0.0123,0.0956,-0.94,1.72,-0.7473,-1.07,-0.4246,0
2020-10-09,0.79,1.8862,-0.1025,-0.3626,-0.6422,0.0111,0.0956,-0.94,1.73,-0.7447,-1.0713,-0.4181,0
2020-10-13,0.74,1.8757,-0.1063,-0.3669,-0.6722,0.0097,0.1039,-0.96,1.7,-0.7785,-1.1181,-0.4388,0
2020-10-14,0.73,1.8726,-0.1074,-0.3639,-0.6816,0.0103,0.1094,-0.96,1.69,-0.789,-1.133,-0.445,0
2020-10-15,0.74,1.8754,-0.1063,-0.3611,-0.6726,0.0046,0.1133,-0.95,1.69,-0.7789,-1.1185,-0.4393,0
2020-10-16,0.76,1.8771,-0.1057,-0.3601,-0.6665,0.0151,0.1064,-0.95,1.71,-0.7722,-1.1083,-0.436,0
2020-10-19,0.78,1.8828,-0.1034,-0.3625,-0.6491,0.0121,0.1171,-0.93,1.71,-0.7525,-1.0813,-0.4236,0
2020-10-20,0.81,1.8902,-0.101,-0.3689,-0.6188,0.0085,0.1117,-0.91,1.72,-0.7198,-1.0297,-0.4099,0
2020-10-21,0.83,1.8956,-0.099,-0.371,-0.6021,0.0065,0.1006,-0.91,1.74,-0.7011,-1.003,-0.3992,0
2020-10-22,0.87,1.9056,-0.0951,-0.3736,-0.5707,0.0038,0.0923,-0.89,1.76,-0.6658,-0.9531,-0.3785,0
2020-10-23,0.85,1.9031,-0.096,-0.3735,-0.5855,0.0019,0.096,-0.9,1.75,-0.6815,-0.9797,-0.3833,0
2020-10-26,0.81,1.8946,-0.0993,-0.3717,-0.6134,-0.0002,0.1059,-0.91,1.72,-0.7127,-1.0244,-0.401,0
2020-10-27,0.79,1.8882,-0.1014,-0.3703,-0.6312,0.0047,0.1052,-0.92,1.71,-0.7326,-1.0525,-0.4128,0
2020-10-28,0.79,1.8883,-0.1014,-0.3694,-0.6309,0.0034,0.1218,-0.91,1.7,-0.7323,-1.052,-0.4126,0
2020-10-29,0.85,1.9017,-0.0963,-0.371,-0.5835,-0.0008,0.1361,-0.86,1.71,-0.6798,-0.9746,-0.3851,0
2020-10-30,0.88,1.9106,-0.0933,-0.3777,-0.5508,-0.0088,0.1447,-0.82,1.7,-0.6441,-0.9199,-0.3683,0
2020-11-02,0.87,1.9074,-0.0945,-0.3764,-0.5652,-0.0013,0.1377,-0.84,1.71,-0.6597,-0.9446,-0.3748,0
2020-11-03,0.9,1.9138,-0.0925,-0.3758,-0.5443,-0.0012,0.1355,-0.82,1.72,-0.6368,-0.9103,-0.3634,0
2020-11-04,0.78,1.8895,-0.1007,-0.3789,-0.6311,0.0012,0.165,-0.86,1.64,-0.7318,-1.0545,-0.4091,0
2020-11-05,0.79,1.8869,-0.1016,-0.3679,-0.6362,0.0088,0.1634,-0.87,1.66,-0.7378,-1.0614,-0.4142,0
2020-11-06,0.83,1.8971,-0.0981,-0.3704,-0.6011,0.0025,0.1791,-0.82,1.65,-0.6992,-1.0033,-0.395,0
2020-11-09,0.96,1.9245,-0.0881,-0.3688,-0.5105,0.0029,0.1475,-0.77,1.73,-0.5986,-0.8564,-0.3408,0
2020-11-10,0.98,1.9323,-0.0852,-0.3713,-0.4921,-0.0037,0.1185,-0.78,1.76,-0.5773,-0.8295,-0.325,0
2020-11-12,0.88,1.9108,-0.0927,-0.3737,-0.5711,0.0067,0.1302,-0.83,1.71,-0.6638,-0.9614,-0.3662,0
2020-11-13,0.89,1.9118,-0.0923,-0.3691,-0.5615,0.001,0.129,-0.83,1.72,-0.6538,-0.9433,-0.3642,0
2020-11-16,0.91,1.9149,-0.0918,-0.3705,-0.5494,0.0069,0.1341,-0.81,1.72,-0.6412,-0.9222,-0.3603,0
2020-11-17,0.87,1.9058,-0.0946,-0.3716,-0.5803,0.0107,0.1365,-0.83,1.7,-0.6749,-0.9733,-0.3764,0
2020-11-18,0.88,1.9087,-0.0934,-0.3681,-0.5708,0.0036,0.1379,-0.82,1.7,-0.6642,-0.9581,-0.3704,0
2020-11-19,0.86,1.903,-0.0953,-0.3657,-0.5906,0.0087,0.1426,-0.84,1.7,-0.6859,-0.9908,-0.3811,0
2020-11-20,0.83,1.8973,-0.0973,-0.3603,-0.6095,-0.0002,0.1457,-0.86,1.69,-0.7068,-1.0213,-0.3922,0
2020-11-23,0.86,1.9019,-0.095,-0.3632,-0.5886,0.0048,0.1445,-0.85,1.71,-0.6836,-0.9864,-0.3808,0
2020-11-24,0.88,1.9068,-0.0939,-0.3671,-0.5653,-0.0005,0.122,-0.86,1.74,-0.6592,-0.9452,-0.3732,0
2020-11-25,0.88,1.9083,-0.0932,-0.3731,-0.5594,-0.0026,0.105,-0.87,1.75,-0.6526,-0.9356,-0.3696,0
2020-11-27,0.84,1.8996,-0.0966,-0.3698,-0.5923,-0.0009,0.0949,-0.91,1.75,-0.6889,-0.9899,-0.3878,0
2020-11-30,0.84,1.8997,-0.0965,-0.3734,-0.5833,-0.0065,0.0787,-0.93,1.77,-0.6798,-0.9726,-0.3871,0
2020-12-01,0.92,1.9182,-0.09,-0.3726,-0.5265,-0.0091,0.0667,-0.89,1.81,-0.6165,-0.8813,-0.3516,0
2020-12-02,0.95,1.9251,-0.0877,-0.3826,-0.4981,-0.0067,0.0414,-0.9,1.85,-0.5858,-0.8334,-0.3382,0
2020-12-03,0.92,1.9197,-0.0894,-0.3849,-0.5188,-0.0067,0.0173,-0.94,1.86,-0.6082,-0.8685,-0.3478,0
2020-12-04,0.97,1.9305,-0.0858,-0.3927,-0.4751,-0.007,-0.0052,-0.92,1.89,-0.5609,-0.7942,-0.3276,0
2020-12-07,0.94,1.9236,-0.0885,-0.399,-0.4999,0.0038,-0.0158,-0.94,1.88,-0.5884,-0.8351,-0.3416,0
2020-12-08,0.92,1.9194,-0.0897,-0.3951,-0.5185,0.004,-0.0257,-0.97,1.89,-0.6082,-0.8674,-0.349,0
2020-12-09,0.95,1.9244,-0.0879,-0.3926,-0.5033,0.0094,-0.0271,-0.96,1.91,-0.5912,-0.8433,-0.339,0
2020-12-10,0.92,1.9182,-0.0902,-0.3956,-0.5213,0.0088,-0.0168,-0.96,1.88,-0.6115,-0.8717,-0.3512,0
2020-12-11,0.9,1.914,-0.0915,-0.403,-0.5244,0.0049,-0.0089,-0.97,1.87,-0.6159,-0.8732,-0.3585,0
2020-12-14,0.9,1.914,-0.0916,-0.4044,-0.5204,0.0025,-0.0177,-0.98,1.88,-0.612,-0.8652,-0.3588,0
2020-12-15,0.92,1.9182,-0.0901,-0.4039,-0.5048,0.0006,-0.0436,-0.99,1.91,-0.5949,-0.8392,-0.3505,0
2020-12-16,0.92,1.9194,-0.0899,-0.4072,-0.5016,-0.0006,-0.0602,-1.0,1.92,-0.5915,-0.8339,-0.3491,0
2020-12-17,0.94,1.923,-0.0887,-0.4078,-0.4925,0.006,-0.0731,-1.0,1.94,-0.5812,-0.82,-0.3424,0
2020-12-18,0.95,1.9264,-0.0875,-0.4121,-0.4788,0.0019,-0.0804,-1.0,1.95,-0.5663,-0.7968,-0.3358,0
2020-12-21,0.95,1.9274,-0.0872,-0.4119,-0.4793,0.0009,-0.0757,-1.0,1.95,-0.5665,-0.799,-0.3339,0
2020-12-22,0.93,1.9218,-0.0893,-0.4129,-0.4967,0.0071,-0.073,-1.01,1.94,-0.586,-0.8269,-0.3451,0
2020-12-23,0.96,1.9292,-0.0868,-0.4157,-0.4639,-0.0028,-0.0889,-1.01,1.97,-0.5507,-0.7706,-0.3308,0
2020-12-24,0.94,1.9248,-0.0884,-0.4145,-0.4858,0.0039,-0.0937,-1.03,1.97,-0.5742,-0.8088,-0.3396,0
2020-12-28,0.94,1.9246,-0.089,-0.4124,-0.4853,0.0021,-0.0951,-1.03,1.97,-0.5743,-0.8066,-0.3421,0
2020-12-29,0.94,1.9259,-0.089,-0.414,-0.4811,-0.0018,-0.0878,-1.02,1.96,-0.5701,-0.7989,-0.3412,0
2020-12-30,0.93,1.9239,-0.0889,-0.4153,-0.4863,-0.0034,-0.0926,-1.03,1.96,-0.5752,-0.8082,-0.3421,0
2020-12-31,0.93,1.9212,-0.0898,-0.4142,-0.4924,0.0052,-0.1178,-1.06,1.99,-0.5822,-0.8174,-0.347,0
2021-01-04,0.93,1.9203,-0.0901,-0.4197,-0.4895,0.009,-0.1387,-1.08,2.01,-0.5796,-0.8106,-0.3487,0
2021-01-05,0.96,1.9279,-0.0873,-0.4225,-0.466,0.0078,-0.1467,-1.07,2.03,-0.5533,-0.7728,-0.3337,0
2021-01-06,1.04,1.949,-0.0797,-0.4248,-0.4004,-0.0041,-0.1576,-1.02,2.06,-0.4801,-0.6681,-0.2921,0
2021-01-07,1.08,1.9606,-0.0756,-0.4275,-0.3654,-0.0121,-0.176,-1.01,2.09,-0.441,-0.6129,-0.2691,0
2021-01-08,1.13,1.9738,-0.0707,-0.4326,-0.3322,-0.0083,-0.1428,-0.93,2.06,-0.4029,-0.563,-0.2428,0
2021-01-11,1.15,1.9792,-0.0692,-0.4322,-0.3147,-0.0132,-0.1392,-0.91,2.06,-0.3839,-0.5342,-0.2335,0
2021-01-12,1.15,1.9787,-0.0692,-0.434,-0.3142,-0.0113,-0.1458,-0.93,2.08,-0.3834,-0.5333,-0.2336,0
2021-01-13,1.1,1.9681,-0.0731,-0.4286,-0.3551,-0.0113,-0.1502,-0.96,2.06,-0.4282,-0.6012,-0.2552,0
2021-01-14,1.15,1.9777,-0.0695,-0.437,-0.3092,-0.012,-0.1602,-0.94,2.09,-0.3787,-0.5217,-0.2356,0
2021-01-15,1.11,1.969,-0.073,-0.4418,-0.3365,-0.0077,-0.1835,-0.99,2.1,-0.4095,-0.5652,-0.2538,0
2021-01-19,1.1,1.9677,-0.074,-0.4433,-0.3361,-0.0144,-0.2001,-1.0,2.1,-0.4101,-0.562,-0.2581,0
2021-01-20,1.1,1.967,-0.074,-0.4441,-0.3392,-0.0097,-0.2203,-1.02,2.12,-0.4132,-0.5677,-0.2586,0
2021-01-21,1.12,1.9715,-0.0722,-0.4502,-0.315,-0.0141,-0.255,-0.98,2.1,-0.3872,-0.5256,-0.2488,0
2021-01-22,1.1,1.9688,-0.0735,-0.4531,-0.332,-0.0102,-0.2478,-0.99,2.09,-0.4055,-0.556,-0.2551,0
2021-01-25,1.05,1.9571,-0.0775,-0.4495,-0.3736,-0.0066,-0.253,-1.03,2.08,-0.4511,-0.6248,-0.2774,0
2021-01-26,1.05,1.9563,-0.0776,-0.4467,-0.3742,-0.0077,-0.2577,-1.03,2.08,-0.4518,-0.625,-0.2787,0
2021-01-27,1.04,1.9527,-0.0789,-0.4443,-0.3883,-0.0011,-0.2617,-1.04,2.08,-0.4672,-0.6487,-0.2858,0
2021-01-28,1.07,1.9578,-0.0768,-0.4431,-0.3656,-0.0023,-0.2908,-1.06,2.13,-0.4424,-0.6103,-0.2746,0
2021-01-29,1.11,1.9706,-0.0717,-0.4515,-0.3205,-0.0169,-0.2925,-1.02,2.13,-0.3922,-0.5366,-0.2477,0
2021-02-01,1.09,1.9668,-0.0735,-0.4614,-0.3322,-0.0097,-0.2776,-1.02,2.11,-0.4057,-0.5551,-0.2563,0
2021-02-02,1.12,1.9724,-0.0715,-0.4576,-0.312,-0.0113,-0.299,-1.03,2.15,-0.3835,-0.5214,-0.2456,0
2021-02-03,1.15,1.9798,-0.0683,-0.4618,-0.2872,-0.0125,-0.3215,-1.04,2.19,-0.3555,-0.4821,-0.2288,0
2021-02-04,1.15,1.983,-0.0671,-0.4698,-0.2784,-0.0177,-0.3143,-1.02,2.17,-0.3455,-0.4689,-0.222,0
2021-02-05,1.19,1.99,-0.0645,-0.4797,-0.2444,-0.0114,-0.3298,-1.02,2.21,-0.3089,-0.4103,-0.2074,0
2021-02-08,1.19,1.991,-0.0639,-0.4735,-0.2535,-0.0102,-0.3415,-1.03,2.22,-0.3174,-0.4296,-0.2051,0
2021-02-09,1.18,1.9894,-0.0647,-0.4729,-0.2601,-0.0117,-0.3472,-1.04,2.22,-0.3248,-0.4405,-0.2091,0
2021-02-10,1.15,1.9823,-0.0674,-0.4748,-0.2819,-0.0082,-0.3464,-1.06,2.21,-0.3493,-0.4753,-0.2234,0
2021-02-11,1.16,1.9849,-0.0666,-0.4756,-0.2712,-0.0115,-0.3438,-1.04,2.2,-0.3378,-0.4569,-0.2186,0
2021-02-12,1.2,1.9972,-0.0619,-0.48,-0.2264,-0.0288,-0.3507,-1.01,2.21,-0.2883,-0.3833,-0.1934,0
2021-02-16,1.3,2.0216,-0.0532,-0.4778,-0.1567,-0.0339,-0.3417,-0.94,2.24,-0.2099,-0.2739,-0.1459,0
2021-02-17,1.29,2.0244,-0.0523,-0.4842,-0.1492,-0.0487,-0.3218,-0.92,2.21,-0.2015,-0.2626,-0.1403,0
2021-02-18,1.29,2.0256,-0.0514,-0.4924,-0.1465,-0.0452,-0.277,-0.87,2.16,-0.1979,-0.2599,-0.136,0
2021-02-19,1.34,2.0388,-0.0472,-0.4968,-0.098,-0.0568,-0.2523,-0.8,2.14,-0.1452,-0.1783,-0.1121,0
2021-02-22,1.37,2.0451,-0.0445,-0.5003,-0.0775,-0.0528,-0.273,-0.79,2.16,-0.122,-0.1461,-0.0978,0
2021-02-23,1.37,2.0462,-0.0445,-0.5087,-0.0717,-0.0513,-0.2795,-0.79,2.16,-0.1162,-0.1357,-0.0967,0
2021-02-24,1.38,2.0516,-0.0426,-0.5045,-0.0635,-0.061,-0.288,-0.79,2.17,-0.1061,-0.1258,-0.0864,0
2021-02-25,1.54,2.0976,-0.0256,-0.4617,0.0262,-0.0965,-0.2272,-0.6,2.14,0.0006,-0.003,0.0042,0
2021-02-26,1.44,2.0742,-0.0333,-0.4529,-0.044,-0.104,-0.2652,-0.71,2.15,-0.0773,-0.1154,-0.0392,0
2021-03-01,1.45,2.0726,-0.0346,-0.4747,-0.0176,-0.0957,-0.2823,-0.71,2.16,-0.0522,-0.0597,-0.0446,0
2021-03-02,1.42,2.0636,-0.0379,-0.4835,-0.0382,-0.0839,-0.325,-0.78,2.2,-0.0761,-0.0901,-0.0622,0
2021-03-03,1.47,2.0786,-0.0328,-0.4769,-0.0025,-0.0964,-0.325,-0.74,2.21,-0.0353,-0.0367,-0.034,0
2021-03-04,1.54,2.0986,-0.0257,-0.4811,0.0603,-0.1121,-0.2972,-0.66,2.2,0.0346,0.064,0.0052,0
2021-03-05,1.56,2.1025,-0.0242,-0.4749,0.0628,-0.1062,-0.2933,-0.66,2.22,0.0386,0.064,0.0132,0
2021-03-08,1.59,2.1125,-0.02,-0.4596,0.0731,-0.116,-0.2673,-0.62,2.21,0.0531,0.0716,0.0346,0
2021-03-09,1.55,2.0994,-0.0247,-0.4553,0.0316,-0.1011,-0.2774,-0.66,2.21,0.0069,0.0053,0.0086,0
2021-03-10,1.53,2.0901,-0.0279,-0.4574,0.0178,-0.0926,-0.321,-0.73,2.26,-0.0101,-0.0115,-0.0088,0
2021-03-11,1.54,2.0926,-0.0267,-0.4687,0.0373,-0.0945,-0.3517,-0.74,2.28,0.0106,0.024,-0.0027,0
2021-03-12,1.64,2.1219,-0.0166,-0.4782,0.1261,-0.1132,-0.3208,-0.62,2.26,0.1095,0.1654,0.0537,0
2021-03-15,1.62,2.1177,-0.0181,-0.478,0.1088,-0.1104,-0.344,-0.65,2.27,0.0907,0.1359,0.0455,0
2021-03-16,1.62,2.1171,-0.0184,-0.4843,0.1156,-0.11,-0.3728,-0.68,2.3,0.0972,0.1502,0.0442,0
2021-03-17,1.63,2.1203,-0.0173,-0.51,0.1487,-0.1118,-0.3775,-0.67,2.3,0.1314,0.212,0.0509,0
2021-03-18,1.71,2.1427,-0.0088,-0.5107,0.2065,-0.1197,-0.324,-0.56,2.27,0.1977,0.2986,0.0968,0
2021-03-19,1.74,2.1494,-0.0061,-0.502,0.2229,-0.1241,-0.3249,-0.57,2.31,0.2168,0.3226,0.1109,0
2021-03-22,1.69,2.1362,-0.0114,-0.4955,0.1777,-0.117,-0.3442,-0.64,2.33,0.1663,0.2497,0.0829,0
2021-03-23,1.63,2.1229,-0.0158,-0.4967,0.1363,-0.1167,-0.3343,-0.66,2.29,0.1205,0.1832,0.0578,0
2021-03-24,1.62,2.1166,-0.0182,-0.4912,0.1206,-0.1078,-0.3508,-0.69,2.31,0.1024,0.1595,0.0452,0
2021-03-25,1.63,2.1191,-0.0172,-0.4971,0.1383,-0.1132,-0.363,-0.69,2.32,0.1211,0.192,0.0503,0
2021-03-26,1.67,2.1295,-0.0136,-0.4945,0.1674,-0.1189,-0.3734,-0.67,2.34,0.1538,0.2372,0.0705,0
2021-03-29,1.73,2.1437,-0.0085,-0.4939,0.2061,-0.1174,-0.3634,-0.63,2.36,0.1976,0.2967,0.0985,0
2021-03-30,1.73,2.1456,-0.0076,-0.488,0.2007,-0.1206,-0.3426,-0.62,2.35,0.1931,0.2834,0.1027,0
2021-03-31,1.74,2.1483,-0.0068,-0.4791,0.2051,-0.1275,-0.3551,-0.63,2.37,0.1983,0.2894,0.1072,0
2021-04-01,1.69,2.1362,-0.0107,-0.4688,0.1528,-0.1196,-0.3597,-0.66,2.35,0.1421,0.1994,0.0848,0
2021-04-02,1.72,2.1428,-0.0078,-0.4419,0.1505,-0.1236,-0.3624,-0.64,2.36,0.1427,0.1867,0.0987,0
2021-04-05,1.73,2.1423,-0.0078,-0.46,0.1722,-0.1167,-0.3509,-0.62,2.35,0.1644,0.2304,0.0985,0
2021-04-06,1.67,2.1286,-0.013,-0.4761,0.1434,-0.113,-0.347,-0.65,2.32,0.1304,0.1898,0.0711,0
2021-04-07,1.68,2.13,-0.0127,-0.4805,0.1571,-0.1139,-0.3624,-0.66,2.34,0.1444,0.2157,0.0732,0
2021-04-08,1.64,2.1207,-0.0161,-0.4821,0.1237,-0.1062,-0.3727,-0.69,2.33,0.1076,0.1604,0.0547,0
2021-04-09,1.67,2.1283,-0.0132,-0.4767,0.1367,-0.1051,-0.3408,-0.64,2.31,0.1235,0.1767,0.0703,0
2021-04-12,1.69,2.13,-0.0127,-0.4663,0.1363,-0.0973,-0.3496,-0.64,2.33,0.1236,0.1741,0.073,0
2021-04-13,1.64,2.1182,-0.0173,-0.473,0.1095,-0.0974,-0.3647,-0.69,2.33,0.0922,0.1357,0.0487,0
2021-04-14,1.64,2.1208,-0.0161,-0.47,0.1145,-0.1091,-0.3727,-0.69,2.33,0.0984,0.142,0.0547,0
2021-04-15,1.56,2.1006,-0.0233,-0.4704,0.0501,-0.0971,-0.3784,-0.77,2.33,0.0268,0.0386,0.0151,0
2021-04-16,1.59,2.1059,-0.0213,-0.462,0.0683,-0.101,-0.3899,-0.77,2.36,0.047,0.0686,0.0255,0
2021-04-19,1.61,2.1128,-0.0189,-0.47,0.0957,-0.1095,-0.3756,-0.73,2.34,0.0768,0.1145,0.0391,0
2021-04-20,1.58,2.1055,-0.0217,-0.4762,0.0735,-0.101,-0.3629,-0.74,2.32,0.0518,0.0791,0.0245,0
2021-04-21,1.57,2.1025,-0.0228,-0.4738,0.0669,-0.1028,-0.3711,-0.76,2.33,0.0441,0.0698,0.0184,0
2021-04-22,1.57,2.1011,-0.0232,-0.4705,0.0589,-0.0963,-0.3679,-0.76,2.33,0.0357,0.0557,0.0157,0
2021-04-23,1.58,2.1043,-0.0216,-0.4639,0.0641,-0.1028,-0.3742,-0.76,2.34,0.0425,0.0615,0.0234,0
2021-04-26,1.58,2.1034,-0.0219,-0.4539,0.0536,-0.1012,-0.3885,-0.78,2.36,0.0317,0.0422,0.0212,0
2021-04-27,1.63,2.1141,-0.0181,-0.4533,0.0921,-0.1048,-0.4033,-0.76,2.39,0.074,0.1057,0.0423,0
2021-04-28,1.63,2.1144,-0.018,-0.4604,0.0999,-0.1059,-0.4311,-0.78,2.41,0.0819,0.1206,0.0431,0
2021-04-29,1.65,2.1198,-0.0162,-0.4689,0.1209,-0.1056,-0.4407,-0.77,2.42,0.1047,0.1559,0.0535,0
2021-04-30,1.65,2.1208,-0.0157,-0.473,0.122,-0.1042,-0.4398,-0.76,2.41,0.1063,0.1565,0.0562,0
2021-05-03,1.63,2.1152,-0.018,-0.4777,0.1101,-0.0996,-0.4601,-0.79,2.42,0.0921,0.1402,0.0441,0
2021-05-04,1.61,2.1109,-0.0197,-0.4765,0.0941,-0.0988,-0.4771,-0.81,2.42,0.0744,0.1137,0.0351,0
2021-05-05,1.59,2.104,-0.0224,-0.4771,0.0813,-0.0958,-0.5272,-0.88,2.47,0.0589,0.0967,0.0211,0
2021-05-06,1.58,2.105,-0.0219,-0.478,0.0752,-0.1004,-0.515,-0.87,2.45,0.0533,0.0835,0.0232,0
2021-05-07,1.6,2.1063,-0.0217,-0.4971,0.1067,-0.0942,-0.5363,-0.89,2.49,0.085,0.1446,0.0253,0
2021-05-10,1.63,2.1126,-0.0196,-0.4982,0.1251,-0.0898,-0.5654,-0.91,2.54,0.1055,0.1736,0.0373,0
2021-05-11,1.64,2.1185,-0.0174,-0.5017,0.1362,-0.0957,-0.5563,-0.89,2.53,0.1188,0.1885,0.0491,0
2021-05-12,1.69,2.1347,-0.0116,-0.4959,0.1798,-0.117,-0.5514,-0.85,2.54,0.1682,0.2556,0.0808,0
2021-05-13,1.66,2.1302,-0.0129,-0.504,0.1636,-0.1169,-0.5276,-0.85,2.51,0.1507,0.2282,0.0733,0
2021-05-14,1.63,2.1225,-0.0156,-0.4993,0.1401,-0.1177,-0.5319,-0.88,2.51,0.1245,0.1906,0.0585,0
2021-05-17,1.64,2.1231,-0.0156,-0.4935,0.141,-0.115,-0.5474,-0.9,2.54,0.1254,0.1922,0.0586,0
2021-05-18,1.64,2.1233,-0.0154,-0.5011,0.1452,-0.112,-0.54,-0.88,2.52,0.1298,0.1999,0.0597,0
2021-05-19,1.68,2.1344,-0.0113,-0.4969,0.1675,-0.1137,-0.4859,-0.8,2.48,0.1562,0.2306,0.0818,0
2021-05-20,1.63,2.123,-0.0153,-0.5048,0.1377,-0.1106,-0.4442,-0.78,2.41,0.1224,0.1851,0.0598,0
2021-05-21,1.63,2.1209,-0.0158,-0.4931,0.1281,-0.1101,-0.4446,-0.8,2.43,0.1123,0.1681,0.0565,0
2021-05-24,1.61,2.1149,-0.0181,-0.493,0.1151,-0.1089,-0.4605,-0.83,2.44,0.097,0.1501,0.044,0
2021-05-25,1.56,2.1031,-0.0227,-0.4921,0.0793,-0.1076,-0.4672,-0.86,2.42,0.0566,0.0937,0.0195,0
2021-05-26,1.58,2.1072,-0.0213,-0.4931,0.0927,-0.1055,-0.4397,-0.82,2.4,0.0714,0.1158,0.0271,0
2021-05-27,1.61,2.1139,-0.0191,-0.4934,0.1188,-0.1102,-0.4351,-0.81,2.42,0.0997,0.1594,0.04,0
2021-05-28,1.58,2.1074,-0.0212,-0.4957,0.0989,-0.1094,-0.4402,-0.84,2.42,0.0777,0.1272,0.0282,0
2021-06-01,1.62,2.1153,-0.0186,-0.494,0.1267,-0.1095,-0.4542,-0.84,2.46,0.1081,0.1736,0.0427,0
2021-06-02,1.59,2.1114,-0.02,-0.4973,0.1098,-0.114,-0.4531,-0.85,2.44,0.0898,0.1447,0.035,0
2021-06-03,1.63,2.1201,-0.0167,-0.4843,0.1208,-0.1099,-0.4188,-0.79,2.42,0.1041,0.156,0.0523,0
2021-06-04,1.56,2.1021,-0.0231,-0.4858,0.0697,-0.1028,-0.4231,-0.84,2.4,0.0466,0.0758,0.0173,0
2021-06-07,1.57,2.1031,-0.0228,-0.4826,0.0705,-0.0982,-0.4033,-0.82,2.39,0.0477,0.0765,0.019,0
2021-06-08,1.53,2.0942,-0.0259,-0.4825,0.0436,-0.0994,-0.3877,-0.83,2.36,0.0177,0.0335,0.0018,0
2021-06-09,1.5,2.0854,-0.029,-0.4826,0.0141,-0.0879,-0.3523,-0.82,2.32,-0.0149,-0.0142,-0.0156,0
2021-06-10,1.45,2.073,-0.0335,-0.4733,-0.0188,-0.0975,-0.3911,-0.9,2.35,-0.0523,-0.0643,-0.0402,0
2021-06-11,1.47,2.0784,-0.0314,-0.4653,-0.0177,-0.0939,-0.3479,-0.85,2.32,-0.0491,-0.069,-0.0293,0
2021-06-14,1.51,2.0853,-0.0289,-0.4553,0.004,-0.0951,-0.3521,-0.85,2.36,-0.0249,-0.0337,-0.0162,0
2021-06-15,1.51,2.0853,-0.0289,-0.4544,0.0062,-0.0982,-0.3756,-0.87,2.38,-0.0227,-0.0293,-0.0161,0
2021-06-16,1.57,2.1037,-0.0221,-0.4258,0.0226,-0.1084,-0.3092,-0.75,2.32,0.0005,-0.0188,0.0197,0
2021-06-17,1.52,2.0899,-0.0266,-0.3992,-0.0511,-0.093,-0.2718,-0.75,2.27,-0.0777,-0.1491,-0.0063,0
2021-06-18,1.45,2.0695,-0.0332,-0.367,-0.1409,-0.0785,-0.252,-0.79,2.24,-0.1741,-0.3029,-0.0452,0
2021-06-21,1.5,2.0761,-0.0305,-0.3717,-0.0929,-0.0811,-0.2445,-0.75,2.25,-0.1234,-0.2156,-0.0311,0
2021-06-22,1.48,2.0702,-0.0326,-0.3779,-0.0912,-0.0885,-0.3113,-0.83,2.31,-0.1238,-0.2052,-0.0424,0
2021-06-23,1.5,2.0753,-0.0304,-0.3742,-0.0876,-0.0831,-0.3468,-0.84,2.34,-0.118,-0.2049,-0.0311,0
2021-06-24,1.49,2.0768,-0.0298,-0.3746,-0.0936,-0.0887,-0.3151,-0.81,2.3,-0.1234,-0.2189,-0.028,0
2021-06-25,1.54,2.0859,-0.0268,-0.3741,-0.057,-0.088,-0.3229,-0.8,2.34,-0.0838,-0.1565,-0.0111,0
2021-06-28,1.49,2.0743,-0.0309,-0.3701,-0.1014,-0.0819,-0.3325,-0.84,2.33,-0.1323,-0.2309,-0.0337,0
2021-06-29,1.49,2.0739,-0.0311,-0.3703,-0.1011,-0.0815,-0.3252,-0.83,2.32,-0.1322,-0.2296,-0.0347,0
2021-06-30,1.45,2.0646,-0.0344,-0.3679,-0.1302,-0.0822,-0.3409,-0.87,2.32,-0.1646,-0.2761,-0.053,0
2021-07-01,1.48,2.0692,-0.0323,-0.3606,-0.1214,-0.075,-0.3455,-0.87,2.35,-0.1537,-0.2646,-0.0427,0
2021-07-02,1.44,2.0608,-0.0354,-0.3658,-0.1421,-0.0775,-0.3517,-0.89,2.33,-0.1775,-0.2959,-0.0591,0
2021-07-06,1.37,2.0444,-0.0417,-0.3724,-0.1858,-0.0745,-0.361,-0.94,2.31,-0.2275,-0.3623,-0.0927,0
2021-07-07,1.33,2.0341,-0.0452,-0.368,-0.2256,-0.0653,-0.3377,-0.95,2.28,-0.2708,-0.4293,-0.1124,0
2021-07-08,1.3,2.027,-0.0483,-0.3819,-0.2281,-0.0687,-0.3066,-0.92,2.22,-0.2764,-0.4249,-0.1278,0
2021-07-09,1.37,2.0403,-0.0433,-0.3737,-0.1866,-0.0666,-0.328,-0.91,2.28,-0.2299,-0.3588,-0.1011,0
2021-07-12,1.38,2.0423,-0.0428,-0.3703,-0.1854,-0.0638,-0.3658,-0.95,2.33,-0.2282,-0.3585,-0.0979,0
2021-07-13,1.42,2.0508,-0.0394,-0.3622,-0.1694,-0.0598,-0.4117,-0.94,2.36,-0.2088,-0.3369,-0.0807,0
2021-07-14,1.37,2.0402,-0.043,-0.3699,-0.2044,-0.0529,-0.4112,-0.97,2.34,-0.2474,-0.3944,-0.1004,0
2021-07-15,1.31,2.0263,-0.048,-0.3601,-0.2587,-0.0495,-0.4088,-1.01,2.32,-0.3067,-0.4856,-0.1277,0
2021-07-16,1.31,2.0261,-0.0479,-0.3569,-0.2541,-0.0572,-0.4121,-1.02,2.33,-0.302,-0.4761,-0.1279,0
2021-07-19,1.19,1.9998,-0.0578,-0.3667,-0.333,-0.0523,-0.3726,-1.05,2.24,-0.3908,-0.6007,-0.1809,0
2021-07-20,1.23,2.0045,-0.0564,-0.3757,-0.2929,-0.0495,-0.365,-1.03,2.26,-0.3493,-0.526,-0.1726,0
2021-07-21,1.3,2.0212,-0.0502,-0.3744,-0.2434,-0.0532,-0.3731,-0.98,2.28,-0.2936,-0.4484,-0.1388,0
2021-07-22,1.27,2.0146,-0.0527,-0.38,-0.2631,-0.0489,-0.3876,-1.01,2.28,-0.3158,-0.4796,-0.1519,0
2021-07-23,1.3,2.0196,-0.0508,-0.3796,-0.2395,-0.0497,-0.4323,-1.05,2.35,-0.2903,-0.4387,-0.1419,0
2021-07-26,1.29,2.0194,-0.0512,-0.3737,-0.2466,-0.058,-0.486,-1.11,2.4,-0.2978,-0.452,-0.1435,0
2021-07-27,1.25,2.0124,-0.0535,-0.3801,-0.2758,-0.053,-0.4746,-1.13,2.38,-0.3293,-0.5021,-0.1564,0
2021-07-28,1.26,2.0123,-0.0535,-0.3724,-0.2778,-0.0485,-0.5002,-1.15,2.41,-0.3313,-0.5062,-0.1565,0
2021-07-29,1.28,2.0177,-0.0515,-0.3755,-0.2539,-0.0568,-0.5178,-1.15,2.43,-0.3054,-0.4652,-0.1457,0
2021-07-30,1.24,2.0114,-0.0539,-0.3827,-0.2739,-0.061,-0.5144,-1.16,2.4,-0.3278,-0.4972,-0.1583,0
2021-08-02,1.2,2.0005,-0.0582,-0.3884,-0.304,-0.0499,-0.5018,-1.17,2.37,-0.3622,-0.5432,-0.1811,0
2021-08-03,1.19,1.9967,-0.0598,-0.3864,-0.3122,-0.0483,-0.5052,-1.19,2.38,-0.372,-0.5546,-0.1894,0
2021-08-04,1.19,1.997,-0.0592,-0.3757,-0.3292,-0.0428,-0.4791,-1.16,2.35,-0.3884,-0.5895,-0.1874,0
2021-08-05,1.23,2.0065,-0.0558,-0.3594,-0.315,-0.0463,-0.4467,-1.1,2.33,-0.3708,-0.5724,-0.1692,0
2021-08-06,1.31,2.0226,-0.0498,-0.3558,-0.2614,-0.0457,-0.4432,-1.06,2.37,-0.3112,-0.4854,-0.137,0
2021-08-09,1.33,2.0279,-0.0477,-0.3537,-0.251,-0.0454,-0.4421,-1.04,2.37,-0.2987,-0.4716,-0.1259,0
2021-08-10,1.36,2.0331,-0.0452,-0.3415,-0.2465,-0.0399,-0.4617,-1.04,2.4,-0.2917,-0.4696,-0.1139,0
2021-08-11,1.35,2.0318,-0.0459,-0.3497,-0.2391,-0.0471,-0.4809,-1.07,2.42,-0.285,-0.4531,-0.117,0
2021-08-12,1.36,2.0374,-0.0437,-0.3438,-0.2328,-0.0571,-0.4796,-1.05,2.41,-0.2765,-0.4471,-0.1059,0
2021-08-13,1.29,2.0226,-0.0488,-0.3406,-0.2897,-0.0535,-0.4686,-1.08,2.37,-0.3385,-0.5432,-0.1339,0
2021-08-16,1.26,2.0128,-0.0524,-0.35,-0.302,-0.0484,-0.4679,-1.1,2.36,-0.3544,-0.5556,-0.1532,0
2021-08-17,1.26,2.015,-0.0519,-0.3446,-0.3048,-0.0537,-0.4377,-1.07,2.33,-0.3567,-0.5631,-0.1503,0
2021-08-18,1.27,2.0152,-0.0515,-0.3376,-0.309,-0.0471,-0.4189,-1.05,2.32,-0.3605,-0.5722,-0.1488,0
2021-08-19,1.24,2.0086,-0.0537,-0.3306,-0.3369,-0.0474,-0.4015,-1.04,2.28,-0.3906,-0.6198,-0.1613,0
2021-08-20,1.26,2.0115,-0.0525,-0.3249,-0.3299,-0.0442,-0.3663,-1.01,2.27,-0.3824,-0.6096,-0.1552,0
2021-08-23,1.25,2.0069,-0.0543,-0.3256,-0.3321,-0.0449,-0.3806,-1.02,2.27,-0.3864,-0.6078,-0.165,0
2021-08-24,1.29,2.0155,-0.051,-0.3237,-0.306,-0.0448,-0.3922,-1.01,2.3,-0.357,-0.5668,-0.1472,0
2021-08-25,1.35,2.0289,-0.0463,-0.3271,-0.2606,-0.0449,-0.4088,-1.0,2.35,-0.3069,-0.4924,-0.1214,0
2021-08-26,1.34,2.0299,-0.0461,-0.3268,-0.2665,-0.0505,-0.4037,-0.99,2.33,-0.3126,-0.5055,-0.1197,0
2021-08-27,1.31,2.0206,-0.0493,-0.335,-0.2759,-0.0504,-0.451,-1.08,2.39,-0.3252,-0.5133,-0.1371,0
2021-08-30,1.29,2.0177,-0.0504,-0.3469,-0.282,-0.0483,-0.4401,-1.08,2.37,-0.3324,-0.5218,-0.143,0
2021-08-31,1.3,2.0226,-0.0492,-0.3516,-0.2644,-0.0574,-0.4144,-1.03,2.33,-0.3136,-0.4921,-0.1351,0
2021-09-01,1.31,2.0222,-0.0495,-0.3495,-0.2701,-0.0431,-0.4071,-1.03,2.34,-0.3196,-0.5029,-0.1363,0
2021-09-02,1.29,2.0193,-0.0505,-0.3455,-0.2833,-0.0499,-0.4028,-1.03,2.32,-0.3338,-0.5256,-0.1421,0
2021-09-03,1.33,2.0259,-0.048,-0.3492,-0.2566,-0.0422,-0.4012,-1.01,2.34,-0.3046,-0.4809,-0.1282,0
2021-09-07,1.38,2.0373,-0.0439,-0.346,-0.2252,-0.0422,-0.4047,-0.98,2.36,-0.2691,-0.4319,-0.1063,0
2021-09-08,1.35,2.0293,-0.0468,-0.3415,-0.2578,-0.0332,-0.4286,-1.03,2.38,-0.3046,-0.487,-0.1221,0
2021-09-09,1.3,2.0198,-0.0499,-0.3382,-0.2863,-0.0455,-0.4547,-1.08,2.38,-0.3362,-0.5327,-0.1397,0
2021-09-10,1.35,2.0295,-0.0466,-0.3352,-0.2567,-0.0411,-0.4556,-1.05,2.4,-0.3033,-0.4851,-0.1214,0
2021-09-13,1.33,2.0263,-0.0478,-0.3362,-0.2729,-0.0394,-0.4323,-1.04,2.37,-0.3207,-0.5137,-0.1277,0
2021-09-14,1.28,2.015,-0.0514,-0.3321,-0.3132,-0.0383,-0.4094,-1.05,2.33,-0.3646,-0.5806,-0.1486,0
2021-09-15,1.31,2.0186,-0.0501,-0.3234,-0.3003,-0.0349,-0.4161,-1.04,2.35,-0.3504,-0.5592,-0.1415,0
2021-09-16,1.34,2.0275,-0.0467,-0.318,-0.2782,-0.0446,-0.4141,-1.01,2.35,-0.3249,-0.5262,-0.1235,0
2021-09-17,1.37,2.0367,-0.0431,-0.3142,-0.2581,-0.0513,-0.393,-0.96,2.33,-0.3012,-0.4978,-0.1046,0
2021-09-20,1.31,2.0228,-0.0481,-0.3189,-0.3009,-0.045,-0.367,-0.98,2.29,-0.349,-0.5661,-0.1318,0
2021-09-21,1.33,2.0243,-0.0473,-0.3173,-0.2879,-0.0418,-0.3635,-0.96,2.29,-0.3352,-0.5426,-0.1279,0
2021-09-22,1.32,2.0225,-0.0479,-0.2992,-0.3187,-0.0368,-0.348,-0.96,2.28,-0.3666,-0.6014,-0.1318,0
2021-09-23,1.41,2.0428,-0.0399,-0.2879,-0.2558,-0.0492,-0.3548,-0.9,2.31,-0.2957,-0.5012,-0.0901,0
2021-09-24,1.47,2.0571,-0.0349,-0.2921,-0.2112,-0.0488,-0.3492,-0.87,2.34,-0.2461,-0.43,-0.0622,0
2021-09-27,1.48,2.0622,-0.0329,-0.2858,-0.2006,-0.0629,-0.3668,-0.87,2.35,-0.2335,-0.4151,-0.0519,0
2021-09-28,1.54,2.0767,-0.028,-0.2931,-0.1473,-0.0683,-0.3755,-0.84,2.38,-0.1753,-0.3264,-0.0242,0
2021-09-29,1.55,2.0812,-0.0263,-0.3092,-0.1255,-0.0701,-0.365,-0.82,2.37,-0.1518,-0.289,-0.0147,0
2021-09-30,1.52,2.076,-0.0283,-0.3132,-0.142,-0.0725,-0.3706,-0.85,2.37,-0.1703,-0.3154,-0.0252,0
2021-10-01,1.48,2.0656,-0.0324,-0.3256,-0.1593,-0.0684,-0.3842,-0.9,2.38,-0.1917,-0.3368,-0.0465,0
2021-10-04,1.49,2.0683,-0.0318,-0.3212,-0.1573,-0.068,-0.3839,-0.89,2.38,-0.1891,-0.3356,-0.0427,0
2021-10-05,1.54,2.0776,-0.0284,-0.3156,-0.1265,-0.0671,-0.4238,-0.91,2.45,-0.1549,-0.2854,-0.0245,0
2021-10-06,1.53,2.0777,-0.0283,-0.3131,-0.1414,-0.0649,-0.4116,-0.9,2.43,-0.1697,-0.3154,-0.024,0
2021-10-07,1.58,2.088,-0.0245,-0.3072,-0.1109,-0.0653,-0.4251,-0.88,2.46,-0.1354,-0.2673,-0.0036,0
2021-10-08,1.61,2.0959,-0.0218,-0.3031,-0.0901,-0.071,-0.4445,-0.89,2.5,-0.1119,-0.235,0.0113,0
2021-10-12,1.59,2.0907,-0.0229,-0.2832,-0.138,-0.0566,-0.4363,-0.9,2.49,-0.1609,-0.3247,0.0029,0
2021-10-13,1.56,2.0806,-0.0261,-0.2583,-0.1821,-0.0542,-0.466,-0.96,2.52,-0.2082,-0.4004,-0.0159,0
2021-10-14,1.52,2.0704,-0.0296,-0.2665,-0.1947,-0.0596,-0.4801,-1.0,2.52,-0.2243,-0.4134,-0.0353,0
2021-10-15,1.59,2.0837,-0.0243,-0.2404,-0.1807,-0.0483,-0.4825,-0.97,2.56,-0.205,-0.4016,-0.0084,0
2021-10-18,1.59,2.0842,-0.0236,-0.2248,-0.1989,-0.047,-0.4621,-0.95,2.54,-0.2225,-0.4388,-0.0061,0
2021-10-19,1.65,2.0964,-0.0191,-0.2388,-0.1358,-0.0527,-0.4487,-0.89,2.54,-0.1549,-0.3283,0.0185,0
2021-10-20,1.65,2.0967,-0.0189,-0.2428,-0.1326,-0.0523,-0.4811,-0.92,2.57,-0.1515,-0.3227,0.0196,0
2021-10-21,1.68,2.1036,-0.0162,-0.2182,-0.1339,-0.0553,-0.541,-0.96,2.64,-0.1501,-0.3335,0.0332,0
2021-10-22,1.66,2.0981,-0.0182,-0.2113,-0.1673,-0.0413,-0.5391,-0.98,2.64,-0.1855,-0.3931,0.022,0
2021-10-25,1.64,2.0925,-0.0199,-0.2205,-0.1624,-0.0496,-0.5705,-1.02,2.66,-0.1823,-0.3767,0.0121,0
2021-10-26,1.63,2.0888,-0.021,-0.2118,-0.185,-0.041,-0.5954,-1.06,2.69,-0.206,-0.4172,0.0053,0
2021-10-27,1.54,2.0698,-0.028,-0.1996,-0.2613,-0.0409,-0.6016,-1.11,2.65,-0.2893,-0.5455,-0.0331,0
2021-10-28,1.57,2.0807,-0.0238,-0.1993,-0.2291,-0.0585,-0.5308,-1.0,2.57,-0.2529,-0.4953,-0.0105,0
2021-10-29,1.55,2.0801,-0.0242,-0.2028,-0.2235,-0.0796,-0.5011,-0.96,2.51,-0.2477,-0.483,-0.0124,0
2021-11-01,1.58,2.0853,-0.0221,-0.1989,-0.2142,-0.0702,-0.4802,-0.92,2.5,-0.2363,-0.4711,-0.0014,0
2021-11-02,1.56,2.0758,-0.0259,-0.2097,-0.2242,-0.056,-0.4838,-0.95,2.51,-0.2501,-0.4791,-0.021,0
2021-11-03,1.6,2.0848,-0.0227,-0.1987,-0.2102,-0.0532,-0.4868,-0.93,2.53,-0.2329,-0.462,-0.0038,0
2021-11-04,1.53,2.0667,-0.0296,-0.2225,-0.2338,-0.0508,-0.5286,-1.03,2.56,-0.2634,-0.487,-0.0398,0
2021-11-05,1.45,2.0495,-0.0361,-0.2257,-0.291,-0.0467,-0.5401,-1.09,2.54,-0.3271,-0.5795,-0.0746,0
2021-11-08,1.51,2.0612,-0.0317,-0.1952,-0.2767,-0.0475,-0.5783,-1.11,2.62,-0.3084,-0.5651,-0.0518,0
2021-11-09,1.46,2.0472,-0.0362,-0.2033,-0.3117,-0.036,-0.603,-1.17,2.63,-0.3479,-0.6186,-0.0773,0
2021-11-10,1.56,2.0718,-0.027,-0.1564,-0.2821,-0.0463,-0.6402,-1.14,2.7,-0.3091,-0.5891,-0.0291,0
2021-11-12,1.58,2.0757,-0.025,-0.1541,-0.2721,-0.0445,-0.6671,-1.15,2.73,-0.2971,-0.5745,-0.0198,0
2021-11-15,1.63,2.0865,-0.0206,-0.158,-0.2336,-0.0443,-0.6974,-1.13,2.76,-0.2542,-0.5119,0.0034,0
2021-11-16,1.63,2.0917,-0.0189,-0.1631,-0.2245,-0.0552,-0.6853,-1.1,2.73,-0.2434,-0.4999,0.0131,0
2021-11-17,1.6,2.0862,-0.0207,-0.1695,-0.239,-0.057,-0.6717,-1.1,2.7,-0.2597,-0.5226,0.0031,0
2021-11-18,1.59,2.081,-0.0226,-0.1706,-0.2509,-0.0469,-0.6638,-1.14,2.73,-0.2735,-0.5398,-0.0072,0
2021-11-19,1.54,2.0723,-0.0256,-0.1581,-0.2975,-0.0511,-0.6253,-1.11,2.65,-0.3231,-0.6218,-0.0243,0
2021-11-22,1.63,2.0936,-0.0178,-0.1336,-0.2536,-0.0586,-0.5596,-0.98,2.61,-0.2714,-0.56,0.0172,0
2021-11-23,1.67,2.0998,-0.0153,-0.1361,-0.2212,-0.0572,-0.554,-0.95,2.62,-0.2365,-0.5033,0.0304,0
2021-11-24,1.64,2.0939,-0.0178,-0.1181,-0.257,-0.061,-0.5692,-0.97,2.61,-0.2748,-0.566,0.0165,0
2021-11-26,1.48,2.0558,-0.0323,-0.1546,-0.3367,-0.0523,-0.5452,-1.07,2.55,-0.369,-0.6781,-0.0598,0
2021-11-29,1.52,2.0634,-0.0302,-0.1547,-0.3062,-0.0523,-0.5279,-1.02,2.54,-0.3364,-0.6258,-0.0469,0
2021-11-30,1.43,2.0473,-0.0361,-0.1527,-0.3659,-0.0626,-0.4953,-1.07,2.5,-0.402,-0.7249,-0.0791,0
2021-12-01,1.43,2.0492,-0.0356,-0.1666,-0.3339,-0.0831,-0.4116,-1.01,2.44,-0.3695,-0.6629,-0.0761,0
2021-12-02,1.44,2.0468,-0.0357,-0.1174,-0.3896,-0.0641,-0.4246,-1.03,2.47,-0.4253,-0.7716,-0.079,0
2021-12-03,1.35,2.025,-0.0432,-0.124,-0.4447,-0.0631,-0.4228,-1.08,2.43,-0.4879,-0.8551,-0.1207,0
2021-12-06,1.43,2.0401,-0.0387,-0.1019,-0.4057,-0.0637,-0.4325,-1.01,2.44,-0.4444,-0.7936,-0.0952,0
2021-12-07,1.48,2.0502,-0.0354,-0.0831,-0.3918,-0.0599,-0.4533,-0.99,2.47,-0.4272,-0.7769,-0.0774,0
2021-12-08,1.52,2.0553,-0.0328,-0.0872,-0.3744,-0.0409,-0.4797,-1.0,2.52,-0.4072,-0.7496,-0.0648,0
2021-12-09,1.49,2.0528,-0.0332,-0.0904,-0.398,-0.0412,-0.4436,-0.98,2.47,-0.4312,-0.7944,-0.068,0
2021-12-10,1.48,2.0513,-0.034,-0.0875,-0.4021,-0.0476,-0.4233,-0.96,2.44,-0.4361,-0.8006,-0.0717,0
2021-12-13,1.42,2.0386,-0.0381,-0.0908,-0.4409,-0.0489,-0.4062,-0.98,2.4,-0.479,-0.8633,-0.0947,0
2021-12-14,1.44,2.0431,-0.0369,-0.0844,-0.4315,-0.0503,-0.3641,-0.93,2.37,-0.4684,-0.8491,-0.0877,0
2021-12-15,1.47,2.0482,-0.035,-0.075,-0.4149,-0.0533,-0.3622,-0.92,2.39,-0.4499,-0.8222,-0.0777,0
2021-12-16,1.44,2.0384,-0.0389,-0.1186,-0.3799,-0.061,-0.3933,-0.98,2.42,-0.4188,-0.7403,-0.0974,0
2021-12-17,1.41,2.0369,-0.0398,-0.1155,-0.4059,-0.0657,-0.3711,-0.97,2.38,-0.4457,-0.7898,-0.1015,0
2021-12-20,1.43,2.0383,-0.0404,-0.1235,-0.3853,-0.0591,-0.3719,-0.96,2.39,-0.4257,-0.7488,-0.1026,0
2021-12-21,1.48,2.0494,-0.0364,-0.1031,-0.3692,-0.0607,-0.3955,-0.96,2.44,-0.4056,-0.7299,-0.0814,0
2021-12-22,1.46,2.0462,-0.0373,-0.0999,-0.3848,-0.0642,-0.4244,-1.01,2.47,-0.4221,-0.7571,-0.087,0
2021-12-23,1.5,2.0551,-0.0348,-0.0972,-0.3624,-0.0607,-0.4168,-0.97,2.47,-0.3972,-0.7223,-0.0721,0
2021-12-27,1.48,2.0505,-0.0372,-0.0852,-0.3857,-0.0624,-0.4441,-1.02,2.5,-0.4229,-0.7615,-0.0843,0
2021-12-28,1.49,2.0518,-0.0366,-0.0901,-0.3768,-0.0583,-0.4463,-1.01,2.5,-0.4134,-0.7455,-0.0813,0
2021-12-29,1.55,2.0664,-0.031,-0.0946,-0.3194,-0.0714,-0.4719,-0.98,2.53,-0.3504,-0.6496,-0.0513,0
2021-12-30,1.52,2.0597,-0.0335,-0.0983,-0.3388,-0.0691,-0.5148,-1.06,2.58,-0.3723,-0.6802,-0.0644,0
2021-12-31,1.52,2.0599,-0.0336,-0.101,-0.3399,-0.0654,-0.513,-1.04,2.56,-0.3735,-0.6826,-0.0644,0
2022-01-03,1.63,2.088,-0.0241,-0.0813,-0.2695,-0.0831,-0.5265,-0.97,2.6,-0.2936,-0.5751,-0.0122,0
2022-01-04,1.66,2.0986,-0.0209,-0.1021,-0.226,-0.0896,-0.5072,-0.91,2.57,-0.2469,-0.5011,0.0072,0
2022-01-05,1.71,2.1103,-0.0166,-0.0829,-0.2292,-0.0716,-0.4534,-0.82,2.53,-0.2458,-0.5214,0.0299,0
2022-01-06,1.73,2.1166,-0.014,-0.0618,-0.2381,-0.0727,-0.3832,-0.73,2.46,-0.2521,-0.5471,0.0429,0
2022-01-07,1.76,2.1231,-0.0115,-0.0538,-0.201,-0.0969,-0.3851,-0.72,2.48,-0.2125,-0.4807,0.0558,0
2022-01-10,1.78,2.1247,-0.0121,-0.0338,-0.2207,-0.0781,-0.3762,-0.7,2.48,-0.2328,-0.5196,0.0539,0
2022-01-11,1.75,2.1156,-0.0151,-0.0286,-0.2355,-0.0864,-0.4448,-0.79,2.54,-0.2506,-0.5379,0.0367,0
2022-01-12,1.74,2.1163,-0.0149,-0.0365,-0.2442,-0.0807,-0.4061,-0.74,2.48,-0.2591,-0.5561,0.0379,0
2022-01-13,1.7,2.1086,-0.0178,-0.044,-0.2592,-0.0877,-0.3698,-0.73,2.43,-0.277,-0.5765,0.0226,0
2022-01-14,1.78,2.1259,-0.012,-0.0165,-0.2326,-0.0848,-0.3568,-0.66,2.44,-0.2446,-0.5434,0.0542,0
2022-01-18,1.87,2.145,-0.007,0.016,-0.2005,-0.0835,-0.3488,-0.59,2.46,-0.2075,-0.4986,0.0836,0
2022-01-19,1.83,2.1379,-0.0095,0.0111,-0.2224,-0.0871,-0.311,-0.57,2.4,-0.2319,-0.5337,0.07,0
2022-01-20,1.83,2.1338,-0.0109,0.0174,-0.2345,-0.0758,-0.3173,-0.5,2.33,-0.2454,-0.5527,0.0619,0
2022-01-21,1.75,2.1154,-0.0174,0.0045,-0.2712,-0.0813,-0.3285,-0.59,2.34,-0.2886,-0.604,0.0267,0
2022-01-24,1.75,2.1163,-0.0185,-0.0039,-0.2464,-0.0975,-0.3625,-0.63,2.38,-0.2649,-0.5532,0.0234,0
2022-01-25,1.78,2.124,-0.0161,0.0063,-0.2435,-0.0907,-0.3797,-0.63,2.41,-0.2596,-0.5562,0.0371,0
2022-01-26,1.85,2.1411,-0.0097,0.0395,-0.242,-0.0789,-0.3346,-0.53,2.38,-0.2517,-0.5737,0.0703,0
2022-01-27,1.81,2.1273,-0.0151,0.0671,-0.3022,-0.0671,-0.35,-0.59,2.4,-0.3173,-0.6753,0.0407,0
2022-01-28,1.78,2.1147,-0.0196,0.0639,-0.3171,-0.0619,-0.392,-0.66,2.44,-0.3367,-0.6894,0.016,0
2022-01-31,1.79,2.1193,-0.0198,0.0655,-0.3018,-0.0731,-0.4023,-0.65,2.44,-0.3216,-0.6611,0.0179,0
2022-02-01,1.81,2.1237,-0.0183,0.0647,-0.2963,-0.0638,-0.3847,-0.62,2.43,-0.3146,-0.6556,0.0264,0
2022-02-02,1.78,2.118,-0.0197,0.0573,-0.3109,-0.0646,-0.3811,-0.63,2.41,-0.3306,-0.6794,0.0181,0
2022-02-03,1.82,2.1289,-0.0163,0.069,-0.294,-0.0676,-0.3408,-0.56,2.38,-0.3103,-0.6576,0.0369,0
2022-02-04,1.93,2.1513,-0.0098,0.1206,-0.2729,-0.0592,-0.3283,-0.48,2.41,-0.2827,-0.639,0.0736,0
2022-02-07,1.92,2.1474,-0.0124,0.1161,-0.2751,-0.0559,-0.3106,-0.48,2.4,-0.2875,-0.6363,0.0612,0
2022-02-08,1.96,2.1553,-0.0096,0.1334,-0.2639,-0.0552,-0.3114,-0.46,2.42,-0.2735,-0.623,0.076,0
2022-02-09,1.94,2.1529,-0.0096,0.1397,-0.2802,-0.0628,-0.3178,-0.48,2.42,-0.2898,-0.6536,0.074,0
2022-02-10,2.03,2.1709,-0.007,0.2241,-0.3072,-0.0507,-0.322,-0.42,2.45,-0.3142,-0.7202,0.0918,0
2022-02-11,1.92,2.1451,-0.016,0.1957,-0.3403,-0.0646,-0.3498,-0.51,2.43,-0.3563,-0.7559,0.0433,0
2022-02-14,1.98,2.1578,-0.0133,0.2235,-0.3209,-0.0672,-0.3889,-0.5,2.48,-0.3342,-0.7285,0.0602,0
2022-02-15,2.05,2.1744,-0.0062,0.2071,-0.2645,-0.0608,-0.3566,-0.43,2.48,-0.2707,-0.6388,0.0974,0
2022-02-16,2.03,2.1702,-0.0061,0.1869,-0.2589,-0.0622,-0.3559,-0.43,2.46,-0.265,-0.6256,0.0957,0
2022-02-17,1.97,2.1588,-0.0097,0.1689,-0.2851,-0.0629,-0.3471,-0.46,2.43,-0.2948,-0.6656,0.0761,0
2022-02-18,1.92,2.1482,-0.0135,0.1661,-0.3134,-0.0675,-0.3435,-0.49,2.41,-0.3269,-0.7091,0.0553,0
2022-02-22,1.94,2.1477,-0.0161,0.1981,-0.338,-0.0517,-0.3688,-0.51,2.45,-0.3541,-0.7525,0.0443,0
2022-02-23,1.99,2.156,-0.0133,0.2083,-0.312,-0.049,-0.4253,-0.54,2.53,-0.3253,-0.7101,0.0594,0
2022-02-24,1.96,2.1518,-0.0122,0.1741,-0.2947,-0.0591,-0.4676,-0.59,2.55,-0.3069,-0.6757,0.062,0
2022-02-25,1.97,2.1574,-0.0115,0.1897,-0.3046,-0.061,-0.4569,-0.57,2.54,-0.3161,-0.6997,0.0674,0
2022-02-28,1.83,2.1188,-0.0252,0.1638,-0.3765,-0.0509,-0.5573,-0.79,2.62,-0.4017,-0.7967,-0.0067,0
2022-03-01,1.72,2.0933,-0.0327,0.104,-0.4056,-0.0389,-0.5965,-0.9,2.62,-0.4383,-0.8281,-0.0486,0
2022-03-02,1.86,2.1283,-0.0215,0.1585,-0.3543,-0.0511,-0.6335,-0.85,2.71,-0.3758,-0.7647,0.0132,0
2022-03-03,1.86,2.128,-0.0218,0.1559,-0.3666,-0.0355,-0.611,-0.83,2.69,-0.3884,-0.7884,0.0116,0
2022-03-04,1.74,2.0958,-0.0331,0.1488,-0.4541,-0.0174,-0.6429,-0.93,2.67,-0.4872,-0.9238,-0.0506,0
2022-03-07,1.78,2.1028,-0.0325,0.1838,-0.4481,-0.026,-0.7076,-0.99,2.77,-0.4806,-0.9164,-0.0448,0
2022-03-08,1.86,2.119,-0.0255,0.2128,-0.4206,-0.0257,-0.793,-1.04,2.9,-0.4461,-0.8825,-0.0098,0
2022-03-09,1.94,2.1401,-0.0182,0.2209,-0.3904,-0.0124,-0.7027,-0.9,2.84,-0.4086,-0.8474,0.0301,0
2022-03-10,1.98,2.1485,-0.0147,0.243,-0.3748,-0.022,-0.7245,-0.88,2.86,-0.3895,-0.8266,0.0475,0
2022-03-11,2.0,2.149,-0.0145,0.2686,-0.3893,-0.0139,-0.7868,-0.94,2.94,-0.4038,-0.8551,0.0476,0
2022-03-14,2.14,2.1846,-0.0042,0.2991,-0.3104,-0.0291,-0.7413,-0.79,2.93,-0.3146,-0.7364,0.1071,0
2022-03-15,2.15,2.1888,-0.003,0.2988,-0.3134,-0.0212,-0.6659,-0.69,2.84,-0.3164,-0.747,0.1142,0
2022-03-16,2.19,2.1979,0.0007,0.3302,-0.313,-0.0258,-0.6018,-0.61,2.8,-0.3123,-0.7572,0.1326,0
2022-03-17,2.2,2.1943,0.0017,0.3267,-0.2883,-0.0344,-0.7084,-0.71,2.91,-0.2866,-0.7068,0.1336,0
2022-03-18,2.14,2.1832,-0.0021,0.327,-0.3436,-0.0246,-0.6938,-0.72,2.86,-0.3457,-0.8036,0.1123,0
2022-03-21,2.32,2.2216,0.0085,0.3924,-0.2779,-0.0246,-0.6771,-0.58,2.9,-0.2694,-0.7121,0.1733,0
2022-03-22,2.38,2.2348,0.013,0.4115,-0.2494,-0.0299,-0.6623,-0.53,2.91,-0.2364,-0.6703,0.1975,0
2022-03-23,2.32,2.2209,0.009,0.4001,-0.2636,-0.0464,-0.7082,-0.62,2.94,-0.2546,-0.6836,0.1745,0
2022-03-24,2.34,2.2269,0.0106,0.4108,-0.2605,-0.0478,-0.7026,-0.58,2.92,-0.2499,-0.6836,0.1838,0
2022-03-25,2.48,2.2619,0.0223,0.4759,-0.2025,-0.0775,-0.6758,-0.47,2.95,-0.1802,-0.608,0.2475,0
2022-03-28,2.46,2.2515,0.0167,0.4942,-0.2691,-0.0333,-0.6787,-0.49,2.95,-0.2524,-0.7237,0.2189,0
2022-03-29,2.41,2.2389,0.0128,0.4868,-0.311,-0.0176,-0.5922,-0.45,2.86,-0.2982,-0.7927,0.1964,0
2022-03-30,2.35,2.2214,0.0072,0.484,-0.3417,-0.0209,-0.6029,-0.51,2.86,-0.3345,-0.8335,0.1646,0
2022-03-31,2.32,2.2146,0.0044,0.4823,-0.3608,-0.0205,-0.5747,-0.52,2.84,-0.3564,-0.863,0.1502,0
2022-04-01,2.39,2.2291,0.0094,0.5436,-0.3898,-0.0022,-0.5065,-0.41,2.8,-0.3804,-0.9367,0.1758,0
2022-04-04,2.42,2.2323,0.0088,0.5489,-0.3566,-0.0134,-0.4969,-0.38,2.8,-0.3478,-0.8708,0.1751,0
2022-04-05,2.54,2.2605,0.0192,0.5776,-0.2947,-0.0226,-0.4798,-0.3,2.84,-0.2755,-0.7818,0.2309,0
2022-04-06,2.61,2.2766,0.0246,0.5597,-0.2215,-0.0293,-0.4582,-0.22,2.83,-0.1969,-0.6551,0.2612,0
2022-04-07,2.66,2.2917,0.0299,0.536,-0.1514,-0.0462,-0.4472,-0.16,2.82,-0.1215,-0.5343,0.2913,0
2022-04-08,2.72,2.3075,0.0345,0.5516,-0.1248,-0.0488,-0.478,-0.15,2.87,-0.0903,-0.4983,0.3178,0
2022-04-11,2.79,2.3212,0.0372,0.5541,-0.087,-0.0355,-0.5019,-0.12,2.91,-0.0498,-0.4366,0.3369,0
2022-04-12,2.72,2.3096,0.0328,0.4892,-0.0672,-0.0444,-0.4872,-0.14,2.86,-0.0344,-0.3846,0.3158,0
2022-04-13,2.7,2.3097,0.0326,0.481,-0.0833,-0.04,-0.4385,-0.1,2.8,-0.0507,-0.4169,0.3156,0
2022-04-14,2.83,2.3376,0.0413,0.5184,-0.02,-0.0473,-0.4676,-0.06,2.89,0.0213,-0.3221,0.3646,0
2022-04-18,2.85,2.3437,0.0423,0.5098,0.0105,-0.0563,-0.4864,-0.07,2.92,0.0528,-0.2663,0.372,0
2022-04-19,2.93,2.3633,0.0492,0.5463,0.0205,-0.0493,-0.478,0.0,2.93,0.0697,-0.2692,0.4087,0
2022-04-20,2.85,2.3427,0.0422,0.5562,-0.045,-0.0461,-0.4925,-0.07,2.92,-0.0028,-0.3746,0.3691,0
2022-04-21,2.9,2.3517,0.0452,0.5991,-0.0377,-0.0583,-0.5691,-0.12,3.02,0.0075,-0.3696,0.3845,0
2022-04-22,2.9,2.3528,0.0453,0.5928,-0.0398,-0.051,-0.5482,-0.08,2.98,0.0055,-0.3748,0.3857,0
2022-04-25,2.81,2.3308,0.0341,0.5813,-0.0975,-0.0387,-0.5126,-0.1,2.91,-0.0634,-0.4576,0.3307,0
2022-04-26,2.77,2.3212,0.0303,0.5643,-0.1109,-0.0348,-0.478,-0.08,2.85,-0.0806,-0.4728,0.3115,0
2022-04-27,2.82,2.3308,0.0338,0.5656,-0.0761,-0.0341,-0.4937,-0.06,2.88,-0.0423,-0.4152,0.3306,0
2022-04-28,2.85,2.3378,0.0368,0.5862,-0.0718,-0.0389,-0.5558,-0.12,2.97,-0.035,-0.4158,0.3458,0
2022-04-29,2.89,2.3537,0.0424,0.5982,-0.0521,-0.0522,-0.4871,0.01,2.88,-0.0097,-0.3953,0.3758,0
2022-05-02,2.99,2.3768,0.0487,0.6142,0.0,-0.0497,-0.3979,0.18,2.81,0.0487,-0.3155,0.413,0
2022-05-03,2.97,2.3694,0.047,0.6294,-0.0284,-0.0474,-0.3992,0.14,2.83,0.0186,-0.3645,0.4017,0
2022-05-04,2.93,2.359,0.0437,0.5897,-0.0023,-0.0601,-0.4359,0.07,2.86,0.0414,-0.3013,0.3841,0
2022-05-05,3.05,2.3925,0.0573,0.5785,0.0953,-0.0736,-0.3949,0.18,2.87,0.1526,-0.1508,0.4561,0
2022-05-06,3.12,2.4119,0.0639,0.5752,0.1546,-0.0856,-0.3744,0.26,2.86,0.2185,-0.0559,0.4928,0
2022-05-09,3.05,2.3974,0.0571,0.5353,0.1318,-0.0716,-0.2919,0.3,2.75,0.1889,-0.0821,0.46,0
2022-05-10,2.99,2.3841,0.0514,0.5388,0.0761,-0.0604,-0.2094,0.34,2.65,0.1275,-0.1754,0.4304,0
2022-05-11,2.91,2.365,0.0447,0.5552,0.0298,-0.0847,-0.2652,0.21,2.7,0.0745,-0.244,0.393,0
2022-05-12,2.84,2.3521,0.0395,0.5293,-0.0066,-0.0743,-0.2024,0.25,2.59,0.0329,-0.3011,0.3669,0
2022-05-13,2.93,2.3685,0.0445,0.558,0.0429,-0.0838,-0.2754,0.24,2.69,0.0874,-0.2203,0.395,0
2022-05-16,2.88,2.3586,0.0382,0.5404,0.0132,-0.0704,-0.2703,0.2,2.68,0.0514,-0.263,0.3659,0
2022-05-17,2.98,2.3803,0.0454,0.5847,0.0275,-0.0579,-0.2611,0.27,2.71,0.0729,-0.2586,0.4045,0
2022-05-18,2.89,2.3562,0.0368,0.5855,-0.0409,-0.0476,-0.2789,0.17,2.72,-0.0041,-0.3657,0.3575,0
2022-05-19,2.84,2.3491,0.0353,0.5608,-0.0452,-0.0599,-0.2308,0.25,2.59,-0.0099,-0.3683,0.3484,0
2022-05-20,2.78,2.3379,0.0315,0.5478,-0.0693,-0.0679,-0.1694,0.23,2.55,-0.0378,-0.4032,0.3277,0
2022-05-23,2.86,2.354,0.0356,0.5819,-0.0463,-0.0652,-0.1795,0.26,2.6,-0.0107,-0.3734,0.352,0
2022-05-24,2.76,2.3301,0.0274,0.5535,-0.1044,-0.0466,-0.1633,0.21,2.55,-0.077,-0.462,0.308,0
2022-05-25,2.75,2.3261,0.0258,0.5326,-0.0853,-0.0492,-0.1678,0.19,2.56,-0.0595,-0.4191,0.3001,0
2022-05-26,2.75,2.3256,0.0254,0.5339,-0.0868,-0.048,-0.2354,0.13,2.62,-0.0614,-0.4216,0.2987,0
2022-05-27,2.74,2.3269,0.0256,0.5495,-0.1112,-0.0507,-0.2458,0.11,2.63,-0.0856,-0.4713,0.3,0
2022-05-31,2.85,2.3513,0.031,0.5759,-0.0569,-0.0514,-0.2358,0.21,2.64,-0.0259,-0.3863,0.3346,0
2022-06-01,2.94,2.3717,0.0386,0.6173,-0.0484,-0.0391,-0.2009,0.29,2.65,-0.0098,-0.394,0.3743,0
2022-06-02,2.92,2.3636,0.0358,0.6258,-0.0658,-0.0395,-0.2202,0.26,2.66,-0.03,-0.4184,0.3584,0
2022-06-03,2.96,2.3685,0.0369,0.6394,-0.0527,-0.0321,-0.2667,0.22,2.74,-0.0158,-0.3965,0.365,0
2022-06-06,3.04,2.3903,0.0429,0.6585,-0.006,-0.0457,-0.2665,0.28,2.76,0.0369,-0.3263,0.4001,0
2022-06-07,2.98,2.378,0.0378,0.6519,-0.0349,-0.0528,-0.2688,0.25,2.73,0.0029,-0.3678,0.3736,0
2022-06-08,3.03,2.3879,0.0406,0.6658,-0.017,-0.0473,-0.269,0.28,2.75,0.0236,-0.3427,0.39,0
2022-06-09,3.04,2.3901,0.0407,0.6884,-0.0367,-0.0425,-0.2712,0.29,2.75,0.004,-0.383,0.391,0
2022-06-10,3.15,2.4178,0.0465,0.7716,-0.0151,-0.0708,-0.2696,0.39,2.76,0.0314,-0.3641,0.4269,0
2022-06-13,3.43,2.4781,0.0605,0.8866,0.0696,-0.0648,-0.1918,0.69,2.74,0.1301,-0.252,0.5122,0
2022-06-14,3.49,2.4943,0.0604,0.9239,0.104,-0.0926,-0.0421,0.89,2.6,0.1644,-0.1924,0.5211,0
2022-06-15,3.33,2.4503,0.0457,0.8432,0.093,-0.1022,-0.1535,0.63,2.7,0.1387,-0.1649,0.4422,0
2022-06-16,3.28,2.4407,0.0446,0.8681,-0.0441,-0.0294,-0.0841,0.66,2.62,0.0005,-0.4316,0.4327,0
2022-06-17,3.25,2.4384,0.0443,0.8521,-0.0014,-0.0834,-0.0467,0.67,2.58,0.0429,-0.3439,0.4297,0
2022-06-21,3.31,2.4506,0.0421,0.8646,0.0493,-0.0967,-0.0603,0.7,2.61,0.0914,-0.2457,0.4286,0
2022-06-22,3.16,2.4182,0.0298,0.8252,-0.0238,-0.0893,-0.0349,0.62,2.54,0.006,-0.3524,0.3643,0
2022-06-23,3.09,2.4037,0.0226,0.802,-0.0465,-0.0917,-0.0221,0.59,2.5,-0.0239,-0.3779,0.33,0
2022-06-24,3.13,2.412,0.0231,0.8133,-0.029,-0.0894,-0.0593,0.57,2.56,-0.0059,-0.3488,0.337,0
2022-06-27,3.2,2.4291,0.0269,0.8383,-0.0113,-0.083,-0.0365,0.65,2.55,0.0156,-0.3297,0.361,0
2022-06-28,3.2,2.432,0.0277,0.8298,0.0025,-0.0921,0.0074,0.72,2.48,0.0302,-0.3056,0.3661,0
2022-06-29,3.1,2.4161,0.0215,0.7991,-0.0336,-0.1032,0.1237,0.74,2.36,-0.0121,-0.3582,0.334,0
2022-06-30,2.98,2.3859,0.011,0.7522,-0.046,-0.1231,0.0735,0.65,2.33,-0.035,-0.348,0.278,0
2022-07-01,2.88,2.3572,-0.0001,0.7499,-0.1647,-0.0624,0.0341,0.54,2.34,-0.1648,-0.5497,0.2201,0
2022-07-05,2.82,2.3523,-0.0048,0.7044,-0.1102,-0.1218,0.0492,0.52,2.3,-0.115,-0.4302,0.2002,0
2022-07-06,2.93,2.3779,0.0031,0.7461,-0.0948,-0.1023,0.0918,0.64,2.29,-0.0917,-0.428,0.2445,0
2022-07-07,3.01,2.3923,0.0085,0.7766,-0.069,-0.0984,0.081,0.68,2.33,-0.0605,-0.3932,0.2722,0
2022-07-08,3.09,2.4096,0.014,0.8056,-0.0389,-0.1002,0.0496,0.72,2.37,-0.0249,-0.3525,0.3026,0
2022-07-11,2.99,2.3868,0.002,0.8093,-0.1121,-0.096,0.0606,0.67,2.32,-0.1101,-0.4635,0.2433,0
2022-07-12,2.96,2.3746,-0.0031,0.8094,-0.1454,-0.0755,0.0722,0.64,2.32,-0.1485,-0.5143,0.2173,0
2022-07-13,2.91,2.3629,-0.0123,0.8654,-0.2284,-0.0776,0.0501,0.6,2.31,-0.2407,-0.6558,0.1745,0
2022-07-14,2.96,2.3717,-0.009,0.8739,-0.2,-0.0766,0.0433,0.62,2.34,-0.209,-0.6097,0.1917,0
2022-07-15,2.93,2.3655,-0.0113,0.8772,-0.2184,-0.083,0.0139,0.57,2.36,-0.2297,-0.6385,0.1791,0
2022-07-18,2.96,2.3711,-0.0118,0.8818,-0.2037,-0.0774,-0.0033,0.59,2.37,-0.2155,-0.6116,0.1806,0
2022-07-19,3.01,2.3828,-0.0093,0.9124,-0.2036,-0.0723,-0.0072,0.62,2.39,-0.2129,-0.6222,0.1964,0
2022-07-20,3.04,2.3891,-0.0066,0.9288,-0.2047,-0.0666,0.0036,0.66,2.38,-0.2113,-0.6328,0.2102,0
2022-07-21,2.91,2.3554,-0.0173,0.8866,-0.2912,-0.0235,0.0503,0.58,2.33,-0.3085,-0.7678,0.1508,0
2022-07-22,2.77,2.3238,-0.0286,0.8528,-0.3374,-0.0406,0.0114,0.43,2.34,-0.366,-0.8222,0.0903,0
2022-07-25,2.81,2.3325,-0.0289,0.8632,-0.3223,-0.0345,-0.0028,0.45,2.36,-0.3512,-0.7971,0.0947,0
2022-07-26,2.81,2.3326,-0.0276,0.8654,-0.3425,-0.0179,0.0067,0.45,2.36,-0.3701,-0.8394,0.0992,0
2022-07-27,2.78,2.3224,-0.0294,0.8373,-0.3356,-0.0147,-0.0468,0.36,2.42,-0.365,-0.8173,0.0874,0
2022-07-28,2.68,2.2985,-0.037,0.7907,-0.3595,-0.0128,-0.1332,0.2,2.48,-0.3965,-0.8384,0.0455,0
2022-07-29,2.67,2.2979,-0.038,0.803,-0.3804,-0.0125,-0.1965,0.14,2.53,-0.4184,-0.8784,0.0416,0
2022-08-01,2.6,2.2837,-0.0447,0.8025,-0.4313,-0.0102,-0.2109,0.09,2.51,-0.476,-0.9594,0.0074,0
2022-08-02,2.75,2.3192,-0.0325,0.8637,-0.4019,0.0015,-0.1394,0.27,2.48,-0.4344,-0.9418,0.073,0
2022-08-03,2.73,2.3096,-0.0353,0.8858,-0.4328,0.0027,-0.1636,0.23,2.5,-0.4681,-0.992,0.0557,0
2022-08-04,2.68,2.2958,-0.0398,0.8536,-0.4395,0.0099,-0.1418,0.22,2.46,-0.4793,-0.9897,0.0311,0
2022-08-05,2.83,2.3308,-0.0298,0.9295,-0.4134,0.0129,-0.1051,0.37,2.46,-0.4432,-0.9739,0.0875,0
2022-08-08,2.77,2.3123,-0.0383,0.9331,-0.4501,0.013,-0.1391,0.29,2.48,-0.4884,-1.0207,0.0439,0
2022-08-09,2.8,2.3189,-0.0364,0.9603,-0.4626,0.0198,-0.122,0.33,2.47,-0.499,-1.0524,0.0543,0
2022-08-10,2.78,2.3177,-0.036,0.9279,-0.4301,0.0005,-0.1016,0.35,2.43,-0.4661,-0.9882,0.0561,0
2022-08-11,2.87,2.3389,-0.0268,0.9204,-0.3575,-0.005,-0.1146,0.4,2.47,-0.3843,-0.8725,0.1038,0
2022-08-12,2.84,2.3332,-0.0299,0.9247,-0.392,0.004,-0.1261,0.37,2.47,-0.4219,-0.9324,0.0886,0
2022-08-15,2.79,2.3216,-0.0347,0.9122,-0.4148,0.0057,-0.113,0.35,2.44,-0.4495,-0.9625,0.0635,0
2022-08-16,2.82,2.3271,-0.0327,0.9287,-0.4174,0.0143,-0.1025,0.38,2.44,-0.4501,-0.9746,0.0743,0
2022-08-17,2.89,2.3425,-0.0271,0.9619,-0.4018,0.0145,-0.0995,0.43,2.46,-0.4289,-0.9616,0.1037,0
2022-08-18,2.88,2.3364,-0.0285,0.9583,-0.4016,0.0154,-0.1441,0.36,2.52,-0.4301,-0.9549,0.0947,0
2022-08-19,2.98,2.3625,-0.0197,0.9636,-0.3253,-0.0011,-0.1452,0.43,2.55,-0.345,-0.8334,0.1434,0
2022-08-22,3.03,2.3753,-0.0169,0.9906,-0.3179,-0.0011,-0.151,0.46,2.57,-0.3348,-0.8305,0.1609,0
2022-08-23,3.05,2.3809,-0.015,0.984,-0.2901,-0.0098,-0.1586,0.47,2.58,-0.3051,-0.7821,0.172,0
2022-08-24,3.11,2.3953,-0.0114,0.9996,-0.2615,-0.012,-0.1828,0.49,2.62,-0.2729,-0.7395,0.1937,0
2022-08-25,3.03,2.3778,-0.0172,0.9956,-0.3197,-0.0065,-0.1949,0.43,2.6,-0.3369,-0.8353,0.1615,0
2022-08-26,3.04,2.383,-0.0154,1.0171,-0.3232,-0.0215,-0.1649,0.47,2.57,-0.3386,-0.848,0.1709,0
2022-08-29,3.12,2.398,-0.0132,1.0388,-0.286,-0.0175,-0.1363,0.54,2.58,-0.2992,-0.7861,0.1876,0
2022-08-30,3.11,2.3972,-0.014,1.0494,-0.2997,-0.0229,-0.1166,0.56,2.55,-0.3137,-0.8113,0.1839,0
2022-08-31,3.15,2.4079,-0.0103,1.0462,-0.2666,-0.0272,-0.0431,0.67,2.48,-0.2769,-0.7583,0.2045,0
2022-09-01,3.26,2.4356,-0.0008,1.0594,-0.1973,-0.0369,0.0246,0.81,2.45,-0.1981,-0.6532,0.2569,0
2022-09-02,3.2,2.4213,-0.0062,1.0308,-0.1978,-0.0482,-0.0015,0.73,2.47,-0.204,-0.6372,0.2293,0
2022-09-06,3.33,2.4532,0.0033,1.0578,-0.142,-0.0423,0.0522,0.85,2.48,-0.1387,-0.5611,0.2837,0
2022-09-07,3.27,2.4385,-0.0027,1.0467,-0.1726,-0.0399,0.0665,0.82,2.45,-0.1753,-0.6031,0.2525,0
2022-09-08,3.29,2.443,-0.0024,1.0621,-0.1802,-0.0325,0.1041,0.88,2.41,-0.1826,-0.6211,0.256,0
2022-09-09,3.33,2.4481,-0.0025,1.0961,-0.1888,-0.0229,0.0956,0.91,2.42,-0.1913,-0.6402,0.2577,0
2022-09-12,3.37,2.4565,-0.0011,1.0991,-0.1602,-0.0243,0.1002,0.95,2.42,-0.1613,-0.5907,0.2682,0
2022-09-13,3.42,2.4652,-0.0034,1.1803,-0.2096,-0.0125,0.0901,0.98,2.44,-0.213,-0.6886,0.2626,0
2022-09-14,3.41,2.4596,-0.0063,1.2052,-0.2383,-0.0102,0.0652,0.95,2.46,-0.2446,-0.7367,0.2474,0
2022-09-15,3.45,2.4718,-0.002,1.2261,-0.2227,-0.0232,0.1006,1.02,2.43,-0.2247,-0.7196,0.2703,0
2022-09-16,3.45,2.4712,-0.0021,1.2002,-0.1981,-0.0212,0.1472,1.07,2.38,-0.2002,-0.6706,0.2701,0
2022-09-19,3.49,2.4788,-0.0023,1.2405,-0.2153,-0.0117,0.1932,1.15,2.34,-0.2176,-0.7081,0.2729,0
2022-09-20,3.57,2.4955,0.0038,1.2492,-0.1506,-0.0279,0.1755,1.17,2.4,-0.1468,-0.5991,0.3055,0
2022-09-21,3.51,2.4838,-0.0002,1.263,-0.1993,-0.0373,0.1737,1.13,2.38,-0.1995,-0.6817,0.2827,0
2022-09-22,3.7,2.527,0.0158,1.2944,-0.0966,-0.0406,0.2301,1.29,2.41,-0.0808,-0.5297,0.3681,0
2022-09-23,3.69,2.5174,0.0143,1.3505,-0.2086,0.0164,0.246,1.32,2.37,-0.1943,-0.7435,0.3549,0
2022-09-26,3.88,2.5593,0.0275,1.4064,-0.1183,0.0051,0.3373,1.56,2.32,-0.0908,-0.6092,0.4276,0
2022-09-27,3.97,2.5801,0.0362,1.4063,-0.0417,-0.0109,0.3506,1.64,2.33,-0.0055,-0.4839,0.4729,0
2022-09-28,3.72,2.5232,0.0164,1.32,-0.1139,-0.0257,0.264,1.39,2.33,-0.0975,-0.5614,0.3664,0
2022-09-29,3.76,2.5428,0.0229,1.3203,-0.0961,-0.0299,0.4058,1.57,2.19,-0.0732,-0.5494,0.4031,0
2022-09-30,3.83,2.5584,0.0276,1.3458,-0.0698,-0.032,0.4725,1.68,2.15,-0.0422,-0.5141,0.4296,0
2022-10-03,3.67,2.5145,0.0101,1.3291,-0.1602,-0.0235,0.3541,1.43,2.24,-0.1501,-0.638,0.3378,0
2022-10-04,3.62,2.5048,0.0053,1.3084,-0.1799,-0.0185,0.3379,1.38,2.24,-0.1746,-0.664,0.3147,0
2022-10-05,3.76,2.5435,0.0185,1.3108,-0.0503,-0.0625,0.3918,1.54,2.22,-0.0318,-0.4518,0.3881,0
2022-10-06,3.83,2.5598,0.0238,1.331,-0.0223,-0.0623,0.409,1.61,2.22,0.0015,-0.4143,0.4173,0
2022-10-07,3.89,2.5678,0.026,1.3904,-0.0823,-0.0119,0.3802,1.62,2.27,-0.0563,-0.5412,0.4286,0
2022-10-11,3.93,2.5796,0.0272,1.3756,0.0178,-0.0701,0.3508,1.62,2.31,0.045,-0.3504,0.4404,0
2022-10-12,3.91,2.5775,0.0261,1.3625,0.0091,-0.0651,0.3696,1.62,2.29,0.0352,-0.3652,0.4356,0
2022-10-13,3.97,2.5888,0.0264,1.4182,-0.0039,-0.0595,0.34,1.63,2.34,0.0225,-0.3973,0.4422,0
2022-10-14,4.0,2.5938,0.0277,1.4398,0.0045,-0.0657,0.289,1.59,2.41,0.0322,-0.3849,0.4492,0
2022-10-17,4.02,2.5964,0.0259,1.4339,0.0218,-0.058,0.2528,1.57,2.45,0.0477,-0.3492,0.4446,0
2022-10-18,4.01,2.5949,0.0244,1.4204,0.0101,-0.0398,0.2905,1.6,2.41,0.0345,-0.3699,0.4389,0
2022-10-19,4.14,2.6231,0.0328,1.4687,0.0313,-0.0159,0.3099,1.72,2.42,0.0641,-0.358,0.4862,0
2022-10-20,4.24,2.6405,0.0387,1.5067,0.0478,0.0063,0.2694,1.73,2.51,0.0865,-0.3444,0.5175,0
2022-10-21,4.21,2.64,0.0393,1.434,0.1308,-0.0341,0.2267,1.69,2.52,0.1701,-0.1817,0.522,0
2022-10-24,4.25,2.6538,0.041,1.4271,0.1732,-0.0452,0.1854,1.66,2.59,0.2142,-0.1089,0.5374,0
2022-10-25,4.1,2.6245,0.0302,1.4457,0.0343,-0.0346,0.2088,1.59,2.51,0.0645,-0.3504,0.4793,0
2022-10-26,4.04,2.6124,0.0263,1.4006,0.045,-0.0443,0.2531,1.6,2.44,0.0713,-0.3156,0.4581,0
2022-10-27,3.96,2.5968,0.0207,1.3896,0.0322,-0.0793,0.214,1.51,2.45,0.0529,-0.3232,0.429,0
2022-10-28,4.02,2.6144,0.025,1.3902,0.0956,-0.1052,0.1914,1.51,2.51,0.1206,-0.2139,0.4552,0
2022-10-31,4.1,2.6301,0.0278,1.4231,0.1077,-0.0888,0.1883,1.58,2.52,0.1355,-0.2038,0.4749,0
2022-11-01,4.07,2.6258,0.0257,1.4752,0.0297,-0.0864,0.183,1.56,2.51,0.0554,-0.353,0.4638,0
2022-11-02,4.1,2.6276,0.0269,1.4499,0.0558,-0.0602,0.1795,1.57,2.53,0.0827,-0.303,0.4685,0
2022-11-03,4.14,2.6414,0.0328,1.4529,0.0876,-0.0747,0.2913,1.74,2.4,0.1204,-0.2577,0.4985,0
2022-11-04,4.17,2.6431,0.0339,1.4328,0.1523,-0.092,0.2455,1.69,2.48,0.1862,-0.1318,0.5041,0
2022-11-07,4.22,2.6573,0.0369,1.4439,0.1876,-0.1057,0.2049,1.69,2.53,0.2245,-0.0745,0.5235,0
2022-11-08,4.14,2.64,0.0304,1.4211,0.1503,-0.1018,0.2225,1.64,2.5,0.1807,-0.1283,0.4897,0
2022-11-09,4.12,2.6423,0.031,1.4005,0.1764,-0.1302,0.27,1.7,2.42,0.2074,-0.0793,0.4942,0
2022-11-10,3.82,2.5623,0.0034,1.3703,-0.0694,-0.0466,0.2269,1.43,2.39,-0.066,-0.4762,0.3441,0
2022-11-14,3.88,2.574,0.0065,1.3951,-0.0662,-0.0294,0.2728,1.51,2.37,-0.0597,-0.4818,0.3624,0
2022-11-15,3.8,2.555,-0.0003,1.3789,-0.1014,-0.0322,0.2674,1.45,2.35,-0.1017,-0.5293,0.326,0
2022-11-16,3.67,2.5238,-0.012,1.3773,-0.1998,-0.0194,0.2732,1.38,2.29,-0.2118,-0.6865,0.263,0
2022-11-17,3.77,2.5429,-0.0056,1.4159,-0.1771,-0.0061,0.3227,1.49,2.28,-0.1827,-0.6631,0.2978,0
2022-11-18,3.82,2.5519,-0.0033,1.4451,-0.1753,0.0016,0.3656,1.57,2.25,-0.1786,-0.6681,0.3108,0
2022-11-21,3.83,2.5578,-0.0028,1.3915,-0.0319,-0.0845,0.3102,1.52,2.31,-0.0347,-0.3858,0.3163,0
2022-11-22,3.76,2.5339,-0.0121,1.4674,-0.2376,0.0083,0.2837,1.44,2.32,-0.2497,-0.7655,0.2662,0
2022-11-23,3.71,2.5169,-0.0184,1.4684,-0.2792,0.0223,0.283,1.39,2.32,-0.2976,-0.8272,0.232,0
2022-11-25,3.68,2.5095,-0.021,1.4578,-0.2858,0.0196,0.2758,1.36,2.32,-0.3068,-0.8317,0.2181,0
2022-11-28,3.69,2.5149,-0.02,1.4623,-0.2803,0.0131,0.3191,1.43,2.26,-0.3003,-0.8257,0.2251,0
2022-11-29,3.75,2.5272,-0.0153,1.4638,-0.2426,0.0169,0.3401,1.5,2.25,-0.2579,-0.7657,0.25,0
2022-11-30,3.68,2.5073,-0.0225,1.4196,-0.2471,0.0227,0.2619,1.34,2.34,-0.2696,-0.7517,0.2124,0
2022-12-01,3.53,2.476,-0.0331,1.3716,-0.2995,0.015,0.2002,1.17,2.36,-0.3326,-0.8201,0.1549,0
2022-12-02,3.51,2.4713,-0.0353,1.3822,-0.3225,0.0143,0.1416,1.08,2.43,-0.3578,-0.8594,0.1438,0
2022-12-05,3.6,2.4957,-0.0284,1.4364,-0.3198,0.0161,0.1963,1.21,2.39,-0.3482,-0.8795,0.1831,0
2022-12-06,3.51,2.474,-0.0364,1.4238,-0.3683,0.0169,0.2392,1.2,2.31,-0.4047,-0.9493,0.1399,0
2022-12-07,3.42,2.4496,-0.045,1.3959,-0.4039,0.0233,0.2601,1.16,2.26,-0.4489,-0.9912,0.0935,0
2022-12-08,3.48,2.465,-0.039,1.4227,-0.3749,0.0061,0.2565,1.2,2.28,-0.4139,-0.9526,0.1248,0
2022-12-09,3.57,2.4845,-0.0321,1.4155,-0.3183,0.0204,0.3046,1.31,2.26,-0.3504,-0.8635,0.1627,0
2022-12-12,3.61,2.4898,-0.032,1.4441,-0.3258,0.0339,0.2942,1.33,2.28,-0.3578,-0.8814,0.1657,0
2022-12-13,3.51,2.4636,-0.0397,1.3841,-0.353,0.055,0.3082,1.27,2.24,-0.3927,-0.9078,0.1223,0
2022-12-14,3.49,2.4622,-0.0398,1.3737,-0.3569,0.0507,0.348,1.3,2.19,-0.3967,-0.915,0.1217,0
2022-12-15,3.44,2.4514,-0.0441,1.3856,-0.4016,0.0487,0.3563,1.28,2.16,-0.4457,-0.9899,0.0985,0
2022-12-16,3.48,2.4611,-0.0405,1.3546,-0.3382,0.043,0.4021,1.35,2.13,-0.3787,-0.8765,0.119,0
2022-12-19,3.57,2.4821,-0.0335,1.3784,-0.2991,0.0421,0.4059,1.42,2.15,-0.3326,-0.8225,0.1574,0
2022-12-20,3.69,2.5085,-0.0238,1.3812,-0.2131,0.0372,0.3713,1.45,2.24,-0.2369,-0.6836,0.2097,0
2022-12-21,3.68,2.5107,-0.022,1.3626,-0.1902,0.019,0.3298,1.41,2.27,-0.2122,-0.6429,0.2185,0
2022-12-22,3.67,2.5117,-0.0213,1.3699,-0.2231,0.0328,0.3846,1.48,2.19,-0.2444,-0.7103,0.2215,0
2022-12-23,3.75,2.5262,-0.0161,1.3888,-0.1877,0.0388,0.3864,1.55,2.2,-0.2038,-0.657,0.2495,0
2022-12-27,3.84,2.5478,-0.0101,1.4162,-0.1395,0.0256,0.362,1.58,2.26,-0.1496,-0.5832,0.2841,0
2022-12-28,3.88,2.5578,-0.0065,1.4103,-0.1073,0.0258,0.3635,1.6,2.28,-0.1138,-0.5317,0.304,0
2022-12-29,3.83,2.5484,-0.0094,1.413,-0.143,0.021,0.3506,1.56,2.27,-0.1524,-0.5923,0.2875,0
2022-12-30,3.88,2.558,-0.0064,1.4337,-0.1322,0.0268,0.3482,1.58,2.3,-0.1386,-0.581,0.3039,0
2023-01-03,3.79,2.5367,-0.0152,1.4296,-0.1931,0.0319,0.3578,1.53,2.26,-0.2083,-0.674,0.2575,0
2023-01-04,3.69,2.5128,-0.0248,1.4188,-0.2526,0.0358,0.3775,1.47,2.22,-0.2774,-0.7621,0.2074,0
2023-01-05,3.71,2.5145,-0.0253,1.4572,-0.278,0.0416,0.3869,1.49,2.22,-0.3033,-0.812,0.2054,0
2023-01-06,3.55,2.4781,-0.0387,1.3796,-0.286,0.017,0.3553,1.34,2.21,-0.3247,-0.7847,0.1353,0
2023-01-09,3.53,2.4761,-0.0416,1.3667,-0.2828,0.0116,0.3466,1.31,2.22,-0.3244,-0.7732,0.1244,0
2023-01-10,3.61,2.497,-0.0352,1.3696,-0.2298,0.0083,0.3543,1.37,2.24,-0.265,-0.6911,0.1612,0
2023-01-11,3.54,2.4837,-0.0403,1.355,-0.2614,0.003,0.3358,1.31,2.23,-0.3017,-0.7382,0.1348,0
2023-01-12,3.43,2.4571,-0.0482,1.318,-0.3093,0.0125,0.3117,1.22,2.21,-0.3575,-0.8051,0.09,0
2023-01-13,3.49,2.4684,-0.044,1.3407,-0.3216,0.0465,0.3454,1.31,2.18,-0.3656,-0.8431,0.1118,0
2023-01-17,3.53,2.4764,-0.0427,1.3299,-0.2659,0.0323,0.3623,1.36,2.17,-0.3086,-0.7396,0.1223,0
2023-01-18,3.37,2.4392,-0.0561,1.2881,-0.3427,0.0415,0.3706,1.25,2.12,-0.3988,-0.8481,0.0505,0
2023-01-19,3.39,2.4433,-0.055,1.3121,-0.3379,0.0275,0.296,1.19,2.2,-0.3929,-0.843,0.0571,0
2023-01-20,3.48,2.4639,-0.0475,1.3233,-0.301,0.0413,0.2939,1.25,2.23,-0.3485,-0.794,0.097,0
2023-01-23,3.52,2.4717,-0.0449,1.3448,-0.2994,0.0478,0.266,1.24,2.28,-0.3443,-0.7995,0.1108,0
2023-01-24,3.46,2.4582,-0.0502,1.3462,-0.3391,0.0449,0.2512,1.19,2.27,-0.3893,-0.861,0.0825,0
2023-01-25,3.46,2.4566,-0.0496,1.3373,-0.3292,0.0449,0.2409,1.17,2.29,-0.3788,-0.8417,0.084,0
2023-01-26,3.49,2.4623,-0.0473,1.3559,-0.3268,0.0459,0.2036,1.16,2.33,-0.3741,-0.8437,0.0955,0
2023-01-27,3.52,2.4704,-0.0445,1.3616,-0.3116,0.0441,0.2165,1.19,2.33,-0.3561,-0.8232,0.1109,0
2023-01-30,3.55,2.4776,-0.0418,1.38,-0.316,0.0502,0.2431,1.26,2.29,-0.3578,-0.8402,0.1246,0
2023-01-31,3.52,2.4735,-0.0433,1.3571,-0.2995,0.0321,0.268,1.28,2.24,-0.3428,-0.8029,0.1174,0
2023-02-01,3.39,2.4428,-0.0545,1.3143,-0.3366,0.024,0.2328,1.14,2.25,-0.3911,-0.8405,0.0583,0
2023-02-02,3.4,2.4462,-0.0529,1.3084,-0.3392,0.0375,0.2591,1.18,2.22,-0.3921,-0.8509,0.0667,0
2023-02-03,3.53,2.4751,-0.0432,1.3815,-0.3394,0.056,0.294,1.31,2.22,-0.3826,-0.8835,0.1183,0
2023-02-06,3.63,2.4904,-0.0386,1.4475,-0.3502,0.0809,0.3002,1.38,2.25,-0.3888,-0.9202,0.1426,0
2023-02-07,3.67,2.4947,-0.0364,1.4641,-0.3327,0.0803,0.2596,1.36,2.31,-0.3691,-0.8906,0.1524,0
2023-02-08,3.63,2.4901,-0.0376,1.4547,-0.3236,0.0464,0.2056,1.29,2.34,-0.3612,-0.8675,0.1451,0
2023-02-09,3.67,2.4999,-0.0343,1.4717,-0.3288,0.0615,0.2241,1.34,2.33,-0.3631,-0.8891,0.1629,0
2023-02-10,3.74,2.5177,-0.0276,1.4745,-0.2659,0.0413,0.2288,1.41,2.33,-0.2935,-0.786,0.1991,0
2023-02-13,3.72,2.5105,-0.0327,1.4923,-0.3136,0.0635,0.2407,1.41,2.31,-0.3463,-0.8676,0.1749,0
2023-02-14,3.77,2.5189,-0.0293,1.5366,-0.3314,0.0752,0.2545,1.46,2.31,-0.3607,-0.9127,0.1913,0
2023-02-15,3.81,2.5407,-0.0212,1.4877,-0.1377,-0.0595,0.211,1.46,2.35,-0.1589,-0.5534,0.2356,0
2023-02-16,3.86,2.5421,-0.0206,1.531,-0.2562,0.0637,0.2185,1.49,2.37,-0.2768,-0.7916,0.2381,0
2023-02-17,3.82,2.5339,-0.024,1.5216,-0.2629,0.0513,0.2258,1.46,2.36,-0.2869,-0.7945,0.2208,0
2023-02-21,3.95,2.5606,-0.0165,1.5647,-0.2159,0.057,0.2067,1.53,2.42,-0.2324,-0.7287,0.2639,0
2023-02-22,3.93,2.5709,-0.0136,1.5156,-0.0771,-0.0658,0.2002,1.52,2.41,-0.0907,-0.4631,0.2816,0
2023-02-23,3.88,2.5634,-0.0156,1.5019,-0.0989,-0.0707,0.2001,1.49,2.39,-0.1145,-0.4991,0.2701,0
2023-02-24,3.95,2.5823,-0.0088,1.5291,-0.0812,-0.0714,0.2408,1.57,2.38,-0.09,-0.4866,0.3066,0
2023-02-27,3.92,2.5744,-0.0128,1.5232,-0.087,-0.0778,0.2347,1.56,2.36,-0.0998,-0.4861,0.2865,0
2023-02-28,3.92,2.5709,-0.014,1.5296,-0.0949,-0.0715,0.1858,1.49,2.43,-0.1089,-0.4975,0.2796,0
2023-03-01,4.01,2.5928,-0.0067,1.551,-0.0547,-0.0723,0.1963,1.57,2.44,-0.0614,-0.4426,0.3198,0
2023-03-02,4.08,2.6075,-0.0006,1.5611,-0.0136,-0.0744,0.1683,1.6,2.48,-0.0142,-0.3797,0.3513,0
2023-03-03,3.97,2.5828,-0.0091,1.5662,-0.0936,-0.0764,0.1044,1.45,2.52,-0.1027,-0.5094,0.3041,0
2023-03-06,3.98,2.5745,-0.0127,1.6414,-0.2559,0.0327,0.1313,1.49,2.49,-0.2686,-0.8214,0.2841,0
2023-03-07,3.97,2.5788,-0.0141,1.6182,-0.1669,-0.046,0.2301,1.59,2.38,-0.181,-0.6428,0.2808,0
2023-03-08,3.98,2.5771,-0.0155,1.6416,-0.1871,-0.0361,0.2879,1.66,2.32,-0.2026,-0.6789,0.2737,0
2023-03-09,3.93,2.5609,-0.0214,1.6033,-0.1823,-0.0306,0.2901,1.63,2.3,-0.2037,-0.6504,0.243,0
2023-03-10,3.7,2.5084,-0.0372,1.5342,-0.2914,-0.014,0.2784,1.44,2.26,-0.3286,-0.8115,0.1543,0
2023-03-13,3.55,2.4821,-0.038,1.3673,-0.2404,-0.021,0.2913,1.31,2.24,-0.2784,-0.6981,0.1412,0
2023-03-14,3.64,2.5029,-0.0329,1.4109,-0.2468,0.0058,0.2505,1.33,2.31,-0.2797,-0.7315,0.1722,0
2023-03-15,3.51,2.4763,-0.038,1.3165,-0.2475,0.0027,0.2294,1.22,2.29,-0.2855,-0.7111,0.14,0
2023-03-16,3.56,2.4961,-0.0357,1.3695,-0.2626,-0.0073,0.2921,1.34,2.22,-0.2983,-0.7552,0.1586,0
2023-03-17,3.39,2.462,-0.0434,1.267,-0.2537,-0.0419,0.3366,1.29,2.1,-0.2971,-0.707,0.1128,0
2023-03-20,3.47,2.4839,-0.0374,1.3059,-0.232,-0.0504,0.3367,1.33,2.14,-0.2694,-0.6868,0.1481,0
2023-03-21,3.59,2.5053,-0.0339,1.3825,-0.2327,-0.0311,0.2935,1.36,2.23,-0.2666,-0.705,0.1717,0
2023-03-22,3.48,2.4758,-0.0456,1.3216,-0.2321,-0.0397,0.2036,1.2,2.28,-0.2777,-0.6671,0.1117,0
2023-03-23,3.38,2.46,-0.0486,1.2451,-0.2346,-0.0419,0.2026,1.19,2.19,-0.2832,-0.6603,0.0939,0
2023-03-24,3.38,2.4651,-0.0457,1.2357,-0.2362,-0.0389,0.2273,1.16,2.22,-0.2819,-0.6724,0.1086,0
2023-03-27,3.53,2.4995,-0.0353,1.2978,-0.1965,-0.0355,0.2465,1.29,2.24,-0.2318,-0.63,0.1664,0
2023-03-28,3.55,2.4985,-0.036,1.3239,-0.2089,-0.0275,0.1955,1.24,2.31,-0.2449,-0.6518,0.1619,0
2023-03-29,3.57,2.5022,-0.0351,1.3381,-0.2062,-0.029,0.1748,1.24,2.33,-0.2413,-0.6497,0.1672,0
2023-03-30,3.55,2.4964,-0.0372,1.3457,-0.2273,-0.0276,0.156,1.21,2.34,-0.2645,-0.6845,0.1555,0
2023-03-31,3.48,2.481,-0.0434,1.339,-0.2613,-0.0352,0.1374,1.16,2.32,-0.3047,-0.7326,0.1231,0
2023-04-03,3.43,2.4694,-0.0476,1.3094,-0.2696,-0.0316,0.1482,1.14,2.29,-0.3172,-0.7359,0.1015,0
2023-04-04,3.35,2.453,-0.0521,1.2552,-0.2718,-0.0343,0.162,1.1,2.25,-0.3239,-0.7242,0.0765,0
2023-04-05,3.3,2.4442,-0.056,1.2474,-0.3005,-0.0351,0.172,1.07,2.23,-0.3565,-0.77,0.057,0
2023-04-06,3.3,2.4414,-0.0607,1.2655,-0.3212,-0.025,0.1638,1.06,2.24,-0.3819,-0.801,0.0373,0
2023-04-07,3.39,2.4617,-0.054,1.3069,-0.3045,-0.0201,0.1841,1.14,2.25,-0.3585,-0.7905,0.0735,0
2023-04-10,3.41,2.464,-0.0539,1.3252,-0.3086,-0.0166,0.1804,1.14,2.27,-0.3625,-0.8,0.0749,0
2023-04-11,3.43,2.4659,-0.0532,1.3301,-0.3023,-0.0105,0.1739,1.14,2.29,-0.3555,-0.7889,0.078,0
2023-04-12,3.41,2.4606,-0.0552,1.2958,-0.2809,-0.0102,0.1965,1.14,2.27,-0.3361,-0.7405,0.0682,0
2023-04-13,3.45,2.4728,-0.0503,1.2986,-0.2533,-0.0178,0.2182,1.16,2.29,-0.3036,-0.7015,0.0944,0
2023-04-14,3.52,2.4886,-0.0463,1.3387,-0.2467,-0.0142,0.2197,1.22,2.3,-0.293,-0.7039,0.1178,0
2023-04-17,3.6,2.504,-0.0417,1.3688,-0.2225,-0.0086,0.201,1.28,2.32,-0.2642,-0.6717,0.1434,0
2023-04-18,3.58,2.5001,-0.0437,1.3695,-0.2397,-0.0062,0.2176,1.3,2.28,-0.2834,-0.7002,0.1334,0
2023-04-19,3.6,2.5026,-0.0428,1.3868,-0.2446,-0.002,0.2198,1.32,2.28,-0.2874,-0.7121,0.1373,0
2023-04-20,3.54,2.4897,-0.0463,1.3539,-0.2438,-0.0134,0.2186,1.28,2.26,-0.2901,-0.6977,0.1174,0
2023-04-21,3.57,2.4974,-0.044,1.3609,-0.2285,-0.0157,0.2138,1.29,2.28,-0.2725,-0.6757,0.1307,0
2023-04-24,3.52,2.4852,-0.0482,1.3456,-0.2501,-0.0125,0.193,1.24,2.28,-0.2983,-0.7047,0.1081,0
2023-04-25,3.4,2.4608,-0.0559,1.2835,-0.2639,-0.0245,0.198,1.15,2.25,-0.3198,-0.7062,0.0666,0
2023-04-26,3.43,2.4708,-0.0532,1.2881,-0.2472,-0.0285,0.2,1.18,2.25,-0.3004,-0.6841,0.0833,0
2023-04-27,3.53,2.4948,-0.0457,1.3374,-0.2301,-0.0264,0.2011,1.26,2.27,-0.2758,-0.6763,0.1247,0
2023-04-28,3.44,2.4757,-0.0529,1.3229,-0.2761,-0.0295,0.2435,1.26,2.18,-0.329,-0.7443,0.0862,0
2023-05-01,3.59,2.5048,-0.0441,1.3486,-0.2005,-0.0187,0.252,1.36,2.23,-0.2446,-0.6253,0.1361,0
2023-05-02,3.44,2.4708,-0.0548,1.2878,-0.248,-0.0158,0.2498,1.24,2.2,-0.3028,-0.683,0.0774,0
2023-05-03,3.38,2.4582,-0.0604,1.2572,-0.2482,-0.0268,0.2248,1.18,2.2,-0.3086,-0.6671,0.0499,0
2023-05-04,3.37,2.4584,-0.0607,1.21,-0.2124,-0.0253,0.2447,1.18,2.19,-0.2731,-0.5973,0.051,0
2023-05-05,3.44,2.4769,-0.0564,1.2552,-0.2123,-0.0234,0.2338,1.23,2.21,-0.2687,-0.6143,0.077,0
2023-05-08,3.52,2.4945,-0.0502,1.2795,-0.1844,-0.0194,0.2318,1.29,2.23,-0.2346,-0.5797,0.1104,0
2023-05-09,3.53,2.497,-0.0501,1.2807,-0.1761,-0.0215,0.2336,1.3,2.23,-0.2262,-0.5643,0.1119,0
2023-05-10,3.43,2.4793,-0.0557,1.2369,-0.1863,-0.0442,0.2548,1.26,2.17,-0.242,-0.5654,0.0814,0
2023-05-11,3.39,2.468,-0.0602,1.2467,-0.2379,-0.0266,0.2652,1.23,2.16,-0.2981,-0.6539,0.0577,0
2023-05-12,3.46,2.4825,-0.0555,1.2795,-0.2225,-0.024,0.2791,1.28,2.18,-0.278,-0.639,0.0831,0
2023-05-15,3.5,2.4906,-0.0542,1.277,-0.1815,-0.0319,0.2722,1.31,2.19,-0.2357,-0.5642,0.0928,0
2023-05-16,3.54,2.5023,-0.0514,1.296,-0.1696,-0.0373,0.2856,1.35,2.19,-0.221,-0.5522,0.1101,0
2023-05-17,3.57,2.5079,-0.0501,1.3253,-0.1819,-0.0311,0.2679,1.35,2.22,-0.232,-0.5816,0.1175,0
2023-05-18,3.65,2.526,-0.0453,1.3719,-0.1709,-0.0317,0.2821,1.42,2.23,-0.2162,-0.5773,0.1449,0
2023-05-19,3.7,2.5367,-0.0407,1.3889,-0.147,-0.0379,0.2813,1.46,2.24,-0.1877,-0.5435,0.1681,0
2023-05-22,3.72,2.5402,-0.0411,1.3956,-0.137,-0.0377,0.2859,1.48,2.24,-0.1781,-0.5245,0.1684,0
2023-05-23,3.7,2.5352,-0.0423,1.3968,-0.1522,-0.0375,0.2653,1.44,2.26,-0.1945,-0.5498,0.1607,0
2023-05-24,3.73,2.541,-0.0409,1.4138,-0.1541,-0.0298,0.2844,1.48,2.25,-0.195,-0.5592,0.1692,0
2023-05-25,3.83,2.562,-0.0334,1.4708,-0.1545,-0.0149,0.326,1.58,2.25,-0.1879,-0.5837,0.2079,0
2023-05-26,3.8,2.5538,-0.0346,1.495,-0.1911,-0.0231,0.3195,1.57,2.23,-0.2257,-0.6485,0.197,0
2023-05-30,3.69,2.5282,-0.0475,1.476,-0.2249,-0.0418,0.3116,1.47,2.22,-0.2724,-0.6785,0.1337,0
2023-05-31,3.64,2.5167,-0.0512,1.4499,-0.2376,-0.0377,0.3345,1.46,2.18,-0.2888,-0.6918,0.1141,0
2023-06-01,3.61,2.5106,-0.0531,1.4307,-0.2392,-0.039,0.3392,1.45,2.16,-0.2923,-0.6885,0.1039,0
2023-06-02,3.69,2.5298,-0.0474,1.4839,-0.2434,-0.0329,0.3396,1.51,2.18,-0.2908,-0.717,0.1355,0
2023-06-05,3.69,2.527,-0.0471,1.4744,-0.2353,-0.029,0.327,1.5,2.19,-0.2824,-0.6995,0.1347,0
2023-06-06,3.7,2.5273,-0.046,1.4833,-0.2495,-0.015,0.3344,1.5,2.2,-0.2955,-0.7296,0.1385,0
2023-06-07,3.79,2.5494,-0.0373,1.4967,-0.1895,-0.0294,0.3446,1.58,2.21,-0.2268,-0.6381,0.1845,0
2023-06-08,3.73,2.5314,-0.0425,1.4818,-0.2349,-0.0058,0.3401,1.53,2.2,-0.2774,-0.7089,0.154,0
2023-06-09,3.75,2.535,-0.0401,1.5073,-0.2517,-0.0005,0.357,1.55,2.2,-0.2918,-0.7478,0.1643,0
2023-06-12,3.73,2.5306,-0.0413,1.4987,-0.2468,-0.0112,0.3728,1.56,2.17,-0.2881,-0.733,0.1569,0
2023-06-13,3.84,2.5508,-0.0331,1.5365,-0.231,0.0168,0.3873,1.64,2.2,-0.2641,-0.7268,0.1987,0
2023-06-14,3.83,2.5434,-0.0347,1.5722,-0.2916,0.0407,0.3794,1.62,2.21,-0.3263,-0.8393,0.1866,0
2023-06-15,3.72,2.5168,-0.0431,1.5271,-0.3006,0.0199,0.3354,1.51,2.21,-0.3437,-0.8272,0.1397,0
2023-06-16,3.77,2.5261,-0.0396,1.5568,-0.321,0.0477,0.347,1.55,2.22,-0.3606,-0.8787,0.1575,0
2023-06-20,3.74,2.5169,-0.0449,1.5588,-0.3371,0.0463,0.3419,1.52,2.22,-0.382,-0.8962,0.1321,0
2023-06-21,3.72,2.5126,-0.0469,1.5611,-0.35,0.0433,0.344,1.51,2.21,-0.3969,-0.9159,0.122,0
2023-06-22,3.8,2.5277,-0.0412,1.5864,-0.3328,0.0599,0.3433,1.56,2.24,-0.374,-0.8997,0.1518,0
2023-06-23,3.74,2.5195,-0.0444,1.5764,-0.3379,0.0264,0.345,1.53,2.21,-0.3823,-0.8996,0.135,0
2023-06-26,3.72,2.5164,-0.0467,1.5676,-0.3355,0.0183,0.3548,1.54,2.18,-0.3822,-0.8893,0.1248,0
2023-06-27,3.77,2.5234,-0.0445,1.5964,-0.356,0.0508,0.3731,1.57,2.2,-0.4005,-0.9376,0.1366,0
2023-06-28,3.71,2.5092,-0.0497,1.5837,-0.3795,0.0463,0.3659,1.53,2.18,-0.4292,-0.9669,0.1086,0
2023-06-29,3.85,2.5541,-0.0344,1.6004,-0.2211,-0.049,0.3703,1.65,2.2,-0.2555,-0.7037,0.1926,0
2023-06-30,3.81,2.542,-0.0376,1.6073,-0.2618,-0.0399,0.3508,1.59,2.22,-0.2994,-0.7715,0.1728,0
2023-07-03,3.86,2.5497,-0.0351,1.6349,-0.2582,-0.0313,0.3371,1.61,2.25,-0.2933,-0.7726,0.1859,0
2023-07-05,3.95,2.5695,-0.027,1.6297,-0.1917,-0.0305,0.3618,1.69,2.26,-0.2187,-0.6654,0.228,0
2023-07-06,4.05,2.5945,-0.0182,1.6595,-0.1474,-0.0383,0.3799,1.78,2.27,-0.1656,-0.6068,0.2755,0
2023-07-07,4.06,2.5974,-0.0166,1.6474,-0.1287,-0.0394,0.3775,1.79,2.27,-0.1453,-0.5745,0.2838,0
2023-07-10,4.01,2.582,-0.0233,1.6334,-0.1892,0.0071,0.3787,1.76,2.25,-0.2125,-0.6752,0.2502,0
2023-07-11,3.99,2.577,-0.0257,1.6485,-0.2307,0.0209,0.3917,1.75,2.24,-0.2564,-0.7511,0.2383,0
2023-07-12,3.86,2.5454,-0.0373,1.5834,-0.2497,0.0182,0.3378,1.6,2.26,-0.287,-0.7513,0.1772,0
2023-07-13,3.76,2.5268,-0.0443,1.5249,-0.2538,0.0064,0.3252,1.52,2.24,-0.2981,-0.7383,0.142,0
2023-07-14,3.83,2.5398,-0.0401,1.5675,-0.2952,0.058,0.3605,1.59,2.24,-0.3353,-0.8349,0.1644,0
2023-07-17,3.81,2.5333,-0.0426,1.5652,-0.2976,0.0517,0.3452,1.56,2.25,-0.3402,-0.8313,0.1509,0
2023-07-18,3.8,2.5286,-0.044,1.5669,-0.3216,0.0702,0.3646,1.57,2.23,-0.3656,-0.8738,0.1426,0
2023-07-19,3.75,2.5148,-0.0488,1.5758,-0.3681,0.0764,0.3546,1.53,2.22,-0.4169,-0.9496,0.1158,0
2023-07-20,3.85,2.5348,-0.0415,1.6079,-0.3257,0.0745,0.3184,1.5,2.35,-0.3672,-0.889,0.1546,0
2023-07-21,3.84,2.5348,-0.0413,1.6147,-0.3361,0.0679,0.3067,1.49,2.35,-0.3774,-0.9096,0.1547,0
2023-07-24,3.86,2.5423,-0.0388,1.6405,-0.3175,0.0335,0.2704,1.48,2.38,-0.3563,-0.8806,0.168,0
2023-07-25,3.91,2.5545,-0.0348,1.659,-0.3008,0.0321,0.2721,1.52,2.39,-0.3356,-0.8613,0.1901,0
2023-07-26,3.86,2.5511,-0.0359,1.5862,-0.2185,-0.0229,0.2741,1.5,2.36,-0.2544,-0.6939,0.1851,0
2023-07-27,4.01,2.5812,-0.0249,1.6596,-0.2375,0.0316,0.3111,1.64,2.37,-0.2624,-0.7682,0.2435,0
2023-07-28,3.96,2.5661,-0.0297,1.6431,-0.2576,0.0382,0.287,1.58,2.38,-0.2873,-0.7915,0.2168,0
2023-07-31,3.97,2.5736,-0.027,1.5997,-0.1747,-0.0016,0.2884,1.6,2.37,-0.2017,-0.6357,0.2323,0
2023-08-01,4.05,2.595,-0.0194,1.5853,-0.0852,-0.0257,0.3126,1.68,2.37,-0.1046,-0.4833,0.2741,0
2023-08-02,4.08,2.5974,-0.0181,1.6082,-0.1428,0.0353,0.3259,1.72,2.36,-0.1609,-0.6021,0.2804,0
2023-08-03,4.2,2.6229,-0.009,1.5955,-0.066,0.0566,0.3531,1.83,2.37,-0.075,-0.4807,0.3307,0
2023-08-04,4.05,2.5904,-0.0207,1.553,-0.115,0.0424,0.2995,1.67,2.38,-0.1357,-0.5398,0.2684,0
2023-08-07,4.09,2.6015,-0.018,1.5455,-0.0718,0.0329,0.2772,1.68,2.41,-0.0898,-0.4654,0.2857,0
2023-08-08,4.02,2.5888,-0.0232,1.5313,-0.1162,0.0393,0.2984,1.66,2.36,-0.1394,-0.5378,0.259,0
2023-08-09,4.0,2.5864,-0.0242,1.5517,-0.1478,0.0339,0.3072,1.66,2.34,-0.172,-0.5973,0.2534,0
2023-08-10,4.09,2.6084,-0.0158,1.5631,-0.0862,0.0204,0.3289,1.76,2.33,-0.102,-0.502,0.2981,0
2023-08-11,4.16,2.6245,-0.0092,1.594,-0.0697,0.0205,0.3234,1.8,2.36,-0.0789,-0.4894,0.3315,0
2023-08-14,4.19,2.625,-0.0093,1.6237,-0.1082,0.0588,0.3414,1.83,2.36,-0.1175,-0.565,0.3301,0
2023-08-15,4.21,2.6319,-0.0065,1.6133,-0.0624,0.0337,0.3735,1.89,2.32,-0.0689,-0.4828,0.345,0
2023-08-16,4.28,2.645,-0.0014,1.6266,-0.0391,0.0488,0.3996,1.96,2.32,-0.0405,-0.4525,0.3716,0
2023-08-17,4.3,2.6523,0.0018,1.6124,0.0072,0.0262,0.3993,1.97,2.33,0.009,-0.3705,0.3886,0
2023-08-18,4.26,2.6437,-0.001,1.5996,-0.0165,0.0342,0.4006,1.94,2.32,-0.0175,-0.4081,0.3731,0
2023-08-21,4.34,2.6621,0.0041,1.6197,0.023,0.0311,0.3974,2.0,2.34,0.0271,-0.3488,0.4029,0
2023-08-22,4.34,2.6709,0.0074,1.6114,0.1017,-0.0514,0.3751,1.99,2.35,0.1091,-0.2025,0.4206,0
2023-08-23,4.19,2.6291,-0.0072,1.6187,-0.082,0.0314,0.3546,1.84,2.35,-0.0892,-0.5189,0.3406,0
2023-08-24,4.23,2.635,-0.0063,1.636,-0.0749,0.0402,0.3828,1.91,2.32,-0.0812,-0.5092,0.3468,0
2023-08-25,4.25,2.6377,-0.0055,1.6604,-0.0864,0.0438,0.3943,1.92,2.33,-0.0919,-0.5345,0.3507,0
2023-08-28,4.2,2.6275,-0.0095,1.649,-0.1003,0.0333,0.3966,1.9,2.3,-0.1098,-0.5492,0.3295,0
2023-08-29,4.12,2.6088,-0.0158,1.6041,-0.1028,0.0257,0.3855,1.83,2.29,-0.1186,-0.533,0.2959,0
2023-08-30,4.12,2.6147,-0.0137,1.6011,-0.0888,0.0067,0.4023,1.86,2.26,-0.1025,-0.5128,0.3078,0
2023-08-31,4.09,2.609,-0.0152,1.5891,-0.0951,0.0022,0.4088,1.85,2.24,-0.1103,-0.52,0.2993,0
2023-09-01,4.18,2.6306,-0.0071,1.5831,-0.0238,-0.0028,0.4142,1.92,2.26,-0.0309,-0.4049,0.3431,0
2023-09-05,4.27,2.647,-0.0022,1.6069,-0.0101,0.0284,0.4026,1.98,2.29,-0.0123,-0.3954,0.3708,0
2023-09-06,4.3,2.6626,0.0035,1.6106,0.0766,-0.0532,0.3961,2.0,2.3,0.0801,-0.2411,0.4013,0
2023-09-07,4.27,2.6464,-0.0017,1.6107,-0.0176,0.0323,0.385,1.95,2.32,-0.0193,-0.4108,0.3722,0
2023-09-08,4.26,2.6422,-0.0026,1.6256,-0.0427,0.0375,0.3726,1.93,2.33,-0.0453,-0.4561,0.3656,0
2023-09-11,4.29,2.6472,-0.0013,1.6246,-0.0187,0.0382,0.366,1.94,2.35,-0.02,-0.4137,0.3737,0
2023-09-12,4.27,2.6427,-0.0033,1.6356,-0.0514,0.0464,0.3681,1.93,2.34,-0.0547,-0.4722,0.3628,0
2023-09-13,4.25,2.6378,-0.0049,1.6296,-0.051,0.0384,0.3577,1.9,2.35,-0.0559,-0.4657,0.354,0
2023-09-14,4.29,2.6463,-0.0012,1.6334,-0.0404,0.0519,0.3738,1.95,2.34,-0.0416,-0.4561,0.3729,0
2023-09-15,4.33,2.665,0.0058,1.6089,0.0936,-0.0433,0.3655,1.98,2.35,0.0994,-0.2123,0.4111,0
2023-09-18,4.32,2.6647,0.0054,1.6151,0.0781,-0.0433,0.3497,1.96,2.36,0.0835,-0.2422,0.4091,0
2023-09-19,4.37,2.6725,0.0084,1.6396,0.0629,-0.0134,0.3565,2.0,2.37,0.0713,-0.2817,0.4244,0
2023-09-20,4.35,2.6676,0.007,1.6547,0.0332,-0.0124,0.3745,2.0,2.35,0.0402,-0.3354,0.4157,0
2023-09-21,4.49,2.7027,0.0195,1.6399,0.1757,-0.0478,0.3889,2.11,2.38,0.1952,-0.0937,0.4842,0
2023-09-22,4.44,2.6944,0.0164,1.6284,0.1525,-0.0517,0.3758,2.07,2.37,0.1689,-0.1302,0.468,0
2023-09-25,4.55,2.7221,0.0259,1.6134,0.2468,-0.0582,0.4087,2.18,2.37,0.2727,0.0239,0.5215,0
2023-09-26,4.56,2.7294,0.0282,1.6035,0.264,-0.0651,0.4398,2.23,2.33,0.2922,0.0497,0.5347,0
2023-09-27,4.61,2.7433,0.0329,1.6191,0.2929,-0.0782,0.4339,2.27,2.34,0.3258,0.0912,0.5605,0
2023-09-28,4.59,2.7372,0.0307,1.6014,0.2977,-0.077,0.3975,2.2,2.39,0.3284,0.1072,0.5495,0
2023-09-29,4.59,2.7415,0.0322,1.5797,0.3186,-0.0819,0.4224,2.24,2.35,0.3508,0.1432,0.5583,0
2023-10-02,4.69,2.7659,0.0402,1.6005,0.364,-0.0806,0.4592,2.34,2.35,0.4042,0.2055,0.603,0
2023-10-03,4.81,2.7942,0.0506,1.6088,0.4379,-0.0815,0.484,2.45,2.36,0.4885,0.318,0.659,0
2023-10-04,4.73,2.777,0.0445,1.585,0.4077,-0.0841,0.4864,2.4,2.33,0.4522,0.2777,0.6266,0
2023-10-05,4.72,2.776,0.0439,1.5646,0.4185,-0.0831,0.5022,2.41,2.31,0.4624,0.3004,0.6245,0
2023-10-06,4.78,2.7871,0.0472,1.5865,0.3993,-0.0401,0.5174,2.47,2.31,0.4465,0.2498,0.6431,0
2023-10-10,4.66,2.7602,0.0376,1.5557,0.3642,-0.0577,0.4709,2.34,2.32,0.4018,0.2119,0.5917,0
2023-10-11,4.58,2.74,0.0305,1.5712,0.2739,-0.0356,0.4531,2.26,2.32,0.3044,0.0566,0.5522,0
2023-10-12,4.7,2.7715,0.0412,1.5813,0.3927,-0.0866,0.4538,2.36,2.34,0.4339,0.2565,0.6112,0
2023-10-13,4.63,2.7551,0.0356,1.5754,0.343,-0.0791,0.4251,2.29,2.34,0.3786,0.177,0.5801,0
2023-10-16,4.71,2.7753,0.043,1.5826,0.3955,-0.0864,0.4246,2.33,2.38,0.4385,0.2569,0.62,0
2023-10-17,4.83,2.8023,0.0529,1.6279,0.4243,-0.0773,0.4328,2.42,2.41,0.4772,0.2821,0.6722,0
2023-10-18,4.91,2.8138,0.0584,1.6467,0.4249,-0.0338,0.4373,2.47,2.44,0.4833,0.2676,0.699,0
2023-10-19,4.98,2.8337,0.0664,1.6215,0.529,-0.0707,0.4064,2.49,2.49,0.5954,0.449,0.7418,0
2023-10-20,4.93,2.8261,0.0639,1.5842,0.5308,-0.0749,0.4112,2.46,2.47,0.5947,0.4601,0.7292,0
2023-10-23,4.86,2.8111,0.0574,1.5808,0.4755,-0.0648,0.4504,2.45,2.41,0.5329,0.3695,0.6964,0
2023-10-24,4.83,2.8052,0.0549,1.5965,0.4466,-0.0732,0.4646,2.43,2.4,0.5015,0.3201,0.6829,0
2023-10-25,4.95,2.831,0.0644,1.6111,0.518,-0.0745,0.465,2.52,2.43,0.5824,0.4312,0.7336,0
2023-10-26,4.86,2.8109,0.0576,1.5868,0.4816,-0.0769,0.4521,2.44,2.42,0.5392,0.3818,0.6966,0
2023-10-27,4.84,2.8074,0.0559,1.5682,0.492,-0.0835,0.4388,2.42,2.42,0.5479,0.4069,0.6889,0
2023-10-30,4.88,2.8165,0.0588,1.5752,0.5057,-0.0763,0.4418,2.44,2.44,0.5645,0.4239,0.7052,0
2023-10-31,4.88,2.8169,0.0586,1.5837,0.4936,-0.0728,0.4451,2.46,2.42,0.5522,0.3998,0.7046,0
2023-11-01,4.77,2.789,0.0489,1.5447,0.4542,-0.0668,0.4325,2.36,2.41,0.5031,0.3537,0.6524,0
2023-11-02,4.67,2.7644,0.0404,1.5634,0.3499,-0.0481,0.4221,2.27,2.4,0.3903,0.1759,0.6046,0
2023-11-03,4.57,2.7385,0.0318,1.5095,0.3421,-0.0519,0.4103,2.18,2.39,0.3739,0.1894,0.5584,0
2023-11-06,4.67,2.7601,0.0392,1.54,0.3677,-0.037,0.4097,2.25,2.42,0.4069,0.2151,0.5986,0
2023-11-07,4.58,2.7394,0.0322,1.5369,0.3048,-0.0333,0.4131,2.19,2.39,0.337,0.1145,0.5594,0
2023-11-08,4.49,2.725,0.0271,1.5433,0.2776,-0.0829,0.4277,2.15,2.34,0.3047,0.0781,0.5312,0
2023-11-09,4.62,2.7577,0.0393,1.5663,0.3608,-0.104,0.4582,2.29,2.33,0.4001,0.2041,0.596,0
2023-11-10,4.61,2.7536,0.0384,1.577,0.3344,-0.0934,0.4679,2.29,2.32,0.3728,0.156,0.5895,0
2023-11-13,4.63,2.7556,0.0391,1.5803,0.3449,-0.09,0.4768,2.32,2.31,0.384,0.1749,0.5932,0
2023-11-14,4.44,2.7078,0.0227,1.512,0.2544,-0.0568,0.4623,2.16,2.28,0.2771,0.0495,0.5046,0
2023-11-15,4.53,2.7278,0.0298,1.5366,0.2769,-0.0411,0.4771,2.22,2.31,0.3067,0.0703,0.5431,0
2023-11-16,4.45,2.7116,0.0244,1.5069,0.2601,-0.053,0.4775,2.18,2.27,0.2845,0.0553,0.5137,0
2023-11-17,4.44,2.7062,0.0226,1.5253,0.2152,-0.0293,0.4709,2.16,2.28,0.2378,-0.0273,0.5029,0
2023-11-20,4.42,2.6986,0.0192,1.5342,0.1936,-0.0255,0.4517,2.12,2.3,0.2128,-0.0597,0.4852,0
2023-11-21,4.41,2.6991,0.019,1.5176,0.2087,-0.0344,0.4904,2.16,2.25,0.2277,-0.0299,0.4853,0
2023-11-22,4.42,2.7001,0.0194,1.5338,0.2022,-0.0356,0.4871,2.16,2.26,0.2216,-0.0437,0.487,0
2023-11-24,4.47,2.7183,0.0252,1.5313,0.2838,-0.0887,0.49,2.21,2.26,0.309,0.0985,0.5196,0
2023-11-27,4.39,2.6968,0.0175,1.5207,0.1964,-0.0414,0.5201,2.18,2.21,0.2139,-0.0502,0.478,0
2023-11-28,4.34,2.6858,0.0135,1.4824,0.2222,-0.0638,0.4933,2.12,2.22,0.2357,0.0131,0.4582,0
2023-11-29,4.27,2.6729,0.0091,1.4597,0.1989,-0.0706,0.4839,2.06,2.21,0.208,-0.019,0.435,0
2023-11-30,4.37,2.6958,0.0174,1.4698,0.2466,-0.0596,0.495,2.14,2.23,0.264,0.0484,0.4797,0
2023-12-01,4.22,2.662,0.0061,1.425,0.1918,-0.0649,0.4734,2.0,2.22,0.1979,-0.0226,0.4184,0
2023-12-04,4.28,2.6771,0.0104,1.4521,0.2012,-0.0609,0.4946,2.07,2.21,0.2116,-0.0195,0.4427,0
2023-12-05,4.18,2.6519,0.0019,1.4415,0.1381,-0.0534,0.4988,2.01,2.17,0.14,-0.1158,0.3958,0
2023-12-06,4.12,2.6352,-0.0044,1.4521,0.0756,-0.0385,0.5161,1.98,2.14,0.0712,-0.2194,0.3617,0
2023-12-07,4.14,2.6357,-0.0034,1.4469,0.0971,-0.0363,0.5066,1.97,2.17,0.0937,-0.1785,0.3658,0
2023-12-08,4.23,2.655,0.0035,1.4889,0.1068,-0.0242,0.4993,2.02,2.21,0.1103,-0.1813,0.4019,0
2023-12-11,4.23,2.6562,0.004,1.4904,0.1128,-0.0334,0.507,2.04,2.19,0.1168,-0.1706,0.4042,0
2023-12-12,4.2,2.6469,0.0005,1.4895,0.0803,-0.0172,0.5271,2.04,2.16,0.0808,-0.2235,0.385,0
2023-12-13,4.04,2.6096,-0.0116,1.4168,0.0665,-0.0413,0.4729,1.88,2.16,0.0549,-0.2094,0.3193,0
2023-12-14,3.92,2.5815,-0.0218,1.4046,-0.009,-0.0353,0.3908,1.7,2.22,-0.0308,-0.3265,0.265,0
2023-12-15,3.91,2.5801,-0.0233,1.4122,-0.0373,-0.0217,0.3925,1.69,2.22,-0.0606,-0.3793,0.2581,0
2023-12-18,3.95,2.5893,-0.0205,1.4175,-0.0127,-0.0236,0.4023,1.74,2.21,-0.0332,-0.3408,0.2744,0
2023-12-19,3.93,2.5879,-0.0208,1.415,-0.0162,-0.0359,0.4033,1.74,2.19,-0.037,-0.3464,0.2724,0
2023-12-20,3.86,2.5717,-0.0266,1.398,-0.0466,-0.0364,0.3929,1.67,2.19,-0.0732,-0.388,0.2415,0
2023-12-21,3.89,2.5793,-0.0235,1.3907,-0.0205,-0.0359,0.401,1.7,2.19,-0.044,-0.3462,0.2581,0
2023-12-22,3.9,2.5828,-0.0226,1.3866,-0.0097,-0.0371,0.4059,1.71,2.19,-0.0323,-0.3285,0.264,0
2023-12-26,3.89,2.5821,-0.0217,1.386,-0.0198,-0.0366,0.4103,1.71,2.18,-0.0415,-0.3497,0.2667,0
2023-12-27,3.79,2.5539,-0.0316,1.3786,-0.1036,-0.0074,0.411,1.64,2.15,-0.1352,-0.4832,0.2129,0
2023-12-28,3.84,2.563,-0.0285,1.397,-0.0867,-0.0048,0.4267,1.68,2.16,-0.1152,-0.4602,0.2297,0
2023-12-29,3.88,2.5749,-0.0236,1.3747,-0.0208,-0.0251,0.4323,1.72,2.16,-0.0444,-0.3445,0.2556,0
2024-01-02,3.95,2.5889,-0.0182,1.3944,-0.0045,-0.0106,0.4182,1.74,2.21,-0.0227,-0.3291,0.2838,0
2024-01-03,3.91,2.5812,-0.0214,1.3901,-0.0216,-0.0183,0.4076,1.71,2.2,-0.043,-0.3531,0.2671,0
2024-01-04,3.99,2.6002,-0.0145,1.3981,0.0266,-0.0204,0.4191,1.77,2.22,0.0121,-0.2801,0.3042,0
2024-01-05,4.05,2.6147,-0.0087,1.3979,0.0679,-0.0218,0.4313,1.83,2.22,0.0592,-0.2163,0.3347,0
2024-01-08,4.01,2.6051,-0.0119,1.3853,0.0525,-0.021,0.4207,1.79,2.22,0.0406,-0.236,0.3173,0
2024-01-09,4.02,2.6061,-0.0116,1.3883,0.0483,-0.0111,0.4281,1.8,2.22,0.0367,-0.2458,0.3192,0
2024-01-10,4.04,2.6109,-0.0099,1.3858,0.065,-0.0118,0.4364,1.82,2.22,0.0551,-0.2184,0.3286,0
2024-01-11,3.98,2.5985,-0.0145,1.3641,0.0529,-0.0209,0.4102,1.76,2.22,0.0384,-0.228,0.3048,0
2024-01-12,3.96,2.5932,-0.0154,1.3292,0.067,-0.014,0.3722,1.69,2.27,0.0516,-0.1966,0.2998,0
2024-01-16,4.07,2.6236,-0.0045,1.3388,0.1358,-0.0237,0.3757,1.77,2.3,0.1313,-0.0962,0.3588,0
2024-01-17,4.1,2.6322,-0.0018,1.3692,0.1233,-0.0229,0.3789,1.8,2.3,0.1215,-0.1302,0.3732,0
2024-01-18,4.14,2.6387,0.0008,1.3686,0.1555,-0.0236,0.3515,1.8,2.34,0.1563,-0.0739,0.3866,0
2024-01-19,4.15,2.6416,0.002,1.3793,0.1504,-0.0232,0.3464,1.81,2.34,0.1524,-0.0872,0.392,0
2024-01-22,4.11,2.63,-0.0024,1.3694,0.1241,-0.0111,0.357,1.8,2.31,0.1217,-0.1256,0.369,0
2024-01-23,4.14,2.6397,0.001,1.3697,0.1552,-0.0255,0.3759,1.85,2.29,0.1562,-0.0756,0.3879,0
2024-01-24,4.18,2.6491,0.0044,1.3739,0.1798,-0.0271,0.3755,1.88,2.3,0.1842,-0.0374,0.4058,0
2024-01-25,4.14,2.6399,0.002,1.3552,0.1683,-0.0254,0.3682,1.85,2.29,0.1703,-0.0513,0.3918,0
2024-01-26,4.15,2.6441,0.0033,1.3654,0.1678,-0.0306,0.3637,1.85,2.3,0.1711,-0.057,0.3992,0
2024-01-29,4.08,2.6234,-0.0036,1.3501,0.1218,-0.0116,0.3479,1.78,2.3,0.1182,-0.1244,0.3607,0
2024-01-30,4.06,2.6219,-0.0047,1.369,0.0957,-0.0219,0.3584,1.8,2.26,0.091,-0.1734,0.3554,0
2024-01-31,3.99,2.6013,-0.0123,1.3501,0.0631,-0.0122,0.3435,1.73,2.26,0.0508,-0.2131,0.3147,0
2024-02-01,3.87,2.5722,-0.0223,1.3355,-0.0287,0.0133,0.3745,1.68,2.19,-0.051,-0.3624,0.2604,0
2024-02-02,4.03,2.611,-0.0094,1.3929,0.0487,-0.0132,0.4059,1.82,2.21,0.0393,-0.2522,0.3307,0
2024-02-05,4.17,2.64,0.001,1.4247,0.1146,-0.0103,0.3876,1.9,2.27,0.1156,-0.1547,0.3859,0
2024-02-06,4.09,2.6221,-0.0053,1.401,0.0816,-0.0095,0.3785,1.85,2.24,0.0763,-0.1994,0.3521,0
2024-02-07,4.09,2.6261,-0.0038,1.4036,0.0911,-0.0269,0.3819,1.86,2.23,0.0873,-0.1854,0.36,0
2024-02-08,4.15,2.6425,0.0019,1.416,0.1293,-0.0397,0.3809,1.91,2.24,0.1312,-0.1288,0.3912,0
2024-02-09,4.17,2.646,0.0029,1.4243,0.1292,-0.0324,0.385,1.92,2.25,0.1321,-0.1324,0.3966,0
2024-02-12,4.17,2.6444,0.0022,1.419,0.1303,-0.0259,0.3935,1.93,2.24,0.1325,-0.1283,0.3932,0
2024-02-13,4.31,2.6752,0.0126,1.4793,0.1669,-0.0241,0.3802,2.02,2.29,0.1795,-0.09,0.4491,0
2024-02-14,4.27,2.6649,0.0093,1.46,0.1619,-0.0261,0.3588,1.97,2.3,0.1712,-0.0882,0.4306,0
2024-02-15,4.24,2.6589,0.0071,1.4521,0.1514,-0.0295,0.3502,1.94,2.3,0.1585,-0.1017,0.4188,0
2024-02-16,4.3,2.6705,0.0112,1.4725,0.1642,-0.0184,0.3424,1.97,2.33,0.1754,-0.0898,0.4406,0
2024-02-20,4.27,2.6659,0.0094,1.4563,0.1691,-0.0307,0.3423,1.95,2.32,0.1785,-0.0746,0.4316,0
2024-02-21,4.32,2.6768,0.0134,1.4691,0.1876,-0.0269,0.3377,1.98,2.34,0.201,-0.0511,0.453,0
2024-02-22,4.33,2.678,0.014,1.486,0.1654,-0.0135,0.3593,2.02,2.31,0.1794,-0.0961,0.455,0
2024-02-23,4.26,2.659,0.0072,1.483,0.1164,-0.0056,0.3641,1.96,2.3,0.1236,-0.1706,0.4178,0
2024-02-26,4.28,2.6612,0.0081,1.4988,0.1158,-0.0039,0.3555,1.97,2.31,0.1239,-0.1743,0.4222,0
2024-02-27,4.31,2.6673,0.0108,1.497,0.138,-0.0031,0.3513,1.99,2.32,0.1488,-0.1384,0.4359,0
2024-02-28,4.27,2.6586,0.0083,1.4815,0.1321,-0.0105,0.3349,1.94,2.33,0.1404,-0.1407,0.4215,0
2024-02-29,4.25,2.6545,0.0067,1.4811,0.1168,-0.0091,0.3269,1.92,2.33,0.1235,-0.1662,0.4132,0
2024-03-01,4.19,2.6401,0.0019,1.4485,0.11,-0.0106,0.3168,1.87,2.32,0.1119,-0.1637,0.3876,0
2024-03-04,4.22,2.6481,0.004,1.465,0.1108,-0.0079,0.3094,1.88,2.34,0.1148,-0.1701,0.3997,0
2024-03-05,4.13,2.6271,-0.0036,1.4529,0.0599,-0.0063,0.3,1.81,2.32,0.0563,-0.2463,0.3589,0
2024-03-06,4.11,2.6187,-0.0069,1.4588,0.0236,0.0158,0.3138,1.81,2.3,0.0167,-0.3083,0.3416,0
2024-03-07,4.09,2.6137,-0.0085,1.4433,0.0293,0.0122,0.3289,1.81,2.28,0.0208,-0.291,0.3326,0
2024-03-08,4.09,2.6139,-0.0088,1.4325,0.0426,0.0098,0.327,1.81,2.28,0.0338,-0.2649,0.3324,0
2024-03-11,4.1,2.616,-0.0083,1.4439,0.0287,0.0198,0.3426,1.83,2.27,0.0204,-0.2944,0.3351,0
2024-03-12,4.16,2.6292,-0.0038,1.468,0.049,0.0176,0.3358,1.86,2.3,0.0452,-0.2688,0.3592,0
2024-03-13,4.19,2.6361,-0.001,1.4746,0.0624,0.0179,0.339,1.89,2.3,0.0614,-0.2506,0.3734,0
2024-03-14,4.29,2.6614,0.0083,1.4948,0.1174,0.0081,0.3624,1.99,2.3,0.1257,-0.1716,0.423,0
2024-03-15,4.31,2.6636,0.0096,1.5077,0.1104,0.0187,0.3568,1.99,2.32,0.12,-0.1886,0.4286,0
2024-03-18,4.34,2.6696,0.0121,1.5137,0.1259,0.0186,0.3668,2.03,2.31,0.138,-0.1653,0.4414,0
2024-03-19,4.3,2.6609,0.0086,1.5043,0.1163,0.0098,0.362,2.0,2.3,0.1249,-0.1736,0.4235,0
2024-03-20,4.27,2.6556,0.0071,1.4826,0.1264,-0.0017,0.337,1.96,2.31,0.1335,-0.1487,0.4156,0
2024-03-21,4.27,2.6568,0.0073,1.4833,0.1225,0.0001,0.3135,1.93,2.34,0.1298,-0.1577,0.4173,0
2024-03-22,4.22,2.6437,0.0029,1.4698,0.091,0.0126,0.3067,1.87,2.35,0.0939,-0.2055,0.3933,0
2024-03-25,4.25,2.6521,0.0055,1.4747,0.1092,0.0085,0.3198,1.92,2.33,0.1147,-0.1784,0.4078,0
2024-03-26,4.24,2.649,0.0043,1.476,0.0961,0.0146,0.3333,1.92,2.32,0.1004,-0.2006,0.4014,0
2024-03-27,4.2,2.6379,0.0003,1.4684,0.0741,0.0192,0.3298,1.88,2.32,0.0744,-0.2307,0.3795,0
2024-03-28,4.2,2.6368,-0.0007,1.4861,0.0517,0.0261,0.3238,1.88,2.32,0.051,-0.2727,0.3748,0
2024-04-01,4.33,2.6648,0.0098,1.5095,0.114,0.0319,0.3397,1.98,2.35,0.1238,-0.1828,0.4304,0
2024-04-02,4.36,2.6735,0.014,1.4995,0.155,0.0181,0.329,2.0,2.36,0.169,-0.1132,0.4512,0
2024-04-03,4.36,2.674,0.0143,1.49,0.1624,0.0193,0.3343,2.0,2.36,0.1767,-0.0995,0.4529,0
2024-04-04,4.31,2.6643,0.0109,1.4817,0.14,0.0131,0.3278,1.97,2.34,0.1509,-0.1329,0.4347,0
2024-04-05,4.39,2.6805,0.0164,1.506,0.1606,0.0265,0.3273,2.02,2.37,0.177,-0.1106,0.4645,0
2024-04-08,4.42,2.6861,0.0189,1.5252,0.1562,0.0336,0.3262,2.04,2.38,0.1751,-0.1261,0.4763,0
2024-04-09,4.36,2.6719,0.0141,1.5156,0.1283,0.03,0.3261,2.0,2.36,0.1424,-0.1653,0.4501,0
2024-04-10,4.55,2.7126,0.0281,1.6007,0.158,0.0507,0.3532,2.15,2.4,0.1861,-0.1527,0.5248,0
2024-04-11,4.56,2.7117,0.0288,1.5948,0.1703,0.0545,0.3623,2.16,2.4,0.1991,-0.128,0.5261,0
2024-04-12,4.5,2.6979,0.0243,1.5746,0.1589,0.0443,0.3482,2.11,2.39,0.1832,-0.1351,0.5015,0
2024-04-15,4.63,2.7268,0.0343,1.5852,0.2333,0.0505,0.3598,2.2,2.43,0.2676,-0.0213,0.5564,0
2024-04-16,4.67,2.7379,0.0386,1.5972,0.2499,0.0464,0.3712,2.24,2.43,0.2885,-0.0019,0.5789,0
2024-04-17,4.59,2.719,0.032,1.5812,0.2012,0.0566,0.3796,2.2,2.39,0.2332,-0.0766,0.543,0
2024-04-18,4.64,2.7307,0.0361,1.6021,0.2258,0.0453,0.3785,2.24,2.4,0.2619,-0.0412,0.565,0
2024-04-19,4.62,2.7251,0.0339,1.6007,0.2127,0.0475,0.3718,2.21,2.41,0.2466,-0.06,0.5533,0
2024-04-22,4.62,2.7255,0.0342,1.5974,0.2186,0.0443,0.3711,2.21,2.41,0.2528,-0.0492,0.5548,0
2024-04-23,4.61,2.7228,0.033,1.5782,0.231,0.045,0.3672,2.2,2.41,0.264,-0.0214,0.5493,0
2024-04-24,4.65,2.7347,0.0369,1.5791,0.262,0.0374,0.372,2.24,2.41,0.2989,0.0265,0.5712,0
2024-04-25,4.7,2.7469,0.0411,1.6012,0.2725,0.0384,0.3725,2.28,2.42,0.3136,0.0331,0.594,0
2024-04-26,4.67,2.7379,0.0381,1.6042,0.2441,0.0457,0.3612,2.24,2.43,0.2822,-0.0124,0.5768,0
2024-04-29,4.63,2.7272,0.0344,1.5961,0.2191,0.0532,0.365,2.22,2.41,0.2535,-0.0496,0.5567,0
2024-04-30,4.69,2.7395,0.0389,1.6198,0.23,0.0618,0.3881,2.28,2.41,0.2689,-0.0424,0.5802,0
2024-05-01,4.63,2.7247,0.0338,1.5928,0.22,0.0587,0.3955,2.25,2.38,0.2538,-0.0449,0.5525,0
2024-05-02,4.58,2.7158,0.0302,1.5635,0.2292,0.0413,0.3871,2.21,2.37,0.2594,-0.0161,0.5349,0
2024-05-03,4.5,2.7003,0.0238,1.5348,0.211,0.0301,0.372,2.15,2.35,0.2348,-0.0332,0.5028,0
2024-05-06,4.49,2.6976,0.0225,1.539,0.1849,0.046,0.3789,2.14,2.35,0.2074,-0.0815,0.4962,0
2024-05-07,4.47,2.6919,0.0203,1.5414,0.1613,0.0551,0.4011,2.15,2.32,0.1816,-0.1212,0.4845,0
2024-05-08,4.48,2.6984,0.0226,1.5472,0.1825,0.0294,0.4038,2.17,2.31,0.2051,-0.0869,0.4971,0
2024-05-09,4.45,2.6909,0.0202,1.5397,0.1732,0.0259,0.3829,2.13,2.32,0.1934,-0.0967,0.4836,0
2024-05-10,4.5,2.7012,0.0235,1.5521,0.1846,0.0385,0.3887,2.16,2.34,0.2081,-0.0855,0.5018,0
2024-05-13,4.48,2.6973,0.0221,1.5506,0.1754,0.0346,0.3898,2.15,2.33,0.1975,-0.0992,0.4942,0
2024-05-14,4.45,2.6898,0.0192,1.5398,0.1717,0.0296,0.3835,2.12,2.33,0.1909,-0.0975,0.4792,0
2024-05-15,4.36,2.6688,0.0116,1.51,0.1382,0.0313,0.3747,2.05,2.31,0.1498,-0.1392,0.4389,0
2024-05-16,4.38,2.676,0.0139,1.5229,0.15,0.0173,0.3787,2.07,2.31,0.1639,-0.1237,0.4514,0
2024-05-17,4.42,2.6823,0.0162,1.5357,0.1426,0.0432,0.3811,2.1,2.32,0.1588,-0.1462,0.4638,0
2024-05-20,4.44,2.6856,0.0174,1.5422,0.1491,0.0456,0.3799,2.11,2.33,0.1665,-0.1369,0.4699,0
2024-05-21,4.41,2.6787,0.0152,1.5375,0.1334,0.0452,0.3708,2.09,2.32,0.1486,-0.1603,0.4574,0
2024-05-22,4.43,2.68,0.0157,1.5562,0.1136,0.0645,0.3789,2.1,2.33,0.1293,-0.2009,0.4594,0
2024-05-23,4.47,2.6952,0.0211,1.564,0.173,0.0167,0.3966,2.17,2.3,0.1941,-0.1005,0.4886,0
2024-05-24,4.46,2.6938,0.0208,1.5641,0.1778,0.0035,0.3867,2.14,2.32,0.1986,-0.0891,0.4864,0
2024-05-28,4.54,2.7045,0.025,1.5859,0.1591,0.0656,0.3975,2.2,2.34,0.1841,-0.1399,0.508,0
2024-05-29,4.61,2.7287,0.0341,1.5774,0.2771,-0.0072,0.3867,2.25,2.36,0.3112,0.065,0.5573,0
2024-05-30,4.55,2.7162,0.0295,1.5605,0.2465,-0.0027,0.3701,2.19,2.36,0.276,0.0189,0.5331,0
2024-05-31,4.51,2.7064,0.0257,1.5471,0.2297,0.0012,0.3676,2.16,2.35,0.2554,-0.0024,0.5132,0
2024-06-03,4.41,2.6778,0.0153,1.5376,0.1271,0.0522,0.3624,2.08,2.33,0.1424,-0.1723,0.4571,0
2024-06-04,4.33,2.6597,0.0086,1.5221,0.0925,0.0471,0.3647,2.02,2.31,0.1011,-0.2193,0.4215,0
2024-06-05,4.29,2.6515,0.0056,1.5123,0.0833,0.0373,0.3618,1.99,2.3,0.0889,-0.2276,0.4055,0
2024-06-06,4.28,2.6489,0.0043,1.505,0.0776,0.0443,0.376,2.0,2.28,0.0819,-0.2359,0.3996,0
2024-06-07,4.43,2.6816,0.0157,1.553,0.1187,0.0611,0.4051,2.13,2.3,0.1344,-0.1921,0.4609,0
2024-06-10,4.47,2.6947,0.0207,1.5395,0.2054,0.0097,0.4006,2.16,2.31,0.2261,-0.0356,0.4877,0
2024-06-11,4.39,2.6759,0.0142,1.5316,0.128,0.0403,0.4043,2.12,2.27,0.1422,-0.1678,0.4521,0
2024-06-12,4.31,2.6586,0.0077,1.5074,0.1001,0.0362,0.4326,2.09,2.22,0.1078,-0.2025,0.4181,0
2024-06-13,4.24,2.6412,0.0013,1.4857,0.0754,0.0364,0.4308,2.03,2.21,0.0767,-0.2308,0.3841,0
2024-06-14,4.2,2.6359,-0.001,1.4877,0.0515,0.0259,0.448,2.03,2.17,0.0505,-0.2717,0.3726,0
2024-06-17,4.28,2.6474,0.0029,1.5137,0.0613,0.0547,0.4415,2.06,2.22,0.0642,-0.2647,0.3931,0
2024-06-18,4.22,2.6351,-0.0014,1.4995,0.0503,0.0365,0.4168,2.01,2.21,0.0489,-0.2723,0.3701,0
2024-06-20,4.25,2.6428,0.0013,1.5024,0.0704,0.0331,0.3964,2.0,2.25,0.0717,-0.2415,0.3849,0
2024-06-21,4.25,2.6452,0.0024,1.4986,0.0709,0.0328,0.4133,2.02,2.23,0.0733,-0.244,0.3907,0
2024-06-24,4.25,2.6439,0.0021,1.5035,0.0626,0.0379,0.4192,2.03,2.22,0.0647,-0.259,0.3885,0
2024-06-25,4.23,2.6397,0.0006,1.5032,0.0529,0.0336,0.4209,2.01,2.22,0.0535,-0.2734,0.3803,0
2024-06-26,4.32,2.6592,0.0079,1.5199,0.0988,0.0342,0.4112,2.06,2.26,0.1067,-0.2057,0.419,0
2024-06-27,4.29,2.6528,0.0062,1.5079,0.0901,0.033,0.3936,2.03,2.26,0.0963,-0.2167,0.4092,0
2024-06-28,4.36,2.6693,0.0125,1.5034,0.1431,0.0318,0.3965,2.08,2.28,0.1556,-0.132,0.4431,0
2024-07-01,4.48,2.7021,0.0243,1.5072,0.2366,0.0098,0.3907,2.16,2.32,0.2609,0.0146,0.5072,0
2024-07-02,4.43,2.6922,0.0209,1.4903,0.2099,0.0167,0.3962,2.13,2.3,0.2308,-0.0275,0.4891,0
2024-07-03,4.36,2.6754,0.0146,1.482,0.1671,0.0209,0.4022,2.09,2.27,0.1817,-0.092,0.4555,0
2024-07-05,4.28,2.6558,0.0078,1.4468,0.1525,0.0171,0.3808,2.0,2.28,0.1603,-0.0984,0.4191,0
2024-07-08,4.28,2.6559,0.0076,1.4488,0.1407,0.027,0.3888,2.01,2.27,0.1483,-0.122,0.4186,0
2024-07-09,4.3,2.663,0.0098,1.4486,0.1644,0.0142,0.394,2.04,2.26,0.1742,-0.0828,0.4312,0
2024-07-10,4.28,2.6595,0.0084,1.4506,0.1508,0.0107,0.3848,2.01,2.27,0.1592,-0.1056,0.4239,0
2024-07-11,4.2,2.6406,0.0037,1.4072,0.1343,0.0142,0.3898,1.95,2.25,0.138,-0.1201,0.396,0
2024-07-12,4.18,2.6393,0.0035,1.3934,0.1437,0.0001,0.3979,1.94,2.24,0.1472,-0.1008,0.3952,0
2024-07-15,4.23,2.651,0.0079,1.3869,0.1856,-0.0015,0.3786,1.96,2.27,0.1935,-0.0321,0.4192,0
2024-07-16,4.17,2.6373,0.0029,1.3817,0.1403,0.0079,0.3672,1.91,2.26,0.1432,-0.1058,0.3921,0
2024-07-17,4.16,2.6336,0.0014,1.3798,0.1314,0.0138,0.3698,1.9,2.26,0.1328,-0.1189,0.3845,0
2024-07-18,4.2,2.6447,0.0051,1.3862,0.1589,0.005,0.3735,1.89,2.31,0.164,-0.0769,0.405,0
2024-07-19,4.25,2.6551,0.0091,1.3947,0.1776,0.0135,0.3874,1.93,2.32,0.1867,-0.0526,0.4259,0
2024-07-22,4.26,2.6585,0.0105,1.3962,0.1869,0.0079,0.3932,1.96,2.3,0.1974,-0.0384,0.4331,0
2024-07-23,4.25,2.6556,0.01,1.3862,0.1875,0.0107,0.4014,1.96,2.29,0.1975,-0.0348,0.4298,0
2024-07-24,4.28,2.6652,0.0139,1.3693,0.2332,-0.0016,0.4078,2.0,2.28,0.2471,0.0432,0.451,0
2024-07-25,4.27,2.6619,0.0133,1.3759,0.207,0.0119,0.4096,1.99,2.28,0.2203,-0.0055,0.4461,0
2024-07-26,4.2,2.6454,0.0074,1.357,0.1802,0.01,0.4029,1.93,2.27,0.1876,-0.0395,0.4147,0
2024-07-29,4.17,2.6395,0.0051,1.3551,0.1641,0.0063,0.4034,1.92,2.25,0.1692,-0.0644,0.4027,0
2024-07-30,4.15,2.6341,0.0037,1.3469,0.1555,0.0099,0.4063,1.9,2.25,0.1592,-0.0757,0.3941,0
2024-07-31,4.09,2.6182,-0.0018,1.3326,0.1229,0.0182,0.3916,1.85,2.24,0.1211,-0.1224,0.3645,0
2024-08-01,3.99,2.596,-0.0087,1.2914,0.091,0.0203,0.4017,1.79,2.2,0.0823,-0.162,0.3266,0
2024-08-02,3.8,2.5567,-0.0187,1.1976,0.0326,0.0318,0.4964,1.76,2.04,0.0139,-0.2403,0.2681,0
2024-08-05,3.78,2.5499,-0.0211,1.2149,0.0034,0.0329,0.477,1.71,2.07,-0.0177,-0.2905,0.2551,0
2024-08-06,3.9,2.5772,-0.0133,1.2473,0.0654,0.0234,0.4636,1.78,2.12,0.0521,-0.1955,0.2997,0
2024-08-07,3.96,2.5968,-0.0065,1.2522,0.1135,0.004,0.4719,1.85,2.11,0.107,-0.1233,0.3373,0
2024-08-08,3.99,2.6058,-0.0037,1.2644,0.1249,-0.0014,0.4697,1.87,2.12,0.1212,-0.1108,0.3531,0
2024-08-09,3.94,2.5958,-0.0072,1.2581,0.1055,-0.0122,0.4674,1.84,2.1,0.0983,-0.1369,0.3335,0
2024-08-12,3.9,2.5851,-0.0114,1.2441,0.0939,-0.0117,0.4482,1.79,2.11,0.0825,-0.1468,0.3118,0
2024-08-13,3.85,2.5707,-0.0155,1.2243,0.0573,0.0132,0.4547,1.76,2.09,0.0418,-0.2046,0.2882,0
2024-08-14,3.83,2.5658,-0.0181,1.2308,0.032,0.0195,0.4748,1.77,2.06,0.0139,-0.2477,0.2755,0
2024-08-15,3.92,2.5868,-0.0117,1.2694,0.0763,-0.0007,0.45,1.8,2.12,0.0646,-0.1819,0.311,0
2024-08-16,3.89,2.5805,-0.0131,1.2644,0.0504,0.0078,0.4668,1.81,2.08,0.0373,-0.2274,0.302,0
2024-08-19,3.86,2.5724,-0.0152,1.2654,0.0289,0.0086,0.4711,1.79,2.07,0.0137,-0.2617,0.289,0
2024-08-20,3.82,2.5606,-0.0182,1.2512,0.0115,0.0149,0.4639,1.75,2.07,-0.0067,-0.2844,0.2709,0
2024-08-21,3.79,2.5535,-0.0196,1.2273,0.0127,0.0161,0.4598,1.72,2.07,-0.0069,-0.2757,0.2619,0
2024-08-22,3.86,2.5707,-0.0142,1.2483,0.0437,0.0115,0.4555,1.76,2.1,0.0295,-0.2329,0.2919,0
2024-08-23,3.81,2.5582,-0.0182,1.2227,0.0338,0.0135,0.414,1.68,2.13,0.0156,-0.239,0.2702,0
2024-08-26,3.82,2.5617,-0.0165,1.2251,0.0348,0.0149,0.3986,1.67,2.15,0.0183,-0.2425,0.2791,0
2024-08-27,3.83,2.5674,-0.0138,1.2106,0.0645,0.0013,0.3989,1.68,2.15,0.0507,-0.1917,0.293,0
2024-08-28,3.84,2.5701,-0.0125,1.2074,0.0704,0.0046,0.3986,1.69,2.15,0.0579,-0.1839,0.2997,0
2024-08-29,3.87,2.5768,-0.0104,1.2146,0.0833,0.0057,0.3967,1.71,2.16,0.0729,-0.1654,0.3112,0
2024-08-30,3.91,2.5869,-0.0071,1.2189,0.1046,0.0067,0.4143,1.76,2.15,0.0975,-0.1348,0.3298,0
2024-09-03,3.84,2.5705,-0.0121,1.2044,0.0628,0.0145,0.4413,1.73,2.11,0.0507,-0.2002,0.3016,0
2024-09-04,3.77,2.553,-0.0169,1.1719,0.0404,0.0215,0.4682,1.7,2.07,0.0235,-0.2269,0.2739,0
2024-09-05,3.73,2.5464,-0.0189,1.169,0.023,0.0105,0.4838,1.7,2.03,0.0041,-0.2542,0.2625,0
2024-09-06,3.72,2.543,-0.0196,1.1489,0.0326,0.0151,0.4888,1.69,2.03,0.013,-0.2328,0.2588,0
2024-09-09,3.7,2.5383,-0.0203,1.1465,0.0157,0.0198,0.4771,1.66,2.04,-0.0046,-0.2624,0.2531,0
2024-09-10,3.65,2.5274,-0.0237,1.1235,0.0034,0.0193,0.4802,1.63,2.02,-0.0203,-0.275,0.2344,0
2024-09-11,3.65,2.5272,-0.0258,1.1419,-0.01,0.0167,0.458,1.61,2.04,-0.0358,-0.2977,0.2261,0
2024-09-12,3.68,2.5349,-0.0223,1.1379,0.0145,0.0151,0.4496,1.63,2.05,-0.0078,-0.26,0.2443,0
2024-09-13,3.66,2.5288,-0.0227,1.1141,0.0143,0.0255,0.4268,1.58,2.08,-0.0084,-0.2564,0.2396,0
2024-09-16,3.63,2.5229,-0.0221,1.1034,-0.0009,0.0267,0.4173,1.54,2.09,-0.023,-0.2842,0.2382,0
2024-09-17,3.65,2.5267,-0.0199,1.1116,0.0048,0.0269,0.405,1.53,2.12,-0.0151,-0.2784,0.2481,0
2024-09-18,3.7,2.5409,-0.0133,1.1046,0.0537,0.0142,0.4061,1.58,2.12,0.0404,-0.2008,0.2816,0
2024-09-19,3.73,2.5467,-0.0099,1.101,0.0756,0.0166,0.3783,1.56,2.17,0.0657,-0.1666,0.298,0
2024-09-20,3.73,2.5476,-0.0086,1.0881,0.0794,0.0235,0.388,1.58,2.15,0.0708,-0.1626,0.3041,0
2024-09-23,3.75,2.5523,-0.0047,1.0879,0.0918,0.0227,0.3835,1.58,2.17,0.0871,-0.147,0.3212,0
2024-09-24,3.74,2.5492,-0.0046,1.069,0.1039,0.0225,0.3602,1.55,2.19,0.0993,-0.1216,0.3201,0
2024-09-25,3.79,2.5627,0.0003,1.0718,0.1343,0.0209,0.3773,1.61,2.18,0.1346,-0.0773,0.3466,0
2024-09-26,3.79,2.5634,0.0004,1.0912,0.1152,0.0198,0.3885,1.63,2.16,0.1156,-0.1153,0.3465,0
2024-09-27,3.75,2.5521,-0.0032,1.0753,0.1033,0.0225,0.3873,1.6,2.15,0.1001,-0.1263,0.3265,0
2024-09-30,3.81,2.5644,0.0018,1.1033,0.1145,0.026,0.3797,1.63,2.18,0.1163,-0.1193,0.3519,0
2024-10-01,3.74,2.5475,-0.0038,1.0891,0.0831,0.0241,0.3556,1.55,2.19,0.0793,-0.1621,0.3208,0
2024-10-02,3.79,2.5579,0.0001,1.0926,0.1134,0.026,0.344,1.58,2.21,0.1135,-0.1147,0.3416,0
2024-10-03,3.85,2.5739,0.0058,1.1083,0.141,0.021,0.3591,1.64,2.21,0.1468,-0.0788,0.3724,0
2024-10-04,3.98,2.6028,0.0149,1.1831,0.1574,0.0217,0.3722,1.75,2.23,0.1723,-0.0764,0.4211,0
2024-10-07,4.03,2.6135,0.0193,1.1948,0.2051,-0.0026,0.3532,1.76,2.27,0.2244,0.0051,0.4436,0
2024-10-08,4.04,2.6128,0.0198,1.1989,0.1888,0.0197,0.3543,1.77,2.27,0.2086,-0.0277,0.4448,0
2024-10-09,4.06,2.6212,0.0225,1.2051,0.2255,-0.0143,0.3402,1.77,2.29,0.248,0.0363,0.4598,0
2024-10-10,4.09,2.6249,0.0239,1.2066,0.2315,0.0031,0.3127,1.76,2.33,0.2554,0.0436,0.4673,0
2024-10-11,4.08,2.6264,0.0248,1.1785,0.2643,-0.0141,0.3072,1.75,2.33,0.2891,0.106,0.4723,0
2024-10-15,4.03,2.6142,0.0207,1.1898,0.1955,0.0098,0.3322,1.75,2.28,0.2162,-0.0168,0.4493,0
2024-10-16,4.02,2.6106,0.0194,1.185,0.198,0.007,0.3489,1.75,2.27,0.2174,-0.0076,0.4424,0
2024-10-17,4.09,2.6288,0.0253,1.1891,0.2627,-0.0159,0.3404,1.79,2.3,0.288,0.1002,0.4758,0
2024-10-18,4.08,2.6267,0.0242,1.18,0.2622,-0.0131,0.3222,1.77,2.31,0.2864,0.1023,0.4705,0
2024-10-21,4.19,2.6538,0.0337,1.194,0.321,-0.0125,0.3548,1.88,2.31,0.3547,0.1872,0.5222,0
2024-10-22,4.2,2.6575,0.0353,1.2024,0.3266,-0.0218,0.341,1.87,2.33,0.3619,0.1936,0.5303,0
2024-10-23,4.24,2.6671,0.0386,1.2159,0.338,-0.0196,0.3567,1.93,2.31,0.3766,0.2053,0.548,0
2024-10-24,4.21,2.6583,0.0355,1.2179,0.3123,-0.014,0.3626,1.91,2.3,0.3478,0.1648,0.5308,0
2024-10-25,4.25,2.6676,0.0382,1.2282,0.3328,-0.0168,0.3923,1.96,2.29,0.371,0.1959,0.5461,0
2024-10-28,4.28,2.6746,0.042,1.2389,0.3442,-0.0197,0.404,1.99,2.29,0.3862,0.2082,0.5642,0
2024-10-29,4.28,2.6741,0.0421,1.236,0.3512,-0.0234,0.3926,1.98,2.3,0.3933,0.2222,0.5644,0
2024-10-30,4.29,2.674,0.0428,1.2529,0.3372,-0.0169,0.3652,1.95,2.34,0.38,0.1937,0.5662,0
2024-10-31,4.28,2.6716,0.0427,1.2649,0.3175,-0.0167,0.3578,1.95,2.33,0.3602,0.1564,0.5639,0
2024-11-01,4.37,2.6943,0.0517,1.2599,0.3911,-0.027,0.3887,2.04,2.33,0.4428,0.2741,0.6115,0
2024-11-04,4.31,2.6805,0.0479,1.2503,0.3537,-0.0224,0.4043,2.03,2.28,0.4016,0.2144,0.5888,0
2024-11-05,4.26,2.6709,0.0449,1.2638,0.3189,-0.0385,0.3924,1.99,2.27,0.3638,0.1566,0.5709,0
2024-11-06,4.42,2.702,0.0555,1.286,0.4092,-0.0326,0.3341,2.04,2.38,0.4647,0.2999,0.6294,0
2024-11-07,4.31,2.682,0.0487,1.2532,0.3609,-0.0348,0.3486,1.98,2.33,0.4096,0.2269,0.5923,0
2024-11-08,4.3,2.6732,0.0452,1.2715,0.3087,0.0014,0.3442,1.95,2.35,0.3539,0.1349,0.5728,0
2024-11-12,4.43,2.7013,0.0549,1.3037,0.3654,0.0047,0.3762,2.08,2.35,0.4203,0.2155,0.6252,0
2024-11-13,4.44,2.7069,0.058,1.2774,0.4199,-0.0222,0.3819,2.09,2.35,0.4779,0.3147,0.6411,0
2024-11-14,4.43,2.701,0.0554,1.3026,0.3609,0.0101,0.3983,2.1,2.33,0.4163,0.2055,0.6271,0
2024-11-15,4.43,2.7021,0.0553,1.2929,0.3939,-0.0142,0.3988,2.1,2.33,0.4492,0.2706,0.6278,0
2024-11-18,4.42,2.7001,0.0546,1.2823,0.3968,-0.0139,0.3852,2.08,2.34,0.4514,0.2785,0.6243,0
2024-11-19,4.39,2.6925,0.0514,1.2786,0.3725,-0.0049,0.3784,2.05,2.34,0.4239,0.2398,0.6079,0
2024-11-20,4.41,2.6941,0.052,1.2861,0.3579,0.0199,0.3808,2.06,2.35,0.4099,0.2089,0.6108,0
2024-11-21,4.43,2.6979,0.0533,1.3003,0.3558,0.0228,0.3897,2.09,2.34,0.4091,0.2008,0.6173,0
2024-11-22,4.41,2.6942,0.0518,1.31,0.3401,0.0139,0.3836,2.07,2.34,0.3919,0.1746,0.6092,0
2024-11-25,4.27,2.6606,0.0394,1.2833,0.2644,0.0223,0.3982,1.98,2.29,0.3038,0.0648,0.5427,0
2024-11-26,4.3,2.6686,0.0426,1.2836,0.2974,0.0077,0.4125,2.02,2.28,0.34,0.1205,0.5596,0
2024-11-27,4.25,2.656,0.0382,1.2664,0.2719,0.0174,0.4078,1.99,2.26,0.3101,0.0844,0.5359,0
2024-11-29,4.18,2.6428,0.0336,1.25,0.2597,-0.0061,0.3903,1.92,2.26,0.2933,0.0752,0.5114,0
2024-12-02,4.19,2.6441,0.0339,1.2555,0.2449,0.0116,0.4008,1.93,2.26,0.2788,0.0441,0.5135,0
2024-12-03,4.23,2.6525,0.0383,1.2545,0.2757,0.0091,0.3878,1.95,2.28,0.314,0.0932,0.5348,0
2024-12-04,4.19,2.6459,0.0366,1.2413,0.2753,-0.009,0.3717,1.9,2.29,0.3119,0.0986,0.5251,0
2024-12-05,4.17,2.6409,0.035,1.2418,0.2401,0.0122,0.3963,1.92,2.25,0.2751,0.0346,0.5156,0
2024-12-06,4.15,2.6358,0.0343,1.2244,0.2486,0.0069,0.4063,1.91,2.24,0.2829,0.0555,0.5103,0
2024-12-09,4.2,2.6445,0.0376,1.2297,0.2661,0.0221,0.4063,1.93,2.27,0.3037,0.0795,0.5279,0
2024-12-10,4.22,2.6492,0.0393,1.2365,0.2755,0.0195,0.3971,1.93,2.29,0.3148,0.0926,0.5369,0
2024-12-11,4.26,2.6618,0.0448,1.2352,0.3141,0.0041,0.3903,1.96,2.3,0.3589,0.1526,0.5653,0
2024-12-12,4.32,2.6771,0.0509,1.2369,0.3543,0.0008,0.3893,2.0,2.32,0.4052,0.2129,0.5975,0
2024-12-13,4.4,2.6965,0.0581,1.252,0.3952,-0.0018,0.3985,2.07,2.33,0.4533,0.2707,0.6359,0
2024-12-16,4.39,2.6948,0.0584,1.2503,0.3875,-0.001,0.4111,2.07,2.32,0.4459,0.2563,0.6355,0
2024-12-17,4.4,2.6965,0.0588,1.2516,0.3943,-0.0012,0.4262,2.09,2.31,0.4531,0.2679,0.6383,0
2024-12-18,4.5,2.7233,0.0691,1.2988,0.432,-0.0232,0.4394,2.18,2.32,0.5011,0.3101,0.6921,0
2024-12-19,4.57,2.74,0.076,1.2791,0.5014,-0.0264,0.4809,2.28,2.29,0.5774,0.4262,0.7285,0
2024-12-20,4.52,2.7261,0.0712,1.2697,0.4671,-0.0141,0.4728,2.23,2.29,0.5383,0.3746,0.7021,0
2024-12-23,4.59,2.7424,0.077,1.2856,0.5064,-0.0213,0.4633,2.27,2.32,0.5834,0.4336,0.7331,0
2024-12-24,4.59,2.7424,0.0767,1.2932,0.4997,-0.0221,0.4419,2.24,2.35,0.5764,0.4208,0.7321,0
2024-12-26,4.58,2.7391,0.0753,1.2837,0.498,-0.0161,0.4417,2.23,2.35,0.5733,0.4219,0.7247,0
2024-12-27,4.62,2.7508,0.08,1.2762,0.5379,-0.0249,0.4591,2.28,2.34,0.6179,0.486,0.7497,0
2024-12-30,4.55,2.7344,0.0743,1.2456,0.5114,-0.0157,0.4652,2.24,2.31,0.5857,0.4521,0.7193,0
2024-12-31,4.58,2.7388,0.0761,1.2462,0.5255,-0.0066,0.4572,2.24,2.34,0.6016,0.4745,0.7288,0
2025-01-02,4.57,2.7375,0.0752,1.2415,0.524,-0.0082,0.4458,2.23,2.34,0.5992,0.4733,0.7251,0
2025-01-03,4.6,2.7466,0.0785,1.2518,0.5377,-0.0146,0.4509,2.26,2.34,0.6162,0.4896,0.7427,0
2025-01-06,4.62,2.7516,0.0809,1.2454,0.5582,-0.0161,0.4547,2.28,2.34,0.6391,0.5232,0.7549,0
2025-01-07,4.67,2.7646,0.0856,1.2483,0.5988,-0.0273,0.4338,2.29,2.38,0.6844,0.5887,0.7802,0
2025-01-08,4.67,2.7645,0.0855,1.2391,0.6037,-0.0228,0.4144,2.27,2.4,0.6892,0.5982,0.7801,0
2025-01-09,4.68,2.7697,0.0873,1.236,0.6162,-0.0292,0.4221,2.29,2.39,0.7035,0.6168,0.7902,0
2025-01-10,4.77,2.7925,0.0952,1.2881,0.6386,-0.0444,0.4084,2.34,2.43,0.7338,0.6353,0.8324,0
2025-01-13,4.79,2.7952,0.0959,1.2951,0.6451,-0.0412,0.3895,2.34,2.45,0.741,0.6456,0.8363,0
2025-01-14,4.78,2.7941,0.0955,1.2814,0.6547,-0.0457,0.3884,2.34,2.44,0.7502,0.6661,0.8343,0
2025-01-15,4.66,2.762,0.0841,1.2445,0.5894,-0.0199,0.3758,2.24,2.42,0.6735,0.5737,0.7733,0
2025-01-16,4.61,2.7522,0.0802,1.2302,0.5801,-0.0328,0.3685,2.19,2.42,0.6603,0.5677,0.753,0
2025-01-17,4.61,2.7522,0.0795,1.2466,0.5529,-0.0212,0.3709,2.2,2.41,0.6324,0.5147,0.7501,0
2025-01-21,4.57,2.7425,0.0758,1.2525,0.5165,-0.0173,0.3876,2.19,2.38,0.5923,0.4543,0.7304,0
2025-01-22,4.6,2.7468,0.0776,1.2612,0.5288,-0.0144,0.3885,2.2,2.4,0.6064,0.4735,0.7392,0
2025-01-23,4.65,2.7553,0.0814,1.2581,0.5638,-0.0086,0.3695,2.23,2.42,0.6452,0.532,0.7585,0
2025-01-24,4.63,2.752,0.0806,1.2507,0.5575,-0.0108,0.3576,2.2,2.43,0.6381,0.5224,0.7537,0
2025-01-27,4.53,2.7294,0.0722,1.2478,0.4939,-0.0133,0.3422,2.13,2.4,0.5661,0.423,0.7092,0
2025-01-28,4.55,2.7334,0.0733,1.2365,0.522,-0.0152,0.3346,2.13,2.42,0.5953,0.4746,0.7161,0
2025-01-29,4.55,2.7361,0.0736,1.2471,0.5136,-0.0205,0.338,2.15,2.4,0.5872,0.4557,0.7187,0
2025-01-30,4.52,2.7277,0.0704,1.2327,0.5021,-0.0129,0.3503,2.14,2.38,0.5725,0.4431,0.7019,0
2025-01-31,4.58,2.7413,0.0753,1.2472,0.531,-0.0148,0.3379,2.16,2.42,0.6063,0.4844,0.7282,0
2025-02-03,4.54,2.7285,0.0706,1.2511,0.4836,0.0061,0.294,2.09,2.45,0.5542,0.4062,0.7022,0
2025-02-04,4.52,2.7251,0.0696,1.2458,0.4876,-0.0081,0.2903,2.08,2.44,0.5572,0.4177,0.6966,0
2025-02-05,4.43,2.7029,0.0614,1.2361,0.4271,0.0025,0.2882,2.01,2.42,0.4885,0.3244,0.6526,0
2025-02-06,4.45,2.7062,0.0622,1.253,0.4216,0.007,0.3009,2.03,2.42,0.4838,0.3102,0.6574,0
2025-02-07,4.49,2.7145,0.065,1.2735,0.4219,0.0151,0.3091,2.07,2.42,0.4869,0.3019,0.672,0
2025-02-10,4.51,2.7144,0.0651,1.2721,0.43,0.0284,0.3033,2.07,2.44,0.4951,0.318,0.6722,0
2025-02-11,4.54,2.7223,0.0677,1.2749,0.4558,0.0193,0.2865,2.08,2.46,0.5235,0.3602,0.6868,0
2025-02-12,4.62,2.7492,0.0772,1.2989,0.5106,-0.0158,0.2983,2.16,2.46,0.5878,0.4375,0.7381,0
2025-02-13,4.52,2.724,0.0683,1.2841,0.4451,-0.0015,0.2889,2.08,2.44,0.5134,0.337,0.6897,0
2025-02-14,4.47,2.7114,0.0636,1.2678,0.427,0.0001,0.2881,2.04,2.43,0.4906,0.3166,0.6646,0
2025-02-18,4.55,2.7293,0.0695,1.2818,0.4698,-0.0004,0.2906,2.1,2.45,0.5393,0.3813,0.6972,0
2025-02-19,4.53,2.7252,0.068,1.2661,0.47,0.0007,0.2782,2.08,2.45,0.538,0.3862,0.6898,0
2025-02-20,4.5,2.7193,0.0661,1.2607,0.4543,-0.0004,0.2668,2.05,2.45,0.5204,0.3617,0.6791,0
2025-02-21,4.42,2.7042,0.0608,1.243,0.4284,-0.0164,0.2831,2.0,2.42,0.4892,0.3274,0.651,0
2025-02-24,4.4,2.6996,0.0592,1.2345,0.4262,-0.0195,0.2735,1.98,2.42,0.4854,0.3282,0.6426,0
2025-02-25,4.3,2.6766,0.0507,1.2058,0.3809,-0.0141,0.2746,1.92,2.38,0.4316,0.2657,0.5975,0
2025-02-26,4.25,2.6656,0.0462,1.1976,0.3551,-0.0145,0.2882,1.89,2.36,0.4013,0.2282,0.5745,0
2025-02-27,4.29,2.6743,0.0491,1.1987,0.381,-0.013,0.2863,1.92,2.37,0.4301,0.2694,0.5907,0
2025-02-28,4.24,2.6635,0.0457,1.1786,0.3675,-0.0152,0.2615,1.86,2.38,0.4132,0.2541,0.5723,0
2025-03-03,4.16,2.6483,0.0403,1.1648,0.33,-0.0234,0.2444,1.8,2.36,0.3703,0.1974,0.5432,0
2025-03-04,4.22,2.6638,0.0468,1.1575,0.3771,-0.0251,0.2612,1.87,2.35,0.4239,0.2703,0.5774,0
2025-03-05,4.28,2.6799,0.0522,1.1715,0.4034,-0.0269,0.2908,1.94,2.34,0.4556,0.304,0.6071,0
2025-03-06,4.29,2.6828,0.0542,1.1559,0.4297,-0.0326,0.3004,1.95,2.34,0.4839,0.3507,0.617,0
2025-03-07,4.32,2.6896,0.0564,1.1622,0.4405,-0.0287,0.3135,1.99,2.33,0.4969,0.3645,0.6292,0
2025-03-10,4.22,2.667,0.0489,1.1323,0.4004,-0.0286,0.311,1.91,2.31,0.4493,0.3102,0.5884,0
2025-03-11,4.28,2.6808,0.0534,1.1378,0.4373,-0.0294,0.3244,1.97,2.31,0.4907,0.368,0.6134,0
2025-03-12,4.32,2.6905,0.0566,1.1531,0.4513,-0.0315,0.3155,1.99,2.33,0.5079,0.3846,0.6311,0
2025-03-13,4.27,2.68,0.053,1.1357,0.4322,-0.0309,0.3333,1.98,2.29,0.4852,0.3589,0.6116,0
2025-03-14,4.31,2.6895,0.0562,1.1577,0.4403,-0.0337,0.349,2.01,2.3,0.4965,0.3646,0.6283,0
2025-03-17,4.31,2.6869,0.0551,1.169,0.4244,-0.0254,0.3559,2.02,2.29,0.4795,0.3368,0.6223,0
2025-03-18,4.29,2.6789,0.0524,1.165,0.4128,-0.0191,0.3499,1.99,2.3,0.4652,0.3235,0.607,0
2025-03-19,4.25,2.6705,0.0491,1.1615,0.3963,-0.0273,0.323,1.94,2.31,0.4454,0.3008,0.59,0
2025-03-20,4.24,2.6673,0.0485,1.147,0.396,-0.0188,0.3107,1.93,2.31,0.4445,0.3027,0.5863,0
2025-03-21,4.25,2.6716,0.0499,1.1332,0.42,-0.0246,0.3042,1.92,2.33,0.4699,0.345,0.5947,0
2025-03-24,4.34,2.6922,0.0575,1.1521,0.4571,-0.0189,0.3096,1.98,2.36,0.5146,0.3939,0.6353,0
2025-03-25,4.31,2.6864,0.0557,1.1435,0.45,-0.0256,0.2924,1.96,2.35,0.5057,0.3865,0.6248,0
2025-03-26,4.35,2.6945,0.0586,1.144,0.4724,-0.0194,0.287,1.98,2.37,0.531,0.4213,0.6406,0
2025-03-27,4.38,2.7012,0.061,1.1391,0.4991,-0.0203,0.2679,1.99,2.39,0.5601,0.4661,0.654,0
2025-03-28,4.27,2.6769,0.052,1.1094,0.4486,-0.0169,0.2526,1.9,2.37,0.5006,0.3947,0.6065,0
2025-03-31,4.23,2.6682,0.0486,1.1071,0.4275,-0.0214,0.228,1.85,2.38,0.4761,0.3637,0.5885,0
2025-04-01,4.17,2.6566,0.0443,1.0953,0.3941,-0.0203,0.2606,1.84,2.33,0.4384,0.3109,0.5659,0
2025-04-02,4.2,2.6632,0.0461,1.1129,0.4001,-0.0223,0.2827,1.88,2.32,0.4462,0.3161,0.5763,0
2025-04-03,4.06,2.63,0.0344,1.0481,0.3716,-0.0241,0.2579,1.78,2.28,0.406,0.2978,0.5142,0
2025-04-04,4.01,2.6253,0.0338,1.037,0.3368,-0.0229,0.3556,1.83,2.18,0.3706,0.2312,0.5099,0
2025-04-07,4.15,2.6589,0.0464,1.0363,0.4477,-0.0392,0.404,1.96,2.19,0.4941,0.4104,0.5777,0
2025-04-08,4.26,2.6886,0.0569,1.0233,0.5516,-0.0605,0.4025,2.04,2.22,0.6085,0.5811,0.636,0
2025-04-09,4.34,2.7107,0.0635,1.1018,0.5325,-0.0684,0.3744,2.07,2.27,0.596,0.5202,0.6717,0
2025-04-10,4.4,2.7283,0.071,1.0509,0.6284,-0.0786,0.4554,2.21,2.19,0.6994,0.6871,0.7117,0
2025-04-11,4.48,2.745,0.0765,1.0975,0.63,-0.069,0.4806,2.28,2.2,0.7065,0.6716,0.7413,0
2025-04-14,4.38,2.7162,0.0662,1.066,0.5924,-0.0608,0.4293,2.15,2.23,0.6586,0.6314,0.6859,0
2025-04-15,4.35,2.7108,0.0636,1.0486,0.585,-0.058,0.4379,2.16,2.19,0.6486,0.6239,0.6732,0
2025-04-16,4.29,2.6971,0.0581,1.0241,0.5651,-0.0544,0.458,2.12,2.17,0.6232,0.6008,0.6456,0
2025-04-17,4.34,2.7086,0.0616,1.039,0.5954,-0.0646,0.404,2.11,2.23,0.657,0.6487,0.6653,0
2025-04-21,4.42,2.7335,0.0706,0.9998,0.6968,-0.0806,0.4391,2.2,2.22,0.7674,0.8192,0.7156,0
2025-04-22,4.41,2.73,0.0689,1.0173,0.6618,-0.068,0.3913,2.14,2.27,0.7307,0.7543,0.7072,0
2025-04-23,4.4,2.7255,0.0675,1.0456,0.6163,-0.0549,0.3784,2.11,2.29,0.6838,0.6698,0.6979,0
2025-04-24,4.32,2.7043,0.0598,1.0288,0.5828,-0.0557,0.3316,2.02,2.3,0.6426,0.6288,0.6564,0
2025-04-25,4.29,2.6959,0.0565,1.0175,0.5604,-0.0404,0.3614,2.02,2.27,0.6169,0.5946,0.6392,0
2025-04-28,4.23,2.6829,0.0516,0.9994,0.5456,-0.0495,0.3427,1.98,2.25,0.5972,0.5807,0.6138,0
2025-04-29,4.19,2.6731,0.0482,0.9857,0.5197,-0.0366,0.3574,1.96,2.23,0.5679,0.5402,0.5956,0
2025-04-30,4.17,2.6699,0.0466,0.9607,0.5413,-0.0485,0.3393,1.94,2.23,0.5879,0.5872,0.5885,0
2025-05-01,4.25,2.6902,0.0531,0.9802,0.5739,-0.0474,0.3486,2.0,2.25,0.627,0.6292,0.6247,0
2025-05-02,4.33,2.7077,0.0587,1.0169,0.5869,-0.0402,0.3635,2.06,2.27,0.6456,0.6363,0.655,0
2025-05-05,4.36,2.7131,0.0615,1.0194,0.6098,-0.0438,0.3578,2.08,2.28,0.6713,0.6741,0.6685,0
2025-05-06,4.3,2.706,0.0593,1.0041,0.6072,-0.0766,0.3371,2.04,2.26,0.6665,0.6767,0.6563,0
2025-05-07,4.26,2.6966,0.0556,1.0047,0.5725,-0.0694,0.3365,2.01,2.25,0.6281,0.6197,0.6366,0
2025-05-08,4.37,2.7201,0.0636,1.0447,0.6063,-0.0647,0.3309,2.08,2.29,0.6699,0.6601,0.6797,0
2025-05-09,4.37,2.7195,0.0641,1.0432,0.6077,-0.0644,0.3259,2.08,2.29,0.6718,0.6622,0.6813,0
2025-05-12,4.45,2.7369,0.0705,1.0759,0.622,-0.0553,0.3601,2.16,2.29,0.6925,0.6705,0.7145,0
2025-05-13,4.49,2.7436,0.0733,1.0782,0.6523,-0.0574,0.3437,2.17,2.32,0.7256,0.7225,0.7287,0
2025-05-14,4.53,2.7505,0.0759,1.0936,0.662,-0.052,0.3091,2.16,2.37,0.7379,0.7335,0.7422,0
2025-05-15,4.45,2.7329,0.0696,1.0619,0.64,-0.0544,0.3097,2.11,2.34,0.7096,0.7104,0.7087,0
2025-05-16,4.43,2.7286,0.0676,1.065,0.622,-0.0532,0.2982,2.09,2.34,0.6896,0.6809,0.6984,0
2025-05-19,4.46,2.7349,0.0691,1.06,0.6508,-0.0548,0.2961,2.1,2.36,0.7199,0.7317,0.7082,0
2025-05-20,4.48,2.7419,0.0712,1.0495,0.6759,-0.0585,0.3032,2.13,2.35,0.7471,0.7732,0.7209,0
2025-05-21,4.58,2.7688,0.0806,1.0521,0.7514,-0.0729,0.3188,2.23,2.35,0.832,0.8913,0.7727,0
2025-05-22,4.54,2.7608,0.0773,1.0442,0.7267,-0.069,0.3092,2.2,2.34,0.804,0.8524,0.7556,0
2025-05-23,4.51,2.7542,0.0744,1.0448,0.7024,-0.0658,0.3137,2.18,2.33,0.7768,0.8128,0.7407,0
2025-05-27,4.43,2.7345,0.0674,1.0385,0.6516,-0.062,0.3041,2.11,2.32,0.719,0.7354,0.7025,0
2025-05-28,4.47,2.743,0.0701,1.0503,0.6686,-0.062,0.3121,2.15,2.32,0.7387,0.7598,0.7177,0
2025-05-29,4.43,2.7301,0.0653,1.0401,0.6432,-0.0488,0.3086,2.11,2.32,0.7085,0.7249,0.6922,0
2025-05-30,4.41,2.7255,0.0633,1.0324,0.6446,-0.0558,0.2875,2.07,2.34,0.7079,0.7335,0.6824,0
2025-06-02,4.46,2.7395,0.0688,1.0273,0.679,-0.0546,0.3129,2.13,2.33,0.7478,0.784,0.7116,0
2025-06-03,4.46,2.7407,0.0696,1.0345,0.6717,-0.0565,0.3155,2.14,2.32,0.7413,0.7679,0.7148,0
2025-06-04,4.37,2.7169,0.0614,1.0153,0.6211,-0.0447,0.3261,2.06,2.31,0.6825,0.6948,0.6702,0
2025-06-05,4.4,2.7235,0.0639,1.0387,0.615,-0.0411,0.3477,2.11,2.29,0.6789,0.6746,0.6831,0
2025-06-06,4.51,2.749,0.0733,1.0782,0.6578,-0.0484,0.3608,2.2,2.31,0.7311,0.7299,0.7324,0
2025-06-09,4.49,2.7416,0.0706,1.0716,0.6496,-0.0434,0.3551,2.18,2.31,0.7202,0.7225,0.7179,0
2025-06-10,4.47,2.737,0.069,1.0725,0.6348,-0.0433,0.3631,2.18,2.29,0.7038,0.6987,0.7089,0
2025-06-11,4.41,2.724,0.0643,1.0535,0.6181,-0.0499,0.368,2.14,2.27,0.6824,0.6807,0.684,0
2025-06-12,4.36,2.7097,0.0593,1.0465,0.5792,-0.0347,0.3721,2.11,2.25,0.6385,0.62,0.6571,0
2025-06-13,4.41,2.7229,0.064,1.0519,0.618,-0.0468,0.362,2.13,2.28,0.682,0.6816,0.6823,0
2025-06-16,4.46,2.7329,0.0671,1.052,0.6474,-0.0394,0.3551,2.16,2.3,0.7145,0.729,0.7,0
2025-06-17,4.39,2.7161,0.061,1.0475,0.5987,-0.0332,0.3283,2.08,2.31,0.6597,0.652,0.6673,0
2025-06-18,4.38,2.7164,0.0605,1.0472,0.6034,-0.0475,0.3225,2.07,2.31,0.6639,0.6622,0.6656,0
2025-06-20,4.38,2.7156,0.0609,1.0347,0.6133,-0.0445,0.3076,2.05,2.33,0.6742,0.6816,0.6668,0
2025-06-23,4.34,2.708,0.0584,1.0111,0.6061,-0.0436,0.3187,2.04,2.3,0.6645,0.6752,0.6538,0
2025-06-24,4.3,2.6994,0.0551,0.9973,0.5904,-0.0422,0.3235,2.01,2.29,0.6455,0.6539,0.6371,0
2025-06-25,4.29,2.6982,0.0548,0.9895,0.5941,-0.0466,0.3178,2.01,2.28,0.6489,0.6625,0.6354,0
2025-06-26,4.26,2.692,0.0525,0.9726,0.5911,-0.0482,0.3091,1.98,2.28,0.6436,0.6636,0.6237,0
2025-06-27,4.29,2.701,0.0554,0.979,0.6089,-0.0543,0.3046,2.0,2.29,0.6643,0.6885,0.6401,0
2025-06-30,4.24,2.6873,0.0501,0.9789,0.5646,-0.0409,0.2949,1.95,2.29,0.6147,0.6176,0.6117,0
2025-07-01,4.26,2.6919,0.0518,1.0,0.5561,-0.0398,0.3026,1.97,2.29,0.6079,0.5955,0.6203,0
2025-07-02,4.3,2.7009,0.0557,1.0011,0.5902,-0.0479,0.2969,2.0,2.3,0.6459,0.6519,0.64,0
2025-07-03,4.35,2.7119,0.0583,1.0355,0.5896,-0.0453,0.2877,2.02,2.33,0.6479,0.64,0.6558,0
2025-07-07,4.4,2.7218,0.0622,1.027,0.6329,-0.0439,0.2759,2.05,2.35,0.6951,0.714,0.6762,0
2025-07-08,4.42,2.7289,0.0648,1.0327,0.6431,-0.0494,0.2847,2.07,2.35,0.7079,0.7254,0.6904,0
2025-07-09,4.34,2.7107,0.0588,1.0184,0.6012,-0.0492,0.2784,2.01,2.33,0.66,0.6631,0.657,0
2025-07-10,4.35,2.7113,0.059,1.0255,0.5975,-0.0433,0.2751,2.01,2.34,0.6565,0.6549,0.6581,0
2025-07-11,4.43,2.7303,0.0663,1.0271,0.6576,-0.0513,0.2621,2.06,2.37,0.7239,0.7507,0.697,0
2025-07-14,4.43,2.7311,0.0665,1.0214,0.6619,-0.0509,0.2469,2.04,2.39,0.7284,0.7585,0.6982,0
2025-07-15,4.5,2.7469,0.0718,1.0363,0.6914,-0.0464,0.2454,2.09,2.41,0.7632,0.7992,0.7272,0
2025-07-16,4.46,2.7391,0.0693,1.0113,0.696,-0.0557,0.2214,2.05,2.41,0.7653,0.8169,0.7138,0
2025-07-17,4.47,2.7421,0.07,1.0177,0.6939,-0.0537,0.202,2.04,2.43,0.7639,0.8095,0.7183,0
2025-07-18,4.44,2.7356,0.0683,1.0,0.6862,-0.0501,0.2086,2.03,2.41,0.7545,0.8005,0.7085,0
2025-07-21,4.38,2.7215,0.0627,0.9958,0.647,-0.047,0.2033,1.98,2.4,0.7097,0.74,0.6794,0
2025-07-22,4.35,2.7134,0.0595,0.987,0.6313,-0.0412,0.211,1.96,2.39,0.6908,0.719,0.6626,0
2025-07-23,4.4,2.7252,0.0637,1.0055,0.6435,-0.0378,0.2423,2.03,2.37,0.7072,0.7295,0.6848,0
2025-07-24,4.43,2.7279,0.0646,1.0223,0.6443,-0.0291,0.2187,1.98,2.45,0.7089,0.7285,0.6893,0
2025-07-25,4.4,2.7204,0.0626,1.0172,0.6249,-0.0251,0.2205,1.96,2.44,0.6875,0.6979,0.6771,0
2025-07-28,4.42,2.7266,0.065,1.0216,0.6432,-0.0365,0.2226,1.98,2.44,0.7082,0.7265,0.6899,0
2025-07-29,4.34,2.7053,0.0582,1.0133,0.5852,-0.022,0.2107,1.91,2.43,0.6434,0.6353,0.6515,0
2025-07-30,4.38,2.7149,0.0608,1.0374,0.5927,-0.0258,0.2196,1.96,2.42,0.6535,0.6406,0.6664,0
2025-07-31,4.37,2.7132,0.0602,1.0401,0.5847,-0.0282,0.2429,1.98,2.39,0.6449,0.6268,0.663,0
2025-08-01,4.23,2.6824,0.0527,0.9628,0.5665,-0.0344,0.259,1.9,2.33,0.6192,0.6201,0.6183,0
2025-08-04,4.22,2.6781,0.0516,0.9518,0.5637,-0.0252,0.2337,1.85,2.37,0.6153,0.6185,0.6121,0
2025-08-05,4.22,2.6803,0.0522,0.9569,0.5577,-0.0271,0.2392,1.86,2.36,0.6099,0.6043,0.6155,0
2025-08-06,4.22,2.6846,0.0538,0.9468,0.5825,-0.0477,0.2444,1.88,2.34,0.6363,0.6479,0.6247,0
2025-08-07,4.23,2.688,0.0553,0.9581,0.5786,-0.0501,0.2371,1.88,2.35,0.6339,0.636,0.6318,0
2025-08-08,4.27,2.696,0.0582,0.9706,0.5954,-0.0503,0.2124,1.88,2.39,0.6536,0.6601,0.6472,0
2025-08-11,4.27,2.6943,0.0583,0.9688,0.5871,-0.0385,0.21,1.87,2.4,0.6454,0.6443,0.6464,0
2025-08-12,4.29,2.7003,0.0609,0.9529,0.6192,-0.0433,0.2305,1.91,2.38,0.6801,0.6997,0.6606,0
2025-08-13,4.24,2.6877,0.0576,0.9361,0.5956,-0.037,0.2256,1.87,2.37,0.6532,0.6656,0.6408,0
2025-08-14,4.29,2.6995,0.0609,0.9458,0.6226,-0.0388,0.2245,1.9,2.39,0.6835,0.7069,0.66,0
2025-08-15,4.33,2.7104,0.065,0.9437,0.6541,-0.0432,0.2401,1.95,2.38,0.7191,0.7561,0.6821,0
2025-08-18,4.34,2.713,0.0656,0.9426,0.6615,-0.0426,0.2464,1.96,2.38,0.7271,0.7687,0.6855,0
2025-08-19,4.3,2.7052,0.063,0.9346,0.6435,-0.0464,0.2514,1.95,2.35,0.7065,0.7414,0.6717,0
2025-08-20,4.29,2.7008,0.0614,0.9311,0.6348,-0.0381,0.2499,1.94,2.35,0.6962,0.7291,0.6632,0
2025-08-21,4.33,2.7094,0.0638,0.9523,0.645,-0.0405,0.2301,1.94,2.39,0.7088,0.7407,0.6768,0
2025-08-22,4.26,2.6917,0.0589,0.9202,0.6291,-0.0399,0.182,1.85,2.41,0.688,0.7277,0.6483,0
2025-08-25,4.28,2.6994,0.0621,0.922,0.6365,-0.0401,0.1891,1.87,2.41,0.6986,0.7324,0.6649,0
2025-08-26,4.26,2.6943,0.0606,0.9,0.6471,-0.042,0.1689,1.84,2.42,0.7077,0.7584,0.657,0
2025-08-27,4.24,2.6919,0.0598,0.8844,0.6523,-0.0484,0.1428,1.81,2.43,0.7121,0.771,0.6532,0
2025-08-28,4.22,2.6876,0.0581,0.8833,0.6272,-0.0363,0.1588,1.81,2.41,0.6853,0.7264,0.6443,0
2025-08-29,4.23,2.6907,0.0597,0.8722,0.6509,-0.0435,0.1656,1.82,2.41,0.7106,0.7688,0.6524,0
2025-09-02,4.28,2.7041,0.0641,0.8775,0.6818,-0.0474,0.1776,1.87,2.41,0.7459,0.8148,0.677,0
2025-09-03,4.22,2.6893,0.0593,0.8683,0.6438,-0.0407,0.1769,1.82,2.4,0.7031,0.756,0.6501,0
2025-09-04,4.17,2.6778,0.0556,0.8567,0.6216,-0.0416,0.1795,1.79,2.38,0.6772,0.7248,0.6296,0
2025-09-05,4.1,2.6607,0.0523,0.8371,0.586,-0.0361,0.1836,1.73,2.37,0.6383,0.6695,0.6072,0
2025-09-08,4.05,2.65,0.0491,0.8462,0.5494,-0.0447,0.1873,1.7,2.35,0.5985,0.6089,0.5882,0
2025-09-09,4.08,2.6534,0.0503,0.8575,0.5516,-0.0328,0.189,1.72,2.36,0.6019,0.6094,0.5944,0
2025-09-10,4.04,2.6451,0.0479,0.8601,0.5253,-0.0384,0.1856,1.69,2.35,0.5732,0.5665,0.5798,0
2025-09-11,4.01,2.638,0.046,0.8637,0.503,-0.0407,0.1872,1.67,2.34,0.549,0.5296,0.5684,0
2025-09-12,4.06,2.6483,0.0499,0.8782,0.527,-0.0435,0.1929,1.7,2.36,0.5769,0.5653,0.5886,0
2025-09-15,4.05,2.6435,0.0491,0.873,0.5192,-0.0348,0.1935,1.68,2.37,0.5683,0.5538,0.5829,0
2025-09-16,4.04,2.6411,0.0483,0.8674,0.5206,-0.0373,0.187,1.67,2.37,0.5689,0.559,0.5787,0
2025-09-17,4.06,2.6467,0.0508,0.8795,0.5239,-0.0409,0.1874,1.68,2.38,0.5747,0.5582,0.5911,0
2025-09-18,4.11,2.6589,0.0549,0.8819,0.5565,-0.0422,0.196,1.73,2.38,0.6114,0.6092,0.6137,0
2025-09-19,4.14,2.6649,0.0572,0.8827,0.5742,-0.039,0.2014,1.75,2.39,0.6314,0.6369,0.6259,0
2025-09-22,4.15,2.6685,0.0589,0.882,0.5773,-0.0367,0.2216,1.78,2.37,0.6362,0.6383,0.6342,0
2025-09-23,4.12,2.6601,0.0559,0.8812,0.5584,-0.0356,0.2109,1.75,2.37,0.6143,0.6106,0.6181,0
2025-09-24,4.16,2.6677,0.0587,0.8951,0.5682,-0.0297,0.2123,1.78,2.38,0.6269,0.6213,0.6325,0
2025-09-25,4.18,2.6715,0.0591,0.92,0.5541,-0.0247,0.2172,1.8,2.38,0.6132,0.5907,0.6357,0
2025-09-26,4.2,2.6755,0.0613,0.9192,0.5738,-0.0298,0.2257,1.82,2.38,0.6351,0.624,0.6461,0
2025-09-29,4.15,2.6653,0.0579,0.9176,0.5449,-0.0357,0.2327,1.8,2.35,0.6028,0.5782,0.6274,0
2025-09-30,4.16,2.6667,0.0588,0.9127,0.5605,-0.0388,0.2305,1.8,2.36,0.6193,0.6071,0.6316,0
2025-10-01,4.12,2.6596,0.0568,0.8893,0.5593,-0.045,0.2316,1.77,2.35,0.6161,0.6116,0.6207,0
2025-10-02,4.1,2.6556,0.055,0.8888,0.5425,-0.0419,0.2405,1.76,2.34,0.5975,0.5834,0.6116,0
2025-10-03,4.13,2.6635,0.0577,0.9023,0.5544,-0.0478,0.2505,1.8,2.33,0.6121,0.598,0.6261,0
2025-10-06,4.18,2.6742,0.0619,0.905,0.5843,-0.0454,0.256,1.84,2.34,0.6462,0.644,0.6483,0
2025-10-07,4.14,2.6644,0.0585,0.8957,0.5655,-0.0442,0.2411,1.79,2.35,0.624,0.6184,0.6296,0
2025-10-08,4.13,2.665,0.0584,0.9047,0.559,-0.0571,0.2336,1.78,2.35,0.6174,0.6052,0.6296,0
2025-10-09,4.14,2.6676,0.0592,0.9087,0.5624,-0.0579,0.2423,1.8,2.34,0.6216,0.6095,0.6337,0
2025-10-10,4.05,2.6465,0.0518,0.8915,0.515,-0.0548,0.2537,1.75,2.3,0.5668,0.5398,0.5938,0
2025-10-14,4.03,2.6395,0.0491,0.8753,0.5138,-0.0478,0.2589,1.73,2.3,0.5629,0.5455,0.5803,0
2025-10-15,4.05,2.6458,0.0507,0.8794,0.5255,-0.0514,0.2749,1.76,2.29,0.5762,0.5625,0.59,0
2025-10-16,3.99,2.63,0.0455,0.8574,0.4995,-0.0423,0.2802,1.71,2.28,0.545,0.5283,0.5616,0
2025-10-17,4.02,2.6385,0.0487,0.8693,0.5099,-0.0463,0.2944,1.75,2.27,0.5586,0.5388,0.5783,0
2025-10-20,4.0,2.6341,0.0477,0.8674,0.4983,-0.0475,0.298,1.74,2.26,0.546,0.5198,0.5721,0
2025-10-21,3.98,2.626,0.045,0.8687,0.4785,-0.0382,0.2792,1.7,2.28,0.5235,0.49,0.5569,0
2025-10-22,3.97,2.6249,0.0444,0.8728,0.4738,-0.046,0.2648,1.68,2.29,0.5182,0.4825,0.5539,0
2025-10-23,4.01,2.6351,0.0481,0.8825,0.493,-0.0487,0.2659,1.71,2.3,0.5411,0.5086,0.5737,0
2025-10-24,4.02,2.637,0.0496,0.8745,0.5041,-0.0453,0.2802,1.73,2.29,0.5537,0.5272,0.5803,0
2025-10-27,4.01,2.635,0.0497,0.8814,0.4894,-0.0455,0.2886,1.73,2.28,0.5391,0.499,0.5793,0
2025-10-28,3.99,2.6303,0.0484,0.883,0.4791,-0.0507,0.2878,1.71,2.28,0.5275,0.4838,0.5712,0
2025-10-29,4.08,2.6477,0.0531,0.9203,0.4966,-0.0377,0.3043,1.78,2.3,0.5497,0.5012,0.5982,0
2025-10-30,4.11,2.6542,0.0554,0.9218,0.5205,-0.0419,0.3074,1.82,2.29,0.5759,0.541,0.6107,0
2025-10-31,4.11,2.6543,0.0553,0.9146,0.5295,-0.0437,0.294,1.81,2.3,0.5848,0.5588,0.6107,0
2025-11-03,4.13,2.6582,0.0564,0.9119,0.5398,-0.0364,0.2924,1.82,2.31,0.5962,0.5753,0.6172,0
2025-11-04,4.1,2.6537,0.0553,0.901,0.5321,-0.042,0.2975,1.81,2.29,0.5874,0.5637,0.611,0
2025-11-05,4.17,2.6701,0.061,0.9144,0.5664,-0.0419,0.3083,1.87,2.3,0.6274,0.613,0.6418,0
2025-11-06,4.11,2.6556,0.0564,0.89,0.5458,-0.0378,0.3117,1.83,2.28,0.6022,0.588,0.6164,0
2025-11-07,4.11,2.6556,0.0564,0.8826,0.5539,-0.0385,0.3128,1.83,2.28,0.6103,0.6041,0.6165,0
2025-11-10,4.13,2.6608,0.0577,0.8952,0.555,-0.0387,0.3077,1.84,2.29,0.6127,0.601,0.6244,0
2025-11-12,4.08,2.6502,0.0538,0.8889,0.5294,-0.0424,0.3084,1.81,2.27,0.5832,0.5632,0.6033,0
2025-11-13,4.11,2.6585,0.0565,0.8995,0.5474,-0.052,0.3089,1.83,2.28,0.6039,0.5896,0.6183,0
2025-11-14,4.14,2.667,0.0593,0.9026,0.5679,-0.0568,0.3102,1.86,2.28,0.6272,0.6206,0.6338,0
2025-11-17,4.13,2.663,0.0577,0.9001,0.5551,-0.0458,0.3146,1.85,2.28,0.6128,0.5998,0.6257,0
2025-11-18,4.12,2.6616,0.0577,0.8844,0.5687,-0.0524,0.314,1.85,2.27,0.6264,0.6279,0.625,0
2025-11-19,4.13,2.6646,0.0581,0.8888,0.5707,-0.0522,0.3184,1.86,2.27,0.6288,0.6289,0.6288,0
2025-11-20,4.1,2.6591,0.0562,0.8774,0.5633,-0.056,0.3268,1.86,2.24,0.6195,0.6207,0.6184,0
2025-11-21,4.06,2.6506,0.0539,0.8532,0.5607,-0.0584,0.3201,1.82,2.24,0.6146,0.6237,0.6055,0
2025-11-24,4.04,2.6463,0.0521,0.8537,0.5421,-0.0542,0.3302,1.81,2.23,0.5942,0.5924,0.5961,0
2025-11-25,4.01,2.6392,0.0499,0.8418,0.534,-0.0549,0.3293,1.79,2.22,0.5839,0.5839,0.5839,0
2025-11-26,4.0,2.6363,0.0483,0.8517,0.5175,-0.0538,0.3148,1.77,2.23,0.5658,0.5559,0.5758,0
2025-11-28,4.02,2.6433,0.0511,0.8556,0.5333,-0.0633,0.3214,1.79,2.23,0.5844,0.5782,0.5906,0
2025-12-01,4.09,2.6611,0.0587,0.8615,0.5754,-0.0667,0.3361,1.85,2.24,0.6341,0.6388,0.6295,0
2025-12-02,4.09,2.6604,0.0594,0.8528,0.5831,-0.0658,0.3424,1.85,2.24,0.6425,0.653,0.632,0
2025-12-03,4.06,2.6534,0.0578,0.8404,0.5739,-0.0654,0.3356,1.82,2.24,0.6317,0.6412,0.6221,0
2025-12-04,4.11,2.6647,0.0623,0.857,0.5916,-0.0656,0.3318,1.85,2.26,0.6539,0.6626,0.6452,0
2025-12-05,4.14,2.6706,0.0648,0.8607,0.5983,-0.0545,0.3395,1.88,2.26,0.6631,0.6685,0.6578,0
2025-12-08,4.17,2.6785,0.068,0.8691,0.6145,-0.0601,0.3546,1.91,2.26,0.6825,0.6907,0.6742,0
2025-12-09,4.18,2.6791,0.0683,0.8841,0.6001,-0.0517,0.3645,1.92,2.26,0.6684,0.6618,0.6751,0
2025-12-10,4.13,2.672,0.0669,0.8725,0.6104,-0.0917,0.3459,1.88,2.25,0.6773,0.6886,0.666,0
2025-12-11,4.14,2.6719,0.0679,0.8506,0.6164,-0.0668,0.35,1.89,2.25,0.6843,0.6982,0.6704,0
2025-12-12,4.19,2.6855,0.0742,0.8449,0.6622,-0.0768,0.3573,1.93,2.26,0.7364,0.7704,0.7025,0
2025-12-15,4.18,2.6834,0.0731,0.8377,0.6607,-0.0748,0.3666,1.93,2.25,0.7338,0.7702,0.6973,0
2025-12-16,4.15,2.6759,0.0705,0.8285,0.6462,-0.0711,0.3832,1.92,2.23,0.7167,0.75,0.6833,0
2025-12-17,4.16,2.6776,0.0711,0.8296,0.6509,-0.0693,0.3809,1.92,2.24,0.722,0.7577,0.6864,0
2025-12-18,4.12,2.6689,0.0681,0.8194,0.6344,-0.0708,0.3725,1.88,2.24,0.7025,0.7349,0.6701,0
2025-12-19,4.16,2.6765,0.0703,0.8254,0.6482,-0.0604,0.383,1.92,2.24,0.7185,0.7541,0.6829,0
2025-12-22,4.17,2.6797,0.0717,0.831,0.6475,-0.0599,0.3958,1.94,2.23,0.7192,0.7483,0.69,0
2025-12-23,4.18,2.6778,0.0715,0.8469,0.6249,-0.0411,0.3928,1.94,2.24,0.6964,0.7055,0.6872,0
2025-12-24,4.15,2.6708,0.0694,0.8514,0.6044,-0.0461,0.3866,1.91,2.24,0.6738,0.6728,0.6749,0
2025-12-26,4.14,2.6703,0.0691,0.8334,0.6296,-0.0624,0.3945,1.91,2.23,0.6987,0.7233,0.6741,0
2025-12-29,4.12,2.6663,0.067,0.8279,0.6223,-0.0635,0.3949,1.9,2.22,0.6892,0.7147,0.6638,0
2025-12-30,4.14,2.6694,0.0678,0.8304,0.6317,-0.0593,0.3884,1.9,2.24,0.6995,0.7301,0.669,0
2025-12-31,4.18,2.6807,0.072,0.8445,0.6475,-0.0648,0.393,1.93,2.25,0.7195,0.7478,0.6913,0
2026-01-02,4.19,2.6858,0.0739,0.8381,0.6719,-0.0798,0.3807,1.94,2.25,0.7458,0.7901,0.7016,0
2026-01-05,4.17,2.6801,0.0723,0.8281,0.6619,-0.0724,0.3652,1.91,2.26,0.7342,0.7758,0.6926,0
2026-01-06,4.18,2.6833,0.0734,0.8288,0.6678,-0.0733,0.3624,1.91,2.27,0.7412,0.7836,0.6988,0
2026-01-07,4.15,2.674,0.0701,0.8293,0.6357,-0.0591,0.3579,1.88,2.27,0.7058,0.731,0.6806,0
2026-01-08,4.19,2.6835,0.0738,0.8449,0.6527,-0.0649,0.3623,1.92,2.27,0.7265,0.7531,0.6998,0
2026-01-09,4.18,2.6789,0.0722,0.859,0.6221,-0.0522,0.3556,1.9,2.28,0.6943,0.6983,0.6903,0
2026-01-12,4.19,2.6802,0.0726,0.8652,0.6302,-0.0582,0.3394,1.9,2.29,0.7028,0.7134,0.6921,0
2026-01-13,4.18,2.6776,0.0715,0.8627,0.6277,-0.0595,0.327,1.88,2.3,0.6992,0.7116,0.6867,0
2026-01-14,4.15,2.6699,0.0687,0.8567,0.6066,-0.0519,0.3256,1.86,2.29,0.6753,0.6791,0.6715,0
2026-01-15,4.17,2.6752,0.0704,0.8788,0.6,-0.0544,0.3202,1.88,2.29,0.6704,0.6602,0.6807,0
2026-01-16,4.24,2.6878,0.075,0.8922,0.6289,-0.0439,0.3166,1.91,2.33,0.7039,0.7027,0.705,0
2026-01-20,4.3,2.7053,0.0815,0.887,0.6906,-0.0643,0.3214,1.97,2.33,0.7721,0.804,0.7401,0
2026-01-21,4.26,2.6967,0.0781,0.8848,0.6644,-0.064,0.2921,1.92,2.34,0.7425,0.7628,0.7223,0
2026-01-22,4.26,2.6962,0.0778,0.8987,0.6455,-0.0582,0.2974,1.95,2.31,0.7233,0.7257,0.7208,0
2026-01-23,4.24,2.6913,0.0761,0.9023,0.6345,-0.0642,0.2765,1.92,2.32,0.7106,0.7098,0.7114,0
2026-01-26,4.22,2.686,0.0743,0.9046,0.6163,-0.0612,0.2685,1.9,2.32,0.6906,0.6801,0.7012,0
2026-01-27,4.24,2.6902,0.0758,0.9009,0.6362,-0.0631,0.2513,1.9,2.34,0.712,0.7147,0.7094,0
2026-01-28,4.26,2.6966,0.0778,0.9032,0.6512,-0.0687,0.233,1.9,2.36,0.729,0.7372,0.7207,0
2026-01-29,4.24,2.6929,0.0764,0.8822,0.6562,-0.0676,0.2284,1.89,2.35,0.7326,0.7512,0.714,0
2026-01-30,4.26,2.6956,0.0775,0.8772,0.6636,-0.0539,0.2244,1.9,2.36,0.7411,0.7622,0.72,0
2026-02-02,4.29,2.7051,0.0806,0.8785,0.6847,-0.0589,0.2431,1.94,2.35,0.7653,0.7931,0.7375,0
2026-02-03,4.28,2.7033,0.0799,0.8813,0.6801,-0.0646,0.228,1.92,2.36,0.76,0.7862,0.7338,0
2026-02-04,4.29,2.7063,0.0807,0.8868,0.6794,-0.0633,0.2387,1.94,2.35,0.7601,0.7816,0.7387,0
2026-02-05,4.21,2.6885,0.075,0.8474,0.6662,-0.0671,0.2424,1.89,2.32,0.7412,0.7751,0.7074,0
2026-02-06,4.22,2.6897,0.0752,0.8525,0.6645,-0.062,0.2383,1.88,2.34,0.7397,0.7708,0.7087,0
2026-02-09,4.22,2.6884,0.0748,0.8478,0.6664,-0.0574,0.2281,1.87,2.35,0.7412,0.7756,0.7067,0
2026-02-10,4.16,2.6756,0.0702,0.8401,0.6317,-0.0576,0.2349,1.84,2.32,0.7019,0.7221,0.6817,0
2026-02-11,4.18,2.6825,0.0724,0.8562,0.6391,-0.0702,0.2366,1.86,2.32,0.7115,0.7292,0.6938,0
2026-02-12,4.09,2.6628,0.0655,0.8436,0.5946,-0.0765,0.2336,1.8,2.29,0.6601,0.6641,0.6561,0
2026-02-13,4.04,2.651,0.0609,0.8254,0.5805,-0.0778,0.2418,1.77,2.27,0.6414,0.6506,0.6322,0
2026-02-17,4.05,2.652,0.0608,0.8346,0.5696,-0.067,0.2633,1.79,2.26,0.6304,0.6285,0.6323,0
2026-02-18,4.09,2.6579,0.0631,0.8435,0.5846,-0.0591,0.2551,1.8,2.29,0.6477,0.6512,0.6441,0
2026-02-19,4.08,2.6553,0.0619,0.8433,0.5766,-0.0571,0.2489,1.79,2.29,0.6385,0.6391,0.638,0
2026-02-20,4.08,2.657,0.0623,0.8411,0.5821,-0.0626,0.2519,1.8,2.28,0.6444,0.6481,0.6408,0
2026-02-23,4.03,2.6455,0.0576,0.8226,0.5661,-0.0619,0.2558,1.77,2.26,0.6237,0.6308,0.6167,0
2026-02-24,4.04,2.6478,0.0582,0.8301,0.5631,-0.0592,0.2618,1.78,2.26,0.6213,0.6222,0.6203,0
2026-02-25,4.05,2.6485,0.0587,0.8384,0.5588,-0.0545,0.2476,1.77,2.28,0.6175,0.6131,0.622,0
2026-02-26,4.02,2.6403,0.0556,0.8308,0.545,-0.0517,0.2314,1.74,2.28,0.6006,0.5954,0.6058,0
2026-02-27,3.97,2.6312,0.0525,0.809,0.538,-0.0607,0.2354,1.72,2.25,0.5905,0.5915,0.5895,0
2026-03-02,4.05,2.6493,0.0584,0.8372,0.5583,-0.0532,0.2358,1.76,2.29,0.6167,0.6117,0.6217,0
2026-03-03,4.06,2.6512,0.0593,0.8442,0.5577,-0.0524,0.2332,1.77,2.29,0.617,0.6082,0.6259,0
2026-03-04,4.09,2.6566,0.0615,0.8589,0.555,-0.042,0.2468,1.8,2.29,0.6165,0.5961,0.637,0
2026-03-05,4.13,2.6638,0.0647,0.8738,0.5677,-0.0399,0.2216,1.82,2.31,0.6324,0.6123,0.6524,0
2026-03-06,4.15,2.6672,0.0667,0.8672,0.5861,-0.0372,0.1895,1.8,2.35,0.6528,0.6434,0.6622,0
2026-03-09,4.12,2.6619,0.0644,0.8676,0.5661,-0.04,0.1856,1.78,2.34,0.6305,0.6108,0.6502,0
2026-03-10,4.15,2.6683,0.0669,0.8696,0.5761,-0.0309,0.2137,1.82,2.33,0.643,0.6227,0.6634,0
2026-03-11,4.21,2.6821,0.0718,0.8863,0.6093,-0.0395,0.1769,1.85,2.36,0.6811,0.6723,0.69,0
2026-03-12,4.27,2.6992,0.0779,0.929,0.6107,-0.0469,0.19,1.89,2.38,0.6886,0.6557,0.7216,0
2026-03-13,4.28,2.7015,0.0791,0.9171,0.6346,-0.0524,0.2044,1.92,2.36,0.7137,0.6996,0.7278,0
2026-03-16,4.23,2.6852,0.0725,0.9011,0.6047,-0.0335,0.185,1.87,2.36,0.6772,0.6609,0.6936,0
2026-03-17,4.2,2.6802,0.0704,0.8989,0.5915,-0.041,0.1797,1.83,2.37,0.6619,0.6411,0.6827,0
2026-03-18,4.26,2.6938,0.075,0.9352,0.6013,-0.0453,0.15,1.86,2.4,0.6763,0.6452,0.7073,0
2026-03-19,4.25,2.6932,0.0746,0.9545,0.5726,-0.0449,0.1762,1.88,2.37,0.6472,0.59,0.7045,0
2026-03-20,4.39,2.7278,0.0868,0.9853,0.6551,-0.065,0.201,2.01,2.38,0.7419,0.7132,0.7707,0
2026-03-23,4.34,2.7172,0.0834,0.9637,0.6378,-0.0621,0.2448,2.01,2.33,0.7212,0.6906,0.7517,0
2026-03-24,4.39,2.7265,0.0868,1.0001,0.6342,-0.0576,0.2636,2.06,2.33,0.721,0.6728,0.7693,0
2026-03-25,4.33,2.7099,0.0815,0.9874,0.6011,-0.0499,0.2643,2.02,2.31,0.6826,0.6257,0.7395,0
2026-03-26,4.42,2.7316,0.0896,1.036,0.627,-0.0642,0.2601,2.08,2.34,0.7166,0.6514,0.7818,0
2026-03-27,4.44,2.7345,0.0914,0.999,0.6724,-0.0573,0.2802,2.13,2.31,0.7638,0.7368,0.7909,0
2026-03-30,4.35,2.7119,0.0826,0.9724,0.6307,-0.0476,0.2585,2.04,2.31,0.7133,0.6815,0.7452,0
2026-03-31,4.3,2.7014,0.0786,0.9588,0.608,-0.0468,0.2552,2.0,2.3,0.6866,0.6491,0.7241,0
2026-04-01,4.33,2.7116,0.0825,0.9654,0.6303,-0.0598,0.2646,2.02,2.31,0.7128,0.6806,0.7449,0
2026-04-02,4.31,2.7035,0.0793,0.964,0.6113,-0.0482,0.235,1.97,2.34,0.6906,0.6532,0.7281,0
2026-04-03,4.35,2.7138,0.0828,0.9827,0.6233,-0.0526,0.2239,1.99,2.36,0.7061,0.6652,0.747,0
2026-04-06,4.34,2.7105,0.0814,0.9855,0.6088,-0.0462,0.2273,1.98,2.36,0.6902,0.6408,0.7396,0
2026-04-07,4.33,2.7071,0.0806,0.9697,0.6178,-0.0451,0.2176,1.96,2.37,0.6984,0.6618,0.7349,0
2026-04-08,4.29,2.7009,0.0783,0.9563,0.6036,-0.0491,0.2431,1.96,2.33,0.6819,0.6411,0.7227,0
2026-04-09,4.29,2.7005,0.0785,0.951,0.6106,-0.0506,0.2379,1.95,2.34,0.6891,0.6547,0.7235,0
2026-04-10,4.31,2.7059,0.0803,0.9587,0.6208,-0.0557,0.2259,1.95,2.36,0.7011,0.6688,0.7335,0
2026-04-13,4.3,2.7005,0.0776,0.9531,0.6117,-0.0429,0.2025,1.92,2.38,0.6893,0.6581,0.7204,0
2026-04-14,4.26,2.6904,0.074,0.94,0.5889,-0.0333,0.2022,1.89,2.37,0.6629,0.625,0.7008,0
2026-04-15,4.29,2.6969,0.0762,0.9451,0.604,-0.0323,0.2028,1.9,2.39,0.6802,0.6474,0.7131,0
2026-04-16,4.32,2.7051,0.0797,0.9414,0.6283,-0.0345,0.2108,1.93,2.39,0.708,0.6844,0.7315,0
2026-04-17,4.26,2.6918,0.0757,0.9123,0.6098,-0.0296,0.2388,1.9,2.36,0.6855,0.6619,0.709,0
2026-04-20,4.26,2.6912,0.0744,0.9226,0.6024,-0.0305,0.2432,1.91,2.35,0.6768,0.65,0.7035,0
2026-04-21,4.3,2.6993,0.0771,0.9484,0.6067,-0.0315,0.2177,1.92,2.38,0.6838,0.6498,0.7179,0
2026-04-22,4.3,2.7014,0.0783,0.9523,0.6085,-0.0405,0.2018,1.92,2.38,0.6868,0.6501,0.7235,0
2026-04-23,4.34,2.7095,0.0812,0.9675,0.6216,-0.0397,0.1817,1.92,2.42,0.7028,0.6665,0.739,0
2026-04-24,4.31,2.7018,0.0786,0.9481,0.6178,-0.0363,0.1612,1.89,2.42,0.6964,0.6678,0.7251,0
2026-04-27,4.35,2.711,0.082,0.9546,0.6363,-0.0339,0.1516,1.91,2.44,0.7183,0.6933,0.7432,0
2026-04-28,4.36,2.7162,0.0838,0.97,0.6339,-0.0439,0.1499,1.92,2.44,0.7177,0.6827,0.7527,0
2026-04-29,4.42,2.7302,0.0893,0.9993,0.6499,-0.0487,0.1421,1.96,2.46,0.7392,0.6974,0.7809,0
2026-04-30,4.4,2.725,0.0882,0.9784,0.656,-0.0476,0.1391,1.94,2.46,0.7442,0.7145,0.7739,0
2026-05-01,4.39,2.7228,0.0871,0.9857,0.6455,-0.0511,0.1155,1.91,2.48,0.7326,0.6966,0.7686,0
2026-05-04,4.45,2.7375,0.0922,1.0078,0.668,-0.0556,0.1092,1.95,2.5,0.7602,0.7247,0.7958,0
2026-05-05,4.43,2.7341,0.0913,1.0038,0.6559,-0.055,0.1401,1.96,2.47,0.7472,0.704,0.7903,0
2026-05-06,4.36,2.7166,0.0851,0.9799,0.625,-0.0466,0.1871,1.94,2.42,0.7101,0.6632,0.757,0
2026-05-07,4.41,2.7248,0.0882,1.0015,0.6397,-0.0442,0.1795,1.96,2.45,0.7279,0.6828,0.773,0
2026-05-08,4.38,2.7173,0.0855,0.9963,0.6229,-0.042,0.1687,1.93,2.45,0.7084,0.6582,0.7586,0
2026-05-11,4.42,2.7279,0.0886,1.0162,0.6399,-0.0526,0.1521,1.95,2.47,0.7285,0.6807,0.7762,0
2026-05-12,4.46,2.7413,0.0936,1.0303,0.6662,-0.0713,0.1356,1.99,2.47,0.7598,0.7168,0.8027,0
2026-05-13,4.46,2.7423,0.0942,1.0218,0.6729,-0.0712,0.1501,1.99,2.47,0.7671,0.7289,0.8054,0
2026-05-14,4.47,2.7424,0.0946,1.0322,0.6609,-0.0601,0.1687,2.0,2.47,0.7555,0.7042,0.8068,0
2026-05-15,4.59,2.7739,0.1062,1.0622,0.7374,-0.0897,0.1597,2.1,2.49,0.8436,0.8184,0.8687,0
2026-05-18,4.61,2.777,0.1076,1.058,0.7437,-0.0763,0.1732,2.13,2.48,0.8513,0.8269,0.8758,0
2026-05-19,4.67,2.7922,0.1134,1.0727,0.7781,-0.0865,0.1886,2.18,2.49,0.8915,0.8767,0.9064,0
2026-05-20,4.57,2.7685,0.1055,1.0433,0.7294,-0.0766,0.2118,2.13,2.44,0.8349,0.807,0.8628,0
2026-05-21,4.57,2.7687,0.1045,1.0613,0.7136,-0.0781,0.2515,2.18,2.39,0.8181,0.777,0.8592,0
2026-05-22,4.56,2.7655,0.1032,1.0872,0.6852,-0.081,0.2708,2.16,2.4,0.7884,0.7251,0.8516,0
2026-05-26,4.5,2.7463,0.096,1.0657,0.6605,-0.0685,0.2541,2.1,2.4,0.7565,0.7001,0.8128,0
2026-05-27,4.48,2.7426,0.0946,1.0627,0.652,-0.0719,0.2502,2.09,2.39,0.7466,0.6877,0.8056,0
2026-05-28,4.45,2.7362,0.0922,1.0614,0.6339,-0.0738,0.2414,2.06,2.39,0.7261,0.6594,0.7929,0
2026-05-29,4.45,2.7344,0.0916,1.0531,0.6337,-0.0628,0.2507,2.07,2.38,0.7253,0.6607,0.7899,0
2026-06-01,4.47,2.7403,0.0931,1.0728,0.6354,-0.0716,0.2474,2.07,2.4,0.7285,0.6585,0.7985,0
2026-06-02,4.46,2.7367,0.092,1.0733,0.6213,-0.0633,0.2633,2.07,2.39,0.7133,0.6344,0.7922,0
2026-06-03,4.49,2.7452,0.0954,1.0867,0.6381,-0.0754,0.2637,2.11,2.38,0.7335,0.6577,0.8094,0
2026-06-04,4.47,2.7406,0.0937,1.0728,0.6346,-0.0716,0.2947,2.11,2.36,0.7283,0.6558,0.8007,0
2026-06-05,4.55,2.7592,0.0999,1.1167,0.6492,-0.0751,0.326,2.19,2.36,0.7491,0.664,0.8342,0
2026-06-08,4.56,2.7593,0.0996,1.1159,0.6576,-0.0724,0.3353,2.21,2.35,0.7572,0.6816,0.8328,0
2026-06-09,4.53,2.7524,0.0971,1.107,0.6458,-0.0723,0.3446,2.2,2.33,0.7429,0.666,0.8198,0
2026-06-10,4.55,2.7561,0.0984,1.1074,0.6583,-0.0701,0.349,2.21,2.34,0.7567,0.6865,0.8269,0
2026-06-11,4.45,2.7335,0.0904,1.0831,0.6097,-0.0666,0.355,2.16,2.29,0.7001,0.6166,0.7835,0
2026-06-12,4.48,2.7399,0.0926,1.0957,0.6221,-0.0703,0.3492,2.17,2.31,0.7147,0.6339,0.7955,0
2026-06-15,4.47,2.735,0.0907,1.0864,0.616,-0.0582,0.3368,2.15,2.32,0.7067,0.6278,0.7857,0
2026-06-16,4.43,2.7257,0.0872,1.0823,0.5867,-0.0518,0.3485,2.14,2.29,0.6739,0.5806,0.7671,0
2026-06-17,4.49,2.7418,0.0904,1.147,0.5702,-0.0594,0.3986,2.23,2.26,0.6606,0.5342,0.787,0
2026-06-18,4.46,2.7286,0.0853,1.147,0.5462,-0.0471,0.3938,2.21,2.25,0.6315,0.5034,0.7597,0
2026-06-22,4.51,2.7409,0.088,1.1698,0.564,-0.0527,0.4206,2.28,2.23,0.652,0.5269,0.777,0
2026-06-23,4.5,2.7377,0.0872,1.1568,0.5681,-0.0498,0.4412,2.29,2.21,0.6553,0.5386,0.7721,0
2026-06-24,4.41,2.7154,0.0791,1.1393,0.5154,-0.0392,0.4427,2.23,2.18,0.5945,0.4601,0.7289,0
2026-06-25,4.4,2.7098,0.077,1.1322,0.5135,-0.0325,0.4167,2.19,2.21,0.5905,0.4638,0.7173,0
2026-06-26,4.38,2.7069,0.0758,1.1152,0.5155,-0.0334,0.4165,2.18,2.2,0.5913,0.4707,0.7119,0
2026-06-29,4.38,2.7071,0.0746,1.125,0.5068,-0.0335,0.4021,2.16,2.22,0.5814,0.4554,0.7073,0
2026-06-30,4.44,2.7218,0.0794,1.1352,0.5408,-0.0372,0.3984,2.2,2.24,0.6202,0.5062,0.7342,0
2026-07-01,4.48,2.7346,0.0844,1.1417,0.5672,-0.0479,0.41,2.25,2.23,0.6516,0.5424,0.7607,0
2026-07-02,4.49,2.7379,0.0866,1.1255,0.591,-0.0511,0.4189,2.26,2.23,0.6776,0.5841,0.7711,0
2026-07-06,4.48,2.7343,0.085,1.1164,0.5905,-0.0462,0.3986,2.24,2.24,0.6755,0.5876,0.7634,0
2026-07-07,4.55,2.7512,0.0909,1.1342,0.6189,-0.0452,0.4054,2.3,2.25,0.7098,0.6243,0.7953,0
2026-07-08,4.56,2.7576,0.0934,1.1408,0.6318,-0.0636,0.3993,2.31,2.25,0.7252,0.6421,0.8083,0
2026-07-09,4.54,2.753,0.0928,1.1212,0.6318,-0.0588,0.4105,2.31,2.23,0.7246,0.6454,0.8038,0
2026-07-10,4.56,2.7582,0.0939,1.1394,0.633,-0.0644,0.4049,2.32,2.24,0.7269,0.6431,0.8106,0
2026-07-13,4.62,2.7698,0.0971,1.1646,0.6461,-0.0576,0.4046,2.36,2.26,0.7432,0.6576,0.8288,0
2026-07-14,4.58,2.7615,0.0961,1.1324,0.6517,-0.0616,0.405,2.33,2.25,0.7478,0.6746,0.8209,0
2026-07-15,4.55,2.7546,0.0941,1.1055,0.6504,-0.0545,0.4165,2.32,2.23,0.7445,0.6788,0.8101,0
2026-07-16,4.57,2.7602,0.0959,1.1127,0.657,-0.0558,0.4287,2.35,2.22,0.7529,0.6856,0.8202,0
2026-07-17,4.55,2.7554,0.0939,1.1241,0.6348,-0.0582,0.4104,2.31,2.24,0.7287,0.6479,0.8095,0
2026-07-20,4.6,2.7658,0.0964,1.1377,0.6566,-0.0565,0.4121,2.35,2.25,0.753,0.6813,0.8247,0
2026-07-21,4.63,2.7746,0.0991,1.1578,0.6645,-0.066,0.4098,2.37,2.26,0.7636,0.6879,0.8394,0
2026-07-22,4.67,2.7832,0.1017,1.1744,0.6754,-0.0647,0.4054,2.39,2.28,0.7771,0.7,0.8542,0
2026-07-23,4.71,2.7929,0.1042,1.1922,0.6874,-0.0666,0.4233,2.43,2.28,0.7916,0.7143,0.8688,0
2026-07-24,4.69,2.7865,0.102,1.1828,0.6764,-0.0577,0.4444,2.43,2.26,0.7784,0.7,0.8568,0
2026-07-27,4.65,2.7786,0.0979,1.1844,0.65,-0.0609,0.4775,2.44,2.21,0.7479,0.659,0.8367,0
2026-07-28,4.61,2.7674,0.0948,1.1688,0.6365,-0.0575,0.4838,2.41,2.2,0.7313,0.6436,0.8189,0
2026-07-29,4.67,2.7814,0.1024,1.144,0.7098,-0.0675,0.4412,2.41,2.26,0.8122,0.7677,0.8566,0
2026-07-30,4.68,2.7875,0.1049,1.1377,0.7198,-0.0698,0.4376,2.41,2.27,0.8247,0.7796,0.8697,0
2026-07-31,4.75,2.8048,0.1113,1.1496,0.7574,-0.0731,0.4406,2.47,2.28,0.8687,0.8332,0.9041,0
2026-08-03,4.7,2.7924,0.1057,1.1429,0.7241,-0.0651,0.4425,2.43,2.27,0.8298,0.784,0.8756,0
2026-08-04,4.63,2.7772,0.1005,1.1214,0.6972,-0.0664,0.4589,2.4,2.23,0.7977,0.748,0.8475,0
2026-08-05,4.63,2.7766,0.1005,1.1194,0.6988,-0.0653,0.468,2.41,2.22,0.7993,0.7514,0.8472,0
2026-08-06,4.69,2.7889,0.1049,1.1438,0.7157,-0.0633,0.4533,2.43,2.26,0.8206,0.7706,0.8706,0
2026-08-07,4.65,2.781,0.1028,1.1199,0.7144,-0.0681,0.4436,2.4,2.25,0.8172,0.7759,0.8585,0
2026-08-10,4.72,2.7961,0.1073,1.1385,0.7432,-0.0651,0.4352,2.43,2.29,0.8505,0.8168,0.8843,0
2026-08-11,4.7,2.7938,0.1066,1.1289,0.741,-0.0703,0.4408,2.43,2.27,0.8476,0.8146,0.8806,0
2026-08-12,4.68,2.7913,0.1065,1.1173,0.744,-0.0791,0.4382,2.42,2.26,0.8505,0.822,0.8789,0
2026-08-13,4.63,2.7801,0.1029,1.0964,0.7265,-0.0759,0.44,2.39,2.24,0.8294,0.7997,0.8591,0
2026-08-14,4.68,2.792,0.1069,1.105,0.7579,-0.0817,0.4278,2.41,2.27,0.8648,0.8481,0.8814,0
2026-08-17,4.72,2.8009,0.1101,1.0993,0.7846,-0.0749,0.4291,2.44,2.28,0.8947,0.8904,0.899,0
2026-08-18,4.71,2.7975,0.1092,1.1014,0.7707,-0.0688,0.4125,2.41,2.3,0.8799,0.8663,0.8935,0
2026-08-19,4.65,2.7817,0.1038,1.1139,0.7113,-0.0607,0.3979,2.35,2.3,0.8151,0.7674,0.8629,0
2026-08-20,4.69,2.7894,0.1067,1.1215,0.7382,-0.0658,0.3762,2.35,2.34,0.8449,0.8115,0.8783,0
2026-08-21,4.74,2.8011,0.1108,1.1325,0.7573,-0.0617,0.3866,2.4,2.34,0.8681,0.8355,0.9006,0
2026-08-24,4.7,2.793,0.1078,1.1394,0.7262,-0.0664,0.3874,2.38,2.32,0.834,0.7838,0.8841,0
2026-08-25,4.64,2.776,0.1018,1.1272,0.6907,-0.0557,0.3812,2.32,2.32,0.7925,0.7335,0.8515,0
2026-08-26,4.66,2.7816,0.1042,1.1376,0.7002,-0.0636,0.3826,2.34,2.32,0.8044,0.7452,0.8635,0
2026-08-27,4.67,2.7846,0.1054,1.1417,0.7061,-0.0678,0.3824,2.34,2.33,0.8115,0.7532,0.8698,0
2026-08-28,4.73,2.7983,0.1088,1.1896,0.6978,-0.0645,0.4131,2.42,2.31,0.8066,0.7236,0.8897,0
2026-08-31,4.75,2.8007,0.1085,1.1919,0.716,-0.0671,0.4116,2.44,2.31,0.8245,0.7594,0.8897,0
2026-09-01,4.79,2.8106,0.1119,1.2133,0.7315,-0.0773,0.3856,2.44,2.35,0.8434,0.779,0.9078,1
2026-09-02,4.79,2.8061,0.1101,1.2216,0.6988,-0.0466,0.4029,2.45,2.34,0.8089,0.7198,0.898,1
2026-09-03,4.77,2.7957,0.1072,1.1742,0.7106,-0.0177,0.3969,2.42,2.35,0.8178,0.7535,0.882,1
2026-09-04,4.78,2.7996,0.1078,1.2221,0.6732,-0.0226,0.3985,2.43,2.35,0.781,0.6767,0.8853,1
2026-09-08,4.8,2.8028,0.1096,1.1923,0.7157,-0.0204,0.3871,2.43,2.37,0.8253,0.7558,0.8948,1
2026-09-09,4.83,2.8055,0.1102,1.2157,0.6905,0.0081,0.4035,2.46,2.37,0.8006,0.7034,0.8979,1
2026-09-10,4.95,2.8331,0.1197,1.2562,0.733,0.008,0.4104,2.55,2.4,0.8527,0.7564,0.949,1
2026-09-11,4.96,2.8366,0.1205,1.2777,0.7132,0.012,0.448,2.6,2.36,0.8337,0.7137,0.9538,1
2026-09-14,4.97,2.8378,0.1208,1.29,0.7033,0.0182,0.444,2.6,2.37,0.8241,0.6931,0.9551,1
2026-09-15,5.0,2.8433,0.1228,1.2957,0.7127,0.0255,0.4456,2.62,2.38,0.8355,0.7053,0.9658,1
2026-09-16,5.01,2.8479,0.1241,1.3179,0.6952,0.025,0.4904,2.68,2.33,0.8193,0.6658,0.9727,1
2026-09-17,4.94,2.8296,0.1177,1.302,0.6547,0.036,0.4747,2.61,2.33,0.7724,0.6068,0.938,1
2026-09-18,5.01,2.8458,0.1233,1.3252,0.6768,0.039,0.4943,2.68,2.33,0.8001,0.632,0.9681,1
2026-09-21,4.96,2.8334,0.1188,1.3256,0.641,0.0411,0.473,2.62,2.34,0.7599,0.5758,0.9439,1
2026-09-22,4.96,2.8339,0.119,1.3272,0.6393,0.0406,0.4812,2.63,2.33,0.7583,0.5717,0.9449,1
2026-09-23,5.11,2.8693,0.1312,1.3758,0.695,0.0388,0.504,2.76,2.35,0.8262,0.6418,1.0106,1
2026-09-24,5.18,2.8868,0.1377,1.3711,0.7485,0.0359,0.5385,2.85,2.33,0.8862,0.7265,1.0459,1
2026-09-25,5.17,2.8843,0.1374,1.3456,0.7703,0.0324,0.526,2.83,2.34,0.9077,0.7715,1.0438,1
2026-09-28,5.24,2.9001,0.1428,1.3704,0.7885,0.0382,0.5464,2.9,2.34,0.9313,0.7897,1.0729,1
2026-09-29,5.26,2.9047,0.1448,1.3562,0.819,0.0353,0.5422,2.91,2.35,0.9638,0.8438,1.0837,1
2026-09-30,5.29,2.912,0.1476,1.355,0.8443,0.031,0.5403,2.93,2.36,0.9919,0.885,1.0988,1
2026-10-01,5.24,2.9013,0.1443,1.3231,0.8485,0.0228,0.5241,2.88,2.36,0.9928,0.9047,1.0809,1
2026-10-02,5.28,2.9103,0.1474,1.3379,0.8582,0.0261,0.5358,2.92,2.36,1.0056,0.9137,1.0976,1
2026-10-05,5.31,2.9176,0.1501,1.3448,0.8726,0.0249,0.5433,2.95,2.36,1.0227,0.9337,1.1117,1
