date,Equities,Rates,Commodities,Currencies,Volatility,Overnight equities,gross,net
2008-01-02,0.4257,0.1115,0.0046,0.0325,0.0,0.1667,0.7638,0.5744
2008-01-03,0.4319,0.094,0.0099,0.0343,0.0,0.1667,0.7339,0.5701
2008-01-04,0.4319,0.0921,0.0099,0.0363,0.0,0.1667,0.7312,0.5703
2008-01-07,0.2653,0.0921,0.0099,0.0371,0.0,0.1667,0.5654,0.4044
2008-01-08,0.2653,0.0925,0.0099,0.0377,0.0,0.1667,0.5663,0.4054
2008-01-09,0.2653,0.0925,0.0099,0.0385,0.0,0.1667,0.5671,0.4062
2008-01-10,0.2653,0.0931,0.0099,0.0389,0.0,0.1667,0.5682,0.4072
2008-01-11,0.2653,0.096,0.0099,0.039,0.0,0.1667,0.5712,0.4102
2008-01-14,0.2653,0.0987,0.0099,0.0392,0.0,0.1667,0.574,0.4131
2008-01-15,0.2653,0.1077,0.0099,0.0398,0.0,0.1667,0.5836,0.4227
2008-01-16,0.2653,0.1084,0.0099,0.0404,0.0,0.1667,0.5849,0.424
2008-01-17,0.2653,0.1084,0.0099,0.0404,0.0,0.1667,0.5849,0.424
2008-01-18,0.2653,0.1088,0.0099,0.0409,0.0,0.1667,0.5858,0.4248
2008-01-22,0.2653,0.1088,0.0099,0.0409,0.0,0.1667,0.5858,0.4249
2008-01-23,0.2653,0.1253,0.0099,0.0409,0.0,0.1667,0.6023,0.4414
2008-01-24,0.2653,0.1414,0.0099,0.0666,0.0,0.1667,0.6358,0.4832
2008-01-25,0.2653,0.1502,0.0099,0.0682,0.0,0.1667,0.6462,0.4935
2008-01-28,0.2653,0.1467,0.0099,0.0667,0.0,0.1667,0.6413,0.4886
2008-01-29,0.2653,0.3096,0.0099,0.0675,0.0,0.1667,0.8042,0.6523
2008-01-30,0.2653,0.3093,0.0099,0.0557,0.0,0.1667,0.7921,0.6402
2008-01-31,0.4319,0.31,0.0099,0.0686,0.0,0.1667,0.9723,0.8205
2008-02-01,0.4319,0.1552,0.0099,0.0892,0.0,0.1667,0.8301,0.6863
2008-02-04,0.3205,0.4153,0.0179,0.0918,0.0,0.1667,0.955,0.8455
2008-02-05,0.3205,0.4153,0.0179,0.0877,0.0,0.1667,0.9508,0.8414
2008-02-06,0.1538,0.4137,0.0179,0.0886,0.0,0.1667,0.7835,0.6741
2008-02-07,0.1538,0.4099,0.0179,0.0885,0.0,0.1667,0.7791,0.6701
2008-02-08,0.1538,0.4111,0.0179,0.0885,0.0,0.1667,0.7803,0.6713
2008-02-11,0.1538,0.4088,0.0179,0.0859,0.0,0.1667,0.7754,0.6665
2008-02-12,0.1538,0.3972,0.0179,0.0866,0.0,0.1667,0.7645,0.6555
2008-02-13,0.1538,0.3955,0.0179,0.0866,0.0,0.1667,0.7628,0.6538
2008-02-14,0.1538,0.3955,0.0179,0.0871,0.0,0.1667,0.7633,0.6543
2008-02-15,0.1538,0.3964,0.0179,0.0871,0.0,0.1667,0.7642,0.6553
2008-02-19,0.1538,0.4069,0.0179,0.0877,0.0,0.1667,0.7753,0.6664
2008-02-20,0.1538,0.4131,0.0179,0.0886,0.0,0.1667,0.7824,0.6735
2008-02-21,0.1538,0.4131,0.0179,0.0889,0.0,0.1667,0.7827,0.6738
2008-02-22,0.1538,0.4135,0.0179,0.0895,0.0,0.1667,0.7838,0.6746
2008-02-25,0.1538,0.4135,0.0179,0.0874,0.0,0.1667,0.7816,0.6726
2008-02-26,0.1538,0.4137,0.0179,0.0885,0.0,0.1667,0.783,0.674
2008-02-27,0.1538,0.5868,0.0179,0.0898,0.0,0.1667,0.9574,0.8484
2008-02-28,0.1538,0.5919,0.0179,0.0902,0.0,0.1667,0.9625,0.8539
2008-02-29,0.3205,0.6123,0.0179,0.0904,0.0,0.1667,1.1494,1.0411
2008-03-03,0.3205,0.4379,0.0179,0.0906,0.0,0.1667,0.975,0.8669
2008-03-04,0.319,0.3831,0.0191,0.1031,0.0,0.1667,0.9651,0.8243
2008-03-05,0.319,0.3831,0.0191,0.1038,0.0,0.1667,0.9659,0.825
2008-03-06,0.1523,0.394,0.0191,0.1008,0.0,0.1667,0.8071,0.6662
2008-03-07,0.1523,0.4092,0.0191,0.1017,0.0,0.1667,0.8231,0.6823
2008-03-10,0.1523,0.4169,0.0191,0.1012,0.0,0.1667,0.8303,0.6895
2008-03-11,0.1523,0.4178,0.0191,0.1012,0.0,0.1667,0.8312,0.6904
2008-03-12,0.1523,0.4181,0.0191,0.1015,0.0,0.1667,0.8319,0.6911
2008-03-13,0.1523,0.4047,0.0191,0.1054,0.0,0.1667,0.8152,0.6815
2008-03-14,0.1523,0.3878,0.0191,0.1052,0.0,0.1667,0.7958,0.6644
2008-03-17,0.1523,0.3878,0.0191,0.1052,0.0,0.1667,0.7958,0.6644
2008-03-18,0.1523,0.3878,0.0191,0.1055,0.0,0.1667,0.7955,0.6647
2008-03-19,0.1523,0.3881,0.0191,0.1018,0.0,0.1667,0.7905,0.6613
2008-03-20,0.1523,0.3931,0.0191,0.1224,0.0,0.1667,0.8091,0.6869
2008-03-24,0.1523,0.4041,0.0191,0.1198,0.0,0.1667,0.8176,0.6954
2008-03-25,0.1523,0.4065,0.0191,0.1198,0.0,0.1667,0.8199,0.6977
2008-03-26,0.1523,0.3703,0.0191,0.0825,0.0,0.1667,0.7466,0.6242
2008-03-27,0.1523,0.537,0.0191,0.1171,0.0,0.1667,0.9475,0.8255
2008-03-28,0.1523,0.537,0.0191,0.1178,0.0,0.1667,0.9482,0.8262
2008-03-31,0.319,0.5386,0.0191,0.1194,0.0,0.1667,1.1181,0.9961
2008-04-01,0.319,0.3719,0.0191,0.1202,0.0,0.1667,0.9523,0.8302
2008-04-02,0.3202,0.3577,0.0147,0.1167,0.0,0.1667,0.9309,0.8093
2008-04-03,0.3202,0.3577,0.0147,0.1172,0.0,0.1667,0.9315,0.8098
2008-04-04,0.1535,0.3577,0.0147,0.1172,0.0,0.1667,0.7648,0.6431
2008-04-07,0.1535,0.3617,0.0147,0.1183,0.0,0.1667,0.7699,0.6483
2008-04-08,0.1535,0.3618,0.0147,0.1198,0.0,0.1667,0.7715,0.6499
2008-04-09,0.1535,0.3619,0.0147,0.1214,0.0,0.1667,0.7732,0.6515
2008-04-10,0.1535,0.3651,0.0147,0.1225,0.0,0.1667,0.7774,0.6558
2008-04-11,0.1535,0.3669,0.0147,0.1235,0.0,0.1667,0.7803,0.6586
2008-04-14,0.1535,0.3733,0.0147,0.1241,0.0,0.1667,0.7873,0.6657
2008-04-15,0.1535,0.3779,0.0147,0.1251,0.0,0.1667,0.7929,0.6712
2008-04-16,0.1535,0.3931,0.0147,0.1259,0.0,0.1667,0.8089,0.6873
2008-04-17,0.1535,0.3989,0.0147,0.1272,0.0,0.1667,0.816,0.6943
2008-04-18,0.1535,0.4005,0.0147,0.1265,0.0,0.1667,0.8169,0.6953
2008-04-21,0.1535,0.4013,0.0147,0.1251,0.0,0.1667,0.8163,0.6946
2008-04-22,0.1535,0.4046,0.0147,0.1251,0.0,0.1667,0.8196,0.698
2008-04-23,0.1535,0.4104,0.0147,0.1251,0.0,0.1667,0.8254,0.7037
2008-04-24,0.1535,0.4183,0.0147,0.1225,0.0,0.1667,0.8307,0.709
2008-04-25,0.1535,0.4297,0.0147,0.1224,0.0,0.1667,0.842,0.7204
2008-04-28,0.1535,0.6028,0.0147,0.1224,0.0,0.1667,1.0151,0.8935
2008-04-29,0.1535,0.6091,0.0147,0.1022,0.0,0.1667,1.0012,0.8796
2008-04-30,0.3202,0.6091,0.0147,0.1212,0.0,0.1667,1.1868,1.0652
2008-05-01,0.1535,0.4442,0.0147,0.1204,0.0,0.1667,0.8544,0.7328
2008-05-02,0.1518,0.5002,0.0082,0.13,0.0,0.1667,0.9311,0.7901
2008-05-05,0.1518,0.5038,0.0082,0.1299,0.0,0.1667,0.9347,0.7938
2008-05-06,-0.0149,0.5087,0.0082,0.1304,0.0,0.1667,0.7747,0.6325
2008-05-07,-0.0149,0.5087,0.0082,0.1062,0.0,0.1667,0.7505,0.6082
2008-05-08,-0.0149,0.5087,0.0082,0.132,0.0,0.1667,0.7763,0.6341
2008-05-09,-0.0149,0.5087,0.0082,0.1322,0.0,0.1667,0.7765,0.6342
2008-05-12,-0.0149,0.5027,0.0082,0.1333,0.0,0.1667,0.7717,0.6294
2008-05-13,-0.0149,0.5013,0.0082,0.1345,0.0,0.1667,0.7715,0.6292
2008-05-14,-0.0149,0.4997,0.0082,0.1366,0.0,0.1667,0.7719,0.6297
2008-05-15,-0.0149,0.4953,0.0082,0.1377,0.0,0.1667,0.7687,0.6264
2008-05-16,-0.0149,0.4953,0.0082,0.1401,0.0,0.1667,0.771,0.6288
2008-05-19,-0.0149,0.4847,0.0082,0.1422,0.0,0.1667,0.7625,0.6202
2008-05-20,-0.0149,0.4847,0.0082,0.1426,0.0,0.1667,0.7629,0.6206
2008-05-21,-0.0149,0.4852,0.0082,0.1435,0.0,0.1667,0.7643,0.6221
2008-05-22,-0.0149,0.4852,0.0082,0.1434,0.0,0.1667,0.7642,0.622
2008-05-23,-0.0149,0.4877,0.0082,0.1442,0.0,0.1667,0.7674,0.6252
2008-05-27,-0.0149,0.4877,0.0082,0.1444,0.0,0.1667,0.7676,0.6254
2008-05-28,-0.0149,0.6543,0.0082,0.1449,0.0,0.1667,0.9348,0.7925
2008-05-29,-0.0149,0.6543,0.0082,0.1464,0.0,0.1667,0.9363,0.7941
2008-05-30,0.1518,0.6543,0.0082,0.1487,0.0,0.1667,1.104,0.9631
2008-06-02,0.1518,0.4956,0.0082,0.1502,0.0,0.1667,0.9466,0.8057
2008-06-03,0.1563,0.4825,0.0144,0.1586,0.0,0.1667,0.9922,0.8118
2008-06-04,0.1563,0.4825,0.0144,0.1596,0.0,0.1667,0.9932,0.8128
2008-06-05,-0.0103,0.474,0.0144,0.1605,0.0,0.1667,0.8228,0.6385
2008-06-06,-0.0103,0.474,0.0144,0.1609,0.0,0.1667,0.8233,0.639
2008-06-09,-0.0103,0.476,0.0144,0.1625,0.0,0.1667,0.8268,0.6425
2008-06-10,-0.0103,0.4648,0.0144,0.1625,0.0,0.1667,0.8156,0.6313
2008-06-11,-0.0103,0.4467,0.0144,0.1308,0.0,0.1667,0.7658,0.5816
2008-06-12,-0.0103,0.438,0.0144,0.1572,0.0,0.1667,0.7835,0.5992
2008-06-13,-0.0103,0.438,0.0144,0.1577,0.0,0.1667,0.784,0.5998
2008-06-16,-0.0103,0.4346,0.0144,0.1527,0.0,0.1667,0.7756,0.5913
2008-06-17,-0.0103,0.4346,0.0144,0.1527,0.0,0.1667,0.7756,0.5914
2008-06-18,-0.0103,0.4346,0.0144,0.1518,0.0,0.1667,0.7747,0.5905
2008-06-19,-0.0103,0.4365,0.0144,0.1518,0.0,0.1667,0.7766,0.5924
2008-06-20,-0.0103,0.4365,0.0144,0.1524,0.0,0.1667,0.7772,0.5929
2008-06-23,-0.0103,0.4395,0.0144,0.1532,0.0,0.1667,0.781,0.5968
2008-06-24,-0.0103,0.4397,0.0144,0.1546,0.0,0.1667,0.7825,0.5983
2008-06-25,-0.0103,0.445,0.0144,0.1558,0.0,0.1667,0.7891,0.6048
2008-06-26,-0.0103,0.6117,0.0144,0.157,0.0,0.1667,0.9569,0.7727
2008-06-27,-0.0103,0.6222,0.0144,0.1581,0.0,0.1667,0.9686,0.7844
2008-06-30,0.1563,0.6248,0.0144,0.1595,0.0,0.1667,1.1353,0.955
2008-07-01,0.371,1.1676,0.0527,0.5233,0.0,0.2902,2.8802,2.1147
2008-07-02,0.3439,1.1552,0.0463,0.548,0.0,0.2902,2.8993,2.0935
2008-07-03,0.3438,1.1597,0.0463,0.554,0.0,0.2902,2.9097,2.1038
2008-07-07,-0.0807,1.1757,0.0463,0.5566,0.0,0.2902,2.5452,1.698
2008-07-08,-0.0808,1.1995,0.0463,0.5557,0.0,0.2902,2.5683,1.7208
2008-07-09,-0.0809,1.201,0.0463,0.5553,0.0,0.2902,2.5694,1.7217
2008-07-10,-0.081,1.2069,0.0463,0.5564,0.0,0.2902,2.5765,1.7286
2008-07-11,-0.0811,1.211,0.0463,0.5637,0.0,0.2902,2.588,1.7399
2008-07-14,-0.0812,1.2547,0.0463,0.5653,0.0,0.2902,2.6335,1.7851
2008-07-15,-0.0813,1.2419,0.0463,0.5675,0.0,0.2902,2.6229,1.7743
2008-07-16,-0.0815,1.2419,0.0463,0.5675,0.0,0.2902,2.6231,1.7743
2008-07-17,-0.0816,1.2539,0.0463,0.5711,0.0,0.2902,2.6387,1.7897
2008-07-18,-0.0817,1.2521,0.0463,0.5732,0.0,0.2902,2.6392,1.7899
2008-07-21,-0.0818,1.2588,0.0463,0.5805,0.0,0.2902,2.6533,1.8038
2008-07-22,-0.0819,1.2616,0.0462,0.5923,0.0,0.2902,2.668,1.8183
2008-07-23,-0.082,1.2712,0.0462,0.6003,0.0,0.2902,2.6857,1.8357
2008-07-24,-0.0821,1.2774,0.0462,0.6003,0.0,0.2902,2.692,1.8418
2008-07-25,-0.0822,1.285,0.0462,0.5991,0.0,0.2902,2.6984,1.8481
2008-07-28,-0.0823,1.259,0.0462,0.5992,0.0,0.2902,2.6726,1.822
2008-07-29,-0.0825,2.0881,0.0461,0.6014,0.0,0.2902,3.5041,2.6532
2008-07-30,-0.0826,2.0628,0.0461,0.606,0.0,0.2902,3.4834,2.6324
2008-07-31,0.3417,2.0628,0.0461,0.6083,0.0,0.2902,3.8651,3.0589
2008-08-01,0.3412,1.1798,0.0447,0.5808,0.0,0.2898,2.9415,2.1465
2008-08-04,0.3058,1.3757,0.0382,0.4655,0.0,0.2898,2.6433,2.1852
2008-08-05,0.3057,1.3757,0.0382,0.4613,0.0,0.2898,2.6391,2.1808
2008-08-06,-0.1164,1.3756,0.0382,0.4632,0.0,0.2898,2.2604,1.7606
2008-08-07,-0.1165,1.3756,0.0381,0.4539,0.0,0.2898,2.2512,1.7512
2008-08-08,-0.1165,1.4144,0.0381,0.4553,0.0,0.2898,2.2895,1.7913
2008-08-11,-0.1166,1.3906,0.0381,0.4605,0.0,0.2898,2.262,1.7726
2008-08-12,-0.1167,1.3906,0.0381,0.4193,0.0,0.2898,2.2432,1.7313
2008-08-13,-0.1168,1.3734,0.038,0.4193,0.0,0.2898,2.2262,1.714
2008-08-14,-0.1169,1.3409,0.038,0.4186,0.0,0.2898,2.1931,1.6806
2008-08-15,-0.117,1.3409,0.038,0.401,0.0,0.2898,2.2108,1.6629
2008-08-18,-0.1171,1.3408,0.038,0.401,0.0,0.2898,2.2109,1.6627
2008-08-19,-0.1172,1.3408,0.0379,0.4021,0.0,0.2898,2.2121,1.6637
2008-08-20,-0.1173,1.3408,0.0379,0.4023,0.0,0.2898,2.2125,1.6638
2008-08-21,-0.1173,1.3563,0.0379,0.4023,0.0,0.2898,2.2282,1.6792
2008-08-22,-0.1174,1.3842,0.0379,0.4058,0.0,0.2898,2.2542,1.7105
2008-08-25,-0.1175,1.4084,0.0379,0.3968,0.0,0.2898,2.2736,1.7255
2008-08-26,-0.1176,1.4241,0.0378,0.3794,0.0,0.2898,2.3023,1.7237
2008-08-27,-0.1177,2.2574,0.0378,0.302,0.0,0.2898,3.2132,2.4795
2008-08-28,-0.1178,2.2574,0.0378,0.3699,0.0,0.2898,3.1455,2.5472
2008-08-29,0.3041,2.2864,0.0378,0.3733,0.0,0.2898,3.549,3.0015
2008-09-02,0.2949,1.4451,0.0363,0.3648,0.0,0.2921,2.6821,2.1411
2008-09-03,0.2946,1.347,0.0399,0.3664,0.0,0.2921,2.9772,2.048
2008-09-04,0.2945,1.3471,0.0399,0.3358,0.0,0.2921,2.9813,2.0173
2008-09-05,-0.1151,1.3524,0.0399,0.3357,0.0,0.2921,2.6292,1.613
2008-09-08,-0.1152,1.3509,0.0399,0.335,0.0,0.2921,2.627,1.6107
2008-09-09,-0.1153,1.3512,0.0399,0.3344,0.0,0.2921,2.6267,1.6103
2008-09-10,-0.1154,1.3555,0.0399,0.3332,0.0,0.2921,2.6298,1.6133
2008-09-11,-0.1154,1.3608,0.0399,0.3277,0.0,0.2921,2.6295,1.613
2008-09-12,-0.1155,1.3712,0.0399,0.3321,0.0,0.2921,2.6401,1.6277
2008-09-15,-0.1156,1.3974,0.0399,0.3375,0.0,0.2921,2.6664,1.6593
2008-09-16,-0.1157,1.4633,0.0399,0.2868,0.0,0.2921,2.7208,1.6743
2008-09-17,-0.1157,1.1638,0.0399,0.2899,0.0,0.2921,2.4245,1.378
2008-09-18,-0.1158,1.1638,0.0399,0.2882,0.0,0.2921,2.4228,1.3762
2008-09-19,-0.1159,1.1934,0.0399,0.2719,0.0,0.2921,2.4547,1.3893
2008-09-22,-0.1159,1.1869,0.0399,0.272,0.0,0.2921,2.4483,1.3829
2008-09-23,-0.116,0.9784,0.0399,0.256,0.0,0.2921,2.2242,1.1583
2008-09-24,-0.1161,0.9725,0.0399,0.2444,0.0,0.2921,2.2099,1.1407
2008-09-25,-0.1162,0.9725,0.0399,0.2441,0.0,0.2921,2.2096,1.1403
2008-09-26,-0.1162,1.8276,0.0399,0.244,0.0,0.2921,3.0646,1.9953
2008-09-29,-0.1163,1.8276,0.0399,0.244,0.0,0.2921,3.0646,1.9952
2008-09-30,0.2932,1.8276,0.0399,0.244,0.0,0.2921,3.4194,2.4047
2008-10-01,0.2792,0.8929,0.0302,0.1912,0.0,0.2473,2.3,1.3935
2008-10-02,0.3308,0.8534,0.0022,0.0154,0.0,0.2473,1.6972,1.2017
2008-10-03,0.3307,0.8534,0.0022,0.0154,0.0,0.2473,1.697,1.2017
2008-10-06,-0.0414,0.8534,0.0022,0.014,0.0,0.2473,1.3261,0.8282
2008-10-07,-0.0414,0.8534,0.0022,0.014,0.0,0.2473,1.3259,0.8282
2008-10-08,-0.0415,0.8535,0.0022,0.0091,0.0,0.2473,1.3213,0.8232
2008-10-09,-0.0415,0.8535,0.0022,0.009,0.0,0.2473,1.321,0.8232
2008-10-10,-0.0416,0.8535,0.0022,0.0096,0.0,0.2473,1.324,0.8238
2008-10-13,-0.0416,0.8536,0.0022,0.0087,0.0,0.2473,1.3248,0.8228
2008-10-14,-0.0417,0.8555,0.0022,0.0052,0.0,0.2473,1.33,0.8212
2008-10-15,-0.0417,0.8555,0.0022,-0.0013,0.0,0.2473,1.3363,0.8147
2008-10-16,-0.0418,0.8555,0.0022,-0.0013,0.0,0.2473,1.3361,0.8147
2008-10-17,-0.0419,0.8565,0.0022,-0.0014,0.0,0.2473,1.3372,0.8155
2008-10-20,-0.0419,0.8566,0.0022,-0.0017,0.0,0.2473,1.3375,0.8153
2008-10-21,-0.042,0.8566,0.0023,-0.0016,0.0,0.2473,1.3375,0.8153
2008-10-22,-0.042,0.8492,0.0023,-0.0016,0.0,0.2473,1.33,0.8078
2008-10-23,-0.0421,0.8454,0.0023,-0.0031,0.0,0.2473,1.3279,0.8025
2008-10-24,-0.0421,0.8437,0.0023,-0.0069,0.0,0.2473,1.3313,0.7969
2008-10-27,-0.0422,0.8437,0.0023,-0.0065,0.0,0.2473,1.3317,0.7973
2008-10-28,-0.0422,0.8437,0.0023,-0.0075,0.0,0.2473,1.3306,0.7963
2008-10-29,-0.0423,1.6546,0.0023,-0.0075,0.0,0.2473,2.1415,1.6072
2008-10-30,-0.0423,1.6815,0.0023,-0.008,0.0,0.2473,2.1716,1.6334
2008-10-31,0.3297,1.7265,0.0023,-0.0075,0.0,0.2473,2.5934,2.0509
2008-11-03,0.5764,0.9414,0.0018,-0.0025,0.0,0.1977,2.0284,1.5171
2008-11-04,0.5924,0.8909,-0.0162,0.0077,0.0,0.1977,1.8715,1.4748
2008-11-05,0.5923,0.8987,-0.0162,0.0077,0.0,0.1977,1.8793,1.4825
2008-11-06,0.2334,0.8986,-0.0162,0.0061,0.0,0.1977,1.5188,1.122
2008-11-07,0.2334,0.8986,-0.0162,0.0061,0.0,0.1977,1.5187,1.1219
2008-11-10,0.2333,0.8985,-0.0161,-0.0014,0.0,0.1977,1.5238,1.1143
2008-11-11,0.2333,0.9,-0.0161,-0.0014,0.0,0.1977,1.5252,1.1157
2008-11-12,0.2332,0.9117,-0.0161,-0.0014,0.0,0.1977,1.5369,1.1273
2008-11-13,0.2332,0.9204,-0.0161,-0.0015,0.0,0.1977,1.5457,1.136
2008-11-14,0.2331,0.9342,-0.0161,-0.0019,0.0,0.1977,1.5591,1.1494
2008-11-17,0.233,0.9438,-0.0161,-0.0048,0.0,0.1977,1.5657,1.1559
2008-11-18,0.233,0.9437,-0.016,-0.0048,0.0,0.1977,1.5656,1.1558
2008-11-19,0.2329,0.9495,-0.016,-0.0049,0.0,0.1977,1.5714,1.1615
2008-11-20,0.2329,0.9494,-0.016,-0.0046,0.0,0.1977,1.5716,1.1616
2008-11-21,0.2328,0.9454,-0.016,-0.0045,0.0,0.1977,1.5677,1.1577
2008-11-24,0.2328,0.8808,-0.016,-0.012,0.0,0.1977,1.4956,1.0855
2008-11-25,0.2327,1.6754,-0.016,-0.0121,0.0,0.1977,2.2902,1.8801
2008-11-26,0.2327,1.651,-0.016,-0.0121,0.0,0.1977,2.2658,1.8557
2008-11-28,0.5915,1.6023,-0.016,-0.0132,0.0,0.1977,2.577,2.1646
2008-12-01,0.4827,0.7779,-0.0149,-0.012,0.0,0.1929,1.6377,1.2337
2008-12-02,0.4846,0.7766,-0.005,-0.0036,0.0,0.1929,1.6478,1.2526
2008-12-03,0.4846,0.7331,-0.005,-0.0048,0.0,0.1929,1.6056,1.2079
2008-12-04,0.1537,0.7331,-0.005,-0.0048,0.0,0.1929,1.2746,0.8769
2008-12-05,0.1536,0.733,-0.005,-0.0048,0.0,0.1929,1.2746,0.8768
2008-12-08,0.1536,0.7329,-0.0051,-0.0082,0.0,0.1929,1.2779,0.8733
2008-12-09,0.1535,0.7253,-0.0051,-0.0082,0.0,0.1929,1.2703,0.8656
2008-12-10,0.1535,0.7252,-0.0051,-0.0081,0.0,0.1929,1.2702,0.8655
2008-12-11,0.1535,0.7202,-0.0051,-0.0096,0.0,0.1929,1.2666,0.859
2008-12-12,0.1534,0.7201,-0.0051,-0.0109,0.0,0.1929,1.2652,0.8574
2008-12-15,0.1534,0.72,-0.0052,-0.0154,0.0,0.1929,1.2606,0.8528
2008-12-16,0.1533,0.72,-0.0052,-0.0155,0.0,0.1929,1.2605,0.8526
2008-12-17,0.1533,0.7199,-0.0052,-0.0158,0.0,0.1929,1.2601,0.8522
2008-12-18,0.1533,0.7199,-0.0052,-0.0084,0.0,0.1929,1.2665,0.8595
2008-12-19,0.1532,0.7021,-0.0052,-0.0081,0.0,0.1929,1.2485,0.8419
2008-12-22,0.1532,0.6953,-0.0053,-0.008,0.0,0.1929,1.2416,0.8352
2008-12-23,0.1532,0.6952,-0.0053,-0.0078,0.0,0.1929,1.2414,0.8353
2008-12-24,0.1531,0.6951,-0.0053,-0.0075,0.0,0.1929,1.2411,0.8355
2008-12-26,0.1531,0.6951,-0.0053,-0.0072,0.0,0.1929,1.2408,0.8356
2008-12-29,0.153,1.4356,-0.0053,-0.0069,0.0,0.1929,1.9811,1.5764
2008-12-30,0.153,1.4442,-0.0054,-0.0156,0.0,0.1929,1.9984,1.5762
2008-12-31,0.4839,1.454,-0.0054,-0.015,0.0,0.1929,2.3385,1.9175
2009-01-02,0.4045,0.7229,-0.0053,-0.014,0.0,0.1888,1.5268,1.1081
2009-01-05,0.4073,0.7186,-0.0015,0.0084,0.0,0.1888,1.5667,1.1328
2009-01-06,0.4072,0.7191,-0.0015,0.0089,0.0,0.1888,1.5668,1.1337
2009-01-07,0.1388,0.7215,-0.0015,0.0093,0.0,0.1888,1.3004,0.8681
2009-01-08,0.1388,0.7296,-0.0015,0.0097,0.0,0.1888,1.3082,0.8766
2009-01-09,0.1387,0.7296,-0.0015,0.0096,0.0,0.1888,1.3082,0.8765
2009-01-12,0.1386,0.7295,-0.0015,0.0099,0.0,0.1888,1.3079,0.8766
2009-01-13,0.1386,0.73,-0.0015,0.0101,0.0,0.1888,1.3082,0.8772
2009-01-14,0.1385,0.73,-0.0014,0.0101,0.0,0.1888,1.3082,0.8771
2009-01-15,0.1384,0.7313,-0.0014,0.0101,0.0,0.1888,1.3096,0.8784
2009-01-16,0.1384,0.7313,-0.0014,0.0101,0.0,0.1888,1.3096,0.8783
2009-01-20,0.1383,0.7348,-0.0014,0.0105,0.0,0.1888,1.3136,0.8822
2009-01-21,0.1382,0.7348,-0.0014,0.0108,0.0,0.1888,1.3138,0.8823
2009-01-22,0.1381,0.7469,-0.0014,0.0105,0.0,0.1888,1.3262,0.8941
2009-01-23,0.1381,0.7632,-0.0014,0.0105,0.0,0.1888,1.3425,0.9103
2009-01-26,0.138,0.7816,-0.0014,0.0105,0.0,0.1888,1.3609,0.9287
2009-01-27,0.1379,0.7961,-0.0014,0.0106,0.0,0.1888,1.3754,0.9432
2009-01-28,0.1379,1.5318,-0.0014,0.0084,0.0,0.1888,2.1134,1.6766
2009-01-29,0.1378,1.5318,-0.0014,0.0106,0.0,0.1888,2.1112,1.6787
2009-01-30,0.406,1.5317,-0.0014,0.0111,0.0,0.1888,2.3789,1.9475
2009-02-02,0.3958,0.826,-0.0014,0.0114,0.0,0.1869,1.6631,1.2318
2009-02-03,0.3941,0.8021,-0.0106,-0.0032,0.0,0.1869,1.6504,1.1824
2009-02-04,0.3941,0.8021,-0.0106,-0.0029,0.0,0.1869,1.6503,1.1827
2009-02-05,0.1282,0.7863,-0.0106,-0.0029,0.0,0.1869,1.3686,0.9011
2009-02-06,0.1283,0.7863,-0.0106,-0.0029,0.0,0.1869,1.3686,0.9011
2009-02-09,0.1283,0.7863,-0.0106,-0.0028,0.0,0.1869,1.3686,0.9011
2009-02-10,0.1283,0.7892,-0.0106,-0.0028,0.0,0.1869,1.3715,0.904
2009-02-11,0.1283,0.7956,-0.0106,-0.0027,0.0,0.1869,1.378,0.9105
2009-02-12,0.1283,0.7673,-0.0106,-0.0026,0.0,0.1869,1.3497,0.8822
2009-02-13,0.1283,0.7605,-0.0106,-0.0025,0.0,0.1869,1.343,0.8756
2009-02-17,0.1283,0.7605,-0.0106,-0.0024,0.0,0.1869,1.3431,0.8757
2009-02-18,0.1283,0.7605,-0.0107,-0.0023,0.0,0.1869,1.3432,0.8758
2009-02-19,0.1283,0.6915,-0.0107,-0.0022,0.0,0.1869,1.2743,0.8069
2009-02-20,0.1283,0.6915,-0.0107,-0.0021,0.0,0.1869,1.2744,0.807
2009-02-23,0.1283,0.6915,-0.0107,-0.002,0.0,0.1869,1.2745,0.8071
2009-02-24,0.1283,0.6915,-0.0107,-0.002,0.0,0.1869,1.2745,0.8072
2009-02-25,0.1283,1.3754,-0.0107,-0.0019,0.0,0.1869,1.9584,1.4911
2009-02-26,0.1283,1.3849,-0.0107,-0.0019,0.0,0.1869,1.9679,1.5006
2009-02-27,0.3942,1.4057,-0.0107,-0.0019,0.0,0.1869,2.2546,1.7872
2009-03-02,0.39,0.7303,-0.0107,-0.0021,0.0,0.1853,1.575,1.1074
2009-03-03,0.3914,0.7069,-0.0112,-0.01,0.0,0.1853,1.6114,1.0771
2009-03-04,0.3914,0.7069,-0.0112,-0.0097,0.0,0.1853,1.6116,1.0774
2009-03-05,0.1251,0.707,-0.0112,-0.011,0.0,0.1853,1.3479,0.8099
2009-03-06,0.1251,0.7071,-0.0112,-0.0105,0.0,0.1853,1.3485,0.8104
2009-03-09,0.1251,0.7071,-0.0112,-0.0099,0.0,0.1853,1.3491,0.8111
2009-03-10,0.1251,0.7072,-0.0112,-0.0096,0.0,0.1853,1.3493,0.8115
2009-03-11,0.1251,0.7073,-0.0112,-0.0087,0.0,0.1853,1.3501,0.8124
2009-03-12,0.1251,0.7073,-0.0112,-0.0082,0.0,0.1853,1.3506,0.813
2009-03-13,0.1251,0.7074,-0.0112,-0.0081,0.0,0.1853,1.3506,0.8131
2009-03-16,0.125,0.7079,-0.0112,-0.0087,0.0,0.1853,1.3505,0.8131
2009-03-17,0.125,0.712,-0.0112,-0.0087,0.0,0.1853,1.3545,0.8172
2009-03-18,0.125,0.7149,-0.0112,-0.0087,0.0,0.1853,1.3572,0.8201
2009-03-19,0.125,0.7426,-0.0112,-0.0085,0.0,0.1853,1.3846,0.8479
2009-03-20,0.125,0.5705,-0.0112,-0.0121,0.0,0.1853,1.2088,0.6723
2009-03-23,0.125,0.5706,-0.0112,-0.0121,0.0,0.1853,1.2087,0.6723
2009-03-24,0.125,0.5707,-0.0112,-0.0119,0.0,0.1853,1.2085,0.6725
2009-03-25,0.125,0.5707,-0.0112,-0.0119,0.0,0.1853,1.2084,0.6726
2009-03-26,0.1249,0.5708,-0.0112,-0.0119,0.0,0.1853,1.2083,0.6727
2009-03-27,0.1249,1.2577,-0.0112,-0.0119,0.0,0.1853,1.8951,1.3596
2009-03-30,0.1249,1.2664,-0.0112,-0.0117,0.0,0.1853,1.9034,1.3684
2009-03-31,0.3912,1.2755,-0.0111,-0.0118,0.0,0.1853,2.1786,1.6437
2009-04-01,0.3799,0.5854,-0.0109,-0.0118,0.0,0.1822,1.4757,0.9426
2009-04-02,0.3767,0.589,0.0039,-0.0157,0.0,0.1822,1.483,0.9539
2009-04-03,0.3767,0.5916,0.0039,-0.0157,0.0,0.1822,1.4856,0.9565
2009-04-06,0.1178,0.5985,0.0039,-0.0157,0.0,0.1822,1.2337,0.7045
2009-04-07,0.1178,0.5985,0.0039,-0.0157,0.0,0.1822,1.2337,0.7045
2009-04-08,0.1178,0.6132,0.0039,-0.0157,0.0,0.1822,1.2483,0.7191
2009-04-09,0.1178,0.6261,0.0039,-0.0155,0.0,0.1822,1.261,0.7322
2009-04-13,0.1178,0.6282,0.0039,-0.0158,0.0,0.1822,1.2628,0.734
2009-04-14,0.1178,0.6553,0.0039,-0.0158,0.0,0.1822,1.29,0.7611
2009-04-15,0.1177,0.6561,0.0039,-0.0217,0.0,0.1822,1.2962,0.756
2009-04-16,0.1177,0.6577,0.0039,-0.0176,0.0,0.1822,1.2937,0.7617
2009-04-17,0.1177,0.6689,0.0039,-0.0172,0.0,0.1822,1.3045,0.7734
2009-04-20,0.1177,0.6838,0.0039,-0.0172,0.0,0.1822,1.3194,0.7883
2009-04-21,0.1177,0.6976,0.0039,-0.0168,0.0,0.1822,1.3327,0.8024
2009-04-22,0.1177,0.6976,0.0039,-0.0168,0.0,0.1822,1.3327,0.8024
2009-04-23,0.1177,0.7002,0.0039,-0.0184,0.0,0.1822,1.337,0.8034
2009-04-24,0.1177,0.7254,0.0039,-0.0184,0.0,0.1822,1.3623,0.8286
2009-04-27,0.1177,0.7432,0.0039,-0.0185,0.0,0.1822,1.3801,0.8463
2009-04-28,0.1177,1.4608,0.0039,-0.0185,0.0,0.1822,2.0977,1.5639
2009-04-29,0.1177,1.4616,0.0039,-0.0185,0.0,0.1822,2.0985,1.5647
2009-04-30,0.3765,1.468,0.0039,-0.0185,0.0,0.1822,2.3638,1.8299
2009-05-01,0.2362,0.8002,0.0039,-0.0183,0.0,0.1804,1.5554,1.0219
2009-05-04,0.2307,0.8322,-0.0124,-0.0266,0.0,0.1804,1.614,1.0239
2009-05-05,0.2307,0.8536,-0.0124,-0.0266,0.0,0.1804,1.6355,1.0453
2009-05-06,-0.0267,0.8668,-0.0124,-0.027,0.0,0.1804,1.3931,0.8007
2009-05-07,-0.0267,0.8841,-0.0124,-0.027,0.0,0.1804,1.4104,0.818
2009-05-08,-0.0267,0.915,-0.0124,-0.027,0.0,0.1804,1.4414,0.8488
2009-05-11,-0.0267,0.9326,-0.0124,-0.027,0.0,0.1804,1.459,0.8664
2009-05-12,-0.0268,0.957,-0.0124,-0.0271,0.0,0.1804,1.4836,0.8908
2009-05-13,-0.0268,0.957,-0.0124,-0.0272,0.0,0.1804,1.4838,0.8907
2009-05-14,-0.0268,0.957,-0.0124,-0.0272,0.0,0.1804,1.4839,0.8907
2009-05-15,-0.0268,0.957,-0.0124,-0.0272,0.0,0.1804,1.484,0.8907
2009-05-18,-0.0268,0.957,-0.0124,-0.0272,0.0,0.1804,1.484,0.8907
2009-05-19,-0.0268,0.9708,-0.0123,-0.0272,0.0,0.1804,1.4979,0.9045
2009-05-20,-0.0268,0.9708,-0.0123,-0.0272,0.0,0.1804,1.498,0.9045
2009-05-21,-0.0268,0.9852,-0.0123,-0.0272,0.0,0.1804,1.5124,0.9188
2009-05-22,-0.0268,0.9852,-0.0123,-0.0272,0.0,0.1804,1.5125,0.9189
2009-05-26,-0.0268,0.9847,-0.0123,-0.0269,0.0,0.1804,1.5118,0.9187
2009-05-27,-0.0268,1.6698,-0.0123,-0.0265,0.0,0.1804,2.1966,1.6041
2009-05-28,-0.0268,1.6698,-0.0123,-0.026,0.0,0.1804,2.1961,1.6046
2009-05-29,0.2306,1.6698,-0.0123,-0.026,0.0,0.1804,2.4522,1.8621
2009-06-01,0.2285,0.9694,-0.0123,-0.0263,0.0,0.1812,1.7497,1.1593
2009-06-02,0.2251,0.9816,0.0079,-0.0351,0.0,0.1812,1.7211,1.1795
2009-06-03,0.2251,0.9491,0.0079,-0.035,0.0,0.1812,1.6886,1.147
2009-06-04,-0.0302,0.947,0.0079,-0.0347,0.0,0.1812,1.4399,0.89
2009-06-05,-0.0302,0.9443,0.0079,-0.035,0.0,0.1812,1.4374,0.887
2009-06-08,-0.0302,0.9429,0.0079,-0.035,0.0,0.1812,1.436,0.8855
2009-06-09,-0.0303,0.8971,0.0079,-0.0352,0.0,0.1812,1.3904,0.8396
2009-06-10,-0.0303,0.8971,0.0079,-0.0426,0.0,0.1812,1.3978,0.8322
2009-06-11,-0.0303,0.8952,0.0079,-0.037,0.0,0.1812,1.3903,0.8357
2009-06-12,-0.0303,0.8951,0.0079,-0.0366,0.0,0.1812,1.3899,0.8361
2009-06-15,-0.0303,0.8951,0.0079,-0.0366,0.0,0.1812,1.3899,0.8361
2009-06-16,-0.0303,0.8951,0.0079,-0.0366,0.0,0.1812,1.3899,0.8361
2009-06-17,-0.0304,0.8951,0.0079,-0.0371,0.0,0.1812,1.3895,0.8356
2009-06-18,-0.0304,0.8951,0.0079,-0.0371,0.0,0.1812,1.3895,0.8355
2009-06-19,-0.0304,0.8951,0.0079,-0.0371,0.0,0.1812,1.3895,0.8355
2009-06-22,-0.0304,0.8951,0.0079,-0.037,0.0,0.1812,1.3894,0.8355
2009-06-23,-0.0304,0.8951,0.0079,-0.0366,0.0,0.1812,1.389,0.8359
2009-06-24,-0.0305,0.895,0.0079,-0.0366,0.0,0.1812,1.389,0.8359
2009-06-25,-0.0305,0.895,0.0079,-0.0366,0.0,0.1812,1.3891,0.8358
2009-06-26,-0.0305,1.5464,0.0079,-0.0367,0.0,0.1812,2.0404,1.4871
2009-06-29,-0.0305,1.5431,0.0079,-0.0363,0.0,0.1812,2.0368,1.4841
2009-06-30,0.2247,1.5431,0.0079,-0.0359,0.0,0.1812,2.2824,1.7398
2009-07-01,0.2254,0.8736,0.0078,-0.0364,0.0,0.1824,1.6135,1.0704
2009-07-02,0.2163,0.8989,-0.0085,-0.0356,0.0,0.1824,1.6597,1.0711
2009-07-06,0.2163,0.9007,-0.0085,-0.035,0.0,0.1824,1.6611,1.0735
2009-07-07,-0.0398,0.9027,-0.0085,-0.035,0.0,0.1824,1.4285,0.8195
2009-07-08,-0.0398,0.9125,-0.0084,-0.035,0.0,0.1824,1.4384,0.8292
2009-07-09,-0.0398,0.9172,-0.0084,-0.0348,0.0,0.1824,1.4431,0.8341
2009-07-10,-0.0399,0.9172,-0.0084,-0.0348,0.0,0.1824,1.4433,0.8342
2009-07-13,-0.0399,0.9172,-0.0084,-0.0348,0.0,0.1824,1.4434,0.8341
2009-07-14,-0.0399,0.9172,-0.0084,-0.0345,0.0,0.1824,1.4432,0.8344
2009-07-15,-0.0399,0.9172,-0.0084,-0.034,0.0,0.1824,1.4428,0.8348
2009-07-16,-0.04,0.9172,-0.0084,-0.0337,0.0,0.1824,1.4426,0.8351
2009-07-17,-0.04,0.916,-0.0084,-0.0337,0.0,0.1824,1.4416,0.8339
2009-07-20,-0.04,0.9158,-0.0084,-0.0337,0.0,0.1824,1.4416,0.8337
2009-07-21,-0.0401,0.9158,-0.0084,-0.0333,0.0,0.1824,1.4413,0.8341
2009-07-22,-0.0401,0.9158,-0.0084,-0.0333,0.0,0.1824,1.4414,0.8341
2009-07-23,-0.0401,0.9134,-0.0083,-0.0333,0.0,0.1824,1.4391,0.8316
2009-07-24,-0.0401,0.9134,-0.0083,-0.033,0.0,0.1824,1.4388,0.8319
2009-07-27,-0.0402,0.9134,-0.0083,-0.032,0.0,0.1824,1.438,0.8329
2009-07-28,-0.0402,0.9133,-0.0083,-0.0308,0.0,0.1824,1.4371,0.8341
2009-07-29,-0.0402,1.5735,-0.0083,-0.0297,0.0,0.1824,2.0965,1.4953
2009-07-30,-0.0402,1.5735,-0.0083,-0.0289,0.0,0.1824,2.0959,1.4961
2009-07-31,0.2158,1.5735,-0.0083,-0.0289,0.0,0.1824,2.3305,1.7521
2009-08-03,0.2167,0.9033,-0.0082,-0.0294,0.0,0.1837,1.6618,1.0824
2009-08-04,0.2104,0.8667,0.0102,-0.0348,0.0,0.1837,1.6985,1.0525
2009-08-05,0.2104,0.8667,0.0102,-0.0349,0.0,0.1837,1.6986,1.0525
2009-08-06,-0.0465,0.8667,0.0102,-0.0348,0.0,0.1837,1.4574,0.7956
2009-08-07,-0.0465,0.8666,0.0102,-0.0345,0.0,0.1837,1.4571,0.7959
2009-08-10,-0.0465,0.8666,0.0102,-0.0339,0.0,0.1837,1.4566,0.7964
2009-08-11,-0.0465,0.8666,0.0102,-0.0335,0.0,0.1837,1.4564,0.7968
2009-08-12,-0.0465,0.8666,0.0102,-0.0328,0.0,0.1837,1.4558,0.7975
2009-08-13,-0.0465,0.8665,0.0102,-0.0328,0.0,0.1837,1.4559,0.7974
2009-08-14,-0.0465,0.8665,0.0102,-0.0325,0.0,0.1837,1.4556,0.7978
2009-08-17,-0.0465,0.8665,0.0102,-0.0324,0.0,0.1837,1.4556,0.7979
2009-08-18,-0.0465,0.8666,0.0102,-0.0324,0.0,0.1837,1.4557,0.7979
2009-08-19,-0.0466,0.8666,0.0102,-0.0323,0.0,0.1837,1.4559,0.7979
2009-08-20,-0.0466,0.8666,0.0102,-0.0323,0.0,0.1837,1.4562,0.798
2009-08-21,-0.0466,0.8666,0.0102,-0.0323,0.0,0.1837,1.4563,0.7979
2009-08-24,-0.0466,0.8717,0.0102,-0.032,0.0,0.1837,1.4616,0.8033
2009-08-25,-0.0466,0.8717,0.0102,-0.031,0.0,0.1837,1.4612,0.8044
2009-08-26,-0.0466,0.8717,0.0102,-0.03,0.0,0.1837,1.4611,0.8053
2009-08-27,-0.0466,1.5233,0.0102,-0.0287,0.0,0.1837,2.1127,1.4582
2009-08-28,-0.0466,1.5233,0.0102,-0.0285,0.0,0.1837,2.113,1.4584
2009-08-31,0.2104,1.5281,0.0102,-0.0284,0.0,0.1837,2.3591,1.7203
2009-09-01,0.2123,0.8855,0.0102,-0.0286,0.0,0.1846,1.719,1.0794
2009-09-02,0.1946,0.9247,0.0203,0.0192,0.0,0.1846,1.9476,1.1588
2009-09-03,0.1946,0.9399,0.0203,0.02,0.0,0.1846,1.9576,1.1747
2009-09-04,-0.0645,0.9407,0.0203,0.0201,0.0,0.1846,1.7509,0.9166
2009-09-08,-0.0645,0.9422,0.0203,0.0205,0.0,0.1846,1.7522,0.9186
2009-09-09,-0.0645,0.9463,0.0203,0.0211,0.0,0.1846,1.7559,0.9233
2009-09-10,-0.0645,0.9612,0.0203,0.0209,0.0,0.1846,1.7705,0.9379
2009-09-11,-0.0645,0.9782,0.0203,0.0211,0.0,0.1846,1.7873,0.9552
2009-09-14,-0.0645,0.9783,0.0203,0.0211,0.0,0.1846,1.7874,0.9552
2009-09-15,-0.0645,0.9851,0.0203,0.0213,0.0,0.1846,1.7941,0.9622
2009-09-16,-0.0645,0.9873,0.0203,0.0219,0.0,0.1846,1.7968,0.9651
2009-09-17,-0.0645,0.992,0.0203,0.0234,0.0,0.1846,1.8017,0.9712
2009-09-18,-0.0645,1.0002,0.0203,0.0242,0.0,0.1846,1.8093,0.9802
2009-09-21,-0.0645,1.0007,0.0204,0.0251,0.0,0.1846,1.8094,0.9816
2009-09-22,-0.0645,1.0008,0.0204,0.0259,0.0,0.1846,1.8097,0.9825
2009-09-23,-0.0645,1.0139,0.0204,0.0268,0.0,0.1846,1.8228,0.9965
2009-09-24,-0.0645,1.0247,0.0204,0.0268,0.0,0.1846,1.8337,1.0073
2009-09-25,-0.0645,1.0393,0.0204,0.0268,0.0,0.1846,1.8484,1.0219
2009-09-28,-0.0645,1.7089,0.0204,0.027,0.0,0.1846,2.5184,1.6918
2009-09-29,-0.0645,1.7164,0.0204,0.0279,0.0,0.1846,2.5267,1.7001
2009-09-30,0.1945,1.7288,0.0204,0.0283,0.0,0.1846,2.7472,1.9719
2009-10-01,0.1953,1.0889,0.0204,0.0292,0.0,0.1864,2.1111,1.3338
2009-10-02,0.2573,1.2066,0.0166,0.0896,0.0,0.1864,2.0815,1.5701
2009-10-05,0.2573,1.2066,0.0166,0.0881,0.0,0.1864,2.08,1.5685
2009-10-06,-0.003,1.2066,0.0166,0.0881,0.0,0.1864,1.875,1.3082
2009-10-07,-0.003,1.217,0.0166,0.0872,0.0,0.1864,1.8846,1.3177
2009-10-08,-0.003,1.2189,0.0166,0.0865,0.0,0.1864,1.8859,1.319
2009-10-09,-0.003,1.2189,0.0166,0.0868,0.0,0.1864,1.8861,1.3193
2009-10-12,-0.003,1.2189,0.0166,0.0868,0.0,0.1864,1.886,1.3192
2009-10-13,-0.003,1.2023,0.0166,0.0868,0.0,0.1864,1.8695,1.3027
2009-10-14,-0.003,1.2023,0.0166,0.0868,0.0,0.1864,1.8694,1.3026
2009-10-15,-0.003,1.2023,0.0166,0.0876,0.0,0.1864,1.8702,1.3034
2009-10-16,-0.003,1.2023,0.0166,0.0879,0.0,0.1864,1.8706,1.3038
2009-10-19,-0.003,1.2023,0.0166,0.0887,0.0,0.1864,1.8724,1.3045
2009-10-20,-0.003,1.2023,0.0166,0.0893,0.0,0.1864,1.873,1.3051
2009-10-21,-0.003,1.2023,0.0166,0.0898,0.0,0.1864,1.8735,1.3056
2009-10-22,-0.003,1.2022,0.0166,0.0901,0.0,0.1864,1.8743,1.3059
2009-10-23,-0.003,1.2033,0.0166,0.091,0.0,0.1864,1.8762,1.3079
2009-10-26,-0.003,1.2121,0.0166,0.0925,0.0,0.1864,1.8866,1.3182
2009-10-27,-0.003,1.2147,0.0166,0.0922,0.0,0.1864,1.89,1.3205
2009-10-28,-0.003,1.8806,0.0166,0.092,0.0,0.1864,2.5557,1.9862
2009-10-29,-0.003,1.8791,0.0166,0.0922,0.0,0.1864,2.5544,1.9849
2009-10-30,0.2573,1.8791,0.0166,0.0905,0.0,0.1864,2.7577,2.2435
2009-11-02,0.3974,1.1994,0.0166,0.0866,0.0,0.188,2.2151,1.7
2009-11-03,0.5678,0.8315,0.0387,0.112,0.0,0.188,1.8074,1.5499
2009-11-04,0.5678,0.8314,0.0387,0.112,0.0,0.188,1.8073,1.5499
2009-11-05,0.3098,0.8313,0.0387,0.112,0.0,0.188,1.5492,1.2917
2009-11-06,0.3098,0.8358,0.0387,0.1113,0.0,0.188,1.5536,1.2957
2009-11-09,0.3098,0.8512,0.0387,0.1121,0.0,0.188,1.5697,1.3117
2009-11-10,0.3098,0.8568,0.0387,0.1125,0.0,0.188,1.5755,1.3178
2009-11-11,0.3098,0.8663,0.0387,0.1125,0.0,0.188,1.585,1.3273
2009-11-12,0.3098,0.8749,0.0387,0.1131,0.0,0.188,1.5938,1.3365
2009-11-13,0.3098,0.88,0.0387,0.1138,0.0,0.188,1.5997,1.3423
2009-11-16,0.3098,0.8874,0.0387,0.1137,0.0,0.188,1.607,1.3496
2009-11-17,0.3098,0.8881,0.0387,0.1137,0.0,0.188,1.6076,1.3503
2009-11-18,0.3098,0.888,0.0387,0.1141,0.0,0.188,1.6079,1.3506
2009-11-19,0.3098,0.8878,0.0387,0.1142,0.0,0.188,1.6078,1.3505
2009-11-20,0.3098,0.8877,0.0387,0.115,0.0,0.188,1.6083,1.3512
2009-11-23,0.3098,0.8907,0.0387,0.1151,0.0,0.188,1.6113,1.3542
2009-11-24,0.3098,0.8938,0.0387,0.115,0.0,0.188,1.6143,1.3573
2009-11-25,0.3098,1.5586,0.0387,0.115,0.0,0.188,2.2792,2.0221
2009-11-27,0.3098,1.5617,0.0387,0.115,0.0,0.188,2.2822,2.0252
2009-11-30,0.5678,1.564,0.0387,0.114,0.0,0.188,2.542,2.2845
2009-12-01,0.5718,0.9067,0.0387,0.1086,0.0,0.1881,1.8838,1.6259
2009-12-02,0.5917,0.9144,0.0341,0.145,0.0,0.1881,1.8812,1.6851
2009-12-03,0.5917,0.9149,0.0341,0.145,0.0,0.1881,1.8817,1.6857
2009-12-04,0.331,0.9155,0.0341,0.145,0.0,0.1881,1.6216,1.4256
2009-12-07,0.331,0.9154,0.0341,0.1455,0.0,0.1881,1.6221,1.426
2009-12-08,0.331,0.9153,0.0341,0.1444,0.0,0.1881,1.6207,1.4248
2009-12-09,0.331,0.9153,0.034,0.1447,0.0,0.1881,1.6209,1.425
2009-12-10,0.331,0.9157,0.034,0.145,0.0,0.1881,1.6217,1.4258
2009-12-11,0.331,0.9181,0.034,0.1456,0.0,0.1881,1.6246,1.4287
2009-12-14,0.331,0.9186,0.034,0.1458,0.0,0.1881,1.6251,1.4295
2009-12-15,0.331,0.9195,0.034,0.1465,0.0,0.1881,1.6263,1.431
2009-12-16,0.331,0.9227,0.034,0.1471,0.0,0.1881,1.63,1.4349
2009-12-17,0.331,0.9272,0.034,0.1473,0.0,0.1881,1.6343,1.4396
2009-12-18,0.331,0.933,0.034,0.1476,0.0,0.1881,1.6401,1.4456
2009-12-21,0.331,0.9209,0.034,0.1476,0.0,0.1881,1.628,1.4335
2009-12-22,0.331,0.9208,0.034,0.1476,0.0,0.1881,1.6279,1.4334
2009-12-23,0.331,0.8984,0.034,0.1477,0.0,0.1881,1.6057,1.4111
2009-12-24,0.331,0.8983,0.034,0.1482,0.0,0.1881,1.6059,1.4115
2009-12-28,0.331,0.8982,0.034,0.1489,0.0,0.1881,1.6061,1.4122
2009-12-29,0.331,1.567,0.034,0.1497,0.0,0.1881,2.2751,2.0817
2009-12-30,0.331,1.568,0.034,0.1246,0.0,0.1881,2.2615,2.0576
2009-12-31,0.5917,1.5679,0.034,0.1516,0.0,0.1881,2.5386,2.3452
2010-01-04,0.5969,0.8835,0.0341,0.1529,0.0,0.1896,1.8604,1.6673
2010-01-05,0.4507,0.3501,0.0429,0.1148,0.0,0.1896,1.659,0.9585
2010-01-06,0.4507,0.3533,0.0429,0.1148,0.0,0.1896,1.6622,0.9617
2010-01-07,0.1878,0.3533,0.0429,0.1149,0.0,0.1896,1.3992,0.6989
2010-01-08,0.1878,0.3533,0.0429,0.1151,0.0,0.1896,1.3995,0.6991
2010-01-11,0.1878,0.3541,0.0429,0.1152,0.0,0.1896,1.3988,0.6999
2010-01-12,0.1878,0.3614,0.0429,0.1155,0.0,0.1896,1.3984,0.7076
2010-01-13,0.1878,0.3706,0.0429,0.1159,0.0,0.1896,1.3985,0.7171
2010-01-14,0.1878,0.3614,0.0429,0.1159,0.0,0.1896,1.3894,0.708
2010-01-15,0.1878,0.3609,0.0429,0.1159,0.0,0.1896,1.3888,0.7074
2010-01-19,0.1878,0.354,0.0429,0.1164,0.0,0.1896,1.3825,0.7011
2010-01-20,0.1878,0.354,0.0429,0.1164,0.0,0.1896,1.3825,0.7011
2010-01-21,0.1878,0.354,0.0429,0.1166,0.0,0.1896,1.3827,0.7013
2010-01-22,0.1878,0.354,0.0429,0.1156,0.0,0.1896,1.3817,0.7003
2010-01-25,0.1878,0.354,0.0429,0.1156,0.0,0.1896,1.3817,0.7003
2010-01-26,0.1878,0.3542,0.0429,0.1156,0.0,0.1896,1.3818,0.7005
2010-01-27,0.1878,1.0279,0.0429,0.1156,0.0,0.1896,1.6377,1.3742
2010-01-28,0.1878,1.0335,0.0429,0.0933,0.0,0.1896,1.6209,1.3575
2010-01-29,0.4507,1.0395,0.0429,0.1157,0.0,0.1896,1.9122,1.6487
2010-02-01,0.4523,0.3655,0.0428,0.1164,0.0,0.1912,1.655,0.977
2010-02-02,0.4526,0.4205,0.0342,0.1238,0.0,0.1912,1.7311,1.0311
2010-02-03,0.4526,0.4209,0.0342,0.1237,0.0,0.1912,1.7315,1.0315
2010-02-04,0.1883,0.423,0.0342,0.124,0.0,0.1912,1.4695,0.7695
2010-02-05,0.1883,0.4243,0.0342,0.1252,0.0,0.1912,1.4695,0.7721
2010-02-08,0.1883,0.4197,0.0342,0.1243,0.0,0.1912,1.464,0.7666
2010-02-09,0.1883,0.4197,0.0342,0.1243,0.0,0.1912,1.4639,0.7666
2010-02-10,0.1883,0.4204,0.0342,0.1243,0.0,0.1912,1.4646,0.7672
2010-02-11,0.1883,0.4204,0.0342,0.1233,0.0,0.1912,1.4636,0.7662
2010-02-12,0.1883,0.4204,0.0342,0.1233,0.0,0.1912,1.4636,0.7662
2010-02-16,0.1883,0.4204,0.0342,0.1216,0.0,0.1912,1.4619,0.7645
2010-02-17,0.1883,0.4204,0.0342,0.1216,0.0,0.1912,1.4619,0.7645
2010-02-18,0.1883,0.4223,0.0342,0.1202,0.0,0.1912,1.4623,0.765
2010-02-19,0.1883,0.4246,0.0342,0.1193,0.0,0.1912,1.4654,0.7664
2010-02-22,0.1883,0.426,0.0342,0.1193,0.0,0.1912,1.4668,0.7678
2010-02-23,0.1883,0.4266,0.0342,0.1193,0.0,0.1912,1.4674,0.7684
2010-02-24,0.1883,1.1098,0.0342,0.1194,0.0,0.1912,1.7002,1.4517
2010-02-25,0.1883,1.1076,0.0341,0.1194,0.0,0.1912,1.6979,1.4494
2010-02-26,0.4526,1.1076,0.0341,0.1194,0.0,0.1912,1.9621,1.7136
2010-03-01,0.4538,0.4201,0.0339,0.1185,0.0,0.1923,1.7322,1.0264
2010-03-02,0.62,0.8636,0.028,0.1557,0.0,0.1923,1.8409,1.6673
2010-03-03,0.62,0.8641,0.028,0.1562,0.0,0.1923,1.8414,1.6682
2010-03-04,0.3544,0.8676,0.028,0.1571,0.0,0.1923,1.58,1.407
2010-03-05,0.3544,0.8711,0.028,0.1595,0.0,0.1923,1.5858,1.4129
2010-03-08,0.3544,0.8738,0.028,0.1601,0.0,0.1923,1.5891,1.4162
2010-03-09,0.3544,0.875,0.028,0.1604,0.0,0.1923,1.5907,1.4177
2010-03-10,0.3544,0.8776,0.028,0.1618,0.0,0.1923,1.5939,1.4217
2010-03-11,0.3544,0.8778,0.028,0.1632,0.0,0.1923,1.5944,1.4233
2010-03-12,0.3544,0.8812,0.028,0.1645,0.0,0.1923,1.5988,1.428
2010-03-15,0.3544,0.8849,0.028,0.1661,0.0,0.1923,1.6037,1.4333
2010-03-16,0.3544,0.8853,0.028,0.1673,0.0,0.1923,1.6052,1.4349
2010-03-17,0.3544,0.8899,0.028,0.1684,0.0,0.1923,1.6109,1.4405
2010-03-18,0.3544,0.8931,0.028,0.1687,0.0,0.1923,1.6145,1.4441
2010-03-19,0.3544,0.8945,0.028,0.1695,0.0,0.1923,1.6168,1.4464
2010-03-22,0.3544,0.8984,0.028,0.1706,0.0,0.1923,1.6217,1.4513
2010-03-23,0.3544,0.904,0.028,0.1703,0.0,0.1923,1.6271,1.4566
2010-03-24,0.3544,0.9091,0.028,0.1715,0.0,0.1923,1.6334,1.4629
2010-03-25,0.3544,0.9125,0.028,0.1728,0.0,0.1923,1.6381,1.4676
2010-03-26,0.3544,0.9021,0.028,0.1724,0.0,0.1923,1.6274,1.4568
2010-03-29,0.3544,1.5859,0.028,0.1724,0.0,0.1923,2.3112,2.1406
2010-03-30,0.3544,1.586,0.028,0.1715,0.0,0.1923,2.3122,2.1399
2010-03-31,0.62,1.5861,0.028,0.169,0.0,0.1923,2.5754,2.4031
2010-04-01,0.626,0.8962,0.0281,0.1689,0.0,0.1942,1.8913,1.7192
2010-04-05,0.4682,0.3774,0.0111,0.1916,0.0,0.1942,1.6985,1.0483
2010-04-06,0.4682,0.3794,0.0111,0.1916,0.0,0.1942,1.6983,1.0503
2010-04-07,0.1998,0.378,0.011,0.1551,0.0,0.1942,1.3999,0.744
2010-04-08,0.1998,0.378,0.011,0.1921,0.0,0.1942,1.4297,0.7809
2010-04-09,0.1998,0.3714,0.011,0.1959,0.0,0.1942,1.4265,0.7781
2010-04-12,0.1998,0.3714,0.011,0.1975,0.0,0.1942,1.4278,0.7797
2010-04-13,0.1998,0.3714,0.011,0.198,0.0,0.1942,1.4287,0.7801
2010-04-14,0.1998,0.3714,0.011,0.1981,0.0,0.1942,1.4287,0.7802
2010-04-15,0.1998,0.3714,0.011,0.1996,0.0,0.1942,1.4298,0.7817
2010-04-16,0.1998,0.3714,0.011,0.1996,0.0,0.1942,1.4298,0.7817
2010-04-19,0.1998,0.3735,0.011,0.2002,0.0,0.1942,1.4321,0.7844
2010-04-20,0.1998,0.3735,0.011,0.2001,0.0,0.1942,1.432,0.7843
2010-04-21,0.1998,0.3758,0.011,0.2002,0.0,0.1942,1.4343,0.7867
2010-04-22,0.1998,0.3779,0.011,0.1998,0.0,0.1942,1.4358,0.7885
2010-04-23,0.1998,0.3779,0.011,0.2001,0.0,0.1942,1.4357,0.7888
2010-04-26,0.1998,0.3791,0.011,0.2003,0.0,0.1942,1.4367,0.7902
2010-04-27,0.1998,0.3817,0.0109,0.2011,0.0,0.1942,1.4392,0.7935
2010-04-28,0.1998,1.0762,0.0109,0.1605,0.0,0.1942,1.6293,1.4474
2010-04-29,0.1998,1.0738,0.0109,0.196,0.0,0.1942,1.6629,1.4806
2010-04-30,0.4682,1.0722,0.0109,0.196,0.0,0.1942,1.9297,1.7473
2010-05-03,0.3236,0.3688,0.0109,0.1951,0.0,0.1959,1.5532,0.8984
2010-05-04,0.4926,0.8933,0.0117,0.1924,0.0,0.1959,1.7912,1.59
2010-05-05,0.4926,0.8934,0.0117,0.1881,0.0,0.1959,1.7967,1.5858
2010-05-06,0.2226,0.8818,0.0117,0.1872,0.0,0.1959,1.5076,1.3033
2010-05-07,0.2226,0.8819,0.0117,0.1861,0.0,0.1959,1.5083,1.3024
2010-05-10,0.2226,0.8427,0.0117,0.182,0.0,0.1959,1.4665,1.2589
2010-05-11,0.2226,0.8405,0.0117,0.1815,0.0,0.1959,1.4648,1.2563
2010-05-12,0.2226,0.8115,0.0116,0.1781,0.0,0.1959,1.4435,1.2239
2010-05-13,0.2226,0.8117,0.0116,0.1781,0.0,0.1959,1.4436,1.224
2010-05-14,0.2226,0.8118,0.0116,0.178,0.0,0.1959,1.4438,1.2241
2010-05-17,0.2226,0.8119,0.0116,0.1778,0.0,0.1959,1.4442,1.2239
2010-05-18,0.2226,0.8121,0.0116,0.1778,0.0,0.1959,1.4443,1.2241
2010-05-19,0.2226,0.8122,0.0116,0.1777,0.0,0.1959,1.4444,1.2242
2010-05-20,0.2226,0.8123,0.0116,0.1777,0.0,0.1959,1.4445,1.2243
2010-05-21,0.2226,0.8125,0.0116,0.1749,0.0,0.1959,1.4437,1.2215
2010-05-24,0.2226,0.7937,0.0116,0.1706,0.0,0.1959,1.4256,1.1984
2010-05-25,0.2226,0.7938,0.0116,0.1695,0.0,0.1959,1.4246,1.1975
2010-05-26,0.2226,1.4842,0.0116,0.1692,0.0,0.1959,2.1001,1.8875
2010-05-27,0.2226,1.4843,0.0116,0.1692,0.0,0.1959,2.1002,1.8876
2010-05-28,0.4926,1.4844,0.0116,0.1692,0.0,0.1959,2.3703,2.1578
2010-06-01,0.4863,0.7727,0.0113,0.1621,0.0,0.1925,1.6663,1.4324
2010-06-02,0.4352,0.7483,0.0078,0.0016,0.0,0.1925,1.7071,1.1929
2010-06-03,0.4352,0.7484,0.0078,0.0028,0.0,0.1925,1.7091,1.1943
2010-06-04,0.1655,0.7486,0.0078,0.0029,0.0,0.1925,1.4395,0.9248
2010-06-07,0.1655,0.7487,0.0078,0.003,0.0,0.1925,1.4395,0.9251
2010-06-08,0.1655,0.6934,0.0078,0.0029,0.0,0.1925,1.3839,0.8696
2010-06-09,0.1655,0.6935,0.0078,0.003,0.0,0.1925,1.3839,0.8698
2010-06-10,0.1655,0.6937,0.0078,0.0019,0.0,0.1925,1.383,0.8689
2010-06-11,0.1655,0.6938,0.0078,0.0019,0.0,0.1925,1.3831,0.869
2010-06-14,0.1655,0.6913,0.0078,0.0007,0.0,0.1925,1.3795,0.8653
2010-06-15,0.1655,0.6914,0.0078,0.0005,0.0,0.1925,1.3798,0.8653
2010-06-16,0.1655,0.6916,0.0078,-0.012,0.0,0.1925,1.3682,0.8529
2010-06-17,0.1655,0.6917,0.0078,-0.0027,0.0,0.1925,1.3777,0.8623
2010-06-18,0.1655,0.6918,0.0079,-0.002,0.0,0.1925,1.3785,0.8631
2010-06-21,0.1655,0.692,0.0079,-0.0018,0.0,0.1925,1.3798,0.8634
2010-06-22,0.1655,0.6921,0.0079,-0.0011,0.0,0.1925,1.3806,0.8643
2010-06-23,0.1655,0.6922,0.0079,-0.0006,0.0,0.1925,1.3813,0.865
2010-06-24,0.1655,0.6924,0.0079,-0.0,0.0,0.1925,1.3821,0.8657
2010-06-25,0.1655,0.6925,0.0079,0.0007,0.0,0.1925,1.3829,0.8665
2010-06-28,0.1655,1.3744,0.0079,0.0011,0.0,0.1925,2.0652,1.5488
2010-06-29,0.1655,1.3763,0.0079,0.0013,0.0,0.1925,2.0673,1.5509
2010-06-30,0.4352,1.3764,0.0079,0.002,0.0,0.1925,2.338,1.8215
2010-07-01,0.4348,0.6916,0.0079,0.0016,0.0,0.1926,1.6536,1.1358
2010-07-02,0.4195,0.6501,0.0142,0.0475,0.0,0.1926,1.6696,1.1314
2010-07-06,0.4195,0.6549,0.0142,0.0474,0.0,0.1926,1.6746,1.136
2010-07-07,0.1502,0.6625,0.0142,0.0474,0.0,0.1926,1.4129,0.8743
2010-07-08,0.1502,0.67,0.0143,0.0474,0.0,0.1926,1.4204,0.8818
2010-07-09,0.1502,0.6728,0.0143,0.0474,0.0,0.1926,1.4233,0.8847
2010-07-12,0.1502,0.6831,0.0143,0.0475,0.0,0.1926,1.4336,0.895
2010-07-13,0.1502,0.691,0.0143,0.0475,0.0,0.1926,1.4416,0.903
2010-07-14,0.1502,0.7128,0.0143,0.0476,0.0,0.1926,1.4634,0.9249
2010-07-15,0.1502,0.7134,0.0143,0.0484,0.0,0.1926,1.4648,0.9263
2010-07-16,0.1502,0.7135,0.0143,0.0493,0.0,0.1926,1.4658,0.9273
2010-07-19,0.1502,0.7137,0.0143,0.0502,0.0,0.1926,1.4668,0.9283
2010-07-20,0.1502,0.7141,0.0143,0.0502,0.0,0.1926,1.4672,0.9287
2010-07-21,0.1502,0.7151,0.0143,0.0502,0.0,0.1926,1.4683,0.9298
2010-07-22,0.1502,0.7177,0.0143,0.0521,0.0,0.1926,1.4727,0.9343
2010-07-23,0.1502,0.7185,0.0143,0.0523,0.0,0.1926,1.4737,0.9352
2010-07-26,0.1502,0.7186,0.0143,0.0523,0.0,0.1926,1.4738,0.9353
2010-07-27,0.1502,0.7187,0.0143,0.0524,0.0,0.1926,1.4741,0.9356
2010-07-28,0.1502,1.4016,0.0143,0.0527,0.0,0.1926,2.1573,1.6188
2010-07-29,0.1502,1.4017,0.0143,0.0537,0.0,0.1926,2.1582,1.6199
2010-07-30,0.4195,1.4019,0.0143,0.0543,0.0,0.1926,2.4275,1.89
2010-08-02,0.4224,0.7241,0.0144,0.0549,0.0,0.1932,1.7538,1.2157
2010-08-03,0.4252,0.7584,0.0326,0.0702,0.0,0.1932,1.7624,1.2864
2010-08-04,0.4251,0.7585,0.0326,0.0709,0.0,0.1932,1.7632,1.2872
2010-08-05,0.1534,0.7586,0.0326,0.0721,0.0,0.1932,1.4926,1.0167
2010-08-06,0.1534,0.7588,0.0326,0.073,0.0,0.1932,1.4937,1.0177
2010-08-09,0.1534,0.7589,0.0326,0.0745,0.0,0.1932,1.4943,1.0193
2010-08-10,0.1534,0.759,0.0326,0.0755,0.0,0.1932,1.4949,1.0204
2010-08-11,0.1534,0.7591,0.0326,0.0762,0.0,0.1932,1.4956,1.0212
2010-08-12,0.1534,0.7592,0.0326,0.077,0.0,0.1932,1.4961,1.0222
2010-08-13,0.1534,0.7594,0.0326,0.0758,0.0,0.1932,1.4969,1.0211
2010-08-16,0.1534,0.7595,0.0326,0.0758,0.0,0.1932,1.497,1.0212
2010-08-17,0.1534,0.7596,0.0326,0.0759,0.0,0.1932,1.4972,1.0215
2010-08-18,0.1534,0.757,0.0326,0.0761,0.0,0.1932,1.4947,1.019
2010-08-19,0.1534,0.7537,0.0326,0.0761,0.0,0.1932,1.4915,1.0157
2010-08-20,0.1534,0.7539,0.0326,0.0764,0.0,0.1932,1.4917,1.0162
2010-08-23,0.1534,0.754,0.0326,0.0768,0.0,0.1932,1.4919,1.0167
2010-08-24,0.1534,0.7541,0.0326,0.0778,0.0,0.1932,1.4929,1.0179
2010-08-25,0.1533,0.7542,0.0326,0.0791,0.0,0.1932,1.4939,1.0192
2010-08-26,0.1533,0.7478,0.0326,0.0791,0.0,0.1932,1.4875,1.0129
2010-08-27,0.1533,1.4247,0.0326,0.0804,0.0,0.1932,2.1654,1.691
2010-08-30,0.1533,1.4248,0.0326,0.081,0.0,0.1932,2.1661,1.6917
2010-08-31,0.4251,1.3781,0.0326,0.0816,0.0,0.1932,2.3909,1.9174
2010-09-01,0.4267,0.6411,0.0328,0.0768,0.0,0.1933,1.6601,1.1774
2010-09-02,0.4225,0.7074,0.0203,0.0778,0.0,0.1933,1.7888,1.228
2010-09-03,0.4224,0.7019,0.0203,0.0757,0.0,0.1933,1.7812,1.2204
2010-09-07,0.1497,0.7021,0.0203,0.0757,0.0,0.1933,1.5086,0.9478
2010-09-08,0.1496,0.7023,0.0203,0.0753,0.0,0.1933,1.5084,0.9476
2010-09-09,0.1496,0.6965,0.0203,0.0752,0.0,0.1933,1.5025,0.9417
2010-09-10,0.1496,0.6967,0.0204,0.0768,0.0,0.1933,1.5043,0.9435
2010-09-13,0.1496,0.6969,0.0204,0.0771,0.0,0.1933,1.5047,0.9439
2010-09-14,0.1496,0.697,0.0204,0.0774,0.0,0.1933,1.5052,0.9444
2010-09-15,0.1496,0.6972,0.0204,0.0774,0.0,0.1933,1.5054,0.9446
2010-09-16,0.1496,0.6965,0.0204,0.0784,0.0,0.1933,1.5056,0.9448
2010-09-17,0.1496,0.6967,0.0204,0.0793,0.0,0.1933,1.5067,0.9459
2010-09-20,0.1496,0.6968,0.0204,0.0805,0.0,0.1933,1.5081,0.9473
2010-09-21,0.1496,0.697,0.0204,0.0817,0.0,0.1933,1.5095,0.9486
2010-09-22,0.1495,0.6972,0.0204,0.082,0.0,0.1933,1.51,0.9492
2010-09-23,0.1495,0.6974,0.0204,0.0825,0.0,0.1933,1.5106,0.9498
2010-09-24,0.1495,0.6976,0.0204,0.084,0.0,0.1933,1.5123,0.9514
2010-09-27,0.1495,0.6977,0.0204,0.0841,0.0,0.1933,1.5126,0.9518
2010-09-28,0.1495,1.3579,0.0204,0.0841,0.0,0.1933,2.1727,1.6119
2010-09-29,0.1495,1.3581,0.0204,0.085,0.0,0.1933,2.1738,1.6129
2010-09-30,0.4223,1.3583,0.0204,0.0863,0.0,0.1933,2.4481,1.8872
2010-10-01,0.4219,0.6982,0.0204,0.0878,0.0,0.1941,1.7901,1.2282
2010-10-04,0.4795,0.6561,0.0481,0.0933,0.0,0.1941,1.716,1.277
2010-10-05,0.4795,0.6563,0.0481,0.0942,0.0,0.1941,1.717,1.278
2010-10-06,0.2076,0.6564,0.0481,0.0942,0.0,0.1941,1.4451,1.0062
2010-10-07,0.2076,0.6644,0.0481,0.0939,0.0,0.1941,1.453,1.014
2010-10-08,0.2076,0.6645,0.0481,0.0941,0.0,0.1941,1.4532,1.0143
2010-10-11,0.2076,0.6646,0.0481,0.0942,0.0,0.1941,1.4534,1.0145
2010-10-12,0.2076,0.6731,0.0481,0.0944,0.0,0.1941,1.462,1.0232
2010-10-13,0.2076,0.683,0.0481,0.0946,0.0,0.1941,1.4721,1.0333
2010-10-14,0.2076,0.6871,0.0481,0.0947,0.0,0.1941,1.4763,1.0375
2010-10-15,0.2076,0.7013,0.0481,0.0954,0.0,0.1941,1.4906,1.0524
2010-10-18,0.2076,0.7014,0.0481,0.0961,0.0,0.1941,1.4913,1.0533
2010-10-19,0.2076,0.7145,0.0481,0.0962,0.0,0.1941,1.5044,1.0664
2010-10-20,0.2076,0.7146,0.0481,0.0963,0.0,0.1941,1.5046,1.0666
2010-10-21,0.2076,0.7148,0.0481,0.0863,0.0,0.1941,1.4961,1.0568
2010-10-22,0.2076,0.7207,0.0481,0.0821,0.0,0.1941,1.4993,1.0585
2010-10-25,0.2076,0.7252,0.0481,0.0819,0.0,0.1941,1.5039,1.0628
2010-10-26,0.2076,0.7327,0.0481,0.0817,0.0,0.1941,1.5111,1.0701
2010-10-27,0.2076,1.4181,0.0481,0.0816,0.0,0.1941,2.1964,1.7553
2010-10-28,0.2076,1.4397,0.0481,0.0815,0.0,0.1941,2.2179,1.7768
2010-10-29,0.4795,1.451,0.0481,0.0816,0.0,0.1941,2.5012,2.0601
2010-11-01,0.6379,0.7873,0.0481,0.0815,0.0,0.1953,1.9963,1.5549
2010-11-02,0.688,0.7803,0.0348,0.0871,0.0,0.1953,2.0688,1.5903
2010-11-03,0.688,0.7814,0.0348,0.0874,0.0,0.1953,2.0701,1.5916
2010-11-04,0.415,0.7814,0.0348,0.0874,0.0,0.1953,1.797,1.3185
2010-11-05,0.415,0.7872,0.0348,0.0877,0.0,0.1953,1.8031,1.3247
2010-11-08,0.415,0.7656,0.0348,0.0879,0.0,0.1953,1.7817,1.3033
2010-11-09,0.415,0.7635,0.0348,0.0883,0.0,0.1953,1.78,1.3016
2010-11-10,0.415,0.7619,0.0348,0.0886,0.0,0.1953,1.7787,1.3003
2010-11-11,0.415,0.7533,0.0348,0.0886,0.0,0.1953,1.7702,1.2916
2010-11-12,0.415,0.7514,0.0348,0.0885,0.0,0.1953,1.7684,1.2897
2010-11-15,0.415,0.7514,0.0348,0.0886,0.0,0.1953,1.7684,1.2898
2010-11-16,0.415,0.7514,0.0348,0.0886,0.0,0.1953,1.7684,1.2897
2010-11-17,0.415,0.7123,0.0348,0.0889,0.0,0.1953,1.7295,1.2509
2010-11-18,0.415,0.6903,0.0348,0.088,0.0,0.1953,1.7067,1.2281
2010-11-19,0.415,0.6903,0.0348,0.0889,0.0,0.1953,1.7076,1.2289
2010-11-22,0.415,0.6903,0.0348,0.0889,0.0,0.1953,1.7075,1.2289
2010-11-23,0.415,0.6903,0.0348,0.0894,0.0,0.1953,1.708,1.2294
2010-11-24,0.415,0.6903,0.0348,0.0908,0.0,0.1953,1.7095,1.2309
2010-11-26,0.415,1.3562,0.0348,0.0908,0.0,0.1953,2.3754,1.8967
2010-11-29,0.415,1.3562,0.0348,0.0905,0.0,0.1953,2.3751,1.8964
2010-11-30,0.688,1.3554,0.0348,0.0882,0.0,0.1953,2.6451,2.1663
2010-12-01,0.6907,0.6819,0.0348,0.0875,0.0,0.196,1.974,1.4949
2010-12-02,0.6854,0.6556,0.0327,0.0365,0.0,0.196,1.9822,1.4102
2010-12-03,0.6854,0.6423,0.0327,0.0361,0.0,0.196,1.9687,1.3965
2010-12-06,0.4101,0.6423,0.0326,0.0351,0.0,0.196,1.6924,1.1203
2010-12-07,0.4102,0.6423,0.0326,0.034,0.0,0.196,1.6927,1.1191
2010-12-08,0.4102,0.6424,0.0326,0.034,0.0,0.196,1.6927,1.1191
2010-12-09,0.4102,0.617,0.0326,0.034,0.0,0.196,1.6675,1.0938
2010-12-10,0.4102,0.617,0.0326,0.0341,0.0,0.196,1.6676,1.0939
2010-12-13,0.4102,0.617,0.0326,0.0344,0.0,0.196,1.668,1.0943
2010-12-14,0.4102,0.617,0.0326,0.0348,0.0,0.196,1.6684,1.0947
2010-12-15,0.4102,0.6171,0.0326,0.0353,0.0,0.196,1.6687,1.0952
2010-12-16,0.4102,0.6171,0.0326,0.0357,0.0,0.196,1.6691,1.0956
2010-12-17,0.4103,0.6171,0.0326,0.036,0.0,0.196,1.6695,1.096
2010-12-20,0.4103,0.6171,0.0326,0.0364,0.0,0.196,1.6699,1.0963
2010-12-21,0.4103,0.6171,0.0326,0.0364,0.0,0.196,1.67,1.0964
2010-12-22,0.4103,0.6171,0.0326,0.0371,0.0,0.196,1.6707,1.0971
2010-12-23,0.4103,0.6171,0.0326,0.0385,0.0,0.196,1.6722,1.0985
2010-12-27,0.4103,0.6171,0.0326,0.04,0.0,0.196,1.673,1.1
2010-12-28,0.4103,0.6171,0.0326,0.0413,0.0,0.196,1.6737,1.1013
2010-12-29,0.4103,1.2842,0.0326,0.0091,0.0,0.196,2.3169,1.7362
2010-12-30,0.4104,1.2842,0.0326,0.0095,0.0,0.196,2.3166,1.7366
2010-12-31,0.6856,1.2826,0.0325,0.044,0.0,0.196,2.6164,2.0448
2011-01-03,0.6889,0.6086,0.0327,0.0442,0.0,0.1973,1.9471,1.3744
2011-01-04,0.7092,0.6514,0.0332,0.1024,0.0,0.1973,1.9675,1.4962
2011-01-05,0.7092,0.6516,0.0332,0.0671,0.0,0.1973,1.9397,1.4611
2011-01-06,0.4332,0.6517,0.0332,0.0994,0.0,0.1973,1.6899,1.2175
2011-01-07,0.4332,0.6519,0.0332,0.0996,0.0,0.1973,1.69,1.2178
2011-01-10,0.4332,0.652,0.0332,0.1003,0.0,0.1973,1.6906,1.2187
2011-01-11,0.4332,0.6522,0.0332,0.1015,0.0,0.1973,1.6918,1.2201
2011-01-12,0.4332,0.6524,0.0332,0.1029,0.0,0.1973,1.6931,1.2217
2011-01-13,0.4332,0.6525,0.0332,0.1032,0.0,0.1973,1.6933,1.2221
2011-01-14,0.4332,0.6527,0.0332,0.1034,0.0,0.1973,1.6936,1.2225
2011-01-18,0.4333,0.6528,0.0332,0.1028,0.0,0.1973,1.6949,1.2221
2011-01-19,0.4333,0.6535,0.0332,0.103,0.0,0.1973,1.6955,1.2229
2011-01-20,0.4333,0.6555,0.0332,0.1031,0.0,0.1973,1.6974,1.225
2011-01-21,0.4333,0.6562,0.0332,0.1039,0.0,0.1973,1.6986,1.2265
2011-01-24,0.4333,0.6563,0.0332,0.104,0.0,0.1973,1.6989,1.2268
2011-01-25,0.4333,0.6565,0.0332,0.104,0.0,0.1973,1.6991,1.227
2011-01-26,0.4334,0.6633,0.0332,0.1042,0.0,0.1973,1.7057,1.234
2011-01-27,0.4334,1.3262,0.0332,0.1043,0.0,0.1973,2.3688,1.8971
2011-01-28,0.4334,1.329,0.0332,0.0717,0.0,0.1973,2.3388,1.8672
2011-01-31,0.7095,1.3303,0.0332,0.1052,0.0,0.1973,2.6489,2.1781
2011-02-01,0.7134,0.6714,0.0333,0.1067,0.0,0.1987,1.9956,1.5248
2011-02-02,0.7182,0.6897,0.0532,0.106,0.0,0.1987,2.0559,1.5671
2011-02-03,0.7182,0.695,0.0532,0.1059,0.0,0.1987,2.0612,1.5724
2011-02-04,0.4403,0.7044,0.0533,0.1061,0.0,0.1987,1.7929,1.3041
2011-02-07,0.4403,0.7075,0.0533,0.1063,0.0,0.1987,1.7962,1.3074
2011-02-08,0.4403,0.7124,0.0533,0.1065,0.0,0.1987,1.8013,1.3125
2011-02-09,0.4403,0.7187,0.0533,0.1066,0.0,0.1987,1.8075,1.3189
2011-02-10,0.4403,0.7201,0.0533,0.1068,0.0,0.1987,1.8088,1.3205
2011-02-11,0.4403,0.7203,0.0533,0.1073,0.0,0.1987,1.8091,1.3212
2011-02-14,0.4402,0.7204,0.0533,0.1076,0.0,0.1987,1.8093,1.3216
2011-02-15,0.4402,0.7206,0.0533,0.108,0.0,0.1987,1.8099,1.3222
2011-02-16,0.4402,0.7216,0.0534,0.1082,0.0,0.1987,1.811,1.3234
2011-02-17,0.4402,0.7278,0.0534,0.1084,0.0,0.1987,1.8174,1.3298
2011-02-18,0.4402,0.7436,0.0534,0.1085,0.0,0.1987,1.8332,1.3457
2011-02-22,0.4402,0.7488,0.0534,0.109,0.0,0.1987,1.8381,1.3513
2011-02-23,0.4402,0.7656,0.0534,0.1094,0.0,0.1987,1.8551,1.3685
2011-02-24,0.4402,1.4312,0.0534,0.1084,0.0,0.1987,2.5191,2.0332
2011-02-25,0.4402,1.4314,0.0534,0.1085,0.0,0.1987,2.5192,2.0335
2011-02-28,0.7181,1.4315,0.0534,0.1088,0.0,0.1987,2.7969,2.3118
2011-03-01,0.7208,0.766,0.0536,0.1093,0.0,0.2,2.1343,1.6498
2011-03-02,0.7256,0.7825,0.0621,0.1971,0.0,0.2,1.9208,1.7673
2011-03-03,0.7256,0.7874,0.0621,0.1977,0.0,0.2,1.9256,1.7728
2011-03-04,0.4464,0.7874,0.0621,0.1978,0.0,0.2,1.6465,1.4937
2011-03-07,0.4463,0.7874,0.0621,0.1978,0.0,0.2,1.6465,1.4937
2011-03-08,0.4463,0.7874,0.0621,0.1989,0.0,0.2,1.6466,1.4947
2011-03-09,0.4463,0.7874,0.0621,0.2004,0.0,0.2,1.6472,1.4962
2011-03-10,0.4463,0.7874,0.0621,0.2005,0.0,0.2,1.6473,1.4963
2011-03-11,0.4463,0.7874,0.0621,0.2009,0.0,0.2,1.6472,1.4967
2011-03-14,0.4463,0.7874,0.0621,0.201,0.0,0.2,1.6473,1.4968
2011-03-15,0.4463,0.7874,0.0621,0.2003,0.0,0.2,1.6466,1.4961
2011-03-16,0.4463,0.7874,0.0621,0.2004,0.0,0.2,1.6467,1.4962
2011-03-17,0.4463,0.7867,0.0621,0.1936,0.0,0.2,1.6392,1.4887
2011-03-18,0.4463,0.7855,0.0621,0.1931,0.0,0.2,1.6381,1.487
2011-03-21,0.4463,0.7855,0.0621,0.193,0.0,0.2,1.6383,1.487
2011-03-22,0.4463,0.7855,0.0621,0.1901,0.0,0.2,1.6365,1.484
2011-03-23,0.4463,0.7855,0.0621,0.1901,0.0,0.2,1.6365,1.484
2011-03-24,0.4463,0.7855,0.0621,0.1902,0.0,0.2,1.6365,1.4841
2011-03-25,0.4463,0.7855,0.0621,0.1902,0.0,0.2,1.6365,1.484
2011-03-28,0.4462,0.7855,0.0621,0.1902,0.0,0.2,1.6366,1.4841
2011-03-29,0.4462,1.4557,0.0621,0.1902,0.0,0.2,2.3067,2.1542
2011-03-30,0.4462,1.4651,0.0621,0.1902,0.0,0.2,2.3161,2.1636
2011-03-31,0.7255,1.4699,0.0621,0.1902,0.0,0.2,2.6002,2.4477
2011-04-01,0.7261,0.8,0.0622,0.1914,0.0,0.2001,1.9319,1.7797
2011-04-04,0.7182,0.7845,0.0569,0.1923,0.0,0.2001,1.914,1.7518
2011-04-05,0.7182,0.7896,0.0569,0.1938,0.0,0.2001,1.9199,1.7585
2011-04-06,0.438,0.7976,0.0569,0.1954,0.0,0.2001,1.6482,1.4879
2011-04-07,0.438,0.7995,0.0569,0.1971,0.0,0.2001,1.6502,1.4914
2011-04-08,0.438,0.7997,0.0569,0.1974,0.0,0.2001,1.6508,1.4919
2011-04-11,0.438,0.8025,0.0569,0.198,0.0,0.2001,1.6541,1.4954
2011-04-12,0.438,0.811,0.0569,0.199,0.0,0.2001,1.6637,1.5049
2011-04-13,0.438,0.8231,0.0569,0.1994,0.0,0.2001,1.6763,1.5175
2011-04-14,0.438,0.8233,0.0569,0.2,0.0,0.2001,1.6771,1.5183
2011-04-15,0.4381,0.8235,0.0569,0.2048,0.0,0.2001,1.6743,1.5233
2011-04-18,0.4381,0.8237,0.0569,0.2063,0.0,0.2001,1.6756,1.525
2011-04-19,0.4381,0.8239,0.057,0.2068,0.0,0.2001,1.6763,1.5257
2011-04-20,0.4381,0.8241,0.057,0.2051,0.0,0.2001,1.6783,1.5242
2011-04-21,0.4381,0.8242,0.057,0.205,0.0,0.2001,1.6786,1.5243
2011-04-25,0.4381,0.8244,0.057,0.2036,0.0,0.2001,1.6801,1.5231
2011-04-26,0.4381,0.8246,0.057,0.2037,0.0,0.2001,1.6804,1.5234
2011-04-27,0.4381,1.4997,0.057,0.1621,0.0,0.2001,2.3139,2.1569
2011-04-28,0.4381,1.5018,0.057,0.1674,0.0,0.2001,2.3214,2.1643
2011-04-29,0.7183,1.5088,0.057,0.2033,0.0,0.2001,2.6445,2.4874
2011-05-02,0.5622,0.8394,0.0572,0.205,0.0,0.201,1.8204,1.6638
2011-05-03,0.5683,0.8606,0.0595,0.2048,0.0,0.201,1.8861,1.6933
2011-05-04,0.5683,0.8721,0.0595,0.2055,0.0,0.201,1.8984,1.7055
2011-05-05,0.2859,0.8843,0.0595,0.2109,0.0,0.201,1.624,1.4406
2011-05-06,0.2859,0.8872,0.0595,0.2116,0.0,0.201,1.6273,1.4443
2011-05-09,0.2859,0.8887,0.0595,0.2023,0.0,0.201,1.6208,1.4365
2011-05-10,0.2859,0.8898,0.0596,0.2,0.0,0.201,1.6195,1.4352
2011-05-11,0.2859,0.8911,0.0596,0.2001,0.0,0.201,1.6208,1.4367
2011-05-12,0.2859,0.8933,0.0596,0.2001,0.0,0.201,1.6226,1.4389
2011-05-13,0.2859,0.8938,0.0596,0.1987,0.0,0.201,1.6214,1.438
2011-05-16,0.2859,0.8961,0.0596,0.1987,0.0,0.201,1.6237,1.4403
2011-05-17,0.2859,0.8967,0.0596,0.1987,0.0,0.201,1.6242,1.4408
2011-05-18,0.2859,0.8975,0.0596,0.1985,0.0,0.201,1.6249,1.4416
2011-05-19,0.2859,0.898,0.0596,0.1986,0.0,0.201,1.6254,1.4421
2011-05-20,0.2859,0.8962,0.0596,0.1986,0.0,0.201,1.6236,1.4403
2011-05-23,0.2859,0.8968,0.0596,0.1986,0.0,0.201,1.6243,1.441
2011-05-24,0.2859,0.8976,0.0596,0.1988,0.0,0.201,1.6252,1.442
2011-05-25,0.2859,0.8991,0.0597,0.1989,0.0,0.201,1.6267,1.4434
2011-05-26,0.2859,1.5746,0.0597,0.1989,0.0,0.201,2.3023,2.119
2011-05-27,0.2859,1.5779,0.0597,0.1991,0.0,0.201,2.3054,2.1225
2011-05-31,0.5683,1.579,0.0597,0.1995,0.0,0.201,2.5885,2.4064
2011-06-01,0.5707,0.9045,0.0596,0.1993,0.0,0.202,1.9166,1.7341
2011-06-02,0.562,0.9142,0.0348,0.1778,0.0,0.202,1.8857,1.6889
2011-06-03,0.562,0.9153,0.0348,0.1775,0.0,0.202,1.8871,1.6896
2011-06-06,0.2777,0.9069,0.0348,0.1775,0.0,0.202,1.5944,1.3969
2011-06-07,0.2777,0.9075,0.0348,0.1784,0.0,0.202,1.5959,1.3984
2011-06-08,0.2777,0.9101,0.0348,0.1795,0.0,0.202,1.5997,1.4022
2011-06-09,0.2777,0.9106,0.0348,0.1809,0.0,0.202,1.6015,1.404
2011-06-10,0.2777,0.9109,0.0348,0.1809,0.0,0.202,1.6018,1.4043
2011-06-13,0.2777,0.9118,0.0348,0.1814,0.0,0.202,1.6032,1.4057
2011-06-14,0.2777,0.9127,0.0348,0.1813,0.0,0.202,1.6042,1.4064
2011-06-15,0.2776,0.9129,0.0348,0.1484,0.0,0.202,1.5715,1.3737
2011-06-16,0.2776,0.9123,0.0348,0.1805,0.0,0.202,1.6044,1.4052
2011-06-17,0.2776,0.8884,0.0348,0.1773,0.0,0.202,1.5804,1.3782
2011-06-20,0.2776,0.8884,0.0348,0.1773,0.0,0.202,1.5804,1.3782
2011-06-21,0.2776,0.8884,0.0348,0.1774,0.0,0.202,1.5804,1.3782
2011-06-22,0.2776,0.8884,0.0348,0.1774,0.0,0.202,1.5804,1.3783
2011-06-23,0.2776,0.8884,0.0348,0.1779,0.0,0.202,1.581,1.3788
2011-06-24,0.2776,0.8886,0.0348,0.179,0.0,0.202,1.5822,1.38
2011-06-27,0.2776,0.8892,0.0348,0.18,0.0,0.202,1.5839,1.3817
2011-06-28,0.2776,1.5695,0.0348,0.1813,0.0,0.202,2.2655,2.0632
2011-06-29,0.2776,1.5695,0.0349,0.1816,0.0,0.202,2.2658,2.0635
2011-06-30,0.5619,1.5658,0.0349,0.1817,0.0,0.202,2.5465,2.3442
2011-07-01,0.5617,0.8728,0.0349,0.1799,0.0,0.203,1.8542,1.6494
2011-07-05,0.5615,0.8455,0.0463,0.1917,0.0,0.203,1.8439,1.6449
2011-07-06,0.5615,0.8483,0.0463,0.1924,0.0,0.203,1.8471,1.6484
2011-07-07,0.2768,0.8427,0.0463,0.1926,0.0,0.203,1.5566,1.3584
2011-07-08,0.2768,0.8435,0.0463,0.1926,0.0,0.203,1.5573,1.3591
2011-07-11,0.2768,0.8458,0.0463,0.1928,0.0,0.203,1.5598,1.3616
2011-07-12,0.2768,0.7985,0.0463,0.1929,0.0,0.203,1.5126,1.3144
2011-07-13,0.2768,0.7719,0.0463,0.1928,0.0,0.203,1.486,1.2878
2011-07-14,0.2768,0.7719,0.0463,0.1929,0.0,0.203,1.486,1.2878
2011-07-15,0.2768,0.7718,0.0463,0.1911,0.0,0.203,1.4844,1.2861
2011-07-18,0.2768,0.7716,0.0463,0.1916,0.0,0.203,1.4846,1.2863
2011-07-19,0.2768,0.7716,0.0463,0.1921,0.0,0.203,1.4852,1.2868
2011-07-20,0.2768,0.7716,0.0463,0.1926,0.0,0.203,1.4857,1.2873
2011-07-21,0.2768,0.762,0.0464,0.1931,0.0,0.203,1.4766,1.2782
2011-07-22,0.2768,0.7611,0.0464,0.1932,0.0,0.203,1.4759,1.2775
2011-07-25,0.2768,0.7611,0.0464,0.1932,0.0,0.203,1.4759,1.2775
2011-07-26,0.2768,0.7611,0.0464,0.1933,0.0,0.203,1.4759,1.2775
2011-07-27,0.2768,1.4405,0.0464,0.1937,0.0,0.203,2.1557,1.9573
2011-07-28,0.2768,1.4405,0.0464,0.1938,0.0,0.203,2.1558,1.9574
2011-07-29,0.5614,1.4405,0.0464,0.1938,0.0,0.203,2.4405,2.2421
2011-08-01,0.5625,0.7564,0.0464,0.1931,0.0,0.2037,1.7569,1.5584
2011-08-02,0.5641,0.7968,0.0587,0.1926,0.0,0.2037,1.7839,1.6121
2011-08-03,0.5641,0.7967,0.0587,0.1928,0.0,0.2037,1.7841,1.6123
2011-08-04,0.2779,0.7586,0.0587,0.1925,0.0,0.2037,1.4595,1.2877
2011-08-05,0.2779,0.7586,0.0587,0.1909,0.0,0.2037,1.4579,1.2861
2011-08-08,0.2779,0.694,0.0587,0.1814,0.0,0.2037,1.3839,1.212
2011-08-09,0.2779,0.6557,0.0587,0.1811,0.0,0.2037,1.3457,1.1735
2011-08-10,0.2779,0.5913,0.0587,0.1773,0.0,0.2037,1.2774,1.1052
2011-08-11,0.2779,0.5639,0.0587,0.1744,0.0,0.2037,1.247,1.0748
2011-08-12,0.2779,0.5567,0.0587,0.1717,0.0,0.2037,1.2395,1.065
2011-08-15,0.2779,0.5404,0.0587,0.1707,0.0,0.2037,1.23,1.0477
2011-08-16,0.2779,0.5402,0.0587,0.1708,0.0,0.2037,1.23,1.0476
2011-08-17,0.2779,0.5402,0.0587,0.1706,0.0,0.2037,1.23,1.0474
2011-08-18,0.2779,0.5402,0.0587,0.1706,0.0,0.2037,1.2301,1.0474
2011-08-19,0.2779,0.5402,0.0587,0.1707,0.0,0.2037,1.2301,1.0475
2011-08-22,0.2779,0.5402,0.0587,0.1707,0.0,0.2037,1.2301,1.0475
2011-08-23,0.2779,0.5402,0.0587,0.1707,0.0,0.2037,1.2301,1.0475
2011-08-24,0.2779,0.5402,0.0587,0.1707,0.0,0.2037,1.2301,1.0475
2011-08-25,0.2779,0.5402,0.0587,0.1708,0.0,0.2037,1.2302,1.0476
2011-08-26,0.2779,0.5402,0.0587,0.1714,0.0,0.2037,1.2307,1.0481
2011-08-29,0.2779,1.2147,0.0587,0.1719,0.0,0.2037,1.898,1.7231
2011-08-30,0.2779,1.2147,0.0587,0.1719,0.0,0.2037,1.898,1.7231
2011-08-31,0.564,1.2146,0.0587,0.1676,0.0,0.2037,2.1895,2.0049
2011-09-01,0.5487,0.5326,0.0576,0.1689,0.0,0.2006,1.4951,1.3077
2011-09-02,0.4255,0.4809,0.0443,0.1426,0.0,0.2006,1.3015,1.0934
2011-09-06,0.4255,0.4809,0.0443,0.143,0.0,0.2006,1.3015,1.0937
2011-09-07,0.139,0.4806,0.0443,0.1434,0.0,0.2006,1.0148,0.8072
2011-09-08,0.139,0.4805,0.0442,0.1429,0.0,0.2006,1.0152,0.8066
2011-09-09,0.1389,0.4824,0.0442,0.1429,0.0,0.2006,1.017,0.8084
2011-09-12,0.1389,0.4823,0.0442,0.1419,0.0,0.2006,1.0159,0.8073
2011-09-13,0.1389,0.4823,0.0442,0.1408,0.0,0.2006,1.0147,0.8061
2011-09-14,0.1389,0.4822,0.0442,0.1408,0.0,0.2006,1.0146,0.8061
2011-09-15,0.1389,0.4859,0.0442,0.1408,0.0,0.2006,1.0182,0.8097
2011-09-16,0.1389,0.5017,0.0441,0.1408,0.0,0.2006,1.0341,0.8255
2011-09-19,0.1388,0.5196,0.0441,0.1413,0.0,0.2006,1.0523,0.8439
2011-09-20,0.1388,0.5317,0.0441,0.1421,0.0,0.2006,1.0648,0.8567
2011-09-21,0.1388,0.5316,0.0441,0.1421,0.0,0.2006,1.0647,0.8566
2011-09-22,0.1388,0.5316,0.0441,0.1422,0.0,0.2006,1.0646,0.8566
2011-09-23,0.1388,0.5315,0.044,0.1422,0.0,0.2006,1.0645,0.8565
2011-09-26,0.1388,0.5296,0.044,0.1406,0.0,0.2006,1.061,0.853
2011-09-27,0.1388,0.5294,0.044,0.1402,0.0,0.2006,1.0611,0.8523
2011-09-28,0.1387,1.1972,0.044,0.1406,0.0,0.2006,1.7294,1.5205
2011-09-29,0.1387,1.1972,0.044,0.1406,0.0,0.2006,1.7293,1.5204
2011-09-30,0.4252,1.2057,0.044,0.1409,0.0,0.2006,2.0247,1.8158
2011-10-03,0.423,0.5414,0.0438,0.141,0.0,0.198,1.3586,1.1493
2011-10-04,0.3858,0.4658,0.0014,0.0095,0.0,0.198,1.5128,0.8625
2011-10-05,0.3858,0.4652,0.0014,0.0095,0.0,0.198,1.5123,0.8619
2011-10-06,0.1011,0.4652,0.0014,0.009,0.0,0.198,1.2282,0.5767
2011-10-07,0.1011,0.4651,0.0014,0.0087,0.0,0.198,1.2285,0.5763
2011-10-10,0.1011,0.4651,0.0013,0.0087,0.0,0.198,1.2286,0.5763
2011-10-11,0.1011,0.4797,0.0013,0.0087,0.0,0.198,1.2432,0.5908
2011-10-12,0.1011,0.4797,0.0013,0.0062,0.0,0.198,1.2449,0.5882
2011-10-13,0.101,0.5026,0.0013,0.0061,0.0,0.198,1.2678,0.611
2011-10-14,0.101,0.5287,0.0013,0.006,0.0,0.198,1.2939,0.637
2011-10-17,0.101,0.5286,0.0013,0.006,0.0,0.198,1.2939,0.6369
2011-10-18,0.101,0.5307,0.0012,0.006,0.0,0.198,1.2961,0.6389
2011-10-19,0.101,0.5307,0.0012,0.0054,0.0,0.198,1.2959,0.6383
2011-10-20,0.1009,0.5307,0.0012,0.0054,0.0,0.198,1.296,0.6382
2011-10-21,0.1009,0.5316,0.0012,0.0055,0.0,0.198,1.2968,0.6392
2011-10-24,0.1009,0.5556,0.0012,0.0058,0.0,0.198,1.3206,0.6635
2011-10-25,0.1009,0.5697,0.0011,0.0058,0.0,0.198,1.3347,0.6775
2011-10-26,0.1009,0.5809,0.0011,0.0062,0.0,0.198,1.3456,0.6892
2011-10-27,0.1008,1.2449,0.0011,0.0067,0.0,0.198,2.0091,1.3535
2011-10-28,0.1008,1.2449,0.0011,0.0071,0.0,0.198,2.0087,1.3539
2011-10-31,0.3854,1.2448,0.0011,0.0052,0.0,0.198,2.2931,1.6366
2011-11-01,0.5499,0.5672,0.001,0.0052,0.0,0.1975,1.781,1.1233
2011-11-02,0.5612,0.5633,-0.0011,0.0319,0.0,0.1975,1.6701,1.1553
2011-11-03,0.5611,0.5229,-0.0011,0.0298,0.0,0.1975,1.6276,1.1127
2011-11-04,0.2804,0.5229,-0.0011,0.0296,0.0,0.1975,1.3467,0.8318
2011-11-07,0.2803,0.5229,-0.0011,0.0296,0.0,0.1975,1.3467,0.8317
2011-11-08,0.2803,0.5229,-0.0011,0.0296,0.0,0.1975,1.3467,0.8317
2011-11-09,0.2803,0.5229,-0.0011,0.0296,0.0,0.1975,1.3466,0.8318
2011-11-10,0.2803,0.5229,-0.001,0.0298,0.0,0.1975,1.3464,0.832
2011-11-11,0.2803,0.5229,-0.001,0.0283,0.0,0.1975,1.3479,0.8305
2011-11-14,0.2803,0.5229,-0.001,0.0283,0.0,0.1975,1.3479,0.8305
2011-11-15,0.2802,0.5229,-0.001,0.0283,0.0,0.1975,1.348,0.8304
2011-11-16,0.2802,0.5229,-0.001,0.0277,0.0,0.1975,1.3485,0.8299
2011-11-17,0.2802,0.5287,-0.001,0.0277,0.0695,0.1975,1.4237,0.9051
2011-11-18,0.2802,0.5287,-0.001,0.0277,0.071,0.1975,1.4252,0.9066
2011-11-21,0.2802,0.5287,-0.001,0.0276,0.0726,0.1975,1.4268,0.9081
2011-11-22,0.2802,0.5408,-0.001,0.0276,0.0744,0.1975,1.4406,0.9219
2011-11-23,0.2801,0.5467,-0.001,0.0276,0.0769,0.1975,1.449,0.9303
2011-11-25,0.2801,0.553,-0.001,0.0275,0.0791,0.1975,1.4575,0.9388
2011-11-28,0.2801,1.1798,-0.001,0.0275,0.0807,0.1975,2.0859,1.5672
2011-11-29,0.2801,1.1969,-0.001,0.0275,0.0833,0.1975,2.1055,1.5868
2011-11-30,0.5609,1.2035,-0.001,0.0275,0.0843,0.1975,2.3938,1.8751
2011-12-01,0.4693,0.5042,-0.0008,0.0237,0.0737,0.1656,1.5115,1.07
2011-12-02,0.4689,0.5468,-0.0107,0.0726,0.0713,0.1656,1.5021,1.1489
2011-12-05,0.4689,0.5578,-0.0107,0.0728,0.0729,0.1656,1.5149,1.1616
2011-12-06,0.235,0.5578,-0.0107,0.0731,0.0752,0.1656,1.2836,0.9304
2011-12-07,0.235,0.5607,-0.0107,0.0734,0.0776,0.1656,1.2892,0.936
2011-12-08,0.235,0.5674,-0.0107,0.0738,0.08,0.1656,1.2987,0.9455
2011-12-09,0.235,0.5675,-0.0107,0.0741,0.0815,0.1656,1.3005,0.9474
2011-12-12,0.235,0.5675,-0.0107,0.0743,0.0821,0.1656,1.3013,0.9482
2011-12-13,0.235,0.5675,-0.0107,0.0746,0.0816,0.1656,1.3012,0.948
2011-12-14,0.235,0.5675,-0.0107,0.0746,0.0831,0.1656,1.3026,0.9495
2011-12-15,0.235,0.5675,-0.0107,0.0746,0.0856,0.1656,1.3052,0.9521
2011-12-16,0.235,0.5676,-0.0107,0.0736,0.0882,0.1656,1.3068,0.9537
2011-12-19,0.235,0.5676,-0.0107,0.0737,0.0897,0.1656,1.3081,0.9553
2011-12-20,0.235,0.5676,-0.0107,0.0742,0.0924,0.1656,1.3104,0.9585
2011-12-21,0.235,0.5676,-0.0107,0.0746,0.0952,0.1656,1.3128,0.9618
2011-12-22,0.235,0.5677,-0.0107,0.0746,0.0952,0.1656,1.3128,0.9618
2011-12-23,0.235,0.5677,-0.0107,0.0747,0.094,0.1656,1.3116,0.9605
2011-12-27,0.235,0.5677,-0.0107,0.0748,0.0949,0.1656,1.3124,0.9616
2011-12-28,0.2349,1.1081,-0.0107,0.0751,0.0962,0.1656,1.8538,1.5037
2011-12-29,0.2349,1.1113,-0.0107,0.0587,0.0991,0.1656,1.8514,1.4933
2011-12-30,0.4688,1.1113,-0.0107,0.0743,0.0991,0.1656,2.0944,1.7427
2012-01-03,0.4703,0.581,-0.0108,0.0758,0.1006,0.1659,1.5677,1.217
2012-01-04,0.4625,0.6722,-0.0321,0.0241,0.1029,0.1659,1.7295,1.2295
2012-01-05,0.4625,0.6722,-0.0321,0.0241,0.1029,0.1659,1.7296,1.2295
2012-01-06,0.2272,0.6762,-0.0321,0.0244,0.1052,0.1659,1.5006,1.0008
2012-01-09,0.2273,0.6849,-0.0321,0.0244,0.1052,0.1659,1.5094,1.0096
2012-01-10,0.2273,0.6852,-0.0321,0.0247,0.1052,0.1659,1.51,1.0103
2012-01-11,0.2273,0.6919,-0.0321,0.0255,0.1052,0.1659,1.5175,1.0177
2012-01-12,0.2274,0.6975,-0.0322,0.0262,0.1052,0.1659,1.5238,1.024
2012-01-13,0.2274,0.6975,-0.0322,0.0271,0.1052,0.1659,1.5245,1.025
2012-01-17,0.2274,0.6976,-0.0322,0.0282,0.1052,0.1659,1.5252,1.0263
2012-01-18,0.2274,0.6977,-0.0322,0.029,0.1052,0.1659,1.5258,1.0271
2012-01-19,0.2275,0.6984,-0.0322,0.0298,0.1052,0.1659,1.5273,1.0287
2012-01-20,0.2275,0.7011,-0.0322,0.0303,0.1052,0.1659,1.5304,1.0319
2012-01-23,0.2275,0.7074,-0.0322,0.0315,0.1052,0.1659,1.5373,1.0395
2012-01-24,0.2276,0.7223,-0.0322,0.0324,0.1052,0.1659,1.5525,1.0553
2012-01-25,0.2276,0.7419,-0.0322,0.0333,0.1052,0.1659,1.5729,1.0758
2012-01-26,0.2276,0.7487,-0.0322,0.0338,0.1052,0.1659,1.5798,1.0832
2012-01-27,0.2277,1.2833,-0.0322,0.034,0.1052,0.1659,2.1145,1.618
2012-01-30,0.2277,1.2818,-0.0322,0.0142,0.1052,0.1659,2.0982,1.5966
2012-01-31,0.463,1.2709,-0.0322,0.036,0.1052,0.1659,2.338,1.8429
2012-02-01,0.4685,0.7398,-0.0325,0.0365,0.1059,0.1675,1.8163,1.3182
2012-02-02,0.5246,0.708,-0.0172,0.0554,0.1059,0.1675,1.8382,1.3766
2012-02-03,0.5246,0.708,-0.0172,0.056,0.1059,0.1675,1.8383,1.3773
2012-02-06,0.2866,0.7014,-0.0172,0.0574,0.1059,0.1675,1.5943,1.134
2012-02-07,0.2866,0.7014,-0.0172,0.0579,0.1059,0.1675,1.5949,1.1346
2012-02-08,0.2866,0.7015,-0.0172,0.058,0.1059,0.1675,1.595,1.1347
2012-02-09,0.2866,0.7015,-0.0172,0.059,0.1059,0.1675,1.5951,1.1358
2012-02-10,0.2866,0.7015,-0.0172,0.0603,0.1059,0.1675,1.5957,1.137
2012-02-13,0.2867,0.7047,-0.0172,0.062,0.1059,0.1675,1.5992,1.142
2012-02-14,0.2867,0.7048,-0.0173,0.062,0.1059,0.1675,1.5992,1.142
2012-02-15,0.2867,0.7048,-0.0173,0.062,0.1059,0.1675,1.5993,1.1421
2012-02-16,0.2867,0.7048,-0.0173,0.062,0.1059,0.1675,1.5994,1.1421
2012-02-17,0.2867,0.7058,-0.0173,0.0622,0.1059,0.1675,1.6002,1.1434
2012-02-21,0.2867,0.7067,-0.0173,0.0626,0.1059,0.1675,1.6008,1.1446
2012-02-22,0.2867,0.7099,-0.0173,0.0632,0.1059,0.1675,1.6034,1.1484
2012-02-23,0.2868,0.7308,-0.0173,0.0633,0.1059,0.1675,1.6245,1.1695
2012-02-24,0.2868,0.7308,-0.0173,0.0645,0.1059,0.1675,1.6249,1.1707
2012-02-27,0.2868,1.271,-0.0173,0.0648,0.1059,0.1675,2.1653,1.7111
2012-02-28,0.2868,1.2735,-0.0173,0.065,0.1059,0.1675,2.168,1.7138
2012-02-29,0.5248,1.2735,-0.0173,0.065,0.1059,0.1675,2.4061,1.9519
2012-03-01,0.5275,0.7465,-0.0174,0.0652,0.1059,0.1684,1.8824,1.4278
2012-03-02,0.5495,0.759,-0.0026,0.0576,0.1059,0.1684,1.975,1.4693
2012-03-05,0.5495,0.7635,-0.0026,0.0577,0.1059,0.1684,1.9795,1.4741
2012-03-06,0.3103,0.7635,-0.0026,0.0577,0.1059,0.1684,1.7403,1.2349
2012-03-07,0.3103,0.7658,-0.0026,0.0577,0.1059,0.1684,1.7426,1.2372
2012-03-08,0.3103,0.7658,-0.0026,0.0578,0.1059,0.1684,1.7426,1.2372
2012-03-09,0.3103,0.768,-0.0026,0.0578,0.1059,0.1684,1.7449,1.2394
2012-03-12,0.3104,0.7741,-0.0026,0.0579,0.1059,0.1684,1.7512,1.2457
2012-03-13,0.3104,0.7763,-0.0026,0.0579,0.1059,0.1684,1.7537,1.2479
2012-03-14,0.3104,0.7774,-0.0026,0.0582,0.1059,0.1684,1.7552,1.2494
2012-03-15,0.3104,0.7847,-0.0026,0.0583,0.1059,0.1684,1.7625,1.2566
2012-03-16,0.3104,0.7743,-0.0026,0.0583,0.1059,0.1684,1.7521,1.2463
2012-03-19,0.3104,0.7743,-0.0026,0.0583,0.1059,0.1684,1.7521,1.2463
2012-03-20,0.3104,0.7742,-0.0026,0.0584,0.1059,0.1684,1.7521,1.2463
2012-03-21,0.3104,0.7844,-0.0026,0.0583,0.1059,0.1684,1.7623,1.2565
2012-03-22,0.3104,0.8002,-0.0026,0.0583,0.1059,0.1684,1.778,1.2723
2012-03-23,0.3104,0.8002,-0.0026,0.0584,0.1059,0.1684,1.7779,1.2723
2012-03-26,0.3104,0.8002,-0.0026,0.0584,0.1059,0.1684,1.778,1.2724
2012-03-27,0.3105,0.8002,-0.0026,0.0584,0.1059,0.1684,1.778,1.2723
2012-03-28,0.3105,1.3404,-0.0026,0.0584,0.1059,0.1684,2.3182,1.8125
2012-03-29,0.3105,1.3372,-0.0026,0.0584,0.0953,0.1684,2.3044,1.7988
2012-03-30,0.5496,1.3372,-0.0026,0.0585,0.0953,0.1684,2.5436,2.0379
2012-04-02,0.5523,0.7966,-0.0027,0.0583,0.0953,0.1693,2.0063,1.4997
2012-04-03,0.574,0.7795,-0.0331,0.0145,0.0953,0.1693,1.9888,1.4301
2012-04-04,0.574,0.7795,-0.0331,0.0145,0.098,0.1693,1.9914,1.4328
2012-04-05,0.3331,0.7795,-0.0331,0.0146,0.0995,0.1693,1.7521,1.1936
2012-04-09,0.3331,0.7662,-0.0331,0.0147,0.1007,0.1693,1.7399,1.1815
2012-04-10,0.3331,0.7522,-0.0331,0.0147,0.102,0.1693,1.7273,1.169
2012-04-11,0.3331,0.6578,-0.0331,-0.0187,0.102,0.1693,1.5994,1.0411
2012-04-12,0.3331,0.6526,-0.0331,0.0147,0.0991,0.1693,1.6246,1.0664
2012-04-13,0.333,0.6526,-0.0331,0.015,0.0991,0.1693,1.6247,1.0666
2012-04-16,0.333,0.6526,-0.0331,0.014,0.0949,0.1693,1.6216,1.0614
2012-04-17,0.333,0.6524,-0.0331,0.014,0.093,0.1693,1.6195,1.0594
2012-04-18,0.333,0.6524,-0.0331,0.0141,0.093,0.1693,1.6195,1.0595
2012-04-19,0.333,0.6524,-0.0331,0.0132,0.093,0.1693,1.6204,1.0586
2012-04-20,0.333,0.6524,-0.033,0.0133,0.093,0.1693,1.6204,1.0586
2012-04-23,0.3329,0.6524,-0.033,0.0133,0.093,0.1693,1.6204,1.0586
2012-04-24,0.3329,0.6637,-0.033,0.0133,0.0933,0.1693,1.632,1.0701
2012-04-25,0.3329,0.6643,-0.033,0.0133,0.0943,0.1693,1.6335,1.0717
2012-04-26,0.3329,1.2176,-0.033,0.0133,0.0965,0.1693,2.1891,1.6273
2012-04-27,0.3329,1.238,-0.033,-0.0153,0.0965,0.1693,2.1809,1.6191
2012-04-30,0.5737,1.2391,-0.033,0.0133,0.0965,0.1693,2.4514,1.8896
2012-05-01,0.433,0.709,-0.0333,0.0135,0.0997,0.1705,1.7855,1.2217
2012-05-02,0.4079,0.7355,-0.0339,-0.0158,0.1011,0.1705,1.9245,1.1948
2012-05-03,0.4079,0.7538,-0.0339,-0.0157,0.103,0.1705,1.9445,1.215
2012-05-04,0.1649,0.7591,-0.0339,-0.0156,0.103,0.1705,1.7067,0.9774
2012-05-07,0.1648,0.7608,-0.0339,-0.0153,0.103,0.1705,1.708,0.9794
2012-05-08,0.1648,0.761,-0.0339,-0.0152,0.103,0.1705,1.7082,0.9797
2012-05-09,0.1648,0.7622,-0.0339,-0.0206,0.103,0.1705,1.704,0.9755
2012-05-10,0.1648,0.7631,-0.0339,-0.0151,0.103,0.1705,1.71,0.9818
2012-05-11,0.1648,0.7647,-0.0339,-0.0151,0.103,0.1705,1.7116,0.9835
2012-05-14,0.1648,0.7669,-0.0339,-0.0146,0.103,0.1705,1.7135,0.9861
2012-05-15,0.1647,0.7669,-0.0339,-0.0141,0.103,0.1705,1.7129,0.9866
2012-05-16,0.1647,0.7669,-0.0339,-0.0135,0.103,0.1705,1.7123,0.9871
2012-05-17,0.1647,0.7668,-0.0339,-0.0133,0.103,0.1705,1.7121,0.9873
2012-05-18,0.1647,0.7668,-0.0339,-0.0133,0.103,0.1705,1.712,0.9873
2012-05-21,0.1647,0.764,-0.0339,-0.0132,0.103,0.1705,1.7093,0.9846
2012-05-22,0.1646,0.764,-0.0339,-0.0131,0.103,0.1705,1.7092,0.9846
2012-05-23,0.1646,0.764,-0.0339,-0.0131,0.0985,0.1705,1.7047,0.9802
2012-05-24,0.1646,0.764,-0.0339,-0.013,0.0985,0.1705,1.7047,0.9802
2012-05-25,0.1646,0.764,-0.0339,-0.0128,0.0985,0.1705,1.7045,0.9804
2012-05-29,0.1646,1.3097,-0.0339,-0.0127,0.0985,0.1705,2.2501,1.5261
2012-05-30,0.1645,1.3097,-0.0339,-0.0126,0.0985,0.1705,2.25,1.5262
2012-05-31,0.4075,1.3097,-0.0339,-0.0123,0.0985,0.1705,2.4931,1.7695
2012-06-01,0.4082,0.7466,-0.0339,-0.0128,0.0983,0.1708,1.9299,1.2063
2012-06-04,0.4076,0.6894,-0.0349,-0.0077,0.0983,0.1708,1.8405,1.1527
2012-06-05,0.4076,0.6408,-0.0349,-0.0072,0.0983,0.1708,1.7918,1.1046
2012-06-06,0.1637,0.6271,-0.0349,-0.0137,0.0983,0.1708,1.5275,0.8404
2012-06-07,0.1637,0.626,-0.0349,-0.0137,0.0983,0.1708,1.5264,0.8394
2012-06-08,0.1637,0.62,-0.0349,-0.0157,0.0977,0.1708,1.531,0.8307
2012-06-11,0.1637,0.62,-0.0349,-0.0155,0.0977,0.1708,1.5311,0.8309
2012-06-12,0.1637,0.62,-0.0349,-0.0154,0.0977,0.1708,1.5312,0.8311
2012-06-13,0.1637,0.6201,-0.0349,-0.0359,0.094,0.1708,1.5485,0.8069
2012-06-14,0.1637,0.6201,-0.0349,-0.0185,0.094,0.1708,1.5311,0.8243
2012-06-15,0.1637,0.6201,-0.0349,-0.0177,0.094,0.1708,1.5302,0.8252
2012-06-18,0.1637,0.6201,-0.0349,-0.0174,0.094,0.1708,1.5298,0.8256
2012-06-19,0.1637,0.6202,-0.0349,-0.0175,0.094,0.1708,1.5297,0.8255
2012-06-20,0.1637,0.6202,-0.0349,-0.017,0.0913,0.1708,1.5265,0.8234
2012-06-21,0.1637,0.6203,-0.0349,-0.0168,0.0913,0.1708,1.5263,0.8236
2012-06-22,0.1637,0.6204,-0.0349,-0.016,0.0913,0.1708,1.5256,0.8244
2012-06-25,0.1637,0.621,-0.0349,-0.0165,0.0842,0.1708,1.5197,0.8176
2012-06-26,0.1637,0.6264,-0.0349,-0.0165,0.0798,0.1708,1.5207,0.8185
2012-06-27,0.1637,1.1664,-0.0349,-0.0165,0.0784,0.1708,2.0592,1.3572
2012-06-28,0.1637,1.1664,-0.0349,-0.0165,0.0784,0.1708,2.0592,1.3572
2012-06-29,0.4077,1.1664,-0.0349,-0.0164,0.0784,0.1708,2.3032,1.6013
2012-07-02,0.4056,0.6286,-0.0348,-0.0161,0.0784,0.171,1.7629,1.0617
2012-07-03,0.372,0.6752,-0.0401,-0.0147,0.0784,0.171,1.8614,1.0708
2012-07-05,0.372,0.6752,-0.0401,-0.0147,0.0784,0.171,1.8614,1.0708
2012-07-06,0.129,0.6752,-0.0401,-0.0147,0.0784,0.171,1.6185,0.8278
2012-07-09,0.129,0.6756,-0.0401,-0.0168,0.0784,0.171,1.6198,0.8262
2012-07-10,0.129,0.6756,-0.0401,-0.0168,0.0784,0.171,1.6199,0.8261
2012-07-11,0.129,0.6756,-0.0401,-0.0168,0.0792,0.171,1.6207,0.8269
2012-07-12,0.1289,0.6773,-0.0401,-0.0168,0.0804,0.171,1.6236,0.8298
2012-07-13,0.1289,0.6829,-0.0401,-0.0184,0.0824,0.171,1.6327,0.8358
2012-07-16,0.1289,0.6836,-0.0401,-0.0181,0.0847,0.171,1.6353,0.839
2012-07-17,0.1289,0.6883,-0.0401,-0.0179,0.0847,0.171,1.6398,0.8439
2012-07-18,0.1289,0.6893,-0.0401,-0.0175,0.0871,0.171,1.6428,0.8478
2012-07-19,0.1289,0.6925,-0.0401,-0.0171,0.089,0.171,1.6475,0.8533
2012-07-20,0.1288,0.6961,-0.0401,-0.0163,0.0911,0.171,1.6523,0.8596
2012-07-23,0.1288,0.6992,-0.0401,-0.0155,0.0937,0.171,1.6572,0.8661
2012-07-24,0.1288,0.6992,-0.0401,-0.0155,0.0937,0.171,1.657,0.8662
2012-07-25,0.1288,0.6992,-0.04,-0.0155,0.0937,0.171,1.657,0.8661
2012-07-26,0.1288,0.6992,-0.04,-0.0155,0.0937,0.171,1.657,0.8661
2012-07-27,0.1287,1.2408,-0.04,-0.0155,0.0937,0.171,2.1985,1.4077
2012-07-30,0.1287,1.2408,-0.04,-0.0159,0.0937,0.171,2.1982,1.4073
2012-07-31,0.3716,1.2404,-0.04,-0.0159,0.0937,0.171,2.4408,1.6499
2012-08-01,0.3724,0.6994,-0.04,-0.0151,0.0935,0.1712,1.8978,1.1102
2012-08-02,0.3833,0.7517,-0.0443,-0.0577,0.0935,0.1712,1.8246,1.1266
2012-08-03,0.3833,0.7582,-0.0443,-0.0574,0.0935,0.1712,1.8308,1.1333
2012-08-06,0.1396,0.7582,-0.0443,-0.0562,0.0956,0.1712,1.5879,0.8929
2012-08-07,0.1396,0.7706,-0.0443,-0.0564,0.0956,0.1712,1.6005,0.9051
2012-08-08,0.1396,0.7706,-0.0443,-0.056,0.0956,0.1712,1.6001,0.9055
2012-08-09,0.1395,0.7706,-0.0443,-0.055,0.0957,0.1712,1.5992,0.9066
2012-08-10,0.1395,0.7817,-0.0443,-0.0547,0.097,0.1712,1.6111,0.9191
2012-08-13,0.1395,0.8057,-0.0443,-0.0547,0.0999,0.1712,1.6379,0.9461
2012-08-14,0.1395,0.8057,-0.0443,-0.0546,0.0999,0.1712,1.6378,0.9462
2012-08-15,0.1395,0.8087,-0.0443,-0.0545,0.0999,0.1712,1.6408,0.9492
2012-08-16,0.1395,0.8211,-0.0443,-0.0543,0.0999,0.1712,1.6534,0.9619
2012-08-17,0.1394,0.8368,-0.0443,-0.0539,0.0999,0.1712,1.6691,0.9779
2012-08-20,0.1394,0.8738,-0.0443,-0.0538,0.0999,0.1712,1.7062,1.015
2012-08-21,0.1394,0.8752,-0.0443,-0.0536,0.0999,0.1712,1.7075,1.0167
2012-08-22,0.1394,0.8816,-0.0443,-0.053,0.0999,0.1712,1.7138,1.0235
2012-08-23,0.1394,0.8818,-0.0443,-0.053,0.0999,0.1712,1.7139,1.0237
2012-08-24,0.1394,0.8236,-0.0443,-0.0527,0.0999,0.1712,1.6555,0.9658
2012-08-27,0.1393,0.8237,-0.0443,-0.0525,0.0999,0.1712,1.6555,0.966
2012-08-28,0.1393,0.8237,-0.0443,-0.0524,0.0999,0.1712,1.6553,0.9661
2012-08-29,0.1393,1.3628,-0.0443,-0.0581,0.0999,0.1712,2.1882,1.4996
2012-08-30,0.1393,1.3628,-0.0443,-0.0516,0.0999,0.1712,2.1944,1.5061
2012-08-31,0.383,1.3628,-0.0443,-0.0511,0.0999,0.1712,2.4381,1.7503
2012-09-04,0.3843,0.8255,-0.0445,-0.0511,0.0998,0.1719,1.9016,1.214
2012-09-05,0.4361,0.761,-0.036,-0.0712,0.0998,0.1719,1.9118,1.1897
2012-09-06,0.4361,0.761,-0.036,-0.0707,0.0998,0.1719,1.9117,1.1902
2012-09-07,0.1917,0.761,-0.036,-0.0699,0.0998,0.1719,1.6675,0.9466
2012-09-10,0.1917,0.761,-0.036,-0.0695,0.0998,0.1719,1.6675,0.9469
2012-09-11,0.1917,0.761,-0.036,-0.0695,0.0998,0.1719,1.6676,0.947
2012-09-12,0.1916,0.761,-0.036,-0.0694,0.0998,0.1719,1.6677,0.9471
2012-09-13,0.1916,0.761,-0.036,-0.0694,0.0998,0.1719,1.6677,0.9471
2012-09-14,0.1916,0.7702,-0.036,-0.0693,0.0998,0.1719,1.6769,0.9563
2012-09-17,0.1916,0.7713,-0.036,-0.0693,0.0998,0.1719,1.6781,0.9574
2012-09-18,0.1916,0.7689,-0.036,-0.0691,0.0998,0.1719,1.6756,0.9551
2012-09-19,0.1916,0.7666,-0.036,-0.0691,0.0998,0.1719,1.6734,0.9529
2012-09-20,0.1916,0.7666,-0.036,-0.0691,0.0998,0.1719,1.6735,0.953
2012-09-21,0.1916,0.7666,-0.036,-0.069,0.0998,0.1719,1.6735,0.953
2012-09-24,0.1916,0.7666,-0.036,-0.069,0.0998,0.1719,1.6736,0.9531
2012-09-25,0.1916,0.7666,-0.036,-0.0689,0.0998,0.1719,1.6736,0.9531
2012-09-26,0.1916,1.3067,-0.036,-0.0687,0.0998,0.1719,2.214,1.4934
2012-09-27,0.1916,1.3068,-0.036,-0.0683,0.0998,0.1719,2.2143,1.4938
2012-09-28,0.436,1.3068,-0.036,-0.0681,0.0998,0.1719,2.459,1.7384
2012-10-01,0.437,0.7682,-0.0362,-0.0682,0.099,0.1728,1.9215,1.1998
2012-10-02,0.4573,0.8577,0.0241,0.0783,0.099,0.1728,2.0759,1.5163
2012-10-03,0.4573,0.8577,0.0241,0.0784,0.099,0.1728,2.076,1.5165
2012-10-04,0.2123,0.8578,0.0241,0.0786,0.099,0.1728,1.8314,1.2718
2012-10-05,0.2123,0.8656,0.024,0.0787,0.099,0.1728,1.8394,1.2797
2012-10-08,0.2123,0.8656,0.024,0.0787,0.099,0.1728,1.8394,1.2797
2012-10-09,0.2123,0.8715,0.024,0.0787,0.099,0.1728,1.8453,1.2855
2012-10-10,0.2123,0.8727,0.024,0.0787,0.099,0.1728,1.8465,1.2867
2012-10-11,0.2123,0.8727,0.024,0.0787,0.099,0.1728,1.8465,1.2867
2012-10-12,0.2123,0.8738,0.024,0.0788,0.099,0.1728,1.8477,1.2878
2012-10-15,0.2122,0.8795,0.024,0.0788,0.099,0.1728,1.8534,1.2936
2012-10-16,0.2122,0.8796,0.024,0.0789,0.099,0.1728,1.8537,1.2938
2012-10-17,0.2122,0.8816,0.024,0.079,0.099,0.1728,1.8558,1.296
2012-10-18,0.2122,0.9035,0.024,0.0791,0.099,0.1728,1.8777,1.3179
2012-10-19,0.2122,0.923,0.024,0.0792,0.099,0.1728,1.8973,1.3374
2012-10-22,0.2122,0.9431,0.024,0.0785,0.099,0.1728,1.9168,1.3569
2012-10-23,0.2122,0.9431,0.024,0.0774,0.099,0.1728,1.9157,1.3558
2012-10-24,0.2122,0.9431,0.024,0.0775,0.099,0.1728,1.9157,1.3558
2012-10-25,0.2122,1.4848,0.024,0.0775,0.099,0.1728,2.4574,1.8975
2012-10-26,0.2122,1.4848,0.024,0.0775,0.099,0.1728,2.4574,1.8975
2012-10-31,0.4572,1.4848,0.024,0.0776,0.099,0.1728,2.7023,2.1425
2012-11-01,0.6093,0.9251,0.0241,0.0777,0.0974,0.1737,2.2941,1.7336
2012-11-02,0.5798,0.8377,-0.0544,-0.062,0.0974,0.1737,2.1424,1.3985
2012-11-05,0.5798,0.8376,-0.0544,-0.0617,0.0974,0.1737,2.1427,1.3988
2012-11-06,0.3332,0.8376,-0.0543,-0.0612,0.0974,0.1737,1.8965,1.1527
2012-11-07,0.3332,0.8376,-0.0543,-0.0605,0.0974,0.1737,1.8969,1.1534
2012-11-08,0.3332,0.8376,-0.0543,-0.0604,0.0974,0.1737,1.8968,1.1535
2012-11-09,0.3332,0.7688,-0.0543,-0.0604,0.0974,0.1737,1.828,1.0847
2012-11-12,0.3332,0.7546,-0.0543,-0.0603,0.0974,0.1737,1.8137,1.0705
2012-11-13,0.3332,0.7546,-0.0543,-0.0603,0.0974,0.1737,1.8137,1.0706
2012-11-14,0.3332,0.7546,-0.0543,-0.0598,0.0974,0.1737,1.8139,1.0711
2012-11-15,0.3332,0.7546,-0.0543,-0.0594,0.0974,0.1737,1.8141,1.0715
2012-11-16,0.3332,0.7546,-0.0543,-0.0593,0.0974,0.1737,1.814,1.0716
2012-11-19,0.3332,0.7546,-0.0543,-0.059,0.0974,0.1737,1.8138,1.0719
2012-11-20,0.3331,0.7578,-0.0543,-0.0589,0.0974,0.1737,1.8169,1.0752
2012-11-21,0.3331,0.7609,-0.0543,-0.0585,0.0974,0.1737,1.82,1.0787
2012-11-23,0.3331,0.7673,-0.0543,-0.0581,0.0974,0.1737,1.8262,1.0854
2012-11-26,0.3331,0.786,-0.0543,-0.0579,0.0974,0.1737,1.845,1.1044
2012-11-27,0.3331,0.8122,-0.0543,-0.0577,0.0974,0.1737,1.8711,1.1308
2012-11-28,0.3331,1.3554,-0.0543,-0.0575,0.0974,0.1737,2.4144,1.6742
2012-11-29,0.3331,1.3565,-0.0543,-0.0573,0.0974,0.1737,2.4155,1.6755
2012-11-30,0.5797,1.3584,-0.0542,-0.0567,0.0974,0.1737,2.6635,1.9246
2012-12-03,0.5819,0.8223,-0.0546,-0.0571,0.0941,0.1748,2.1274,1.3867
2012-12-04,0.6186,0.8128,0.0302,0.1072,0.0941,0.1748,2.1992,1.6629
2012-12-05,0.6186,0.8129,0.0302,0.1082,0.0941,0.1748,2.2003,1.664
2012-12-06,0.3704,0.813,0.0302,0.1085,0.0941,0.1748,1.9523,1.4162
2012-12-07,0.3704,0.813,0.0302,0.1086,0.0941,0.1748,1.9523,1.4163
2012-12-10,0.3704,0.8138,0.0302,0.1087,0.0941,0.1748,1.9532,1.4172
2012-12-11,0.3704,0.8205,0.0302,0.1088,0.0941,0.1748,1.96,1.4241
2012-12-12,0.3704,0.8211,0.0302,0.1089,0.0941,0.1748,1.9606,1.4248
2012-12-13,0.3704,0.8299,0.0303,0.109,0.0941,0.1748,1.9696,1.4337
2012-12-14,0.3704,0.8591,0.0303,0.1094,0.0941,0.1748,1.9991,1.4633
2012-12-17,0.3704,0.8884,0.0303,0.1096,0.0941,0.1748,2.0285,1.4927
2012-12-18,0.3704,0.8911,0.0303,0.1097,0.0941,0.1748,2.0313,1.4956
2012-12-19,0.3704,0.8978,0.0303,0.1099,0.0941,0.1748,2.0379,1.5025
2012-12-20,0.3704,0.9037,0.0303,0.11,0.0941,0.1748,2.0439,1.5085
2012-12-21,0.3704,0.9037,0.0303,0.1102,0.0941,0.1748,2.0441,1.5088
2012-12-24,0.3704,0.9038,0.0303,0.1105,0.0941,0.1748,2.0445,1.5091
2012-12-26,0.3704,0.9038,0.0303,0.1108,0.0941,0.1748,2.0448,1.5094
2012-12-27,0.3704,1.45,0.0303,0.1109,0.0941,0.1748,2.5911,2.0558
2012-12-28,0.3704,1.4501,0.0303,0.0729,0.0941,0.1748,2.553,2.0178
2012-12-31,0.6186,1.4501,0.0303,0.1114,0.0941,0.1748,2.8395,2.3045
2013-01-02,0.6206,0.9065,0.0304,0.1122,0.0094,0.1756,2.2151,1.6791
2013-01-03,0.6381,0.9775,0.009,0.2137,0.0891,0.1756,2.3451,1.9274
2013-01-04,0.6381,0.981,0.009,0.2142,0.0891,0.1756,2.349,1.9313
2013-01-07,0.3891,0.9804,0.0091,0.2137,0.0891,0.1756,2.0991,1.6814
2013-01-08,0.3891,0.9817,0.0091,0.2143,0.0891,0.1756,2.1009,1.6832
2013-01-09,0.3891,0.9858,0.0091,0.2147,0.0891,0.1756,2.1053,1.6877
2013-01-10,0.3891,0.9857,0.0091,0.2153,0.0891,0.1756,2.1056,1.6882
2013-01-11,0.3891,0.9857,0.0091,0.2155,0.0891,0.1756,2.1058,1.6884
2013-01-14,0.3891,0.9876,0.0091,0.2148,0.0891,0.1756,2.107,1.6896
2013-01-15,0.3891,0.9876,0.0091,0.2156,0.0891,0.1756,2.1076,1.6903
2013-01-16,0.3891,0.9898,0.0091,0.2163,0.0891,0.1756,2.1106,1.6933
2013-01-17,0.389,0.9898,0.0091,0.2176,0.0891,0.1756,2.1118,1.6946
2013-01-18,0.389,0.9897,0.0091,0.2191,0.0891,0.1756,2.1131,1.696
2013-01-22,0.389,0.9897,0.0091,0.2194,0.0891,0.1756,2.1131,1.6963
2013-01-23,0.389,0.9896,0.0091,0.2202,0.0891,0.1756,2.1138,1.697
2013-01-24,0.389,0.9896,0.0091,0.2204,0.0891,0.1756,2.1138,1.6972
2013-01-25,0.389,0.9925,0.0091,0.2206,0.0891,0.1756,2.1168,1.7002
2013-01-28,0.389,0.9959,0.0092,0.2206,0.0891,0.1756,2.1202,1.7037
2013-01-29,0.389,1.5419,0.0092,0.2206,0.0891,0.1756,2.6662,2.2498
2013-01-30,0.389,1.5421,0.0092,0.1852,0.0891,0.1756,2.6309,2.2145
2013-01-31,0.6379,1.5545,0.0092,0.2192,0.0891,0.1756,2.9263,2.5098
2013-02-01,0.6359,1.0115,0.0092,0.2184,0.0879,0.1752,2.377,1.9629
2013-02-04,0.6216,1.0055,-0.0327,0.2459,0.0879,0.1752,2.3869,1.9283
2013-02-05,0.6217,1.0079,-0.0327,0.2457,0.0879,0.1752,2.3891,1.9305
2013-02-06,0.3739,1.0068,-0.0327,0.2461,0.0879,0.1752,2.1405,1.6819
2013-02-07,0.3739,1.0067,-0.0326,0.2459,0.0879,0.1752,2.1403,1.6818
2013-02-08,0.3739,1.0062,-0.0326,0.246,0.0879,0.1752,2.1398,1.6813
2013-02-11,0.3739,1.0062,-0.0326,0.2454,0.0879,0.1752,2.1392,1.6807
2013-02-12,0.3739,1.0061,-0.0326,0.2454,0.0879,0.1752,2.1391,1.6807
2013-02-13,0.3739,1.0061,-0.0326,0.245,0.0879,0.1752,2.1387,1.6803
2013-02-14,0.3739,1.006,-0.0326,0.2451,0.0879,0.1752,2.1387,1.6804
2013-02-15,0.3739,1.006,-0.0326,0.2453,0.0879,0.1752,2.1389,1.6806
2013-02-19,0.374,1.006,-0.0326,0.2454,0.0879,0.1752,2.1388,1.6805
2013-02-20,0.374,1.0059,-0.0326,0.2454,0.0879,0.1752,2.1387,1.6805
2013-02-21,0.374,1.0059,-0.0326,0.2454,0.0879,0.1752,2.1387,1.6805
2013-02-22,0.374,1.0067,-0.0326,0.2447,0.0879,0.1752,2.1388,1.6807
2013-02-25,0.374,1.0066,-0.0326,0.2447,0.0879,0.1752,2.1388,1.6806
2013-02-26,0.374,1.5527,-0.0326,0.2428,0.0879,0.1752,2.6829,2.2248
2013-02-27,0.374,1.5359,-0.0326,0.2426,0.0093,0.1752,2.5871,2.1292
2013-02-28,0.6218,1.5359,-0.0326,0.2426,0.0747,0.1752,2.9003,2.4425
2013-03-01,0.6265,0.9957,-0.033,0.2444,0.0724,0.177,2.3663,1.906
2013-03-04,0.6184,1.0012,-0.0609,-0.027,0.0724,0.177,2.4241,1.6042
2013-03-05,0.6184,1.0012,-0.0609,-0.0277,0.0742,0.177,2.425,1.6052
2013-03-06,0.3687,1.0011,-0.0609,-0.0278,0.0742,0.177,2.1752,1.3553
2013-03-07,0.3687,1.0011,-0.0609,-0.0278,0.075,0.177,2.176,1.3561
2013-03-08,0.3687,1.0011,-0.0609,-0.0277,0.0774,0.177,2.1783,1.3584
2013-03-11,0.3687,1.001,-0.061,-0.0277,0.0794,0.177,2.1804,1.3604
2013-03-12,0.3687,1.001,-0.061,-0.0277,0.0819,0.177,2.1828,1.3628
2013-03-13,0.3687,1.002,-0.061,-0.0275,0.0825,0.177,2.1821,1.3648
2013-03-14,0.3687,1.0019,-0.061,-0.0274,0.0844,0.177,2.1839,1.3666
2013-03-15,0.3688,1.0027,-0.061,-0.027,0.0852,0.177,2.1834,1.3686
2013-03-18,0.3688,1.0138,-0.061,-0.0273,0.0852,0.177,2.1897,1.3795
2013-03-19,0.3688,1.014,-0.0611,-0.0273,0.0852,0.177,2.1895,1.3796
2013-03-20,0.3688,1.0139,-0.0611,-0.0273,0.0852,0.177,2.1895,1.3796
2013-03-21,0.3688,1.0139,-0.0611,-0.0265,0.0852,0.177,2.1887,1.3803
2013-03-22,0.3688,1.0138,-0.0611,-0.0256,0.0852,0.177,2.1877,1.3811
2013-03-25,0.3689,1.0138,-0.0611,-0.0256,0.0852,0.177,2.1877,1.3811
2013-03-26,0.3689,1.5652,-0.0611,-0.0254,0.0852,0.177,2.7223,1.9328
2013-03-27,0.3689,1.5652,-0.0611,-0.0255,0.0852,0.177,2.7221,1.9327
2013-03-28,0.6187,1.5651,-0.0612,-0.0252,0.0852,0.177,2.9716,2.1827
2013-04-01,0.6216,1.0152,-0.0615,-0.0258,0.0847,0.1777,2.4404,1.6341
2013-04-02,0.6104,0.9787,-0.0812,-0.002,0.0847,0.1777,2.486,1.5906
2013-04-03,0.6104,0.9787,-0.0812,-0.043,0.0847,0.1777,2.445,1.5495
2013-04-04,0.3594,0.9786,-0.0812,-0.0011,0.0847,0.1777,2.2358,1.3403
2013-04-05,0.3594,0.9785,-0.0812,-0.0007,0.0847,0.1777,2.2362,1.3406
2013-04-08,0.3594,0.9785,-0.0813,-0.0002,0.0847,0.1777,2.2357,1.3411
2013-04-09,0.3594,0.9709,-0.0813,0.0,0.0847,0.1777,2.2285,1.3337
2013-04-10,0.3594,0.9706,-0.0813,0.0004,0.0847,0.1777,2.2285,1.3337
2013-04-11,0.3594,0.9705,-0.0813,0.0008,0.0847,0.1777,2.2289,1.334
2013-04-12,0.3594,0.9693,-0.0813,0.0009,0.0847,0.1777,2.2279,1.333
2013-04-15,0.3594,0.9693,-0.0814,0.0011,0.0847,0.1777,2.228,1.3331
2013-04-16,0.3594,0.9632,-0.0814,0.0011,0.0847,0.1777,2.222,1.327
2013-04-17,0.3595,0.9631,-0.0814,-0.0137,0.0089,0.1777,2.1315,1.2364
2013-04-18,0.3595,0.963,-0.0814,-0.0154,0.0847,0.1777,2.2054,1.3103
2013-04-19,0.3595,0.963,-0.0815,-0.0174,0.0847,0.1777,2.2034,1.3082
2013-04-22,0.3595,0.9629,-0.0815,-0.0175,0.0088,0.1777,2.1276,1.2323
2013-04-23,0.3595,0.9629,-0.0815,-0.0175,0.072,0.1777,2.1907,1.2954
2013-04-24,0.3595,0.9628,-0.0815,-0.0175,0.0735,0.1777,2.1922,1.2968
2013-04-25,0.3595,0.9627,-0.0816,-0.0175,0.0735,0.1777,2.1921,1.2967
2013-04-26,0.3595,1.5163,-0.0816,-0.0175,0.0758,0.1777,2.748,1.8525
2013-04-29,0.3595,1.5172,-0.0816,-0.0412,0.078,0.1777,2.7274,1.8319
2013-04-30,0.6106,1.5171,-0.0816,-0.0176,0.0805,0.1777,3.0046,2.109
2013-05-01,0.4576,0.9605,-0.0814,-0.0176,0.081,0.1776,2.2917,1.4002
2013-05-02,0.4753,0.9667,-0.0591,-0.0062,0.0826,0.1776,2.0267,1.4592
2013-05-03,0.4753,0.9667,-0.0591,-0.006,0.0826,0.1776,2.0269,1.4595
2013-05-06,0.2244,0.9667,-0.0591,-0.006,0.0826,0.1776,1.7759,1.2086
2013-05-07,0.2244,0.957,-0.059,-0.0059,0.0826,0.1776,1.7663,1.1991
2013-05-08,0.2244,0.9571,-0.059,-0.0106,0.0826,0.1776,1.7616,1.1945
2013-05-09,0.2244,0.9571,-0.059,-0.0048,0.0826,0.1776,1.7673,1.2003
2013-05-10,0.2244,0.9571,-0.0589,-0.006,0.0826,0.1776,1.766,1.1991
2013-05-13,0.2244,0.9571,-0.0589,-0.0065,0.0826,0.1776,1.7655,1.1987
2013-05-14,0.2244,0.9571,-0.0589,-0.0065,0.0826,0.1776,1.7655,1.1988
2013-05-15,0.2244,0.9571,-0.0589,-0.0065,0.0826,0.1776,1.7654,1.1988
2013-05-16,0.2244,0.9572,-0.0588,-0.0065,0.0826,0.1776,1.7654,1.1989
2013-05-17,0.2245,0.9572,-0.0588,-0.0065,0.0826,0.1776,1.7653,1.1989
2013-05-20,0.2245,0.9572,-0.0588,-0.0065,0.0826,0.1776,1.7653,1.199
2013-05-21,0.2245,0.9569,-0.0587,-0.0073,0.0826,0.1776,1.7641,1.1979
2013-05-22,0.2245,0.9569,-0.0587,-0.008,0.0826,0.1776,1.7634,1.1973
2013-05-23,0.2245,0.957,-0.0587,-0.008,0.0826,0.1776,1.7633,1.1974
2013-05-24,0.2245,0.9411,-0.0586,-0.0099,0.0826,0.1776,1.7455,1.1796
2013-05-28,0.2245,0.9411,-0.0586,-0.0117,0.0826,0.1776,1.7436,1.1779
2013-05-29,0.2245,1.4943,-0.0586,-0.0122,0.0826,0.1776,2.2963,1.7306
2013-05-30,0.2245,1.4582,-0.0585,-0.0122,0.0826,0.1776,2.2601,1.6946
2013-05-31,0.4755,1.453,-0.0585,-0.0123,0.0826,0.1776,2.5057,1.9402
2013-06-03,0.4752,0.8931,-0.0585,-0.0132,0.0822,0.1778,1.943,1.3789
2013-06-04,0.3137,0.2967,-0.0266,-0.0081,0.0822,0.1778,1.6994,0.658
2013-06-05,0.3136,0.2967,-0.0265,-0.0146,0.0822,0.1778,1.6966,0.6514
2013-06-06,0.0628,0.2966,-0.0265,-0.0151,0.0822,0.1778,1.4462,0.4
2013-06-07,0.0627,0.2966,-0.0265,-0.0154,0.0822,0.1778,1.4464,0.3996
2013-06-10,0.0627,0.2965,-0.0265,-0.0168,0.0822,0.1778,1.4464,0.3981
2013-06-11,0.0626,0.2964,-0.0265,-0.0171,0.0822,0.1778,1.4465,0.3977
2013-06-12,0.0625,0.2964,-0.0265,-0.0329,0.0822,0.1778,1.4622,0.3817
2013-06-13,0.0625,0.2963,-0.0265,-0.022,0.0822,0.1778,1.4511,0.3926
2013-06-14,0.0624,0.2962,-0.0265,-0.0216,0.0822,0.1778,1.4506,0.3928
2013-06-17,0.0624,0.2888,-0.0264,-0.0216,0.0822,0.1778,1.4578,0.3853
2013-06-18,0.0623,0.2887,-0.0264,-0.0216,0.0822,0.1778,1.4577,0.3852
2013-06-19,0.0623,0.2886,-0.0264,-0.0216,0.0822,0.1778,1.4575,0.3851
2013-06-20,0.0622,0.2886,-0.0264,-0.0216,0.0822,0.1778,1.4573,0.385
2013-06-21,0.0621,0.2659,-0.0264,-0.0216,0.0822,0.1778,1.4798,0.3623
2013-06-24,0.0621,0.2658,-0.0264,-0.0216,0.0086,0.1778,1.4061,0.2885
2013-06-25,0.062,0.2638,-0.0264,-0.0216,0.0822,0.1778,1.4814,0.3601
2013-06-26,0.062,0.8171,-0.0264,-0.0216,0.0822,0.1778,1.5247,0.9134
2013-06-27,0.0619,0.8171,-0.0263,-0.0216,0.0822,0.1778,1.5245,0.9132
2013-06-28,0.3126,0.817,-0.0263,-0.0216,0.0822,0.1778,1.7752,1.1638
2013-07-01,0.3135,0.2603,-0.0264,-0.0221,0.0804,0.1783,1.7286,0.6057
2013-07-02,0.3153,0.2284,-0.041,0.0413,0.0804,0.1783,1.6455,0.6245
2013-07-03,0.3152,0.2285,-0.041,0.0413,0.0804,0.1783,1.6455,0.6244
2013-07-05,0.0635,0.2285,-0.041,0.0413,0.0804,0.1783,1.3938,0.3728
2013-07-08,0.0634,0.2285,-0.041,0.0414,0.0804,0.1783,1.3938,0.3727
2013-07-09,0.0634,0.1962,-0.041,0.0396,0.0804,0.1783,1.3903,0.3386
2013-07-10,0.0633,0.1793,-0.041,0.0396,0.0804,0.1783,1.3865,0.3217
2013-07-11,0.0633,0.1793,-0.0409,0.0396,0.0804,0.1783,1.3865,0.3217
2013-07-12,0.0632,0.1793,-0.0409,0.0398,0.0804,0.1783,1.3867,0.3219
2013-07-15,0.0632,0.1533,-0.0409,0.0382,0.0804,0.1783,1.3628,0.2942
2013-07-16,0.0631,0.1533,-0.0409,0.0382,0.0804,0.1783,1.3628,0.2942
2013-07-17,0.0631,0.1534,-0.0409,0.0382,0.0804,0.1783,1.3627,0.2942
2013-07-18,0.063,0.1534,-0.0409,0.0382,0.0804,0.1783,1.3627,0.2941
2013-07-19,0.063,0.1534,-0.0409,0.0382,0.0804,0.1783,1.3627,0.2941
2013-07-22,0.0629,0.1534,-0.0409,0.0382,0.0804,0.1783,1.3627,0.2941
2013-07-23,0.0629,0.1534,-0.0409,0.0382,0.0804,0.1783,1.3627,0.294
2013-07-24,0.0628,0.1535,-0.0409,0.0382,0.0804,0.1783,1.3626,0.294
2013-07-25,0.0628,0.1535,-0.0409,0.0382,0.0804,0.1783,1.3626,0.294
2013-07-26,0.0627,0.1535,-0.0409,0.0382,0.0804,0.1783,1.3626,0.2939
2013-07-29,0.0627,0.7081,-0.0409,0.0382,0.0804,0.1783,1.434,0.8485
2013-07-30,0.0626,0.7081,-0.0409,0.0382,0.0804,0.1783,1.434,0.8484
2013-07-31,0.3142,0.7094,-0.0409,0.0382,0.0804,0.1783,1.6869,1.1014
2013-08-01,0.3175,0.167,-0.0413,0.038,0.0805,0.18,1.6211,0.5618
2013-08-02,0.3144,0.1508,-0.0276,0.0164,0.0805,0.18,1.7691,0.5346
2013-08-05,0.3144,0.1508,-0.0276,0.0165,0.0805,0.18,1.7691,0.5347
2013-08-06,0.0599,0.1508,-0.0276,0.0166,0.0805,0.18,1.5146,0.2803
2013-08-07,0.0599,0.1508,-0.0276,0.0166,0.0805,0.18,1.5146,0.2803
2013-08-08,0.0598,0.1508,-0.0276,0.0167,0.0805,0.18,1.5146,0.2803
2013-08-09,0.0598,0.1508,-0.0276,0.0169,0.0805,0.18,1.5148,0.2804
2013-08-12,0.0597,0.1508,-0.0276,0.0171,0.0805,0.18,1.5149,0.2805
2013-08-13,0.0597,0.1508,-0.0276,0.0172,0.0805,0.18,1.5149,0.2806
2013-08-14,0.0596,0.155,-0.0276,0.0174,0.0805,0.18,1.5108,0.285
2013-08-15,0.0596,0.155,-0.0276,0.0177,0.0805,0.18,1.5111,0.2853
2013-08-16,0.0595,0.1554,-0.0276,0.0181,0.0805,0.18,1.511,0.286
2013-08-19,0.0594,0.1554,-0.0276,0.0181,0.0805,0.18,1.511,0.286
2013-08-20,0.0594,0.1598,-0.0276,0.0182,0.0805,0.18,1.5066,0.2904
2013-08-21,0.0593,0.1696,-0.0276,0.0191,0.0805,0.18,1.5047,0.301
2013-08-22,0.0593,0.1696,-0.0276,0.0193,0.0805,0.18,1.5049,0.3012
2013-08-23,0.0592,0.1697,-0.0276,0.0196,0.0805,0.18,1.505,0.3014
2013-08-26,0.0592,0.1697,-0.0276,0.0196,0.0805,0.18,1.505,0.3014
2013-08-27,0.0591,0.1696,-0.0276,0.0199,0.0805,0.18,1.5052,0.3016
2013-08-28,0.0591,0.7299,-0.0276,0.0163,0.0805,0.18,1.6188,0.8582
2013-08-29,0.059,0.7299,-0.0276,0.0208,0.0805,0.18,1.6231,0.8627
2013-08-30,0.3134,0.7299,-0.0276,0.022,0.0805,0.18,1.8768,1.1182
2013-09-03,0.3148,0.1691,-0.0277,0.0227,0.0799,0.1808,1.7612,0.5588
2013-09-04,0.3095,0.1584,-0.0438,0.0341,0.0799,0.1808,1.8482,0.5381
2013-09-05,0.3095,0.1626,-0.0438,0.0347,0.0799,0.1808,1.8478,0.5429
2013-09-06,0.0538,0.1679,-0.0438,0.0349,0.0799,0.1808,1.5869,0.2926
2013-09-09,0.0537,0.1679,-0.0438,0.0354,0.0799,0.1808,1.5867,0.293
2013-09-10,0.0536,0.1679,-0.0438,0.0356,0.0799,0.1808,1.5868,0.2932
2013-09-11,0.0536,0.1679,-0.0438,0.0357,0.0799,0.1808,1.5867,0.2933
2013-09-12,0.0535,0.1683,-0.0439,0.036,0.0799,0.1808,1.5865,0.2939
2013-09-13,0.0534,0.1684,-0.0439,0.036,0.0799,0.1808,1.5864,0.2939
2013-09-16,0.0534,0.1697,-0.0439,0.0362,0.0799,0.1808,1.5851,0.2953
2013-09-17,0.0533,0.1733,-0.0439,0.0364,0.0799,0.1808,1.5817,0.2991
2013-09-18,0.0532,0.1811,-0.0439,0.0369,0.0799,0.1808,1.5743,0.3073
2013-09-19,0.0532,0.185,-0.0439,0.0372,0.0799,0.1808,1.5706,0.3114
2013-09-20,0.0531,0.1821,-0.0439,0.0371,0.0799,0.1808,1.5733,0.3083
2013-09-23,0.053,0.1821,-0.0439,0.0369,0.0799,0.1808,1.573,0.3081
2013-09-24,0.053,0.1822,-0.0439,0.037,0.0799,0.1808,1.5729,0.3081
2013-09-25,0.0529,0.1822,-0.0439,0.037,0.0799,0.1808,1.5728,0.3082
2013-09-26,0.0528,0.7445,-0.0439,0.0371,0.0799,0.1808,1.7404,0.8705
2013-09-27,0.0527,0.7446,-0.0439,0.0371,0.0799,0.1808,1.7404,0.8705
2013-09-30,0.3084,0.7446,-0.0439,0.0377,0.0799,0.1808,1.9955,1.1267
2013-10-01,0.3076,0.1802,-0.0437,0.0378,0.0791,0.1803,1.815,0.561
2013-10-02,0.3154,0.1991,-0.0424,0.0404,0.0791,0.1803,1.8287,0.5916
2013-10-03,0.3153,0.2012,-0.0424,0.0407,0.0791,0.1803,1.8291,0.594
2013-10-04,0.0601,0.2079,-0.0424,0.0415,0.0791,0.1803,1.5698,0.3463
2013-10-07,0.0601,0.2176,-0.0424,0.0428,0.0791,0.1803,1.5634,0.3572
2013-10-08,0.06,0.2215,-0.0424,0.0435,0.0791,0.1803,1.563,0.3618
2013-10-09,0.0599,0.2343,-0.0424,0.0444,0.0085,0.1803,1.4876,0.3048
2013-10-10,0.0599,0.2433,-0.0424,0.0451,0.0085,0.1803,1.4845,0.3144
2013-10-11,0.0598,0.2584,-0.0424,0.0458,0.0084,0.1803,1.4835,0.3301
2013-10-14,0.0598,0.2683,-0.0424,0.0466,0.079,0.1803,1.5522,0.4113
2013-10-15,0.0597,0.272,-0.0424,0.0474,0.079,0.1803,1.5477,0.4158
2013-10-16,0.0596,0.2721,-0.0424,0.0482,0.079,0.1803,1.5469,0.4165
2013-10-17,0.0596,0.2763,-0.0424,0.049,0.0084,0.1803,1.4712,0.3509
2013-10-18,0.0595,0.2764,-0.0424,0.0496,0.0688,0.1803,1.531,0.4119
2013-10-21,0.0595,0.2764,-0.0424,0.049,0.0688,0.1803,1.5303,0.4113
2013-10-22,0.0594,0.2765,-0.0424,0.0491,0.0703,0.1803,1.5317,0.4129
2013-10-23,0.0593,0.2765,-0.0424,0.05,0.0724,0.1803,1.5329,0.4159
2013-10-24,0.0593,0.2766,-0.0424,0.051,0.0747,0.1803,1.5341,0.4192
2013-10-25,0.0592,0.2766,-0.0424,0.0502,0.0769,0.1803,1.537,0.4206
2013-10-28,0.0592,0.2767,-0.0424,0.0502,0.0791,0.1803,1.5391,0.4228
2013-10-29,0.0591,0.838,-0.0424,0.0503,0.0791,0.1803,1.8305,0.9841
2013-10-30,0.059,0.8411,-0.0424,0.0503,0.0791,0.1803,1.8336,0.9872
2013-10-31,0.3142,0.8453,-0.0424,0.0503,0.0791,0.1803,2.0928,1.2465
2013-11-01,0.4605,0.2764,-0.0416,0.049,0.0759,0.1767,1.8986,0.8202
2013-11-04,0.4644,0.2592,-0.0332,0.032,0.0759,0.1767,1.9961,0.7983
2013-11-05,0.4643,0.2594,-0.0332,0.032,0.0759,0.1767,1.9963,0.7984
2013-11-06,0.214,0.2598,-0.0332,0.032,0.0759,0.1767,1.7463,0.5484
2013-11-07,0.2139,0.2607,-0.0332,0.032,0.0759,0.1767,1.7472,0.5493
2013-11-08,0.2139,0.2613,-0.0333,0.0321,0.0759,0.1767,1.7478,0.5499
2013-11-11,0.2138,0.2613,-0.0333,0.0323,0.0759,0.1767,1.7479,0.55
2013-11-12,0.2137,0.2417,-0.0333,0.0323,0.0759,0.1767,1.7533,0.5304
2013-11-13,0.2136,0.2417,-0.0333,0.0325,0.0759,0.1767,1.7535,0.5305
2013-11-14,0.2136,0.2417,-0.0333,0.0325,0.0759,0.1767,1.7535,0.5305
2013-11-15,0.2135,0.2418,-0.0333,0.029,0.0759,0.1767,1.7499,0.5268
2013-11-18,0.2134,0.2418,-0.0333,0.0292,0.0759,0.1767,1.7497,0.527
2013-11-19,0.2134,0.2418,-0.0333,0.0294,0.0759,0.1767,1.7495,0.5271
2013-11-20,0.2133,0.2418,-0.0333,0.03,0.0759,0.1767,1.7489,0.5276
2013-11-21,0.2132,0.2418,-0.0334,0.0302,0.0759,0.1767,1.7491,0.5278
2013-11-22,0.2131,0.2418,-0.0334,0.0306,0.0759,0.1767,1.7492,0.5281
2013-11-25,0.2131,0.2418,-0.0334,0.0304,0.0759,0.1767,1.7493,0.5278
2013-11-26,0.213,0.7924,-0.0334,0.0306,0.0759,0.1767,2.0441,1.0785
2013-11-27,0.2129,0.7924,-0.0334,0.0306,0.0759,0.1767,2.0441,1.0785
2013-11-29,0.4631,0.7924,-0.0334,0.0307,0.0759,0.1767,2.2943,1.3287
2013-12-02,0.4651,0.2387,-0.0336,0.0303,0.076,0.1775,2.0024,0.7765
2013-12-03,0.4753,0.2022,-0.0473,0.0835,0.076,0.1775,2.1015,0.7897
2013-12-04,0.4752,0.2022,-0.0473,0.0837,0.076,0.1775,2.1016,0.7898
2013-12-05,0.2236,0.2032,-0.0473,0.0839,0.076,0.1775,1.8512,0.5394
2013-12-06,0.2236,0.2032,-0.0473,0.0844,0.076,0.1775,1.8512,0.5398
2013-12-09,0.2235,0.2055,-0.0473,0.0844,0.076,0.1775,1.8524,0.5421
2013-12-10,0.2234,0.2095,-0.0473,0.0847,0.076,0.1775,1.8498,0.5463
2013-12-11,0.2234,0.2141,-0.0473,0.0847,0.076,0.1775,1.8478,0.5508
2013-12-12,0.2233,0.2141,-0.0473,0.0849,0.076,0.1775,1.8479,0.5509
2013-12-13,0.2232,0.2141,-0.0473,0.0851,0.076,0.1775,1.8476,0.5511
2013-12-16,0.2232,0.2159,-0.0473,0.0833,0.076,0.1775,1.8513,0.551
2013-12-17,0.2231,0.217,-0.0473,0.0833,0.076,0.1775,1.8505,0.552
2013-12-18,0.2231,0.2227,-0.0473,0.0834,0.076,0.1775,1.8479,0.5578
2013-12-19,0.223,0.2228,-0.0473,0.0835,0.076,0.1775,1.8481,0.5579
2013-12-20,0.2229,0.2228,-0.0473,0.0835,0.076,0.1775,1.8482,0.5579
2013-12-23,0.2229,0.2233,-0.0473,0.0835,0.076,0.1775,1.8486,0.5583
2013-12-24,0.2228,0.2233,-0.0473,0.0835,0.076,0.1775,1.8486,0.5582
2013-12-26,0.2228,0.2233,-0.0473,0.0835,0.076,0.1775,1.8485,0.5582
2013-12-27,0.2227,0.7765,-0.0474,0.0835,0.076,0.1775,2.0957,1.1114
2013-12-30,0.2226,0.7783,-0.0474,0.0575,0.076,0.1775,2.1084,1.087
2013-12-31,0.4741,0.7825,-0.0474,0.0831,0.076,0.1775,2.3539,1.3683
2014-01-02,0.4674,0.2234,-0.0467,0.0811,0.0743,0.1751,2.061,0.7994
2014-01-03,0.4448,0.23,-0.0474,0.0909,0.0743,0.1751,2.1199,0.7926
2014-01-06,0.4447,0.2299,-0.0475,0.0915,0.0743,0.1751,2.1189,0.793
2014-01-07,0.1964,0.2299,-0.0475,0.0919,0.0743,0.1751,1.8703,0.5451
2014-01-08,0.1964,0.2299,-0.0475,0.0922,0.0743,0.1751,1.87,0.5454
2014-01-09,0.1963,0.2299,-0.0475,0.0892,0.0743,0.1751,1.8729,0.5424
2014-01-10,0.1962,0.2299,-0.0475,0.0901,0.0743,0.1751,1.872,0.5432
2014-01-13,0.1962,0.2299,-0.0475,0.0909,0.0743,0.1751,1.8712,0.5439
2014-01-14,0.1961,0.2299,-0.0475,0.0912,0.0743,0.1751,1.8713,0.5441
2014-01-15,0.196,0.2299,-0.0475,0.0912,0.0743,0.1751,1.8712,0.5441
2014-01-16,0.196,0.2299,-0.0475,0.0886,0.0743,0.1751,1.8739,0.5413
2014-01-17,0.1959,0.2299,-0.0475,0.0886,0.0743,0.1751,1.8738,0.5413
2014-01-21,0.1959,0.2299,-0.0475,0.0882,0.0743,0.1751,1.8743,0.5408
2014-01-22,0.1958,0.2299,-0.0475,0.0882,0.0743,0.1751,1.8742,0.5408
2014-01-23,0.1957,0.2299,-0.0475,0.0883,0.0743,0.1751,1.8741,0.5407
2014-01-24,0.1957,0.2299,-0.0475,0.088,0.0743,0.1751,1.8744,0.5405
2014-01-27,0.1956,0.2299,-0.0475,0.088,0.0743,0.1751,1.8743,0.5403
2014-01-28,0.1956,0.2299,-0.0475,0.0873,0.0079,0.1751,1.8071,0.4731
2014-01-29,0.1955,0.7748,-0.0475,0.0683,0.0079,0.1751,2.0758,0.9989
2014-01-30,0.1954,0.7748,-0.0476,0.083,0.0744,0.1751,2.1276,1.08
2014-01-31,0.4436,0.7748,-0.0476,0.0835,0.0078,0.1751,2.3087,1.2621
2014-02-03,0.4424,0.226,-0.0474,0.0829,0.0736,0.1747,2.1148,0.7775
2014-02-04,0.4432,0.2577,-0.0772,-0.0239,0.0077,0.1747,1.8991,0.6075
2014-02-05,0.4431,0.2577,-0.0772,-0.0235,0.0077,0.1747,1.8979,0.6079
2014-02-06,0.1952,0.2577,-0.0772,-0.0248,0.0076,0.1747,1.6512,0.3586
2014-02-07,0.1951,0.2578,-0.0772,-0.0247,0.0076,0.1747,1.6511,0.3586
2014-02-10,0.1951,0.2578,-0.0772,-0.0246,0.0702,0.1747,1.7136,0.4212
2014-02-11,0.195,0.2578,-0.0772,-0.0245,0.0702,0.1747,1.7135,0.4213
2014-02-12,0.1949,0.2578,-0.0772,-0.0241,0.0702,0.1747,1.7131,0.4216
2014-02-13,0.1949,0.2578,-0.0772,-0.024,0.0705,0.1747,1.7133,0.422
2014-02-14,0.1948,0.2578,-0.0772,-0.0237,0.0723,0.1747,1.7147,0.424
2014-02-18,0.1947,0.2579,-0.0772,-0.0232,0.0737,0.1747,1.7156,0.4259
2014-02-19,0.1947,0.2587,-0.0772,-0.0226,0.0737,0.1747,1.7158,0.4273
2014-02-20,0.1946,0.2587,-0.0772,-0.0225,0.0737,0.1747,1.7156,0.4273
2014-02-21,0.1946,0.259,-0.0772,-0.0235,0.0737,0.1747,1.7167,0.4265
2014-02-24,0.1945,0.2595,-0.0772,-0.0233,0.0737,0.1747,1.7171,0.4271
2014-02-25,0.1944,0.2595,-0.0772,-0.0231,0.0737,0.1747,1.7168,0.4273
2014-02-26,0.1944,0.8037,-0.0773,-0.023,0.0737,0.1747,1.9983,0.9716
2014-02-27,0.1943,0.8037,-0.0773,-0.0226,0.0737,0.1747,1.9979,0.9719
2014-02-28,0.4421,0.8051,-0.0773,-0.0222,0.0737,0.1747,2.2471,1.2215
2014-03-03,0.4391,0.2626,-0.0769,-0.0213,0.0728,0.1741,1.944,0.6763
2014-03-04,0.4377,0.291,-0.0454,0.1089,0.0728,0.1741,2.1427,0.865
2014-03-05,0.4377,0.2911,-0.0454,0.1096,0.0728,0.1741,2.142,0.8658
2014-03-06,0.1916,0.2911,-0.0454,0.1103,0.0728,0.1741,1.8953,0.6204
2014-03-07,0.1915,0.2911,-0.0454,0.1107,0.0728,0.1741,1.8949,0.6208
2014-03-10,0.1915,0.2911,-0.0453,0.111,0.0728,0.1741,1.8951,0.621
2014-03-11,0.1915,0.2911,-0.0453,0.1107,0.0728,0.1741,1.8959,0.6207
2014-03-12,0.1914,0.2911,-0.0453,0.1107,0.0728,0.1741,1.8958,0.6207
2014-03-13,0.1914,0.2911,-0.0453,0.1107,0.0728,0.1741,1.8958,0.6207
2014-03-14,0.1913,0.2911,-0.0453,0.1108,0.0728,0.1741,1.8959,0.6208
2014-03-17,0.1913,0.2901,-0.0453,0.1112,0.0728,0.1741,1.8972,0.62
2014-03-18,0.1912,0.2901,-0.0453,0.1116,0.0728,0.1741,1.8973,0.6204
2014-03-19,0.1912,0.2901,-0.0453,0.1117,0.0728,0.1741,1.8974,0.6205
2014-03-20,0.1912,0.2901,-0.0452,0.1121,0.0728,0.1741,1.897,0.6209
2014-03-21,0.1911,0.2587,-0.0452,0.1111,0.0728,0.1741,1.9294,0.5885
2014-03-24,0.1911,0.2587,-0.0452,0.1113,0.0728,0.1741,1.9296,0.5887
2014-03-25,0.191,0.2587,-0.0452,0.1114,0.0728,0.1741,1.9296,0.5887
2014-03-26,0.191,0.2588,-0.0452,0.1114,0.0728,0.1741,1.9295,0.5888
2014-03-27,0.1909,0.8,-0.0452,0.1118,0.0728,0.1741,2.1574,1.1303
2014-03-28,0.1909,0.8,-0.0452,0.1118,0.0728,0.1741,2.1574,1.1303
2014-03-31,0.4369,0.8,-0.0452,0.1123,0.0728,0.1741,2.403,1.3768
2014-04-01,0.4287,0.2498,-0.0443,0.1104,0.0708,0.171,2.129,0.8155
2014-04-02,0.4385,0.2312,-0.0412,0.1134,0.0708,0.171,2.1175,0.8127
2014-04-03,0.4385,0.2343,-0.0412,0.1139,0.0708,0.171,2.1141,0.8162
2014-04-04,0.1969,0.2343,-0.0412,0.1146,0.0708,0.171,1.872,0.5755
2014-04-07,0.1969,0.2364,-0.0412,0.1153,0.0708,0.171,1.8692,0.5783
2014-04-08,0.1969,0.2365,-0.0412,0.1153,0.0708,0.171,1.8691,0.5783
2014-04-09,0.1968,0.2365,-0.0412,0.1158,0.0708,0.171,1.8689,0.5787
2014-04-10,0.1968,0.2365,-0.0412,0.1158,0.0708,0.171,1.8689,0.5787
2014-04-11,0.1967,0.2387,-0.0412,0.1158,0.0708,0.171,1.8667,0.5809
2014-04-14,0.1967,0.2387,-0.0412,0.1158,0.0708,0.171,1.8666,0.5809
2014-04-15,0.1966,0.2387,-0.0412,0.1161,0.0073,0.171,1.8029,0.5176
2014-04-16,0.1966,0.2434,-0.0412,0.117,0.0708,0.171,1.861,0.5866
2014-04-17,0.1966,0.2488,-0.0412,0.117,0.0708,0.171,1.8555,0.592
2014-04-21,0.1965,0.2512,-0.0412,0.1171,0.0708,0.171,1.8531,0.5944
2014-04-22,0.1965,0.2512,-0.0412,0.1176,0.0708,0.171,1.8526,0.5948
2014-04-23,0.1964,0.2513,-0.0413,0.086,0.0708,0.171,1.8667,0.5633
2014-04-24,0.1964,0.2513,-0.0413,0.1184,0.0708,0.171,1.8521,0.5956
2014-04-25,0.1963,0.2523,-0.0413,0.119,0.0708,0.171,1.8505,0.5972
2014-04-28,0.1963,0.7896,-0.0413,0.1197,0.0708,0.171,2.0834,1.1351
2014-04-29,0.1963,0.7934,-0.0413,0.0973,0.0708,0.171,2.1095,1.1164
2014-04-30,0.4377,0.7962,-0.0413,0.1208,0.0708,0.171,2.3304,1.3842
2014-05-01,0.2901,0.2648,-0.041,0.1207,0.0701,0.1701,1.9143,0.7047
2014-05-02,0.2615,0.2819,-0.0419,0.1199,0.0701,0.1701,1.9193,0.6915
2014-05-05,0.2615,0.2826,-0.0419,0.1205,0.0701,0.1701,1.9181,0.6927
2014-05-06,0.0209,0.2837,-0.0419,0.1215,0.0701,0.1701,1.6755,0.4542
2014-05-07,0.0209,0.284,-0.0419,0.1137,0.0701,0.1701,1.665,0.4467
2014-05-08,0.0208,0.2847,-0.0419,0.1229,0.0701,0.1701,1.6734,0.4566
2014-05-09,0.0208,0.2851,-0.0419,0.123,0.0701,0.1701,1.6731,0.457
2014-05-12,0.0207,0.2858,-0.0419,0.1231,0.0701,0.1701,1.6725,0.4577
2014-05-13,0.0207,0.2858,-0.0419,0.1224,0.0701,0.1701,1.6731,0.457
2014-05-14,0.0206,0.2858,-0.0419,0.1224,0.0701,0.1701,1.6731,0.457
2014-05-15,0.0206,0.2858,-0.0419,0.1225,0.0701,0.1701,1.673,0.457
2014-05-16,0.0205,0.286,-0.0419,0.1233,0.0701,0.1701,1.672,0.458
2014-05-19,0.0205,0.2861,-0.0419,0.1238,0.0701,0.1701,1.6714,0.4585
2014-05-20,0.0204,0.2871,-0.0419,0.124,0.0701,0.1701,1.6702,0.4597
2014-05-21,0.0204,0.2877,-0.0419,0.1241,0.0701,0.1701,1.6696,0.4603
2014-05-22,0.0203,0.2878,-0.0419,0.1241,0.0701,0.1701,1.6695,0.4604
2014-05-23,0.0203,0.288,-0.0419,0.1246,0.0701,0.1701,1.6689,0.461
2014-05-27,0.0202,0.2881,-0.0419,0.1251,0.0701,0.1701,1.6684,0.4616
2014-05-28,0.0202,0.8179,-0.0419,0.1257,0.0701,0.1701,1.9383,0.9919
2014-05-29,0.0202,0.8188,-0.0419,0.1264,0.0701,0.1701,1.9385,0.9935
2014-05-30,0.2606,0.819,-0.0419,0.1269,0.0701,0.1701,2.1788,1.2346
2014-06-02,0.2619,0.2894,-0.042,0.1271,0.0702,0.1709,1.9097,0.7066
2014-06-03,0.5025,0.9178,-0.0428,0.092,0.0702,0.1709,2.3281,1.5398
2014-06-04,0.5025,0.9178,-0.0428,0.0921,0.0702,0.1709,2.3282,1.5398
2014-06-05,0.2607,0.9179,-0.0428,0.0922,0.0702,0.1709,2.0867,1.2984
2014-06-06,0.2607,0.9181,-0.0428,0.0923,0.0702,0.1709,2.0869,1.2986
2014-06-09,0.2607,0.9182,-0.0428,0.0925,0.0702,0.1709,2.087,1.2989
2014-06-10,0.2607,0.9184,-0.0428,0.0929,0.0702,0.1709,2.0869,1.2995
2014-06-11,0.2607,0.9185,-0.0428,0.0648,0.0702,0.1709,2.1153,1.2715
2014-06-12,0.2607,0.9191,-0.0428,0.0931,0.0702,0.1709,2.0876,1.3004
2014-06-13,0.2607,0.9195,-0.0428,0.0913,0.0702,0.1709,2.086,1.299
2014-06-16,0.2607,0.9197,-0.0428,0.0914,0.0702,0.1709,2.0861,1.2992
2014-06-17,0.2607,0.9198,-0.0428,0.0914,0.0702,0.1709,2.086,1.2994
2014-06-18,0.2607,0.9201,-0.0428,0.0916,0.0702,0.1709,2.0861,1.2998
2014-06-19,0.2607,0.9202,-0.0428,0.0917,0.0702,0.1709,2.0862,1.3
2014-06-20,0.2607,0.9203,-0.0428,0.0917,0.0702,0.1709,2.0862,1.3002
2014-06-23,0.2607,0.9205,-0.0428,0.0918,0.0702,0.1709,2.0863,1.3004
2014-06-24,0.2607,0.9206,-0.0428,0.0918,0.0702,0.1709,2.0864,1.3006
2014-06-25,0.2607,0.9208,-0.0428,0.0919,0.0702,0.1709,2.0866,1.3008
2014-06-26,0.2607,1.4514,-0.0428,0.0921,0.0702,0.1709,2.617,1.8316
2014-06-27,0.2606,1.4515,-0.0428,0.0921,0.0702,0.1709,2.6171,1.8318
2014-06-30,0.5024,1.4517,-0.0428,0.0922,0.0702,0.1709,2.859,2.0737
2014-07-01,0.499,0.9116,-0.0424,0.0913,0.0691,0.1698,2.3053,1.5286
2014-07-02,0.5156,0.8621,0.0721,0.1609,0.0691,0.1698,2.0033,1.6798
2014-07-03,0.5156,0.8622,0.0721,0.1613,0.0691,0.1698,2.0031,1.6803
2014-07-07,0.2753,0.8623,0.0721,0.1613,0.0691,0.1698,1.763,1.4401
2014-07-08,0.2753,0.8624,0.0721,0.1608,0.0691,0.1698,1.7636,1.4396
2014-07-09,0.2753,0.8625,0.0721,0.1608,0.0691,0.1698,1.7638,1.4397
2014-07-10,0.2753,0.8617,0.0721,0.1608,0.0691,0.1698,1.763,1.439
2014-07-11,0.2753,0.8618,0.0721,0.1608,0.0691,0.1698,1.7632,1.4391
2014-07-14,0.2753,0.8619,0.0721,0.1608,0.0691,0.1698,1.7633,1.4392
2014-07-15,0.2753,0.862,0.0721,0.1599,0.0691,0.1698,1.7645,1.4384
2014-07-16,0.2753,0.8621,0.0721,0.1604,0.0691,0.1698,1.7641,1.439
2014-07-17,0.2753,0.8622,0.0721,0.1605,0.0691,0.1698,1.7643,1.4392
2014-07-18,0.2753,0.8623,0.0721,0.1605,0.0691,0.1698,1.7644,1.4393
2014-07-21,0.2753,0.8624,0.0721,0.1605,0.0691,0.1698,1.7645,1.4394
2014-07-22,0.2753,0.8624,0.0721,0.1605,0.0691,0.1698,1.7646,1.4395
2014-07-23,0.2753,0.8625,0.0721,0.1607,0.0691,0.1698,1.7647,1.4398
2014-07-24,0.2753,0.8626,0.0721,0.1608,0.0691,0.1698,1.7649,1.44
2014-07-25,0.2753,0.8627,0.0721,0.161,0.0691,0.1698,1.7648,1.4403
2014-07-28,0.2753,0.8628,0.0721,0.1615,0.0691,0.1698,1.7644,1.4409
2014-07-29,0.2753,1.3899,0.0721,0.1616,0.0691,0.1698,2.2916,1.9682
2014-07-30,0.2753,1.39,0.0721,0.1616,0.0691,0.1698,2.2917,1.9683
2014-07-31,0.5157,1.3901,0.0721,0.1617,0.0691,0.1698,2.5322,2.2087
2014-08-01,0.5147,0.8539,0.0721,0.1613,0.068,0.1697,1.9924,1.6699
2014-08-04,0.5061,0.8426,0.0284,0.1651,0.0071,0.1697,1.8889,1.5492
2014-08-05,0.5061,0.8338,0.0284,0.1651,0.0071,0.1697,1.8801,1.5404
2014-08-06,0.2662,0.8338,0.0284,0.1652,0.0679,0.1697,1.7012,1.3615
2014-08-07,0.2662,0.8339,0.0284,0.1653,0.0679,0.1697,1.7015,1.3617
2014-08-08,0.2662,0.834,0.0284,0.1655,0.0679,0.1697,1.7019,1.362
2014-08-11,0.2662,0.8341,0.0284,0.1656,0.0679,0.1697,1.702,1.3622
2014-08-12,0.2662,0.8342,0.0283,0.1657,0.0679,0.1697,1.7023,1.3624
2014-08-13,0.2662,0.8342,0.0283,0.166,0.0679,0.1697,1.7027,1.3627
2014-08-14,0.2662,0.8343,0.0283,0.1662,0.0679,0.1697,1.703,1.363
2014-08-15,0.2662,0.8344,0.0283,0.1662,0.0679,0.1697,1.7032,1.3631
2014-08-18,0.2663,0.8345,0.0283,0.1663,0.0679,0.1697,1.7034,1.3633
2014-08-19,0.2663,0.8345,0.0283,0.1663,0.0679,0.1697,1.7035,1.3634
2014-08-20,0.2663,0.8346,0.0283,0.1663,0.0679,0.1697,1.7037,1.3635
2014-08-21,0.2663,0.8347,0.0283,0.166,0.0679,0.1697,1.7035,1.3633
2014-08-22,0.2663,0.8348,0.0283,0.1661,0.0679,0.1697,1.7037,1.3634
2014-08-25,0.2663,0.8349,0.0283,0.1661,0.0679,0.1697,1.7038,1.3635
2014-08-26,0.2663,0.8349,0.0283,0.1662,0.0679,0.1697,1.704,1.3637
2014-08-27,0.2663,1.3606,0.0283,0.1558,0.0679,0.1697,2.2195,1.879
2014-08-28,0.2663,1.3607,0.0283,0.1662,0.0679,0.1697,2.23,1.8895
2014-08-29,0.5062,1.3608,0.0283,0.1649,0.0679,0.1697,2.4712,2.1282
2014-09-02,0.5079,0.8367,0.0284,0.1655,0.0678,0.1704,1.9495,1.6063
2014-09-03,0.512,0.835,-0.0529,0.08,0.0678,0.1704,2.027,1.4419
2014-09-04,0.5121,0.832,-0.0529,0.0796,0.0678,0.1704,2.0236,1.4385
2014-09-05,0.2713,0.8321,-0.0529,0.0796,0.0678,0.1704,1.783,1.1978
2014-09-08,0.2713,0.8303,-0.0529,0.0788,0.0678,0.1704,1.781,1.1952
2014-09-09,0.2713,0.8304,-0.0529,0.0788,0.0678,0.1704,1.7811,1.1953
2014-09-10,0.2713,0.8305,-0.0529,0.0748,0.0678,0.1704,1.7798,1.1914
2014-09-11,0.2713,0.8306,-0.0529,0.0731,0.0678,0.1704,1.7782,1.1898
2014-09-12,0.2713,0.8354,-0.0529,0.0708,0.0678,0.1704,1.7845,1.1923
2014-09-15,0.2713,0.8415,-0.0529,0.0677,0.0678,0.1704,1.7917,1.1953
2014-09-16,0.2713,0.8417,-0.053,0.0677,0.0678,0.1704,1.792,1.1956
2014-09-17,0.2713,0.8426,-0.053,0.0676,0.0678,0.1704,1.793,1.1964
2014-09-18,0.2713,0.844,-0.053,0.0652,0.0678,0.1704,1.7941,1.1953
2014-09-19,0.2713,0.8451,-0.053,0.0613,0.0678,0.1704,1.7913,1.1925
2014-09-22,0.2713,0.8463,-0.053,0.0613,0.0678,0.1704,1.7925,1.1937
2014-09-23,0.2714,0.8464,-0.053,0.0612,0.0678,0.1704,1.7926,1.1938
2014-09-24,0.2714,0.8465,-0.053,0.0598,0.0678,0.1704,1.7919,1.1924
2014-09-25,0.2714,0.8466,-0.053,0.0598,0.0678,0.1704,1.792,1.1925
2014-09-26,0.2714,1.3742,-0.053,0.0598,0.0678,0.1704,2.3197,1.7201
2014-09-29,0.2714,1.3743,-0.053,0.0589,0.0678,0.1704,2.3189,1.7194
2014-09-30,0.5122,1.3744,-0.053,0.0589,0.0678,0.1704,2.5599,1.9603
2014-10-01,0.5096,0.8398,-0.0526,0.0583,0.0668,0.1697,2.0171,1.4219
2014-10-02,0.4815,0.7815,-0.0581,-0.1409,0.0668,0.1697,1.8735,1.1308
2014-10-03,0.4815,0.7498,-0.0581,-0.1409,0.0668,0.1697,1.8419,1.099
2014-10-06,0.2416,0.7494,-0.0581,-0.141,0.0668,0.1697,1.6016,0.8587
2014-10-07,0.2416,0.7495,-0.0581,-0.1429,0.0668,0.1697,1.6036,0.8569
2014-10-08,0.2416,0.7496,-0.0581,-0.1459,0.0668,0.1697,1.6063,0.8539
2014-10-09,0.2416,0.7448,-0.0581,-0.1462,0.0668,0.1697,1.6018,0.8488
2014-10-10,0.2416,0.7449,-0.0582,-0.1463,0.0668,0.1697,1.6019,0.8489
2014-10-13,0.2416,0.745,-0.0582,-0.1463,0.007,0.1697,1.5422,0.7892
2014-10-14,0.2416,0.7451,-0.0582,-0.1465,0.007,0.1697,1.5425,0.7891
2014-10-15,0.2416,0.7452,-0.0582,-0.1472,0.007,0.1697,1.5433,0.7885
2014-10-16,0.2416,0.7453,-0.0582,-0.1477,0.0069,0.1697,1.543,0.788
2014-10-17,0.2416,0.7407,-0.0582,-0.1489,0.0069,0.1697,1.5394,0.7821
2014-10-20,0.2416,0.7381,-0.0582,-0.1494,0.0069,0.1697,1.5364,0.7791
2014-10-21,0.2417,0.7373,-0.0582,-0.1494,0.0069,0.1697,1.5356,0.7782
2014-10-22,0.2417,0.7374,-0.0582,-0.1494,0.0526,0.1697,1.5815,0.824
2014-10-23,0.2417,0.7375,-0.0583,-0.1495,0.0526,0.1697,1.5816,0.8241
2014-10-24,0.2417,0.7376,-0.0583,-0.1495,0.0526,0.1697,1.5817,0.8241
2014-10-27,0.2417,0.7377,-0.0583,-0.1495,0.0526,0.1697,1.5819,0.8242
2014-10-28,0.2417,0.7378,-0.0583,-0.1496,0.0526,0.1697,1.582,0.8242
2014-10-29,0.2417,1.2627,-0.0583,-0.1496,0.0526,0.1697,2.1069,1.3491
2014-10-30,0.2417,1.2628,-0.0583,-0.1496,0.0526,0.1697,2.107,1.3492
2014-10-31,0.4817,1.2629,-0.0583,-0.1497,0.0526,0.1697,2.3471,1.5892
2014-11-03,0.6254,0.7347,-0.0581,-0.1487,0.0518,0.1694,1.9605,1.205
2014-11-04,0.5808,0.7437,-0.0628,-0.1142,0.053,0.1694,1.8765,1.2006
2014-11-05,0.5808,0.7457,-0.0628,-0.1143,0.0546,0.1694,1.8801,1.2041
2014-11-06,0.3409,0.7469,-0.0628,-0.1143,0.0563,0.1694,1.6432,0.9671
2014-11-07,0.3409,0.755,-0.0628,-0.1144,0.058,0.1694,1.6531,0.9768
2014-11-10,0.3409,0.7552,-0.0627,-0.1145,0.0594,0.1694,1.6548,0.9783
2014-11-11,0.3409,0.7554,-0.0627,-0.1145,0.0612,0.1694,1.6569,0.9803
2014-11-12,0.341,0.7556,-0.0627,-0.1146,0.062,0.1694,1.658,0.9812
2014-11-13,0.341,0.7558,-0.0627,-0.1147,0.064,0.1694,1.6603,0.9834
2014-11-14,0.341,0.756,-0.0627,-0.1147,0.0653,0.1694,1.6619,0.9848
2014-11-17,0.341,0.7562,-0.0627,-0.1148,0.0653,0.1694,1.6622,0.985
2014-11-18,0.341,0.7564,-0.0627,-0.1149,0.0653,0.1694,1.6625,0.9851
2014-11-19,0.341,0.7566,-0.0627,-0.115,0.0653,0.1694,1.6628,0.9853
2014-11-20,0.341,0.7572,-0.0627,-0.115,0.0653,0.1694,1.6635,0.9859
2014-11-21,0.3411,0.758,-0.0627,-0.1151,0.0653,0.1694,1.6644,0.9867
2014-11-24,0.3411,0.759,-0.0627,-0.1152,0.0653,0.1694,1.6655,0.9876
2014-11-25,0.3411,1.2863,-0.0626,-0.1151,0.0653,0.1694,2.193,1.5149
2014-11-26,0.3411,1.2915,-0.0626,-0.1152,0.0653,0.1694,2.1983,1.5201
2014-11-28,0.5811,1.2917,-0.0626,-0.115,0.0653,0.1694,2.4388,1.7604
2014-12-01,0.5833,0.7662,-0.0627,-0.1153,0.0654,0.17,1.9158,1.2369
2014-12-02,0.5904,0.7711,-0.0315,-0.14,0.0654,0.17,1.9091,1.2554
2014-12-03,0.5904,0.7713,-0.0315,-0.1408,0.0654,0.17,1.9096,1.2548
2014-12-04,0.3495,0.7716,-0.0315,-0.1409,0.0654,0.17,1.6689,1.014
2014-12-05,0.3495,0.7718,-0.0315,-0.1409,0.0654,0.17,1.6691,1.0142
2014-12-08,0.3495,0.772,-0.0315,-0.1404,0.0654,0.17,1.6689,1.0149
2014-12-09,0.3495,0.7722,-0.0315,-0.1402,0.0654,0.17,1.669,1.0154
2014-12-10,0.3495,0.7712,-0.0315,-0.1396,0.0654,0.17,1.6673,1.015
2014-12-11,0.3495,0.7683,-0.0315,-0.139,0.0654,0.17,1.6639,1.0126
2014-12-12,0.3495,0.7638,-0.0315,-0.139,0.0654,0.17,1.6595,1.0082
2014-12-15,0.3495,0.7628,-0.0315,-0.139,0.0654,0.17,1.6585,1.0071
2014-12-16,0.3495,0.7358,-0.0315,-0.1384,0.0066,0.17,1.5722,0.922
2014-12-17,0.3495,0.7301,-0.0315,-0.138,0.0654,0.17,1.6249,0.9755
2014-12-18,0.3495,0.7238,-0.0315,-0.1376,0.0066,0.17,1.5594,0.9108
2014-12-19,0.3495,0.7086,-0.0315,-0.1375,0.059,0.17,1.5966,0.9481
2014-12-22,0.3495,0.6992,-0.0315,-0.1412,0.0597,0.17,1.5912,0.9357
2014-12-23,0.3495,0.6948,-0.0315,-0.1413,0.0615,0.17,1.5888,0.9331
2014-12-24,0.3495,0.695,-0.0315,-0.141,0.0615,0.17,1.5888,0.9336
2014-12-26,0.3495,0.6869,-0.0315,-0.1402,0.063,0.17,1.5814,0.9277
2014-12-29,0.3496,1.2147,-0.0315,-0.1395,0.0649,0.17,2.1105,1.4582
2014-12-30,0.3496,1.2149,-0.0315,-0.1628,0.0655,0.17,2.1274,1.4356
2014-12-31,0.5905,1.2151,-0.0315,-0.1389,0.0655,0.17,2.3502,1.7007
2015-01-02,0.5848,0.6776,-0.0311,-0.1365,0.0636,0.1689,1.7995,1.1585
2015-01-05,0.5316,0.6828,-0.0346,-0.1383,0.0636,0.1689,1.7579,1.1052
2015-01-06,0.5316,0.6829,-0.0346,-0.1382,0.0636,0.1689,1.7579,1.1055
2015-01-07,0.2922,0.6831,-0.0346,-0.1382,0.0636,0.1689,1.5186,0.8662
2015-01-08,0.2922,0.675,-0.0345,-0.1379,0.0636,0.1689,1.5103,0.8584
2015-01-09,0.2922,0.6752,-0.0345,-0.1371,0.0636,0.1689,1.5097,0.8593
2015-01-12,0.2922,0.6744,-0.0345,-0.1372,0.0636,0.1689,1.5091,0.8585
2015-01-13,0.2922,0.6745,-0.0345,-0.137,0.0636,0.1689,1.5091,0.8588
2015-01-14,0.2922,0.6747,-0.0345,-0.1371,0.0636,0.1689,1.5093,0.859
2015-01-15,0.2922,0.6748,-0.0345,-0.1371,0.0636,0.1689,1.5095,0.8591
2015-01-16,0.2922,0.675,-0.0345,-0.1371,0.0064,0.1689,1.4524,0.802
2015-01-20,0.2922,0.6719,-0.0345,-0.1324,0.0063,0.1689,1.4447,0.8036
2015-01-21,0.2922,0.6417,-0.0344,-0.1322,0.0637,0.1689,1.4719,0.8309
2015-01-22,0.2922,0.6409,-0.0344,-0.1321,0.0637,0.1689,1.4711,0.8302
2015-01-23,0.2922,0.6404,-0.0344,-0.1372,0.0637,0.1689,1.4665,0.8247
2015-01-26,0.2922,0.6405,-0.0344,-0.1375,0.0637,0.1689,1.467,0.8245
2015-01-27,0.2922,0.6366,-0.0344,-0.1388,0.0637,0.1689,1.4644,0.8192
2015-01-28,0.2922,1.1613,-0.0344,-0.1567,0.0637,0.1689,2.007,1.3261
2015-01-29,0.2922,1.1614,-0.0344,-0.1423,0.0637,0.1689,1.9928,1.3406
2015-01-30,0.5317,1.1597,-0.0344,-0.1417,0.0637,0.1689,2.23,1.579
2015-02-02,0.531,0.6323,-0.0342,-0.141,0.0624,0.1692,1.7,1.0506
2015-02-03,0.5338,0.5654,-0.0311,-0.0762,0.0624,0.1692,1.5955,1.0543
2015-02-04,0.5338,0.5655,-0.0311,-0.0767,0.0624,0.1692,1.5951,1.054
2015-02-05,0.2944,0.5607,-0.0311,-0.0779,0.0624,0.1692,1.3496,0.8085
2015-02-06,0.2944,0.5608,-0.0311,-0.0781,0.0624,0.1692,1.3495,0.8084
2015-02-09,0.2944,0.561,-0.0311,-0.0784,0.0624,0.1692,1.3494,0.8083
2015-02-10,0.2944,0.5307,-0.0311,-0.0784,0.0624,0.1692,1.3191,0.7781
2015-02-11,0.2944,0.5309,-0.0311,-0.0784,0.0624,0.1692,1.3193,0.7783
2015-02-12,0.2944,0.531,-0.0311,-0.0784,0.0624,0.1692,1.3195,0.7784
2015-02-13,0.2944,0.5312,-0.031,-0.0784,0.0624,0.1692,1.3197,0.7785
2015-02-17,0.2944,0.5313,-0.031,-0.0785,0.0624,0.1692,1.3197,0.7785
2015-02-18,0.2944,0.5315,-0.031,-0.0786,0.0624,0.1692,1.3199,0.7787
2015-02-19,0.2944,0.5316,-0.031,-0.0786,0.0624,0.1692,1.3201,0.7788
2015-02-20,0.2944,0.5318,-0.031,-0.0786,0.0624,0.1692,1.3202,0.779
2015-02-23,0.2944,0.5319,-0.031,-0.0786,0.0624,0.1692,1.3204,0.7791
2015-02-24,0.2944,0.5416,-0.031,-0.0786,0.0624,0.1692,1.3301,0.7887
2015-02-25,0.2944,1.0622,-0.031,-0.0786,0.0624,0.1692,1.8508,1.3094
2015-02-26,0.2944,1.0624,-0.031,-0.0787,0.0624,0.1692,1.851,1.3095
2015-02-27,0.5339,1.0625,-0.031,-0.0787,0.0624,0.1692,2.0907,1.5492
2015-03-02,0.5349,0.542,-0.031,-0.0787,0.0621,0.1699,1.5708,1.0293
2015-03-03,0.556,0.5383,-0.0542,-0.1095,0.0621,0.1699,1.5943,0.9927
2015-03-04,0.556,0.5384,-0.0542,-0.1095,0.0621,0.1699,1.5944,0.9927
2015-03-05,0.3161,0.5384,-0.0541,-0.1096,0.0621,0.1699,1.3548,0.7528
2015-03-06,0.3161,0.5458,-0.0541,-0.1097,0.0621,0.1699,1.3623,0.7601
2015-03-09,0.3161,0.5492,-0.0541,-0.1098,0.0621,0.1699,1.3658,0.7635
2015-03-10,0.3161,0.5492,-0.0541,-0.1099,0.0621,0.1699,1.366,0.7635
2015-03-11,0.3161,0.5492,-0.0541,-0.11,0.0621,0.1699,1.3662,0.7634
2015-03-12,0.3162,0.5493,-0.0541,-0.11,0.0621,0.1699,1.3663,0.7634
2015-03-13,0.3162,0.5493,-0.0541,-0.1101,0.0621,0.1699,1.3665,0.7633
2015-03-16,0.3162,0.5493,-0.0541,-0.1119,0.0621,0.1699,1.3683,0.7616
2015-03-17,0.3162,0.5572,-0.0541,-0.1121,0.0621,0.1699,1.3765,0.7692
2015-03-18,0.3162,0.5572,-0.0541,-0.1124,0.0621,0.1699,1.3768,0.769
2015-03-19,0.3162,0.5601,-0.054,-0.1125,0.0621,0.1699,1.3799,0.7718
2015-03-20,0.3162,0.5513,-0.054,-0.1158,0.0621,0.1699,1.3744,0.7598
2015-03-23,0.3162,0.5497,-0.054,-0.1176,0.0621,0.1699,1.3746,0.7563
2015-03-24,0.3162,0.5428,-0.054,-0.119,0.0621,0.1699,1.3693,0.748
2015-03-25,0.3162,0.5428,-0.054,-0.1193,0.0621,0.1699,1.3696,0.7477
2015-03-26,0.3162,0.5429,-0.054,-0.1193,0.0621,0.1699,1.3698,0.7477
2015-03-27,0.3162,1.0631,-0.054,-0.1195,0.0621,0.1699,1.8901,1.2678
2015-03-30,0.3162,1.0631,-0.054,-0.1196,0.0621,0.1699,1.8904,1.2677
2015-03-31,0.556,1.0631,-0.054,-0.1197,0.0621,0.1699,2.1304,1.5075
2015-04-01,0.5637,0.5492,-0.0546,-0.1211,0.0626,0.1726,1.6301,0.9998
2015-04-02,0.5669,0.5564,-0.0781,-0.0957,0.0626,0.1726,1.6631,1.0122
2015-04-06,0.5669,0.5565,-0.0781,-0.0958,0.0626,0.1726,1.6633,1.0121
2015-04-07,0.3232,0.5566,-0.0781,-0.0959,0.0626,0.1726,1.4199,0.7684
2015-04-08,0.3232,0.5566,-0.0781,-0.1062,0.0626,0.1726,1.4304,0.7581
2015-04-09,0.3232,0.5567,-0.0782,-0.0988,0.0626,0.1726,1.4231,0.7657
2015-04-10,0.3232,0.5686,-0.0782,-0.0987,0.0626,0.1726,1.435,0.7776
2015-04-13,0.3232,0.5788,-0.0782,-0.0983,0.0626,0.1726,1.4448,0.7881
2015-04-14,0.3232,0.5928,-0.0782,-0.098,0.0626,0.1726,1.4587,0.8025
2015-04-15,0.3233,0.5961,-0.0782,-0.0981,0.0626,0.1726,1.4621,0.8056
2015-04-16,0.3233,0.6021,-0.0782,-0.0983,0.0626,0.1726,1.4684,0.8115
2015-04-17,0.3233,0.617,-0.0783,-0.0983,0.0626,0.1726,1.4834,0.8263
2015-04-20,0.3233,0.6347,-0.0783,-0.0984,0.0626,0.1726,1.5012,0.8439
2015-04-21,0.3233,0.637,-0.0783,-0.0985,0.0626,0.1726,1.5037,0.8461
2015-04-22,0.3233,0.6414,-0.0783,-0.0985,0.0626,0.1726,1.5083,0.8505
2015-04-23,0.3233,0.6451,-0.0783,-0.0985,0.0626,0.1726,1.512,0.8542
2015-04-24,0.3233,0.6452,-0.0783,-0.0983,0.0626,0.1726,1.512,0.8544
2015-04-27,0.3233,0.6453,-0.0784,-0.0975,0.0626,0.1726,1.5113,0.8553
2015-04-28,0.3233,1.173,-0.0784,-0.0973,0.0626,0.1726,2.039,1.3832
2015-04-29,0.3233,1.174,-0.0784,-0.097,0.0626,0.1726,2.0397,1.3845
2015-04-30,0.5669,1.1741,-0.0784,-0.0971,0.0626,0.1726,2.2836,1.6281
2015-05-01,0.4191,0.6479,-0.0781,-0.0967,0.0622,0.1724,1.607,0.9545
2015-05-04,0.4344,0.672,-0.068,-0.0977,0.0622,0.1724,1.6541,1.0029
2015-05-05,0.4344,0.6721,-0.068,-0.0978,0.0622,0.1724,1.6543,1.0029
2015-05-06,0.1911,0.6769,-0.068,-0.1006,0.0622,0.1724,1.4188,0.7615
2015-05-07,0.1911,0.6866,-0.068,-0.0986,0.0622,0.1724,1.4265,0.7733
2015-05-08,0.1911,0.6883,-0.068,-0.0985,0.0622,0.1724,1.4282,0.775
2015-05-11,0.1911,0.6884,-0.068,-0.0984,0.0622,0.1724,1.4282,0.7752
2015-05-12,0.1911,0.6884,-0.068,-0.0984,0.0622,0.1724,1.4284,0.7753
2015-05-13,0.1911,0.6885,-0.068,-0.0985,0.0622,0.1724,1.4285,0.7753
2015-05-14,0.1911,0.6886,-0.068,-0.0986,0.0622,0.1724,1.4288,0.7752
2015-05-15,0.1911,0.6886,-0.068,-0.0985,0.0622,0.1724,1.4289,0.7754
2015-05-18,0.1911,0.6887,-0.068,-0.0985,0.0622,0.1724,1.429,0.7755
2015-05-19,0.1911,0.6817,-0.068,-0.0984,0.0622,0.1724,1.4219,0.7686
2015-05-20,0.1911,0.6807,-0.068,-0.0984,0.0622,0.1724,1.421,0.7676
2015-05-21,0.1911,0.6807,-0.068,-0.0983,0.0622,0.1724,1.421,0.7678
2015-05-22,0.191,0.6808,-0.068,-0.0983,0.0622,0.1724,1.4212,0.7678
2015-05-26,0.191,0.6768,-0.068,-0.0985,0.0622,0.1724,1.4175,0.7636
2015-05-27,0.191,1.2016,-0.068,-0.0985,0.0622,0.1724,1.9423,1.2883
2015-05-28,0.191,1.1943,-0.068,-0.0985,0.0622,0.1724,1.9351,1.281
2015-05-29,0.4343,1.1944,-0.068,-0.0987,0.0622,0.1724,2.1787,1.5242
2015-06-01,0.4351,0.669,-0.0679,-0.0987,0.0621,0.173,1.6541,0.9995
2015-06-02,0.4037,0.6138,-0.0768,-0.1185,0.0621,0.173,1.6361,0.8842
2015-06-03,0.4037,0.6138,-0.0769,-0.1186,0.0621,0.173,1.6364,0.8842
2015-06-04,0.1599,0.6138,-0.0769,-0.1185,0.0621,0.173,1.3925,0.6404
2015-06-05,0.1599,0.6137,-0.0769,-0.1185,0.0621,0.173,1.3926,0.6403
2015-06-08,0.1599,0.6137,-0.0769,-0.1186,0.0621,0.173,1.3928,0.6401
2015-06-09,0.1599,0.6136,-0.0769,-0.1186,0.0621,0.173,1.3929,0.64
2015-06-10,0.1599,0.6135,-0.077,-0.1266,0.0621,0.173,1.401,0.632
2015-06-11,0.1599,0.6135,-0.077,-0.1219,0.0621,0.173,1.3963,0.6366
2015-06-12,0.1599,0.6134,-0.077,-0.1221,0.0621,0.173,1.3966,0.6364
2015-06-15,0.1599,0.6118,-0.077,-0.122,0.0621,0.173,1.395,0.6347
2015-06-16,0.1599,0.6117,-0.077,-0.1218,0.0621,0.173,1.3949,0.6348
2015-06-17,0.1599,0.6116,-0.0771,-0.1214,0.0621,0.173,1.3945,0.6352
2015-06-18,0.1599,0.6116,-0.0771,-0.1208,0.0621,0.173,1.394,0.6357
2015-06-19,0.1599,0.6115,-0.0771,-0.1204,0.0621,0.173,1.3937,0.636
2015-06-22,0.1599,0.6115,-0.0771,-0.1201,0.0621,0.173,1.3935,0.6362
2015-06-23,0.1599,0.6114,-0.0771,-0.1198,0.0621,0.173,1.3932,0.6364
2015-06-24,0.1599,0.6114,-0.0772,-0.1195,0.0621,0.173,1.393,0.6366
2015-06-25,0.1599,0.6113,-0.0772,-0.1185,0.0621,0.173,1.3921,0.6376
2015-06-26,0.1599,1.1382,-0.0772,-0.1181,0.0621,0.173,1.9188,1.1648
2015-06-29,0.1599,1.1381,-0.0772,-0.1179,0.0621,0.173,1.9186,1.165
2015-06-30,0.4037,1.1381,-0.0773,-0.1178,0.0621,0.173,2.1624,1.4088
2015-07-01,0.4101,0.6066,-0.0782,-0.1191,0.0063,0.1758,1.5885,0.8256
2015-07-02,0.4183,0.4916,-0.0869,-0.1225,0.0578,0.1758,1.7708,0.7584
2015-07-06,0.4183,0.4916,-0.0869,-0.1221,0.0578,0.1758,1.7704,0.7587
2015-07-07,0.1703,0.4915,-0.0869,-0.1217,0.0578,0.1758,1.522,0.5111
2015-07-08,0.1703,0.4915,-0.0869,-0.1216,0.0578,0.1758,1.5219,0.5111
2015-07-09,0.1703,0.4914,-0.0869,-0.1218,0.0578,0.1758,1.5222,0.5108
2015-07-10,0.1703,0.4914,-0.0869,-0.1221,0.0063,0.1758,1.471,0.459
2015-07-13,0.1703,0.4909,-0.087,-0.1224,0.0063,0.1758,1.4708,0.4582
2015-07-14,0.1703,0.4908,-0.087,-0.1224,0.0487,0.1758,1.5133,0.5006
2015-07-15,0.1703,0.4908,-0.087,-0.1221,0.0487,0.1758,1.5131,0.5008
2015-07-16,0.1703,0.4907,-0.087,-0.1219,0.0487,0.1758,1.5135,0.501
2015-07-17,0.1704,0.4907,-0.087,-0.1243,0.0487,0.1758,1.5145,0.4985
2015-07-20,0.1704,0.4907,-0.087,-0.1242,0.0487,0.1758,1.5145,0.4985
2015-07-21,0.1704,0.4906,-0.0871,-0.1239,0.0489,0.1758,1.5144,0.499
2015-07-22,0.1704,0.4906,-0.0871,-0.1236,0.0505,0.1758,1.5158,0.5007
2015-07-23,0.1704,0.4905,-0.0871,-0.1237,0.0522,0.1758,1.5175,0.5023
2015-07-24,0.1704,0.4905,-0.0871,-0.1239,0.0539,0.1758,1.5194,0.5037
2015-07-27,0.1704,0.4904,-0.0871,-0.1236,0.0554,0.1758,1.5207,0.5054
2015-07-28,0.1704,0.4904,-0.0871,-0.1237,0.0558,0.1758,1.5213,0.5057
2015-07-29,0.1704,1.0181,-0.0872,-0.1236,0.0558,0.1758,2.0489,1.0336
2015-07-30,0.1704,1.0181,-0.0872,-0.1238,0.0558,0.1758,2.0492,1.0334
2015-07-31,0.4184,1.0218,-0.0872,-0.1237,0.0558,0.1758,2.3009,1.2851
2015-08-03,0.4225,0.5008,-0.0878,-0.1243,0.0562,0.1774,1.7899,0.7673
2015-08-04,0.4149,0.5444,-0.0826,-0.1347,0.058,0.1774,1.7053,0.8001
2015-08-05,0.4149,0.5444,-0.0826,-0.1345,0.0597,0.1774,1.7067,0.802
2015-08-06,0.1642,0.5444,-0.0825,-0.1343,0.0615,0.1774,1.4576,0.5532
2015-08-07,0.1642,0.5447,-0.0825,-0.1341,0.0619,0.1774,1.4582,0.5541
2015-08-10,0.1642,0.5452,-0.0825,-0.1345,0.0619,0.1774,1.4591,0.5543
2015-08-11,0.1642,0.5452,-0.0825,-0.1348,0.0619,0.1774,1.4594,0.5539
2015-08-12,0.1642,0.5451,-0.0825,-0.1353,0.0619,0.1774,1.4597,0.5535
2015-08-13,0.1642,0.5451,-0.0824,-0.1357,0.0619,0.1774,1.4598,0.5531
2015-08-14,0.1642,0.5451,-0.0824,-0.1351,0.0619,0.1774,1.4583,0.5536
2015-08-17,0.1642,0.545,-0.0824,-0.135,0.0619,0.1774,1.4582,0.5537
2015-08-18,0.1642,0.545,-0.0824,-0.1351,0.0619,0.1774,1.4583,0.5536
2015-08-19,0.1642,0.545,-0.0824,-0.1354,0.0619,0.1774,1.4586,0.5532
2015-08-20,0.1642,0.5486,-0.0823,-0.1358,0.0619,0.1774,1.4627,0.5566
2015-08-21,0.1642,0.5486,-0.0823,-0.1351,0.0619,0.1774,1.462,0.5572
2015-08-24,0.1642,0.5486,-0.0823,-0.1349,0.0062,0.1774,1.4061,0.5018
2015-08-25,0.1642,0.5491,-0.0823,-0.134,0.0062,0.1774,1.4059,0.5032
2015-08-26,0.1642,0.55,-0.0823,-0.1334,0.0062,0.1774,1.406,0.5047
2015-08-27,0.1642,1.0827,-0.0823,-0.1331,0.0061,0.1774,1.9384,1.0376
2015-08-28,0.1642,1.0826,-0.0822,-0.1341,0.0061,0.1774,1.9394,1.0365
2015-08-31,0.4149,1.0826,-0.0822,-0.1338,0.0061,0.1774,2.1899,1.2875
2015-09-01,0.4118,0.5477,-0.0818,-0.1333,0.0059,0.1735,1.6488,0.7503
2015-09-02,0.3534,0.469,-0.0783,-0.1446,0.0059,0.1735,1.6792,0.6054
2015-09-03,0.3533,0.4692,-0.0783,-0.14,0.0059,0.1735,1.6747,0.6101
2015-09-04,0.1027,0.4725,-0.0783,-0.1398,0.0313,0.1735,1.4526,0.3884
2015-09-08,0.1027,0.4753,-0.0782,-0.1396,0.0323,0.1735,1.4562,0.3924
2015-09-09,0.1026,0.4753,-0.0782,-0.1396,0.0328,0.1735,1.4567,0.393
2015-09-10,0.1026,0.4753,-0.0781,-0.1415,0.0328,0.1735,1.4585,0.3911
2015-09-11,0.1025,0.4829,-0.0781,-0.1415,0.0328,0.1735,1.4662,0.3986
2015-09-14,0.1025,0.4874,-0.0781,-0.1417,0.0334,0.1735,1.4716,0.4035
2015-09-15,0.1024,0.489,-0.078,-0.1419,0.0343,0.1735,1.4741,0.4058
2015-09-16,0.1024,0.4915,-0.078,-0.1421,0.0058,0.1735,1.4484,0.3796
2015-09-17,0.1023,0.4915,-0.0779,-0.1422,0.0336,0.1735,1.4762,0.4074
2015-09-18,0.1023,0.4915,-0.0779,-0.1423,0.0338,0.1735,1.4766,0.4074
2015-09-21,0.1023,0.4891,-0.0779,-0.1424,0.0057,0.1735,1.4461,0.3769
2015-09-22,0.1022,0.4846,-0.0778,-0.1423,0.0331,0.1735,1.4689,0.3998
2015-09-23,0.1022,0.4819,-0.0778,-0.1421,0.0331,0.1735,1.4659,0.3973
2015-09-24,0.1021,0.479,-0.0777,-0.1419,0.0332,0.1735,1.4629,0.3947
2015-09-25,0.1021,0.479,-0.0777,-0.142,0.0342,0.1735,1.4639,0.3956
2015-09-28,0.102,1.0112,-0.0777,-0.1421,0.0057,0.1735,1.9677,0.8991
2015-09-29,0.102,1.0111,-0.0776,-0.1421,0.0364,0.1735,1.9984,0.9298
2015-09-30,0.3525,1.0111,-0.0776,-0.1422,0.0056,0.1735,2.2182,1.1495
2015-10-01,0.3512,0.4799,-0.0777,-0.1424,0.0056,0.1735,1.6876,0.6166
2015-10-02,0.2326,0.8731,-0.0791,-0.1333,0.0381,0.1735,1.8207,0.9314
2015-10-05,0.2326,0.8731,-0.0791,-0.1335,0.0392,0.1735,1.8221,0.9323
2015-10-06,-0.0169,0.8731,-0.0791,-0.1335,0.0394,0.1735,1.5728,0.6831
2015-10-07,-0.0169,0.8731,-0.0791,-0.1335,0.0395,0.1735,1.5728,0.6831
2015-10-08,-0.017,0.8731,-0.079,-0.1335,0.0408,0.1735,1.574,0.6843
2015-10-09,-0.0171,0.8731,-0.079,-0.1335,0.0419,0.1735,1.5752,0.6854
2015-10-12,-0.0172,0.8731,-0.079,-0.1336,0.0424,0.1735,1.5758,0.6857
2015-10-13,-0.0172,0.8738,-0.079,-0.1336,0.0438,0.1735,1.5779,0.6878
2015-10-14,-0.0173,0.875,-0.079,-0.1336,0.0438,0.1735,1.5792,0.6889
2015-10-15,-0.0174,0.8783,-0.0789,-0.1337,0.0438,0.1735,1.5826,0.692
2015-10-16,-0.0175,0.8785,-0.0789,-0.1341,0.0445,0.1735,1.5841,0.6925
2015-10-19,-0.0175,0.8792,-0.0789,-0.1342,0.0445,0.1735,1.585,0.6931
2015-10-20,-0.0176,0.8805,-0.0789,-0.1345,0.0452,0.1735,1.5872,0.6948
2015-10-21,-0.0177,0.8831,-0.0788,-0.1348,0.0452,0.1735,1.5902,0.6969
2015-10-22,-0.0178,0.8836,-0.0788,-0.1352,0.0452,0.1735,1.5911,0.697
2015-10-23,-0.0178,0.8836,-0.0788,-0.1359,0.0452,0.1735,1.5919,0.6962
2015-10-26,-0.0179,0.8894,-0.0788,-0.1351,0.0452,0.1735,1.597,0.7028
2015-10-27,-0.018,0.8894,-0.0788,-0.1346,0.0452,0.1735,1.5965,0.7032
2015-10-28,-0.0181,1.4228,-0.0787,-0.1341,0.0452,0.1735,2.1295,1.2371
2015-10-29,-0.0181,1.4238,-0.0787,-0.134,0.046,0.1735,2.1313,1.2389
2015-10-30,0.2311,1.4245,-0.0787,-0.1339,0.0472,0.1735,2.3801,1.4903
2015-11-02,0.3848,0.8917,-0.0786,-0.1338,0.0483,0.1739,2.0019,1.1124
2015-11-03,0.5371,0.5767,-0.0849,-0.1299,0.0496,0.1739,1.8453,0.9486
2015-11-04,0.5372,0.5767,-0.0849,-0.13,0.0498,0.1739,1.8457,0.9487
2015-11-05,0.2877,0.5767,-0.0849,-0.1302,0.051,0.1739,1.5976,0.7002
2015-11-06,0.2876,0.5767,-0.0849,-0.1304,0.0517,0.1739,1.5985,0.7007
2015-11-09,0.2876,0.5811,-0.0849,-0.1307,0.0532,0.1739,1.6046,0.7062
2015-11-10,0.2876,0.5811,-0.0849,-0.1312,0.0546,0.1739,1.6066,0.7072
2015-11-11,0.2876,0.5811,-0.0849,-0.1313,0.0546,0.1739,1.6067,0.7072
2015-11-12,0.2876,0.5811,-0.0849,-0.1313,0.0549,0.1739,1.6069,0.7074
2015-11-13,0.2876,0.5821,-0.0849,-0.1315,0.0561,0.1739,1.6093,0.7094
2015-11-16,0.2876,0.5831,-0.0849,-0.1315,0.0561,0.1739,1.6104,0.7104
2015-11-17,0.2876,0.5831,-0.0849,-0.1315,0.0561,0.1739,1.6104,0.7104
2015-11-18,0.2876,0.5849,-0.0849,-0.1319,0.0561,0.1739,1.6125,0.7118
2015-11-19,0.2876,0.588,-0.0849,-0.1321,0.0561,0.1739,1.6159,0.7146
2015-11-20,0.2876,0.5975,-0.0849,-0.1318,0.0558,0.1739,1.6248,0.7242
2015-11-23,0.2876,0.5975,-0.0849,-0.1316,0.0558,0.1739,1.6246,0.7244
2015-11-24,0.2876,0.6039,-0.0849,-0.1315,0.0558,0.1739,1.6309,0.7308
2015-11-25,0.2876,1.14,-0.0849,-0.1314,0.0558,0.1739,2.1669,1.2672
2015-11-27,0.2876,1.1466,-0.0849,-0.1314,0.0558,0.1739,2.1735,1.2737
2015-11-30,0.5371,1.1494,-0.0848,-0.1313,0.0558,0.1739,2.4256,1.5261
2015-12-01,0.548,0.6379,-0.0865,-0.1338,0.0562,0.1777,1.9382,1.0218
2015-12-02,0.5568,0.5936,-0.0827,-0.1319,0.0562,0.1777,2.2106,0.9919
2015-12-03,0.5568,0.5929,-0.0827,-0.1318,0.0562,0.1777,2.2098,0.9914
2015-12-04,0.3021,0.5929,-0.0828,-0.1316,0.0562,0.1777,1.955,0.7368
2015-12-07,0.3021,0.5449,-0.0828,-0.1276,0.0562,0.1777,1.903,0.6929
2015-12-08,0.3021,0.5388,-0.0828,-0.1275,0.0562,0.1777,1.8967,0.6868
2015-12-09,0.3021,0.5319,-0.0828,-0.1275,0.0562,0.1777,1.8899,0.6799
2015-12-10,0.3021,0.5319,-0.0828,-0.1275,0.0562,0.1777,1.8899,0.6799
2015-12-11,0.3021,0.5319,-0.0828,-0.1278,0.0562,0.1777,1.8902,0.6796
2015-12-14,0.3021,0.5319,-0.0828,-0.1278,0.0562,0.1777,1.8903,0.6796
2015-12-15,0.3021,0.5256,-0.0829,-0.1278,0.0056,0.1777,1.8335,0.6226
2015-12-16,0.3021,0.5162,-0.0829,-0.1278,0.0422,0.1777,1.8607,0.6498
2015-12-17,0.3021,0.5162,-0.0829,-0.1278,0.0426,0.1777,1.8612,0.6502
2015-12-18,0.3022,0.5162,-0.0829,-0.128,0.0426,0.1777,1.8614,0.6501
2015-12-21,0.3022,0.5162,-0.0829,-0.14,0.0427,0.1777,1.8736,0.6382
2015-12-22,0.3022,0.5162,-0.0829,-0.1403,0.0427,0.1777,1.8739,0.6379
2015-12-23,0.3022,0.5162,-0.0829,-0.1407,0.0427,0.1777,1.8744,0.6375
2015-12-24,0.3022,0.5162,-0.083,-0.141,0.0427,0.1777,1.8748,0.6371
2015-12-28,0.3022,0.5162,-0.083,-0.1415,0.0437,0.1777,1.8762,0.6377
2015-12-29,0.3022,1.0609,-0.083,-0.1419,0.045,0.1777,2.4227,1.1833
2015-12-30,0.3022,1.0609,-0.083,-0.1536,0.0464,0.1777,2.4359,1.173
2015-12-31,0.5569,1.0609,-0.083,-0.1443,0.0478,0.1777,2.6827,1.4383
2016-01-04,0.5627,0.522,-0.0837,-0.1451,0.0485,0.1801,2.1593,0.9045
2016-01-05,0.5425,0.5753,-0.0863,-0.156,0.0497,0.1801,2.0817,0.9253
2016-01-06,0.5424,0.5753,-0.0863,-0.156,0.0497,0.1801,2.0817,0.9252
2016-01-07,0.2846,0.5761,-0.0863,-0.156,0.0498,0.1801,1.8241,0.6683
2016-01-08,0.2846,0.5761,-0.0863,-0.156,0.051,0.1801,1.8253,0.6694
2016-01-11,0.2846,0.5761,-0.0863,-0.1552,0.0055,0.1801,1.779,0.6247
2016-01-12,0.2846,0.5761,-0.0863,-0.1552,0.0055,0.1801,1.779,0.6247
2016-01-13,0.2846,0.5761,-0.0863,-0.1552,0.0477,0.1801,1.8212,0.6669
2016-01-14,0.2846,0.5761,-0.0863,-0.1554,0.0477,0.1801,1.8213,0.6668
2016-01-15,0.2846,0.5762,-0.0863,-0.1555,0.0054,0.1801,1.7791,0.6245
2016-01-19,0.2846,0.5762,-0.0863,-0.1557,0.0054,0.1801,1.7793,0.6242
2016-01-20,0.2846,0.5745,-0.0862,-0.1559,0.0054,0.1801,1.7812,0.6223
2016-01-21,0.2846,0.5745,-0.0862,-0.1564,0.0442,0.1801,1.8205,0.6606
2016-01-22,0.2846,0.5745,-0.0862,-0.157,0.0456,0.1801,1.8224,0.6614
2016-01-25,0.2846,0.5745,-0.0862,-0.1587,0.0469,0.1801,1.8254,0.661
2016-01-26,0.2846,0.5745,-0.0862,-0.1588,0.0469,0.1801,1.8255,0.6609
2016-01-27,0.2846,1.1253,-0.0862,-0.1589,0.0469,0.1801,2.345,1.2117
2016-01-28,0.2846,1.1253,-0.0862,-0.1684,0.0469,0.1801,2.3545,1.2022
2016-01-29,0.5424,1.1277,-0.0862,-0.1616,0.0469,0.1801,2.6079,1.4692
2016-02-01,0.5397,0.5779,-0.0863,-0.1622,0.0465,0.1791,2.087,0.9157
2016-02-02,0.3809,0.9137,-0.0796,-0.1696,0.0465,0.1791,2.0971,1.0918
2016-02-03,0.3808,0.9144,-0.0796,-0.1694,0.0474,0.1791,2.097,1.0936
2016-02-04,0.1236,0.9144,-0.0796,-0.1694,0.0474,0.1791,1.8398,0.8365
2016-02-05,0.1236,0.9144,-0.0796,-0.1677,0.048,0.1791,1.8387,0.8387
2016-02-08,0.1235,0.9144,-0.0796,-0.1671,0.0496,0.1791,1.8396,0.8408
2016-02-09,0.1234,0.9145,-0.0796,-0.1672,0.0505,0.1791,1.8405,0.8416
2016-02-10,0.1233,0.8949,-0.0796,-0.1671,0.0053,0.1791,1.7815,0.7768
2016-02-11,0.1233,0.891,-0.0796,-0.1665,0.0527,0.1791,1.8243,0.8208
2016-02-12,0.1232,0.891,-0.0796,-0.1665,0.0544,0.1791,1.8259,0.8225
2016-02-16,0.1231,0.89,-0.0796,-0.1666,0.0053,0.1791,1.7758,0.7722
2016-02-17,0.123,0.8612,-0.0796,-0.1666,0.0535,0.1791,1.7952,0.7916
2016-02-18,0.123,0.8608,-0.0796,-0.1664,0.0535,0.1791,1.7954,0.7913
2016-02-19,0.1229,0.8608,-0.0796,-0.1664,0.0535,0.1791,1.7953,0.7912
2016-02-22,0.1228,0.8608,-0.0796,-0.1664,0.0548,0.1791,1.7966,0.7924
2016-02-23,0.1227,0.8608,-0.0796,-0.1665,0.0558,0.1791,1.7976,0.7933
2016-02-24,0.1227,0.8608,-0.0796,-0.1665,0.0558,0.1791,1.7975,0.7932
2016-02-25,0.1226,1.413,-0.0796,-0.1665,0.0558,0.1791,2.2578,1.3453
2016-02-26,0.1225,1.413,-0.0796,-0.1665,0.0561,0.1791,2.2581,1.3455
2016-02-29,0.3795,1.413,-0.0796,-0.1665,0.0568,0.1791,2.5157,1.6033
2016-03-01,0.3813,0.8659,-0.0798,-0.1668,0.0585,0.1798,2.0664,1.0591
2016-03-02,0.3618,0.8507,-0.0545,-0.1233,0.0601,0.1798,2.1847,1.0949
2016-03-03,0.3618,0.8479,-0.0545,-0.1237,0.0601,0.1798,2.182,1.0915
2016-03-04,0.1031,0.8474,-0.0545,-0.1242,0.0601,0.1798,1.923,0.8319
2016-03-07,0.103,0.8474,-0.0545,-0.1243,0.0601,0.1798,1.9231,0.8317
2016-03-08,0.103,0.8474,-0.0545,-0.1247,0.0601,0.1798,1.9234,0.8313
2016-03-09,0.1029,0.8474,-0.0545,-0.125,0.0611,0.1798,1.9246,0.832
2016-03-10,0.1028,0.8474,-0.0544,-0.1256,0.0611,0.1798,1.9248,0.8314
2016-03-11,0.1028,0.8474,-0.0544,-0.1261,0.0611,0.1798,1.925,0.8308
2016-03-14,0.1027,0.8475,-0.0544,-0.1252,0.0611,0.1798,1.9252,0.8316
2016-03-15,0.1027,0.8475,-0.0544,-0.1252,0.0611,0.1798,1.9251,0.8316
2016-03-16,0.1026,0.8482,-0.0544,-0.1252,0.0611,0.1798,1.9257,0.8322
2016-03-17,0.1025,0.8511,-0.0544,-0.1252,0.0611,0.1798,1.9286,0.8351
2016-03-18,0.1025,0.8528,-0.0544,-0.1255,0.0611,0.1798,1.9299,0.8364
2016-03-21,0.1024,0.8535,-0.0544,-0.1255,0.0611,0.1798,1.9307,0.8371
2016-03-22,0.1023,0.8548,-0.0544,-0.1256,0.0611,0.1798,1.9318,0.8382
2016-03-23,0.1023,0.8548,-0.0544,-0.1257,0.0611,0.1798,1.9317,0.8381
2016-03-24,0.1022,0.8575,-0.0544,-0.1258,0.0611,0.1798,1.9342,0.8406
2016-03-28,0.1021,0.8575,-0.0544,-0.1259,0.0611,0.1798,1.9341,0.8405
2016-03-29,0.1021,1.4133,-0.0543,-0.1261,0.0611,0.1798,2.4897,1.396
2016-03-30,0.102,1.4168,-0.0543,-0.1358,0.0611,0.1798,2.5025,1.3898
2016-03-31,0.3605,1.4168,-0.0543,-0.1291,0.0611,0.1798,2.7543,1.655
2016-04-01,0.3637,0.8682,-0.0543,-0.1289,0.0612,0.1815,2.2117,1.1099
2016-04-04,0.5366,0.7552,-0.0541,-0.0164,0.0612,0.1815,2.1738,1.2825
2016-04-05,0.5366,0.7552,-0.0541,-0.0166,0.0612,0.1815,2.1745,1.2823
2016-04-06,0.2761,0.7593,-0.0541,-0.0172,0.0612,0.1815,1.9184,1.0254
2016-04-07,0.2761,0.7592,-0.0541,-0.0177,0.0612,0.1815,1.9187,1.0248
2016-04-08,0.2761,0.7592,-0.0541,-0.0183,0.0612,0.1815,1.919,1.0242
2016-04-11,0.2761,0.7592,-0.0541,-0.0189,0.0612,0.1815,1.9194,1.0236
2016-04-12,0.2761,0.7592,-0.0541,-0.0195,0.0612,0.1815,1.9197,1.0229
2016-04-13,0.2761,0.7599,-0.0541,-0.0202,0.0612,0.1815,1.9208,1.0231
2016-04-14,0.2761,0.7599,-0.0541,-0.0207,0.0612,0.1815,1.921,1.0225
2016-04-15,0.2761,0.7611,-0.0541,-0.0187,0.0612,0.1815,1.9209,1.0257
2016-04-18,0.2761,0.7635,-0.0541,-0.0186,0.0612,0.1815,1.9233,1.0281
2016-04-19,0.2761,0.7639,-0.0541,-0.0186,0.0612,0.1815,1.9238,1.0286
2016-04-20,0.2761,0.7746,-0.0541,-0.0186,0.0612,0.1815,1.9344,1.0392
2016-04-21,0.2761,0.7872,-0.0541,-0.0186,0.0612,0.1815,1.947,1.0518
2016-04-22,0.2761,0.79,-0.0541,-0.0177,0.0612,0.1815,1.9493,1.0555
2016-04-25,0.2761,0.801,-0.0541,-0.0177,0.0612,0.1815,1.9603,1.0665
2016-04-26,0.2761,0.8053,-0.0541,-0.0175,0.0612,0.1815,1.9648,1.071
2016-04-27,0.2761,1.3707,-0.0541,-0.0254,0.0612,0.1815,2.5222,1.6285
2016-04-28,0.2761,1.3787,-0.0541,-0.0168,0.0612,0.1815,2.5389,1.6451
2016-04-29,0.5365,1.3786,-0.0541,-0.0171,0.0612,0.1815,2.799,1.9052
2016-05-02,0.3795,0.8202,-0.0541,-0.0172,0.0607,0.1821,2.0829,1.1891
2016-05-03,0.3794,0.7871,-0.0425,-0.0918,0.0607,0.1821,2.1516,1.0929
2016-05-04,0.3794,0.7871,-0.0425,-0.0925,0.0607,0.1821,2.1524,1.0921
2016-05-05,0.1182,0.7871,-0.0425,-0.0932,0.0607,0.1821,1.8919,0.8303
2016-05-06,0.1182,0.787,-0.0425,-0.0943,0.0607,0.1821,1.8931,0.8291
2016-05-09,0.1182,0.787,-0.0425,-0.0936,0.0607,0.1821,1.8926,0.8298
2016-05-10,0.1182,0.787,-0.0426,-0.0935,0.0607,0.1821,1.8926,0.8298
2016-05-11,0.1182,0.787,-0.0426,-0.0934,0.0607,0.1821,1.8926,0.8298
2016-05-12,0.1182,0.787,-0.0426,-0.0936,0.0607,0.1821,1.8924,0.8297
2016-05-13,0.1182,0.787,-0.0426,-0.0935,0.0607,0.1821,1.8924,0.8297
2016-05-16,0.1182,0.7869,-0.0426,-0.0934,0.0607,0.1821,1.8923,0.8297
2016-05-17,0.1182,0.7869,-0.0427,-0.0934,0.0607,0.1821,1.8924,0.8297
2016-05-18,0.1181,0.7869,-0.0427,-0.0936,0.0607,0.1821,1.8925,0.8295
2016-05-19,0.1181,0.7869,-0.0427,-0.0942,0.0607,0.1821,1.8928,0.8289
2016-05-20,0.1181,0.7693,-0.0427,-0.094,0.0607,0.1821,1.8753,0.8114
2016-05-23,0.1181,0.7693,-0.0427,-0.094,0.0607,0.1821,1.8753,0.8113
2016-05-24,0.1181,0.7692,-0.0427,-0.0944,0.0607,0.1821,1.8757,0.811
2016-05-25,0.1181,0.7692,-0.0428,-0.095,0.0607,0.1821,1.8761,0.8103
2016-05-26,0.1181,1.3298,-0.0428,-0.0952,0.0607,0.1821,2.437,1.3706
2016-05-27,0.1181,1.3298,-0.0428,-0.0954,0.0607,0.1821,2.4373,1.3704
2016-05-31,0.3793,1.3298,-0.0428,-0.0957,0.0607,0.1821,2.6987,1.6313
2016-06-01,0.3807,0.7714,-0.0429,-0.0956,0.0605,0.1829,2.1426,1.0742
2016-06-02,0.3946,0.7253,-0.0615,-0.1036,0.0605,0.1829,2.0358,1.0155
2016-06-03,0.3946,0.7309,-0.0615,-0.1033,0.0605,0.1829,2.0416,1.0213
2016-06-06,0.1324,0.7308,-0.0615,-0.103,0.0605,0.1829,1.7796,0.7592
2016-06-07,0.1324,0.6682,-0.0615,-0.0983,0.0605,0.1829,1.7163,0.7013
2016-06-08,0.1324,0.668,-0.0615,-0.0982,0.0605,0.1829,1.716,0.7012
2016-06-09,0.1323,0.6679,-0.0615,-0.0982,0.0605,0.1829,1.716,0.7011
2016-06-10,0.1323,0.6679,-0.0615,-0.0982,0.0605,0.1829,1.716,0.7011
2016-06-13,0.1323,0.6678,-0.0615,-0.0982,0.0605,0.1829,1.7159,0.701
2016-06-14,0.1323,0.6677,-0.0615,-0.0982,0.0605,0.1829,1.7159,0.7009
2016-06-15,0.1323,0.6677,-0.0615,-0.1056,0.0605,0.1829,1.7169,0.6934
2016-06-16,0.1323,0.6676,-0.0615,-0.0992,0.0605,0.1829,1.7148,0.6997
2016-06-17,0.1323,0.6676,-0.0615,-0.0993,0.0605,0.1829,1.7153,0.6995
2016-06-20,0.1323,0.6675,-0.0615,-0.0994,0.0605,0.1829,1.7158,0.6994
2016-06-21,0.1323,0.6674,-0.0615,-0.0996,0.0605,0.1829,1.7162,0.6992
2016-06-22,0.1323,0.6674,-0.0615,-0.1003,0.0605,0.1829,1.7166,0.6984
2016-06-23,0.1323,0.6673,-0.0615,-0.1004,0.0605,0.1829,1.7174,0.6981
2016-06-24,0.1323,0.6672,-0.0615,-0.1008,0.0052,0.1829,1.6625,0.6423
2016-06-27,0.1323,0.6672,-0.0615,-0.1013,0.0515,0.1829,1.7094,0.6881
2016-06-28,0.1323,1.1214,-0.0615,-0.0991,0.0051,0.1829,2.1177,1.0982
2016-06-29,0.1323,1.0837,-0.0616,-0.0992,0.0051,0.1829,2.0788,1.0603
2016-06-30,0.3945,1.0836,-0.0616,-0.0992,0.0306,0.1829,2.3666,1.3479
2016-07-01,0.3954,0.5182,-0.0611,-0.0988,0.0307,0.1826,1.8005,0.7843
2016-07-05,0.3682,0.5669,-0.0434,-0.0788,0.0315,0.1826,1.5895,0.8445
2016-07-06,0.3682,0.5668,-0.0434,-0.0788,0.0324,0.1826,1.5902,0.8453
2016-07-07,0.1049,0.5666,-0.0434,-0.0788,0.0334,0.1826,1.3276,0.5828
2016-07-08,0.1049,0.5665,-0.0434,-0.0788,0.0344,0.1826,1.3284,0.5836
2016-07-11,0.1049,0.5665,-0.0434,-0.0793,0.0355,0.1826,1.3296,0.5842
2016-07-12,0.1049,0.5664,-0.0433,-0.0794,0.0356,0.1826,1.3295,0.5842
2016-07-13,0.1049,0.5664,-0.0433,-0.0799,0.0367,0.1826,1.3308,0.5848
2016-07-14,0.1049,0.5663,-0.0433,-0.0801,0.0379,0.1826,1.3316,0.5857
2016-07-15,0.1049,0.5655,-0.0433,-0.0802,0.0391,0.1826,1.3318,0.586
2016-07-18,0.105,0.5646,-0.0433,-0.0803,0.0403,0.1826,1.332,0.5863
2016-07-19,0.105,0.5645,-0.0433,-0.0804,0.0416,0.1826,1.3331,0.5875
2016-07-20,0.105,0.5645,-0.0433,-0.081,0.043,0.1826,1.3346,0.5881
2016-07-21,0.105,0.5644,-0.0433,-0.0814,0.0443,0.1826,1.3361,0.589
2016-07-22,0.105,0.5644,-0.0433,-0.0821,0.0455,0.1826,1.3376,0.5894
2016-07-25,0.105,0.5643,-0.0433,-0.0828,0.0463,0.1826,1.3386,0.5895
2016-07-26,0.105,0.5681,-0.0433,-0.0833,0.0477,0.1826,1.3439,0.5941
2016-07-27,0.105,1.1412,-0.0433,-0.0834,0.0492,0.1826,1.9183,1.1687
2016-07-28,0.105,1.1521,-0.0433,-0.0834,0.0508,0.1826,1.9304,1.1812
2016-07-29,0.3684,1.1521,-0.0433,-0.0831,0.0522,0.1826,2.1948,1.4463
2016-08-01,0.3696,0.591,-0.0433,-0.0828,0.0539,0.1832,1.6364,0.8885
2016-08-02,0.4251,0.5808,-0.0084,-0.0046,0.0551,0.1832,1.6783,1.048
2016-08-03,0.4251,0.5808,-0.0083,-0.0046,0.0568,0.1832,1.6799,1.0497
2016-08-04,0.1609,0.5838,-0.0083,-0.0046,0.0568,0.1832,1.4188,0.7885
2016-08-05,0.1609,0.5995,-0.0083,-0.0047,0.058,0.1832,1.4347,0.8054
2016-08-08,0.1609,0.6005,-0.0083,-0.0053,0.0595,0.1832,1.4378,0.8072
2016-08-09,0.1609,0.6004,-0.0083,-0.0053,0.06,0.1832,1.4382,0.8077
2016-08-10,0.1609,0.6004,-0.0083,-0.0055,0.06,0.1832,1.4382,0.8075
2016-08-11,0.1609,0.6004,-0.0083,-0.0057,0.06,0.1832,1.438,0.8073
2016-08-12,0.1608,0.6007,-0.0083,-0.0057,0.06,0.1832,1.4383,0.8076
2016-08-15,0.1608,0.6007,-0.0083,-0.0058,0.06,0.1832,1.4383,0.8075
2016-08-16,0.1608,0.6006,-0.0083,-0.006,0.06,0.1832,1.438,0.8072
2016-08-17,0.1608,0.6005,-0.0083,-0.0062,0.06,0.1832,1.4378,0.8069
2016-08-18,0.1608,0.601,-0.0083,-0.0062,0.06,0.1832,1.4383,0.8073
2016-08-19,0.1608,0.6009,-0.0083,-0.0061,0.06,0.1832,1.4382,0.8073
2016-08-22,0.1608,0.6018,-0.0083,-0.0059,0.06,0.1832,1.4388,0.8084
2016-08-23,0.1608,0.6024,-0.0083,-0.0054,0.06,0.1832,1.439,0.8095
2016-08-24,0.1608,0.6023,-0.0083,-0.0054,0.06,0.1832,1.4389,0.8094
2016-08-25,0.1608,0.603,-0.0083,-0.0055,0.06,0.1832,1.4395,0.8099
2016-08-26,0.1608,0.6087,-0.0083,-0.0053,0.06,0.1832,1.4455,0.8159
2016-08-29,0.1608,1.1774,-0.0083,-0.0052,0.06,0.1832,2.0144,1.3847
2016-08-30,0.1607,1.178,-0.0083,-0.0051,0.06,0.1832,2.0149,1.3854
2016-08-31,0.4249,1.178,-0.0083,-0.0047,0.06,0.1832,2.2789,1.6499
2016-09-01,0.4226,0.6079,-0.0082,-0.0051,0.0595,0.1822,1.7009,1.0769
2016-09-02,0.5103,0.5827,-0.0149,-0.0258,0.0595,0.1822,1.8148,1.1118
2016-09-06,0.5103,0.586,-0.0149,-0.0257,0.0595,0.1822,1.8183,1.1152
2016-09-07,0.2475,0.6047,-0.0149,-0.0255,0.0595,0.1822,1.5746,0.8714
2016-09-08,0.2475,0.6046,-0.0149,-0.0254,0.0595,0.1822,1.5745,0.8714
2016-09-09,0.2475,0.6052,-0.0149,-0.0254,0.0595,0.1822,1.5751,0.8719
2016-09-12,0.2475,0.6052,-0.0149,-0.0255,0.0595,0.1822,1.5752,0.8718
2016-09-13,0.2475,0.6051,-0.0149,-0.0255,0.0595,0.1822,1.5752,0.8718
2016-09-14,0.2475,0.6062,-0.0149,-0.0255,0.0595,0.1822,1.5763,0.8728
2016-09-15,0.2475,0.6163,-0.0149,-0.0259,0.0537,0.1822,1.5802,0.8767
2016-09-16,0.2475,0.6188,-0.0149,-0.0259,0.0537,0.1822,1.5827,0.8792
2016-09-19,0.2475,0.6474,-0.0149,-0.026,0.0537,0.1822,1.6114,0.9078
2016-09-20,0.2475,0.6479,-0.0149,-0.026,0.0537,0.1822,1.6119,0.9083
2016-09-21,0.2475,0.659,-0.0149,-0.0259,0.0537,0.1822,1.623,0.9194
2016-09-22,0.2475,0.6617,-0.0149,-0.0259,0.0537,0.1822,1.6258,0.9221
2016-09-23,0.2475,0.6769,-0.0149,-0.0291,0.0537,0.1822,1.6377,0.9341
2016-09-26,0.2475,0.6768,-0.0149,-0.0292,0.0537,0.1822,1.6376,0.934
2016-09-27,0.2475,0.6772,-0.0149,-0.0293,0.0537,0.1822,1.6379,0.9342
2016-09-28,0.2475,1.2388,-0.0149,-0.0295,0.0537,0.1822,2.1998,1.4956
2016-09-29,0.2475,1.2388,-0.0149,-0.0301,0.0537,0.1822,2.2001,1.495
2016-09-30,0.5103,1.2388,-0.0149,-0.0305,0.0537,0.1822,2.463,1.7573
2016-10-03,0.509,0.6764,-0.0149,-0.0306,0.0525,0.1822,1.896,1.1925
2016-10-04,0.5024,0.6667,-0.0156,-0.0284,0.0525,0.1822,1.8296,1.1776
2016-10-05,0.5024,0.6666,-0.0156,-0.0284,0.0525,0.1822,1.8296,1.1775
2016-10-06,0.2396,0.6665,-0.0156,-0.0281,0.0525,0.1822,1.567,0.9148
2016-10-07,0.2396,0.6695,-0.0156,-0.0281,0.0533,0.1822,1.5707,0.9186
2016-10-10,0.2396,0.6733,-0.0156,-0.0282,0.0549,0.1822,1.5762,0.924
2016-10-11,0.2396,0.6747,-0.0156,-0.0279,0.0566,0.1822,1.5796,0.9274
2016-10-12,0.2396,0.6759,-0.0156,-0.0279,0.0578,0.1822,1.582,0.9298
2016-10-13,0.2396,0.6813,-0.0156,-0.0281,0.0578,0.1822,1.5874,0.9349
2016-10-14,0.2396,0.7019,-0.0156,-0.0295,0.0578,0.1822,1.6066,0.9541
2016-10-17,0.2396,0.7069,-0.0156,-0.0282,0.0578,0.1822,1.6129,0.9604
2016-10-18,0.2396,0.7148,-0.0156,-0.0282,0.0578,0.1822,1.6209,0.9683
2016-10-19,0.2396,0.7147,-0.0156,-0.0283,0.0578,0.1822,1.6208,0.9682
2016-10-20,0.2396,0.7146,-0.0156,-0.0284,0.0578,0.1822,1.6207,0.968
2016-10-21,0.2397,0.7145,-0.0156,-0.0284,0.0578,0.1822,1.6207,0.9679
2016-10-24,0.2397,0.7144,-0.0156,-0.0286,0.0578,0.1822,1.6206,0.9676
2016-10-25,0.2397,0.7143,-0.0156,-0.0288,0.0578,0.1822,1.6204,0.9672
2016-10-26,0.2397,0.7157,-0.0156,-0.0291,0.0578,0.1822,1.6218,0.9685
2016-10-27,0.2397,1.2796,-0.0156,-0.0293,0.0578,0.1822,2.1855,1.532
2016-10-28,0.2397,1.2856,-0.0156,-0.0298,0.0578,0.1822,2.1915,1.5376
2016-10-31,0.5025,1.2961,-0.0156,-0.0298,0.0578,0.1822,2.4649,1.8109
2016-11-01,0.6608,0.74,-0.0155,-0.0297,0.0574,0.1816,2.0634,1.4129
2016-11-02,0.6034,0.7406,-0.0367,-0.1036,0.0574,0.1816,2.0602,1.2612
2016-11-03,0.6034,0.7406,-0.0367,-0.1034,0.0574,0.1816,2.0605,1.2613
2016-11-04,0.3412,0.7406,-0.0367,-0.1034,0.0054,0.1816,1.7464,0.9472
2016-11-07,0.3413,0.7406,-0.0367,-0.1034,0.0054,0.1816,1.7465,0.9471
2016-11-08,0.3413,0.7406,-0.0367,-0.1036,0.0054,0.1816,1.7463,0.9469
2016-11-09,0.3413,0.7405,-0.0367,-0.1029,0.0053,0.1816,1.747,0.9475
2016-11-10,0.3413,0.7405,-0.0367,-0.1029,0.0053,0.1816,1.747,0.9475
2016-11-11,0.3413,0.6737,-0.0367,-0.1025,0.0557,0.1816,1.7301,0.9315
2016-11-14,0.3413,0.6737,-0.0367,-0.1025,0.0565,0.1816,1.7309,0.9323
2016-11-15,0.3413,0.6737,-0.0367,-0.1025,0.0574,0.1816,1.7318,0.9331
2016-11-16,0.3413,0.6736,-0.0367,-0.1019,0.0574,0.1816,1.7318,0.9337
2016-11-17,0.3413,0.6736,-0.0367,-0.1019,0.0574,0.1816,1.7318,0.9337
2016-11-18,0.3413,0.6747,-0.0367,-0.1021,0.0574,0.1816,1.7328,0.9346
2016-11-21,0.3413,0.677,-0.0367,-0.1022,0.0574,0.1816,1.7351,0.9368
2016-11-22,0.3413,0.677,-0.0367,-0.1026,0.0574,0.1816,1.7346,0.9363
2016-11-23,0.3413,0.677,-0.0367,-0.1028,0.0574,0.1816,1.7344,0.9361
2016-11-25,0.3413,0.677,-0.0367,-0.103,0.0574,0.1816,1.7343,0.9359
2016-11-28,0.3413,1.2379,-0.0367,-0.1029,0.0574,0.1816,2.2954,1.4969
2016-11-29,0.3413,1.2421,-0.0367,-0.1029,0.0574,0.1816,2.2996,1.501
2016-11-30,0.6034,1.242,-0.0367,-0.1026,0.0574,0.1816,2.5621,1.7635
2016-12-01,0.6057,0.6828,-0.0368,-0.1028,0.0575,0.1824,2.0063,1.2063
2016-12-02,0.4436,0.2151,-0.0023,-0.0934,0.0575,0.1824,1.9497,0.6206
2016-12-05,0.4436,0.2151,-0.0023,-0.0935,0.0575,0.1824,1.9497,0.6204
2016-12-06,0.1801,0.2152,-0.0023,-0.0936,0.0575,0.1824,1.6862,0.3569
2016-12-07,0.18,0.2152,-0.0023,-0.0934,0.0575,0.1824,1.686,0.357
2016-12-08,0.18,0.2164,-0.0023,-0.0936,0.0575,0.1824,1.687,0.358
2016-12-09,0.1799,0.2165,-0.0023,-0.0938,0.0575,0.1824,1.6868,0.3578
2016-12-12,0.1799,0.2165,-0.0023,-0.0931,0.0575,0.1824,1.6858,0.3584
2016-12-13,0.1798,0.2165,-0.0023,-0.0932,0.0575,0.1824,1.6857,0.3583
2016-12-14,0.1797,0.2252,-0.0023,-0.0931,0.0575,0.1824,1.6777,0.367
2016-12-15,0.1797,0.2257,-0.0023,-0.0931,0.0575,0.1824,1.6772,0.3674
2016-12-16,0.1796,0.2257,-0.0023,-0.0928,0.0575,0.1824,1.6774,0.3677
2016-12-19,0.1796,0.2262,-0.0023,-0.1042,0.0575,0.1824,1.6828,0.3567
2016-12-20,0.1795,0.2278,-0.0023,-0.1048,0.0575,0.1824,1.6846,0.3577
2016-12-21,0.1794,0.2278,-0.0023,-0.1055,0.0575,0.1824,1.6852,0.3569
2016-12-22,0.1794,0.2278,-0.0023,-0.1066,0.0575,0.1824,1.6861,0.3558
2016-12-23,0.1793,0.2278,-0.0023,-0.1071,0.0575,0.1824,1.6864,0.3553
2016-12-27,0.1793,0.2283,-0.0023,-0.1082,0.0575,0.1824,1.6874,0.3545
2016-12-28,0.1792,0.7912,-0.0023,-0.1093,0.0575,0.1824,1.6861,0.9163
2016-12-29,0.1791,0.7994,-0.0023,-0.1129,0.0575,0.1824,1.68,0.9208
2016-12-30,0.4425,0.7994,-0.0023,-0.1111,0.0575,0.1824,1.9544,1.1859
2017-01-03,0.4439,0.2412,-0.0023,-0.1114,0.0575,0.1831,1.9478,0.6289
2017-01-04,0.6381,0.734,0.0036,-0.0937,0.0575,0.1831,2.2341,1.3395
2017-01-05,0.6381,0.7342,0.0036,-0.0934,0.0575,0.1831,2.2339,1.3401
2017-01-06,0.3737,0.7355,0.0036,-0.0928,0.0575,0.1831,1.9703,1.0776
2017-01-09,0.3738,0.7355,0.0036,-0.0891,0.0575,0.1831,1.9687,1.0814
2017-01-10,0.3738,0.7356,0.0036,-0.0879,0.0575,0.1831,1.9684,1.0825
2017-01-11,0.3738,0.7356,0.0036,-0.0876,0.0575,0.1831,1.9685,1.0829
2017-01-12,0.3738,0.7357,0.0036,-0.0876,0.0575,0.1831,1.9685,1.0829
2017-01-13,0.3738,0.7357,0.0036,-0.0877,0.0575,0.1831,1.9685,1.0829
2017-01-17,0.3738,0.7357,0.0036,-0.0879,0.0575,0.1831,1.9686,1.0828
2017-01-18,0.3738,0.7358,0.0036,-0.0883,0.0575,0.1831,1.9686,1.0824
2017-01-19,0.3738,0.7358,0.0036,-0.0871,0.0575,0.1831,1.9684,1.0837
2017-01-20,0.3738,0.7322,0.0036,-0.0861,0.0575,0.1831,1.9654,1.081
2017-01-23,0.3738,0.7323,0.0036,-0.0862,0.0575,0.1831,1.9656,1.081
2017-01-24,0.3738,0.7323,0.0036,-0.0865,0.0575,0.1831,1.9659,1.0807
2017-01-25,0.3738,0.7324,0.0036,-0.087,0.0575,0.1831,1.9665,1.0803
2017-01-26,0.3738,0.7324,0.0036,-0.0877,0.0575,0.1831,1.9672,1.0797
2017-01-27,0.3738,1.2931,0.0036,-0.0886,0.0575,0.1831,2.5287,1.6394
2017-01-30,0.3738,1.2931,0.0036,-0.0958,0.0575,0.1831,2.5293,1.6322
2017-01-31,0.6381,1.2931,0.0036,-0.0897,0.0575,0.1831,2.7943,1.9027
2017-02-01,0.6425,0.7361,0.0037,-0.0905,0.0577,0.1844,2.2457,1.3495
2017-02-02,0.4858,0.2247,0.008,-0.0005,0.0577,0.1844,2.0035,0.7757
2017-02-03,0.4858,0.2247,0.008,-0.0005,0.0577,0.1844,2.0036,0.7757
2017-02-06,0.2197,0.2272,0.008,-0.0006,0.0577,0.1844,1.735,0.512
2017-02-07,0.2197,0.2366,0.008,-0.001,0.0577,0.1844,1.7258,0.5209
2017-02-08,0.2197,0.2366,0.008,-0.0012,0.0577,0.1844,1.7261,0.5207
2017-02-09,0.2197,0.2367,0.008,-0.0014,0.0577,0.1844,1.7263,0.5207
2017-02-10,0.2197,0.2367,0.0079,-0.0019,0.0577,0.1844,1.7266,0.5202
2017-02-13,0.2197,0.2362,0.0079,-0.0022,0.0577,0.1844,1.7278,0.5193
2017-02-14,0.2197,0.2362,0.0079,-0.0026,0.0577,0.1844,1.7283,0.5189
2017-02-15,0.2197,0.2363,0.0079,-0.0031,0.0577,0.1844,1.7285,0.5185
2017-02-16,0.2197,0.2363,0.0079,-0.0037,0.0577,0.1844,1.7288,0.518
2017-02-17,0.2197,0.2364,0.0079,-0.0043,0.0577,0.1844,1.729,0.5174
2017-02-21,0.2197,0.2364,0.0079,-0.0045,0.0577,0.1844,1.7293,0.5173
2017-02-22,0.2197,0.2365,0.0079,-0.0047,0.0577,0.1844,1.7291,0.5171
2017-02-23,0.2197,0.2366,0.0079,-0.0048,0.0577,0.1844,1.7292,0.5171
2017-02-24,0.2197,0.8011,0.0079,-0.005,0.0577,0.1844,1.7293,1.0814
2017-02-27,0.2197,0.8025,0.0079,-0.0052,0.0577,0.1844,1.7305,1.0826
2017-02-28,0.4858,0.8025,0.0079,-0.0054,0.0577,0.1844,1.9967,1.3486
2017-03-01,0.4885,0.239,0.0081,-0.0056,0.0579,0.1854,2.0019,0.7879
2017-03-02,0.4784,0.234,0.0074,-0.0958,0.0579,0.1854,1.9709,0.6818
2017-03-03,0.4784,0.2289,0.0074,-0.0956,0.0579,0.1854,1.9764,0.677
2017-03-06,0.2107,0.229,0.0074,-0.0957,0.0579,0.1854,1.7089,0.4093
2017-03-07,0.2107,0.229,0.0074,-0.0952,0.0579,0.1854,1.7085,0.4099
2017-03-08,0.2107,0.2291,0.0074,-0.0953,0.0579,0.1854,1.7085,0.4099
2017-03-09,0.2107,0.2292,0.0074,-0.0957,0.0579,0.1854,1.7088,0.4095
2017-03-10,0.2107,0.2293,0.0074,-0.0961,0.0579,0.1854,1.7092,0.4092
2017-03-13,0.2107,0.2294,0.0074,-0.0965,0.0579,0.1854,1.7098,0.4089
2017-03-14,0.2107,0.2295,0.0074,-0.0967,0.0579,0.1854,1.7101,0.4088
2017-03-15,0.2107,0.231,0.0074,-0.097,0.0579,0.1854,1.709,0.41
2017-03-16,0.2107,0.2326,0.0074,-0.0974,0.0579,0.1854,1.7078,0.4114
2017-03-17,0.2107,0.2262,0.0074,-0.0962,0.0579,0.1854,1.7119,0.406
2017-03-20,0.2108,0.2263,0.0074,-0.111,0.0579,0.1854,1.7164,0.3913
2017-03-21,0.2108,0.2263,0.0074,-0.1124,0.0579,0.1854,1.7175,0.39
2017-03-22,0.2108,0.2264,0.0074,-0.1143,0.0579,0.1854,1.7191,0.3882
2017-03-23,0.2108,0.2259,0.0074,-0.1142,0.0579,0.1854,1.7193,0.3877
2017-03-24,0.2108,0.2259,0.0074,-0.1148,0.0579,0.1854,1.7197,0.3873
2017-03-27,0.2108,0.226,0.0074,-0.1159,0.0579,0.1854,1.7206,0.3862
2017-03-28,0.2108,0.2261,0.0074,-0.117,0.0579,0.1854,1.7214,0.3852
2017-03-29,0.2108,0.7923,0.0074,-0.1175,0.0579,0.1854,1.6965,0.9509
2017-03-30,0.2108,0.7924,0.0074,-0.1173,0.0579,0.1854,1.6964,0.9512
2017-03-31,0.4784,0.7925,0.0074,-0.1176,0.0579,0.1854,1.9644,1.2186
2017-04-03,0.4784,0.2259,0.0074,-0.1176,0.0578,0.1855,1.9868,0.6519
2017-04-04,0.4939,0.2236,-0.0353,-0.2189,0.0578,0.1855,1.9434,0.5211
2017-04-05,0.4939,0.2237,-0.0353,-0.2191,0.0578,0.1855,1.9436,0.521
2017-04-06,0.2262,0.2238,-0.0353,-0.2199,0.0578,0.1855,1.6761,0.2525
2017-04-07,0.2261,0.2239,-0.0353,-0.2209,0.0578,0.1855,1.6762,0.2516
2017-04-10,0.2261,0.224,-0.0353,-0.2215,0.0578,0.1855,1.6762,0.2511
2017-04-11,0.226,0.2241,-0.0353,-0.2218,0.0578,0.1855,1.6764,0.2509
2017-04-12,0.226,0.2242,-0.0353,-0.2227,0.0578,0.1855,1.6766,0.25
2017-04-13,0.2259,0.2243,-0.0353,-0.2223,0.0578,0.1855,1.6778,0.2504
2017-04-17,0.2258,0.2244,-0.0353,-0.2224,0.0058,0.1855,1.626,0.1984
2017-04-18,0.2258,0.2245,-0.0353,-0.2225,0.0058,0.1855,1.6261,0.1983
2017-04-19,0.2257,0.2246,-0.0353,-0.2199,0.0574,0.1855,1.6675,0.2524
2017-04-20,0.2256,0.2247,-0.0353,-0.2204,0.0574,0.1855,1.6742,0.2521
2017-04-21,0.2256,0.2248,-0.0353,-0.2204,0.0574,0.1855,1.6743,0.252
2017-04-24,0.2255,0.2249,-0.0353,-0.2207,0.0574,0.1855,1.6746,0.2518
2017-04-25,0.2255,0.225,-0.0353,-0.2211,0.0574,0.1855,1.6747,0.2514
2017-04-26,0.2254,0.7912,-0.0353,-0.2191,0.0574,0.1855,1.6763,0.8195
2017-04-27,0.2253,0.7913,-0.0353,-0.2227,0.0574,0.1855,1.6767,0.816
2017-04-28,0.4929,0.7914,-0.0353,-0.218,0.0574,0.1855,1.9464,1.0883
2017-05-01,0.3312,0.2255,-0.0353,-0.2186,0.0572,0.186,1.7822,0.3601
2017-05-02,0.3301,0.2196,-0.0757,-0.2401,0.0572,0.186,1.8297,0.2911
2017-05-03,0.33,0.2196,-0.0757,-0.2342,0.0572,0.186,1.8233,0.297
2017-05-04,0.0615,0.2197,-0.0757,-0.2416,0.0572,0.186,1.5746,0.0211
2017-05-05,0.0614,0.2197,-0.0757,-0.2419,0.0572,0.186,1.575,0.0207
2017-05-08,0.0613,0.2197,-0.0757,-0.2423,0.0572,0.186,1.5752,0.0202
2017-05-09,0.0612,0.2198,-0.0757,-0.2431,0.0572,0.186,1.5752,0.0195
2017-05-10,0.0612,0.2225,-0.0757,-0.2432,0.0572,0.186,1.5727,0.022
2017-05-11,0.0611,0.229,-0.0756,-0.2407,0.0572,0.186,1.564,0.0309
2017-05-12,0.061,0.2322,-0.0756,-0.2411,0.0572,0.186,1.5612,0.0336
2017-05-15,0.061,0.236,-0.0756,-0.2413,0.0572,0.186,1.5577,0.0372
2017-05-16,0.0609,0.236,-0.0756,-0.2416,0.0572,0.186,1.5582,0.0368
2017-05-17,0.0608,0.236,-0.0756,-0.242,0.0572,0.186,1.5587,0.0364
2017-05-18,0.0607,0.2361,-0.0756,-0.2401,0.0572,0.186,1.5569,0.0382
2017-05-19,0.0607,0.215,-0.0756,-0.2364,0.0572,0.186,1.582,0.0209
2017-05-22,0.0606,0.2151,-0.0756,-0.2367,0.0572,0.186,1.5824,0.0206
2017-05-23,0.0605,0.2151,-0.0756,-0.2367,0.0572,0.186,1.5826,0.0205
2017-05-24,0.0605,0.2151,-0.0756,-0.2367,0.0572,0.186,1.5828,0.0205
2017-05-25,0.0604,0.2152,-0.0756,-0.2367,0.0572,0.186,1.5829,0.0204
2017-05-26,0.0603,0.783,-0.0756,-0.2374,0.0572,0.186,1.5884,0.5874
2017-05-30,0.0602,0.783,-0.0756,-0.2379,0.0572,0.186,1.5884,0.5869
2017-05-31,0.3287,0.783,-0.0756,-0.2373,0.0572,0.186,1.8406,0.856
2017-06-01,0.3288,0.215,-0.0754,-0.2379,0.0564,0.186,1.8325,0.287
2017-06-02,0.3175,0.2091,-0.032,-0.1268,0.0564,0.186,1.7788,0.4243
2017-06-05,0.3174,0.2099,-0.032,-0.1273,0.0565,0.186,1.7785,0.4245
2017-06-06,0.0486,0.2099,-0.0319,-0.1277,0.0565,0.186,1.5263,0.1554
2017-06-07,0.0486,0.21,-0.0319,-0.128,0.0565,0.186,1.5267,0.155
2017-06-08,0.0485,0.21,-0.0319,-0.1288,0.0565,0.186,1.5275,0.1542
2017-06-09,0.0484,0.2101,-0.0319,-0.1292,0.0565,0.186,1.528,0.1538
2017-06-12,0.0483,0.2101,-0.0319,-0.1292,0.0565,0.186,1.528,0.1538
2017-06-13,0.0483,0.2102,-0.0319,-0.1267,0.0565,0.186,1.5256,0.1563
2017-06-14,0.0482,0.2105,-0.0319,-0.1332,0.0565,0.186,1.5207,0.1501
2017-06-15,0.0481,0.2105,-0.0319,-0.1289,0.0565,0.186,1.5266,0.1544
2017-06-16,0.0481,0.2106,-0.0319,-0.13,0.0565,0.186,1.5273,0.1532
2017-06-19,0.048,0.2106,-0.0319,-0.1458,0.0565,0.186,1.5387,0.1374
2017-06-20,0.0479,0.2107,-0.0319,-0.1476,0.0565,0.186,1.5396,0.1356
2017-06-21,0.0478,0.2107,-0.0319,-0.149,0.0565,0.186,1.541,0.1342
2017-06-22,0.0478,0.2108,-0.0319,-0.1503,0.0565,0.186,1.5417,0.1328
2017-06-23,0.0477,0.2108,-0.0318,-0.1515,0.0565,0.186,1.542,0.1317
2017-06-26,0.0476,0.2109,-0.0318,-0.1526,0.0565,0.186,1.5422,0.1305
2017-06-27,0.0475,0.2109,-0.0318,-0.1537,0.0565,0.186,1.5422,0.1294
2017-06-28,0.0475,0.7789,-0.0318,-0.1548,0.0565,0.186,1.5275,0.6963
2017-06-29,0.0474,0.779,-0.0318,-0.1472,0.0565,0.186,1.5192,0.7039
2017-06-30,0.3161,0.779,-0.0318,-0.1461,0.0565,0.186,1.7669,0.9737
2017-07-03,0.3174,0.2114,-0.0318,-0.147,0.0566,0.1868,1.7866,0.4065
2017-07-05,0.348,0.1328,-0.0549,-0.0738,0.0566,0.1868,1.5842,0.4085
2017-07-06,0.3479,0.1328,-0.0549,-0.0739,0.0566,0.1868,1.5842,0.4084
2017-07-07,0.078,0.1328,-0.0549,-0.0743,0.0566,0.1868,1.365,0.1382
2017-07-10,0.078,0.1382,-0.0549,-0.0751,0.0566,0.1868,1.3605,0.1427
2017-07-11,0.0779,0.1427,-0.0549,-0.0751,0.0566,0.1868,1.3561,0.1471
2017-07-12,0.0779,0.1463,-0.0549,-0.076,0.0566,0.1868,1.3533,0.1499
2017-07-13,0.0778,0.1472,-0.0549,-0.0766,0.0566,0.1868,1.3532,0.1501
2017-07-14,0.0778,0.1472,-0.0549,-0.0723,0.0566,0.1868,1.3488,0.1544
2017-07-17,0.0777,0.1473,-0.0549,-0.0735,0.0566,0.1868,1.3492,0.1532
2017-07-18,0.0777,0.1474,-0.0549,-0.0731,0.0566,0.1868,1.3484,0.1537
2017-07-19,0.0776,0.1474,-0.0549,-0.0747,0.0566,0.1868,1.3489,0.1521
2017-07-20,0.0776,0.1475,-0.0549,-0.0754,0.0566,0.1868,1.3483,0.1513
2017-07-21,0.0775,0.1475,-0.0549,-0.0758,0.0566,0.1868,1.3487,0.1509
2017-07-24,0.0775,0.1475,-0.0549,-0.0765,0.0566,0.1868,1.3495,0.1502
2017-07-25,0.0774,0.1476,-0.0549,-0.0772,0.0566,0.1868,1.3502,0.1495
2017-07-26,0.0774,0.1476,-0.0548,-0.0778,0.0566,0.1868,1.3508,0.1489
2017-07-27,0.0773,0.7173,-0.0548,-0.0784,0.0566,0.1868,1.3625,0.718
2017-07-28,0.0773,0.7174,-0.0548,-0.0782,0.0566,0.1868,1.3623,0.7182
2017-07-31,0.3471,0.7174,-0.0548,-0.0724,0.0566,0.1868,1.5745,0.9938
2017-08-01,0.3484,0.148,-0.055,-0.0723,0.0567,0.1875,1.5676,0.4258
2017-08-02,0.3563,0.1457,-0.0462,-0.0688,0.0567,0.1875,1.6581,0.4436
2017-08-03,0.3562,0.1457,-0.0462,-0.0692,0.0567,0.1875,1.6587,0.4432
2017-08-04,0.0853,0.1457,-0.0463,-0.0699,0.0567,0.1875,1.4382,0.1716
2017-08-07,0.0852,0.1458,-0.0463,-0.0699,0.0567,0.1875,1.4383,0.1715
2017-08-08,0.0851,0.1458,-0.0463,-0.069,0.0567,0.1875,1.4376,0.1724
2017-08-09,0.0851,0.1458,-0.0463,-0.069,0.0567,0.1875,1.4377,0.1723
2017-08-10,0.085,0.1458,-0.0463,-0.069,0.0567,0.1875,1.4379,0.1722
2017-08-11,0.0849,0.1459,-0.0463,-0.0692,0.0567,0.1875,1.4382,0.172
2017-08-14,0.0848,0.1459,-0.0463,-0.0696,0.0567,0.1875,1.4387,0.1715
2017-08-15,0.0848,0.1459,-0.0463,-0.07,0.0567,0.1875,1.4389,0.171
2017-08-16,0.0847,0.1459,-0.0463,-0.0688,0.0567,0.1875,1.4379,0.1722
2017-08-17,0.0846,0.1459,-0.0463,-0.068,0.0567,0.1875,1.4371,0.1729
2017-08-18,0.0846,0.146,-0.0463,-0.0684,0.0567,0.1875,1.4368,0.1725
2017-08-21,0.0845,0.146,-0.0463,-0.0684,0.0503,0.1875,1.4305,0.166
2017-08-22,0.0844,0.146,-0.0463,-0.0686,0.0503,0.1875,1.4304,0.1657
2017-08-23,0.0843,0.146,-0.0463,-0.0689,0.0503,0.1875,1.4303,0.1654
2017-08-24,0.0843,0.1461,-0.0463,-0.0689,0.0503,0.1875,1.4304,0.1653
2017-08-25,0.0842,0.1461,-0.0464,-0.069,0.0503,0.1875,1.4305,0.1652
2017-08-28,0.0841,0.1461,-0.0464,-0.069,0.0503,0.1875,1.4306,0.1652
2017-08-29,0.0841,0.7179,-0.0464,-0.0687,0.0503,0.1875,1.4381,0.7372
2017-08-30,0.084,0.718,-0.0464,-0.0556,0.0503,0.1875,1.4247,0.7502
2017-08-31,0.3548,0.718,-0.0464,-0.0691,0.0503,0.1875,1.6567,1.0076
2017-09-01,0.356,0.1469,-0.0464,-0.0693,0.0494,0.1882,1.6523,0.4366
2017-09-05,0.339,0.1291,-0.0254,-0.0126,0.0494,0.1882,1.6423,0.4795
2017-09-06,0.3389,0.1292,-0.0254,-0.0123,0.0494,0.1882,1.6425,0.4797
2017-09-07,0.0668,0.0885,-0.0254,-0.0085,0.0494,0.1882,1.3958,0.1709
2017-09-08,0.0668,0.0793,-0.0254,-0.0051,0.0494,0.1882,1.3953,0.1649
2017-09-11,0.0667,0.0327,-0.0254,-0.0048,0.0494,0.1882,1.3637,0.1186
2017-09-12,0.0666,0.0327,-0.0254,-0.0049,0.0506,0.1882,1.3651,0.1197
2017-09-13,0.0665,0.0283,-0.0254,-0.0006,0.0506,0.1882,1.3654,0.1194
2017-09-14,0.0665,0.0284,-0.0254,-0.0006,0.0509,0.1882,1.3658,0.1197
2017-09-15,0.0664,0.0284,-0.0254,-0.0005,0.0517,0.1882,1.3668,0.1205
2017-09-18,0.0663,0.0284,-0.0254,0.0025,0.0531,0.1882,1.3653,0.1249
2017-09-19,0.0662,0.0285,-0.0254,0.0038,0.0546,0.1882,1.3657,0.1276
2017-09-20,0.0662,0.0348,-0.0254,0.0042,0.0549,0.1882,1.3719,0.1346
2017-09-21,0.0661,0.0494,-0.0254,0.0042,0.0555,0.1882,1.3872,0.1497
2017-09-22,0.066,0.0568,-0.0254,0.0043,0.0555,0.1882,1.3948,0.1572
2017-09-25,0.0659,0.0732,-0.0254,0.004,0.0555,0.1882,1.4117,0.1732
2017-09-26,0.0659,0.0784,-0.0254,0.0039,0.0555,0.1882,1.4163,0.1783
2017-09-27,0.0658,0.6526,-0.0254,0.0039,0.0555,0.1882,1.3691,0.7524
2017-09-28,0.0657,0.6537,-0.0254,0.0033,0.0555,0.1882,1.3708,0.7529
2017-09-29,0.3377,0.6599,-0.0254,0.0024,0.0555,0.1882,1.6043,1.0301
2017-10-02,0.3386,0.0878,-0.0254,0.0013,0.0555,0.1888,1.6568,0.4578
2017-10-03,0.3284,0.1247,-0.0385,0.006,0.0555,0.1888,1.6929,0.4761
2017-10-04,0.3283,0.1337,-0.0385,0.0054,0.0555,0.1888,1.6844,0.4844
2017-10-05,0.0554,0.1337,-0.0385,0.0046,0.0555,0.1888,1.4522,0.2107
2017-10-06,0.0553,0.1361,-0.0385,0.0033,0.0555,0.1888,1.4512,0.2117
2017-10-09,0.0553,0.1447,-0.0385,0.0022,0.0555,0.1888,1.4437,0.2192
2017-10-10,0.0552,0.1495,-0.0384,0.0008,0.0555,0.1888,1.4402,0.2226
2017-10-11,0.0551,0.1525,-0.0384,-0.0007,0.0555,0.1888,1.4388,0.2239
2017-10-12,0.0551,0.1524,-0.0384,-0.0013,0.0555,0.1888,1.4393,0.2233
2017-10-13,0.055,0.1524,-0.0384,-0.0023,0.0555,0.1888,1.4404,0.2222
2017-10-16,0.0549,0.1524,-0.0384,-0.0032,0.0555,0.1888,1.4413,0.2212
2017-10-17,0.0548,0.1524,-0.0384,-0.005,0.0555,0.1888,1.442,0.2194
2017-10-18,0.0548,0.1524,-0.0384,-0.0067,0.0555,0.1888,1.4429,0.2176
2017-10-19,0.0547,0.1524,-0.0384,-0.0081,0.0555,0.1888,1.4433,0.2161
2017-10-20,0.0546,0.1524,-0.0384,-0.0097,0.0555,0.1888,1.4441,0.2145
2017-10-23,0.0546,0.1524,-0.0384,-0.0103,0.0555,0.1888,1.4446,0.2139
2017-10-24,0.0545,0.1524,-0.0383,-0.0103,0.0555,0.1888,1.4447,0.2137
2017-10-25,0.0544,0.1532,-0.0383,-0.0108,0.0555,0.1888,1.4444,0.214
2017-10-26,0.0544,0.1539,-0.0383,-0.0114,0.0555,0.1888,1.4432,0.2141
2017-10-27,0.0543,0.7315,-0.0383,-0.0116,0.0555,0.1888,1.4159,0.7915
2017-10-30,0.0542,0.7358,-0.0383,-0.009,0.0555,0.1888,1.4224,0.7982
2017-10-31,0.327,0.7358,-0.0383,-0.0091,0.0555,0.1888,1.653,1.071
2017-11-01,0.4945,0.1616,-0.0384,-0.0093,0.0555,0.1892,1.837,0.664
2017-11-02,0.5157,0.207,-0.0485,-0.0155,0.0555,0.1892,1.9537,0.7144
2017-11-03,0.5157,0.207,-0.0485,-0.0156,0.0555,0.1892,1.9537,0.7141
2017-11-06,0.2419,0.207,-0.0484,-0.0114,0.0555,0.1892,1.6843,0.4446
2017-11-07,0.2419,0.207,-0.0484,-0.0115,0.0555,0.1892,1.6843,0.4445
2017-11-08,0.2418,0.207,-0.0484,-0.0116,0.0555,0.1892,1.6842,0.4443
2017-11-09,0.2417,0.207,-0.0484,-0.012,0.0555,0.1892,1.6846,0.4438
2017-11-10,0.2416,0.2029,-0.0484,-0.0127,0.0555,0.1892,1.6892,0.439
2017-11-13,0.2415,0.2029,-0.0484,-0.0127,0.0555,0.1892,1.6892,0.4389
2017-11-14,0.2414,0.2014,-0.0484,-0.0131,0.0555,0.1892,1.691,0.4368
2017-11-15,0.2413,0.2014,-0.0483,-0.0138,0.0555,0.1892,1.6916,0.4361
2017-11-16,0.2412,0.2005,-0.0483,-0.0133,0.0555,0.1892,1.6918,0.4357
2017-11-17,0.2411,0.1898,-0.0483,-0.0133,0.0555,0.1892,1.7025,0.4248
2017-11-20,0.241,0.189,-0.0483,-0.0134,0.0555,0.1892,1.7032,0.4239
2017-11-21,0.2409,0.188,-0.0483,-0.0137,0.0555,0.1892,1.7039,0.4226
2017-11-22,0.2408,0.188,-0.0483,-0.0141,0.0555,0.1892,1.7035,0.4221
2017-11-24,0.2408,0.1842,-0.0483,-0.0145,0.0555,0.1892,1.7069,0.4178
2017-11-27,0.2407,0.1821,-0.0482,-0.0124,0.0555,0.1892,1.7067,0.4177
2017-11-28,0.2406,0.757,-0.0482,-0.0121,0.0555,0.1892,1.6518,0.9928
2017-11-29,0.2405,0.757,-0.0482,-0.0125,0.0555,0.1892,1.6514,0.9924
2017-11-30,0.514,0.757,-0.0482,-0.0128,0.0555,0.1892,1.9246,1.2656
2017-12-01,0.5157,0.1826,-0.0483,-0.0131,0.0557,0.1899,1.9837,0.6926
2017-12-04,0.7432,0.7075,0.005,0.0597,0.0557,0.1899,2.0206,1.571
2017-12-05,0.7432,0.7067,0.005,0.0608,0.0557,0.1899,2.0187,1.5713
2017-12-06,0.4686,0.7064,0.005,0.0616,0.0557,0.1899,1.743,1.2972
2017-12-07,0.4686,0.7066,0.005,0.0615,0.0557,0.1899,1.7432,1.2973
2017-12-08,0.4686,0.7057,0.005,0.0615,0.0557,0.1899,1.7424,1.2965
2017-12-11,0.4686,0.7059,0.005,0.061,0.0557,0.1899,1.7421,1.2961
2017-12-12,0.4686,0.706,0.005,0.0603,0.0557,0.1899,1.7416,1.2956
2017-12-13,0.4686,0.7061,0.005,0.0596,0.0557,0.1899,1.7412,1.295
2017-12-14,0.4686,0.7063,0.005,0.0593,0.0557,0.1899,1.7411,1.2948
2017-12-15,0.4686,0.7064,0.005,0.0592,0.0557,0.1899,1.7412,1.2949
2017-12-18,0.4686,0.7065,0.005,0.0427,0.0557,0.1899,1.7339,1.2786
2017-12-19,0.4686,0.7066,0.005,0.0413,0.0557,0.1899,1.7346,1.2773
2017-12-20,0.4686,0.7068,0.0051,0.04,0.0557,0.1899,1.7349,1.2761
2017-12-21,0.4686,0.7056,0.0051,0.0385,0.0557,0.1899,1.7352,1.2734
2017-12-22,0.4686,0.7053,0.0051,0.0371,0.0557,0.1899,1.7358,1.2718
2017-12-26,0.4686,0.7051,0.0051,0.0348,0.0557,0.1899,1.7367,1.2693
2017-12-27,0.4686,1.2816,0.0051,0.0324,0.0557,0.1899,2.3145,1.8434
2017-12-28,0.4686,1.2812,0.0051,0.0413,0.0557,0.1899,2.3269,1.852
2017-12-29,0.7433,1.2672,0.0051,0.0271,0.0557,0.1899,2.5756,2.0984
2018-01-02,0.7454,0.6927,0.0052,0.0268,0.0558,0.1904,2.0036,1.5257
2018-01-03,0.7632,0.6581,0.0266,0.0826,0.0558,0.1904,2.1294,1.5862
2018-01-04,0.7632,0.6582,0.0266,0.0825,0.0558,0.1904,2.1294,1.5863
2018-01-05,0.4876,0.6582,0.0266,0.0824,0.0558,0.1904,1.8538,1.3106
2018-01-08,0.4876,0.6582,0.0266,0.0822,0.0558,0.1904,1.8536,1.3104
2018-01-09,0.4876,0.6582,0.0266,0.082,0.0558,0.1904,1.8534,1.3101
2018-01-10,0.4876,0.6581,0.0266,0.082,0.0558,0.1904,1.8533,1.31
2018-01-11,0.4876,0.6581,0.0266,0.082,0.0558,0.1904,1.8534,1.31
2018-01-12,0.4876,0.6581,0.0265,0.082,0.0558,0.1904,1.8534,1.31
2018-01-16,0.4876,0.6581,0.0265,0.0821,0.0558,0.1904,1.8534,1.31
2018-01-17,0.4875,0.658,0.0265,0.0875,0.0558,0.1904,1.8571,1.3154
2018-01-18,0.4875,0.658,0.0265,0.0902,0.0558,0.1904,1.8545,1.318
2018-01-19,0.4875,0.658,0.0265,0.0944,0.0558,0.1904,1.8584,1.3221
2018-01-22,0.4875,0.658,0.0265,0.0944,0.0558,0.1904,1.8584,1.3221
2018-01-23,0.4875,0.6597,0.0265,0.0945,0.0558,0.1904,1.8602,1.3239
2018-01-24,0.4875,0.6619,0.0264,0.0945,0.0558,0.1904,1.8625,1.3262
2018-01-25,0.4875,0.6619,0.0264,0.0946,0.0558,0.1904,1.8625,1.3261
2018-01-26,0.4874,0.6647,0.0264,0.0999,0.0558,0.1904,1.8651,1.3343
2018-01-29,0.4874,1.2418,0.0264,0.1004,0.0558,0.1904,2.4426,1.9118
2018-01-30,0.4874,1.2418,0.0264,0.0997,0.0558,0.1904,2.4419,1.911
2018-01-31,0.7629,1.2445,0.0264,0.1007,0.0558,0.1904,2.7204,2.1902
2018-02-01,0.7614,0.6717,0.0262,0.0995,0.0556,0.1904,2.1433,1.6144
2018-02-02,0.521,0.1756,-0.0177,0.099,0.0556,0.1904,1.8399,0.8335
2018-02-05,0.521,0.1757,-0.0176,0.099,0.0556,0.1904,1.84,0.8336
2018-02-06,0.2455,0.1757,-0.0176,0.0997,0.006,0.1904,1.5156,0.5093
2018-02-07,0.2455,0.1497,-0.0176,0.1009,0.0059,0.1904,1.5429,0.4846
2018-02-08,0.2455,0.149,-0.0176,0.1009,0.0059,0.1904,1.5437,0.4838
2018-02-09,0.2455,0.149,-0.0175,0.1033,0.0059,0.1904,1.5438,0.4862
2018-02-12,0.2455,0.149,-0.0175,0.1043,0.0059,0.1904,1.5427,0.4872
2018-02-13,0.2455,0.149,-0.0175,0.1043,0.0058,0.1904,1.5427,0.4872
2018-02-14,0.2455,0.1491,-0.0175,0.1043,0.0058,0.1904,1.5427,0.4872
2018-02-15,0.2455,0.1491,-0.0174,0.1042,0.0058,0.1904,1.5427,0.4872
2018-02-16,0.2455,0.1491,-0.0174,0.1042,0.008,0.1904,1.5449,0.4894
2018-02-20,0.2455,0.1492,-0.0174,0.1042,0.0058,0.1904,1.5427,0.4873
2018-02-21,0.2455,0.1492,-0.0174,0.105,0.0057,0.1904,1.5435,0.4881
2018-02-22,0.2455,0.1492,-0.0173,0.1092,0.0057,0.1904,1.5442,0.4923
2018-02-23,0.2455,0.1492,-0.0173,0.1092,0.0097,0.1904,1.5482,0.4963
2018-02-26,0.2455,0.7258,-0.0173,0.11,0.0101,0.1904,1.5635,1.0741
2018-02-27,0.2455,0.7258,-0.0173,0.1099,0.0104,0.1904,1.5637,1.0743
2018-02-28,0.521,0.7258,-0.0173,0.1094,0.0108,0.1904,1.8391,1.3497
2018-03-01,0.5024,0.1446,-0.0168,0.1046,0.0106,0.186,1.7736,0.7454
2018-03-02,0.486,0.064,-0.0321,0.1096,0.0111,0.186,1.6916,0.6385
2018-03-05,0.486,0.0567,-0.0321,0.1096,0.0053,0.186,1.6856,0.6254
2018-03-06,0.2204,0.0567,-0.0321,0.1096,0.012,0.186,1.4267,0.3665
2018-03-07,0.2204,0.0566,-0.0322,0.1096,0.0125,0.186,1.4271,0.3669
2018-03-08,0.2204,0.0566,-0.0322,0.1095,0.013,0.186,1.4275,0.3673
2018-03-09,0.2204,0.0566,-0.0322,0.109,0.0135,0.186,1.4276,0.3674
2018-03-12,0.2204,0.0566,-0.0322,0.109,0.014,0.186,1.4282,0.3678
2018-03-13,0.2204,0.0566,-0.0322,0.1088,0.0144,0.186,1.4285,0.3681
2018-03-14,0.2204,0.0566,-0.0322,0.1087,0.015,0.186,1.4289,0.3685
2018-03-15,0.2204,0.0566,-0.0322,0.1082,0.0156,0.186,1.4296,0.3686
2018-03-16,0.2204,0.0566,-0.0322,0.106,0.0162,0.186,1.4303,0.3669
2018-03-19,0.2204,0.0566,-0.0322,0.1049,0.0168,0.186,1.4313,0.3665
2018-03-20,0.2204,0.0566,-0.0322,0.1035,0.0174,0.186,1.432,0.3657
2018-03-21,0.2204,0.0566,-0.0322,0.1022,0.018,0.186,1.4338,0.3649
2018-03-22,0.2204,0.0587,-0.0322,0.1021,0.0187,0.186,1.4364,0.3676
2018-03-23,0.2204,0.0626,-0.0323,0.1024,0.0194,0.186,1.4369,0.3725
2018-03-26,0.2204,0.0626,-0.0323,0.0889,0.005,0.186,1.4215,0.3446
2018-03-27,0.2204,0.6269,-0.0323,0.0873,0.005,0.186,1.4211,0.9072
2018-03-28,0.2204,0.6268,-0.0323,0.0862,0.005,0.186,1.4218,0.9061
2018-03-29,0.486,0.6249,-0.0323,0.0854,0.005,0.186,1.6898,1.1689
2018-04-02,0.4852,0.0607,-0.0323,0.0883,0.005,0.1862,1.6869,0.6068
2018-04-03,0.4808,0.1009,-0.0219,0.0411,0.0233,0.1862,1.6506,0.6242
2018-04-04,0.4808,0.1009,-0.0219,0.0551,0.0049,0.1862,1.6457,0.6199
2018-04-05,0.2152,0.1009,-0.0219,0.0404,0.0049,0.1862,1.3655,0.3395
2018-04-06,0.2152,0.1009,-0.0219,0.0391,0.0255,0.1862,1.3846,0.3588
2018-04-09,0.2152,0.1009,-0.0219,0.0387,0.0263,0.1862,1.385,0.3592
2018-04-10,0.2152,0.1009,-0.0219,0.0384,0.0049,0.1862,1.3632,0.3374
2018-04-11,0.2151,0.1009,-0.0218,0.0378,0.0048,0.1862,1.3627,0.3369
2018-04-12,0.2151,0.1009,-0.0218,0.0368,0.0048,0.1862,1.3622,0.3358
2018-04-13,0.2151,0.1009,-0.0218,0.0342,0.03,0.1862,1.3869,0.3584
2018-04-16,0.2151,0.1009,-0.0218,0.033,0.0308,0.1862,1.3874,0.358
2018-04-17,0.2151,0.1009,-0.0218,0.03,0.0317,0.1862,1.3877,0.3559
2018-04-18,0.2151,0.1009,-0.0218,0.0287,0.0326,0.1862,1.3885,0.3554
2018-04-19,0.2151,0.1009,-0.0218,0.0267,0.0333,0.1862,1.3888,0.3542
2018-04-20,0.2151,0.1009,-0.0218,0.0251,0.0344,0.1862,1.3901,0.3537
2018-04-23,0.2151,0.101,-0.0218,0.0241,0.0356,0.1862,1.393,0.3539
2018-04-24,0.2151,0.101,-0.0218,0.0231,0.0367,0.1862,1.3956,0.354
2018-04-25,0.2151,0.101,-0.0218,0.0224,0.0379,0.1862,1.3974,0.3545
2018-04-26,0.2151,0.666,-0.0218,0.0213,0.0389,0.1862,1.3995,0.9195
2018-04-27,0.215,0.6701,-0.0218,0.0215,0.0402,0.1862,1.3964,0.9251
2018-04-30,0.4807,0.6701,-0.0218,0.0209,0.0411,0.1862,1.6635,1.191
2018-05-01,0.3197,0.1056,-0.0218,0.0212,0.0426,0.1866,1.5074,0.4674
2018-05-02,0.3165,-0.0947,-0.0214,-0.0104,0.044,0.1866,1.7126,0.2339
2018-05-03,0.3165,-0.0947,-0.0214,-0.0094,0.0453,0.1866,1.715,0.2363
2018-05-04,0.051,-0.0947,-0.0215,-0.0107,0.0468,0.1866,1.4671,-0.0291
2018-05-07,0.051,-0.0947,-0.0215,-0.0109,0.0482,0.1866,1.4686,-0.028
2018-05-08,0.051,-0.0947,-0.0215,-0.0113,0.0495,0.1866,1.47,-0.0271
2018-05-09,0.051,-0.0947,-0.0215,0.0031,0.0511,0.1866,1.486,-0.0111
2018-05-10,0.051,-0.0947,-0.0215,-0.0124,0.0527,0.1866,1.4722,-0.025
2018-05-11,0.051,-0.0948,-0.0215,-0.013,0.0537,0.1866,1.4729,-0.0246
2018-05-14,0.051,-0.0948,-0.0215,-0.0135,0.0537,0.1866,1.4727,-0.0251
2018-05-15,0.051,-0.0948,-0.0215,-0.0143,0.0537,0.1866,1.472,-0.0259
2018-05-16,0.051,-0.0948,-0.0216,-0.0146,0.0537,0.1866,1.4716,-0.0263
2018-05-17,0.051,-0.0948,-0.0216,-0.015,0.0537,0.1866,1.4721,-0.0266
2018-05-18,0.051,-0.0948,-0.0216,-0.0152,0.0537,0.1866,1.4724,-0.0269
2018-05-21,0.051,-0.0913,-0.0216,-0.0153,0.0537,0.1866,1.469,-0.0235
2018-05-22,0.051,-0.0914,-0.0216,-0.0156,0.0537,0.1866,1.4691,-0.0239
2018-05-23,0.051,-0.0914,-0.0216,-0.0157,0.0537,0.1866,1.4693,-0.024
2018-05-24,0.051,-0.0914,-0.0216,-0.0159,0.0537,0.1866,1.4694,-0.0242
2018-05-25,0.051,-0.0914,-0.0216,-0.0162,0.0537,0.1866,1.4697,-0.0245
2018-05-29,0.051,0.4756,-0.0217,-0.0168,0.0537,0.1866,1.4702,0.5419
2018-05-30,0.051,0.4699,-0.0217,-0.0171,0.0537,0.1866,1.476,0.5359
2018-05-31,0.3165,0.3005,-0.0217,-0.0171,0.0537,0.1866,1.633,0.6319
2018-06-01,0.3177,-0.2686,-0.0217,-0.0109,0.0539,0.1873,1.6417,0.0703
2018-06-04,0.3175,-0.2191,-0.0222,-0.079,0.0539,0.1873,1.9109,0.051
2018-06-05,0.3175,-0.2191,-0.0222,-0.0793,0.0539,0.1873,1.911,0.0507
2018-06-06,0.0508,-0.2191,-0.0222,-0.0797,0.0539,0.1873,1.6717,-0.2163
2018-06-07,0.0509,-0.2191,-0.0222,-0.0797,0.0539,0.1873,1.6717,-0.2164
2018-06-08,0.0509,-0.2191,-0.0222,-0.0799,0.0539,0.1873,1.6718,-0.2165
2018-06-11,0.0509,-0.2191,-0.0222,-0.0803,0.0539,0.1873,1.6721,-0.2169
2018-06-12,0.0509,-0.2191,-0.0222,-0.0803,0.0539,0.1873,1.6721,-0.2169
2018-06-13,0.0509,-0.219,-0.0222,-0.0803,0.0539,0.1873,1.6732,-0.2168
2018-06-14,0.0509,-0.219,-0.0222,-0.0813,0.0539,0.1873,1.6722,-0.2179
2018-06-15,0.0509,-0.219,-0.0223,-0.0819,0.0539,0.1873,1.6716,-0.2185
2018-06-18,0.0509,-0.219,-0.0223,-0.0952,0.0539,0.1873,1.6666,-0.2318
2018-06-19,0.0509,-0.219,-0.0223,-0.0955,0.0539,0.1873,1.6666,-0.232
2018-06-20,0.0509,-0.219,-0.0223,-0.0957,0.0539,0.1873,1.6664,-0.2323
2018-06-21,0.0509,-0.219,-0.0223,-0.0962,0.0539,0.1873,1.6662,-0.2327
2018-06-22,0.0509,-0.219,-0.0223,-0.0967,0.0539,0.1873,1.6657,-0.2332
2018-06-25,0.0509,-0.219,-0.0223,-0.0972,0.0539,0.1873,1.6654,-0.2338
2018-06-26,0.0509,-0.2161,-0.0223,-0.0976,0.0539,0.1873,1.668,-0.2313
2018-06-27,0.0509,0.3515,-0.0223,-0.098,0.0539,0.1873,1.593,0.3359
2018-06-28,0.0509,0.3605,-0.0223,-0.0985,0.0539,0.1873,1.6016,0.3444
2018-06-29,0.3175,0.3605,-0.0223,-0.0989,0.0539,0.1873,1.8408,0.6107
2018-07-02,0.3183,-0.2026,-0.0223,-0.0991,0.0539,0.1878,1.9229,0.0481
2018-07-03,0.3247,-0.1102,-0.0536,-0.2895,0.0539,0.1878,1.8301,-0.0747
2018-07-05,0.3247,-0.1102,-0.0536,-0.2894,0.0539,0.1878,1.8299,-0.0745
2018-07-06,0.0574,-0.1102,-0.0536,-0.2896,0.0539,0.1878,1.5683,-0.342
2018-07-09,0.0574,-0.1073,-0.0536,-0.2897,0.0539,0.1878,1.5656,-0.3393
2018-07-10,0.0574,-0.1071,-0.0536,-0.2898,0.0539,0.1878,1.5655,-0.3392
2018-07-11,0.0574,-0.1032,-0.0536,-0.2903,0.0539,0.1878,1.566,-0.3358
2018-07-12,0.0574,-0.0982,-0.0536,-0.2916,0.0539,0.1878,1.5666,-0.3321
2018-07-13,0.0574,-0.0981,-0.0536,-0.288,0.0539,0.1878,1.5704,-0.3283
2018-07-16,0.0574,-0.0944,-0.0536,-0.2884,0.0539,0.1878,1.5744,-0.325
2018-07-17,0.0575,-0.0934,-0.0536,-0.2896,0.0539,0.1878,1.5746,-0.3252
2018-07-18,0.0575,-0.0927,-0.0536,-0.2914,0.0539,0.1878,1.5771,-0.3263
2018-07-19,0.0575,-0.0887,-0.0536,-0.2916,0.0539,0.1878,1.5766,-0.3225
2018-07-20,0.0575,-0.0555,-0.0536,-0.293,0.0539,0.1878,1.5927,-0.2907
2018-07-23,0.0575,-0.0555,-0.0536,-0.2953,0.0539,0.1878,1.595,-0.2929
2018-07-24,0.0575,-0.0555,-0.0536,-0.2909,0.0539,0.1878,1.5949,-0.2885
2018-07-25,0.0575,-0.0474,-0.0536,-0.2909,0.0539,0.1878,1.6029,-0.2805
2018-07-26,0.0575,-0.0474,-0.0536,-0.291,0.0539,0.1878,1.603,-0.2805
2018-07-27,0.0576,0.5188,-0.0536,-0.2917,0.0539,0.1878,1.5434,0.2849
2018-07-30,0.0576,0.5345,-0.0536,-0.2919,0.0539,0.1878,1.5578,0.3005
2018-07-31,0.3249,0.5357,-0.0536,-0.2938,0.0539,0.1878,1.8214,0.5672
2018-08-01,0.3234,-0.0296,-0.0533,-0.2927,0.0536,0.1868,1.8698,0.0015
2018-08-02,0.3355,-0.0583,-0.0887,-0.2972,0.0536,0.1868,1.9732,-0.055
2018-08-03,0.3356,-0.0397,-0.0887,-0.2988,0.0536,0.1868,1.9845,-0.038
2018-08-06,0.0695,-0.0357,-0.0887,-0.2966,0.0536,0.1868,1.7173,-0.2978
2018-08-07,0.0696,-0.0357,-0.0887,-0.2988,0.0536,0.1868,1.7195,-0.3
2018-08-08,0.0696,-0.0357,-0.0887,-0.3003,0.0536,0.1868,1.721,-0.3014
2018-08-09,0.0696,-0.0356,-0.0887,-0.3009,0.0536,0.1868,1.7215,-0.3019
2018-08-10,0.0696,-0.0348,-0.0887,-0.3022,0.0536,0.1868,1.722,-0.3023
2018-08-13,0.0697,-0.0347,-0.0887,-0.3025,0.0536,0.1868,1.7223,-0.3026
2018-08-14,0.0697,-0.0489,-0.0887,-0.3011,0.0536,0.1868,1.7068,-0.3153
2018-08-15,0.0697,-0.0489,-0.0887,-0.3019,0.0536,0.1868,1.7076,-0.3161
2018-08-16,0.0697,-0.0488,-0.0887,-0.3027,0.0536,0.1868,1.7073,-0.3169
2018-08-17,0.0697,-0.064,-0.0887,-0.3036,0.0536,0.1868,1.6916,-0.3329
2018-08-20,0.0698,-0.064,-0.0887,-0.3039,0.0536,0.1868,1.6915,-0.3332
2018-08-21,0.0698,-0.064,-0.0887,-0.3041,0.0536,0.1868,1.6918,-0.3334
2018-08-22,0.0698,-0.0651,-0.0887,-0.305,0.0536,0.1868,1.6915,-0.3354
2018-08-23,0.0698,-0.0651,-0.0888,-0.3039,0.0536,0.1868,1.6918,-0.3343
2018-08-24,0.0699,-0.0686,-0.0888,-0.3042,0.0536,0.1868,1.6886,-0.3381
2018-08-27,0.0699,-0.0693,-0.0888,-0.3035,0.0536,0.1868,1.6905,-0.3381
2018-08-28,0.0699,-0.0702,-0.0888,-0.3023,0.0536,0.1868,1.6902,-0.3377
2018-08-29,0.0699,0.4933,-0.0888,-0.285,0.0536,0.1868,1.6901,0.2431
2018-08-30,0.0699,0.4933,-0.0888,-0.3006,0.0536,0.1868,1.6748,0.2275
2018-08-31,0.336,0.4933,-0.0888,-0.3,0.0536,0.1868,1.9419,0.4941
2018-09-04,0.337,-0.0707,-0.0889,-0.3008,0.0537,0.1873,1.9619,-0.0696
2018-09-05,0.3185,0.0319,-0.0699,-0.3043,0.0537,0.1873,1.9568,0.03
2018-09-06,0.3185,0.0319,-0.0699,-0.3036,0.0537,0.1873,1.9576,0.0307
2018-09-07,0.0517,0.0319,-0.0699,-0.3036,0.0537,0.1873,1.6908,-0.2361
2018-09-10,0.0517,0.0319,-0.0699,-0.3036,0.0537,0.1873,1.6908,-0.2361
2018-09-11,0.0518,0.0299,-0.0699,-0.3036,0.0537,0.1873,1.6888,-0.238
2018-09-12,0.0518,0.0299,-0.0698,-0.3036,0.0537,0.1873,1.6888,-0.238
2018-09-13,0.0518,0.0299,-0.0698,-0.3041,0.0537,0.1873,1.6894,-0.2385
2018-09-14,0.0518,0.0299,-0.0698,-0.3046,0.0537,0.1873,1.69,-0.239
2018-09-17,0.0519,0.0299,-0.0698,-0.3046,0.0537,0.1873,1.69,-0.239
2018-09-18,0.0519,0.0299,-0.0698,-0.3046,0.0537,0.1873,1.69,-0.239
2018-09-19,0.0519,0.0299,-0.0698,-0.3046,0.0537,0.1873,1.6901,-0.2389
2018-09-20,0.0519,0.0304,-0.0698,-0.3046,0.0537,0.1873,1.6896,-0.2384
2018-09-21,0.0519,0.0457,-0.0698,-0.3054,0.0537,0.1873,1.7032,-0.2238
2018-09-24,0.052,0.0512,-0.0698,-0.302,0.0537,0.1873,1.7049,-0.215
2018-09-25,0.052,0.0512,-0.0698,-0.2997,0.0537,0.1873,1.7076,-0.2126
2018-09-26,0.052,0.6163,-0.0698,-0.2977,0.0537,0.1873,1.5668,0.3546
2018-09-27,0.052,0.6329,-0.0698,-0.2982,0.0537,0.1873,1.5834,0.3707
2018-09-28,0.3189,0.6329,-0.0698,-0.2989,0.0537,0.1873,1.851,0.6369
2018-10-01,0.3197,0.0679,-0.0698,-0.3108,0.0539,0.1878,1.9926,0.0608
2018-10-02,0.3058,-0.0008,-0.071,-0.3092,0.0539,0.1878,1.9886,-0.0213
2018-10-03,0.3058,-0.0008,-0.071,-0.3101,0.0539,0.1878,1.9882,-0.0222
2018-10-04,0.0382,-0.0008,-0.071,-0.3114,0.0539,0.1878,1.7215,-0.2912
2018-10-05,0.0382,-0.0012,-0.071,-0.3128,0.0539,0.1878,1.7219,-0.2929
2018-10-08,0.0382,-0.0011,-0.071,-0.3145,0.0539,0.1878,1.7229,-0.2945
2018-10-09,0.0382,-0.0011,-0.071,-0.3156,0.0539,0.1878,1.7241,-0.2957
2018-10-10,0.0382,-0.0011,-0.071,-0.3167,0.0539,0.1878,1.7253,-0.2968
2018-10-11,0.0382,-0.0013,-0.0711,-0.3187,0.0539,0.1878,1.7274,-0.299
2018-10-12,0.0382,-0.0013,-0.0711,-0.3201,0.0049,0.1878,1.6799,-0.3493
2018-10-15,0.0382,-0.0045,-0.0711,-0.322,0.0049,0.1878,1.6841,-0.3545
2018-10-16,0.0382,-0.0045,-0.0711,-0.3236,0.0048,0.1878,1.6857,-0.3561
2018-10-17,0.0382,-0.0045,-0.0711,-0.3243,0.0048,0.1878,1.6857,-0.3568
2018-10-18,0.0382,-0.0045,-0.0711,-0.3256,0.0538,0.1878,1.7351,-0.3091
2018-10-19,0.0382,-0.0045,-0.0711,-0.3258,0.0538,0.1878,1.7353,-0.3093
2018-10-22,0.0382,-0.0045,-0.0711,-0.3277,0.0048,0.1878,1.6882,-0.3602
2018-10-23,0.0382,-0.0045,-0.0711,-0.3295,0.0048,0.1878,1.69,-0.3621
2018-10-24,0.0382,-0.0045,-0.0711,-0.3313,0.0539,0.1878,1.7411,-0.3148
2018-10-25,0.0382,-0.0045,-0.0711,-0.3332,0.0047,0.1878,1.6938,-0.3659
2018-10-26,0.0382,-0.0715,-0.0711,-0.3316,0.0047,0.1878,1.6313,-0.4313
2018-10-29,0.0382,0.495,-0.0711,-0.3318,0.0047,0.1878,1.5624,0.135
2018-10-30,0.0382,0.4662,-0.0711,-0.3321,0.0047,0.1878,1.5449,0.1059
2018-10-31,0.3058,0.4642,-0.0711,-0.3317,0.0046,0.1878,1.8099,0.3719
2018-11-01,0.4697,-0.1017,-0.0711,-0.3313,0.0046,0.1875,2.0426,-0.0297
2018-11-02,0.4153,-0.181,-0.0812,-0.3395,0.0046,0.1875,2.1125,-0.1818
2018-11-05,0.4153,-0.1801,-0.0812,-0.3334,0.054,0.1875,2.155,-0.1254
2018-11-06,0.147,-0.1801,-0.0812,-0.3334,0.054,0.1875,1.8867,-0.3937
2018-11-07,0.147,-0.1801,-0.0812,-0.3334,0.054,0.1875,1.8867,-0.3936
2018-11-08,0.147,-0.1801,-0.0812,-0.3334,0.0046,0.1875,1.8372,-0.4431
2018-11-09,0.1471,-0.1801,-0.0812,-0.3339,0.0541,0.1875,1.8873,-0.3941
2018-11-12,0.1471,-0.1801,-0.0812,-0.334,0.0541,0.1875,1.8874,-0.3942
2018-11-13,0.1471,-0.1801,-0.0813,-0.335,0.0541,0.1875,1.8883,-0.3951
2018-11-14,0.1471,-0.1801,-0.0813,-0.3352,0.0046,0.1875,1.839,-0.4448
2018-11-15,0.1472,-0.1801,-0.0813,-0.3354,0.0541,0.1875,1.8888,-0.3955
2018-11-16,0.1472,-0.1955,-0.0813,-0.3357,0.0045,0.1875,1.8241,-0.4608
2018-11-19,0.1472,-0.1955,-0.0813,-0.3338,0.0541,0.1875,1.8718,-0.4092
2018-11-20,0.1472,-0.1955,-0.0813,-0.3331,0.0541,0.1875,1.871,-0.4085
2018-11-21,0.1472,-0.1972,-0.0813,-0.3331,0.0541,0.1875,1.8693,-0.4102
2018-11-23,0.1473,-0.1972,-0.0813,-0.3316,0.0045,0.1875,1.8183,-0.4584
2018-11-26,0.1473,-0.1972,-0.0813,-0.3317,0.0541,0.1875,1.8679,-0.4088
2018-11-27,0.1473,-0.1972,-0.0813,-0.3317,0.0541,0.1875,1.8679,-0.4087
2018-11-28,0.1473,0.3708,-0.0813,-0.3317,0.0541,0.1875,1.7328,0.1593
2018-11-29,0.1473,0.3708,-0.0813,-0.3317,0.0541,0.1875,1.7329,0.1593
2018-11-30,0.4157,0.3719,-0.0813,-0.3317,0.0541,0.1875,2.0023,0.4287
2018-12-03,0.416,-0.1953,-0.0813,-0.3324,0.0543,0.1877,2.1373,-0.1388
2018-12-04,0.4071,-0.107,-0.1016,-0.3127,0.0543,0.1877,2.0522,-0.06
2018-12-06,0.4069,-0.1206,-0.1016,-0.3134,0.0543,0.1877,2.0392,-0.0744
2018-12-07,0.1378,-0.1687,-0.1016,-0.3142,0.0543,0.1877,1.7457,-0.3924
2018-12-10,0.1376,-0.1741,-0.1016,-0.3137,0.0045,0.1877,1.6944,-0.4472
2018-12-11,0.1375,-0.2002,-0.1016,-0.3142,0.0045,0.1877,1.6689,-0.4741
2018-12-12,0.1374,-0.2003,-0.1016,-0.314,0.0044,0.1877,1.6693,-0.474
2018-12-13,0.1373,-0.2003,-0.1016,-0.314,0.0044,0.1877,1.6692,-0.4742
2018-12-14,0.1371,-0.2024,-0.1016,-0.3133,0.0543,0.1877,1.7204,-0.4258
2018-12-17,0.137,-0.2025,-0.1016,-0.3148,0.0543,0.1877,1.7218,-0.4275
2018-12-18,0.1369,-0.2025,-0.1016,-0.315,0.0543,0.1877,1.722,-0.4279
2018-12-19,0.1367,-0.2025,-0.1015,-0.3153,0.0044,0.1877,1.6721,-0.4782
2018-12-20,0.1366,-0.2025,-0.1015,-0.3157,0.0044,0.1877,1.6724,-0.4788
2018-12-21,0.1365,-0.2123,-0.1015,-0.3168,0.0044,0.1877,1.6768,-0.4898
2018-12-24,0.1363,-0.2123,-0.1015,-0.327,0.0043,0.1877,1.6756,-0.5002
2018-12-26,0.1362,-0.2123,-0.1015,-0.3257,0.0043,0.1877,1.6742,-0.499
2018-12-27,0.1361,0.3287,-0.1015,-0.3229,0.0043,0.1877,1.5206,0.0446
2018-12-28,0.136,0.3254,-0.1015,-0.2926,0.0043,0.1877,1.4868,0.0715
2018-12-31,0.4049,0.3254,-0.1015,-0.3094,0.0042,0.1877,1.7725,0.3236
2019-01-02,0.4029,-0.2491,-0.102,-0.3119,0.0042,0.1882,1.9244,-0.2558
2019-01-03,0.2657,-0.0366,-0.1028,-0.3,0.0042,0.1882,1.4813,-0.1694
2019-01-04,0.2657,-0.0506,-0.1028,-0.2982,0.0042,0.1882,1.4655,-0.1817
2019-01-07,-0.0031,-0.09,-0.1028,-0.278,0.0042,0.1882,1.1674,-0.4699
2019-01-08,-0.0032,-0.0958,-0.1028,-0.2726,0.0549,0.1882,1.21,-0.4194
2019-01-09,-0.0032,-0.0979,-0.1028,-0.2862,0.0549,0.1882,1.1942,-0.4352
2019-01-10,-0.0032,-0.0979,-0.1028,-0.2866,0.0549,0.1882,1.1937,-0.4356
2019-01-11,-0.0033,-0.0979,-0.1028,-0.2844,0.0549,0.1882,1.1914,-0.4335
2019-01-14,-0.0033,-0.0979,-0.1028,-0.2793,0.0549,0.1882,1.1856,-0.4284
2019-01-15,-0.0034,-0.0979,-0.1028,-0.2795,0.0549,0.1882,1.1858,-0.4287
2019-01-16,-0.0034,-0.0979,-0.1028,-0.28,0.0549,0.1882,1.1858,-0.4292
2019-01-17,-0.0035,-0.0979,-0.1028,-0.2813,0.0549,0.1882,1.1855,-0.4305
2019-01-18,-0.0035,-0.0979,-0.1028,-0.2826,0.0549,0.1882,1.1852,-0.4319
2019-01-22,-0.0035,-0.0977,-0.1028,-0.2831,0.0549,0.1882,1.1856,-0.4323
2019-01-23,-0.0036,-0.0972,-0.1028,-0.2837,0.0549,0.1882,1.1856,-0.4323
2019-01-24,-0.0036,-0.0972,-0.1028,-0.2848,0.0041,0.1882,1.1358,-0.4842
2019-01-25,-0.0037,-0.0971,-0.1028,-0.2862,0.0549,0.1882,1.188,-0.4348
2019-01-28,-0.0037,-0.0967,-0.1028,-0.2876,0.0549,0.1882,1.189,-0.4359
2019-01-29,-0.0038,0.4763,-0.1028,-0.2881,0.0549,0.1882,1.6052,0.1366
2019-01-30,-0.0038,0.4763,-0.1027,-0.2813,0.0549,0.1882,1.5984,0.1433
2019-01-31,0.2649,0.4763,-0.1027,-0.2914,0.0549,0.1882,1.8774,0.4019
2019-02-01,0.2639,-0.0955,-0.1033,-0.2943,0.0554,0.1893,1.4686,-0.1738
2019-02-04,0.3622,0.5111,-0.0889,-0.3251,0.0554,0.1893,2.0078,0.5147
2019-02-05,0.3623,0.5111,-0.0889,-0.3269,0.0554,0.1893,2.0098,0.513
2019-02-06,0.094,0.511,-0.0889,-0.3288,0.0554,0.1893,1.7433,0.2427
2019-02-07,0.094,0.511,-0.0889,-0.3325,0.0554,0.1893,1.747,0.239
2019-02-08,0.0941,0.5109,-0.0889,-0.3352,0.0554,0.1893,1.7497,0.2363
2019-02-11,0.0941,0.5109,-0.0889,-0.34,0.0554,0.1893,1.7546,0.2314
2019-02-12,0.0941,0.5108,-0.0889,-0.3449,0.0554,0.1893,1.7595,0.2266
2019-02-13,0.0941,0.5107,-0.0889,-0.3454,0.0554,0.1893,1.7599,0.226
2019-02-14,0.0942,0.5107,-0.0889,-0.3481,0.0554,0.1893,1.7626,0.2233
2019-02-15,0.0942,0.5106,-0.0889,-0.35,0.0554,0.1893,1.7645,0.2214
2019-02-19,0.0942,0.5106,-0.0889,-0.3508,0.0554,0.1893,1.7654,0.2205
2019-02-20,0.0943,0.5106,-0.0889,-0.3519,0.0554,0.1893,1.7665,0.2194
2019-02-21,0.0943,0.5101,-0.0889,-0.3522,0.0554,0.1893,1.7664,0.2187
2019-02-22,0.0943,0.5101,-0.0889,-0.3562,0.0554,0.1893,1.7704,0.2147
2019-02-25,0.0944,0.51,-0.0889,-0.3597,0.0554,0.1893,1.7739,0.2112
2019-02-26,0.0944,1.0876,-0.0889,-0.3615,0.0554,0.1893,2.3534,0.7869
2019-02-27,0.0944,1.0849,-0.0889,-0.3617,0.0554,0.1893,2.3509,0.7841
2019-02-28,0.3628,1.0849,-0.0889,-0.3618,0.0554,0.1893,2.6194,1.0525
2019-03-01,0.3638,0.5081,-0.0889,-0.3629,0.0555,0.1897,2.045,0.4755
2019-03-04,0.568,0.2695,-0.1007,-0.3958,0.0555,0.1897,1.9426,0.3965
2019-03-05,0.568,0.2693,-0.1007,-0.3959,0.0555,0.1897,1.9426,0.3962
2019-03-06,0.299,0.2691,-0.1008,-0.3964,0.0555,0.1897,1.674,0.1265
2019-03-07,0.299,0.2689,-0.1008,-0.3971,0.0555,0.1897,1.6746,0.1256
2019-03-08,0.299,0.2687,-0.1008,-0.3981,0.0555,0.1897,1.6745,0.1245
2019-03-11,0.2991,0.2627,-0.1008,-0.3986,0.0555,0.1897,1.6691,0.118
2019-03-12,0.2991,0.2493,-0.1008,-0.3987,0.0555,0.1897,1.6559,0.1045
2019-03-13,0.2991,0.2491,-0.1008,-0.399,0.0555,0.1897,1.6562,0.104
2019-03-14,0.2991,0.2489,-0.1008,-0.3992,0.0555,0.1897,1.6564,0.1035
2019-03-15,0.2991,0.2487,-0.1008,-0.3982,0.0555,0.1897,1.6581,0.1043
2019-03-18,0.2991,0.2486,-0.1008,-0.3984,0.0555,0.1897,1.6582,0.104
2019-03-19,0.2992,0.2484,-0.1009,-0.399,0.0555,0.1897,1.6587,0.1032
2019-03-20,0.2992,0.2482,-0.1009,-0.4,0.0555,0.1897,1.6596,0.102
2019-03-21,0.2992,0.248,-0.1009,-0.401,0.0555,0.1897,1.6606,0.1008
2019-03-22,0.2992,0.2235,-0.1009,-0.4015,0.0555,0.1897,1.6366,0.0759
2019-03-25,0.2992,0.2197,-0.1009,-0.4018,0.0555,0.1897,1.6333,0.0718
2019-03-26,0.2992,0.1991,-0.1009,-0.4016,0.0555,0.1897,1.6127,0.0514
2019-03-27,0.2993,0.7769,-0.1009,-0.4016,0.0555,0.1897,2.1905,0.6291
2019-03-28,0.2993,0.7613,-0.1009,-0.4012,0.0555,0.1897,2.1747,0.614
2019-03-29,0.5683,0.7612,-0.1009,-0.4015,0.0555,0.1897,2.444,0.8826
2019-04-01,0.5693,0.1831,-0.101,-0.4016,0.0556,0.1901,1.8686,0.3054
2019-04-02,0.5785,0.3845,-0.1088,-0.3974,0.0556,0.1901,1.9585,0.5125
2019-04-03,0.5785,0.3893,-0.1088,-0.3978,0.0556,0.1901,1.9649,0.5167
2019-04-04,0.3088,0.3891,-0.1089,-0.3981,0.0556,0.1901,1.6952,0.2465
2019-04-05,0.3088,0.393,-0.1089,-0.3982,0.0556,0.1901,1.6992,0.2503
2019-04-08,0.3088,0.3928,-0.1089,-0.3986,0.0556,0.1901,1.6995,0.2496
2019-04-09,0.3088,0.3926,-0.1089,-0.3996,0.0556,0.1901,1.7003,0.2484
2019-04-10,0.3088,0.3924,-0.1089,-0.4002,0.0556,0.1901,1.7007,0.2476
2019-04-11,0.3088,0.3922,-0.1089,-0.4005,0.0556,0.1901,1.7008,0.2471
2019-04-12,0.3088,0.392,-0.109,-0.4014,0.0556,0.1901,1.7016,0.246
2019-04-15,0.3088,0.3918,-0.109,-0.4026,0.0556,0.1901,1.7027,0.2446
2019-04-16,0.3088,0.3998,-0.109,-0.4041,0.0556,0.1901,1.712,0.2511
2019-04-17,0.3088,0.3996,-0.109,-0.4051,0.0556,0.1901,1.7129,0.2499
2019-04-18,0.3088,0.4139,-0.109,-0.4065,0.0556,0.1901,1.7285,0.2627
2019-04-22,0.3088,0.4138,-0.109,-0.4077,0.0556,0.1901,1.7294,0.2615
2019-04-23,0.3088,0.4151,-0.1091,-0.4088,0.0556,0.1901,1.7316,0.2617
2019-04-24,0.3088,0.4149,-0.1091,-0.3775,0.0556,0.1901,1.7313,0.2928
2019-04-25,0.3088,0.4148,-0.1091,-0.4122,0.0556,0.1901,1.7346,0.2579
2019-04-26,0.3088,0.9938,-0.1091,-0.4132,0.0556,0.1901,2.2768,0.8359
2019-04-29,0.3088,0.9941,-0.1091,-0.4038,0.0556,0.1901,2.2678,0.8456
2019-04-30,0.5786,0.994,-0.1091,-0.4148,0.0556,0.1901,2.5484,1.1042
2019-05-01,0.4174,0.4152,-0.1093,-0.4181,0.0558,0.1906,1.8492,0.3611
2019-05-02,0.4607,0.341,-0.1179,-0.4139,0.0558,0.1906,1.7608,0.3256
2019-05-03,0.4607,0.3408,-0.1179,-0.4143,0.0558,0.1906,1.7612,0.3249
2019-05-06,0.1903,0.3406,-0.1179,-0.4153,0.0558,0.1906,1.4916,0.0534
2019-05-07,0.1903,0.342,-0.1179,-0.4176,0.0558,0.1906,1.4955,0.0526
2019-05-08,0.1903,0.3418,-0.118,-0.395,0.0558,0.1906,1.4728,0.0749
2019-05-09,0.1903,0.3238,-0.118,-0.4173,0.0052,0.1906,1.4266,-0.016
2019-05-10,0.1903,0.3236,-0.118,-0.4194,0.0052,0.1906,1.4286,-0.0183
2019-05-13,0.1904,0.3234,-0.118,-0.4212,0.0051,0.1906,1.4302,-0.0203
2019-05-14,0.1904,0.3236,-0.118,-0.4238,0.0548,0.1906,1.4828,0.027
2019-05-15,0.1904,0.3234,-0.118,-0.4257,0.0051,0.1906,1.4349,-0.0248
2019-05-16,0.1904,0.3232,-0.1181,-0.4278,0.0548,0.1906,1.4867,0.0226
2019-05-17,0.1904,0.3123,-0.1181,-0.4295,0.0548,0.1906,1.4777,0.01
2019-05-20,0.1905,0.3121,-0.1181,-0.4312,0.0548,0.1906,1.4793,0.0081
2019-05-21,0.1905,0.3119,-0.1181,-0.4339,0.0548,0.1906,1.4818,0.0052
2019-05-22,0.1905,0.3117,-0.1181,-0.4366,0.0548,0.1906,1.4844,0.0023
2019-05-23,0.1905,0.3115,-0.1181,-0.4384,0.0548,0.1906,1.4861,0.0003
2019-05-24,0.1906,0.3113,-0.1182,-0.4403,0.0548,0.1906,1.4879,-0.0018
2019-05-28,0.1906,0.3081,-0.1182,-0.4434,0.0548,0.1906,1.488,-0.0081
2019-05-29,0.1906,0.8883,-0.1182,-0.4441,0.0548,0.1906,2.069,0.5714
2019-05-30,0.1906,0.8577,-0.1182,-0.4418,0.0548,0.1906,2.0362,0.5432
2019-05-31,0.461,0.8548,-0.1182,-0.4423,0.0548,0.1906,2.3043,0.8102
2019-06-03,0.4631,0.2745,-0.1192,-0.4475,0.0552,0.1915,1.7351,0.2261
2019-06-04,0.4065,0.2921,-0.1236,-0.4533,0.0552,0.1915,1.8082,0.1769
2019-06-05,0.4065,0.274,-0.1237,-0.443,0.0051,0.1915,1.7405,0.119
2019-06-06,0.134,0.2733,-0.1237,-0.4441,0.0552,0.1915,1.5194,-0.1052
2019-06-07,0.134,0.2731,-0.1237,-0.4487,0.0552,0.1915,1.5238,-0.11
2019-06-10,0.134,0.2728,-0.1237,-0.4492,0.0552,0.1915,1.524,-0.1108
2019-06-11,0.134,0.2725,-0.1237,-0.4503,0.0552,0.1915,1.5249,-0.1121
2019-06-12,0.134,0.2762,-0.1237,-0.4348,0.0552,0.1915,1.5051,-0.0931
2019-06-13,0.134,0.2843,-0.1237,-0.4522,0.0552,0.1915,1.5289,-0.1024
2019-06-14,0.134,0.2857,-0.1237,-0.4527,0.0552,0.1915,1.5304,-0.1014
2019-06-17,0.134,0.2923,-0.1237,-0.4558,0.0552,0.1915,1.5389,-0.0979
2019-06-18,0.134,0.2921,-0.1237,-0.4575,0.0552,0.1915,1.5404,-0.0999
2019-06-19,0.134,0.2918,-0.1237,-0.4592,0.0552,0.1915,1.542,-0.1019
2019-06-20,0.134,0.2909,-0.1237,-0.46,0.0552,0.1915,1.5415,-0.1035
2019-06-21,0.134,0.2914,-0.1237,-0.4602,0.0552,0.1915,1.5409,-0.1033
2019-06-24,0.134,0.2922,-0.1237,-0.4461,0.0552,0.1915,1.5256,-0.0884
2019-06-25,0.134,0.3041,-0.1237,-0.4423,0.0552,0.1915,1.5336,-0.0727
2019-06-26,0.1339,0.8879,-0.1237,-0.4426,0.0552,0.1915,2.0981,0.5107
2019-06-27,0.1339,0.8876,-0.1237,-0.4429,0.0552,0.1915,2.0978,0.5101
2019-06-28,0.4064,0.8874,-0.1237,-0.4432,0.0552,0.1915,2.3703,0.7821
2019-07-01,0.4063,0.3033,-0.1238,-0.4441,0.0554,0.1918,1.8064,0.1971
2019-07-02,0.464,0.319,-0.0606,-0.384,0.0554,0.1918,1.6202,0.3938
2019-07-03,0.4641,0.3151,-0.0606,-0.3798,0.0554,0.1918,1.6123,0.3942
2019-07-05,0.1917,0.2979,-0.0606,-0.3803,0.0554,0.1918,1.3222,0.104
2019-07-08,0.1917,0.2814,-0.0606,-0.3827,0.0554,0.1918,1.3075,0.0852
2019-07-09,0.1917,0.2813,-0.0606,-0.3812,0.0554,0.1918,1.3049,0.0866
2019-07-10,0.1918,0.2797,-0.0606,-0.3816,0.0554,0.1918,1.3037,0.0846
2019-07-11,0.1918,0.2795,-0.0606,-0.3816,0.0554,0.1918,1.3034,0.0843
2019-07-12,0.1918,0.2837,-0.0607,-0.3818,0.0554,0.1918,1.3076,0.0884
2019-07-15,0.1918,0.3136,-0.0607,-0.382,0.0554,0.1918,1.3376,0.1181
2019-07-16,0.1918,0.321,-0.0607,-0.3822,0.0554,0.1918,1.345,0.1253
2019-07-17,0.1918,0.3208,-0.0607,-0.3838,0.0554,0.1918,1.3462,0.1235
2019-07-18,0.1918,0.3205,-0.0607,-0.3838,0.0554,0.1918,1.3458,0.1232
2019-07-19,0.1918,0.3203,-0.0607,-0.3842,0.0554,0.1918,1.3458,0.1225
2019-07-22,0.1919,0.3232,-0.0607,-0.3797,0.0554,0.1918,1.3442,0.13
2019-07-23,0.1919,0.3234,-0.0608,-0.3783,0.0554,0.1918,1.3429,0.1316
2019-07-24,0.1919,0.3233,-0.0608,-0.38,0.0554,0.1918,1.3445,0.1298
2019-07-25,0.1919,0.332,-0.0608,-0.3801,0.0554,0.1918,1.3529,0.1383
2019-07-26,0.1919,0.3318,-0.0608,-0.3821,0.0554,0.1918,1.3543,0.1361
2019-07-29,0.1919,0.9164,-0.0608,-0.3821,0.0554,0.1918,1.9389,0.7208
2019-07-30,0.1919,0.9162,-0.0608,-0.3823,0.0554,0.1918,1.9385,0.7204
2019-07-31,0.4643,0.916,-0.0608,-0.3784,0.0554,0.1918,2.2116,0.9963
2019-08-01,0.4641,0.3317,-0.0609,-0.3814,0.0554,0.1917,1.6293,0.4089
2019-08-02,0.4266,0.3277,-0.0181,-0.4633,0.0554,0.1917,1.6143,0.3282
2019-08-05,0.4266,0.316,-0.0181,-0.4326,0.0554,0.1917,1.572,0.3472
2019-08-06,0.1543,0.302,-0.0181,-0.432,0.0554,0.1917,1.2851,0.0615
2019-08-07,0.1543,0.2919,-0.0181,-0.4234,0.0051,0.1917,1.2162,0.0098
2019-08-08,0.1543,0.2782,-0.0182,-0.4234,0.0051,0.1917,1.2025,-0.0039
2019-08-09,0.1543,0.278,-0.0182,-0.4234,0.0554,0.1917,1.2527,0.0462
2019-08-12,0.1543,0.2772,-0.0182,-0.4234,0.0554,0.1917,1.252,0.0453
2019-08-13,0.1543,0.277,-0.0182,-0.4234,0.0554,0.1917,1.2519,0.0451
2019-08-14,0.1543,0.263,-0.0182,-0.4235,0.0051,0.1917,1.1876,-0.0193
2019-08-15,0.1543,0.2604,-0.0183,-0.4179,0.0554,0.1917,1.2299,0.034
2019-08-16,0.1543,0.2529,-0.0183,-0.4167,0.005,0.1917,1.1708,-0.0227
2019-08-19,0.1543,0.2526,-0.0183,-0.4167,0.005,0.1917,1.1706,-0.023
2019-08-20,0.1543,0.2524,-0.0183,-0.4181,0.0555,0.1917,1.2222,0.0258
2019-08-21,0.1543,0.2522,-0.0183,-0.4194,0.0555,0.1917,1.2234,0.0243
2019-08-22,0.1543,0.252,-0.0184,-0.4201,0.0555,0.1917,1.2239,0.0234
2019-08-23,0.1543,0.2518,-0.0184,-0.4217,0.0555,0.1917,1.2254,0.0215
2019-08-26,0.1543,0.2516,-0.0184,-0.4212,0.0555,0.1917,1.2248,0.0218
2019-08-27,0.1543,0.2505,-0.0184,-0.4219,0.0555,0.1917,1.2244,0.0201
2019-08-28,0.1543,0.8255,-0.0184,-0.3992,0.0555,0.1917,1.8164,0.6177
2019-08-29,0.1543,0.8235,-0.0185,-0.4174,0.0555,0.1917,1.7962,0.5974
2019-08-30,0.4266,0.8027,-0.0185,-0.4174,0.0555,0.1917,2.0752,0.8488
2019-09-03,0.4232,0.2171,-0.0185,-0.4186,0.0555,0.1915,1.4874,0.2587
2019-09-04,0.2016,0.529,-0.022,-0.3532,0.0555,0.1915,1.4947,0.411
2019-09-05,0.2016,0.5231,-0.022,-0.3532,0.0555,0.1915,1.4975,0.4049
2019-09-06,-0.0698,0.5113,-0.022,-0.3523,0.0555,0.1915,1.2367,0.1227
2019-09-09,-0.0698,0.5349,-0.022,-0.3512,0.0555,0.1915,1.2143,0.1474
2019-09-10,-0.0698,0.5349,-0.022,-0.3512,0.0555,0.1915,1.2143,0.1473
2019-09-11,-0.0698,0.5517,-0.022,-0.3512,0.0555,0.1915,1.2139,0.1641
2019-09-12,-0.0698,0.5768,-0.022,-0.3513,0.0555,0.1915,1.2391,0.1891
2019-09-13,-0.0698,0.5808,-0.022,-0.3513,0.0555,0.1915,1.2431,0.1931
2019-09-16,-0.0698,0.5902,-0.022,-0.3513,0.0555,0.1915,1.2525,0.2025
2019-09-17,-0.0698,0.6144,-0.022,-0.3512,0.0555,0.1915,1.2766,0.2268
2019-09-18,-0.0698,0.6143,-0.022,-0.3525,0.0555,0.1915,1.2778,0.2255
2019-09-19,-0.0698,0.6139,-0.022,-0.3541,0.0555,0.1915,1.2791,0.2234
2019-09-20,-0.0698,0.6138,-0.022,-0.356,0.0555,0.1915,1.2808,0.2214
2019-09-23,-0.0698,0.6137,-0.022,-0.3409,0.0555,0.1915,1.2657,0.2364
2019-09-24,-0.0698,0.6136,-0.022,-0.3409,0.0555,0.1915,1.2656,0.2364
2019-09-25,-0.0698,0.605,-0.022,-0.3409,0.0555,0.1915,1.257,0.2278
2019-09-26,-0.0698,1.1859,-0.022,-0.3409,0.0555,0.1915,1.8379,0.8087
2019-09-27,-0.0698,1.1868,-0.022,-0.3388,0.0555,0.1915,1.8367,0.8117
2019-09-30,0.2016,1.1892,-0.022,-0.3387,0.0555,0.1915,2.1104,1.0855
2019-10-01,0.2047,0.6103,-0.0223,-0.3432,0.0563,0.1944,1.544,0.5058
2019-10-02,0.4014,0.236,-0.0262,-0.3365,0.0563,0.1944,1.4389,0.331
2019-10-03,0.4014,0.236,-0.0262,-0.3359,0.0563,0.1944,1.4383,0.3315
2019-10-04,0.1261,0.2363,-0.0262,-0.3385,0.0563,0.1944,1.1659,0.054
2019-10-07,0.1262,0.237,-0.0262,-0.3385,0.0563,0.1944,1.1666,0.0547
2019-10-08,0.1262,0.2326,-0.0262,-0.3385,0.0563,0.1944,1.1623,0.0504
2019-10-09,0.1262,0.2265,-0.0262,-0.3385,0.0563,0.1944,1.1561,0.0443
2019-10-10,0.1262,0.2268,-0.0262,-0.3385,0.0563,0.1944,1.1564,0.0446
2019-10-11,0.1262,0.2314,-0.0262,-0.3387,0.0563,0.1944,1.1613,0.049
2019-10-14,0.1262,0.2552,-0.0262,-0.3361,0.0563,0.1944,1.1825,0.0754
2019-10-15,0.1262,0.2741,-0.0262,-0.334,0.0563,0.1944,1.1992,0.0963
2019-10-16,0.1262,0.2744,-0.0262,-0.3346,0.0563,0.1944,1.2002,0.096
2019-10-17,0.1262,0.2773,-0.0262,-0.3355,0.0563,0.1944,1.204,0.0981
2019-10-18,0.1262,0.2805,-0.0262,-0.3377,0.0563,0.1944,1.2093,0.0991
2019-10-21,0.1262,0.2823,-0.0262,-0.3383,0.0563,0.1944,1.2118,0.1003
2019-10-22,0.1262,0.2835,-0.0262,-0.3393,0.0563,0.1944,1.2139,0.1004
2019-10-23,0.1262,0.2971,-0.0262,-0.3407,0.0563,0.1944,1.2289,0.1127
2019-10-24,0.1262,0.2978,-0.0261,-0.342,0.0563,0.1944,1.2309,0.1122
2019-10-25,0.1262,0.2983,-0.0261,-0.3433,0.0563,0.1944,1.2328,0.1114
2019-10-28,0.1262,0.2974,-0.0261,-0.3447,0.0563,0.1944,1.2332,0.1091
2019-10-29,0.1262,0.8958,-0.0261,-0.3448,0.0563,0.1944,1.8317,0.7073
2019-10-30,0.1262,0.9122,-0.0261,-0.345,0.0563,0.1944,1.8483,0.7236
2019-10-31,0.4015,0.9188,-0.0261,-0.3452,0.0563,0.1944,2.1304,1.0053
2019-11-01,0.571,0.3232,-0.0261,-0.3465,0.0565,0.1951,1.7063,0.5779
2019-11-04,0.7335,0.3169,-0.0272,-0.3499,0.0565,0.1951,1.7433,0.7298
2019-11-05,0.7335,0.3196,-0.0272,-0.3498,0.0565,0.1951,1.7459,0.7325
2019-11-06,0.4579,0.332,-0.0272,-0.3498,0.0565,0.1951,1.4827,0.4693
2019-11-07,0.4578,0.3445,-0.0272,-0.3481,0.0565,0.1951,1.4936,0.4835
2019-11-08,0.4578,0.3444,-0.0272,-0.3481,0.0565,0.1951,1.4936,0.4834
2019-11-11,0.4578,0.3582,-0.0272,-0.3482,0.0565,0.1951,1.5075,0.4972
2019-11-12,0.4578,0.3637,-0.0272,-0.3482,0.0565,0.1951,1.513,0.5027
2019-11-13,0.4578,0.3666,-0.0272,-0.3482,0.0565,0.1951,1.516,0.5055
2019-11-14,0.4578,0.3665,-0.0272,-0.3482,0.0565,0.1951,1.516,0.5054
2019-11-15,0.4578,0.3665,-0.0272,-0.3482,0.0565,0.1951,1.516,0.5054
2019-11-18,0.4578,0.355,-0.0272,-0.3486,0.0565,0.1951,1.5048,0.4935
2019-11-19,0.4578,0.3549,-0.0271,-0.3488,0.0565,0.1951,1.5051,0.4932
2019-11-20,0.4578,0.3547,-0.0271,-0.3493,0.0565,0.1951,1.5054,0.4925
2019-11-21,0.4578,0.3541,-0.0271,-0.3503,0.0565,0.1951,1.5059,0.491
2019-11-22,0.4578,0.3376,-0.0271,-0.3529,0.0565,0.1951,1.492,0.4718
2019-11-25,0.4578,0.3375,-0.0271,-0.3537,0.0565,0.1951,1.4928,0.4709
2019-11-26,0.4578,0.9333,-0.0271,-0.3537,0.0565,0.1951,2.0886,1.0667
2019-11-27,0.4578,0.9278,-0.0271,-0.3538,0.0565,0.1951,2.0833,1.0613
2019-11-29,0.7335,0.9117,-0.0271,-0.3547,0.0565,0.1951,2.3438,1.3198
2019-12-02,0.7351,0.3233,-0.0271,-0.3566,0.0566,0.1955,1.7589,0.7313
2019-12-03,0.7544,0.326,-0.0277,-0.361,0.0566,0.1955,1.759,0.7482
2019-12-04,0.7544,0.3396,-0.0277,-0.361,0.0566,0.1955,1.7714,0.7619
2019-12-05,0.4781,0.3158,-0.0277,-0.3599,0.0566,0.1955,1.4697,0.4629
2019-12-06,0.4781,0.3305,-0.0277,-0.3599,0.0566,0.1955,1.4844,0.4776
2019-12-09,0.4781,0.3385,-0.0277,-0.3599,0.0566,0.1955,1.4923,0.4856
2019-12-10,0.4781,0.357,-0.0277,-0.3599,0.0566,0.1955,1.5109,0.5041
2019-12-11,0.4781,0.3612,-0.0277,-0.3602,0.0566,0.1955,1.5147,0.5079
2019-12-12,0.4781,0.3574,-0.0277,-0.3607,0.0566,0.1955,1.5104,0.5036
2019-12-13,0.4781,0.3478,-0.0277,-0.3603,0.0566,0.1955,1.499,0.4944
2019-12-16,0.4781,0.3636,-0.0277,-0.3606,0.0566,0.1955,1.5146,0.51
2019-12-17,0.4781,0.3535,-0.0277,-0.3599,0.0566,0.1955,1.5038,0.5005
2019-12-18,0.4781,0.3591,-0.0277,-0.3601,0.0566,0.1955,1.5096,0.506
2019-12-19,0.4781,0.3623,-0.0277,-0.356,0.0566,0.1955,1.5168,0.5133
2019-12-20,0.4781,0.3789,-0.0277,-0.356,0.0566,0.1955,1.5334,0.5298
2019-12-23,0.4781,0.3851,-0.0277,-0.3566,0.0566,0.1955,1.5402,0.5354
2019-12-24,0.478,0.3857,-0.0277,-0.3568,0.0566,0.1955,1.541,0.5358
2019-12-26,0.478,0.3915,-0.0277,-0.3569,0.0566,0.1955,1.5469,0.5415
2019-12-27,0.478,0.9888,-0.0277,-0.3569,0.0566,0.1955,2.1443,1.1387
2019-12-30,0.478,0.9893,-0.0277,-0.3329,0.0566,0.1955,2.142,1.1633
2019-12-31,0.7543,0.992,-0.0277,-0.3543,0.0566,0.1955,2.4265,1.4209
2020-01-02,0.7625,0.4053,-0.028,-0.3594,0.0572,0.1977,1.8552,0.8375
2020-01-03,0.8115,0.4067,-0.0024,-0.3301,0.0572,0.1977,2.2002,0.9429
2020-01-06,0.8115,0.4082,-0.0024,-0.3301,0.0572,0.1977,2.2018,0.9444
2020-01-07,0.5321,0.376,-0.0024,-0.3301,0.0572,0.1977,1.8902,0.6327
2020-01-08,0.5321,0.3717,-0.0024,-0.3301,0.0572,0.1977,1.886,0.6285
2020-01-09,0.5321,0.3826,-0.0024,-0.3305,0.0572,0.1977,1.8975,0.6389
2020-01-10,0.5321,0.3924,-0.0024,-0.3305,0.0572,0.1977,1.9073,0.6487
2020-01-13,0.5321,0.3935,-0.0024,-0.3305,0.0572,0.1977,1.9085,0.6498
2020-01-14,0.5321,0.384,-0.0024,-0.3308,0.0572,0.1977,1.8992,0.64
2020-01-15,0.5321,0.3839,-0.0024,-0.331,0.0572,0.1977,1.8995,0.6397
2020-01-16,0.5321,0.3784,-0.0024,-0.3312,0.0572,0.1977,1.8942,0.6339
2020-01-17,0.532,0.3704,-0.0024,-0.3318,0.0572,0.1977,1.8859,0.6254
2020-01-21,0.532,0.3839,-0.0024,-0.3329,0.0572,0.1977,1.8999,0.6378
2020-01-22,0.532,0.4021,-0.0024,-0.3331,0.0572,0.1977,1.9183,0.6557
2020-01-23,0.532,0.3681,-0.0024,-0.334,0.0572,0.1977,1.8843,0.6208
2020-01-24,0.532,0.3703,-0.0024,-0.335,0.0572,0.1977,1.8876,0.622
2020-01-27,0.532,0.3661,-0.0024,-0.3354,0.0572,0.1977,1.884,0.6174
2020-01-28,0.532,0.347,-0.0024,-0.3363,0.0572,0.1977,1.8657,0.5975
2020-01-29,0.532,0.9136,-0.0024,-0.3223,0.006,0.1977,2.3661,1.1268
2020-01-30,0.532,0.9103,-0.0024,-0.3357,0.0564,0.1977,2.4259,1.1605
2020-01-31,0.8113,0.8943,-0.0024,-0.3372,0.0564,0.1977,2.6897,1.4224
2020-02-03,0.8115,0.2776,-0.0024,-0.3389,0.0564,0.1979,2.0755,0.8042
2020-02-04,0.7385,0.2927,-0.035,-0.4442,0.006,0.1979,1.8899,0.5579
2020-02-05,0.7385,0.2894,-0.035,-0.4437,0.0564,0.1979,1.9388,0.6056
2020-02-06,0.4589,0.3091,-0.035,-0.4437,0.0564,0.1979,1.679,0.3458
2020-02-07,0.4589,0.3264,-0.035,-0.4437,0.0564,0.1979,1.6963,0.3631
2020-02-10,0.4589,0.3265,-0.035,-0.4437,0.0564,0.1979,1.6964,0.3631
2020-02-11,0.4589,0.3186,-0.035,-0.4437,0.0564,0.1979,1.6885,0.3552
2020-02-12,0.4589,0.3041,-0.035,-0.4437,0.0564,0.1979,1.6741,0.3407
2020-02-13,0.4589,0.304,-0.035,-0.4436,0.0564,0.1979,1.6741,0.3407
2020-02-14,0.4589,0.3179,-0.035,-0.4436,0.0564,0.1979,1.688,0.3545
2020-02-18,0.4588,0.3068,-0.035,-0.4436,0.0564,0.1979,1.6769,0.3435
2020-02-19,0.4588,0.3067,-0.035,-0.4437,0.0564,0.1979,1.677,0.3432
2020-02-20,0.4588,0.2992,-0.035,-0.4437,0.0564,0.1979,1.6696,0.3358
2020-02-21,0.4588,0.2984,-0.035,-0.4351,0.0564,0.1979,1.6601,0.3436
2020-02-24,0.4588,0.2898,-0.035,-0.433,0.0564,0.1979,1.6495,0.3371
2020-02-25,0.4588,0.26,-0.035,-0.4324,0.0564,0.1979,1.6391,0.3078
2020-02-26,0.4588,0.8593,-0.035,-0.4287,0.0059,0.1979,2.1869,0.8603
2020-02-27,0.4587,0.8416,-0.035,-0.4278,0.0059,0.1979,2.1963,0.8435
2020-02-28,0.7383,0.8333,-0.0349,-0.4278,0.0059,0.1979,2.4836,1.1148
2020-03-02,0.7342,0.2514,-0.0349,-0.4195,0.0059,0.1967,1.8448,0.537
2020-03-03,0.5599,0.2721,-0.0428,-0.2524,0.0058,0.1967,1.3363,0.5427
2020-03-04,0.5599,0.2954,-0.0428,-0.2478,0.0058,0.1967,1.3549,0.5705
2020-03-05,0.2803,0.3232,-0.0428,-0.2419,0.0058,0.1967,1.0973,0.3245
2020-03-06,0.2803,0.3699,-0.0428,-0.2062,0.0058,0.1967,1.1231,0.4069
2020-03-09,0.2802,0.37,-0.0428,-0.1929,0.0057,0.1967,1.1131,0.4202
2020-03-10,0.2802,0.3651,-0.0429,-0.1906,0.0057,0.1967,1.1059,0.4176
2020-03-11,0.2802,0.3559,-0.0429,-0.1731,0.0057,0.1967,1.0873,0.4257
2020-03-12,0.2802,0.3549,-0.0429,-0.155,0.0057,0.1967,1.0922,0.4428
2020-03-13,0.2802,0.3642,-0.0429,-0.1567,0.0056,0.1967,1.0998,0.4504
2020-03-16,0.2802,0.3811,-0.0429,-0.1536,0.0056,0.1967,1.1142,0.4703
2020-03-17,0.2801,0.3951,-0.043,-0.1522,0.0056,0.1967,1.1295,0.4857
2020-03-18,0.2801,0.362,-0.043,-0.1073,0.0056,0.1967,1.104,0.4973
2020-03-19,0.2801,0.3635,-0.043,-0.1059,0.0055,0.1967,1.1063,0.5002
2020-03-20,0.2801,0.3793,-0.043,-0.1063,0.0055,0.1967,1.1215,0.5155
2020-03-23,0.2801,0.3797,-0.043,-0.1049,0.0055,0.1967,1.1227,0.5173
2020-03-24,0.28,0.3645,-0.043,-0.105,0.0055,0.1967,1.1075,0.5021
2020-03-25,0.28,0.3551,-0.0431,-0.1049,0.0054,0.1967,1.098,0.4925
2020-03-26,0.28,0.3551,-0.0431,-0.1049,0.0054,0.1967,1.0981,0.4926
2020-03-27,0.28,0.9637,-0.0431,-0.1072,0.0054,0.1967,1.7042,1.0988
2020-03-30,0.28,0.9638,-0.0431,-0.1072,0.0054,0.1967,1.7039,1.0987
2020-03-31,0.5596,0.9635,-0.0431,-0.1109,0.0053,0.1967,1.9816,1.3744
2020-04-01,0.5127,0.346,-0.0416,-0.1072,0.0052,0.1765,1.3043,0.7151
2020-04-02,0.4029,0.2457,-0.0428,-0.0577,0.0052,0.1765,0.9372,0.5533
2020-04-03,0.4028,0.2456,-0.0428,-0.0577,0.0052,0.1765,0.937,0.553
2020-04-06,0.1348,0.2455,-0.0428,-0.0577,0.0052,0.1765,0.6689,0.285
2020-04-07,0.1348,0.2454,-0.0428,-0.0578,0.0051,0.1765,0.6686,0.2847
2020-04-08,0.1347,0.2452,-0.0428,-0.0578,0.0051,0.1765,0.6684,0.2845
2020-04-09,0.1347,0.2515,-0.0428,-0.0578,0.0051,0.1765,0.6745,0.2906
2020-04-13,0.1346,0.2513,-0.0428,-0.0578,0.0051,0.1765,0.6742,0.2904
2020-04-14,0.1346,0.2512,-0.0428,-0.0578,0.005,0.1765,0.674,0.2902
2020-04-15,0.1345,0.2511,-0.0428,-0.0578,0.005,0.1765,0.6738,0.29
2020-04-16,0.1345,0.2536,-0.0428,-0.0578,0.005,0.1765,0.6761,0.2924
2020-04-17,0.1344,0.2535,-0.0428,-0.0579,0.005,0.1765,0.6759,0.2921
2020-04-20,0.1344,0.2534,-0.0429,-0.0579,0.0049,0.1765,0.6756,0.2919
2020-04-21,0.1343,0.2534,-0.0429,-0.0579,0.0049,0.1765,0.6755,0.2918
2020-04-22,0.1342,0.2532,-0.0429,-0.0579,0.0049,0.1765,0.6753,0.2916
2020-04-23,0.1342,0.2559,-0.0429,-0.0579,0.0049,0.1765,0.6778,0.2942
2020-04-24,0.1341,0.2616,-0.0429,-0.0579,0.0048,0.1765,0.6834,0.2997
2020-04-27,0.1341,0.2646,-0.0429,-0.0579,0.0048,0.1765,0.6863,0.3027
2020-04-28,0.134,0.8501,-0.0429,-0.058,0.0534,0.1765,1.3203,0.9366
2020-04-29,0.134,0.8616,-0.0429,-0.058,0.0535,0.1765,1.3317,0.9481
2020-04-30,0.4018,0.8615,-0.0429,-0.058,0.0551,0.1765,1.6011,1.2175
2020-05-01,0.2543,0.2825,-0.0435,-0.0588,0.0566,0.1755,0.8796,0.4912
2020-05-04,0.262,0.4959,-0.0258,-0.0583,0.0574,0.1755,1.0832,0.7312
2020-05-05,0.2619,0.4961,-0.0258,-0.0583,0.0574,0.1755,1.0834,0.7314
2020-05-06,-0.006,0.4984,-0.0258,-0.0582,0.0574,0.1755,0.8179,0.4658
2020-05-07,-0.0061,0.5039,-0.0258,-0.0582,0.0574,0.1755,0.8234,0.4712
2020-05-08,-0.0062,0.5172,-0.0258,-0.0582,0.0574,0.1755,0.8366,0.4844
2020-05-11,-0.0062,0.5069,-0.0258,-0.0582,0.0574,0.1755,0.8264,0.4741
2020-05-12,-0.0063,0.5102,-0.0258,-0.0582,0.0574,0.1755,0.8297,0.4773
2020-05-13,-0.0064,0.5198,-0.0258,-0.0582,0.0574,0.1755,0.8394,0.4869
2020-05-14,-0.0065,0.5198,-0.0257,-0.0582,0.0574,0.1755,0.8394,0.4868
2020-05-15,-0.0066,0.52,-0.0257,-0.0582,0.0574,0.1755,0.8395,0.4869
2020-05-18,-0.0066,0.5199,-0.0257,-0.0582,0.0574,0.1755,0.8395,0.4868
2020-05-19,-0.0067,0.525,-0.0257,-0.0581,0.0574,0.1755,0.8446,0.4918
2020-05-20,-0.0068,0.5445,-0.0257,-0.0581,0.0574,0.1755,0.8641,0.5112
2020-05-21,-0.0069,0.5449,-0.0257,-0.0581,0.0574,0.1755,0.8645,0.5116
2020-05-22,-0.007,0.5451,-0.0257,-0.0581,0.0574,0.1755,0.8647,0.5117
2020-05-26,-0.0071,0.5547,-0.0257,-0.0581,0.0574,0.1755,0.8743,0.5213
2020-05-27,-0.0071,1.1484,-0.0257,-0.0581,0.0574,0.1755,1.468,1.1149
2020-05-28,-0.0072,1.1511,-0.0256,-0.0581,0.0574,0.1755,1.4708,1.1176
2020-05-29,0.2605,1.1524,-0.0256,-0.0581,0.0574,0.1755,1.7399,1.3867
2020-06-01,0.2601,0.5637,-0.0256,-0.0581,0.0573,0.1747,1.1509,0.7973
2020-06-02,0.3272,0.3802,-0.0201,-0.1105,0.0573,0.1747,1.2633,0.6342
2020-06-03,0.3273,0.3822,-0.0201,-0.1105,0.0573,0.1747,1.2654,0.6363
2020-06-04,0.0598,0.3887,-0.0201,-0.1105,0.0573,0.1747,1.0045,0.3753
2020-06-05,0.0599,0.4014,-0.0201,-0.1105,0.0573,0.1747,1.0174,0.3881
2020-06-08,0.0599,0.4257,-0.0201,-0.1105,0.0573,0.1747,1.0418,0.4124
2020-06-09,0.0599,0.4659,-0.02,-0.1104,0.0573,0.1747,1.0822,0.4527
2020-06-10,0.06,0.4619,-0.02,-0.1104,0.0573,0.1747,1.0783,0.4488
2020-06-11,0.06,0.4368,-0.02,-0.1104,0.0573,0.1747,1.0534,0.4237
2020-06-12,0.06,0.3854,-0.02,-0.1104,0.0573,0.1747,1.0021,0.3724
2020-06-15,0.0601,0.3728,-0.02,-0.1104,0.005,0.1747,0.9372,0.3074
2020-06-16,0.0601,0.3772,-0.02,-0.1103,0.0507,0.1747,0.9875,0.3577
2020-06-17,0.0601,0.3781,-0.02,-0.1103,0.052,0.1747,0.9898,0.36
2020-06-18,0.0602,0.392,-0.02,-0.1102,0.0535,0.1747,1.0052,0.3755
2020-06-19,0.0602,0.3975,-0.02,-0.1102,0.0551,0.1747,1.0125,0.3826
2020-06-22,0.0602,0.4101,-0.02,-0.1102,0.0568,0.1747,1.0269,0.3969
2020-06-23,0.0603,0.4105,-0.02,-0.1101,0.0572,0.1747,1.0279,0.3979
2020-06-24,0.0603,0.4217,-0.02,-0.1101,0.0572,0.1747,1.0392,0.4091
2020-06-25,0.0603,0.427,-0.02,-0.1101,0.0572,0.1747,1.0447,0.4145
2020-06-26,0.0604,1.0305,-0.02,-0.1101,0.0572,0.1747,1.6483,1.018
2020-06-29,0.0604,1.0305,-0.02,-0.1101,0.0572,0.1747,1.6484,1.0181
2020-06-30,0.3279,1.0305,-0.02,-0.11,0.0572,0.1747,1.9161,1.2856
2020-07-01,0.3289,0.436,-0.02,-0.1105,0.0571,0.174,1.324,0.6915
2020-07-02,0.3321,0.493,-0.0138,-0.1209,0.0571,0.174,1.4809,0.7474
2020-07-06,0.3321,0.5195,-0.0138,-0.1209,0.0571,0.174,1.5076,0.774
2020-07-07,0.0639,0.5159,-0.0138,-0.1214,0.0571,0.174,1.2354,0.5016
2020-07-08,0.0639,0.5297,-0.0138,-0.1217,0.0571,0.174,1.249,0.5152
2020-07-09,0.0639,0.5178,-0.0138,-0.1222,0.0571,0.174,1.2367,0.5027
2020-07-10,0.0639,0.5195,-0.0138,-0.1223,0.0571,0.174,1.2386,0.5045
2020-07-13,0.064,0.5174,-0.0138,-0.1223,0.0571,0.174,1.2366,0.5024
2020-07-14,0.064,0.5252,-0.0138,-0.1228,0.0571,0.174,1.244,0.5097
2020-07-15,0.064,0.5252,-0.0138,-0.1235,0.0571,0.174,1.2434,0.509
2020-07-16,0.064,0.5068,-0.0138,-0.1242,0.0571,0.174,1.2244,0.4899
2020-07-17,0.064,0.5119,-0.0138,-0.1242,0.0571,0.174,1.2296,0.495
2020-07-20,0.0641,0.5361,-0.0138,-0.1242,0.0571,0.174,1.254,0.5192
2020-07-21,0.0641,0.5483,-0.0138,-0.1243,0.0571,0.174,1.2664,0.5315
2020-07-22,0.0641,0.5479,-0.0138,-0.1243,0.0571,0.174,1.266,0.531
2020-07-23,0.0641,0.5377,-0.0138,-0.1243,0.0571,0.174,1.256,0.5209
2020-07-24,0.0642,0.538,-0.0138,-0.1243,0.0571,0.174,1.2564,0.5211
2020-07-27,0.0642,0.5396,-0.0138,-0.1243,0.0571,0.174,1.2581,0.5228
2020-07-28,0.0642,0.5437,-0.0138,-0.1243,0.0571,0.174,1.2623,0.5268
2020-07-29,0.0642,1.1717,-0.0138,-0.1243,0.0571,0.174,1.8904,1.1548
2020-07-30,0.0642,1.1526,-0.0138,-0.1244,0.0571,0.174,1.8713,1.1358
2020-07-31,0.3325,1.1496,-0.0138,-0.1244,0.0571,0.174,2.1365,1.4011
2020-08-03,0.3327,0.5447,-0.0138,-0.1248,0.0571,0.1739,1.5316,0.796
2020-08-04,0.4026,0.6532,-0.0022,0.0002,0.0571,0.1739,1.8364,1.1109
2020-08-05,0.4027,0.6476,-0.0022,0.0002,0.0571,0.1739,1.8309,1.1054
2020-08-06,0.1344,0.6395,-0.0022,0.0002,0.0571,0.1739,1.5544,0.8289
2020-08-07,0.1344,0.6395,-0.0023,0.0003,0.0571,0.1739,1.5545,0.829
2020-08-10,0.1345,0.6354,-0.0023,0.0003,0.0571,0.1739,1.5505,0.825
2020-08-11,0.1345,0.6393,-0.0023,0.0005,0.0571,0.1739,1.5542,0.8291
2020-08-12,0.1346,0.6447,-0.0023,0.0006,0.0571,0.1739,1.5596,0.8346
2020-08-13,0.1346,0.6634,-0.0023,0.0006,0.0571,0.1739,1.5784,0.8534
2020-08-14,0.1347,0.7005,-0.0024,0.0007,0.0571,0.1739,1.6156,0.8906
2020-08-17,0.1347,0.7357,-0.0024,0.0008,0.0571,0.1739,1.6507,0.9259
2020-08-18,0.1348,0.7301,-0.0024,0.0008,0.0571,0.1739,1.6452,0.9204
2020-08-19,0.1348,0.7306,-0.0024,0.0008,0.0571,0.1739,1.6457,0.9209
2020-08-20,0.1348,0.7244,-0.0024,0.0006,0.0571,0.1739,1.6392,0.9146
2020-08-21,0.1349,0.7362,-0.0025,0.0008,0.0571,0.1739,1.6509,0.9265
2020-08-24,0.1349,0.7282,-0.0025,0.0008,0.0571,0.1739,1.643,0.9186
2020-08-25,0.135,0.7267,-0.0025,0.001,0.0571,0.1739,1.6413,0.9173
2020-08-26,0.135,0.7257,-0.0025,0.001,0.0571,0.1739,1.6405,0.9164
2020-08-27,0.1351,1.36,-0.0026,0.0011,0.0571,0.1739,2.2748,1.5507
2020-08-28,0.1351,1.3485,-0.0026,0.0012,0.0571,0.1739,2.2633,1.5394
2020-08-31,0.4035,1.3889,-0.0026,0.0014,0.0571,0.1739,2.572,1.8483
2020-09-01,0.4044,0.7997,-0.0026,0.0015,0.0572,0.1742,1.9837,1.2603
2020-09-02,0.4841,0.8178,0.0,0.0541,0.0572,0.1742,1.98,1.4132
2020-09-03,0.4841,0.7982,0.0,0.0541,0.0572,0.1742,1.9604,1.3936
2020-09-04,0.2152,0.7679,0.0,0.0542,0.0572,0.1742,1.6612,1.0945
2020-09-08,0.2152,0.7468,0.0,0.0542,0.0572,0.1742,1.6401,1.0734
2020-09-09,0.2152,0.8002,0.0,0.0542,0.0572,0.1742,1.6935,1.1269
2020-09-10,0.2152,0.7745,0.0,0.0537,0.0572,0.1742,1.6672,1.1006
2020-09-11,0.2152,0.7765,0.0,0.0537,0.0572,0.1742,1.6692,1.1026
2020-09-14,0.2152,0.7483,-0.0,0.0537,0.0572,0.1742,1.641,1.0744
2020-09-15,0.2152,0.7519,-0.0,0.0537,0.0572,0.1742,1.6445,1.078
2020-09-16,0.2152,0.7744,-0.0,0.0537,0.0572,0.1742,1.667,1.1005
2020-09-17,0.2152,0.7797,-0.0,0.0537,0.0572,0.1742,1.6724,1.1058
2020-09-18,0.2152,0.7959,-0.0,0.0537,0.0572,0.1742,1.6885,1.122
2020-09-21,0.2153,0.818,-0.0,0.0538,0.0572,0.1742,1.7107,1.1442
2020-09-22,0.2153,0.8345,-0.0,0.0538,0.0572,0.1742,1.7272,1.1607
2020-09-23,0.2153,0.8134,-0.0001,0.0538,0.0572,0.1742,1.7061,1.1397
2020-09-24,0.2153,0.8141,-0.0001,0.0538,0.0572,0.1742,1.7067,1.1404
2020-09-25,0.2153,0.8249,-0.0001,0.0539,0.0572,0.1742,1.7176,1.1512
2020-09-28,0.2153,1.4162,-0.0001,0.0539,0.0572,0.1742,2.3088,1.7425
2020-09-29,0.2153,1.4121,-0.0001,0.0539,0.0572,0.1742,2.3047,1.7384
2020-09-30,0.4843,1.3946,-0.0001,0.0539,0.0572,0.1742,2.5562,1.9899
2020-10-01,0.4836,0.802,-0.0001,0.0541,0.0574,0.1745,1.9649,1.3971
2020-10-02,0.4536,0.8782,0.0065,0.0191,0.0574,0.1745,2.0296,1.4149
2020-10-05,0.4535,0.8787,0.0065,0.0191,0.0574,0.1745,2.0301,1.4153
2020-10-06,0.1851,0.8899,0.0065,0.0192,0.0574,0.1745,1.7728,1.1581
2020-10-07,0.1851,0.9446,0.0065,0.0192,0.0574,0.1745,1.8275,1.2129
2020-10-08,0.1851,0.9586,0.0065,0.0193,0.0574,0.1745,1.8413,1.2269
2020-10-09,0.1851,0.971,0.0065,0.0194,0.0574,0.1745,1.8536,1.2394
2020-10-12,0.185,0.9789,0.0065,0.0194,0.0574,0.1745,1.8615,1.2474
2020-10-13,0.185,0.9791,0.0065,0.0194,0.0574,0.1745,1.8616,1.2475
2020-10-14,0.185,0.9826,0.0065,0.0195,0.0574,0.1745,1.8651,1.251
2020-10-15,0.185,0.9455,0.0065,0.0196,0.0574,0.1745,1.8279,1.214
2020-10-16,0.185,0.9203,0.0065,0.0197,0.0574,0.1745,1.8025,1.1889
2020-10-19,0.1849,0.9484,0.0065,0.0197,0.0574,0.1745,1.8306,1.217
2020-10-20,0.1849,0.9512,0.0065,0.0197,0.0574,0.1745,1.8334,1.2198
2020-10-21,0.1849,0.9861,0.0065,0.0198,0.0574,0.1745,1.8682,1.2548
2020-10-22,0.1849,0.9992,0.0065,0.0198,0.0574,0.1745,1.8813,1.2678
2020-10-23,0.1849,1.0327,0.0065,0.0199,0.0574,0.1745,1.9147,1.3014
2020-10-26,0.1849,1.0523,0.0065,0.02,0.0574,0.1745,1.9341,1.3211
2020-10-27,0.1848,1.0523,0.0065,0.0199,0.0574,0.1745,1.9337,1.321
2020-10-28,0.1848,1.6467,0.0066,0.0201,0.0051,0.1745,2.4758,1.8632
2020-10-29,0.1848,1.636,0.0066,0.0197,0.0051,0.1745,2.4646,1.8521
2020-10-30,0.4532,1.6359,0.0066,0.0194,0.005,0.1745,2.7328,2.1201
2020-11-02,0.6026,1.0459,0.0066,0.0196,0.005,0.1744,2.2919,1.6797
2020-11-03,0.5725,1.0526,-0.0035,-0.0088,0.005,0.1744,2.2575,1.6178
2020-11-04,0.5724,1.0524,-0.0035,-0.0089,0.005,0.1744,2.2572,1.6174
2020-11-05,0.3039,1.0524,-0.0035,-0.0089,0.0049,0.1744,1.9888,1.3488
2020-11-06,0.3039,0.8906,-0.0035,-0.0095,0.0576,0.1744,1.8791,1.2391
2020-11-09,0.3039,0.8906,-0.0035,-0.009,0.0576,0.1744,1.8796,1.2395
2020-11-10,0.3038,0.8906,-0.0035,-0.009,0.0576,0.1744,1.8797,1.2395
2020-11-11,0.3038,0.9009,-0.0035,-0.0054,0.0576,0.1744,1.8919,1.2534
2020-11-12,0.3038,0.9283,-0.0035,-0.0054,0.0576,0.1744,1.9192,1.2806
2020-11-13,0.3037,0.936,-0.0035,-0.0054,0.0576,0.1744,1.927,1.2883
2020-11-16,0.3037,0.8675,-0.0035,-0.0054,0.0576,0.1744,1.8585,1.2198
2020-11-17,0.3037,0.869,-0.0035,-0.0054,0.0576,0.1744,1.8601,1.2213
2020-11-18,0.3037,0.87,-0.0036,-0.0054,0.0576,0.1744,1.8611,1.2222
2020-11-19,0.3036,0.87,-0.0036,-0.0054,0.0576,0.1744,1.8611,1.2222
2020-11-20,0.3036,0.8875,-0.0036,-0.0054,0.0576,0.1744,1.8787,1.2397
2020-11-23,0.3036,0.8929,-0.0036,-0.0053,0.0576,0.1744,1.8839,1.2452
2020-11-24,0.3035,0.8963,-0.0036,-0.0052,0.0576,0.1744,1.8873,1.2486
2020-11-25,0.3035,1.5083,-0.0036,-0.0051,0.0576,0.1744,2.4992,1.8607
2020-11-27,0.3035,1.52,-0.0036,-0.0051,0.0576,0.1744,2.5109,1.8724
2020-11-30,0.5719,1.5472,-0.0036,-0.0051,0.0576,0.1744,2.8067,2.1681
2020-12-01,0.5629,0.9338,-0.0035,-0.005,0.0568,0.1713,2.1744,1.545
2020-12-02,0.5933,0.9166,0.0104,0.1434,0.0568,0.1713,2.1203,1.7206
2020-12-03,0.5933,0.9283,0.0104,0.1436,0.0568,0.1713,2.1321,1.7325
2020-12-04,0.3293,0.9494,0.0104,0.1437,0.0568,0.1713,1.889,1.4896
2020-12-07,0.3293,0.9494,0.0104,0.1436,0.0568,0.1713,1.889,1.4896
2020-12-08,0.3293,0.9555,0.0104,0.1436,0.0568,0.1713,1.8951,1.4956
2020-12-09,0.3293,0.9555,0.0104,0.1436,0.0568,0.1713,1.8951,1.4956
2020-12-10,0.3293,0.9509,0.0104,0.1435,0.0568,0.1713,1.8905,1.4911
2020-12-11,0.3293,0.9609,0.0104,0.1435,0.0568,0.1713,1.9005,1.501
2020-12-14,0.3293,0.9609,0.0104,0.1435,0.0568,0.1713,1.9005,1.501
2020-12-15,0.3293,0.9583,0.0104,0.1434,0.0568,0.1713,1.8977,1.4983
2020-12-16,0.3293,0.9614,0.0104,0.1429,0.0568,0.1713,1.9004,1.5009
2020-12-17,0.3293,0.9724,0.0104,0.1423,0.0568,0.1713,1.9107,1.5112
2020-12-18,0.3294,0.9773,0.0104,0.1416,0.0568,0.1713,1.9149,1.5154
2020-12-21,0.3294,0.9996,0.0104,0.1409,0.0568,0.1713,1.9365,1.537
2020-12-22,0.3294,1.0073,0.0104,0.1401,0.0568,0.1713,1.9435,1.544
2020-12-23,0.3294,1.0142,0.0104,0.1396,0.0568,0.1713,1.95,1.5504
2020-12-24,0.3294,1.0146,0.0104,0.1395,0.0568,0.1713,1.9506,1.5507
2020-12-28,0.3294,1.0208,0.0104,0.1394,0.0568,0.1713,1.9568,1.5568
2020-12-29,0.3294,1.6136,0.0104,0.1393,0.0568,0.1713,2.5498,2.1494
2020-12-30,0.3294,1.6197,0.0104,0.1364,0.0568,0.1713,2.5593,2.1527
2020-12-31,0.5934,1.6253,0.0104,0.139,0.0568,0.1713,2.8264,2.4249
2021-01-04,0.5933,1.0363,0.0104,0.1388,0.0568,0.1712,2.2359,1.8355
2021-01-05,0.64,1.0076,0.0098,0.1251,0.0568,0.1712,2.3349,1.8393
2021-01-06,0.6401,1.0129,0.0098,0.1249,0.0568,0.1712,2.3405,1.8444
2021-01-07,0.3761,1.0215,0.0098,0.1249,0.0568,0.1712,2.0851,1.589
2021-01-08,0.3761,1.0148,0.0098,0.1246,0.0568,0.1712,2.0781,1.582
2021-01-11,0.3762,1.0148,0.0097,0.1246,0.0568,0.1712,2.0782,1.5821
2021-01-12,0.3762,1.0148,0.0097,0.1247,0.0568,0.1712,2.0783,1.5822
2021-01-13,0.3763,1.017,0.0097,0.1249,0.0568,0.1712,2.0808,1.5847
2021-01-14,0.3763,1.0265,0.0097,0.125,0.0568,0.1712,2.0904,1.5943
2021-01-15,0.3763,1.0167,0.0097,0.1251,0.0568,0.1712,2.0807,1.5846
2021-01-19,0.3764,1.017,0.0097,0.1251,0.0568,0.1712,2.0811,1.585
2021-01-20,0.3764,1.017,0.0097,0.1251,0.0568,0.1712,2.0815,1.585
2021-01-21,0.3765,1.017,0.0097,0.1252,0.0568,0.1712,2.0816,1.5852
2021-01-22,0.3765,1.017,0.0096,0.1252,0.0568,0.1712,2.0818,1.5852
2021-01-25,0.3766,1.026,0.0096,0.1252,0.0568,0.1712,2.091,1.5942
2021-01-26,0.3766,1.0277,0.0096,0.1251,0.0568,0.1712,2.0929,1.5958
2021-01-27,0.3766,1.6124,0.0096,0.1249,0.0568,0.1712,2.6778,2.1804
2021-01-28,0.3767,1.6124,0.0096,0.1248,0.0568,0.1712,2.678,2.1803
2021-01-29,0.6408,1.6124,0.0096,0.1246,0.0049,0.1712,2.8903,2.3923
2021-02-01,0.6403,1.0196,0.0096,0.1238,0.0567,0.1714,2.3482,1.8499
2021-02-02,0.6197,0.9953,0.035,0.138,0.0567,0.1714,2.3332,1.8449
2021-02-03,0.6197,0.9993,0.035,0.138,0.0567,0.1714,2.337,1.8487
2021-02-04,0.3559,1.0031,0.035,0.138,0.0567,0.1714,2.077,1.5887
2021-02-05,0.3559,1.0153,0.035,0.1379,0.0567,0.1714,2.0892,1.6007
2021-02-08,0.3558,1.0245,0.0349,0.1379,0.0567,0.1714,2.0984,1.6099
2021-02-09,0.3558,1.0411,0.0349,0.1381,0.0567,0.1714,2.1151,1.6267
2021-02-10,0.3558,1.0457,0.0349,0.1381,0.0567,0.1714,2.1197,1.6312
2021-02-11,0.3558,1.0462,0.0349,0.1381,0.0567,0.1714,2.1201,1.6317
2021-02-12,0.3558,1.0462,0.0349,0.138,0.0567,0.1714,2.1201,1.6317
2021-02-16,0.3558,1.0462,0.0349,0.1381,0.0567,0.1714,2.12,1.6317
2021-02-17,0.3558,1.0462,0.0349,0.1381,0.0567,0.1714,2.1201,1.6318
2021-02-18,0.3557,1.0183,0.0349,0.1384,0.0567,0.1714,2.0921,1.604
2021-02-19,0.3557,1.017,0.0349,0.1385,0.0567,0.1714,2.0908,1.6028
2021-02-22,0.3557,1.017,0.0349,0.1386,0.0567,0.1714,2.0909,1.6029
2021-02-23,0.3557,1.017,0.0349,0.1386,0.0567,0.1714,2.0908,1.6029
2021-02-24,0.3557,1.6167,0.0348,0.1387,0.0567,0.1714,2.6906,2.2027
2021-02-25,0.3557,1.6215,0.0348,0.1392,0.0567,0.1714,2.6959,2.2079
2021-02-26,0.6195,1.6308,0.0348,0.1391,0.0567,0.1714,2.9689,2.481
2021-03-01,0.6195,0.9425,0.0348,0.139,0.0567,0.1715,2.2806,1.7925
2021-03-02,0.6162,0.7187,0.0331,0.1325,0.0567,0.1715,1.9383,1.5572
2021-03-03,0.6162,0.7177,0.0331,0.1324,0.0567,0.1715,1.9372,1.5561
2021-03-04,0.3524,0.7064,0.033,0.1324,0.0567,0.1715,1.6621,1.281
2021-03-05,0.3524,0.7064,0.033,0.1324,0.0567,0.1715,1.662,1.2809
2021-03-08,0.3524,0.7064,0.033,0.1339,0.0567,0.1715,1.6634,1.2823
2021-03-09,0.3524,0.7304,0.033,0.1339,0.0567,0.1715,1.6874,1.3063
2021-03-10,0.3524,0.764,0.0329,0.1339,0.0567,0.1715,1.7194,1.34
2021-03-11,0.3524,0.764,0.0329,0.1365,0.0567,0.1715,1.7215,1.3424
2021-03-12,0.3524,0.764,0.0329,0.1365,0.0567,0.1715,1.7214,1.3424
2021-03-15,0.3524,0.7665,0.0329,0.1368,0.0567,0.1715,1.7241,1.3452
2021-03-16,0.3524,0.7734,0.0328,0.1368,0.0567,0.1715,1.7311,1.3521
2021-03-17,0.3523,0.7844,0.0328,0.1368,0.0567,0.1715,1.742,1.363
2021-03-18,0.3523,0.8014,0.0328,0.1367,0.0567,0.1715,1.7589,1.3799
2021-03-19,0.3523,0.8114,0.0328,0.1368,0.0567,0.1715,1.7671,1.39
2021-03-22,0.3523,0.8129,0.0327,0.1369,0.0567,0.1715,1.7672,1.3915
2021-03-23,0.3523,0.8207,0.0327,0.1367,0.0567,0.1715,1.7751,1.3991
2021-03-24,0.3523,0.8207,0.0327,0.1365,0.0567,0.1715,1.7751,1.3989
2021-03-25,0.3523,0.8206,0.0326,0.1377,0.0567,0.1715,1.7763,1.4
2021-03-26,0.3523,0.8206,0.0326,0.1374,0.0567,0.1715,1.7764,1.3997
2021-03-29,0.3523,1.4061,0.0326,0.1374,0.0567,0.1715,2.3356,1.9852
2021-03-30,0.3523,1.4064,0.0326,0.1374,0.0567,0.1715,2.3358,1.9853
2021-03-31,0.6161,1.4122,0.0325,0.1373,0.0567,0.1715,2.6056,2.2549
2021-04-01,0.6054,0.8173,0.0319,0.1346,0.0558,0.1688,2.0135,1.645
2021-04-05,0.4765,0.3181,0.0354,0.0573,0.0558,0.1688,1.6504,0.9431
2021-04-06,0.4765,0.3181,0.0354,0.0572,0.0558,0.1688,1.6505,0.943
2021-04-07,0.2172,0.3181,0.0354,0.0579,0.0558,0.1688,1.3918,0.6845
2021-04-08,0.2172,0.3181,0.0354,0.0573,0.0558,0.1688,1.3912,0.684
2021-04-09,0.2172,0.3181,0.0354,0.0573,0.0558,0.1688,1.3912,0.6839
2021-04-12,0.2172,0.3181,0.0354,0.0573,0.0558,0.1688,1.3912,0.6839
2021-04-13,0.2172,0.3181,0.0354,0.0573,0.0558,0.1688,1.3912,0.6839
2021-04-14,0.2172,0.3186,0.0354,0.0573,0.0558,0.1688,1.3906,0.6844
2021-04-15,0.2172,0.3187,0.0354,0.0574,0.0558,0.1688,1.3904,0.6845
2021-04-16,0.2172,0.3196,0.0354,0.0574,0.0558,0.1688,1.3894,0.6854
2021-04-19,0.2172,0.3183,0.0354,0.0571,0.0558,0.1688,1.3902,0.6839
2021-04-20,0.2172,0.3183,0.0354,0.0566,0.0558,0.1688,1.3894,0.6834
2021-04-21,0.2172,0.3183,0.0354,0.0567,0.0558,0.1688,1.3894,0.6835
2021-04-22,0.2172,0.3183,0.0354,0.0563,0.0558,0.1688,1.389,0.683
2021-04-23,0.2172,0.3183,0.0354,0.0552,0.0558,0.1688,1.3887,0.682
2021-04-26,0.2172,0.3186,0.0354,0.0545,0.0558,0.1688,1.3878,0.6815
2021-04-27,0.2172,0.3231,0.0354,0.0545,0.0558,0.1688,1.3832,0.686
2021-04-28,0.2172,0.9052,0.0354,0.0539,0.0558,0.1688,1.5688,1.2675
2021-04-29,0.2172,0.9076,0.0354,0.0532,0.0558,0.1688,1.5705,1.2692
2021-04-30,0.4765,0.9159,0.0354,0.0532,0.0558,0.1688,1.838,1.5367
2021-05-03,0.3327,0.3501,0.0355,0.053,0.056,0.1693,1.4734,0.8272
2021-05-04,0.3182,0.3656,0.0256,0.053,0.056,0.1693,1.4701,0.8184
2021-05-05,0.3182,0.3693,0.0256,0.0534,0.056,0.1693,1.4668,0.8225
2021-05-06,0.0583,0.3734,0.0256,0.0531,0.056,0.1693,1.2031,0.5663
2021-05-07,0.0583,0.3811,0.0256,0.053,0.056,0.1693,1.1954,0.574
2021-05-10,0.0583,0.3868,0.0256,0.0529,0.056,0.1693,1.1899,0.5795
2021-05-11,0.0583,0.4055,0.0256,0.0532,0.056,0.1693,1.1715,0.5985
2021-05-12,0.0583,0.4116,0.0256,0.0532,0.056,0.1693,1.1654,0.6047
2021-05-13,0.0583,0.4194,0.0255,0.0532,0.056,0.1693,1.1576,0.6124
2021-05-14,0.0583,0.4194,0.0255,0.0535,0.056,0.1693,1.1573,0.6128
2021-05-17,0.0583,0.4195,0.0255,0.0535,0.056,0.1693,1.1572,0.6128
2021-05-18,0.0583,0.4192,0.0255,0.0535,0.056,0.1693,1.1575,0.6126
2021-05-19,0.0583,0.4192,0.0255,0.0535,0.056,0.1693,1.1575,0.6126
2021-05-20,0.0583,0.4196,0.0255,0.0536,0.056,0.1693,1.1571,0.613
2021-05-21,0.0583,0.4208,0.0255,0.0536,0.056,0.1693,1.1572,0.6141
2021-05-24,0.0583,0.4208,0.0255,0.0541,0.056,0.1693,1.1567,0.6147
2021-05-25,0.0583,0.4208,0.0255,0.0541,0.056,0.1693,1.1567,0.6147
2021-05-26,0.0583,1.0001,0.0255,0.0541,0.056,0.1693,1.4965,1.194
2021-05-27,0.0583,1.0001,0.0255,0.054,0.056,0.1693,1.4966,1.1939
2021-05-28,0.3182,1.0001,0.0255,0.054,0.056,0.1693,1.7559,1.4537
2021-06-01,0.3188,0.4211,0.0254,0.0539,0.0559,0.1694,1.4175,0.8751
2021-06-02,0.3255,0.428,0.0284,0.0628,0.0559,0.1694,1.4334,0.9005
2021-06-03,0.3255,0.4375,0.0284,0.0628,0.0559,0.1694,1.4237,0.9101
2021-06-04,0.0649,0.4391,0.0284,0.0625,0.0559,0.1694,1.1625,0.6508
2021-06-07,0.0649,0.4416,0.0284,0.0625,0.0559,0.1694,1.1601,0.6533
2021-06-08,0.0649,0.4318,0.0284,0.0631,0.0559,0.1694,1.1694,0.644
2021-06-09,0.0649,0.4318,0.0284,0.0631,0.0559,0.1694,1.1694,0.644
2021-06-10,0.0648,0.4318,0.0284,0.0631,0.0559,0.1694,1.1695,0.644
2021-06-11,0.0648,0.4314,0.0284,0.0629,0.0559,0.1694,1.1699,0.6433
2021-06-14,0.0648,0.4193,0.0284,0.0622,0.0559,0.1694,1.1825,0.6305
2021-06-15,0.0648,0.4193,0.0284,0.0622,0.0559,0.1694,1.1825,0.6305
2021-06-16,0.0647,0.4193,0.0284,0.062,0.0559,0.1694,1.183,0.6304
2021-06-17,0.0647,0.4193,0.0284,0.0611,0.0559,0.1694,1.1834,0.6294
2021-06-18,0.0647,0.3862,0.0284,0.062,0.0559,0.1694,1.2158,0.5971
2021-06-21,0.0647,0.3704,0.0284,0.065,0.0559,0.1694,1.2292,0.5843
2021-06-22,0.0646,0.3411,0.0284,0.0649,0.0559,0.1694,1.2585,0.5549
2021-06-23,0.0646,0.3384,0.0284,0.0648,0.0559,0.1694,1.2614,0.5521
2021-06-24,0.0646,0.3384,0.0283,0.0648,0.0559,0.1694,1.2615,0.552
2021-06-25,0.0646,0.3384,0.0283,0.0648,0.0559,0.1694,1.2615,0.552
2021-06-28,0.0645,0.9191,0.0283,0.0647,0.0559,0.1694,1.4047,1.1326
2021-06-29,0.0645,0.9191,0.0283,0.0646,0.0559,0.1694,1.4048,1.1324
2021-06-30,0.325,0.9191,0.0283,0.0644,0.0559,0.1694,1.6637,1.3927
2021-07-01,0.3257,0.3378,0.0283,0.0642,0.0559,0.1698,1.5217,0.8119
2021-07-02,0.3232,0.332,0.02,0.0669,0.0559,0.1698,1.5094,0.798
2021-07-06,0.3232,0.3375,0.02,0.0666,0.0559,0.1698,1.5038,0.8032
2021-07-07,0.062,0.3375,0.02,0.0665,0.0559,0.1698,1.2466,0.5419
2021-07-08,0.062,0.3374,0.02,0.066,0.0559,0.1698,1.2471,0.5414
2021-07-09,0.0619,0.3374,0.02,0.0658,0.0559,0.1698,1.2472,0.5411
2021-07-12,0.0619,0.3374,0.02,0.0668,0.0559,0.1698,1.2472,0.542
2021-07-13,0.0619,0.337,0.02,0.0668,0.0559,0.1698,1.2477,0.5416
2021-07-14,0.0619,0.3369,0.02,0.0668,0.0559,0.1698,1.2477,0.5415
2021-07-15,0.0619,0.3369,0.02,0.0668,0.0559,0.1698,1.2478,0.5415
2021-07-16,0.0618,0.3369,0.02,0.0669,0.0559,0.1698,1.2477,0.5415
2021-07-19,0.0618,0.3288,0.02,0.0669,0.0559,0.1698,1.2558,0.5335
2021-07-20,0.0618,0.3288,0.02,0.067,0.0559,0.1698,1.2558,0.5335
2021-07-21,0.0618,0.2941,0.02,0.0669,0.0559,0.1698,1.2906,0.4987
2021-07-22,0.0617,0.294,0.02,0.0669,0.0559,0.1698,1.2907,0.4986
2021-07-23,0.0617,0.2936,0.02,0.0667,0.0559,0.1698,1.2914,0.4979
2021-07-26,0.0617,0.2936,0.02,0.0666,0.0559,0.1698,1.2915,0.4978
2021-07-27,0.0617,0.2935,0.02,0.0663,0.0559,0.1698,1.2914,0.4974
2021-07-28,0.0616,0.8751,0.02,0.0663,0.0559,0.1698,1.3639,1.0789
2021-07-29,0.0616,0.875,0.02,0.0659,0.0559,0.1698,1.3635,1.0784
2021-07-30,0.3228,0.875,0.0199,0.0659,0.0559,0.1698,1.6197,1.3395
2021-08-02,0.3232,0.2931,0.0199,0.0657,0.0559,0.17,1.5476,0.758
2021-08-03,0.3234,0.2895,0.0069,-0.0605,0.0559,0.17,1.7854,0.6151
2021-08-04,0.3233,0.2895,0.0069,-0.0613,0.0559,0.17,1.7862,0.6143
2021-08-05,0.0615,0.2895,0.0069,-0.0621,0.0559,0.17,1.5252,0.3518
2021-08-06,0.0614,0.2896,0.0069,-0.0623,0.0559,0.17,1.5254,0.3515
2021-08-09,0.0614,0.2896,0.0069,-0.0632,0.0559,0.17,1.5261,0.3507
2021-08-10,0.0613,0.2897,0.0069,-0.063,0.0559,0.17,1.526,0.3508
2021-08-11,0.0613,0.2897,0.0069,-0.0625,0.0559,0.17,1.5254,0.3514
2021-08-12,0.0612,0.2898,0.0069,-0.0625,0.0559,0.17,1.5254,0.3514
2021-08-13,0.0612,0.2901,0.0069,-0.0623,0.0559,0.17,1.5251,0.3518
2021-08-16,0.0611,0.2919,0.0069,-0.0622,0.0559,0.17,1.5234,0.3536
2021-08-17,0.0611,0.292,0.0069,-0.0612,0.0559,0.17,1.5225,0.3547
2021-08-18,0.061,0.292,0.0069,-0.0611,0.0559,0.17,1.5224,0.3547
2021-08-19,0.061,0.2921,0.0069,-0.0611,0.0559,0.17,1.5224,0.3548
2021-08-20,0.0609,0.2921,0.0069,-0.061,0.0559,0.17,1.5224,0.3549
2021-08-23,0.0608,0.2922,0.0069,-0.061,0.0559,0.17,1.5223,0.3548
2021-08-24,0.0608,0.2922,0.0069,-0.0609,0.0559,0.17,1.5222,0.3549
2021-08-25,0.0607,0.2925,0.0069,-0.0614,0.0559,0.17,1.5215,0.3546
2021-08-26,0.0607,0.2973,0.0069,-0.0615,0.0559,0.17,1.5168,0.3593
2021-08-27,0.0606,0.8819,0.0069,-0.0615,0.0559,0.17,1.5832,0.9438
2021-08-30,0.0606,0.8864,0.0069,-0.0617,0.0559,0.17,1.5878,0.9481
2021-08-31,0.3223,0.8864,0.0069,-0.0617,0.0559,0.17,1.8497,1.2098
2021-09-01,0.3234,0.3054,0.0069,-0.0616,0.0561,0.1706,1.7763,0.6302
2021-09-02,0.3138,0.3107,-0.001,-0.1256,0.0561,0.1706,1.7693,0.5539
2021-09-03,0.3137,0.3202,-0.001,-0.1257,0.0561,0.1706,1.7596,0.5633
2021-09-07,0.0509,0.3217,-0.001,-0.1257,0.0561,0.1706,1.4952,0.3019
2021-09-08,0.0508,0.3311,-0.001,-0.1263,0.0561,0.1706,1.4862,0.3107
2021-09-09,0.0508,0.3312,-0.001,-0.1263,0.0561,0.1706,1.4858,0.3108
2021-09-10,0.0507,0.3312,-0.001,-0.1262,0.0561,0.1706,1.4856,0.3107
2021-09-13,0.0506,0.3311,-0.001,-0.1263,0.0561,0.1706,1.4855,0.3106
2021-09-14,0.0506,0.3311,-0.001,-0.1263,0.0561,0.1706,1.4854,0.3104
2021-09-15,0.0505,0.331,-0.001,-0.1263,0.0561,0.1706,1.4852,0.3103
2021-09-16,0.0504,0.331,-0.001,-0.1263,0.0561,0.1706,1.485,0.3102
2021-09-17,0.0504,0.3309,-0.001,-0.1262,0.0561,0.1706,1.4848,0.3101
2021-09-20,0.0503,0.3309,-0.001,-0.1257,0.0561,0.1706,1.4851,0.3105
2021-09-21,0.0502,0.3308,-0.001,-0.1262,0.0561,0.1706,1.4844,0.31
2021-09-22,0.0502,0.3308,-0.001,-0.1261,0.0561,0.1706,1.4842,0.3099
2021-09-23,0.0501,0.3307,-0.001,-0.1261,0.0561,0.1706,1.484,0.3098
2021-09-24,0.05,0.3307,-0.001,-0.126,0.0561,0.1706,1.4838,0.3097
2021-09-27,0.0499,0.307,-0.001,-0.1258,0.0561,0.1706,1.507,0.2862
2021-09-28,0.0499,0.8914,-0.001,-0.1257,0.0561,0.1706,1.5797,0.8706
2021-09-29,0.0498,0.8913,-0.001,-0.1257,0.0561,0.1706,1.5795,0.8705
2021-09-30,0.3125,0.8913,-0.001,-0.1256,0.0561,0.1706,1.8421,1.1332
2021-10-01,0.3132,0.307,-0.001,-0.1256,0.0561,0.171,1.7716,0.5498
2021-10-04,0.3211,0.3077,-0.0035,-0.066,0.0561,0.171,1.6894,0.6154
2021-10-05,0.321,0.3076,-0.0035,-0.0643,0.0561,0.171,1.6909,0.6169
2021-10-06,0.0575,0.3076,-0.0035,-0.0643,0.0561,0.171,1.4272,0.3534
2021-10-07,0.0574,0.3075,-0.0035,-0.0642,0.0561,0.171,1.4271,0.3534
2021-10-08,0.0574,0.3075,-0.0035,-0.064,0.0561,0.171,1.4271,0.3535
2021-10-11,0.0573,0.3112,-0.0035,-0.0639,0.0561,0.171,1.4231,0.3572
2021-10-12,0.0573,0.3189,-0.0035,-0.0639,0.0561,0.171,1.4152,0.3649
2021-10-13,0.0572,0.3243,-0.0035,-0.0639,0.0561,0.171,1.4097,0.3702
2021-10-14,0.0572,0.3242,-0.0035,-0.0643,0.0561,0.171,1.4101,0.3697
2021-10-15,0.0571,0.3242,-0.0035,-0.0642,0.0561,0.171,1.41,0.3698
2021-10-18,0.0571,0.3241,-0.0035,-0.0641,0.0561,0.171,1.4098,0.3697
2021-10-19,0.057,0.3241,-0.0035,-0.064,0.0561,0.171,1.4097,0.3697
2021-10-20,0.057,0.324,-0.0035,-0.0639,0.0561,0.171,1.4097,0.3697
2021-10-21,0.0569,0.3239,-0.0035,-0.0645,0.0561,0.171,1.4104,0.369
2021-10-22,0.0569,0.3239,-0.0035,-0.0644,0.0561,0.171,1.4102,0.369
2021-10-25,0.0568,0.3238,-0.0035,-0.0651,0.0561,0.171,1.4108,0.3682
2021-10-26,0.0568,0.3238,-0.0035,-0.0657,0.0561,0.171,1.4112,0.3675
2021-10-27,0.0567,0.9088,-0.0035,-0.0656,0.0561,0.171,1.5218,0.9526
2021-10-28,0.0567,0.9087,-0.0035,-0.0657,0.0561,0.171,1.5221,0.9523
2021-10-29,0.3201,0.9059,-0.0035,-0.0662,0.0561,0.171,1.7834,1.2124
2021-11-01,0.468,0.3207,-0.0035,-0.0661,0.0563,0.1713,1.827,0.7754
2021-11-02,0.4739,0.3402,0.0069,-0.0491,0.0563,0.1713,1.8403,0.8281
2021-11-03,0.4738,0.3403,0.0069,-0.048,0.0563,0.1713,1.8394,0.8293
2021-11-04,0.2101,0.3403,0.0069,-0.0467,0.0563,0.1713,1.5745,0.5669
2021-11-05,0.2101,0.3404,0.0069,-0.0468,0.0563,0.1713,1.5747,0.5669
2021-11-08,0.2101,0.3405,0.0069,-0.0467,0.0563,0.1713,1.5748,0.5671
2021-11-09,0.21,0.3287,0.0069,-0.0466,0.0563,0.1713,1.5867,0.5553
2021-11-10,0.21,0.3242,0.0069,-0.0467,0.0563,0.1713,1.5914,0.5506
2021-11-11,0.2099,0.32,0.0069,-0.0466,0.0563,0.1713,1.5957,0.5465
2021-11-12,0.2099,0.2977,0.0069,-0.0462,0.0563,0.1713,1.6179,0.5245
2021-11-15,0.2098,0.2978,0.0069,-0.0462,0.0563,0.1713,1.6179,0.5246
2021-11-16,0.2098,0.2979,0.0069,-0.0461,0.0563,0.1713,1.6179,0.5247
2021-11-17,0.2097,0.298,0.0069,-0.046,0.0563,0.1713,1.6179,0.5248
2021-11-18,0.2097,0.2981,0.0069,-0.046,0.0563,0.1713,1.6179,0.5249
2021-11-19,0.2096,0.2981,0.0069,-0.0458,0.0563,0.1713,1.6178,0.5251
2021-11-22,0.2096,0.2982,0.0069,-0.0458,0.0563,0.1713,1.6178,0.5252
2021-11-23,0.2095,0.2983,0.0069,-0.0457,0.0563,0.1713,1.6177,0.5253
2021-11-24,0.2095,0.2984,0.0069,-0.0455,0.0563,0.1713,1.6176,0.5256
2021-11-26,0.2094,0.883,0.0069,-0.0454,0.0563,0.1713,1.6355,1.1102
2021-11-29,0.2094,0.8824,0.0069,-0.0454,0.0563,0.1713,1.6348,1.1095
2021-11-30,0.473,0.7769,0.0069,-0.0402,0.0563,0.1713,1.7875,1.2728
2021-12-01,0.4748,0.1927,0.0069,-0.0403,0.0562,0.1721,1.8527,0.6903
2021-12-02,0.4702,0.1246,-0.0365,-0.1299,0.0562,0.1721,1.7453,0.4846
2021-12-03,0.4701,0.1246,-0.0365,-0.1298,0.0061,0.1721,1.695,0.4345
2021-12-06,0.2054,0.1246,-0.0365,-0.1298,0.055,0.1721,1.4791,0.2187
2021-12-07,0.2053,0.1194,-0.0365,-0.1297,0.055,0.1721,1.4767,0.2134
2021-12-08,0.2052,0.1194,-0.0366,-0.1296,0.055,0.1721,1.4765,0.2134
2021-12-09,0.2052,0.1194,-0.0366,-0.1299,0.055,0.1721,1.4761,0.2131
2021-12-10,0.2051,0.1194,-0.0366,-0.1298,0.055,0.1721,1.4759,0.2132
2021-12-13,0.205,0.1194,-0.0366,-0.1297,0.055,0.1721,1.4758,0.2132
2021-12-14,0.205,0.1194,-0.0366,-0.1296,0.055,0.1721,1.4756,0.2132
2021-12-15,0.2049,0.1195,-0.0366,-0.1296,0.055,0.1721,1.4755,0.2132
2021-12-16,0.2049,0.1195,-0.0366,-0.1295,0.055,0.1721,1.4753,0.2133
2021-12-17,0.2048,0.1213,-0.0366,-0.1294,0.055,0.1721,1.477,0.2151
2021-12-20,0.2047,0.1214,-0.0366,-0.126,0.055,0.1721,1.4735,0.2185
2021-12-21,0.2047,0.1214,-0.0366,-0.1263,0.055,0.1721,1.4733,0.2182
2021-12-22,0.2046,0.1214,-0.0366,-0.1264,0.055,0.1721,1.4732,0.2181
2021-12-23,0.2045,0.139,-0.0366,-0.1263,0.055,0.1721,1.4907,0.2356
2021-12-27,0.2045,0.1456,-0.0366,-0.1266,0.055,0.1721,1.4975,0.2418
2021-12-28,0.2044,0.1716,-0.0366,-0.1267,0.055,0.1721,1.52,0.2678
2021-12-29,0.2044,0.7605,-0.0366,-0.1315,0.055,0.1721,1.507,0.8519
2021-12-30,0.2043,0.7676,-0.0366,-0.1318,0.055,0.1721,1.5144,0.8585
2021-12-31,0.469,0.7684,-0.0366,-0.1276,0.055,0.1721,1.7797,1.1281
2022-01-03,0.4685,0.1872,-0.0365,-0.1285,0.0549,0.1721,1.7808,0.5456
2022-01-04,0.4527,0.1494,-0.033,-0.1319,0.0549,0.1721,1.8268,0.4921
2022-01-05,0.4526,0.1494,-0.033,-0.1367,0.0549,0.1721,1.827,0.4872
2022-01-06,0.188,0.1494,-0.033,-0.1322,0.0549,0.1721,1.5615,0.2271
2022-01-07,0.1879,0.1494,-0.033,-0.1321,0.0549,0.1721,1.5614,0.2271
2022-01-10,0.1878,0.1494,-0.033,-0.1321,0.0549,0.1721,1.5614,0.2271
2022-01-11,0.1877,0.1517,-0.033,-0.1319,0.0549,0.1721,1.559,0.2294
2022-01-12,0.1877,0.1561,-0.033,-0.1311,0.0549,0.1721,1.5538,0.2345
2022-01-13,0.1876,0.1561,-0.033,-0.1312,0.0549,0.1721,1.5538,0.2344
2022-01-14,0.1875,0.1602,-0.033,-0.1285,0.0549,0.1721,1.5469,0.2411
2022-01-18,0.1875,0.1602,-0.033,-0.1284,0.0549,0.1721,1.5467,0.2412
2022-01-19,0.1874,0.1602,-0.033,-0.1283,0.0549,0.1721,1.5466,0.2412
2022-01-20,0.1873,0.1602,-0.033,-0.1282,0.0549,0.1721,1.5464,0.2413
2022-01-21,0.1872,0.1602,-0.033,-0.128,0.0549,0.1721,1.5464,0.2414
2022-01-24,0.1872,0.1602,-0.033,-0.128,0.0549,0.1721,1.5465,0.2413
2022-01-25,0.1871,0.1602,-0.033,-0.1279,0.0549,0.1721,1.5464,0.2413
2022-01-26,0.187,0.1602,-0.033,-0.1278,0.0549,0.1721,1.5462,0.2414
2022-01-27,0.187,0.7411,-0.033,-0.1277,0.0549,0.1721,1.6062,0.8223
2022-01-28,0.1869,0.7412,-0.033,-0.1274,0.006,0.1721,1.557,0.7737
2022-01-31,0.4514,0.7412,-0.033,-0.1275,0.0549,0.1721,1.8706,1.087
2022-02-01,0.4512,0.1603,-0.033,-0.1276,0.055,0.1722,1.8116,0.5059
2022-02-02,0.4267,0.1276,-0.0163,-0.1316,0.055,0.1722,1.6433,0.4614
2022-02-03,0.4267,0.1276,-0.0163,-0.1315,0.055,0.1722,1.6432,0.4615
2022-02-04,0.1621,0.1276,-0.0162,-0.1314,0.055,0.1722,1.3785,0.197
2022-02-07,0.162,0.1276,-0.0162,-0.125,0.055,0.1722,1.3723,0.2034
2022-02-08,0.162,0.1276,-0.0162,-0.125,0.055,0.1722,1.3721,0.2034
2022-02-09,0.1619,0.1276,-0.0162,-0.1249,0.055,0.1722,1.3719,0.2034
2022-02-10,0.1619,0.1285,-0.0162,-0.1248,0.055,0.1722,1.3708,0.2044
2022-02-11,0.1619,0.1291,-0.0162,-0.1247,0.055,0.1722,1.37,0.205
2022-02-14,0.1618,0.0791,-0.0162,-0.1246,0.055,0.1722,1.3235,0.155
2022-02-15,0.1618,-0.0159,-0.0162,-0.1251,0.055,0.1722,1.2725,0.0595
2022-02-16,0.1617,-0.0291,-0.0162,-0.1256,0.055,0.1722,1.2642,0.0458
2022-02-17,0.1617,-0.0291,-0.0162,-0.1261,0.055,0.1722,1.2648,0.0453
2022-02-18,0.1616,-0.0291,-0.0162,-0.126,0.055,0.1722,1.2646,0.0454
2022-02-22,0.1616,-0.0291,-0.0162,-0.1263,0.055,0.1722,1.2649,0.045
2022-02-23,0.1615,-0.0291,-0.0162,-0.1267,0.055,0.1722,1.2653,0.0446
2022-02-24,0.1615,0.552,-0.0162,-0.1268,0.055,0.1722,1.2776,0.6255
2022-02-25,0.1614,0.552,-0.0162,-0.1266,0.0061,0.1722,1.2287,0.5766
2022-02-28,0.4259,0.552,-0.0162,-0.1269,0.006,0.1722,1.4934,0.8408
2022-03-01,0.425,-0.0293,-0.0162,-0.1271,0.0549,0.1718,1.5285,0.3074
2022-03-02,0.4245,-0.1399,-0.0043,-0.163,0.006,0.1718,1.4082,0.1233
2022-03-03,0.4244,-0.1802,-0.0043,-0.1634,0.006,0.1718,1.3799,0.0825
2022-03-04,0.1601,-0.2164,-0.0043,-0.1641,0.055,0.1718,1.1508,-0.1696
2022-03-07,0.1601,-0.2189,-0.0043,-0.1597,0.055,0.1718,1.1439,-0.1678
2022-03-08,0.16,-0.2333,-0.0043,-0.1598,0.055,0.1718,1.1377,-0.1824
2022-03-09,0.16,-0.2346,-0.0043,-0.1605,0.0059,0.1718,1.0905,-0.2335
2022-03-10,0.1599,-0.2347,-0.0043,-0.1604,0.0059,0.1718,1.0904,-0.2336
2022-03-11,0.1599,-0.2347,-0.0043,-0.1603,0.055,0.1718,1.1393,-0.1844
2022-03-14,0.1598,-0.2348,-0.0043,-0.1604,0.055,0.1718,1.1394,-0.1846
2022-03-15,0.1597,-0.2349,-0.0043,-0.1603,0.055,0.1718,1.1394,-0.1847
2022-03-16,0.1597,-0.235,-0.0043,-0.1597,0.055,0.1718,1.1395,-0.1843
2022-03-17,0.1596,-0.235,-0.0043,-0.1597,0.055,0.1718,1.1394,-0.1844
2022-03-18,0.1596,-0.2351,-0.0043,-0.16,0.055,0.1718,1.1397,-0.1848
2022-03-21,0.1595,-0.2352,-0.0043,-0.178,0.055,0.1718,1.148,-0.2029
2022-03-22,0.1595,-0.2352,-0.0043,-0.1784,0.055,0.1718,1.1479,-0.2035
2022-03-23,0.1594,-0.2353,-0.0043,-0.1787,0.055,0.1718,1.1475,-0.2039
2022-03-24,0.1593,-0.2354,-0.0043,-0.1788,0.055,0.1718,1.1486,-0.2041
2022-03-25,0.1593,-0.2356,-0.0043,-0.1797,0.055,0.1718,1.1494,-0.2053
2022-03-28,0.1592,-0.2357,-0.0043,-0.1805,0.055,0.1718,1.1509,-0.2062
2022-03-29,0.1592,0.3428,-0.0043,-0.181,0.055,0.1718,1.1514,0.3717
2022-03-30,0.1591,0.3428,-0.0043,-0.18,0.055,0.1718,1.153,0.3726
2022-03-31,0.4232,0.3427,-0.0043,-0.1792,0.055,0.1718,1.4181,0.6374
2022-04-01,0.4222,-0.2342,-0.0043,-0.1784,0.0551,0.1719,1.4162,0.0603
2022-04-04,0.4045,-0.1711,-0.0092,-0.1335,0.0551,0.1719,1.4365,0.1458
2022-04-05,0.4044,-0.171,-0.0092,-0.1333,0.0551,0.1719,1.4362,0.1461
2022-04-06,0.1406,-0.171,-0.0092,-0.133,0.0551,0.1719,1.172,-0.1175
2022-04-07,0.1405,-0.1709,-0.0092,-0.1328,0.0551,0.1719,1.1718,-0.1173
2022-04-08,0.1405,-0.1708,-0.0092,-0.1324,0.0551,0.1719,1.1713,-0.1168
2022-04-11,0.1405,-0.1652,-0.0092,-0.1321,0.0551,0.1719,1.1766,-0.1109
2022-04-12,0.1405,-0.1572,-0.0092,-0.1323,0.0551,0.1719,1.1844,-0.103
2022-04-13,0.1405,-0.1454,-0.0092,-0.1322,0.0551,0.1719,1.196,-0.0913
2022-04-14,0.1405,-0.1454,-0.0092,-0.1325,0.0551,0.1719,1.196,-0.0915
2022-04-18,0.1404,-0.1453,-0.0092,-0.1338,0.0551,0.1719,1.197,-0.0927
2022-04-19,0.1404,-0.1452,-0.0092,-0.1219,0.0551,0.1719,1.1851,-0.0808
2022-04-20,0.1404,-0.1432,-0.0092,-0.1259,0.0551,0.1719,1.187,-0.0828
2022-04-21,0.1404,-0.1374,-0.0092,-0.1205,0.0551,0.1719,1.1826,-0.0716
2022-04-22,0.1404,-0.1374,-0.0092,-0.1216,0.0551,0.1719,1.1837,-0.0726
2022-04-25,0.1404,-0.1373,-0.0092,-0.1221,0.0551,0.1719,1.1841,-0.0731
2022-04-26,0.1403,-0.1372,-0.0091,-0.1259,0.0551,0.1719,1.1879,-0.0769
2022-04-27,0.1403,0.4421,-0.0091,-0.1238,0.0551,0.1719,1.2983,0.5045
2022-04-28,0.1403,0.4421,-0.0091,-0.1266,0.0059,0.1719,1.252,0.4526
2022-04-29,0.4042,0.4422,-0.0091,-0.1266,0.0551,0.1719,1.565,0.7657
2022-05-02,0.2561,-0.1364,-0.0091,-0.1252,0.055,0.172,1.3026,0.0403
2022-05-03,0.1249,0.0976,-0.0205,-0.1832,0.0059,0.172,0.8565,0.0247
2022-05-04,0.1249,0.106,-0.0205,-0.1878,0.0551,0.172,0.9187,0.0776
2022-05-05,-0.1376,0.1094,-0.0205,-0.1833,0.0551,0.172,0.852,-0.177
2022-05-06,-0.1377,0.1095,-0.0205,-0.1813,0.0551,0.172,0.8502,-0.1749
2022-05-09,-0.1377,0.1096,-0.0205,-0.2133,0.0551,0.172,0.8823,-0.2068
2022-05-10,-0.1377,0.1141,-0.0205,-0.2154,0.0551,0.172,0.8891,-0.2044
2022-05-11,-0.1377,0.1142,-0.0205,-0.2168,0.0551,0.172,0.8906,-0.2057
2022-05-12,-0.1377,0.1143,-0.0205,-0.2191,0.0551,0.172,0.8931,-0.2079
2022-05-13,-0.1377,0.1144,-0.0205,-0.2205,0.0551,0.172,0.8946,-0.2092
2022-05-16,-0.1377,0.1145,-0.0205,-0.2183,0.0551,0.172,0.8926,-0.207
2022-05-17,-0.1378,0.1146,-0.0205,-0.2184,0.0551,0.172,0.8928,-0.2069
2022-05-18,-0.1378,0.1147,-0.0205,-0.2184,0.0551,0.172,0.893,-0.2069
2022-05-19,-0.1378,0.1148,-0.0205,-0.2141,0.0551,0.172,0.8888,-0.2025
2022-05-20,-0.1378,0.1148,-0.0205,-0.2121,0.0551,0.172,0.8869,-0.2004
2022-05-23,-0.1378,0.1149,-0.0205,-0.2022,0.0551,0.172,0.8771,-0.1905
2022-05-24,-0.1378,0.1148,-0.0205,-0.2022,0.0551,0.172,0.8771,-0.1906
2022-05-25,-0.1379,0.1149,-0.0205,-0.2014,0.0551,0.172,0.8765,-0.1897
2022-05-26,-0.1379,0.6922,-0.0205,-0.2015,0.0551,0.172,1.4539,0.3874
2022-05-27,-0.1379,0.6923,-0.0204,-0.2018,0.0551,0.172,1.4543,0.3872
2022-05-31,0.1246,0.6924,-0.0204,-0.2024,0.0551,0.172,1.5202,0.6492
2022-06-01,0.1251,0.1154,-0.0206,-0.2041,0.0553,0.1728,0.9477,0.0711
2022-06-02,0.1201,0.1098,-0.0374,-0.2058,0.0553,0.1728,1.0164,0.042
2022-06-03,0.1202,0.1099,-0.0374,-0.2054,0.0553,0.1728,1.0162,0.0425
2022-06-06,-0.1433,0.11,-0.0374,-0.197,0.0553,0.1728,0.9264,-0.2125
2022-06-07,-0.1433,0.1101,-0.0374,-0.1966,0.0553,0.1728,0.9261,-0.212
2022-06-08,-0.1433,0.1101,-0.0374,-0.1954,0.0553,0.1728,0.925,-0.2107
2022-06-09,-0.1433,0.1102,-0.0374,-0.1957,0.0553,0.1728,0.9254,-0.2109
2022-06-10,-0.1433,0.1103,-0.0374,-0.1922,0.0553,0.1728,0.9221,-0.2073
2022-06-13,-0.1433,0.1104,-0.0374,-0.1948,0.0553,0.1728,0.9249,-0.2099
2022-06-14,-0.1433,0.1105,-0.0374,-0.1947,0.0553,0.1728,0.9249,-0.2097
2022-06-15,-0.1433,0.0678,-0.0374,-0.1949,0.0553,0.1728,0.8826,-0.2525
2022-06-16,-0.1433,0.0663,-0.0374,-0.1952,0.0553,0.1728,0.8814,-0.2543
2022-06-17,-0.1433,0.0312,-0.0375,-0.1949,0.0553,0.1728,0.8557,-0.2892
2022-06-21,-0.1432,0.0312,-0.0375,-0.2227,0.0553,0.1728,0.8833,-0.3168
2022-06-22,-0.1432,0.0313,-0.0375,-0.2174,0.0553,0.1728,0.878,-0.3115
2022-06-23,-0.1432,0.0314,-0.0375,-0.2178,0.0553,0.1728,0.8783,-0.3117
2022-06-24,-0.1432,0.0221,-0.0375,-0.2185,0.0553,0.1728,0.8761,-0.3217
2022-06-27,-0.1432,0.0152,-0.0375,-0.2193,0.0553,0.1728,0.8725,-0.3295
2022-06-28,-0.1432,0.5948,-0.0375,-0.2202,0.0553,0.1728,1.4353,0.2492
2022-06-29,-0.1432,0.5949,-0.0375,-0.2212,0.0553,0.1728,1.4365,0.2483
2022-06-30,0.1203,0.595,-0.0375,-0.2221,0.0553,0.1728,1.5193,0.511
2022-07-01,0.1214,0.0161,-0.0377,-0.2234,0.0557,0.1732,0.9614,-0.0679
2022-07-05,0.1239,0.0046,-0.0281,-0.2225,0.0557,0.1732,0.9161,-0.0665
2022-07-06,0.1239,-0.0121,-0.0281,-0.2237,0.0557,0.1732,0.9053,-0.0844
2022-07-07,-0.141,-0.0324,-0.0281,-0.2213,0.0557,0.1732,0.8121,-0.3671
2022-07-08,-0.141,-0.0322,-0.0281,-0.2191,0.0557,0.1732,0.8161,-0.3648
2022-07-11,-0.141,-0.032,-0.0281,-0.2203,0.0557,0.1732,0.8173,-0.3658
2022-07-12,-0.141,-0.0318,-0.0281,-0.2223,0.0557,0.1732,0.8191,-0.3676
2022-07-13,-0.141,-0.0451,-0.0281,-0.2218,0.0557,0.1732,0.8153,-0.3804
2022-07-14,-0.141,-0.051,-0.0281,-0.2226,0.0557,0.1732,0.8106,-0.3871
2022-07-15,-0.141,-0.0766,-0.0281,-0.224,0.0557,0.1732,0.8034,-0.4141
2022-07-18,-0.141,-0.0764,-0.0281,-0.2083,0.0557,0.1732,0.7876,-0.3982
2022-07-19,-0.141,-0.0762,-0.0281,-0.2084,0.0557,0.1732,0.7874,-0.3981
2022-07-20,-0.141,-0.0772,-0.0281,-0.2092,0.0557,0.1732,0.7891,-0.3998
2022-07-21,-0.141,-0.077,-0.0281,-0.2096,0.0557,0.1732,0.7895,-0.4001
2022-07-22,-0.141,-0.0768,-0.0281,-0.2105,0.0557,0.1732,0.7902,-0.4008
2022-07-25,-0.141,-0.0773,-0.0281,-0.2104,0.0557,0.1732,0.7907,-0.4013
2022-07-26,-0.141,-0.0905,-0.0281,-0.2105,0.0557,0.1732,0.7858,-0.4145
2022-07-27,-0.141,0.4777,-0.0281,-0.2121,0.0557,0.1732,1.2592,0.1521
2022-07-28,-0.1411,0.4779,-0.0281,-0.213,0.0557,0.1732,1.2601,0.1513
2022-07-29,0.1238,0.478,-0.0281,-0.2067,0.0557,0.1732,1.3365,0.4227
2022-08-01,0.1241,-0.1084,-0.0281,-0.2565,0.0558,0.1732,0.8879,-0.2131
2022-08-02,0.1145,-0.101,-0.0454,-0.2516,0.0558,0.1732,0.9178,-0.2277
2022-08-03,0.1145,-0.1221,-0.0454,-0.254,0.0558,0.1732,0.9021,-0.2512
2022-08-04,-0.1507,-0.122,-0.0454,-0.254,0.0558,0.1732,0.8426,-0.5162
2022-08-05,-0.1507,-0.1218,-0.0453,-0.2488,0.0558,0.1732,0.8373,-0.5109
2022-08-08,-0.1507,-0.1217,-0.0453,-0.2437,0.0558,0.1732,0.8321,-0.5056
2022-08-09,-0.1507,-0.1216,-0.0453,-0.2411,0.0558,0.1732,0.8294,-0.5029
2022-08-10,-0.1507,-0.122,-0.0453,-0.2414,0.0558,0.1732,0.8302,-0.5037
2022-08-11,-0.1507,-0.1225,-0.0453,-0.2424,0.0558,0.1732,0.8317,-0.5051
2022-08-12,-0.1507,-0.1223,-0.0453,-0.2393,0.0558,0.1732,0.8284,-0.5019
2022-08-15,-0.1507,-0.1222,-0.0453,-0.2393,0.0558,0.1732,0.8283,-0.5017
2022-08-16,-0.1507,-0.1221,-0.0453,-0.2393,0.0558,0.1732,0.8282,-0.5016
2022-08-17,-0.1507,-0.1262,-0.0453,-0.2396,0.0558,0.1732,0.8256,-0.506
2022-08-18,-0.1507,-0.1261,-0.0453,-0.2397,0.0558,0.1732,0.8256,-0.506
2022-08-19,-0.1507,-0.1259,-0.0453,-0.241,0.0558,0.1732,0.8267,-0.5071
2022-08-22,-0.1507,-0.1258,-0.0453,-0.2416,0.0558,0.1732,0.8272,-0.5076
2022-08-23,-0.1507,-0.1256,-0.0453,-0.243,0.0558,0.1732,0.8285,-0.5089
2022-08-24,-0.1507,-0.1255,-0.0453,-0.2438,0.0558,0.1732,0.8292,-0.5095
2022-08-25,-0.1507,-0.1254,-0.0453,-0.2452,0.0558,0.1732,0.8305,-0.5108
2022-08-26,-0.1507,-0.1252,-0.0453,-0.2478,0.0558,0.1732,0.8329,-0.5132
2022-08-29,-0.1507,0.4574,-0.0453,-0.2503,0.0558,0.1732,1.3313,0.067
2022-08-30,-0.1507,0.4564,-0.0453,-0.2528,0.0558,0.1732,1.3329,0.0634
2022-08-31,0.1144,0.456,-0.0453,-0.2478,0.0558,0.1732,1.3868,0.3332
2022-09-01,0.1154,-0.128,-0.0453,-0.2577,0.0561,0.174,0.9076,-0.2594
2022-09-02,0.0941,-0.1215,-0.0445,-0.2599,0.0561,0.174,0.9136,-0.2757
2022-09-06,0.0941,-0.1214,-0.0445,-0.2608,0.0561,0.174,0.9144,-0.2764
2022-09-07,-0.1725,-0.1213,-0.0445,-0.2637,0.0561,0.174,0.8716,-0.5458
2022-09-08,-0.1725,-0.1212,-0.0445,-0.2634,0.0561,0.174,0.8711,-0.5454
2022-09-09,-0.1724,-0.121,-0.0445,-0.2561,0.0561,0.174,0.8637,-0.5379
2022-09-12,-0.1724,-0.1209,-0.0445,-0.2397,0.0561,0.174,0.8472,-0.5214
2022-09-13,-0.1724,-0.1208,-0.0445,-0.234,0.0561,0.174,0.8415,-0.5156
2022-09-14,-0.1724,-0.1207,-0.0445,-0.2332,0.0561,0.174,0.8406,-0.5147
2022-09-15,-0.1724,-0.1214,-0.0445,-0.23,0.0561,0.174,0.8381,-0.5122
2022-09-16,-0.1724,-0.1216,-0.0445,-0.2213,0.0561,0.174,0.8296,-0.5037
2022-09-19,-0.1724,-0.1215,-0.0445,-0.2213,0.0561,0.174,0.8295,-0.5036
2022-09-20,-0.1724,-0.1213,-0.0445,-0.221,0.0561,0.174,0.8291,-0.5031
2022-09-21,-0.1724,-0.1256,-0.0444,-0.2146,0.0561,0.174,0.8271,-0.501
2022-09-22,-0.1724,-0.1255,-0.0444,-0.2249,0.0561,0.174,0.8372,-0.5112
2022-09-23,-0.1724,-0.1254,-0.0444,-0.2276,0.0561,0.174,0.8399,-0.5138
2022-09-26,-0.1724,-0.1253,-0.0444,-0.2619,0.0561,0.174,0.8741,-0.548
2022-09-27,-0.1724,-0.1252,-0.0444,-0.2548,0.0561,0.174,0.8668,-0.5407
2022-09-28,-0.1724,0.4602,-0.0444,-0.2507,0.006,0.174,1.2827,-0.0014
2022-09-29,-0.1724,0.4757,-0.0444,-0.2521,0.0059,0.174,1.2996,0.0127
2022-09-30,0.0942,0.4758,-0.0444,-0.2406,0.0562,0.174,1.3843,0.3411
2022-10-03,0.0956,-0.1084,-0.0444,-0.2413,0.006,0.1748,0.8661,-0.2925
2022-10-04,0.0982,-0.1219,-0.0485,-0.2348,0.0566,0.1748,0.8385,-0.2504
2022-10-05,0.0982,-0.1233,-0.0485,-0.2347,0.0566,0.1748,0.8367,-0.2517
2022-10-06,-0.17,-0.1284,-0.0485,-0.2294,0.0566,0.1748,0.7868,-0.5197
2022-10-07,-0.17,-0.1282,-0.0485,-0.2289,0.0566,0.1748,0.7861,-0.519
2022-10-10,-0.17,-0.128,-0.0485,-0.2298,0.0566,0.1748,0.7869,-0.5197
2022-10-11,-0.17,-0.1278,-0.0485,-0.2314,0.0566,0.1748,0.7883,-0.5211
2022-10-12,-0.1701,-0.1276,-0.0485,-0.2331,0.0566,0.1748,0.7898,-0.5227
2022-10-13,-0.1701,-0.1274,-0.0485,-0.2348,0.0059,0.1748,0.7407,-0.5748
2022-10-14,-0.1701,-0.1272,-0.0484,-0.236,0.0059,0.1748,0.7416,-0.5758
2022-10-17,-0.1701,-0.127,-0.0484,-0.2385,0.0059,0.1748,0.7439,-0.5781
2022-10-18,-0.1701,-0.1268,-0.0484,-0.2394,0.0566,0.1748,0.7954,-0.5281
2022-10-19,-0.1701,-0.1345,-0.0484,-0.2392,0.0566,0.1748,0.7904,-0.5356
2022-10-20,-0.1701,-0.145,-0.0484,-0.2409,0.0566,0.1748,0.8025,-0.5477
2022-10-21,-0.1701,-0.1448,-0.0484,-0.2426,0.0566,0.1748,0.804,-0.5492
2022-10-24,-0.1701,-0.1446,-0.0484,-0.2451,0.0566,0.1748,0.8064,-0.5516
2022-10-25,-0.1701,-0.1445,-0.0484,-0.2288,0.0566,0.1748,0.7898,-0.535
2022-10-26,-0.1701,-0.1442,-0.0484,-0.2284,0.0566,0.1748,0.7892,-0.5344
2022-10-27,-0.1701,0.4344,-0.0484,-0.2272,0.0566,0.1748,1.2829,0.0454
2022-10-28,-0.1701,0.4309,-0.0484,-0.2252,0.0566,0.1748,1.2846,0.044
2022-10-31,0.0982,0.4246,-0.0484,-0.2182,0.0566,0.1748,1.3232,0.3128
2022-11-01,0.2507,-0.1557,-0.0485,-0.2183,0.0571,0.1755,0.9831,-0.1147
2022-11-02,0.2736,-0.1524,-0.0439,-0.2065,0.0571,0.1755,0.9654,-0.0721
2022-11-03,0.2736,-0.1552,-0.0439,-0.2072,0.0571,0.1755,0.9689,-0.0756
2022-11-04,0.005,-0.1581,-0.0439,-0.2016,0.0571,0.1755,0.6976,-0.3415
2022-11-07,0.005,-0.1622,-0.0439,-0.2376,0.0571,0.1755,0.7377,-0.3816
2022-11-08,0.005,-0.162,-0.0439,-0.2282,0.0571,0.1755,0.7281,-0.372
2022-11-09,0.005,-0.1619,-0.0439,-0.2281,0.0571,0.1755,0.7279,-0.3718
2022-11-10,0.005,-0.1661,-0.0439,-0.2281,0.0571,0.1755,0.732,-0.3759
2022-11-11,0.005,-0.1669,-0.0439,-0.2281,0.0571,0.1755,0.7328,-0.3767
2022-11-14,0.005,-0.1681,-0.0438,-0.2021,0.0571,0.1755,0.7081,-0.3519
2022-11-15,0.005,-0.1704,-0.0438,-0.1939,0.0571,0.1755,0.7021,-0.3459
2022-11-16,0.005,-0.1761,-0.0438,-0.1938,0.0571,0.1755,0.7077,-0.3516
2022-11-17,0.005,-0.1812,-0.0438,-0.1938,0.0571,0.1755,0.7127,-0.3566
2022-11-18,0.005,-0.2021,-0.0438,-0.1937,0.0571,0.1755,0.7336,-0.3775
2022-11-21,0.005,-0.2021,-0.0438,-0.1937,0.0571,0.1755,0.7336,-0.3774
2022-11-22,0.005,-0.202,-0.0438,-0.1944,0.0571,0.1755,0.7341,-0.378
2022-11-23,0.0051,-0.2127,-0.0438,-0.1943,0.0571,0.1755,0.7447,-0.3886
2022-11-25,0.0051,-0.2182,-0.0437,-0.1948,0.0571,0.1755,0.7507,-0.3945
2022-11-28,0.0051,0.3545,-0.0437,-0.1947,0.0571,0.1755,1.2271,0.1782
2022-11-29,0.0051,0.3449,-0.0437,-0.1963,0.0571,0.1755,1.2338,0.1671
2022-11-30,0.2737,0.3424,-0.0437,-0.1975,0.0571,0.1755,1.5026,0.432
2022-12-01,0.2738,-0.24,-0.0438,-0.1997,0.0576,0.176,1.0469,-0.152
2022-12-02,0.2711,-0.2352,-0.0142,-0.1818,0.0576,0.176,1.0485,-0.1025
2022-12-05,0.2711,-0.2351,-0.0142,-0.1816,0.0576,0.176,1.0482,-0.1022
2022-12-06,0.0022,-0.2423,-0.0142,-0.1832,0.0576,0.176,0.7881,-0.38
2022-12-07,0.0022,-0.2422,-0.0142,-0.181,0.0576,0.176,0.7858,-0.3777
2022-12-08,0.0022,-0.2434,-0.0142,-0.1831,0.0576,0.176,0.789,-0.3809
2022-12-09,0.0022,-0.2433,-0.0142,-0.1846,0.0576,0.176,0.7904,-0.3823
2022-12-12,0.0022,-0.2432,-0.0142,-0.1806,0.0576,0.176,0.7871,-0.3783
2022-12-13,0.0022,-0.2431,-0.0142,-0.1834,0.0576,0.176,0.7899,-0.381
2022-12-14,0.0022,-0.2429,-0.0142,-0.1857,0.0576,0.176,0.7923,-0.3831
2022-12-15,0.0022,-0.2428,-0.0142,-0.1862,0.0576,0.176,0.7928,-0.3835
2022-12-16,0.0022,-0.2427,-0.0143,-0.1876,0.0576,0.176,0.7945,-0.3848
2022-12-19,0.0022,-0.2539,-0.0143,-0.2062,0.0576,0.176,0.8227,-0.4146
2022-12-20,0.0022,-0.2538,-0.0143,-0.2073,0.0576,0.176,0.8236,-0.4155
2022-12-21,0.0022,-0.2537,-0.0143,-0.2099,0.0576,0.176,0.8262,-0.4181
2022-12-22,0.0022,-0.2525,-0.0143,-0.2049,0.0576,0.176,0.8201,-0.412
2022-12-23,0.0022,-0.2524,-0.0143,-0.2025,0.0576,0.176,0.8174,-0.4093
2022-12-27,0.0022,-0.2522,-0.0143,-0.2027,0.0576,0.176,0.8175,-0.4094
2022-12-28,0.0022,0.3346,-0.0143,-0.2031,0.0576,0.176,1.2754,0.177
2022-12-29,0.0022,0.3349,-0.0143,-0.1913,0.0576,0.176,1.2639,0.1891
2022-12-30,0.2711,0.3354,-0.0143,-0.208,0.0576,0.176,1.5499,0.4418
2023-01-03,0.2711,-0.2507,-0.0143,-0.2094,0.0577,0.1758,1.0916,-0.1456
2023-01-04,0.2663,-0.2335,-0.0134,-0.2185,0.0577,0.1758,1.0799,-0.1413
2023-01-05,0.2663,-0.2333,-0.0133,-0.2148,0.0577,0.1758,1.0761,-0.1375
2023-01-06,-0.0029,-0.2463,-0.0133,-0.2145,0.0577,0.1758,0.8195,-0.4193
2023-01-09,-0.0029,-0.2665,-0.0133,-0.2141,0.0577,0.1758,0.8393,-0.4392
2023-01-10,-0.0029,-0.2668,-0.0133,-0.2109,0.0577,0.1758,0.8364,-0.4363
2023-01-11,-0.0029,-0.2694,-0.0133,-0.2117,0.0577,0.1758,0.8398,-0.4397
2023-01-12,-0.0029,-0.2693,-0.0133,-0.2126,0.0577,0.1758,0.8406,-0.4404
2023-01-13,-0.0029,-0.2722,-0.0133,-0.2128,0.0577,0.1758,0.8438,-0.4436
2023-01-17,-0.0029,-0.2752,-0.0133,-0.2127,0.0577,0.1758,0.8467,-0.4465
2023-01-18,-0.0029,-0.2751,-0.0133,-0.2132,0.0577,0.1758,0.847,-0.4469
2023-01-19,-0.0029,-0.2785,-0.0133,-0.2138,0.0577,0.1758,0.8511,-0.4509
2023-01-20,-0.0029,-0.2798,-0.0133,-0.2148,0.0577,0.1758,0.8533,-0.4531
2023-01-23,-0.0029,-0.2797,-0.0133,-0.2167,0.0577,0.1758,0.8552,-0.455
2023-01-24,-0.0029,-0.2796,-0.0133,-0.2184,0.0577,0.1758,0.8567,-0.4565
2023-01-25,-0.0029,-0.2795,-0.0133,-0.2212,0.0577,0.1758,0.8594,-0.4592
2023-01-26,-0.0029,-0.2796,-0.0133,-0.2251,0.0577,0.1758,0.8634,-0.4632
2023-01-27,-0.0029,0.2928,-0.0133,-0.2284,0.0577,0.1758,1.3264,0.1058
2023-01-30,-0.0029,0.2927,-0.0133,-0.2197,0.0577,0.1758,1.3177,0.1145
2023-01-31,0.2663,0.2907,-0.0133,-0.2328,0.0577,0.1758,1.598,0.3685
2023-02-01,0.268,-0.2981,-0.0134,-0.2368,0.0582,0.1771,1.167,-0.222
2023-02-02,0.2451,-0.3067,-0.0468,-0.2573,0.0582,0.1771,1.109,-0.3074
2023-02-03,0.2451,-0.309,-0.0468,-0.2572,0.0582,0.1771,1.1112,-0.3096
2023-02-06,-0.026,-0.315,-0.0468,-0.2628,0.0582,0.1771,0.8517,-0.5924
2023-02-07,-0.026,-0.304,-0.0468,-0.2525,0.0582,0.1771,0.8304,-0.571
2023-02-08,-0.026,-0.2809,-0.0468,-0.252,0.0582,0.1771,0.8068,-0.5475
2023-02-09,-0.026,-0.278,-0.0468,-0.2516,0.0582,0.1771,0.8035,-0.5441
2023-02-10,-0.026,-0.2782,-0.0467,-0.2457,0.0582,0.1771,0.8,-0.5385
2023-02-13,-0.026,-0.2781,-0.0467,-0.2458,0.0582,0.1771,0.8,-0.5385
2023-02-14,-0.026,-0.278,-0.0467,-0.2462,0.0582,0.1771,0.8004,-0.5388
2023-02-15,-0.026,-0.2815,-0.0467,-0.2482,0.0582,0.1771,0.8058,-0.5442
2023-02-16,-0.026,-0.2816,-0.0467,-0.2511,0.0582,0.1771,0.8087,-0.5471
2023-02-17,-0.026,-0.2815,-0.0467,-0.2531,0.0582,0.1771,0.8107,-0.5491
2023-02-21,-0.026,-0.2845,-0.0467,-0.2569,0.0582,0.1771,0.8168,-0.5559
2023-02-22,-0.026,-0.296,-0.0467,-0.2618,0.0582,0.1771,0.8318,-0.5723
2023-02-23,-0.0259,-0.2899,-0.0467,-0.2651,0.0582,0.1771,0.8291,-0.5695
2023-02-24,-0.0259,0.3006,-0.0467,-0.2684,0.0582,0.1771,1.2666,0.0178
2023-02-27,-0.0259,0.3007,-0.0467,-0.274,0.0582,0.1771,1.2724,0.0123
2023-02-28,0.2452,0.3008,-0.0467,-0.2741,0.0582,0.1771,1.5438,0.2834
2023-03-01,0.2487,-0.2954,-0.0473,-0.2779,0.0591,0.1795,1.126,-0.3128
2023-03-02,0.222,-0.3189,-0.0729,-0.2897,0.0591,0.1795,1.1866,-0.4004
2023-03-03,0.222,-0.3191,-0.0729,-0.292,0.0591,0.1795,1.1884,-0.4029
2023-03-06,-0.053,-0.319,-0.0729,-0.2956,0.0591,0.1795,0.9337,-0.6814
2023-03-07,-0.053,-0.3188,-0.0729,-0.2958,0.0591,0.1795,0.9337,-0.6815
2023-03-08,-0.0531,-0.3246,-0.0729,-0.298,0.0591,0.1795,0.9412,-0.6895
2023-03-09,-0.0531,-0.3495,-0.0729,-0.2938,0.0591,0.1795,0.9649,-0.7101
2023-03-10,-0.0531,-0.3654,-0.0728,-0.2941,0.0591,0.1795,0.9842,-0.7263
2023-03-13,-0.0531,-0.3654,-0.0728,-0.2932,0.0591,0.1795,0.9833,-0.7254
2023-03-14,-0.0531,-0.3194,-0.0728,-0.2851,0.0591,0.1795,0.9292,-0.6712
2023-03-15,-0.0531,-0.2749,-0.0728,-0.2789,0.0591,0.1795,0.8795,-0.6205
2023-03-16,-0.0531,-0.269,-0.0728,-0.2789,0.0591,0.1795,0.8736,-0.6146
2023-03-17,-0.0531,-0.2506,-0.0728,-0.2637,0.0591,0.1795,0.8488,-0.5811
2023-03-20,-0.0531,-0.244,-0.0728,-0.2637,0.0591,0.1795,0.8423,-0.5745
2023-03-21,-0.0531,-0.2369,-0.0728,-0.2633,0.0591,0.1795,0.8348,-0.567
2023-03-22,-0.0531,-0.2373,-0.0727,-0.2634,0.0591,0.1795,0.8352,-0.5674
2023-03-23,-0.0531,-0.2366,-0.0727,-0.2634,0.0591,0.1795,0.8345,-0.5667
2023-03-24,-0.0531,-0.2365,-0.0727,-0.2578,0.0591,0.1795,0.84,-0.561
2023-03-27,-0.0531,-0.2364,-0.0727,-0.2678,0.0591,0.1795,0.8449,-0.5709
2023-03-28,-0.0531,-0.2363,-0.0727,-0.2697,0.0591,0.1795,0.8463,-0.5727
2023-03-29,-0.0531,0.3624,-0.0727,-0.2702,0.0591,0.1795,1.2699,0.0256
2023-03-30,-0.0531,0.3628,-0.0727,-0.2714,0.0591,0.1795,1.2704,0.0246
2023-03-31,0.2219,0.3629,-0.0726,-0.2701,0.0591,0.1795,1.5249,0.3011
2023-04-03,0.2231,-0.2399,-0.073,-0.2721,0.0593,0.1804,1.1091,-0.3025
2023-04-04,0.2305,-0.2413,-0.0592,-0.2706,0.0593,0.1804,1.1064,-0.2813
2023-04-05,0.2305,-0.2459,-0.0592,-0.2723,0.0593,0.1804,1.1125,-0.2876
2023-04-06,-0.0461,-0.2538,-0.0592,-0.2732,0.0593,0.1804,0.8618,-0.573
2023-04-10,-0.0461,-0.2595,-0.0592,-0.2768,0.0593,0.1804,0.8711,-0.5823
2023-04-11,-0.0461,-0.2735,-0.0592,-0.281,0.0593,0.1804,0.8878,-0.6005
2023-04-12,-0.0461,-0.2734,-0.0592,-0.2639,0.0593,0.1804,0.8707,-0.5833
2023-04-13,-0.0461,-0.2736,-0.0592,-0.2821,0.0593,0.1804,0.8886,-0.6018
2023-04-14,-0.0461,-0.2772,-0.0592,-0.2828,0.0593,0.1804,0.8928,-0.606
2023-04-17,-0.0461,-0.2828,-0.0592,-0.2824,0.0593,0.1804,0.8977,-0.6112
2023-04-18,-0.0461,-0.2858,-0.0592,-0.2816,0.0593,0.1804,0.8999,-0.6135
2023-04-19,-0.0461,-0.2859,-0.0592,-0.2824,0.0593,0.1804,0.9007,-0.6142
2023-04-20,-0.0461,-0.2941,-0.0592,-0.2843,0.0593,0.1804,0.9109,-0.6244
2023-04-21,-0.0461,-0.3005,-0.0592,-0.2871,0.0593,0.1804,0.9185,-0.6336
2023-04-24,-0.0461,-0.3016,-0.0592,-0.2911,0.0593,0.1804,0.9216,-0.6387
2023-04-25,-0.0461,-0.3064,-0.0592,-0.2966,0.0593,0.1804,0.9302,-0.6491
2023-04-26,-0.0462,0.278,-0.0592,-0.3014,0.0593,0.1804,1.3504,-0.0694
2023-04-27,-0.0462,0.2781,-0.0592,-0.2904,0.0593,0.1804,1.3395,-0.0584
2023-04-28,0.2304,0.2782,-0.0592,-0.305,0.0593,0.1804,1.6128,0.2037
2023-05-01,0.0748,-0.324,-0.0592,-0.3087,0.0594,0.1807,1.0624,-0.5577
2023-05-02,0.1265,-0.3541,-0.031,-0.2228,0.0594,0.1807,1.101,-0.4219
2023-05-03,0.1265,-0.3462,-0.031,-0.2152,0.0594,0.1807,1.0854,-0.4064
2023-05-04,-0.1505,-0.3395,-0.031,-0.2244,0.0594,0.1807,1.1577,-0.6859
2023-05-05,-0.1506,-0.3395,-0.031,-0.2194,0.0594,0.1807,1.152,-0.681
2023-05-08,-0.1506,-0.3395,-0.031,-0.2407,0.0594,0.1807,1.1626,-0.7022
2023-05-09,-0.1506,-0.3394,-0.031,-0.2402,0.0594,0.1807,1.1596,-0.7018
2023-05-10,-0.1506,-0.3394,-0.031,-0.2297,0.0594,0.1807,1.1469,-0.6913
2023-05-11,-0.1506,-0.3394,-0.031,-0.2489,0.0594,0.1807,1.1658,-0.7105
2023-05-12,-0.1506,-0.3394,-0.031,-0.2533,0.0594,0.1807,1.1701,-0.7148
2023-05-15,-0.1506,-0.3413,-0.031,-0.2499,0.0594,0.1807,1.1704,-0.7133
2023-05-16,-0.1506,-0.3417,-0.031,-0.2486,0.0594,0.1807,1.1711,-0.7124
2023-05-17,-0.1506,-0.3443,-0.0309,-0.2489,0.0594,0.1807,1.174,-0.7153
2023-05-18,-0.1506,-0.3483,-0.0309,-0.2517,0.0594,0.1807,1.1808,-0.7221
2023-05-19,-0.1506,-0.3533,-0.0309,-0.2537,0.0594,0.1807,1.1878,-0.7291
2023-05-22,-0.1506,-0.3545,-0.0309,-0.2537,0.0594,0.1807,1.189,-0.7303
2023-05-23,-0.1506,-0.3556,-0.0309,-0.2542,0.0594,0.1807,1.1906,-0.7319
2023-05-24,-0.1506,-0.367,-0.0309,-0.255,0.0594,0.1807,1.2027,-0.7441
2023-05-25,-0.1506,-0.3745,-0.0309,-0.2572,0.0594,0.1807,1.2126,-0.7539
2023-05-26,-0.1506,0.2029,-0.0309,-0.2593,0.0594,0.1807,1.6503,-0.1785
2023-05-30,-0.1506,0.2022,-0.0309,-0.2628,0.0594,0.1807,1.6514,-0.1827
2023-05-31,0.1264,0.2007,-0.0309,-0.2691,0.0594,0.1807,1.5829,0.0865
2023-06-01,0.1268,-0.411,-0.031,-0.2745,0.0596,0.1812,1.1889,-0.5301
2023-06-02,0.0928,-0.4278,-0.0189,-0.3272,0.0596,0.1812,1.1121,-0.6215
2023-06-05,0.0928,-0.4327,-0.0189,-0.3271,0.0596,0.1812,1.1168,-0.6262
2023-06-06,-0.185,-0.4293,-0.0189,-0.327,0.0596,0.1812,1.2027,-0.9007
2023-06-07,-0.185,-0.4293,-0.0189,-0.3275,0.0596,0.1812,1.2032,-0.9011
2023-06-08,-0.185,-0.4299,-0.0189,-0.3317,0.0596,0.1812,1.2081,-0.906
2023-06-09,-0.185,-0.4295,-0.0189,-0.3347,0.0596,0.1812,1.2106,-0.9085
2023-06-12,-0.185,-0.4261,-0.0189,-0.3172,0.0596,0.1812,1.1897,-0.8876
2023-06-13,-0.185,-0.4261,-0.0189,-0.3172,0.0596,0.1812,1.1897,-0.8876
2023-06-14,-0.185,-0.4284,-0.019,-0.3054,0.0596,0.1812,1.1803,-0.8782
2023-06-15,-0.185,-0.4232,-0.019,-0.3164,0.0596,0.1812,1.1861,-0.884
2023-06-16,-0.185,-0.4232,-0.019,-0.3182,0.0596,0.1812,1.188,-0.8859
2023-06-20,-0.185,-0.4232,-0.019,-0.3084,0.0596,0.1812,1.1803,-0.8761
2023-06-21,-0.185,-0.4237,-0.019,-0.3084,0.0596,0.1812,1.1807,-0.8765
2023-06-22,-0.185,-0.4314,-0.019,-0.3073,0.0596,0.1812,1.1874,-0.8832
2023-06-23,-0.185,-0.4501,-0.019,-0.3023,0.0596,0.1812,1.2109,-0.8968
2023-06-26,-0.185,-0.4498,-0.019,-0.2942,0.0596,0.1812,1.2026,-0.8884
2023-06-27,-0.185,-0.4559,-0.019,-0.2931,0.0596,0.1812,1.2091,-0.8935
2023-06-28,-0.185,0.1182,-0.019,-0.2931,0.0596,0.1812,1.5576,-0.3194
2023-06-29,-0.185,0.118,-0.019,-0.2944,0.0596,0.1812,1.5588,-0.3209
2023-06-30,0.0928,0.1149,-0.019,-0.2973,0.0596,0.1812,1.4732,-0.0491
2023-07-03,0.0928,-0.4583,-0.0191,-0.3006,0.0597,0.1816,1.1302,-0.6255
2023-07-05,0.304,-0.6818,-0.0325,-0.1915,0.0597,0.1816,1.8303,-0.542
2023-07-06,0.304,-0.6818,-0.0325,-0.1944,0.0597,0.1816,1.8334,-0.5449
2023-07-07,0.0259,-0.6817,-0.0325,-0.199,0.0597,0.1816,1.6204,-0.8277
2023-07-10,0.0259,-0.6643,-0.0325,-0.2001,0.0597,0.1816,1.604,-0.8112
2023-07-11,0.026,-0.6643,-0.0325,-0.1845,0.0597,0.1816,1.5884,-0.7956
2023-07-12,0.026,-0.6643,-0.0325,-0.1843,0.0597,0.1816,1.5882,-0.7954
2023-07-13,0.0261,-0.6643,-0.0325,-0.1846,0.0597,0.1816,1.5886,-0.7957
2023-07-14,0.0261,-0.6584,-0.0325,-0.1674,0.0597,0.1816,1.5691,-0.7725
2023-07-17,0.0261,-0.6524,-0.0326,-0.1574,0.0597,0.1816,1.5542,-0.7565
2023-07-18,0.0262,-0.6474,-0.0326,-0.1565,0.0597,0.1816,1.5484,-0.7506
2023-07-19,0.0262,-0.6478,-0.0326,-0.1565,0.0597,0.1816,1.5487,-0.7509
2023-07-20,0.0263,-0.657,-0.0326,-0.1565,0.0597,0.1816,1.5579,-0.76
2023-07-21,0.0263,-0.6743,-0.0326,-0.1563,0.0597,0.1816,1.5753,-0.7772
2023-07-24,0.0264,-0.6736,-0.0326,-0.1552,0.0597,0.1816,1.5735,-0.7753
2023-07-25,0.0264,-0.6736,-0.0326,-0.1552,0.0597,0.1816,1.5735,-0.7752
2023-07-26,0.0264,-0.6747,-0.0326,-0.1552,0.0597,0.1816,1.5747,-0.7764
2023-07-27,0.0265,-0.0858,-0.0326,-0.1552,0.0597,0.1816,1.5047,-0.1874
2023-07-28,0.0265,-0.0984,-0.0326,-0.1554,0.0597,0.1816,1.5158,-0.2002
2023-07-31,0.3048,-0.069,-0.0326,-0.1658,0.0597,0.1816,1.7174,0.0971
2023-08-01,0.3069,-0.6709,-0.0328,-0.1645,0.0601,0.1827,1.8012,-0.5013
2023-08-02,0.3191,-0.7486,0.0203,-0.1746,0.0601,0.1827,1.8687,-0.5237
2023-08-03,0.3192,-0.7474,0.0203,-0.1743,0.0601,0.1827,1.8672,-0.5222
2023-08-04,0.0391,-0.7465,0.0203,-0.1742,0.0601,0.1827,1.6503,-0.8012
2023-08-07,0.0392,-0.7357,0.0203,-0.1721,0.0601,0.1827,1.6417,-0.7882
2023-08-08,0.0392,-0.7309,0.0203,-0.1733,0.0601,0.1827,1.6379,-0.7845
2023-08-09,0.0392,-0.7308,0.0203,-0.1757,0.0601,0.1827,1.6403,-0.7869
2023-08-10,0.0392,-0.7308,0.0203,-0.1772,0.0601,0.1827,1.6418,-0.7884
2023-08-11,0.0393,-0.7418,0.0203,-0.1805,0.0601,0.1827,1.6559,-0.8026
2023-08-14,0.0393,-0.7418,0.0203,-0.1838,0.0601,0.1827,1.6591,-0.8059
2023-08-15,0.0393,-0.7302,0.0203,-0.1897,0.0601,0.1827,1.6534,-0.8002
2023-08-16,0.0393,-0.7302,0.0203,-0.1949,0.0601,0.1827,1.6585,-0.8053
2023-08-17,0.0394,-0.7302,0.0203,-0.1915,0.0601,0.1827,1.6544,-0.8019
2023-08-18,0.0394,-0.7302,0.0203,-0.2053,0.0601,0.1827,1.6667,-0.8157
2023-08-21,0.0394,-0.7302,0.0203,-0.2091,0.0601,0.1827,1.6684,-0.8195
2023-08-22,0.0394,-0.7379,0.0203,-0.2119,0.0601,0.1827,1.6768,-0.8299
2023-08-23,0.0394,-0.7379,0.0203,-0.2133,0.0601,0.1827,1.6769,-0.8313
2023-08-24,0.0395,-0.7397,0.0203,-0.2176,0.0601,0.1827,1.683,-0.8374
2023-08-25,0.0395,-0.7396,0.0203,-0.2195,0.0601,0.1827,1.6836,-0.8392
2023-08-28,0.0395,-0.7416,0.0203,-0.2195,0.0601,0.1827,1.6855,-0.8412
2023-08-29,0.0395,-0.1425,0.0203,-0.2201,0.0601,0.1827,1.6207,-0.2427
2023-08-30,0.0396,-0.1619,0.0203,-0.2207,0.0601,0.1827,1.6429,-0.2627
2023-08-31,0.3196,-0.1619,0.0203,-0.2221,0.0601,0.1827,1.8589,0.016
2023-09-01,0.3207,-0.7641,0.0204,-0.2252,0.0602,0.1833,1.9314,-0.5879
2023-09-05,0.2922,-0.779,0.0251,-0.2142,0.0602,0.1833,1.94,-0.6157
2023-09-06,0.2923,-0.779,0.0251,-0.2145,0.0602,0.1833,1.9404,-0.6159
2023-09-07,0.0114,-0.7727,0.0251,-0.2144,0.0602,0.1833,1.7125,-0.8904
2023-09-08,0.0115,-0.7691,0.0251,-0.2151,0.0602,0.1833,1.7095,-0.8874
2023-09-11,0.0115,-0.7691,0.0251,-0.2182,0.0602,0.1833,1.7124,-0.8905
2023-09-12,0.0116,-0.7692,0.0251,-0.2231,0.0602,0.1833,1.7171,-0.8954
2023-09-13,0.0116,-0.7692,0.0251,-0.2238,0.0602,0.1833,1.7179,-0.8961
2023-09-14,0.0117,-0.7744,0.025,-0.227,0.0602,0.1833,1.7262,-0.9044
2023-09-15,0.0117,-0.7833,0.025,-0.2273,0.0602,0.1833,1.7352,-0.9136
2023-09-18,0.0118,-0.7914,0.025,-0.2312,0.0602,0.1833,1.7472,-0.9256
2023-09-19,0.0118,-0.7987,0.025,-0.2356,0.0602,0.1833,1.7589,-0.9373
2023-09-20,0.0119,-0.8134,0.025,-0.2388,0.0602,0.1833,1.7765,-0.9551
2023-09-21,0.0119,-0.8134,0.025,-0.2415,0.0602,0.1833,1.779,-0.9577
2023-09-22,0.012,-0.8342,0.025,-0.2412,0.0602,0.1833,1.805,-0.9782
2023-09-25,0.012,-0.8164,0.025,-0.2416,0.0602,0.1833,1.7875,-0.9608
2023-09-26,0.0121,-0.813,0.025,-0.2424,0.0602,0.1833,1.7848,-0.9582
2023-09-27,0.0121,-0.1898,0.0249,-0.2442,0.0602,0.1833,1.7054,-0.3367
2023-09-28,0.0122,-0.1898,0.0249,-0.2472,0.0602,0.1833,1.7083,-0.3396
2023-09-29,0.2931,-0.1898,0.0249,-0.2487,0.0602,0.1833,1.9333,-0.0603
2023-10-02,0.2937,-0.7867,0.025,-0.2488,0.0603,0.1835,1.9895,-0.6565
2023-10-03,0.3327,-0.8004,0.0298,-0.2588,0.0603,0.1835,2.1621,-0.6364
2023-10-04,0.3328,-0.7669,0.0297,-0.2589,0.0603,0.1835,2.1312,-0.603
2023-10-05,0.0514,-0.7323,0.0297,-0.2583,0.0603,0.1835,1.8575,-0.8492
2023-10-06,0.0514,-0.7177,0.0297,-0.2581,0.0603,0.1835,1.843,-0.8344
2023-10-09,0.0515,-0.7177,0.0297,-0.2577,0.0603,0.1835,1.8426,-0.834
2023-10-10,0.0515,-0.7105,0.0297,-0.2577,0.0603,0.1835,1.8354,-0.8267
2023-10-11,0.0515,-0.6569,0.0297,-0.2569,0.0603,0.1835,1.7808,-0.7722
2023-10-12,0.0516,-0.6569,0.0297,-0.2568,0.0603,0.1835,1.7808,-0.7721
2023-10-13,0.0516,-0.6583,0.0297,-0.2568,0.0603,0.1835,1.7821,-0.7735
2023-10-16,0.0517,-0.6578,0.0297,-0.2546,0.0603,0.1835,1.7801,-0.7707
2023-10-17,0.0517,-0.6578,0.0297,-0.2476,0.0603,0.1835,1.773,-0.7636
2023-10-18,0.0518,-0.6573,0.0297,-0.249,0.0603,0.1835,1.7739,-0.7645
2023-10-19,0.0518,-0.6416,0.0297,-0.2507,0.0603,0.1835,1.7599,-0.7505
2023-10-20,0.0519,-0.6264,0.0297,-0.2526,0.0603,0.1835,1.7466,-0.7372
2023-10-23,0.0519,-0.6104,0.0297,-0.2541,0.0603,0.1835,1.7324,-0.7226
2023-10-24,0.0519,-0.6092,0.0297,-0.2561,0.0603,0.1835,1.7332,-0.7234
2023-10-25,0.052,-0.6092,0.0296,-0.2571,0.0603,0.1835,1.7355,-0.7243
2023-10-26,0.052,-0.6092,0.0296,-0.2577,0.0603,0.1835,1.7381,-0.7249
2023-10-27,0.0521,-0.0062,0.0296,-0.2577,0.0603,0.1835,1.689,-0.1219
2023-10-30,0.0521,-0.0062,0.0296,-0.2585,0.0603,0.1835,1.6898,-0.1227
2023-10-31,0.3336,-0.0062,0.0296,-0.2602,0.0603,0.1835,1.9315,0.1571
2023-11-01,0.4942,-0.6085,0.0297,-0.2629,0.0603,0.184,2.1441,-0.2872
2023-11-02,0.4692,-0.6144,0.0158,-0.2431,0.0603,0.184,1.931,-0.3122
2023-11-03,0.4692,-0.6144,0.0158,-0.2429,0.0603,0.184,1.9308,-0.312
2023-11-06,0.1872,-0.6178,0.0158,-0.2412,0.0603,0.184,1.6504,-0.5956
2023-11-07,0.1873,-0.6223,0.0158,-0.2325,0.0603,0.184,1.6484,-0.5914
2023-11-08,0.1873,-0.6223,0.0158,-0.2324,0.0603,0.184,1.6484,-0.5913
2023-11-09,0.1873,-0.6223,0.0158,-0.2319,0.0603,0.184,1.6478,-0.5907
2023-11-10,0.1874,-0.6346,0.0158,-0.2291,0.0603,0.184,1.6574,-0.6002
2023-11-13,0.1874,-0.6346,0.0158,-0.2291,0.0603,0.184,1.6574,-0.6002
2023-11-14,0.1875,-0.6346,0.0158,-0.2291,0.0603,0.184,1.6575,-0.6001
2023-11-15,0.1875,-0.6346,0.0158,-0.2304,0.0603,0.184,1.6587,-0.6013
2023-11-16,0.1876,-0.6345,0.0158,-0.2063,0.0603,0.184,1.6438,-0.5771
2023-11-17,0.1876,-0.6345,0.0158,-0.2053,0.0603,0.184,1.6429,-0.5761
2023-11-20,0.1876,-0.6345,0.0158,-0.2049,0.0603,0.184,1.6426,-0.5757
2023-11-21,0.1877,-0.6348,0.0158,-0.2022,0.0603,0.184,1.6402,-0.5732
2023-11-22,0.1877,-0.635,0.0158,-0.1968,0.0603,0.184,1.635,-0.5679
2023-11-24,0.1878,-0.6354,0.0158,-0.1967,0.0603,0.184,1.6354,-0.5683
2023-11-27,0.1878,-0.6379,0.0158,-0.1984,0.0603,0.184,1.6396,-0.5724
2023-11-28,0.1879,-0.0336,0.0158,-0.2009,0.0603,0.184,1.6075,0.0295
2023-11-29,0.1879,-0.0444,0.0158,-0.2039,0.0603,0.184,1.6213,0.0157
2023-11-30,0.47,-0.0475,0.0158,-0.2065,0.0603,0.184,1.9092,0.292
2023-12-01,0.4716,-0.6591,0.0159,-0.2079,0.0606,0.1847,1.9563,-0.319
2023-12-04,0.4781,-0.5449,0.0183,-0.2213,0.0606,0.1847,1.7931,-0.2092
2023-12-05,0.4782,-0.5449,0.0183,-0.2195,0.0606,0.1847,1.7914,-0.2074
2023-12-06,0.1954,-0.545,0.0183,-0.2195,0.0606,0.1847,1.5087,-0.4902
2023-12-07,0.1954,-0.5529,0.0183,-0.2195,0.0606,0.1847,1.5167,-0.498
2023-12-08,0.1955,-0.5714,0.0183,-0.2195,0.0606,0.1847,1.5352,-0.5165
2023-12-11,0.1955,-0.5762,0.0183,-0.1934,0.0606,0.1847,1.5141,-0.4952
2023-12-12,0.1956,-0.5762,0.0183,-0.1915,0.0606,0.1847,1.5122,-0.4932
2023-12-13,0.1956,-0.5765,0.0183,-0.1916,0.0606,0.1847,1.5121,-0.4935
2023-12-14,0.1957,-0.5785,0.0183,-0.1937,0.0606,0.1847,1.5155,-0.4975
2023-12-15,0.1957,-0.5745,0.0183,-0.1894,0.0606,0.1847,1.5072,-0.4892
2023-12-18,0.1958,-0.5745,0.0183,-0.1892,0.0606,0.1847,1.5071,-0.4889
2023-12-19,0.1958,-0.5759,0.0183,-0.1891,0.0606,0.1847,1.5087,-0.4902
2023-12-20,0.1959,-0.5759,0.0183,-0.189,0.0606,0.1847,1.5088,-0.4901
2023-12-21,0.1959,-0.5788,0.0184,-0.189,0.0606,0.1847,1.5117,-0.4929
2023-12-22,0.196,-0.5899,0.0184,-0.189,0.0606,0.1847,1.5229,-0.5039
2023-12-26,0.196,-0.5924,0.0184,-0.1888,0.0606,0.1847,1.5253,-0.5063
2023-12-27,0.1961,0.0062,0.0184,-0.1888,0.0606,0.1847,1.4893,0.0925
2023-12-28,0.1961,-0.0012,0.0184,-0.1779,0.0606,0.1847,1.4885,0.096
2023-12-29,0.479,-0.0204,0.0184,-0.1788,0.0606,0.1847,1.7893,0.3588
2024-01-02,0.4799,-0.626,0.0184,-0.1789,0.0607,0.185,1.8348,-0.2459
2024-01-03,0.4912,-0.5851,-0.0091,-0.1766,0.0607,0.185,2.0434,-0.2189
2024-01-04,0.4912,-0.5851,-0.0092,-0.1665,0.0607,0.185,2.0333,-0.2088
2024-01-05,0.2079,-0.5894,-0.0092,-0.1665,0.0607,0.185,1.7543,-0.4965
2024-01-08,0.208,-0.5894,-0.0092,-0.1665,0.0607,0.185,1.7544,-0.4964
2024-01-09,0.208,-0.5894,-0.0092,-0.1667,0.0607,0.185,1.7546,-0.4966
2024-01-10,0.2081,-0.5894,-0.0092,-0.1673,0.0607,0.185,1.7552,-0.4971
2024-01-11,0.2081,-0.5894,-0.0092,-0.1677,0.0607,0.185,1.7556,-0.4975
2024-01-12,0.2082,-0.5894,-0.0092,-0.1682,0.0607,0.185,1.7561,-0.498
2024-01-16,0.2083,-0.5938,-0.0092,-0.1701,0.0607,0.185,1.7622,-0.5041
2024-01-17,0.2083,-0.595,-0.0092,-0.1738,0.0607,0.185,1.767,-0.509
2024-01-18,0.2084,-0.593,-0.0093,-0.1737,0.0607,0.185,1.7649,-0.5068
2024-01-19,0.2084,-0.593,-0.0093,-0.1737,0.0607,0.185,1.765,-0.5068
2024-01-22,0.2085,-0.5929,-0.0093,-0.174,0.0607,0.185,1.7647,-0.507
2024-01-23,0.2086,-0.593,-0.0093,-0.1744,0.0607,0.185,1.7643,-0.5074
2024-01-24,0.2086,-0.593,-0.0093,-0.1753,0.0607,0.185,1.7635,-0.5082
2024-01-25,0.2087,-0.593,-0.0093,-0.1772,0.0607,0.185,1.7651,-0.5101
2024-01-26,0.2088,-0.5963,-0.0093,-0.178,0.0607,0.185,1.7686,-0.5142
2024-01-29,0.2088,0.008,-0.0093,-0.181,0.0607,0.185,1.7149,0.0872
2024-01-30,0.2089,0.0065,-0.0093,-0.1726,0.0607,0.185,1.707,0.0941
2024-01-31,0.4923,-0.0042,-0.0094,-0.1863,0.0607,0.185,2.0146,0.3532
2024-02-01,0.4916,-0.6187,-0.0094,-0.1889,0.0607,0.1847,2.0811,-0.2647
2024-02-02,0.463,-0.7023,-0.038,-0.2895,0.0607,0.1847,1.9497,-0.506
2024-02-05,0.4631,-0.7106,-0.038,-0.2896,0.0607,0.1847,1.9582,-0.5144
2024-02-06,0.1803,-0.6573,-0.038,-0.2896,0.0607,0.1847,1.6221,-0.7439
2024-02-07,0.1803,-0.6212,-0.038,-0.2896,0.0607,0.1847,1.5861,-0.7077
2024-02-08,0.1804,-0.6211,-0.038,-0.2894,0.0607,0.1847,1.5859,-0.7075
2024-02-09,0.1805,-0.6211,-0.038,-0.2895,0.0607,0.1847,1.586,-0.7075
2024-02-12,0.1805,-0.621,-0.038,-0.2896,0.0607,0.1847,1.5861,-0.7075
2024-02-13,0.1806,-0.621,-0.038,-0.2896,0.0607,0.1847,1.5863,-0.7075
2024-02-14,0.1806,-0.621,-0.038,-0.2911,0.0607,0.1847,1.5878,-0.7089
2024-02-15,0.1807,-0.6045,-0.0381,-0.2905,0.0607,0.1847,1.5707,-0.6917
2024-02-16,0.1807,-0.6044,-0.0381,-0.2905,0.0607,0.1847,1.5708,-0.6916
2024-02-20,0.1808,-0.6044,-0.0381,-0.2894,0.0607,0.1847,1.5697,-0.6904
2024-02-21,0.1808,-0.6044,-0.0381,-0.2916,0.0607,0.1847,1.5719,-0.6925
2024-02-22,0.1809,-0.6043,-0.0381,-0.2942,0.0607,0.1847,1.5744,-0.6951
2024-02-23,0.1809,-0.6043,-0.0381,-0.2974,0.0607,0.1847,1.5776,-0.6982
2024-02-26,0.181,-0.6042,-0.0381,-0.3006,0.0607,0.1847,1.5809,-0.7013
2024-02-27,0.1811,-0.0081,-0.0381,-0.3039,0.0607,0.1847,1.5341,-0.1084
2024-02-28,0.1811,-0.0233,-0.0381,-0.3082,0.0607,0.1847,1.5534,-0.1278
2024-02-29,0.464,-0.0232,-0.0381,-0.3142,0.0607,0.1847,1.8423,0.1491
2024-03-01,0.4637,-0.6325,-0.0381,-0.3183,0.0606,0.1845,1.9089,-0.4646
2024-03-04,0.4965,-0.6044,0.0103,-0.2669,0.0606,0.1845,1.8889,-0.3039
2024-03-05,0.4966,-0.6049,0.0103,-0.269,0.0606,0.1845,1.8915,-0.3064
2024-03-06,0.214,-0.6217,0.0103,-0.2738,0.0606,0.1845,1.6305,-0.6105
2024-03-07,0.214,-0.6358,0.0104,-0.276,0.0606,0.1845,1.6468,-0.6267
2024-03-08,0.2141,-0.6502,0.0104,-0.2791,0.0606,0.1845,1.6645,-0.6443
2024-03-11,0.2142,-0.6659,0.0104,-0.2793,0.0606,0.1845,1.6804,-0.66
2024-03-12,0.2142,-0.6659,0.0104,-0.2806,0.0606,0.1845,1.6816,-0.6612
2024-03-13,0.2143,-0.666,0.0104,-0.2837,0.0606,0.1845,1.6849,-0.6644
2024-03-14,0.2144,-0.666,0.0104,-0.287,0.0606,0.1845,1.6882,-0.6676
2024-03-15,0.2145,-0.6659,0.0104,-0.2893,0.0606,0.1845,1.6905,-0.6697
2024-03-18,0.2145,-0.6659,0.0104,-0.2895,0.0606,0.1845,1.6907,-0.6698
2024-03-19,0.2146,-0.6658,0.0104,-0.2899,0.0606,0.1845,1.6912,-0.6701
2024-03-20,0.2147,-0.6599,0.0104,-0.2903,0.0606,0.1845,1.6856,-0.6645
2024-03-21,0.2147,-0.6599,0.0104,-0.2908,0.0606,0.1845,1.6862,-0.665
2024-03-22,0.2148,-0.6599,0.0104,-0.2909,0.0606,0.1845,1.6863,-0.6649
2024-03-25,0.2149,-0.6598,0.0104,-0.2838,0.0606,0.1845,1.6792,-0.6576
2024-03-26,0.2149,-0.058,0.0104,-0.2837,0.0606,0.1845,1.6165,-0.0556
2024-03-27,0.215,-0.0579,0.0104,-0.2838,0.0606,0.1845,1.6167,-0.0556
2024-03-28,0.4977,-0.0579,0.0105,-0.2843,0.0606,0.1845,1.8999,0.2266
2024-04-01,0.4985,-0.6664,0.0105,-0.2857,0.0608,0.1848,1.9719,-0.3824
2024-04-02,0.4892,-0.7101,0.0032,-0.4012,0.0608,0.1848,1.9699,-0.5582
2024-04-03,0.4892,-0.71,0.0032,-0.3883,0.0608,0.1848,1.957,-0.5452
2024-04-04,0.2062,-0.7097,0.0032,-0.4064,0.0608,0.1848,1.6917,-0.846
2024-04-05,0.2063,-0.7058,0.0032,-0.4066,0.0608,0.1848,1.6881,-0.8422
2024-04-08,0.2063,-0.7058,0.0032,-0.407,0.0608,0.1848,1.6885,-0.8425
2024-04-09,0.2064,-0.7057,0.0032,-0.4078,0.0608,0.1848,1.6894,-0.8432
2024-04-10,0.2064,-0.7055,0.0032,-0.4095,0.0608,0.1848,1.691,-0.8447
2024-04-11,0.2065,-0.7055,0.0032,-0.4111,0.0608,0.1848,1.6926,-0.8462
2024-04-12,0.2065,-0.6162,0.0032,-0.4092,0.0608,0.1848,1.6014,-0.7549
2024-04-15,0.2066,-0.6161,0.0032,-0.4084,0.0608,0.1848,1.6007,-0.754
2024-04-16,0.2066,-0.6161,0.0032,-0.4052,0.0608,0.1848,1.5975,-0.7508
2024-04-17,0.2067,-0.6061,0.0031,-0.4056,0.0608,0.1848,1.588,-0.7412
2024-04-18,0.2067,-0.6054,0.0031,-0.4063,0.0608,0.1848,1.5881,-0.7411
2024-04-19,0.2068,-0.6054,0.0031,-0.4064,0.0608,0.1848,1.5882,-0.7411
2024-04-22,0.2068,-0.6054,0.0031,-0.4068,0.0608,0.1848,1.5886,-0.7414
2024-04-23,0.2069,-0.6053,0.0031,-0.408,0.0608,0.1848,1.5899,-0.7426
2024-04-24,0.2069,-0.6053,0.0031,-0.408,0.0608,0.1848,1.59,-0.7426
2024-04-25,0.207,-0.6053,0.0031,-0.4104,0.0608,0.1848,1.5924,-0.7448
2024-04-26,0.207,-0.0026,0.0031,-0.4123,0.0608,0.1848,1.5516,-0.1441
2024-04-29,0.2071,-0.0026,0.0031,-0.4016,0.0608,0.1848,1.541,-0.1333
2024-04-30,0.4902,-0.0028,0.0031,-0.4164,0.0608,0.1848,1.839,0.1349
2024-05-01,0.3309,-0.608,0.0031,-0.4084,0.0609,0.1852,1.7181,-0.6215
2024-05-02,0.3311,-0.6219,0.024,-0.4094,0.0609,0.1852,1.7268,-0.6153
2024-05-03,0.3311,-0.6247,0.024,-0.4094,0.0609,0.1852,1.7298,-0.6181
2024-05-06,0.0473,-0.6247,0.024,-0.3632,0.0609,0.1852,1.3999,-0.8557
2024-05-07,0.0474,-0.6319,0.024,-0.3613,0.0609,0.1852,1.4052,-0.8609
2024-05-08,0.0475,-0.6421,0.024,-0.3595,0.0609,0.1852,1.4136,-0.8691
2024-05-09,0.0476,-0.646,0.024,-0.3624,0.0609,0.1852,1.4206,-0.8759
2024-05-10,0.0476,-0.6485,0.024,-0.3634,0.0609,0.1852,1.4241,-0.8794
2024-05-13,0.0477,-0.6622,0.024,-0.3635,0.0609,0.1852,1.438,-0.893
2024-05-14,0.0478,-0.6622,0.024,-0.3636,0.0609,0.1852,1.4383,-0.8931
2024-05-15,0.0479,-0.6687,0.024,-0.3638,0.0609,0.1852,1.4451,-0.8998
2024-05-16,0.048,-0.6733,0.024,-0.3659,0.0609,0.1852,1.4519,-0.9064
2024-05-17,0.048,-0.6872,0.024,-0.3661,0.0609,0.1852,1.466,-0.9204
2024-05-20,0.0481,-0.6915,0.024,-0.3675,0.0609,0.1852,1.4717,-0.9259
2024-05-21,0.0482,-0.6914,0.024,-0.3695,0.0609,0.1852,1.4738,-0.9278
2024-05-22,0.0483,-0.6914,0.024,-0.3734,0.0609,0.1852,1.4778,-0.9317
2024-05-23,0.0483,-0.6952,0.024,-0.3797,0.0609,0.1852,1.488,-0.9417
2024-05-24,0.0484,-0.6952,0.024,-0.3818,0.0609,0.1852,1.4902,-0.9437
2024-05-28,0.0485,-0.6952,0.024,-0.3859,0.0609,0.1852,1.4943,-0.9477
2024-05-29,0.0486,-0.0911,0.024,-0.3889,0.0609,0.1852,1.4509,-0.3466
2024-05-30,0.0486,-0.0911,0.024,-0.3923,0.0609,0.1852,1.4543,-0.3499
2024-05-31,0.3326,-0.091,0.024,-0.3949,0.0609,0.1852,1.741,-0.0685
2024-06-03,0.3321,-0.6934,0.0239,-0.3928,0.0609,0.1849,1.7824,-0.6693
2024-06-04,0.3429,-0.6958,0.0382,-0.3191,0.0609,0.1849,1.9018,-0.573
2024-06-05,0.3429,-0.7181,0.0382,-0.3179,0.0609,0.1849,1.9227,-0.594
2024-06-06,0.0597,-0.7288,0.0382,-0.3152,0.0609,0.1849,1.6473,-0.8853
2024-06-07,0.0597,-0.7399,0.0382,-0.3156,0.0609,0.1849,1.6586,-0.8967
2024-06-10,0.0598,-0.7532,0.0382,-0.3249,0.0609,0.1849,1.6811,-0.9192
2024-06-11,0.0599,-0.7038,0.0382,-0.3203,0.0609,0.1849,1.6272,-0.8652
2024-06-12,0.0599,-0.6915,0.0382,-0.3065,0.0609,0.1849,1.601,-0.839
2024-06-13,0.06,-0.6914,0.0382,-0.319,0.0609,0.1849,1.6135,-0.8514
2024-06-14,0.0601,-0.6914,0.0382,-0.3228,0.0609,0.1849,1.6121,-0.855
2024-06-17,0.0602,-0.6914,0.0382,-0.3262,0.0609,0.1849,1.6155,-0.8584
2024-06-18,0.0602,-0.7049,0.0382,-0.3293,0.0609,0.1849,1.6322,-0.875
2024-06-20,0.0603,-0.7049,0.0382,-0.3327,0.0609,0.1849,1.6357,-0.8783
2024-06-21,0.0604,-0.7049,0.0382,-0.3363,0.0609,0.1849,1.639,-0.8818
2024-06-24,0.0605,-0.7049,0.0382,-0.3373,0.0609,0.1849,1.639,-0.8826
2024-06-25,0.0605,-0.7118,0.0382,-0.3403,0.0609,0.1849,1.6467,-0.8925
2024-06-26,0.0606,-0.1227,0.0382,-0.3439,0.0609,0.1849,1.6141,-0.3069
2024-06-27,0.0607,-0.1415,0.0382,-0.3471,0.0609,0.1849,1.6347,-0.3289
2024-06-28,0.3441,-0.1414,0.0382,-0.3474,0.0609,0.1849,1.918,-0.0457
2024-07-01,0.3447,-0.7433,0.0383,-0.3493,0.061,0.1851,1.9701,-0.6487
2024-07-02,0.3405,-0.7435,0.0442,-0.4203,0.061,0.1851,1.8894,-0.7181
2024-07-03,0.3406,-0.7056,0.0442,-0.4216,0.061,0.1851,1.8525,-0.6814
2024-07-05,0.057,-0.7056,0.0442,-0.4259,0.061,0.1851,1.5706,-0.9693
2024-07-08,0.057,-0.7056,0.0442,-0.4277,0.061,0.1851,1.5724,-0.9711
2024-07-09,0.057,-0.7056,0.0442,-0.428,0.061,0.1851,1.5726,-0.9715
2024-07-10,0.057,-0.7055,0.0442,-0.4291,0.061,0.1851,1.5736,-0.9725
2024-07-11,0.057,-0.7055,0.0442,-0.4343,0.061,0.1851,1.5788,-0.9777
2024-07-12,0.057,-0.7121,0.0442,-0.4395,0.061,0.1851,1.5888,-0.9895
2024-07-15,0.057,-0.7126,0.0442,-0.4216,0.061,0.1851,1.5713,-0.972
2024-07-16,0.057,-0.7187,0.0442,-0.424,0.061,0.1851,1.5794,-0.9806
2024-07-17,0.057,-0.7187,0.0442,-0.4272,0.061,0.1851,1.5825,-0.9837
2024-07-18,0.057,-0.7345,0.0441,-0.4277,0.061,0.1851,1.5986,-1.0
2024-07-19,0.057,-0.7418,0.0441,-0.4154,0.061,0.1851,1.5935,-0.995
2024-07-22,0.057,-0.7418,0.0441,-0.4119,0.061,0.1851,1.5895,-0.9915
2024-07-23,0.057,-0.7418,0.0441,-0.4124,0.061,0.1851,1.5894,-0.992
2024-07-24,0.0571,-0.7418,0.0441,-0.4126,0.061,0.1851,1.5895,-0.9922
2024-07-25,0.0571,-0.7418,0.0441,-0.4129,0.061,0.1851,1.5894,-0.9925
2024-07-26,0.0571,-0.7417,0.0441,-0.413,0.061,0.1851,1.589,-0.9925
2024-07-29,0.0571,-0.1417,0.0441,-0.4239,0.061,0.1851,1.5541,-0.4034
2024-07-30,0.0571,-0.1464,0.0441,-0.4242,0.061,0.1851,1.5588,-0.4084
2024-07-31,0.3408,-0.1544,0.0441,-0.4244,0.061,0.1851,1.8499,-0.1329
2024-08-01,0.3417,-0.7564,0.0443,-0.4257,0.0611,0.1856,1.9007,-0.7349
2024-08-02,0.3245,-0.7284,0.0107,-0.4216,0.0611,0.1856,1.9507,-0.7538
2024-08-05,0.3245,-0.7426,0.0107,-0.4279,0.0611,0.1856,1.9707,-0.7742
2024-08-06,0.04,-0.6844,0.0107,-0.3929,0.0067,0.1856,1.538,-1.0199
2024-08-07,0.04,-0.6844,0.0107,-0.3864,0.0067,0.1856,1.5311,-1.0134
2024-08-08,0.04,-0.6414,0.0107,-0.3862,0.0067,0.1856,1.4877,-0.9702
2024-08-09,0.04,-0.6338,0.0107,-0.3743,0.0067,0.1856,1.468,-0.9507
2024-08-12,0.04,-0.6331,0.0107,-0.3747,0.0399,0.1856,1.501,-0.9172
2024-08-13,0.04,-0.6331,0.0107,-0.3749,0.0399,0.1856,1.5013,-0.9174
2024-08-14,0.04,-0.6332,0.0107,-0.3757,0.0406,0.1856,1.5028,-0.9175
2024-08-15,0.04,-0.6379,0.0107,-0.3755,0.0413,0.1856,1.508,-0.9214
2024-08-16,0.04,-0.6545,0.0107,-0.3758,0.0422,0.1856,1.5258,-0.9374
2024-08-19,0.04,-0.6545,0.0107,-0.3766,0.0434,0.1856,1.5279,-0.937
2024-08-20,0.04,-0.6551,0.0107,-0.3765,0.0449,0.1856,1.5299,-0.936
2024-08-21,0.04,-0.6587,0.0107,-0.3763,0.0463,0.1856,1.5367,-0.9379
2024-08-22,0.04,-0.6605,0.0107,-0.3765,0.0475,0.1856,1.5401,-0.9388
2024-08-23,0.04,-0.6703,0.0107,-0.3766,0.0491,0.1856,1.5515,-0.9471
2024-08-26,0.04,-0.6703,0.0107,-0.3769,0.0504,0.1856,1.5532,-0.946
2024-08-27,0.04,-0.6703,0.0107,-0.3699,0.0515,0.1856,1.5524,-0.938
2024-08-28,0.04,-0.069,0.0107,-0.3621,0.0532,0.1856,1.4981,-0.3272
2024-08-29,0.04,-0.069,0.0107,-0.3693,0.0548,0.1856,1.507,-0.3327
2024-08-30,0.3245,-0.0805,0.0107,-0.3674,0.0559,0.1856,1.802,-0.0568
2024-09-03,0.3234,-0.6872,0.0107,-0.3669,0.0568,0.1848,1.8551,-0.6631
2024-09-04,0.4747,-0.2316,0.0287,-0.2834,0.0584,0.1848,1.6019,0.0468
2024-09-05,0.4747,-0.2315,0.0287,-0.2811,0.0584,0.1848,1.5995,0.0492
2024-09-06,0.1914,-0.2314,0.0287,-0.2816,0.0584,0.1848,1.316,-0.2345
2024-09-09,0.1914,-0.2408,0.0287,-0.2932,0.0584,0.1848,1.3365,-0.2554
2024-09-10,0.1914,-0.2413,0.0287,-0.2959,0.0584,0.1848,1.3397,-0.2586
2024-09-11,0.1914,-0.2545,0.0287,-0.2959,0.0584,0.1848,1.3529,-0.2718
2024-09-12,0.1914,-0.2544,0.0287,-0.2961,0.0584,0.1848,1.3527,-0.2719
2024-09-13,0.1914,-0.2589,0.0287,-0.2981,0.059,0.1848,1.3595,-0.2779
2024-09-16,0.1914,-0.2588,0.0287,-0.3006,0.0603,0.1848,1.3632,-0.2791
2024-09-17,0.1915,-0.2585,0.0287,-0.3035,0.0603,0.1848,1.3656,-0.2816
2024-09-18,0.1915,-0.2584,0.0287,-0.3073,0.0603,0.1848,1.3693,-0.2852
2024-09-19,0.1915,-0.2583,0.0287,-0.3103,0.0603,0.1848,1.3723,-0.2882
2024-09-20,0.1915,-0.2483,0.0287,-0.3374,0.0603,0.1848,1.3893,-0.3052
2024-09-23,0.1915,-0.2263,0.0287,-0.2888,0.0603,0.1848,1.3511,-0.2346
2024-09-24,0.1915,-0.2152,0.0287,-0.2887,0.0603,0.1848,1.3402,-0.2235
2024-09-25,0.1915,-0.1962,0.0287,-0.2882,0.0603,0.1848,1.3209,-0.2039
2024-09-26,0.1915,0.4086,0.0287,-0.285,0.0603,0.1848,1.7936,0.4041
2024-09-27,0.1915,0.4134,0.0287,-0.2821,0.0603,0.1848,1.7946,0.4117
2024-09-30,0.4749,0.4136,0.0287,-0.2815,0.0603,0.1848,2.0786,0.6959
2024-10-01,0.467,-0.1852,0.0282,-0.2769,0.0592,0.1817,1.5657,0.0923
2024-10-02,0.4956,-0.2259,0.0441,-0.1682,0.0592,0.1817,1.5776,0.2047
2024-10-03,0.4956,-0.2258,0.0441,-0.167,0.0592,0.1817,1.5786,0.206
2024-10-04,0.217,-0.2256,0.0441,-0.1614,0.0592,0.1817,1.2943,-0.0667
2024-10-07,0.217,-0.2172,0.044,-0.1615,0.0592,0.1817,1.2858,-0.0584
2024-10-08,0.2171,-0.1643,0.044,-0.1615,0.0592,0.1817,1.2332,-0.0055
2024-10-09,0.2171,-0.1627,0.044,-0.1615,0.0064,0.1817,1.1788,-0.0568
2024-10-10,0.2171,-0.1565,0.044,-0.1615,0.0592,0.1817,1.2268,0.0023
2024-10-11,0.2171,-0.146,0.044,-0.1613,0.0592,0.1817,1.2162,0.0129
2024-10-14,0.2171,-0.1435,0.044,-0.1624,0.0592,0.1817,1.214,0.0144
2024-10-15,0.2171,-0.1407,0.044,-0.1638,0.0592,0.1817,1.211,0.0157
2024-10-16,0.2171,-0.1405,0.044,-0.1648,0.0592,0.1817,1.2099,0.0149
2024-10-17,0.2171,-0.1404,0.0439,-0.1661,0.0592,0.1817,1.2084,0.0137
2024-10-18,0.2171,-0.1402,0.0439,-0.1672,0.0592,0.1817,1.2071,0.0128
2024-10-21,0.2171,-0.14,0.0439,-0.1704,0.0592,0.1817,1.2082,0.0098
2024-10-22,0.2171,-0.1399,0.0439,-0.0051,0.0592,0.1817,1.1338,0.1752
2024-10-23,0.2171,-0.1217,0.0439,-0.1701,0.0592,0.1817,1.1991,0.0284
2024-10-24,0.2171,-0.1215,0.0439,-0.177,0.0592,0.1817,1.2032,0.0217
2024-10-25,0.2171,-0.1211,0.0439,-0.1914,0.0592,0.1817,1.1967,0.0077
2024-10-28,0.2171,-0.1209,0.0439,-0.2199,0.0592,0.1817,1.2249,-0.0207
2024-10-29,0.2171,0.4718,0.0439,-0.2254,0.0592,0.1817,1.7769,0.5666
2024-10-30,0.2171,0.4831,0.0438,-0.2295,0.0592,0.1817,1.7735,0.5737
2024-10-31,0.4956,0.4877,0.0438,-0.2328,0.0592,0.1817,2.0535,0.8535
2024-11-01,0.6551,-0.1037,0.0438,-0.235,0.0592,0.1819,1.6598,0.4195
2024-11-04,0.6378,-0.0725,0.0362,-0.4044,0.0063,0.1819,1.7678,0.2034
2024-11-05,0.6378,-0.0455,0.0362,-0.4047,0.0592,0.1819,1.8068,0.283
2024-11-06,0.3594,-0.0455,0.0362,-0.4028,0.0063,0.1819,1.4737,-0.0464
2024-11-07,0.3594,-0.0495,0.0362,-0.3986,0.0063,0.1819,1.4654,-0.0462
2024-11-08,0.3594,-0.0291,0.0362,-0.346,0.0593,0.1819,1.454,0.0797
2024-11-11,0.3594,-0.029,0.0362,-0.3433,0.0593,0.1819,1.4433,0.0825
2024-11-12,0.3594,-0.029,0.0362,-0.3202,0.0593,0.1819,1.434,0.1057
2024-11-13,0.3593,-0.0289,0.0362,-0.3201,0.0593,0.1819,1.434,0.1058
2024-11-14,0.3593,-0.0272,0.0362,-0.3201,0.0593,0.1819,1.4357,0.1075
2024-11-15,0.3593,-0.0161,0.0362,-0.3201,0.0593,0.1819,1.4327,0.1186
2024-11-18,0.3593,-0.016,0.0362,-0.3201,0.0593,0.1819,1.4327,0.1186
2024-11-19,0.3593,-0.0152,0.0362,-0.3195,0.0593,0.1819,1.4329,0.1201
2024-11-20,0.3593,-0.0151,0.0362,-0.3192,0.0593,0.1819,1.4327,0.1205
2024-11-21,0.3593,-0.015,0.0362,-0.3189,0.0593,0.1819,1.4325,0.1209
2024-11-22,0.3593,-0.0149,0.0362,-0.3189,0.0593,0.1819,1.4326,0.121
2024-11-25,0.3593,-0.0148,0.0362,-0.3188,0.0593,0.1819,1.4328,0.1211
2024-11-26,0.3593,0.5778,0.0362,-0.3188,0.0593,0.1819,2.0273,0.7138
2024-11-27,0.3592,0.5636,0.0362,-0.3163,0.0593,0.1819,2.0378,0.7021
2024-11-29,0.6376,0.5621,0.0362,-0.3162,0.0593,0.1819,2.3179,0.9791
2024-12-02,0.6382,-0.045,0.0363,-0.3163,0.0594,0.1819,1.7392,0.3725
2024-12-03,0.4803,-0.3965,0.0253,-0.3568,0.0594,0.1819,1.6771,-0.1883
2024-12-04,0.4803,-0.3965,0.0253,-0.3568,0.0594,0.1819,1.6771,-0.1882
2024-12-05,0.2015,-0.3965,0.0253,-0.3568,0.0594,0.1819,1.3983,-0.467
2024-12-06,0.2015,-0.3964,0.0253,-0.3568,0.0594,0.1819,1.3983,-0.467
2024-12-09,0.2015,-0.3964,0.0253,-0.3568,0.0594,0.1819,1.3983,-0.467
2024-12-10,0.2015,-0.3964,0.0253,-0.3555,0.0594,0.1819,1.3971,-0.4657
2024-12-11,0.2015,-0.3964,0.0253,-0.3555,0.0594,0.1819,1.3971,-0.4657
2024-12-12,0.2015,-0.3857,0.0253,-0.3555,0.0594,0.1819,1.3863,-0.4549
2024-12-13,0.2015,-0.3581,0.0253,-0.3554,0.0594,0.1819,1.361,-0.4274
2024-12-16,0.2015,-0.3363,0.0253,-0.372,0.0594,0.1819,1.3569,-0.422
2024-12-17,0.2015,-0.3164,0.0253,-0.3777,0.0594,0.1819,1.3432,-0.4078
2024-12-18,0.2015,-0.3164,0.0253,-0.3852,0.0594,0.1819,1.3489,-0.4153
2024-12-19,0.2015,-0.3164,0.0253,-0.3897,0.0594,0.1819,1.3512,-0.4198
2024-12-20,0.2015,-0.2901,0.0253,-0.3877,0.0063,0.1819,1.2701,-0.4447
2024-12-23,0.2015,-0.2641,0.0253,-0.3726,0.0594,0.1819,1.2923,-0.3505
2024-12-24,0.2015,-0.264,0.0253,-0.3726,0.0594,0.1819,1.2924,-0.3504
2024-12-26,0.2015,-0.2611,0.0253,-0.3726,0.0594,0.1819,1.2904,-0.3474
2024-12-27,0.2015,0.3327,0.0253,-0.3725,0.0594,0.1819,1.2906,0.2465
2024-12-30,0.2015,0.3374,0.0253,-0.3781,0.0594,0.1819,1.2799,0.2455
2024-12-31,0.4803,0.3616,0.0253,-0.3727,0.0594,0.1819,1.5473,0.5539
2025-01-02,0.4805,-0.2336,0.0254,-0.3728,0.0593,0.182,1.5492,-0.0412
2025-01-03,0.4448,-0.3639,0.0291,-0.3642,0.0593,0.182,1.656,-0.1948
2025-01-06,0.4448,-0.3639,0.0291,-0.3645,0.0593,0.182,1.6563,-0.1951
2025-01-07,0.1658,-0.3637,0.0292,-0.3647,0.0593,0.182,1.3777,-0.4741
2025-01-08,0.1658,-0.3618,0.0292,-0.362,0.0593,0.182,1.3747,-0.4695
2025-01-10,0.1658,-0.346,0.0292,-0.3642,0.0593,0.182,1.3837,-0.4558
2025-01-13,0.1658,-0.3419,0.0292,-0.3665,0.0593,0.182,1.3869,-0.4541
2025-01-14,0.1658,-0.3285,0.0292,-0.3682,0.0593,0.182,1.4021,-0.4424
2025-01-15,0.1658,-0.3253,0.0292,-0.3722,0.0593,0.182,1.406,-0.4432
2025-01-16,0.1658,-0.3202,0.0292,-0.3738,0.0593,0.182,1.4141,-0.4396
2025-01-17,0.1658,-0.3366,0.0292,-0.3738,0.0593,0.182,1.4029,-0.456
2025-01-21,0.1658,-0.3476,0.0293,-0.3741,0.0593,0.182,1.395,-0.4673
2025-01-22,0.1658,-0.3491,0.0293,-0.3756,0.0593,0.182,1.398,-0.4702
2025-01-23,0.1658,-0.3629,0.0293,-0.3692,0.0593,0.182,1.3928,-0.4776
2025-01-24,0.1658,-0.3629,0.0293,-0.3692,0.0593,0.182,1.3929,-0.4776
2025-01-27,0.1658,-0.3629,0.0293,-0.3692,0.0593,0.182,1.3929,-0.4776
2025-01-28,0.1658,-0.3627,0.0293,-0.3693,0.0593,0.182,1.3927,-0.4775
2025-01-29,0.1658,0.2283,0.0293,-0.3692,0.0593,0.182,1.3954,0.1136
2025-01-30,0.1658,0.2282,0.0293,-0.3692,0.0593,0.182,1.3954,0.1135
2025-01-31,0.4449,0.2282,0.0294,-0.3692,0.0593,0.182,1.6745,0.3926
2025-02-03,0.4468,-0.3668,0.0295,-0.3796,0.0596,0.1825,1.6899,-0.2105
2025-02-04,0.4861,-0.3307,0.0646,-0.3977,0.0596,0.1825,1.7211,-0.1182
2025-02-05,0.4861,-0.3307,0.0646,-0.4019,0.0596,0.1825,1.7253,-0.1224
2025-02-06,0.2057,-0.3374,0.0646,-0.3872,0.0596,0.1825,1.4235,-0.3947
2025-02-07,0.2057,-0.3594,0.0646,-0.3876,0.0596,0.1825,1.4108,-0.4171
2025-02-10,0.2057,-0.3596,0.0646,-0.3916,0.0596,0.1825,1.4129,-0.4214
2025-02-11,0.2057,-0.3609,0.0646,-0.3916,0.0596,0.1825,1.4142,-0.4227
2025-02-12,0.2057,-0.3609,0.0646,-0.3925,0.0596,0.1825,1.4134,-0.4236
2025-02-13,0.2057,-0.3547,0.0646,-0.3925,0.0596,0.1825,1.4196,-0.4174
2025-02-14,0.2057,-0.3304,0.0646,-0.3913,0.0596,0.1825,1.4418,-0.3918
2025-02-18,0.2057,-0.3325,0.0646,-0.3849,0.0596,0.1825,1.4376,-0.3876
2025-02-19,0.2057,-0.3467,0.0646,-0.385,0.0596,0.1825,1.4287,-0.4019
2025-02-20,0.2057,-0.3467,0.0645,-0.3864,0.0596,0.1825,1.4298,-0.4033
2025-02-21,0.2057,-0.3467,0.0645,-0.3903,0.0596,0.1825,1.4291,-0.4072
2025-02-24,0.2056,-0.3467,0.0645,-0.3909,0.0596,0.1825,1.4298,-0.4079
2025-02-25,0.2056,-0.3553,0.0645,-0.391,0.0596,0.1825,1.422,-0.4165
2025-02-26,0.2056,0.2347,0.0645,-0.392,0.0596,0.1825,1.4024,0.1725
2025-02-27,0.2056,0.2077,0.0645,-0.3925,0.0596,0.1825,1.3827,0.1449
2025-02-28,0.486,0.1858,0.0645,-0.3943,0.0596,0.1825,1.6484,0.4016
2025-03-03,0.5016,-0.4238,0.0666,-0.4072,0.0616,0.1884,1.7189,-0.2012
2025-03-04,0.6349,0.1087,0.0597,-0.3903,0.0616,0.1884,1.4497,0.4745
2025-03-05,0.6349,0.0856,0.0597,-0.3904,0.0065,0.1884,1.3735,0.3963
2025-03-06,0.3455,0.0857,0.0597,-0.3834,0.0064,0.1884,1.0772,0.114
2025-03-07,0.3455,0.0876,0.0597,-0.3787,0.0064,0.1884,1.0836,0.1205
2025-03-10,0.3455,0.0902,0.0597,-0.3772,0.0064,0.1884,1.0846,0.1246
2025-03-11,0.3455,0.0975,0.0597,-0.3772,0.0063,0.1884,1.0911,0.1319
2025-03-12,0.3455,0.0976,0.0597,-0.3786,0.0063,0.1884,1.0926,0.1306
2025-03-13,0.3456,0.0998,0.0597,-0.3789,0.0063,0.1884,1.095,0.1324
2025-03-14,0.3456,0.1081,0.0597,-0.3791,0.0063,0.1884,1.1032,0.1405
2025-03-17,0.3456,0.1082,0.0597,-0.3841,0.0062,0.1884,1.1083,0.1356
2025-03-18,0.3456,0.1088,0.0597,-0.3849,0.0618,0.1884,1.1627,0.1909
2025-03-19,0.3456,0.109,0.0597,-0.386,0.0618,0.1884,1.1618,0.19
2025-03-20,0.3456,0.1091,0.0597,-0.3884,0.0618,0.1884,1.1619,0.1878
2025-03-21,0.3456,0.1093,0.0597,-0.392,0.0618,0.1884,1.1657,0.1843
2025-03-24,0.3456,0.1094,0.0597,-0.3962,0.0618,0.1884,1.17,0.1803
2025-03-25,0.3456,0.1115,0.0597,-0.4057,0.0618,0.1884,1.1795,0.1729
2025-03-26,0.3456,0.1152,0.0597,-0.4118,0.0618,0.1884,1.1859,0.1705
2025-03-27,0.3456,0.7307,0.0597,-0.4176,0.0618,0.1884,1.791,0.7801
2025-03-28,0.3456,0.7347,0.0597,-0.4221,0.0618,0.1884,1.7996,0.7797
2025-03-31,0.635,0.7416,0.0597,-0.4269,0.0618,0.1884,2.1005,1.0712
2025-04-01,0.65,0.1275,0.0612,-0.4453,0.0634,0.193,1.5413,0.4567
2025-04-02,0.4844,-0.3126,0.0244,-0.4047,0.0064,0.193,1.7192,-0.2021
2025-04-03,0.4844,-0.3314,0.0244,-0.4065,0.0634,0.193,1.7972,-0.1658
2025-04-04,0.1879,-0.3314,0.0244,-0.4069,0.0063,0.193,1.444,-0.5197
2025-04-07,0.1879,-0.335,0.0244,-0.3189,0.0063,0.193,1.4025,-0.4353
2025-04-08,0.1879,-0.3429,0.0244,-0.3143,0.0063,0.193,1.4049,-0.4386
2025-04-09,0.1879,-0.3399,0.0244,-0.3144,0.0063,0.193,1.4017,-0.4357
2025-04-10,0.1879,-0.3156,0.0244,-0.3126,0.0062,0.193,1.3792,-0.4097
2025-04-11,0.1879,-0.3052,0.0243,-0.3064,0.0062,0.193,1.3767,-0.3931
2025-04-14,0.1879,-0.2935,0.0243,-0.2667,0.0062,0.193,1.3559,-0.3417
2025-04-15,0.1879,-0.2869,0.0243,-0.2663,0.0062,0.193,1.3614,-0.3347
2025-04-16,0.1879,-0.2869,0.0243,-0.2663,0.0061,0.193,1.3614,-0.3348
2025-04-17,0.188,-0.2869,0.0243,-0.2663,0.0061,0.193,1.3613,-0.3348
2025-04-21,0.188,-0.2908,0.0243,-0.2661,0.0061,0.193,1.3571,-0.3386
2025-04-22,0.188,-0.2905,0.0243,-0.2662,0.006,0.193,1.3568,-0.3384
2025-04-23,0.188,-0.2854,0.0243,-0.2666,0.006,0.193,1.349,-0.3337
2025-04-24,0.188,-0.2853,0.0243,-0.2654,0.006,0.193,1.3494,-0.3324
2025-04-25,0.188,-0.2853,0.0243,-0.2647,0.006,0.193,1.3486,-0.3317
2025-04-28,0.188,0.3364,0.0243,-0.2646,0.0059,0.193,1.3374,0.2899
2025-04-29,0.188,0.3349,0.0242,-0.2646,0.0604,0.193,1.3904,0.3429
2025-04-30,0.4844,0.3314,0.0242,-0.2648,0.0623,0.193,1.6854,0.6376
2025-05-01,0.3095,-0.3053,0.0237,-0.2623,0.0631,0.1887,1.5054,-0.1712
2025-05-02,0.3844,0.1306,-0.0021,-0.1136,0.0631,0.1887,1.1505,0.4623
2025-05-05,0.3844,0.1307,-0.0021,-0.113,0.0631,0.1887,1.1512,0.463
2025-05-06,0.0936,0.1308,-0.0021,-0.1142,0.0631,0.1887,0.8618,0.1712
2025-05-07,0.0936,0.1422,-0.0021,-0.1178,0.0631,0.1887,0.8544,0.179
2025-05-08,0.0936,0.1423,-0.0021,-0.1188,0.0631,0.1887,0.8577,0.1781
2025-05-09,0.0936,0.1425,-0.0021,-0.1187,0.0631,0.1887,0.8578,0.1783
2025-05-12,0.0936,0.1426,-0.0021,-0.1205,0.0631,0.1887,0.8561,0.1766
2025-05-13,0.0936,0.1428,-0.0021,-0.1212,0.0631,0.1887,0.8569,0.1762
2025-05-14,0.0936,0.1429,-0.0021,-0.1184,0.0631,0.1887,0.8599,0.1791
2025-05-15,0.0936,0.1437,-0.0021,-0.1184,0.0631,0.1887,0.8606,0.1799
2025-05-16,0.0937,0.1492,-0.0021,-0.1186,0.0631,0.1887,0.8584,0.1852
2025-05-19,0.0937,0.1493,-0.0021,-0.12,0.0631,0.1887,0.86,0.1839
2025-05-20,0.0937,0.1494,-0.0021,-0.1214,0.0631,0.1887,0.8616,0.1826
2025-05-21,0.0937,0.1503,-0.0021,-0.1225,0.0631,0.1887,0.8634,0.1824
2025-05-22,0.0937,0.1551,-0.0021,-0.1237,0.0631,0.1887,0.8695,0.1861
2025-05-23,0.0937,0.174,-0.0021,-0.1259,0.0631,0.1887,0.8649,0.2029
2025-05-27,0.0937,0.1742,-0.0021,-0.1278,0.0631,0.1887,0.8668,0.2011
2025-05-28,0.0937,0.798,-0.0021,-0.1276,0.0631,0.1887,1.4905,0.8251
2025-05-29,0.0938,0.7958,-0.0021,-0.1257,0.0631,0.1887,1.4901,0.8248
2025-05-30,0.3846,0.7939,-0.0021,-0.1264,0.0631,0.1887,1.7837,1.1131
2025-06-02,0.385,0.1586,-0.0021,-0.1278,0.0631,0.1883,1.1735,0.4768
2025-06-03,0.4247,0.1517,-0.0225,-0.1371,0.0631,0.1883,1.1977,0.4799
2025-06-04,0.4247,0.1503,-0.0224,-0.1376,0.0631,0.1883,1.1969,0.4781
2025-06-05,0.1336,0.1505,-0.0224,-0.1377,0.0631,0.1883,0.9061,0.1871
2025-06-06,0.1336,0.1313,-0.0224,-0.1382,0.0631,0.1883,0.8897,0.1674
2025-06-09,0.1337,0.1313,-0.0224,-0.141,0.0631,0.1883,0.8928,0.1646
2025-06-10,0.1337,0.1463,-0.0224,-0.1443,0.0631,0.1883,0.9112,0.1763
2025-06-11,0.1337,0.1464,-0.0224,-0.1458,0.0631,0.1883,0.9128,0.175
2025-06-12,0.1337,0.1466,-0.0224,-0.1556,0.0631,0.1883,0.9209,0.1653
2025-06-13,0.1337,0.1442,-0.0224,-0.1659,0.0631,0.1883,0.9261,0.1527
2025-06-16,0.1337,0.1394,-0.0224,-0.1663,0.0631,0.1883,0.9223,0.1475
2025-06-17,0.1337,0.1395,-0.0224,-0.1693,0.0631,0.1883,0.9227,0.1446
2025-06-18,0.1338,0.1441,-0.0224,-0.1735,0.0631,0.1883,0.93,0.145
2025-06-20,0.1338,0.1414,-0.0224,-0.1767,0.0631,0.1883,0.9275,0.1392
2025-06-23,0.1338,0.1385,-0.0224,-0.1798,0.0631,0.1883,0.9245,0.1332
2025-06-24,0.1338,0.1387,-0.0224,-0.1868,0.0631,0.1883,0.9308,0.1264
2025-06-25,0.1338,0.1393,-0.0224,-0.189,0.0631,0.1883,0.9298,0.1248
2025-06-26,0.1338,0.7552,-0.0224,-0.1906,0.0631,0.1883,1.5374,0.7392
2025-06-27,0.1338,0.741,-0.0224,-0.1949,0.0631,0.1883,1.5276,0.7206
2025-06-30,0.425,0.7392,-0.0224,-0.1981,0.0631,0.1883,1.8191,1.0067
2025-07-01,0.4222,0.1165,-0.0222,-0.2026,0.0626,0.1869,1.2007,0.3765
2025-07-02,0.4889,0.0962,0.0302,-0.1691,0.0626,0.1869,1.3283,0.5089
2025-07-03,0.4889,0.0959,0.0302,-0.1749,0.0626,0.1869,1.3302,0.5028
2025-07-07,0.1997,0.0961,0.0303,-0.1819,0.0626,0.1869,1.0443,0.2067
2025-07-08,0.1997,0.0989,0.0303,-0.1821,0.0626,0.1869,1.042,0.2094
2025-07-09,0.1997,0.11,0.0303,-0.1794,0.0626,0.1869,1.0384,0.2233
2025-07-10,0.1997,0.1256,0.0303,-0.1832,0.0626,0.1869,1.0567,0.235
2025-07-11,0.1997,0.1233,0.0303,-0.1887,0.0626,0.1869,1.0587,0.2272
2025-07-14,0.1997,0.1215,0.0303,-0.1931,0.0626,0.1869,1.0574,0.2211
2025-07-15,0.1997,0.1279,0.0304,-0.1982,0.0626,0.1869,1.0687,0.2224
2025-07-16,0.1997,0.129,0.0304,-0.2043,0.0626,0.1869,1.0727,0.2174
2025-07-17,0.1997,0.1392,0.0304,-0.2059,0.0626,0.1869,1.0837,0.2261
2025-07-18,0.1997,0.14,0.0304,-0.2096,0.0626,0.1869,1.0869,0.2232
2025-07-21,0.1997,0.1409,0.0304,-0.2098,0.0626,0.1869,1.0876,0.2238
2025-07-22,0.1997,0.1417,0.0304,-0.2142,0.0626,0.1869,1.09,0.2203
2025-07-23,0.1997,0.1246,0.0304,-0.2159,0.0626,0.1869,1.0746,0.2015
2025-07-24,0.1997,0.1218,0.0305,-0.216,0.0626,0.1869,1.0733,0.1986
2025-07-25,0.1997,0.122,0.0305,-0.2161,0.0626,0.1869,1.0735,0.1988
2025-07-28,0.1997,0.1233,0.0305,-0.218,0.0626,0.1869,1.0761,0.1981
2025-07-29,0.1997,0.7429,0.0305,-0.2246,0.0626,0.1869,1.6929,0.8111
2025-07-30,0.1997,0.7432,0.0305,-0.2134,0.0626,0.1869,1.682,0.8227
2025-07-31,0.4889,0.7302,0.0305,-0.2153,0.0626,0.1869,1.9706,1.097
2025-08-01,0.4904,0.1112,0.0306,-0.2072,0.0628,0.1875,1.3539,0.4878
2025-08-04,0.3381,-0.4455,0.0308,-0.2517,0.0628,0.1875,1.6389,-0.2655
2025-08-05,0.3381,-0.4533,0.0307,-0.2292,0.0628,0.1875,1.6383,-0.2507
2025-08-06,0.048,-0.4533,0.0307,-0.2291,0.0628,0.1875,1.3697,-0.5408
2025-08-07,0.048,-0.4427,0.0307,-0.231,0.0628,0.1875,1.3611,-0.5321
2025-08-08,0.048,-0.4412,0.0307,-0.2317,0.0628,0.1875,1.3603,-0.5314
2025-08-11,0.048,-0.4412,0.0307,-0.2384,0.0628,0.1875,1.3657,-0.5381
2025-08-12,0.048,-0.4307,0.0307,-0.2406,0.0628,0.1875,1.3574,-0.5297
2025-08-13,0.048,-0.4306,0.0307,-0.2427,0.0628,0.1875,1.3594,-0.5317
2025-08-14,0.048,-0.4236,0.0307,-0.2451,0.0628,0.1875,1.3548,-0.5271
2025-08-15,0.048,-0.4235,0.0307,-0.2535,0.0628,0.1875,1.3618,-0.5353
2025-08-18,0.048,-0.4206,0.0307,-0.2554,0.0628,0.1875,1.3604,-0.5345
2025-08-19,0.048,-0.4165,0.0308,-0.2617,0.0628,0.1875,1.3613,-0.5366
2025-08-20,0.048,-0.4158,0.0308,-0.2699,0.0628,0.1875,1.3668,-0.5442
2025-08-21,0.048,-0.4158,0.0308,-0.277,0.0628,0.1875,1.3708,-0.5513
2025-08-22,0.048,-0.4185,0.0308,-0.2816,0.0628,0.1875,1.3745,-0.5586
2025-08-25,0.048,-0.4184,0.0308,-0.2841,0.0628,0.1875,1.3762,-0.561
2025-08-26,0.0479,-0.4168,0.0308,-0.2828,0.0628,0.1875,1.3733,-0.558
2025-08-27,0.0479,0.2032,0.0308,-0.2695,0.0628,0.1875,1.3662,0.0752
2025-08-28,0.0479,0.1981,0.0308,-0.277,0.0628,0.1875,1.3735,0.0627
2025-08-29,0.3381,0.1828,0.0308,-0.2774,0.0628,0.1875,1.6589,0.3371
2025-09-02,0.3381,-0.4442,0.0309,-0.2789,0.0629,0.1878,1.6712,-0.2912
2025-09-03,0.361,-0.4644,0.0069,-0.2913,0.0629,0.1878,1.5595,-0.3249
2025-09-04,0.361,-0.4424,0.0069,-0.2907,0.0629,0.1878,1.5372,-0.3024
2025-09-05,0.0709,-0.4424,0.0069,-0.2913,0.0629,0.1878,1.2469,-0.593
2025-09-08,0.0709,-0.4448,0.0069,-0.2944,0.0629,0.1878,1.2489,-0.5985
2025-09-09,0.0708,-0.4447,0.0069,-0.2943,0.0629,0.1878,1.2487,-0.5984
2025-09-10,0.0708,-0.4585,0.0069,-0.2955,0.0629,0.1878,1.263,-0.6135
2025-09-11,0.0707,-0.449,0.0069,-0.2977,0.0629,0.1878,1.2557,-0.6062
2025-09-12,0.0707,-0.4524,0.0069,-0.3017,0.0629,0.1878,1.2598,-0.6137
2025-09-15,0.0706,-0.4556,0.0069,-0.3051,0.0629,0.1878,1.2638,-0.6203
2025-09-16,0.0705,-0.4555,0.0069,-0.3086,0.0629,0.1878,1.2632,-0.6238
2025-09-17,0.0705,-0.4541,0.0069,-0.3129,0.0629,0.1878,1.2628,-0.6268
2025-09-18,0.0704,-0.4495,0.0069,-0.3135,0.0629,0.1878,1.2587,-0.6228
2025-09-19,0.0704,-0.442,0.0069,-0.3146,0.0629,0.1878,1.2524,-0.6165
2025-09-22,0.0703,-0.4256,0.0069,-0.3013,0.0629,0.1878,1.2252,-0.5869
2025-09-23,0.0702,-0.4189,0.0069,-0.3019,0.0629,0.1878,1.219,-0.5807
2025-09-24,0.0702,-0.4042,0.0069,-0.3029,0.0629,0.1878,1.2058,-0.5672
2025-09-25,0.0701,-0.4049,0.0069,-0.3049,0.0629,0.1878,1.2084,-0.5699
2025-09-26,0.07,0.2113,0.0069,-0.3048,0.0629,0.1878,1.213,0.0464
2025-09-29,0.07,0.2111,0.0069,-0.3027,0.0629,0.1878,1.2141,0.0481
2025-09-30,0.36,0.2156,0.0069,-0.3025,0.0629,0.1878,1.4995,0.3428
2025-10-01,0.3588,-0.4065,0.0069,-0.3014,0.0627,0.1872,1.4971,-0.2794
2025-10-02,0.3771,-0.4005,0.0279,-0.3625,0.0627,0.1872,1.5256,-0.2952
2025-10-03,0.3771,-0.4064,0.0279,-0.3647,0.0627,0.1872,1.5337,-0.3034
2025-10-06,0.0878,-0.4152,0.0279,-0.3704,0.0627,0.1872,1.2585,-0.6071
2025-10-07,0.0878,-0.4063,0.0279,-0.3762,0.0627,0.1872,1.2522,-0.6041
2025-10-08,0.0877,-0.4014,0.0279,-0.3681,0.0627,0.1872,1.2368,-0.5911
2025-10-09,0.0876,-0.3936,0.0279,-0.366,0.0627,0.1872,1.227,-0.5814
2025-10-10,0.0876,-0.3935,0.0279,-0.3669,0.0627,0.1872,1.226,-0.5823
2025-10-13,0.0875,-0.3912,0.0279,-0.3671,0.0627,0.1872,1.2239,-0.5802
2025-10-14,0.0874,-0.4161,0.0279,-0.3658,0.0627,0.1872,1.2475,-0.6039
2025-10-15,0.0874,-0.4162,0.0279,-0.3656,0.0627,0.1872,1.2474,-0.6039
2025-10-16,0.0873,-0.4273,0.0279,-0.3656,0.0627,0.1872,1.2585,-0.615
2025-10-17,0.0872,-0.4282,0.0278,-0.3655,0.0627,0.1872,1.2593,-0.6159
2025-10-20,0.0872,-0.441,0.0278,-0.366,0.006,0.1872,1.2159,-0.6859
2025-10-21,0.0871,-0.4399,0.0278,-0.3662,0.0625,0.1872,1.2714,-0.6287
2025-10-22,0.087,-0.4398,0.0278,-0.3677,0.0625,0.1872,1.2703,-0.6302
2025-10-23,0.087,-0.4414,0.0278,-0.3688,0.0625,0.1872,1.2717,-0.6329
2025-10-24,0.0869,-0.4382,0.0278,-0.3711,0.0625,0.1872,1.2668,-0.6321
2025-10-27,0.0868,-0.4224,0.0278,-0.3761,0.0625,0.1872,1.2519,-0.6214
2025-10-28,0.0868,-0.4119,0.0278,-0.3844,0.0625,0.1872,1.246,-0.6193
2025-10-29,0.0867,0.2134,0.0278,-0.3926,0.0625,0.1872,1.2832,-0.0021
2025-10-30,0.0866,0.2126,0.0278,-0.3957,0.0625,0.1872,1.2824,-0.0062
2025-10-31,0.3757,0.2221,0.0278,-0.397,0.0625,0.1872,1.5658,0.2911
2025-11-03,0.5413,-0.3812,0.0279,-0.3856,0.0628,0.1881,1.6662,-0.1349
2025-11-04,0.7058,0.2362,0.0441,-0.4149,0.0628,0.1881,1.821,0.6341
2025-11-05,0.7058,0.2226,0.0441,-0.4152,0.0628,0.1881,1.835,0.6201
2025-11-06,0.4149,0.2142,0.0441,-0.4154,0.0628,0.1881,1.5525,0.3206
2025-11-07,0.4149,0.2327,0.0441,-0.4161,0.0628,0.1881,1.5376,0.3383
2025-11-10,0.4149,0.229,0.0441,-0.4163,0.0628,0.1881,1.5413,0.3345
2025-11-11,0.4149,0.2215,0.0441,-0.4161,0.0628,0.1881,1.5487,0.3271
2025-11-12,0.4149,0.252,0.0441,-0.416,0.0628,0.1881,1.518,0.3578
2025-11-13,0.4149,0.2519,0.0441,-0.4177,0.0628,0.1881,1.5196,0.3561
2025-11-14,0.4149,0.231,0.0441,-0.4206,0.0628,0.1881,1.5366,0.3321
2025-11-17,0.4149,0.2348,0.0441,-0.4223,0.0628,0.1881,1.5343,0.3343
2025-11-18,0.4149,0.2401,0.0441,-0.4253,0.0628,0.1881,1.5309,0.3366
2025-11-19,0.4149,0.2305,0.0441,-0.4263,0.0628,0.1881,1.5411,0.326
2025-11-20,0.4149,0.233,0.0441,-0.429,0.0061,0.1881,1.4885,0.2691
2025-11-21,0.4149,0.2336,0.0441,-0.4219,0.0627,0.1881,1.5386,0.3334
2025-11-24,0.4149,0.2311,0.0441,-0.422,0.0061,0.1881,1.4845,0.2742
2025-11-25,0.4149,0.8486,0.0441,-0.422,0.0627,0.1881,2.1692,0.9483
2025-11-26,0.4149,0.8432,0.0441,-0.4221,0.0627,0.1881,2.1745,0.9427
2025-11-28,0.7058,0.8122,0.0441,-0.4222,0.0627,0.1881,2.4961,1.2026
2025-12-01,0.7061,0.1874,0.0441,-0.423,0.0628,0.1881,1.8775,0.5774
2025-12-02,0.6867,0.215,0.0174,-0.3139,0.0628,0.1881,1.8191,0.668
2025-12-03,0.6867,0.2797,0.0174,-0.3143,0.0628,0.1881,1.7909,0.7323
2025-12-04,0.3954,0.2965,0.0174,-0.3143,0.0628,0.1881,1.5164,0.4579
2025-12-05,0.3954,0.3028,0.0174,-0.3144,0.0628,0.1881,1.5224,0.464
2025-12-08,0.3954,0.3347,0.0174,-0.3147,0.0628,0.1881,1.554,0.4955
2025-12-09,0.3954,0.35,0.0174,-0.3038,0.0628,0.1881,1.5584,0.5219
2025-12-10,0.3955,0.3709,0.0174,-0.3046,0.0628,0.1881,1.5795,0.542
2025-12-11,0.3955,0.3794,0.0174,-0.3047,0.0628,0.1881,1.5879,0.5504
2025-12-12,0.3955,0.3799,0.0174,-0.3048,0.0628,0.1881,1.5882,0.5507
2025-12-15,0.3955,0.393,0.0174,-0.288,0.0628,0.1881,1.5985,0.5806
2025-12-16,0.3955,0.4238,0.0174,-0.2878,0.0628,0.1881,1.6295,0.6117
2025-12-17,0.3955,0.4197,0.0174,-0.2875,0.0628,0.1881,1.6258,0.6079
2025-12-18,0.3955,0.4122,0.0174,-0.2874,0.0628,0.1881,1.6183,0.6004
2025-12-19,0.3955,0.4126,0.0173,-0.2874,0.0628,0.1881,1.6187,0.6008
2025-12-22,0.3955,0.4043,0.0173,-0.2931,0.0628,0.1881,1.6048,0.5869
2025-12-23,0.3955,0.4177,0.0173,-0.2839,0.0628,0.1881,1.609,0.6095
2025-12-24,0.3956,0.41,0.0173,-0.2799,0.0628,0.1881,1.597,0.6058
2025-12-26,0.3956,0.404,0.0173,-0.2799,0.0628,0.1881,1.591,0.5998
2025-12-29,0.3956,1.0075,0.0173,-0.2799,0.0628,0.1881,2.1946,1.2033
2025-12-30,0.3956,1.0097,0.0173,-0.2832,0.0628,0.1881,2.1937,1.2022
2025-12-31,0.6869,1.008,0.0173,-0.2803,0.0628,0.1881,2.4862,1.4947
2026-01-02,0.6957,0.4134,0.0175,-0.2856,0.0636,0.1906,1.9115,0.9047
2026-01-05,0.7208,0.4895,0.0022,-0.1078,0.0636,0.1906,2.0032,1.1682
2026-01-06,0.7208,0.5101,0.0022,-0.1093,0.0636,0.1906,2.0255,1.1874
2026-01-07,0.4257,0.508,0.0022,-0.1103,0.0636,0.1906,1.7292,0.8892
2026-01-08,0.4257,0.5117,0.0022,-0.1105,0.0636,0.1906,1.7332,0.8928
2026-01-09,0.4257,0.5093,0.0022,-0.1126,0.0636,0.1906,1.7328,0.8881
2026-01-12,0.4257,0.5204,0.0022,-0.1148,0.0636,0.1906,1.7461,0.8972
2026-01-13,0.4257,0.5188,0.0022,-0.1148,0.0636,0.1906,1.7445,0.8955
2026-01-14,0.4258,0.5174,0.0022,-0.1148,0.0636,0.1906,1.7433,0.8941
2026-01-15,0.4258,0.5172,0.0022,-0.1155,0.0636,0.1906,1.7437,0.8933
2026-01-16,0.4258,0.495,0.0022,-0.1161,0.0636,0.1906,1.721,0.8705
2026-01-20,0.4258,0.491,0.0022,-0.1167,0.0636,0.1906,1.717,0.8659
2026-01-21,0.4258,0.5108,0.0022,-0.1196,0.0636,0.1906,1.7373,0.8828
2026-01-22,0.4258,0.5391,0.0021,-0.0895,0.0636,0.1906,1.7533,0.9411
2026-01-23,0.4258,0.5312,0.0021,-0.0868,0.0636,0.1906,1.7427,0.9359
2026-01-26,0.4258,0.5307,0.0021,-0.0837,0.0636,0.1906,1.7426,0.9387
2026-01-27,0.4259,0.5309,0.0021,-0.0577,0.0636,0.1906,1.7237,0.9648
2026-01-28,0.4259,1.1616,0.0021,-0.0526,0.0636,0.1906,2.3516,1.6007
2026-01-29,0.4259,1.1617,0.0021,-0.0143,0.0636,0.1906,2.3351,1.6391
2026-01-30,0.721,1.1649,0.0021,-0.0066,0.0636,0.1906,2.633,1.945
2026-02-02,0.7215,0.5381,0.0021,-0.0072,0.0637,0.1907,2.0071,1.3181
2026-02-03,0.72,0.4941,-0.0099,-0.0202,0.0637,0.1907,1.9635,1.2477
2026-02-04,0.7201,0.5017,-0.0099,-0.0176,0.0637,0.1907,1.9695,1.258
2026-02-05,0.4245,0.5044,-0.0099,-0.0176,0.0637,0.1907,1.6765,0.9651
2026-02-06,0.4245,0.51,-0.0099,-0.0144,0.0637,0.1907,1.6852,0.9738
2026-02-09,0.4245,0.49,-0.0099,-0.0144,0.0637,0.1907,1.6651,0.9538
2026-02-10,0.4245,0.4901,-0.0099,-0.0144,0.0062,0.1907,1.6077,0.8965
2026-02-11,0.4245,0.4903,-0.0099,-0.0144,0.0637,0.1907,1.6653,0.9541
2026-02-12,0.4245,0.4705,-0.0099,-0.0144,0.0637,0.1907,1.6454,0.9344
2026-02-13,0.4245,0.4631,-0.0099,-0.0144,0.0637,0.1907,1.638,0.927
2026-02-17,0.4246,0.3869,-0.0099,-0.0144,0.0637,0.1907,1.5618,0.8508
2026-02-18,0.4246,0.371,-0.0099,-0.0144,0.0637,0.1907,1.5458,0.8349
2026-02-19,0.4246,0.3637,-0.0099,-0.0144,0.0637,0.1907,1.5384,0.8276
2026-02-20,0.4246,0.3638,-0.0099,-0.0143,0.0637,0.1907,1.5385,0.8278
2026-02-23,0.4246,0.3642,-0.0099,-0.0143,0.0637,0.1907,1.5389,0.8282
2026-02-24,0.4246,0.3671,-0.0099,-0.0144,0.0637,0.1907,1.5416,0.831
2026-02-25,0.4246,0.978,-0.0099,-0.0193,0.0637,0.1907,2.1541,1.4371
2026-02-26,0.4246,0.979,-0.0099,-0.0248,0.0637,0.1907,2.1576,1.4326
2026-02-27,0.7203,0.9756,-0.0099,-0.0299,0.0637,0.1907,2.453,1.7197
2026-03-02,0.7206,0.3304,-0.0099,-0.0363,0.0637,0.191,1.8111,1.0685
2026-03-03,0.7244,0.3442,-0.0059,-0.0324,0.0637,0.191,1.6813,1.094
2026-03-04,0.7244,0.3344,-0.0059,-0.0328,0.0637,0.191,1.6719,1.0837
2026-03-05,0.4283,0.3406,-0.0059,-0.0339,0.0062,0.191,1.3274,0.7353
2026-03-06,0.4283,0.3445,-0.0059,-0.0354,0.0637,0.191,1.3903,0.7953
2026-03-09,0.4283,0.3642,-0.0059,-0.0383,0.0637,0.191,1.4129,0.812
2026-03-10,0.4283,0.3732,-0.0059,-0.04,0.0062,0.191,1.366,0.7617
2026-03-11,0.4283,0.3726,-0.0059,-0.0418,0.0062,0.191,1.3672,0.7594
2026-03-12,0.4282,0.3814,-0.0059,-0.0436,0.0637,0.191,1.4352,0.8238
2026-03-13,0.4282,0.393,-0.0059,-0.0446,0.0637,0.191,1.4478,0.8344
2026-03-16,0.4282,0.3954,-0.0059,-0.0458,0.0062,0.191,1.394,0.7782
2026-03-17,0.4282,0.3998,-0.0059,-0.0478,0.0636,0.191,1.4578,0.838
2026-03-18,0.4282,0.3788,-0.0059,-0.0475,0.0636,0.191,1.4375,0.8173
2026-03-19,0.4281,0.3788,-0.0059,-0.0495,0.0636,0.191,1.4395,0.8152
2026-03-20,0.4281,0.3788,-0.0059,-0.0485,0.0636,0.191,1.4414,0.8162
2026-03-23,0.4281,0.3778,-0.0059,-0.0394,0.0636,0.191,1.4412,0.8242
2026-03-24,0.4281,0.3784,-0.0059,-0.0362,0.0636,0.191,1.4387,0.8281
2026-03-25,0.4281,0.3669,-0.0059,-0.0362,0.0063,0.191,1.3698,0.7592
2026-03-26,0.4281,0.3699,-0.0059,-0.0361,0.0063,0.191,1.3727,0.7622
2026-03-27,0.428,0.9854,-0.0059,-0.0359,0.0636,0.191,2.0457,1.4352
2026-03-30,0.428,0.9817,-0.0059,-0.0364,0.0062,0.191,1.9851,1.3736
2026-03-31,0.724,0.9916,-0.0059,-0.0383,0.0062,0.191,2.293,1.6776
2026-04-01,0.7235,0.3469,-0.006,-0.0434,0.0062,0.1911,1.6558,1.0272
2026-04-02,0.6509,0.162,0.0254,-0.1571,0.0638,0.1911,1.6429,0.745
2026-04-06,0.6509,0.1678,0.0254,-0.1581,0.0638,0.1911,1.6497,0.7499
2026-04-07,0.3547,0.1679,0.0254,-0.1594,0.0638,0.1911,1.3554,0.4525
2026-04-08,0.3547,0.168,0.0254,-0.1682,0.0638,0.1911,1.3555,0.4437
2026-04-09,0.3547,0.1691,0.0254,-0.1674,0.0062,0.1911,1.3072,0.388
2026-04-10,0.3546,0.1743,0.0254,-0.1674,0.0638,0.1911,1.37,0.4507
2026-04-13,0.3546,0.1791,0.0254,-0.1675,0.0638,0.1911,1.3748,0.4554
2026-04-14,0.3546,0.1892,0.0254,-0.1692,0.0638,0.1911,1.3867,0.4638
2026-04-15,0.3546,0.1907,0.0254,-0.1712,0.0638,0.1911,1.3904,0.4633
2026-04-16,0.3546,0.1772,0.0254,-0.1717,0.0638,0.1911,1.3777,0.4492
2026-04-17,0.3546,0.1809,0.0254,-0.1742,0.0638,0.1911,1.3831,0.4505
2026-04-20,0.3546,0.1922,0.0254,-0.1776,0.0638,0.1911,1.396,0.4584
2026-04-21,0.3546,0.1892,0.0254,-0.1832,0.0638,0.1911,1.3962,0.4497
2026-04-22,0.3545,0.1893,0.0254,-0.1858,0.0638,0.1911,1.396,0.4473
2026-04-23,0.3545,0.1894,0.0254,-0.1858,0.0638,0.1911,1.3962,0.4474
2026-04-24,0.3545,0.1899,0.0254,-0.1878,0.0638,0.1911,1.3987,0.4459
2026-04-27,0.3545,0.2089,0.0254,-0.1912,0.0638,0.1911,1.4201,0.4614
2026-04-28,0.3545,0.8441,0.0254,-0.1956,0.0638,0.1911,2.0589,1.0921
2026-04-29,0.3545,0.8504,0.0254,-0.201,0.0638,0.1911,2.0709,1.0931
2026-04-30,0.6507,0.861,0.0254,-0.2028,0.0638,0.1911,2.3801,1.398
2026-05-01,0.4829,0.2361,0.0253,-0.2046,0.0635,0.1901,1.5861,0.6031
2026-05-04,0.3637,-0.2606,0.0261,-0.3186,0.0635,0.1901,1.6359,-0.1258
2026-05-05,0.3637,-0.26,0.0261,-0.3186,0.0635,0.1901,1.6357,-0.1253
2026-05-06,0.0684,-0.2542,0.0261,-0.3221,0.0635,0.1901,1.3587,-0.4182
2026-05-07,0.0684,-0.2433,0.0261,-0.322,0.0635,0.1901,1.3695,-0.4072
2026-05-08,0.0683,-0.26,0.0261,-0.3192,0.0635,0.1901,1.3554,-0.4213
2026-05-11,0.0683,-0.26,0.0261,-0.319,0.0635,0.1901,1.3556,-0.421
2026-05-12,0.0683,-0.26,0.0261,-0.3187,0.0635,0.1901,1.356,-0.4208
2026-05-13,0.0682,-0.2499,0.0261,-0.3196,0.0635,0.1901,1.368,-0.4116
2026-05-14,0.0682,-0.2399,0.0261,-0.3194,0.0635,0.1901,1.3785,-0.4015
2026-05-15,0.0682,-0.2279,0.0261,-0.3224,0.0635,0.1901,1.3937,-0.3926
2026-05-18,0.0681,-0.2223,0.0261,-0.3269,0.0635,0.1901,1.3945,-0.3915
2026-05-19,0.0681,-0.2059,0.0261,-0.3303,0.0635,0.1901,1.4143,-0.3785
2026-05-20,0.068,-0.191,0.0261,-0.3348,0.0635,0.1901,1.4338,-0.3682
2026-05-21,0.068,-0.1787,0.0261,-0.3371,0.0635,0.1901,1.4419,-0.3581
2026-05-22,0.068,-0.2111,0.0261,-0.3395,0.0635,0.1901,1.4196,-0.393
2026-05-26,0.0679,-0.2135,0.0261,-0.346,0.0635,0.1901,1.4282,-0.402
2026-05-27,0.0679,0.418,0.0261,-0.3527,0.0635,0.1901,1.5858,0.2228
2026-05-28,0.0679,0.403,0.0261,-0.3587,0.0635,0.1901,1.5769,0.2017
2026-05-29,0.363,0.3999,0.0261,-0.3666,0.0635,0.1901,1.8621,0.4859
2026-06-01,0.3636,-0.2355,0.0261,-0.3707,0.0637,0.1903,1.7196,-0.1529
2026-06-02,0.514,0.2621,0.0345,-0.2963,0.0637,0.1903,1.6522,0.578
2026-06-03,0.514,0.26,0.0345,-0.2963,0.0637,0.1903,1.6502,0.5759
2026-06-04,0.2183,0.26,0.0345,-0.2984,0.0637,0.1903,1.3527,0.2781
2026-06-05,0.2183,0.26,0.0345,-0.2987,0.0637,0.1903,1.3526,0.2777
2026-06-08,0.2182,0.26,0.0345,-0.3001,0.0637,0.1903,1.3521,0.2763
2026-06-09,0.2182,0.2622,0.0345,-0.2962,0.0637,0.1903,1.3487,0.2824
2026-06-10,0.2182,0.2681,0.0345,-0.3069,0.0637,0.1903,1.333,0.2776
2026-06-11,0.2182,0.2746,0.0345,-0.2974,0.0637,0.1903,1.3364,0.2936
2026-06-12,0.2182,0.2828,0.0345,-0.2976,0.0637,0.1903,1.3291,0.3015
2026-06-15,0.2182,0.2459,0.0345,-0.2983,0.0637,0.1903,1.3472,0.264
2026-06-16,0.2182,0.2459,0.0345,-0.2986,0.0637,0.1903,1.3476,0.2636
2026-06-17,0.2181,0.2458,0.0345,-0.2988,0.0637,0.1903,1.3483,0.2634
2026-06-18,0.2181,0.2446,0.0345,-0.2984,0.0637,0.1903,1.3501,0.2625
2026-06-22,0.2181,0.2181,0.0345,-0.2834,0.0637,0.1903,1.3844,0.251
2026-06-23,0.2181,0.2073,0.0346,-0.2835,0.0637,0.1903,1.3901,0.2401
2026-06-24,0.2181,0.2073,0.0346,-0.2833,0.0637,0.1903,1.3904,0.2403
2026-06-25,0.2181,0.2073,0.0346,-0.2835,0.0637,0.1903,1.3903,0.2401
2026-06-26,0.2181,0.805,0.0346,-0.2835,0.0637,0.1903,2.0352,0.8378
2026-06-29,0.2181,0.805,0.0346,-0.2835,0.0637,0.1903,2.0353,0.8378
2026-06-30,0.5137,0.805,0.0346,-0.2835,0.0637,0.1903,2.3311,1.1335
2026-07-01,0.514,0.1722,0.0345,-0.284,0.0637,0.1902,1.6988,0.5005
2026-07-02,0.3485,-0.3067,0.0318,-0.4492,0.0637,0.1902,1.8095,-0.3118
2026-07-06,0.3484,-0.2906,0.0318,-0.449,0.0637,0.1902,1.7935,-0.2956
2026-07-07,0.0521,-0.2751,0.0318,-0.4491,0.0637,0.1902,1.4904,-0.5765
2026-07-08,0.052,-0.275,0.0318,-0.4491,0.0637,0.1902,1.4904,-0.5766
2026-07-09,0.0519,-0.2656,0.0318,-0.4502,0.0637,0.1902,1.4824,-0.5683
2026-07-10,0.0519,-0.2523,0.0319,-0.4501,0.0637,0.1902,1.4699,-0.5549
2026-07-13,0.0518,-0.2477,0.0319,-0.4511,0.0637,0.1902,1.4699,-0.5514
2026-07-14,0.0517,-0.2439,0.0319,-0.4558,0.0637,0.1902,1.4724,-0.5524
2026-07-15,0.0517,-0.2422,0.0319,-0.4569,0.0637,0.1902,1.473,-0.5518
2026-07-16,0.0516,-0.2398,0.0319,-0.4568,0.0637,0.1902,1.4734,-0.5494
2026-07-17,0.0515,-0.2347,0.0319,-0.4568,0.0637,0.1902,1.4718,-0.5444
2026-07-20,0.0515,-0.2299,0.0319,-0.4568,0.0637,0.1902,1.4682,-0.5396
2026-07-21,0.0514,-0.2299,0.0319,-0.4581,0.0637,0.1902,1.4696,-0.541
2026-07-22,0.0513,-0.2198,0.0319,-0.4593,0.0637,0.1902,1.475,-0.5321
2026-07-23,0.0513,-0.2194,0.0319,-0.4581,0.0637,0.1902,1.4753,-0.5307
2026-07-24,0.0512,-0.2037,0.0319,-0.4593,0.0637,0.1902,1.483,-0.5162
2026-07-27,0.0511,-0.2037,0.0319,-0.4599,0.0637,0.1902,1.4838,-0.5169
2026-07-28,0.0511,-0.2037,0.0319,-0.4617,0.0637,0.1902,1.4865,-0.5187
2026-07-29,0.051,0.4242,0.0319,-0.4656,0.0637,0.1902,1.5986,0.1052
2026-07-30,0.0509,0.4209,0.0319,-0.4691,0.0637,0.1902,1.5997,0.0983
2026-07-31,0.3471,0.4583,0.0319,-0.4694,0.0637,0.1902,1.9234,0.4317
2026-08-03,0.3475,-0.1592,0.0319,-0.4179,0.0638,0.1902,1.7458,-0.1338
2026-08-04,0.3514,-0.2357,0.0487,-0.3345,0.0638,0.1902,1.7538,-0.1062
2026-08-05,0.3514,-0.2645,0.0487,-0.3322,0.0638,0.1902,1.7227,-0.1328
2026-08-06,0.0547,-0.2928,0.0486,-0.3322,0.0638,0.1902,1.4475,-0.4579
2026-08-07,0.0547,-0.2928,0.0486,-0.3322,0.0638,0.1902,1.4476,-0.4579
2026-08-10,0.0547,-0.2895,0.0486,-0.3322,0.0638,0.1902,1.4443,-0.4547
2026-08-11,0.0546,-0.2893,0.0486,-0.3322,0.0638,0.1902,1.4441,-0.4545
2026-08-12,0.0546,-0.2861,0.0486,-0.3321,0.0638,0.1902,1.4408,-0.4513
2026-08-13,0.0546,-0.2753,0.0486,-0.3321,0.0638,0.1902,1.4423,-0.4405
2026-08-14,0.0546,-0.2622,0.0486,-0.3318,0.0638,0.1902,1.4559,-0.4271
2026-08-17,0.0546,-0.271,0.0485,-0.3319,0.0638,0.1902,1.4482,-0.436
2026-08-18,0.0546,-0.2711,0.0485,-0.3316,0.0638,0.1902,1.4485,-0.4358
2026-08-19,0.0546,-0.2595,0.0485,-0.3323,0.0638,0.1902,1.4582,-0.425
2026-08-20,0.0545,-0.2559,0.0485,-0.3361,0.0638,0.1902,1.459,-0.4252
2026-08-21,0.0545,-0.2592,0.0485,-0.3117,0.0638,0.1902,1.4313,-0.4041
2026-08-24,0.0545,-0.2487,0.0485,-0.3114,0.0638,0.1902,1.4445,-0.3933
2026-08-25,0.0545,-0.2428,0.0484,-0.3113,0.0638,0.1902,1.4505,-0.3874
2026-08-26,0.0545,-0.2429,0.0484,-0.3082,0.0638,0.1902,1.4474,-0.3844
2026-08-27,0.0545,0.3648,0.0484,-0.3082,0.0638,0.1902,1.6181,0.2232
2026-08-28,0.0544,0.3629,0.0484,-0.3093,0.0638,0.1902,1.6174,0.2202
2026-08-31,0.3511,0.3629,0.0484,-0.3109,0.0638,0.1902,1.8999,0.5152
2026-09-01,0.3515,-0.2749,0.0485,-0.3122,0.0639,0.1907,1.717,-0.1232
2026-09-02,0.3427,-0.1818,0.0517,-0.3753,0.0639,0.1907,1.8167,-0.0987
2026-09-03,0.3427,-0.174,0.0517,-0.3734,0.0639,0.1907,1.8227,-0.089
2026-09-04,0.0458,-0.1716,0.0517,-0.3696,0.0639,0.1907,1.5681,-0.3798
2026-09-08,0.0458,-0.1509,0.0517,-0.3646,0.0639,0.1907,1.584,-0.3542
2026-09-09,0.0458,-0.1509,0.0517,-0.3645,0.0639,0.1907,1.5841,-0.354
2026-09-10,0.0458,-0.1227,0.0517,-0.364,0.0639,0.1907,1.6117,-0.3254
2026-09-11,0.0458,-0.1152,0.0517,-0.368,0.0639,0.1907,1.6177,-0.3218
2026-09-14,0.0458,-0.13,0.0516,-0.3705,0.0639,0.1907,1.6056,-0.3391
2026-09-15,0.0457,-0.1524,0.0516,-0.3731,0.0639,0.1907,1.5947,-0.3641
2026-09-16,0.0457,-0.1594,0.0516,-0.3762,0.0639,0.1907,1.5909,-0.3743
2026-09-17,0.0457,-0.1594,0.0516,-0.3792,0.0639,0.1907,1.5939,-0.3773
2026-09-18,0.0457,-0.1594,0.0516,-0.3695,0.0639,0.1907,1.5842,-0.3676
2026-09-21,0.0457,-0.2087,0.0516,-0.388,0.0639,0.1907,1.5655,-0.4354
2026-09-22,0.0457,-0.2087,0.0516,-0.3916,0.0639,0.1907,1.569,-0.439
2026-09-23,0.0457,-0.2368,0.0516,-0.397,0.0639,0.1907,1.5661,-0.4725
2026-09-24,0.0457,-0.2368,0.0516,-0.404,0.0639,0.1907,1.5732,-0.4796
2026-09-25,0.0457,-0.2504,0.0516,-0.4067,0.0639,0.1907,1.578,-0.4959
2026-09-28,0.0457,0.3832,0.0516,-0.4093,0.0639,0.1907,1.6174,0.1351
2026-09-29,0.0457,0.3757,0.0516,-0.4253,0.0639,0.1907,1.6069,0.1116
2026-09-30,0.3426,0.3757,0.0516,-0.4277,0.0639,0.1907,1.8626,0.406
2026-10-01,0.3436,-0.2513,0.0517,-0.4364,0.0641,0.1911,1.8444,-0.2283
2026-10-02,0.3582,-0.365,0.0524,-0.4491,0.0641,0.1911,1.827,-0.3393
2026-10-05,0.3582,-0.364,0.0524,-0.4518,0.0641,0.1911,1.83,-0.3411
2026-10-06,0.0604,-0.361,0.0524,-0.4556,0.0641,0.1911,1.5781,-0.6396
2026-10-07,0.0604,-0.3549,0.0524,-0.4602,0.0641,0.1911,1.5782,-0.6381
2026-10-08,0.0604,-0.338,0.0524,-0.379,0.0641,0.1911,1.5711,-0.5401
2026-10-09,0.0604,-0.3239,0.0524,-0.3839,0.0641,0.1911,1.5831,-0.5309
