ticker,name,sector,mkt_cap_usd_bn,beta,HML_pctile,MOM_pctile,RMW_pctile,CMA_pctile,QMJ_pctile,STREV_pctile,LTREV_pctile,RESMOM_pctile,IVOL_pctile,MAX_pctile,LIQ_pctile,ACC_pctile,NSI_pctile,DBETA_pctile,MISP_pctile
NVDA,Nvidia,Information Technology,5503.96,1.64,2.0,62.0,95.0,1.0,73.0,12.0,1.0,24.0,51.0,47.0,0.0,2.0,53.0,93.0,29.0
AAPL,Apple Inc.,Information Technology,4865.08,1.19,1.0,66.0,98.0,27.0,77.0,10.0,27.0,37.0,60.0,40.0,0.0,11.0,62.0,55.0,58.0
GOOG,Alphabet Inc. (Class C),Communication Services,4167.25,1.31,13.0,77.0,77.0,6.0,66.0,17.0,28.0,85.0,60.0,49.0,0.0,58.0,20.0,59.0,46.0
MSFT,Microsoft,Information Technology,3809.31,1.44,12.0,32.0,81.0,14.0,74.0,19.0,27.0,19.0,41.0,38.0,0.0,62.0,44.0,53.0,39.0
AMZN,Amazon,Consumer Discretionary,2686.58,1.5,21.0,56.0,59.0,6.0,39.0,40.0,48.0,60.0,38.0,74.0,0.0,74.0,19.0,89.0,34.0
AVGO,Broadcom,Information Technology,1676.45,1.74,4.0,50.0,79.0,36.0,44.0,45.0,1.0,21.0,47.0,51.0,1.0,,20.0,93.0,14.0
META,Meta Platforms,Communication Services,1572.01,1.5,20.0,10.0,84.0,7.0,76.0,1.0,16.0,12.0,21.0,2.0,0.0,93.0,,93.0,43.0
TSLA,"Tesla, Inc.",Consumer Discretionary,1401.14,1.6,6.0,14.0,18.0,21.0,13.0,37.0,27.0,19.0,28.0,17.0,0.0,79.0,2.0,97.0,6.0
MU,Micron Technology,Information Technology,1202.51,2.52,8.0,100.0,33.0,3.0,25.0,5.0,14.0,100.0,6.0,14.0,1.0,73.0,22.0,99.0,40.0
LLY,Lilly (Eli),Health Care,1089.23,0.85,2.0,88.0,95.0,10.0,67.0,22.0,6.0,82.0,56.0,59.0,1.0,4.0,49.0,26.0,48.0
AMD,Advanced Micro Devices,Information Technology,998.39,2.55,6.0,99.0,20.0,28.0,22.0,1.0,36.0,95.0,12.0,3.0,1.0,55.0,26.0,99.0,42.0
BRK-B,Berkshire Hathaway,Financials,925.33,0.8,82.0,34.0,31.0,40.0,71.0,26.0,25.0,38.0,99.0,98.0,1.0,6.0,,14.0,8.0
JPM,JPMorgan Chase,Financials,879.41,1.08,52.0,53.0,53.0,26.0,38.0,57.0,15.0,48.0,97.0,86.0,1.0,3.0,76.0,39.0,33.0
WMT,Walmart,Consumer Staples,824.47,0.81,13.0,36.0,82.0,31.0,86.0,25.0,14.0,42.0,64.0,63.0,1.0,74.0,49.0,6.0,62.0
XOM,ExxonMobil,Energy,669.23,0.68,50.0,82.0,,,99.0,19.0,13.0,65.0,77.0,61.0,1.0,,77.0,18.0,
JNJ,Johnson & Johnson,Health Care,638.0,0.52,15.0,84.0,83.0,57.0,82.0,23.0,51.0,95.0,82.0,77.0,1.0,8.0,40.0,6.0,67.0
V,Visa Inc.,Financials,616.31,1.03,5.0,49.0,95.0,64.0,99.0,46.0,35.0,54.0,86.0,82.0,1.0,41.0,,36.0,83.0
INTC,Intel,Information Technology,606.32,2.12,25.0,99.0,8.0,43.0,2.0,1.0,82.0,92.0,9.0,2.0,1.0,61.0,3.0,97.0,30.0
MA,Mastercard,Financials,495.59,1.06,1.0,38.0,99.0,37.0,97.0,53.0,30.0,36.0,83.0,95.0,2.0,63.0,,38.0,77.0
ABBV,AbbVie,Health Care,462.26,0.63,,58.0,,75.0,71.0,16.0,12.0,47.0,78.0,81.0,2.0,89.0,40.0,7.0,87.0
PLTR,Palantir Technologies,Information Technology,449.46,1.98,1.0,38.0,56.0,5.0,37.0,21.0,1.0,29.0,5.0,7.0,1.0,62.0,18.0,79.0,22.0
CSCO,Cisco,Information Technology,424.34,1.23,13.0,90.0,73.0,52.0,52.0,31.0,45.0,82.0,52.0,27.0,2.0,42.0,46.0,76.0,81.0
ORCL,Oracle Corporation,Information Technology,415.16,1.68,11.0,2.0,91.0,5.0,18.0,62.0,6.0,1.0,24.0,16.0,2.0,67.0,7.0,92.0,13.0
LRCX,Lam Research,Information Technology,411.06,2.4,2.0,98.0,93.0,55.0,58.0,6.0,14.0,89.0,9.0,10.0,4.0,51.0,59.0,96.0,95.0
AMAT,Applied Materials,Information Technology,405.83,2.2,5.0,97.0,84.0,16.0,49.0,4.0,37.0,90.0,11.0,12.0,3.0,33.0,47.0,93.0,68.0
COST,Costco,Consumer Staples,403.75,0.86,8.0,37.0,81.0,22.0,91.0,37.0,17.0,40.0,85.0,53.0,1.0,70.0,42.0,10.0,51.0
CVX,Chevron Corporation,Energy,403.47,0.72,57.0,77.0,23.0,11.0,53.0,25.0,24.0,45.0,79.0,59.0,2.0,73.0,4.0,17.0,20.0
BAC,Bank of America,Financials,381.99,1.06,82.0,60.0,34.0,54.0,41.0,80.0,42.0,59.0,89.0,95.0,2.0,9.0,87.0,48.0,53.0
CAT,Caterpillar Inc.,Industrials,372.72,1.41,4.0,91.0,93.0,26.0,57.0,17.0,9.0,92.0,63.0,77.0,2.0,40.0,65.0,85.0,84.0
KO,Coca-Cola Company (The),Consumer Staples,370.36,0.62,10.0,77.0,87.0,63.0,76.0,30.0,45.0,99.0,83.0,84.0,2.0,2.0,43.0,7.0,66.0
MRK,Merck & Co.,Health Care,358.5,0.58,15.0,94.0,87.0,27.0,76.0,26.0,52.0,99.0,44.0,82.0,3.0,7.0,58.0,6.0,67.0
DELL,Dell Technologies,Information Technology,349.13,2.06,,99.0,,10.0,47.0,2.0,8.0,98.0,4.0,1.0,7.0,58.0,84.0,92.0,83.0
PG,Procter & Gamble,Consumer Staples,337.69,0.65,21.0,29.0,86.0,54.0,91.0,22.0,55.0,25.0,90.0,79.0,2.0,23.0,52.0,11.0,45.0
UNH,UnitedHealth Group,Health Care,332.21,0.75,41.0,53.0,60.0,72.0,52.0,46.0,71.0,42.0,81.0,82.0,2.0,33.0,42.0,51.0,51.0
PANW,Palo Alto Networks,Information Technology,325.0,1.45,9.0,94.0,17.0,1.0,10.0,11.0,10.0,87.0,10.0,1.0,5.0,66.0,2.0,58.0,16.0
GE,GE Aerospace,Industrials,324.02,1.33,5.0,52.0,91.0,58.0,46.0,57.0,2.0,47.0,67.0,69.0,3.0,11.0,67.0,66.0,70.0
PM,Philip Morris International,Consumer Staples,297.41,0.66,,58.0,,47.0,66.0,17.0,21.0,75.0,70.0,72.0,6.0,22.0,38.0,9.0,25.0
MS,Morgan Stanley,Financials,295.65,1.33,50.0,75.0,50.0,15.0,20.0,80.0,25.0,70.0,86.0,62.0,4.0,6.0,62.0,68.0,31.0
NFLX,Netflix,Communication Services,289.73,1.22,12.0,6.0,89.0,19.0,88.0,86.0,19.0,12.0,42.0,36.0,1.0,7.0,66.0,18.0,17.0
HD,Home Depot (The),Consumer Discretionary,283.83,1.1,4.0,14.0,99.0,36.0,58.0,82.0,47.0,13.0,79.0,57.0,2.0,29.0,35.0,57.0,27.0
CRWD,CrowdStrike,Information Technology,271.09,1.78,1.0,94.0,5.0,11.0,11.0,3.0,24.0,82.0,5.0,1.0,5.0,95.0,15.0,83.0,33.0
GS,Goldman Sachs,Financials,262.4,1.47,58.0,70.0,48.0,19.0,20.0,80.0,14.0,58.0,66.0,43.0,2.0,5.0,78.0,76.0,38.0
ANET,Arista Networks,Information Technology,256.77,1.9,4.0,76.0,79.0,5.0,26.0,11.0,1.0,47.0,20.0,16.0,9.0,97.0,32.0,94.0,32.0
TXN,Texas Instruments,Information Technology,255.79,1.57,6.0,82.0,85.0,67.0,61.0,7.0,63.0,61.0,62.0,35.0,3.0,71.0,29.0,91.0,90.0
KLAC,KLA Corporation,Information Technology,254.77,2.22,1.0,89.0,95.0,29.0,45.0,5.0,7.0,66.0,15.0,9.0,6.0,14.0,54.0,94.0,69.0
SNDK,Sandisk,Information Technology,254.02,,4.0,100.0,4.0,10.0,11.0,5.0,,100.0,0.0,2.0,3.0,87.0,42.0,100.0,44.0
GEV,GE Vernova,Industrials,253.15,,5.0,84.0,33.0,6.0,32.0,9.0,,70.0,22.0,23.0,3.0,14.0,68.0,87.0,58.0
RTX,RTX Corporation,Industrials,250.21,0.88,36.0,69.0,48.0,58.0,40.0,76.0,18.0,80.0,71.0,99.0,4.0,31.0,25.0,29.0,36.0
TMO,Thermo Fisher Scientific,Health Care,249.6,1.11,28.0,73.0,50.0,22.0,68.0,6.0,79.0,52.0,58.0,25.0,4.0,21.0,67.0,54.0,43.0
WFC,Wells Fargo,Financials,242.43,1.12,79.0,38.0,41.0,25.0,39.0,59.0,21.0,28.0,83.0,61.0,3.0,6.0,88.0,53.0,27.0
MRVL,Marvell Technology,Information Technology,231.69,2.61,8.0,98.0,25.0,9.0,13.0,1.0,47.0,90.0,4.0,10.0,4.0,4.0,16.0,91.0,18.0
AMGN,Amgen,Health Care,227.87,0.74,3.0,88.0,97.0,58.0,38.0,28.0,41.0,89.0,47.0,28.0,5.0,33.0,30.0,29.0,80.0
C,Citigroup,Financials,226.5,1.3,89.0,70.0,23.0,59.0,25.0,27.0,28.0,62.0,82.0,55.0,3.0,5.0,84.0,72.0,49.0
LIN,Linde plc,Materials,218.8,0.89,23.0,38.0,71.0,54.0,95.0,32.0,32.0,34.0,88.0,87.0,2.0,53.0,63.0,31.0,68.0
STX,Seagate Technology,Information Technology,209.18,2.21,0.0,100.0,99.0,18.0,14.0,4.0,6.0,98.0,4.0,10.0,8.0,3.0,7.0,91.0,34.0
APH,Amphenol,Information Technology,207.88,1.84,7.0,72.0,88.0,2.0,27.0,8.0,6.0,45.0,39.0,25.0,7.0,35.0,21.0,83.0,30.0
IBM,IBM,Information Technology,207.2,1.22,21.0,18.0,82.0,41.0,17.0,51.0,11.0,21.0,10.0,33.0,4.0,25.0,19.0,71.0,19.0
AXP,American Express,Financials,205.27,1.27,21.0,30.0,82.0,34.0,56.0,62.0,17.0,10.0,84.0,82.0,4.0,33.0,74.0,60.0,55.0
QCOM,Qualcomm,Information Technology,194.53,1.97,17.0,39.0,90.0,60.0,71.0,7.0,46.0,26.0,29.0,4.0,3.0,94.0,70.0,95.0,91.0
ADI,Analog Devices,Information Technology,192.23,1.58,23.0,84.0,30.0,70.0,69.0,5.0,38.0,58.0,70.0,22.0,5.0,65.0,60.0,93.0,82.0
VZ,Verizon,Communication Services,190.58,0.61,66.0,64.0,78.0,32.0,82.0,65.0,64.0,94.0,77.0,84.0,3.0,59.0,60.0,13.0,70.0
CRM,Salesforce,Information Technology,188.94,1.61,24.0,40.0,74.0,37.0,85.0,76.0,68.0,37.0,10.0,23.0,2.0,76.0,98.0,21.0,88.0
GILD,Gilead Sciences,Health Care,184.97,0.72,15.0,72.0,88.0,77.0,83.0,15.0,25.0,59.0,64.0,64.0,5.0,36.0,43.0,34.0,85.0
DIS,Walt Disney Company (The),Communication Services,181.13,1.16,70.0,26.0,55.0,52.0,85.0,31.0,83.0,32.0,67.0,77.0,4.0,37.0,80.0,69.0,47.0
DE,Deere & Company,Industrials,181.07,1.05,19.0,80.0,60.0,73.0,44.0,14.0,42.0,87.0,51.0,44.0,7.0,31.0,46.0,65.0,79.0
TMUS,T-Mobile US,Communication Services,175.28,0.79,42.0,11.0,83.0,76.0,90.0,71.0,22.0,31.0,33.0,53.0,5.0,80.0,84.0,24.0,87.0
PEP,PepsiCo,Consumer Staples,172.96,0.61,15.0,37.0,92.0,36.0,83.0,66.0,64.0,46.0,87.0,94.0,3.0,46.0,46.0,10.0,54.0
ABT,Abbott Laboratories,Health Care,171.01,0.82,40.0,16.0,52.0,8.0,71.0,75.0,57.0,4.0,54.0,90.0,4.0,37.0,50.0,23.0,12.0
SCHW,Charles Schwab Corporation,Financials,169.03,0.98,39.0,52.0,10.0,43.0,41.0,77.0,41.0,56.0,78.0,78.0,4.0,28.0,84.0,21.0,31.0
T,AT&T,Communication Services,167.2,0.64,80.0,28.0,62.0,46.0,93.0,49.0,27.0,65.0,72.0,77.0,3.0,56.0,81.0,15.0,69.0
ETN,Eaton Corporation,Industrials,166.9,1.57,14.0,46.0,66.0,7.0,28.0,8.0,11.0,35.0,36.0,33.0,8.0,19.0,45.0,91.0,20.0
WELL,Welltower,Real Estate,165.52,0.8,36.0,75.0,13.0,12.0,29.0,31.0,14.0,97.0,84.0,82.0,7.0,39.0,6.0,13.0,7.0
WDC,Western Digital,Information Technology,164.06,2.41,5.0,100.0,73.0,93.0,16.0,19.0,9.0,99.0,3.0,15.0,6.0,7.0,10.0,90.0,71.0
BLK,BlackRock,Financials,164.03,1.36,45.0,32.0,42.0,16.0,23.0,63.0,37.0,15.0,80.0,79.0,6.0,8.0,38.0,82.0,5.0
MCD,McDonald's,Consumer Discretionary,163.42,0.73,,20.0,,43.0,81.0,80.0,45.0,47.0,80.0,78.0,2.0,44.0,53.0,11.0,22.0
PFE,Pfizer,Health Care,162.55,0.7,67.0,68.0,29.0,77.0,50.0,21.0,84.0,55.0,89.0,86.0,3.0,28.0,34.0,23.0,45.0
UNP,Union Pacific Corporation,Industrials,161.63,0.93,14.0,70.0,92.0,68.0,78.0,71.0,48.0,83.0,82.0,82.0,5.0,41.0,38.0,33.0,81.0
NEE,NextEra Energy,Utilities,157.92,0.74,46.0,47.0,51.0,23.0,42.0,63.0,63.0,63.0,99.0,96.0,4.0,34.0,18.0,18.0,15.0
DHR,Danaher Corporation,Health Care,155.73,1.15,44.0,53.0,30.0,48.0,68.0,12.0,84.0,30.0,36.0,51.0,6.0,44.0,64.0,50.0,43.0
COP,ConocoPhillips,Energy,150.35,0.8,54.0,80.0,42.0,81.0,98.0,48.0,26.0,53.0,59.0,44.0,8.0,86.0,79.0,27.0,98.0
BA,Boeing,Industrials,147.05,1.27,3.0,27.0,95.0,50.0,4.0,75.0,65.0,23.0,53.0,57.0,3.0,9.0,9.0,50.0,17.0
TJX,TJX Companies,Consumer Discretionary,145.54,0.9,7.0,25.0,92.0,24.0,92.0,26.0,16.0,53.0,78.0,50.0,4.0,50.0,57.0,9.0,50.0
ISRG,Intuitive Surgical,Health Care,143.91,1.47,14.0,18.0,56.0,53.0,71.0,7.0,49.0,5.0,23.0,62.0,5.0,20.0,58.0,76.0,30.0
UBER,Uber,Industrials,139.76,1.29,24.0,9.0,70.0,24.0,75.0,70.0,15.0,9.0,40.0,75.0,4.0,13.0,69.0,71.0,25.0
NOW,ServiceNow,Information Technology,138.55,1.9,9.0,11.0,53.0,20.0,64.0,70.0,43.0,21.0,12.0,8.0,4.0,94.0,47.0,34.0,40.0
VRTX,Vertex Pharmaceuticals,Health Care,132.45,0.81,19.0,77.0,68.0,20.0,87.0,39.0,17.0,63.0,62.0,85.0,9.0,8.0,57.0,45.0,42.0
GLW,Corning Inc.,Information Technology,132.45,2.02,9.0,93.0,62.0,23.0,16.0,13.0,12.0,78.0,5.0,8.0,10.0,46.0,27.0,93.0,48.0
FTNT,Fortinet,Information Technology,131.14,1.37,0.0,95.0,99.0,90.0,72.0,11.0,44.0,93.0,25.0,4.0,14.0,78.0,81.0,52.0,100.0
BMY,Bristol Myers Squibb,Health Care,127.47,0.61,20.0,88.0,84.0,92.0,74.0,55.0,74.0,90.0,69.0,72.0,7.0,81.0,31.0,6.0,98.0
CB,Chubb Limited,Financials,125.43,0.69,69.0,63.0,48.0,34.0,77.0,38.0,31.0,92.0,85.0,60.0,6.0,21.0,76.0,2.0,51.0
SPGI,S&P Global,Financials,122.92,1.29,35.0,26.0,66.0,69.0,89.0,71.0,58.0,29.0,62.0,27.0,5.0,28.0,76.0,30.0,56.0
BKNG,Booking Holdings,Consumer Discretionary,122.41,1.38,,23.0,,67.0,79.0,94.0,14.0,40.0,32.0,30.0,4.0,94.0,92.0,70.0,92.0
NEM,Newmont,Materials,121.53,1.1,38.0,85.0,64.0,56.0,82.0,65.0,28.0,80.0,31.0,26.0,11.0,67.0,80.0,80.0,96.0
PLD,Prologis,Real Estate,121.05,0.99,56.0,66.0,28.0,65.0,46.0,54.0,66.0,79.0,83.0,93.0,9.0,26.0,29.0,41.0,29.0
PGR,Progressive Corporation,Financials,120.52,0.69,36.0,26.0,84.0,33.0,86.0,44.0,9.0,44.0,54.0,79.0,7.0,63.0,53.0,2.0,60.0
PH,Parker Hannifin,Industrials,120.43,1.25,14.0,71.0,80.0,45.0,75.0,30.0,8.0,73.0,76.0,78.0,8.0,20.0,49.0,53.0,60.0
COF,Capital One,Financials,118.45,1.38,89.0,30.0,13.0,8.0,31.0,73.0,38.0,9.0,79.0,63.0,6.0,49.0,80.0,79.0,16.0
LMT,Lockheed Martin,Industrials,117.53,0.59,6.0,55.0,97.0,53.0,78.0,66.0,33.0,72.0,51.0,75.0,7.0,69.0,56.0,11.0,88.0
ACN,Accenture,Information Technology,114.87,1.45,37.0,11.0,82.0,36.0,91.0,36.0,78.0,15.0,22.0,14.0,7.0,66.0,,66.0,45.0
MO,Altria,Consumer Staples,112.44,0.56,,45.0,,86.0,84.0,22.0,24.0,70.0,65.0,67.0,7.0,74.0,51.0,4.0,85.0
VLO,Valero Energy,Energy,111.6,0.89,29.0,96.0,46.0,51.0,92.0,7.0,7.0,98.0,46.0,38.0,12.0,66.0,92.0,42.0,93.0
MPC,Marathon Petroleum,Energy,111.04,0.91,19.0,94.0,91.0,38.0,92.0,9.0,5.0,94.0,46.0,39.0,14.0,60.0,93.0,54.0,96.0
MDT,Medtronic,Health Care,110.38,0.82,56.0,31.0,45.0,69.0,60.0,40.0,75.0,8.0,69.0,48.0,5.0,80.0,46.0,15.0,42.0
CVS,CVS Health,Health Care,109.51,0.77,77.0,69.0,21.0,80.0,24.0,67.0,64.0,62.0,67.0,23.0,8.0,46.0,22.0,20.0,39.0
SBUX,Starbucks,Consumer Discretionary,107.11,1.08,,68.0,,87.0,59.0,79.0,76.0,87.0,83.0,93.0,6.0,85.0,33.0,53.0,91.0
SYK,Stryker Corporation,Health Care,105.63,1.15,30.0,20.0,67.0,73.0,60.0,88.0,43.0,4.0,34.0,69.0,7.0,50.0,32.0,15.0,41.0
LOW,Lowe's,Consumer Discretionary,103.4,1.1,,14.0,,15.0,59.0,73.0,48.0,16.0,72.0,59.0,8.0,68.0,40.0,54.0,13.0
ADP,Automatic Data Processing,Industrials,102.66,1.05,6.0,32.0,94.0,22.0,71.0,69.0,34.0,43.0,65.0,48.0,8.0,23.0,64.0,19.0,41.0
PSX,Phillips 66,Energy,101.87,0.88,37.0,93.0,52.0,19.0,67.0,12.0,13.0,91.0,58.0,39.0,16.0,19.0,58.0,44.0,51.0
FCX,Freeport-McMoRan,Materials,100.52,1.69,26.0,96.0,84.0,51.0,32.0,60.0,51.0,96.0,31.0,18.0,11.0,68.0,41.0,90.0,79.0
EQIX,Equinix,Real Estate,99.81,1.02,18.0,76.0,45.0,24.0,47.0,36.0,66.0,84.0,70.0,41.0,9.0,71.0,23.0,24.0,40.0
MCK,McKesson Corporation,Health Care,99.55,0.59,,55.0,,34.0,70.0,36.0,4.0,52.0,55.0,43.0,6.0,26.0,89.0,2.0,53.0
TT,Trane Technologies,Industrials,99.45,1.24,9.0,42.0,90.0,25.0,75.0,17.0,13.0,35.0,82.0,39.0,10.0,22.0,56.0,81.0,40.0
BNY,BNY Mellon,Financials,98.13,1.05,57.0,84.0,42.0,11.0,37.0,74.0,12.0,96.0,86.0,90.0,10.0,15.0,79.0,51.0,45.0
APP,AppLovin,Communication Services,97.38,2.33,1.0,1.0,99.0,8.0,53.0,57.0,1.0,6.0,11.0,9.0,5.0,81.0,55.0,92.0,45.0
PWR,Quanta Services,Industrials,96.55,1.56,10.0,84.0,58.0,9.0,15.0,9.0,5.0,76.0,23.0,20.0,14.0,58.0,19.0,78.0,31.0
CME,CME Group,Financials,94.01,0.69,38.0,43.0,54.0,11.0,47.0,62.0,29.0,70.0,79.0,82.0,7.0,13.0,,5.0,11.0
SO,Southern Company,Utilities,93.44,0.57,49.0,29.0,64.0,46.0,45.0,49.0,29.0,34.0,97.0,92.0,6.0,46.0,14.0,8.0,17.0
ADBE,Adobe Inc.,Information Technology,93.38,1.43,15.0,13.0,95.0,44.0,94.0,94.0,87.0,14.0,19.0,18.0,5.0,86.0,91.0,28.0,88.0
HCA,HCA Healthcare,Health Care,93.01,0.97,,31.0,,62.0,89.0,13.0,30.0,23.0,39.0,21.0,9.0,85.0,93.0,18.0,91.0
VRT,Vertiv,Industrials,92.89,2.11,3.0,92.0,89.0,7.0,28.0,55.0,1.0,78.0,11.0,23.0,8.0,68.0,23.0,98.0,66.0
MAR,Marriott International,Consumer Discretionary,92.75,1.17,,69.0,,54.0,65.0,11.0,23.0,89.0,65.0,81.0,10.0,30.0,80.0,53.0,73.0
CDNS,Cadence Design Systems,Information Technology,90.93,1.61,7.0,29.0,71.0,9.0,40.0,31.0,17.0,8.0,41.0,29.0,11.0,64.0,20.0,86.0,18.0
HWM,Howmet Aerospace,Industrials,90.47,1.35,6.0,68.0,86.0,15.0,62.0,61.0,1.0,66.0,41.0,32.0,13.0,38.0,55.0,40.0,57.0
CEG,Constellation Energy,Utilities,90.18,1.34,48.0,14.0,31.0,2.0,4.0,60.0,,17.0,43.0,21.0,10.0,29.0,4.0,76.0,1.0
JCI,Johnson Controls,Industrials,90.04,1.28,19.0,69.0,74.0,94.0,94.0,7.0,33.0,67.0,73.0,43.0,12.0,,92.0,75.0,100.0
USB,U.S. Bancorp,Financials,89.99,1.0,78.0,71.0,39.0,57.0,21.0,46.0,65.0,85.0,95.0,62.0,9.0,13.0,39.0,42.0,37.0
GD,General Dynamics,Industrials,89.78,0.86,38.0,51.0,65.0,60.0,63.0,76.0,24.0,59.0,92.0,99.0,11.0,25.0,27.0,29.0,36.0
DUK,Duke Energy,Utilities,88.7,0.54,71.0,35.0,54.0,71.0,61.0,44.0,40.0,59.0,94.0,98.0,7.0,49.0,42.0,5.0,41.0
PNC,PNC Financial Services,Financials,88.67,1.01,77.0,63.0,,36.0,13.0,58.0,50.0,70.0,97.0,75.0,10.0,,18.0,42.0,21.0
DDOG,Datadog,Information Technology,87.66,1.99,3.0,89.0,9.0,20.0,34.0,2.0,67.0,72.0,7.0,9.0,14.0,92.0,,64.0,65.0
EMR,Emerson Electric,Industrials,86.51,1.38,32.0,59.0,39.0,75.0,48.0,17.0,40.0,43.0,74.0,61.0,18.0,28.0,53.0,85.0,59.0
CSX,CSX Corporation,Industrials,86.16,0.97,20.0,80.0,83.0,63.0,77.0,62.0,49.0,95.0,79.0,91.0,7.0,50.0,51.0,30.0,86.0
LITE,Lumentum,Information Technology,86.05,2.5,2.0,100.0,6.0,3.0,0.0,9.0,22.0,99.0,1.0,3.0,9.0,23.0,2.0,93.0,6.0
HOOD,Robinhood Markets,Financials,85.67,2.31,11.0,10.0,69.0,4.0,6.0,7.0,8.0,17.0,10.0,0.0,5.0,9.0,,96.0,5.0
ICE,Intercontinental Exchange,Financials,85.29,1.03,45.0,28.0,56.0,12.0,47.0,45.0,38.0,33.0,76.0,28.0,8.0,20.0,65.0,25.0,14.0
CMCSA,Comcast,Communication Services,85.06,1.02,92.0,26.0,72.0,85.0,87.0,94.0,85.0,52.0,45.0,67.0,6.0,64.0,,26.0,85.0
HPE,Hewlett Packard Enterprise,Information Technology,84.81,1.79,39.0,97.0,8.0,19.0,3.0,1.0,19.0,92.0,10.0,2.0,17.0,47.0,26.0,95.0,23.0
MMM,3M,Industrials,84.66,1.02,3.0,51.0,99.0,96.0,62.0,42.0,54.0,45.0,77.0,60.0,9.0,5.0,75.0,62.0,86.0
BX,Blackstone Inc.,Financials,84.36,1.59,11.0,16.0,85.0,43.0,33.0,97.0,34.0,7.0,58.0,64.0,11.0,45.0,15.0,84.0,26.0
ELV,Elevance Health,Health Care,84.31,0.8,63.0,65.0,55.0,51.0,60.0,24.0,71.0,54.0,53.0,18.0,12.0,8.0,77.0,62.0,54.0
SNPS,Synopsys,Information Technology,83.35,1.59,47.0,22.0,15.0,2.0,6.0,26.0,38.0,6.0,27.0,23.0,9.0,17.0,12.0,91.0,1.0
WMB,Williams Companies,Energy,83.14,0.84,20.0,60.0,82.0,37.0,69.0,67.0,7.0,21.0,72.0,70.0,11.0,66.0,38.0,39.0,65.0
KKR,KKR & Co.,Financials,81.97,1.7,48.0,14.0,27.0,30.0,4.0,92.0,16.0,4.0,57.0,48.0,15.0,9.0,24.0,85.0,2.0
MRSH,Marsh McLennan,Financials,81.61,0.97,24.0,28.0,88.0,62.0,87.0,73.0,46.0,41.0,73.0,78.0,11.0,28.0,73.0,9.0,66.0
WM,Waste Management,Industrials,81.57,0.67,15.0,34.0,89.0,62.0,89.0,54.0,38.0,54.0,86.0,73.0,8.0,77.0,51.0,10.0,82.0
MNST,Monster Beverage,Consumer Staples,81.53,0.84,12.0,77.0,78.0,10.0,92.0,70.0,41.0,86.0,74.0,81.0,11.0,,32.0,15.0,21.0
BE,Bloom Energy,Industrials,81.25,2.72,0.0,99.0,27.0,2.0,0.0,1.0,4.0,89.0,0.0,3.0,12.0,,2.0,100.0,13.0
REGN,Regeneron Pharmaceuticals,Health Care,79.15,0.9,51.0,81.0,39.0,36.0,92.0,46.0,73.0,68.0,56.0,42.0,10.0,22.0,,8.0,50.0
MCO,Moody's Corporation,Financials,78.66,1.31,3.0,40.0,98.0,84.0,90.0,73.0,46.0,38.0,72.0,53.0,13.0,40.0,76.0,37.0,90.0
SHW,Sherwin-Williams,Materials,78.49,1.08,5.0,32.0,93.0,42.0,72.0,42.0,52.0,21.0,62.0,58.0,8.0,44.0,71.0,40.0,70.0
CTAS,Cintas,Industrials,78.05,1.04,6.0,32.0,92.0,41.0,91.0,36.0,17.0,33.0,62.0,51.0,12.0,35.0,52.0,55.0,51.0
ECL,Ecolab,Materials,76.96,1.01,16.0,39.0,77.0,27.0,86.0,33.0,48.0,27.0,85.0,68.0,12.0,46.0,57.0,32.0,46.0
MRNA,Moderna,Health Care,76.84,2.01,10.0,100.0,2.0,94.0,2.0,1.0,100.0,93.0,0.0,2.0,31.0,81.0,13.0,81.0,73.0
AMT,American Tower,Real Estate,76.27,0.79,3.0,25.0,98.0,67.0,64.0,50.0,80.0,38.0,75.0,55.0,10.0,,49.0,15.0,39.0
ROST,Ross Stores,Consumer Discretionary,74.56,1.03,9.0,85.0,89.0,36.0,95.0,15.0,44.0,99.0,77.0,68.0,8.0,67.0,70.0,32.0,93.0
TRV,Travelers Companies (The),Financials,74.37,0.71,54.0,73.0,63.0,53.0,88.0,29.0,22.0,96.0,65.0,71.0,8.0,40.0,92.0,3.0,90.0
MSI,Motorola Solutions,Information Technology,73.81,1.06,2.0,43.0,98.0,10.0,81.0,62.0,21.0,33.0,70.0,84.0,10.0,47.0,51.0,28.0,48.0
MDLZ,Mondelez International,Consumer Staples,73.8,0.62,45.0,36.0,47.0,60.0,70.0,51.0,58.0,44.0,76.0,89.0,9.0,39.0,59.0,10.0,40.0
INTU,Intuit,Information Technology,73.68,1.67,37.0,2.0,73.0,40.0,93.0,98.0,49.0,3.0,21.0,17.0,6.0,68.0,81.0,22.0,59.0
ITW,Illinois Tool Works,Industrials,73.27,1.04,3.0,43.0,98.0,50.0,93.0,51.0,47.0,40.0,82.0,96.0,13.0,,69.0,37.0,62.0
SLB,Schlumberger,Energy,72.3,0.99,47.0,91.0,44.0,28.0,33.0,95.0,44.0,68.0,35.0,71.0,10.0,67.0,5.0,83.0,49.0
EOG,EOG Resources,Energy,72.26,0.77,54.0,72.0,65.0,23.0,99.0,45.0,24.0,37.0,51.0,41.0,13.0,85.0,80.0,13.0,87.0
CI,Cigna,Health Care,71.83,0.75,69.0,30.0,68.0,68.0,56.0,25.0,37.0,24.0,61.0,44.0,13.0,32.0,55.0,40.0,46.0
HLT,Hilton Worldwide,Consumer Discretionary,71.8,1.11,,61.0,,65.0,79.0,20.0,19.0,84.0,77.0,77.0,9.0,54.0,82.0,45.0,87.0
TGT,Target Corporation,Consumer Staples,71.18,1.0,31.0,94.0,81.0,59.0,67.0,31.0,93.0,99.0,63.0,44.0,10.0,62.0,43.0,64.0,90.0
CMI,Cummins,Industrials,71.11,1.44,23.0,76.0,82.0,47.0,49.0,66.0,18.0,67.0,71.0,56.0,14.0,,43.0,85.0,65.0
RCL,Royal Caribbean Group,Consumer Discretionary,71.1,1.67,17.0,15.0,91.0,27.0,56.0,24.0,4.0,24.0,37.0,8.0,14.0,64.0,61.0,77.0,56.0
ORLY,O'Reilly Automotive,Consumer Discretionary,69.71,0.79,,14.0,,30.0,81.0,38.0,10.0,36.0,57.0,40.0,8.0,23.0,80.0,4.0,16.0
NSC,Norfolk Southern,Industrials,69.4,0.92,31.0,55.0,78.0,60.0,74.0,72.0,45.0,62.0,84.0,87.0,11.0,43.0,42.0,30.0,64.0
UPS,United Parcel Service,Industrials,68.72,1.12,31.0,71.0,91.0,52.0,67.0,75.0,88.0,76.0,61.0,72.0,9.0,53.0,,58.0,89.0
NOC,Northrop Grumman,Industrials,68.68,0.55,34.0,23.0,76.0,60.0,76.0,75.0,25.0,37.0,69.0,86.0,12.0,22.0,53.0,18.0,43.0
ABNB,Airbnb,Consumer Discretionary,68.22,1.39,12.0,84.0,83.0,42.0,53.0,82.0,81.0,94.0,20.0,32.0,11.0,80.0,,76.0,96.0
CL,Colgate-Palmolive,Consumer Staples,68.01,0.58,0.0,52.0,100.0,77.0,92.0,45.0,57.0,75.0,85.0,94.0,10.0,91.0,59.0,4.0,97.0
DASH,DoorDash,Consumer Discretionary,67.61,1.69,19.0,17.0,25.0,6.0,45.0,97.0,50.0,32.0,30.0,21.0,11.0,79.0,,91.0,15.0
GM,General Motors,Consumer Discretionary,67.53,1.33,88.0,80.0,18.0,78.0,57.0,75.0,51.0,93.0,53.0,55.0,11.0,83.0,94.0,80.0,95.0
FDX,FedEx,Industrials,67.45,1.03,58.0,91.0,57.0,25.0,73.0,82.0,60.0,99.0,78.0,64.0,10.0,84.0,99.0,65.0,82.0
KMI,Kinder Morgan,Energy,67.08,0.79,58.0,57.0,51.0,72.0,69.0,54.0,15.0,18.0,85.0,80.0,13.0,51.0,39.0,22.0,57.0
HON,Honeywell Technologies,Industrials,66.85,1.11,27.0,40.0,94.0,82.0,83.0,26.0,63.0,37.0,68.0,60.0,5.0,31.0,100.0,64.0,92.0
APO,Apollo Global Management,Financials,66.85,1.56,39.0,33.0,57.0,17.0,8.0,89.0,11.0,25.0,64.0,85.0,15.0,20.0,25.0,66.0,11.0
MPWR,Monolithic Power Systems,Information Technology,66.21,2.08,5.0,81.0,63.0,16.0,35.0,8.0,26.0,46.0,17.0,6.0,14.0,61.0,13.0,97.0,43.0
SPG,Simon Property Group,Real Estate,65.0,0.95,8.0,57.0,94.0,14.0,86.0,41.0,28.0,70.0,94.0,95.0,14.0,,,25.0,
AEP,American Electric Power,Utilities,64.55,0.6,61.0,53.0,56.0,25.0,33.0,34.0,37.0,85.0,94.0,97.0,7.0,,16.0,13.0,9.0
RSG,Republic Services,Industrials,64.26,0.71,25.0,30.0,78.0,54.0,96.0,45.0,22.0,46.0,90.0,91.0,13.0,71.0,65.0,11.0,73.0
BSX,Boston Scientific,Health Care,63.26,1.24,52.0,2.0,48.0,31.0,86.0,71.0,16.0,0.0,41.0,22.0,6.0,,68.0,6.0,11.0
URI,United Rentals,Industrials,62.78,1.6,18.0,47.0,89.0,43.0,73.0,37.0,8.0,47.0,40.0,64.0,14.0,84.0,72.0,71.0,88.0
TER,Teradyne,Information Technology,62.69,2.43,4.0,99.0,65.0,17.0,55.0,3.0,57.0,92.0,4.0,17.0,16.0,37.0,64.0,95.0,72.0
KEYS,Keysight Technologies,Information Technology,61.98,1.72,11.0,93.0,48.0,28.0,54.0,4.0,66.0,83.0,42.0,33.0,23.0,60.0,54.0,87.0,75.0
APD,Air Products,Materials,61.96,0.94,34.0,56.0,6.0,41.0,36.0,74.0,56.0,57.0,87.0,51.0,13.0,,40.0,29.0,16.0
DLR,Digital Realty,Real Estate,61.25,1.05,49.0,47.0,14.0,37.0,19.0,43.0,52.0,48.0,53.0,68.0,16.0,31.0,13.0,55.0,8.0
TEL,TE Connectivity,Information Technology,61.11,1.57,29.0,27.0,74.0,37.0,81.0,13.0,31.0,7.0,68.0,40.0,16.0,84.0,66.0,90.0,63.0
MET,MetLife,Financials,60.05,1.05,57.0,59.0,70.0,38.0,43.0,26.0,36.0,55.0,84.0,53.0,18.0,27.0,83.0,53.0,55.0
NXPI,NXP Semiconductors,Information Technology,59.9,1.83,24.0,34.0,78.0,39.0,35.0,9.0,58.0,19.0,42.0,26.0,11.0,39.0,40.0,97.0,34.0
TDG,TransDigm Group,Industrials,59.84,1.18,,22.0,,20.0,42.0,60.0,12.0,19.0,77.0,72.0,13.0,11.0,65.0,42.0,7.0
AON,Aon plc,Financials,58.71,0.88,22.0,22.0,89.0,64.0,68.0,86.0,52.0,31.0,51.0,53.0,12.0,10.0,62.0,7.0,50.0
GWW,W. W. Grainger,Industrials,58.68,0.94,7.0,78.0,94.0,34.0,95.0,44.0,12.0,89.0,79.0,72.0,15.0,43.0,61.0,60.0,82.0
AJG,Arthur J. Gallagher & Co.,Financials,58.46,0.93,52.0,18.0,22.0,48.0,31.0,83.0,18.0,27.0,48.0,18.0,17.0,18.0,43.0,12.0,9.0
FIX,Comfort Systems USA,Industrials,58.22,1.78,4.0,94.0,26.0,5.0,41.0,7.0,0.0,86.0,16.0,12.0,20.0,32.0,45.0,91.0,61.0
TRGP,Targa Resources,Energy,57.96,0.99,4.0,92.0,97.0,17.0,79.0,63.0,4.0,85.0,56.0,63.0,22.0,77.0,49.0,30.0,89.0
PCAR,Paccar,Industrials,57.8,1.04,44.0,68.0,41.0,67.0,57.0,79.0,15.0,71.0,76.0,78.0,17.0,59.0,35.0,70.0,68.0
COR,Cencora,Health Care,57.3,0.66,5.0,40.0,95.0,22.0,59.0,58.0,9.0,38.0,66.0,63.0,12.0,38.0,61.0,12.0,53.0
FAST,Fastenal,Industrials,56.84,1.02,7.0,37.0,88.0,42.0,91.0,20.0,20.0,35.0,80.0,58.0,17.0,19.0,42.0,55.0,36.0
AME,Ametek,Industrials,56.79,1.13,26.0,67.0,58.0,34.0,79.0,10.0,39.0,75.0,89.0,45.0,18.0,28.0,52.0,52.0,43.0
TFC,Truist Financial,Financials,56.56,1.05,94.0,49.0,,63.0,38.0,55.0,64.0,39.0,87.0,56.0,13.0,,86.0,47.0,88.0
COHR,Coherent Corp.,Information Technology,56.36,2.7,25.0,98.0,11.0,16.0,1.0,12.0,27.0,88.0,1.0,9.0,15.0,44.0,2.0,95.0,14.0
ALL,Allstate,Financials,56.35,0.74,67.0,65.0,82.0,39.0,86.0,86.0,26.0,86.0,60.0,80.0,16.0,12.0,79.0,1.0,70.0
AFL,Aflac,Financials,56.14,0.76,64.0,41.0,41.0,86.0,78.0,36.0,13.0,55.0,95.0,89.0,16.0,8.0,89.0,3.0,67.0
GRMN,Garmin,Consumer Discretionary,55.33,1.26,22.0,56.0,64.0,27.0,57.0,18.0,34.0,69.0,26.0,29.0,26.0,10.0,36.0,59.0,22.0
OXY,Occidental Petroleum,Energy,55.3,0.85,76.0,67.0,,90.0,73.0,60.0,23.0,36.0,50.0,55.0,13.0,,17.0,33.0,72.0
CRH,CRH plc,Materials,55.14,1.37,53.0,15.0,72.0,27.0,58.0,81.0,10.0,2.0,68.0,65.0,14.0,42.0,56.0,81.0,25.0
DAL,Delta Air Lines,Industrials,54.89,1.46,48.0,76.0,78.0,35.0,31.0,8.0,43.0,60.0,75.0,39.0,15.0,52.0,25.0,83.0,62.0
BKR,Baker Hughes,Energy,54.5,0.97,46.0,68.0,46.0,9.0,33.0,85.0,13.0,21.0,56.0,88.0,15.0,33.0,25.0,72.0,20.0
OKE,Oneok,Energy,53.75,0.99,53.0,77.0,75.0,45.0,69.0,78.0,31.0,44.0,72.0,72.0,19.0,42.0,39.0,16.0,61.0
D,Dominion Energy,Utilities,53.2,0.64,66.0,48.0,51.0,24.0,34.0,59.0,66.0,73.0,98.0,95.0,12.0,29.0,12.0,12.0,9.0
NUE,Nucor,Materials,53.03,1.2,51.0,93.0,28.0,62.0,61.0,52.0,39.0,98.0,45.0,23.0,23.0,54.0,57.0,78.0,78.0
CTVA,Corteva,Materials,51.81,0.89,58.0,66.0,17.0,70.0,73.0,64.0,30.0,74.0,44.0,34.0,18.0,65.0,65.0,30.0,72.0
CAH,Cardinal Health,Health Care,51.75,0.77,,86.0,,19.0,50.0,46.0,6.0,86.0,80.0,61.0,12.0,23.0,71.0,1.0,49.0
NDAQ,"Nasdaq, Inc.",Financials,51.71,1.17,32.0,49.0,62.0,95.0,76.0,53.0,41.0,51.0,75.0,48.0,18.0,26.0,67.0,61.0,77.0
FANG,Diamondback Energy,Energy,51.57,0.88,76.0,81.0,15.0,76.0,91.0,65.0,19.0,52.0,43.0,55.0,19.0,88.0,77.0,40.0,92.0
O,Realty Income,Real Estate,51.38,0.68,80.0,41.0,14.0,42.0,37.0,77.0,59.0,62.0,96.0,99.0,9.0,51.0,11.0,14.0,11.0
SRE,Sempra,Utilities,50.93,0.8,72.0,24.0,20.0,22.0,37.0,38.0,36.0,10.0,78.0,48.0,14.0,33.0,37.0,37.0,6.0
CIEN,Ciena,Information Technology,49.89,2.11,5.0,99.0,24.0,43.0,19.0,64.0,8.0,92.0,5.0,12.0,19.0,89.0,28.0,89.0,68.0
EW,Edwards Lifesciences,Health Care,49.77,0.95,28.0,56.0,41.0,64.0,91.0,44.0,85.0,33.0,74.0,31.0,15.0,51.0,65.0,58.0,69.0
PSA,Public Storage,Real Estate,49.67,0.88,25.0,45.0,62.0,71.0,86.0,57.0,60.0,53.0,82.0,75.0,18.0,76.0,39.0,34.0,80.0
COIN,Coinbase,Financials,49.17,2.25,36.0,3.0,36.0,9.0,10.0,25.0,45.0,5.0,5.0,2.0,6.0,50.0,10.0,98.0,3.0
BDX,Becton Dickinson,Health Care,48.76,0.78,61.0,72.0,36.0,92.0,86.0,41.0,78.0,59.0,65.0,55.0,15.0,,100.0,41.0,97.0
A,Agilent Technologies,Health Care,48.58,1.26,19.0,66.0,66.0,41.0,72.0,4.0,80.0,36.0,62.0,25.0,21.0,28.0,49.0,63.0,53.0
WAB,Wabtec,Industrials,48.56,1.16,31.0,82.0,55.0,15.0,54.0,20.0,13.0,92.0,63.0,71.0,24.0,34.0,55.0,66.0,39.0
ROK,Rockwell Automation,Industrials,48.34,1.29,8.0,65.0,91.0,63.0,65.0,15.0,52.0,55.0,64.0,71.0,19.0,69.0,58.0,81.0,91.0
STT,State Street Corporation,Financials,47.96,1.16,68.0,90.0,36.0,50.0,34.0,67.0,33.0,99.0,87.0,76.0,20.0,31.0,79.0,74.0,76.0
EBAY,eBay Inc.,Consumer Discretionary,47.19,1.22,10.0,53.0,92.0,90.0,67.0,15.0,46.0,73.0,48.0,42.0,16.0,10.0,75.0,56.0,85.0
F,Ford Motor Company,Consumer Discretionary,47.14,1.39,82.0,61.0,3.0,79.0,17.0,85.0,54.0,74.0,55.0,47.0,9.0,,,66.0,
VST,Vistra Corp.,Utilities,46.48,1.36,14.0,7.0,84.0,38.0,32.0,19.0,0.0,6.0,34.0,34.0,13.0,78.0,54.0,80.0,46.0
VEEV,Veeva Systems,Health Care,46.22,1.28,21.0,30.0,43.0,18.0,84.0,22.0,66.0,27.0,22.0,37.0,21.0,66.0,58.0,69.0,35.0
AZO,AutoZone,Consumer Discretionary,46.2,0.86,,7.0,,26.0,75.0,47.0,11.0,18.0,57.0,45.0,9.0,39.0,70.0,6.0,15.0
FITB,Fifth Third Bancorp,Financials,45.85,1.11,79.0,63.0,26.0,7.0,6.0,46.0,46.0,63.0,91.0,60.0,15.0,19.0,1.0,46.0,4.0
HUM,Humana,Health Care,45.82,0.85,52.0,85.0,50.0,37.0,21.0,23.0,84.0,74.0,48.0,24.0,21.0,9.0,44.0,46.0,24.0
ETR,Entergy,Utilities,45.44,0.71,49.0,55.0,60.0,23.0,32.0,55.0,19.0,78.0,93.0,84.0,16.0,,13.0,19.0,8.0
PYPL,PayPal,Financials,45.28,1.56,56.0,9.0,80.0,80.0,58.0,22.0,98.0,13.0,16.0,24.0,8.0,24.0,97.0,85.0,75.0
CARR,Carrier Global,Industrials,45.22,1.41,40.0,32.0,53.0,66.0,52.0,49.0,55.0,26.0,67.0,57.0,18.0,37.0,75.0,89.0,55.0
TWLO,Twilio,Information Technology,44.91,1.7,23.0,97.0,12.0,84.0,27.0,1.0,97.0,89.0,5.0,4.0,27.0,87.0,39.0,65.0,86.0
IQV,IQVIA,Health Care,44.25,1.43,17.0,81.0,84.0,36.0,54.0,13.0,82.0,61.0,30.0,52.0,22.0,56.0,75.0,68.0,87.0
NKE,"Nike, Inc.",Consumer Discretionary,44.11,1.2,44.0,3.0,66.0,51.0,57.0,65.0,91.0,2.0,61.0,82.0,6.0,9.0,,64.0,14.0
LHX,L3Harris,Industrials,44.08,0.8,56.0,22.0,37.0,75.0,60.0,76.0,41.0,27.0,59.0,91.0,15.0,48.0,48.0,32.0,35.0
XEL,Xcel Energy,Utilities,44.01,0.62,65.0,28.0,37.0,19.0,29.0,52.0,42.0,24.0,92.0,80.0,10.0,33.0,8.0,16.0,4.0
ADSK,Autodesk,Information Technology,43.68,1.49,8.0,12.0,91.0,25.0,74.0,95.0,60.0,8.0,21.0,7.0,16.0,89.0,65.0,38.0,69.0
VTR,Ventas,Real Estate,43.61,0.78,40.0,75.0,,44.0,31.0,52.0,43.0,97.0,74.0,95.0,17.0,,4.0,3.0,24.0
P,Everpure,Information Technology,43.58,2.07,2.0,49.0,28.0,13.0,21.0,0.0,7.0,34.0,8.0,2.0,40.0,94.0,18.0,98.0,37.0
AMP,Ameriprise Financial,Financials,43.49,1.25,18.0,49.0,93.0,60.0,60.0,77.0,19.0,39.0,79.0,66.0,19.0,34.0,89.0,54.0,87.0
WAT,Waters Corporation,Health Care,43.16,1.15,46.0,81.0,19.0,0.0,16.0,9.0,80.0,62.0,75.0,59.0,22.0,12.0,0.0,53.0,3.0
FERG,Ferguson Enterprises,Industrials,43.07,1.17,17.0,35.0,90.0,60.0,60.0,25.0,29.0,21.0,69.0,68.0,19.0,16.0,59.0,71.0,55.0
XYZ,"Block, Inc.",Financials,42.65,1.81,62.0,43.0,27.0,32.0,24.0,75.0,97.0,34.0,52.0,15.0,22.0,42.0,,94.0,15.0
MCHP,Microchip Technology,Information Technology,42.23,1.93,19.0,57.0,27.0,92.0,11.0,9.0,74.0,28.0,27.0,18.0,14.0,63.0,26.0,97.0,55.0
EXC,Exelon,Utilities,41.33,0.62,77.0,35.0,58.0,41.0,30.0,55.0,41.0,54.0,89.0,94.0,12.0,,18.0,4.0,9.0
ILMN,"Illumina, Inc.",Health Care,41.33,1.48,6.0,98.0,80.0,45.0,69.0,1.0,99.0,96.0,23.0,9.0,31.0,46.0,64.0,41.0,91.0
KDP,Keurig Dr Pepper,Consumer Staples,41.29,0.67,71.0,68.0,48.0,8.0,36.0,40.0,75.0,84.0,60.0,41.0,16.0,11.0,37.0,16.0,10.0
NTAP,NetApp,Information Technology,41.26,1.52,2.0,88.0,98.0,79.0,58.0,3.0,41.0,70.0,31.0,5.0,25.0,77.0,62.0,91.0,99.0
IDXX,Idexx Laboratories,Health Care,41.19,1.26,3.0,19.0,96.0,50.0,87.0,52.0,69.0,2.0,60.0,80.0,20.0,47.0,62.0,63.0,64.0
WDAY,"Workday, Inc.",Information Technology,41.1,1.59,21.0,12.0,37.0,92.0,66.0,37.0,71.0,22.0,8.0,14.0,17.0,93.0,,39.0,79.0
CVNA,Carvana,Consumer Discretionary,40.65,1.84,10.0,24.0,91.0,5.0,19.0,88.0,52.0,39.0,14.0,19.0,16.0,5.0,,95.0,9.0
FLEX,Flex Ltd.,Information Technology,40.63,2.17,15.0,94.0,77.0,16.0,30.0,20.0,3.0,76.0,17.0,9.0,32.0,48.0,64.0,94.0,74.0
CMG,Chipotle Mexican Grill,Consumer Discretionary,40.43,1.36,5.0,27.0,96.0,85.0,82.0,91.0,64.0,48.0,17.0,58.0,13.0,73.0,87.0,46.0,96.0
LYV,Live Nation Entertainment,Communication Services,39.89,1.24,,44.0,,17.0,19.0,50.0,24.0,61.0,74.0,92.0,16.0,45.0,28.0,47.0,12.0
PRU,Prudential Financial,Financials,39.19,1.08,84.0,59.0,38.0,58.0,30.0,36.0,50.0,58.0,89.0,56.0,23.0,17.0,66.0,46.0,49.0
MSCI,MSCI,Financials,39.16,1.26,,35.0,,57.0,89.0,48.0,70.0,41.0,54.0,63.0,17.0,75.0,89.0,40.0,85.0
AIG,American International Group,Financials,39.05,0.96,92.0,32.0,27.0,77.0,66.0,28.0,34.0,37.0,84.0,42.0,15.0,14.0,89.0,23.0,47.0
TTWO,Take-Two Interactive,Communication Services,38.8,1.06,9.0,16.0,7.0,65.0,17.0,48.0,26.0,27.0,45.0,42.0,14.0,86.0,17.0,38.0,18.0
DHI,D. R. Horton,Consumer Discretionary,38.36,1.15,71.0,18.0,52.0,78.0,88.0,48.0,20.0,31.0,59.0,41.0,19.0,9.0,89.0,54.0,54.0
ADM,Archer Daniels Midland,Consumer Staples,38.26,0.7,70.0,78.0,18.0,55.0,58.0,30.0,58.0,86.0,64.0,32.0,24.0,79.0,33.0,39.0,61.0
ED,Consolidated Edison,Utilities,37.67,0.49,74.0,47.0,39.0,48.0,39.0,42.0,35.0,95.0,97.0,87.0,19.0,72.0,14.0,2.0,19.0
SYY,Sysco,Consumer Staples,37.35,0.89,6.0,36.0,98.0,45.0,63.0,38.0,56.0,35.0,86.0,73.0,17.0,33.0,37.0,10.0,48.0
CBRE,CBRE Group,Real Estate,37.24,1.31,31.0,23.0,65.0,22.0,41.0,80.0,31.0,17.0,51.0,24.0,24.0,23.0,71.0,40.0,21.0
YUM,Yum! Brands,Consumer Discretionary,37.21,0.9,,35.0,,14.0,82.0,76.0,47.0,69.0,59.0,35.0,17.0,66.0,63.0,12.0,31.0
IBKR,Interactive Brokers,Financials,36.62,1.44,20.0,80.0,,7.0,10.0,81.0,3.0,63.0,53.0,28.0,24.0,,,89.0,
ODFL,Old Dominion,Industrials,36.07,1.32,14.0,80.0,81.0,60.0,92.0,84.0,67.0,77.0,57.0,76.0,21.0,70.0,60.0,68.0,94.0
UAL,United Airlines Holdings,Industrials,36.01,1.6,55.0,44.0,79.0,44.0,31.0,14.0,17.0,29.0,64.0,19.0,19.0,71.0,35.0,88.0,63.0
OKTA,"Okta, Inc.",Information Technology,35.07,1.78,26.0,93.0,13.0,77.0,27.0,2.0,95.0,81.0,3.0,2.0,30.0,75.0,,79.0,88.0
PAYX,Paychex,Industrials,35.06,1.12,12.0,37.0,95.0,84.0,79.0,98.0,48.0,48.0,44.0,68.0,18.0,62.0,56.0,20.0,89.0
KR,Kroger,Consumer Staples,34.62,0.44,25.0,20.0,79.0,90.0,97.0,17.0,26.0,37.0,63.0,30.0,15.0,91.0,97.0,2.0,96.0
ROP,Roper Technologies,Information Technology,34.56,1.1,66.0,17.0,40.0,32.0,88.0,93.0,60.0,11.0,47.0,87.0,14.0,39.0,94.0,19.0,31.0
AXON,Axon Enterprise,Industrials,34.32,1.74,11.0,12.0,8.0,20.0,2.0,98.0,4.0,29.0,7.0,13.0,23.0,22.0,11.0,66.0,1.0
KVUE,Kenvue,Consumer Staples,33.91,0.59,41.0,61.0,71.0,64.0,68.0,47.0,,72.0,84.0,77.0,11.0,36.0,40.0,6.0,57.0
PEG,Public Service Enterprise Group,Utilities,33.56,0.74,62.0,22.0,57.0,55.0,59.0,58.0,36.0,3.0,98.0,90.0,20.0,29.0,44.0,19.0,24.0
EME,Emcor,Industrials,33.38,1.49,13.0,52.0,89.0,18.0,46.0,14.0,2.0,44.0,22.0,28.0,26.0,16.0,57.0,84.0,39.0
BIIB,Biogen,Health Care,33.37,0.94,67.0,87.0,24.0,50.0,43.0,11.0,91.0,81.0,42.0,49.0,27.0,41.0,23.0,20.0,39.0
HIG,Hartford (The),Financials,33.14,0.81,68.0,40.0,64.0,52.0,84.0,75.0,18.0,50.0,85.0,76.0,21.0,33.0,77.0,2.0,67.0
IRM,Iron Mountain,Real Estate,33.03,1.21,,57.0,,29.0,10.0,34.0,10.0,52.0,69.0,56.0,32.0,,23.0,79.0,15.0
CCL,Carnival Corporation,Consumer Discretionary,33.0,1.75,50.0,14.0,84.0,66.0,16.0,14.0,51.0,15.0,31.0,1.0,15.0,73.0,3.0,92.0,39.0
WEC,WEC Energy Group,Utilities,32.84,0.59,56.0,28.0,52.0,41.0,40.0,45.0,42.0,21.0,94.0,93.0,17.0,,19.0,10.0,6.0
MTD,Mettler Toledo,Health Care,32.76,1.29,,57.0,,24.0,51.0,7.0,79.0,26.0,68.0,29.0,26.0,32.0,42.0,66.0,19.0
DXCM,Dexcom,Health Care,32.57,1.14,9.0,76.0,81.0,82.0,89.0,46.0,91.0,58.0,32.0,75.0,21.0,84.0,78.0,51.0,99.0
KMB,Kimberly-Clark,Consumer Staples,32.41,0.63,5.0,22.0,98.0,49.0,74.0,66.0,62.0,25.0,72.0,75.0,11.0,56.0,36.0,2.0,57.0
HSY,Hershey Company (The),Consumer Staples,31.97,0.55,18.0,31.0,81.0,80.0,85.0,75.0,56.0,40.0,80.0,94.0,18.0,87.0,35.0,16.0,81.0
RMD,ResMed|,Health Care,31.89,0.96,27.0,21.0,76.0,20.0,94.0,62.0,67.0,4.0,44.0,54.0,21.0,52.0,60.0,34.0,38.0
STLD,Steel Dynamics,Materials,31.83,1.28,38.0,91.0,55.0,51.0,63.0,42.0,11.0,91.0,42.0,15.0,29.0,25.0,73.0,85.0,76.0
VMC,Vulcan Materials Company,Materials,31.66,1.18,36.0,21.0,62.0,77.0,80.0,69.0,26.0,10.0,67.0,71.0,20.0,56.0,66.0,58.0,65.0
ACGL,Arch Capital Group,Financials,31.52,0.72,81.0,44.0,59.0,37.0,96.0,49.0,12.0,68.0,83.0,79.0,22.0,30.0,95.0,1.0,67.0
MTB,M&T Bank,Financials,31.42,0.9,87.0,61.0,34.0,65.0,56.0,53.0,32.0,65.0,91.0,79.0,21.0,13.0,93.0,43.0,66.0
NTRS,Northern Trust,Financials,30.99,1.14,53.0,79.0,46.0,47.0,43.0,65.0,43.0,85.0,87.0,80.0,29.0,30.0,82.0,57.0,76.0
HBAN,Huntington Bancshares,Financials,30.83,1.1,92.0,31.0,24.0,8.0,4.0,61.0,42.0,14.0,84.0,56.0,13.0,13.0,1.0,51.0,1.0
CNC,Centene Corporation,Health Care,30.69,0.82,76.0,92.0,2.0,92.0,21.0,36.0,88.0,89.0,45.0,25.0,28.0,94.0,27.0,74.0,81.0
EQT,EQT Corporation,Energy,30.38,0.92,84.0,34.0,45.0,51.0,76.0,75.0,7.0,6.0,61.0,60.0,15.0,78.0,35.0,34.0,39.0
RJF,Raymond James Financial,Financials,30.36,1.13,52.0,36.0,56.0,30.0,53.0,78.0,17.0,23.0,86.0,53.0,25.0,17.0,80.0,44.0,38.0
EXPE,Expedia Group,Consumer Discretionary,30.15,1.62,1.0,82.0,99.0,70.0,65.0,92.0,44.0,83.0,26.0,63.0,20.0,86.0,78.0,83.0,99.0
JBL,Jabil,Information Technology,30.07,1.71,3.0,80.0,96.0,11.0,35.0,51.0,5.0,51.0,22.0,20.0,28.0,54.0,69.0,89.0,81.0
ON,ON Semiconductor,Information Technology,29.92,2.17,33.0,84.0,11.0,94.0,58.0,12.0,64.0,57.0,22.0,5.0,19.0,92.0,86.0,99.0,97.0
GEHC,GE HealthCare,Health Care,29.53,1.22,47.0,30.0,76.0,31.0,55.0,64.0,,9.0,33.0,70.0,23.0,,56.0,26.0,42.0
IR,Ingersoll Rand,Industrials,29.14,1.41,45.0,24.0,38.0,79.0,59.0,31.0,35.0,8.0,61.0,47.0,24.0,55.0,70.0,64.0,52.0
ZTS,Zoetis,Health Care,28.92,1.14,12.0,3.0,96.0,40.0,88.0,70.0,80.0,0.0,54.0,73.0,12.0,24.0,91.0,56.0,53.0
MLM,Martin Marietta Materials,Materials,28.81,1.2,50.0,15.0,44.0,21.0,60.0,59.0,25.0,4.0,64.0,65.0,20.0,41.0,48.0,59.0,12.0
CBOE,Cboe Global Markets,Financials,28.78,0.64,25.0,63.0,77.0,11.0,85.0,65.0,18.0,82.0,38.0,20.0,24.0,68.0,43.0,4.0,58.0
DVN,Devon Energy,Energy,28.59,0.94,65.0,78.0,57.0,50.0,97.0,42.0,42.0,50.0,47.0,34.0,17.0,91.0,68.0,27.0,94.0
CCI,Crown Castle,Real Estate,28.39,0.87,,13.0,,81.0,63.0,78.0,85.0,19.0,64.0,63.0,21.0,82.0,66.0,32.0,78.0
HPQ,HP Inc.,Information Technology,28.21,1.53,,54.0,,30.0,37.0,10.0,60.0,41.0,17.0,6.0,23.0,37.0,77.0,62.0,47.0
TDY,Teledyne Technologies,Information Technology,28.13,1.15,49.0,40.0,37.0,61.0,70.0,25.0,46.0,15.0,94.0,92.0,26.0,28.0,56.0,67.0,32.0
EXR,Extra Space Storage,Real Estate,27.78,0.9,59.0,37.0,36.0,74.0,63.0,49.0,70.0,34.0,86.0,79.0,27.0,40.0,48.0,35.0,38.0
AEE,Ameren,Utilities,27.51,0.64,61.0,39.0,51.0,35.0,39.0,48.0,44.0,57.0,97.0,97.0,21.0,,14.0,9.0,6.0
SMCI,Supermicro,Information Technology,26.98,2.09,38.0,13.0,56.0,1.0,5.0,5.0,0.0,27.0,3.0,4.0,13.0,35.0,5.0,100.0,2.0
PCG,PG&E Corporation,Utilities,26.98,0.98,95.0,20.0,49.0,52.0,17.0,58.0,37.0,24.0,13.0,15.0,17.0,70.0,36.0,22.0,18.0
KHC,Kraft Heinz,Consumer Staples,26.95,0.55,97.0,39.0,4.0,94.0,50.0,73.0,74.0,49.0,63.0,80.0,17.0,91.0,37.0,7.0,59.0
CFG,Citizens Financial Group,Financials,26.95,1.13,90.0,72.0,24.0,58.0,24.0,59.0,39.0,75.0,81.0,66.0,20.0,14.0,69.0,63.0,45.0
WSM,"Williams-Sonoma, Inc.",Consumer Discretionary,26.85,1.22,7.0,60.0,95.0,83.0,87.0,23.0,16.0,74.0,73.0,65.0,29.0,57.0,76.0,72.0,97.0
WTW,Willis Towers Watson,Financials,26.77,0.89,39.0,33.0,78.0,48.0,80.0,88.0,35.0,50.0,59.0,61.0,26.0,18.0,84.0,12.0,55.0
FTI,TechnipFMC,Energy,26.68,1.01,15.0,95.0,88.0,71.0,94.0,84.0,2.0,88.0,48.0,54.0,28.0,80.0,83.0,46.0,99.0
HAL,Halliburton,Energy,26.49,0.98,52.0,84.0,66.0,77.0,85.0,85.0,45.0,51.0,50.0,58.0,20.0,72.0,69.0,76.0,94.0
ATO,Atmos Energy,Utilities,26.44,0.64,67.0,33.0,35.0,26.0,44.0,50.0,18.0,39.0,98.0,97.0,20.0,38.0,8.0,7.0,6.0
ROIV,Roivant Sciences,Health Care,26.43,0.96,22.0,98.0,4.0,51.0,7.0,10.0,38.0,97.0,17.0,0.0,36.0,2.0,7.0,29.0,11.0
DG,Dollar General,Consumer Staples,26.38,0.63,44.0,66.0,74.0,64.0,48.0,49.0,90.0,73.0,45.0,38.0,21.0,73.0,35.0,22.0,81.0
WST,West Pharmaceutical Services,Health Care,26.1,1.0,13.0,71.0,63.0,24.0,97.0,6.0,86.0,54.0,71.0,57.0,26.0,71.0,67.0,29.0,78.0
CTSH,Cognizant,Information Technology,25.96,1.34,69.0,30.0,70.0,62.0,97.0,77.0,68.0,28.0,20.0,10.0,19.0,42.0,93.0,47.0,73.0
NVT,nVent Electric plc,Industrials,25.96,1.76,19.0,87.0,55.0,58.0,21.0,8.0,6.0,78.0,24.0,24.0,30.0,4.0,27.0,92.0,49.0
ATI,ATI Inc.,Industrials,25.79,1.36,7.0,98.0,85.0,72.0,48.0,58.0,2.0,100.0,30.0,25.0,32.0,53.0,57.0,81.0,95.0
AWK,American Water Works,Utilities,25.73,0.68,54.0,38.0,57.0,44.0,40.0,53.0,75.0,72.0,81.0,88.0,21.0,36.0,15.0,4.0,15.0
DGX,Quest Diagnostics,Health Care,25.72,0.69,38.0,70.0,67.0,48.0,88.0,34.0,46.0,69.0,69.0,35.0,23.0,65.0,58.0,4.0,77.0
CPAY,Corpay,Financials,25.51,1.4,17.0,76.0,93.0,6.0,64.0,39.0,57.0,72.0,71.0,54.0,32.0,25.0,91.0,71.0,71.0
VRSN,Verisign,Information Technology,25.49,1.07,,36.0,,95.0,89.0,29.0,47.0,31.0,59.0,77.0,25.0,97.0,76.0,3.0,98.0
SN,SharkNinja,Consumer Discretionary,25.38,1.36,12.0,92.0,83.0,23.0,36.0,53.0,,97.0,30.0,17.0,35.0,7.0,31.0,88.0,41.0
DTE,DTE Energy,Utilities,25.34,0.64,60.0,31.0,62.0,28.0,54.0,70.0,43.0,26.0,95.0,93.0,20.0,47.0,36.0,15.0,20.0
FFIV,"F5, Inc.",Information Technology,25.3,1.39,18.0,67.0,66.0,32.0,79.0,6.0,33.0,45.0,46.0,23.0,28.0,52.0,64.0,87.0,72.0
VICI,Vici Properties,Real Estate,25.29,0.81,93.0,14.0,33.0,58.0,40.0,66.0,45.0,1.0,87.0,91.0,16.0,9.0,10.0,13.0,5.0
CPRT,Copart,Industrials,25.26,1.19,45.0,9.0,62.0,77.0,97.0,93.0,52.0,7.0,30.0,15.0,19.0,34.0,82.0,52.0,64.0
DOV,Dover Corporation,Industrials,25.19,1.25,39.0,57.0,60.0,43.0,88.0,38.0,61.0,52.0,80.0,74.0,22.0,,64.0,60.0,69.0
FE,FirstEnergy,Utilities,25.06,0.6,61.0,39.0,58.0,39.0,55.0,48.0,41.0,59.0,95.0,86.0,18.0,59.0,37.0,11.0,26.0
WRB,W. R. Berkley Corporation,Financials,25.06,0.67,50.0,22.0,60.0,41.0,86.0,22.0,10.0,28.0,89.0,77.0,27.0,53.0,68.0,2.0,54.0
LH,Labcorp,Health Care,24.93,0.86,46.0,58.0,54.0,37.0,84.0,59.0,55.0,36.0,74.0,57.0,25.0,53.0,70.0,24.0,57.0
PPL,PPL Corporation,Utilities,24.74,0.69,70.0,25.0,49.0,30.0,38.0,33.0,39.0,19.0,92.0,86.0,16.0,41.0,16.0,11.0,7.0
LVS,Las Vegas Sands,Consumer Discretionary,24.5,1.13,4.0,13.0,99.0,78.0,87.0,86.0,34.0,24.0,72.0,87.0,23.0,73.0,87.0,37.0,94.0
OTIS,Otis Worldwide,Industrials,24.48,0.96,,12.0,,91.0,80.0,71.0,57.0,3.0,76.0,73.0,19.0,29.0,74.0,31.0,54.0
CINF,Cincinnati Financial,Financials,24.46,0.8,73.0,46.0,52.0,31.0,81.0,49.0,38.0,57.0,78.0,83.0,34.0,26.0,64.0,3.0,38.0
INCY,Incyte,Health Care,24.39,0.78,31.0,83.0,77.0,11.0,69.0,27.0,54.0,71.0,54.0,50.0,30.0,26.0,11.0,20.0,27.0
ES,Eversource Energy,Utilities,24.16,0.73,75.0,36.0,59.0,40.0,33.0,59.0,65.0,45.0,88.0,85.0,25.0,,17.0,20.0,9.0
CNP,CenterPoint Energy,Utilities,24.07,0.67,59.0,37.0,60.0,40.0,48.0,57.0,27.0,55.0,91.0,95.0,18.0,40.0,36.0,12.0,20.0
FISV,Fiserv,Financials,24.03,1.47,93.0,1.0,69.0,75.0,51.0,89.0,54.0,3.0,38.0,18.0,18.0,42.0,68.0,78.0,44.0
PFG,Principal Financial Group,Financials,24.03,1.08,60.0,77.0,36.0,45.0,36.0,15.0,38.0,89.0,80.0,9.0,32.0,21.0,79.0,28.0,61.0
EXPD,Expeditors International,Industrials,24.01,1.18,10.0,87.0,90.0,74.0,98.0,32.0,63.0,93.0,76.0,75.0,26.0,54.0,78.0,36.0,98.0
HUBB,Hubbell Incorporated,Industrials,23.96,1.25,20.0,42.0,82.0,15.0,66.0,22.0,11.0,31.0,71.0,67.0,100.0,26.0,50.0,74.0,29.0
XYL,Xylem Inc.,Industrials,23.65,1.14,58.0,11.0,38.0,63.0,78.0,63.0,59.0,1.0,66.0,52.0,22.0,25.0,80.0,47.0,31.0
ENTG,Entegris,Information Technology,23.52,2.48,22.0,82.0,39.0,74.0,12.0,3.0,81.0,50.0,8.0,13.0,35.0,65.0,24.0,100.0,63.0
ULTA,Ulta Beauty,Consumer Discretionary,23.35,1.06,12.0,29.0,93.0,21.0,96.0,17.0,40.0,53.0,55.0,48.0,20.0,63.0,83.0,33.0,73.0
PPG,PPG Industries,Materials,23.19,1.29,45.0,46.0,62.0,52.0,62.0,57.0,79.0,31.0,73.0,58.0,27.0,25.0,61.0,59.0,55.0
UTHR,United Therapeutics,Health Care,23.13,0.71,35.0,60.0,75.0,97.0,100.0,9.0,18.0,53.0,43.0,2.0,22.0,44.0,87.0,24.0,96.0
SW,Smurfit Westrock,Materials,23.13,1.18,81.0,51.0,32.0,71.0,15.0,51.0,73.0,42.0,32.0,64.0,34.0,69.0,29.0,93.0,43.0
SYF,Synchrony Financial,Financials,23.07,1.33,77.0,41.0,68.0,78.0,67.0,62.0,31.0,23.0,60.0,69.0,23.0,64.0,98.0,74.0,95.0
TPR,"Tapestry, Inc.",Consumer Discretionary,23.05,1.44,2.0,48.0,94.0,96.0,61.0,53.0,6.0,58.0,21.0,70.0,22.0,95.0,78.0,68.0,98.0
VLTO,Veralto,Industrials,23.03,,16.0,25.0,88.0,21.0,90.0,41.0,,23.0,76.0,68.0,26.0,26.0,61.0,40.0,32.0
EL,Estée Lauder Companies (The),Consumer Staples,23.03,1.48,23.0,55.0,3.0,80.0,5.0,69.0,97.0,44.0,27.0,31.0,25.0,91.0,,90.0,71.0
RF,Regions Financial Corporation,Financials,22.9,1.05,84.0,54.0,10.0,74.0,43.0,68.0,33.0,49.0,88.0,72.0,15.0,12.0,83.0,49.0,64.0
VMRK,Vivmark Residential,Real Estate,22.78,0.9,58.0,39.0,35.0,77.0,79.0,55.0,70.0,42.0,80.0,87.0,24.0,34.0,59.0,24.0,53.0
ROKU,"Roku, Inc.",Communication Services,22.51,1.47,14.0,87.0,9.0,55.0,42.0,34.0,97.0,83.0,82.0,86.0,24.0,84.0,18.0,91.0,58.0
CASY,Casey's,Consumer Staples,22.49,0.91,23.0,74.0,59.0,36.0,82.0,95.0,7.0,79.0,25.0,48.0,23.0,78.0,50.0,0.0,82.0
TPL,Texas Pacific Land Corporation,Energy,22.47,1.11,7.0,63.0,86.0,11.0,85.0,83.0,14.0,33.0,28.0,18.0,44.0,48.0,41.0,58.0,50.0
CHD,Church & Dwight,Consumer Staples,22.35,0.59,25.0,56.0,75.0,73.0,97.0,48.0,61.0,76.0,83.0,96.0,24.0,65.0,71.0,6.0,90.0
TROW,T. Rowe Price,Financials,22.2,1.24,60.0,48.0,64.0,61.0,92.0,47.0,86.0,35.0,80.0,92.0,24.0,6.0,73.0,58.0,58.0
DRI,Darden Restaurants,Consumer Discretionary,21.86,0.97,11.0,52.0,95.0,65.0,89.0,72.0,40.0,85.0,57.0,31.0,23.0,,72.0,30.0,94.0
VRSK,Verisk Analytics,Industrials,21.84,1.0,,11.0,,95.0,93.0,84.0,51.0,26.0,36.0,13.0,21.0,90.0,91.0,4.0,95.0
PHM,PulteGroup,Consumer Discretionary,21.76,1.18,70.0,27.0,57.0,51.0,89.0,62.0,8.0,42.0,63.0,56.0,28.0,6.0,85.0,61.0,42.0
MTSI,MACOM Technology Solutions,Information Technology,21.75,2.02,6.0,96.0,31.0,51.0,12.0,7.0,23.0,88.0,6.0,21.0,34.0,93.0,13.0,96.0,57.0
GPN,Global Payments,Financials,21.71,1.47,93.0,41.0,26.0,8.0,5.0,73.0,88.0,37.0,35.0,50.0,31.0,28.0,5.0,84.0,2.0
KEY,KeyCorp,Financials,21.42,1.01,88.0,57.0,31.0,76.0,32.0,52.0,58.0,50.0,92.0,56.0,18.0,15.0,72.0,52.0,56.0
DLTR,Dollar Tree,Consumer Staples,21.39,0.92,21.0,74.0,90.0,99.0,88.0,72.0,60.0,73.0,47.0,32.0,23.0,,94.0,59.0,100.0
L,Loews Corporation,Financials,21.35,0.78,86.0,44.0,30.0,60.0,58.0,37.0,22.0,56.0,99.0,97.0,34.0,27.0,60.0,8.0,37.0
IFF,International Flavors & Fragrances,Materials,21.31,1.11,74.0,81.0,7.0,95.0,30.0,33.0,89.0,82.0,53.0,60.0,37.0,,48.0,24.0,97.0
JBHT,J.B. Hunt,Industrials,21.04,1.33,22.0,95.0,73.0,88.0,83.0,90.0,76.0,98.0,30.0,55.0,27.0,92.0,74.0,51.0,99.0
IP,International Paper,Materials,20.8,1.23,77.0,18.0,3.0,96.0,19.0,82.0,63.0,16.0,33.0,27.0,33.0,93.0,42.0,86.0,51.0
EIX,Edison International,Utilities,20.67,0.94,85.0,37.0,87.0,42.0,29.0,24.0,59.0,49.0,9.0,5.0,26.0,23.0,41.0,20.0,35.0
XPO,"XPO, Inc.",Industrials,20.59,1.46,9.0,85.0,85.0,56.0,39.0,69.0,11.0,77.0,51.0,26.0,32.0,,53.0,73.0,88.0
BG,Bunge Global,Consumer Staples,20.55,0.71,81.0,82.0,18.0,2.0,51.0,63.0,55.0,87.0,44.0,27.0,31.0,13.0,80.0,40.0,23.0
SNX,TD Synnex,Information Technology,20.49,1.36,55.0,86.0,54.0,12.0,24.0,18.0,35.0,69.0,39.0,18.0,39.0,27.0,75.0,65.0,43.0
STE,Steris,Health Care,20.48,0.96,46.0,27.0,52.0,47.0,87.0,71.0,55.0,4.0,68.0,91.0,27.0,64.0,55.0,43.0,43.0
PKG,Packaging Corporation of America,Materials,20.43,1.02,31.0,46.0,73.0,16.0,81.0,27.0,28.0,39.0,68.0,66.0,30.0,77.0,54.0,52.0,56.0
LUV,Southwest Airlines,Industrials,20.37,1.37,44.0,59.0,21.0,96.0,47.0,6.0,82.0,51.0,70.0,50.0,26.0,60.0,91.0,83.0,90.0
VTRS,Viatris,Health Care,20.35,0.94,77.0,92.0,3.0,89.0,45.0,7.0,73.0,90.0,60.0,56.0,37.0,,60.0,64.0,98.0
OMC,Omnicom Group,Communication Services,20.2,1.19,58.0,51.0,18.0,2.0,8.0,88.0,50.0,73.0,47.0,39.0,23.0,69.0,1.0,71.0,5.0
NRG,NRG Energy,Utilities,20.12,1.39,33.0,6.0,86.0,4.0,4.0,84.0,3.0,4.0,13.0,12.0,27.0,35.0,6.0,82.0,4.0
BRO,Brown & Brown,Financials,20.1,0.97,72.0,11.0,29.0,3.0,47.0,90.0,31.0,16.0,51.0,46.0,29.0,23.0,42.0,3.0,3.0
CW,Curtiss-Wright,Industrials,20.08,1.3,16.0,45.0,73.0,44.0,66.0,54.0,3.0,39.0,48.0,74.0,35.0,40.0,65.0,63.0,60.0
RDDT,Reddit,Communication Services,20.06,,21.0,4.0,48.0,6.0,62.0,37.0,,19.0,4.0,4.0,17.0,58.0,,97.0,12.0
RGLD,Royal Gold,Materials,19.98,1.03,48.0,73.0,29.0,0.0,19.0,71.0,20.0,73.0,45.0,45.0,36.0,34.0,1.0,59.0,5.0
USFD,US Foods,Consumer Staples,19.95,1.12,30.0,76.0,78.0,57.0,90.0,81.0,15.0,80.0,64.0,83.0,25.0,62.0,86.0,7.0,93.0
DOW,Dow Inc.,Materials,19.85,1.25,81.0,78.0,,56.0,12.0,72.0,90.0,74.0,41.0,45.0,25.0,,16.0,55.0,49.0
CMS,CMS Energy,Utilities,19.78,0.6,59.0,28.0,60.0,29.0,36.0,58.0,46.0,23.0,98.0,92.0,19.0,39.0,9.0,6.0,8.0
RS,"Reliance, Inc.",Materials,19.64,0.96,47.0,79.0,49.0,55.0,82.0,21.0,19.0,85.0,71.0,61.0,37.0,20.0,74.0,51.0,64.0
EXE,Expand Energy,Energy,19.47,0.86,91.0,25.0,43.0,48.0,97.0,87.0,15.0,4.0,64.0,81.0,20.0,85.0,73.0,30.0,62.0
WWD,"Woodward, Inc.",Industrials,19.4,1.32,16.0,78.0,58.0,30.0,59.0,35.0,16.0,75.0,55.0,74.0,30.0,19.0,61.0,57.0,55.0
AMCR,Amcor,Materials,19.35,1.06,70.0,57.0,29.0,1.0,18.0,59.0,75.0,54.0,66.0,61.0,30.0,32.0,33.0,28.0,7.0
CRS,Carpenter Technology,Industrials,19.29,1.49,12.0,95.0,75.0,34.0,48.0,95.0,1.0,95.0,39.0,85.0,28.0,26.0,45.0,67.0,63.0
DINO,HF Sinclair,Energy,19.08,0.86,62.0,95.0,32.0,33.0,82.0,9.0,23.0,91.0,36.0,21.0,41.0,53.0,84.0,50.0,74.0
NTNX,Nutanix,Information Technology,19.05,1.38,,20.0,,31.0,45.0,14.0,23.0,21.0,58.0,59.0,39.0,96.0,25.0,39.0,29.0
LEN,Lennar,Consumer Discretionary,18.95,1.26,94.0,6.0,32.0,83.0,33.0,34.0,43.0,5.0,52.0,12.0,25.0,2.0,,66.0,12.0
FSLR,First Solar,Information Technology,18.82,1.27,63.0,21.0,55.0,31.0,49.0,85.0,13.0,20.0,26.0,19.0,21.0,52.0,36.0,87.0,24.0
SNA,Snap-on,Industrials,18.8,0.91,41.0,53.0,69.0,48.0,88.0,50.0,26.0,55.0,97.0,97.0,30.0,20.0,53.0,43.0,44.0
NI,NiSource,Utilities,18.7,0.71,63.0,29.0,61.0,30.0,58.0,43.0,19.0,17.0,93.0,94.0,22.0,51.0,41.0,21.0,20.0
LYB,LyondellBasell,Materials,18.56,1.19,65.0,79.0,7.0,87.0,33.0,80.0,81.0,78.0,47.0,28.0,26.0,83.0,30.0,37.0,70.0
BBY,Best Buy,Consumer Discretionary,18.51,1.27,22.0,46.0,90.0,49.0,53.0,4.0,74.0,64.0,42.0,19.0,25.0,69.0,45.0,53.0,77.0
BR,Broadridge Financial Solutions,Industrials,18.37,1.11,20.0,11.0,88.0,47.0,88.0,78.0,36.0,17.0,49.0,33.0,28.0,49.0,71.0,26.0,59.0
NDSN,Nordson Corporation,Industrials,18.26,1.08,23.0,80.0,69.0,82.0,79.0,16.0,66.0,93.0,76.0,69.0,38.0,51.0,53.0,59.0,88.0
CDE,Coeur Mining,Materials,18.1,1.8,68.0,47.0,24.0,0.0,4.0,89.0,7.0,51.0,10.0,14.0,31.0,29.0,1.0,95.0,2.0
EVRG,Evergy,Utilities,18.08,0.63,67.0,48.0,51.0,45.0,55.0,35.0,44.0,83.0,98.0,90.0,23.0,45.0,38.0,11.0,28.0
ITT,ITT Inc.,Industrials,18.04,1.49,35.0,51.0,49.0,1.0,25.0,19.0,16.0,43.0,70.0,28.0,35.0,,10.0,67.0,5.0
MKSI,MKS Instruments,Information Technology,17.94,2.31,20.0,96.0,61.0,66.0,12.0,12.0,75.0,81.0,10.0,21.0,38.0,53.0,26.0,95.0,72.0
PR,Permian Resources,Energy,17.69,0.92,72.0,93.0,44.0,49.0,53.0,66.0,10.0,94.0,42.0,49.0,34.0,97.0,9.0,35.0,56.0
ZBRA,Zebra Technologies,Information Technology,17.66,1.85,26.0,58.0,64.0,49.0,59.0,10.0,88.0,33.0,12.0,49.0,36.0,69.0,91.0,94.0,85.0
DD,DuPont,Industrials,17.54,1.28,83.0,79.0,11.0,100.0,70.0,36.0,52.0,77.0,84.0,51.0,29.0,,100.0,74.0,96.0
WCC,WESCO International,Industrials,17.52,1.67,39.0,88.0,73.0,34.0,9.0,9.0,22.0,82.0,37.0,35.0,41.0,5.0,38.0,90.0,32.0
CF,CF Industries,Materials,17.43,0.68,40.0,83.0,89.0,33.0,100.0,79.0,22.0,91.0,37.0,28.0,27.0,,90.0,16.0,92.0
MEDP,Medpace,Health Care,17.42,1.3,2.0,58.0,97.0,26.0,65.0,10.0,10.0,41.0,29.0,30.0,35.0,91.0,51.0,26.0,86.0
STZ,Constellation Brands,Consumer Staples,17.38,0.85,59.0,31.0,83.0,79.0,96.0,85.0,82.0,35.0,64.0,75.0,20.0,56.0,,7.0,79.0
CHRW,C.H. Robinson,Industrials,17.33,1.09,10.0,52.0,90.0,75.0,65.0,25.0,31.0,57.0,18.0,51.0,24.0,71.0,55.0,57.0,92.0
GPC,Genuine Parts Company,Consumer Discretionary,17.33,1.04,35.0,33.0,11.0,47.0,20.0,54.0,49.0,58.0,37.0,64.0,33.0,51.0,53.0,52.0,22.0
ESS,Essex Property Trust,Real Estate,17.31,0.86,41.0,46.0,56.0,79.0,72.0,39.0,70.0,56.0,89.0,94.0,28.0,,45.0,31.0,70.0
SITM,SiTime,Information Technology,17.29,2.64,7.0,94.0,6.0,6.0,8.0,3.0,49.0,73.0,1.0,4.0,55.0,87.0,15.0,99.0,27.0
LSCC,Lattice Semiconductor,Information Technology,17.23,2.17,3.0,88.0,12.0,35.0,27.0,6.0,63.0,59.0,16.0,16.0,45.0,96.0,31.0,99.0,58.0
GIS,General Mills,Consumer Staples,17.2,0.43,54.0,19.0,41.0,94.0,35.0,98.0,68.0,21.0,49.0,83.0,18.0,78.0,35.0,8.0,41.0
MTZ,MasTec,Industrials,17.15,1.54,26.0,51.0,41.0,18.0,5.0,76.0,12.0,47.0,6.0,33.0,32.0,23.0,15.0,87.0,10.0
RVTY,Revvity,Health Care,17.06,1.29,53.0,86.0,18.0,86.0,43.0,2.0,91.0,65.0,33.0,4.0,43.0,38.0,81.0,82.0,82.0
SBAC,SBA Communications,Real Estate,16.99,0.94,,32.0,,26.0,56.0,90.0,87.0,50.0,57.0,57.0,28.0,29.0,58.0,19.0,15.0
EWBC,East West Bancorp,Financials,16.98,1.08,64.0,63.0,50.0,36.0,29.0,30.0,30.0,57.0,95.0,83.0,41.0,15.0,50.0,55.0,34.0
FIS,Fidelity National Information Services,Financials,16.97,1.08,89.0,5.0,37.0,10.0,28.0,94.0,86.0,1.0,39.0,62.0,25.0,,58.0,35.0,3.0
ZBH,Zimmer Biomet,Health Care,16.94,1.04,79.0,36.0,30.0,63.0,80.0,77.0,81.0,24.0,55.0,45.0,28.0,56.0,78.0,25.0,55.0
IEX,IDEX Corporation,Industrials,16.81,1.0,33.0,81.0,57.0,68.0,87.0,23.0,78.0,95.0,93.0,83.0,31.0,38.0,67.0,61.0,80.0
BURL,Burlington Stores,Consumer Discretionary,16.78,1.24,12.0,34.0,83.0,22.0,46.0,13.0,73.0,51.0,30.0,13.0,27.0,71.0,47.0,50.0,58.0
DT,Dynatrace,Information Technology,16.76,1.46,20.0,47.0,32.0,43.0,82.0,9.0,83.0,38.0,29.0,26.0,33.0,84.0,78.0,45.0,68.0
APG,APi Group,Industrials,16.68,1.32,29.0,52.0,54.0,30.0,25.0,28.0,11.0,41.0,78.0,84.0,42.0,63.0,11.0,67.0,20.0
SMTC,Semtech,Information Technology,16.61,2.13,2.0,96.0,20.0,74.0,5.0,1.0,79.0,80.0,1.0,3.0,49.0,94.0,6.0,98.0,66.0
FTV,Fortive,Industrials,16.59,1.23,48.0,61.0,40.0,100.0,95.0,55.0,71.0,61.0,74.0,69.0,28.0,60.0,100.0,63.0,95.0
NVR,"NVR, Inc.",Consumer Discretionary,16.4,1.03,29.0,11.0,86.0,95.0,99.0,31.0,33.0,12.0,73.0,65.0,29.0,4.0,92.0,49.0,75.0
CLH,Clean Harbors,Industrials,16.38,1.06,22.0,74.0,73.0,55.0,85.0,27.0,14.0,81.0,75.0,85.0,32.0,71.0,61.0,36.0,86.0
RBC,RBC Bearings,Industrials,16.36,1.13,28.0,69.0,43.0,34.0,49.0,19.0,20.0,70.0,75.0,41.0,40.0,34.0,31.0,57.0,25.0
LNT,Alliant Energy,Utilities,16.35,0.65,57.0,39.0,48.0,37.0,46.0,57.0,47.0,59.0,93.0,82.0,22.0,23.0,28.0,9.0,14.0
TSCO,Tractor Supply,Consumer Discretionary,16.33,1.05,20.0,5.0,93.0,26.0,78.0,74.0,43.0,7.0,56.0,59.0,21.0,58.0,61.0,15.0,44.0
BEN,Franklin Resources,Financials,16.3,1.26,79.0,86.0,18.0,43.0,44.0,45.0,70.0,93.0,93.0,41.0,39.0,25.0,67.0,81.0,44.0
EFX,Equifax,Industrials,16.14,1.47,38.0,9.0,73.0,73.0,83.0,99.0,65.0,12.0,27.0,78.0,25.0,80.0,85.0,57.0,81.0
RGA,Reinsurance Group of America,Financials,16.08,0.85,84.0,72.0,30.0,11.0,35.0,22.0,23.0,84.0,84.0,80.0,43.0,26.0,57.0,10.0,24.0
CDW,CDW Corporation,Information Technology,16.06,1.51,21.0,27.0,94.0,34.0,50.0,89.0,72.0,22.0,20.0,6.0,30.0,20.0,83.0,72.0,54.0
OVV,Ovintiv,Energy,15.99,1.02,78.0,89.0,33.0,23.0,63.0,79.0,38.0,79.0,45.0,52.0,36.0,89.0,6.0,35.0,53.0
CNH,CNH Industrial,Industrials,15.9,1.31,60.0,45.0,22.0,76.0,18.0,6.0,76.0,43.0,19.0,4.0,42.0,61.0,55.0,85.0,60.0
J,Jacobs Solutions,Industrials,15.84,1.23,28.0,35.0,76.0,44.0,45.0,69.0,43.0,31.0,74.0,71.0,38.0,44.0,67.0,73.0,36.0
INVH,Invitation Homes,Real Estate,15.55,0.9,69.0,38.0,22.0,73.0,84.0,66.0,77.0,45.0,96.0,99.0,28.0,44.0,77.0,16.0,56.0
PTC,PTC Inc.,Information Technology,15.53,1.33,34.0,10.0,75.0,45.0,94.0,72.0,30.0,5.0,28.0,26.0,32.0,29.0,93.0,56.0,50.0
TYL,Tyler Technologies,Information Technology,15.34,1.35,32.0,7.0,34.0,93.0,77.0,87.0,59.0,9.0,26.0,11.0,33.0,75.0,42.0,18.0,53.0
HST,Host Hotels & Resorts,Real Estate,15.34,1.08,56.0,76.0,42.0,69.0,76.0,13.0,52.0,81.0,77.0,72.0,29.0,67.0,47.0,48.0,81.0
LDOS,Leidos,Industrials,15.29,0.92,43.0,9.0,88.0,19.0,72.0,83.0,18.0,15.0,36.0,49.0,33.0,28.0,68.0,30.0,27.0
GL,Globe Life,Financials,15.28,0.66,51.0,62.0,61.0,55.0,75.0,40.0,30.0,76.0,82.0,81.0,40.0,20.0,85.0,16.0,76.0
AKAM,Akamai Technologies,Information Technology,15.27,1.58,42.0,80.0,40.0,19.0,28.0,29.0,82.0,64.0,15.0,2.0,25.0,85.0,34.0,43.0,54.0
FN,Fabrinet,Information Technology,15.2,2.09,19.0,50.0,48.0,9.0,22.0,14.0,5.0,36.0,4.0,23.0,35.0,11.0,33.0,98.0,11.0
ONTO,Onto Innovation,Information Technology,15.09,2.22,18.0,96.0,21.0,24.0,25.0,3.0,29.0,79.0,3.0,13.0,47.0,93.0,40.0,97.0,59.0
STRL,Sterling Infrastructure,Industrials,15.09,2.02,8.0,77.0,84.0,8.0,27.0,11.0,0.0,62.0,3.0,16.0,43.0,65.0,22.0,98.0,52.0
RBA,RB Global,Industrials,15.07,0.97,48.0,12.0,43.0,55.0,38.0,38.0,24.0,11.0,32.0,36.0,36.0,56.0,45.0,40.0,23.0
TOST,"Toast, Inc.",Financials,15.05,1.55,16.0,23.0,50.0,16.0,90.0,88.0,86.0,27.0,40.0,39.0,28.0,88.0,,86.0,45.0
JAZZ,Jazz Pharmaceuticals,Health Care,15.03,0.97,40.0,94.0,5.0,61.0,28.0,60.0,65.0,94.0,69.0,71.0,30.0,93.0,7.0,8.0,57.0
SOLV,Solventum,Health Care,15.0,,43.0,66.0,89.0,86.0,60.0,35.0,,41.0,58.0,58.0,45.0,1.0,65.0,35.0,80.0
TLN,Talen Energy,Utilities,14.98,1.48,7.0,7.0,5.0,2.0,2.0,9.0,,11.0,21.0,37.0,34.0,82.0,8.0,78.0,2.0
KIM,Kimco Realty,Real Estate,14.89,0.86,76.0,50.0,26.0,79.0,69.0,46.0,55.0,61.0,98.0,83.0,31.0,38.0,55.0,23.0,48.0
BALL,Ball Corporation,Materials,14.83,0.89,49.0,69.0,,34.0,67.0,76.0,87.0,77.0,80.0,92.0,32.0,,72.0,12.0,73.0
CRBG,Corebridge Financial,Financials,14.76,1.36,78.0,35.0,7.0,54.0,26.0,15.0,,21.0,61.0,29.0,41.0,19.0,99.0,77.0,29.0
WPC,W. P. Carey,Real Estate,14.72,0.68,68.0,43.0,19.0,50.0,44.0,52.0,58.0,66.0,98.0,96.0,33.0,57.0,10.0,20.0,17.0
APA,APA Corporation,Energy,14.55,1.08,56.0,93.0,90.0,84.0,95.0,38.0,45.0,90.0,29.0,19.0,38.0,96.0,66.0,34.0,100.0
EXEL,Exelixis,Health Care,14.54,0.88,17.0,74.0,90.0,94.0,100.0,8.0,20.0,59.0,46.0,31.0,43.0,51.0,94.0,14.0,99.0
ROL,"Rollins, Inc.",Industrials,14.49,0.87,10.0,4.0,92.0,41.0,90.0,92.0,32.0,1.0,52.0,80.0,26.0,60.0,52.0,24.0,49.0
LECO,Lincoln Electric,Industrials,14.42,1.21,11.0,62.0,90.0,40.0,72.0,49.0,24.0,57.0,58.0,78.0,46.0,47.0,58.0,72.0,76.0
NBIX,Neurocrine Biosciences,Health Care,14.41,0.8,33.0,45.0,59.0,9.0,62.0,62.0,39.0,29.0,43.0,62.0,31.0,70.0,13.0,52.0,21.0
PFGC,Performance Food Group,Consumer Staples,14.28,1.1,43.0,26.0,57.0,40.0,31.0,61.0,14.0,22.0,70.0,67.0,33.0,59.0,24.0,22.0,15.0
NLY,Annaly Capital Management,Financials,14.18,0.94,94.0,65.0,43.0,10.0,11.0,87.0,65.0,74.0,95.0,94.0,25.0,8.0,3.0,41.0,6.0
TSN,Tyson Foods,Consumer Staples,14.12,0.69,95.0,39.0,21.0,86.0,70.0,60.0,77.0,46.0,70.0,85.0,26.0,60.0,,4.0,52.0
ARMK,Aramark,Consumer Discretionary,14.11,1.06,32.0,83.0,73.0,62.0,30.0,44.0,28.0,98.0,71.0,48.0,35.0,,32.0,62.0,66.0
CRL,Charles River Laboratories,Health Care,14.08,1.35,29.0,95.0,11.0,67.0,35.0,15.0,96.0,87.0,32.0,13.0,40.0,89.0,74.0,81.0,89.0
JLL,Jones Lang LaSalle,Real Estate,14.06,1.41,63.0,62.0,51.0,40.0,56.0,92.0,51.0,55.0,60.0,40.0,41.0,31.0,73.0,48.0,52.0
CG,Carlyle Group (The),Financials,14.02,1.65,63.0,10.0,37.0,13.0,18.0,94.0,37.0,1.0,66.0,80.0,40.0,1.0,61.0,73.0,5.0
DOCN,DigitalOcean,Information Technology,14.01,2.39,6.0,99.0,58.0,5.0,13.0,2.0,93.0,94.0,3.0,1.0,47.0,28.0,3.0,76.0,32.0
EG,Everest Group,Financials,14.0,0.76,93.0,45.0,35.0,41.0,55.0,28.0,40.0,60.0,81.0,74.0,32.0,32.0,,7.0,24.0
EQH,Equitable Holdings,Financials,14.0,1.45,1.0,30.0,10.0,38.0,26.0,16.0,19.0,18.0,59.0,27.0,38.0,16.0,96.0,58.0,18.0
UNM,Unum,Financials,13.89,0.79,82.0,64.0,24.0,74.0,51.0,50.0,5.0,75.0,68.0,32.0,35.0,11.0,91.0,19.0,63.0
OHI,Omega Healthcare Investors,Real Estate,13.85,0.67,49.0,55.0,10.0,49.0,48.0,18.0,25.0,84.0,90.0,68.0,38.0,83.0,15.0,6.0,29.0
DOC,Healthpeak Properties,Real Estate,13.77,0.96,68.0,55.0,11.0,35.0,56.0,37.0,83.0,64.0,90.0,79.0,32.0,66.0,52.0,33.0,33.0
WY,Weyerhaeuser,Real Estate,13.73,1.06,75.0,28.0,27.0,79.0,41.0,94.0,77.0,28.0,58.0,62.0,34.0,24.0,44.0,20.0,21.0
MAA,Mid-America Apartment Communities,Real Estate,13.7,0.83,51.0,29.0,28.0,69.0,78.0,66.0,75.0,22.0,92.0,97.0,28.0,64.0,51.0,23.0,49.0
RL,Ralph Lauren Corporation,Consumer Discretionary,13.59,1.34,29.0,50.0,88.0,33.0,66.0,14.0,8.0,59.0,58.0,29.0,29.0,37.0,,75.0,57.0
SUI,Sun Communities,Real Estate,13.57,0.78,61.0,29.0,66.0,100.0,91.0,62.0,79.0,26.0,83.0,49.0,34.0,3.0,71.0,21.0,69.0
TKO,TKO Group Holdings,Communication Services,13.48,0.83,34.0,21.0,74.0,43.0,83.0,26.0,4.0,34.0,60.0,21.0,26.0,58.0,,29.0,41.0
CACI,CACI International,Industrials,13.46,0.92,37.0,68.0,65.0,8.0,21.0,29.0,22.0,76.0,12.0,55.0,38.0,17.0,29.0,37.0,15.0
MLI,Mueller Industries,Industrials,13.41,1.14,34.0,66.0,79.0,14.0,81.0,31.0,2.0,61.0,63.0,85.0,47.0,11.0,44.0,51.0,29.0
SWK,Stanley Black & Decker,Industrials,13.38,1.39,74.0,74.0,17.0,88.0,33.0,58.0,91.0,63.0,68.0,34.0,42.0,35.0,70.0,88.0,73.0
IVZ,Invesco,Financials,13.32,1.49,88.0,83.0,6.0,89.0,36.0,63.0,59.0,77.0,82.0,48.0,42.0,,55.0,92.0,97.0
TRMB,Trimble Inc.,Information Technology,13.32,1.4,53.0,8.0,35.0,72.0,46.0,43.0,71.0,1.0,49.0,59.0,40.0,10.0,66.0,73.0,18.0
RNR,RenaissanceRe,Financials,13.31,0.64,86.0,71.0,72.0,75.0,97.0,32.0,25.0,93.0,79.0,76.0,37.0,27.0,98.0,0.0,94.0
MAS,Masco,Industrials,13.29,1.31,,39.0,,63.0,73.0,54.0,47.0,32.0,49.0,45.0,35.0,53.0,88.0,80.0,79.0
ULS,UL Solutions,Industrials,13.19,,11.0,41.0,87.0,62.0,60.0,81.0,,51.0,28.0,40.0,57.0,85.0,30.0,43.0,78.0
GEN,Gen Digital,Information Technology,13.19,1.15,27.0,45.0,96.0,73.0,54.0,99.0,50.0,29.0,24.0,16.0,39.0,48.0,72.0,33.0,88.0
REG,Regency Centers,Real Estate,13.16,0.79,63.0,41.0,55.0,56.0,51.0,33.0,51.0,47.0,99.0,83.0,31.0,32.0,22.0,20.0,17.0
PAG,Penske Automotive Group,Consumer Discretionary,13.15,0.95,55.0,70.0,70.0,37.0,45.0,60.0,24.0,95.0,63.0,98.0,55.0,15.0,50.0,54.0,43.0
TXT,Textron,Industrials,13.1,1.15,71.0,27.0,40.0,42.0,75.0,47.0,53.0,19.0,74.0,69.0,35.0,30.0,76.0,42.0,35.0
ALLE,Allegion,Industrials,13.08,1.09,21.0,20.0,87.0,20.0,80.0,24.0,45.0,15.0,57.0,73.0,29.0,35.0,54.0,37.0,30.0
SGI,Somnigroup International,Consumer Discretionary,13.07,1.48,33.0,12.0,73.0,68.0,19.0,40.0,28.0,18.0,44.0,11.0,36.0,47.0,35.0,68.0,30.0
AIZ,Assurant,Financials,13.01,0.82,57.0,73.0,50.0,64.0,65.0,54.0,42.0,90.0,81.0,93.0,39.0,36.0,69.0,5.0,80.0
AMKR,Amkor Technology,Information Technology,12.99,2.53,45.0,90.0,35.0,16.0,24.0,5.0,58.0,65.0,2.0,13.0,49.0,83.0,32.0,98.0,54.0
AVY,Avery Dennison,Materials,12.95,1.04,24.0,46.0,80.0,40.0,81.0,27.0,77.0,41.0,70.0,86.0,34.0,30.0,72.0,46.0,65.0
TTMI,TTM Technologies,Information Technology,12.94,2.25,18.0,96.0,49.0,21.0,8.0,13.0,3.0,77.0,4.0,5.0,47.0,38.0,15.0,99.0,28.0
SWKS,Skyworks Solutions,Information Technology,12.86,1.79,57.0,21.0,30.0,76.0,32.0,1.0,90.0,12.0,11.0,1.0,30.0,88.0,17.0,81.0,42.0
CSL,Carlisle Companies,Industrials,12.82,1.24,15.0,39.0,94.0,32.0,81.0,57.0,29.0,34.0,39.0,34.0,38.0,69.0,90.0,63.0,87.0
FICO,Fair Isaac,Information Technology,12.8,1.58,,9.0,,28.0,81.0,100.0,5.0,20.0,2.0,18.0,24.0,70.0,97.0,21.0,52.0
IESC,IES Holdings,Industrials,12.79,1.78,8.0,86.0,85.0,6.0,28.0,9.0,1.0,68.0,2.0,6.0,68.0,8.0,32.0,94.0,30.0
SJM,J.M. Smucker Company (The),Consumer Staples,12.7,0.5,55.0,67.0,22.0,93.0,52.0,69.0,64.0,86.0,65.0,88.0,28.0,87.0,38.0,9.0,75.0
RPM,RPM International,Materials,12.59,1.14,36.0,22.0,63.0,41.0,61.0,46.0,34.0,5.0,65.0,76.0,43.0,38.0,49.0,44.0,34.0
HALO,Halozyme,Health Care,12.59,0.82,1.0,82.0,99.0,15.0,72.0,12.0,27.0,71.0,19.0,44.0,39.0,91.0,74.0,30.0,95.0
DOCU,Docusign,Information Technology,12.55,1.55,18.0,13.0,55.0,72.0,91.0,18.0,97.0,16.0,15.0,12.0,39.0,98.0,91.0,60.0,92.0
BWXT,BWX Technologies,Industrials,12.55,1.28,11.0,16.0,82.0,7.0,32.0,73.0,6.0,13.0,45.0,14.0,37.0,46.0,34.0,83.0,17.0
PEN,"Penumbra, Inc.",Health Care,12.54,0.93,14.0,69.0,44.0,17.0,73.0,27.0,72.0,58.0,100.0,99.0,24.0,42.0,21.0,2.0,23.0
ALB,Albemarle Corporation,Materials,12.48,1.77,82.0,87.0,7.0,95.0,23.0,97.0,93.0,73.0,30.0,20.0,29.0,90.0,34.0,81.0,83.0
CORT,Corcept Therapeutics,Health Care,12.46,1.41,4.0,75.0,25.0,88.0,32.0,17.0,3.0,64.0,6.0,21.0,65.0,64.0,13.0,91.0,79.0
GME,GameStop,Consumer Discretionary,12.44,0.93,58.0,6.0,16.0,6.0,16.0,1.0,87.0,14.0,28.0,16.0,39.0,27.0,4.0,44.0,0.0
GGG,Graco Inc.,Industrials,12.44,1.0,30.0,24.0,71.0,29.0,98.0,25.0,54.0,5.0,81.0,92.0,37.0,61.0,69.0,41.0,54.0
TOL,Toll Brothers,Consumer Discretionary,12.42,1.31,75.0,39.0,64.0,64.0,78.0,51.0,13.0,54.0,70.0,81.0,36.0,7.0,83.0,69.0,55.0
BAX,Baxter International,Health Care,12.41,1.02,60.0,55.0,6.0,92.0,8.0,61.0,97.0,34.0,36.0,45.0,41.0,84.0,26.0,85.0,56.0
BF-B,Brown–Forman,Consumer Staples,12.38,0.85,43.0,34.0,74.0,84.0,78.0,24.0,92.0,46.0,48.0,35.0,48.0,47.0,42.0,1.0,67.0
HAS,Hasbro,Consumer Discretionary,12.37,1.05,4.0,67.0,12.0,82.0,21.0,56.0,67.0,80.0,56.0,88.0,31.0,97.0,27.0,61.0,65.0
SEIC,SEI Investments Company,Financials,12.32,1.14,27.0,71.0,75.0,64.0,98.0,60.0,37.0,81.0,90.0,73.0,49.0,4.0,74.0,51.0,77.0
LII,Lennox International,Industrials,12.27,1.47,11.0,9.0,96.0,13.0,50.0,56.0,26.0,5.0,22.0,46.0,30.0,8.0,62.0,92.0,17.0
BWA,BorgWarner,Consumer Discretionary,12.24,1.35,56.0,83.0,33.0,81.0,44.0,51.0,52.0,89.0,52.0,22.0,41.0,,88.0,75.0,93.0
AIT,Applied Industrial Technologies,Industrials,12.23,1.07,19.0,67.0,77.0,88.0,85.0,15.0,7.0,65.0,82.0,52.0,46.0,95.0,73.0,59.0,90.0
GNRC,Generac,Industrials,12.21,1.78,30.0,48.0,37.0,31.0,14.0,4.0,94.0,46.0,13.0,0.0,41.0,62.0,27.0,96.0,21.0
DTM,DT Midstream,Energy,12.19,0.85,50.0,57.0,45.0,73.0,64.0,64.0,7.0,18.0,82.0,94.0,36.0,54.0,30.0,25.0,53.0
GDDY,GoDaddy,Information Technology,12.11,1.46,1.0,7.0,100.0,56.0,83.0,30.0,21.0,12.0,7.0,8.0,38.0,83.0,95.0,26.0,91.0
LAMR,Lamar Advertising Company,Real Estate,12.09,1.01,8.0,68.0,96.0,48.0,92.0,29.0,49.0,80.0,88.0,91.0,42.0,53.0,,23.0,89.0
FIVE,Five Below,Consumer Discretionary,12.09,1.31,26.0,88.0,63.0,24.0,49.0,77.0,77.0,91.0,37.0,20.0,30.0,57.0,44.0,70.0,67.0
ECHO,EchoStar,Communication Services,12.08,1.0,58.0,56.0,0.0,100.0,1.0,13.0,8.0,62.0,53.0,32.0,22.0,11.0,,75.0,32.0
EHC,Encompass Health,Health Care,11.99,0.92,29.0,28.0,70.0,32.0,95.0,19.0,17.0,18.0,53.0,88.0,37.0,,66.0,26.0,53.0
MOG-A,Moog Inc.,Industrials,11.9,1.23,23.0,93.0,68.0,23.0,20.0,14.0,9.0,98.0,38.0,62.0,57.0,20.0,,63.0,38.0
CR,Crane,Industrials,11.79,1.22,24.0,50.0,64.0,5.0,66.0,24.0,,36.0,79.0,73.0,50.0,,29.0,74.0,20.0
IT,Gartner,Information Technology,11.78,1.51,0.0,9.0,100.0,94.0,81.0,50.0,76.0,20.0,4.0,3.0,36.0,77.0,99.0,61.0,97.0
TRU,TransUnion,Industrials,11.71,1.55,52.0,33.0,59.0,32.0,42.0,99.0,80.0,31.0,29.0,49.0,38.0,56.0,62.0,57.0,34.0
GWRE,Guidewire Software,Information Technology,11.69,1.58,13.0,20.0,15.0,67.0,72.0,100.0,21.0,30.0,5.0,5.0,42.0,,74.0,38.0,61.0
FORM,"FormFactor, Inc.",Information Technology,11.66,2.38,9.0,99.0,19.0,36.0,15.0,0.0,70.0,93.0,1.0,4.0,66.0,61.0,18.0,62.0,42.0
BJ,BJ's Wholesale Club,Consumer Staples,11.62,0.65,24.0,28.0,87.0,29.0,96.0,18.0,34.0,48.0,57.0,30.0,32.0,67.0,81.0,1.0,73.0
BMRN,BioMarin Pharmaceutical,Health Care,11.61,0.91,64.0,61.0,23.0,16.0,57.0,63.0,83.0,45.0,59.0,45.0,40.0,66.0,23.0,37.0,19.0
RMBS,Rambus,Information Technology,11.58,2.4,14.0,15.0,61.0,29.0,43.0,1.0,3.0,16.0,11.0,3.0,45.0,82.0,23.0,99.0,30.0
MANH,Manhattan Associates,Information Technology,11.58,1.53,1.0,42.0,98.0,53.0,82.0,77.0,48.0,35.0,10.0,22.0,49.0,98.0,77.0,18.0,96.0
ARW,Arrow Electronics,Information Technology,11.56,1.36,69.0,91.0,41.0,4.0,10.0,5.0,61.0,80.0,35.0,10.0,50.0,7.0,57.0,78.0,21.0
NXT,Nextpower,Industrials,11.52,1.48,27.0,42.0,80.0,11.0,41.0,45.0,,49.0,20.0,10.0,44.0,9.0,,97.0,16.0
SANM,Sanmina Corporation,Information Technology,11.52,1.98,31.0,91.0,47.0,2.0,9.0,6.0,8.0,73.0,7.0,13.0,56.0,50.0,26.0,94.0,27.0
CCK,Crown Holdings,Materials,11.46,0.89,35.0,63.0,92.0,59.0,94.0,70.0,68.0,65.0,77.0,71.0,36.0,66.0,90.0,30.0,95.0
ALLY,Ally Financial,Financials,11.46,1.26,96.0,44.0,19.0,66.0,18.0,76.0,73.0,27.0,91.0,72.0,36.0,24.0,56.0,73.0,29.0
HL,Hecla Mining,Materials,11.44,1.65,31.0,90.0,64.0,27.0,43.0,87.0,15.0,81.0,11.0,5.0,34.0,76.0,34.0,90.0,69.0
AFG,American Financial Group,Financials,11.34,0.78,52.0,38.0,71.0,43.0,60.0,40.0,35.0,45.0,96.0,95.0,45.0,30.0,50.0,7.0,38.0
TECH,Bio-Techne,Health Care,11.31,1.39,25.0,78.0,18.0,87.0,64.0,21.0,93.0,56.0,100.0,100.0,39.0,82.0,24.0,58.0,74.0
ELS,Equity Lifestyle Properties,Real Estate,11.31,0.71,20.0,44.0,69.0,67.0,66.0,58.0,77.0,73.0,91.0,63.0,33.0,39.0,17.0,9.0,49.0
PNW,Pinnacle West Capital,Utilities,11.28,0.61,72.0,53.0,51.0,25.0,33.0,43.0,42.0,94.0,95.0,70.0,29.0,,17.0,8.0,10.0
AEIS,Advanced Energy,Information Technology,11.27,2.2,15.0,90.0,41.0,25.0,12.0,17.0,22.0,66.0,7.0,21.0,49.0,,7.0,94.0,23.0
BTSG,BrightSpring Health Services,Health Care,11.21,,23.0,96.0,51.0,45.0,7.0,33.0,,91.0,13.0,51.0,50.0,61.0,4.0,69.0,48.0
DVA,DaVita,Health Care,11.19,0.86,,74.0,,65.0,77.0,25.0,62.0,67.0,25.0,28.0,39.0,58.0,98.0,2.0,96.0
ELAN,Elanco,Health Care,11.18,1.32,69.0,63.0,7.0,65.0,11.0,53.0,85.0,35.0,32.0,46.0,44.0,69.0,27.0,88.0,38.0
WTRG,Essential Utilities,Utilities,11.12,0.7,71.0,44.0,77.0,38.0,69.0,44.0,69.0,78.0,85.0,93.0,44.0,60.0,19.0,3.0,36.0
CSGP,CoStar Group,Real Estate,11.1,1.39,77.0,0.0,9.0,85.0,63.0,88.0,68.0,0.0,21.0,41.0,31.0,54.0,83.0,49.0,40.0
AA,Alcoa,Materials,11.08,1.74,71.0,84.0,56.0,23.0,14.0,91.0,80.0,67.0,34.0,40.0,33.0,14.0,14.0,89.0,24.0
GLPI,Gaming and Leisure Properties,Real Estate,11.05,0.81,53.0,25.0,76.0,24.0,38.0,62.0,50.0,22.0,86.0,77.0,33.0,81.0,13.0,17.0,8.0
SF,Stifel,Financials,11.03,1.25,65.0,41.0,37.0,45.0,13.0,84.0,24.0,22.0,82.0,55.0,42.0,21.0,,62.0,20.0
COKE,Coca-Cola Consolidated,Consumer Staples,10.98,0.76,,90.0,,99.0,85.0,35.0,7.0,97.0,49.0,30.0,51.0,81.0,,0.0,100.0
FHN,First Horizon,Financials,10.91,0.82,85.0,45.0,36.0,59.0,46.0,43.0,29.0,32.0,87.0,70.0,32.0,9.0,91.0,47.0,51.0
RGEN,Repligen,Health Care,10.85,1.4,26.0,82.0,13.0,62.0,17.0,8.0,93.0,56.0,28.0,33.0,45.0,32.0,33.0,78.0,35.0
UDR,"UDR, Inc.",Real Estate,10.78,0.88,40.0,38.0,56.0,88.0,89.0,67.0,78.0,40.0,91.0,98.0,29.0,63.0,74.0,28.0,84.0
LFUS,Littelfuse,Information Technology,10.76,1.58,32.0,88.0,11.0,79.0,18.0,13.0,66.0,68.0,33.0,25.0,55.0,92.0,14.0,88.0,69.0
COO,Cooper Companies (The),Health Care,10.75,1.12,81.0,38.0,28.0,74.0,69.0,95.0,85.0,10.0,29.0,56.0,30.0,44.0,82.0,19.0,56.0
WSO,Watsco,Industrials,10.7,1.27,35.0,12.0,76.0,54.0,71.0,29.0,33.0,7.0,40.0,64.0,36.0,10.0,,70.0,20.0
DECK,Deckers Brands,Consumer Discretionary,10.68,1.35,32.0,16.0,91.0,59.0,98.0,74.0,40.0,28.0,44.0,69.0,29.0,55.0,94.0,84.0,84.0
AES,AES Corporation,Utilities,10.63,1.06,53.0,56.0,65.0,36.0,63.0,19.0,85.0,54.0,100.0,100.0,24.0,72.0,37.0,47.0,67.0
EGP,EastGroup Properties,Real Estate,10.62,0.85,44.0,62.0,25.0,40.0,56.0,23.0,61.0,82.0,94.0,80.0,41.0,53.0,15.0,34.0,23.0
AGNC,AGNC Investment,Financials,10.56,0.93,94.0,65.0,47.0,13.0,8.0,87.0,63.0,72.0,89.0,95.0,22.0,9.0,4.0,52.0,7.0
HII,Huntington Ingalls Industries,Industrials,10.52,0.95,60.0,40.0,45.0,58.0,33.0,64.0,34.0,49.0,35.0,54.0,35.0,59.0,30.0,61.0,43.0
SCI,Service Corp Intl,Consumer Discretionary,10.4,0.8,19.0,32.0,94.0,41.0,73.0,52.0,42.0,68.0,81.0,48.0,41.0,30.0,74.0,14.0,59.0
ALGN,Align Technology,Health Care,10.36,1.39,51.0,67.0,45.0,58.0,59.0,68.0,99.0,34.0,44.0,27.0,37.0,39.0,63.0,84.0,62.0
FNF,Fidelity National Financial,Financials,10.36,1.05,76.0,14.0,28.0,24.0,49.0,90.0,33.0,9.0,55.0,66.0,46.0,59.0,85.0,5.0,30.0
KNX,Knight-Swift,Industrials,10.35,1.28,74.0,91.0,15.0,90.0,37.0,57.0,78.0,92.0,49.0,36.0,33.0,87.0,33.0,65.0,84.0
VIAV,Viavi Solutions,Information Technology,10.35,1.76,8.0,99.0,24.0,10.0,0.0,2.0,77.0,96.0,3.0,2.0,56.0,30.0,5.0,89.0,11.0
RRX,Regal Rexnord,Industrials,10.33,1.67,73.0,46.0,34.0,82.0,16.0,28.0,60.0,38.0,26.0,38.0,43.0,64.0,33.0,91.0,47.0
AR,Antero Resources,Energy,10.31,1.01,82.0,52.0,37.0,18.0,74.0,84.0,20.0,20.0,40.0,40.0,37.0,71.0,47.0,55.0,34.0
TXRH,Texas Roadhouse,Consumer Discretionary,10.25,1.05,19.0,58.0,81.0,27.0,94.0,96.0,21.0,82.0,62.0,97.0,30.0,84.0,58.0,8.0,82.0
NYT,New York Times Company,Communication Services,10.24,0.99,26.0,58.0,68.0,53.0,99.0,46.0,54.0,84.0,27.0,20.0,34.0,82.0,,4.0,88.0
CGNX,Cognex,Information Technology,10.2,1.88,18.0,74.0,38.0,57.0,38.0,24.0,89.0,52.0,27.0,31.0,54.0,72.0,37.0,82.0,64.0
HUBS,HubSpot,Information Technology,10.18,2.06,26.0,2.0,10.0,82.0,73.0,97.0,80.0,11.0,2.0,2.0,32.0,96.0,88.0,20.0,71.0
AVTR,Avantor,Health Care,10.18,1.3,66.0,63.0,6.0,90.0,23.0,12.0,98.0,45.0,15.0,30.0,51.0,87.0,52.0,36.0,76.0
LULU,Lululemon Athletica,Consumer Discretionary,10.16,1.41,59.0,6.0,90.0,21.0,82.0,96.0,93.0,7.0,20.0,40.0,19.0,16.0,91.0,77.0,33.0
DCI,Donaldson Company,Industrials,10.09,1.14,22.0,50.0,79.0,60.0,80.0,41.0,40.0,47.0,93.0,95.0,50.0,26.0,41.0,55.0,53.0
GMED,Globus Medical,Health Care,10.06,1.28,58.0,81.0,34.0,21.0,79.0,63.0,81.0,61.0,48.0,74.0,44.0,52.0,50.0,60.0,52.0
CHTR,Charter Communications,Communication Services,10.06,1.25,97.0,3.0,96.0,63.0,46.0,99.0,95.0,11.0,14.0,5.0,23.0,76.0,,49.0,71.0
CART,Maplebear Inc.,Consumer Staples,10.05,0.91,33.0,73.0,66.0,98.0,100.0,88.0,,74.0,30.0,48.0,37.0,94.0,98.0,18.0,100.0
JKHY,Jack Henry & Associates,Financials,10.04,0.89,29.0,49.0,77.0,56.0,99.0,87.0,69.0,66.0,47.0,47.0,31.0,70.0,79.0,12.0,89.0
ENSG,Ensign Group,Health Care,10.02,0.8,33.0,33.0,59.0,18.0,66.0,22.0,15.0,21.0,83.0,52.0,44.0,51.0,20.0,14.0,16.0
AHR,American Healthcare REIT,Real Estate,9.98,,45.0,74.0,41.0,12.0,30.0,55.0,,91.0,73.0,65.0,39.0,52.0,3.0,14.0,9.0
EVR,Evercore,Financials,9.92,1.63,24.0,17.0,83.0,10.0,85.0,74.0,9.0,3.0,63.0,54.0,40.0,95.0,,88.0,58.0
DPZ,Domino's,Consumer Discretionary,9.91,0.98,,12.0,,82.0,80.0,80.0,70.0,30.0,39.0,34.0,22.0,88.0,71.0,15.0,84.0
UMBF,UMB Financial Corp.,Financials,9.87,1.01,82.0,61.0,30.0,52.0,17.0,62.0,43.0,58.0,84.0,54.0,49.0,18.0,40.0,46.0,27.0
BRKR,Bruker,Health Care,9.86,1.5,34.0,94.0,14.0,59.0,4.0,4.0,94.0,81.0,5.0,5.0,55.0,32.0,30.0,82.0,34.0
AMH,American Homes 4 Rent,Real Estate,9.86,0.87,76.0,40.0,,79.0,77.0,61.0,72.0,53.0,95.0,96.0,38.0,,,22.0,
PINS,Pinterest,Communication Services,9.85,1.62,38.0,5.0,38.0,96.0,83.0,84.0,85.0,16.0,25.0,31.0,27.0,96.0,,63.0,87.0
KRYS,Krystal Biotech,Health Care,9.84,0.88,16.0,96.0,43.0,10.0,48.0,59.0,6.0,95.0,28.0,20.0,55.0,10.0,14.0,53.0,21.0
MOH,Molina Healthcare,Health Care,9.83,0.8,53.0,37.0,62.0,76.0,43.0,44.0,82.0,48.0,36.0,22.0,36.0,2.0,78.0,68.0,44.0
CLX,Clorox,Consumer Staples,9.8,0.7,,14.0,,19.0,64.0,93.0,74.0,11.0,54.0,59.0,25.0,36.0,60.0,17.0,10.0
BXP,"BXP, Inc.",Real Estate,9.75,1.07,64.0,25.0,19.0,81.0,21.0,68.0,75.0,13.0,70.0,81.0,42.0,50.0,24.0,49.0,24.0
CPT,Camden Property Trust,Real Estate,9.72,0.85,52.0,37.0,32.0,73.0,96.0,60.0,77.0,37.0,92.0,98.0,31.0,61.0,89.0,26.0,78.0
VSAT,"Viasat, Inc.",Information Technology,9.7,1.67,60.0,98.0,13.0,81.0,6.0,11.0,89.0,83.0,13.0,17.0,69.0,88.0,13.0,99.0,74.0
FDS,FactSet,Financials,9.66,1.29,29.0,45.0,86.0,87.0,96.0,86.0,78.0,60.0,20.0,11.0,34.0,41.0,87.0,6.0,92.0
GKOS,Glaukos Corp.,Health Care,9.66,1.41,7.0,97.0,2.0,93.0,17.0,66.0,35.0,92.0,35.0,29.0,53.0,97.0,12.0,19.0,78.0
PAYC,Paycom,Industrials,9.64,1.35,9.0,46.0,95.0,49.0,86.0,67.0,91.0,56.0,10.0,81.0,42.0,59.0,99.0,31.0,93.0
WTS,Watts Water Technologies,Industrials,9.64,1.14,30.0,73.0,67.0,18.0,96.0,34.0,30.0,78.0,82.0,74.0,50.0,29.0,,49.0,40.0
DAR,Darling Ingredients,Consumer Staples,9.58,1.01,62.0,97.0,19.0,46.0,52.0,65.0,92.0,99.0,37.0,52.0,44.0,85.0,46.0,71.0,72.0
AM,Antero Midstream,Energy,9.57,0.84,27.0,60.0,83.0,28.0,91.0,73.0,10.0,17.0,81.0,93.0,54.0,80.0,54.0,28.0,78.0
WTFC,Wintrust Financial,Financials,9.57,1.08,81.0,53.0,38.0,34.0,13.0,49.0,23.0,41.0,94.0,68.0,49.0,14.0,24.0,58.0,13.0
AMG,Affiliated Managers Group,Financials,9.45,1.38,43.0,86.0,72.0,39.0,90.0,25.0,34.0,88.0,67.0,58.0,46.0,37.0,96.0,65.0,91.0
HSIC,Henry Schein,Health Care,9.4,0.87,45.0,75.0,64.0,39.0,88.0,54.0,74.0,60.0,88.0,60.0,40.0,34.0,94.0,27.0,77.0
FRT,Federal Realty Investment Trust,Real Estate,9.35,0.83,46.0,62.0,59.0,49.0,65.0,55.0,66.0,84.0,99.0,98.0,36.0,32.0,38.0,24.0,40.0
ALSN,Allison Transmission,Industrials,9.35,1.06,27.0,85.0,90.0,4.0,52.0,72.0,11.0,90.0,61.0,45.0,47.0,33.0,58.0,62.0,61.0
UHS,Universal Health Services,Health Care,9.33,0.99,82.0,17.0,77.0,49.0,90.0,15.0,43.0,8.0,51.0,60.0,36.0,33.0,,17.0,30.0
FLS,Flowserve,Industrials,9.29,1.72,33.0,84.0,59.0,53.0,57.0,58.0,30.0,72.0,58.0,71.0,43.0,37.0,73.0,82.0,83.0
AYI,Acuity Brands,Industrials,9.27,1.43,41.0,30.0,63.0,77.0,84.0,55.0,21.0,24.0,72.0,46.0,46.0,56.0,69.0,82.0,74.0
MUSA,Murphy USA,Consumer Discretionary,9.26,0.73,7.0,72.0,97.0,38.0,94.0,29.0,12.0,92.0,38.0,31.0,40.0,76.0,84.0,1.0,96.0
ARWR,Arrowhead Pharmaceuticals,Health Care,9.24,1.62,6.0,98.0,54.0,6.0,5.0,96.0,89.0,90.0,9.0,26.0,52.0,80.0,14.0,62.0,26.0
MTCH,Match Group,Communication Services,9.23,1.11,,51.0,,24.0,77.0,26.0,98.0,67.0,46.0,49.0,41.0,,84.0,42.0,59.0
OC,Owens Corning,Industrials,9.22,1.54,50.0,33.0,33.0,93.0,48.0,90.0,29.0,27.0,52.0,30.0,40.0,96.0,87.0,77.0,83.0
CYTK,Cytokinetics,Health Care,9.16,0.92,,72.0,,73.0,3.0,57.0,34.0,57.0,49.0,39.0,45.0,98.0,3.0,28.0,80.0
FCFS,FirstCash,Financials,9.16,0.89,34.0,78.0,49.0,15.0,74.0,27.0,24.0,86.0,37.0,72.0,57.0,60.0,69.0,44.0,70.0
ZION,Zions Bancorporation,Financials,9.14,1.11,82.0,60.0,42.0,76.0,22.0,51.0,57.0,53.0,84.0,63.0,42.0,15.0,56.0,59.0,57.0
PTGX,"Protagonist Therapeutics, Inc.",Health Care,9.11,0.91,7.0,97.0,3.0,91.0,33.0,42.0,3.0,97.0,30.0,44.0,60.0,99.0,10.0,0.0,78.0
PODD,Insulet Corporation,Health Care,9.05,1.26,18.0,1.0,85.0,98.0,80.0,81.0,62.0,0.0,15.0,26.0,30.0,88.0,60.0,18.0,85.0
WMS,Advanced Drainage Systems,Industrials,9.04,1.32,28.0,31.0,83.0,14.0,77.0,54.0,48.0,21.0,63.0,43.0,47.0,83.0,59.0,68.0,60.0
ORI,Old Republic International,Financials,9.01,0.83,73.0,43.0,54.0,48.0,72.0,72.0,14.0,60.0,89.0,96.0,48.0,20.0,73.0,1.0,50.0
APTV,Aptiv,Consumer Discretionary,8.96,1.49,92.0,2.0,44.0,35.0,39.0,39.0,86.0,2.0,19.0,43.0,38.0,80.0,82.0,85.0,29.0
VMI,Valmont Industries,Industrials,8.94,1.13,25.0,64.0,74.0,68.0,85.0,26.0,30.0,56.0,76.0,65.0,48.0,41.0,68.0,67.0,84.0
SAIA,Saia,Industrials,8.9,1.38,39.0,60.0,46.0,47.0,54.0,51.0,53.0,51.0,26.0,30.0,40.0,86.0,38.0,81.0,64.0
LTH,"Life Time Group Holdings, Inc.",Consumer Discretionary,8.9,1.26,47.0,84.0,51.0,29.0,35.0,45.0,,94.0,54.0,33.0,53.0,70.0,17.0,25.0,51.0
PBF,PBF Energy,Energy,8.88,0.98,71.0,98.0,9.0,25.0,13.0,10.0,8.0,95.0,6.0,13.0,56.0,18.0,,36.0,17.0
AAL,American Airlines Group,Industrials,8.85,1.59,,57.0,,68.0,8.0,23.0,88.0,43.0,45.0,24.0,12.0,59.0,32.0,76.0,62.0
ESI,Element Solutions,Materials,8.84,1.81,41.0,81.0,42.0,17.0,12.0,16.0,50.0,60.0,32.0,19.0,54.0,,22.0,96.0,18.0
JXN,"Jackson Financial, Inc.",Financials,8.82,1.29,92.0,74.0,9.0,57.0,16.0,30.0,3.0,71.0,54.0,46.0,57.0,26.0,70.0,65.0,41.0
R,Ryder,Industrials,8.74,1.21,43.0,73.0,58.0,81.0,85.0,56.0,10.0,68.0,88.0,87.0,51.0,92.0,89.0,70.0,99.0
SIRI,SiriusXM,Communication Services,8.72,0.91,96.0,70.0,43.0,80.0,47.0,64.0,92.0,84.0,49.0,8.0,44.0,53.0,42.0,43.0,65.0
RRC,Range Resources,Energy,8.66,0.94,64.0,47.0,49.0,75.0,97.0,74.0,19.0,13.0,56.0,60.0,43.0,75.0,65.0,32.0,86.0
CTRE,CareTrust REIT,Real Estate,8.63,0.81,59.0,57.0,27.0,9.0,41.0,45.0,21.0,77.0,82.0,62.0,45.0,23.0,2.0,15.0,4.0
VOYA,Voya Financial,Financials,8.56,1.11,65.0,77.0,70.0,47.0,47.0,56.0,45.0,82.0,91.0,65.0,47.0,17.0,89.0,33.0,73.0
TGTX,"TG Therapeutics, Inc.",Health Care,8.54,1.05,7.0,83.0,67.0,1.0,57.0,14.0,56.0,70.0,23.0,19.0,60.0,0.0,75.0,17.0,53.0
SPXC,SPX Technologies,Industrials,8.49,1.48,36.0,41.0,52.0,13.0,17.0,86.0,6.0,36.0,36.0,60.0,52.0,32.0,7.0,70.0,6.0
BRX,Brixmor Property Group,Real Estate,8.47,0.86,46.0,45.0,43.0,47.0,63.0,42.0,43.0,54.0,99.0,94.0,40.0,39.0,34.0,18.0,32.0
PNR,Pentair,Industrials,8.46,1.4,57.0,3.0,70.0,52.0,69.0,82.0,37.0,0.0,30.0,95.0,33.0,31.0,71.0,61.0,35.0
MHK,Mohawk Industries,Consumer Discretionary,8.45,1.36,91.0,32.0,20.0,61.0,15.0,32.0,82.0,45.0,40.0,23.0,49.0,62.0,6.0,81.0,16.0
TTEK,Tetra Tech,Industrials,8.44,1.15,30.0,43.0,69.0,55.0,87.0,67.0,55.0,55.0,67.0,72.0,47.0,,71.0,29.0,68.0
MP,MP Materials,Materials,8.42,1.75,32.0,12.0,5.0,4.0,1.0,85.0,16.0,32.0,12.0,15.0,34.0,6.0,6.0,66.0,0.0
PRI,Primerica,Financials,8.42,0.93,40.0,40.0,,73.0,70.0,46.0,21.0,36.0,85.0,89.0,51.0,,85.0,14.0,89.0
IDCC,InterDigital,Information Technology,8.41,1.36,16.0,29.0,88.0,28.0,66.0,32.0,2.0,24.0,33.0,49.0,52.0,73.0,46.0,38.0,60.0
BAH,Booz Allen Hamilton,Industrials,8.35,0.88,16.0,11.0,97.0,85.0,77.0,64.0,46.0,26.0,35.0,22.0,40.0,36.0,72.0,42.0,78.0
ADC,Agree Realty,Real Estate,8.31,0.6,79.0,41.0,19.0,20.0,31.0,58.0,53.0,73.0,99.0,99.0,33.0,39.0,4.0,3.0,4.0
ARE,Alexandria Real Estate Equities,Real Estate,8.27,1.41,99.0,5.0,5.0,94.0,17.0,51.0,90.0,8.0,23.0,19.0,49.0,81.0,24.0,61.0,26.0
NEU,NewMarket Corporation,Materials,8.25,0.96,29.0,47.0,81.0,37.0,92.0,21.0,9.0,51.0,64.0,74.0,46.0,55.0,67.0,39.0,72.0
WYNN,Wynn Resorts,Consumer Discretionary,8.21,1.19,,7.0,,70.0,42.0,84.0,30.0,5.0,71.0,77.0,34.0,80.0,49.0,57.0,54.0
AVT,Avnet,Information Technology,8.2,1.39,70.0,92.0,35.0,21.0,24.0,4.0,36.0,85.0,34.0,9.0,55.0,47.0,62.0,79.0,46.0
MXL,"MaxLinear, Inc.",Information Technology,8.19,2.82,5.0,100.0,2.0,95.0,3.0,0.0,97.0,94.0,0.0,3.0,88.0,97.0,9.0,99.0,79.0
WAL,Western Alliance Bancorporation,Financials,8.19,1.15,88.0,23.0,44.0,17.0,17.0,39.0,66.0,7.0,85.0,65.0,48.0,4.0,56.0,72.0,9.0
ALV,Autoliv,Consumer Discretionary,8.19,1.15,42.0,32.0,88.0,55.0,85.0,61.0,32.0,44.0,74.0,47.0,48.0,62.0,83.0,67.0,84.0
EAT,Brinker International,Consumer Discretionary,8.17,1.36,4.0,91.0,98.0,39.0,78.0,89.0,9.0,95.0,19.0,41.0,42.0,88.0,85.0,33.0,99.0
DY,Dycom Industries,Industrials,8.12,1.33,32.0,32.0,50.0,2.0,14.0,60.0,3.0,39.0,15.0,34.0,44.0,68.0,10.0,86.0,13.0
REXR,Rexford Industrial Realty,Real Estate,8.09,1.05,91.0,24.0,14.0,90.0,71.0,25.0,79.0,10.0,59.0,55.0,43.0,35.0,88.0,66.0,53.0
TKR,Timken,Industrials,8.09,1.3,51.0,88.0,56.0,53.0,40.0,34.0,53.0,94.0,54.0,81.0,51.0,50.0,49.0,75.0,68.0
COLB,Columbia Banking System,Financials,8.09,0.99,89.0,62.0,25.0,11.0,4.0,36.0,70.0,54.0,88.0,60.0,45.0,16.0,1.0,49.0,4.0
GAP,Gap Inc.,Consumer Discretionary,8.02,1.4,57.0,43.0,80.0,52.0,62.0,15.0,62.0,57.0,26.0,19.0,39.0,51.0,86.0,82.0,82.0
SM,SM Energy Company,Energy,8.02,1.21,85.0,84.0,50.0,1.0,27.0,66.0,53.0,63.0,14.0,15.0,57.0,76.0,0.0,35.0,23.0
KTOS,Kratos Defense & Security Solutions,Industrials,8.01,1.76,54.0,3.0,11.0,2.0,2.0,91.0,4.0,15.0,17.0,66.0,43.0,7.0,5.0,96.0,0.0
AGCO,AGCO,Industrials,8.0,1.2,65.0,47.0,48.0,52.0,62.0,36.0,65.0,44.0,27.0,14.0,49.0,30.0,89.0,80.0,71.0
OSK,Oshkosh,Industrials,7.97,1.4,67.0,62.0,67.0,66.0,55.0,92.0,47.0,52.0,58.0,40.0,51.0,,76.0,75.0,91.0
WLK,Westlake Corporation,Materials,7.96,1.34,92.0,33.0,3.0,89.0,25.0,92.0,67.0,33.0,32.0,57.0,52.0,87.0,47.0,70.0,55.0
CNM,Core & Main,Industrials,7.9,1.14,35.0,12.0,84.0,73.0,61.0,36.0,19.0,2.0,73.0,29.0,45.0,39.0,,75.0,53.0
NNN,NNN Reit,Real Estate,7.89,0.73,67.0,50.0,46.0,56.0,50.0,68.0,57.0,83.0,96.0,100.0,42.0,39.0,15.0,10.0,22.0
FR,First Industrial Realty Trust,Real Estate,7.89,0.9,45.0,64.0,30.0,46.0,67.0,34.0,62.0,79.0,95.0,87.0,46.0,49.0,39.0,41.0,41.0
CBSH,Commerce Bancshares,Financials,7.85,0.88,66.0,37.0,46.0,31.0,23.0,43.0,60.0,26.0,99.0,90.0,45.0,15.0,14.0,24.0,9.0
KMX,"CarMax, Inc.",Consumer Discretionary,7.82,1.56,82.0,75.0,16.0,85.0,36.0,74.0,96.0,80.0,41.0,23.0,44.0,67.0,88.0,77.0,90.0
MGM,MGM Resorts,Consumer Discretionary,7.81,1.51,41.0,50.0,88.0,81.0,50.0,98.0,74.0,64.0,63.0,65.0,35.0,67.0,93.0,70.0,87.0
SNEX,StoneX Group Inc.,Financials,7.8,1.22,45.0,86.0,39.0,3.0,7.0,48.0,5.0,81.0,24.0,33.0,69.0,79.0,5.0,70.0,33.0
ZWS,Zurn Elkay Water Solutions Corp.,Industrials,7.72,1.1,28.0,36.0,58.0,61.0,83.0,33.0,32.0,27.0,79.0,88.0,60.0,66.0,54.0,50.0,63.0
LNC,Lincoln Financial,Financials,7.71,1.27,96.0,46.0,40.0,46.0,3.0,47.0,79.0,35.0,51.0,41.0,53.0,10.0,21.0,34.0,13.0
ATR,AptarGroup,Materials,7.7,0.97,44.0,35.0,61.0,26.0,95.0,63.0,57.0,25.0,83.0,85.0,48.0,45.0,76.0,24.0,45.0
MSGS,Madison Square Garden Sports Corp.,Communication Services,7.68,0.92,,90.0,,74.0,28.0,10.0,49.0,99.0,76.0,43.0,50.0,78.0,,40.0,99.0
UGI,UGI Corp,Utilities,7.65,0.79,77.0,59.0,65.0,64.0,64.0,52.0,69.0,74.0,71.0,94.0,46.0,45.0,45.0,16.0,61.0
RAL,Ralliant Corp,Information Technology,7.65,,28.0,82.0,1.0,99.0,34.0,4.0,,,44.0,33.0,57.0,100.0,65.0,94.0,93.0
PCTY,Paylocity,Industrials,7.59,1.34,20.0,31.0,75.0,49.0,70.0,77.0,87.0,47.0,34.0,26.0,53.0,46.0,79.0,27.0,68.0
ACM,AECOM,Industrials,7.59,1.31,39.0,2.0,90.0,67.0,42.0,82.0,17.0,1.0,30.0,32.0,41.0,30.0,72.0,45.0,52.0
RHP,Ryman Hospitality Properties,Real Estate,7.54,1.03,10.0,81.0,95.0,17.0,57.0,43.0,53.0,93.0,78.0,88.0,53.0,67.0,37.0,56.0,74.0
THG,Hanover Insurance,Financials,7.46,0.72,59.0,69.0,76.0,43.0,82.0,44.0,38.0,93.0,81.0,66.0,51.0,41.0,71.0,1.0,76.0
EMN,Eastman Chemical Company,Materials,7.42,1.27,83.0,60.0,27.0,69.0,45.0,70.0,81.0,43.0,79.0,50.0,46.0,43.0,48.0,68.0,52.0
CHRD,Chord Energy,Energy,7.4,0.98,93.0,85.0,13.0,70.0,91.0,67.0,34.0,69.0,34.0,35.0,54.0,94.0,82.0,37.0,92.0
KNSL,Kinsale Capital Group,Financials,7.35,0.83,36.0,21.0,75.0,17.0,92.0,86.0,10.0,33.0,44.0,86.0,48.0,83.0,68.0,12.0,64.0
DKS,Dick's Sporting Goods,Consumer Discretionary,7.33,1.44,80.0,5.0,63.0,3.0,21.0,21.0,26.0,11.0,4.0,6.0,27.0,50.0,,71.0,8.0
HQY,HealthEquity,Health Care,7.32,0.74,37.0,35.0,53.0,86.0,93.0,65.0,37.0,19.0,42.0,76.0,51.0,77.0,80.0,26.0,86.0
AVAV,AeroVironment,Industrials,7.23,1.74,70.0,1.0,5.0,0.0,3.0,40.0,5.0,12.0,8.0,25.0,41.0,43.0,15.0,96.0,0.0
NFG,National Fuel Gas,Utilities,7.21,0.73,64.0,23.0,67.0,39.0,65.0,63.0,18.0,25.0,87.0,93.0,47.0,72.0,8.0,11.0,22.0
APPF,AppFolio,Information Technology,7.19,1.17,6.0,14.0,82.0,61.0,99.0,87.0,13.0,18.0,21.0,12.0,64.0,96.0,,15.0,86.0
ACA,"Arcosa, Inc.",Industrials,7.18,1.18,48.0,87.0,44.0,70.0,53.0,20.0,23.0,90.0,99.0,100.0,70.0,36.0,39.0,51.0,60.0
MORN,"Morningstar, Inc.",Financials,7.13,1.37,18.0,25.0,92.0,29.0,96.0,84.0,72.0,39.0,34.0,17.0,54.0,,97.0,18.0,51.0
VSXY,Victoria's Secret,Consumer Discretionary,7.06,1.68,13.0,99.0,84.0,55.0,31.0,12.0,92.0,99.0,14.0,12.0,57.0,76.0,49.0,51.0,94.0
SARO,StandardAero,Industrials,7.06,,49.0,23.0,65.0,59.0,23.0,83.0,,18.0,62.0,60.0,57.0,,56.0,61.0,37.0
SSD,Simpson Manufacturing,Industrials,7.0,1.11,39.0,45.0,69.0,39.0,90.0,53.0,33.0,41.0,76.0,84.0,62.0,49.0,61.0,66.0,57.0
PLXS,Plexus Corp.,Information Technology,6.96,1.34,29.0,90.0,47.0,35.0,32.0,6.0,33.0,75.0,38.0,27.0,71.0,31.0,56.0,95.0,59.0
TRNO,Terreno Realty Corporation,Real Estate,6.95,0.91,71.0,60.0,31.0,25.0,39.0,28.0,67.0,72.0,93.0,97.0,53.0,6.0,9.0,34.0,6.0
KEX,Kirby Corporation,Industrials,6.93,1.05,60.0,90.0,49.0,68.0,92.0,60.0,30.0,96.0,61.0,74.0,45.0,64.0,86.0,57.0,94.0
CELH,Celsius Holdings,Consumer Staples,6.93,1.56,24.0,3.0,39.0,0.0,36.0,84.0,25.0,9.0,6.0,21.0,35.0,61.0,63.0,80.0,11.0
MSM,MSC Industrial Direct,Industrials,6.91,1.05,28.0,75.0,67.0,72.0,79.0,11.0,47.0,83.0,84.0,51.0,52.0,65.0,33.0,48.0,80.0
STAG,STAG Industrial,Real Estate,6.9,0.9,63.0,46.0,27.0,52.0,40.0,33.0,65.0,49.0,86.0,94.0,48.0,36.0,11.0,42.0,15.0
HLI,Houlihan Lokey,Financials,6.89,1.16,44.0,6.0,70.0,25.0,93.0,43.0,12.0,1.0,45.0,57.0,43.0,72.0,,47.0,31.0
MOS,Mosaic Company (The),Materials,6.88,1.15,98.0,8.0,24.0,46.0,19.0,71.0,58.0,10.0,35.0,32.0,37.0,22.0,36.0,88.0,5.0
AXTA,Axalta,Materials,6.88,1.3,46.0,70.0,80.0,67.0,53.0,80.0,67.0,62.0,66.0,38.0,53.0,47.0,57.0,37.0,80.0
MSA,MSA Safety,Industrials,6.87,1.08,26.0,46.0,77.0,22.0,87.0,43.0,53.0,43.0,74.0,72.0,60.0,44.0,59.0,47.0,48.0
ESE,ESCO Technologies Inc.,Industrials,6.87,1.2,32.0,72.0,37.0,7.0,56.0,33.0,9.0,70.0,60.0,60.0,61.0,6.0,32.0,48.0,18.0
CMC,Commercial Metals,Materials,6.87,1.35,73.0,59.0,12.0,7.0,33.0,63.0,20.0,40.0,51.0,51.0,56.0,72.0,59.0,87.0,28.0
AWI,"Armstrong World Industries, Inc.",Industrials,6.85,1.14,16.0,21.0,91.0,42.0,89.0,52.0,20.0,11.0,66.0,89.0,49.0,32.0,69.0,54.0,52.0
AAON,AAON,Industrials,6.82,1.53,17.0,15.0,53.0,8.0,7.0,6.0,17.0,23.0,20.0,16.0,60.0,2.0,19.0,94.0,1.0
VCTR,"Victory Capital Holdings, Inc.",Financials,6.81,1.26,45.0,93.0,64.0,4.0,83.0,50.0,15.0,98.0,52.0,63.0,72.0,23.0,94.0,75.0,64.0
ALKS,Alkermes plc,Health Care,6.79,0.87,35.0,88.0,49.0,1.0,43.0,86.0,69.0,77.0,55.0,81.0,56.0,72.0,17.0,36.0,42.0
ALGM,Allegro MicroSystems,Information Technology,6.77,2.2,18.0,65.0,12.0,78.0,16.0,21.0,74.0,38.0,11.0,24.0,69.0,91.0,24.0,97.0,60.0
FSS,Federal Signal Corporation,Industrials,6.76,1.21,29.0,31.0,72.0,10.0,42.0,46.0,7.0,25.0,44.0,78.0,64.0,17.0,30.0,68.0,9.0
NCLH,Norwegian Cruise Line Holdings,Consumer Discretionary,6.73,1.82,47.0,5.0,94.0,28.0,12.0,68.0,68.0,8.0,25.0,42.0,26.0,75.0,13.0,90.0,18.0
POWL,"Powell Industries, Inc.",Industrials,6.72,1.3,12.0,92.0,81.0,14.0,29.0,14.0,0.0,81.0,14.0,31.0,59.0,8.0,26.0,87.0,33.0
NOV,NOV Inc.,Energy,6.69,1.04,88.0,89.0,27.0,80.0,79.0,79.0,57.0,56.0,59.0,75.0,58.0,87.0,81.0,88.0,94.0
PB,Prosperity Bancshares,Financials,6.66,0.87,95.0,47.0,23.0,26.0,14.0,55.0,58.0,50.0,96.0,78.0,45.0,12.0,8.0,19.0,4.0
NE,Noble Corporation,Energy,6.66,1.15,75.0,89.0,31.0,90.0,54.0,63.0,51.0,60.0,27.0,14.0,64.0,86.0,28.0,62.0,84.0
ENS,EnerSys,Industrials,6.66,1.56,38.0,89.0,70.0,72.0,71.0,22.0,35.0,86.0,42.0,68.0,58.0,71.0,75.0,75.0,97.0
GTES,Gates Corporation,Industrials,6.63,1.56,62.0,37.0,48.0,59.0,41.0,15.0,36.0,26.0,53.0,51.0,66.0,42.0,62.0,79.0,39.0
CHE,Chemed Corp.,Health Care,6.6,0.72,15.0,53.0,87.0,95.0,98.0,31.0,67.0,46.0,81.0,43.0,42.0,99.0,97.0,16.0,95.0
ETSY,Etsy,Consumer Discretionary,6.6,1.54,,44.0,,12.0,74.0,81.0,96.0,63.0,24.0,47.0,37.0,97.0,92.0,72.0,80.0
MATX,"Matson, Inc.",Industrials,6.57,1.07,53.0,97.0,60.0,71.0,88.0,29.0,48.0,100.0,59.0,56.0,65.0,31.0,88.0,81.0,94.0
URBN,"Urban Outfitters, Inc.",Consumer Discretionary,6.54,1.32,51.0,48.0,72.0,42.0,80.0,47.0,15.0,63.0,36.0,34.0,50.0,32.0,83.0,59.0,65.0
VICR,Vicor Corporation,Industrials,6.5,2.29,13.0,100.0,37.0,15.0,48.0,0.0,95.0,98.0,0.0,0.0,74.0,35.0,,99.0,62.0
LNTH,Lantheus Holdings,Health Care,6.5,0.81,25.0,95.0,75.0,23.0,99.0,27.0,22.0,98.0,72.0,99.0,51.0,73.0,95.0,13.0,95.0
QLYS,Qualys,Information Technology,6.49,1.58,9.0,76.0,87.0,33.0,92.0,20.0,56.0,64.0,6.0,1.0,60.0,87.0,81.0,69.0,96.0
FLR,Fluor,Industrials,6.49,1.37,56.0,68.0,4.0,91.0,24.0,81.0,8.0,54.0,17.0,37.0,47.0,3.0,99.0,79.0,63.0
NPO,"EnPro Industries, Inc.",Industrials,6.48,1.37,33.0,74.0,35.0,51.0,13.0,12.0,9.0,64.0,43.0,70.0,68.0,,28.0,80.0,29.0
TXNM,TXNM Energy,Utilities,6.46,0.46,65.0,39.0,44.0,43.0,29.0,18.0,48.0,45.0,100.0,98.0,17.0,45.0,8.0,16.0,10.0
PPC,Pilgrim's Pride,Consumer Staples,6.43,0.65,69.0,11.0,89.0,92.0,69.0,86.0,31.0,16.0,36.0,76.0,68.0,38.0,35.0,2.0,57.0
AMRX,Amneal Pharmaceuticals,Health Care,6.43,0.99,,92.0,,50.0,16.0,3.0,21.0,89.0,31.0,5.0,83.0,79.0,16.0,20.0,75.0
CAG,Conagra Brands,Consumer Staples,6.42,0.52,97.0,27.0,3.0,98.0,51.0,91.0,85.0,36.0,55.0,88.0,29.0,96.0,45.0,11.0,62.0
LAD,Lithia Motors,Consumer Discretionary,6.42,1.2,91.0,53.0,74.0,33.0,37.0,96.0,66.0,72.0,12.0,72.0,49.0,6.0,98.0,55.0,48.0
MTDR,Matador Resources,Energy,6.4,1.08,86.0,71.0,69.0,33.0,83.0,77.0,39.0,43.0,25.0,46.0,55.0,93.0,44.0,41.0,77.0
H,Hyatt,Consumer Discretionary,6.39,1.33,61.0,54.0,8.0,79.0,7.0,45.0,22.0,67.0,60.0,77.0,40.0,41.0,,54.0,37.0
HXL,Hexcel,Industrials,6.35,1.26,27.0,85.0,47.0,83.0,78.0,70.0,62.0,88.0,71.0,46.0,47.0,56.0,84.0,40.0,93.0
MAC,Macerich,Real Estate,6.35,1.2,49.0,77.0,5.0,91.0,11.0,42.0,54.0,78.0,72.0,89.0,64.0,71.0,4.0,67.0,49.0
VNO,Vornado Realty Trust,Real Estate,6.33,1.2,89.0,26.0,53.0,66.0,67.0,70.0,62.0,15.0,69.0,48.0,63.0,29.0,72.0,66.0,55.0
CAVA,Cava Group,Consumer Discretionary,6.32,1.52,15.0,48.0,24.0,20.0,26.0,93.0,,58.0,11.0,41.0,39.0,82.0,24.0,62.0,26.0
CLF,Cleveland-Cliffs,Materials,6.28,1.91,88.0,21.0,3.0,87.0,0.0,43.0,85.0,28.0,8.0,8.0,44.0,63.0,3.0,96.0,14.0
UBSI,United Bankshares,Financials,6.26,0.86,87.0,70.0,29.0,61.0,52.0,28.0,46.0,91.0,98.0,84.0,61.0,13.0,79.0,36.0,57.0
SFM,Sprouts Farmers Market,Consumer Staples,6.22,0.92,31.0,9.0,91.0,22.0,88.0,95.0,2.0,25.0,22.0,47.0,38.0,57.0,81.0,25.0,56.0
LGND,"Ligand Pharmaceuticals, Inc.",Health Care,6.22,1.12,21.0,89.0,17.0,3.0,31.0,5.0,22.0,79.0,68.0,30.0,66.0,3.0,13.0,13.0,10.0
CVLT,CommVault Systems,Information Technology,6.21,1.6,0.0,8.0,100.0,4.0,68.0,6.0,11.0,14.0,11.0,7.0,56.0,85.0,91.0,61.0,71.0
FAF,First American Financial Corporation,Financials,6.2,1.1,87.0,58.0,39.0,20.0,35.0,93.0,61.0,67.0,49.0,44.0,58.0,27.0,46.0,2.0,23.0
HR,Healthcare Realty Trust,Real Estate,6.08,0.7,78.0,49.0,6.0,97.0,72.0,56.0,67.0,71.0,98.0,85.0,45.0,79.0,70.0,17.0,79.0
FNB,FNB Corporation,Financials,6.08,1.05,93.0,53.0,28.0,59.0,29.0,44.0,29.0,43.0,94.0,69.0,39.0,11.0,63.0,43.0,33.0
RNG,"RingCentral, Inc.",Information Technology,6.06,1.93,,97.0,,97.0,39.0,7.0,100.0,87.0,4.0,8.0,72.0,100.0,,51.0,100.0
ST,Sensata Technologies,Industrials,6.05,1.57,58.0,76.0,29.0,90.0,27.0,18.0,87.0,58.0,61.0,42.0,64.0,83.0,43.0,92.0,81.0
CZR,Caesars Entertainment,Consumer Discretionary,6.04,1.7,67.0,41.0,92.0,84.0,41.0,23.0,98.0,57.0,100.0,100.0,38.0,66.0,66.0,72.0,56.0
INGR,Ingredion,Consumer Staples,6.04,0.7,78.0,19.0,71.0,45.0,94.0,59.0,36.0,4.0,90.0,97.0,41.0,37.0,63.0,19.0,38.0
HIMS,Hims & Hers Health,Health Care,6.04,2.07,8.0,2.0,72.0,1.0,34.0,20.0,1.0,12.0,4.0,21.0,27.0,79.0,,96.0,26.0
CWEN,"Clearway Energy, Inc. (Class C)",Utilities,6.01,0.93,88.0,54.0,14.0,21.0,14.0,53.0,61.0,60.0,62.0,32.0,69.0,40.0,17.0,38.0,7.0
CRUS,Cirrus Logic,Information Technology,6.01,1.36,46.0,20.0,68.0,42.0,95.0,6.0,41.0,6.0,51.0,19.0,53.0,85.0,70.0,73.0,74.0
TEX,Terex,Industrials,6.01,1.68,83.0,66.0,33.0,3.0,3.0,93.0,49.0,50.0,40.0,29.0,64.0,30.0,0.0,95.0,3.0
GATX,GATX,Industrials,6.0,0.97,58.0,34.0,41.0,8.0,42.0,30.0,16.0,30.0,88.0,85.0,64.0,26.0,54.0,25.0,14.0
ECG,"Everus Construction Group, Inc.",Industrials,6.0,,13.0,78.0,87.0,8.0,24.0,16.0,,60.0,16.0,39.0,75.0,5.0,39.0,90.0,30.0
ACT,"Enact Holdings, Inc.",Financials,5.98,0.86,87.0,67.0,43.0,57.0,98.0,74.0,15.0,92.0,83.0,86.0,86.0,19.0,91.0,5.0,73.0
M,Macy's,Consumer Discretionary,5.95,1.32,83.0,64.0,67.0,70.0,51.0,11.0,69.0,74.0,47.0,7.0,44.0,61.0,72.0,69.0,86.0
ELF,e.l.f. Beauty,Consumer Staples,5.95,1.54,26.0,14.0,22.0,2.0,9.0,59.0,3.0,25.0,19.0,26.0,44.0,79.0,11.0,100.0,4.0
SWX,Southwest Gas Corp,Utilities,5.91,0.62,76.0,55.0,40.0,97.0,50.0,61.0,47.0,85.0,95.0,93.0,55.0,22.0,26.0,16.0,48.0
CPB,The Campbell's Company,Consumer Staples,5.91,0.46,74.0,13.0,78.0,65.0,53.0,91.0,75.0,15.0,44.0,42.0,33.0,46.0,40.0,2.0,35.0
POOL,Pool Corporation,Consumer Discretionary,5.88,1.21,26.0,4.0,92.0,39.0,64.0,84.0,81.0,3.0,50.0,78.0,34.0,8.0,71.0,55.0,28.0
LEA,Lear,Consumer Discretionary,5.82,1.22,86.0,68.0,52.0,48.0,53.0,45.0,80.0,83.0,36.0,30.0,54.0,54.0,92.0,58.0,77.0
HRL,Hormel Foods,Consumer Staples,5.8,0.54,96.0,24.0,31.0,78.0,73.0,66.0,83.0,30.0,65.0,80.0,38.0,37.0,,6.0,26.0
HWC,Hancock Whitney,Financials,5.8,1.03,80.0,63.0,38.0,64.0,53.0,32.0,33.0,61.0,95.0,72.0,52.0,14.0,87.0,46.0,66.0
LKQ,LKQ Corporation,Consumer Discretionary,5.79,1.14,93.0,18.0,52.0,83.0,44.0,68.0,84.0,34.0,28.0,39.0,51.0,40.0,61.0,43.0,44.0
WEX,WEX Inc.,Financials,5.79,1.35,30.0,58.0,92.0,31.0,19.0,79.0,68.0,56.0,29.0,22.0,58.0,21.0,42.0,31.0,39.0
MKTX,MarketAxess,Financials,5.77,0.88,28.0,24.0,79.0,14.0,96.0,20.0,92.0,51.0,9.0,99.0,42.0,68.0,88.0,17.0,63.0
LUMN,Lumen Technologies,Communication Services,5.77,1.42,,41.0,,94.0,20.0,75.0,89.0,50.0,15.0,11.0,63.0,98.0,32.0,94.0,88.0
LW,Lamb Weston,Consumer Staples,5.73,0.86,42.0,34.0,82.0,77.0,75.0,98.0,67.0,43.0,55.0,93.0,49.0,83.0,59.0,22.0,85.0
ANF,Abercrombie & Fitch,Consumer Discretionary,5.72,1.49,32.0,90.0,92.0,28.0,77.0,50.0,16.0,88.0,2.0,20.0,48.0,43.0,96.0,87.0,94.0
LSTR,Landstar System,Industrials,5.72,1.17,17.0,85.0,61.0,92.0,86.0,55.0,76.0,88.0,57.0,76.0,51.0,74.0,66.0,74.0,98.0
LYFT,"Lyft, Inc.",Industrials,5.68,1.45,64.0,8.0,5.0,5.0,41.0,78.0,92.0,14.0,33.0,36.0,35.0,0.0,,71.0,6.0
WFRD,Weatherford International,Energy,5.65,1.13,41.0,81.0,89.0,73.0,46.0,95.0,4.0,32.0,35.0,43.0,54.0,61.0,42.0,91.0,91.0
HOMB,Home BancShares,Financials,5.65,0.91,81.0,41.0,37.0,72.0,21.0,41.0,40.0,30.0,94.0,77.0,58.0,10.0,16.0,27.0,17.0
CROX,Crocs,Consumer Discretionary,5.64,1.38,34.0,81.0,35.0,98.0,63.0,31.0,89.0,89.0,36.0,11.0,46.0,96.0,98.0,26.0,97.0
ACI,Albertsons,Consumer Staples,5.63,0.66,43.0,8.0,87.0,76.0,67.0,51.0,75.0,20.0,13.0,18.0,43.0,80.0,98.0,30.0,83.0
ORA,Ormat Technologies,Utilities,5.63,1.06,57.0,42.0,22.0,20.0,10.0,74.0,41.0,48.0,29.0,15.0,52.0,41.0,18.0,73.0,7.0
MTRN,Materion Corp.,Materials,5.62,1.66,22.0,95.0,39.0,41.0,9.0,3.0,28.0,90.0,2.0,24.0,82.0,24.0,28.0,90.0,33.0
GBCI,Glacier Bancorp,Financials,5.62,1.01,80.0,28.0,20.0,23.0,7.0,55.0,60.0,10.0,89.0,68.0,62.0,17.0,5.0,48.0,2.0
EPAM,EPAM Systems,Information Technology,5.59,1.37,71.0,10.0,51.0,78.0,93.0,63.0,98.0,15.0,14.0,22.0,43.0,68.0,92.0,42.0,76.0
EPRT,"Essential Properties Realty Trust, Inc.",Real Estate,5.58,0.84,82.0,40.0,28.0,18.0,34.0,83.0,54.0,57.0,83.0,96.0,48.0,27.0,5.0,9.0,3.0
MGY,"Magnolia Oil & Gas, Corp.",Energy,5.57,0.96,47.0,51.0,68.0,62.0,100.0,82.0,33.0,7.0,30.0,43.0,56.0,96.0,,29.0,92.0
SXT,Sensient Technologies,Materials,5.56,1.18,30.0,83.0,56.0,35.0,42.0,34.0,61.0,81.0,60.0,88.0,71.0,10.0,35.0,54.0,28.0
VFC,VF Corporation,Consumer Discretionary,5.53,1.49,44.0,25.0,81.0,80.0,13.0,10.0,98.0,28.0,25.0,27.0,51.0,57.0,26.0,91.0,47.0
CACC,Credit Acceptance,Financials,5.51,1.38,37.0,73.0,10.0,91.0,58.0,79.0,80.0,64.0,69.0,69.0,55.0,90.0,93.0,78.0,95.0
ERIE,Erie Indemnity,Financials,5.5,0.77,54.0,15.0,80.0,23.0,99.0,87.0,25.0,29.0,20.0,39.0,66.0,49.0,,1.0,27.0
PI,"Impinj, Inc.",Information Technology,5.48,1.94,2.0,28.0,9.0,53.0,8.0,13.0,7.0,30.0,27.0,28.0,72.0,93.0,8.0,96.0,17.0
JBTM,JBT Marel Corporation,Industrials,5.48,1.31,84.0,17.0,17.0,66.0,18.0,71.0,73.0,14.0,41.0,61.0,55.0,,45.0,60.0,13.0
MCY,Mercury General,Financials,5.48,0.73,59.0,64.0,66.0,34.0,76.0,32.0,30.0,76.0,79.0,50.0,79.0,66.0,42.0,12.0,70.0
PEGA,Pegasystems,Information Technology,5.47,1.57,16.0,5.0,86.0,18.0,84.0,71.0,72.0,6.0,13.0,11.0,61.0,77.0,80.0,24.0,64.0
G,Genpact,Industrials,5.47,1.1,57.0,22.0,80.0,22.0,93.0,86.0,70.0,33.0,36.0,38.0,51.0,58.0,77.0,29.0,55.0
INSW,"International Seaways, Inc.",Energy,5.45,0.74,51.0,98.0,53.0,25.0,71.0,2.0,4.0,94.0,35.0,55.0,77.0,33.0,33.0,27.0,49.0
VAL,Valaris,Energy,5.44,1.37,69.0,91.0,51.0,14.0,76.0,68.0,37.0,66.0,25.0,5.0,62.0,1.0,70.0,85.0,59.0
RDNT,"RadNet, Inc.",Health Care,5.42,1.33,27.0,35.0,20.0,19.0,8.0,68.0,10.0,20.0,34.0,22.0,70.0,81.0,9.0,62.0,8.0
PTCT,"PTC Therapeutics, Inc.",Health Care,5.4,0.89,,52.0,,38.0,22.0,56.0,44.0,34.0,33.0,19.0,52.0,21.0,8.0,6.0,7.0
AUB,"Atlantic Union Bankshares, Corp.",Financials,5.39,1.04,89.0,57.0,19.0,5.0,27.0,50.0,53.0,48.0,95.0,57.0,65.0,64.0,38.0,60.0,18.0
NOVT,Novanta,Information Technology,5.38,1.92,33.0,83.0,25.0,10.0,6.0,33.0,86.0,53.0,27.0,9.0,69.0,18.0,8.0,95.0,6.0
KGS,"Kodiak Gas Services, Inc.",Energy,5.34,1.09,30.0,89.0,79.0,70.0,14.0,72.0,,58.0,17.0,48.0,57.0,90.0,3.0,54.0,70.0
SAIC,Science Applications Intl Corp,Industrials,5.34,0.89,36.0,73.0,85.0,63.0,97.0,24.0,52.0,81.0,71.0,62.0,60.0,59.0,95.0,12.0,97.0
MTG,MGIC Investment Corporation,Financials,5.34,1.01,89.0,45.0,50.0,82.0,99.0,90.0,18.0,56.0,75.0,91.0,50.0,26.0,97.0,6.0,83.0
ABCB,Ameris Bancorp,Financials,5.34,0.96,80.0,52.0,34.0,46.0,42.0,47.0,32.0,46.0,98.0,84.0,61.0,12.0,67.0,40.0,32.0
BKH,Black Hills Corporation,Utilities,5.34,0.77,79.0,63.0,47.0,40.0,35.0,29.0,59.0,84.0,90.0,73.0,47.0,46.0,9.0,9.0,18.0
WH,Wyndham Hotels & Resorts,Consumer Discretionary,5.33,1.18,8.0,23.0,97.0,76.0,71.0,28.0,55.0,38.0,69.0,70.0,46.0,54.0,73.0,41.0,85.0
MUR,Murphy Oil,Energy,5.31,1.06,90.0,71.0,20.0,65.0,25.0,18.0,36.0,44.0,21.0,15.0,67.0,,30.0,50.0,35.0
AROC,"Archrock, Inc.",Energy,5.31,1.02,38.0,63.0,67.0,30.0,66.0,39.0,3.0,17.0,39.0,76.0,63.0,74.0,46.0,40.0,74.0
TFX,Teleflex,Health Care,5.3,1.16,69.0,58.0,16.0,90.0,47.0,81.0,96.0,41.0,63.0,27.0,52.0,,81.0,54.0,72.0
AGX,"Argan, Inc.",Industrials,5.3,1.39,9.0,87.0,78.0,4.0,29.0,77.0,1.0,76.0,5.0,11.0,53.0,98.0,16.0,23.0,74.0
SHC,Sotera Health,Health Care,5.28,0.87,14.0,60.0,42.0,54.0,29.0,29.0,86.0,20.0,71.0,64.0,68.0,72.0,29.0,59.0,62.0
EXP,Eagle Materials,Materials,5.27,1.34,37.0,15.0,79.0,18.0,88.0,80.0,26.0,3.0,63.0,71.0,50.0,62.0,86.0,77.0,60.0
CHDN,Churchill Downs Inc.,Consumer Discretionary,5.27,1.21,28.0,20.0,94.0,68.0,61.0,85.0,74.0,44.0,47.0,53.0,51.0,,51.0,49.0,71.0
BCPC,Balchem Corporation,Materials,5.27,0.89,33.0,58.0,55.0,53.0,94.0,52.0,61.0,64.0,88.0,89.0,66.0,48.0,61.0,21.0,63.0
LAUR,"Laureate Education, Inc.",Consumer Discretionary,5.26,0.87,27.0,58.0,88.0,14.0,98.0,17.0,4.0,79.0,66.0,36.0,69.0,49.0,90.0,8.0,75.0
PATH,UiPath,Information Technology,5.25,1.93,47.0,84.0,15.0,33.0,49.0,100.0,98.0,66.0,7.0,11.0,27.0,40.0,,56.0,65.0
CAKE,"The Cheesecake Factory, Inc.",Consumer Discretionary,5.24,1.25,9.0,95.0,87.0,46.0,35.0,39.0,44.0,100.0,18.0,40.0,54.0,58.0,43.0,16.0,89.0
VNOM,Viper Energy,Energy,5.23,0.77,90.0,64.0,7.0,1.0,79.0,77.0,12.0,14.0,58.0,52.0,50.0,88.0,,28.0,22.0
PSMT,PriceSmart,Consumer Staples,5.22,0.91,36.0,78.0,56.0,18.0,62.0,24.0,32.0,83.0,67.0,93.0,70.0,57.0,32.0,15.0,38.0
AN,AutoNation,Consumer Discretionary,5.21,0.99,54.0,23.0,93.0,33.0,50.0,97.0,28.0,38.0,30.0,63.0,48.0,4.0,98.0,35.0,45.0
ESNT,Essent Group Ltd.,Financials,5.2,0.98,93.0,42.0,41.0,51.0,98.0,87.0,36.0,54.0,70.0,93.0,59.0,30.0,96.0,5.0,64.0
POR,Portland General Electric,Utilities,5.17,0.66,82.0,55.0,47.0,56.0,44.0,60.0,62.0,86.0,85.0,83.0,46.0,,8.0,13.0,21.0
MMSI,"Merit Medical Systems, Inc.",Health Care,5.15,1.02,41.0,49.0,39.0,32.0,64.0,44.0,60.0,28.0,75.0,75.0,58.0,71.0,23.0,33.0,26.0
NJR,New Jersey Resources,Utilities,5.13,0.61,62.0,51.0,62.0,34.0,50.0,41.0,35.0,90.0,92.0,90.0,63.0,25.0,20.0,1.0,17.0
CVI,"CVR Energy, Inc.",Energy,5.13,0.96,11.0,51.0,84.0,94.0,17.0,2.0,5.0,36.0,13.0,9.0,84.0,40.0,42.0,44.0,51.0
GXO,GXO Logistics,Industrials,5.1,1.5,69.0,21.0,28.0,39.0,6.0,56.0,85.0,16.0,45.0,65.0,59.0,43.0,33.0,87.0,8.0
DOCS,Doximity,Health Care,5.1,1.59,25.0,0.0,70.0,95.0,93.0,9.0,72.0,1.0,3.0,10.0,58.0,90.0,80.0,65.0,92.0
IBP,"Installed Building Products, Inc.",Consumer Discretionary,5.1,1.54,16.0,31.0,93.0,28.0,68.0,97.0,13.0,53.0,37.0,24.0,57.0,60.0,72.0,74.0,69.0
OLLI,Ollie's Bargain Outlet,Consumer Discretionary,5.09,1.07,48.0,3.0,53.0,30.0,68.0,3.0,19.0,5.0,24.0,20.0,46.0,27.0,75.0,13.0,19.0
IRDM,Iridium Communications,Communication Services,5.08,1.26,10.0,99.0,91.0,86.0,51.0,16.0,93.0,99.0,70.0,49.0,70.0,89.0,44.0,32.0,98.0
RLI,RLI Corp.,Financials,5.08,0.71,46.0,42.0,70.0,27.0,71.0,83.0,40.0,65.0,61.0,90.0,62.0,43.0,43.0,1.0,40.0
FTDR,"Frontdoor, Inc.",Consumer Discretionary,5.07,1.25,3.0,62.0,98.0,66.0,74.0,71.0,38.0,75.0,19.0,52.0,74.0,78.0,86.0,45.0,98.0
GVA,"Granite Construction, Inc.",Industrials,5.07,1.07,27.0,47.0,77.0,10.0,45.0,38.0,8.0,47.0,32.0,37.0,49.0,77.0,43.0,33.0,50.0
HRB,H&R Block,Consumer Discretionary,5.04,0.94,,40.0,,54.0,82.0,96.0,14.0,74.0,17.0,92.0,55.0,31.0,94.0,8.0,63.0
SBRA,Sabra Health Care REIT,Real Estate,5.04,0.75,66.0,55.0,19.0,43.0,33.0,35.0,31.0,80.0,59.0,58.0,54.0,45.0,7.0,3.0,14.0
CWST,"Casella Waste Systems, Inc.",Industrials,5.01,0.99,41.0,35.0,17.0,66.0,76.0,83.0,57.0,50.0,67.0,57.0,59.0,86.0,,23.0,51.0
STWD,Starwood Property Trust,Financials,5.0,0.91,96.0,19.0,21.0,76.0,13.0,77.0,58.0,4.0,91.0,80.0,44.0,21.0,6.0,25.0,7.0
RITM,Rithm Capital,Financials,4.99,1.1,98.0,28.0,23.0,18.0,6.0,77.0,36.0,18.0,78.0,73.0,48.0,4.0,8.0,36.0,1.0
SIGI,Selective Insurance Group,Financials,4.98,0.7,77.0,56.0,45.0,38.0,80.0,65.0,61.0,75.0,84.0,94.0,61.0,63.0,67.0,4.0,68.0
NXST,Nexstar Media Group,Communication Services,4.98,1.17,55.0,27.0,87.0,4.0,11.0,78.0,39.0,46.0,55.0,13.0,56.0,57.0,16.0,33.0,4.0
MRCY,Mercury Systems,Industrials,4.95,1.44,39.0,54.0,9.0,61.0,8.0,45.0,31.0,52.0,14.0,8.0,74.0,76.0,21.0,90.0,32.0
ACIW,ACI Worldwide,Information Technology,4.95,1.17,40.0,36.0,69.0,86.0,84.0,64.0,30.0,23.0,58.0,66.0,71.0,41.0,67.0,22.0,75.0
KLIC,"Kulicke and Soffa Industries, Inc.",Information Technology,4.93,1.92,23.0,95.0,9.0,57.0,23.0,2.0,84.0,84.0,9.0,12.0,80.0,86.0,43.0,78.0,75.0
AX,"Axos Financial, Inc.",Financials,4.91,1.17,72.0,49.0,48.0,14.0,15.0,75.0,23.0,40.0,83.0,92.0,73.0,15.0,29.0,53.0,12.0
CNO,CNO Financial Group,Financials,4.9,0.93,62.0,79.0,69.0,56.0,55.0,34.0,23.0,96.0,98.0,62.0,66.0,22.0,84.0,26.0,68.0
FND,Floor & Decor,Consumer Discretionary,4.9,1.66,61.0,6.0,38.0,56.0,25.0,67.0,87.0,6.0,31.0,34.0,46.0,41.0,52.0,86.0,19.0
MTN,Vail Resorts,Consumer Discretionary,4.89,1.26,13.0,31.0,97.0,80.0,76.0,21.0,89.0,56.0,48.0,20.0,47.0,61.0,81.0,35.0,93.0
OUT,Outfront Media,Real Estate,4.89,1.19,17.0,89.0,89.0,66.0,28.0,42.0,65.0,97.0,86.0,89.0,66.0,40.0,8.0,29.0,70.0
KRG,Kite Realty Group Trust,Real Estate,4.89,0.83,69.0,64.0,35.0,89.0,94.0,47.0,50.0,88.0,98.0,94.0,50.0,29.0,95.0,28.0,86.0
BYD,Boyd Gaming,Consumer Discretionary,4.87,1.11,63.0,21.0,79.0,65.0,98.0,86.0,42.0,28.0,80.0,90.0,47.0,1.0,96.0,62.0,67.0
CE,Celanese,Materials,4.87,1.45,85.0,48.0,3.0,91.0,14.0,30.0,97.0,50.0,29.0,10.0,58.0,88.0,35.0,79.0,59.0
FLG,Flagstar Bank,Financials,4.87,0.81,98.0,54.0,8.0,97.0,10.0,81.0,95.0,52.0,83.0,44.0,52.0,12.0,31.0,64.0,23.0
WAY,Waystar Holding Corp,Health Care,4.86,,83.0,7.0,22.0,12.0,14.0,35.0,,10.0,11.0,9.0,70.0,44.0,5.0,57.0,1.0
SON,Sonoco,Materials,4.83,1.11,79.0,74.0,78.0,96.0,46.0,79.0,76.0,78.0,56.0,53.0,57.0,5.0,34.0,39.0,75.0
GOLF,Acushnet Company,Consumer Discretionary,4.82,1.07,22.0,49.0,85.0,37.0,53.0,41.0,32.0,69.0,64.0,84.0,73.0,15.0,48.0,25.0,37.0
PECO,Phillips Edison & Company,Real Estate,4.81,0.68,59.0,55.0,18.0,57.0,44.0,34.0,48.0,84.0,99.0,96.0,56.0,56.0,14.0,12.0,25.0
EBC,"Eastern Bankshares, Inc.",Financials,4.79,0.98,87.0,64.0,13.0,14.0,7.0,40.0,63.0,64.0,90.0,66.0,59.0,22.0,6.0,47.0,4.0
BROS,Dutch Bros Inc.,Consumer Discretionary,4.79,1.5,18.0,24.0,71.0,26.0,20.0,97.0,63.0,39.0,14.0,34.0,37.0,75.0,,31.0,31.0
HAE,Haemonetics,Health Care,4.79,0.96,22.0,96.0,63.0,83.0,72.0,16.0,82.0,94.0,32.0,40.0,62.0,91.0,87.0,1.0,97.0
RUSHA,Rush Enterprises,Industrials,4.76,1.03,59.0,81.0,57.0,87.0,95.0,74.0,21.0,89.0,65.0,85.0,75.0,92.0,,31.0,98.0
CSW,"CSW Industrials, Inc.",Industrials,4.69,1.38,30.0,69.0,54.0,4.0,39.0,56.0,21.0,61.0,29.0,24.0,76.0,25.0,74.0,83.0,31.0
MIDD,Middleby,Industrials,4.68,1.3,62.0,37.0,73.0,100.0,89.0,54.0,79.0,29.0,58.0,64.0,50.0,61.0,100.0,74.0,96.0
RYAN,Ryan Specialty,Financials,4.66,0.83,17.0,10.0,96.0,28.0,28.0,82.0,29.0,24.0,34.0,31.0,56.0,64.0,,9.0,16.0
HCC,"Warrior Met Coal, Inc.",Materials,4.65,0.93,59.0,91.0,13.0,40.0,45.0,95.0,6.0,88.0,30.0,31.0,66.0,70.0,30.0,73.0,48.0
SKY,"Champion Homes, Inc.",Consumer Discretionary,4.65,1.41,44.0,59.0,54.0,72.0,87.0,39.0,55.0,77.0,43.0,58.0,69.0,58.0,80.0,59.0,87.0
CNX,CNX Resources,Energy,4.65,0.79,91.0,49.0,47.0,72.0,62.0,87.0,9.0,16.0,73.0,46.0,53.0,56.0,8.0,23.0,44.0
CHH,Choice Hotels,Consumer Discretionary,4.63,1.18,2.0,28.0,99.0,22.0,61.0,25.0,71.0,53.0,50.0,68.0,60.0,4.0,69.0,40.0,33.0
VSEC,VSE Corporation,Industrials,4.62,1.68,68.0,68.0,15.0,2.0,2.0,97.0,5.0,56.0,17.0,36.0,69.0,18.0,1.0,84.0,2.0
DUOL,Duolingo,Consumer Discretionary,4.62,1.56,40.0,1.0,33.0,6.0,74.0,39.0,33.0,9.0,8.0,10.0,42.0,7.0,,56.0,4.0
NSIT,"Insight Enterprises, Inc.",Industrials,4.61,1.34,45.0,78.0,66.0,12.0,27.0,23.0,51.0,71.0,36.0,14.0,75.0,24.0,89.0,73.0,46.0
LFST,Lifestance Health,Health Care,4.6,1.24,42.0,97.0,12.0,67.0,56.0,32.0,95.0,93.0,34.0,47.0,90.0,72.0,64.0,63.0,84.0
BOX,"Box, Inc.",Information Technology,4.59,1.12,,47.0,,97.0,87.0,53.0,46.0,42.0,40.0,25.0,58.0,95.0,86.0,11.0,99.0
HASI,"Hannon Armstrong Sustainable Infrastructure Capital, Inc.",Financials,4.58,1.02,66.0,74.0,26.0,33.0,10.0,70.0,83.0,74.0,79.0,59.0,68.0,11.0,11.0,70.0,10.0
GNTX,Gentex,Consumer Discretionary,4.58,1.02,66.0,13.0,61.0,39.0,99.0,33.0,69.0,15.0,75.0,44.0,54.0,74.0,80.0,48.0,62.0
CHEF,"Chefs' Warehouse, Inc.",Consumer Staples,4.57,1.16,16.0,94.0,72.0,37.0,30.0,23.0,24.0,97.0,38.0,50.0,72.0,38.0,39.0,9.0,56.0
REYN,Reynolds Consumer Products,Consumer Staples,4.56,0.67,61.0,34.0,46.0,67.0,70.0,55.0,67.0,31.0,79.0,71.0,72.0,47.0,35.0,17.0,43.0
FFIN,First Financial Bankshares,Financials,4.55,0.92,54.0,33.0,45.0,40.0,29.0,38.0,75.0,19.0,90.0,79.0,75.0,16.0,38.0,44.0,16.0
MYRG,"MYR Group, Inc.",Industrials,4.55,1.43,18.0,79.0,75.0,32.0,42.0,21.0,18.0,67.0,31.0,45.0,64.0,91.0,33.0,82.0,80.0
CUZ,Cousins Properties,Real Estate,4.55,1.06,91.0,42.0,51.0,52.0,58.0,43.0,71.0,39.0,85.0,90.0,61.0,52.0,66.0,52.0,35.0
FBIN,Fortune Brands Innovations,Industrials,4.54,1.64,63.0,17.0,69.0,78.0,26.0,87.0,82.0,18.0,48.0,38.0,52.0,,50.0,84.0,43.0
LPX,Louisiana-Pacific,Industrials,4.52,1.4,49.0,16.0,41.0,74.0,59.0,65.0,39.0,16.0,39.0,25.0,57.0,85.0,42.0,71.0,51.0
RELY,Remitly,Financials,4.52,1.39,27.0,88.0,29.0,12.0,32.0,96.0,,82.0,18.0,22.0,67.0,96.0,13.0,93.0,44.0
CRC,California Resources Corporation,Energy,4.51,1.01,73.0,33.0,65.0,53.0,55.0,36.0,43.0,2.0,62.0,44.0,68.0,75.0,7.0,52.0,33.0
OGS,One Gas,Utilities,4.51,0.58,81.0,35.0,45.0,46.0,41.0,69.0,42.0,46.0,87.0,91.0,55.0,47.0,9.0,9.0,12.0
BSY,Bentley Systems,Information Technology,4.5,1.43,36.0,8.0,79.0,58.0,77.0,83.0,77.0,6.0,28.0,37.0,53.0,78.0,,32.0,67.0
PIPR,Piper Sandler Companies,Financials,4.46,1.46,40.0,19.0,66.0,19.0,65.0,81.0,8.0,5.0,53.0,42.0,64.0,93.0,19.0,64.0,35.0
TREX,Trex,Industrials,4.44,1.72,30.0,20.0,76.0,49.0,90.0,42.0,91.0,25.0,48.0,26.0,56.0,86.0,85.0,89.0,83.0
DIOD,Diodes Incorporated,Information Technology,4.44,2.2,54.0,91.0,12.0,46.0,28.0,8.0,87.0,70.0,6.0,16.0,86.0,69.0,52.0,99.0,67.0
AMTM,Amentum,Industrials,4.43,,92.0,19.0,35.0,92.0,11.0,69.0,,25.0,29.0,77.0,72.0,55.0,30.0,48.0,28.0
KBR,"KBR, Inc.",Industrials,4.43,1.0,46.0,13.0,91.0,86.0,75.0,49.0,48.0,13.0,54.0,80.0,60.0,,67.0,67.0,83.0
CON,"Concentra Group Holdings Parent, Inc.",Health Care,4.39,,10.0,89.0,96.0,47.0,57.0,17.0,,87.0,48.0,64.0,82.0,50.0,49.0,32.0,87.0
PSN,Parsons Corporation,Industrials,4.38,1.42,70.0,4.0,53.0,31.0,20.0,90.0,12.0,15.0,3.0,59.0,61.0,51.0,41.0,88.0,12.0
SFBS,"ServisFirst Bancshares, Inc.",Financials,4.37,0.99,55.0,42.0,49.0,84.0,22.0,58.0,55.0,33.0,87.0,81.0,81.0,17.0,39.0,52.0,45.0
VIRT,"Virtu Financial, Inc.",Financials,4.36,0.91,51.0,93.0,10.0,6.0,3.0,90.0,29.0,98.0,24.0,42.0,65.0,29.0,,13.0,15.0
ENPH,Enphase Energy,Information Technology,4.36,1.76,34.0,34.0,49.0,96.0,9.0,70.0,98.0,42.0,18.0,11.0,43.0,7.0,20.0,98.0,33.0
OII,"Oceaneering International, Inc.",Energy,4.34,1.24,35.0,96.0,78.0,20.0,80.0,90.0,20.0,82.0,18.0,28.0,83.0,,97.0,77.0,94.0
TPC,Tutor Perini Corporation,Industrials,4.34,1.32,37.0,75.0,62.0,21.0,26.0,56.0,2.0,63.0,21.0,43.0,78.0,92.0,47.0,72.0,59.0
CVCO,"Cavco Industries, Inc.",Consumer Discretionary,4.32,1.42,35.0,27.0,65.0,46.0,95.0,21.0,13.0,49.0,69.0,56.0,58.0,64.0,71.0,54.0,66.0
ALK,Alaska Air Group,Industrials,4.32,1.61,86.0,13.0,28.0,63.0,25.0,53.0,73.0,10.0,45.0,43.0,47.0,67.0,75.0,88.0,41.0
FULT,Fulton Financial Corporation,Financials,4.31,0.99,84.0,70.0,38.0,74.0,10.0,38.0,37.0,80.0,96.0,75.0,65.0,10.0,8.0,48.0,28.0
EPR,EPR Properties,Real Estate,4.3,0.91,65.0,44.0,59.0,62.0,57.0,39.0,37.0,55.0,91.0,89.0,56.0,34.0,26.0,31.0,31.0
KRMN,Karman Holdings,Industrials,4.3,,10.0,4.0,59.0,4.0,3.0,97.0,,13.0,9.0,6.0,58.0,5.0,38.0,96.0,0.0
ITGR,Integer Holdings Corporation,Health Care,4.29,1.34,50.0,64.0,45.0,58.0,49.0,19.0,60.0,53.0,26.0,98.0,58.0,37.0,74.0,65.0,57.0
VNT,Vontier,Information Technology,4.29,1.28,39.0,10.0,90.0,88.0,86.0,30.0,52.0,2.0,74.0,53.0,64.0,34.0,92.0,61.0,83.0
ACMR,"ACM Research, Inc.",Information Technology,4.28,2.26,48.0,94.0,24.0,4.0,2.0,4.0,59.0,72.0,2.0,9.0,78.0,4.0,,100.0,10.0
CNR,"Core Natural Resources, Inc.",Energy,4.28,0.81,85.0,61.0,6.0,86.0,66.0,91.0,5.0,37.0,38.0,41.0,66.0,79.0,75.0,75.0,81.0
WHD,"Cactus, Inc.",Energy,4.27,1.25,37.0,92.0,67.0,7.0,52.0,79.0,51.0,62.0,20.0,30.0,74.0,49.0,,77.0,56.0
IBOC,Intl Bancshares Corp,Financials,4.26,0.87,81.0,38.0,43.0,58.0,40.0,30.0,23.0,26.0,99.0,90.0,77.0,18.0,40.0,31.0,26.0
CRGY,Crescent Energy Company,Energy,4.26,1.19,93.0,87.0,18.0,15.0,29.0,50.0,,63.0,25.0,18.0,68.0,92.0,1.0,73.0,29.0
UFPI,UFP Industries,Industrials,4.26,1.07,78.0,23.0,40.0,85.0,96.0,64.0,44.0,16.0,56.0,42.0,69.0,71.0,88.0,56.0,82.0
BGC,"BGC Group, Inc.",Financials,4.25,1.08,35.0,67.0,48.0,16.0,41.0,39.0,22.0,70.0,49.0,62.0,78.0,54.0,,8.0,47.0
SLM,SLM Corp,Financials,4.25,1.42,68.0,25.0,80.0,68.0,44.0,82.0,27.0,26.0,62.0,54.0,57.0,4.0,96.0,51.0,68.0
FELE,Franklin Electric,Industrials,4.24,1.14,41.0,42.0,64.0,58.0,84.0,41.0,53.0,38.0,86.0,84.0,75.0,58.0,51.0,48.0,54.0
ROAD,"Construction Partners, Inc.",Industrials,4.24,1.53,32.0,15.0,71.0,13.0,15.0,89.0,4.0,20.0,12.0,28.0,69.0,66.0,,68.0,14.0
MC,Moelis & Company,Financials,4.23,1.53,13.0,30.0,93.0,42.0,77.0,90.0,39.0,17.0,41.0,66.0,63.0,99.0,,79.0,89.0
INDV,Indivior,Health Care,4.23,0.54,,82.0,,97.0,46.0,14.0,32.0,67.0,58.0,34.0,58.0,0.0,86.0,19.0,89.0
GFF,Griffon Corporation,Industrials,4.23,1.18,1.0,70.0,99.0,96.0,50.0,42.0,4.0,66.0,50.0,64.0,82.0,,70.0,75.0,99.0
BDC,Belden Inc.,Information Technology,4.22,1.45,40.0,26.0,74.0,47.0,40.0,49.0,18.0,10.0,23.0,13.0,71.0,45.0,59.0,73.0,50.0
LIVN,LivaNova,Health Care,4.21,1.14,38.0,86.0,55.0,82.0,26.0,40.0,85.0,67.0,56.0,48.0,68.0,97.0,22.0,49.0,73.0
NWE,NorthWestern Energy,Utilities,4.21,0.7,75.0,64.0,38.0,47.0,43.0,26.0,55.0,87.0,89.0,78.0,67.0,34.0,36.0,13.0,26.0
FHI,Federated Hermes,Financials,4.2,0.98,38.0,66.0,88.0,42.0,96.0,79.0,20.0,74.0,77.0,67.0,68.0,3.0,,41.0,50.0
OPLN,"OPENLANE, Inc.",Industrials,4.2,1.13,39.0,67.0,53.0,67.0,19.0,40.0,24.0,66.0,63.0,87.0,76.0,,3.0,56.0,48.0
CNK,"Cinemark Holdings, Inc.",Communication Services,4.2,0.98,,71.0,,,,11.0,36.0,87.0,51.0,39.0,57.0,,,36.0,
BC,Brunswick,Consumer Discretionary,4.17,1.39,49.0,61.0,8.0,91.0,32.0,89.0,81.0,69.0,69.0,69.0,63.0,91.0,54.0,85.0,79.0
ENVA,"Enova International, Inc.",Financials,4.16,1.57,44.0,93.0,92.0,12.0,47.0,99.0,5.0,97.0,11.0,32.0,73.0,98.0,52.0,58.0,90.0
PTEN,"Patterson-UTI Energy, Inc.",Energy,4.16,1.25,80.0,98.0,9.0,92.0,67.0,84.0,80.0,98.0,13.0,41.0,64.0,97.0,54.0,83.0,94.0
BCO,Brink's,Industrials,4.16,1.11,6.0,26.0,99.0,31.0,51.0,58.0,25.0,23.0,46.0,61.0,68.0,,60.0,55.0,60.0
CVSA,Covista Inc.,Consumer Discretionary,4.16,1.06,43.0,18.0,75.0,83.0,90.0,61.0,4.0,53.0,13.0,69.0,71.0,48.0,86.0,1.0,80.0
MARA,"MARA Holdings, Inc.",Information Technology,4.12,2.39,65.0,3.0,1.0,99.0,1.0,10.0,89.0,8.0,1.0,1.0,31.0,88.0,,100.0,42.0
MTH,Meritage Homes Corporation,Consumer Discretionary,4.1,1.22,95.0,30.0,30.0,83.0,67.0,67.0,38.0,47.0,51.0,38.0,63.0,3.0,95.0,69.0,49.0
ESAB,ESAB,Industrials,4.1,1.52,64.0,7.0,61.0,9.0,6.0,82.0,,4.0,25.0,15.0,67.0,19.0,13.0,76.0,1.0
PARR,"Par Pacific Holdings, Inc.",Energy,4.09,0.95,48.0,97.0,85.0,26.0,67.0,16.0,13.0,94.0,8.0,29.0,74.0,27.0,59.0,36.0,74.0
RDN,"Radian Group, Inc.",Financials,4.09,0.92,94.0,35.0,41.0,15.0,61.0,88.0,24.0,41.0,66.0,79.0,62.0,3.0,59.0,7.0,11.0
AIR,AAR Corp.,Industrials,4.08,1.41,53.0,83.0,38.0,18.0,5.0,97.0,9.0,77.0,19.0,44.0,74.0,5.0,4.0,64.0,10.0
CHWY,Chewy,Consumer Discretionary,4.05,1.33,11.0,4.0,94.0,38.0,55.0,98.0,88.0,12.0,23.0,26.0,37.0,93.0,,69.0,72.0
ACLS,"Axcelis Technologies, Inc.",Information Technology,4.05,2.19,35.0,59.0,39.0,63.0,35.0,3.0,20.0,42.0,6.0,14.0,76.0,11.0,63.0,92.0,47.0
VSH,Vishay Intertechnology,Information Technology,4.05,2.12,62.0,96.0,14.0,69.0,2.0,7.0,77.0,80.0,5.0,13.0,78.0,57.0,,97.0,74.0
TDW,"Tidewater, Inc.",Energy,4.04,0.98,44.0,91.0,65.0,24.0,52.0,84.0,2.0,70.0,11.0,24.0,72.0,28.0,27.0,60.0,51.0
TCBI,Texas Capital Bancshares,Financials,4.04,1.04,87.0,51.0,31.0,43.0,38.0,40.0,37.0,42.0,93.0,92.0,61.0,13.0,85.0,69.0,38.0
AZZ,"AZZ, Inc.",Industrials,4.03,1.18,44.0,67.0,62.0,55.0,84.0,28.0,15.0,64.0,75.0,66.0,77.0,85.0,40.0,78.0,87.0
GEO,"GEO Group, Inc.",Industrials,4.03,1.05,48.0,85.0,57.0,51.0,59.0,41.0,8.0,79.0,49.0,27.0,77.0,3.0,89.0,65.0,77.0
FBP,First BanCorp (Puerto Rico),Financials,4.02,1.01,60.0,70.0,58.0,76.0,64.0,48.0,19.0,82.0,90.0,76.0,70.0,18.0,87.0,33.0,85.0
PRIM,Primoris Services Corporation,Industrials,4.01,2.09,53.0,2.0,74.0,76.0,34.0,12.0,2.0,20.0,18.0,26.0,53.0,58.0,47.0,95.0,51.0
LAZ,Lazard,Financials,4.01,1.64,30.0,17.0,86.0,75.0,56.0,91.0,43.0,7.0,53.0,47.0,68.0,73.0,65.0,90.0,84.0
ICUI,ICU Medical,Health Care,4.01,1.08,63.0,83.0,13.0,89.0,13.0,58.0,90.0,65.0,41.0,37.0,73.0,57.0,18.0,63.0,56.0
UCB,"United Community Banks, Inc.",Financials,3.99,0.98,88.0,50.0,30.0,71.0,34.0,37.0,52.0,44.0,94.0,62.0,72.0,15.0,59.0,44.0,40.0
CATY,Cathay General Bancorp,Financials,3.98,0.99,79.0,71.0,36.0,57.0,48.0,33.0,44.0,86.0,96.0,75.0,76.0,15.0,77.0,42.0,60.0
LOPE,Grand Canyon Education,Consumer Discretionary,3.98,0.86,23.0,7.0,86.0,91.0,97.0,15.0,11.0,13.0,47.0,58.0,61.0,99.0,92.0,12.0,78.0
CBT,Cabot Corp,Materials,3.97,1.2,50.0,47.0,87.0,61.0,91.0,57.0,29.0,44.0,49.0,37.0,72.0,82.0,74.0,63.0,92.0
WMG,Warner Music Group,Communication Services,3.96,1.06,25.0,17.0,97.0,29.0,31.0,29.0,74.0,31.0,38.0,29.0,58.0,39.0,,48.0,34.0
SYNA,Synaptics,Information Technology,3.96,2.24,45.0,79.0,5.0,81.0,7.0,10.0,95.0,48.0,20.0,6.0,76.0,78.0,20.0,97.0,60.0
REZI,"Resideo Technologies, Inc.",Industrials,3.96,1.83,79.0,6.0,66.0,69.0,1.0,52.0,31.0,10.0,8.0,66.0,74.0,2.0,15.0,94.0,1.0
SKT,"Tanger Factory Outlet Centers, Inc.",Real Estate,3.94,0.88,22.0,56.0,,22.0,43.0,68.0,14.0,66.0,95.0,98.0,65.0,,17.0,34.0,9.0
SIG,Signet Jewelers,Consumer Discretionary,3.92,1.4,60.0,17.0,66.0,51.0,62.0,1.0,50.0,24.0,9.0,0.0,62.0,74.0,90.0,86.0,76.0
BILL,Bill Holdings,Information Technology,3.92,1.75,90.0,21.0,8.0,53.0,28.0,85.0,99.0,23.0,21.0,20.0,55.0,42.0,97.0,70.0,36.0
KFY,Korn/Ferry International,Industrials,3.91,1.12,61.0,65.0,61.0,50.0,52.0,90.0,64.0,69.0,66.0,66.0,70.0,43.0,10.0,21.0,36.0
TDS,"Telephone and Data Systems, Inc.",Communication Services,3.9,0.67,95.0,19.0,8.0,65.0,44.0,19.0,13.0,28.0,44.0,11.0,66.0,75.0,39.0,50.0,27.0
MDU,"MDU Resources Group, Inc.",Utilities,3.9,0.82,79.0,52.0,34.0,31.0,36.0,52.0,26.0,65.0,93.0,91.0,59.0,48.0,12.0,23.0,13.0
YOU,"Clear Secure, Inc.",Information Technology,3.89,1.46,4.0,64.0,97.0,11.0,64.0,42.0,69.0,54.0,25.0,50.0,64.0,93.0,,11.0,89.0
WSFS,WSFS Financial Corporation,Financials,3.86,0.9,76.0,81.0,36.0,40.0,62.0,30.0,49.0,97.0,96.0,63.0,72.0,10.0,95.0,25.0,64.0
VVV,Valvoline,Consumer Discretionary,3.85,1.11,10.0,20.0,98.0,7.0,29.0,51.0,56.0,33.0,42.0,7.0,54.0,34.0,31.0,35.0,17.0
APLE,"Apple Hospitality REIT, Inc.",Real Estate,3.82,1.0,84.0,80.0,28.0,80.0,68.0,17.0,69.0,96.0,88.0,82.0,63.0,52.0,48.0,45.0,71.0
CVBF,CVB Financial Corp.,Financials,3.81,0.79,71.0,61.0,47.0,69.0,12.0,27.0,56.0,69.0,95.0,79.0,75.0,13.0,2.0,30.0,16.0
CDP,COPT Defense Properties,Real Estate,3.79,0.73,51.0,69.0,,52.0,52.0,53.0,51.0,95.0,99.0,88.0,62.0,,30.0,18.0,50.0
ITRI,"Itron, Inc.",Information Technology,3.78,1.56,54.0,11.0,63.0,24.0,54.0,77.0,35.0,10.0,11.0,72.0,56.0,35.0,82.0,84.0,34.0
BFH,"Bread Financial Holdings, Inc.",Financials,3.78,1.39,87.0,92.0,53.0,78.0,67.0,54.0,76.0,96.0,52.0,28.0,65.0,76.0,99.0,63.0,99.0
NVST,Envista Holdings,Health Care,3.77,1.22,84.0,74.0,25.0,66.0,45.0,85.0,90.0,43.0,48.0,47.0,59.0,54.0,78.0,70.0,72.0
CRVL,CorVel Corporation,Health Care,3.77,1.09,11.0,20.0,78.0,18.0,98.0,7.0,49.0,21.0,62.0,30.0,94.0,75.0,60.0,18.0,55.0
CAR,Avis Budget Group,Industrials,3.77,2.06,,22.0,,49.0,18.0,99.0,30.0,60.0,16.0,25.0,61.0,93.0,31.0,4.0,45.0
CNS,"Cohen & Steers, Inc.",Financials,3.76,1.12,19.0,66.0,81.0,64.0,54.0,70.0,71.0,69.0,73.0,70.0,80.0,0.0,23.0,38.0,41.0
RHI,Robert Half,Industrials,3.76,1.57,43.0,81.0,21.0,75.0,39.0,95.0,94.0,76.0,10.0,49.0,65.0,75.0,26.0,57.0,79.0
SKYW,"SkyWest, Inc.",Industrials,3.76,1.3,78.0,24.0,70.0,59.0,70.0,15.0,17.0,17.0,42.0,33.0,79.0,75.0,79.0,60.0,79.0
JOE,St. Joe Company,Real Estate,3.75,1.11,28.0,74.0,61.0,83.0,92.0,24.0,53.0,79.0,81.0,49.0,89.0,62.0,63.0,42.0,93.0
FCN,FTI Consulting,Industrials,3.73,0.59,56.0,24.0,72.0,52.0,93.0,76.0,53.0,40.0,66.0,52.0,54.0,4.0,99.0,0.0,47.0
HP,"Helmerich & Payne, Inc.",Energy,3.71,1.13,77.0,95.0,10.0,96.0,24.0,88.0,64.0,87.0,17.0,14.0,73.0,89.0,28.0,77.0,84.0
INDB,Independent Bank Corp.,Financials,3.7,0.87,89.0,59.0,20.0,13.0,11.0,37.0,59.0,57.0,96.0,73.0,73.0,15.0,4.0,46.0,3.0
OTTR,Otter Tail Corporation,Utilities,3.7,0.74,62.0,51.0,59.0,26.0,72.0,32.0,32.0,62.0,84.0,66.0,78.0,36.0,36.0,27.0,27.0
VCYT,"Veracyte, Inc.",Health Care,3.7,1.81,47.0,69.0,17.0,35.0,19.0,8.0,83.0,52.0,5.0,3.0,80.0,61.0,14.0,57.0,24.0
UNF,UniFirst Corporation,Industrials,3.69,0.96,70.0,90.0,29.0,65.0,95.0,69.0,78.0,94.0,89.0,90.0,60.0,64.0,,53.0,83.0
AVNT,Avient,Materials,3.69,1.41,73.0,77.0,29.0,64.0,15.0,64.0,78.0,71.0,31.0,70.0,82.0,48.0,36.0,72.0,47.0
WT,"WisdomTree Investments, Inc.",Financials,3.68,1.42,15.0,92.0,85.0,3.0,15.0,19.0,10.0,91.0,42.0,23.0,72.0,28.0,12.0,79.0,30.0
DBX,Dropbox,Information Technology,3.67,1.29,,52.0,,63.0,70.0,38.0,65.0,44.0,33.0,21.0,45.0,94.0,,13.0,93.0
UCTT,"Ultra Clean Holdings, Inc.",Information Technology,3.67,2.67,22.0,98.0,3.0,83.0,8.0,2.0,87.0,86.0,1.0,5.0,90.0,92.0,42.0,99.0,84.0
SLGN,Silgan Holdings,Materials,3.67,1.01,72.0,31.0,42.0,44.0,46.0,91.0,57.0,29.0,42.0,93.0,65.0,60.0,58.0,49.0,48.0
DAVE,"Dave, Inc.",Financials,3.66,1.58,5.0,91.0,97.0,4.0,53.0,75.0,84.0,75.0,8.0,4.0,62.0,96.0,,90.0,95.0
BOOT,"Boot Barn Holdings, Inc.",Consumer Discretionary,3.65,1.54,47.0,22.0,70.0,15.0,52.0,96.0,27.0,32.0,25.0,24.0,53.0,42.0,52.0,45.0,22.0
SEZL,Sezzle,Financials,3.64,1.7,4.0,83.0,97.0,5.0,55.0,75.0,,69.0,1.0,14.0,79.0,95.0,55.0,96.0,90.0
DORM,"Dorman Products, Inc.",Consumer Discretionary,3.64,0.95,51.0,17.0,65.0,75.0,58.0,44.0,35.0,32.0,26.0,94.0,77.0,4.0,73.0,44.0,36.0
MAT,Mattel,Consumer Discretionary,3.62,1.27,69.0,19.0,76.0,67.0,83.0,89.0,74.0,35.0,48.0,87.0,55.0,41.0,97.0,40.0,77.0
OGN,Organon & Co.,Health Care,3.6,1.21,34.0,73.0,65.0,81.0,30.0,23.0,94.0,60.0,100.0,100.0,69.0,52.0,20.0,55.0,79.0
WSBC,WesBanco,Financials,3.59,0.9,93.0,70.0,19.0,75.0,24.0,48.0,51.0,82.0,87.0,64.0,79.0,16.0,44.0,39.0,36.0
LXP,Lexington Realty Trust,Real Estate,3.59,0.9,66.0,80.0,20.0,93.0,60.0,21.0,75.0,97.0,99.0,100.0,64.0,30.0,47.0,35.0,66.0
BMI,"Badger Meter, Inc.",Information Technology,3.58,1.38,26.0,10.0,76.0,38.0,86.0,67.0,27.0,13.0,32.0,32.0,63.0,55.0,62.0,28.0,44.0
THO,Thor Industries,Consumer Discretionary,3.57,1.26,95.0,9.0,20.0,77.0,61.0,68.0,63.0,10.0,53.0,17.0,64.0,57.0,65.0,85.0,40.0
CENX,Century Aluminum Company,Materials,3.56,1.81,42.0,86.0,47.0,13.0,7.0,97.0,16.0,71.0,20.0,63.0,65.0,65.0,7.0,80.0,19.0
BRC,Brady Corporation,Industrials,3.56,1.04,49.0,59.0,58.0,38.0,94.0,62.0,32.0,65.0,88.0,85.0,82.0,9.0,,32.0,26.0
OLED,Universal Display,Information Technology,3.56,1.59,59.0,4.0,50.0,69.0,70.0,56.0,79.0,0.0,37.0,18.0,62.0,7.0,72.0,85.0,28.0
BNL,"Broadstone Net Lease, Inc.",Real Estate,3.55,0.79,84.0,65.0,15.0,27.0,38.0,72.0,71.0,91.0,87.0,97.0,58.0,45.0,17.0,21.0,14.0
RNST,Renasant Corp.,Financials,3.55,0.94,93.0,50.0,18.0,6.0,47.0,41.0,51.0,42.0,97.0,82.0,74.0,17.0,79.0,36.0,14.0
IPAR,"Inter Parfums, Inc.",Consumer Staples,3.55,0.97,34.0,60.0,80.0,42.0,84.0,44.0,35.0,62.0,53.0,21.0,81.0,18.0,46.0,27.0,47.0
SPHR,Sphere Entertainment,Communication Services,3.54,1.44,72.0,97.0,4.0,90.0,12.0,26.0,27.0,97.0,18.0,17.0,61.0,62.0,,21.0,88.0
ATMU,Atmus Filtration Technologies Inc.,Industrials,3.54,1.19,13.0,39.0,95.0,5.0,45.0,64.0,,32.0,59.0,67.0,74.0,10.0,51.0,78.0,22.0
BANF,Bancfirst Corp,Financials,3.54,0.86,65.0,18.0,43.0,39.0,21.0,34.0,12.0,2.0,96.0,47.0,86.0,16.0,21.0,43.0,7.0
HLNE,Hamilton Lane,Financials,3.53,1.59,35.0,12.0,77.0,8.0,90.0,96.0,29.0,11.0,45.0,91.0,61.0,79.0,,58.0,37.0
VAC,Marriott Vacations Worldwide,Consumer Discretionary,3.52,1.84,68.0,86.0,4.0,84.0,6.0,26.0,90.0,85.0,7.0,8.0,80.0,46.0,50.0,82.0,63.0
PLNT,Planet Fitness,Consumer Discretionary,3.52,1.29,,1.0,,74.0,51.0,94.0,47.0,9.0,26.0,22.0,43.0,72.0,,5.0,45.0
SLG,SL Green Realty,Real Estate,3.48,1.3,91.0,30.0,60.0,60.0,11.0,79.0,59.0,25.0,46.0,55.0,68.0,24.0,38.0,58.0,10.0
ACAD,Acadia Pharmaceuticals,Health Care,3.47,0.95,47.0,75.0,29.0,7.0,38.0,100.0,50.0,53.0,24.0,53.0,75.0,1.0,14.0,30.0,16.0
QTWO,"Q2 Holdings, Inc.",Information Technology,3.46,1.57,23.0,19.0,22.0,93.0,73.0,88.0,73.0,20.0,43.0,83.0,73.0,90.0,44.0,38.0,70.0
MRP,"Millrose Properties, Inc.",Real Estate,3.45,,98.0,32.0,28.0,9.0,96.0,88.0,,24.0,75.0,56.0,62.0,100.0,,56.0,28.0
KTB,Kontoor Brands,Consumer Discretionary,3.44,1.37,24.0,30.0,92.0,4.0,64.0,91.0,28.0,51.0,32.0,74.0,71.0,83.0,62.0,45.0,62.0
NHC,"National Healthcare, Corp.",Health Care,3.44,0.79,42.0,92.0,40.0,82.0,65.0,17.0,20.0,92.0,49.0,55.0,92.0,55.0,20.0,11.0,76.0
NIC,Nicolet Bankshares,Financials,3.43,0.93,73.0,68.0,23.0,3.0,8.0,37.0,23.0,75.0,91.0,73.0,81.0,12.0,1.0,45.0,3.0
COHU,"Cohu, Inc.",Information Technology,3.43,2.19,30.0,98.0,5.0,12.0,5.0,0.0,85.0,91.0,2.0,3.0,91.0,83.0,19.0,93.0,29.0
IRT,Independence Realty Trust,Real Estate,3.43,0.89,90.0,37.0,12.0,67.0,38.0,68.0,71.0,36.0,85.0,97.0,56.0,49.0,23.0,27.0,19.0
PVH,PVH Corp.,Consumer Discretionary,3.42,1.59,97.0,19.0,18.0,45.0,40.0,22.0,78.0,33.0,43.0,43.0,62.0,68.0,81.0,80.0,34.0
MHO,"M/I Homes, Inc.",Consumer Discretionary,3.42,1.16,88.0,36.0,54.0,54.0,75.0,68.0,12.0,56.0,68.0,85.0,77.0,2.0,82.0,52.0,36.0
FIBK,"First Interstate BancSystem, Inc.",Financials,3.41,0.95,90.0,61.0,30.0,92.0,48.0,33.0,61.0,54.0,96.0,68.0,66.0,12.0,95.0,55.0,77.0
STEP,StepStone Group,Financials,3.4,1.78,,13.0,,6.0,4.0,92.0,31.0,14.0,22.0,20.0,73.0,90.0,,90.0,15.0
GNW,"Genworth Financial, Inc.",Financials,3.39,0.85,99.0,47.0,13.0,78.0,52.0,72.0,10.0,49.0,77.0,64.0,67.0,14.0,94.0,21.0,51.0
OPCH,Option Care Health,Health Care,3.37,1.05,51.0,17.0,74.0,65.0,89.0,40.0,62.0,20.0,54.0,32.0,59.0,24.0,93.0,17.0,58.0
PJT,"PJT Partners, Inc.",Financials,3.37,1.15,8.0,33.0,95.0,27.0,94.0,96.0,11.0,28.0,42.0,61.0,63.0,98.0,,64.0,84.0
RXO,"RXO, Inc.",Industrials,3.37,1.81,56.0,79.0,6.0,80.0,4.0,38.0,,63.0,13.0,16.0,87.0,58.0,27.0,98.0,50.0
IPGP,IPG Photonics,Information Technology,3.33,2.09,72.0,28.0,11.0,54.0,9.0,13.0,90.0,32.0,15.0,65.0,85.0,27.0,29.0,89.0,8.0
NATL,NCR Atleos,Financials,3.33,,14.0,57.0,98.0,82.0,41.0,27.0,,49.0,97.0,96.0,78.0,45.0,31.0,75.0,81.0
MWA,Mueller Water Products,Industrials,3.32,0.99,39.0,28.0,76.0,25.0,77.0,81.0,28.0,13.0,77.0,96.0,71.0,24.0,44.0,33.0,21.0
COCO,The Vita Coco Company,Consumer Staples,3.29,1.11,12.0,77.0,72.0,12.0,48.0,31.0,,71.0,27.0,15.0,70.0,3.0,20.0,90.0,17.0
FFBC,First Financial Bancorp,Financials,3.29,0.96,87.0,72.0,10.0,13.0,8.0,35.0,46.0,87.0,86.0,58.0,78.0,24.0,5.0,34.0,4.0
SXI,Standex International Corporation,Industrials,3.29,1.29,31.0,79.0,42.0,82.0,15.0,49.0,16.0,75.0,49.0,45.0,74.0,20.0,28.0,74.0,44.0
SHOO,"Steven Madden, Ltd.",Consumer Discretionary,3.28,1.44,37.0,70.0,30.0,8.0,22.0,11.0,72.0,71.0,50.0,35.0,70.0,69.0,25.0,85.0,21.0
RCUS,"Arcus Biosciences, Inc.",Health Care,3.28,1.52,21.0,97.0,1.0,97.0,1.0,80.0,94.0,85.0,26.0,39.0,89.0,1.0,2.0,87.0,21.0
LIF,Life360,Information Technology,3.27,,24.0,1.0,15.0,1.0,15.0,51.0,,2.0,5.0,37.0,83.0,2.0,9.0,77.0,1.0
HNI,HNI Corporation,Industrials,3.27,1.15,65.0,43.0,25.0,0.0,12.0,53.0,42.0,44.0,66.0,42.0,80.0,59.0,1.0,62.0,3.0
SFNC,Simmons First National Corporation,Financials,3.26,0.99,92.0,60.0,4.0,93.0,9.0,19.0,77.0,64.0,92.0,49.0,75.0,44.0,3.0,37.0,25.0
AWR,American States Water Company,Utilities,3.26,0.62,43.0,68.0,62.0,41.0,56.0,61.0,72.0,97.0,92.0,87.0,75.0,48.0,12.0,5.0,33.0
AAMI,Acadian Asset Management Inc.,Financials,3.25,1.37,,94.0,,48.0,19.0,31.0,25.0,98.0,70.0,37.0,90.0,1.0,53.0,74.0,46.0
USLM,"United States Lime & Minerals, Inc.",Materials,3.24,1.15,27.0,22.0,73.0,14.0,81.0,41.0,2.0,17.0,60.0,67.0,94.0,55.0,37.0,78.0,24.0
PRK,Park National Corp.,Financials,3.23,0.89,64.0,65.0,36.0,10.0,9.0,66.0,35.0,76.0,68.0,91.0,89.0,14.0,4.0,21.0,6.0
PLMR,"Palomar Holdings, Inc.",Financials,3.23,0.86,39.0,54.0,65.0,5.0,83.0,57.0,46.0,69.0,39.0,50.0,79.0,68.0,68.0,5.0,64.0
LRN,"Stride, Inc.",Consumer Discretionary,3.23,0.97,62.0,3.0,69.0,29.0,98.0,73.0,3.0,36.0,21.0,47.0,53.0,68.0,84.0,46.0,53.0
BBWI,"Bath & Body Works, Inc.",Consumer Discretionary,3.21,1.62,,10.0,,69.0,59.0,93.0,92.0,30.0,19.0,12.0,53.0,85.0,68.0,94.0,72.0
HIW,Highwoods Properties,Real Estate,3.2,1.06,79.0,40.0,71.0,36.0,24.0,46.0,70.0,39.0,75.0,73.0,69.0,,14.0,35.0,7.0
POST,Post Holdings,Consumer Staples,3.2,0.68,91.0,11.0,75.0,70.0,78.0,83.0,38.0,12.0,31.0,67.0,48.0,63.0,99.0,14.0,73.0
CXW,CoreCivic,Industrials,3.19,0.92,55.0,86.0,,26.0,59.0,33.0,11.0,88.0,26.0,12.0,85.0,,93.0,64.0,92.0
CALM,"Cal-Maine Foods, Inc.",Consumer Staples,3.19,0.56,84.0,16.0,46.0,73.0,98.0,86.0,6.0,18.0,47.0,83.0,49.0,64.0,75.0,2.0,69.0
CURB,Curbline Properties Corp.,Real Estate,3.17,,70.0,76.0,13.0,13.0,30.0,52.0,,96.0,94.0,95.0,72.0,42.0,6.0,22.0,8.0
NHI,"National Health Investors, Inc.",Real Estate,3.17,0.71,59.0,26.0,32.0,57.0,50.0,53.0,28.0,36.0,81.0,86.0,74.0,43.0,7.0,3.0,14.0
VECO,Veeco Instruments Inc.,Information Technology,3.17,2.11,37.0,82.0,17.0,47.0,6.0,2.0,45.0,59.0,5.0,4.0,86.0,34.0,16.0,87.0,22.0
KN,Knowles Corporation,Information Technology,3.17,1.47,34.0,83.0,31.0,88.0,29.0,6.0,51.0,56.0,25.0,29.0,87.0,,50.0,84.0,81.0
BFAM,Bright Horizons Family Solutions Inc.,Consumer Discretionary,3.14,1.16,47.0,7.0,77.0,79.0,93.0,86.0,80.0,29.0,45.0,58.0,57.0,54.0,98.0,8.0,80.0
CBU,"Community Bank System, Inc.",Financials,3.13,0.86,73.0,44.0,35.0,47.0,31.0,41.0,64.0,37.0,92.0,84.0,85.0,18.0,48.0,42.0,23.0
EXPO,"Exponent, Inc.",Industrials,3.11,1.01,12.0,38.0,85.0,95.0,99.0,59.0,85.0,42.0,68.0,52.0,74.0,49.0,88.0,14.0,95.0
WSC,WillScot Holdings Corp.,Industrials,3.11,1.69,37.0,34.0,66.0,85.0,22.0,92.0,84.0,29.0,38.0,59.0,74.0,93.0,51.0,86.0,61.0
ASH,Ashland Global,Materials,3.11,1.26,70.0,87.0,2.0,98.0,36.0,56.0,87.0,83.0,59.0,37.0,67.0,,36.0,33.0,96.0
CPK,Chesapeake Utilities Corp.,Utilities,3.1,0.61,64.0,33.0,52.0,27.0,72.0,35.0,54.0,43.0,87.0,96.0,77.0,31.0,,9.0,10.0
PK,Park Hotels & Resorts,Real Estate,3.1,1.24,91.0,82.0,9.0,97.0,23.0,15.0,78.0,81.0,69.0,71.0,66.0,83.0,24.0,66.0,74.0
KAI,Kadant Inc.,Industrials,3.09,1.41,42.0,34.0,54.0,17.0,40.0,82.0,44.0,22.0,47.0,67.0,71.0,53.0,34.0,86.0,16.0
ABG,Asbury Automotive Group,Consumer Discretionary,3.09,1.07,95.0,19.0,68.0,30.0,64.0,95.0,48.0,27.0,36.0,54.0,67.0,34.0,95.0,56.0,39.0
OSIS,"OSI Systems, Inc.",Information Technology,3.09,1.36,38.0,19.0,74.0,14.0,54.0,54.0,11.0,12.0,67.0,79.0,65.0,6.0,85.0,74.0,19.0
SBCF,Seacoast Banking Corporation of Florida,Financials,3.08,0.97,87.0,50.0,19.0,9.0,6.0,49.0,61.0,40.0,88.0,44.0,77.0,15.0,4.0,58.0,2.0
ADT,ADT Inc.,Consumer Discretionary,3.07,1.06,95.0,18.0,84.0,74.0,62.0,93.0,53.0,26.0,65.0,86.0,52.0,80.0,,50.0,77.0
BKU,"BankUnited, Inc.",Financials,3.05,1.04,90.0,63.0,30.0,69.0,34.0,59.0,61.0,58.0,91.0,88.0,64.0,16.0,79.0,47.0,60.0
PPLI,People Inc.,Communication Services,3.05,1.25,97.0,44.0,8.0,90.0,14.0,5.0,96.0,58.0,34.0,2.0,68.0,,,67.0,42.0
FA,First Advantage Corporation,Industrials,3.05,1.59,54.0,79.0,34.0,86.0,23.0,89.0,76.0,73.0,8.0,21.0,96.0,70.0,59.0,66.0,78.0
FHB,"First Hawaiian, Inc.",Financials,3.0,0.95,88.0,42.0,34.0,65.0,37.0,39.0,60.0,29.0,94.0,78.0,62.0,16.0,70.0,41.0,40.0
YETI,Yeti Holdings,Consumer Discretionary,2.99,1.42,30.0,60.0,82.0,81.0,93.0,22.0,95.0,67.0,34.0,47.0,62.0,77.0,97.0,72.0,98.0
BHE,"Benchmark Electronics, Inc.",Information Technology,2.98,1.39,48.0,93.0,24.0,82.0,16.0,2.0,37.0,86.0,23.0,11.0,91.0,60.0,41.0,84.0,75.0
AEO,American Eagle Outfitters,Consumer Discretionary,2.98,1.44,66.0,32.0,47.0,37.0,38.0,8.0,80.0,42.0,16.0,23.0,54.0,73.0,55.0,83.0,47.0
AGO,Assured Guaranty Ltd.,Financials,2.98,0.93,98.0,21.0,31.0,47.0,77.0,69.0,23.0,18.0,73.0,87.0,67.0,6.0,95.0,14.0,26.0
SPSC,"SPS Commerce, Inc.",Information Technology,2.98,1.48,42.0,13.0,42.0,53.0,95.0,36.0,84.0,17.0,22.0,10.0,75.0,77.0,83.0,33.0,61.0
BTU,"Peabody Energy, Inc.",Energy,2.97,0.94,94.0,49.0,8.0,81.0,31.0,94.0,21.0,34.0,18.0,10.0,63.0,,34.0,88.0,63.0
PII,Polaris,Consumer Discretionary,2.97,1.49,34.0,48.0,2.0,88.0,12.0,94.0,87.0,59.0,55.0,68.0,67.0,99.0,19.0,93.0,52.0
ASO,Academy Sports + Outdoors,Consumer Discretionary,2.96,1.36,77.0,17.0,73.0,45.0,61.0,4.0,52.0,26.0,19.0,1.0,59.0,21.0,93.0,78.0,48.0
COLM,Columbia Sportswear,Consumer Discretionary,2.94,1.22,65.0,50.0,45.0,90.0,93.0,22.0,88.0,69.0,62.0,51.0,75.0,54.0,90.0,64.0,89.0
DAN,Dana Incorporated,Consumer Discretionary,2.94,1.51,74.0,86.0,25.0,99.0,56.0,67.0,64.0,88.0,40.0,26.0,74.0,75.0,99.0,73.0,98.0
AVA,Avista Corporation,Utilities,2.94,0.58,89.0,38.0,44.0,48.0,36.0,48.0,57.0,57.0,97.0,93.0,68.0,43.0,11.0,10.0,13.0
APAM,"Artisan Partners Asset Management, Inc.",Financials,2.93,1.24,16.0,42.0,97.0,50.0,47.0,89.0,54.0,30.0,61.0,86.0,77.0,1.0,29.0,56.0,31.0
SMG,Scotts Miracle-Gro Company,Materials,2.92,1.16,,49.0,,87.0,21.0,91.0,91.0,42.0,34.0,64.0,65.0,73.0,22.0,62.0,72.0
NTCT,"NETSCOUT Systems, Inc.",Information Technology,2.92,1.02,67.0,85.0,23.0,39.0,63.0,12.0,68.0,72.0,67.0,50.0,86.0,82.0,34.0,49.0,60.0
WOR,Worthington Enterprises,Industrials,2.9,1.03,46.0,41.0,26.0,35.0,76.0,11.0,26.0,33.0,53.0,6.0,93.0,50.0,56.0,38.0,46.0
POWI,Power Integrations,Information Technology,2.89,1.97,32.0,72.0,12.0,90.0,43.0,20.0,94.0,49.0,14.0,19.0,79.0,90.0,51.0,92.0,86.0
DGII,Digi International Inc.,Information Technology,2.89,1.32,31.0,95.0,29.0,13.0,24.0,17.0,28.0,93.0,23.0,39.0,94.0,74.0,14.0,86.0,34.0
TMDX,"TransMedics Group, Inc.",Health Care,2.89,1.34,22.0,9.0,69.0,3.0,25.0,28.0,5.0,14.0,26.0,26.0,60.0,15.0,16.0,87.0,5.0
PFS,"Provident Financial Services, Inc.",Financials,2.89,0.92,90.0,67.0,34.0,56.0,26.0,47.0,62.0,75.0,93.0,84.0,82.0,19.0,44.0,41.0,37.0
BHF,Brighthouse Financial,Financials,2.87,1.32,99.0,29.0,20.0,72.0,14.0,50.0,48.0,41.0,72.0,31.0,48.0,12.0,25.0,5.0,11.0
WING,Wingstop,Consumer Discretionary,2.87,1.6,,1.0,,92.0,45.0,38.0,42.0,6.0,9.0,11.0,45.0,4.0,70.0,65.0,26.0
GPI,"Group 1 Automotive, Inc.",Consumer Discretionary,2.87,1.08,90.0,4.0,76.0,68.0,56.0,75.0,13.0,7.0,12.0,15.0,60.0,48.0,93.0,32.0,59.0
CWT,California Water Service Group,Utilities,2.86,0.67,69.0,50.0,34.0,32.0,33.0,59.0,76.0,78.0,88.0,97.0,80.0,40.0,11.0,10.0,12.0
LBRT,"Liberty Energy, Inc.",Energy,2.86,1.41,75.0,87.0,16.0,9.0,30.0,58.0,50.0,55.0,7.0,34.0,61.0,88.0,,93.0,63.0
KNF,Knife River Corporation,Materials,2.86,1.39,66.0,16.0,60.0,20.0,20.0,95.0,,19.0,23.0,36.0,76.0,42.0,37.0,71.0,9.0
FOUR,Shift4,Financials,2.86,1.9,69.0,2.0,67.0,3.0,9.0,87.0,69.0,9.0,4.0,7.0,63.0,66.0,,86.0,6.0
ARCB,ArcBest Corp.,Industrials,2.85,1.43,57.0,95.0,25.0,65.0,45.0,60.0,69.0,94.0,35.0,57.0,83.0,74.0,62.0,79.0,85.0
KBH,KB Home,Consumer Discretionary,2.85,1.25,96.0,16.0,39.0,87.0,69.0,83.0,31.0,30.0,55.0,52.0,60.0,7.0,86.0,57.0,46.0
FG,"F&G Annuities & Life, Inc.",Financials,2.84,0.92,98.0,10.0,19.0,21.0,23.0,63.0,,10.0,39.0,37.0,95.0,56.0,72.0,26.0,16.0
GRBK,"Green Brick Partners, Inc.",Consumer Discretionary,2.84,1.17,74.0,30.0,59.0,29.0,78.0,66.0,6.0,50.0,71.0,76.0,88.0,3.0,58.0,65.0,19.0
ADEA,"Adeia, Inc.",Information Technology,2.82,1.72,21.0,85.0,86.0,93.0,31.0,18.0,15.0,62.0,19.0,31.0,100.0,59.0,22.0,94.0,92.0
ABM,"ABM Industries, Inc.",Industrials,2.82,0.98,71.0,39.0,58.0,44.0,68.0,13.0,60.0,42.0,73.0,8.0,76.0,22.0,82.0,15.0,36.0
EXTR,"Extreme Networks, Inc.",Information Technology,2.81,1.62,2.0,46.0,68.0,35.0,19.0,42.0,17.0,34.0,14.0,22.0,79.0,92.0,51.0,84.0,36.0
SPNT,SiriusPoint Ltd.,Financials,2.81,0.79,84.0,75.0,63.0,69.0,42.0,21.0,22.0,90.0,65.0,74.0,89.0,5.0,50.0,11.0,64.0
DXPE,"DXP Enterprises, Inc.",Industrials,2.81,1.31,24.0,86.0,84.0,13.0,23.0,36.0,3.0,76.0,17.0,57.0,92.0,17.0,57.0,92.0,44.0
NMIH,"NMI Holdings, Inc.",Financials,2.81,0.92,89.0,52.0,50.0,25.0,94.0,91.0,27.0,65.0,75.0,81.0,81.0,20.0,74.0,6.0,39.0
FRPT,Freshpet,Consumer Staples,2.8,1.31,57.0,73.0,21.0,18.0,57.0,93.0,96.0,68.0,21.0,98.0,59.0,22.0,47.0,38.0,25.0
PENG,"Penguin Solutions, Inc.",Information Technology,2.8,2.38,20.0,94.0,46.0,15.0,18.0,4.0,62.0,76.0,1.0,4.0,85.0,50.0,69.0,98.0,52.0
DNOW,NOW Inc,Industrials,2.8,1.08,80.0,40.0,6.0,1.0,13.0,35.0,18.0,46.0,47.0,52.0,77.0,52.0,0.0,63.0,2.0
NEOG,Neogen,Health Care,2.79,1.23,79.0,96.0,9.0,85.0,10.0,5.0,100.0,85.0,14.0,24.0,88.0,37.0,37.0,97.0,59.0
MMS,Maximus Inc.,Industrials,2.78,1.01,70.0,6.0,81.0,72.0,88.0,62.0,57.0,6.0,41.0,29.0,65.0,35.0,92.0,46.0,66.0
CWK,Cushman & Wakefield plc,Real Estate,2.77,1.54,76.0,16.0,71.0,59.0,4.0,82.0,72.0,11.0,33.0,32.0,86.0,43.0,18.0,64.0,9.0
WRBY,Warby Parker,Consumer Discretionary,2.75,2.06,17.0,20.0,9.0,39.0,20.0,4.0,,45.0,9.0,2.0,73.0,94.0,,98.0,25.0
AGYS,"Agilysys, Inc.",Information Technology,2.74,1.11,14.0,49.0,46.0,29.0,65.0,92.0,21.0,48.0,23.0,27.0,86.0,72.0,27.0,62.0,37.0
ROG,Rogers Corporation,Information Technology,2.74,1.04,55.0,87.0,7.0,90.0,32.0,2.0,92.0,71.0,18.0,3.0,90.0,89.0,56.0,80.0,88.0
TALO,"Talos Energy, Inc.",Energy,2.73,1.06,75.0,92.0,2.0,97.0,76.0,47.0,79.0,84.0,24.0,36.0,88.0,99.0,83.0,50.0,97.0
FIZZ,National Beverage Corp.,Consumer Staples,2.73,0.74,32.0,26.0,85.0,12.0,89.0,61.0,78.0,30.0,55.0,61.0,92.0,10.0,42.0,7.0,14.0
BANC,"Banc Of California, Inc.",Financials,2.72,1.14,95.0,51.0,22.0,61.0,1.0,56.0,64.0,40.0,57.0,36.0,59.0,13.0,6.0,73.0,10.0
KWR,Quaker Chemical Corporation,Materials,2.72,1.39,62.0,68.0,16.0,50.0,37.0,44.0,87.0,55.0,78.0,60.0,87.0,62.0,55.0,81.0,47.0
BOH,Bank of Hawaii,Financials,2.72,0.86,75.0,60.0,38.0,76.0,26.0,68.0,65.0,66.0,90.0,82.0,69.0,13.0,53.0,29.0,50.0
WDFC,WD-40 Company,Consumer Staples,2.71,0.77,11.0,48.0,86.0,34.0,85.0,49.0,70.0,59.0,43.0,60.0,73.0,9.0,52.0,19.0,38.0
MZTI,The Marzetti Company,Consumer Staples,2.71,0.6,49.0,6.0,67.0,45.0,96.0,78.0,61.0,2.0,51.0,61.0,70.0,75.0,53.0,5.0,46.0
CXT,Crane NXT,Information Technology,2.71,1.35,57.0,10.0,63.0,5.0,21.0,38.0,16.0,2.0,46.0,15.0,80.0,36.0,33.0,60.0,5.0
LQDA,Liquidia Corporation,Health Care,2.7,1.65,3.0,99.0,1.0,3.0,1.0,100.0,1.0,96.0,0.0,7.0,72.0,81.0,11.0,19.0,20.0
UNFI,United Natural Foods Inc,Consumer Staples,2.7,1.08,70.0,77.0,8.0,91.0,26.0,16.0,73.0,71.0,46.0,17.0,81.0,81.0,48.0,12.0,79.0
HGV,Hilton Grand Vacations,Consumer Discretionary,2.7,1.44,56.0,30.0,23.0,71.0,26.0,94.0,69.0,38.0,28.0,67.0,75.0,27.0,98.0,67.0,54.0
GPK,Graphic Packaging,Materials,2.68,1.26,95.0,4.0,74.0,69.0,27.0,94.0,62.0,4.0,33.0,42.0,61.0,45.0,47.0,61.0,33.0
TDC,Teradata,Information Technology,2.68,1.65,28.0,71.0,85.0,14.0,50.0,24.0,92.0,56.0,9.0,17.0,70.0,81.0,61.0,77.0,81.0
ALRM,"Alarm.Com, Inc.",Financials,2.67,1.11,42.0,45.0,53.0,99.0,83.0,47.0,84.0,43.0,73.0,85.0,81.0,23.0,62.0,43.0,74.0
GPOR,Gulfport Energy Corporation,Energy,2.66,0.85,74.0,32.0,83.0,55.0,87.0,91.0,14.0,8.0,50.0,83.0,62.0,90.0,27.0,23.0,71.0
FUL,H.B. Fuller Company,Materials,2.66,1.26,81.0,27.0,26.0,57.0,32.0,73.0,65.0,13.0,67.0,53.0,76.0,29.0,48.0,56.0,20.0
HAYW,"Hayward Holdings, Inc.",Industrials,2.62,1.17,71.0,25.0,49.0,51.0,56.0,83.0,84.0,18.0,61.0,82.0,73.0,44.0,57.0,59.0,30.0
HWKN,"Hawkins, Inc.",Materials,2.61,0.98,28.0,7.0,71.0,11.0,75.0,10.0,2.0,3.0,56.0,40.0,85.0,72.0,39.0,50.0,19.0
NBTB,"NBT Bancorp, Inc.",Financials,2.61,0.8,78.0,66.0,30.0,19.0,34.0,28.0,44.0,82.0,93.0,82.0,89.0,17.0,53.0,37.0,20.0
TRMK,Trustmark Corp.,Financials,2.61,0.86,84.0,56.0,35.0,57.0,46.0,28.0,40.0,60.0,93.0,25.0,84.0,13.0,77.0,44.0,50.0
BCC,Boise Cascade,Industrials,2.59,1.23,81.0,36.0,31.0,88.0,71.0,43.0,25.0,35.0,41.0,26.0,81.0,48.0,90.0,58.0,74.0
HTO,H2O America,Utilities,2.58,0.6,77.0,76.0,33.0,25.0,27.0,32.0,77.0,98.0,93.0,83.0,77.0,36.0,2.0,3.0,11.0
MAN,ManpowerGroup,Industrials,2.58,1.41,82.0,91.0,26.0,54.0,7.0,80.0,93.0,87.0,3.0,56.0,82.0,,29.0,49.0,73.0
FBK,FB Financial Corp.,Financials,2.58,0.99,80.0,38.0,21.0,12.0,9.0,69.0,42.0,24.0,94.0,92.0,82.0,15.0,5.0,47.0,2.0
AKR,Acadia Realty Trust,Real Estate,2.57,0.94,87.0,40.0,13.0,89.0,27.0,60.0,56.0,35.0,89.0,99.0,71.0,44.0,9.0,35.0,21.0
MGEE,"MGE Energy, Inc.",Utilities,2.55,0.63,64.0,25.0,43.0,27.0,63.0,73.0,53.0,23.0,89.0,69.0,84.0,52.0,27.0,11.0,14.0
FIVN,"Five9, Inc.",Information Technology,2.54,1.94,43.0,75.0,16.0,95.0,44.0,27.0,99.0,55.0,5.0,1.0,79.0,87.0,76.0,79.0,94.0
HOG,Harley-Davidson,Consumer Discretionary,2.54,1.29,94.0,31.0,43.0,100.0,74.0,76.0,76.0,51.0,42.0,43.0,63.0,42.0,98.0,48.0,85.0
DRH,DiamondRock Hospitality Company,Real Estate,2.53,1.1,68.0,87.0,24.0,86.0,62.0,18.0,68.0,98.0,77.0,65.0,76.0,59.0,48.0,43.0,82.0
FBNC,First Bancorp (Southern Pines NC),Financials,2.53,0.91,74.0,62.0,23.0,55.0,23.0,35.0,41.0,67.0,87.0,52.0,89.0,19.0,45.0,42.0,28.0
CALY,Callaway Golf Company,Consumer Discretionary,2.52,1.46,85.0,89.0,21.0,100.0,67.0,74.0,97.0,90.0,65.0,92.0,82.0,99.0,73.0,71.0,96.0
CUBI,"Customers Bancorp, Inc.",Financials,2.5,1.11,86.0,59.0,35.0,21.0,6.0,47.0,31.0,52.0,86.0,53.0,80.0,21.0,7.0,38.0,8.0
SUPN,"Supernus Pharmaceuticals, Inc.",Health Care,2.5,0.92,55.0,24.0,6.0,28.0,20.0,32.0,28.0,17.0,37.0,25.0,73.0,67.0,11.0,46.0,5.0
ACHC,Acadia Healthcare,Health Care,2.5,1.26,82.0,49.0,1.0,94.0,9.0,23.0,94.0,50.0,14.0,41.0,75.0,98.0,28.0,64.0,62.0
PRVA,"Privia Health Group, Inc.",Health Care,2.49,0.94,40.0,15.0,17.0,16.0,46.0,39.0,68.0,3.0,69.0,70.0,84.0,87.0,12.0,22.0,7.0
RRR,"Red Rock Resorts, Inc.",Consumer Discretionary,2.48,1.24,5.0,23.0,99.0,59.0,73.0,78.0,36.0,37.0,57.0,27.0,67.0,69.0,,68.0,83.0
UE,Urban Edge Properties,Real Estate,2.46,0.86,67.0,43.0,24.0,64.0,51.0,56.0,48.0,48.0,97.0,96.0,79.0,35.0,31.0,14.0,24.0
KD,Kyndryl,Information Technology,2.45,1.88,59.0,1.0,,16.0,40.0,91.0,,9.0,21.0,38.0,70.0,,88.0,73.0,13.0
LEU,Centrus Energy Corp.,Energy,2.44,2.02,42.0,2.0,22.0,2.0,1.0,95.0,1.0,8.0,8.0,7.0,54.0,8.0,,89.0,0.0
NOG,"Northern Oil and Gas, Inc.",Energy,2.44,1.1,78.0,42.0,47.0,85.0,30.0,74.0,29.0,14.0,18.0,54.0,71.0,99.0,5.0,60.0,49.0
NGVT,"Ingevity, Corp.",Materials,2.44,1.21,1.0,68.0,100.0,99.0,54.0,16.0,79.0,54.0,75.0,42.0,89.0,99.0,86.0,57.0,94.0
PAYO,Payoneer Global Inc.,Financials,2.42,1.36,36.0,50.0,61.0,23.0,48.0,20.0,83.0,48.0,100.0,98.0,86.0,27.0,90.0,81.0,42.0
SEI,"Solaris Energy Infrastructure, Inc.",Energy,2.41,1.63,43.0,64.0,57.0,0.0,6.0,0.0,1.0,31.0,2.0,1.0,55.0,69.0,,93.0,19.0
FCPT,"Four Corners Property Trust, Inc.",Real Estate,2.39,0.72,76.0,45.0,23.0,35.0,40.0,81.0,61.0,70.0,90.0,99.0,75.0,36.0,6.0,10.0,8.0
KALU,Kaiser Aluminum Corporation,Materials,2.37,1.69,48.0,96.0,68.0,22.0,5.0,67.0,76.0,95.0,12.0,54.0,87.0,12.0,20.0,76.0,25.0
LPG,Dorian LPG Ltd.,Energy,2.36,0.88,60.0,92.0,60.0,50.0,58.0,5.0,2.0,69.0,28.0,50.0,89.0,20.0,32.0,53.0,58.0
BBT,Beacon Financial Corp.,Financials,2.35,0.99,92.0,77.0,16.0,2.0,7.0,72.0,63.0,88.0,79.0,54.0,78.0,19.0,0.0,25.0,3.0
PLUS,"ePlus, Inc.",Information Technology,2.35,1.12,57.0,66.0,53.0,89.0,57.0,16.0,44.0,41.0,68.0,28.0,89.0,1.0,64.0,37.0,64.0
EEFT,Euronet Worldwide,Financials,2.35,1.29,62.0,11.0,89.0,53.0,69.0,71.0,81.0,9.0,31.0,9.0,67.0,52.0,95.0,76.0,75.0
NEO,"NeoGenomics Laboratories, Inc.",Health Care,2.35,1.34,46.0,98.0,4.0,98.0,19.0,15.0,99.0,95.0,13.0,11.0,92.0,82.0,50.0,32.0,89.0
AAP,"Advance Auto Parts, Inc.",Consumer Discretionary,2.35,1.18,89.0,7.0,8.0,29.0,2.0,61.0,96.0,25.0,6.0,32.0,60.0,9.0,25.0,83.0,1.0
IVT,InvenTrust Properties,Real Estate,2.35,0.55,80.0,54.0,15.0,30.0,51.0,50.0,0.0,76.0,98.0,98.0,75.0,24.0,29.0,13.0,11.0
IOSP,"Innospec, Inc.",Materials,2.35,0.92,68.0,65.0,33.0,63.0,75.0,18.0,67.0,67.0,85.0,36.0,83.0,,53.0,54.0,77.0
KMT,Kennametal,Industrials,2.34,1.47,68.0,82.0,36.0,33.0,29.0,10.0,83.0,77.0,50.0,18.0,77.0,53.0,34.0,60.0,40.0
RH,RH,Consumer Discretionary,2.31,2.0,2.0,9.0,100.0,44.0,18.0,94.0,98.0,20.0,15.0,58.0,50.0,73.0,21.0,96.0,46.0
VC,Visteon,Consumer Discretionary,2.31,1.22,74.0,17.0,10.0,31.0,62.0,87.0,50.0,29.0,65.0,96.0,66.0,90.0,68.0,55.0,31.0
ICHR,"Ichor Holdings, Ltd.",Information Technology,2.31,2.84,38.0,99.0,6.0,87.0,2.0,2.0,94.0,90.0,1.0,11.0,94.0,82.0,5.0,100.0,68.0
LTC,"LTC Properties, Inc.",Real Estate,2.31,0.64,60.0,56.0,60.0,17.0,41.0,8.0,41.0,86.0,80.0,59.0,80.0,18.0,3.0,8.0,6.0
UFPT,"UFP Technologies, Inc.",Health Care,2.3,1.15,26.0,84.0,67.0,51.0,38.0,23.0,7.0,69.0,10.0,35.0,76.0,46.0,29.0,24.0,65.0
COTY,Coty,Consumer Staples,2.3,1.41,96.0,8.0,27.0,95.0,8.0,65.0,90.0,12.0,15.0,12.0,91.0,82.0,21.0,79.0,27.0
RAMP,"LiveRamp Holdings, Inc.",Information Technology,2.28,1.23,54.0,73.0,29.0,61.0,100.0,24.0,86.0,55.0,100.0,99.0,83.0,,92.0,31.0,96.0
CNXN,"PC Connection, Inc.",Information Technology,2.28,0.91,52.0,71.0,37.0,22.0,60.0,3.0,41.0,52.0,78.0,35.0,98.0,7.0,50.0,31.0,18.0
BANR,Banner Corporation,Financials,2.28,0.92,86.0,45.0,16.0,71.0,36.0,42.0,40.0,47.0,92.0,74.0,84.0,25.0,63.0,36.0,30.0
HRMY,"Harmony Biosciences Holdings, Inc.",Health Care,2.28,1.01,51.0,80.0,71.0,16.0,73.0,23.0,80.0,66.0,29.0,23.0,81.0,94.0,21.0,14.0,68.0
OSW,OneSpaWorld Holdings Limited,Consumer Discretionary,2.28,1.13,34.0,54.0,49.0,75.0,75.0,70.0,16.0,68.0,52.0,49.0,89.0,26.0,57.0,52.0,61.0
PRLB,Protolabs,Industrials,2.27,1.37,40.0,88.0,16.0,48.0,34.0,2.0,82.0,81.0,38.0,19.0,95.0,74.0,36.0,84.0,60.0
ADMA,"ADMA Biologics, Inc.",Health Care,2.26,1.17,23.0,5.0,91.0,10.0,81.0,8.0,0.0,6.0,29.0,6.0,79.0,1.0,87.0,60.0,20.0
SHAK,"Shake Shack, Inc.",Consumer Discretionary,2.26,1.74,32.0,8.0,40.0,29.0,23.0,88.0,56.0,22.0,17.0,36.0,51.0,84.0,,79.0,23.0
KNTK,"Kinetik Holdings, Inc.",Energy,2.25,0.94,,72.0,,71.0,79.0,65.0,26.0,32.0,67.0,97.0,66.0,22.0,,56.0,65.0
NWL,Newell Brands,Consumer Discretionary,2.25,1.43,92.0,71.0,12.0,88.0,2.0,90.0,98.0,72.0,14.0,37.0,85.0,63.0,16.0,75.0,44.0
MBIN,Merchants Bancorp,Financials,2.25,1.04,92.0,89.0,32.0,38.0,13.0,56.0,45.0,96.0,52.0,85.0,98.0,5.0,39.0,36.0,28.0
PBI,"Pitney Bowes, Inc.",Industrials,2.24,1.08,,87.0,,88.0,82.0,43.0,25.0,87.0,70.0,84.0,76.0,79.0,99.0,69.0,100.0
ANDE,"The Andersons, Inc.",Consumer Staples,2.23,0.85,68.0,89.0,26.0,59.0,35.0,18.0,39.0,92.0,33.0,17.0,85.0,29.0,51.0,17.0,58.0
VVX,"V2X, Inc.",Industrials,2.22,0.96,61.0,76.0,58.0,61.0,30.0,64.0,56.0,75.0,26.0,50.0,83.0,43.0,56.0,35.0,61.0
DLB,Dolby,Information Technology,2.21,1.14,94.0,18.0,34.0,73.0,92.0,42.0,75.0,7.0,37.0,51.0,60.0,73.0,,47.0,55.0
BKE,"The Buckle, Inc.",Consumer Discretionary,2.21,1.04,28.0,11.0,93.0,41.0,76.0,19.0,17.0,15.0,68.0,67.0,81.0,51.0,25.0,17.0,32.0
WAFD,"WaFd, Inc.",Financials,2.21,0.9,96.0,62.0,27.0,77.0,48.0,92.0,62.0,71.0,85.0,87.0,77.0,12.0,90.0,16.0,65.0
PATK,"Patrick Industries, Inc.",Consumer Discretionary,2.18,1.26,66.0,13.0,72.0,72.0,70.0,93.0,17.0,22.0,50.0,55.0,71.0,69.0,76.0,41.0,68.0
PHIN,"PHINIA, Inc.",Consumer Discretionary,2.18,1.02,77.0,62.0,55.0,70.0,58.0,83.0,,77.0,35.0,41.0,82.0,60.0,88.0,68.0,84.0
NWBI,"Northwest Bancshares, Inc.",Financials,2.17,0.82,87.0,70.0,23.0,19.0,12.0,34.0,49.0,93.0,98.0,79.0,85.0,14.0,3.0,25.0,5.0
HCI,"HCI Group, Inc.",Financials,2.17,0.74,61.0,33.0,79.0,25.0,99.0,53.0,25.0,46.0,78.0,92.0,79.0,60.0,78.0,15.0,69.0
PBH,Prestige Consumer Healthcare,Health Care,2.17,0.77,86.0,15.0,55.0,62.0,80.0,79.0,58.0,6.0,43.0,31.0,78.0,28.0,78.0,19.0,35.0
CALX,Calix,Information Technology,2.16,1.3,44.0,4.0,14.0,57.0,84.0,72.0,54.0,1.0,52.0,64.0,72.0,91.0,77.0,46.0,47.0
HTH,Hilltop Holdings Inc.,Financials,2.16,0.9,91.0,53.0,27.0,79.0,62.0,26.0,58.0,62.0,97.0,76.0,88.0,7.0,96.0,24.0,62.0
PDFS,"PDF Solutions, Inc.",Information Technology,2.14,1.96,16.0,91.0,13.0,31.0,4.0,3.0,58.0,71.0,6.0,17.0,98.0,67.0,7.0,92.0,25.0
AMR,"Alpha Metallurgical Resources, Inc.",Materials,2.13,1.0,77.0,79.0,7.0,89.0,49.0,99.0,5.0,73.0,10.0,8.0,78.0,84.0,73.0,84.0,89.0
SONO,"Sonos, Inc.",Consumer Discretionary,2.12,1.51,24.0,34.0,4.0,46.0,35.0,3.0,92.0,47.0,6.0,17.0,87.0,99.0,67.0,78.0,49.0
OFG,OFG Bancorp,Financials,2.12,0.94,73.0,62.0,51.0,62.0,61.0,34.0,18.0,68.0,91.0,96.0,87.0,14.0,87.0,28.0,72.0
PEB,Pebblebrook Hotel Trust,Real Estate,2.11,1.28,94.0,87.0,12.0,91.0,60.0,12.0,89.0,88.0,71.0,62.0,78.0,68.0,84.0,75.0,91.0
MD,Pediatrix Medical Group,Health Care,2.09,0.96,53.0,88.0,72.0,56.0,93.0,28.0,88.0,78.0,41.0,62.0,88.0,63.0,90.0,27.0,97.0
DV,DoubleVerify Holdings Inc.,Communication Services,2.09,1.27,63.0,46.0,26.0,66.0,95.0,20.0,95.0,64.0,39.0,98.0,81.0,91.0,86.0,50.0,83.0
KSS,Kohl's Corp.,Consumer Discretionary,2.09,1.75,99.0,58.0,52.0,87.0,13.0,11.0,94.0,62.0,18.0,7.0,70.0,82.0,19.0,88.0,66.0
SHO,"Sunstone Hotel Investors, Inc.",Real Estate,2.08,1.02,88.0,62.0,,85.0,73.0,18.0,73.0,58.0,90.0,95.0,83.0,,68.0,56.0,95.0
DBD,Diebold Nixdorf,Information Technology,2.08,1.18,60.0,61.0,72.0,48.0,49.0,72.0,,37.0,27.0,87.0,88.0,65.0,93.0,80.0,81.0
ALGT,Allegiant Travel Company,Industrials,2.07,1.78,64.0,62.0,15.0,83.0,3.0,23.0,96.0,49.0,32.0,45.0,86.0,86.0,1.0,91.0,42.0
MPT,Medical Properties Trust,Real Estate,2.07,0.94,99.0,16.0,6.0,79.0,17.0,76.0,96.0,23.0,31.0,8.0,74.0,45.0,49.0,24.0,21.0
ADUS,Addus HomeCare Corp.,Health Care,2.06,0.8,65.0,29.0,42.0,66.0,51.0,37.0,44.0,16.0,73.0,47.0,81.0,21.0,17.0,27.0,13.0
MCRI,"Monarch Casino & Resort, Inc.",Consumer Discretionary,2.06,0.96,36.0,53.0,60.0,68.0,98.0,41.0,27.0,78.0,80.0,79.0,88.0,83.0,63.0,17.0,91.0
VCEL,Vericel,Health Care,2.05,1.24,23.0,66.0,15.0,22.0,47.0,20.0,84.0,42.0,57.0,45.0,89.0,77.0,17.0,48.0,24.0
PRGO,Perrigo,Health Care,2.05,1.03,95.0,8.0,2.0,98.0,5.0,19.0,86.0,12.0,7.0,14.0,80.0,97.0,23.0,82.0,36.0
FCF,"First Commonwealth Financial, Corp.",Financials,2.05,0.84,80.0,65.0,33.0,56.0,54.0,29.0,36.0,85.0,96.0,71.0,85.0,16.0,77.0,20.0,54.0
WERN,Werner Enterprises,Industrials,2.04,1.17,74.0,85.0,11.0,35.0,17.0,85.0,86.0,83.0,40.0,33.0,78.0,69.0,34.0,83.0,40.0
MTX,Minerals Technologies,Materials,2.04,1.02,85.0,55.0,14.0,67.0,52.0,61.0,71.0,45.0,81.0,88.0,90.0,70.0,52.0,61.0,52.0
CC,Chemours,Materials,2.04,1.77,12.0,36.0,0.0,81.0,4.0,83.0,83.0,37.0,12.0,35.0,82.0,84.0,28.0,88.0,36.0
PTON,"Peloton Interactive, Inc.",Consumer Discretionary,2.03,1.71,,4.0,,84.0,23.0,57.0,100.0,16.0,15.0,21.0,71.0,98.0,,95.0,82.0
LCII,LCI Industries,Consumer Discretionary,2.03,1.23,74.0,48.0,64.0,57.0,69.0,92.0,73.0,68.0,52.0,79.0,73.0,56.0,66.0,38.0,71.0
TRN,"Trinity Industries, Inc.",Industrials,2.03,1.13,64.0,42.0,94.0,88.0,33.0,78.0,54.0,46.0,38.0,98.0,85.0,21.0,60.0,22.0,76.0
INSP,"Inspire Medical Systems, Inc.",Health Care,2.01,1.53,50.0,15.0,22.0,13.0,65.0,5.0,97.0,30.0,8.0,9.0,70.0,5.0,69.0,43.0,13.0
ECPG,"Encore Capital Group, Inc.",Financials,2.0,1.0,63.0,97.0,94.0,33.0,50.0,32.0,71.0,100.0,37.0,36.0,90.0,6.0,94.0,45.0,83.0
TILE,"Interface, Inc.",Industrials,1.99,1.1,42.0,72.0,76.0,71.0,72.0,68.0,20.0,74.0,48.0,54.0,92.0,55.0,55.0,60.0,87.0
WHR,Whirlpool Corporation,Consumer Discretionary,1.99,1.37,99.0,2.0,69.0,83.0,1.0,98.0,91.0,4.0,19.0,55.0,52.0,21.0,2.0,86.0,7.0
ASTH,"Astrana Health, Inc.",Health Care,1.98,1.39,51.0,71.0,33.0,3.0,16.0,55.0,96.0,60.0,16.0,16.0,96.0,50.0,50.0,77.0,19.0
TBBK,"The Bancorp, Inc.",Financials,1.98,1.57,46.0,16.0,83.0,49.0,37.0,99.0,6.0,14.0,16.0,45.0,79.0,17.0,97.0,49.0,61.0
ZD,Ziff Davis,Communication Services,1.98,1.6,86.0,79.0,36.0,87.0,91.0,14.0,96.0,79.0,60.0,46.0,85.0,88.0,99.0,68.0,97.0
UNIT,Uniti Group,Communication Services,1.97,1.26,21.0,89.0,96.0,1.0,14.0,90.0,94.0,87.0,34.0,46.0,92.0,2.0,,76.0,42.0
ATEN,"A10 Networks, Inc.",Information Technology,1.96,1.14,13.0,80.0,67.0,53.0,34.0,8.0,46.0,62.0,24.0,20.0,88.0,74.0,26.0,42.0,80.0
PENN,Penn Entertainment,Consumer Discretionary,1.96,1.63,88.0,16.0,2.0,92.0,31.0,82.0,98.0,35.0,38.0,30.0,69.0,86.0,94.0,89.0,73.0
SEDG,SolarEdge,Information Technology,1.96,1.99,29.0,17.0,1.0,95.0,2.0,26.0,100.0,40.0,1.0,11.0,65.0,98.0,10.0,82.0,32.0
NWN,NW Natural,Utilities,1.96,0.62,83.0,51.0,58.0,26.0,29.0,44.0,59.0,84.0,92.0,88.0,85.0,33.0,12.0,8.0,8.0
PGNY,"Progyny, Inc.",Health Care,1.95,1.24,31.0,59.0,62.0,89.0,100.0,27.0,95.0,53.0,46.0,24.0,79.0,98.0,96.0,4.0,98.0
CHCO,City Holding Company,Financials,1.95,0.7,52.0,58.0,55.0,66.0,63.0,32.0,23.0,79.0,97.0,92.0,83.0,12.0,75.0,27.0,66.0
PRDO,Perdoceo Education Corp.,Consumer Discretionary,1.94,0.84,63.0,21.0,63.0,69.0,97.0,54.0,4.0,50.0,28.0,57.0,84.0,63.0,77.0,9.0,76.0
WLY,John Wiley & Sons,Communication Services,1.94,1.05,55.0,75.0,82.0,87.0,74.0,67.0,76.0,93.0,43.0,51.0,86.0,24.0,,8.0,91.0
BXMT,"Blackstone Mortgage Trust, Inc.",Financials,1.93,1.0,98.0,13.0,15.0,82.0,25.0,87.0,70.0,5.0,60.0,87.0,71.0,20.0,64.0,39.0,22.0
SRPT,Sarepta Therapeutics,Health Care,1.92,1.19,81.0,48.0,2.0,93.0,1.0,85.0,99.0,47.0,8.0,5.0,76.0,95.0,6.0,94.0,45.0
FTRE,Fortrea,Health Care,1.9,1.4,37.0,97.0,0.0,97.0,2.0,6.0,,81.0,9.0,1.0,96.0,100.0,9.0,95.0,79.0
LMAT,LeMaitre Vascular,Health Care,1.89,1.12,29.0,26.0,56.0,24.0,51.0,13.0,33.0,27.0,12.0,70.0,84.0,49.0,21.0,26.0,15.0
VIR,"Vir Biotechnology, Inc.",Health Care,1.89,1.12,54.0,94.0,1.0,99.0,3.0,16.0,100.0,77.0,22.0,12.0,98.0,57.0,2.0,69.0,52.0
BLKB,Blackbaud,Information Technology,1.89,1.28,1.0,9.0,100.0,74.0,75.0,85.0,71.0,17.0,12.0,54.0,89.0,76.0,89.0,17.0,93.0
RSI,"Rush Street Interactive, Inc.",Consumer Discretionary,1.88,1.48,9.0,53.0,93.0,3.0,80.0,97.0,56.0,68.0,14.0,42.0,77.0,97.0,,85.0,72.0
RUN,Sunrun,Industrials,1.87,1.87,98.0,1.0,7.0,27.0,0.0,69.0,93.0,8.0,18.0,10.0,63.0,6.0,10.0,98.0,0.0
ALG,Alamo Group,Industrials,1.87,1.1,72.0,18.0,45.0,21.0,65.0,51.0,47.0,12.0,77.0,27.0,81.0,55.0,31.0,70.0,11.0
INVX,"Innovex International, Inc.",Energy,1.86,1.02,66.0,90.0,44.0,39.0,64.0,80.0,78.0,61.0,23.0,51.0,97.0,82.0,38.0,71.0,70.0
XNCR,Xencor Inc,Health Care,1.85,1.34,37.0,98.0,2.0,99.0,3.0,66.0,95.0,88.0,4.0,8.0,99.0,2.0,10.0,50.0,28.0
WU,Western Union,Financials,1.84,1.03,61.0,29.0,96.0,85.0,49.0,88.0,88.0,39.0,15.0,42.0,52.0,18.0,79.0,39.0,80.0
PLAB,"Photronics, Inc.",Information Technology,1.82,2.31,75.0,63.0,56.0,24.0,49.0,6.0,32.0,48.0,31.0,38.0,87.0,67.0,43.0,93.0,46.0
HMN,Horace Mann Educators Corporation,Financials,1.81,0.67,84.0,54.0,38.0,56.0,44.0,80.0,47.0,75.0,83.0,75.0,89.0,35.0,48.0,8.0,44.0
WKC,World Kinect Corporation,Energy,1.8,0.9,74.0,79.0,2.0,59.0,68.0,25.0,72.0,40.0,75.0,83.0,79.0,92.0,93.0,34.0,86.0
NTST,NETSTREIT Corp.,Real Estate,1.79,0.76,85.0,56.0,,14.0,22.0,81.0,72.0,83.0,78.0,89.0,72.0,,2.0,15.0,3.0
EPAC,Enerpac Tool Group,Industrials,1.78,1.08,33.0,23.0,81.0,83.0,90.0,54.0,26.0,16.0,50.0,39.0,88.0,32.0,85.0,74.0,78.0
NSP,Insperity,Industrials,1.78,1.29,3.0,54.0,4.0,63.0,4.0,79.0,89.0,63.0,26.0,61.0,89.0,1.0,18.0,10.0,6.0
VSTS,Vestis,Industrials,1.77,1.08,60.0,99.0,26.0,80.0,10.0,8.0,,99.0,37.0,16.0,95.0,48.0,35.0,83.0,61.0
OLN,Olin Corporation,Materials,1.77,1.59,90.0,8.0,10.0,88.0,17.0,76.0,88.0,14.0,16.0,49.0,70.0,79.0,49.0,77.0,38.0
XRAY,Dentsply Sirona,Health Care,1.76,1.25,79.0,21.0,2.0,97.0,11.0,96.0,98.0,11.0,16.0,18.0,71.0,95.0,43.0,67.0,54.0
WS,Worthington Steel,Materials,1.76,,70.0,52.0,10.0,21.0,20.0,14.0,,35.0,45.0,15.0,98.0,85.0,24.0,92.0,19.0
GTY,Getty Realty Corp.,Real Estate,1.75,0.72,72.0,69.0,40.0,30.0,35.0,79.0,59.0,96.0,86.0,97.0,83.0,31.0,5.0,4.0,12.0
NBHC,National Bank Holdings Corporation,Financials,1.75,0.89,89.0,43.0,22.0,12.0,10.0,45.0,55.0,37.0,91.0,83.0,84.0,17.0,2.0,44.0,2.0
SDGR,"Schrödinger, Inc.",Health Care,1.74,1.64,24.0,29.0,1.0,98.0,3.0,0.0,96.0,22.0,3.0,0.0,94.0,96.0,,92.0,68.0
GNL,"Global Net Lease, Inc.",Real Estate,1.74,0.81,88.0,65.0,25.0,100.0,70.0,73.0,76.0,83.0,76.0,100.0,81.0,,83.0,22.0,99.0
DCOM,"Dime Community Bancshares, Inc.",Financials,1.74,0.95,86.0,78.0,26.0,44.0,16.0,30.0,59.0,89.0,96.0,65.0,94.0,18.0,26.0,46.0,22.0
DXC,DXC Technology,Information Technology,1.73,1.53,98.0,14.0,83.0,84.0,55.0,40.0,93.0,21.0,16.0,12.0,83.0,86.0,97.0,67.0,75.0
STRA,"Strategic Education, Inc.",Consumer Discretionary,1.72,0.96,89.0,31.0,36.0,75.0,94.0,48.0,45.0,61.0,35.0,63.0,86.0,45.0,92.0,7.0,66.0
CCS,"Century Communities, Inc.",Consumer Discretionary,1.71,1.3,97.0,43.0,20.0,80.0,46.0,76.0,63.0,65.0,43.0,40.0,91.0,14.0,82.0,63.0,46.0
STBA,"S&T Bancorp, Inc.",Financials,1.71,0.81,85.0,75.0,32.0,64.0,63.0,29.0,34.0,96.0,94.0,91.0,92.0,12.0,94.0,22.0,71.0
HOPE,"Hope Bancorp, Inc.",Financials,1.7,0.93,96.0,74.0,14.0,35.0,22.0,37.0,68.0,86.0,92.0,65.0,90.0,18.0,46.0,42.0,19.0
AIN,Albany International Corp.,Industrials,1.69,1.31,55.0,41.0,6.0,61.0,39.0,7.0,81.0,38.0,20.0,6.0,90.0,90.0,78.0,67.0,65.0
ALHC,"Alignment Healthcare, Inc.",Health Care,1.69,1.0,15.0,10.0,25.0,7.0,9.0,100.0,66.0,26.0,2.0,10.0,67.0,89.0,9.0,23.0,4.0
CTS,CTS Corporation,Information Technology,1.68,1.23,43.0,82.0,50.0,69.0,86.0,11.0,49.0,58.0,62.0,57.0,95.0,60.0,76.0,82.0,91.0
SNDR,Schneider National,Industrials,1.68,1.2,98.0,89.0,19.0,80.0,68.0,59.0,66.0,91.0,55.0,53.0,82.0,89.0,,69.0,93.0
XHR,"Xenia Hotels & Resorts, Inc.",Real Estate,1.67,1.16,75.0,76.0,32.0,89.0,68.0,33.0,73.0,79.0,65.0,91.0,92.0,54.0,78.0,39.0,85.0
PRGS,Progress Software Corporation,Information Technology,1.65,1.32,40.0,43.0,80.0,85.0,65.0,85.0,66.0,44.0,28.0,6.0,87.0,74.0,81.0,39.0,93.0
LQDT,"Liquidity Services, Inc.",Industrials,1.63,1.01,17.0,85.0,54.0,28.0,54.0,14.0,56.0,88.0,39.0,33.0,99.0,86.0,15.0,39.0,61.0
CARG,CarGurus,Communication Services,1.62,1.29,19.0,26.0,97.0,99.0,95.0,83.0,55.0,44.0,38.0,43.0,76.0,99.0,,27.0,99.0
EVTC,"EVERTEC, Inc.",Financials,1.61,1.18,53.0,18.0,78.0,16.0,81.0,68.0,79.0,25.0,46.0,52.0,94.0,47.0,90.0,34.0,50.0
DEI,Douglas Emmett,Real Estate,1.6,1.1,94.0,12.0,11.0,85.0,26.0,89.0,86.0,3.0,68.0,81.0,81.0,52.0,40.0,47.0,24.0
JBLU,JetBlue,Industrials,1.59,1.64,93.0,22.0,3.0,85.0,0.0,64.0,96.0,28.0,23.0,25.0,59.0,40.0,11.0,89.0,10.0
WWW,"Wolverine World Wide, Inc.",Consumer Discretionary,1.57,1.41,36.0,8.0,85.0,86.0,18.0,35.0,70.0,22.0,19.0,13.0,92.0,36.0,21.0,89.0,38.0
OMCL,Omnicell,Health Care,1.55,1.13,83.0,54.0,10.0,92.0,37.0,35.0,99.0,40.0,23.0,70.0,88.0,71.0,63.0,88.0,75.0
BL,"BlackLine Systems, Inc.",Information Technology,1.55,1.59,27.0,5.0,29.0,98.0,55.0,96.0,92.0,7.0,13.0,10.0,82.0,87.0,87.0,21.0,83.0
HE,"Hawaiian Electric Industries, Inc.",Utilities,1.54,0.64,92.0,35.0,49.0,68.0,30.0,96.0,97.0,39.0,74.0,89.0,76.0,40.0,40.0,25.0,30.0
INVA,"Innoviva, Inc.",Health Care,1.54,0.64,86.0,44.0,41.0,6.0,63.0,16.0,57.0,39.0,80.0,67.0,85.0,,3.0,5.0,1.0
SBH,"Sally Beauty Holdings, Inc.",Consumer Discretionary,1.54,1.17,65.0,33.0,87.0,49.0,71.0,21.0,66.0,52.0,50.0,19.0,87.0,37.0,86.0,44.0,71.0
AZTA,"Azenta, Inc.",Health Care,1.53,1.76,91.0,54.0,8.0,91.0,40.0,8.0,98.0,40.0,22.0,35.0,92.0,74.0,83.0,89.0,82.0
CNXC,Concentrix,Industrials,1.52,1.5,98.0,6.0,2.0,98.0,27.0,93.0,97.0,22.0,4.0,3.0,84.0,97.0,76.0,80.0,66.0
SAFT,"Safety Insurance Group, Inc.",Financials,1.52,0.73,67.0,86.0,40.0,45.0,50.0,20.0,62.0,89.0,2.0,99.0,94.0,51.0,60.0,3.0,74.0
EFC,"Ellington Financial, Inc.",Financials,1.51,0.87,95.0,53.0,27.0,15.0,11.0,76.0,56.0,63.0,99.0,92.0,73.0,2.0,1.0,25.0,2.0
STC,Stewart Information Services Corporation,Financials,1.51,1.12,93.0,27.0,25.0,17.0,22.0,99.0,45.0,29.0,32.0,69.0,90.0,37.0,6.0,4.0,3.0
AESI,"Atlas Energy Solutions, Inc.",Energy,1.5,1.32,81.0,47.0,9.0,75.0,10.0,65.0,,31.0,7.0,1.0,87.0,77.0,20.0,87.0,35.0
CASH,"Pathward Financial, Inc.",Financials,1.48,1.07,68.0,44.0,68.0,68.0,75.0,83.0,39.0,46.0,77.0,80.0,84.0,49.0,95.0,30.0,90.0
KMPR,Kemper Corporation,Financials,1.47,1.04,98.0,3.0,19.0,78.0,48.0,78.0,75.0,3.0,32.0,66.0,80.0,47.0,92.0,13.0,45.0
PRKS,United Parks & Resorts,Consumer Discretionary,1.47,1.61,,9.0,,70.0,75.0,95.0,68.0,22.0,46.0,17.0,82.0,81.0,99.0,82.0,86.0
ENR,Energizer,Consumer Staples,1.46,1.05,14.0,24.0,98.0,54.0,20.0,28.0,79.0,29.0,50.0,22.0,87.0,6.0,32.0,61.0,29.0
CRSR,Corsair Gaming,Information Technology,1.46,2.57,56.0,79.0,10.0,89.0,2.0,4.0,97.0,57.0,2.0,7.0,99.0,39.0,11.0,98.0,41.0
ANIP,"ANI Pharmaceuticals, Inc.",Health Care,1.45,0.79,50.0,12.0,63.0,32.0,90.0,25.0,7.0,3.0,56.0,40.0,78.0,78.0,,21.0,35.0
IIPR,"Innovative Industrial Properties, Inc.",Real Estate,1.45,1.09,95.0,59.0,22.0,68.0,78.0,40.0,97.0,59.0,81.0,95.0,87.0,44.0,62.0,38.0,57.0
REX,REX American Resources Corporation,Energy,1.44,0.88,55.0,73.0,46.0,19.0,83.0,9.0,14.0,38.0,61.0,56.0,98.0,55.0,31.0,31.0,41.0
LKFN,Lakeland Financial,Financials,1.43,0.77,63.0,25.0,47.0,58.0,49.0,30.0,59.0,13.0,87.0,81.0,94.0,14.0,71.0,23.0,36.0
GT,Goodyear Tire and Rubber Company,Consumer Discretionary,1.43,1.43,99.0,15.0,1.0,98.0,5.0,96.0,91.0,33.0,20.0,4.0,68.0,92.0,25.0,50.0,37.0
TFIN,"Triumph Bancorp, Inc.",Financials,1.43,1.45,74.0,78.0,14.0,33.0,6.0,91.0,86.0,73.0,66.0,95.0,93.0,19.0,25.0,69.0,13.0
JJSF,J&J Snack Foods Corp.,Consumer Staples,1.42,0.6,71.0,26.0,32.0,84.0,97.0,82.0,83.0,40.0,50.0,98.0,83.0,78.0,82.0,16.0,79.0
SCL,Stepan Company,Materials,1.42,1.16,85.0,75.0,23.0,84.0,28.0,21.0,91.0,71.0,39.0,30.0,96.0,55.0,28.0,45.0,58.0
MBC,"MasterBrand, Inc.",Industrials,1.42,1.31,88.0,4.0,31.0,49.0,4.0,89.0,,5.0,22.0,13.0,92.0,65.0,1.0,80.0,5.0
DMC,Del Monte Corporation,Consumer Staples,1.41,0.6,97.0,26.0,24.0,38.0,77.0,47.0,49.0,32.0,72.0,71.0,93.0,57.0,63.0,10.0,25.0
CERT,"Certara, Inc.",Health Care,1.4,1.47,78.0,7.0,13.0,88.0,57.0,5.0,96.0,13.0,18.0,15.0,92.0,72.0,85.0,72.0,58.0
HCSG,"Healthcare Services Group, Inc.",Industrials,1.39,0.96,48.0,73.0,39.0,80.0,98.0,57.0,81.0,67.0,64.0,94.0,92.0,88.0,89.0,71.0,98.0
AMN,"Amn Healthcare Services, Inc.",Health Care,1.39,1.05,62.0,93.0,5.0,36.0,10.0,11.0,99.0,80.0,12.0,59.0,93.0,93.0,20.0,81.0,46.0
CNMD,CONMED Corporation,Health Care,1.38,1.34,79.0,44.0,34.0,71.0,42.0,58.0,95.0,28.0,17.0,44.0,90.0,65.0,75.0,70.0,67.0
TMP,Tompkins Financial Corporation,Financials,1.38,0.91,75.0,85.0,57.0,46.0,22.0,25.0,64.0,97.0,72.0,74.0,99.0,7.0,47.0,32.0,52.0
EZPW,"EZCORP, Inc.",Financials,1.38,0.93,83.0,90.0,46.0,20.0,22.0,62.0,10.0,92.0,16.0,53.0,87.0,27.0,,49.0,34.0
ROCK,"Gibraltar Industries, Inc.",Industrials,1.37,1.62,73.0,8.0,48.0,2.0,7.0,81.0,68.0,12.0,16.0,38.0,95.0,79.0,29.0,96.0,4.0
PRSU,"Pursuit Attractions & Hospitality, Inc.",Consumer Discretionary,1.36,1.12,50.0,72.0,17.0,16.0,59.0,12.0,76.0,85.0,66.0,58.0,96.0,,77.0,51.0,39.0
EFOR,Everforth Inc.,Information Technology,1.35,1.8,96.0,7.0,44.0,35.0,54.0,18.0,92.0,30.0,8.0,6.0,90.0,65.0,90.0,48.0,34.0
UFCS,"United Fire Group, Inc.",Financials,1.35,0.71,76.0,92.0,42.0,29.0,42.0,28.0,40.0,99.0,74.0,70.0,99.0,50.0,23.0,7.0,49.0
MLKN,"MillerKnoll, Inc.",Industrials,1.34,1.43,91.0,72.0,50.0,70.0,15.0,84.0,90.0,63.0,53.0,67.0,95.0,36.0,27.0,75.0,41.0
WABC,Westamerica Bank,Financials,1.34,0.75,73.0,61.0,45.0,82.0,71.0,20.0,63.0,77.0,89.0,89.0,91.0,13.0,96.0,21.0,82.0
ARLO,Arlo Technologies,Information Technology,1.33,1.34,14.0,10.0,16.0,15.0,26.0,49.0,9.0,9.0,29.0,28.0,94.0,96.0,12.0,86.0,13.0
AAT,American Assets Trust,Real Estate,1.31,0.89,86.0,55.0,44.0,84.0,40.0,39.0,84.0,63.0,94.0,88.0,93.0,,31.0,31.0,70.0
ADNT,Adient,Consumer Discretionary,1.3,1.67,96.0,11.0,4.0,50.0,24.0,78.0,84.0,25.0,21.0,17.0,91.0,80.0,85.0,86.0,37.0
SLVM,Sylvamo Corp.,Materials,1.3,0.95,80.0,18.0,75.0,62.0,54.0,67.0,,17.0,40.0,37.0,93.0,61.0,60.0,39.0,56.0
EYE,National Vision Holdings,Consumer Discretionary,1.29,1.21,76.0,4.0,22.0,74.0,23.0,40.0,90.0,8.0,24.0,36.0,80.0,68.0,44.0,76.0,26.0
USPH,"U.S. Physical Therapy, Inc.",Health Care,1.28,1.0,47.0,27.0,61.0,50.0,68.0,5.0,78.0,19.0,67.0,69.0,90.0,38.0,64.0,53.0,30.0
NSSC,Napco Security Technologies,Information Technology,1.27,1.09,17.0,18.0,76.0,20.0,79.0,26.0,20.0,9.0,64.0,34.0,91.0,58.0,32.0,64.0,27.0
IART,Integra Lifesciences Holdings,Health Care,1.27,1.41,84.0,65.0,1.0,96.0,9.0,38.0,99.0,41.0,19.0,57.0,98.0,95.0,45.0,95.0,78.0
RES,"RPC, Inc.",Energy,1.25,1.04,87.0,78.0,17.0,32.0,61.0,86.0,47.0,48.0,40.0,70.0,97.0,89.0,29.0,57.0,47.0
GBX,"The Greenbrier Companies, Inc.",Industrials,1.24,0.96,95.0,34.0,71.0,76.0,39.0,78.0,53.0,31.0,52.0,61.0,84.0,23.0,37.0,38.0,35.0
RYN,Rayonier,Real Estate,1.24,0.97,25.0,17.0,12.0,99.0,20.0,69.0,72.0,13.0,76.0,89.0,59.0,99.0,21.0,22.0,41.0
DCH,Dauch Corporation,Consumer Discretionary,1.24,1.88,94.0,38.0,26.0,1.0,0.0,92.0,81.0,51.0,15.0,6.0,93.0,50.0,0.0,97.0,2.0
EPC,Edgewell Personal Care,Consumer Staples,1.24,0.96,94.0,83.0,23.0,91.0,35.0,48.0,86.0,84.0,49.0,46.0,93.0,35.0,52.0,5.0,67.0
PRG,"PROG Holdings, Inc.",Financials,1.23,1.29,72.0,57.0,77.0,7.0,47.0,95.0,78.0,55.0,52.0,50.0,93.0,85.0,24.0,80.0,47.0
XPEL,"XPEL, Inc.",Consumer Discretionary,1.22,1.13,33.0,85.0,68.0,9.0,73.0,74.0,93.0,91.0,28.0,54.0,96.0,52.0,46.0,44.0,58.0
ARR,Armour Residential REIT,Real Estate,1.22,0.95,99.0,69.0,47.0,7.0,23.0,85.0,89.0,78.0,98.0,89.0,50.0,8.0,,45.0,15.0
WEN,The Wendy's Company,Consumer Discretionary,1.22,1.31,10.0,27.0,99.0,76.0,30.0,98.0,90.0,61.0,8.0,62.0,67.0,48.0,47.0,60.0,76.0
BJRI,"BJ's Restaurants, Inc.",Consumer Discretionary,1.21,1.31,41.0,96.0,42.0,83.0,66.0,72.0,79.0,100.0,24.0,59.0,91.0,70.0,83.0,43.0,98.0
SAH,"Sonic Automotive, Inc.",Consumer Discretionary,1.21,1.16,83.0,40.0,86.0,55.0,21.0,98.0,39.0,61.0,11.0,33.0,91.0,77.0,,65.0,69.0
VTOL,Bristow Group Inc.,Energy,1.21,1.07,87.0,66.0,51.0,30.0,39.0,74.0,54.0,22.0,62.0,78.0,96.0,38.0,12.0,35.0,22.0
LZB,"La-Z-Boy, Inc.",Consumer Discretionary,1.2,1.26,87.0,24.0,42.0,45.0,68.0,48.0,60.0,49.0,27.0,46.0,87.0,63.0,66.0,27.0,43.0
SCSC,"ScanSource, Inc.",Information Technology,1.18,1.26,80.0,69.0,32.0,53.0,60.0,13.0,50.0,43.0,40.0,23.0,96.0,31.0,96.0,76.0,70.0
FLO,Flowers Foods,Consumer Staples,1.18,0.66,93.0,4.0,46.0,86.0,42.0,94.0,85.0,2.0,40.0,68.0,67.0,83.0,30.0,20.0,38.0
CBRL,Cracker Barrel,Consumer Discretionary,1.18,1.3,50.0,67.0,40.0,84.0,28.0,43.0,94.0,77.0,16.0,4.0,81.0,81.0,31.0,14.0,81.0
DFIN,"Donnelley Financial Solutions, Inc.",Financials,1.17,1.38,42.0,25.0,86.0,81.0,90.0,29.0,39.0,34.0,38.0,37.0,95.0,95.0,96.0,74.0,90.0
WD,"Walker & Dunlop, Inc.",Financials,1.17,1.49,97.0,2.0,15.0,8.0,8.0,85.0,75.0,1.0,28.0,31.0,91.0,1.0,46.0,66.0,1.0
GIII,"G-III Apparel Group, Ltd.",Consumer Discretionary,1.16,1.0,97.0,64.0,20.0,42.0,37.0,92.0,71.0,85.0,47.0,77.0,91.0,90.0,17.0,72.0,34.0
HZO,"MarineMax, Inc.",Consumer Discretionary,1.16,1.62,83.0,95.0,16.0,94.0,1.0,21.0,89.0,91.0,1.0,99.0,98.0,55.0,12.0,98.0,59.0
CRI,"Carter's, Inc.",Consumer Discretionary,1.15,1.34,83.0,54.0,52.0,44.0,15.0,31.0,95.0,67.0,46.0,40.0,79.0,22.0,25.0,65.0,18.0
HLIT,Harmonic Inc.,Information Technology,1.15,1.38,41.0,59.0,16.0,94.0,49.0,80.0,59.0,38.0,22.0,45.0,95.0,94.0,79.0,87.0,91.0
TNC,Tennant Company,Industrials,1.15,1.22,58.0,19.0,44.0,38.0,55.0,36.0,56.0,23.0,34.0,68.0,93.0,25.0,94.0,43.0,28.0
GSHD,"Goosehead Insurance, Inc.",Financials,1.14,1.46,,24.0,,89.0,65.0,100.0,90.0,51.0,4.0,23.0,93.0,95.0,,0.0,93.0
LNN,Lindsay Corporation,Materials,1.14,0.97,55.0,15.0,58.0,84.0,99.0,31.0,67.0,8.0,72.0,25.0,85.0,76.0,90.0,34.0,87.0
TNDM,Tandem Diabetes Care,Health Care,1.13,1.54,13.0,93.0,0.0,12.0,1.0,99.0,100.0,79.0,6.0,7.0,87.0,95.0,12.0,83.0,28.0
STAA,STAAR Surgical Company,Health Care,1.13,1.44,41.0,16.0,3.0,81.0,20.0,22.0,99.0,27.0,13.0,8.0,91.0,87.0,19.0,9.0,25.0
HFWA,Heritage Financial Corporation,Financials,1.13,0.85,90.0,60.0,21.0,17.0,10.0,35.0,54.0,65.0,93.0,67.0,97.0,17.0,2.0,30.0,4.0
FMC,FMC Corporation,Materials,1.12,1.41,97.0,0.0,1.0,99.0,2.0,98.0,93.0,4.0,7.0,2.0,77.0,,34.0,97.0,12.0
GO,Grocery Outlet,Consumer Staples,1.11,0.75,78.0,9.0,3.0,94.0,15.0,50.0,82.0,24.0,33.0,38.0,86.0,94.0,21.0,17.0,32.0
GTM,ZoomInfo,Communication Services,1.11,2.01,96.0,0.0,52.0,78.0,44.0,75.0,99.0,3.0,6.0,3.0,84.0,65.0,95.0,28.0,65.0
AORT,Artivion,Health Care,1.11,1.27,52.0,5.0,26.0,27.0,18.0,89.0,27.0,6.0,31.0,74.0,92.0,45.0,11.0,45.0,2.0
AMPH,"Amphstar Pharmaceuticals, Inc.",Health Care,1.1,0.92,76.0,15.0,59.0,70.0,85.0,3.0,40.0,18.0,37.0,19.0,97.0,46.0,95.0,37.0,69.0
DEA,"Easterly Government Properties, Inc.",Real Estate,1.1,0.75,94.0,55.0,11.0,46.0,36.0,47.0,87.0,68.0,92.0,89.0,89.0,76.0,10.0,41.0,23.0
FUN,Six Flags,Consumer Discretionary,1.1,1.58,35.0,6.0,0.0,98.0,3.0,99.0,89.0,25.0,9.0,5.0,85.0,99.0,20.0,91.0,33.0
LGIH,LGI Homes,Consumer Discretionary,1.08,1.58,99.0,42.0,16.0,60.0,5.0,92.0,95.0,60.0,25.0,25.0,94.0,2.0,23.0,89.0,7.0
WINA,Winmark,Consumer Discretionary,1.08,1.01,,6.0,,88.0,37.0,72.0,9.0,14.0,43.0,58.0,86.0,84.0,19.0,68.0,48.0
MMI,"Marcus & Millichap, Inc.",Real Estate,1.08,1.08,64.0,43.0,8.0,91.0,79.0,70.0,77.0,38.0,72.0,46.0,98.0,84.0,73.0,44.0,78.0
NPK,"National Presto Industries, Inc.",Industrials,1.06,1.01,49.0,78.0,34.0,60.0,43.0,30.0,34.0,79.0,55.0,29.0,95.0,1.0,45.0,23.0,32.0
MRTN,"Marten Transport, Ltd.",Industrials,1.06,0.99,78.0,77.0,15.0,87.0,61.0,73.0,81.0,79.0,73.0,84.0,95.0,80.0,37.0,54.0,77.0
DLX,Deluxe Corporation,Industrials,1.05,1.19,73.0,66.0,83.0,79.0,39.0,24.0,82.0,65.0,56.0,30.0,96.0,77.0,15.0,51.0,72.0
ENOV,Enovis,Health Care,1.05,1.79,97.0,13.0,1.0,99.0,6.0,99.0,94.0,15.0,2.0,7.0,91.0,100.0,22.0,83.0,39.0
CFFN,Capitol Federal Savings Bank,Financials,1.04,0.8,90.0,80.0,23.0,71.0,44.0,41.0,80.0,96.0,97.0,86.0,97.0,11.0,85.0,32.0,67.0
UVV,Universal Corporation,Consumer Staples,1.04,0.64,96.0,19.0,40.0,93.0,37.0,64.0,39.0,20.0,76.0,91.0,86.0,59.0,22.0,5.0,24.0
UTI,Universal Technical Institute,Consumer Discretionary,1.03,1.28,43.0,5.0,74.0,17.0,25.0,79.0,2.0,33.0,2.0,46.0,88.0,53.0,19.0,47.0,12.0
THRM,Gentherm Incorporated,Consumer Discretionary,1.02,1.29,76.0,51.0,40.0,44.0,19.0,89.0,92.0,64.0,7.0,34.0,97.0,,26.0,50.0,23.0
UPWK,"Upwork, Inc.",Industrials,1.02,1.61,67.0,1.0,70.0,75.0,84.0,71.0,94.0,7.0,19.0,38.0,83.0,88.0,88.0,32.0,88.0
TRUP,Trupanion,Financials,1.02,1.34,49.0,6.0,16.0,32.0,27.0,96.0,89.0,11.0,11.0,20.0,96.0,79.0,16.0,34.0,9.0
YELP,"Yelp, Inc.",Communication Services,1.02,1.29,71.0,8.0,79.0,61.0,100.0,93.0,74.0,19.0,24.0,34.0,83.0,98.0,98.0,21.0,92.0
PCRX,"Pacira BioSciences, Inc.",Health Care,1.0,0.69,73.0,36.0,14.0,99.0,91.0,35.0,92.0,31.0,43.0,36.0,93.0,90.0,97.0,29.0,90.0
MSEX,Middlesex Water Company,Utilities,1.0,0.7,61.0,48.0,37.0,37.0,27.0,66.0,88.0,72.0,85.0,90.0,96.0,57.0,9.0,7.0,11.0
TRIP,TripAdvisor,Communication Services,0.98,1.58,72.0,3.0,44.0,80.0,11.0,81.0,90.0,6.0,7.0,14.0,80.0,78.0,21.0,74.0,27.0
CRK,"Comstock Resources, Inc.",Energy,0.98,1.19,100.0,8.0,72.0,33.0,84.0,88.0,12.0,7.0,17.0,3.0,80.0,75.0,,26.0,32.0
VYX,NCR Voyix,Information Technology,0.94,1.77,90.0,5.0,14.0,94.0,5.0,94.0,88.0,5.0,9.0,6.0,94.0,2.0,45.0,72.0,15.0
LZ,"LegalZoom.com, Inc.",Industrials,0.94,1.53,20.0,3.0,57.0,93.0,74.0,73.0,95.0,14.0,3.0,13.0,94.0,100.0,91.0,32.0,89.0
UTL,Unitil Corporation,Utilities,0.93,0.58,75.0,56.0,54.0,23.0,34.0,46.0,55.0,87.0,96.0,89.0,95.0,49.0,4.0,17.0,12.0
CPF,Central Pacific Financial Corp.,Financials,0.93,0.9,72.0,67.0,45.0,71.0,55.0,37.0,38.0,83.0,96.0,81.0,98.0,16.0,82.0,23.0,75.0
ASTE,"Astec Industries, Inc.",Industrials,0.93,1.23,78.0,21.0,33.0,8.0,11.0,47.0,70.0,17.0,35.0,28.0,97.0,25.0,28.0,79.0,2.0
UPBD,"Upbound Group, Inc.",Consumer Discretionary,0.92,1.3,81.0,13.0,81.0,61.0,18.0,87.0,91.0,20.0,41.0,75.0,93.0,78.0,25.0,77.0,32.0
HAFC,Hanmi Financial Corporation,Financials,0.92,1.01,86.0,70.0,32.0,70.0,37.0,23.0,32.0,78.0,91.0,66.0,97.0,25.0,64.0,19.0,62.0
TRST,TrustCo Bank Corp NY,Financials,0.92,0.82,78.0,88.0,31.0,62.0,59.0,37.0,41.0,100.0,90.0,77.0,98.0,12.0,96.0,28.0,77.0
CSR,Centerspace Trust,Real Estate,0.91,0.93,80.0,26.0,31.0,77.0,43.0,10.0,82.0,31.0,66.0,5.0,93.0,55.0,36.0,26.0,28.0
HTLD,"Heartland Express, Inc.",Industrials,0.9,1.11,85.0,83.0,5.0,96.0,38.0,50.0,88.0,80.0,44.0,73.0,99.0,90.0,47.0,69.0,86.0
SBSI,"Southside Bancshares, Inc.",Financials,0.9,0.78,89.0,56.0,28.0,49.0,28.0,43.0,69.0,61.0,91.0,76.0,99.0,16.0,54.0,28.0,26.0
VRTS,"Virtus Investment Partners, Inc.",Financials,0.88,1.46,92.0,23.0,60.0,13.0,25.0,96.0,81.0,19.0,54.0,35.0,92.0,3.0,65.0,78.0,12.0
OI,"O-I Glass, Inc.",Materials,0.87,1.48,97.0,3.0,5.0,63.0,12.0,98.0,69.0,3.0,10.0,86.0,88.0,81.0,46.0,70.0,21.0
HSTM,"HealthStream, Inc.",Health Care,0.87,0.89,52.0,34.0,20.0,73.0,87.0,16.0,65.0,23.0,57.0,74.0,99.0,82.0,68.0,15.0,69.0
EIG,"Employers Holdings, Inc.",Financials,0.86,0.67,91.0,61.0,11.0,87.0,74.0,32.0,50.0,80.0,92.0,96.0,91.0,21.0,100.0,2.0,70.0
SABR,Sabre,Consumer Discretionary,0.86,1.99,,57.0,,93.0,25.0,30.0,99.0,66.0,10.0,3.0,100.0,,14.0,86.0,63.0
KOP,"Koppers Holdings, Inc.",Materials,0.86,1.14,72.0,90.0,80.0,78.0,52.0,24.0,68.0,90.0,56.0,76.0,99.0,47.0,81.0,68.0,91.0
NX,Quanex Building Products Corporation,Industrials,0.86,1.47,85.0,79.0,3.0,97.0,14.0,27.0,83.0,68.0,9.0,0.0,99.0,97.0,44.0,96.0,85.0
NAVI,Navient,Financials,0.85,1.41,100.0,10.0,7.0,91.0,22.0,34.0,82.0,13.0,31.0,35.0,96.0,21.0,87.0,36.0,31.0
QNST,"QuinStreet, Inc.",Communication Services,0.85,1.16,47.0,65.0,12.0,4.0,32.0,98.0,74.0,72.0,1.0,33.0,97.0,89.0,57.0,53.0,37.0
EGBN,Eagle Bancorp Inc,Financials,0.85,0.93,96.0,75.0,4.0,96.0,12.0,17.0,91.0,76.0,77.0,44.0,97.0,25.0,30.0,45.0,37.0
SAFE,"Safehold, Inc.",Real Estate,0.84,0.99,100.0,36.0,17.0,44.0,24.0,97.0,100.0,32.0,57.0,78.0,99.0,8.0,54.0,41.0,11.0
SMPL,Simply Good Foods Company,Consumer Staples,0.84,0.97,98.0,1.0,38.0,98.0,87.0,93.0,83.0,2.0,15.0,38.0,83.0,48.0,98.0,47.0,66.0
SMP,"Standard Motor Products, Inc.",Consumer Discretionary,0.83,0.89,85.0,29.0,63.0,44.0,14.0,27.0,63.0,50.0,54.0,16.0,99.0,19.0,16.0,45.0,5.0
AOSL,"Alpha and Omega Semiconductor, Ltd.",Information Technology,0.83,2.7,90.0,20.0,7.0,96.0,7.0,4.0,67.0,27.0,3.0,7.0,99.0,92.0,23.0,99.0,40.0
WRLD,World Acceptance Corporation,Financials,0.8,1.41,56.0,43.0,33.0,54.0,81.0,57.0,73.0,49.0,27.0,16.0,95.0,98.0,99.0,67.0,90.0
MTUS,Metallus Inc,Materials,0.79,1.25,86.0,58.0,9.0,59.0,26.0,32.0,49.0,48.0,43.0,32.0,100.0,24.0,54.0,77.0,25.0
NABL,"N-able, Inc.",Information Technology,0.77,1.52,91.0,1.0,17.0,60.0,18.0,13.0,87.0,10.0,0.0,6.0,100.0,80.0,32.0,3.0,16.0
AHCO,AdaptHealth Corp.,Health Care,0.77,1.19,99.0,5.0,21.0,78.0,22.0,19.0,94.0,15.0,1.0,4.0,95.0,94.0,23.0,20.0,25.0
FOXF,Fox Factory,Consumer Discretionary,0.77,1.52,85.0,14.0,1.0,98.0,9.0,74.0,99.0,32.0,21.0,38.0,98.0,100.0,28.0,87.0,42.0
BFS,"Saul Centers, Inc.",Real Estate,0.75,0.82,52.0,48.0,94.0,71.0,36.0,61.0,72.0,66.0,97.0,99.0,100.0,38.0,18.0,18.0,37.0
WGO,"Winnebago Industries, Inc.",Consumer Discretionary,0.75,1.42,98.0,23.0,18.0,89.0,25.0,78.0,88.0,45.0,40.0,35.0,90.0,63.0,22.0,84.0,29.0
APOG,"Apogee Enterprises, Inc.",Industrials,0.74,1.25,75.0,23.0,55.0,89.0,69.0,70.0,50.0,23.0,50.0,24.0,97.0,70.0,68.0,51.0,76.0
ABR,Arbor Realty Trust,Financials,0.73,1.24,100.0,1.0,21.0,32.0,16.0,98.0,64.0,1.0,41.0,29.0,84.0,,63.0,55.0,10.0
PAHC,Phibro Animal Health,Health Care,0.73,1.09,61.0,29.0,80.0,33.0,21.0,45.0,19.0,27.0,46.0,27.0,97.0,31.0,,31.0,17.0
QDEL,QuidelOrtho,Health Care,0.72,1.56,99.0,2.0,1.0,97.0,3.0,99.0,99.0,11.0,3.0,43.0,94.0,98.0,22.0,98.0,31.0
COLL,"Collegium Pharmaceutical, Inc.",Health Care,0.71,0.86,55.0,8.0,93.0,71.0,31.0,78.0,29.0,8.0,15.0,83.0,90.0,95.0,12.0,1.0,57.0
ADAM,"Adamas Trust, Inc.",Real Estate,0.7,1.16,99.0,87.0,32.0,11.0,17.0,93.0,84.0,92.0,81.0,75.0,98.0,11.0,48.0,59.0,23.0
PMT,PennyMac Mortgage Investment Trust,Real Estate,0.69,1.04,99.0,19.0,17.0,5.0,13.0,89.0,65.0,19.0,74.0,53.0,88.0,0.0,35.0,38.0,1.0
PZZA,Papa John's Pizza,Consumer Discretionary,0.65,1.36,,2.0,,92.0,34.0,91.0,93.0,11.0,18.0,14.0,78.0,89.0,33.0,13.0,62.0
TR,"Tootsie Roll Industries, Inc.",Consumer Staples,0.64,0.6,97.0,36.0,36.0,35.0,96.0,64.0,34.0,49.0,78.0,91.0,97.0,33.0,,11.0,18.0
SCHL,Scholastic Corporation,Consumer Discretionary,0.63,0.81,94.0,83.0,12.0,96.0,70.0,65.0,73.0,95.0,35.0,36.0,94.0,10.0,100.0,28.0,85.0
SHEN,Shenandoah Telecommunications Co,Communication Services,0.62,0.86,97.0,25.0,7.0,42.0,15.0,69.0,91.0,46.0,24.0,22.0,100.0,74.0,22.0,29.0,13.0
AGNT,"eXp World Holdings, Inc.",Real Estate,0.61,1.53,53.0,0.0,5.0,41.0,15.0,77.0,98.0,0.0,12.0,9.0,100.0,99.0,7.0,49.0,8.0
JBSS,"John B. Sanfilippo & Son, Inc.",Consumer Staples,0.6,0.63,73.0,64.0,68.0,31.0,80.0,71.0,72.0,74.0,58.0,79.0,97.0,3.0,,14.0,23.0
CXM,"Sprinklr, Inc.",Information Technology,0.6,1.29,83.0,38.0,28.0,95.0,60.0,100.0,93.0,30.0,13.0,16.0,91.0,91.0,,25.0,82.0
MATW,Matthews International Corporation,Consumer Discretionary,0.6,1.04,83.0,22.0,53.0,98.0,7.0,60.0,77.0,35.0,33.0,51.0,98.0,13.0,18.0,43.0,9.0
JBGS,JBG Smith,Real Estate,0.6,1.09,99.0,4.0,4.0,93.0,38.0,92.0,74.0,1.0,23.0,90.0,96.0,62.0,82.0,36.0,45.0
NXRT,"NexPoint Residential Trust, Inc.",Real Estate,0.5,1.02,66.0,12.0,35.0,78.0,16.0,90.0,86.0,4.0,57.0,50.0,98.0,70.0,24.0,53.0,17.0
FBRT,"Franklin BSP Realty Trust, Inc.",Real Estate,0.48,1.01,100.0,15.0,21.0,28.0,53.0,97.0,,9.0,61.0,47.0,95.0,43.0,96.0,52.0,27.0
VRRM,Verra Mobility Corporation,Industrials,0.47,1.61,68.0,0.0,96.0,72.0,78.0,99.0,32.0,5.0,6.0,70.0,84.0,76.0,84.0,0.0,87.0
AMSF,"Amerisafe, Inc.",Financials,0.44,0.69,67.0,5.0,61.0,86.0,58.0,61.0,58.0,2.0,54.0,73.0,96.0,5.0,71.0,3.0,43.0
CCOI,"Cogent Communications Holdings, Inc.",Communication Services,0.4,1.49,,0.0,,83.0,1.0,94.0,83.0,6.0,2.0,1.0,96.0,67.0,10.0,99.0,22.0
SR,Spire,Utilities,0.4,0.64,31.0,37.0,0.0,96.0,89.0,51.0,35.0,52.0,88.0,90.0,59.0,0.0,,10.0,71.0
MIR,"Mirion Technologies, Inc.",Information Technology,0.26,1.69,100.0,6.0,14.0,9.0,12.0,52.0,15.0,2.0,25.0,7.0,66.0,42.0,42.0,92.0,3.0
DFH,"Dream Finders Homes, Inc.",Consumer Discretionary,0.2,1.43,100.0,2.0,52.0,23.0,5.0,98.0,40.0,8.0,7.0,8.0,99.0,1.0,,72.0,3.0
